tree
version=v4
num_class=1
num_tree_per_iteration=1
label_index=0
max_feature_idx=34
objective=binary sigmoid:1
feature_names=ofi_trade ofi_trade_ema ofi_book depth_imbalance depth_persist cancel_rate iceberg_score spread_bps dex_intent gas_urgency_z hawkes_liq_long hawkes_liq_short hawkes_liq_imb funding_z basis_bps oi_chg oi_price_div stable_netflow_z stable_mint_burn leadlag_cb leadlag_kr leadlag_okx venue_premium_z leadlag_corr xv_kalman_z btc_fee_z ret_1 ret_3 ret_12 rv_ratio volume_z hour_sin hour_cos funding_proximity event_proximity
feature_infos=[-0.92516885985750108:0.97174583018887728] [-0.56047962791581629:0.624764482790378] none none none none none none none none none none none [-8:2.3044921114595711] [-7.3571479071476986:-2.1214532575675182] [-0.046680125690222951:0.021932972796395944] [-0.046680125690222951:0.01230607459127242] none none [-3.9441714164922814:3.026297778010445] [-2.3426194016806789:2.7079008113695124] [-3.2232737996018557:2.9065320225640789] [-4.2045196342955125:2.9572078912456852] [-0.37634158824121483:0.60178967562555008] [-0.0026618990133876687:0.99610539069686799] none [-119.65318228320143:117.55325654227988] [-227.11583713421746:202.05516170838322] [-254.32608714499594:361.78895899016794] [0.15439246624031228:2.5122753190056621] [-3.2619890996948389:6.0755014194251729] [-1:1] [-1:1] [0.00036461568873027322:1] none
tree_sizes=1729 1767 1771 1763 1768 1777 1770 1776 1769 1769 1770 1774 1767 1777 1774 1765 1774 1764 1767 1763 1769 1765 1772 1769 1766 1766 1773 1770 1780 1773 1766 1766 1774 1765 1772 1758 1778 1763 1762 1768 1767 1772 1775 1758 1774 1778 1772 1770 1775 1769 1762 1776 1785 1760 1771 1763 1766 1791 1783 1778 1772 1771 1769 1761 1768 1770 1769 1766 1768 1773 1763 1763 1768 1769 1777 1766 1771 1784 1777 1766 1771 1762 1771 1773 1767 1766 1772 1766 1764 1749 1776 1782 1768 1779 1793 1773 1771 1774 1770 1765 1769 1775 1767 1780 1761 1770 1770 1775 1768 1778 1779 1770 1773 1779 1771 1778 1782 1757 1780 1771 1781 1769 1784 1775 1769 1764 1783 1771 1766 1768 1767 1771 1770 1763 1765 1770 1771 1766 1783 1762 1762 1774 1767 1777 1779 1768 1779 1764 1771 1776 1774 1776 1769 1772 1761 1774 1772 1772 1778 1768 1777 1765 1770 1777 1767 1771 1774 1777 1771 1775 1758 1762 1773 1770 1783 1768 1783 1772 1790 1771 1773 1770 1773 1789 1776 1757 1769 1779 1769 1761 1779 1771 1766 1773 1783 1782 1774 1779 1777 1770 1756 1766 1778 1775 1768 1770 1773 1765 1782 1772 1767 1760 1766 1770 1785 1784 1758 1782 1774 1768 1769 1773 1759 1769 1775 1779 1769 1770 1776 1766 1773 1768 1781 1776 1764 1779 1766 1769 1763 1772 1775 1772 1775 1782 1762 1768 1781 1755 1785 1765

Tree=0
num_leaves=15
num_cat=0
split_feature=20 22 28 33 29 13 13 13 31 31 29 32 13 13
split_gain=25.2241 51.6563 28.9392 32.6125 24.0325 22.94 17.0281 23.4432 19.2634 17.8758 17.7306 24.3433 15.1135 14.4027
threshold=1.1069651472972455 -0.027949809415382904 -4.9949571162688491 0.16682684476506957 0.67936031948344977 1.3007426348145792 -1.4704004085590916 -0.84702278855991131 -0.95032354012166598 0.37256073532439576 1.5270937416797836 0.54643492068321298 0.53437978935683872 0.49387493835574298
decision_type=8 10 10 2 10 10 8 10 2 2 10 2 10 10
left_child=-1 2 6 -4 -3 -5 9 -8 -9 -2 11 13 -12 -10
right_child=1 4 3 5 -6 -7 7 8 10 -11 12 -13 -14 -15
leaf_value=0.029179566092625887 0.048807514906699268 0.08880839928561203 0.035255297886509454 0.053540302899215068 0.053986131237586957 0.018456956901507358 0.063644358546471824 0.027836701947227222 0.064050965345386943 0.0089950332651728415 0.043773294233766559 0.040979228993052653 0.0080310023129579536 0.047269446472176388
leaf_weight=122.99217046052217 19.418803874403238 27.869050815701485 645.04354524239898 156.70119370520115 49.265917889773846 17.829231694340706 79.412011571228504 46.035280264914036 116.53609166294336 19.649218209087849 28.799882479012012 138.17901556193829 15.816899497061966 76.892934069037437
leaf_count=529 102 113 2776 747 221 91 340 198 490 98 176 599 96 341
internal_value=0.0421626 0.0432818 0.0419195 0.0383669 0.0670027 0.0498414 0.047301 0.0487932 0.0459562 0.0284544 0.0482055 0.0505979 0.0306308 0.0574402
internal_weight=1560.44 1437.45 1360.31 819.574 77.135 174.53 540.74 501.672 422.26 39.068 376.225 331.608 44.6168 193.429
internal_count=6917 6388 6054 3614 334 838 2440 2240 1900 200 1702 1430 272 831
is_linear=0
shrinkage=1


Tree=1
num_leaves=15
num_cat=0
split_feature=15 14 32 1 29 33 33 29 29 31 26 31 29 31
split_gain=43.3338 35.5874 24.5736 19.891 14.8125 22.6351 12.7023 16.0123 12.6343 12.1152 11.8042 10.8019 15.3938 14.1278
threshold=-0.0049480459338209206 -4.8568062041859363 -0.84915165824291594 0.27176214257301973 0.93325755937591925 0.020772356398613391 0.29895401038739394 1.0702743128782091 0.49321969468767918 -0.18436924984152911 0.64157960392385871 -0.57357643635104605 0.47686111442613349 -0.83743052905771542
decision_type=10 10 2 2 10 2 2 10 10 2 10 2 10 2
left_child=1 3 -3 6 -4 -6 11 8 -8 -2 -5 12 -1 -14
right_child=9 2 4 10 5 -7 7 -9 -10 -11 -12 -13 13 -15
leaf_value=-0.018213641273374402 -0.0069667108272571639 -0.012386485198776121 0.034449594483199446 -0.033821042738331267 -0.011135906971344981 0.030339097185724036 0.026492296564213657 0.02066519544635265 -0.0023698477580844169 -0.02915668008686436 -0.0063443313312123942 0.0016498152081192909 0.0024906554975223909 -0.012753380085622211
leaf_weight=61.597155809402466 39.566727243363857 20.171782866120338 51.267183303833008 21.666817285120487 21.820109449326992 23.904125854372978 14.852075330913065 60.932428617030382 97.434757560491562 51.717734761536121 38.714886963367462 774.13134762272239 197.99864417314529 74.490503713488579
leaf_count=251 166 85 216 100 97 119 77 324 478 222 205 3342 858 337
internal_value=0.000218932 0.001479 0.0172624 8.90126e-05 0.0234922 0.010732 0.000887457 0.00841772 0.00164787 -0.0197183 -0.0165942 -0.000296083 -0.00479651 -0.00170801
internal_weight=1550.27 1458.98 117.163 1341.82 96.9914 45.7242 1281.44 173.219 112.287 91.2845 60.3817 1108.22 334.086 272.489
internal_count=6877 6489 517 5972 432 216 5667 879 555 388 305 4788 1446 1195
is_linear=0
shrinkage=0.03


Tree=2
num_leaves=15
num_cat=0
split_feature=15 28 33 22 23 32 31 29 32 29 1 27 1 29
split_gain=40.3 31.198 36.9539 28.2933 19.4486 17.323 15.6343 14.2863 12.5773 12.5444 17.5032 12.4018 10.0336 14.6844
threshold=-0.0055726281684780323 -1.6301192770473703 0.19708263020873559 0.83970785257990554 -0.0091660318368209873 0.48098876891938797 -0.076279435988900135 0.57730922353624659 -0.29026740676763257 0.48805011999122067 -0.11839879475147568 -0.95494410296659271 -0.030655592282039786 0.70906956037031266
decision_type=10 10 2 10 10 2 2 10 2 10 2 10 2 10
left_child=1 4 3 -3 6 8 9 -8 -2 10 -1 -4 13 -9
right_child=5 2 11 -5 -6 -7 7 12 -10 -11 -12 -13 -14 -15
leaf_value=0.0052685004928824455 -0.020184205310248282 -0.0072011428065559885 0.022650132164487718 0.028471413833512118 0.034313714771002701 -0.034877352055448292 0.026310754189895806 -0.017250439915727053 0.0077894129021898739 0.0024541454772033029 -0.032284047708346968 0.0043781551169159985 0.014006282292304943 0.0062166913094649397
leaf_weight=20.517873823642731 33.559190817177296 627.13689692690969 48.470055524259806 19.69983447343111 19.974256668239832 36.817402645945549 38.405396267771721 27.123331524431705 24.151857323944569 254.66379361599684 22.898924946784973 105.1536159850657 115.23020063340664 163.26869286596775
leaf_count=89 145 2716 231 83 90 154 167 118 101 1177 94 520 503 721
internal_value=-0.000179409 0.00105297 -0.00293051 -0.00607244 0.00586618 -0.0190582 0.00492927 0.00927696 -0.00854408 -0.000102818 -0.0148184 0.0102524 0.00705761 0.00280089
internal_weight=1557.07 1462.54 800.46 646.837 662.082 94.5285 642.108 344.028 57.711 298.081 43.4168 153.624 305.622 190.392
internal_count=6909 6509 3550 2799 2959 400 2869 1509 246 1360 183 751 1342 839
is_linear=0
shrinkage=0.03


Tree=3
num_leaves=15
num_cat=0
split_feature=28 33 32 13 13 29 13 13 29 29 16 31 31 13
split_gain=29.8544 25.1573 20.6651 25.433 24.0488 28.9804 30.6315 19.274 17.4566 16.6288 13.699 19.7616 17.7254 17.353
threshold=-4.9949571162688491 0.16682684476506957 0.52803643325367278 -0.86710819423750196 -0.59711722182167826 0.59678636820129294 0.037613461808279604 1.3007426348145792 1.2189072421972857 0.3723808697963083 -0.014570655984838863 -0.24825246871434756 -0.9927505997980649 -1.5093788703842936
decision_type=10 2 2 10 10 10 10 10 10 8 10 2 2 8
left_child=9 2 4 -4 -2 6 -6 -3 -5 -1 12 -12 -11 -14
right_child=1 7 3 8 5 -7 -8 -9 -10 10 11 -13 13 -15
leaf_value=-0.019476989726293324 -0.013461187076609012 0.0100287230968003 0.0044397540459678152 -0.022386501569949313 0.038586941345549179 -0.0025314454697192728 -4.3949982895610995e-06 -0.018663355210553442 0.0065886136572594865 -0.019068548640067368 0.010807275969099748 -0.027945447642233643 -0.012943111723523448 0.010195328151516128
leaf_weight=22.265616312623024 128.2136907055974 169.74627342075109 55.530327904969454 150.48581947386265 34.284946069121361 308.63978615775704 38.938585832715034 23.104403000324965 20.899478450417519 20.417921163141727 22.234315246343613 23.387608423829079 30.177978038787842 489.93391074240208
leaf_count=95 570 812 251 620 141 1324 159 121 100 86 93 99 158 2201
internal_value=0.000269221 -0.00311042 -0.00563395 -0.0131451 -0.00227332 0.00150844 0.0183414 0.00651273 -0.0188354 0.00543095 0.00640867 -0.0092322 0.0077434 0.00883053
internal_weight=1538.26 929.843 736.993 226.916 510.077 381.863 73.2235 192.851 171.385 608.417 586.152 45.6219 540.53 520.112
internal_count=6830 4098 3165 971 2194 1624 300 933 720 2732 2637 192 2445 2359
is_linear=0
shrinkage=0.03


Tree=4
num_leaves=15
num_cat=0
split_feature=28 33 22 23 27 15 31 14 32 14 29 32 31 29
split_gain=31.1059 25.1519 29.7857 16.5701 15.1709 14.7419 18.2062 16.8087 12.9908 22.2758 27.2378 12.3478 12.0109 25.4729
threshold=-1.3232059419010509 0.1813247731440035 0.87495380056937599 0.0018045015675474208 -7.4694021096366461 -0.0061099419866135199 -0.17364817766693016 -4.8224463037410672 0.48098876891938797 -5.6607154806298512 1.1923529901518288 0.96863394805116487 -0.45201865172701744 0.47686111442613349
decision_type=10 2 10 10 10 10 2 10 2 10 10 2 2 10
left_child=5 2 3 4 -2 7 -7 12 -6 10 11 -10 13 -1
right_child=1 -3 -4 -5 8 6 -8 -9 9 -11 -12 -13 -14 -15
leaf_value=-0.023749991872532409 0.002498755738472822 0.0061468746734960802 0.027179429429801057 0.014107898430285684 -0.0075164476041810913 0.009777436010665868 -0.028019977722944289 0.022349165311232523 -0.022949260993122868 -0.046988141500707667 0.015636655360153406 0.0016699967363976564 0.0072801016864909949 0.0031400764178665793
leaf_weight=37.05517815053463 89.279272362589836 171.31221813708544 21.607180818915367 28.594958931207657 355.27354222163558 19.299871131777763 25.894705936312675 48.518018089234829 109.26010558754206 19.593139603734016 23.608899813145399 21.836118146777153 402.56705606356263 189.115045376122
leaf_count=153 383 830 90 120 1543 80 110 214 459 80 116 95 1787 880
internal_value=-0.000162105 -0.00408414 -0.00670907 -0.0078802 -0.00891732 0.00439941 -0.0120167 0.00551099 -0.010843 -0.017542 -0.0135349 -0.0188669 0.00417821 -0.00135068
internal_weight=1562.82 840.365 669.053 647.446 618.851 722.45 45.1946 677.255 529.572 174.298 154.705 131.096 628.737 226.17
internal_count=6940 3716 2886 2796 2676 3224 190 3034 2293 750 670 554 2820 1033
is_linear=0
shrinkage=0.03


Tree=5
num_leaves=15
num_cat=0
split_feature=15 22 29 1 31 31 33 1 29 32 29 32 27 29
split_gain=29.1594 31.5282 26.3922 15.023 17.1301 14.1771 13.6498 18.5171 15.0742 14.8825 32.6446 23.8397 14.5316 13.1805
threshold=-0.01890064284572723 -0.016009236031080492 0.59678636820129294 0.26631306850275288 0.78661891169205866 -0.88186879444286459 0.11953665771840537 -0.0051028180396509738 0.49321969468767918 0.52803643325367278 1.1317676996470507 0.91080963307804863 0.078225229653838838 0.51358564529561124
decision_type=10 10 10 2 2 2 2 2 10 2 10 2 10 8
left_child=1 3 -3 4 6 -2 9 8 -8 12 11 -11 13 -1
right_child=5 2 -4 -5 -6 -7 7 -9 -10 10 -12 -13 -14 -15
leaf_value=-0.016420300913081741 0.0070684951966462984 0.043083199290168621 0.0069595839558253391 -0.014355162361138086 0.0069098797424786114 -0.021337763395002946 0.024430733894552428 0.01562721353858906 -0.0065716697155277868 -0.019472607621723249 0.012895837702646289 0.0010588217993019403 -0.0052532293229339633 0.0066654675788486049
leaf_weight=23.487327411770821 19.039396271109581 25.766290321946144 58.472307909280062 65.249693881720304 276.24734542146325 81.536154143512249 15.331568315625189 89.090889528393745 103.33086962252855 167.70934792608023 51.288148354738951 72.746186271309853 263.14686497300863 248.37404388189316
leaf_count=96 77 105 262 325 1212 349 72 440 525 695 249 303 1139 1062
internal_value=-0.000401328 0.000679346 0.0183846 -0.000417132 0.000287122 -0.0159437 -0.00148634 0.00537109 -0.00239537 -0.00321394 -0.00865203 -0.0132825 -0.000237904 0.00461812
internal_weight=1560.82 1460.24 84.2386 1376 1310.75 100.576 1034.51 207.753 118.662 826.752 291.744 240.456 535.008 271.861
internal_count=6911 6485 367 6118 5793 426 4581 1037 597 3544 1247 998 2297 1158
is_linear=0
shrinkage=0.03


Tree=6
num_leaves=15
num_cat=0
split_feature=15 14 13 33 28 32 33 13 28 29 28 13 13 13
split_gain=30.2076 27.4891 29.3916 37.2853 29.5872 21.1539 17.9329 24.9414 20.5209 16.218 14.9644 14.524 13.763 13.8863
threshold=-0.0055726281684780323 -4.8138574135464509 1.4113337417240719 0.0012217567110654915 -11.650079779625953 -0.43245347597985045 0.25305910637568779 0.49387493835574298 -4.9949571162688491 1.4930533481012505 -4.1916670145347714 -1.0636845614099635 0.92209590533027974 -1.5273327396272707
decision_type=10 10 10 2 10 2 2 10 10 10 10 8 10 8
left_child=1 2 6 -4 -5 -3 8 11 9 -1 -9 -8 13 -10
right_child=-2 5 3 4 -6 -7 7 10 12 -11 -12 -13 -14 -15
leaf_value=0.0072825006646255637 -0.016174396308075878 -0.0025816786121110433 0.024251902203541453 -0.00050343116686630326 -0.032233135120843623 0.024763692996866486 -0.0017359811964879649 -0.032739339264764973 0.0162124929327923 -0.014905802664542405 0.0035211467580865273 0.021098328804985581 0.0090606491024223922 -0.0059338755764305889
leaf_weight=359.1189181804657 92.846258342266083 38.164195187389851 19.341288302093744 43.040902301669121 67.746275022625923 74.446390204131603 31.976138066500425 15.177365861833094 25.819298803806305 31.379432525485754 27.465792536735535 112.69496594369411 71.072470992803574 529.97491386532784
leaf_count=1520 394 169 88 198 297 327 172 82 140 184 131 556 299 2265
internal_value=0.000320316 0.00138882 0.000182942 -0.0133058 -0.0200209 0.0155551 0.00164981 0.0101539 7.56279e-05 0.00546599 -0.00983898 0.0160741 -0.00328558 -0.0048778
internal_weight=1540.26 1447.42 1334.81 130.128 110.787 112.611 1204.68 187.314 1017.37 390.498 42.6432 144.671 626.867 555.794
internal_count=6822 6428 5932 583 495 496 5349 941 4408 1704 213 728 2704 2405
is_linear=0
shrinkage=0.03


Tree=7
num_leaves=15
num_cat=0
split_feature=16 28 22 29 13 13 13 13 31 31 31 29 29 29
split_gain=30.5231 24.4747 25.7312 22.4971 17.1266 19.9093 17.0448 26.9886 19.5118 18.1197 14.7835 25.0188 12.1978 11.5945
threshold=-0.017758814821890564 -1.0542498863408409 -1.0000000180025095e-35 0.60521742999189032 1.3007426348145792 0.95959352324287484 -1.4945286730437706 0.02510765951264694 0.88186879444286481 0.60003553868615167 -0.60003553868615167 0.49934855636964182 1.383955542769544 1.1227708670505969
decision_type=10 10 10 10 10 8 8 10 2 2 2 10 10 10
left_child=1 6 4 -4 5 13 9 8 -8 -1 11 -9 -12 -3
right_child=-2 2 3 -5 -6 -7 7 10 -10 -11 12 -13 -14 -15
leaf_value=0.0018799516257074502 -0.016013097144399229 -0.0069163692846973485 0.042095705035745425 0.0020443580568840713 -0.018512343984537147 0.011426253602535335 0.0093098946131175368 -0.034321582468780289 0.02923205685727101 -0.036089656395389136 0.0073710561978062644 -0.00041309726509086909 -0.016192384600171951 0.0027200745344011373
leaf_weight=31.048718735575676 100.21500042825937 440.75839209184051 19.633724629878998 32.789177652448416 65.710527949035168 79.619964174926281 260.46474903449416 25.197450861334801 52.850447937846184 16.711551181972027 185.57910243421793 77.66870104521513 21.169027060270309 150.09617761150002
leaf_count=155 428 1881 80 147 301 344 1151 103 228 82 800 355 122 740
internal_value=-8.14847e-05 0.00102281 -0.00255885 0.0175518 -0.00401277 -0.00256627 0.00523172 0.00656011 0.0127527 -0.0118735 0.000272621 -0.00896958 0.00489206 -0.00446794
internal_weight=1559.51 1459.3 788.608 52.4229 736.185 670.475 670.69 622.929 313.315 47.7603 309.614 102.866 206.748 590.855
internal_count=6917 6489 3493 227 3266 2965 2996 2759 1379 237 1380 458 922 2621
is_linear=0
shrinkage=0.03


Tree=8
num_leaves=15
num_cat=0
split_feature=15 22 28 33 28 31 27 32 33 30 27 28 32 28
split_gain=33.3757 25.8744 25.9076 27.2018 15.908 13.9957 11.3668 11.3489 10.2445 10.535 14.341 9.87961 9.51346 9.4623
threshold=-0.0049480459338209206 -0.016009236031080492 -4.9949571162688491 0.10118559621313471 -5.9980678733051453 -0.52803643325367233 -7.4694021096366461 -0.23768589232617329 0.00057711700589420606 -0.75325047289405367 7.0953639634741004 30.595281342717943 0.45201865172701733 4.5069629083727145
decision_type=10 10 10 2 8 2 10 2 2 10 10 8 2 10
left_child=1 2 4 6 -1 -3 -4 -5 -8 10 12 13 -10 -9
right_child=-2 5 3 7 -6 -7 8 11 9 -11 -12 -13 -14 -15
leaf_value=0.0029308892700844625 -0.019021736566883919 0.029743675814309214 0.0019462910549290109 0.012141804621789537 0.025437160785578707 0.0050123621527498061 0.0037869785291167347 0.0074578992458542602 -0.001805628867503182 -0.0079730564643767689 -0.035041663832967772 0.0195161183000075 -0.021470769340039317 -0.01146770653633241
leaf_weight=516.44292173162103 86.050290077924728 37.020897917449474 94.539122842252254 100.13483651727438 28.936585605144501 46.016061704605818 47.715555220842361 35.459705866873264 43.905919894576073 334.80977475643158 32.781613990664482 16.29725044220686 44.077626630663872 67.911823272705078
leaf_count=2343 365 157 404 499 123 206 205 158 179 1461 137 83 184 303
internal_value=-0.000980853 0.000105112 -0.000890344 -0.00426627 0.00416939 0.0162612 -0.00758095 0.00474262 -0.00937088 -0.0107543 -0.0183361 -0.00149809 -0.011788 -0.00496637
internal_weight=1532.1 1446.05 1363.01 817.633 545.38 83.037 597.83 219.804 503.29 455.575 120.765 119.669 87.9835 103.372
internal_count=6807 6442 6079 3613 2466 363 2570 1043 2166 1961 500 544 363 461
is_linear=0
shrinkage=0.03


Tree=9
num_leaves=15
num_cat=0
split_feature=15 1 13 29 23 13 13 28 13 23 28 13 32 28
split_gain=25.0884 24.6032 25.9675 20.6043 22.3237 15.2948 15.8124 21.902 14.8831 13.3183 13.035 11.6803 21.0809 19.9263
threshold=-0.0061099419866135199 0.27176214257301973 0.082411219573681943 0.59678636820129294 0.043798718101843583 0.16441362168505019 0.351640913782858 -3.2260463257838263 -0.25456174512098451 -0.02242445389475169 3.6468425543567666 1.3007426348145792 0.50938662908026078 -5.4094804979420976
decision_type=10 2 10 10 8 10 10 10 8 10 10 10 2 10
left_child=1 2 3 4 -1 -4 7 -7 -6 11 -11 -8 13 -13
right_child=-2 -3 5 -5 8 6 9 -9 -10 10 -12 12 -14 -15
leaf_value=0.040497094272078892 -0.014599032095708247 -0.016225887747278532 -0.021269132468510938 0.0038196805455351095 0.0017120090369593243 0.039759302745618091 -0.0011673070432392202 -0.00044686658123636712 0.024989058213235396 0.032368725695337455 -0.0032377431553450345 0.018768055788608195 -0.024028867398354636 -0.014686479959801428
leaf_weight=27.271839365363121 90.791424877941608 65.719046786427498 34.740148335695267 649.48902226611972 67.280267335474491 18.618643164634705 361.25449691712856 32.162220567464828 38.231755137443542 17.716042444109917 17.975066803395748 28.384827218949795 62.084149055182934 34.240979287773371
leaf_count=112 384 333 153 2912 289 83 1569 138 162 82 87 129 278 151
internal_value=0.000613367 0.00157188 0.00242475 0.00603474 0.0167598 -0.00222855 -0.00103794 0.0147777 0.0103018 -0.00260285 0.0148368 -0.00391152 -0.0117883 0.000533276
internal_weight=1545.96 1455.17 1389.45 782.273 132.784 607.177 572.436 50.7809 105.512 521.656 35.6911 485.964 124.71 62.6258
internal_count=6862 6478 6145 3475 563 2670 2517 221 451 2296 169 2127 558 280
is_linear=0
shrinkage=0.03


Tree=10
num_leaves=15
num_cat=0
split_feature=28 33 23 29 32 29 32 32 20 29 1 32 26 27
split_gain=23.6507 21.3741 17.1084 29.0938 15.0722 27.1685 13.0524 12.7246 11.3867 10.9615 14.3353 16.3633 10.0664 8.37113
threshold=-1.6301192770473703 0.19708263020873559 -0.11485745583373168 0.68965934584499011 0.51877325816052144 1.5270937416797836 -0.23768589232617329 0.84915165824291627 1.4555301898866448 0.44713046901970432 -0.0037114346411833321 0.26932402956675644 0.030094793359580766 -5.8211272002139927
decision_type=10 2 10 10 2 10 2 2 8 8 2 2 10 10
left_child=4 2 8 -4 5 9 -3 -6 -2 -1 11 -11 -8 -7
right_child=1 6 3 -5 7 13 12 -9 -10 10 -12 -13 -14 -15
leaf_value=-0.011019491750045568 -0.026245800928139378 0.015157758822453951 0.031711294765763315 -0.0057870388825761402 -0.0086936461435451473 -0.0011954804686856182 0.0093073366753234823 0.0049216420781844133 -0.0061521235808102582 0.0039678669154203728 0.01933201901689428 0.024685904531852574 -0.012250487982207065 -0.027311754567635554
leaf_weight=20.436846718192101 25.687863647937775 81.670323874801397 28.036899462342262 51.241251468658447 116.71852335333824 21.495895236730576 36.16772099584341 129.05966367572546 574.37077549099922 227.66206692904234 128.31370093673468 39.529156967997551 40.035290189087391 21.932018086314201
leaf_count=84 105 408 115 219 496 140 166 589 2495 993 551 165 196 119
internal_value=0.000394966 -0.00301284 -0.00532342 0.00770416 0.00443954 0.00764226 0.00690064 -0.0015532 -0.00705455 0.0100049 0.0111164 0.00711358 -0.00203062 -0.0147026
internal_weight=1542.36 837.21 679.337 79.2782 705.148 459.37 157.873 245.778 600.059 415.942 395.505 267.191 76.203 43.4279
internal_count=6841 3704 2934 334 3137 2052 770 1085 2600 1793 1709 1158 362 259
is_linear=0
shrinkage=0.03


Tree=11
num_leaves=15
num_cat=0
split_feature=15 14 13 33 28 29 23 33 28 13 29 29 13 32
split_gain=31.2325 24.1249 23.3332 29.4233 26.2176 18.8491 28.3716 14.8612 16.2499 20.1185 15.8516 16.5268 12.1248 20.948
threshold=-0.0047397800745248011 -4.890105089210838 1.4113337417240719 0.0012217567110654915 -11.650079779625953 0.73871890618457592 0.012122805397294285 0.32493432451067 -4.9949571162688491 0.95959352324287484 1.4930533481012505 0.47686111442613349 0.02510765951264694 -0.94331137514050678
decision_type=10 10 10 2 10 10 8 2 10 10 10 8 8 2
left_child=1 2 7 -4 -5 -3 -7 8 10 12 11 -1 -10 -14
right_child=-2 5 3 4 -6 6 -8 -9 9 -11 -12 -13 13 -15
leaf_value=-0.014419109431402509 -0.017669849560218821 0.030169600595907228 0.020278218985084039 -0.00015204790740142043 -0.030150664243629336 -0.0075479939825444054 0.030650697545473296 0.0095999713572766186 -0.0019283391998645343 0.01221305495159998 -0.014197234447905731 0.0079181457694074142 -0.033658153818285026 -0.0069974169397906925
leaf_weight=31.723122656345367 89.028945736587048 39.36894890666008 19.824284039437771 42.428754538297653 67.678137630224228 53.258312903344631 24.865286704152822 146.93479647859931 377.13086122274399 65.440816886723042 37.631457038223743 343.23712803423405 30.067588061094284 188.29948928952217
leaf_count=131 378 166 92 196 296 240 114 749 1660 277 223 1462 122 793
internal_value=-0.00051804 0.000533556 -0.000604877 -0.0126403 -0.0186964 0.0135128 0.00484366 0.000685723 -0.000542174 -0.00345652 0.00412344 0.005995 -0.00519608 -0.0108051
internal_weight=1556.92 1467.89 1350.4 129.931 110.107 117.493 78.1236 1220.47 1073.53 660.939 412.592 374.96 595.498 218.367
internal_count=6899 6521 6001 584 492 520 354 5417 4668 2852 1816 1593 2575 915
is_linear=0
shrinkage=0.03


Tree=12
num_leaves=15
num_cat=0
split_feature=16 13 33 28 32 31 13 13 13 13 32 13 28 13
split_gain=30.3156 21.2701 20.986 20.3893 13.2737 15.3292 30.839 13.8582 12.4373 12.3865 16.7234 16.0266 13.489 18.4994
threshold=-0.017758814821890564 0.082411219573681943 0.23282561739203927 -1.0542498863408409 0.47136869107721086 0.032717136199948427 -1.4112403219307756 -0.61068346401811635 -1.1333745239069943 -0.59711722182167826 0.51877325816052144 -1.5273327396272707 22.078183207430161 -0.18684336526570297
decision_type=10 10 2 10 2 2 10 10 8 10 2 8 10 10
left_child=1 2 3 4 5 -1 -7 -8 -4 11 12 -5 13 -11
right_child=-2 -3 8 9 -6 6 7 -9 -10 10 -12 -13 -14 -15
leaf_value=0.0034849957605895504 -0.016026596890868508 -0.0030687964885441764 -0.0012081195377942129 0.010763254835306118 -0.0011619563842536528 -0.010613560979537374 0.045811548295524487 0.019364505278214018 0.019782779754565719 0.027261470813015228 -0.013114381558927293 -0.013023629802927416 -0.0038778818789293027 0.00072348686108276604
leaf_weight=99.82085295394063 98.566739432513714 627.07672443985939 33.134168080985546 30.444270193576813 101.47780427336693 23.167783685028553 26.557559579610825 59.530225202441216 106.35858523100615 47.034699812531471 47.218509152531624 137.44660809263587 60.628377418965101 46.662549495697021
leaf_count=442 422 2758 173 159 443 103 111 250 522 192 197 597 278 193
internal_value=-1.43386e-05 0.00108703 0.00426699 0.00208281 0.0077366 0.0120406 0.0197549 0.0279556 0.0148236 -0.00267793 0.0023335 -0.00867208 0.00711404 0.0141924
internal_weight=1545.13 1446.56 819.482 679.989 310.554 209.076 109.256 86.0878 139.493 369.435 201.544 167.891 154.326 93.6972
internal_count=6840 6418 3660 2965 1349 906 464 361 695 1616 860 756 663 385
is_linear=0
shrinkage=0.03


Tree=13
num_leaves=15
num_cat=0
split_feature=15 14 13 28 29 31 28 29 32 13 31 32 29 32
split_gain=23.2334 28.3994 25.2613 20.0207 15.2652 13.1365 12.0771 19.8486 31.3557 17.2857 19.4457 16.4353 15.1602 14.736
threshold=-0.0055726281684780323 -4.6626852424214151 1.4113337417240719 -11.650079779625953 0.95462674546161252 -0.84915165824291616 -1.0542498863408409 1.1582858184742924 -0.89194178735545482 -1.4945286730437706 0.076279435988900648 0.37256073532439549 0.91272826231912285 0.26932402956675644
decision_type=10 10 10 10 10 2 10 10 2 8 2 2 8 2
left_child=1 2 6 -4 -3 -5 9 11 -9 -1 13 12 -8 -11
right_child=-2 4 3 5 -6 -7 7 8 -10 10 -12 -13 -14 -15
leaf_value=-0.014364801814566347 -0.014876883251677063 0.027324089298918167 0.0016615795842018211 -0.0037804538748361155 0.0035965032058376373 -0.030400687260846479 0.0038724972080144576 -0.021067540021153477 0.014511821114185782 -0.0053820643096630146 0.011602971708738332 -0.011370902908882994 -0.0097530335118585672 0.0087096959697391656
leaf_weight=40.96022105589509 89.315635524690151 51.896265536546707 51.712008096277714 24.371778935194016 45.944918528199196 54.139137305319309 232.39487542212009 26.382406711578369 120.40887954458594 169.18738013878465 255.37505377084017 193.03071516752243 106.27096100151539 108.92530277371407
leaf_count=207 380 221 241 109 211 242 988 128 598 779 1106 830 455 474
internal_value=-0.000104583 0.000795737 -0.000314196 -0.0128377 0.016331 -0.0222886 0.000996624 -0.00171264 0.00801796 0.00419398 0.0056431 -0.00440908 -0.000419225 0.00014853
internal_weight=1570.32 1481 1383.16 130.223 97.8412 78.5109 1252.94 678.488 146.791 574.448 533.488 531.697 338.666 278.113
internal_count=6969 6589 6157 592 432 351 5565 2999 726 2566 2359 2273 1443 1253
is_linear=0
shrinkage=0.03


Tree=14
num_leaves=15
num_cat=0
split_feature=33 13 15 22 27 13 32 22 32 14 13 13 13 13
split_gain=16.3733 31.7411 15.8631 18.7996 15.5359 14.6674 12.1224 11.0367 10.1286 9.36582 9.32957 9.21247 14.724 15.2887
threshold=0.19708263020873559 0.50476536847061382 -0.0061099419866135199 0.83970785257990554 -6.8841232620719941 -1.4945286730437706 0.48098876891938797 -0.11236346147862859 -0.248252468714347 -4.3081150349189015 -0.42882033197452329 1.4113337417240719 0.92209590533027974 0.77240588263802501
decision_type=2 10 10 10 10 8 2 10 2 10 10 10 8 10
left_child=2 5 3 4 -1 -2 8 10 -4 11 -7 12 13 -6
right_child=1 -3 6 -5 9 7 -8 -9 -10 -11 -12 -13 -14 -15
leaf_value=0.0046062939819223134 -0.012638186471153799 -0.0081406474810883679 -0.018103271534179406 0.024154843467973679 -0.0033922083057298983 0.025658164990904963 -0.030194385267242354 -0.0073682787606462116 0.0098944991281624296 0.012034408080326834 0.011340377991551708 -0.014241017694064185 0.007994079076917307 -0.024047228183898629
leaf_weight=315.52860900759697 17.527449063956738 91.301012068986893 23.751845955848694 26.21888305991888 614.77180194854736 75.404731310904026 27.481660202145576 16.724876038730145 21.046730570495129 33.968547999858856 94.751665253192186 69.000132389366627 97.052278444170952 33.08743017911911
leaf_count=1404 101 459 97 113 2638 360 114 80 87 145 473 299 410 142
internal_value=0.000163564 0.00650508 -0.00132645 -0.000491549 -0.00106725 0.0130545 -0.0148735 0.0155186 -0.00502086 -0.00318154 0.0177981 -0.00383056 -0.00284846 -0.00448254
internal_weight=1557.62 295.71 1261.91 1189.63 1163.41 204.409 72.2802 186.881 44.7986 847.88 170.156 813.912 744.912 647.859
internal_count=6922 1473 5449 5151 5038 1014 298 913 184 3634 833 3489 3190 2780
is_linear=0
shrinkage=0.03


Tree=15
num_leaves=15
num_cat=0
split_feature=16 28 23 13 31 33 22 31 31 13 13 13 29 32
split_gain=24.9731 16.6911 15.6157 16.8882 18.5202 15.5092 15.5093 15.18 12.7788 14.2755 18.9033 11.3451 11.2102 17.7447
threshold=-0.017758814821890564 -1.6301192770473703 -0.0091660318368209873 -1.4945286730437706 0.88186879444286481 0.11953665771840537 0.74914813352057663 0.61734245059639015 -0.98990318592078552 0.351640913782858 0.16441362168505019 1.3007426348145792 1.3774004612902602 -0.84915165824291594
decision_type=10 10 10 8 2 2 10 2 2 8 8 10 10 2
left_child=1 2 3 7 8 6 12 -1 -5 10 -10 -7 -3 -14
right_child=-2 5 -4 4 -6 11 -8 -9 9 -11 -12 -13 13 -15
leaf_value=-0.0003903621987131102 -0.015013839681158733 -0.0070090953004424798 0.030534827341067747 -0.016373216555882315 0.017188905432755957 0.0075631076057365272 0.021301889949938674 -0.036501725238656628 0.0061192598680749897 -0.0021048158197768158 0.037887122584552374 -0.015261355278749996 -0.015705439047085733 0.018077953571948642
leaf_weight=26.795149363577366 95.90484169870615 510.82970995828509 18.722775299102068 29.422116607427597 90.084522504359484 175.46418043226004 19.046124115586281 16.226244270801544 249.00650713592768 212.86214622110128 17.155051901936531 21.110319953411818 20.358742296695709 39.891214180737734
leaf_count=136 414 2153 85 124 397 832 81 80 1103 955 76 111 106 214
internal_value=-0.000269908 0.000717007 0.00423075 0.00341677 0.00472886 -0.00223369 -0.00466341 -0.0145302 0.00249182 0.00368223 0.00830096 0.00504713 -0.0055651 0.00659235
internal_weight=1542.88 1446.97 660.275 641.552 598.53 786.7 590.126 43.0214 508.446 479.024 266.162 196.575 571.08 60.25
internal_count=6867 6453 2956 2871 2655 3497 2554 216 2258 2134 1179 943 2473 320
is_linear=0
shrinkage=0.03


Tree=16
num_leaves=15
num_cat=0
split_feature=16 14 28 13 13 13 29 1 32 29 29 28 13 1
split_gain=25.5215 18.5167 17.3434 26.2847 14.9419 15.4262 14.5542 14.3809 14.5729 25.4729 21.7256 19.5042 15.0561 14.6573
threshold=-0.03224150200012587 -4.6706427887233106 -4.9949571162688491 1.3007426348145792 0.89670866023522788 0.72715256982079479 1.5270937416797836 0.26631306850275288 0.043619387365335889 1.1042248419658003 0.59206918260358132 18.387030713347134 0.02510765951264694 -0.052136389412523611
decision_type=10 10 10 10 8 10 10 2 2 10 10 8 10 2
left_child=1 2 6 4 5 7 -1 8 11 10 12 -4 -10 -12
right_child=-2 -3 3 -5 -6 -7 -8 -9 9 -11 13 -13 -14 -15
leaf_value=0.0058558599909204869 -0.014738768940593431 0.014029973921748718 0.010098987443067578 -0.02063012558342904 0.0091012312128556164 -0.027553790222744869 -0.01144329327328651 -0.017668605044419129 0.01209156479605882 0.013188419449561081 -0.029346773610374736 -0.0055672226639792563 -0.014607958033511906 -0.0093664639546688772
leaf_weight=494.2904160246253 97.309163141995668 91.680574003607035 183.08117598295212 65.718045592308044 111.58295874297619 20.801496982574463 47.088767729699612 46.880876410752535 51.730654522776604 52.050147775560617 52.950036570429802 116.14551585540175 28.744365908205509 89.207907766103745
leaf_count=2163 418 409 768 296 477 90 286 239 220 257 222 550 119 378
internal_value=5.44141e-05 0.00105531 0.000171168 -0.00258211 -0.000982066 -0.00274714 0.00433287 -0.00187294 -0.000554158 -0.00553334 -0.00994977 0.00401982 0.00249269 -0.0169616
internal_weight=1549.26 1451.95 1360.27 818.893 753.175 641.592 541.379 620.791 573.91 274.683 222.633 299.227 80.475 142.158
internal_count=6892 6474 6065 3616 3320 2843 2449 2753 2514 1196 939 1318 339 600
is_linear=0
shrinkage=0.03


Tree=17
num_leaves=15
num_cat=0
split_feature=1 13 33 29 13 22 13 32 28 32 32 29 31 13
split_gain=20.1692 14.7352 26.4174 18.8833 16.3544 15.1637 13.3623 15.8212 12.1924 13.5292 20.353 16.8154 17.4639 13.029
threshold=0.26631306850275288 0.082411219573681943 0.23282561739203927 0.63957302690282269 -1.0636845614099635 -0.97696709191990927 -0.25456174512098451 0.010907442517280267 -1.8700812973460044 0.54643492068321298 0.80644460426748255 0.83211038802060944 0.39271506111191362 -0.80847400807188363
decision_type=2 10 2 10 8 10 8 2 10 2 2 10 2 10
left_child=1 2 3 5 -4 6 7 -1 9 11 -11 -5 13 -13
right_child=-2 -3 4 8 -6 -7 -8 -9 -10 10 -12 12 -14 -15
leaf_value=-0.02491567256906552 -0.015237290249454454 -0.0028311060808769092 -0.00234736557570528 0.020349799481942911 0.021245757948378768 0.026194876949442326 0.018898844291146195 0.0054208275752406507 -0.0062273359585574934 -0.027169470260864099 0.0058501152791894879 0.0084008218993416265 0.015159763042242466 -0.015342608820443712
leaf_weight=20.018787384033203 75.41139892116189 643.99074321240187 35.350508309900761 56.885448753833771 101.79512047022581 38.177519500255585 37.918851718306541 57.735726550221443 275.77654410526156 29.123182773590088 37.347888644784689 31.614151760935783 49.642672978341579 57.058869414031506
leaf_count=84 381 2834 185 242 498 158 155 240 1211 129 166 134 215 254
internal_value=-0.000209194 0.000570295 0.00321459 0.000820018 0.0151914 0.0100514 0.00454448 -0.00260685 -0.00183634 0.00279743 -0.00880513 0.00677315 0.00108345 -0.0068782
internal_weight=1547.85 1472.44 828.445 691.3 137.146 153.851 115.673 77.7545 537.449 261.672 66.4711 195.201 138.316 88.673
internal_count=6886 6505 3671 2988 683 637 479 324 2351 1140 295 845 603 388
is_linear=0
shrinkage=0.03


Tree=18
num_leaves=15
num_cat=0
split_feature=28 33 22 13 28 31 13 32 15 29 29 13 13 13
split_gain=19.4994 26.2652 17.4169 14.0286 13.2693 13.1629 14.1586 17.6681 13.0445 12.8922 12.4245 16.069 17.3315 11.929
threshold=-4.9949571162688491 0.16682684476506957 0.93446708556509328 1.3526944916825068 -5.9980678733051453 0.77296446310593014 -0.49626739035689221 0.34202014332566844 0.012872907534477564 0.36348388448219865 1.2189072421972857 -1.5093788703842936 -0.84702278855991131 0.02510765951264694
decision_type=10 2 10 10 8 2 10 2 8 10 10 8 8 8
left_child=4 2 5 -3 9 8 7 -7 -2 -1 11 -11 -13 -10
right_child=1 3 -4 -5 -6 6 -8 -9 13 10 -12 12 -14 -15
leaf_value=-0.019681073918301751 -0.026957378755008601 0.010129973630870421 0.022217734596127664 -0.014752718913790082 0.022252280366580935 -0.026931590873544731 0.0083688589198566803 0.010823328507769639 -0.0025707582003485826 -0.013947294588611624 -0.004144922065827011 0.024788144329411871 0.0058145354481320298 -0.011451497205862787
leaf_weight=20.221417263150215 29.647018045186996 173.82962676137686 19.513161808252335 22.19301513582468 34.277282848954201 26.501562125980854 101.45170684158802 18.037653516978025 287.4870165400207 31.057517349720001 125.41278106346726 48.558904252946377 355.69046015292406 258.85761305317283
leaf_count=86 122 826 83 116 147 116 428 84 1263 159 651 208 1524 1096
internal_value=0.000233355 -0.00248918 -0.00507074 0.00725226 0.00437948 -0.00583798 0.00219601 -0.0117396 -0.00787455 0.0032885 0.00415043 0.00654435 0.00814921 -0.00679168
internal_weight=1552.74 937.518 741.496 196.023 615.218 721.983 145.991 44.5392 575.992 580.941 560.72 435.307 404.249 546.345
internal_count=6909 4134 3192 942 2775 3109 628 200 2481 2628 2542 1891 1732 2359
is_linear=0
shrinkage=0.03


Tree=19
num_leaves=15
num_cat=0
split_feature=15 1 13 13 29 32 29 28 13 33 32 31 13 29
split_gain=19.6984 18.4742 19.7599 14.8037 24.2778 24.0726 23.1047 18.3682 14.3598 14.1025 14.8445 13.5689 14.0185 12.8476
threshold=-0.033414367768477497 0.26631306850275288 0.082411219573681943 -0.59711722182167826 0.78755460274252276 0.56457333468532445 1.0282349019850676 19.827864092807349 0.16441362168505019 0.020772356398613391 -0.52803643325367244 -0.076279435988900135 -0.16365809413030732 0.60521742999189032
decision_type=10 2 10 8 8 2 8 10 8 2 2 2 8 10
left_child=1 2 3 -1 5 7 9 -5 -4 -6 -11 12 -8 -7
right_child=-2 -3 8 4 6 13 11 -9 -10 10 -12 -13 -14 -15
leaf_value=0.0012729797249090508 -0.011684705996175954 -0.012933401251596886 -0.019509218828052573 0.03203480899388586 -0.015867667110552503 0.012173814881800712 -0.0095939727115582057 0.0046797342587651114 -0.00024833458887717582 0.021689578583141439 -0.012218301861042802 0.021651712119512577 0.017401691327417236 -0.018057658305451967
leaf_weight=350.632000092417 103.15242727100849 71.56839681789279 36.075296375900507 91.649380050599575 63.070667620748281 33.69314481317997 37.980898320674896 29.509260728955269 577.46610535308719 23.930053755640984 20.871238008141518 63.782342836260796 30.170396193861961 18.917047873139381
leaf_count=1584 443 360 159 383 260 146 197 125 2544 103 89 297 142 80
internal_value=0.000918274 0.00182271 0.00259805 0.00581414 0.00965182 0.0181581 0.00343815 0.0254651 -0.00141075 -0.00682599 0.00597129 0.0118186 0.00243576 0.00116942
internal_weight=1552.47 1449.32 1377.75 764.206 413.574 173.769 239.806 121.159 613.541 107.872 44.8013 131.934 68.1513 52.6102
internal_count=6912 6469 6109 3406 1822 734 1088 508 2703 452 192 636 339 226
is_linear=0
shrinkage=0.03


Tree=20
num_leaves=15
num_cat=0
split_feature=15 14 13 13 29 13 28 32 28 29 32 28 31 30
split_gain=28.9225 24.033 15.5821 18.0268 25.9314 17.4033 22.3511 16.1025 24.8223 14.6218 13.8966 14.2504 16.2431 13.3686
threshold=-0.0049480459338209206 -4.2858876734980225 0.02510765951264694 -0.3934611219893675 0.59980739384515414 -0.42882033197452329 -9.4675337116267837 0.010907442517280267 -4.7839518901682245 0.73193256289022468 0.8604686372286926 -10.615543115912727 0.098011308799811389 1.7776716724562376
decision_type=10 10 10 8 8 10 8 2 10 10 2 10 2 8
left_child=1 2 3 5 -5 10 -7 13 -9 -4 11 -1 -13 -6
right_child=-2 -3 9 4 7 6 -8 8 -10 -11 -12 12 -14 -15
leaf_value=0.0083353778480297173 -0.016030762207016457 0.019089961816321405 -0.008535085047194883 0.031231912754404009 0.013393221969301672 -0.040655274868590288 0.004757605573368527 0.015079813920575585 -0.023460637459655629 0.00075753596369404984 0.012369072506924988 -0.01410255047555537 0.0014951922513742062 -0.01007490578990764
leaf_weight=103.21632264554501 89.051243029534817 65.619750387966633 244.83988630771637 41.286143533885479 156.80968289077282 19.624635227024555 18.148678302764893 24.723054524511099 35.439363121986389 400.53704779967666 86.762312155216932 100.6141632758081 146.62010023370385 24.608208995312452
leaf_count=484 383 296 1039 179 684 89 76 112 147 1807 397 462 647 142
internal_value=0.000473335 0.00148415 0.000647831 0.003563 0.00954415 -1.15045e-05 -0.0192761 0.00572424 -0.00763527 -0.0027756 0.00169306 -0.000977708 -0.00488369 0.0101721
internal_weight=1557.9 1468.85 1403.23 757.853 282.866 474.986 37.7733 241.58 60.1624 645.377 437.213 350.451 247.234 181.418
internal_count=6944 6561 6265 3419 1264 2155 165 1085 259 2846 1990 1593 1109 826
is_linear=0
shrinkage=0.03


Tree=21
num_leaves=15
num_cat=0
split_feature=32 29 23 14 32 28 29 15 32 13 13 29 13 32
split_gain=14.051 31.8295 35.6645 22.2196 22.683 19.4038 14.5839 16.1186 14.065 21.0153 23.0052 15.5196 13.7898 15.5396
threshold=0.49049438445969418 1.1042248419658003 0.0067573933714404543 -5.0240816480795472 -0.46174861323503363 -11.650079779625953 1.640176396825711 -0.015911685958222673 0.91531147911944732 1.6598148769599537 0.62934111587365849 0.59206918260358132 -0.84702278855991131 0.91080963307804863
decision_type=2 10 8 10 2 10 10 10 2 10 8 10 10 2
left_child=3 5 -3 6 -5 -2 7 -1 9 10 11 -7 -4 -14
right_child=1 2 12 4 -6 8 -8 -9 -10 -11 -12 -13 13 -15
leaf_value=0.0019212926527859993 0.0025045902658092315 -0.021949981468292613 0.039517723330322309 0.00024164501776995775 0.025265793198215526 -0.0074067578455881081 -0.014729341251069887 -0.024978732672530063 -0.0035153923008157404 -0.046017985040075794 0.0065041679362884547 -0.028817613288923953 -0.00078155613492029703 0.028372539674442834
leaf_weight=820.87142397463322 115.37229961901903 23.575061924755573 21.256313681602478 61.446426577866077 68.49145282804966 54.456917509436607 53.628745593130589 19.551243223249912 111.25067327916622 19.265847250819206 39.270256489515305 70.877005219459534 37.837769653648138 28.045644253492355
leaf_count=3574 502 107 108 270 293 225 349 88 506 80 160 298 187 140
internal_value=-5.82945e-05 -0.00406361 0.0101494 0.00198237 0.0135243 -0.00791238 0.000291677 0.00126656 -0.0119794 -0.0170539 -0.0134064 -0.019647 0.0189842 0.0118676
internal_weight=1545.2 521.208 110.715 1023.99 129.938 410.493 894.051 840.423 295.121 183.87 164.604 125.334 87.1397 65.8834
internal_count=6887 2313 542 4574 563 1771 4011 3662 1269 763 683 523 435 327
is_linear=0
shrinkage=0.03


Tree=22
num_leaves=15
num_cat=0
split_feature=30 16 23 28 33 28 31 32 33 33 30 32 1 28
split_gain=13.697 10.0712 11.6198 10.0682 10.0669 13.4936 10.5834 10.6774 12.1394 9.90735 10.7172 9.77249 13.6397 9.56577
threshold=-1.0672217236341734 -0.03224150200012587 0.0018045015675474208 9.1779824812654471 0.29895401038739394 -1.0542498863408409 -0.95032354012166598 0.61734245059638992 0.19708263020873559 0.0028112327366982071 -2.1721218370050215 0.91080963307804863 -0.1046453505981237 -11.650079779625953
decision_type=10 10 10 8 2 10 2 2 2 2 10 2 2 10
left_child=9 2 4 -4 5 6 -2 8 -8 -1 -11 13 -13 -9
right_child=1 -3 3 -5 -6 -7 7 11 -10 10 -12 12 -14 -15
leaf_value=0.0055871229212336769 -0.0078644247785660398 -0.0082375626063108595 0.028202825674656609 -0.0016200471985944897 0.0084794456883497474 -0.0027862660948887725 0.010656413983537998 0.0004481023321908082 -0.014107026226533993 -0.031022502562382349 -0.0073740946921929274 -0.0083647569817993372 0.022886246244947891 -0.019174454339937645
leaf_weight=44.537301614880562 58.151610895991325 90.004420928657055 26.778784539550543 15.924982417374848 161.95347592607141 545.8887940235436 268.21608509495854 63.805534191429615 18.231235645711422 18.804879613220692 144.67827934771776 21.034362949430943 28.789130926132202 33.384131617844105
leaf_count=187 252 390 119 77 834 2387 1167 286 91 83 623 95 125 140
internal_value=0.000278815 0.00139812 0.00210237 0.0172988 0.00154738 0.000458164 0.00405914 0.00567318 0.00903673 -0.00686162 -0.0102664 -0.000897273 0.00978778 -0.00641878
internal_weight=1540.18 1332.16 1242.16 42.7038 1199.45 1037.5 491.612 433.46 286.447 208.02 163.483 147.013 49.8235 97.1897
internal_count=6856 5963 5573 196 5377 4543 2156 1904 1258 893 706 646 220 426
is_linear=0
shrinkage=0.03


Tree=23
num_leaves=15
num_cat=0
split_feature=32 13 32 29 13 14 21 29 23 13 29 29 28 15
split_gain=15.0085 19.4289 30.1505 20.8486 15.9271 15.1484 16.0132 15.3791 14.1933 13.7004 18.7061 14.7553 12.863 12.7873
threshold=0.50938662908026078 1.6598148769599537 0.83146961230254512 1.1042248419658003 -1.1333745239069943 -5.0838614897824588 0.4096432405287232 0.85956456568702877 0.10782977709562643 0.082411219573681943 0.83211038802060944 0.47686111442613349 19.827864092807349 0.0074494291488882433
decision_type=2 10 2 10 8 8 8 10 8 10 10 10 10 8
left_child=4 3 -3 13 -1 -6 7 -7 -5 10 12 -11 -8 -2
right_child=1 2 -4 8 5 6 9 -9 -10 11 -12 -13 -14 -15
leaf_value=-0.0077298832812067453 -0.02837832195753651 -0.040422176313113109 -0.00024644828517796823 -0.013292894400959649 -0.01420221531360088 0.030020937372711887 0.018985626973692708 0.00196560458294453 0.016592987718445716 -0.020368477662632712 0.0017343628986534031 0.00085817085822856266 -0.0015651858500113629 -0.0037012297803592086
leaf_weight=126.66781030967832 19.075730532407761 30.670611187815666 35.858660504221916 16.886880606412888 40.139479033648968 40.078198060393333 131.14658769965172 31.008042633533478 73.785224203020334 31.240920275449753 248.95909625291824 342.60494361817837 34.402312502264977 334.24788615107536
leaf_count=601 81 130 166 81 178 170 554 137 372 128 1142 1527 148 1445
internal_value=9.98054e-05 -0.00409888 -0.0190921 -0.00181441 0.00219048 0.00359437 0.00444109 0.0179801 0.0109427 0.00319903 0.00694811 -0.000965268 0.0147313 -0.00510986
internal_weight=1536.77 510.525 66.5293 443.996 1026.25 899.58 859.44 71.0862 90.6721 788.354 414.508 373.846 165.549 353.324
internal_count=6860 2275 296 1979 4585 3984 3806 307 453 3499 1844 1655 702 1526
is_linear=0
shrinkage=0.03


Tree=24
num_leaves=15
num_cat=0
split_feature=16 23 23 27 32 32 28 13 29 13 33 32 29 27
split_gain=16.6546 16.1107 15.7065 14.5546 14.4281 13.3157 12.9452 16.4627 20.4538 15.7099 16.1542 12.4687 10.5241 13.1294
threshold=-0.013474123132509062 -0.072437513203910425 0.012798455645388286 0.078225229653838838 -0.61734245059638992 0.78661891169205844 -4.9949571162688491 1.2434620292191898 1.0888352937640307 0.62934111587365849 0.25305910637568779 0.37256073532439549 1.5270937416797836 11.297236822409575
decision_type=10 8 10 10 2 2 10 10 10 10 2 2 10 10
left_child=1 5 3 -3 -4 -1 12 8 -8 10 11 -10 13 -5
right_child=-2 2 4 6 -6 -7 7 -9 9 -11 -12 -13 -14 -15
leaf_value=0.023784729441548445 -0.01135581403517949 0.0033698368436180111 -0.0016659083348440585 0.0011872714455491804 0.035152828695586009 -0.0058887397122468089 -0.0075468757843576472 -0.022056135449220235 -0.011861712411768231 0.027632335236303863 0.028460947957821486 0.014204079220628546 -0.016448915736959745 0.020285312261071321
leaf_weight=48.903796941041946 95.52022971957922 672.45691990107298 16.493965342640877 116.56855889409781 21.564131256192923 18.243621051311493 318.22421952337027 47.34219441562891 55.961892895400524 25.006401132792234 15.28549914062023 22.316017996519804 19.258654616773129 43.940704092383385
leaf_count=216 413 2986 70 495 107 81 1371 216 282 115 80 116 106 197
internal_value=0.00070951 0.00151629 0.000809736 0.000261468 0.0195619 0.0157545 -0.00288728 -0.00543714 -0.00358961 0.00700541 0.0012586 -0.00434526 0.00397188 0.00650874
internal_weight=1537.09 1441.57 1374.42 1336.36 38.0581 67.1474 663.904 484.136 436.794 118.57 93.5634 78.2779 179.768 160.509
internal_count=6851 6438 6141 5964 177 297 2978 2180 1964 593 478 398 798 692
is_linear=0
shrinkage=0.03


Tree=25
num_leaves=15
num_cat=0
split_feature=16 13 29 22 13 33 23 14 29 28 32 32 13 29
split_gain=11.3061 12.2957 18.8186 21.9946 17.7263 13.1295 12.7497 12.7463 12.2027 10.3731 10.2655 27.6847 9.33492 19.6966
threshold=-0.017758814821890564 0.02510765951264694 0.58230305694219431 -1.328942982534649 -0.54048373880373679 0.23282561739203927 0.012798455645388286 -4.229189854622061 0.73193256289022468 -32.772259853164336 0.48098876891938797 -0.17364817766693072 1.2434620292191898 0.8237624433212728
decision_type=10 10 10 10 8 2 10 8 10 10 2 2 10 10
left_child=1 2 3 4 -1 -4 7 -3 9 -9 11 -2 -10 -14
right_child=10 6 5 -5 -6 -7 -8 8 12 -11 -12 -13 13 -15
leaf_value=-0.0022521715327117188 -0.017055268221074719 -0.021509091580666533 -0.00095968654999197293 0.040758986144042123 0.02307401879606431 0.010261591120670977 0.018733567698070597 0.01301113875528836 0.0034487940565433718 -0.009414145050762145 -0.02314308788300156 0.023067867602983686 0.018760969231933391 -0.016684463102031477
leaf_weight=62.611550770699978 42.814671285450459 31.837561383843422 537.42274751514196 21.297402486205101 40.093650840222836 112.66480233892798 23.559381138533354 19.385380834341049 299.52076005190611 221.932845890522 33.696477547287941 22.942899502813816 17.63785919547081 57.996763728559017
leaf_count=275 188 139 2384 92 173 573 113 89 1330 938 145 98 77 283
internal_value=-0.000202057 0.000473737 0.00304921 0.0137097 0.00776173 0.000997815 -0.0024937 -0.00329275 -0.00231867 -0.00756644 -0.00993432 -0.00292041 0.00106809 -0.0082817
internal_weight=1545.41 1445.96 774.09 124.003 102.705 650.088 671.871 648.311 616.474 241.318 99.454 65.7576 375.155 75.6346
internal_count=6897 6466 3497 540 448 2957 2969 2856 2717 1027 431 286 1690 360
is_linear=0
shrinkage=0.03


Tree=26
num_leaves=15
num_cat=0
split_feature=1 13 23 32 14 13 32 29 32 28 13 13 23 28
split_gain=15.2973 14.2278 17.6153 21.2408 17.7384 17.0368 28.8604 25.2303 27.9521 24.0583 14.0269 16.8298 15.6925 15.3056
threshold=0.26631306850275288 0.02510765951264694 0.0018045015675474208 0.087155742747658027 -4.6626852424214151 -0.3934611219893675 -0.88186879444286459 0.78327258665787214 -0.46174861323503363 19.053361972183328 -0.42882033197452329 -0.49385539650454757 -0.12017455917247745 -12.675128947510215
decision_type=2 10 10 2 8 10 2 10 2 10 10 8 10 10
left_child=1 5 4 -4 -3 6 -1 9 -9 -7 11 12 13 -8
right_child=-2 2 3 -5 -6 7 10 8 -10 -11 -12 -13 -14 -15
leaf_value=-0.016849971966819473 -0.013192304058476108 -0.027998404232892914 -0.0030474512307194254 0.038050818254906194 -0.0027183133409787062 0.030060347386215498 0.010492425088356237 0.010440217540056708 -0.015994557786730496 -0.0052611609059905317 -0.015379327769803859 0.025701563741774916 0.019768826709404025 -0.003030610826810018
leaf_weight=74.351806659251451 73.089610200375319 25.093182623386383 24.746146723628044 19.648170094937086 597.32770714908838 73.502593234181404 104.96989596262574 121.80414452403784 49.951642237603664 22.275365576148033 33.19650486856699 30.52206789702177 43.431808166205883 259.5358688570559
leaf_count=317 370 110 110 96 2620 312 491 568 218 95 148 135 189 1158
internal_value=0.000110845 0.000776123 -0.00247043 0.0155795 -0.00378077 0.00343691 0.000393476 0.00962364 0.00270412 0.021876 0.00314163 0.00457569 0.00293605 0.000881787
internal_weight=1553.45 1480.36 666.815 44.3943 622.421 813.542 546.008 267.534 171.756 95.778 471.656 438.46 407.938 364.506
internal_count=6937 6567 2936 206 2730 3631 2438 1193 786 407 2121 1973 1838 1649
is_linear=0
shrinkage=0.03


Tree=27
num_leaves=15
num_cat=0
split_feature=16 23 13 32 33 27 32 22 13 33 33 28 29 13
split_gain=12.7506 18.6196 17.5677 20.1923 16.5453 15.5407 11.2093 11.2734 9.71125 23.384 15.2023 12.0499 17.4724 16.0827
threshold=-0.0053767362390857434 0.0011443980323129386 1.3007426348145792 0.50938662908026078 0.11953665771840537 4.0944476192805732 0.46174861323503363 -0.74796497203986612 -1.4945286730437706 0.0030555402456639283 0.35317243313909236 -1.0542498863408409 1.5270937416797836 -0.84702278855991131
decision_type=10 10 10 2 2 10 2 10 8 2 2 10 10 8
left_child=1 2 8 5 -5 -4 7 -2 9 -1 11 12 13 -10
right_child=6 -3 3 4 -6 -7 -8 -9 10 -11 -12 -13 -14 -15
leaf_value=0.014102295092984189 -0.016756935467284219 0.018111257199258705 0.012100342570053791 -0.029949437674859886 0.0026814246964122594 -0.01617350524060808 -0.025526222988627459 0.013322179559052145 0.017808336119498482 -0.019143736972341584 0.010996280928706558 -0.0025338331488527757 -0.014479908039533446 0.0029533085571648524
leaf_weight=26.949732385575771 21.934704422950745 50.889423299580812 43.97986376285553 52.046104043722153 18.781275510787964 27.638415027409792 31.379939839243889 20.961831197142601 79.191546931862831 59.409866116940975 137.1101933568716 572.19330952689052 41.598868954926729 363.6827008202672
leaf_count=128 93 231 198 229 97 130 135 91 332 317 703 2451 237 1528
internal_value=-0.00015547 0.00045948 -0.000184249 -0.0101402 -0.0213799 0.00111664 -0.0121987 -0.00208982 0.000930641 -0.00872618 0.00163595 0.000412129 0.00388955 0.00564371
internal_weight=1547.75 1473.47 1422.58 142.446 70.8274 71.6183 74.2765 42.8965 1280.14 86.3596 1193.78 1056.67 484.473 442.874
internal_count=6900 6581 6350 654 326 328 319 184 5696 445 5251 4548 2097 1860
is_linear=0
shrinkage=0.03


Tree=28
num_leaves=15
num_cat=0
split_feature=16 28 33 22 31 33 26 30 32 30 28 33 27 26
split_gain=15.1076 12.3963 14.4884 14.8942 11.4031 10.1432 9.27171 8.4176 12.7661 7.81097 7.81399 7.60948 7.52218 6.84039
threshold=-0.017758814821890564 -3.0599193197833325 0.19708263020873559 0.54317732099235239 -0.99512551815703243 0.0018532788409810444 0.12370974864062136 0.40356937096875339 0.47136869107721086 -1.0672217236341734 10.278385160509275 0.0070307244389254363 -20.500292998262278 8.6220022586669405
decision_type=10 10 2 10 2 2 10 10 2 10 10 2 10 8
left_child=1 4 3 9 -1 13 -4 8 -2 10 -3 -7 -13 -6
right_child=7 2 6 -5 5 11 -8 -9 -10 -11 -12 12 -14 -15
leaf_value=-0.017295346005662047 0.0071674447986304424 -0.019417453320455021 0.015000261102809859 0.017414749807958509 0.015588260707791407 -0.0045267165069820502 0.00041509181310071672 -0.023387525898940571 -0.019093578056839512 -0.0025685093223543759 -0.0016952705110526906 -0.0052125257631228366 0.0069033720288655606 -0.0054581290945677936
leaf_weight=19.739265911281109 36.528140068054199 52.666291430592537 71.815087433904409 29.857812788337469 108.61791770160198 89.226985581219196 85.164463356137276 31.289112977683544 29.057937756180763 550.47117102891207 38.778226055204868 53.041436467319727 322.25594702363014 15.411151453852652
leaf_count=84 156 219 343 132 475 393 425 141 125 2406 165 292 1439 70
internal_value=0.000574139 0.00134999 -0.00103713 -0.00295579 0.00459864 0.00536102 0.00714024 -0.0108311 -0.00457953 -0.00392891 -0.0120018 0.00331117 0.00518171 0.0129504
internal_weight=1533.92 1437.05 828.753 671.774 608.293 588.553 156.98 96.8752 65.5861 641.916 91.4445 464.524 375.297 124.029
internal_count=6865 6443 3690 2922 2753 2669 768 422 281 2790 384 2124 1731 545
is_linear=0
shrinkage=0.03


Tree=29
num_leaves=15
num_cat=0
split_feature=16 22 29 29 32 32 28 32 29 32 29 28 27 0
split_gain=15.1738 17.2316 17.911 12.6521 25.1751 18.8171 18.5335 17.7395 17.6342 17.9704 11.9335 12.4611 11.9155 12.0224
threshold=-0.017758814821890564 0.043215835914009522 0.60521742999189032 1.1317676996470507 0.22706275313213803 0.45201865172701733 -11.650079779625953 0.91531147911944732 1.640176396825711 -0.11969653353600833 0.56852331103608067 -35.463809695812635 4.2011954057485932 -0.047257891655787441
decision_type=10 10 10 8 2 2 10 2 10 2 10 10 10 2
left_child=1 3 -3 5 8 12 10 -8 9 -5 -7 -12 -1 -14
right_child=-2 2 -4 4 -6 6 7 -9 -10 -11 11 -13 13 -15
leaf_value=0.0044881077289933421 -0.011219812421334178 0.035994681295772886 0.0046258019027102769 0.0078156482150248466 0.017411830285379758 0.017499800947012596 -0.016653839590130861 -0.00082466306820522391 -0.015834209285903185 -0.018459606224640258 -0.022630940932838572 0.0035700485137712991 -0.014229339269653923 0.00060761505649861334
leaf_weight=423.48930792510509 100.69547414034605 23.198948800563812 51.839853618294001 157.87722194939852 102.05904162302613 35.176227450370789 178.0112985894084 99.1022644713521 50.839147496968508 26.509150549769402 20.838493049144745 64.057070538401604 70.265017881989479 158.16297325864434
leaf_count=1812 439 102 235 715 516 155 743 449 330 121 95 272 297 698
internal_value=-1.46294e-05 0.000764576 0.0146696 1.9291e-06 0.00504763 -0.00162352 -0.00676235 -0.0110163 -0.000367918 0.00395887 0.00306519 -0.00304985 0.00151292 -0.0039984
internal_weight=1562.12 1461.43 75.0388 1386.39 337.285 1049.1 397.185 277.114 235.226 184.386 120.072 84.8956 651.917 228.428
internal_count=6979 6540 337 6203 1682 4521 1714 1192 1166 836 522 367 2807 995
is_linear=0
shrinkage=0.03


Tree=30
num_leaves=15
num_cat=0
split_feature=32 29 23 29 23 32 32 31 13 13 13 13 13 13
split_gain=11.1355 22.9323 28.463 21.9439 30.8328 18.7547 18.3575 16.1904 15.8184 30.9575 12.8865 12.6812 31.5373 22.3011
threshold=0.47136869107721086 0.83211038802060944 0.067612899260586487 1.1317676996470507 0.0067573933714404543 0.8604686372286926 0.32143946530316164 -0.87137607974597275 1.6598148769599537 0.92209590533027974 -0.84702278855991131 0.082411219573681943 0.89670866023522788 -0.39701346705124246
decision_type=2 8 8 10 8 2 2 2 10 8 10 10 10 8
left_child=1 2 -1 5 -5 8 7 -3 9 -2 -6 13 -13 -4
right_child=3 6 11 4 10 -7 -8 -9 -10 -11 -12 12 -14 -15
leaf_value=0.02634467629421032 -0.014559028081261631 -0.014592122258755251 -0.00078226278469947753 -0.02327025077148592 0.036463333349836147 -0.00015241801931486132 0.020133031543654763 -0.0012618540004135669 -0.031972652468160064 0.017471376733512092 0.0094389797798359997 -0.013723184125629105 0.012206451210354827 0.019730872060291692
leaf_weight=56.739248231053352 168.0883674249053 98.570857558399439 100.587077870965 20.598550468683243 21.562376726418734 199.75097804516554 29.918919503688812 466.09322268143296 32.04240308701992 31.476272955536842 57.46269890666008 94.96769867837429 74.396840542554855 89.590795040130615
leaf_count=249 704 436 448 94 109 899 141 2156 137 128 289 395 318 384
internal_value=-0.000451705 0.00139601 0.00678782 -0.00396533 0.0086652 -0.00689569 -0.00238399 -0.00361054 -0.0126858 -0.00944512 0.0171762 0.00363706 -0.00232827 0.00893392
internal_weight=1541.85 1010.86 416.282 530.982 99.6236 431.358 594.583 564.664 231.607 199.565 79.0251 359.542 169.365 190.178
internal_count=6887 4527 1794 2360 492 1868 2733 2592 969 832 398 1545 713 832
is_linear=0
shrinkage=0.03


Tree=31
num_leaves=15
num_cat=0
split_feature=1 32 32 13 13 13 13 13 13 31 23 13 28 28
split_gain=11.5175 11.6532 18.3108 24.3212 16.3044 13.8129 15.6593 21.2305 34.3424 24.3929 27.7974 20.2175 15.6993 13.4005
threshold=0.26631306850275288 0.54643492068321298 0.91531147911944732 1.6598148769599537 0.55827081688502311 -1.1333745239069943 0.02510765951264694 -0.39701346705124246 -0.42882033197452329 0.098011308799811389 -0.083983143651950712 -0.30461992789383391 -11.650079779625953 21.64664024010499
decision_type=2 2 2 10 10 8 8 10 10 2 8 10 10 8
left_child=1 5 3 4 -3 -1 7 8 9 10 -7 -9 -12 -11
right_child=-2 2 -4 -5 -6 6 -8 11 -10 13 12 -13 -14 -15
leaf_value=-0.0063342790889983781 -0.010915885946492359 -0.0085530852145478016 0.0045834175901656553 -0.029303939004825953 0.0090642973639329747 0.024397785895577364 0.00042482810048610282 0.035747924013716209 -0.02466083507671861 0.025845169053439133 0.0059942065914818351 0.010893973081548176 -0.02375844994712091 -0.0032826086664418707
leaf_weight=123.46717415004969 73.420331433415413 179.69711904600263 185.43886576592922 38.715521268546581 63.124340210109949 23.037621423602104 445.70301439240575 34.583447631448507 35.987333789467812 61.366639658808708 24.42835796251893 183.04506424069405 43.278351254761219 18.141105204820633
leaf_count=581 370 773 857 168 271 99 1966 161 160 264 114 812 183 79
internal_value=0.000597127 0.00118316 -0.00272144 -0.0075321 -0.00395484 0.00302019 0.00435415 0.00847516 0.00156248 0.00721712 -0.00341272 0.014989 -0.0130928 0.0192409
internal_weight=1533.43 1460.01 466.976 281.537 242.821 993.038 869.571 423.868 206.239 170.252 90.7443 217.629 67.7067 79.5077
internal_count=6858 6488 2069 1212 1044 4419 3838 1872 899 739 396 973 297 343
is_linear=0
shrinkage=0.03


Tree=32
num_leaves=15
num_cat=0
split_feature=1 14 23 32 27 33 33 31 32 29 1 30 29 31
split_gain=15.3782 10.4801 13.6991 14.1734 11.6851 12.2131 13.002 8.31886 8.238 9.21419 7.7472 11.2848 9.29442 13.0994
threshold=0.26631306850275288 -5.0240816480795472 0.0011443980323129386 -0.17364817766693072 0.078225229653838838 0.066705656214754563 0.020772356398613391 0.89194178735545526 -0.49049438445969407 0.7546986409652322 -0.019350528472152153 -1.2147533874912202 0.59678636820129294 -0.69930991848440838
decision_type=2 8 10 2 10 2 2 2 2 10 2 10 10 2
left_child=1 -1 4 -4 10 6 8 -8 9 -6 11 -3 13 -13
right_child=-2 2 3 -5 5 -7 7 -9 -10 -11 -12 12 -14 -15
leaf_value=-0.011055980204600713 -0.013488704508436256 -0.012736035480065272 0.0020132921970049673 0.034921357893813211 0.017038547988659093 0.0035390559336086792 -0.020443955333025097 -0.0013741124616050784 -0.0058555266060906384 -0.0012780813936808238 0.0076471414211545935 -0.0052599927995228011 0.00034302427964116107 0.020037309365931254
leaf_weight=66.741599295288324 73.622826352715492 47.685360595583916 26.423443078994751 20.445313163101673 33.119013428688049 210.71965004131198 68.708603661507368 29.431977674365044 226.34776262566447 89.263055276125669 230.86107261478901 27.214058250188828 343.25982994586229 53.839705340564251
leaf_count=299 376 209 116 93 136 995 301 130 974 382 994 115 1569 235
internal_value=-0.000201965 0.000470344 0.00102444 0.0167982 0.000469077 -0.00240349 -0.00520732 -0.0147965 -0.0024741 0.00377668 0.00315622 0.000948132 0.00251232 0.0115831
internal_weight=1547.68 1474.06 1407.32 46.8688 1360.45 657.59 446.87 98.1406 348.73 122.382 702.86 471.999 424.314 81.0538
internal_count=6924 6548 6249 209 6040 2918 1923 431 1492 518 3122 2128 1919 350
is_linear=0
shrinkage=0.03


Tree=33
num_leaves=15
num_cat=0
split_feature=15 14 31 31 13 33 28 33 32 27 29 32 29 27
split_gain=10.6869 16.7682 16.5912 21.9856 16.1932 21.676 30.2803 12.3658 15.8136 11.5316 11.0404 29.5865 20.0727 14.0607
threshold=0.00086518507101018838 -4.890105089210838 -0.50938662908026078 0.87137607974597331 1.3007426348145792 0.0012217567110654915 4.0860119234764634 0.10118559621313471 0.66746801135786471 -0.089848147188931179 1.0990765100334201 0.33172980431441496 1.640176396825711 1.1497527785042652
decision_type=8 10 2 2 10 2 10 2 2 10 8 2 10 10
left_child=-1 4 -3 9 10 -6 7 8 -7 -4 13 12 -12 -2
right_child=1 2 3 -5 5 6 -8 -9 -10 -11 11 -13 -14 -15
leaf_value=-0.015598981973490831 0.0017651578602435579 0.024034497018447506 0.006195809857338903 0.023444216449620865 0.016632494278210449 0.00096456138002048682 -0.036718166090921441 0.013073443880228838 -0.032402898124054315 -0.016755946966256634 0.0036680668597244329 0.019731671160876936 -0.017382698185901303 -0.005794223043660774
leaf_weight=39.369321048259735 483.63288401812315 46.964636474847794 36.922081559896469 31.746764108538628 21.042733926326036 31.093877118080854 39.851905725896358 23.59368659555912 20.640613123774529 40.282272331416607 203.8969699293375 86.19406408444047 49.894242729991674 406.95907723903656
leaf_count=178 2077 209 163 142 97 138 186 112 90 177 917 425 319 1753
internal_value=-0.000364055 3.98185e-05 0.00932833 0.00282814 -0.0010258 -0.0108008 -0.0159128 -0.00456893 -0.0127101 -0.00584067 6.41688e-05 0.00465528 -0.000522402 -0.00169175
internal_weight=1562.09 1522.72 155.916 108.951 1366.8 136.223 115.18 75.3282 51.7345 77.2044 1230.58 339.985 253.791 890.592
internal_count=6983 6805 691 482 6114 623 526 340 228 340 5491 1661 1236 3830
is_linear=0
shrinkage=0.03


Tree=34
num_leaves=15
num_cat=0
split_feature=28 33 22 13 13 31 31 13 23 33 13 13 21 33
split_gain=14.4299 18.3837 14.695 14.1109 10.4285 18.2199 15.5993 15.4938 13.8319 10.8264 9.60729 11.5308 11.084 18.8314
threshold=-1.8700812973460044 0.19708263020873559 0.93446708556509328 0.82522239325676827 -1.4945286730437706 0.88186879444286481 0.60003553868615167 0.49387493835574298 -0.015021937449794914 0.056465118932625756 -0.49626739035689221 -0.19738895823384084 -1.3152153934292696 0.0039233913371447895
decision_type=10 2 10 10 8 2 2 10 8 2 10 10 10 2
left_child=4 2 10 -3 6 7 -1 -6 -9 -7 -2 12 13 -12
right_child=1 3 -4 -5 5 9 -8 8 -10 -11 11 -13 -14 -15
leaf_value=0.0025735681711610294 -0.011434871511964588 0.011552097039415692 0.020668850256211905 -0.0090284783469702749 0.0054015422530309569 0.030775136117257407 -0.032402937699093262 -0.028963794963973388 -0.0023789391457564673 0.0088019361843084433 0.036910231442420685 -0.0054673296536757315 -0.010843712678782058 -0.00061652432298225316
leaf_weight=30.070378556847572 197.02783698961139 115.24704163521528 18.336245197802782 39.57255957275629 363.09366381913424 29.336863622069359 17.427570782601833 18.53243150562048 181.99918324500322 64.183993250131607 20.080796837806702 404.04850347712636 19.511049017310143 27.971325729042292
leaf_count=150 873 565 84 197 1604 126 85 86 823 296 88 1729 82 130
internal_value=-0.000393605 -0.00304331 -0.00514768 0.00626743 0.00277167 0.00375746 -0.0106632 0.00171014 -0.00496735 0.0159474 -0.00588546 -0.00354776 0.00784415 0.0154985
internal_weight=1546.44 841.795 686.976 154.82 704.644 657.146 47.4979 563.625 200.532 93.5209 668.64 471.612 67.5632 48.0521
internal_count=6918 3748 2986 762 3170 2935 235 2513 909 422 2902 2029 300 218
is_linear=0
shrinkage=0.03


Tree=35
num_leaves=15
num_cat=0
split_feature=1 32 29 23 32 32 29 20 23 28 13 13 13 32
split_gain=8.99208 9.40804 23.7108 28.304 23.2809 15.4236 14.7534 16.5653 23.4049 13.0484 12.1412 23.4308 15.9348 13.4534
threshold=0.31395385593120778 0.47136869107721086 1.1700165146562116 0.0067573933714404543 0.8604686372286926 0.26932402956675644 0.81657013122086297 1.0906198624383026 0.02643379513677661 28.593799207916607 0.082411219573681943 0.89670866023522788 -0.57745133864518761 -0.88186879444286459
decision_type=2 2 10 8 2 2 10 8 8 8 10 10 8 2
left_child=1 5 4 -4 -3 6 7 -1 -9 -6 12 -12 -10 -14
right_child=-2 2 3 -5 9 -7 -8 8 10 -11 11 -13 13 -15
leaf_value=-0.021279726144071975 -0.013932348258319335 -0.012926410593286529 -0.021668095498197138 0.019778751930976956 -0.0012003661864529644 0.012430255240379239 -0.002706488358424112 0.031979115390541699 -0.0032478539016924241 0.026329297790309868 -0.013540054888721771 0.013242165942915775 0.0035916574321650215 0.026297389372030588
leaf_weight=18.730249136686325 42.840572495013475 225.39050417393446 18.035131990909576 67.528434671461582 184.9848713055253 104.27056001499295 549.64605513587594 29.651116594672203 53.01446495205164 15.905372075736521 72.175950512290001 48.173387080430984 39.922461614012718 57.317256532609463
leaf_count=81 228 943 85 347 823 453 2523 132 242 77 299 206 165 250
internal_value=-0.000541906 -0.000146424 -0.00343498 0.0108932 -0.0063297 0.00158544 0.000270827 0.0053935 0.00712252 0.0010989 0.00429117 -0.0027989 0.00995106 0.0171068
internal_weight=1527.59 1484.75 511.844 85.5636 426.281 972.902 868.631 318.985 300.255 200.89 270.604 120.349 150.254 97.2397
internal_count=6854 6626 2275 432 1843 4351 3898 1375 1294 900 1162 505 657 415
is_linear=0
shrinkage=0.03


Tree=36
num_leaves=15
num_cat=0
split_feature=30 28 29 15 33 23 29 33 31 33 14 31 14 31
split_gain=12.0838 11.3244 9.16066 8.63873 8.37271 10.268 24.6285 7.98012 8.39414 6.86039 6.71915 6.67456 6.64816 6.86636
threshold=-1.5194406501835556 -1.0542498863408409 1.4217134846592185 0.0033826877887950251 0.19708263020873559 -0.11485745583373168 0.68965934584499011 0.002586458977622292 0.65106671239330416 0.085651758016579468 -5.0530660145053909 0.99512551815703276 -3.242709174311464 0.78661891169205866
decision_type=10 10 10 8 2 10 10 2 2 2 8 2 8 2
left_child=7 2 10 -3 5 11 -7 -1 9 -9 -2 12 -5 -14
right_child=1 3 -4 4 -6 6 -8 8 -10 -11 -12 -13 13 -15
leaf_value=0.0066316494710709304 -0.010295991063809122 -0.020328626840908786 -0.0063818371423726029 -0.019567791799587182 0.0050166396262219031 0.031571310915639285 -0.0048801490902357003 -0.030775879271791744 -0.00016809378963709171 -0.0069207208399258225 0.0052402335270911498 -0.019216555856870262 -0.0044032036508176971 0.0055733352068945844
leaf_weight=18.079152926802635 25.287968337535858 21.457911312580109 76.747600175440311 21.636796057224274 144.8254816159606 24.228611096739769 48.610609699040651 30.414315924048424 22.423400521278381 17.665745809674263 574.53536914288998 25.194371446967125 415.15562720224261 72.093817573040724
leaf_count=76 111 93 439 92 714 106 208 128 96 87 2511 106 1816 318
internal_value=-0.000172955 0.000487433 0.00331937 -0.00199166 -0.00144194 -0.00298883 0.00750811 -0.0108659 -0.0153828 -0.0223305 0.0045692 -0.00443178 -0.00366355 -0.00291868
internal_weight=1538.36 1449.77 676.571 773.203 751.745 606.92 72.8392 88.5826 70.5035 48.0801 599.823 534.081 508.886 487.249
internal_count=6901 6514 3061 3453 3360 2646 314 387 311 215 2622 2332 2226 2134
is_linear=0
shrinkage=0.03


Tree=37
num_leaves=15
num_cat=0
split_feature=32 29 23 32 29 33 28 26 1 1 32 30 27 29
split_gain=11.7125 21.2713 23.7648 19.0217 14.5475 10.6632 9.68393 9.56688 9.28208 11.8796 18.1687 16.7903 8.7359 13.9685
threshold=0.54643492068321298 1.1317676996470507 0.0067573933714404543 0.90159026428466915 2.0541505208507802 0.034247825836957811 25.713014831296736 -3.2723927582356533 0.26631306850275288 -0.011388093632988169 -0.94331137514050678 -1.0672217236341734 13.388268548313322 0.57730922353624659
decision_type=2 10 8 2 8 2 8 10 2 2 2 10 8 10
left_child=4 3 -3 7 8 -4 -5 -2 9 11 -11 -1 13 -9
right_child=1 2 5 6 -6 -7 -8 12 -10 10 -12 -13 -14 -15
leaf_value=-0.017134173721110053 -0.0030199242002351169 -0.018846607487227642 0.0081450897055452883 -0.0020064372510302181 -0.024331186161852748 0.032208021076038346 0.021310924351482911 -0.0076320175775662679 -0.01032527974592295 -0.0079353527055672571 0.0086823984143456264 0.0013126420384003393 0.0026255799038798155 -0.027147334916470998
leaf_weight=47.895870946347713 63.004961587488651 21.180450201034546 48.970931958407164 146.21949761360884 18.179859455674887 24.862390212714672 16.98943704366684 55.922016009688377 50.985849771648645 68.873555116355419 393.16615011170506 482.8452773950994 18.027375876903534 83.390817195177078
leaf_count=200 270 97 248 657 120 129 83 235 253 293 1741 2153 80 349
internal_value=-0.000192714 -0.0040845 0.00856094 -0.00723114 0.00156332 0.0165701 0.00053581 -0.0129605 0.00203719 0.00268184 0.0061935 -0.000381153 -0.0168969 -0.0194239
internal_weight=1540.51 478.568 95.0138 383.554 1061.95 73.8333 163.209 220.345 1043.77 992.781 462.04 530.741 157.34 139.313
internal_count=6908 2148 474 1674 4760 377 740 934 4640 4387 2034 2353 664 584
is_linear=0
shrinkage=0.03


Tree=38
num_leaves=15
num_cat=0
split_feature=14 22 29 23 13 13 32 32 28 27 33 28 28 13
split_gain=15.5002 12.1314 10.9957 10.9306 10.7196 22.7931 21.3316 17.7581 15.4771 12.2295 10.8061 19.1759 18.2329 15.3808
threshold=-4.890105089210838 -1.1090316895669743 0.83519448053784628 0.012122805397294285 1.3007426348145792 1.6122517058878592 0.44228869021900119 0.83146961230254512 -2.0846655814210631 3.9800950111423821 0.16682684476506957 -8.4047113561691571 -4.9949571162688491 0.92209590533027974
decision_type=8 10 10 10 10 10 2 2 10 10 2 8 10 10
left_child=1 -1 -3 4 10 -6 9 -8 -9 -7 12 -12 -2 -14
right_child=3 2 -4 -5 5 6 7 8 -10 -11 11 -13 13 -15
leaf_value=-0.026604834751025947 0.0048438503599926271 0.015443166698791285 -0.0126469459174236 0.016274914098992996 -0.038109582224987851 0.021348699157669189 -0.030180837793436471 0.018831177253472747 -0.019079585555952829 -0.0067286151104952088 -0.0047285286419678826 0.012418257363286207 -0.0050889291831392146 0.0096546051483444566
leaf_weight=31.96541066840291 394.09943318367004 17.666680976748466 37.3659404553473 38.7564358972013 17.932728968560696 35.287760853767395 31.466696619987488 18.772747375071049 18.009894169867039 22.066418774425983 87.983138740062714 172.77240020781755 551.43859582766891 71.047164298593998
leaf_count=145 1710 76 170 176 84 161 137 87 89 104 467 833 2396 300
internal_value=2.32987e-05 -0.0122046 -0.00351473 0.000759969 0.000325629 -0.00741859 -0.00277036 -0.0140107 0.000255229 0.0106161 0.00120098 0.00663669 -0.000198442 -0.0033934
internal_weight=1546.63 86.998 55.0326 1459.63 1420.88 143.536 125.604 68.2493 36.7826 57.3542 1277.34 260.756 1016.59 622.486
internal_count=6935 391 246 6544 6368 662 578 313 176 265 5706 1300 4406 2696
is_linear=0
shrinkage=0.03


Tree=39
num_leaves=15
num_cat=0
split_feature=1 30 15 33 31 31 27 29 27 14 28 1 33 33
split_gain=13.1116 11.2054 10.3923 11.4261 10.2547 13.7126 11.3741 12.1267 11.5099 9.31957 8.6156 8.41855 8.6552 19.0348
threshold=0.27176214257301973 -2.0708386458262971 -0.0055726281684780323 0.037224100589487212 0.74455857214455079 0.43245347597985045 14.642250560967797 1.1582858184742924 2.0469080580998171 -4.4606878128239371 68.86480638230276 -0.067874378061852217 0.093095242636832595 0.012599071030236922
decision_type=2 10 10 2 2 2 10 10 10 10 8 2 2 2
left_child=1 -1 4 -4 5 10 7 8 -7 -6 11 -3 13 -13
right_child=-2 2 3 -5 9 6 -8 -9 -10 -11 -12 12 -14 -15
leaf_value=-0.017855261001111067 -0.013061273836495664 -0.0013161644969278375 -0.018422757951481846 0.0039788338697729891 0.0048030430234102806 -0.0087483268441113423 0.011303662403480054 0.002207778767091747 -0.029499993500383449 0.025522526110540747 -0.01889616399854219 0.0072464804961893965 0.01099836535603098 -0.007539043254251066
leaf_weight=28.645814351737499 67.086989149451256 387.9053096473217 49.82805509865284 33.828037589788437 284.94474498927593 69.76654015481472 23.919990550726652 46.185775145888329 36.833987697958946 20.075299933552742 17.194495905190706 222.54322221130133 136.04956126958132 119.70909903943539
leaf_count=125 341 1756 211 153 1270 293 111 213 151 90 122 944 650 505
internal_value=-0.000189555 0.000403362 0.000776444 -0.00942422 0.00140799 1.14916e-05 -0.00759302 -0.0106057 -0.0161262 0.00624567 0.00153948 0.00196646 0.00462588 0.00206807
internal_weight=1544.52 1477.43 1448.78 83.6561 1365.13 1060.11 176.706 152.786 106.601 305.02 883.402 866.207 478.302 342.252
internal_count=6935 6594 6469 364 6105 4745 768 657 444 1360 3977 3855 2099 1449
is_linear=0
shrinkage=0.03


Tree=40
num_leaves=15
num_cat=0
split_feature=15 22 29 14 30 22 22 23 21 33 13 13 28 13
split_gain=11.758 14.6492 15.3164 12.0116 12.4318 9.63074 10.3283 9.05591 9.96262 8.47264 7.72044 15.7188 9.0931 12.8586
threshold=-0.0049480459338209206 -0.49951771536373851 0.63957302690282269 -5.3153758210666693 -1.0672217236341734 0.079814844293405671 -0.52545432348378929 0.012798455645388286 0.28498384221364864 0.002586458977622292 -3.4940206515699681 -1.4945286730437706 -1.8700812973460044 -0.84702278855991131
decision_type=10 10 10 8 10 10 10 10 10 2 10 10 10 10
left_child=1 3 -3 -1 9 6 -2 8 -4 -5 -6 -12 13 -13
right_child=5 2 7 4 10 -7 -8 -9 -10 -11 11 12 -14 -15
leaf_value=-0.022412140855798571 -0.01252548230565983 0.029117519028674557 0.010210737086524802 0.0060438965605670476 0.013976121480585156 -0.027872064020639058 0.01313002493193261 0.020470411074742872 -0.014598675894889853 -0.010076170342018333 -0.01916829626839715 0.017028142264547054 -0.0009595474038639032 0.0026819650102824677
leaf_weight=20.387413371354342 45.186409257352352 30.169948324561119 28.219644702970982 35.765039637684822 41.505879860371351 20.863219805061817 19.412237390875816 20.98316191136837 28.081397850066423 149.03058793395758 32.899488493800163 64.09952474758029 575.47490710765123 417.32004787400365
leaf_count=91 197 135 128 150 237 92 86 97 126 651 155 283 2551 1898
internal_value=0.00010731 0.00075027 0.0113541 -0.000110137 0.000252093 -0.010639 -0.00473324 0.00413632 -0.00220233 -0.00694058 0.00143209 0.000941968 0.0015855 0.00462345
internal_weight=1529.4 1443.94 107.454 1336.48 1316.1 85.4619 64.5986 77.2842 56.301 184.796 1131.3 1089.79 1056.89 481.42
internal_count=6877 6502 486 6016 5925 375 283 351 254 801 5124 4887 4732 2181
is_linear=0
shrinkage=0.03


Tree=41
num_leaves=15
num_cat=0
split_feature=30 33 31 29 33 13 31 27 28 23 31 31 29 29
split_gain=9.69014 9.94347 8.89958 7.12657 7.46731 18.1559 15.2764 12.1247 10.2153 10.0357 10.206 8.08208 6.93438 9.06238
threshold=-1.5194406501835556 0.002586458977622292 0.6993099184844086 2.0541505208507802 0.16682684476506957 0.55827081688502311 0.97854064376158201 -2.1862165150121622 -4.9949571162688491 -0.13079989241686818 -0.98990318592078552 0.88186879444286481 0.34831505518521272 0.39719842615925249
decision_type=10 2 2 10 2 10 2 10 10 8 2 2 10 10
left_child=1 -1 -3 4 8 6 -6 -7 9 -2 -11 -12 -10 -14
right_child=3 2 -4 -5 5 7 -8 -9 12 10 11 -13 13 -15
leaf_value=0.0090455549095580356 -0.016379165983464564 -0.021529743288197414 0.0026348259490002806 -0.017461393550541018 0.012300375857511085 0.0052695412400637579 -0.014201411091904368 -0.017980353089388171 0.012835134061218362 -0.014106318052961055 0.0040072001448771162 0.017777613611873629 -0.022874914887746699 -0.0024714261201495692
leaf_weight=19.30576778948307 21.165554523468018 49.247533515095711 18.590098217129707 18.311974238604307 193.63147110119462 37.506891023367643 20.928223073482513 41.835652157664299 24.560408309102058 24.459221087396145 356.80309025943279 42.165662363171577 19.229878574609756 644.19236824288964
leaf_count=81 92 222 80 134 969 189 93 203 105 104 1558 188 81 2779
internal_value=5.30722e-05 -0.00960393 -0.0149657 0.00064178 0.000886243 0.00513846 0.00966149 -0.00706085 -0.000220761 0.00331913 0.00434004 0.00550336 -0.00250983 -0.00309638
internal_weight=1531.93 87.1434 67.8376 1444.79 1426.48 293.902 214.56 79.3425 1132.58 444.594 423.428 398.969 687.983 663.422
internal_count=6878 383 302 6495 6361 1454 1062 392 4907 1942 1850 1746 2965 2860
is_linear=0
shrinkage=0.03


Tree=42
num_leaves=15
num_cat=0
split_feature=28 30 22 29 33 33 32 29 33 20 28 26 30 28
split_gain=8.33503 10.1231 9.91201 9.91275 12.7273 8.46275 7.57315 12.0935 7.52691 8.88708 6.85745 7.57743 6.58297 6.25353
threshold=-1.8700812973460044 -0.75325047289405367 -0.79091318852534376 0.83519448053784628 0.028990158688221381 0.00074103290397088976 0.44228869021900119 0.83519448053784628 0.58228290274134042 -0.033499596376884704 77.881136058577397 -6.0928453728870116 0.3475830216774296 -3.975929443678083
decision_type=10 10 10 10 2 2 2 8 2 8 10 10 8 8
left_child=2 5 12 -4 -5 -2 7 -7 9 -3 11 -11 -1 -14
right_child=1 8 3 4 -6 6 -8 -9 -10 10 -12 -13 13 -15
leaf_value=0.0033967437567295772 0.0098236804399352128 -0.021005608114428916 0.026523979453829453 -0.012450980659669394 0.021125268871299667 0.0060639084429587424 -0.015859289962722088 -0.016236303292193961 0.011940561208464137 0.0079811126418245434 -0.018344089384011907 -0.0014754842924009188 -0.004381450483967448 0.014756011591308295
leaf_weight=391.98642197996378 20.677749052643776 18.736536026000977 27.709334194660187 20.942481607198715 17.953121192753315 49.67080120742321 95.819681145250797 37.608994409441948 40.929826073348522 90.217960752546787 17.807769898325205 464.04281353205442 211.6650848351419 15.592924058437346
leaf_count=1686 87 81 120 91 87 208 423 159 232 399 137 2023 1052 68
internal_value=-0.000211907 -0.00222257 0.00223718 0.013145 0.00318793 -0.00801916 -0.0100766 -0.00362036 -0.00034306 -0.00121278 -0.000529001 7.53834e-05 0.00104465 -0.00300947
internal_weight=1521.36 835.512 685.849 66.6049 38.8956 203.777 183.099 87.2798 631.735 590.805 572.069 554.261 619.244 227.258
internal_count=6853 3749 3104 298 178 877 790 367 2872 2640 2559 2422 2806 1120
is_linear=0
shrinkage=0.03


Tree=43
num_leaves=15
num_cat=0
split_feature=27 29 23 29 14 13 13 23 1 28 15 23 14 13
split_gain=12.5619 11.8995 12.8675 13.4913 11.479 10.5156 19.8855 8.7271 8.31425 8.84159 7.61123 8.28932 8.03575 7.46747
threshold=0.46019063048241554 1.0990765100334201 0.0082077477034171367 1.6203578984870488 -3.668754786967376 -1.4316337044285257 -1.5273327396272707 -0.10221670272142321 -0.1254855521627046 41.558573608817547 0.0027392045037739625 -0.030740364609416714 -4.890105089210838 -0.39701346705124246
decision_type=10 8 8 10 10 8 10 8 2 10 8 10 8 8
left_child=4 7 -3 8 5 6 -1 -2 -4 -10 -7 12 -12 -9
right_child=1 2 3 -5 -6 10 -8 13 9 -11 11 -13 -14 -15
leaf_value=0.0083322823773173318 0.010111423558037581 -0.01275171726811119 -0.0086262482716992581 -0.0092257008215290755 0.025418250421297112 -0.010454520462240536 -0.026557234709882374 -0.011568053574755554 0.017336246655598565 -0.0023973187662319827 -0.014815570856040695 0.02030494166301532 0.0041896484258104267 -0.00335558039435807
leaf_weight=27.901534326374531 32.854363828897476 35.025756575167179 16.60576656460762 36.619187142699957 19.394525781273842 32.133312433958054 29.240775816142559 137.70850586146116 104.06946538388729 25.089342709630728 19.71601415425539 26.921277470886707 630.85945384576917 358.89335674792528
leaf_count=154 148 160 75 227 87 145 132 611 474 140 89 118 2793 1545
internal_value=0.000552603 -0.00223206 0.00366578 0.006871 0.00319754 0.00260312 -0.00967102 -0.00465622 0.0109501 0.013514 0.0036037 0.0042849 0.00359183 -0.00565158
internal_weight=1533.03 746.866 217.41 182.384 786.167 766.772 57.1423 529.456 145.765 129.159 709.63 677.497 650.575 496.602
internal_count=6898 3380 1076 916 3518 3431 286 2304 689 614 3145 3000 2882 2156
is_linear=0
shrinkage=0.03


Tree=44
num_leaves=15
num_cat=0
split_feature=1 26 16 14 13 28 29 32 32 14 14 29 32 13
split_gain=14.5851 10.1701 9.42112 7.56275 12.3195 12.4097 9.29448 10.5242 8.56008 7.52366 7.8228 7.39694 7.2299 9.29366
threshold=0.26631306850275288 0.76884073528127328 -0.016054691029992792 -4.6706427887233106 1.2079188283058431 -13.432291280697227 1.1098977526447824 0.34202014332566844 -0.054511258297739423 -4.2665906565997327 -4.6222043863225473 0.91648702005583071 -0.46174861323503363 0.62934111587365849
decision_type=2 10 10 10 10 10 8 2 2 10 10 10 2 8
left_child=1 9 3 4 6 -6 12 -8 -7 10 -1 -2 -3 -14
right_child=11 2 -4 -5 5 8 7 -9 -10 -11 -12 -13 13 -15
leaf_value=0.0028295176025645193 -0.020611220928430731 0.003486599752522546 -0.015853017617584529 0.012245124732183772 0.0067692474298452383 -0.0041675484999341237 0.001226169657694332 0.019755416060438617 -0.030959915553678219 0.013905616372393181 -0.014423652488397399 -0.0011442386959119241 -0.0087944452475086261 0.0059620774978128609
leaf_weight=750.60696452483535 43.070353768765926 109.36088260263205 40.399495989084244 35.195075768977404 18.309838678687811 16.65060418099165 100.62711806967854 37.08528533577919 31.085339084267616 52.731170829385519 23.439161233603954 29.415953360497952 188.50202579051256 47.420320972800255
leaf_count=3332 210 475 178 163 89 78 500 182 140 237 103 161 812 198
internal_value=0.000205134 0.000864737 -0.00202257 -0.00104075 -0.00191313 -0.0139637 -0.000239863 0.00632245 -0.0218918 0.00304593 0.00228913 -0.0128343 -0.00286787 -0.00581574
internal_weight=1523.9 1451.41 624.636 584.236 549.041 66.0458 482.996 137.712 47.7359 826.777 774.046 72.4863 345.283 235.922
internal_count=6858 6487 2815 2637 2474 307 2167 682 218 3672 3435 371 1485 1010
is_linear=0
shrinkage=0.03


Tree=45
num_leaves=15
num_cat=0
split_feature=27 15 23 14 23 29 33 29 1 29 30 33 1 1
split_gain=9.96502 12.5445 14.005 9.22255 11.8645 9.05905 11.1007 7.72606 7.41352 7.7487 6.86398 6.83296 7.06421 9.11095
threshold=0.078225229653838838 -0.0051330123991810686 -0.074439325747797741 -5.0838614897824588 -0.17787365236844435 1.0990765100334201 0.27505096748795849 0.97988447436344317 -0.064055834024197636 1.6606324937429062 0.67271357830573553 0.0005309732778605627 0.26631306850275288 0.17162304107311885
decision_type=10 10 8 8 10 10 2 10 2 10 10 2 2 2
left_child=3 2 -2 -1 -5 11 8 -6 -7 -10 -8 -4 13 -13
right_child=1 -3 5 4 7 6 10 -9 9 -11 -12 12 -14 -15
leaf_value=-0.012222019222854989 0.015387509116301355 -0.018940212078652562 0.009487910820750723 0.0016529025003411591 0.021620528241921497 -0.012485076458661549 0.029198494333824529 0.0023199049694959686 0.0066376543244947564 -0.012672671668044724 0.0024583479182867631 -0.0062475452949153614 -0.018490662576458892 0.0066571070243621935
leaf_weight=36.812446489930153 39.82983024418354 39.041820332407951 27.530803427100182 656.43841050192714 46.420995831489563 35.287746712565422 19.636365905404091 31.220072273164988 97.300624489784241 22.132490742951632 15.203574590384958 382.91583939641714 34.806339308619499 55.650660827755928
leaf_count=167 179 173 118 2932 203 157 102 148 457 150 86 1633 172 253
internal_value=-0.000174992 -0.00258881 -0.00168995 0.00223419 0.00297478 -0.00269591 0.00287921 0.0139878 -0.000601847 0.00298369 0.0179237 -0.00480727 -0.00565691 -0.00459863
internal_weight=1540.23 769.336 730.294 770.892 734.079 690.464 189.561 77.6411 154.721 119.433 34.8399 500.904 473.373 438.567
internal_count=6930 3480 3307 3450 3283 3128 952 351 764 607 188 2176 2058 1886
is_linear=0
shrinkage=0.03


Tree=46
num_leaves=15
num_cat=0
split_feature=27 16 29 32 24 29 32 29 33 13 32 28 14 0
split_gain=11.9921 13.7546 8.9087 13.9638 13.1007 17.1179 13.3335 9.92966 9.71922 12.5433 8.61287 8.47615 8.33648 7.40402
threshold=0.078225229653838838 0.0015738093831085822 1.0888352937640307 -0.94331137514050678 -0.00074291666085996271 0.73534697054816445 -0.46174861323503363 1.6041463810157703 0.0042643499321991796 -0.19431964612185368 -0.18436924984152966 1.1726082478347168 -4.2665906565997327 -0.038988050499593939
decision_type=10 8 8 2 10 10 2 10 2 8 2 10 10 2
left_child=12 -2 4 -4 6 -6 13 8 10 11 -5 -10 -1 -3
right_child=1 2 3 7 5 -7 -8 -9 9 -11 -12 -13 -14 -15
leaf_value=0.0019915472829360168 -0.02055592028385652 -0.0073662386373006721 -0.018811615392248605 0.0094355446462094771 0.02401227148949113 -0.011151066805276952 -0.0087717799556158663 -0.0074898788451278099 0.020446080138622976 0.026233357331248968 -0.01234799251485773 -0.0067883891139149336 0.0149652949961285 0.0069606165597992133
leaf_weight=724.62912592291832 35.21151065826416 47.703041821718216 21.644704412668943 39.659300029277802 31.330691531300545 19.508209705352783 317.96594478189945 38.075728088617325 15.659497380256651 47.50608503818512 26.309110790491104 26.002005111426115 46.545302107930183 96.580239452421665
leaf_count=3239 158 205 102 173 139 86 1380 236 72 223 123 134 208 428
internal_value=0.000156365 -0.0025081 -0.00160811 0.00350961 -0.00375382 0.0105644 -0.00534796 0.00609415 0.00945476 0.0158571 0.000693311 0.00368766 0.00279296 0.00220576
internal_weight=1534.33 763.156 727.945 214.856 513.088 50.8389 462.249 193.212 155.136 89.1676 65.9684 41.6615 771.174 144.283
internal_count=6906 3459 3301 1063 2238 225 2013 961 725 429 296 206 3447 633
is_linear=0
shrinkage=0.03


Tree=47
num_leaves=15
num_cat=0
split_feature=1 13 13 13 29 13 32 29 1 32 23 23 13 33
split_gain=7.53477 8.71566 7.9726 14.0447 27.6127 20.9185 19.6266 18.3994 16.0113 12.5722 17.5395 17.6392 14.367 22.3273
threshold=0.27176214257301973 0.50476536847061382 0.082411219573681943 -0.3934611219893675 0.78755460274252276 -0.42882033197452329 -0.41268247579971828 1.0379030650847823 -0.015140611750931053 0.8604686372286926 -0.17557236496253786 -0.077913272069204051 -1.4261022993658983 0.024539639531258258
decision_type=2 10 10 8 8 10 2 10 2 2 10 10 10 2
left_child=2 -2 3 5 -5 9 -6 -8 -7 10 12 -12 13 -1
right_child=1 -3 -4 4 6 8 7 -9 -10 -11 11 -13 -14 -15
leaf_value=-0.0013026326796018088 -0.015939549003187132 0.0092385924323232053 -0.0020499555290620307 0.018835241259523284 0.0068532073302086374 -0.032074730164036558 -0.02449718693580533 0.0087255200736010667 0.0013703589211284271 0.01107766193371418 0.030252017545317377 -0.0040355504840109578 -0.00036395209500159601 -0.035079416825873892
leaf_weight=41.653883896768093 49.676784005016088 15.636455059051512 637.39804854616523 117.29862960427999 143.00189005956054 30.683864317834377 41.942638322710991 22.415596760809422 21.576645463705063 94.056472666561604 28.489232316613197 24.52393826842308 238.89555858820677 29.620621204376221
leaf_count=197 256 80 2830 501 663 136 174 106 94 432 128 108 1048 163
internal_value=2.88787e-05 -0.0098633 0.000474331 0.00240334 0.00726956 -0.000705642 0.000668142 -0.0129695 -0.0184999 0.0013641 -0.00117501 0.0146095 -0.00391113 -0.0156309
internal_weight=1536.87 65.3132 1471.56 834.159 324.659 509.5 207.36 64.3582 52.2605 457.24 363.183 53.0132 310.17 71.2745
internal_count=6916 336 6580 3750 1444 2306 943 280 230 2076 1644 236 1408 360
is_linear=0
shrinkage=0.03


Tree=48
num_leaves=15
num_cat=0
split_feature=16 23 13 14 33 13 31 33 13 13 33 13 13 13
split_gain=11.3478 10.9223 11.9391 15.0375 11.3899 11.9853 11.0419 18.3762 22.3244 15.8675 15.9606 23.8097 15.3791 13.7844
threshold=-0.014570655984838863 0.0011443980323129386 0.02510765951264694 -4.679237194171181 0.25305910637568779 -0.18684336526570297 0.72982064943493996 0.061372166424568733 0.55827081688502311 0.53437978935683872 0.0011240704380516976 0.77240588263802501 0.49387493835574298 0.18049242442669808
decision_type=10 10 10 8 2 8 2 2 10 10 2 10 10 10
left_child=1 2 4 -4 -1 -6 7 9 -9 12 -11 -12 13 -5
right_child=-2 -3 3 6 5 -7 -8 8 -10 10 11 -13 -14 -15
leaf_value=0.0011756875964775762 -0.0099166958920978328 0.014676742318356426 -0.028708633957016689 -0.023143582911645678 0.005659462614004439 0.027975469008204055 0.0053567459313462731 0.016116474150917461 -0.0075231085638774696 0.012731298629726624 0.015678222546231524 -0.01322760312800096 -0.034334881765891057 -0.00020828777197930435
leaf_weight=630.49529049918056 96.204784691333771 47.454826191067696 18.627222713083029 40.783892005681992 84.442159842699766 28.488786451518536 139.690798394382 73.71467250585556 68.453177429735661 44.8449288867414 31.287129640579224 125.24102820828557 31.382260724902153 54.188591457903385
leaf_count=2801 427 222 84 175 438 149 620 339 335 196 129 553 131 226
internal_value=-2.5356e-07 0.000678522 0.000183884 -0.00285841 0.00275509 0.0114852 -0.00202278 -0.00422329 0.00476108 -0.00812332 -0.00286597 -0.00738701 -0.0164137 -0.0101959
internal_weight=1515.3 1419.09 1371.64 628.214 743.426 112.931 609.586 469.896 142.168 327.728 201.373 156.528 126.355 94.9725
internal_count=6825 6398 6176 2788 3388 587 2704 2084 674 1410 878 682 532 401
is_linear=0
shrinkage=0.03


Tree=49
num_leaves=15
num_cat=0
split_feature=1 33 33 16 32 32 23 32 23 23 14 29 1 29
split_gain=8.09979 12.9772 11.7018 9.45205 17.3189 23.4302 10.1898 11.1577 8.37647 7.6342 7.95956 11.7769 6.24509 6.402
threshold=-0.2639275919899759 0.010664883377694317 0.0018532788409810444 -0.017758814821890564 0.47136869107721086 -0.17364817766693072 -0.074439325747797741 0.81279832427823717 -0.12153551083905581 0.012798455645388286 -5.6607154806298512 0.96807674207053196 0.27176214257301973 0.91648702005583071
decision_type=2 2 2 10 2 2 8 2 10 10 10 10 2 10
left_child=1 2 -1 6 5 -5 7 8 -2 10 12 -12 -8 -14
right_child=3 -3 -4 4 -6 -7 9 -9 -10 -11 11 -13 13 -15
leaf_value=0.011401276647953457 0.0070984290523718706 0.017443423000140051 -0.018433182959850754 -0.013478806062367817 -0.028550041715837367 0.024608994418888745 0.00025949813116821105 -0.0074944866007485445 0.03269045120617188 0.013692691930542093 0.0016021916804975407 -0.02684541303288461 -0.017944270354710773 0.0021271689561878906
leaf_weight=22.407996941357851 24.8233752399683 58.562466349452734 22.98984981328249 42.547036699950695 28.707939639687538 20.820311784744263 1120.7304373420775 18.844359382987022 21.688426055014133 32.852604258805513 26.809990137815475 24.410576850175858 33.977117754518986 23.869724776595831
leaf_count=108 111 296 105 192 128 89 4966 83 100 158 118 109 165 132
internal_value=0.000186261 0.0082283 -0.0037788 -0.000407851 -0.0096497 -0.000776576 0.000239698 0.0116986 0.0194689 -0.000362218 -0.000748498 -0.0122098 -0.000240467 -0.00976665
internal_weight=1524.04 103.96 45.3978 1420.08 92.0753 63.3673 1328.01 65.3562 46.5118 1262.65 1229.8 51.2206 1178.58 57.8468
internal_count=6860 509 213 6351 409 281 5942 294 211 5648 5490 227 5263 297
is_linear=0
shrinkage=0.03


Tree=50
num_leaves=15
num_cat=0
split_feature=14 13 28 32 32 1 15 27 1 22 32 30 28 28
split_gain=11.0593 17.6718 15.6754 10.5197 19.8942 12.2627 12.905 9.62566 9.62072 7.91556 7.30786 6.21805 10.0796 7.48849
threshold=-4.890105089210838 1.3007426348145792 -11.650079779625953 0.47136869107721086 0.087155742747658027 -0.10627874415513343 -0.034828352719172166 3.9800950111423821 -0.040345884825796256 -1.0627579860773262 0.51877325816052144 -0.87567544511027318 19.44617733324883 18.635310747585624
decision_type=10 10 10 2 2 2 10 10 2 8 2 10 8 10
left_child=1 9 10 4 -2 -5 -7 8 -4 -1 -3 12 -11 -13
right_child=3 2 7 5 -6 6 -8 -9 -10 11 -12 13 -14 -15
leaf_value=-0.01819752651016527 0.0052036480012215194 0.014076488701369797 -0.023341775186591848 0.016724563074543845 0.033347173482878613 0.0026752346553103744 -0.030414085712642043 -0.030739241668946291 0.0034137576909928488 -0.0061755837506452952 -0.0080247517269787204 0.0034214973745734898 0.011325643490751137 -0.0026577135133562897
leaf_weight=18.829787746071815 85.671710729598999 23.542209923267365 22.738604918122292 19.173990666866302 29.953321553766727 24.260906409472227 17.64960789680481 34.788450300693512 24.209015905857086 194.6513559743762 28.870139338076115 747.97628157958388 33.95732057094574 240.23826342076063
leaf_count=82 384 113 101 89 133 114 81 166 110 835 136 3332 147 1140
internal_value=0.000392163 -0.000520942 -0.0108206 0.00743339 0.0127178 -0.00261306 -0.0116436 -0.0189537 -0.00976156 0.000605083 0.00198021 0.000910749 -0.00353796 0.00194243
internal_weight=1546.51 1369.8 134.148 176.71 115.625 61.0845 41.9105 81.7361 46.9476 1235.65 52.4123 1216.82 228.609 988.215
internal_count=6963 6162 626 801 517 284 195 377 211 5536 249 5454 982 4472
is_linear=0
shrinkage=0.03


Tree=51
num_leaves=15
num_cat=0
split_feature=30 13 33 31 28 33 13 13 13 30 13 1 31 13
split_gain=9.82117 8.41075 17.879 15.1027 9.30175 14.2428 13.4865 10.5903 25.4764 11.4637 16.1229 13.6625 13.1305 21.2347
threshold=-1.5194406501835556 -1.4945286730437706 0.0028112327366982071 0.30070579950427329 -1.0542498863408409 0.19708263020873559 1.3007426348145792 -0.42882033197452329 -0.3934611219893675 0.36745741044462793 -0.18684336526570297 -0.0051028180396509738 -0.66746801135786415 0.62934111587365849
decision_type=10 8 2 2 10 2 10 10 10 10 10 2 2 10
left_child=-1 2 -2 -4 7 -6 -7 -3 -9 10 -10 -11 13 -12
right_child=1 4 3 -5 5 6 -8 8 9 11 12 -13 -14 -15
leaf_value=-0.010215207812608649 0.012141470252880232 0.0097715218802906286 -0.0049670801632697532 -0.035038766213879038 -0.0034718223508379475 0.010718083930105848 -0.016554866097374422 -0.023859021414045063 0.03104388297113134 -0.0085418767506351342 -0.020056678951404932 0.011064018015846893 0.0090499473807884191 0.012742858853490694
leaf_weight=84.144110850989819 25.430823117494583 174.6251739487052 37.185001119971275 24.690188959240913 596.04157068952918 121.96526775881648 17.905657697468996 33.076706070452929 21.798453077673912 116.98090591654181 40.872443452477455 42.93984330072999 173.81930021196604 29.961034446954727
leaf_count=373 120 770 205 127 2584 596 95 147 93 591 170 211 743 127
internal_value=-0.000311519 0.000266933 -0.00870735 -0.0173331 0.000844777 -0.00144909 0.00713399 0.00350515 0.00110741 0.00309553 0.00689684 -0.00324152 0.00462773 -0.00619892
internal_weight=1541.44 1457.29 87.306 61.8752 1369.99 735.912 139.871 634.074 459.449 426.372 266.451 159.921 244.653 70.8335
internal_count=6952 6579 452 332 6127 3275 691 2852 2082 1935 1133 802 1040 297
is_linear=0
shrinkage=0.03


Tree=52
num_leaves=15
num_cat=0
split_feature=28 20 22 22 27 1 29 22 23 30 29 29 31 16
split_gain=9.87736 9.09533 9.8231 9.28022 7.78222 7.77328 8.16525 7.38021 8.04489 7.30417 7.43102 11.351 7.17851 10.5496
threshold=-1.8700812973460044 1.2712041053930536 -0.097653689786754858 -0.027949809415382904 -7.4694021096366461 -0.067874378061852217 0.59206918260358132 -0.79091318852534376 -0.12317531900635038 -0.72304637545793182 0.95966806243380176 0.47211710390448886 -0.9927505997980649 0.0035252142243731304
decision_type=10 8 10 10 10 2 10 10 10 10 8 10 2 8
left_child=7 2 -2 4 -3 6 -6 12 -9 10 11 -7 -1 -14
right_child=1 3 -4 -5 5 9 -8 8 -10 -11 -12 -13 13 -15
leaf_value=-0.013477733838217291 -0.0041504537131977553 0.0052666558497318876 -0.02962770993850547 0.012238715340927346 0.0021895991299710339 -0.021771373784692526 -0.013487217586037353 -0.0037138308337706302 0.018363224381890083 0.00055790489505654734 -0.020823529369740738 0.0027236049272100246 -0.018500610612099167 0.0029681203335959207
leaf_weight=26.518531031906605 37.194051459431648 105.90907174348831 20.859421089291573 41.268565110862255 40.284769229590893 21.890554293990135 112.25779600441456 20.812091916799545 48.447362270206213 355.86623979732394 29.473643265664577 65.782643094658852 20.380110066384077 571.50451546534896
leaf_count=113 166 471 92 196 173 97 487 94 218 1648 128 282 99 2600
internal_value=-0.000102037 -0.00230213 -0.0136515 -0.00143294 -0.00221993 -0.00349383 -0.00935985 0.00255544 0.0117708 -0.00158633 -0.00804963 -0.00356894 0.00150601 0.00219894
internal_weight=1518.45 830.787 58.0535 772.733 731.465 625.556 152.543 687.663 69.2595 473.013 117.147 87.6732 618.403 591.885
internal_count=6864 3740 258 3482 3286 2815 660 3124 312 2155 507 379 2812 2699
is_linear=0
shrinkage=0.03


Tree=53
num_leaves=15
num_cat=0
split_feature=15 13 13 1 33 31 0 31 29 1 33 13 29 13
split_gain=10.3927 8.77137 14.1426 19.3184 20.828 18.031 15.2973 19.1477 13.5004 16.27 8.83379 12.2876 11.1423 8.78162
threshold=-0.0049480459338209206 0.082411219573681943 0.53996149047760822 -0.060626329571572164 0.0012217567110654915 0.65106671239330416 -0.24757967941941775 -0.69930991848440838 0.59980739384515414 0.1234737333256077 0.16682684476506957 -0.18684336526570297 0.8728648876517795 0.95959352324287484
decision_type=10 10 10 2 2 2 2 2 10 2 2 8 10 10
left_child=1 8 6 -4 -5 13 7 -3 9 -1 -10 12 -12 -6
right_child=-2 2 3 4 5 -7 -8 -9 10 -11 11 -13 -14 -15
leaf_value=0.016388021824879119 -0.01023535268368596 -0.01733464958944601 -0.0058011668463452473 0.024881490660180843 0.0046357842153590435 0.014512413622888742 -0.013052960485880725 0.017796983352447473 -0.00080181319854504452 -0.0084733206650987724 -0.013538476262981384 0.023591223474973902 0.0083557268917465056 -0.012069050221023846
leaf_weight=110.5067762658 82.646863013505936 21.1886967420578 191.63412372767925 46.063276764005423 49.237805888056755 68.579389538615942 157.67337894067168 36.799906518310308 540.62054396048188 29.404377371072769 27.332785591483116 32.228009775280952 79.172159284353256 64.366894122213125
leaf_count=487 368 92 865 201 215 305 691 164 2400 134 143 166 401 304
internal_value=4.79018e-05 0.000638717 -0.0020043 0.00120519 0.0070873 0.00247696 -0.00822971 0.00488384 0.00268898 0.01114 0.000934698 0.00765892 0.00266326 -0.00485167
internal_weight=1537.45 1454.81 635.543 419.881 228.247 182.184 215.662 57.9886 819.265 139.911 679.353 138.733 106.505 113.605
internal_count=6936 6568 2837 1890 1025 824 947 256 3731 621 3110 710 544 519
is_linear=0
shrinkage=0.03


Tree=54
num_leaves=15
num_cat=0
split_feature=1 33 23 31 13 13 33 28 23 23 1 31 31 23
split_gain=9.96444 7.39256 6.75581 14.073 10.8564 22.407 22.3794 21.1845 10.3877 10.4799 11.0344 10.4238 22.653 13.4088
threshold=0.26631306850275288 0.034247825836957811 -0.0052137397357989021 -0.48098876891938752 1.3007426348145792 1.474649865378576 0.0011240704380516976 -11.650079779625953 -0.062231451161657077 -0.11358803161562404 0.23808184699050347 0.72982064943493996 0.96863394805116498 -0.26117168387464007
decision_type=2 2 10 2 10 10 2 10 10 10 2 2 2 10
left_child=2 -2 4 -4 8 -6 -7 -8 9 10 11 13 -13 -1
right_child=1 -3 3 -5 5 6 7 -9 -10 -11 -12 12 -14 -15
leaf_value=-2.2423082879171064e-05 -0.018732141144132672 0.00050926558513943946 0.028694626830745237 -0.00024254080046831321 -0.036379195406208327 0.027611193751480672 0.0084207083819910992 -0.018290884748498545 -0.017821175366648765 0.01575105103948865 0.021041469996618409 0.012218785995248119 -0.0065236171523705127 -0.016205879772899553
leaf_weight=862.08578915521502 41.432749085128307 31.082795206457376 22.568356841802597 42.179121669381857 19.657690644264221 17.806541293859482 43.37866485863924 66.694679647684097 24.35005309805274 44.254648588597775 23.320743311196566 171.65115403011441 86.655201770365238 47.679568782448769
leaf_count=3847 206 166 105 200 93 78 200 310 107 195 111 773 375 213
internal_value=0.000189452 -0.0105898 0.000727201 0.0101268 0.00028793 -0.00738355 -0.00267865 -0.00778311 0.00119135 0.00158013 0.00104098 0.000624008 0.00593028 -0.000887439
internal_weight=1544.8 72.5155 1472.28 64.7475 1407.53 147.538 127.88 110.073 1260 1235.65 1191.39 1168.07 258.306 909.765
internal_count=6979 372 6607 305 6302 681 588 510 5621 5514 5319 5208 1148 4060
is_linear=0
shrinkage=0.03


Tree=55
num_leaves=15
num_cat=0
split_feature=28 28 29 27 27 13 14 13 13 19 29 31 31 13
split_gain=11.9332 11.8219 11.5848 12.4978 7.28479 9.05782 15.0689 11.2486 9.04849 8.88925 8.89364 8.01015 7.88738 7.80396
threshold=-4.9949571162688491 -3.975929443678083 1.5270937416797836 17.072676098264242 0.88127509155988559 1.2434620292191898 -4.7733498923091524 0.95959352324287484 1.1775220079235922 -0.53763924003469288 1.3774004612902602 -0.9927505997980649 0.72982064943493996 1.3526944916825068
decision_type=10 10 10 8 10 10 10 10 8 8 10 2 2 10
left_child=2 -2 3 -1 8 7 -7 9 -3 -6 11 -11 -9 -10
right_child=1 4 -4 -5 5 6 -8 12 13 10 -12 -13 -14 -15
leaf_value=0.0036847305459024354 -0.019651985885172137 -0.00018587733732700797 -0.00970281439331417 0.025316739804981444 -0.022330484858433298 -0.024079184026249249 0.0086000441911148421 -0.00086547916882427948 0.027467464312717526 0.016022896581901223 0.0093970358732318165 -0.0052486000534528957 0.025755231702218596 0.004390823234516149
leaf_weight=527.19083365052938 32.058942288160324 319.28981486707926 54.531997449696064 24.234499610960484 20.791178986430168 42.25559101998806 17.371869079768658 19.162637017667294 19.7209482640028 15.751556515693663 47.689285226166248 342.60206413641572 19.844766616821289 37.616169653832912
leaf_count=2329 137 1384 333 110 92 202 84 83 83 67 276 1515 87 173
internal_value=9.57339e-05 -0.0020304 0.00337137 0.00467954 -0.0013831 -0.0036626 -0.0145736 -0.00223777 0.00179853 -0.00365584 -0.00264711 -0.00427162 0.0129829 0.0126628
internal_weight=1540.11 934.155 605.957 551.425 902.096 525.469 59.6275 465.841 376.627 426.834 406.043 358.354 39.0074 57.3371
internal_count=6955 4183 2772 2439 4046 2406 286 2120 1640 1950 1858 1582 170 256
is_linear=0
shrinkage=0.03


Tree=56
num_leaves=15
num_cat=0
split_feature=13 13 29 1 13 31 28 13 29 23 33 33 29 23
split_gain=9.85255 18.0246 24.2035 15.0622 13.4934 35.9229 14.1801 12.9421 13.0584 11.7234 15.5256 11.4779 11.1565 17.5192
threshold=0.02510765951264694 -0.3934611219893675 0.64458554321221395 0.12603312256842494 -0.42882033197452329 -0.60003553868615167 -12.675128947510215 -1.5093788703842936 0.92625212145078739 -0.030740364609416714 0.031509520874490861 0.19708263020873559 0.72539079508474491 0.34140819936390837
decision_type=10 8 8 2 10 2 10 10 10 8 2 2 8 8
left_child=1 4 -3 -4 6 -6 7 -1 -9 10 -2 -8 13 -11
right_child=9 2 3 -5 5 -7 11 8 -10 12 -12 -13 -14 -15
leaf_value=-0.0095535709118139064 -0.036127669491050181 0.027504402407992328 0.0082810731620128492 -0.010123878350670494 0.017313585346821782 -0.034592881930323768 -0.0049903234742064333 0.025462198484675097 0.0038992420505489659 0.021581310871384096 0.0019688408535079001 0.0087750347551962555 0.0015308758753537573 -0.008734933536715124
leaf_weight=25.432466737926006 19.669059291481972 48.84765563160181 195.12627056986094 49.373238053172827 18.274492122232914 31.417580470442772 284.73698301240802 47.116908505558968 54.158218625932932 17.598339073359966 17.838680200278759 66.415765345096588 426.26294074580073 227.97899457812309
leaf_count=133 90 216 873 245 81 139 1269 206 253 80 86 333 1940 982
internal_value=0.000258983 0.00249526 0.00844307 0.00453835 -0.00082175 -0.0155391 0.000737937 0.00930025 0.014082 -0.00232884 -0.0184284 -0.00236927 -0.00140398 -0.00648373
internal_weight=1530.25 820.9 293.347 244.5 527.552 49.6921 477.86 126.708 101.275 709.348 37.5077 351.153 671.84 245.577
internal_count=6926 3748 1334 1118 2414 220 2194 592 459 3178 176 1602 3002 1062
is_linear=0
shrinkage=0.03


Tree=57
num_leaves=15
num_cat=0
split_feature=16 32 30 28 1 33 31 23 23 23 1 1 32 33
split_gain=8.71276 11.3374 7.87313 7.09515 6.31168 5.41657 9.1792 9.68572 8.72849 11.7906 7.81543 10.5902 7.64422 7.36521
threshold=-0.0021587250847705515 0.021814885034560704 -1.5194406501835556 -4.5695962634084699 0.31395385593120778 0.051950417295342784 0.77296446310593014 -0.0052137397357989021 -0.068214637887837062 -0.12317531900635038 -0.0037114346411833321 -0.2932614275849037 -0.60003553868615123 0.020772356398613391
decision_type=8 2 10 10 2 2 2 10 10 10 2 2 2 2
left_child=1 -1 3 -2 5 6 7 8 9 13 11 -7 -12 -4
right_child=2 -3 4 -5 -6 10 -8 -9 -10 -11 12 -13 -14 -15
leaf_value=-0.024897945641214326 0.0020910576558559931 0.0047432795498273906 -0.00064444008210910037 -0.015475495126371433 -0.010560701520427018 0.020369431778286096 0.0078539240080971792 0.014871275169837122 -0.020420454905813155 0.016889329116294895 0.017170340808841177 -0.00094836287441589322 0.0047197530403151203 -0.0095706513305336954
leaf_weight=26.214281186461449 35.388693958520889 19.779236186295748 582.98939291015267 48.119492299854755 38.046932123601437 21.911761969327927 123.00632608681917 32.331436239182949 20.675402164459229 30.382739633321762 63.753265220671892 247.08248525485396 144.95992500334978 96.077711440622807
leaf_count=120 154 94 2523 217 203 116 535 143 90 136 309 1177 688 419
internal_value=0.000397139 -0.0123212 0.000799154 -0.00809457 0.00133459 0.00167409 0.000283809 -0.000946158 -0.00166597 -0.00109143 0.00424509 0.000857157 0.00858663 -0.00191958
internal_weight=1530.72 45.9935 1484.73 83.5082 1401.22 1363.17 885.463 762.457 730.125 709.45 477.707 268.994 208.713 679.067
internal_count=6924 214 6710 371 6339 6136 3846 3311 3168 3078 2290 1293 997 2942
is_linear=0
shrinkage=0.03


Tree=58
num_leaves=15
num_cat=0
split_feature=14 20 32 30 27 13 13 31 13 28 31 13 23 13
split_gain=7.59294 8.02393 9.15739 7.04054 6.38774 6.2686 21.7793 8.12479 10.4503 17.3326 15.3642 8.35207 17.4008 11.6742
threshold=-4.2727416990040448 -0.96143139462157012 -0.45201865172701744 -1.5194406501835556 0.46019063048241554 -1.5273327396272707 -1.4945286730437706 0.79989897227935891 1.2434620292191898 3.1652425959460833 0.96863394805116498 0.02510765951264694 0.0018045015675474208 -0.11994943939347437
decision_type=10 10 2 10 10 10 10 2 10 10 2 10 8 10
left_child=3 2 -2 -1 -3 -5 -7 11 10 -10 -9 13 -13 -8
right_child=1 4 -4 5 -6 6 7 8 9 -11 -12 12 -14 -15
leaf_value=-0.008813435133940041 -0.0021018916839128203 0.0095943219032674741 0.025136671983109274 0.0094275266390548614 -0.01293862892066748 -0.024738028786002956 -0.00011466765517861087 0.014354585828717188 0.0099689272571193959 -0.026530834752278833 -0.0021574835264221563 -0.027591841177344326 -0.0023119037889488317 0.012542467719255478
leaf_weight=82.13506867736578 16.073770761489868 23.119532376527786 33.934862367808819 61.926875527948141 20.348373711109161 30.926518563181162 417.97046722471714 128.46872637048364 23.252628192305565 21.811134040355682 82.994736663997173 24.879120409488678 468.06213081628084 76.786388169974089
leaf_count=364 75 100 166 331 89 146 1862 589 106 102 359 111 2088 359
internal_value=0.000205544 0.00844073 0.0165121 -0.000342428 -0.00100765 0.000184133 -0.000271802 0.00035571 0.0051017 -0.00788962 0.00789431 -0.000880843 -0.00364108 0.00187106
internal_weight=1512.69 93.4765 50.0086 1419.21 43.4679 1337.08 1275.15 1244.23 256.527 45.0638 211.463 987.698 492.941 494.757
internal_count=6847 430 241 6417 189 6053 5722 5576 1156 208 948 4420 2199 2221
is_linear=0
shrinkage=0.03


Tree=59
num_leaves=15
num_cat=0
split_feature=1 26 23 29 29 23 33 1 29 23 14 28 29 33
split_gain=6.65492 9.57672 6.34278 7.70021 7.27371 7.69364 10.8918 7.74058 7.00762 14.1546 13.867 8.15736 10.4224 10.3247
threshold=0.26631306850275288 0.64157960392385871 -0.0052137397357989021 0.96807674207053196 2.0541505208507802 -0.054225612459439534 0.028990158688221381 0.24215229308854472 1.1317676996470507 -0.11088777745140692 -4.2541319606331776 -4.9949571162688491 0.34831505518521272 0.23282561739203927
decision_type=2 10 10 10 8 10 2 2 10 8 10 10 10 2
left_child=2 -2 4 -4 5 7 -7 8 10 -10 11 -1 -13 -14
right_child=1 -3 3 -5 -6 6 -8 -9 9 -11 -12 12 13 -15
leaf_value=0.001667827244881471 -0.022886365456493123 -0.00058586427224511899 0.018674687015620535 -0.0021469557303952268 -0.017606802532691472 -0.026901861435087035 0.0044046888600341536 0.019201118248694467 -0.015663442667607202 0.006246064830259389 0.016584187592724477 0.015952404387790383 -0.0066317178205207682 0.0044315942442663802
leaf_weight=384.3305881395936 26.716364987194538 46.399914529174566 35.103142529726028 28.350754167884588 20.142333135008812 21.148258954286575 17.790887035429478 18.662415966391563 28.357325151562691 279.37766192108393 37.825899809598923 21.715672239661217 457.1223460957408 90.268991947174072
leaf_count=1687 126 250 155 141 134 93 81 89 132 1364 167 94 1906 433
internal_value=-0.000166403 -0.00893322 0.000284562 0.00948275 -0.000145956 0.000126074 -0.0128461 0.000518875 0.000235908 0.00418294 -0.000992418 -0.00170638 -0.00398399 -0.00480254
internal_weight=1513.31 73.1163 1440.2 63.4539 1376.74 1356.6 38.9391 1317.66 1299 307.735 991.263 953.438 569.107 547.391
internal_count=6852 376 6476 296 6180 6046 174 5872 5783 1496 4287 4120 2433 2339
is_linear=0
shrinkage=0.03


Tree=60
num_leaves=15
num_cat=0
split_feature=32 29 23 14 32 33 32 27 29 26 27 27 13 29
split_gain=7.18684 17.7414 25.5168 15.5451 21.9227 11.891 10.4167 8.38511 7.33683 9.18182 11.1283 7.44769 6.99982 6.78017
threshold=0.48098876891938797 1.1098977526447824 0.0067573933714404543 -5.0409918569282999 -0.32143946530316164 0.034247825836957811 0.89194178735545526 -0.47997183988179865 0.33802261733218869 -3.3548340518585458 13.388268548313322 -6.8841232620719941 -0.91301920221109512 0.90171656113770882
decision_type=2 10 8 10 2 2 2 10 10 10 10 10 10 10
left_child=3 6 -3 13 7 -4 8 -5 -2 -10 11 -11 -8 -1
right_child=1 2 5 4 -6 -7 12 -9 9 10 -12 -13 -14 -15
leaf_value=0.0022751724757156659 0.007825184585888361 -0.020274073958239405 0.0072293550998158585 0.010419252164157544 0.024635313162820038 0.031295693479356408 0.011334846346191632 -0.010343596395913545 -0.0020147457849522946 -0.0046285301346538892 0.0048568221051494553 -0.022003800313761618 -0.0035134560927557869 -0.0029877249016305508
leaf_weight=437.82584188506007 18.298906862735748 22.544754393398762 58.70134698599577 32.171376921236515 56.127430632710457 26.572831433266401 34.887712031602859 36.070236086845398 64.616260826587677 28.519347012042999 20.734926611185074 110.19860011339188 139.24391228705645 441.44612302258611
leaf_count=1896 79 108 294 147 252 142 160 163 277 120 91 467 634 2090
internal_value=-0.000445928 -0.00328912 0.0075094 0.0010412 0.010924 0.0150046 -0.00609582 -0.000546183 -0.0101042 -0.0115967 -0.0154429 -0.0184903 -0.000490826 -0.000367503
internal_weight=1527.96 524.319 107.819 1003.64 124.369 85.2742 416.5 68.2416 242.368 224.069 159.453 138.718 174.132 879.272
internal_count=6920 2372 544 4548 562 436 1828 310 1034 955 678 587 794 3986
is_linear=0
shrinkage=0.03


Tree=61
num_leaves=15
num_cat=0
split_feature=16 22 29 14 27 31 13 13 33 13 33 13 13 13
split_gain=8.29833 9.96332 13.1829 8.14389 9.73689 7.66056 11.1949 47.3596 17.887 19.4825 16.0034 18.4251 11.9228 11.072
threshold=-0.03224150200012587 -0.49951771536373851 0.59678636820129294 -5.2012757428593339 -0.815067810027159 -0.57357643635104605 0.49387493835574298 0.53996149047760822 0.001443335012605703 1.2079188283058431 0.0012217567110654915 0.16441362168505019 -0.13633519507726158 -1.4945286730437706
decision_type=10 10 10 10 10 2 10 10 2 10 2 8 10 10
left_child=1 5 -3 -2 -5 6 10 -8 -9 -10 12 -12 -1 -7
right_child=3 2 -4 4 -6 13 7 8 9 -11 11 -13 -14 -15
leaf_value=-0.003226786077503018 -0.025556675185618032 0.0292951455650915 0.0036295843266989144 0.0063040955150059398 -0.014649736615493065 -0.010199496072185749 -0.04478777693254813 0.02127526587552981 0.0093198181143967444 -0.019249200379422293 -0.00034992092724978264 0.022591792269757015 -0.033032262700927961 0.0023723400204601983
leaf_weight=31.45144110918045 18.799668747931719 22.87141489982605 74.866746120154858 40.094401843845844 37.938738867640495 66.947740163654089 27.569165386259556 23.441328037530184 35.315064184367657 52.035493176430464 171.60368055105209 37.583983682096004 18.863823667168617 876.00916796922684
leaf_count=139 92 110 343 177 170 340 119 102 158 245 807 168 78 3912
internal_value=9.97452e-05 0.000674262 0.00987137 -0.008355 -0.00393986 -3.01132e-06 -0.00348884 -0.0103472 -0.0014531 -0.00772424 0.000193559 0.00385981 -0.0148272 0.00146991
internal_weight=1535.39 1438.56 97.7382 96.8328 78.0331 1340.82 397.864 138.361 110.792 87.3506 259.503 209.188 50.3153 942.957
internal_count=6960 6521 453 439 347 6068 1816 624 505 403 1192 975 217 4252
is_linear=0
shrinkage=0.03


Tree=62
num_leaves=15
num_cat=0
split_feature=28 33 30 27 29 1 29 29 0 22 32 32 28 29
split_gain=8.24504 11.139 10.0848 8.70923 8.83464 7.71873 7.98034 8.47739 7.3161 6.1886 5.87718 5.67386 22.456 10.4547
threshold=-1.0542498863408409 0.19708263020873559 0.44782572408245064 -1.9845419397856998 1.0888352937640307 -0.0051028180396509738 0.87638392911726171 1.369024493453326 -0.23139549934038581 0.87495380056937599 -0.32143946530316164 0.41268247579971845 25.713014831296736 0.88714151438429623
decision_type=10 2 8 8 10 2 10 10 2 10 2 2 10 8
left_child=2 9 -1 -3 10 8 -7 -8 -4 11 -5 13 -13 -2
right_child=1 3 5 4 -6 6 7 -9 -10 -11 -12 12 -14 -15
leaf_value=0.0043950982400847421 0.0020727027764479988 0.015582019285599923 -4.4050901294959096e-05 0.0053579300294959772 0.013824071874716041 -0.0092511418910522069 0.023521893328750314 -0.0036548130776989374 -0.012661408913274625 0.013047261967828502 -0.011340473241041661 -0.01389947751948996 0.0088027441114868141 -0.0073571212617865841
leaf_weight=489.32985842972994 212.81405091285706 45.899801783263683 79.146099250763655 29.569445326924324 29.620410650968552 20.851156875491142 25.644547075033188 16.481045544147491 85.649985533207655 17.370983585715294 49.641706205904484 165.77280306071043 50.512091305106878 208.78955264016986
leaf_count=2123 891 227 415 153 157 97 117 96 414 84 236 710 246 956
internal_value=-0.000370731 -0.00244344 0.00197061 0.00477476 0.000116422 -0.00323443 0.00563786 0.0130512 -0.00663852 -0.00415261 -0.00511789 -0.00464069 -0.00858139 -0.00260356
internal_weight=1527.09 809.991 717.103 154.731 108.832 227.773 62.9767 42.1256 164.796 655.259 79.2112 637.888 216.285 421.604
internal_count=6922 3660 3262 773 546 1139 310 213 829 2887 389 2803 956 1847
is_linear=0
shrinkage=0.03


Tree=63
num_leaves=15
num_cat=0
split_feature=28 13 31 13 33 13 13 13 13 32 13 29 31 31
split_gain=10.1743 9.8388 20.1933 9.2628 8.49822 10.035 11.2932 9.71872 10.6237 13.8139 12.214 10.1815 9.9242 7.98817
threshold=-1.8700812973460044 -1.5093788703842936 -0.15212338618991697 -0.84702278855991131 0.061372166424568733 -1.1043843118024814 -0.84702278855991131 -1.5273327396272707 0.89670866023522788 -0.20576496797711571 1.6598148769599537 0.34831505518521272 -0.98990318592078552 0.58244304235731448
decision_type=10 8 2 10 2 8 10 8 10 2 10 8 2 2
left_child=1 2 -1 -3 7 -6 -7 -2 11 -10 13 -9 -13 -11
right_child=4 3 -4 -5 5 6 -8 8 9 10 -12 12 -14 -15
leaf_value=0.014452927633999342 0.013611510549212988 0.011640433823771792 -0.027715114747110609 0.0020779082527370217 -0.013899448345224207 0.024845839926632293 0.0021611901293443108 0.015975512848964174 0.019686895599881567 -0.0041037878587840528 -0.017590581473141367 0.0099584182325381729 -0.0096402809694329326 0.019870924382599943
leaf_weight=16.022321134805679 24.996928870677948 108.51282621920109 25.023663997650146 548.51370619982481 30.179820328950882 20.69111493229866 224.14310609549284 15.137085810303686 30.847862787544727 29.964503191411495 32.47920286655426 24.031607381999493 366.9169462993741 20.142710000276566
leaf_count=85 135 478 124 2494 157 96 1058 66 134 130 153 104 1580 84
internal_value=0.000117705 0.00277709 -0.0113025 0.00367252 -0.00214817 0.00214528 0.00417156 -0.00431659 -0.0052037 0.00289354 -0.00353963 -0.0074671 -0.00841322 0.00573409
internal_weight=1517.6 698.073 41.046 657.027 819.531 275.014 244.834 544.517 519.52 113.434 82.5864 406.086 390.949 50.1072
internal_count=6878 3181 209 2972 3697 1311 1154 2386 2251 501 367 1750 1684 214
is_linear=0
shrinkage=0.03


Tree=64
num_leaves=15
num_cat=0
split_feature=15 13 29 13 14 27 13 29 31 29 13 31 13 13
split_gain=8.43811 8.86183 18.8472 19.6514 15.3088 12.3102 8.66423 11.3517 14.6207 11.127 10.5128 8.61694 9.20518 10.801
threshold=0.00068365698104777561 0.02510765951264694 0.59678636820129294 -0.91301920221109512 -4.8224463037410672 -1.5866012425647111 2.0913524227957123 0.50694873483246383 -0.69151305578226929 0.57730922353624659 0.62934111587365849 0.96863394805116498 -1.366285143069079 -0.80847400807188363
decision_type=8 10 8 8 8 10 10 10 2 10 10 2 10 8
left_child=-1 2 3 5 -3 -2 7 8 -6 -9 -10 -4 -13 -14
right_child=1 4 11 -5 6 -7 -8 9 10 -11 -12 12 13 -15
leaf_value=-0.014257346441699433 0.014977395600125291 -0.021924236855325612 0.0014775470585043286 0.02145915275098819 -0.025001020582534696 -0.016568249169817729 0.015140231746143016 0.015775190079290975 -0.01737654539233013 -0.0014173461310367438 0.0097679755736651327 -0.02786531687862737 0.01404380115298378 -0.015944454168750125
leaf_weight=35.785237036645412 18.33012743294239 32.779423397034407 618.10599633306265 83.148548148572445 39.993714198470116 25.314656116068363 26.943746872246265 35.382830247282982 20.251459568738937 491.52365889772773 31.45404989272356 17.734910167753696 18.698125943541527 22.987517163157463
leaf_count=168 81 151 2847 374 169 114 126 155 87 2211 140 87 80 98
internal_value=-6.39043e-05 0.000288048 0.00241663 0.0129841 -0.00223573 -0.00328085 -0.00120363 -0.00193878 -0.0116199 -0.000235137 -0.000991672 0.000422788 -0.0103919 -0.00247932
internal_weight=1518.43 1482.65 804.32 126.793 678.329 43.6448 645.549 618.606 91.6992 526.906 51.7055 677.527 59.4206 41.6856
internal_count=6888 6720 3681 569 3039 195 2888 2762 396 2366 227 3112 265 178
is_linear=0
shrinkage=0.03


Tree=65
num_leaves=15
num_cat=0
split_feature=30 1 33 1 30 23 22 32 31 31 30 1 32 31
split_gain=8.02841 7.12732 6.96377 6.4129 8.09556 6.39528 10.4723 10.432 6.87676 11.9963 10.8152 11.4965 10.8207 10.4381
threshold=-2.0708386458262971 0.26631306850275288 0.031509520874490861 0.21888011473007599 -0.20877983736378689 -0.0052137397357989021 -0.075825605725854353 -0.26932402956675622 0.72982064943493996 0.30070579950427329 0.4140683927099304 0.038323708237111294 -0.72236396205975562 0.96298784033749862
decision_type=10 2 2 2 10 10 8 2 2 2 10 2 2 2
left_child=-1 3 -3 5 -5 8 7 -7 9 -2 11 -11 -12 -10
right_child=1 2 -4 4 -6 6 -8 -9 13 10 12 -13 -14 -15
leaf_value=-0.015645132317723322 0.00032580752291711646 -0.017009798963410979 0.0016984659332271908 0.025843475694657888 0.0011397797042173082 -0.01592491928985227 0.023999648268465543 0.014583004108231337 0.008120788612357004 -0.0066007884769446693 0.014036174446884913 -0.024662609879992473 -0.010859261530857081 -0.0034707954746565103
leaf_weight=28.510717496275902 791.69878728687763 40.717105787247419 31.081496920436621 19.203598946332932 29.424276810139418 18.993283957242966 25.371419705450535 19.361594825983047 185.96391313895583 112.95665603876114 34.345013901591301 43.76232236623764 27.335610512644053 110.95213811099529
leaf_count=127 3591 205 166 85 147 86 123 93 845 475 156 185 132 484
internal_value=-0.000150137 0.000156409 -0.00899894 0.000625541 0.0112197 0.000241803 0.00944665 -0.000545249 -0.000213878 -0.00139402 -0.00760145 -0.0117688 0.00300579 0.00379211
internal_weight=1519.68 1491.17 71.7986 1419.37 48.6279 1370.74 63.7263 38.3549 1307.01 1010.1 218.4 156.719 61.6806 296.916
internal_count=6900 6773 371 6402 232 6170 302 179 5868 4539 948 660 288 1329
is_linear=0
shrinkage=0.03


Tree=66
num_leaves=15
num_cat=0
split_feature=16 21 30 30 29 13 14 30 28 13 28 28 13 31
split_gain=6.21611 14.009 9.07396 13.0552 7.47693 10.1234 6.96245 5.81592 8.45684 6.33897 5.66801 5.35277 5.21224 16.7368
threshold=-0.013474123132509062 -0.93216344101421089 0.67965138714286943 -0.66480825016418887 0.80438690138798097 -0.59711722182167826 -4.9524332750539015 -1.2147533874912202 19.053361972183328 2.0913524227957123 -7.8922029664862938 1.9112970905510454 -1.4316337044285257 0.27982901403099242
decision_type=10 10 10 10 10 10 10 10 8 8 8 10 10 2
left_child=1 7 3 -2 -3 -6 -7 8 -1 12 -5 -8 13 -9
right_child=2 4 -4 10 5 6 11 9 -10 -11 -12 -13 -14 -15
leaf_value=-0.0096570398819119975 -0.023055343337650427 0.018004389905636888 -0.023906632309412302 0.016932605872953397 0.019419672746325396 -0.016925241088596388 0.015766530623075443 0.0041882211151345137 0.010790600971999497 0.013969604770665981 -0.0028471308208788283 -0.0057357815887833126 0.00020126561094151377 -0.025413448702138814
leaf_weight=115.7736943885684 18.750369608402252 53.628332205116749 22.275313951075077 21.557955667376518 24.892648600041866 20.139455854892731 18.401108607649803 40.484343539923429 20.706679910421371 27.629944115877151 30.332775704562664 21.688563533127308 1053.7611626684666 28.577920790761709
leaf_count=506 85 250 106 93 112 95 86 230 90 125 136 105 4719 147
internal_value=-0.00018021 0.00031204 -0.00765606 -0.00226958 0.00933336 0.00372482 -0.00297308 -0.00066708 -0.00649882 2.97926e-05 0.00553512 0.00427727 -0.000325357 -0.00824883
internal_weight=1518.6 1425.68 92.9164 70.6411 138.75 85.1218 60.2291 1286.93 136.48 1150.45 51.8907 40.0897 1122.82 69.0623
internal_count=6885 6465 420 314 648 398 286 5817 596 5221 229 191 5096 377
is_linear=0
shrinkage=0.03


Tree=67
num_leaves=15
num_cat=0
split_feature=30 13 29 1 29 27 31 29 30 32 13 13 13 31
split_gain=6.28278 7.33275 10.6288 7.19992 6.21162 7.93757 6.11954 7.75858 6.07029 9.96836 16.7882 9.57318 13.5915 11.0904
threshold=-1.5194406501835556 2.0913524227957123 0.8237624433212728 -0.25572894261027251 0.72539079508474491 1.9289127535326858 0.79989897227935891 0.49934855636964182 0.36745741044462793 0.58244304235731426 1.7097673704729022 -0.84702278855991131 0.45453946720541855 0.010907442517280623
decision_type=10 8 10 2 8 10 2 10 10 2 10 10 10 2
left_child=4 3 -3 6 -1 -6 7 -2 9 -5 11 -11 13 -13
right_child=1 2 -4 8 5 -7 -8 -9 -10 10 -12 12 -14 -15
leaf_value=-0.015778555933368289 0.024483132986013196 0.027282004404400571 -0.0017228436948131226 0.0033965474418581379 0.010427126993419945 -0.014374204764801592 0.02341423366415292 0.00076266627384960787 -0.0032524799280748916 0.0085000927607396404 -0.027007550978700019 -0.0040992032856401791 0.0049328147636847801 -0.0236251168282966
leaf_weight=41.812110379338264 13.674115695059298 21.336088016629219 22.934378370642662 568.7014335244894 26.921095654368401 18.885468497872353 17.372354850172997 80.899820879101753 431.46469438448548 66.595206893980503 23.92199894785881 72.381280489265919 78.408064141869545 40.501034140586853
leaf_count=190 63 97 106 2436 117 83 85 396 2110 306 110 315 332 170
internal_value=0.000190057 0.000667316 0.0125499 0.000281204 -0.0075629 0.000113211 0.00754257 0.00441261 -0.000358267 0.00111207 -0.00349383 -0.00121676 -0.00462616 -0.0112508
internal_weight=1525.81 1438.19 44.2705 1393.92 87.6187 45.8066 111.946 94.5739 1281.97 850.509 281.808 257.886 191.29 112.882
internal_count=6916 6526 203 6323 390 200 544 459 5779 3669 1233 1123 817 485
is_linear=0
shrinkage=0.03


Tree=68
num_leaves=15
num_cat=0
split_feature=30 1 13 29 32 13 30 16 30 1 22 32 29 32
split_gain=6.27171 6.27912 10.7629 6.27578 13.1862 8.89767 8.60576 7.05705 13.8074 7.17092 10.1379 8.41043 20.1143 16.5811
threshold=-2.0708386458262971 0.26631306850275288 0.53996149047760822 1.640176396825711 -0.77296446310592981 0.53437978935683872 1.2760714385130199 -0.0018990377626533215 0.40356937096875339 -0.0051028180396509738 -0.65210574484058925 0.43245347597985034 0.8561516207704073 0.93585024503435366
decision_type=10 2 8 10 2 10 8 8 8 2 10 2 10 2
left_child=-1 3 -3 7 6 -6 -5 8 -2 10 -9 -11 13 -13
right_child=1 2 -4 4 5 -7 -8 9 -10 11 -12 12 -14 -15
leaf_value=-0.013147233923463212 0.0037575208759414113 -0.014346611898864018 0.01350236202795285 -0.037922379434105549 0.010891888494124717 -0.016601583764631715 -0.0043391005173190715 -0.0013651506670306303 -0.030235028395487275 0.0068857388478290723 0.01044750864793118 -0.017761769861628099 0.010727522783020667 0.006726302423477726
leaf_weight=30.581182658672333 25.128007844090462 55.743979386985302 15.158575609326361 15.356663852930067 32.195687849074602 14.572666641324757 12.334683679044248 682.99932089820504 17.553576856851578 366.66658496111631 71.299213580787182 70.425002604722977 76.514285691082478 37.527347251772881
leaf_count=136 109 288 80 75 194 99 101 3002 81 1611 324 300 349 173
internal_value=8.2801e-05 0.000362322 -0.00828767 0.000798966 -0.00762144 0.00215693 -0.0236358 0.00126935 -0.0105947 0.00166506 -0.000236218 0.00426293 -0.00095948 -0.00926541
internal_weight=1524.06 1493.48 70.9026 1422.57 74.4597 46.7684 27.6913 1348.11 42.6816 1305.43 754.299 551.133 184.467 107.952
internal_count=6922 6786 368 6418 469 293 176 5949 190 5759 3326 2433 822 473
is_linear=0
shrinkage=0.03


Tree=69
num_leaves=15
num_cat=0
split_feature=30 33 13 31 28 13 13 27 31 31 13 13 23 14
split_gain=8.04356 10.1501 11.7585 7.98733 7.12124 10.2277 14.3709 14.4344 12.3064 9.55642 9.30962 12.777 11.5706 14.451
threshold=-0.87567544511027318 0.0020143362771543063 -0.91301920221109512 0.65106671239330416 18.635310747585624 0.95959352324287484 1.2434620292191898 5.155677662971315 -0.97381903846659723 -0.91080963307804841 -1.0000000180025095e-35 -0.37602764790831228 0.012798455645388286 -4.6626852424214151
decision_type=10 2 10 2 10 8 10 10 2 2 10 8 10 8
left_child=1 2 -1 -3 10 8 -7 -8 -6 -10 11 -2 13 -12
right_child=4 3 -4 -5 5 6 7 -9 9 -11 12 -13 -14 -15
leaf_value=0.02506802897304132 0.0028770539416950046 -0.01083216755001667 -0.0031679132720256516 0.0010065140718592182 0.017744795512826029 0.02340658679779755 0.015268880892285059 -0.020999448697131756 -0.027675089247674697 -0.005628571163994657 -0.023184488292971876 0.014339999653687083 0.020039163324281902 6.7315833652641305e-05
leaf_weight=20.105710670351982 341.72827394679189 152.07886825501919 35.256873965263367 76.896294474601746 17.616654824465513 28.428162142634392 17.293952751904726 20.532687567174435 18.68900403380394 186.56940681114793 24.488090515136719 116.9886558316648 23.228559359908104 428.12268985807896
leaf_count=87 1556 678 149 331 80 130 81 111 82 912 113 525 112 1907
internal_value=0.000451685 -0.00408482 0.0073492 -0.00686932 0.00150827 -0.00259997 0.00767182 -0.00445175 -0.00567412 -0.00776038 0.00278068 0.00582533 -0.000160477 -0.00123904
internal_weight=1508.02 284.338 55.3626 228.975 1223.69 289.13 66.2548 37.8266 222.875 205.258 934.556 458.717 475.839 452.611
internal_count=6854 1245 236 1009 5609 1396 322 192 1074 994 4213 2081 2132 2020
is_linear=0
shrinkage=0.03


Tree=70
num_leaves=15
num_cat=0
split_feature=28 29 32 13 13 13 13 32 13 13 29 13 23 13
split_gain=7.27774 7.34248 7.9052 7.08586 15.2893 8.12034 7.29971 21.5287 18.3502 9.35135 10.8382 13.5567 10.4925 10.4604
threshold=-1.8700812973460044 1.5270937416797836 -0.65106671239330405 -1.4945286730437706 -0.84702278855991131 -1.5273327396272707 -0.3934611219893675 0.59130964836358235 -0.42882033197452329 0.351640913782858 0.78327258665787214 0.037613461808279604 -0.021842376473427783 0.53437978935683872
decision_type=10 10 2 8 8 10 8 2 10 8 10 10 8 8
left_child=1 3 -3 5 -5 -1 7 8 -6 10 11 -8 -11 -14
right_child=-2 2 -4 4 6 -7 9 -9 -10 12 -12 -13 13 -15
leaf_value=0.005031653969467257 -0.0012008754980105596 -0.016845834625712677 0.0054751567541368286 0.016485361925914124 0.015342542550949233 -0.020294738682006368 0.032631708747471212 -0.022627413375434162 -0.015715832277550513 -0.020697614350682389 0.0033303410054562632 0.004829675478909866 -0.0090009657234129941 0.0062369693688137376
leaf_weight=22.312287554144859 822.9151885509491 32.196900680661201 24.385119378566742 84.693322479724884 51.041239932179451 21.626430004835129 33.845560230314732 36.299558974802494 24.575873643159866 17.290078617632389 79.469712130725384 29.595903888344765 51.043230965733528 183.25492413341999
leaf_count=127 3730 184 157 374 222 93 154 159 107 82 346 123 216 811
internal_value=0.000705128 0.00297139 -0.00729815 0.00389643 0.00476299 -0.0076081 0.00277391 -0.00396304 0.00517507 0.00469033 0.0107902 0.0199381 0.00119638 0.00289315
internal_weight=1514.55 691.63 56.582 635.048 591.109 43.9387 506.416 111.917 75.6171 394.499 142.911 63.4415 251.588 234.298
internal_count=6885 3155 341 2814 2594 220 2220 488 329 1732 623 277 1109 1027
is_linear=0
shrinkage=0.03


Tree=71
num_leaves=15
num_cat=0
split_feature=28 28 29 1 29 0 28 16 28 1 1 26 28 1
split_gain=9.99476 9.98361 7.80887 8.15137 6.97649 6.93366 7.37617 5.92347 5.89729 5.32523 6.47774 10.253 5.25861 5.43292
threshold=-4.9949571162688491 -6.2222413156653991 0.3723808697963083 -0.0051028180396509738 1.383955542769544 -0.27764594550159816 -4.1916670145347714 0.0045163510175658681 -3.0599193197833325 0.30214929137158192 -0.069448761433554704 6.2727707683407639 -11.305003433648151 0.035040684279172264
decision_type=10 8 10 2 10 2 10 8 10 2 2 10 10 2
left_child=1 2 -1 -4 12 -2 -7 -8 -9 10 11 -10 13 -5
right_child=5 -3 3 4 -6 6 7 8 9 -11 -12 -13 -14 -15
leaf_value=-0.015560973191569689 0.0031359305584438319 0.0167178475049518 0.00012013518624065563 0.026262641024676615 -0.0070477886746598455 -0.020982774569617575 -0.014519182835197791 0.012950491634201523 -0.012946139399782149 -0.013641401625491399 -0.00057467086290879162 0.0066269674450354712 0.0018827782672951752 0.0099414179530318263
leaf_weight=21.602214924991131 178.00452714785933 42.045454770326614 389.14207199588418 26.046841129660606 22.237428985536098 19.998711600899696 36.658664830029011 21.148169830441475 96.276705361902714 37.409041233360767 498.4914495497942 31.316088743507862 41.01539259403944 64.88091567158699
leaf_count=95 796 184 1807 113 126 86 170 92 410 200 2252 139 178 294
internal_value=-0.000196439 0.0027886 0.00172419 0.00243876 0.00825235 -0.0021682 -0.00344437 -0.00292972 -0.0022889 -0.0027934 -0.0021245 -0.00812798 0.0108646 0.0148516
internal_weight=1526.27 606.97 564.925 543.323 154.181 919.303 741.299 721.3 684.641 663.493 626.084 127.593 131.943 90.9278
internal_count=6942 2797 2613 2518 711 4145 3349 3263 3093 3001 2801 549 585 407
is_linear=0
shrinkage=0.03


Tree=72
num_leaves=15
num_cat=0
split_feature=27 1 28 30 13 13 33 33 14 33 28 13 1 30
split_gain=6.26578 5.53211 7.38003 5.65714 6.09031 22.3868 12.6265 9.10238 7.23448 6.72351 10.8678 10.686 8.55297 8.008
threshold=-34.425760629437356 0.27176214257301973 5.7656569219499696 -2.0708386458262971 -1.5273327396272707 -1.4945286730437706 0.024539639531258258 0.1813247731440035 -5.0006086964315957 0.16682684476506957 -4.9949571162688491 0.55827081688502311 0.14079515060725209 0.44782572408245064
decision_type=10 2 10 10 10 10 2 2 8 2 10 10 2 10
left_child=-1 3 -3 -2 6 -6 -5 -8 -7 10 12 -11 13 -10
right_child=1 2 -4 4 5 8 7 -9 9 11 -12 -13 -14 -15
leaf_value=0.013776172790994268 -0.012578342216397842 0.0046342474566127261 -0.015755901912626852 0.020125088265498539 -0.025603538741510289 -0.0091196962329269885 -0.021937157347353752 0.010674087830320336 0.0057016326176648367 0.0098149867382117863 -0.0022986473992431125 -0.0038306323954230967 0.022546197224095305 -0.0042307351323611847
leaf_weight=29.420470245182514 28.505484201014042 24.635279759764671 42.574064806103706 39.721320681273937 28.493265897035599 61.644804686307907 14.298624556511642 14.632864184677599 271.4360830783844 172.61892977356911 602.07087142020464 72.883117351680994 20.452736958861351 99.00127549469471
leaf_count=200 126 123 227 197 131 284 78 86 1139 846 2580 365 90 455
internal_value=0.000297543 2.28898e-05 -0.00832362 0.000421897 0.000695922 0.000242401 0.00934318 -0.0056376 0.000828086 0.0013302 0.000229065 0.00576485 0.00411832 0.00304291
internal_weight=1522.39 1492.97 67.2093 1425.76 1397.25 1328.6 68.6528 28.9315 1300.11 1238.46 992.961 245.502 390.89 370.437
internal_count=6927 6727 350 6377 6251 5890 361 164 5759 5475 4264 1211 1684 1594
is_linear=0
shrinkage=0.03


Tree=73
num_leaves=15
num_cat=0
split_feature=28 13 1 29 13 13 30 13 32 32 14 33 33 30
split_gain=8.053 10.7671 14.4803 12.1452 8.96998 20.814 14.0372 11.2005 9.75902 12.8918 8.05769 9.23103 7.98396 10.613
threshold=-1.8700812973460044 -1.5093788703842936 -0.0051028180396509738 0.43492258077545393 -0.42882033197452329 -0.3934611219893675 0.38161313321203766 -0.17073380415206116 0.15212338618991639 0.59130964836358235 -4.9648420154296815 0.066705656214754563 0.0070307244389254363 -0.88918251294662043
decision_type=10 8 2 8 8 8 8 10 2 2 8 2 2 10
left_child=1 -1 4 -4 8 -6 7 -7 -3 -10 -2 -12 -9 -14
right_child=10 2 3 -5 5 6 -8 12 9 -11 11 -13 13 -15
leaf_value=-0.012805230455911726 -0.013904565019021455 -0.0015434143412669987 -0.015705410806127855 0.012148676697737709 -0.028334149619636203 0.02594716892335585 -0.0080177813987708461 -0.00568093362049056 0.033617698197613552 0.0055266551014346134 -0.0032939517478648766 0.0037122206739372086 -0.0074729511842264807 0.014208178443316078
leaf_weight=37.642875589430332 45.742434546351433 59.344993699342012 14.370393216609953 188.95472616329789 24.251659538596869 19.903105139732361 116.86203207075596 63.061006054282188 21.570322141051292 43.644164241850376 534.08098587393761 246.60519429668784 27.904676638543606 68.945977352559566
leaf_count=195 209 271 62 860 110 87 589 267 91 192 2355 1183 123 295
internal_value=0.000189118 0.00258868 0.00350014 0.0101128 0.000466157 -0.00218752 3.78254e-05 0.00528857 0.00726634 0.0151854 -0.00180475 -0.00107891 0.00257207 0.00794887
internal_weight=1512.88 686.456 648.813 203.325 445.488 320.928 296.677 179.815 124.559 65.2145 826.429 780.686 159.912 96.8507
internal_count=6889 3142 2947 922 2025 1471 1361 772 554 283 3747 3538 685 418
is_linear=0
shrinkage=0.03


Tree=74
num_leaves=15
num_cat=0
split_feature=16 23 1 23 29 23 29 29 33 32 28 33 31 29
split_gain=7.47601 6.17773 8.11315 6.95446 15.5963 11.6706 5.6952 7.05443 8.61164 6.75046 11.7246 12.9714 9.89048 11.9935
threshold=-0.0047397800745248011 0.0011443980323129386 0.096040327120939753 -0.074439325747797741 0.84347766246855416 -0.11358803161562404 1.6606324937429062 1.0760201314655131 0.23282561739203927 -0.3725607353243956 -11.650079779625953 0.27505096748795849 0.65106671239330416 0.89474806145547792
decision_type=10 10 2 10 10 10 10 8 2 2 10 2 2 10
left_child=1 3 -3 5 -5 6 7 9 -9 12 11 -11 -1 -14
right_child=-2 2 -4 4 -6 -7 -8 8 -10 10 -12 -13 13 -15
leaf_value=-0.00035578310234178959 -0.010615776579958179 0.018078346558568211 -0.0066511375112012251 0.011458854867252573 -0.022431294792726958 0.018766032773667115 -0.0092818859507986396 0.0015523957665766063 0.014294322900685202 0.0061145705431149477 -0.0053828582682179885 -0.020011053863220895 0.021102256966961552 -0.0073213557243690811
leaf_weight=226.8717010691762 61.307198733091354 35.258844524621964 17.161988161504269 17.782143883407116 34.844792626798153 28.291295558214188 60.652407594025135 249.43953819572926 58.12967224791646 167.87917027622461 476.10079211741686 18.053299382328987 45.237318903207779 18.197890900075436
leaf_count=988 279 171 81 81 159 131 389 1134 303 730 2063 91 215 82
internal_value=-0.000439824 -3.72886e-06 0.0100092 -0.000385123 -0.01098 3.60751e-05 -0.000379086 5.65189e-05 0.0039991 -0.00121964 -0.00289098 0.0034844 0.00258862 0.0129612
internal_weight=1515.21 1453.9 52.4208 1401.48 52.6269 1348.85 1320.56 1259.91 307.569 952.34 662.033 185.932 290.307 63.4352
internal_count=6897 6618 252 6366 240 6126 5995 5606 1437 4169 2884 821 1285 297
is_linear=0
shrinkage=0.03


Tree=75
num_leaves=15
num_cat=0
split_feature=13 1 1 13 27 33 30 32 27 16 29 1 13 33
split_gain=8.0631 9.80791 10.9629 20.7566 14.567 12.9259 11.2424 10.2547 9.46576 9.45258 11.4615 16.21 10.2926 10.0736
threshold=0.02510765951264694 -0.19581090645719088 -0.060626329571572164 0.53996149047760822 -10.659865189683869 0.00087542693738207908 -0.49378681681998809 0.73727733681012431 -1.4700092127295503 0.002272278342157819 0.59980739384515414 0.1351256299484053 -0.3934611219893675 0.010664883377694317
decision_type=10 2 2 10 10 2 10 2 10 8 10 2 8 2
left_child=9 7 4 -4 -3 -5 8 -2 -7 13 11 12 -11 -1
right_child=1 2 3 5 -6 6 -8 -9 -10 10 -12 -13 -14 -15
leaf_value=0.0051817629702584009 -0.00049353158640730982 0.0032899856163824126 -0.010047056663261346 0.02145450469588368 -0.015346919595576609 0.0071157619941888562 0.0061124678166461464 0.019413549621294133 -0.016641964398680757 0.0089245240690047391 0.00092644489090074349 -0.011528223896173287 0.028801449095092569 -0.021183831096559077
leaf_weight=21.499133855104446 76.411885466426611 51.858157008886337 150.38614066317677 32.394108079373837 134.71933340653777 21.944990321993828 141.02838079631329 32.468967981636524 44.277831017971039 72.650248810648918 646.92502930015326 23.583097778260708 34.71807786077261 30.921098902821541
leaf_count=93 356 239 665 144 583 94 657 151 195 331 2996 109 154 144
internal_value=-0.000251048 -0.00265707 -0.00421669 -0.00134677 -0.010177 0.00413204 0.00133446 0.00556554 -0.00878037 0.00173616 0.00257152 0.0106299 0.0155583 -0.0104759
internal_weight=1515.79 685.49 576.609 390.031 186.577 239.645 207.251 108.881 66.2228 830.297 777.876 130.951 107.368 52.4202
internal_count=6911 3084 2577 1755 822 1090 946 507 289 3827 3590 594 485 237
is_linear=0
shrinkage=0.03


Tree=76
num_leaves=15
num_cat=0
split_feature=28 1 32 13 13 33 31 13 32 33 33 13 31 31
split_gain=4.71121 10.5303 10.0309 9.69766 9.54796 16.5989 12.9327 8.20878 20.5401 14.3598 13.6262 15.2993 8.26062 7.44564
threshold=-11.650079779625953 -0.0051028180396509738 0.087155742747658027 0.53437978935683872 1.6375925564675133 0.001443335012605703 0.91080963307804874 0.92209590533027974 0.83146961230254512 0.10997903427727605 0.35317243313909236 0.77240588263802501 0.99275059979806513 -0.29026740676763269
decision_type=10 2 2 8 10 2 2 10 2 2 2 10 2 2
left_child=1 2 -1 -3 7 -6 -7 10 9 -9 11 12 -2 -4
right_child=4 3 13 -5 5 6 -8 8 -10 -11 -12 -13 -14 -15
leaf_value=-0.0056581446000027822 -0.0013385717584568216 0.0047568102632336998 0.012133917810978336 0.024484283063769419 0.015754304403598353 -0.026182799999520834 0.0022592117943216264 0.017446649645720461 -0.016861043552432904 -0.011266617385317325 0.0088249647023831077 -0.023035016839813766 -0.016721668428433822 -0.00093756276960171631
leaf_weight=160.74925017729402 703.76274270191789 81.847562648355961 70.495336107909679 30.256454162299633 15.939566660672424 46.393580228090286 20.445803135633469 86.809718690812588 26.234413560479879 18.355578482151031 99.529017582535744 31.601451054215431 31.902086317539215 86.580894701182842
leaf_count=778 3098 383 317 140 75 224 96 369 123 84 521 136 134 403
internal_value=-0.000263666 0.00238922 -0.000407103 0.0102506 -0.00132002 -0.0110478 -0.0175775 -0.000503055 0.00645555 0.0123761 -0.00156415 -0.00292155 -0.00202745 0.00496853
internal_weight=1510.9 429.929 317.825 112.104 1080.97 82.779 66.8394 998.195 131.4 105.165 866.795 767.266 735.665 157.076
internal_count=6881 2021 1498 523 4860 395 320 4465 576 453 3889 3368 3232 720
is_linear=0
shrinkage=0.03


Tree=77
num_leaves=15
num_cat=0
split_feature=30 13 13 23 23 13 13 13 31 28 13 13 28 13
split_gain=7.25091 6.67206 12.9745 9.06324 7.50765 7.23212 9.65631 8.85306 23.1189 13.6292 14.8289 11.347 9.61073 7.76585
threshold=-1.0672217236341734 0.082411219573681943 0.16441362168505019 0.050358338557593377 -0.032529184793970253 -0.37602764790831228 -0.30461992789383391 -0.42882033197452329 -0.60003553868615167 -12.675128947510215 -1.4945286730437706 -0.49626739035689221 -18.415357265659789 -0.59176480107740081
decision_type=10 10 10 10 8 8 10 10 2 10 10 10 10 10
left_child=-1 5 -3 4 -4 7 -7 9 -9 10 -2 13 -10 -11
right_child=1 2 3 -5 -6 6 -8 8 12 11 -12 -13 -14 -15
leaf_value=-0.0059660035287777795 -0.009339073398516997 -0.021400480386077385 -0.017881163699951699 0.019118850477292847 -0.001200734974838932 0.023367226730451243 0.0040093169643547113 0.017340199983367346 -0.038748537470826044 -0.0024915888874640166 0.015708623833542334 0.01684933871885293 -0.010275235802588186 -0.02161785929339264
leaf_weight=205.80746985971928 26.993024297058582 29.483770787715912 24.540151879191399 17.925391737371683 499.11043548211455 24.716750904917717 245.05986737832427 18.092753626406193 17.645715329796076 245.30439083278179 90.366232074797153 24.798524029552937 27.393957637250423 19.763804480433464
leaf_count=908 138 134 120 89 2244 120 1118 81 81 1141 420 113 122 83
internal_value=-0.000745265 7.81133e-05 -0.00235591 -0.00128158 -0.00201503 0.00195676 0.00586262 -0.000291154 -0.0106526 0.00133734 0.00991734 -0.00215862 -0.0220299 -0.00399356
internal_weight=1517 1311.19 571.06 541.576 523.651 740.135 269.777 470.358 63.1324 407.226 117.359 289.867 45.0397 265.068
internal_count=6912 6004 2587 2453 2364 3417 1238 2179 284 1895 558 1337 203 1224
is_linear=0
shrinkage=0.03


Tree=78
num_leaves=15
num_cat=0
split_feature=14 21 32 32 14 32 20 32 29 29 32 29 29 13
split_gain=8.37685 8.55175 10.3729 12.4535 6.94831 6.63184 5.62643 5.86245 9.1667 8.33916 7.35362 13.7379 13.973 12.6111
threshold=-5.0530660145053909 0.34626479169297403 0.48098876891938797 0.054511258297739194 -4.5554996795355009 -0.74455857214455057 -0.16290907763227833 0.89194178735545526 0.86897673518019325 0.36348388448219865 0.54643492068321298 0.80100259814028452 0.62591269791829929 -1.1333745239069943
decision_type=8 8 2 2 10 2 10 2 10 8 2 10 10 8
left_child=5 2 3 4 -2 -1 7 9 -9 -3 13 12 -12 -11
right_child=1 6 -4 -5 -6 -7 -8 8 -10 10 11 -13 -14 -15
leaf_value=0.0052700724283518555 0.018406735703024722 -0.01521557984864769 -0.0043912783449660204 0.032111401781713025 -0.0033975105095106423 -0.015973346696182309 -0.013409525374616541 -0.00076845921937915133 0.012731760053573328 -0.009167712171389359 -0.004121943933183797 0.0025872377128001644 -0.026038971833119644 0.0019284767094659872
leaf_weight=17.242965750396252 22.040571838617325 35.219163984060287 39.689934886991978 23.445807196199894 30.058898933231831 50.482125595211983 28.830570228397846 112.15733160078526 74.778636571019888 103.59709483757615 65.865651503205299 95.840335976332426 42.965809717774391 775.85896311327815
leaf_count=78 100 152 187 107 140 239 131 520 358 509 284 441 182 3497
internal_value=-0.000332596 0.000152246 0.00795703 0.0144172 0.00599966 -0.0105667 -0.000526845 -0.000232475 0.00467095 -0.00105481 -0.000581179 -0.00568815 -0.0129329 0.000612453
internal_weight=1518.07 1450.35 115.235 75.5453 52.0995 67.7251 1335.11 1306.28 186.936 1119.35 1084.13 204.672 108.831 879.456
internal_count=6925 6608 534 347 240 317 6074 5943 878 5065 4913 907 466 4006
is_linear=0
shrinkage=0.03


Tree=79
num_leaves=15
num_cat=0
split_feature=32 29 20 32 13 13 29 33 29 13 33 29 13 33
split_gain=6.06429 13.6377 13.4792 12.3533 12.7453 20.5127 14.6137 12.0297 9.2645 8.40442 13.7775 14.7164 10.5486 11.8775
threshold=0.52803643325367278 1.1098977526447824 -1.5797831464414711 0.8604686372286926 1.6598148769599537 0.92209590533027974 0.59206918260358132 0.034247825836957811 2.0050620346438635 -1.0636845614099635 0.012599071030236922 0.9476399006002324 0.02510765951264694 0.001443335012605703
decision_type=2 10 10 2 10 10 10 2 8 8 2 10 8 2
left_child=8 3 7 4 5 6 -2 -3 9 10 11 -1 13 -11
right_child=1 2 -4 -5 -6 -7 -8 -9 -10 12 -12 -13 -14 -15
leaf_value=0.024145482928868221 4.381056043643454e-05 0.0037811498248630907 -0.016070130921626589 -9.2569038500831132e-05 -0.029870107458863131 0.016993045436073898 -0.019638285828829764 0.027542146908931114 -0.01890577146536801 -0.0041859326300102409 -0.012177871359538392 -0.0071031003046632532 -0.00041216300982137272 0.0087685868128581888
leaf_weight=23.531755268573761 55.191182494163513 58.86884868517518 18.400234840810299 192.00613438338041 26.30831415951252 24.899006426334381 87.204478330910206 27.727803893387318 19.287020538002253 78.598181527107954 90.662999778985977 29.581024877727032 459.88125064224005 323.75658721104264
leaf_count=112 235 288 92 877 122 103 376 148 130 348 431 126 2045 1474
internal_value=-0.00014341 -0.00288311 0.00665901 -0.00549182 -0.0108186 -0.00766287 -0.0120626 0.0116169 0.00116907 0.00157233 -0.00511929 0.00693202 0.00269278 0.00623388
internal_weight=1515.9 490.606 104.997 385.609 193.603 167.295 142.396 86.5967 1025.3 1006.01 143.776 53.1128 862.236 402.355
internal_count=6907 2241 528 1713 836 714 611 436 4666 4536 669 238 3867 1822
is_linear=0
shrinkage=0.03


Tree=80
num_leaves=15
num_cat=0
split_feature=30 28 32 29 27 29 32 32 28 29 32 13 29 13
split_gain=7.13165 13.8817 13.1051 18.948 15.7221 10.5502 9.5316 14.5932 9.33675 9.08624 9.09524 8.65272 8.82691 11.1218
threshold=0.49417498092221196 -12.675128947510215 0.49049438445969418 0.83211038802060944 6.288892089436616 1.1317676996470507 0.24825246871434672 -0.021814885034560822 7.5294595181762967 0.34831505518521272 0.95032354012166631 -1.4945286730437706 0.90966503267276411 -0.42882033197452329
decision_type=8 10 2 10 10 10 2 2 10 10 2 8 10 10
left_child=1 11 3 4 -3 9 7 -5 -7 -4 -11 -1 13 -13
right_child=-2 2 5 6 -6 8 -8 -9 -10 10 -12 12 -14 -15
leaf_value=-0.010480657611931119 -0.0028991018954737957 0.012980946189249075 0.010051581341311405 -0.0018277419491963549 -0.0035188858014706553 -0.0052343785154848176 0.013187237619476431 -0.022332662212922953 0.022100823324924732 -0.012856659858534935 -6.8337434880956299e-05 0.028581920160461669 0.0024440218150283441 0.0090663216628732064
leaf_weight=21.148906208574772 438.40681560337543 184.62747700512409 23.597742527723312 183.9104500412941 71.682321816682816 22.024039946496487 27.264932401478291 36.684429369866848 21.340325325727463 171.51687292009592 70.525445640087128 34.616164490580559 102.88974171876907 107.14756306260824
leaf_count=106 2205 792 105 797 308 103 119 156 98 738 331 149 455 458
internal_value=0.000323365 0.00163418 -0.000313662 0.0026665 0.00837069 -0.00516899 -0.00324209 -0.00532306 0.00841268 -0.00740936 -0.00914606 0.00757209 0.00916896 0.0139985
internal_weight=1517.38 1078.98 813.174 504.17 256.31 309.004 247.86 220.595 43.3644 265.64 242.042 265.802 244.653 141.764
internal_count=6920 4715 3547 2172 1100 1375 1072 953 201 1174 1069 1168 1062 607
is_linear=0
shrinkage=0.03


Tree=81
num_leaves=15
num_cat=0
split_feature=28 26 1 29 1 28 27 30 13 31 1 28 1 28
split_gain=8.3368 6.59149 8.94592 6.4769 9.53032 9.24064 11.5803 9.16771 7.56331 7.52277 6.02911 5.64611 5.5206 7.77317
threshold=77.881136058577397 0.76884073528127328 0.26631306850275288 1.1317676996470507 -0.15976557020590018 -5.1853067674656463 11.906859391856985 -0.37858932014227126 1.2434620292191898 0.04361938736533582 0.22458025921581648 -39.990416616433315 -0.18994239243917257 -0.62127127075761723
decision_type=10 10 2 8 2 10 10 8 10 2 2 10 2 10
left_child=1 2 10 5 -5 6 7 9 11 -3 -1 -6 -7 -14
right_child=-2 3 -4 4 8 12 -8 -9 -10 -11 -12 -13 13 -15
leaf_value=0.0023792397912541798 -0.019834321167566244 -0.0025620519500368483 -0.014771512786173295 -0.016003283268507817 -0.0086718546072899107 0.0076964906379751044 0.022689285475607071 -0.0078318430194211537 -0.012063526725974164 0.019210285471612552 0.01953368251598148 0.010596943916011925 -0.020063614212913861 -0.0055624535948172156
leaf_weight=790.89272071048617 17.45636672899127 28.439180716872215 26.016112990677357 19.390818752348423 14.739797335118054 22.851484537124634 21.144818142056465 71.968286111950874 17.700519576668739 27.279073655605316 17.906356737017632 116.01887708157301 37.111682817339897 277.45803111791611
leaf_count=3544 134 122 125 97 85 102 96 319 101 115 81 554 163 1243
internal_value=0.000204802 0.000452899 0.00221861 -0.00180058 0.00326701 -0.00355298 0.00266165 -0.000805459 0.00587421 0.00824822 0.00278268 0.00837553 -0.00629392 -0.0073314
internal_weight=1506.37 1488.92 834.815 654.103 167.85 486.253 148.831 127.687 148.459 55.7183 808.799 130.759 337.421 314.57
internal_count=6881 6747 3750 2997 837 2160 652 556 740 237 3625 639 1508 1406
is_linear=0
shrinkage=0.03


Tree=82
num_leaves=15
num_cat=0
split_feature=13 33 13 23 23 28 13 32 13 28 32 29 1 0
split_gain=6.10243 9.43686 10.7976 9.70069 13.2461 12.8652 9.87529 21.4778 17.7204 12.0609 14.4595 10.4058 9.7073 13.5557
threshold=0.082411219573681943 0.23282561739203927 -1.4945286730437706 -0.077913272069204051 -0.17557236496253786 4.3056962174148348 -0.39701346705124246 0.54643492068321298 -0.30461992789383391 -13.432291280697227 0.8604686372286926 0.43492258077545393 -0.16843607760134241 -0.21659191263724206
decision_type=10 2 8 10 10 10 10 2 10 10 2 10 2 2
left_child=1 3 -3 4 6 -6 9 8 -8 -1 11 -11 -10 -14
right_child=-2 2 -4 -5 5 -7 7 -9 12 10 -12 -13 13 -15
leaf_value=0.0054479810339766758 -0.0021387203086081995 -0.014142773110490437 0.011541354573554395 -0.012698779079218998 0.030099713024229906 0.0008365260350942452 0.031362280043223362 -0.015332658411689489 0.021724264756734304 -0.032487077957447867 0.0094621062658746587 -0.0073876375541939718 -0.01872618572939326 0.0065144819531784814
leaf_weight=111.30731635540724 658.67014189437032 15.762061253190039 128.74462042748928 47.359658539295197 26.001241832971573 27.201568871736526 27.133586008101702 37.126901775598526 25.760288584977388 15.080288603901861 43.965005680918694 221.66434497013688 22.602062180638313 100.65183293074369
leaf_count=516 2984 93 664 207 115 124 127 159 115 65 193 994 96 448
internal_value=2.71534e-05 0.00170533 0.00866192 0.000270899 0.00122153 0.0154295 -5.06796e-05 0.00513046 0.0095057 -0.00287533 -0.00618332 -0.00911636 0.00534336 0.00177244
internal_weight=1509.03 850.361 144.507 705.854 658.494 53.2028 605.292 213.275 176.148 392.017 280.71 236.745 149.014 123.254
internal_count=6900 3916 757 3159 2952 239 2713 945 786 1768 1252 1059 659 544
is_linear=0
shrinkage=0.03


Tree=83
num_leaves=15
num_cat=0
split_feature=27 27 1 32 29 32 29 13 32 1 23 32 27 1
split_gain=5.2707 7.64425 7.17111 9.05887 11.6589 8.85141 7.38604 10.398 7.86337 6.54988 6.5453 8.58088 8.57864 6.89629
threshold=0.078225229653838838 14.642250560967797 -0.21365742347946107 0.55557023301960229 1.1227708670505969 0.89194178735545526 0.57730922353624659 0.082411219573681943 -0.94331137514050678 0.033059573061667645 -0.072961326251214612 -0.77296446310592981 12.169404444222211 0.10010199925653449
decision_type=10 10 2 2 10 2 8 10 2 2 10 2 10 2
left_child=-1 2 -2 6 5 -5 7 -4 9 -8 11 -10 13 -13
right_child=1 -3 3 4 -6 -7 8 -9 10 -11 -12 12 -14 -15
leaf_value=0.0014960837816473753 0.0084657169830946229 0.0030027604618094914 0.018642530613557359 -0.022041533923389565 0.0053182627344044459 -0.0062460358938529808 -0.0045051134005833189 -0.0063991318257578308 0.011400975940274279 -0.025389226513773174 -0.015677696506942784 -0.0057128034548114374 -0.021728391492549869 0.0071649863076203822
leaf_weight=761.32561105489731 38.79387504607439 199.0742896720767 32.535351261496544 67.910696655511856 32.457382336258888 61.525885492563248 29.86521265655756 26.181286484003067 45.993876904249191 24.523320086300373 25.819253757596016 94.513466686010361 18.624352134764194 60.547443561255932
leaf_count=3453 177 1012 146 296 157 280 123 112 197 106 116 410 86 277
internal_value=-0.000266272 -0.00203515 -0.0038305 -0.00476144 -0.0106296 -0.0146388 -0.00209002 0.00755647 -0.0039976 -0.01421 -0.00168665 2.13313e-05 -0.00304015 -0.000670655
internal_weight=1519.69 758.366 559.291 520.498 161.894 129.437 358.604 58.7166 299.887 54.3885 245.498 219.679 173.685 155.061
internal_count=6948 3495 2483 2306 733 576 1573 258 1315 229 1086 970 773 687
is_linear=0
shrinkage=0.03


Tree=84
num_leaves=15
num_cat=0
split_feature=30 28 13 28 1 33 16 33 22 13 33 13 32 1
split_gain=6.225 7.69323 6.24327 6.85244 5.38773 17.4472 6.62859 9.34572 5.02215 4.8843 14.4041 9.19646 6.28675 15.5818
threshold=-1.1785117337454676 18.635310747585624 0.67482541559110121 -4.9949571162688491 -0.26844198774607142 0.010664883377694317 -0.0047397800745248011 0.037224100589487212 1.0960388197936126 -1.4945286730437706 0.02667223358031583 -1.5273327396272707 -0.95032354012166609 -0.1254855521627046
decision_type=10 8 8 10 2 2 10 2 10 8 2 10 2 2
left_child=1 2 3 -1 5 -2 8 -8 9 10 11 -6 13 -11
right_child=4 -3 -4 -5 6 -7 7 -9 -10 12 -12 -13 -14 -15
leaf_value=0.0057450110836868729 -0.0073891605445297638 0.0086535425490824533 -0.018359405205903328 -0.010844932742334631 0.014233756171562254 0.018683130138354237 -0.019804706852114367 0.0042917086963247522 0.015621520710580095 0.015375054319896643 -0.024202437800693716 -0.013129289681861148 0.001123493822888383 -0.01117027719573783
leaf_weight=35.434489399194717 41.038979690521955 25.749067485332489 42.687064737081528 57.706483222544193 25.931129485368729 50.633154939860106 35.102943941950798 23.687842048704624 17.356209490448236 23.820685386657715 27.821818023920059 17.786260664463043 969.19867528229952 100.7218967936933
leaf_count=155 197 115 191 258 137 258 159 111 87 99 165 74 4395 432
internal_value=-0.000596199 -0.00613829 -0.00898515 -0.00453948 7.96232e-05 0.00705753 -0.00044092 -0.0101864 5.17425e-05 -0.000193356 -0.00773206 0.00305655 0.000306346 -0.00601105
internal_weight=1494.68 161.577 135.828 93.141 1333.1 91.6721 1241.43 58.7908 1182.64 1165.28 71.5392 43.7174 1093.74 124.543
internal_count=6833 719 604 413 6114 455 5659 270 5389 5302 376 211 4926 531
is_linear=0
shrinkage=0.03


Tree=85
num_leaves=15
num_cat=0
split_feature=28 27 14 29 14 13 28 29 13 29 28 13 27 33
split_gain=8.51688 4.57778 10.49 6.80163 9.8485 8.26984 8.22754 8.13756 11.5254 6.88816 9.99031 7.15032 6.51134 7.48408
threshold=68.86480638230276 0.32904290330648683 -3.7074431284711546 1.0888352937640307 -4.3236974536392516 1.2434620292191898 -4.9949571162688491 1.6203578984870488 -0.57745133864518761 0.94375499630317938 19.44617733324883 0.082411219573681943 15.524890034424034 0.0018532788409810444
decision_type=10 10 10 8 10 10 10 10 10 10 10 10 10 2
left_child=1 2 -1 6 5 7 12 8 -5 11 -11 -8 13 -3
right_child=-2 3 -4 4 -6 -7 9 -9 -10 10 -12 -13 -14 -15
leaf_value=0.00058888047060832993 -0.017645469328833992 0.016750959232549753 0.02302416224473338 -0.00083323057500429181 -0.019260733095738888 -0.014605421768880276 -0.00038016185067273463 -0.0074072385692318674 0.016333503302174965 -0.02380287719371119 0.001206553461719772 -0.0094716399277208468 0.018145755271085442 -0.0041311006610456353
leaf_weight=744.6765406280756 25.414219617843628 17.798815086483955 18.243371993303299 59.681631121784449 16.471342504024506 17.972465597093105 174.39123672991991 31.378573857247829 84.476996205747128 41.122901901602745 21.681500650942326 139.77890671789646 19.357513591647148 85.636468783020973
leaf_count=3372 184 77 88 282 82 95 777 174 381 179 100 611 88 369
internal_value=-0.000760967 -0.000457811 0.0011548 -0.00219042 0.00233258 0.00426015 -0.00409166 0.0062635 0.0092697 -0.00628445 -0.0152855 -0.00444231 0.00263664 -0.000411794
internal_weight=1498.08 1472.67 762.92 709.748 209.981 193.51 499.767 175.537 144.159 376.975 62.8044 314.17 122.793 103.435
internal_count=6859 6675 3460 3215 1014 932 2201 837 663 1667 279 1388 534 446
is_linear=0
shrinkage=0.03


Tree=86
num_leaves=15
num_cat=0
split_feature=28 32 28 32 28 28 1 13 29 32 32 30 13 19
split_gain=6.4917 6.75125 13.7442 10.0861 9.56854 11.792 12.3794 14.8274 8.57025 19.2111 16.6808 14.1564 13.9897 14.5958
threshold=77.881136058577397 0.52803643325367278 26.86393659469211 0.75894212529897775 -11.650079779625953 -8.4047113561691571 -0.13485592374888147 -0.67141607150808447 0.81960673939617268 0.25881904510252057 -0.11969653353600833 0.47626136677181868 -0.86710819423750196 0.99574561435389353
decision_type=10 2 10 2 10 10 2 10 10 2 2 8 8 8
left_child=1 8 4 -4 -3 -6 -7 -8 11 10 -10 12 -1 -14
right_child=-2 2 3 -5 5 6 7 -9 9 -11 -12 -13 13 -15
leaf_value=-0.0065517429676339731 -0.017504358960927474 0.0016666771544432762 -0.0056317921719565593 0.022144192383391499 -0.027839353855609528 0.0060929642561092928 0.0036013920589783497 -0.014405944216434943 -4.1631054544681246e-05 0.015596244388199648 -0.013851661541441589 -0.0049398456758562781 0.028223510920412968 0.0078872137355225306
leaf_weight=49.010152339935303 17.90770348533988 151.11097253113985 17.94307304546237 31.392564907670021 22.949065454304218 60.052189692854881 56.843439467251301 144.89759234338999 453.78298874571919 57.867822833359241 94.239643234759569 98.74092959612608 36.319226443767548 225.71637667715549
leaf_count=219 136 699 86 160 100 267 262 650 2108 263 420 459 172 954
internal_value=-3.55308e-05 0.000184416 -0.00272336 0.012131 -0.0044287 -0.007658 -0.00578967 -0.00933938 0.00157478 -0.000692124 -0.00243735 0.00492003 0.00805583 0.0108025
internal_weight=1518.77 1500.87 485.189 49.3356 435.853 284.742 261.793 201.741 1015.68 605.89 548.023 409.787 311.046 262.036
internal_count=6955 6819 2224 246 1978 1279 1179 912 4595 2791 2528 1804 1345 1126
is_linear=0
shrinkage=0.03


Tree=87
num_leaves=15
num_cat=0
split_feature=14 0 32 29 28 16 29 28 32 29 29 33 1 29
split_gain=6.46284 5.0201 5.82179 10.5865 10.1259 8.11991 9.31342 10.6459 8.10117 8.32514 8.83891 9.71499 7.38348 7.01074
threshold=-5.3153758210666693 -0.24757967941941775 0.52803643325367278 1.640176396825711 6.9470321697995283 -0.0051041769807689255 0.8561516207704073 -11.650079779625953 -0.99512551815703254 0.46697505520488858 0.73534697054816445 0.016177527429478415 -0.13229963567277539 1.1317676996470507
decision_type=8 2 2 10 10 10 10 10 2 8 10 2 2 10
left_child=-1 -2 3 4 8 6 7 -4 -3 -10 11 -11 -12 -14
right_child=1 2 5 -5 -6 -7 -8 -9 9 10 12 -13 13 -15
leaf_value=-0.011394985471340184 0.0035546534777469016 -0.013377092037614485 0.0044157309539913335 -0.012833510968703723 -0.0020853757923576721 -0.023328675001714115 0.0030924297407908287 -0.011887023676035675 -0.0099037064241535161 0.02407065406886158 -0.0071569999389379984 0.0044897353285610281 0.0029211536721011292 0.014574774143607453
leaf_weight=40.447755727916956 384.90223570168018 19.2127955108881 49.952232927083969 45.430695187300444 310.06989477947354 16.999521747231483 142.16455232352018 124.56589442491531 26.11968657374382 50.3060382604599 40.437585338950157 42.049988858401775 144.41535450518131 67.987735062837601
leaf_count=189 1774 80 216 288 1393 83 672 559 112 216 179 188 625 306
internal_value=0.000287548 0.000617735 -0.000431555 0.001042 0.00195877 -0.00371933 -0.00259658 -0.00722212 0.00516685 0.00615971 0.00740026 0.015299 0.00446616 0.00670216
internal_weight=1505.06 1464.61 1079.71 746.03 700.599 333.682 316.683 174.518 390.529 371.316 345.197 92.356 252.841 212.403
internal_count=6880 6691 4917 3387 3099 1530 1447 775 1706 1626 1514 404 1110 931
is_linear=0
shrinkage=0.03


Tree=88
num_leaves=15
num_cat=0
split_feature=1 13 13 1 30 29 13 13 31 27 31 31 22 14
split_gain=5.65966 7.53269 7.02557 4.79254 5.86754 4.43858 10.6758 23.988 9.8867 10.2475 7.78861 6.45505 6.35261 6.75951
threshold=0.26631306850275288 0.51920004969922184 -0.19738895823384084 0.22458025921581648 -0.20877983736378689 0.59678636820129294 0.02510765951264694 -0.3934611219893675 -0.96863394805116465 -1.4700092127295503 -0.88186879444286459 0.71473537162315171 0.55094290016428227 -3.9924276855840541
decision_type=2 10 8 2 10 10 10 10 2 10 2 2 10 10
left_child=3 2 -2 5 -5 6 7 10 -8 -10 -1 -12 13 -7
right_child=1 -3 -4 4 -6 12 8 -9 9 -11 11 -13 -14 -15
leaf_value=0.019839050834371607 -0.0031544388796663964 0.010338255648257568 -0.024093063605655652 0.022457243655701571 0.00052643701270685232 -0.00066783193668951981 -0.023022759721143159 0.030780701167351827 0.010074100174529142 -0.0072228368122378836 -0.0069584677914586385 0.012640078473657239 -0.01393483710454518 0.012717180958920993
leaf_weight=16.845839813351631 31.465000003576279 15.138546690344809 26.186410196125507 18.650274977087975 24.995158676058054 1062.3334378376603 16.79330176115036 34.692861326038837 57.151407301425934 64.614719659090042 59.615766413509846 19.173747032880783 30.36070217192173 34.076776422560215
leaf_count=83 173 78 130 84 125 4838 70 158 254 279 263 86 142 158
internal_value=0.000100126 -0.00800337 -0.0129138 0.000515216 0.0101909 0.000205556 0.00366133 0.0097915 -0.00213352 0.000911479 0.00193769 -0.00209044 -0.00062163 -0.000240612
internal_weight=1512.09 72.79 57.6514 1439.3 43.6454 1395.66 268.888 130.328 138.559 121.766 95.6354 78.7895 1126.77 1096.41
internal_count=6921 381 303 6540 209 6331 1193 590 603 533 432 349 5138 4996
is_linear=0
shrinkage=0.03


Tree=89
num_leaves=15
num_cat=0
split_feature=14 22 31 1 31 28 30 28 30 31 22 23 28 13
split_gain=5.7293 9.35736 8.41751 12.5225 15.8152 7.12361 6.23656 7.30242 6.33679 6.10575 8.2214 5.44865 5.18731 5.02672
threshold=-4.890105089210838 -1.1090316895669743 0.88186879444286481 -0.20791414825501855 -0.5 8.6373025239705488 -1.0672217236341734 18.635310747585624 -1.0984717909286719 0.1413247892049844 -0.52879112444520004 -0.11404352204521452 -15.060272727938083 -1.4945286730437706
decision_type=10 8 2 2 2 10 10 8 8 2 10 10 10 8
left_child=1 -1 3 -2 5 -5 7 8 12 -6 -11 13 -3 -8
right_child=2 6 -4 4 9 -7 11 -9 -10 10 -12 -13 -14 -15
leaf_value=-0.018082684607422649 0.023551925842056502 0.0057396187017730712 0.019552628172207875 0.019539894634938725 -0.021027868000461598 -0.0040525279083337019 -0.0080480416822651547 0.0079121899922060326 -0.024211914529151956 -0.018301071996068462 0.0071067332728546439 0.011818857125672056 -0.0086634930039763171 0.0006927135336514959
leaf_weight=26.039963990449905 19.977414101362228 27.663418807089329 29.291096411645412 32.388653889298439 28.084826957434416 17.130158267915249 61.80670004338026 30.231063857674599 18.180850073695183 18.400942038744688 27.110634848475456 36.52480111271143 107.17871100455523 1034.5116373673081
leaf_count=124 96 119 139 148 130 86 339 136 78 86 122 169 476 4689
internal_value=4.93503e-05 -0.000613192 0.00518152 0.00212447 -0.00151422 0.0114598 -0.000254078 -0.00537295 -0.00803188 -0.0102803 -0.00333859 0.000577983 -0.00568814 0.000193054
internal_weight=1514.52 1342.14 172.384 143.093 123.115 49.5188 1316.1 183.254 153.023 73.5964 45.5116 1132.84 134.842 1096.32
internal_count=6937 6130 807 668 572 234 6006 809 673 338 208 5197 595 5028
is_linear=0
shrinkage=0.03


Tree=90
num_leaves=15
num_cat=0
split_feature=29 29 16 29 28 30 28 1 22 29 0 29 33 33
split_gain=6.87522 5.45048 6.43588 7.51653 5.68312 5.12835 5.27878 6.77182 7.17505 6.07559 5.93269 5.87285 5.79597 7.65555
threshold=2.0541505208507802 1.858898333275766 -0.0023008450183201741 1.6606324937429062 -17.983469571243301 -2.0708386458262971 -1.8700812973460044 -0.0037114346411833321 -0.74796497203986612 0.48171035115289962 0.074177716262425641 0.34831505518521272 0.0070307244389254363 0.23282561739203927
decision_type=10 8 8 10 10 10 10 2 10 10 2 10 2 2
left_child=1 2 -1 5 -5 -4 7 8 12 -9 -11 -8 -7 -14
right_child=-2 -3 3 4 -6 6 11 9 -10 10 -12 -13 13 -15
leaf_value=-0.011692588826363086 -0.017590454517911955 0.015315054330922539 -0.012943789567203273 -0.02516655605966157 -0.0021008418706275761 -0.0048294634000747268 0.0141009322734852 -0.0090486711253780182 0.012788618563387278 0.017926735417146938 0.005710784310402112 -0.0010683325565082485 0.0055641854663615624 -0.0072679492802916017
leaf_weight=39.179351314902306 18.434388317167759 20.640896048396826 22.845166049897671 16.544068615883589 21.713691812008619 147.59968397766352 22.719034895300865 16.208206728100777 41.67754040658474 53.351039707660675 109.39012468606234 727.98327988013625 186.42000895366073 52.943108290433884
leaf_count=182 137 135 105 97 119 644 104 71 192 235 500 3253 811 273
internal_value=0.000137123 0.000369784 0.000147939 0.000482773 -0.0124623 0.000850111 0.00109146 0.0031679 0.00111469 0.00805248 0.00980053 -0.000591106 -0.000172369 0.0027075
internal_weight=1497.65 1479.22 1458.57 1419.39 38.2578 1381.14 1358.29 607.59 428.64 178.949 162.741 750.702 386.963 239.363
internal_count=6858 6721 6586 6404 216 6188 6083 2726 1920 806 735 3357 1728 1084
is_linear=0
shrinkage=0.03


Tree=91
num_leaves=15
num_cat=0
split_feature=30 33 13 26 30 28 13 30 32 13 28 31 13 27
split_gain=8.22737 7.16818 8.23194 4.09112 5.55023 5.57128 5.3726 4.71788 8.16413 10.3755 9.98405 8.27007 7.36164 6.66862
threshold=-1.5194406501835556 0.002586458977622292 0.62934111587365849 -6.0928453728870116 -0.86347513416461141 -24.960677236691705 -0.49626739035689221 0.25483298456177872 0.48098876891938797 -0.86710819423750196 -10.944926795213304 0.47136869107721086 0.16441362168505019 6.288892089436616
decision_type=10 2 8 10 10 10 10 10 2 10 10 2 10 10
left_child=1 -1 -3 4 -2 6 -6 8 -5 -10 12 -12 -11 -9
right_child=3 2 -4 7 5 -7 -8 13 9 10 11 -13 -14 -15
leaf_value=0.0068248349631025457 -0.010632491887404649 -0.0043133704715243035 -0.025475414406111202 0.0035756065490394041 0.010151268797345077 0.0076664847570162998 -0.0062346969717610038 -0.0062509515233900876 0.0079323764976562475 -0.0074443700448036648 -0.0061406625607546292 -0.022441760596873351 0.012890078290224021 0.0014943089307717129
leaf_weight=19.044704854488373 22.07077194750309 37.975667551159859 29.01840141415596 437.16547749936581 24.24512479826808 182.9257850497961 61.935150381177664 239.20697510614991 61.436456874012947 27.272608570754528 128.12330946326256 35.355359718203545 36.205120041966438 170.91105998307467
leaf_count=82 97 174 132 1888 124 840 327 1110 285 117 566 151 155 873
internal_value=-0.000191378 -0.00914588 -0.0137195 0.000354602 0.00352065 0.00471649 -0.00156127 -0.000459526 0.00099414 -0.00291785 -0.00587689 -0.00978109 0.00417361 -0.00302744
internal_weight=1512.89 86.0388 66.9941 1426.85 291.177 269.106 86.1803 1135.68 725.558 288.393 226.956 163.479 63.4777 410.118
internal_count=6921 388 306 6533 1388 1291 451 5145 3162 1274 989 717 272 1983
is_linear=0
shrinkage=0.03


Tree=92
num_leaves=15
num_cat=0
split_feature=1 13 13 32 13 13 13 13 13 31 13 28 13 30
split_gain=4.84094 12.1901 11.7796 4.85786 12.7596 10.9554 11.6891 13.3075 20.1355 19.1974 16.0428 15.3436 15.1182 12.5256
threshold=0.26631306850275288 0.53996149047760822 -0.21345564352077731 0.54643492068321298 -0.86710819423750196 -1.1333745239069943 0.02510765951264694 -0.39701346705124246 -0.42882033197452329 0.098011308799811389 -0.67141607150808447 16.797088206805814 -0.30461992789383391 0.38161313321203766
decision_type=2 10 8 2 10 8 8 10 10 2 10 10 10 10
left_child=3 2 -2 5 -5 -1 7 8 9 10 13 -11 -9 -7
right_child=1 -3 -4 4 -6 6 -8 12 -10 11 -12 -13 -14 -15
leaf_value=-0.0060780447824722835 0.00076676045219667703 0.015929089179407625 -0.026391777591925496 0.0087338211382635787 -0.0040379807274857574 -0.030562424787231594 3.7893026253618275e-05 0.030128230610629751 -0.020699732870181894 0.024636612559786743 0.0089888185634254669 -0.004131203038288774 0.008608607679647419 0.00084483919824212281
leaf_weight=124.8867697045207 27.547014094889164 15.536331608891485 28.931327655911446 86.291122995316982 363.23689094185829 24.365514516830444 446.09365998581052 34.563612405210733 30.278440285474062 55.459235295653343 42.499005123972893 23.320668235421181 179.20979824662209 20.70393068343401
leaf_count=596 152 81 144 406 1646 103 1989 163 141 248 194 102 819 101
internal_value=0.000624184 -0.00691154 -0.0133625 0.001008 -0.00157237 0.00219036 0.00340167 0.00704902 0.00140236 0.005525 -0.00413116 0.0161756 0.0122121 -0.0164294
internal_weight=1502.92 72.0147 56.4783 1430.91 449.528 981.381 856.494 410.4 196.627 166.348 87.5685 78.7799 213.773 45.0694
internal_count=6885 377 296 6508 2052 4456 3860 1871 889 748 398 350 982 204
is_linear=0
shrinkage=0.03


Tree=93
num_leaves=15
num_cat=0
split_feature=29 31 32 13 23 13 14 29 30 30 32 13 31 32
split_gain=4.13124 10.3678 9.86854 8.9445 23.3586 12.3921 8.62469 6.71315 10.9409 7.84777 12.4335 11.308 7.2253 6.99601
threshold=1.1317676996470507 -0.9629878403374984 -0.87137607974597309 1.2434620292191898 -0.067314363578868969 0.92209590533027974 -4.2541319606331776 0.91648702005583071 0.041044651955052511 0.50343530494275601 0.46174861323503363 0.40449915644787576 -0.03271713619994817 0.87137607974597331
decision_type=8 2 2 10 10 8 10 10 10 8 2 8 2 2
left_child=6 -2 -3 5 -5 -4 7 9 13 10 -1 -11 -10 -9
right_child=1 2 3 4 -6 -7 -8 8 12 11 -12 -13 -14 -15
leaf_value=0.0045433074123367671 -0.020024375664915734 -0.0057876586464975311 0.0059687647357420026 -0.026426365723745317 0.019012202303051295 0.029361656733645478 0.008835206782594425 -0.014841184847830521 0.0077862517338166733 -0.00019865516087242855 -0.0038121582747154903 -0.017137865036583322 -0.0063455053693830194 0.0025607173277411984
leaf_weight=359.02622952312231 16.905783049762249 81.525302890688181 222.44221079722047 22.762060303241014 16.889453303068876 21.572704531252384 69.55730976909399 116.88220903277397 60.206540144979954 90.928105734288692 287.94056122750044 57.176397487521172 68.577084094285965 24.919614210724831
leaf_count=1545 84 390 1129 123 100 106 324 492 279 427 1268 269 312 110
internal_value=-0.00041711 0.00227733 0.0033616 0.00600218 -0.00708035 0.00814826 -0.00132523 -0.00199608 -0.00606833 -0.000604291 0.00082446 -0.00680919 0.000270202 -0.0117865
internal_weight=1517.31 382.098 365.192 283.666 39.6515 244.015 1135.21 1065.66 270.585 795.071 646.967 148.105 128.784 141.802
internal_count=6958 1932 1848 1458 223 1235 5026 4702 1193 3509 2813 696 591 602
is_linear=0
shrinkage=0.03


Tree=94
num_leaves=15
num_cat=0
split_feature=1 26 1 14 22 24 33 1 30 26 28 32 33 30
split_gain=6.13273 4.92822 8.19525 7.53758 6.78693 8.35005 8.04129 7.60895 5.51969 5.82171 5.21911 5.91665 5.98252 4.98938
threshold=0.26631306850275288 0.76884073528127328 0.0019990313494675908 -4.7103713592716581 -0.65210574484058925 0.00042012982909997437 0.00074103290397088976 -0.20791414825501855 -1.0672217236341734 -0.94240333270434451 -15.377626348653804 -0.94331137514050678 0.0020143362771543063 0.22322961380745029
decision_type=2 10 2 8 10 8 2 2 10 8 10 2 2 10
left_child=1 2 4 -3 5 -1 -7 -6 -8 -10 -4 -12 -13 -5
right_child=-2 3 10 13 7 6 8 -9 9 -11 11 12 -14 -15
leaf_value=-0.019100791647074546 -0.0085453109291233863 -0.014588526223304508 0.015259676237724146 0.0015451854159373171 0.025605396510268639 -0.013615208508868834 -0.0073062908210734081 0.0022052115939027663 0.00037010302650503882 0.01010752832803653 -0.0094610093595853609 -0.0021219344165964108 0.0092295457584338422 -0.0041883839887589024
leaf_weight=21.597584813833237 69.684509538114071 36.337292823940516 46.937021687626839 351.82748859375715 17.230656430125237 37.099522840231657 63.442631140351295 40.522411018610001 289.09831948950887 67.342162050306797 24.102372765541077 58.009357385337353 145.46918654069304 221.92318847775459
leaf_count=102 366 172 221 1540 84 160 282 186 1338 289 104 247 655 1099
internal_value=7.95929e-05 0.00050828 0.00203971 -0.00152711 -0.000120402 -0.00129919 -0.000417992 0.00950366 0.000777651 0.00223292 0.00624511 0.00432729 0.00599882 -0.000675952
internal_weight=1490.62 1420.94 810.851 610.088 536.333 478.58 456.983 57.7531 419.883 356.44 274.518 227.581 203.479 573.751
internal_count=6845 6479 3668 2811 2441 2171 2069 270 1909 1627 1227 1006 902 2639
is_linear=0
shrinkage=0.03


Tree=95
num_leaves=15
num_cat=0
split_feature=1 27 13 13 32 13 13 30 32 32 29 27 0 13
split_gain=7.0342 5.88398 7.91893 9.32779 14.4132 10.5394 9.28667 7.54349 9.64704 10.5971 9.43674 7.95952 7.24536 5.87849
threshold=0.26631306850275288 0.078225229653838838 0.351640913782858 -0.11994943939347437 -0.49049438445969407 0.099270437569575126 0.45453946720541855 -0.30484823714041615 -0.86046863722869238 -0.61734245059638992 0.56852331103608067 21.12422133657255 -0.21659191263724206 -1.4261022993658983
decision_type=2 10 10 10 2 10 10 8 2 2 10 10 2 8
left_child=1 13 3 7 -5 -6 -4 -3 -9 -10 -11 12 -12 -1
right_child=-2 2 6 4 5 -7 -8 8 9 10 11 -13 -14 -15
leaf_value=-0.0061347778705632336 -0.0091506684374880482 0.0039335565783893958 -0.025081942504615391 0.018552804998774014 -0.019017335728485817 0.0098554674502269717 -0.0038243793798458351 -0.019029170642875046 0.014071347105089744 0.014204322531200178 0.0034085438110129959 0.0072143228854989194 -0.018388797702648844 0.0032763574745611436
leaf_weight=64.609223823994398 69.000770296901464 136.45701943337917 19.047066070139408 58.870691400021315 20.833056420087814 22.845439091324806 249.33000089228153 36.10780481621623 28.943060182034969 16.93652081489563 17.170199610292912 19.909894980490208 62.228251591324806 674.6195091791451
leaf_count=321 364 602 84 273 91 102 1122 171 139 80 81 111 283 3042
internal_value=0.000134645 0.000589429 -0.00140476 0.00116625 0.00898675 -0.00403323 -0.00542057 -0.00137796 -0.00537545 -0.00187287 -0.00592888 -0.00946987 -0.0136913 0.00244664
internal_weight=1496.91 1427.91 688.679 420.302 102.549 43.6785 268.377 317.753 181.296 145.188 116.245 99.3083 79.3985 739.229
internal_count=6866 6502 3139 1933 466 193 1206 1467 865 694 555 475 364 3363
is_linear=0
shrinkage=0.03


Tree=96
num_leaves=15
num_cat=0
split_feature=15 28 30 28 29 27 33 29 29 31 31 33 13 31
split_gain=5.84697 5.88481 5.46605 4.74183 9.10018 10.3361 8.81862 7.69566 6.58791 10.8238 8.79026 9.03451 8.01249 6.27364
threshold=0.0052072444951249972 77.881136058577397 -2.0708386458262971 -11.650079779625953 1.3562483594638064 3.7287407552000222 0.25305910637568779 0.92625212145078739 1.1317676996470507 -0.92794370089704248 -0.29026740676763269 0.0020143362771543063 0.50476536847061382 -0.9970268106651744
decision_type=10 10 10 10 10 10 2 10 10 2 2 2 8 2
left_child=1 2 -1 4 5 6 -4 -8 13 -10 12 -12 -11 -5
right_child=-2 -3 3 8 -6 -7 7 -9 9 10 11 -13 -14 -15
leaf_value=-0.011807157688157863 -0.013891571037334266 -0.015781219674086903 0.0054494456356800648 0.015082955294197764 -0.0062646004501339357 0.016765397607487832 -0.020796390888798078 0.0060197299036901875 -0.017419186666057372 0.0088370623086727537 0.014004096008815701 -0.002965018077557887 0.031726166102184768 -0.001642572427119015
leaf_weight=28.69720109552145 24.079399675130844 18.208890251815319 248.33390524238348 19.733426943421364 65.880213271826506 62.651622794568539 22.441140405833721 15.733619712293146 17.524153266102076 54.564659014344215 38.806114546954632 96.323111202567816 18.040603503584862 767.81899258494377
leaf_count=130 114 139 1104 86 381 281 119 83 84 270 177 461 92 3363
internal_value=0.000472831 0.000716623 0.000933555 0.0011977 0.00389419 0.00582338 0.00338067 -0.00987266 8.99599e-05 0.00460235 0.00653461 0.00197521 0.0148782 -0.00120489
internal_weight=1498.84 1474.76 1456.55 1427.85 415.041 349.16 286.509 38.1748 1012.81 225.259 207.734 135.129 72.6053 787.552
internal_count=6884 6770 6631 6501 1968 1587 1306 202 4533 1084 1000 638 362 3449
is_linear=0
shrinkage=0.03


Tree=97
num_leaves=15
num_cat=0
split_feature=27 28 32 29 13 13 13 13 32 29 1 29 28 28
split_gain=5.17258 7.24195 8.50676 12.9561 11.1778 11.6958 11.4052 22.2869 14.556 10.902 14.744 12.5425 10.8853 10.4337
threshold=5.155677662971315 28.593799207916607 0.48098876891938797 1.1749858341502819 1.6122517058878592 0.77240588263802501 -0.39701346705124246 -0.30461992789383391 -0.78661891169205833 0.59206918260358132 0.091880938834841025 0.74237618021120599 -23.951301328404281 -12.01790476749842
decision_type=10 8 2 10 10 10 10 10 2 10 2 10 10 10
left_child=1 2 4 9 5 6 -1 -8 -9 10 -4 -11 -10 -7
right_child=-2 -3 3 -5 -6 13 7 8 12 11 -12 -13 -14 -15
leaf_value=-0.0024167406295422119 -0.0031086137657692714 0.0090959284981235299 0.0057731387071202076 0.0110397611601608 0.017175274104661391 -0.022503377790277116 0.037808324765324988 0.013143783852540662 -0.017529102489311273 -0.022173569729002009 -0.022218536821668418 -0.0052282496769368997 0.0025431018270488286 -0.00047043553260687522
leaf_weight=214.04939654842019 479.28369452431798 83.164972342550755 97.886963754892349 44.690637037158012 40.071035828441381 32.301440004259348 18.456119079142809 100.29538552463055 29.757077809423208 57.592275455594063 19.437238305807114 122.24304641783237 115.26818209886551 46.254798009991646
leaf_count=970 2265 391 435 230 186 168 89 425 147 252 88 537 506 197
internal_value=-0.000540821 0.000665877 -9.01953e-05 -0.00385687 0.00207147 0.000954824 0.00272297 0.00688711 0.00441677 -0.00612673 0.000987141 -0.0107476 -0.00166726 -0.00969912
internal_weight=1500.75 1021.47 938.304 341.85 596.453 556.382 477.826 263.777 245.321 297.16 117.324 179.835 145.025 78.5562
internal_count=6886 4621 4230 1542 2688 2502 2137 1167 1078 1312 523 789 653 365
is_linear=0
shrinkage=0.03


Tree=98
num_leaves=15
num_cat=0
split_feature=26 1 1 15 32 29 14 0 31 29 30 29 28 13
split_gain=5.36391 8.32526 8.72441 5.4634 6.08321 10.8721 9.15186 5.52043 6.93632 4.96859 4.40427 4.16533 4.97559 9.58894
threshold=0.83774591613128291 0.26631306850275288 0.22458025921581648 -0.0074410247620786399 -0.33172980431441507 0.6546628131436385 -4.8797388780114073 0.15180881117187914 0.51877325816052167 0.84615626392130328 1.2483583193885341 1.0760201314655131 -11.650079779625953 0.55827081688502311
decision_type=10 2 2 10 2 10 10 2 2 10 10 10 10 10
left_child=1 2 -1 4 5 -2 10 8 9 -7 11 12 13 -6
right_child=3 -3 -4 -5 6 7 -8 -9 -10 -11 -12 -13 -14 -15
leaf_value=0.0017543327053255789 0.021854669062527293 -0.014695660026054429 0.021693484872355808 -0.012970635017184403 -0.0065065868997423526 -0.022239657293214331 0.013719916314902995 0.0052316598232292899 0.0074126023410993136 -0.0046729385491751036 -0.018089580089665293 0.0025024805363740585 -0.0079125505049286622 0.019011275133082796
leaf_weight=803.46895248815417 22.602125585079193 25.967665575444698 19.260308235883713 36.843196839094162 38.772583916783333 18.589653477072716 24.676596719771624 106.60220393538475 31.354948967695236 58.820304159075022 20.318444192409515 69.774634428322315 203.46730014681816 18.890873968601227
leaf_count=3638 103 126 88 176 170 79 126 532 145 276 118 332 894 81
internal_value=0.000141502 0.0017118 0.00224688 -0.00190606 -0.00122197 0.00252495 -0.00359442 0.000404723 -0.0043308 -0.00912134 -0.00484641 -0.00398119 -0.00571658 0.00203478
internal_weight=1499.41 848.697 822.729 650.713 613.87 237.969 375.9 215.367 108.765 77.41 351.224 330.905 261.131 57.6635
internal_count=6884 3852 3726 3032 2856 1135 1721 1032 500 355 1595 1477 1145 251
is_linear=0
shrinkage=0.03


Tree=99
num_leaves=15
num_cat=0
split_feature=28 13 13 33 32 32 33 13 13 13 31 1 13 32
split_gain=6.93108 5.6846 10.194 16.8895 8.93135 5.69602 5.87335 8.6637 17.3632 9.39579 19.1484 13.4398 15.0727 17.5223
threshold=65.514390581835627 -1.4945286730437706 -1.5273327396272707 0.0042643499321991796 0.45201865172701733 -0.99512551815703254 0.0064685787508312323 -0.91301920221109512 -0.74168355532803276 -0.17073380415206116 -0.98279651670771895 0.061124472225699257 -0.39701346705124246 -0.29026740676763257
decision_type=10 8 10 2 2 2 2 8 8 8 2 2 10 2
left_child=1 2 3 -1 -5 -3 7 -7 -9 10 -10 12 13 -12
right_child=-2 5 -4 4 -6 6 -8 8 9 -11 11 -13 -14 -15
leaf_value=0.023069378326427824 -0.014095425761393207 -0.0098836574502445609 -0.02005716505718267 -0.022761059120675973 0.0065378121579749756 0.0087133425820202816 0.0027343335757465427 -0.02369439376539972 0.028310151366966362 -0.0039079987436014202 -0.024350679779021618 -0.018086667628657238 0.026248036776465075 0.016008668828302219
leaf_weight=19.089913547039032 29.56438022851944 42.38799063116312 32.570414893329144 21.956095062196255 15.204630419611929 65.999106451869011 821.26919898763299 32.309666007757187 25.910922080278397 303.94874231517315 18.646765857934952 26.435805670917034 22.144170135259628 18.135766427963972
leaf_count=98 206 182 144 114 94 286 3783 135 115 1338 84 117 94 82
internal_value=4.4181e-05 0.000338742 -0.00697417 0.000819198 -0.010916 0.000815103 0.001162 -0.001353 -0.00285364 -0.00117892 0.00624409 -0.000704093 0.00726579 -0.00455433
internal_weight=1495.57 1466.01 88.8211 56.2506 37.1607 1377.19 1334.8 513.531 447.532 415.222 111.273 85.3625 58.9267 36.7825
internal_count=6872 6666 450 306 208 6216 6034 2251 1965 1830 492 377 260 166
is_linear=0
shrinkage=0.03


Tree=100
num_leaves=15
num_cat=0
split_feature=1 13 13 26 26 15 32 23 27 31 31 13 31 27
split_gain=5.2256 10.0631 8.12671 5.09555 6.60322 5.64843 5.07764 5.37402 5.02834 4.95665 5.22128 4.32394 6.86319 5.78806
threshold=0.26631306850275288 0.55827081688502311 -0.21345564352077731 0.83774591613128291 -0.61335122209626991 -0.0074410247620786399 -0.95032354012166609 -0.051864842240720237 -34.425760629437356 -0.68355163169896438 -0.92794370089704248 -0.84702278855991131 0.95032354012166642 -4.7371293576148323
decision_type=2 8 10 10 8 10 2 8 10 2 2 8 2 10
left_child=3 2 -2 4 8 -5 -6 -8 -1 10 -9 12 13 -10
right_child=1 -3 -4 5 6 -7 7 9 11 -11 -12 -13 -14 -15
leaf_value=0.013429151694820165 -0.0029449429961022691 0.012913641042441098 -0.026041030068814443 -0.0013306498706249607 -0.0069309784632104951 -0.013647359001228288 0.023329316279441698 0.0084021970725223129 0.014857070641475347 0.010046481219555502 -0.013317315601621523 -0.0016072568063806455 -0.011507012163059898 0.00085477868786340365
leaf_weight=23.76493002101779 28.33625365793705 14.860479705035685 26.101556412875652 575.67375645413995 20.6981141269207 34.609085902571678 18.729090362787247 18.64744608104229 50.45875322073698 95.55898828804493 19.267692416906357 497.99553506821394 19.145009465515614 55.199714079499245
leaf_count=166 155 78 132 2649 87 163 86 79 238 420 85 2216 91 252
internal_value=-0.000369463 -0.00835482 -0.0142889 2.31477e-05 0.00156794 -0.00205031 0.00675743 0.008652 0.000171896 0.00643431 -0.0026938 -0.000354695 0.00461637 0.00761838
internal_weight=1499.05 69.2983 54.4378 1429.75 819.465 610.283 172.901 152.203 646.564 133.474 37.9151 622.799 124.803 105.658
internal_count=6897 365 287 6532 3720 2812 757 670 2963 584 164 2797 581 490
is_linear=0
shrinkage=0.03


Tree=101
num_leaves=15
num_cat=0
split_feature=1 29 26 0 16 30 30 32 33 32 28 1 26 1
split_gain=4.07122 7.02973 5.18213 6.08007 7.34485 5.40483 6.51456 5.92145 5.49588 5.42703 5.39612 5.06667 4.75025 7.25015
threshold=0.26631306850275288 0.91648702005583071 0.76884073528127328 0.085206737428007287 -0.0057353801737498591 0.42481523266700461 0.93649434430993295 -0.30070579950427329 0.093095242636832595 -0.89194178735545482 -13.043338751188569 0.22458025921581648 -0.77411727232856709 0.15352458477715575
decision_type=2 10 10 2 10 8 10 2 2 2 10 2 8 2
left_child=2 -2 11 5 -5 7 -7 9 -8 -4 -9 12 13 -1
right_child=1 -3 3 4 -6 6 8 10 -10 -11 -12 -13 -14 -15
leaf_value=0.00099975585955190856 -0.015138886060021513 0.0045638082858347551 -0.0042840735243803597 0.0019513633888830378 -0.017843904237166402 -0.019084636354590522 -0.011164768376447906 0.0051863655176362647 0.010199544135438696 0.013909992166059199 -0.0093970971328503315 0.016839153605326476 0.0058376292455412414 -0.01517352939278447
leaf_weight=591.78792038932443 39.130943708121777 26.815700978040695 26.185244053602219 327.65508955344558 16.78474161028862 44.430040799081326 26.367665760219097 29.575284823775291 16.985475182533264 31.744512513279915 91.726614274084568 19.083900883793831 180.84258007258177 25.041843622922897
leaf_count=2700 199 150 108 1535 80 198 129 129 97 141 399 88 786 120
internal_value=5.19719e-05 -0.00717874 0.000390634 -0.00169633 0.000937866 -0.00508517 -0.0111409 -0.00207385 -0.00275313 0.00575282 -0.00582809 0.00195318 0.0015764 0.000319662
internal_weight=1494.16 65.9466 1428.21 611.455 344.44 267.015 87.7832 179.232 43.3531 57.9298 121.302 816.756 797.672 616.83
internal_count=6859 349 6510 2816 1615 1201 424 777 226 249 528 3694 3606 2820
is_linear=0
shrinkage=0.03


Tree=102
num_leaves=15
num_cat=0
split_feature=20 22 22 29 26 16 32 13 32 13 13 32 29 13
split_gain=3.52836 20.0296 8.45831 10.413 6.24039 6.02415 6.58943 5.34928 4.5943 9.24488 12.3655 8.79787 10.6222 11.3697
threshold=0.67271464697427075 -0.097653689786754858 -0.3232500723811092 0.67936031948344977 2.1113555493190721 0.0026692669048973276 -0.1413247892049839 0.02510765951264694 0.90159026428466915 -0.39701346705124246 0.099270437569575126 0.56457333468532445 1.1635812022272052 0.17668438124668165
decision_type=8 10 10 10 10 8 2 10 2 10 10 2 10 8
left_child=1 5 8 -4 7 6 -1 -5 11 -10 -11 -2 13 -13
right_child=2 -3 3 4 -6 -7 -8 -9 9 10 -12 12 -14 -15
leaf_value=-0.014040263926383814 0.00068791568914862412 -0.025014455512545965 0.025816223954786683 0.020075767332874812 -0.01197099888932124 0.017740247602474713 0.0076467632380081783 -0.0023123472336819629 0.013366426762925791 -0.017091707693154212 0.0051477581712795996 -0.016004583229577991 0.0087221048793705985 -0.0012527221770676001
leaf_weight=21.145694084465504 923.22183791920543 30.409982547163963 24.834262549877167 19.145222552120686 17.054707948118448 19.065025463700294 28.314797222614288 18.003000248223543 66.14178716391325 29.406004831194878 85.562926433980465 95.442442111670971 36.437663290649652 92.120386861264706
leaf_count=104 4219 139 127 90 82 86 133 88 312 136 402 419 187 401
internal_value=0.000278838 -0.00516847 0.000665171 0.0101365 0.00261501 0.00387182 -0.00171952 0.0094497 9.44136e-05 0.00452121 -0.00063884 -0.000607768 -0.00592728 -0.00880436
internal_weight=1506.31 98.9355 1407.37 79.0372 54.2029 68.5255 49.4605 37.1482 1328.33 181.111 114.969 1147.22 224 187.563
internal_count=6925 462 6463 387 260 323 237 178 6076 850 538 5226 1007 820
is_linear=0
shrinkage=0.03


Tree=103
num_leaves=15
num_cat=0
split_feature=29 23 29 33 1 23 33 13 33 31 31 29 31 28
split_gain=5.00684 10.9648 14.6144 9.00197 7.43042 9.4437 8.40288 12.6256 11.9193 7.84526 8.53091 8.2673 17.4859 10.7643
threshold=0.57730922353624659 0.023032637954341729 0.51358564529561124 0.0042643499321991796 -0.0051028180396509738 0.0053629420497271251 0.00087542693738207908 0.50476536847061382 0.047796691270242712 -0.98658463173998423 0.032717136199948427 0.85005995386420263 0.56457333468532445 -0.8176750332822279
decision_type=10 8 8 2 2 10 2 10 2 2 2 10 2 10
left_child=1 -1 3 -3 5 -2 7 -6 9 -8 -11 13 -13 -12
right_child=4 2 -4 -5 6 -7 8 -9 -10 10 11 12 -14 -15
leaf_value=0.019726194458258638 -0.003073525931047896 -0.015699227305301506 0.013822905071967153 0.00092960547342015791 0.0028981062864780944 0.018138004831025258 0.011098918787589196 0.027895161596691882 0.0060163107320981759 -0.013976541279806047 0.0048377231311394903 -0.0085302466565449573 0.015101672558497493 -0.020433671529973534
leaf_weight=34.69558822363615 645.02468949183822 37.524643063545227 63.828417964279652 121.93978872150183 56.610033601522446 18.473604541271925 28.777270041406155 25.984035439789295 211.78681739419699 70.059405595064163 24.816152468323708 55.539841502904892 55.255251158028841 36.765825383365154
leaf_count=171 2932 162 287 547 258 92 127 117 1048 323 107 248 271 158
internal_value=0.000493942 0.00428488 0.00180833 -0.00305689 -0.000304618 -0.00245653 0.00221967 0.0110018 0.000698282 -0.00346133 -0.00522813 -0.0016124 0.00328502 -0.0103353
internal_weight=1487.08 257.988 223.293 159.464 1229.09 663.498 565.595 82.5941 483.001 271.214 242.436 172.377 110.795 61.582
internal_count=6848 1167 996 709 5681 3024 2657 375 2282 1234 1107 784 519 265
is_linear=0
shrinkage=0.03


Tree=104
num_leaves=15
num_cat=0
split_feature=28 13 13 33 33 30 33 13 31 31 33 32 13 28
split_gain=5.07401 4.79205 20.6915 20.053 6.73796 5.41733 6.64378 5.59117 7.45222 8.14222 8.13085 6.94539 16.1493 13.0788
threshold=59.690776704277589 -1.4945286730437706 -1.5273327396272707 0.0076417228637359275 0.10997903427727605 -1.5194406501835556 0.002586458977622292 -1.2791932384056948 0.94331137514050722 -0.68355163169896438 0.0070307244389254363 0.41268247579971845 1.7097673704729022 5.952121400767397
decision_type=10 8 10 2 2 10 2 10 2 2 2 2 10 10
left_child=1 2 3 -1 -5 6 -3 8 9 -7 -11 12 -9 -14
right_child=-2 5 -4 4 -6 7 -8 11 -10 10 -12 -13 13 -15
leaf_value=0.023657038073848925 -0.010294513335853243 0.0094163508620035419 -0.026167228461065548 -0.023771997571739131 0.0034376070303971718 -0.003085587394541785 -0.01101519601170693 0.0013389510269905813 -0.0073697061842766514 0.0072802413064662098 0.032581628890005432 -0.0023581163123109067 0.032433489891308218 0.00077787275357071482
leaf_weight=25.362780377268791 40.011815074831247 17.500267907977104 29.899789676070213 17.09477357193828 14.5573713183403 18.613214883953333 64.518409788608551 751.95566495507956 19.232044085860252 23.412919208407402 22.813991509377956 414.69056023284793 27.174458630383015 20.231730781495571
leaf_count=131 260 75 134 92 88 83 292 3380 86 101 108 1867 130 98
internal_value=0.000113382 0.000404061 -0.00638761 0.00425747 -0.0115358 0.000836083 -0.00659482 0.0013103 0.00874561 0.0135649 0.0201925 0.000788637 0.00242201 0.0192189
internal_weight=1507.07 1467.06 86.9147 57.0149 31.6521 1380.14 82.0187 1298.12 84.0722 64.8401 46.2269 1214.05 799.362 47.4062
internal_count=6925 6665 445 311 180 6220 367 5853 378 292 209 5475 3608 228
is_linear=0
shrinkage=0.03


Tree=105
num_leaves=15
num_cat=0
split_feature=29 14 33 13 13 13 13 32 13 13 13 29 13 29
split_gain=5.27634 5.41721 5.54098 10.8297 16.9727 11.29 12.3665 7.0965 12.1915 10.1529 23.5223 9.55682 9.11621 13.0862
threshold=2.0541505208507802 -4.9196080890451235 0.10118559621313471 1.8436911540491969 1.2434620292191898 -1.0636845614099635 -0.84702278855991131 0.47136869107721086 1.6598148769599537 0.92209590533027974 0.77240588263802501 1.1173863318103487 0.53437978935683872 0.59206918260358132
decision_type=10 8 2 8 10 10 10 2 10 10 10 10 8 10
left_child=1 -1 7 4 5 -4 -7 9 11 10 -3 12 13 -9
right_child=-2 2 3 -5 -6 6 -8 8 -10 -11 -12 -13 -14 -15
leaf_value=-0.00734231974079855 -0.015144183461396624 0.0014297073089592565 -0.007553926666178397 0.023858054746407419 -0.019662416735659338 0.029962752586386025 0.0053727638918834421 0.0035742011965685305 -0.018351513051636563 0.0097143026831208266 -0.025565943999943396 0.009271253917192598 0.00523478097444245 -0.012898522634254788
leaf_weight=74.273194804787636 18.663590587675571 525.10922253876925 55.402392722666264 22.324910499155521 27.06453999131918 18.983862705528736 246.83790030702949 64.962998703122139 43.172777980566025 114.53501908481121 29.746992599219084 59.038895957171917 69.887568302452564 127.62019810825586
leaf_count=349 141 2298 289 114 137 90 1208 280 203 511 135 292 293 554
internal_value=0.000294117 0.00049904 0.000918582 0.00406055 0.00272688 0.00466845 0.00723459 -0.00021034 -0.00357186 0.0016236 -6.09756e-05 -0.00153648 -0.00399348 -0.00735211
internal_weight=1497.62 1478.96 1404.69 370.614 348.289 321.224 265.822 1034.07 364.682 669.391 554.856 321.51 262.471 192.583
internal_count=6894 6753 6404 1838 1724 1587 1298 4566 1622 2944 2433 1419 1127 834
is_linear=0
shrinkage=0.03


Tree=106
num_leaves=15
num_cat=0
split_feature=28 27 14 20 32 16 19 13 13 33 28 32 33 13
split_gain=4.23113 3.67139 3.18507 6.01287 6.19223 5.71002 5.26689 5.11645 15.476 15.6296 13.8314 8.43058 5.74401 5.50743
threshold=65.514390581835627 14.295268805746277 -4.2727416990040448 0.67271464697427075 -0.22706275313213795 -0.0020000983734433926 0.42075684271836172 1.3007426348145792 1.474649865378576 0.0012217567110654915 -11.650079779625953 0.51877325816052144 0.028990158688221381 0.92209590533027974
decision_type=10 8 10 8 2 8 10 10 10 2 10 2 2 10
left_child=2 -2 5 -4 -5 -1 -6 13 -9 -10 12 -12 -11 -7
right_child=1 -3 3 4 6 7 -8 8 9 10 11 -13 -14 -15
leaf_value=-0.013137639008228442 -0.020601218426411889 -0.00046959411201844876 -0.0043230404863640326 -0.0009690391029525112 0.03101893378067375 -0.00019803764824304068 0.0069142450426013429 -0.028970882166722719 0.024680664424611545 -0.0027509922005724296 -0.0035984367050226236 -0.026083185724982867 0.020455563748529245 0.0064047469781156816
leaf_weight=30.044427409768105 16.049141209572554 15.716251939535143 34.658843614161015 21.796644762158394 16.484967656433582 1084.4703113287687 16.679899349808693 20.548022545874119 16.753935948014259 19.735336992889643 30.796989724040031 28.981826037168503 17.315743587911129 126.0025827921927
leaf_count=150 94 127 157 106 86 4899 81 101 74 94 141 147 83 560
internal_value=-0.000297272 -0.0109592 -5.86537e-05 0.00538911 0.0114814 -0.00041748 0.019453 -0.000123703 -0.00566048 -0.00122745 -0.00591665 -0.0147492 0.0083471 0.00049399
internal_weight=1496.03 31.7654 1464.27 89.6204 54.9615 1374.65 33.1649 1344.6 134.132 113.584 96.8299 59.7788 37.0511 1210.47
internal_count=6900 221 6679 430 273 6249 167 6099 640 539 465 288 177 5459
is_linear=0
shrinkage=0.03


Tree=107
num_leaves=15
num_cat=0
split_feature=30 20 26 32 32 31 31 29 30 26 1 29 26 1
split_gain=4.87588 7.7756 6.77214 6.93832 7.37423 5.01299 6.78059 4.56397 4.82477 4.75903 3.69082 6.47476 4.27612 7.4056
threshold=-0.87567544511027318 1.5320827330000955 -6.8565749188032035 -0.95032354012166609 -0.54643492068321275 -0.50938662908026078 -0.84915165824291616 0.8237624433212728 -1.3203161858845802 0.0094784502380207431 -0.26844198774607142 0.96807674207053196 -6.0928453728870116 -0.21702736083067928
decision_type=10 8 10 2 2 2 2 10 10 10 2 10 10 2
left_child=1 -1 -3 -4 -5 6 -6 8 9 -7 11 -2 13 -12
right_child=10 2 3 4 5 7 -8 -9 -10 -11 12 -13 -14 -15
leaf_value=-0.021533843953761265 0.012370467971631409 -0.01648571389939266 -0.018387504511678157 0.015471713270673549 0.0023049822526501301 0.0018367398755574568 -0.017224816406968685 0.0087799014273268264 0.0054117198393253017 -0.017907664344913837 -0.012341717465764616 -0.0050209841893329695 -0.00034296815077114213 0.0057978161609097681
leaf_weight=18.568939909338951 60.476877570152283 25.004076719284058 16.848485052585602 26.94481186568737 30.205125883221626 19.640179559588432 32.527152448892593 55.676493674516678 38.101831339299679 23.455693259835243 21.365363832563162 27.396215576678514 903.5132222622633 219.75051188096404
leaf_count=86 289 110 71 115 129 88 149 248 170 108 109 150 4140 1028
internal_value=0.000242843 -0.00327221 -0.00193358 -0.000377326 0.001037 -0.000978948 -0.00793274 0.00224254 -0.00229235 -0.00907191 0.00106327 0.00695284 0.000605453 0.00414613
internal_weight=1519.47 286.973 268.404 243.4 226.551 199.606 62.7323 136.874 81.1977 43.0959 1232.5 87.8731 1144.63 241.116
internal_count=6990 1274 1188 1078 1007 892 278 614 366 196 5716 439 5277 1137
is_linear=0
shrinkage=0.03


Tree=108
num_leaves=15
num_cat=0
split_feature=23 32 23 33 23 29 21 21 23 29 30 22 29 0
split_gain=4.38799 15.9266 7.61786 8.95083 6.8503 14.2676 6.47973 8.22827 5.59517 4.57762 4.90851 4.96708 5.51395 9.4594
threshold=-0.0055941261912872946 0.20576496797711544 -0.052976262013566366 0.028990158688221381 0.054742640995139404 0.96807674207053196 0.30438419867273586 -0.43249373724130175 -0.11485745583373168 2.0541505208507802 2.0175298546713365 0.13404742210830478 0.3723808697963083 0.10026628162679137
decision_type=10 2 10 2 10 10 8 10 8 8 10 10 10 2
left_child=2 4 6 -4 5 -2 7 8 -1 10 11 12 13 -8
right_child=1 -3 3 -5 -6 -7 9 -9 -10 -11 -12 -13 -14 -15
leaf_value=-0.010366502958894878 0.025868147847452731 0.031490730830778274 -0.027035642425483179 0.0021579971650060063 -0.015697062157290206 -0.01208403681169504 0.00026172584279338324 0.016155630839968193 0.011230525022625181 -0.014436819185954417 0.010435929916643832 -0.013459507465145204 0.00035317106929220549 -0.025748159953931333
leaf_weight=25.75499964505434 16.729915678501129 17.523285016417503 19.112918496131897 17.573524706065655 17.472134619951248 17.061845816671848 33.571770295500755 49.442162960767746 17.116374611854553 19.127345882356167 38.194445677101612 24.46477971971035 1181.3130281679332 19.110958009958267
leaf_count=119 80 92 87 84 82 83 147 233 80 125 259 117 5300 86
internal_value=0.000300795 0.00764802 -5.40602e-05 -0.0133651 -0.000948612 0.00690911 0.000301984 0.00794124 -0.00168446 -0.0002396 -1.92085e-05 -0.000344557 -7.3857e-05 -0.00947738
internal_weight=1513.57 68.7872 1444.78 36.6864 51.2639 33.7918 1408.1 92.3135 42.8714 1315.78 1296.65 1258.46 1234 52.6827
internal_count=6974 337 6637 171 245 163 6466 432 199 6034 5909 5650 5533 233
is_linear=0
shrinkage=0.03


Tree=109
num_leaves=15
num_cat=0
split_feature=32 13 32 23 1 30 13 13 13 13 13 32 32 32
split_gain=5.17649 9.77732 17.7732 7.6098 6.10989 6.04171 6.00149 9.27683 10.275 23.4939 14.4231 13.3125 10.0697 9.21837
threshold=0.52803643325367278 1.6598148769599537 0.83146961230254512 -0.13888744454789984 0.14363143491841876 -0.99338745473672796 -1.0636845614099635 0.02510765951264694 -0.39701346705124246 -0.30461992789383391 -0.80847400807188363 0.010907442517280267 0.25881904510252057 -0.91959550581536675
decision_type=2 10 2 8 2 10 8 8 10 10 10 2 2 2
left_child=6 3 -3 -2 -5 -6 -1 8 10 -10 -8 -12 -9 -11
right_child=1 2 -4 4 5 -7 7 12 9 13 11 -13 -14 -15
leaf_value=-0.0041858914881057014 -0.017670932028574775 -0.03064161838882536 0.0018629252307940402 0.0017428559123910659 -0.022714137248409788 -0.0021050445880185114 0.013579592071958326 -0.0024232317516444031 0.032750262684659651 0.015141440214453407 -0.011772534425770377 0.0090361786825621359 0.0096689793200978504 0.0011480362903023981
leaf_weight=145.95109952241182 21.61624076962471 27.888819187879562 31.585008189082146 344.14253470674157 17.842816554009914 40.676309067755938 51.111590355634689 391.55225906148553 33.530660834163427 62.527441382408142 85.890066776424646 39.730960488319397 72.602957598865032 127.76647997647524
leaf_count=700 100 136 154 1553 89 206 228 1782 162 272 402 176 318 611
internal_value=0.000200855 -0.0023483 -0.0136339 -0.000737977 0.000212566 -0.00866493 0.00142212 0.00237241 0.00571128 0.00996605 0.00029702 -0.00517184 -0.000515053 0.00580115
internal_weight=1494.42 483.752 59.4738 424.278 402.662 58.5191 1010.66 864.712 400.557 223.825 176.733 125.621 464.155 190.294
internal_count=6889 2238 290 1948 1848 295 4651 3951 1851 1045 806 578 2100 883
is_linear=0
shrinkage=0.03


Tree=110
num_leaves=15
num_cat=0
split_feature=29 1 13 29 33 13 13 23 22 32 32 33 13 33
split_gain=4.81275 9.51898 9.70305 10.1125 14.2482 9.63041 8.66513 7.87603 9.23925 8.88593 7.65739 9.12048 7.11969 13.3649
threshold=0.57730922353624659 0.1234737333256077 0.02510765951264694 0.51358564529561124 0.085651758016579468 0.92209590533027974 -0.3934611219893675 0.012798455645388286 0.34902462030391845 -0.46174861323503363 0.010907442517280267 0.017583420074340848 0.77240588263802501 0.0008054316641544361
decision_type=10 2 10 10 2 10 10 10 10 2 2 2 10 2
left_child=1 2 6 4 5 -4 10 8 12 -9 -1 -12 -2 -14
right_child=7 -3 3 -5 -6 -7 -8 9 -10 -11 11 -13 13 -15
leaf_value=-0.0075512123576781326 0.00045021842436187052 -0.0088675311667109659 -0.024618226887037794 0.015210137348463899 0.012054490124393042 -0.00027684685896604415 0.027000083158188526 -0.0036354708105729144 -0.015607587063022954 0.026414514913299898 0.026675297326157522 0.0023482183320953825 0.012549634747269441 -0.0076377123259575687
leaf_weight=21.555040016770363 876.42258450388908 45.310250408947468 31.062478929758072 28.711911112070084 28.490659177303314 26.944906264543533 27.110964857041836 15.679007820785044 38.560408942401409 18.731166198849678 24.139791131019592 31.418971158564091 32.814268954098225 235.21213163807988
leaf_count=101 4024 213 129 127 129 120 124 75 180 101 107 146 147 1109
internal_value=-0.00013923 0.00351886 0.00610511 8.91427e-05 -0.00504655 -0.0135078 0.0126911 -0.000936969 -0.00135318 0.0130062 0.00737924 0.0132029 -0.000859691 -0.00512873
internal_weight=1482.16 264.745 219.435 115.21 86.498 58.0074 104.225 1217.42 1183.01 34.4102 77.1138 55.5588 1144.45 268.026
internal_count=6832 1196 983 505 378 249 478 5636 5460 176 354 253 5280 1256
is_linear=0
shrinkage=0.03


Tree=111
num_leaves=15
num_cat=0
split_feature=15 29 13 33 23 28 31 13 32 23 29 28 23 22
split_gain=7.39523 7.73388 4.19598 11.4566 9.80898 13.1688 7.31792 7.30743 9.74237 5.21195 16.1704 9.09963 8.067 4.85814
threshold=0.00086518507101018838 0.8728648876517795 1.3007426348145792 0.00074103290397088976 -0.0034499873562169416 -1.3232059419010509 0.23768589232617301 1.7097673704729022 0.50938662908026078 -0.074439325747797741 0.67160332564619252 -4.1916670145347714 -0.11485745583373168 -0.37522208376707472
decision_type=8 10 10 2 10 10 2 10 2 10 10 10 10 8
left_child=1 -1 9 -4 5 7 -7 -5 -9 12 -11 -12 13 -2
right_child=2 -3 3 4 -6 6 -8 8 -10 10 11 -13 -14 -15
leaf_value=-0.026315388737648854 0.013679843859529557 0.00073161109827198968 0.018849167939764051 -0.015331623212966789 0.0096611350573269118 -0.0096617701121749708 -0.032077584786456032 0.02039673437262601 -0.0062353737977779633 0.018095491916561762 0.00193381376294341 -0.02444170185403622 0.016361832907212149 0.00085792412438150795
leaf_weight=18.148402526974678 26.227116614580154 18.807869002223015 16.890052616596222 22.484331429004669 26.842718534171581 27.316887609660625 26.60453999042511 20.251772530376911 28.748688913881779 16.508833199739456 17.824561677873135 32.896900720894337 31.249187454581261 1160.4613040164113
leaf_count=85 119 98 81 108 136 141 127 97 135 78 80 146 146 5305
internal_value=0.000178883 -0.0128939 0.000519716 -0.0039083 -0.00653947 -0.0100561 -0.0211043 -0.00154626 0.00495941 0.00110507 -0.00696558 -0.0153146 0.00155592 0.00115258
internal_weight=1491.26 36.9563 1454.31 169.139 152.249 125.406 53.9214 71.4848 49.0005 1285.17 67.2303 50.7215 1217.94 1186.69
internal_count=6882 183 6699 825 744 608 268 340 232 5874 304 226 5570 5424
is_linear=0
shrinkage=0.03


Tree=112
num_leaves=15
num_cat=0
split_feature=28 13 33 13 28 33 13 13 13 27 22 33 23 13
split_gain=6.944 5.71012 19.9293 14.1137 6.41054 9.41571 9.0806 8.8894 8.24355 7.30062 7.76562 7.00334 7.51759 6.95912
threshold=77.881136058577397 -1.5273327396272707 0.0076417228637359275 -1.4945286730437706 -1.3232059419010509 0.16682684476506957 -0.84702278855991131 -1.4261022993658983 0.55827081688502311 14.295268805746277 -0.7107329362499587 0.0059513797502921996 -0.26248971373453406 -0.66179152803488928
decision_type=10 8 2 8 10 2 8 10 10 8 10 2 10 10
left_child=1 2 -1 -3 6 7 -5 -6 -7 10 11 13 -13 -8
right_child=-2 3 -4 4 5 8 9 -9 -10 -11 -12 12 -14 -15
leaf_value=0.030148096918036379 -0.017578452944901301 -0.019613027348416863 -0.0057336017425979307 0.011721721398041132 -0.021891047040971168 0.009809706891044781 -0.021982721070382488 -0.0022348516274094225 -0.0049993245835122215 0.01310428310358102 0.011386520896079774 0.0032680939314382253 -0.015350655855206717 -0.0033727210784181738
leaf_weight=23.764770738780499 18.087475329637527 30.445322968065739 31.24940225854516 89.178324937820435 20.526126563549042 109.3363163843751 19.732741214334965 559.28129190951586 48.053082097321749 43.589289650321007 51.493012271821499 277.46392166987062 20.001271642744541 146.49891340732574
leaf_count=123 141 135 182 400 88 536 83 2439 241 212 247 1285 98 659
internal_value=0.000400547 0.000633471 0.0100279 0.000261555 0.000712227 -0.00120055 0.00288693 -0.00296721 0.00528529 0.00145852 0.00044972 -0.000786689 0.00196895 -0.00570009
internal_weight=1488.7 1470.61 55.0142 1415.6 1385.15 737.197 647.957 579.807 157.389 558.779 515.19 463.697 297.465 166.232
internal_count=6869 6728 305 6423 6288 3304 2984 2527 777 2584 2372 2125 1383 742
is_linear=0
shrinkage=0.03


Tree=113
num_leaves=15
num_cat=0
split_feature=14 13 22 13 31 27 27 30 33 13 13 1 13 29
split_gain=5.31174 6.24774 5.15791 4.75881 12.7634 8.12656 6.76632 5.7047 6.55704 9.65389 13.115 15.7271 11.3165 11.4587
threshold=-5.0240816480795472 0.02510765951264694 -0.93593490139638136 -1.4704004085590916 0.26932402956675655 -6.8841232620719941 -2.6271007210887372 -1.2147533874912202 0.0070307244389254363 -0.17073380415206116 -0.39701346705124246 0.063041650061801499 -0.0038990723179277401 0.52918026497042092
decision_type=8 10 10 8 2 10 10 10 2 8 10 2 10 10
left_child=1 2 -1 4 5 -2 -6 -5 9 10 -9 -12 -11 -14
right_child=3 -3 -4 7 6 -7 -8 8 -10 12 11 -13 13 -15
leaf_value=-0.013340833829591014 0.022171489894178824 -0.019398865606190811 0.0073562730683540004 -0.0047511825647319353 -0.02820347769888577 -0.0032969901497305254 -0.0052307070150174485 -0.00062042378992740446 0.003370481632425979 -0.023172403316581821 0.03208086752239063 -0.002669378575205428 -0.021729019362709216 -0.0006001883985332564
leaf_weight=17.059952810406685 14.958322361111639 25.82689119502902 26.107060261070728 142.08696591854095 23.418019257485867 37.740703612565994 22.935438472777605 132.83307030051947 724.73731068149209 25.852477725595236 27.173990577459335 19.826401144266129 24.643194898962975 233.6576610840857
leaf_count=80 85 130 120 634 118 199 114 584 3379 116 115 86 106 1050
internal_value=4.09873e-05 -0.0080284 -0.000940247 0.000435691 -0.00587472 0.00421036 -0.0171872 0.000909434 0.00158947 -0.00119371 0.00423162 0.0176718 -0.00463006 -0.00269201
internal_weight=1498.86 68.9939 43.167 1429.86 99.0525 52.699 46.3535 1330.81 1188.72 463.987 179.833 47.0004 284.153 258.301
internal_count=6916 330 200 6586 516 284 232 6070 5436 2057 785 201 1272 1156
is_linear=0
shrinkage=0.03


Tree=114
num_leaves=15
num_cat=0
split_feature=15 29 32 32 14 23 23 13 13 13 13 31 30 13
split_gain=4.90027 4.26959 3.69932 9.10242 9.81755 8.87843 10.1733 8.4903 12.874 8.68346 12.3 12.1007 8.54552 8.46593
threshold=0.0052801121951233662 2.0541505208507802 0.54643492068321298 0.89194178735545526 -3.7074431284711546 -0.077913272069204051 -0.17557236496253786 1.6598148769599537 0.92209590533027974 -1.0636845614099635 -1.4261022993658983 0.52803643325367289 -0.40450534002220101 -1.1333745239069943
decision_type=10 10 2 2 8 8 10 10 8 10 10 2 10 8
left_child=1 2 5 7 -5 6 -1 8 9 10 -4 -11 -13 -7
right_child=-2 -3 3 4 -6 13 -8 -9 -10 11 -12 12 -14 -15
leaf_value=-0.0023564023257282097 -0.013675532727954956 -0.013837926733239596 -0.0091326965502188506 -0.015876778644838545 0.005124751222313307 -0.0068746357623507203 0.021903198860753158 -0.020754237248009167 0.013650847822974222 -0.0037047743326284171 0.023871085594100099 -0.034339269217885583 -0.0094473025938246139 0.0017970681469264762
leaf_weight=25.644306227564812 22.12915775179863 18.129884578287601 21.636419977992773 21.484942734241486 184.26898166164756 114.88253570348024 37.865041084587574 28.544776260852814 32.2373191639781 99.646541103720665 17.545483842492104 23.962036624550819 26.805386085063219 805.87494672834873
leaf_count=120 105 136 113 100 870 549 186 140 139 431 77 101 125 3636
internal_value=2.50135e-05 0.000242109 0.000428808 -0.00180202 0.00286558 0.0014634 0.0122228 -0.00563386 -0.00360382 -0.00659389 0.00587253 -0.00985865 -0.0216326 0.000708819
internal_weight=1480.66 1458.53 1440.4 456.132 205.754 984.267 63.5093 250.378 221.833 189.596 39.1819 150.414 50.7674 920.757
internal_count=6828 6723 6587 2096 970 4491 306 1126 986 847 190 657 226 4185
is_linear=0
shrinkage=0.03


Tree=115
num_leaves=15
num_cat=0
split_feature=30 29 29 28 13 15 33 13 26 33 13 13 33 28
split_gain=7.29006 9.72138 9.30685 9.19324 7.45123 7.35093 6.34955 7.48331 6.26274 6.02699 5.77687 6.92431 6.88765 6.69108
threshold=0.49417498092221196 0.93325755937591925 2.0541505208507802 -11.305003433648151 -1.5093788703842936 0.0016746465571966242 0.35317243313909236 0.16441362168505019 -5.9562690486902872 0.0098121663843207668 -0.84702278855991131 0.18049242442669808 0.020772356398613391 -18.904215581594382
decision_type=8 8 10 10 8 8 2 10 10 2 10 10 2 10
left_child=3 8 -3 4 -1 -5 -7 -8 9 -2 -6 -12 13 -13
right_child=1 2 -4 5 10 6 7 -9 -10 -11 11 12 -14 -15
leaf_value=-0.011645125467259137 0.013209009461322521 0.0019251047440268947 -0.021431679129161389 -0.019106494988637254 0.017942682108828954 -0.00067842466265327541 0.015378787774115239 -0.0029634303250735323 -0.012213550075878439 -0.0088822409771804958 0.00012092613363004663 -0.0027769364913910249 0.020034494606653228 0.016586601527013078
leaf_weight=18.735466592013836 19.163912497460842 244.86483757942915 15.377064127475021 17.032737955451012 39.667596183717251 684.39913589507341 49.289628013968468 32.792673334479332 123.27931716665626 23.777952611446381 107.1113144531846 41.445901662111282 43.091537617146969 24.984322816133499
leaf_count=98 91 1262 121 81 178 2963 260 164 579 119 469 179 194 105
internal_value=0.000150622 -0.00315654 0.000468254 0.00148471 0.00619271 -0.000173716 0.000271355 0.00810343 -0.0088005 0.00105279 0.00753684 0.00555774 0.0108257 0.00464365
internal_weight=1485.01 426.463 260.242 1058.55 275.036 783.514 766.481 82.0823 166.221 42.9419 256.301 216.633 109.522 66.4302
internal_count=6863 2172 1383 4691 1223 3468 3387 424 789 210 1125 947 478 284
is_linear=0
shrinkage=0.03


Tree=116
num_leaves=15
num_cat=0
split_feature=27 16 26 13 13 29 29 1 29 23 29 1 32 29
split_gain=5.90518 7.30562 7.25381 7.50791 9.46505 8.17459 10.2424 9.22058 6.84746 5.81955 7.3713 6.97226 7.52574 14.0713
threshold=0.078225229653838838 0.00099931399180697177 -10.781240226300779 0.351640913782858 0.45453946720541855 1.3774004612902602 0.65162667744258074 0.19348420957391854 1.640176396825711 -0.030740364609416714 1.2384570239604036 0.040732218684006928 -0.043619387365336 0.59678636820129294
decision_type=10 8 10 10 10 8 10 2 10 10 10 2 2 10
left_child=9 -2 -3 5 -5 6 7 -4 -7 10 11 12 -1 -14
right_child=1 2 3 4 -6 8 -8 -9 -10 -11 -12 -13 13 -15
leaf_value=0.0052061178981592654 -0.016514949937826748 -0.017260160618787025 0.011831724332908664 -0.025037881072975474 -0.0032420598752621508 0.021142558953494324 -0.0031798842521443471 -0.010089497180630083 -0.00048176953066586564 0.012463219796388748 -0.0056308839760530619 0.0086712828790521512 0.0074729871928804099 -0.0071057613116019217
leaf_weight=196.85699538886547 29.178396962583065 24.174012091010809 89.140363276004791 18.419424645602703 241.82799521461129 31.613740254193544 266.45708384364843 20.547643817961216 22.042913805693388 41.71634990349412 121.86694132164121 126.14508697390556 86.452683009207249 186.26846968382597
leaf_count=877 141 123 401 82 1102 157 1210 100 143 204 639 557 390 822
internal_value=-0.000155191 -0.00205443 -0.00144141 -0.000863063 -0.00487463 0.00157164 -3.63661e-06 0.00767121 0.0124127 0.00170452 0.0010626 0.00243903 0.00074996 -0.00247388
internal_weight=1502.71 743.402 714.223 690.049 260.247 429.802 376.145 109.688 53.6567 759.307 717.59 595.723 469.578 272.721
internal_count=6948 3459 3318 3195 1184 2011 1711 501 300 3489 3285 2646 2089 1212
is_linear=0
shrinkage=0.03


Tree=117
num_leaves=15
num_cat=0
split_feature=13 32 32 33 31 13 14 21 32 32 23 33 13 33
split_gain=5.75872 18.2967 16.3335 12.4961 10.6408 7.27082 6.51404 6.49645 6.514 5.43113 5.93065 5.07757 16.5919 7.00679
threshold=-1.5273327396272707 -0.87137607974597309 -0.3725607353243956 0.024539639531258258 -0.93585024503435332 -1.4945286730437706 -5.0240816480795472 0.28498384221364864 0.48098876891938797 0.06540312923014284 -0.07700323084239942 0.32493432451067 0.49387493835574298 0.74766604682259719
decision_type=10 2 2 2 2 10 8 8 2 2 8 2 10 2
left_child=1 -1 -3 4 -4 -2 -7 8 9 10 -8 -9 13 -13
right_child=5 2 3 -5 -6 6 7 11 -10 -11 -12 12 -14 -15
leaf_value=-0.020287104041301733 -0.014571454158037671 0.037437627663563511 -0.00051483461819251013 -0.016727429404160679 0.033602869012076944 -0.0096369226170657744 0.019057694043702996 -0.0010070845945932552 -0.0023701770392646599 0.026795485118010293 -0.0040753056980065445 0.016671903977303771 -0.0085756399042826153 -0.001105104908703894
leaf_weight=16.000135824084282 31.151937231421471 18.894018866121769 17.559088684618473 15.277024183422325 14.431792598217728 61.0620062276721 18.394565910100937 1068.1139360181987 34.140677198767662 19.030243948101997 19.942598111927509 73.688406154513359 53.66213121265173 27.067266751080751
leaf_count=70 153 93 85 98 83 299 88 4745 163 91 93 375 284 166
internal_value=-1.57999e-05 0.00765525 0.0146141 0.00490439 0.0154284 -0.000469111 -0.000139276 0.000309062 0.00797442 0.0140659 0.00722645 -0.000270749 0.00479622 0.0119323
internal_weight=1488.42 82.1621 66.1619 47.2679 31.9909 1406.25 1375.1 1314.04 91.5081 57.3674 38.3372 1222.53 154.418 100.756
internal_count=6886 429 359 266 168 6457 6304 6005 435 272 181 5570 825 541
is_linear=0
shrinkage=0.03


Tree=118
num_leaves=15
num_cat=0
split_feature=28 28 29 15 1 26 22 23 33 29 31 29 29 28
split_gain=4.77641 6.97257 6.84092 6.31123 6.03212 8.43865 7.16213 11.5196 6.97438 7.47293 6.02964 9.22153 5.89561 11.2577
threshold=-1.8700812973460044 -2.5170357336090627 1.4217134846592185 0.0035847643631985453 0.0019990313494675908 11.479229954911576 -0.67465341137101864 -0.11404352204521452 0.00057711700589420606 1.2557005555921721 0.97381903846659756 1.1098977526447824 0.81657013122086297 -36.218365105105114
decision_type=10 8 10 8 2 8 8 10 2 8 2 10 10 10
left_child=1 4 3 -2 6 -6 -1 8 -8 10 11 12 -10 -14
right_child=2 -3 -4 -5 5 -7 7 -9 9 -11 -12 -13 13 -15
leaf_value=-0.015952278290785143 -0.017876327392146629 0.019182106438557878 0.0070272042093090801 -0.0018752034496124948 0.0079473503636481452 -0.014785811733458696 -0.01872501447487062 0.018302939981570645 0.0048384625793775008 -0.0087249797202435565 -0.012444096845207933 0.019241835042236834 -0.022384558697927767 0.0010515152652964355
leaf_weight=24.298104558140039 21.913794487714767 19.435047268867493 75.947234157472849 718.69003415852785 167.51310331374407 15.182802982628344 17.750100553035736 29.339202977716923 169.17364621907473 71.347062699496746 23.344989903271198 27.76291785389185 22.722462855279446 82.587461575865746
leaf_count=121 103 86 430 3233 773 81 80 140 757 382 109 129 107 355
internal_value=4.94992e-05 0.00192434 -0.00149037 -0.00237213 0.00138051 0.00598792 -0.000425787 0.00045779 -0.000845746 -1.18435e-06 0.00193133 0.00307904 0.00138032 -0.00416822
internal_weight=1487.01 670.457 816.551 740.604 651.022 182.696 468.326 444.028 414.689 396.939 325.591 302.246 274.484 105.31
internal_count=6886 3120 3766 3336 3034 854 2180 2059 1919 1839 1457 1348 1219 462
is_linear=0
shrinkage=0.03


Tree=119
num_leaves=15
num_cat=0
split_feature=27 31 13 31 13 13 13 33 29 30 29 13 31 23
split_gain=5.52878 5.22868 6.15188 6.131 11.2628 11.0378 21.609 9.06265 6.31391 6.0003 5.85183 8.01329 6.73942 6.2452
threshold=-34.425760629437356 0.78661891169205866 -1.4261022993658983 0.44228869021900152 -1.0636845614099635 1.0556154838947249 0.82522239325676827 0.0028112327366982071 1.1277835122648125 0.77863840356777392 1.6041463810157703 0.41705907535921211 -0.61734245059638981 0.0011443980323129386
decision_type=10 2 10 2 10 10 10 2 8 10 8 8 2 10
left_child=-1 3 -3 10 8 6 7 9 -5 -6 13 12 -12 -2
right_child=1 2 -4 4 5 -7 -8 -9 -10 -11 11 -13 -14 -15
leaf_value=0.012433674456465843 -0.00051654432849822024 -0.011235878818400255 0.0040581981347490442 -0.0030345719346252832 0.0033653572451836293 0.0055428897277020649 -0.041167395166193534 -0.018868448128577575 0.020009892613971014 -0.016138567743312883 0.014814101751156019 -0.026873148539905252 -0.011446419399008192 0.012602046036600856
leaf_weight=28.358091786503792 855.92958589270711 24.890285234898329 279.58442440629005 22.742448158562183 54.333624109625816 33.936975620687008 20.414199590682983 43.684824742376804 18.838161453604698 18.108142126351595 12.708382334560154 16.518020745366812 23.590269733220339 32.953949771821499
leaf_count=196 3834 130 1280 101 232 158 88 197 86 94 73 101 145 160
internal_value=-0.00045672 -0.000715746 0.00277524 -0.00163862 -0.00623443 -0.00964095 -0.0134277 -0.00824146 0.0076305 -0.00166337 -0.000598186 -0.0102042 -0.00210177 -1.65784e-05
internal_weight=1486.59 1458.23 304.475 1153.76 212.058 170.478 136.541 116.127 41.5806 72.4418 941.7 52.8167 36.2987 888.884
internal_count=6875 6679 1410 5269 956 769 611 523 187 326 4313 319 218 3994
is_linear=0
shrinkage=0.03


Tree=120
num_leaves=15
num_cat=0
split_feature=28 23 31 15 23 31 23 24 31 30 31 31 27 26
split_gain=5.45626 3.99773 7.44746 4.60579 4.11665 12.421 8.6801 7.10557 5.80798 5.22209 4.83309 7.72389 7.31803 5.95121
threshold=59.690776704277589 0.012798455645388286 -0.48098876891938752 0.0054909841329546802 -0.07700323084239942 -0.88186879444286459 -0.17557236496253786 -8.6859166689653362e-05 -0.065403129230142812 0.041044651955052511 -0.56457333468532422 -0.3007057995042734 -30.597233555296196 -4.6175127172620725
decision_type=10 10 2 10 8 2 10 8 2 10 2 2 10 10
left_child=1 3 -3 4 5 -1 -7 -6 -8 -10 12 13 -9 -12
right_child=-2 2 -4 -5 7 6 8 10 9 -11 11 -13 -14 -15
leaf_value=0.027768747589278501 -0.010877552476939235 0.023652585435623822 -0.00077290411677793339 -0.015237450136478908 -0.013940411104700352 -0.012152328254757457 -0.0033611092060725559 0.016383802196866967 0.025621627949032982 0.0033146247241161745 -0.0021653120917058976 9.7061805722041669e-05 -0.0038088238765979507 0.012823684772847626
leaf_weight=17.912571720778942 40.265002060681581 17.443251520395279 28.589454706758261 16.866862297058105 32.919552393257618 29.397412940859795 26.76213963329792 15.946929171681402 18.547277428209782 18.937034875154495 33.346417587250471 757.84370536729693 353.3447525985539 80.4032092243433
leaf_count=91 264 89 141 82 153 143 124 104 85 91 161 3405 1590 361
internal_value=-0.00012086 0.000185501 0.00878879 -0.000102993 9.21285e-05 0.00559172 0.00110103 -0.00039352 0.00725871 0.0147311 -2.31974e-05 0.00119549 -0.00289497 0.00844899
internal_weight=1488.53 1448.26 46.0327 1402.23 1385.36 111.556 93.6439 1273.8 64.2465 37.4843 1240.89 871.593 369.292 113.75
internal_count=6884 6620 230 6390 6308 534 443 5774 300 176 5621 3927 1694 522
is_linear=0
shrinkage=0.03


Tree=121
num_leaves=15
num_cat=0
split_feature=33 14 32 33 27 13 13 1 13 13 33 28 32 30
split_gain=5.98775 5.48223 7.67243 5.17983 8.13526 7.55019 17.5791 11.3594 8.0893 14.0973 13.946 8.81496 7.71654 7.25309
threshold=0.00041352240458779685 -5.1125372450361297 -0.74455857214455057 0.061372166424568733 -10.659865189683869 -1.0636845614099635 -0.84702278855991131 0.096040327120939753 -0.19431964612185368 0.55827081688502311 0.19708263020873559 -8.4047113561691571 -0.86046863722869238 0.24461371844697674
decision_type=2 8 2 2 10 8 10 2 10 10 2 10 2 8
left_child=-1 2 -2 4 -3 7 -7 -5 10 12 -8 -12 -10 -13
right_child=1 3 -4 5 -6 6 8 -9 9 -11 11 13 -14 -15
leaf_value=0.012312329277965321 0.0076088008408940304 0.0045101926722376645 -0.016286077774542562 -0.014182518770282778 -0.0027666836740684727 0.02634892432591816 -0.018532073855984259 0.013027125227087542 0.028001150931210469 -0.0022581005847765738 -0.0095906908899266331 0.02564041660031155 0.0082487477406051352 -0.0022353080147061071
leaf_weight=32.494285523891449 16.25410420447588 167.97975648194551 41.235540054738522 49.602536119520664 760.98798487335443 28.238493181765079 40.233800888061523 18.108533333986998 20.025435671210289 135.6440887786448 23.228536762297153 19.149450987577438 129.68914729729295 14.151595067232845
leaf_count=144 77 778 204 260 3370 138 191 94 88 657 121 95 636 82
internal_value=-0.000229706 -0.000516195 -0.00951567 -0.000141992 -0.00144741 0.00239237 0.00392566 -0.00682193 0.00220415 0.00474301 -0.00525498 0.0043526 0.011059 0.0140746
internal_weight=1497.02 1464.53 57.4896 1407.04 928.968 478.072 410.361 67.7111 382.122 285.359 96.7634 56.5296 149.715 33.301
internal_count=6935 6791 281 6510 4148 2362 2008 354 1870 1381 489 298 724 177
is_linear=0
shrinkage=0.03


Tree=122
num_leaves=15
num_cat=0
split_feature=29 31 27 29 23 13 27 30 33 32 29 27 13 31
split_gain=4.18888 4.29904 4.52451 6.07582 10.237 10.2415 5.62934 4.15901 7.94515 5.80253 9.91214 7.32439 5.97943 7.88942
threshold=2.0541505208507802 0.99845357241023069 0.078225229653838838 1.0888352937640307 -0.074439325747797741 1.2434620292191898 24.275554519137547 0.59835668093876515 0.0020143362771543063 0.43245347597985034 0.57730922353624659 12.414924976731358 0.17668438124668165 0.098011308799811389
decision_type=8 2 10 10 10 8 10 8 2 2 10 10 10 2
left_child=1 2 -1 6 5 -5 7 8 -4 10 -10 -11 13 -12
right_child=-2 -3 3 4 -6 -7 -8 -9 9 11 12 -13 -14 -15
leaf_value=0.0016179276516724299 -0.013445574791972588 -0.011828893910106645 0.0053509077619558901 0.0072457996941116551 -0.017128634430998865 -0.015766434920050278 0.0073129162835023674 -0.010633823937465722 0.010899382227961312 -0.013049379234765205 -0.0095231831091283567 0.0044131358563059492 -0.012630368720995114 0.0089092991269109755
leaf_weight=725.68936819583178 21.084125716239214 27.463033676147461 79.434670850634575 166.47960890457034 20.218292377889156 18.479869443923235 39.479377672076225 78.355268090963364 42.369035631418228 113.54585237801075 40.244666799902916 26.120225816965103 59.552266657352448 41.365641504526138
leaf_count=3313 147 122 343 828 102 94 197 364 191 510 175 118 252 182
internal_value=-0.000476296 -0.000282424 -5.59404e-05 -0.00172983 0.00263343 0.00487416 -0.00345167 -0.00434856 -0.00310209 -0.00518974 -0.00166602 -0.0097754 -0.00548759 -0.000185598
internal_weight=1499.88 1478.8 1451.33 725.645 205.178 184.959 520.467 480.988 402.632 323.198 183.532 139.666 141.163 81.6103
internal_count=6938 6791 6669 3356 1024 922 2332 2135 1771 1428 800 628 609 357
is_linear=0
shrinkage=0.03


Tree=123
num_leaves=15
num_cat=0
split_feature=30 1 21 33 33 27 21 1 1 29 32 28 0 0
split_gain=4.92448 3.36879 8.066 5.73383 6.43894 4.7729 4.20293 4.91064 5.2108 8.69739 11.9671 8.34891 6.40604 5.86213
threshold=-2.0708386458262971 -0.25572894261027251 -2.2839365302562693 0.0070307244389254363 0.0018532788409810444 -4.9491432344694877 -0.9446855750372406 -0.075039872201404026 -0.11839879475147568 1.1494069061390286 -0.77296446310592981 -7.6569984290575368 -0.21659191263724206 -0.056879411015583942
decision_type=10 2 10 2 2 10 8 2 2 10 2 10 2 2
left_child=-1 2 3 4 -2 -5 -3 8 9 10 -8 -10 -13 -14
right_child=1 6 -4 5 -6 -7 7 -9 11 -11 -12 12 13 -15
leaf_value=-0.012569239304809547 0.0038508790197207977 -0.011422283444040815 0.024041501241004841 8.7109850374201986e-05 -0.020606345187905488 0.016945406022448133 0.016545210830197343 0.0011102931758465242 0.0010062440962269655 -0.0099369706598877276 -0.00098619522489252782 -0.0027293268000762147 -0.031306661403708413 -0.010789568682720336
leaf_weight=27.728855088353157 20.363640774041414 29.698866136372089 15.90446689724922 35.739378094673157 17.039777666330338 25.204418532550335 42.4128188341856 871.15625681355596 62.630376026034355 65.741473089903593 181.25427797436714 32.541223421692848 21.956256598234177 31.38931705057621
leaf_count=128 100 144 81 188 78 119 178 4044 284 339 807 144 96 136
internal_value=-0.000269647 -2.6446e-05 0.00489527 0.00158817 -0.00753748 0.00722017 -0.000449806 -0.000192347 -0.00278029 -0.000429299 0.00239704 -0.00732804 -0.0133472 -0.0196548
internal_weight=1480.76 1453.03 114.252 98.3472 37.4034 60.9438 1338.78 1309.08 437.926 289.409 223.667 148.517 85.8868 53.3456
internal_count=6866 6738 566 485 178 307 6172 6028 1984 1324 985 660 376 232
is_linear=0
shrinkage=0.03


Tree=124
num_leaves=15
num_cat=0
split_feature=29 32 23 29 29 13 32 32 13 13 29 28 30 28
split_gain=4.58545 11.6292 19.0617 8.60474 9.61416 8.46181 8.06277 11.5625 8.52089 21.7929 15.6814 8.39483 7.45304 6.95165
threshold=1.0990765100334201 0.26932402956675644 0.0046204304606264762 1.2241065690931958 1.1582858184742924 -0.39701346705124246 0.54643492068321298 0.8604686372286926 1.6598148769599537 0.62934111587365849 0.58230305694219431 18.387030713347134 -0.59479376429365793 26.86393659469211
decision_type=8 2 8 10 10 10 2 2 10 8 10 10 8 10
left_child=6 3 -3 4 5 -2 11 8 9 10 -8 -1 -13 -9
right_child=1 2 -4 -5 -6 -7 7 13 -10 -11 -12 12 -14 -15
leaf_value=0.0029171978452019924 -0.013607841072939034 -0.01267990033541329 0.016680184184685944 -0.0037288652021804504 0.017580907365703884 0.010403962029077226 0.00019761246259040918 -0.00099565851336162314 -0.026265457257519591 0.012427856966672176 -0.022075406884373469 0.0087711103978562865 -0.0080987498143780673 0.01792037857223892
leaf_weight=557.60787844657898 25.313373893499374 24.145890414714813 97.594876475632191 198.8168658092618 42.680174879729748 25.538910217583179 46.631295070052147 169.10957292467356 23.268909975886345 38.189356543123722 71.892198279500008 28.089525461196899 125.65356000885367 18.491489991545677
leaf_count=2473 111 119 513 1042 196 116 203 774 115 161 319 119 570 92
internal_value=0.000371762 0.00305144 0.0108011 -0.000201505 0.00725654 -0.00158061 -0.00065856 -0.00426005 -0.00967007 -0.00705505 -0.0133841 0.00120584 -0.00497979 0.000953992
internal_weight=1493.02 414.09 121.741 292.349 93.5325 50.8523 1078.93 367.583 179.982 156.713 118.523 711.351 153.743 187.601
internal_count=6923 2097 632 1465 423 227 4826 1664 798 683 522 3162 689 866
is_linear=0
shrinkage=0.03


Tree=125
num_leaves=15
num_cat=0
split_feature=13 13 33 1 1 1 27 13 14 0 30 32 13 28
split_gain=5.27082 7.48289 14.7904 12.0428 11.3626 10.2196 10.0895 10.9193 12.0919 9.93811 9.92857 9.72068 21.2173 14.6728
threshold=0.02510765951264694 0.53996149047760822 0.061372166424568733 -0.060626329571572164 -0.11680401856005361 0.12902052995014737 -2.5113387769160052 1.1449495874973314 -4.8224463037410672 0.2497064600829754 0.29155589704891488 -0.39271506111191329 0.49387493835574298 -2.0846655814210631
decision_type=10 10 2 2 2 2 10 10 10 2 10 2 10 10
left_child=-1 2 11 4 10 -4 -5 9 -9 -8 -3 13 -13 -2
right_child=1 3 5 6 -6 -7 7 8 -10 -11 -12 12 -14 -15
leaf_value=0.0013698309505119066 0.014878562152739628 0.0055586405427604461 0.0092058732945433323 0.014555050090020557 -0.01645929970321831 -0.015584412332771642 0.00052690740238579934 -0.012783236936493716 0.013896274870642543 0.021901956018306808 -0.01070946696037098 -0.010143245167343244 -0.044157776645886111 -0.013819814420141723
leaf_weight=807.21191600710154 25.578602641820908 87.434467643499374 67.002673137933016 66.673816673457623 56.761929269880056 18.227509528398514 52.43826948851347 65.664264600723982 18.944601152092218 30.286838859319687 53.620817169547081 79.425574220716953 20.178144827485085 39.46189870685339
leaf_count=3788 110 382 313 304 258 94 223 319 94 143 280 343 86 169
internal_value=-0.000269769 -0.00221041 -0.00633108 0.000183125 -0.00525158 0.00378492 0.00478012 0.000822 -0.00671694 0.00852074 -0.000657381 -0.011559 -0.0174045 -0.00247915
internal_weight=1488.91 681.699 249.874 431.825 197.817 85.2302 234.008 167.334 84.6089 82.7251 141.055 164.644 99.6037 65.0405
internal_count=6906 3118 1115 2003 920 407 1083 779 413 366 662 708 429 279
is_linear=0
shrinkage=0.03


Tree=126
num_leaves=15
num_cat=0
split_feature=28 33 33 27 33 27 27 22 30 19 28 19 33 33
split_gain=5.55851 6.42332 9.64482 7.90933 7.49052 6.98483 5.9293 6.04933 5.7047 5.75754 5.44251 5.28707 6.57778 6.41389
threshold=-0.8176750332822279 0.0017050988463953155 0.0064685787508312323 -18.860389933292861 0.63288564495653865 -18.860389933292861 0.078225229653838838 -0.16129342862870782 -0.61928389396068206 -0.5441678951267902 -22.671384107848521 1.2839097512173938 0.002586458977622292 0.056465118932625756
decision_type=10 2 2 10 2 10 10 8 10 8 10 8 2 2
left_child=1 -1 5 -4 -5 -3 7 -2 11 -10 -7 -8 -13 -14
right_child=6 2 3 4 -6 10 8 -9 9 -11 -12 12 13 -15
leaf_value=0.0081779930294547248 0.015923476831181185 0.011217994100973135 -0.0064779237820256283 0.0059342658515603849 -0.010137172701285896 -0.00025806206651976559 0.0067190320080068085 0.00074057552711128359 -0.016872763157175261 -0.00038479120278326988 -0.01413582196780166 0.0022645160893818546 -0.021483825437669149 -0.0054746394675518409
leaf_weight=136.30949585139751 24.973640494048595 16.766574338078499 65.828069359064102 345.91978926584125 27.324878312647343 39.895543895661831 17.265780195593834 261.76532998308539 19.193349868059158 340.91373017430305 69.34388329833746 26.887794405221939 51.31898358464241 41.119802311062813
leaf_count=617 112 88 354 1562 163 179 81 1167 92 1638 301 116 229 189
internal_value=0.0004194 0.00235763 0.000941664 0.00304194 0.00473375 -0.00634314 -0.00131663 0.00211368 -0.00329718 -0.00130788 -0.00911581 -0.00849409 -0.0107329 -0.0144972
internal_weight=1484.83 701.388 565.079 439.073 373.245 126.006 783.438 286.739 496.699 360.107 109.239 136.592 119.327 92.4388
internal_count=6888 3264 2647 2079 1725 568 3624 1279 2345 1730 480 615 534 418
is_linear=0
shrinkage=0.03


Tree=127
num_leaves=15
num_cat=0
split_feature=28 20 28 21 20 33 33 29 29 13 13 13 0 1
split_gain=4.63786 6.18499 5.79118 5.51408 8.37433 6.68287 9.99673 6.40972 5.93882 6.74452 5.79345 5.32848 4.60848 6.34189
threshold=-1.8700812973460044 -0.29506196725925798 -2.5170357336090627 0.28977423880860448 -1.0281370583609115 0.034247825836957811 0.0033210790664872131 0.3723808697963083 1.6041463810157703 0.41705907535921211 -0.18684336526570297 -6.5382233044314217 -0.27437613631263419 -0.069448761433554704
decision_type=10 8 8 8 10 2 2 10 10 10 10 10 2 2
left_child=2 -2 3 5 7 6 -1 -5 -9 10 -10 -3 -13 -14
right_child=1 11 -4 4 -6 -7 -8 8 9 -11 -12 12 13 -15
leaf_value=0.01664255385914291 -0.018235274203748597 0.012950622858360409 0.017135575674031442 -0.014253586908106422 -0.017316949679347358 0.021583491359471348 -0.013935166568745414 0.0025970871136749398 -0.01388339123422147 -0.025621620289958597 0.012686729485523513 0.0031354620183439001 -0.0092276661256137545 -0.0013380778190159651
leaf_weight=18.385621707886457 18.675348162651062 22.247802410274744 20.304227620363235 22.586002342402935 22.191573917865753 24.401982851326466 18.11584884673357 514.60324637591839 13.514621444046496 13.579215407371519 14.038296472281219 146.83714964240789 110.90621852129698 510.5102480314672
leaf_count=90 89 130 89 100 105 119 89 2326 82 94 87 666 485 2365
internal_value=-8.3568e-05 -0.00161847 0.00173801 0.00124018 0.000360766 0.00976532 0.00149977 0.00106782 0.00171499 -0.00912056 -0.000375631 -0.00120336 -0.00162955 -0.00275872
internal_weight=1490.9 809.177 681.721 661.416 600.513 60.9035 36.5015 578.321 555.735 41.1321 27.5529 790.501 768.254 621.416
internal_count=6916 3735 3181 3092 2794 298 179 2689 2589 263 169 3646 3516 2850
is_linear=0
shrinkage=0.03


Tree=128
num_leaves=15
num_cat=0
split_feature=30 30 29 32 33 28 28 14 13 13 33 33 13 32
split_gain=5.81968 8.17401 6.31993 8.24994 6.60188 6.04582 11.4968 5.89109 5.87813 10.9023 8.02588 10.6172 6.69301 6.37131
threshold=-0.61928389396068206 -0.58359713993198248 0.64834793630381571 -0.010907442517280496 0.0054755336985943944 2.9392793019411561 9.385170689588664 -5.3153758210666693 1.6122517058878592 1.3007426348145792 0.0009515050833005487 0.0030555402456639283 1.6598148769599537 0.45201865172701733
decision_type=10 10 10 2 2 10 10 8 8 10 2 2 10 2
left_child=2 -2 3 -1 -5 -4 -7 -3 9 -9 -10 -12 -13 -14
right_child=1 7 5 4 -6 6 -8 8 10 -11 11 12 13 -15
leaf_value=0.017234036351695185 0.019696609289430116 -0.011687751921438633 -0.0020030080324560727 -0.013111614246684548 0.0025726057746604035 -0.024839243843199302 -0.004384466333530423 0.00094285072962977312 0.025892259631889191 -0.018252773873653545 -0.016831809076417948 0.026023710662743733 0.012824276489340111 -0.0092740744833223546
leaf_weight=24.866243749856949 19.80736517906189 32.423195168375969 155.29657351970673 31.172004118561745 96.030357919633389 36.10199573636055 75.874632142484188 897.50587351620197 17.5684410110116 26.442888490855694 16.521848984062672 15.50016240403056 27.185027245432138 19.207325764000416
leaf_count=111 87 160 680 135 446 156 339 4213 79 127 81 86 141 92
internal_value=-9.60737e-05 0.00107602 -0.00308827 0.00178726 -0.00134324 -0.00585859 -0.0111407 0.000707173 0.00111226 0.000374343 0.00813854 0.00388493 0.00959484 0.0036725
internal_weight=1491.5 1072.16 419.342 152.069 127.202 267.273 111.977 1052.35 1019.93 923.949 95.9828 78.4144 61.8925 46.3924
internal_count=6933 5066 1867 692 581 1175 495 4979 4819 4340 479 400 319 233
is_linear=0
shrinkage=0.03


Tree=129
num_leaves=15
num_cat=0
split_feature=29 16 33 23 31 29 28 33 28 13 33 28 27 31
split_gain=5.21088 4.85696 6.53917 4.01851 14.223 11.8878 9.39491 7.84753 6.3744 5.3995 19.6806 14.9998 6.84918 6.02174
threshold=2.0541505208507802 0.00018673451354800366 0.0098121663843207668 -0.17557236496253786 0.88186879444286481 0.6586314333214468 0.73016867246700212 0.0033210790664872131 6.1919558494860647 1.3007426348145792 0.0012217567110654915 -17.672385892675276 -6.1132699166233087 0.96863394805116498
decision_type=10 8 2 10 2 10 10 2 10 10 2 10 10 2
left_child=1 2 -1 9 5 8 7 -7 -5 13 -11 -12 -13 -3
right_child=-2 3 -4 4 -6 6 -8 -9 -10 10 11 12 -14 -15
leaf_value=0.0049296897827973783 -0.015717119997675184 0.0012325474003247149 -0.015947865439437409 0.028056785904308327 0.027571758537586838 0.020871619950703101 -0.012326978368804354 -0.0033238056061343987 0.0022955876799630832 0.022219010972959734 0.0064436555068528873 -0.0043417207638477015 -0.025406654673082885 -0.0066265361030059776
leaf_weight=20.689594641327858 17.795015640556812 1051.1549272872508 35.89785523712635 18.365591272711754 20.728034161031246 18.054035305976868 53.242552280426025 32.281023524701595 15.964096784591673 17.460519917309284 28.57452991604805 20.18146088719368 47.202879048883915 94.734347030520439
leaf_count=96 134 4797 175 92 104 83 247 153 81 81 136 93 232 422
internal_value=-2.04865e-05 0.000179468 -0.00836153 0.000525975 0.00501005 0.00144486 -0.00364875 0.00559206 0.0164813 -4.24115e-05 -0.00625677 -0.0116139 -0.0192535 0.0005776
internal_weight=1492.33 1474.53 56.5874 1417.94 158.635 137.907 103.578 50.3351 34.3297 1259.31 113.419 95.9589 67.3843 1145.89
internal_count=6926 6792 271 6521 760 656 483 236 173 5761 542 461 325 5219
is_linear=0
shrinkage=0.03


Tree=130
num_leaves=15
num_cat=0
split_feature=14 21 32 32 32 29 26 22 13 33 13 32 31 29
split_gain=4.95918 7.00321 7.96877 6.70649 4.70877 4.568 7.32889 4.08595 4.51062 11.4534 9.94992 7.26781 5.99038 12.4444
threshold=-4.890105089210838 0.34626479169297403 -0.84915165824291594 0.48098876891938797 0.06540312923014284 0.70906956037031266 -3.7203404049357398 0.13404742210830478 -1.5273327396272707 0.024539639531258258 -1.4945286730437706 0.22706275313213803 -0.79335334029123528 0.43492258077545393
decision_type=8 8 2 2 2 10 10 10 10 2 10 2 2 10
left_child=5 2 -2 4 -4 -1 -7 8 9 11 -10 -3 13 -12
right_child=1 7 3 -5 -6 6 -8 -9 10 -11 12 -13 -14 -15
leaf_value=0.0049458548080681909 -0.010198668661466511 0.0069916224338634619 0.011188928320410881 0.00098133169749074355 0.030543078243998233 0.0036491660165684334 -0.017913859331998298 -0.010541540057409036 -0.016086565873983404 -0.0085128721265982314 -0.023293773695067049 0.033194710598002393 0.001466208029640232 -0.0014461999068647593
leaf_weight=21.528512254357338 16.378504261374474 24.483127027750015 31.193875648081303 29.870889652520418 18.775946527719498 20.710719652473927 42.079189859330654 30.91908310353756 32.99023162573576 23.040037460625172 25.338124856352806 15.378437772393225 935.24642103537917 216.64721230790019
leaf_count=103 73 115 151 147 91 105 201 151 159 135 107 87 4278 981
internal_value=0.000211779 0.000639195 0.00840667 0.0123023 0.0189177 -0.00681055 -0.0108558 6.00671e-05 0.000325609 0.00809363 -8.44847e-05 0.0176656 0.000377223 -0.0038203
internal_weight=1484.58 1400.26 96.2192 79.8407 49.9698 84.3184 62.7899 1304.04 1273.12 62.9016 1210.22 39.8616 1177.23 241.985
internal_count=6884 6475 462 389 242 409 306 6013 5862 337 5525 202 5366 1088
is_linear=0
shrinkage=0.03


Tree=131
num_leaves=15
num_cat=0
split_feature=1 27 28 29 15 22 1 29 32 30 33 1 23 32
split_gain=4.79452 11.4366 4.58884 4.18107 7.54866 12.7473 8.38727 9.06461 9.90277 6.58635 8.73906 4.86687 7.91094 7.00241
threshold=0.27176214257301973 12.169404444222211 5.7656569219499696 0.59678636820129294 0.0033826877887950251 -0.0071592710826158907 0.1234737333256077 0.51358564529561124 0.82531082829576841 -0.87567544511027318 0.0070307244389254363 0.17162304107311885 0.012798455645388286 -0.79989897227935869
decision_type=2 10 10 10 8 10 2 8 2 10 2 2 10 2
left_child=3 2 -2 4 -1 6 7 8 9 -6 -11 12 -5 -13
right_child=1 -3 -4 11 5 -7 -8 -9 -10 10 -12 13 -14 -15
leaf_value=-0.013952545651683409 -0.0043264848811322681 0.012908599989958098 -0.023297336011196722 -0.0014024704607009002 -0.017231662031695325 0.028262883060557183 -0.011053083859973258 0.013793978086565078 0.013340505538915299 -0.016774788680488505 0.0063477539477615917 -0.011278631347663401 0.014312795379628859 0.0095584211863593282
leaf_weight=19.272644549608231 20.454803988337517 16.721307039260864 26.840873531997204 1021.4048418849707 25.092121362686157 18.736801885068417 31.474525853991508 73.125399306416512 39.304837413132191 18.935274630784988 55.134865671396255 16.697390574961901 28.66927383467555 82.295046377927065
leaf_count=88 103 103 139 4694 114 106 141 325 182 80 237 81 146 403
internal_value=8.23595e-05 -0.0078854 -0.0153521 0.000444278 0.00371708 0.00506597 0.00316936 0.005327 0.000788692 -0.00426997 0.000291998 -0.000358828 -0.000960201 0.00596612
internal_weight=1494.16 64.017 47.2957 1430.14 281.076 261.804 243.067 211.592 138.467 99.1623 74.0701 1149.07 1050.07 98.9924
internal_count=6942 345 242 6597 1273 1185 1079 938 613 431 317 5324 4840 484
is_linear=0
shrinkage=0.03


Tree=132
num_leaves=15
num_cat=0
split_feature=26 23 33 29 29 32 32 29 29 29 19 32 28 27
split_gain=5.26835 6.80844 6.51816 7.74695 9.49401 15.964 5.73231 9.74031 13.4474 8.33122 8.02519 7.96847 6.24083 5.18393
threshold=0.76884073528127328 -0.1653155093930708 0.0042643499321991796 0.51358564529561124 0.79460314949185407 0.78661891169205844 0.24825246871434672 0.85005995386420263 0.64834793630381571 1.6606324937429062 -1.8441907509281206 0.56457333468532445 -4.7839518901682245 -23.358847312158201
decision_type=10 8 2 8 10 2 2 10 10 8 10 2 10 10
left_child=2 -2 3 -1 5 -5 9 8 -8 -4 -9 -10 -13 -6
right_child=1 -3 6 4 13 -7 7 10 11 -11 -12 12 -14 -15
leaf_value=-0.017799917670693281 -0.019679233447799545 -0.0010550217266908372 0.0024152558093883739 0.016888976711532382 0.010208317164700132 -0.014542067888821016 0.0093312942278265532 0.019112763909952483 0.0041977599119549748 -0.016065081816229523 -0.0037236312655033496 -0.0036688875819121938 -0.02735005317104653 -0.0060146832457281078
leaf_weight=23.836189702153206 17.192487485706806 618.03166525438428 274.56305594742298 54.54415126144886 19.175657518208027 18.842189565300941 112.73415454477072 74.179862938821316 30.457053981721401 22.858606144785881 16.617847669869661 19.788548305630684 20.050201341509819 149.54558151960373
leaf_count=105 85 2918 1255 241 100 80 516 352 132 150 83 89 90 654
internal_value=0.000469469 -0.00158923 0.00203155 -0.00184334 -0.000205617 0.00873194 0.00383556 0.00695939 0.00294159 0.000945859 0.0149382 -0.0072928 -0.0159651 -0.00412161
internal_weight=1472.42 635.224 837.193 265.944 242.108 73.3863 571.249 273.828 183.03 297.422 90.7977 70.2958 39.8387 168.721
internal_count=6850 3003 3847 1180 1075 321 2667 1262 827 1405 435 311 179 754
is_linear=0
shrinkage=0.03


Tree=133
num_leaves=15
num_cat=0
split_feature=14 31 31 1 16 20 33 29 26 27 1 33 27 29
split_gain=4.47466 8.78494 15.4351 12.8876 9.96365 8.5877 7.22641 5.51657 4.79992 4.3919 5.37239 9.58274 8.22921 8.06656
threshold=-5.0934113192346855 -0.5 0.89194178735545526 -0.18994239243917257 0.0017791193119531814 -0.055352981958023399 0.0098121663843207668 0.97209720753614748 0.93145745616141096 -34.425760629437356 -0.067874378061852217 0.0064685787508312323 -10.450198603928483 0.81657013122086297
decision_type=10 2 2 2 8 8 2 10 10 10 2 2 10 8
left_child=5 4 3 -3 -2 -1 8 -8 -5 -7 11 12 13 -11
right_child=1 2 -4 6 -6 9 7 -9 -10 10 -12 -13 -14 -15
leaf_value=-0.021986754558390265 -0.0024690196488293052 0.017118636858634032 0.017551861668147272 0.0061157359661884146 0.023004898081335594 0.011359208070890492 -0.0089122165051858313 -0.03327676806049408 -0.013792934501875801 0.016735458121023939 0.00079027591090196953 -8.1074456017979552e-05 -0.012472832355716912 -0.0073601072347085125
leaf_weight=16.064942289143801 21.570153154432774 16.136977151036263 31.173374705016613 22.608482979238033 36.587077304720879 26.223074950277805 17.323055267333984 17.202922031283379 19.331452794373035 18.826392449438572 754.74531225115061 326.41249003261328 134.72733344137669 32.888213269412518
leaf_count=85 100 78 151 104 188 183 79 85 94 83 3492 1489 577 148
internal_value=-0.000230332 0.00416514 -0.000376805 -0.00653526 0.0136748 -0.000843542 -0.0116836 -0.0216471 -0.00316831 -0.000564237 -0.000819659 -0.00318586 -0.00859211 0.00156281
internal_weight=1491.82 181.933 123.776 92.6029 58.1572 1309.89 76.4659 34.526 41.9399 1293.82 1267.6 512.854 186.442 51.7146
internal_count=6936 879 591 440 288 6057 362 164 198 5972 5789 2297 808 231
is_linear=0
shrinkage=0.03


Tree=134
num_leaves=15
num_cat=0
split_feature=1 27 29 31 29 1 27 31 28 29 29 29 31 31
split_gain=4.9891 9.45262 7.17216 12.635 6.84838 6.27667 5.22497 5.39766 5.19516 9.70506 7.41116 5.29212 4.96085 5.93071
threshold=-0.0051028180396509738 -2.0653800927128425 0.45355456280011053 -0.71473537162315137 1.2325333390291326 -0.11839879475147568 -5.8211272002139927 -0.18436924984152911 -10.615543115912727 1.3774004612902602 1.6606324937429062 1.1807804318828941 0.96863394805116498 0.13052619222005182
decision_type=2 8 10 2 10 2 10 2 10 10 10 10 2 2
left_child=2 4 3 -1 6 -5 -2 -8 11 -10 -11 -3 13 -4
right_child=1 8 12 5 -6 -7 7 -9 9 10 -12 -13 -14 -15
leaf_value=-0.0096735544391389119 0.0059218789291832193 0.013154220279536324 -0.0040999637578678907 0.025355212967712711 -0.0038272347335625845 0.0032360677968920263 0.0045708445610219512 0.024246111990145973 -0.0030172314390229747 0.01869369479705604 -0.0047789583277474167 -0.0061028116916139758 -0.011271495623481531 0.0015812828943775794
leaf_weight=24.926300697028637 82.421184301376343 45.121809504926205 402.22451947629452 27.566252619028091 35.247828729450703 19.932051427662373 19.34994325786829 37.825836196541786 382.54438583925366 34.14477302506566 17.943650107830763 17.116348899900913 52.409222051501274 279.62921126186848
leaf_count=114 368 207 1875 128 179 89 84 167 1771 182 128 92 236 1261
internal_value=1.67699e-05 0.00192506 -0.00157265 0.00737139 0.00790284 0.0163313 0.0108708 0.0177805 -0.000190113 -0.00135616 0.01067 0.00784551 -0.00246368 -0.00177117
internal_weight=1478.4 671.716 806.688 72.4246 174.845 47.4983 139.597 57.1758 496.871 434.633 52.0884 62.2382 734.263 681.854
internal_count=6881 3178 3703 331 798 217 619 251 2380 2081 310 299 3372 3136
is_linear=0
shrinkage=0.03


Tree=135
num_leaves=15
num_cat=0
split_feature=27 13 33 29 13 13 33 29 29 29 31 31 32 13
split_gain=4.85985 4.75937 9.67993 7.3605 4.2795 4.21991 7.7464 6.83003 8.24957 11.3286 11.3329 9.44476 8.78553 8.94142
threshold=-7.4694021096366461 -0.84702278855991131 0.012599071030236922 0.97209720753614748 2.1741856008849534 1.3007426348145792 0.29895401038739394 1.6203578984870488 1.0990765100334201 0.94375499630317938 -0.79335334029123528 -0.98279651670771895 0.25881904510252057 -0.49626739035689221
decision_type=10 8 2 10 8 8 2 10 10 10 2 2 2 10
left_child=1 2 -1 -4 5 7 -7 8 9 11 -11 -2 13 -10
right_child=4 -3 3 -5 -6 6 -8 -9 12 10 -12 -13 -14 -15
leaf_value=0.022417290225503164 0.014455297199566293 0.0012792948627777954 -0.0157123631121611 0.009975362678496226 0.010831133136808876 -0.0034625959178292993 -0.025653126311818247 -0.011970021260634046 -0.0082220900137138994 -0.029400064945248883 -0.005614951184454528 -0.00083897032860496233 0.015064896769894852 0.0070489744607945548
leaf_weight=30.225078590214252 37.908806428313255 308.48655808344483 15.219590775668619 25.346747249364853 25.724640220403671 92.217518031597137 15.82773471623659 45.035755801945925 54.716236762702465 20.623063385486603 113.41874299943447 549.29123226553202 57.170517828315496 89.69666301459074
leaf_count=139 166 1466 80 133 122 443 88 271 246 92 498 2444 284 414
internal_value=-2.1621e-05 0.00290281 0.00986123 0.000191748 -0.00103019 -0.00132358 -0.00691877 -0.000692479 -0.000129751 -0.00163022 -0.00946503 0.000171303 0.00522031 0.00124621
internal_weight=1480.91 379.278 70.7914 40.5663 1101.63 1075.91 108.045 967.861 922.825 721.242 134.042 587.2 201.583 144.413
internal_count=6886 1818 352 213 5068 4946 531 4415 4144 3200 590 2610 944 660
is_linear=0
shrinkage=0.03


Tree=136
num_leaves=15
num_cat=0
split_feature=13 13 28 13 28 29 32 33 13 29 29 33 33 29
split_gain=4.20447 11.9243 14.3084 10.4295 9.64196 7.33352 10.3596 6.8888 11.3448 10.1225 9.64223 6.44383 11.6847 14.6104
threshold=-0.3934611219893675 -0.42882033197452329 -9.4675337116267837 -0.30461992789383391 -12.675128947510215 1.1635812022272052 0.37256073532439549 0.024539639531258258 -1.0636845614099635 0.98927757858525689 0.92964549648140182 0.19708263020873559 0.012599071030236922 0.9476399006002324
decision_type=8 10 10 8 10 10 2 2 10 10 10 2 2 10
left_child=1 4 -3 -2 7 11 -7 10 9 -9 -1 12 13 -6
right_child=3 2 -4 -5 5 6 -8 8 -10 -11 -12 -13 -14 -15
leaf_value=0.02313482737608721 0.017960357945218823 -0.028544981003589275 0.0035691423412036053 0.00077740070744148032 0.0047449921565328257 -0.004720613617818655 0.016503669916625642 -0.028953560829387163 0.015328838597743344 0.0025727661210321068 -3.2618565861251158e-05 0.0047185684866623894 -0.015275191450753397 -0.018464313203290533
leaf_weight=37.132409200072289 31.921240251511335 30.010167960077524 20.566350936889648 930.69641985371709 91.308092914521694 45.677153162658215 36.348555024713278 15.212609015405176 22.925573069602251 20.749681070446968 28.065202478319407 45.808755680918694 97.387675039470196 32.193619526922703
leaf_count=168 162 144 90 4302 413 230 191 85 115 101 131 231 429 140
internal_value=0.00018899 -0.00197288 -0.0156701 0.00136525 -0.000477701 -0.00303346 0.00477013 0.00667171 -0.000779869 -0.0111859 0.0133122 -0.00544239 -0.00756137 -0.00140477
internal_weight=1486 523.386 50.5765 962.618 472.809 348.724 82.0257 124.085 58.8879 35.9623 65.1976 266.698 220.889 123.502
internal_count=6932 2468 234 4464 2234 1634 421 600 301 186 299 1213 982 553
is_linear=0
shrinkage=0.03


Tree=137
num_leaves=15
num_cat=0
split_feature=28 28 33 29 29 1 29 33 27 1 0 28 28 33
split_gain=3.90267 7.61318 7.13338 8.72337 10.664 7.8108 10.04 6.44846 8.2524 7.17963 6.42975 6.25833 6.25117 5.892
threshold=-4.9949571162688491 -6.2222413156653991 0.53572613240131972 1.3562483594638064 0.73193256289022468 0.086135475649390447 0.84347766246855416 0.066705656214754563 0.46019063048241554 0.033059573061667645 0.14636874603752348 -3.7152607202273198 -39.107287732491606 0.0098121663843207668
decision_type=10 8 2 8 10 2 10 2 10 2 2 10 10 2
left_child=1 2 3 4 10 6 -6 11 -9 -10 12 -2 -1 -8
right_child=7 -3 -4 -5 5 -7 13 8 9 -11 -12 -13 -14 -15
leaf_value=0.008446085240342488 -0.017053609193145303 0.014884816910399693 -0.012437504430139868 -0.0079888417881532926 0.015371082860266514 0.0202012135427397 -0.0038047946898496481 0.0086865659009685379 -0.0084886802866070664 0.0036093373224524985 0.0086198941696818271 -0.0023684412246921149 -0.0089083370755357622 0.0068496308806436394
leaf_weight=21.856902807950974 26.388707295060158 36.85353297740221 32.54458087310195 69.171838868409395 61.866266652941704 34.013693436980247 93.292551651597023 113.15259104222059 76.931895144283772 100.9396498054266 34.221420899033546 582.49594218283892 104.72308669239283 91.654278539121151
leaf_count=107 116 168 199 389 274 157 413 539 365 521 152 2624 464 416
internal_value=-4.12241e-05 0.00187545 0.000967333 0.00184403 0.00339871 0.00691746 0.00501267 -0.00127767 0.00239018 -0.00164143 -0.00275128 -0.00303181 -0.00586899 0.00148367
internal_weight=1480.11 580.198 543.345 510.8 441.628 280.827 246.813 899.909 291.024 177.872 160.801 608.885 126.58 184.947
internal_count=6904 2739 2571 2372 1983 1260 1103 4165 1425 886 723 2740 571 829
is_linear=0
shrinkage=0.03


Tree=138
num_leaves=15
num_cat=0
split_feature=13 29 23 23 30 31 27 27 28 31 28 28 13 1
split_gain=5.55832 7.13523 8.4151 7.49589 6.23017 7.46042 6.57513 7.27325 6.92227 6.06544 5.63775 8.06526 8.84611 8.99999
threshold=0.02510765951264694 0.73871890618457592 -0.035054628570450296 0.0067573933714404543 -0.029920549088898313 -0.20576496797711577 -5.8211272002139927 0.23543848317153507 -4.9949571162688491 0.99512551815703276 -35.463809695812635 -22.671384107848521 0.45453946720541855 -0.050425251571803824
decision_type=10 10 10 8 10 2 10 10 10 2 10 10 10 2
left_child=9 2 4 -3 6 -6 -2 -8 -9 -1 -5 -12 13 -13
right_child=1 3 -4 10 5 -7 7 8 -10 -11 11 12 -14 -15
leaf_value=0.0023200929670105933 -0.014247356734930196 -0.011256978637302352 0.013582354304543518 -0.0091052663079540189 -0.021579933065267103 -0.0021815503617263728 0.010349783451437174 0.0094152350238094519 -0.010754104606756801 -0.012414212788443362 0.01815228656994752 0.0076612537351756892 0.0044345264650935655 -0.014995505417924097
leaf_weight=780.48630007356405 39.875976145267487 42.418705359101295 17.667084313929081 36.701344594359398 47.342262446880341 28.671247631311417 37.976504519581795 19.892065137624741 57.414284966886044 24.997360616922379 28.382219955325127 22.716633297502995 239.75414315611124 47.160286027938128
leaf_count=3684 174 214 85 209 206 135 164 84 257 111 129 99 1082 218
internal_value=0.000172475 -0.00185378 -0.00586327 0.000546362 -0.00740148 -0.0143865 -0.00390926 -0.000241577 -0.00551028 0.001848 0.00190894 0.00312819 0.001697 -0.00762574
internal_weight=1471.46 665.973 248.839 417.133 231.172 76.0135 155.159 115.283 77.3064 805.484 374.715 338.013 309.631 69.8769
internal_count=6851 3056 1105 1951 1020 341 679 505 341 3795 1737 1528 1399 317
is_linear=0
shrinkage=0.03


Tree=139
num_leaves=15
num_cat=0
split_feature=32 29 29 23 1 13 31 13 31 23 29 30 23 29
split_gain=4.18631 15.2112 13.6837 12.5269 10.5296 9.589 10.9847 9.22435 11.9244 7.87294 6.65118 14.0458 11.6864 11.4776
threshold=0.51877325816052144 0.8561516207704073 0.62591269791829929 -0.030740364609416714 0.1351256299484053 -1.0636845614099635 0.33172980431441529 0.16441362168505019 0.58244304235731448 -0.21258813829954598 0.91272826231912285 0.49417498092221196 -0.17557236496253786 0.51358564529561124
decision_type=2 10 10 8 2 10 2 10 2 8 10 8 10 10
left_child=9 2 4 -3 -2 -5 -7 -8 -9 -1 11 12 13 -11
right_child=1 3 -4 5 -6 6 7 8 -10 10 -12 -13 -14 -15
leaf_value=0.019384345275759343 0.0014421538412175824 -0.015067536055254594 -0.015394567152951595 0.02209121516803874 -0.020605098604356803 0.011233958445274991 -0.017797085868231432 -0.010960110215715052 0.021341885543340648 -0.0086311398974125691 -0.0026764200631247586 -0.0065069087934789879 0.019515852125043712 0.0056888547927556928
leaf_weight=17.931590385735035 130.79931256920099 28.049201533198357 118.67308805137873 27.655413076281548 21.889876969158649 70.92740785330534 29.715940929949284 21.315287474542856 18.132118176668882 60.266569077968597 480.80063871666789 124.3381369560957 43.51327095925808 283.89156494289637
leaf_count=85 592 137 529 150 108 346 140 98 82 260 2318 592 216 1231
internal_value=-0.000866124 -0.0032114 -0.00779803 0.00315275 -0.0018321 0.00627064 0.00301304 -0.0054575 0.00404816 0.00021995 -0.000145344 0.00223204 0.00504442 0.0031635
internal_weight=1477.9 467.158 271.362 195.795 152.689 167.746 140.091 69.1633 39.4474 1010.74 992.81 512.01 387.671 344.158
internal_count=6884 2182 1229 953 700 816 666 320 180 4702 4617 2299 1707 1491
is_linear=0
shrinkage=0.03


Tree=140
num_leaves=15
num_cat=0
split_feature=14 1 16 32 32 14 22 29 1 0 30 32 30 33
split_gain=3.99244 6.80571 8.48876 13.9413 10.6612 7.75215 5.97444 4.68425 7.20705 10.4238 6.9166 5.52745 6.76898 9.59275
threshold=-4.890105089210838 -0.2387712290865403 -0.003341063329363791 0.46174861323503363 -0.42261826174069955 -4.4743877313974103 0.50234972703969383 1.0888352937640307 -0.064055834024197636 -0.093911992705768069 -1.5644417600393761 -0.91959550581536675 0.5850541257188494 0.0064685787508312323
decision_type=10 2 10 2 2 10 8 8 2 2 10 2 10 2
left_child=7 -2 4 -4 5 -3 -6 10 9 -9 -1 -10 13 -13
right_child=1 2 3 -5 6 -7 -8 8 11 -11 -12 12 -14 -15
leaf_value=-0.011407413474279499 0.023101163517272937 0.0095036639801198784 0.0077067651808461141 -0.026659250174286369 0.021197738012185989 -0.01654228555094641 0.0034077581645500293 0.001773035093779911 -0.0060455610488027211 -0.017426426606994058 -0.00085061180848626061 0.0022254684966187795 0.0012958045175913101 0.019893030057184624
leaf_weight=58.594075500965118 15.053939111530779 17.197445385158062 21.256494596600533 19.57425220310688 40.462586473673582 22.875010222196579 29.541782397776842 100.32336557656527 30.84064831212163 33.032224111258984 894.72498486936092 48.803046219050884 90.366108778864145 63.695710465312004
leaf_count=269 75 80 94 98 197 108 154 513 149 166 3979 215 507 318
internal_value=0.000150249 0.0045213 0.00252798 -0.00901176 0.006851 -0.0054052 0.0138441 -0.000402164 0.00247328 -0.00307699 -0.00151074 0.00563995 0.00743738 0.0123158
internal_weight=1486.34 165.962 150.908 40.8307 110.077 40.0725 70.0044 1320.38 367.061 133.356 953.319 233.706 202.865 112.499
internal_count=6922 806 731 192 539 188 351 6116 1868 679 4248 1189 1040 533
is_linear=0
shrinkage=0.03


Tree=141
num_leaves=15
num_cat=0
split_feature=15 23 32 1 1 23 33 27 26 33 28 32 26 29
split_gain=4.14249 4.74556 10.5999 12.1134 9.17684 5.58874 4.83606 8.08229 8.09131 7.80204 6.92216 9.53674 5.88378 5.8547
threshold=0.0054909841329546802 -0.077913272069204051 0.47136869107721086 -0.023870388506029096 -0.015140611750931053 -0.030740364609416714 0.0064685787508312323 -17.417379741564428 -7.6613141592218872 0.0020143362771543063 15.458757836137595 -0.054511258297739423 -7.3868080670003158 0.74898998460657407
decision_type=10 8 2 2 2 8 2 10 10 2 8 2 10 10
left_child=1 2 4 -4 -1 -3 7 12 -9 -10 -11 -12 -7 -8
right_child=-2 5 3 -5 -6 6 13 8 9 10 11 -13 -14 -15
leaf_value=0.0019708185853892458 -0.01317877860276356 -0.012448438319192101 0.0087290929164291452 -0.021558096392773854 0.025439406239770465 0.017931564073313096 -0.0016000112490916875 -0.0144291357168451 0.0015428076192463673 -0.01089213569513748 -0.013517832009479029 0.013307600249864342 -0.0018887266296197774 0.003596710126426656
leaf_weight=27.87294901907444 19.568441294133663 31.210505954921246 27.032083600759506 19.689441069960594 31.920793235301971 28.385279431939125 314.94867032021284 52.047817796468735 235.7868908084929 115.97973725199699 18.909234344959259 28.809437990188599 24.582679156213999 509.82711014896631
leaf_count=144 95 146 125 95 156 151 1439 228 1049 509 81 134 118 2474
internal_value=0.000191378 0.000378579 0.00644614 -0.00421886 0.0147119 -0.000100848 0.000198204 -0.00211297 -0.0034179 -0.00195083 -0.0069618 0.00261835 0.00886832 0.00161276
internal_weight=1486.57 1467 106.515 46.7215 59.7937 1360.49 1329.28 504.501 451.533 399.485 163.698 47.7187 52.968 824.776
internal_count=6944 6849 520 220 300 6329 6183 2270 2001 1773 724 215 269 3913
is_linear=0
shrinkage=0.03


Tree=142
num_leaves=15
num_cat=0
split_feature=21 28 28 33 29 28 29 32 30 1 33 33 30 30
split_gain=3.03614 2.79402 6.28973 6.70428 6.04616 5.25328 4.93364 7.46317 6.36529 5.71882 8.39103 5.91016 6.14195 6.25518
threshold=1.148373031689687 -4.9949571162688491 -5.9980678733051453 0.63288564495653865 0.43492258077545393 -4.1916670145347714 1.5270937416797836 0.18436924984152961 1.174284550210422 0.0069717482283727364 0.27505096748795849 0.14121587531479476 1.174284550210422 0.79529094819849044
decision_type=10 10 8 2 10 10 10 2 10 2 2 2 8 8
left_child=1 2 3 4 -1 -3 9 8 -8 10 11 12 13 -6
right_child=-2 5 -4 -5 6 -7 7 -9 -10 -11 -12 -13 -14 -15
leaf_value=-0.0099742168462052475 -0.011373461619287031 -0.014277138672051597 0.015026916022738422 -0.013794562188122772 0.0023617048468459489 -0.00014499046201919675 -0.025028595720673046 0.011484432344527095 0.00097235471163264998 0.0098788434311479992 -0.012529836054113086 0.01666389911993579 -0.010670836228680374 0.020489337141950212
leaf_weight=33.879888877272606 18.547137960791588 23.345270611345768 31.226748302578926 24.013295065611601 229.39571391046047 858.39786542207003 18.541537508368492 14.285597886890171 14.834245186299084 109.04525486379862 31.430785126984119 27.009528249502182 28.903633430600166 17.557047516107559
leaf_count=151 90 104 143 149 997 3970 95 92 108 497 153 126 147 80
internal_value=0.000372232 0.000528927 0.00214401 0.00138511 0.00210448 -0.000534907 0.00295651 -0.00612712 -0.0137801 0.00394464 0.00198525 0.00352787 0.00218616 0.00372792
internal_weight=1480.41 1461.87 580.123 548.897 524.883 881.743 491.003 47.6614 33.3758 443.342 334.297 302.866 275.856 246.953
internal_count=6902 6812 2738 2595 2446 4074 2295 295 203 2000 1503 1350 1224 1077
is_linear=0
shrinkage=0.03


Tree=143
num_leaves=15
num_cat=0
split_feature=27 29 23 31 32 26 26 29 32 29 0 13 13 29
split_gain=4.86415 5.04276 7.24943 6.54005 7.49857 5.86758 6.74135 4.55283 4.97645 6.45224 5.62337 5.49071 15.5067 10.0459
threshold=0.078225229653838838 1.0826016038853918 -0.10221670272142321 -0.90159026428466904 -0.94331137514050678 -3.6160478853641815 -1.0526519399078891 0.92178573027435062 0.20576496797711544 0.8561516207704073 0.17002335329239857 -0.39701346705124246 0.082411219573681943 0.78755460274252276
decision_type=10 8 8 2 2 10 10 10 2 10 2 8 10 10
left_child=-1 2 -2 -3 -5 -6 -7 8 11 10 -10 -4 13 -13
right_child=1 3 7 4 5 6 -8 -9 9 -11 -12 12 -14 -15
leaf_value=0.0013174612927520917 0.010272422523497957 -0.014540599302487075 -0.0087431384674962441 -0.012408779762973166 -0.0061420078547617368 0.024493312367045491 0.0054399114127497315 -0.010200487327321773 -0.0041734455324025496 0.0090586907205595993 -0.015610364313533655 0.021174544794559588 -0.0054818751456094331 -0.0036604657289297411
leaf_weight=747.43438167870045 30.388683661818504 19.249862767755985 46.602649919688702 22.978358510881662 31.270519029349089 18.499258503317833 125.20251910015941 102.75050048530102 101.10307317227125 20.11162930727005 62.778975374996662 46.693480782210827 86.522148460149765 20.783802382647991
leaf_count=3459 156 98 213 113 155 88 661 459 443 89 295 214 380 93
internal_value=-0.000385757 -0.00211738 -0.00372482 0.00171374 0.00335955 0.00548908 0.00804504 -0.00461687 -0.00310253 -0.00665153 -0.00862274 0.000169477 0.00290558 0.0135833
internal_weight=1482.37 734.935 517.735 217.201 197.951 174.972 143.702 487.346 384.596 183.994 163.882 200.602 153.999 67.4773
internal_count=6916 3457 2342 1115 1017 904 749 2186 1727 827 738 900 687 307
is_linear=0
shrinkage=0.03


Tree=144
num_leaves=15
num_cat=0
split_feature=1 23 32 28 24 1 1 26 33 33 30 30 28 32
split_gain=4.75116 3.16285 14.791 8.38351 3.8176 3.34819 5.81872 4.716 4.61487 6.04218 5.89726 5.05542 5.74254 7.60728
threshold=0.31395385593120778 -0.0052137397357989021 0.20576496797711544 0.73016867246700212 -0.0006657190244478147 0.087879184139923669 0.066403348067363394 4.7429337503679401 0.00062727081075397955 0.056465118932625756 0.79529094819849044 -0.87567544511027318 -4.7839518901682245 -0.91959550581536675
decision_type=2 10 2 10 8 2 2 8 2 2 10 8 10 2
left_child=1 4 3 -3 -1 6 -6 -8 -7 11 -11 -10 -13 -14
right_child=-2 2 -4 -5 5 8 7 -9 9 10 -12 12 13 -15
leaf_value=-0.0099342655569569539 -0.010357639820136837 0.011597723506466926 0.029123620886109314 -0.013845861938277762 -0.00035678359472088723 0.013930120122631319 -0.0041316333776100743 -0.022706252834335187 -0.011754468572919423 0.010771258034319307 -0.0048550072006991367 0.012558282609559717 -0.01868429307644914 0.0013648382146557603
leaf_weight=35.305952608585358 40.260528415441513 19.884641885757446 17.48051380738616 25.427908189594746 960.80159715563059 28.498968131840229 38.612263754010201 17.475785408169031 36.958865702152252 84.396699741482735 28.49835367873311 27.709449484944344 20.131930112838745 87.224031262099743
leaf_count=168 225 101 92 121 4395 132 170 84 169 410 162 125 90 401
internal_value=-0.000321421 -3.14955e-05 0.00649783 -0.00267104 -0.000336259 -7.42604e-05 -0.000910054 -0.0102154 0.00263175 0.00145687 0.00681869 -0.00208103 0.000632914 -0.00253261
internal_weight=1468.67 1428.41 62.7931 45.3126 1365.61 1330.31 1016.89 56.088 313.418 284.919 112.895 172.024 135.065 107.356
internal_count=6845 6620 314 222 6306 6138 4649 254 1489 1357 572 785 616 491
is_linear=0
shrinkage=0.03


Tree=145
num_leaves=15
num_cat=0
split_feature=33 13 13 33 13 31 27 29 0 13 33 33 13 13
split_gain=3.19783 18.9094 10.5931 13.175 9.66132 8.32685 6.81481 8.68927 6.28941 6.67787 8.96124 12.1248 9.00192 6.14185
threshold=0.0059513797502921996 -1.5273327396272707 1.8028952832866625 0.0012217567110654915 -1.5093788703842936 0.82531082829576852 11.906859391856985 1.1868658371179868 -0.24757967941941775 -0.84702278855991131 0.012599071030236922 0.078803421566336296 -1.0636845614099635 -0.3934611219893675
decision_type=2 8 8 2 8 2 10 10 2 10 2 2 8 10
left_child=1 -1 6 -4 5 -2 -3 -8 13 10 -10 -12 -13 -6
right_child=4 2 3 -5 8 -7 7 -9 9 -11 11 12 -14 -15
leaf_value=0.023487456371908043 -0.0031258354736314886 -0.0060936653156221862 0.029726219579248377 -0.0038443196589653663 -0.0012223488119945407 -0.029695266119080455 0.010118891754895758 -0.011053076656658774 0.025132837410433938 -0.0012539678106329713 -0.0080609355188104095 0.0026412668048702813 0.028252160266025592 0.0091625664331810783
leaf_weight=24.094315193593502 31.665545575320721 390.98696729540825 18.039380826056004 23.072198014706373 74.864067424088717 15.18291302397847 54.709285110235214 24.459052171558142 18.654697589576244 540.72511864826083 46.713415868580341 31.234332866966724 19.687203116714954 160.06136735156178
leaf_count=126 178 1718 84 115 353 88 244 130 80 2540 215 156 99 761
internal_value=-9.72765e-05 -0.0019455 -0.00318759 0.0112422 0.000957657 -0.0121773 -0.00447055 0.00352153 0.00166042 0.000151448 0.00664135 0.00288927 0.0128963 0.00586203
internal_weight=1474.15 535.361 511.267 41.1116 938.789 46.8485 470.155 79.1683 891.94 657.015 116.29 97.635 50.9215 234.925
internal_count=6887 2417 2291 199 4470 266 2092 374 4204 3090 550 470 255 1114
is_linear=0
shrinkage=0.03


Tree=146
num_leaves=15
num_cat=0
split_feature=14 22 16 16 28 30 28 31 26 33 30 30 33 31
split_gain=3.03031 5.61111 3.64496 4.38111 3.73153 5.85718 3.76704 8.26919 7.25336 8.9364 8.09538 5.36534 7.05708 5.99333
threshold=-3.8816981793021728 -0.04042117792208319 -1.0000000180025095e-35 -0.0053767362390857434 -63.977367965115654 0.9719432668067628 -11.650079779625953 -0.98990318592078552 -0.77411727232856709 0.21420990886416957 -0.49378681681998809 -1.0672217236341734 0.0020143362771543063 0.58244304235731448
decision_type=10 10 8 10 8 8 10 2 8 2 10 10 2 2
left_child=2 -2 3 -1 5 -4 7 -6 9 -9 -10 12 -8 -14
right_child=1 -3 4 -5 6 -7 11 8 10 -11 -12 -13 13 -15
leaf_value=0.001834765569835687 0.017790980457861316 -0.0013280995222751486 -0.02104696865297866 -0.01734776814295904 -0.014208813247736743 0.0025433585880336425 0.0073548325060019716 0.0037963084624234112 0.019204311436181648 -0.012437920285553484 0.0044533572502205073 0.00067533885926378333 -0.013789408709994701 0.00041895480738163586
leaf_weight=19.748205810785294 24.214192815124989 30.275349605828524 17.280473940074444 21.985039234161377 21.744011051952839 19.262880843132734 29.674176439642906 151.21139507740736 49.369414575397968 37.171425931155682 102.51657129824162 847.44474982097745 75.672057338058949 40.922450117766857
leaf_count=105 117 154 91 106 94 145 128 686 217 199 480 3891 353 181
internal_value=0.00045671 0.00733559 0.000190395 -0.00844006 0.000454965 -0.00887541 0.00071282 0.00332828 0.0044873 0.000544232 0.0093423 -0.000242389 -0.00552796 -0.00884139
internal_weight=1488.49 54.4895 1434 41.7332 1392.27 36.5434 1355.73 362.013 340.269 188.383 151.886 993.713 146.269 116.595
internal_count=6947 271 6676 211 6465 236 6229 1676 1582 885 697 4553 662 534
is_linear=0
shrinkage=0.03


Tree=147
num_leaves=15
num_cat=0
split_feature=28 29 15 29 28 29 13 13 33 30 31 13 13 31
split_gain=4.84994 7.28202 7.27377 6.97998 6.46142 6.48502 8.11051 16.8429 10.023 9.80269 7.04937 6.025 22.6247 8.45488
threshold=-4.9949571162688491 1.3929902466680029 0.0026256558024382319 0.34831505518521272 -5.9980678733051453 0.36348388448219865 1.474649865378576 1.0345127351693935 0.085651758016579468 0.18964862530813595 -0.82531082829576841 -0.3934611219893675 -0.42882033197452329 -0.81279832427823717
decision_type=10 10 8 8 8 10 8 10 2 10 2 10 10 2
left_child=4 2 -2 -4 5 -1 7 11 10 -9 -8 12 -7 -13
right_child=1 -3 3 -5 -6 6 8 9 -10 -11 -12 13 -14 -15
leaf_value=-0.015730236252728687 -0.020897651344547113 0.0059506170716378389 0.013017224860127741 -0.0029667243804034384 0.014269313583615967 0.0023960752073470754 0.018550087367834908 0.0022752904841296002 0.030812009068894124 -0.026753160819888416 -0.0048046375485156379 -0.006179200386576684 -0.025637716874519677 0.0082847172523406142
leaf_weight=19.677966319024563 18.745418362319469 92.349445976316929 24.442453548312187 752.78343020379543 32.807503953576088 169.71617821231484 17.745127994567156 15.524050191044806 16.416366368532181 30.24711924418807 29.862480215728283 45.036186702549458 29.551635466516018 175.37578245252371
leaf_count=90 92 520 115 3394 151 807 87 68 81 165 141 204 140 817
internal_value=-0.000587814 -0.00198154 -0.00290815 -0.00244798 0.00153936 0.000754288 0.00139543 8.93791e-06 0.01132 -0.0170695 0.00410308 0.0019077 -0.00186862 0.00531478
internal_weight=1470.28 888.321 795.971 777.226 581.96 549.153 529.475 465.451 64.024 45.7712 47.6076 419.68 199.268 220.412
internal_count=6872 4121 3601 3509 2751 2600 2510 2201 309 233 228 1968 947 1021
is_linear=0
shrinkage=0.03


Tree=148
num_leaves=15
num_cat=0
split_feature=28 1 33 31 13 1 13 1 28 13 31 32 27 32
split_gain=4.28326 3.4083 12.3482 10.1933 5.7241 4.56976 6.84653 9.89715 8.56889 8.43764 8.08563 10.1133 6.32349 6.32289
threshold=77.881136058577397 -0.2639275919899759 0.0090276288773079218 -0.68355163169896438 -0.17073380415206116 -0.066273736280691789 0.49387493835574298 -0.11680401856005361 -3.975929443678083 1.0556154838947249 0.19509032201612822 -0.22706275313213795 1.7237323042529342 -0.97381903846659723
decision_type=10 2 2 2 10 2 10 2 10 10 2 2 10 2
left_child=1 2 -1 -4 -5 6 10 8 -8 -10 12 -12 -3 -7
right_child=-2 5 3 4 -6 13 7 -9 9 -11 11 -13 -14 -15
leaf_value=-0.0072556427165623378 -0.014683754223748 -0.00019574729300466653 -0.0069136649505610369 0.0087785772150166808 0.030308125614139449 -0.008481687077385891 -0.0085996477825099442 -0.017630591327417528 -0.0059473879729678878 0.019585361109440633 0.015552076870614119 -0.0015050361367392208 -0.011871783040196069 0.0016271983500176783
leaf_weight=41.872594963759184 17.068051274865866 130.76942790299654 15.699497669935225 21.647510811686516 24.583467938005924 58.834040910005569 76.01915629953146 56.529535364359617 21.136917144060135 23.991109631955624 53.795372195541859 72.542075432837009 60.344399243593216 804.15421525388956
leaf_count=203 137 606 76 113 127 256 356 257 91 112 244 319 270 3744
internal_value=-0.000166457 1.2955e-05 0.00522577 0.0136459 0.0206263 -0.000389021 -0.00268353 -0.00738101 -0.00249318 0.00775674 -3.94489e-05 0.0058231 -0.00392507 0.000929008
internal_weight=1478.99 1461.92 103.803 61.9305 46.231 1358.12 495.128 177.677 121.147 45.128 317.451 126.337 191.114 862.988
internal_count=6911 6774 519 316 240 6255 2255 816 559 203 1439 563 876 4000
is_linear=0
shrinkage=0.03


Tree=149
num_leaves=15
num_cat=0
split_feature=30 23 28 13 32 29 28 29 13 13 0 32 13 13
split_gain=5.75563 5.71275 4.83352 8.68378 5.94757 13.4867 11.8499 10.0564 12.1453 9.54386 9.52843 6.91672 10.0057 9.02051
threshold=0.24461371844697674 0.024776232920087123 -11.305003433648151 0.53437978935683872 0.41268247579971845 0.93325755937591925 -8.4047113561691571 1.0888352937640307 -0.49626739035689221 -1.0636845614099635 -0.30976144521282473 0.91080963307804863 1.2079188283058431 -0.13633519507726158
decision_type=8 10 10 8 2 10 10 8 10 10 2 2 10 10
left_child=1 2 3 -1 5 10 -6 -7 -9 -8 -4 12 13 -11
right_child=-2 -3 4 -5 6 7 9 8 -10 11 -12 -13 -14 -15
leaf_value=0.00088927491167516896 -0.0024374840899290583 0.016571788715083226 0.019769427497637361 0.013424878199574209 -0.025038068565709146 -0.015170446488570336 0.0095841054029566983 -0.013244893138586403 0.011204518099068733 -0.014014205741501917 0.0037507179829441642 0.0023965712246978971 -0.027440085417622963 0.0026596313597657931
leaf_weight=161.27310805022717 560.16139317676425 20.865316160023212 39.13411008566618 71.013821318745613 20.266221143305302 54.917357623577118 52.587103366851807 29.100805014371872 45.615134634077549 53.552027031779289 204.58238255977631 80.675062708556652 20.556324481964111 62.269842356443405
leaf_count=729 2791 100 172 313 90 233 250 129 205 240 891 378 103 263
internal_value=-4.42838e-05 0.00141964 0.00104852 0.00476273 -0.000257491 0.00224345 -0.00347492 -0.00554738 0.00163266 -0.0017677 0.00639315 -0.00454933 -0.00864574 -0.00510374
internal_weight=1476.57 916.409 895.543 232.287 663.256 373.35 289.907 129.633 74.7159 269.64 243.716 217.053 136.378 115.822
internal_count=6887 4096 3996 1042 2954 1630 1324 567 334 1234 1063 984 606 503
is_linear=0
shrinkage=0.03


Tree=150
num_leaves=15
num_cat=0
split_feature=30 1 32 28 32 30 31 32 29 31 29 28 32 26
split_gain=4.29568 3.43766 7.38463 10.0786 7.71178 7.62008 7.25245 6.76944 6.16607 7.63641 5.97267 8.52592 7.17731 5.89632
threshold=-2.1721218370050215 -0.05370125557354874 0.45201865172701733 25.713014831296736 -0.95032354012166609 0.17189916321254009 -0.043619387365335778 0.95032354012166631 0.45355456280011053 -0.50938662908026078 0.83211038802060944 -11.305003433648151 -0.77296446310592981 0.64157960392385871
decision_type=10 2 2 10 2 10 2 2 10 2 10 10 2 10
left_child=-1 8 4 7 6 10 -3 -4 9 -2 -6 -12 -13 -7
right_child=1 2 3 -5 5 13 -8 -9 -10 -11 11 12 -14 -15
leaf_value=-0.012756698387680197 -0.00026052173811646372 -0.01611070024457659 -0.0085317953314001434 0.0099588975545004659 0.012946576214785604 0.006418980265313551 0.002361408655795684 0.0030309623536928188 -0.0021029961512386793 0.023770357835420391 0.021521972325320438 0.016531060998250215 -0.0039566068034752686 -0.0033331696540719337
leaf_weight=21.55189248919487 31.456092916429043 30.693246334791183 153.60745083540678 47.737184051424265 135.77784158289433 100.91529785841703 47.713090695440769 64.008689805865288 579.20800093188882 18.123547978699207 18.932518288493156 18.05188213288784 79.051862135529518 122.37158970162272
leaf_count=99 144 140 708 243 602 486 210 302 2691 87 87 77 355 640
internal_value=0.000236019 0.00043812 0.00171827 -0.00239033 0.0036887 0.00512702 -0.00498158 -0.00513247 -0.00122908 0.00882011 0.00869416 0.00365016 -1.82044e-05 0.00108332
internal_weight=1469.2 1447.65 818.861 265.353 553.507 475.101 78.4063 217.616 628.788 49.5796 251.814 116.036 97.1037 223.287
internal_count=6871 6772 3850 1253 2597 2247 350 1010 2922 231 1121 519 432 1126
is_linear=0
shrinkage=0.03


Tree=151
num_leaves=15
num_cat=0
split_feature=15 14 21 20 13 13 28 32 13 31 31 32 19 27
split_gain=3.75253 4.18137 2.37073 5.19774 3.05052 16.3553 12.0227 12.1639 8.34285 9.16238 8.08804 7.47583 4.35891 5.74296
threshold=0.0052072444951249972 -3.4743773441603394 0.74474001956481584 0.1456682245493113 1.3007426348145792 1.474649865378576 -25.452327720909548 0.51877325816052144 1.1775220079235922 -0.43245347597985068 -0.95688340256707749 0.93585024503435366 -0.53763924003469288 2.3703708510680603
decision_type=10 10 10 10 10 10 10 2 10 2 2 2 8 8
left_child=1 2 3 4 8 -6 -7 10 12 -10 -8 -9 13 -1
right_child=-2 -3 -4 -5 5 6 7 11 9 -11 -12 -13 -14 -15
leaf_value=-0.00073656551430119387 -0.012308201008145944 0.013028300434518889 -0.0082891869430744003 0.013123280490877123 -0.027591909585642675 0.01891230513286829 -0.010893068289116138 -0.024297314748517856 -0.0051180729052644428 0.021229077916898497 0.01373858886759308 0.00022643278490254131 9.2002061113110182e-05 -0.022986944251146956
leaf_weight=26.461182124912739 21.508268296718597 20.956250231713057 30.602368496358395 25.725256275385618 21.938806723803282 23.358062662184238 17.272229313850403 29.865891303867102 17.793018184602261 32.852252602577209 34.349026501178741 17.51871694624424 1134.3700149320066 16.317942567169666
leaf_count=123 105 107 151 121 110 119 81 155 85 144 160 91 5249 78
internal_value=-0.000152882 3.58598e-05 -0.000163732 1.99565e-05 -0.000235094 -0.00434554 1.22174e-05 -0.00459133 0.000251149 0.0120528 0.00544657 -0.0154133 -0.000266398 -0.00955509
internal_weight=1470.89 1449.38 1428.42 1397.82 1372.1 144.303 122.364 99.0059 1227.79 50.6453 51.6213 47.3846 1177.15 42.7791
internal_count=6879 6774 6667 6516 6395 716 606 487 5679 229 241 246 5450 201
is_linear=0
shrinkage=0.03


Tree=152
num_leaves=15
num_cat=0
split_feature=1 29 1 13 29 31 28 13 23 29 30 29 31 13
split_gain=4.49685 5.48444 5.375 6.02714 9.42516 6.36356 8.86042 8.648 12.4244 7.90497 8.62592 8.54001 12.3805 7.40182
threshold=-0.27269300174912564 0.59678636820129294 -0.22893905521741634 2.0913524227957123 0.81960673939617268 0.99275059979806513 2.7447303320915499 0.02510765951264694 0.010413832963957027 0.84347766246855416 0.4649356685291493 1.2557005555921721 1.0000000180025095e-35 0.89670866023522788
decision_type=2 10 2 8 8 2 10 10 8 10 10 10 2 10
left_child=1 -1 -2 5 -5 7 -7 -4 -9 10 13 -11 -13 -10
right_child=2 -3 3 4 -6 6 -8 8 9 11 -12 12 -14 -15
leaf_value=0.018800409718273677 -0.0095929784218752832 0.0018876519628688775 0.0019513829379660917 0.025014808721695765 -0.00096383848811047105 0.0038700506104811785 -0.021099876758870036 -0.020976457129167188 -0.0072813812028756581 0.005676867900375044 -0.016888692290282902 0.004586293188153491 -0.01977618976583349 0.003858728690792308
leaf_weight=21.927758164703846 58.163147691637278 70.870589688420296 675.45105476304889 20.268106907606125 30.55598272383213 21.126428492367268 30.398002795875072 31.966709107160568 137.41619465500116 168.81643875688314 47.959226429462433 40.825129937380552 33.29193227365613 86.871493548154831
leaf_count=109 279 361 3190 97 144 95 133 160 591 744 219 230 172 390
internal_value=-0.00031523 0.00604188 -0.00074581 -0.000350491 0.00967895 -0.000757837 -0.0109828 -0.0003183 -0.00311866 -0.00197211 -0.00547361 0.00195826 -0.00647445 -0.0029686
internal_weight=1475.91 92.7983 1383.11 1324.95 50.8241 1274.12 51.5244 1222.6 547.147 515.18 272.247 242.934 74.1171 224.288
internal_count=6914 470 6444 6165 241 5924 228 5696 2506 2346 1200 1146 402 981
is_linear=0
shrinkage=0.03


Tree=153
num_leaves=15
num_cat=0
split_feature=27 27 30 28 29 13 29 28 27 31 31 29 13 29
split_gain=4.62597 7.19602 4.55415 4.44182 6.23414 5.82161 5.32984 5.41063 5.25912 4.54596 5.35128 4.85434 4.56601 3.94859
threshold=5.155677662971315 4.7544914887698306 -1.4810783590291088 -4.7839518901682245 1.4217134846592185 -0.11994943939347437 0.55568749573596377 18.034388715149067 11.50362056084653 -0.59130964836358257 0.89194178735545526 0.96349256591487198 -0.18684336526570297 0.83519448053784628
decision_type=10 8 10 10 10 8 10 10 10 2 2 10 10 10
left_child=1 -1 -2 5 6 -4 7 -5 -8 12 11 13 -10 -11
right_child=2 -3 3 4 -6 -7 8 -9 9 10 -12 -13 -14 -15
leaf_value=0.00084381197033255755 -0.015687209455637507 0.019322227538591519 -0.0039793170972811194 0.014743175606885085 0.0077959600247240364 0.010467090050599627 -0.01106599120402673 -0.0060953476279829314 -0.00068158237912757495 0.0029418673968072779 -0.011962447652854405 -0.0032058803715728354 -0.019378895675207234 0.020905393766800978
leaf_weight=966.77227840945125 21.140977047383785 18.350901894271374 45.763186223804951 22.748154059052467 39.398764874786139 53.533462412655354 116.88164024800062 20.446625404059887 22.780381672084332 25.134787052869797 22.345617786049843 40.780260890722275 23.455270707607269 19.156641129404306
leaf_count=4459 100 82 222 104 246 251 521 97 115 114 106 197 117 87
internal_value=3.61103e-05 0.00120727 -0.00239758 -0.00174336 -0.00331858 0.00383583 -0.0047347 0.00496435 -0.00629587 -0.00261922 0.000784509 0.00423281 -0.0103762 0.0110014
internal_weight=1458.69 985.123 473.566 452.425 353.128 99.2966 313.729 43.1948 270.535 153.653 107.417 85.0717 46.2357 44.2914
internal_count=6818 4541 2277 2177 1704 473 1458 201 1257 736 504 398 232 201
is_linear=0
shrinkage=0.03


Tree=154
num_leaves=15
num_cat=0
split_feature=33 13 13 13 33 13 33 13 13 33 13 13 1 13
split_gain=5.31576 21.939 10.4593 8.79866 20.4812 12.1964 13.7747 8.59109 6.69079 15.8501 9.71497 13.6751 9.77217 9.62877
threshold=0.0059513797502921996 -1.5273327396272707 -1.4704004085590916 -1.0636845614099635 0.014884043754004287 -0.84702278855991131 0.072502647865787667 -1.2208364500234739 1.8028952832866625 0.0013279323167868207 -0.17073380415206116 -0.39701346705124246 -0.023870388506029096 -0.91301920221109512
decision_type=2 8 8 8 2 10 2 10 10 2 8 10 2 10
left_child=1 -1 -3 4 -2 6 -5 -6 10 -10 11 13 -13 -4
right_child=3 2 8 5 7 -7 -8 -9 9 -11 -12 12 -14 -15
leaf_value=0.026289392558874247 0.017924284808617696 -0.025462632719950758 0.006463245627542546 0.0016540253854389142 -0.0070000628760327616 0.0016259008512036837 0.031120566617493087 -0.028099069095195984 0.030780466371648166 -0.0099004867154453054 -0.007271422732288888 0.031843524780081588 0.0046103698437484561 -0.0093824474800679528
leaf_weight=22.177915163338184 26.002829965204 17.899034559726715 55.497343927621841 29.545148819684982 89.190892450511456 747.64039548859 26.847669497132301 20.943496964871883 15.91937433183193 16.827478799968958 273.35926706716418 18.029975332319736 32.577537596225739 87.975403629243374
leaf_count=117 122 78 241 130 472 3528 134 98 77 87 1222 79 141 397
internal_value=9.38269e-05 -0.00227513 -0.0035462 0.00145611 -0.00557053 0.00265129 0.0159804 -0.0112291 -0.00271269 0.010202 -0.00363728 0.00149239 0.0147418 -0.00325079
internal_weight=1480.43 540.263 518.085 940.17 136.137 804.033 56.3928 110.134 500.186 32.7469 467.44 194.08 50.6075 143.473
internal_count=6923 2439 2322 4484 692 3792 264 570 2244 164 2080 858 220 638
is_linear=0
shrinkage=0.03


Tree=155
num_leaves=15
num_cat=0
split_feature=32 23 28 28 13 13 32 31 33 32 13 13 33 31
split_gain=3.72459 10.4679 5.16394 4.14993 7.43289 15.7583 7.85974 7.38603 6.54547 5.47368 13.2069 14.5647 16.9817 9.3896
threshold=0.91531147911944732 -0.090480564519806628 -34.53348063870542 10.82593598967563 0.95959352324287484 1.2079188283058431 -0.19509032201612839 -0.97381903846659723 0.49289183588680341 0.44228869021900119 1.7097673704729022 0.51920004969922184 0.23282561739203927 -0.78661891169205822
decision_type=2 8 10 10 8 8 2 2 2 2 10 10 2 2
left_child=3 -2 -3 9 7 -6 -7 -5 -9 10 11 13 -13 -1
right_child=1 2 -4 4 5 6 -8 8 -10 -11 -12 12 -14 -15
leaf_value=-0.0032435270497705639 -0.017138484323917826 -0.010214634316450958 0.0076937150790395738 0.009150263116669978 0.020505410318832691 0.0068147342098843471 -0.015071651956284963 -0.0079110683666896216 0.0094082321416086214 -0.0032906544112802278 0.021513762859724079 -0.002659225208006921 -0.030251570168429335 0.0062559709180407151
leaf_weight=130.83820775896311 18.506238281726837 15.10084220767021 156.26469337940216 28.118407379835844 33.15564688295126 26.333276342600584 31.379455670714378 278.82704601436853 20.294584654271603 253.27911525964737 28.537998858839273 111.05209959670901 23.570198129862547 323.90084201470017
leaf_count=603 90 80 745 129 146 128 156 1307 120 1145 140 498 127 1503
internal_value=-0.000185598 0.00372595 0.00606551 -0.000764088 -0.0032171 0.00433917 -0.00513931 -0.00532216 -0.00670857 0.000415534 0.00193758 0.000954823 -0.00767764 0.00352164
internal_weight=1479.16 189.872 171.366 1289.29 418.108 90.8684 57.7127 327.24 299.122 871.178 617.899 589.361 134.622 454.739
internal_count=6917 915 825 6002 1986 430 284 1556 1427 4016 2871 2731 625 2106
is_linear=0
shrinkage=0.03


Tree=156
num_leaves=15
num_cat=0
split_feature=23 32 22 29 13 33 28 29 14 32 13 13 13 23
split_gain=5.01769 8.20401 7.69495 4.90924 4.31168 17.6735 9.56383 5.28959 8.14366 7.91331 7.24955 7.46448 7.23424 6.63994
threshold=-0.0034499873562169416 0.032717136199948357 -0.47021291491569445 2.0541505208507802 1.3007426348145792 0.0012217567110654915 -17.672385892675276 1.1317676996470507 -4.5554996795355009 0.26932402956675644 -0.84702278855991131 1.0000000180025095e-35 1.1775220079235922 -0.10221670272142321
decision_type=10 2 10 8 10 2 10 10 10 2 8 8 10 8
left_child=3 2 -2 4 7 -6 -7 12 9 -9 -11 -12 13 -1
right_child=1 -3 -4 -5 5 6 -8 8 -10 10 11 -13 -14 -15
leaf_value=0.0086722439564525175 -0.012330510389256274 0.025097633259638246 0.012883788893298618 -0.013898019199605181 0.019356720819778444 0.0030383307061338785 -0.015329742754575555 0.0024474751881805802 -0.015308956994267767 0.027991952772758295 -0.0029022175133086967 0.019091536105275603 0.012180646260440384 -0.0015021442065112009
leaf_weight=60.939418628811836 19.109739735722542 18.157294955104589 22.78152260184288 21.35876739025116 21.968946173787117 37.143516469746828 78.486135609447956 203.34431631118059 16.9463946595788 21.846716236323118 28.679357349872589 25.52119068801403 39.271418333053589 849.51150102168322
leaf_count=299 96 99 116 147 105 182 391 1012 80 124 146 124 168 3772
internal_value=0.000413138 0.0088329 0.00136235 4.72624e-05 0.00027241 -0.00474757 -0.00945394 0.000830112 0.00432204 0.0055631 0.0137541 0.00761214 -0.000262858 -0.000812372
internal_weight=1465.07 60.0486 41.8913 1405.02 1383.66 137.599 115.63 1246.06 296.338 279.392 76.0473 54.2005 949.722 910.451
internal_count=6861 311 212 6550 6403 678 573 5725 1486 1406 394 270 4239 4071
is_linear=0
shrinkage=0.03


Tree=157
num_leaves=15
num_cat=0
split_feature=30 0 27 28 23 29 28 30 31 31 1 31 23 29
split_gain=3.64948 7.08836 6.70534 7.15695 6.2735 11.4913 6.92509 6.70652 5.06251 13.547 11.4798 8.64561 7.30362 10.4364
threshold=0.49417498092221196 -0.54878444812499549 20.618206204270354 16.136146089760221 -0.11404352204521452 0.71539265273214048 -2.6934906160214207 -0.2408998362815398 0.72982064943493996 0.96863394805116498 0.057387539285526222 0.45201865172701788 -0.26117168387464007 1.0760201314655131
decision_type=8 2 8 10 10 10 10 10 2 2 2 2 10 10
left_child=4 -2 -3 -4 8 -6 -7 -8 11 -10 -11 12 13 -1
right_child=1 2 3 -5 5 6 7 -9 9 10 -12 -13 -14 -15
leaf_value=-0.0010243490783239208 0.012720217146403262 -0.0051320984155382313 0.020038660134244379 -0.0014553658683605394 0.020761666243296031 0.01104020044294305 -0.019678807371901523 0.0035781907486338222 0.0092817756950719435 -0.014135132617192788 0.0076585859481767479 -0.0089910119355416478 -0.0145518378299329 0.009631245815295824
leaf_weight=460.81854476779699 24.892517749220133 341.25269666686654 19.585622534155846 42.827844746410847 37.477978408336639 31.809127524495125 19.60454136878252 23.785673432052135 147.97905872762203 53.513817861676216 35.369291260838509 110.24709127098322 28.004983864724636 99.787320412695408
leaf_count=2030 134 1690 107 269 187 148 93 111 674 236 157 478 139 464
internal_value=-0.000181318 -0.00251047 -0.0034788 0.00549919 0.000772265 0.00742718 0.000596257 -0.00713637 -3.61775e-05 0.00374489 -0.00547403 -0.0013212 0.000128166 0.000886109
internal_weight=1476.96 428.559 403.666 62.4135 1048.4 112.677 75.1993 43.3902 935.72 236.862 88.8831 698.858 588.611 560.606
internal_count=6917 2200 2066 376 4717 539 352 204 4178 1067 393 3111 2633 2494
is_linear=0
shrinkage=0.03


Tree=158
num_leaves=15
num_cat=0
split_feature=27 13 15 29 32 23 32 23 20 22 29 29 26 27
split_gain=3.87225 4.07702 3.42935 5.06554 9.87564 4.57185 9.1724 6.02646 5.72035 6.8574 4.60953 7.08298 9.02807 5.17025
threshold=-34.425760629437356 -0.11994943939347437 0.00086518507101018838 1.640176396825711 0.36243803828370164 -0.072961326251214612 0.8604686372286926 -0.030740364609416714 -1.5797831464414711 -0.26508295650143116 1.1317676996470507 1.2046988927596829 -2.0106147335940956 -6.8841232620719941
decision_type=10 10 8 8 2 8 2 8 10 10 10 10 10 10
left_child=1 -1 -2 5 -5 6 8 -7 -4 -10 13 -12 -13 -9
right_child=2 -3 3 4 -6 7 -8 10 9 -11 11 12 -14 -15
leaf_value=0.023437777123832229 -0.0094107749083524993 0.00084603622589633028 0.023744666948263958 -0.014895963823976925 0.011248883311623785 -0.014708661364112264 -0.009778346389579964 0.0030156747534897522 0.015414812771690668 -0.0082119703946647079 0.013281659762836994 -0.0079585079828126438 0.0060152808401298516 -0.001925183358012509
leaf_weight=11.859993226826193 34.727630272507668 16.481195744127035 24.133992239832878 48.482048790901899 16.811748407781124 23.811224699020386 21.614260099828243 254.93430890142918 25.387561202049255 18.191117256879807 55.290204089134932 63.363351993262768 116.76060913130641 746.09117472171783
leaf_count=87 176 115 129 300 99 110 105 1139 118 81 255 299 574 3337
internal_value=-1.3235e-05 0.0107766 -0.000231472 3.18931e-07 -0.00809609 0.000397735 0.00691743 -6.95013e-05 0.0123116 0.00558927 0.000224077 0.00399195 0.00108283 -0.000665126
internal_weight=1477.94 28.3412 1449.6 1414.87 65.2938 1349.58 89.3269 1260.25 67.7127 43.5787 1236.44 235.414 180.124 1001.03
internal_count=6924 202 6722 6546 399 6147 433 5714 328 199 5604 1128 873 4476
is_linear=0
shrinkage=0.03


Tree=159
num_leaves=15
num_cat=0
split_feature=1 13 13 13 13 33 13 13 28 29 23 32 1 33
split_gain=4.38972 5.97424 5.76888 4.69007 14.187 8.70079 8.09586 13.6245 8.03465 10.6771 7.73283 9.29119 15.3605 7.38113
threshold=0.26631306850275288 0.51920004969922184 -0.19738895823384084 0.72715256982079479 0.89670866023522788 0.32493432451067 0.53996149047760822 0.51920004969922184 -7.3369642857468156 0.83211038802060944 -0.030740364609416714 0.44228869021900119 -0.18677612445192152 0.037224100589487212
decision_type=2 10 8 10 10 2 10 10 10 10 10 2 2 2
left_child=3 2 -2 6 13 10 7 -1 -8 -10 11 -6 -13 -5
right_child=1 -3 -4 4 5 -7 8 -9 9 -11 -12 12 -14 -15
leaf_value=0.0015383866183960109 -0.0022408313541086833 0.0088469423329369714 -0.02185106334394437 -0.031215055918420258 0.0055797620662147085 -0.013517295292562018 0.027775174343519268 -0.018947577410035856 -0.0071827390117078687 0.018674620083420218 0.01589934996303596 0.010887219808451342 -0.013054345495702963 -0.004670155275645676
leaf_weight=961.23992893472314 28.198109548538923 15.689314983785151 25.362808130681515 20.507314033806324 123.55520245060325 37.696459762752056 18.428599312901497 29.135068625211716 29.228950679302216 26.546401724219322 29.580223575234413 32.993786096572876 82.81168407201767 17.514520548284054
leaf_count=4467 156 83 129 93 565 209 79 135 122 117 154 151 390 85
internal_value=0.00028976 -0.00702964 -0.0117572 0.000654167 -0.00238299 -0.000214169 0.00163877 0.000917222 0.0111287 0.00523628 0.00169365 -0.000120737 -0.00619842 -0.0194204
internal_weight=1478.49 69.2502 53.5609 1409.24 344.659 306.637 1064.58 990.375 74.204 55.7754 268.941 239.361 115.805 38.0218
internal_count=6935 368 285 6567 1647 1469 4920 4602 318 239 1260 1106 541 178
is_linear=0
shrinkage=0.03


Tree=160
num_leaves=15
num_cat=0
split_feature=15 33 13 29 13 32 13 29 31 30 31 29 13 31
split_gain=3.80712 4.66717 10.6082 10.7533 9.47076 8.64025 11.4177 9.97697 8.14762 7.98723 7.68476 17.6515 7.83714 9.98516
threshold=0.00086518507101018838 0.0064685787508312323 -1.5273327396272707 0.82815927987491456 -1.5093788703842936 0.95688340256707793 -1.4316337044285257 1.0114785991129545 -0.15212338618991697 -0.30484823714041615 -0.97854064376158167 0.63387008913549947 1.2079188283058431 0.68355163169896505
decision_type=8 2 8 10 8 2 10 10 2 10 2 10 8 2
left_child=-1 2 -2 10 8 6 -5 -8 -3 -9 11 -4 13 -12
right_child=1 4 3 5 -6 -7 7 9 -10 -11 12 -13 -14 -15
leaf_value=-0.0095811286969813246 0.017920669494258214 0.0011663860433875173 -0.0068402148590718474 -0.029992611578984182 0.0024924255282780345 0.0075967725752547448 -0.013966660224331262 -0.012897404498740817 -0.024953102390261831 0.0027179048757559128 -0.0062718354886868617 0.027441842352922977 0.016756052484323797 0.015973243743082646
leaf_weight=33.897941458970308 22.616406790912151 21.236443378031254 23.859376303851604 19.12600964307785 839.30652801319957 34.383019372820854 94.371043976396322 39.390834271907806 20.588155902922153 108.26824377477169 128.43446127325296 29.230351500213146 19.164769485592842 20.151759073138237
leaf_count=175 119 117 109 83 3977 157 412 173 116 524 561 128 87 87
internal_value=0.000208372 0.000448621 -0.00174834 -0.00264278 0.00179298 -0.00637624 -0.00823785 -0.00640238 -0.0119734 -0.00150651 0.00235974 0.0121933 -0.000806203 -0.00316827
internal_weight=1454.03 1420.13 538.996 516.38 881.131 295.539 261.156 242.03 41.8246 147.659 220.841 53.0897 167.751 148.586
internal_count=6825 6650 2440 2321 4210 1349 1192 1109 233 697 972 237 735 648
is_linear=0
shrinkage=0.03


Tree=161
num_leaves=15
num_cat=0
split_feature=27 30 30 13 31 27 31 13 32 31 31 31 13 31
split_gain=6.12482 4.70716 5.84601 11.385 10.6355 5.48894 8.09911 5.18254 8.38654 5.00276 5.90813 13.147 4.94684 4.90696
threshold=5.155677662971315 0.28241224507620361 0.79529094819849044 -0.42882033197452329 0.66746801135786471 -15.617677453692023 0.82531082829576852 1.1775220079235922 0.06540312923014284 0.98990318592078563 0.6993099184844086 0.50938662908026078 -0.17073380415206116 -0.60003553868615167
decision_type=10 8 10 10 2 10 2 8 2 2 2 2 10 2
left_child=1 7 5 -4 -5 -3 -7 9 -9 10 11 -1 -13 -10
right_child=-2 2 3 4 -6 6 -8 8 13 -11 -12 12 -14 -15
leaf_value=0.0020374881400917078 -0.0033207978512849877 0.0040219635202895223 0.013992753338195198 0.0019952683364735666 -0.018512292390903313 -0.012639230179823518 0.0066773514542121234 0.021309829455488868 -0.0083431893644176931 -0.010175039142993791 0.0078550079252576906 -0.0054327686849954711 -0.025755314967369831 0.0082944586349343631
leaf_weight=370.76028881967068 470.9659599326551 36.72158695012331 48.23695158213377 90.824168607592583 29.30125168710947 103.31628689914942 23.367304444313049 30.796406373381615 23.284950762987137 31.984042264521122 114.92204228788614 23.376761674880981 20.161374762654305 45.718617506325245
leaf_count=1653 2274 177 249 492 153 457 112 139 109 141 518 102 85 212
internal_value=-0.000507053 0.000829771 -0.00208201 0.00183765 -0.00311852 -0.00610719 -0.00905182 0.00229217 0.00855623 0.00116499 0.00186823 0.000192647 -0.0152106 0.00264118
internal_weight=1463.74 992.772 331.768 168.362 120.125 163.405 126.684 661.004 99.8 561.205 529.22 414.298 43.5381 69.0036
internal_count=6873 4599 1640 894 645 746 569 2959 460 2499 2358 1840 187 321
is_linear=0
shrinkage=0.03


Tree=162
num_leaves=15
num_cat=0
split_feature=30 33 1 33 26 13 30 21 33 0 26 1 13 1
split_gain=2.99682 6.85509 5.15558 11.9119 5.716 5.12657 4.37469 4.11937 3.12253 3.07481 5.93434 4.58279 3.90998 7.41329
threshold=-1.0672217236341734 0.002586458977622292 -0.26844198774607142 0.010664883377694317 -3.4390452672017342 1.7097673704729022 -1.5644417600393761 0.94974039238415753 0.013693981322970113 0.23247088660434839 11.727773381791097 0.035040684279172264 0.53996149047760822 0.046472232887586735
decision_type=10 2 2 2 10 8 10 10 2 2 10 2 10 2
left_child=1 6 3 4 -2 8 -1 9 -3 10 -4 -12 -11 -14
right_child=2 5 7 -5 -6 -7 -8 -9 -10 12 11 -13 13 -15
leaf_value=0.017550536719424539 0.0071420454843229833 0.0033513663932181761 -0.00053197552744176785 0.016926015905372668 -0.015870062001968655 -0.018528300772290642 -0.0015833379648742484 -0.012783406711721084 -0.0072143509139993732 0.0003187839621189642 -0.004241416267489093 -0.023242669461721422 -0.0073946065017186369 0.013771931560381331
leaf_weight=17.581079676747322 16.98086804151535 34.060880251228809 833.85773157328367 47.437404103577137 20.396387062966824 27.301022619009018 25.177611164748669 23.153316810727119 90.391705952584743 208.32184865325689 32.606596119701862 17.087227802723646 19.474548183381557 55.697855826467276
leaf_count=78 91 151 3789 247 94 132 110 113 422 1035 170 87 91 280
internal_value=-0.000538912 -0.0039974 -8.57663e-06 0.00709332 -0.00550174 -0.00697987 0.00650522 -0.000520194 -0.004319 -0.000266165 -0.0011385 -0.0111046 0.00244703 0.00826333
internal_weight=1469.53 194.512 1275.01 84.8147 37.3773 151.754 42.7587 1190.2 124.453 1167.05 883.552 49.6938 283.494 75.1724
internal_count=6890 893 5997 432 185 705 188 5565 573 5452 4046 257 1406 371
is_linear=0
shrinkage=0.03


Tree=163
num_leaves=15
num_cat=0
split_feature=26 30 14 31 20 20 31 1 29 29 29 30 1 29
split_gain=4.83086 7.84131 4.24817 7.68722 5.8392 5.67422 7.51352 5.45414 4.24538 7.68365 5.58148 6.40479 7.73408 7.01072
threshold=-6.0928453728870116 -0.81180363580713799 -4.8637121861760937 -0.88186879444286459 0.21322520577626849 -0.033499596376884704 0.87137607974597331 0.091880938834841025 1.0760201314655131 1.2241065690931958 0.57730922353624659 0.28241224507620361 0.07589576042747502 0.91272826231912285
decision_type=10 10 10 2 8 10 2 2 8 10 10 8 2 10
left_child=1 -1 4 -4 -2 6 7 -5 10 -10 -6 13 -13 -12
right_child=2 -3 3 5 8 -7 -8 -9 9 -11 11 12 -14 -15
leaf_value=-0.009313021256442516 -0.017751841325512434 0.0051837358581840326 0.021156836389807233 0.0054698363017716663 0.0021910613483813695 -0.010140991392043429 0.021351912126904016 -0.013920808989057263 0.0087707080168577378 -0.0018573995052882522 0.00047622240321925898 -0.013477342060009759 9.2520324434594372e-05 -0.0085856048647865706
leaf_weight=37.657870903611183 18.829919129610062 257.72896749153733 19.157561309635639 45.389593251049519 175.93845762312412 29.156031329184771 18.473738603293896 17.168247636407614 94.325336135923862 170.37854526564479 299.09154967218637 109.46411277353764 57.444707676768303 102.35794453322887
leaf_count=170 98 1270 100 218 802 140 96 87 430 890 1306 493 278 443
internal_value=-0.000107302 0.00331041 -0.00098183 0.00412203 -0.0016275 0.00099666 0.00507888 1.30082e-05 -0.00130931 0.00194861 -0.00246902 -0.00391289 -0.00883429 -0.00184987
internal_weight=1452.56 295.387 1157.18 129.345 1027.83 110.188 81.0316 62.5578 1009 264.704 744.297 568.358 166.909 401.449
internal_count=6821 1440 5381 641 4740 541 401 305 4642 1320 3322 2520 771 1749
is_linear=0
shrinkage=0.03


Tree=164
num_leaves=15
num_cat=0
split_feature=27 23 13 31 31 28 33 1 33 29 22 22 33 33
split_gain=3.28089 4.8124 6.1077 14.265 9.12178 6.63782 5.65003 5.07868 6.3327 6.91232 5.22445 6.56768 5.88063 4.39766
threshold=0.078225229653838838 -0.030740364609416714 -1.4316337044285257 0.30070579950427329 0.88186879444286481 7.5294595181762967 0.028990158688221381 0.020214170967529751 0.21420990886416957 1.2325333390291326 -0.63509523180287142 0.4706657874538131 0.32493432451067 0.0020143362771543063
decision_type=10 10 8 2 2 10 2 2 2 10 8 8 2 2
left_child=1 2 3 -1 7 -6 -3 10 9 -9 -4 -12 -13 -2
right_child=13 6 4 -5 5 -7 -8 8 -10 -11 11 12 -14 -15
leaf_value=0.0084698854118472524 0.0032751008668855655 0.0013474098732049967 -0.016589458948431626 -0.022865315737788473 0.015033468720989807 -0.0031533799388582316 0.024295967558253133 0.0063223291808476622 0.021437271731122864 -0.012342487613134142 0.016763167835464835 -8.0220252816657096e-05 -0.012277588448616284 -0.0023943870111860026
leaf_weight=23.069813083857298 155.64119097590446 21.224158253520727 17.942594513297081 27.999959535896778 70.278975799679756 23.781137973070145 16.908538248389959 93.204106710851192 18.259253583848476 21.068351060152054 17.983466997742653 355.13312777876854 38.535965893417597 575.57654175534844
leaf_count=127 712 107 88 141 327 107 89 401 97 102 84 1593 210 2755
internal_value=0.000242146 0.00164167 0.00107345 -0.00881941 0.00185564 0.0104505 0.0118839 0.000401467 0.00551238 0.00280389 -0.00118441 -0.000474376 -0.00130229 -0.0011848
internal_weight=1476.61 745.389 707.257 51.0698 656.187 94.0601 38.1327 562.127 132.532 114.272 429.595 411.653 393.669 731.218
internal_count=6940 3473 3277 268 3009 434 196 2575 600 503 1975 1887 1803 3467
is_linear=0
shrinkage=0.03


Tree=165
num_leaves=15
num_cat=0
split_feature=1 13 13 26 1 31 29 29 26 1 26 1 33 23
split_gain=3.77536 7.32433 6.52082 3.52516 4.62425 3.40554 10.101 9.78193 4.77789 4.77164 4.57853 4.36323 4.14793 5.31834
threshold=0.26631306850275288 0.50476536847061382 -0.19738895823384084 0.83774591613128291 0.22458025921581648 -0.94331137514050689 0.79460314949185407 0.61796958881412456 -4.7942366889053281 -0.28741987618028769 -7.0101848583359319 -0.21702736083067928 0.1813247731440035 -0.16710424786314762
decision_type=2 10 8 10 2 2 10 10 10 2 10 2 2 8
left_child=3 2 -2 4 5 6 7 -1 -8 10 -7 -11 13 -13
right_child=1 -3 -4 -5 -6 9 8 -9 -10 11 -12 12 -14 -15
leaf_value=9.5693112531697888e-05 -0.003442414519392545 0.0091909014264936056 -0.025048952544522128 -0.0016418218853170555 0.016166053787305078 -0.0024526448074435009 0.0064189787769926548 0.027717727342608706 -0.013026212267571719 -0.0075827192570730364 0.0159627932791633 -0.016334796904249323 0.0054146385523512596 -0.00014417581372167131
leaf_weight=19.901877656579018 29.785592127591372 17.782011769711971 21.241307161748409 588.53895268961787 17.672753416001797 18.999836832284927 20.877571448683739 26.481327831745148 22.846927553415298 66.281649585813284 31.57646320015192 18.041848331689835 120.66110415384173 444.97978150844574
leaf_count=90 167 94 111 2766 84 105 98 117 98 324 155 85 611 1965
internal_value=-0.000217379 -0.00702596 -0.0127453 0.000122796 0.00140806 0.00105818 0.00651445 0.0161179 -0.0038056 0.000348073 0.0091313 -0.000348362 0.000484719 -0.000808894
internal_weight=1465.67 68.8089 51.0269 1396.86 808.321 790.648 90.1077 46.3832 43.7245 700.541 50.5763 649.964 583.683 463.022
internal_count=6870 372 278 6498 3732 3648 403 207 196 3245 260 2985 2661 2050
is_linear=0
shrinkage=0.03


Tree=166
num_leaves=15
num_cat=0
split_feature=28 13 13 29 29 29 22 30 32 13 13 28 13 13
split_gain=3.28609 8.44865 9.71689 9.98117 9.87785 8.8645 7.93919 7.38517 6.41816 11.144 13.8785 13.478 8.55459 16.1517
threshold=18.635310747585624 -1.2791932384056948 -0.57745133864518761 0.97988447436344317 0.47686111442613349 0.9980933536402371 -1.1090316895669743 0.38161313321203766 0.47136869107721086 1.7097673704729022 0.49387493835574298 -27.841178803962304 -0.39701346705124246 -0.30461992789383391
decision_type=10 10 10 10 10 10 10 10 2 10 8 8 10 10
left_child=8 -2 5 4 -4 -3 7 -5 9 10 12 -12 -1 -14
right_child=1 2 3 6 -6 -7 -8 -9 -10 -11 11 -13 13 -15
leaf_value=0.00051748802439638409 0.010854431323630658 -0.0031993304298754605 0.013890471822252455 0.019626549844818104 -0.010574004574475581 -0.029776547834940378 -0.014083143402601432 0.0017671062264780547 -0.0021339462015590835 0.019504647095748583 -0.021069709502186444 -0.0012092828291749532 0.033097161607122803 0.0059995534488234492
leaf_weight=246.4822119474411 36.001322973519564 22.059062510728836 16.184888496994972 32.500389233231544 113.68978135660291 22.740152612328529 15.701524686068295 55.727275885641575 419.83644108474255 32.17441663891077 36.334307979792356 175.27179647982121 20.820868264883757 224.2030033133924
leaf_count=1154 207 103 76 146 510 108 86 311 1953 161 195 768 105 1027
internal_value=8.16494e-05 -0.00263158 -0.00440684 -0.00192286 -0.00744242 -0.0170456 0.00497984 0.00849221 0.000822251 0.0025108 0.00170656 -0.00470252 0.00446978 0.00842734
internal_weight=1469.73 314.604 278.603 233.804 129.875 44.7992 103.929 88.2277 1155.12 735.287 703.112 211.606 491.506 245.024
internal_count=6910 1547 1340 1129 586 211 543 457 5363 3410 3249 963 2286 1132
is_linear=0
shrinkage=0.03


Tree=167
num_leaves=15
num_cat=0
split_feature=29 29 31 13 33 31 24 33 29 28 13 13 31 31
split_gain=4.23027 8.83431 4.60838 6.72273 7.64304 5.58074 9.16073 9.61154 13.7262 8.86895 6.48501 6.32519 16.6547 16.4096
threshold=1.858898333275766 2.0541505208507802 0.79989897227935891 -1.2208364500234739 0.00068178318435496493 0.44228869021900152 -0.00063988693589394979 0.0020143362771543063 0.90657308183106322 -7.3369642857468156 0.62934111587365849 -0.66179152803488928 0.065403129230143103 -0.25881904510252113
decision_type=8 8 2 10 2 2 10 2 10 10 10 10 2 2
left_child=2 -2 3 4 -1 11 7 8 -7 -9 -11 12 13 -5
right_child=1 -3 -4 5 -6 6 -8 9 -10 10 -12 -13 -14 -15
leaf_value=0.022100011652856473 0.026972015535350526 -0.0022882833844597968 0.0028938665287858321 -0.0066944657852275888 0.0019708616404555818 0.019802887447496711 -0.02524969670171566 0.00096502429735999761 -0.007846198436481492 -0.024107333556983735 -0.0035248098317975361 -9.5695787508033798e-05 0.014340805137718972 -0.0383335073538731
leaf_weight=18.708828255534172 14.660711418837307 22.469867739826441 292.89283921942115 62.379795394837856 124.39685576781631 28.447679948061705 20.645698793232441 39.485894046723843 34.949921511113644 40.30247088521719 21.254375573247671 704.9220074377954 22.573680475354195 18.575588405132294
leaf_count=86 108 158 1375 292 612 124 102 174 165 180 97 3246 95 84
internal_value=-0.000192707 0.00966928 -0.000455441 -0.00132028 0.00473753 -0.00219672 -0.00688141 -0.00443656 0.00467531 -0.0101434 -0.0171705 -0.00111703 -0.0080038 -0.0143333
internal_weight=1466.67 37.1306 1429.54 1136.64 143.106 993.537 185.086 164.44 63.3976 101.043 61.5568 808.451 103.529 80.9554
internal_count=6898 266 6632 5257 698 4559 842 740 289 451 277 3717 471 376
is_linear=0
shrinkage=0.03


Tree=168
num_leaves=15
num_cat=0
split_feature=1 31 31 13 28 13 31 32 28 13 28 13 13 13
split_gain=3.9298 6.37221 5.89373 3.6118 2.80164 3.14606 4.56619 4.20737 12.171 9.83934 5.36834 6.28314 11.7713 8.69489
threshold=-0.26844198774607142 -0.68355163169896438 -0.26932402956675694 0.72715256982079479 59.690776704277589 2.0913524227957123 0.99845357241023069 0.71473537162315137 26.86393659469211 -0.86710819423750196 10.82593598967563 0.53996149047760822 0.082411219573681943 1.4113337417240719
decision_type=2 2 2 8 10 10 2 2 10 10 10 10 8 10
left_child=1 -1 -3 -4 5 6 7 10 9 -9 -2 12 -12 -13
right_child=4 2 3 -5 -6 -7 -8 8 -10 -11 11 13 -14 -15
leaf_value=-0.0063993999240430973 0.0026230390563429301 0.025410451902562366 0.011851398010258106 -0.0036225361949511312 -0.0078221754282827762 0.0094591072547888615 -0.013096813780004591 0.0058798685854476894 0.014924743447075936 -0.0078582934140946879 -0.0013928910820365083 0.0089783277797190301 -0.018517657641463424 -0.012226732691558032
leaf_weight=26.427886664867401 652.21344875171781 17.270990397781134 32.198072612285614 22.333973176777363 40.63811145350337 30.430771708488464 23.049882218241692 58.888537243008614 29.895224250853062 218.42420726642013 175.40046133100986 75.620696060359478 44.560054756700993 21.582500003278255
leaf_count=129 2989 90 165 110 266 151 102 287 146 1011 808 330 202 111
internal_value=0.000257892 0.006023 0.0106203 0.00556283 -0.000159351 8.04755e-05 -0.000146228 9.76749e-05 -0.00295599 -0.00493029 0.00106747 -0.00212958 -0.00493017 0.0041935
internal_weight=1468.93 98.2309 71.803 54.532 1370.7 1330.07 1299.64 1276.59 307.208 277.313 969.377 317.164 219.961 97.2032
internal_count=6897 494 365 275 6403 6137 5986 5884 1444 1298 4440 1451 1010 441
is_linear=0
shrinkage=0.03


Tree=169
num_leaves=15
num_cat=0
split_feature=28 31 30 32 23 31 23 31 29 32 23 27 30 1
split_gain=3.8719 6.30727 4.88337 3.5096 3.21381 9.35137 5.65073 9.58351 5.03629 4.77876 4.35037 4.47351 10.3889 5.23384
threshold=-48.285754488652792 -0.86046863722869249 1.0660048200463279 -0.16288578192842348 -0.077913272069204051 -0.88186879444286459 -0.11211771956642759 0.71473537162315171 0.36348388448219865 0.82531082829576841 -0.030740364609416714 -6.8841232620719941 1.7263266362289615 -0.062422281421554912
decision_type=8 2 10 2 8 2 10 2 8 2 8 10 8 2
left_child=1 -1 3 -3 5 -2 7 -7 9 -6 -10 12 -12 -13
right_child=4 2 -4 -5 8 6 -8 -9 10 -11 11 13 -14 -15
leaf_value=0.012220668128058323 0.025162955571570295 -0.027854375993337663 -0.00037012714558039479 -0.0084427224714365666 -0.017565891216946163 -0.0099069017339391847 0.012549634738739849 0.015497453404084429 -0.010802181257719479 0.0019434668573643011 0.0049565268783916434 -0.0037746252483229054 -0.017862767111639404 0.0010286128561090308
leaf_weight=12.025098737329243 16.671741090714931 16.086767949163914 23.884188629686832 18.968070909380913 27.332745090126991 50.258078567683697 27.659116461873055 17.108714044094086 30.536161474883556 18.492721393704414 294.08011063933372 305.47855354845524 18.147181991487741 610.75894645601511
leaf_count=69 87 84 173 97 124 249 132 87 143 87 1339 1360 101 2861
internal_value=-8.39037e-05 -0.00687233 -0.0109067 -0.0178763 0.000260787 0.00512136 0.00137975 -0.00332281 -0.000158898 -0.00981958 0.000200248 0.000482301 0.00357744 -0.000575182
internal_weight=1487.49 70.9641 58.939 35.0548 1416.52 111.698 95.0259 67.3668 1304.83 45.8255 1259 1228.46 312.227 916.238
internal_count=6993 423 354 181 6570 555 468 336 6015 211 5804 5661 1440 4221
is_linear=0
shrinkage=0.03


Tree=170
num_leaves=15
num_cat=0
split_feature=1 0 29 13 13 1 1 30 33 13 30 33 30 23
split_gain=4.87586 5.16954 4.58381 7.30029 15.3025 7.63183 6.78381 7.9582 6.75783 7.3442 7.05773 5.40942 5.30082 5.2752
threshold=0.26631306850275288 0.30617900423921746 0.59980739384515414 0.02510765951264694 -0.3934611219893675 0.10908166127165476 0.22458025921581648 0.008324012036577828 0.014884043754004287 -0.66179152803488928 -0.34192575240393602 0.0070307244389254363 -0.066932975455929036 0.012798455645388286
decision_type=2 2 10 10 10 2 2 10 2 10 10 2 10 10
left_child=2 -2 3 4 5 8 13 -8 10 -10 -1 -5 -13 -4
right_child=1 -3 6 11 -6 -7 7 -9 9 -11 -12 12 -14 -15
leaf_value=0.02854866170825579 -0.022097545024469107 -0.0033069273757190885 -0.0017207641806248038 -0.010533888439118698 0.025520506669551028 -0.01511258369418084 0.02645173618527373 -0.0016037635984468429 -0.014854282847092103 0.010008600422122406 0.0021022547048859534 0.0066058053206720455 -0.0083239816089153516 0.011031303483235102
leaf_weight=17.785524509847164 17.036611896008253 50.655495792627335 1059.1641101948917 39.714226081967354 33.952300779521465 17.476961970329285 16.404648326337337 18.84474878385663 19.61422223597765 21.243361636996269 17.91402730345726 74.065206602215767 28.988590262830257 29.034757625311613
leaf_count=82 84 279 4933 173 163 79 79 97 95 98 89 335 133 153
internal_value=-0.000486153 -0.00828896 -0.000101638 0.003395 0.00856869 0.00224387 -0.000946609 0.0118225 0.00634989 -0.00199688 0.0156967 -0.00127036 0.00236648 -0.0013707
internal_weight=1461.89 67.6921 1394.2 270.754 127.986 94.0341 1123.45 35.2494 76.5571 40.8576 35.6996 142.768 103.054 1088.2
internal_count=6872 363 6509 1247 606 443 5262 176 364 193 171 641 468 5086
is_linear=0
shrinkage=0.03


Tree=171
num_leaves=15
num_cat=0
split_feature=30 13 29 13 23 31 31 28 13 1 27 30 29 1
split_gain=4.01871 3.16354 9.80718 4.02079 8.92266 7.96518 8.24534 7.99103 4.69766 10.9659 8.58803 8.15129 7.84444 11.8509
threshold=-2.0708386458262971 2.0913524227957123 0.8237624433212728 1.4113337417240719 -0.034292715598807845 -0.82531082829576841 -0.95688340256707749 -11.650079779625953 0.53996149047760822 0.010042550908187993 -2.5113387769160052 0.43843317609261317 1.0990765100334201 0.16192486614819268
decision_type=10 8 10 10 10 2 2 10 10 2 10 10 10 2
left_child=-1 3 -3 8 5 6 -5 -7 -2 11 -11 -10 13 -12
right_child=1 2 -4 4 -6 7 -8 -9 9 10 12 -13 -14 -15
leaf_value=-0.010972144012206529 -0.00045303209817693535 0.022609466725176476 -0.0054579275753014701 -0.010932339570083662 0.014748035558919468 -0.003736734463816384 0.017649837060232397 -0.024349125561951419 0.0032828435494867366 0.026938371242892372 -0.0085564623048893992 -0.011712875602151703 0.021003871652871372 0.018819242763330281
leaf_weight=28.377360627055168 1015.0025952458382 20.616762563586235 22.617260903120041 17.618379425257444 16.281007420271635 33.037390783429146 16.781669996678829 34.658057823777199 112.15588925033808 23.683020308613777 40.241448670625687 44.849320717155933 23.555771645158529 20.733549185097218
leaf_count=134 4769 103 111 85 93 160 81 183 479 105 170 236 115 95
internal_value=1.23837e-05 0.00023603 0.00813496 -1.3783e-05 -0.00527968 -0.00858554 0.00311585 -0.0144905 0.000476872 0.00402398 0.0113247 -0.00104778 0.00668642 0.000905656
internal_weight=1470.21 1441.83 43.234 1398.6 118.377 102.095 34.4 67.6954 1280.22 265.219 108.214 157.005 84.5308 60.975
internal_count=6919 6785 214 6571 602 509 166 343 5969 1200 485 715 380 265
is_linear=0
shrinkage=0.03


Tree=172
num_leaves=15
num_cat=0
split_feature=27 16 26 26 27 26 29 23 29 26 32 32 32 30
split_gain=5.23777 4.74716 4.34652 4.98465 4.32919 6.67223 5.09463 8.94779 5.00638 5.3714 5.78069 7.73011 4.60296 4.41255
threshold=0.078225229653838838 0.0015738093831085822 -8.1768134703086286 -6.2231193148321031 13.666052870071612 14.509341498927244 1.1635812022272052 -0.10221670272142321 1.2557005555921721 1.7019282059660414 -0.74455857214455057 0.55557023301960229 0.65106671239330416 1.1238233665263719
decision_type=10 8 10 10 10 10 8 8 10 10 2 2 2 8
left_child=-1 -2 -3 -4 6 8 7 -5 9 -6 -11 -12 -8 -9
right_child=1 2 3 4 5 -7 12 13 -10 10 11 -13 -14 -15
leaf_value=0.0021918999941977421 -0.012997254459319227 -0.010689605876419537 0.014422857228588883 0.016077518916493914 -0.00089973463688402438 -0.007355241546465636 0.00038099085615922169 -0.0039817767500441546 -0.0036870751854898528 0.028671860777093092 0.00054214245447904198 0.022437706918913218 0.017243767023926281 -0.017644577470891831
leaf_weight=743.91962328925729 29.38978274166584 37.416109543293715 19.048906445503235 18.387721434235573 33.112378634512424 42.088612884283066 57.099969401955605 334.15909264981747 35.219705913215876 16.726135149598122 38.117120370268822 22.483596242964268 18.580843769013882 21.860435746610165
leaf_count=3477 151 184 86 97 148 260 274 1486 191 73 180 107 93 102
internal_value=0.000425651 -0.00139049 -0.000881187 -0.000307101 -0.000768898 0.00304747 -0.00236407 -0.00379903 0.00608302 0.00920389 0.0134866 0.00889803 0.00469196 -0.00486778
internal_weight=1467.61 723.69 694.301 656.885 637.836 187.748 450.088 374.407 145.659 110.439 77.3269 60.6007 75.6808 356.02
internal_count=6909 3432 3281 3097 3011 959 2052 1685 699 508 360 287 367 1588
is_linear=0
shrinkage=0.03


Tree=173
num_leaves=15
num_cat=0
split_feature=13 13 33 13 31 28 13 33 13 13 29 33 31 27
split_gain=3.63846 9.0134 14.5107 12.2911 11.888 11.2839 11.218 11.3152 10.6406 19.3141 10.0329 9.40153 9.21162 8.44842
threshold=0.02510765951264694 0.53996149047760822 0.061372166424568733 0.67482541559110121 0.13052619222005182 -0.8176750332822279 0.89670866023522788 0.037224100589487212 0.49387493835574298 0.34570752953366679 0.75802048798676358 0.0008054316641544361 0.98990318592078563 4.3259708902088088
decision_type=10 10 2 10 2 10 10 2 10 10 10 2 2 10
left_child=-1 2 4 10 8 -6 7 -5 9 -2 -3 -8 -13 -4
right_child=1 3 13 6 5 -7 11 -9 -10 -11 -12 12 -14 -15
leaf_value=0.0013500689057556517 -0.02437308868267549 -0.00088983552082192623 -0.0026981115084465904 -0.030946143935415702 0.012732473375335307 -0.01293978669067466 0.014871612793271776 0.0012226378416512968 -0.033286752087849411 0.0071212522923345175 0.021005844192466174 -0.0030529952078439896 0.016347689942702609 0.017271426978016643
leaf_weight=809.54709450155497 41.40838160738349 32.294991001486778 59.286212902516127 20.75905691459775 27.866891607642174 32.058507055044174 35.342208921909332 17.832760713994503 28.091621592640877 29.245552375912666 43.926881071180105 251.19074069336057 23.140248030424118 26.958405308425426
leaf_count=3846 188 138 284 94 121 137 164 87 123 122 194 1227 105 129
internal_value=-2.28015e-06 -0.00163733 -0.00620783 0.0010081 -0.0115664 -0.000988473 -0.00138911 -0.016426 -0.0179116 -0.0114193 0.0118373 0.000531644 -0.00136309 0.0036704
internal_weight=1478.95 669.402 244.916 424.487 158.671 59.9254 348.265 38.5918 98.7456 70.6539 76.2219 309.673 274.331 86.2446
internal_count=6959 3113 1104 2009 691 258 1677 181 433 310 332 1496 1332 413
is_linear=0
shrinkage=0.03


Tree=174
num_leaves=15
num_cat=0
split_feature=28 32 14 1 32 16 23 32 32 16 32 1 13 33
split_gain=3.12831 3.15381 4.08788 6.62494 6.74064 10.8756 9.70623 7.80253 4.57182 4.95368 3.82161 6.77644 6.03462 10.4118
threshold=77.881136058577397 -0.9970268106651744 -5.0838614897824588 -0.18677612445192152 0.48098876891938797 -0.007050939893190388 -0.082250541143875575 -0.010907442517280496 -0.98990318592078541 -0.014570655984838863 0.90159026428466915 -0.21702736083067928 -1.4316337044285257 0.024539639531258258
decision_type=10 2 10 2 2 10 8 2 2 10 2 2 8 2
left_child=1 -1 8 -4 6 -6 -5 -8 -3 10 12 -12 13 -10
right_child=-2 2 3 4 5 -7 7 -9 9 -11 11 -13 -14 -15
leaf_value=-0.0083350103246092062 -0.011999386285212165 0.011142588775426248 0.018621467750912373 0.018148917693414483 0.0033700709095796058 -0.026139808508459952 -0.0077968169285156713 0.015923519973493956 0.00057180619302761354 -0.016246864933795437 -0.010954797295156157 0.0061687390373217866 -0.00035124148746289494 -0.024597185899576383
leaf_weight=36.918284110724926 18.155603941529989 30.358511663973331 25.321014158427715 39.027436554431915 32.073960606008768 16.147189885377884 42.347675710916519 16.530293554067612 34.734753720462322 16.627389512956142 23.141183886677027 151.94430220872164 963.57822579145432 24.707798615098
leaf_count=163 143 132 128 195 159 87 199 80 175 92 118 716 4396 142
internal_value=4.51062e-05 0.000203704 0.000431966 0.00476086 0.00224883 -0.00684183 0.00675013 -0.000982497 -0.000167459 -0.000459051 -0.000226581 0.00385615 -0.000928405 -0.0101238
internal_weight=1471.61 1453.46 1416.54 171.448 146.127 48.2212 97.9054 58.878 1245.09 1214.73 1198.11 175.085 1023.02 59.4426
internal_count=6925 6782 6619 848 720 246 474 279 5771 5639 5547 834 4713 317
is_linear=0
shrinkage=0.03


Tree=175
num_leaves=15
num_cat=0
split_feature=1 13 13 31 13 13 28 33 31 29 13 33 29 29
split_gain=2.37528 4.73817 8.74981 9.92505 8.72854 18.2688 9.46243 9.69185 8.6819 8.34943 11.4167 7.71427 11.1933 11.3138
threshold=0.0019990313494675908 0.41705907535921211 1.1775220079235922 0.51877325816052167 -0.3934611219893675 -0.42882033197452329 -12.675128947510215 0.16682684476506957 -0.91959550581536686 0.91272826231912285 -1.4261022993658983 0.002586458977622292 0.7546986409652322 1.0114785991129545
decision_type=2 10 10 2 8 10 10 2 2 10 10 2 10 10
left_child=1 4 3 11 5 6 9 -8 -6 10 -1 -3 -13 -14
right_child=-2 2 -4 -5 8 -7 7 -9 -10 -11 -12 12 13 -15
leaf_value=-0.0022827120706571595 0.0014368070153079218 0.01209265764937526 0.001873564433052356 -0.019008532278706133 -0.010961421992708257 -0.023931143408217646 -0.0081250004415215713 0.009263720325887086 0.0075283521319187158 -0.0016077344219199946 0.027399486294643522 -0.018232140393074858 0.015210139798258259 -0.01007897909851533
leaf_weight=18.568778015673161 638.1766913048923 22.267934277653694 136.64098935946822 52.621163729578257 25.04276218265295 31.131460908800364 128.57723768055439 36.208911970257759 191.47304379194975 45.620483405888081 29.71590131521225 44.785163342952728 27.870627239346504 34.510400719940662
leaf_count=99 3058 96 662 237 110 147 578 186 875 222 136 193 121 169
internal_value=6.37009e-05 -0.000998871 -0.00385852 -0.00814744 0.000805086 -0.00259639 5.33499e-05 -0.0042713 0.00534922 0.00760735 0.0161699 -0.00362001 -0.00696654 0.00128142
internal_weight=1463.21 825.035 318.696 182.055 506.339 289.823 258.691 164.786 216.516 93.9052 48.2847 129.434 107.166 62.381
internal_count=6889 3831 1478 816 2353 1368 1221 764 985 457 235 579 483 290
is_linear=0
shrinkage=0.03


Tree=176
num_leaves=15
num_cat=0
split_feature=31 13 30 31 1 30 30 23 23 23 23 21 29 29
split_gain=3.04365 9.55018 6.34655 6.20485 10.6705 5.64812 5.32245 5.03971 6.87456 5.93067 6.24632 5.39566 5.11644 4.75498
threshold=0.72982064943493996 -1.4945286730437706 0.56827549365160868 0.96863394805116498 0.1215500097677686 -0.28768339604314752 -0.81180363580713799 -0.0052137397357989021 -0.062231451161657077 -0.11485745583373168 -0.10135994779384665 -0.43752830031884565 0.96807674207053196 0.72539079508474491
decision_type=2 10 10 2 2 10 10 10 10 10 8 8 10 8
left_child=7 -2 3 5 6 -3 -5 8 9 11 -11 -1 -9 -13
right_child=1 2 -4 4 -6 -7 -8 12 -10 10 -12 13 -14 -15
leaf_value=-0.016871167343320222 -0.017120961701394297 0.004547555940076612 -0.0037584760127012899 -0.018143178223840862 0.016854478970212746 0.015768439930262869 -0.00041475570208068525 0.01902700471826373 -0.015463062530481008 0.024198022818487611 0.0010779670825644468 -0.0036945250405217389 -0.00067960616201042929 0.00065247699872538921
leaf_weight=18.30132145434618 20.010215118527412 94.151429943740368 77.337321721017361 21.876251503825188 23.160796396434307 71.283430837094784 45.809450335800648 22.074241608381271 28.137751970440149 16.18948370218277 27.348183900117874 345.62994528561831 24.25482152402401 652.6327203810215
leaf_count=93 110 420 408 93 108 332 201 113 134 88 125 1555 130 3095
internal_value=8.67229e-05 0.00251281 0.00373807 0.0060061 -0.000296634 0.00944816 -0.00632537 -0.000671001 -0.00108685 -0.000691054 0.0100254 -0.00115942 0.00891356 -0.000854783
internal_weight=1488.2 353.629 333.619 256.281 90.8465 165.435 67.6857 1134.57 1088.24 1060.1 43.5377 1016.56 46.3291 998.263
internal_count=7005 1672 1562 1154 402 752 294 5333 5090 4956 213 4743 243 4650
is_linear=0
shrinkage=0.03


Tree=177
num_leaves=15
num_cat=0
split_feature=27 27 31 13 30 30 13 1 30 31 13 13 13 32
split_gain=3.76526 8.74968 3.76302 7.78327 4.5965 5.70875 3.59336 4.3172 8.01155 6.42269 9.55363 30.9267 8.56715 7.4308
threshold=-32.378590985118187 -26.956809632974196 0.96863394805116498 -1.0636845614099635 -0.81180363580713799 0.093173919584374917 -6.5382233044314217 0.14933930269443854 -0.94142183959388537 -0.71473537162315137 0.53996149047760822 0.49387493835574298 -0.66179152803488928 0.17364817766693066
decision_type=10 10 2 10 10 10 8 2 8 2 8 10 10 2
left_child=-1 -2 6 -4 -5 -6 -3 9 -9 10 11 12 13 -8
right_child=1 2 3 4 5 -7 7 8 -10 -11 -12 -13 -14 -15
leaf_value=0.0096149688249050572 -0.018985723158169449 0.013172419737763718 -0.019388752317184284 -0.012291650484258908 0.010784186238548829 -0.0060229888452011469 -0.021341103410523872 -0.017485334037953937 -0.0011237452344391421 0.0024192011489347709 0.0056644473141918969 -0.042275804086659458 0.0015690316112075776 0.001343833035812519
leaf_weight=34.369317173957825 21.188680715858936 18.746668756008148 25.616573430597782 23.25797638297081 37.204726867377758 33.816217117011547 32.412282273173332 31.25264785438776 164.35509968549013 790.3334356918931 84.244958460330963 18.460102468729019 133.29262606054544 21.083703860640526
leaf_count=233 107 128 123 99 165 157 146 152 842 3599 387 83 613 95
internal_value=-5.49903e-05 -0.000293083 2.27999e-07 -0.00506159 -0.00100611 0.00280903 0.000472711 0.000275874 -0.00381351 0.0010195 -0.00279694 -0.00628057 -0.00251703 -0.01254
internal_weight=1469.64 1435.27 1414.08 119.895 94.2789 71.0209 1294.18 1275.43 195.608 1079.83 289.494 205.249 186.789 53.496
internal_count=6929 6696 6589 544 421 322 6045 5917 994 4923 1324 937 854 241
is_linear=0
shrinkage=0.03


Tree=178
num_leaves=15
num_cat=0
split_feature=26 13 31 13 32 31 27 23 13 31 13 33 23 29
split_gain=4.94518 4.72199 8.79812 6.39593 17.4268 11.7447 6.03201 5.95064 5.52043 13.1661 10.9234 9.34288 6.77239 6.67898
threshold=-16.203405701737946 0.02510765951264694 0.99275059979806513 -0.11994943939347437 -0.72236396205975562 0.054511258297739541 -4.7371293576148323 0.012798455645388286 0.18049242442669808 -0.88186879444286459 0.351640913782858 0.00062727081075397955 -0.030740364609416714 0.75802048798676358
decision_type=8 10 2 8 2 2 10 10 10 2 10 2 8 10
left_child=-1 2 3 6 -5 -6 -2 8 9 -3 -10 -12 -13 -14
right_child=1 7 -4 4 5 -7 -8 -9 10 -11 11 12 13 -15
leaf_value=-0.0090489121592344842 0.0054655551411664097 -0.031068939254811054 -0.014098100866943573 0.017871472633797212 0.010618666464741126 -0.019535150825481885 -0.00099556133644778831 0.010257074950827786 0.014691833479363885 -0.003019213460947032 0.011830688542358341 -0.020474092465761925 -0.0075680168859392025 2.6067353790792808e-05
leaf_weight=56.525552667677402 185.58028243482113 19.007703229784966 30.140969529747963 70.317184578627348 20.491954132914543 24.498685039579868 428.40840515494347 32.911087941378355 33.921209804713726 61.974849127233028 35.992524169385433 20.076271742582321 173.74181473255157 258.29848243668675
leaf_count=329 873 87 133 319 104 121 2041 170 150 280 164 113 781 1190
internal_value=-0.00042887 -7.34448e-05 0.00152264 0.00218665 0.00863775 -0.00586869 0.000963046 -0.00197893 -0.00266262 -0.00990153 -0.00152286 -0.00267744 -0.00385598 -0.00303826
internal_weight=1451.89 1395.36 759.437 729.297 115.308 44.9906 613.989 635.924 603.013 80.9826 522.03 488.109 452.117 432.04
internal_count=6855 6526 3591 3458 544 225 2914 2935 2765 367 2398 2248 2084 1971
is_linear=0
shrinkage=0.03


Tree=179
num_leaves=15
num_cat=0
split_feature=28 27 33 33 28 28 32 31 31 28 28 31 31 16
split_gain=4.44736 6.49247 6.0364 5.3384 5.84892 5.79254 6.92093 5.19595 6.91234 4.8684 10.3938 6.61933 6.15092 4.76224
threshold=-11.650079779625953 6.288892089436616 0.1813247731440035 0.38386454775814488 -23.951301328404281 -22.124170454196342 0.84915165824291627 -0.076279435988900135 -0.3007057995042734 2.9392793019411561 4.8122247673543237 0.13052619222005182 0.95688340256707793 0.0045163510175658681
decision_type=10 8 2 2 8 10 2 2 2 10 10 2 2 8
left_child=1 3 7 4 -1 -6 -7 8 13 11 -11 -9 -12 -2
right_child=2 -3 -4 -5 5 6 -8 9 -10 10 12 -13 -14 -15
leaf_value=-0.0015908138924479304 -0.018311820860963498 0.011319089467876199 0.0033084803692447085 -0.010135672812060226 0.020626783546451238 0.00055969918292140283 0.019447547130243454 -0.012259641638470094 -0.016615117952577498 -0.021558205141166978 0.0008272613896723451 0.0054960139583932798 -0.011016674332046625 -0.0027579828720604269
leaf_weight=182.54294523969293 17.897342681884766 59.994348980486393 198.51134523004293 35.587963003665209 21.174252137541771 99.588009551167488 20.188373096287251 20.459719873964787 41.4528778642416 23.410790860652924 236.09374604746699 159.84247092157602 46.356549575924873 297.66356416046619
leaf_count=911 86 294 1023 210 96 444 90 89 187 103 1075 703 210 1382
internal_value=-0.000337016 0.0022694 -0.00138676 0.000730163 0.00195308 0.00652159 0.00387792 -0.00249478 -0.00523755 -0.000474014 -0.00277593 0.00342469 -0.00114861 -0.00369519
internal_weight=1460.76 419.076 1041.69 359.082 323.494 140.951 119.776 843.177 357.014 486.163 305.861 180.302 282.45 315.561
internal_count=6903 2045 4858 1751 1541 630 534 3835 1655 2180 1388 792 1285 1468
is_linear=0
shrinkage=0.03


Tree=180
num_leaves=15
num_cat=0
split_feature=28 28 31 13 14 0 31 13 13 13 13 30 13 32
split_gain=3.10316 5.91542 5.44781 7.08527 6.47464 6.28842 5.13431 6.98154 16.6487 13.1805 6.01613 8.95522 11.071 8.55529
threshold=6.1919558494860647 5.5403728721437071 0.96298784033749862 -0.45654455309878766 -4.4842173698966805 0.0083074540888664599 -0.95032354012166598 0.62934111587365849 -0.13633519507726158 -0.74168355532803276 0.51920004969922184 -0.54679391530350596 1.474649865378576 0.98658463173998445
decision_type=10 8 2 10 10 2 2 10 10 8 8 8 10 2
left_child=1 6 4 -4 -2 -6 7 8 9 -1 13 -12 -13 -8
right_child=2 -3 3 -5 5 -7 10 -9 -10 -11 11 12 -14 -15
leaf_value=-0.015085930708657849 0.00029046736221247408 0.016303254454927862 -0.024318319420573307 -0.0024393061782949747 0.0011657081622070918 -0.024075565427462208 0.0042778117865211636 0.0087997613636977209 -0.026075423291564061 0.018084530434899097 0.0061899631048274919 -0.010742696200792056 0.0068330718121525115 -0.013670255384101127
leaf_weight=19.427125558257103 489.50596645101905 21.850739613175392 19.814968511462212 37.719620995223522 15.794314969331024 19.043901652097702 505.99696290865541 22.096296027302742 31.859213143587112 21.856545627117157 76.217248268425465 122.58756159245968 42.871638268232346 24.125370517373085
leaf_count=86 2334 100 88 173 82 101 2363 104 140 98 345 591 216 124
internal_value=0.000121254 0.00123567 -0.00158034 -0.0102612 -0.000610105 -0.0129189 0.000837596 -0.00569818 -0.0101376 0.00248767 0.00165043 -0.00226604 -0.006175 0.00343681
internal_weight=1470.77 888.889 581.879 57.5346 524.344 34.8382 867.038 95.2392 73.1429 41.2837 771.799 241.676 165.459 530.122
internal_count=6945 4167 2778 261 2517 183 4067 428 324 184 3639 1152 807 2487
is_linear=0
shrinkage=0.03


Tree=181
num_leaves=15
num_cat=0
split_feature=28 30 13 23 13 31 29 13 33 13 13 13 31 13
split_gain=4.71208 5.28011 7.67008 7.36031 7.38334 8.39944 12.1791 8.56622 8.58765 7.68759 7.06203 11.7238 7.68135 13.3698
threshold=-4.9949571162688491 0.3475830216774296 -0.42882033197452329 -0.15216802314924047 -0.25456174512098451 -0.56457333468532422 0.49934855636964182 0.67482541559110121 0.0039233913371447895 -0.42882033197452329 1.474649865378576 1.0556154838947249 0.65106671239330416 -0.19431964612185368
decision_type=10 8 10 10 8 2 10 10 2 10 10 10 2 10
left_child=1 3 -3 4 9 6 -6 -7 -9 -1 11 12 13 -4
right_child=-2 2 10 -5 5 7 -8 8 -10 -11 -12 -13 -14 -15
leaf_value=0.00055433012053023012 -0.0012828588356235621 0.0068996593367314065 -0.019780768432995671 0.017503530057696445 -0.021185685023324845 0.018184434497674141 0.0062204045259453434 -0.014172453887358718 0.010887385156056802 -0.019751420052957987 0.012117983309413778 -0.025804862798255182 -0.020454578867641245 0.0068369813623187703
leaf_weight=116.26590618491173 887.24541845545173 66.96073217317462 21.406344745308161 33.964950487017632 19.319233611226082 70.696682780981064 50.829136237502098 17.94551257789135 34.183805197477341 18.600634217262268 17.710768409073353 24.754456225782633 18.270669370889664 69.176123380661011
leaf_count=541 4160 335 113 165 85 317 223 79 154 83 99 144 94 346
internal_value=9.1313e-05 0.00219171 -0.00148917 0.00441039 0.00300481 0.00675471 -0.00151906 0.0114541 0.00215616 -0.00237098 -0.00522228 -0.00759382 -0.00325521 0.000399401
internal_weight=1467.33 580.085 218.279 361.806 327.841 192.974 70.1484 122.826 52.1293 134.867 151.318 133.608 108.853 90.5825
internal_count=6938 2778 1131 1647 1482 858 308 550 233 624 796 697 553 459
is_linear=0
shrinkage=0.03


Tree=182
num_leaves=15
num_cat=0
split_feature=27 29 32 29 33 32 27 1 14 15 26 32 29 29
split_gain=4.86674 5.84531 5.78961 5.5985 5.74762 8.91877 5.54884 4.63717 4.61891 4.87415 4.34448 4.31067 8.20137 10.1165
threshold=5.155677662971315 1.3774004612902602 0.97381903846659756 1.2557005555921721 0.10118559621313471 -0.58244304235731414 13.980582068890969 0.023716224706699238 -3.7117677765324815 0.00068365698104777561 -3.7203404049357398 0.48098876891938797 1.1317676996470507 0.59206918260358132
decision_type=10 8 2 10 2 2 10 2 10 8 10 2 10 10
left_child=8 2 3 4 6 -6 -2 -7 9 -1 -3 -11 13 -13
right_child=1 10 -4 -5 5 7 -8 -9 -10 11 -12 12 -14 -15
leaf_value=-0.012676771742596467 -0.0096331981975299394 -0.0096011844491289324 0.0085979139041385873 -0.018009521563473005 0.021285655992149509 0.0061868109045525284 -0.00076337892538711405 -0.010106783114709245 0.013279739736452533 0.0024099312815623669 0.008861885085842975 0.0032979059612992349 0.008978917873411622 -0.0085550119261481507
leaf_weight=23.293972179293633 163.04278239607811 13.473998088389633 28.788854651153088 27.331279441714287 17.451781116425991 28.738398693501949 103.8436548858881 32.452297858893871 25.538705974817276 613.34736807271838 56.137312971055508 105.23822105675936 51.647459104657173 165.91196045279503
leaf_count=123 723 78 144 139 84 136 480 161 131 2840 340 484 265 745
internal_value=-0.00026642 -0.00277046 -0.00416182 -0.00516738 -0.00410252 0.0029965 -0.00619775 -0.00247801 0.000933226 0.000591097 0.0052028 0.000934415 -0.001868 -0.00395947
internal_weight=1456.24 471.26 401.649 372.86 345.529 78.6425 266.886 61.1907 984.978 959.439 69.6113 936.145 322.798 271.15
internal_count=6873 2285 1867 1723 1584 381 1203 297 4588 4457 418 4334 1494 1229
is_linear=0
shrinkage=0.03


Tree=183
num_leaves=15
num_cat=0
split_feature=23 32 23 14 23 28 30 23 23 20 19 23 28 30
split_gain=2.65479 12.5305 6.01275 4.55882 4.38805 3.92315 5.76129 3.12161 3.8081 3.67257 3.81584 4.64655 2.78358 4.29419
threshold=-0.0034499873562169416 0.21643961393810271 0.054742640995139404 -3.4743773441603394 -0.044921917673743629 -63.977367965115654 1.2760714385130199 -0.11358803161562404 -0.097381986396663497 0.012246756488920598 -0.41711164608493329 -0.25786143747987322 -52.065081653696048 -2.0708386458262971
decision_type=10 2 10 10 10 8 8 10 10 10 10 10 10 10
left_child=3 2 -2 4 5 6 -1 9 -9 10 11 12 -7 -14
right_child=1 -3 -4 -5 -6 7 -8 8 -10 -11 -12 -13 13 -15
leaf_value=-0.018541121761631207 0.0060357767506746818 0.027946678647718562 -0.015915032545215993 0.014070931120609012 -0.011242622011781968 0.010674709190531362 0.0046702840185947544 0.018346989413310963 0.0011537878092341251 -0.01085336180732247 0.010504612306402367 -0.015546189540872397 -0.012320083013260418 8.0188076870237117e-05
leaf_weight=23.427840679883957 29.753722012042999 16.137052990496159 16.712454810738564 18.726976610720158 32.114868007600307 20.609655115753412 15.328255470842121 17.278466999530792 32.10576406866312 27.470065958797932 29.613745898008347 16.545364134013653 24.695780232548714 1149.1077490225434
leaf_count=127 155 88 82 96 156 107 119 89 152 133 151 83 115 5296
internal_value=2.10621e-05 0.00601624 -0.00202822 -0.000249767 -0.00045293 -0.000189331 -0.00947432 9.07942e-05 0.00741406 -0.00020003 4.44191e-05 -0.000219839 5.29321e-06 -0.000190967
internal_weight=1469.63 62.6032 46.4662 1407.02 1388.3 1356.18 38.7561 1317.43 49.3842 1268.04 1240.57 1210.96 1194.41 1173.8
internal_count=6949 325 237 6624 6528 6372 246 6126 241 5885 5752 5601 5518 5411
is_linear=0
shrinkage=0.03


Tree=184
num_leaves=15
num_cat=0
split_feature=30 28 32 28 29 13 13 31 31 28 29 13 23 33
split_gain=4.21891 5.55366 7.86648 8.73992 7.80155 6.46705 11.4738 9.87255 9.49829 6.10141 6.1213 5.94792 6.07321 6.06368
threshold=0.36745741044462793 -11.305003433648151 0.41268247579971845 -8.1611680461968188 1.1317676996470507 0.92209590533027974 0.77240588263802501 0.58244304235731448 -0.95688340256707749 -4.9949571162688491 0.34831505518521272 -1.4112403219307756 -0.096647875457515076 0.0090276288773079218
decision_type=8 10 2 10 10 8 8 2 2 10 10 10 8 2
left_child=1 -1 5 -4 9 6 11 8 -7 -5 -11 -3 -13 -14
right_child=-2 2 3 4 -6 7 -8 -9 -10 10 -12 12 13 -15
leaf_value=0.0049360150155100795 -0.0023375802501027941 -0.011387860540256279 -0.022099641934543637 0.0088308877958253058 0.010047888231231636 0.0038629851044183591 -0.022180447323101156 -0.00071853673768200086 0.032808485262331821 0.0095349943694884379 -0.0079508379168427967 0.01897164316091756 -0.0026504107327551367 0.0061527971677001287
leaf_weight=249.95085534453392 482.13535592332482 26.959358915686607 21.283088937401772 26.204244703054428 37.217650160193443 18.61757555603981 17.904303774237633 40.066752284765244 22.407860070466995 19.072223857045174 188.27218671888113 19.209468126296997 134.61690180748701 145.68957126885653
leaf_count=1141 2460 129 96 119 182 83 78 181 99 87 869 105 568 648
internal_value=-4.77684e-05 0.00109458 -0.000248598 -0.00403238 -0.00253615 0.00235201 0.000546686 0.00991874 0.0200773 -0.00457579 -0.00630439 0.001857 0.00308309 0.00193067
internal_weight=1449.61 967.472 717.521 292.049 270.766 425.472 344.38 81.0922 41.0254 233.549 207.344 326.475 299.516 280.306
internal_count=6845 4385 3244 1353 1257 1891 1528 363 182 1075 956 1450 1321 1216
is_linear=0
shrinkage=0.03


Tree=185
num_leaves=15
num_cat=0
split_feature=30 13 31 31 13 13 31 13 31 13 31 13 13 31
split_gain=3.46822 4.83032 5.73887 3.66772 3.46073 6.93377 7.33241 6.0243 10.4164 8.12458 9.94865 28.0583 11.3854 12.1819
threshold=-2.0708386458262971 2.0913524227957123 0.33172980431441529 0.99845357241023069 0.02510765951264694 0.16441362168505019 -0.92794370089704248 0.41705907535921211 -0.20576496797711577 0.53996149047760822 -0.5 0.49387493835574298 0.45453946720541855 -0.076279435988900135
decision_type=10 8 2 2 10 10 2 10 2 10 2 10 10 2
left_child=-1 3 -3 4 -2 6 -6 8 -7 10 11 -9 -12 -14
right_child=1 2 -4 -5 5 7 -8 9 -10 -11 12 -13 13 -15
leaf_value=-0.010451433983193342 0.0012657179264671105 0.022394787441247978 0.00010065462713950544 -0.011470261847293283 -0.026635761161773467 0.021469138611257505 -0.0044195753743769871 0.0092428994113759322 -0.0044672161009177347 0.00039659288976711776 -0.01466079769921436 -0.037515930822771403 0.026879756195186434 -0.0071811702886550432
leaf_weight=28.151783615350723 755.98273976147175 17.713309660553932 23.389003925025463 24.970332853496075 18.160849310457706 27.268960449844599 46.014006115496159 18.547111555933952 26.923319146037102 377.98732432723045 29.741997249424458 28.234880499541759 17.970199644565582 18.169157110154629
leaf_count=134 3613 86 120 113 87 125 209 81 120 1791 134 132 82 81
internal_value=-0.000207585 1.08766e-06 0.0100122 -0.000301931 -8.93787e-05 -0.0017708 -0.0110188 -0.000663327 0.0087362 -0.00171716 -0.00874993 -0.0191725 -0.0011729 0.0100233
internal_weight=1459.22 1431.07 41.1023 1389.97 1365 609.018 64.1749 544.843 54.1923 490.651 112.663 46.782 65.8814 36.1394
internal_count=6908 6774 206 6568 6455 2842 296 2546 245 2301 510 213 297 163
is_linear=0
shrinkage=0.03


Tree=186
num_leaves=15
num_cat=0
split_feature=14 14 31 23 28 32 1 31 22 28 31 27 30 14
split_gain=3.02681 2.89023 3.2661 9.25308 5.1302 10.0291 5.59761 4.68128 3.20086 2.80302 2.49716 6.25486 6.07338 5.35967
threshold=-3.453812857313054 -5.3153758210666693 0.94331137514050722 0.34140819936390837 3.3812809771305301 -0.10886687485196482 -0.0131210886454766 0.99275059979806513 -1.1090316895669743 72.934785877150091 0.72982064943493996 -5.509272044816881 0.85813572340500144 -4.7767895800471241
decision_type=10 8 2 8 10 2 2 2 10 10 2 10 10 10
left_child=1 8 9 -4 5 -5 -7 -6 -1 10 12 -12 -3 -14
right_child=-2 2 3 4 7 6 -8 -9 -10 -11 11 -13 13 -15
leaf_value=-0.018378158421268102 0.010470875611432701 -0.00097070418872271754 0.016220861484614373 -0.015542074210039596 -0.0059060787070672107 -0.0016469336314839215 0.019491646018473315 -0.022191384372779455 -0.0011622470582158221 -0.010539520325528335 0.012298958817099389 0.00011578560040415889 0.0068748879459950962 -0.010570103479432597
leaf_weight=15.51491444185376 22.820703722536564 866.91711601614952 16.798038199543953 26.198535673320293 39.532198630273342 25.89581236988306 18.776575371623039 26.79110948741436 23.977958224713802 19.609173446893692 54.113335307687521 121.67812595516443 157.59700742736459 16.717441007494926
leaf_count=82 117 3924 84 126 181 119 81 117 119 154 263 573 841 90
internal_value=-0.000135266 -0.000311709 -8.15942e-05 -0.00418698 -0.00678501 -0.00113452 0.00747021 -0.0127164 -0.00821241 0.000432601 0.000617896 0.00391445 5.81163e-05 0.0051511
internal_weight=1452.94 1430.12 1390.62 153.992 137.194 70.8709 44.6724 66.3233 39.4929 1236.63 1217.02 175.791 1041.23 174.314
internal_count=6871 6754 6553 708 624 326 200 298 201 5845 5691 836 4855 931
is_linear=0
shrinkage=0.03


Tree=187
num_leaves=15
num_cat=0
split_feature=27 27 23 27 14 13 23 1 28 33 13 13 13 29
split_gain=4.22912 6.24047 4.44027 5.01288 7.44126 6.30028 10.3896 6.09756 5.95382 5.83681 16.3215 15.3091 13.317 10.7936
threshold=-34.425760629437356 -26.956809632974196 -0.17557236496253786 5.155677662971315 -4.2727416990040448 1.2434620292191898 -0.090480564519806628 0.0019990313494675908 9.1779824812654471 0.0064685787508312323 -0.91301920221109512 -0.59711722182167826 -0.17073380415206116 1.0020621277279729
decision_type=10 10 8 10 10 8 10 2 10 2 8 8 8 10
left_child=-1 -2 -3 4 7 6 -5 9 -7 10 -4 -12 -13 -14
right_child=1 2 3 5 -6 8 -8 -9 -10 -11 11 12 13 -15
leaf_value=0.011275033551981848 -0.01387150899874842 -0.0097945664788286636 0.01365730090313976 0.00061242612616745984 0.013328271312566253 -0.0014650801319747073 -0.021127629767435274 0.004603212801130829 -0.01967183260789802 0.0016627670653229054 -0.030168674507329563 0.014396236551324361 -0.015460686057317704 0.0040506616605856284
leaf_weight=29.800510223954916 27.44734962284565 37.011031597852707 34.859126649796963 376.17422866821289 47.445732168853283 32.445074766874313 19.88017849624157 310.58205033838749 31.563532441854477 356.16200149804354 24.324661687016487 25.657014563679695 77.521188125014305 37.281624294817448
leaf_count=211 139 186 160 1807 245 159 92 1433 177 1630 102 116 330 169
internal_value=0.000275697 4.01329e-05 0.000320399 0.000599809 0.00188495 -0.00195145 -0.000529291 0.00124364 -0.0106076 -0.000638572 -0.00473196 -0.00868101 -0.00477284 -0.00914421
internal_weight=1468.16 1438.35 1410.91 1373.9 913.833 460.063 396.054 866.388 64.0086 555.806 199.644 164.784 140.46 114.803
internal_count=6956 6745 6606 6420 4185 2235 1899 3940 336 2507 877 717 615 499
is_linear=0
shrinkage=0.03


Tree=188
num_leaves=15
num_cat=0
split_feature=33 29 29 0 33 33 28 28 26 28 1 28 33 1
split_gain=3.77447 7.16618 9.62915 6.42321 6.12529 5.59357 10.4658 5.94845 5.21387 5.4443 12.7045 9.20661 5.28948 8.26108
threshold=0.0064685787508312323 0.59980739384515414 0.72895816326340246 -0.4861835486653901 0.013693981322970113 0.10118559621313471 8.9281253868822592 -0.62127127075761723 -10.047885434820712 13.842170885300932 0.22458025921581648 16.503941725671826 0.002586458977622292 0.063041650061801499
decision_type=2 8 10 2 2 2 10 10 10 8 2 10 2 2
left_child=3 4 5 -1 -2 6 -3 -7 -5 10 12 -11 -10 -14
right_child=1 2 -4 8 -6 7 -8 -9 9 11 -12 -13 13 -15
leaf_value=-0.01261692402386665 0.01730442257585476 -0.0053434856844425732 0.0014329887555949805 0.0083569322116516642 0.0037091466803994017 -0.012671788555235279 -0.02913642045613335 0.0091580406549874888 -0.0029874123805193873 0.022467027388204837 0.018629151191205427 -6.3983323344380636e-05 -0.0070374674853673595 -0.028998972489776235
leaf_weight=45.415253028273582 35.737472027540207 56.715578258037567 572.69884657487273 47.946943536400795 163.60283643752337 17.37168600410223 22.917203299701214 27.923593081533909 188.87777751684189 17.569055385887623 19.389561101794243 134.85317420586944 74.962224144488573 18.784165501594543
leaf_count=217 160 250 2813 233 782 88 103 134 842 78 92 629 332 83
internal_value=2.1719e-05 0.00121962 -0.000216251 -0.00193838 0.0062207 -0.00772808 -0.0124672 0.000692972 -0.000949893 -0.00194804 -0.00427606 0.00266258 -0.00590763 -0.0116976
internal_weight=1444.77 896.967 697.627 547.798 199.34 124.928 79.6328 45.2953 502.383 454.436 302.014 152.422 282.624 93.7464
internal_count=6836 4330 3388 2506 942 575 353 222 2289 2056 1349 707 1257 415
is_linear=0
shrinkage=0.03


Tree=189
num_leaves=15
num_cat=0
split_feature=26 1 26 29 1 0 27 27 1 13 13 26 32 27
split_gain=3.96363 6.38437 6.53588 4.31411 4.19796 5.49643 7.03093 4.18095 6.68966 5.3514 5.13184 5.89908 5.16449 4.35705
threshold=0.76884073528127328 0.27176214257301973 -0.40535314123957272 0.34831505518521272 0.15917889082007705 -0.067100932653573461 -2.960706448797978 8.4354854812662712 0.005359036721501508 -1.5273327396272707 -1.0636845614099635 -4.7167748397480826 0.098011308799811445 -2.6271007210887372
decision_type=10 2 10 8 2 2 10 10 2 8 8 10 2 10
left_child=1 2 3 -1 5 -4 -7 8 9 -5 -10 12 -12 -13
right_child=-2 -3 4 7 -6 6 -8 -9 10 -11 11 13 -14 -15
leaf_value=0.014270164107548174 -0.0020504444252628855 -0.013967351769024269 0.011274730208048407 0.014059532841303344 0.020434629308748793 -0.015045524118653605 0.0059637367217220509 -0.0070107032624796084 -0.0060212032075388135 -0.0020614231961700205 0.0080087184290162736 0.01148556264361855 0.025515870202025649 -0.0049433802857120086
leaf_weight=18.201888598501682 643.41826348006725 23.563381306827068 65.339004814624786 18.467892237007618 18.126354277133942 20.607082396745682 41.62789311259985 70.206549193710089 25.40105015039444 387.40307174623013 42.173130244016647 23.11431297659874 24.057268053293228 35.606786027550697
leaf_count=82 3093 118 296 106 85 93 186 333 118 1813 195 105 112 161
internal_value=-0.000292456 0.00109812 0.00156437 0.000263325 0.00727964 0.00526612 -0.00112071 -0.00016576 0.000709239 -0.00129514 0.00609279 0.00858366 0.0146529 0.00160756
internal_weight=1457.31 813.896 790.332 644.632 145.7 127.574 62.235 626.43 556.224 405.871 150.353 124.951 66.2304 58.7211
internal_count=6896 3803 3685 3025 660 575 279 2943 2610 1919 691 573 307 266
is_linear=0
shrinkage=0.03


Tree=190
num_leaves=15
num_cat=0
split_feature=27 27 33 33 28 29 16 30 29 32 16 23 31 29
split_gain=3.12342 3.24228 3.22893 6.51671 7.60457 6.0444 5.71064 6.63491 9.15308 5.7933 5.60009 6.00197 5.58755 11.1505
threshold=-34.425760629437356 -26.956809632974196 0.0070307244389254363 0.0020143362771543063 1.7011531724708819 1.0225696875279828 -0.017758814821890564 -0.80163460369991868 0.9476399006002324 0.90159026428466915 0.0017791193119531814 0.0011443980323129386 0.39271506111191362 0.80438690138798097
decision_type=10 10 2 2 8 10 10 10 10 2 8 10 2 8
left_child=-1 -2 3 6 5 -5 7 8 9 -3 -4 -12 13 -6
right_child=1 2 10 4 12 -7 -8 -9 -10 -11 11 -13 -14 -15
leaf_value=0.0098087925012005708 -0.0099921098155972814 0.030682150191861112 -0.0088727957237499759 -0.016417873400734247 0.017218043917330193 -0.0022526764478844477 -0.015183166520548996 -8.5492496994949807e-05 -0.0057379502373482404 0.006984803089151552 0.0013756213550872082 0.015731168704373862 -0.0068601550974452877 -0.0094165105282390943
leaf_weight=28.405071210116148 28.031250067055225 19.321460999548435 45.293391674757004 69.706276580691338 34.060985870659351 44.554862104356289 17.283073902130127 242.16408002004027 18.670333094894886 18.494385674595833 787.07588576897979 26.131450708955526 53.243671953678131 22.881691850721836
leaf_count=204 140 84 233 309 151 207 88 1095 82 81 3735 136 244 101
internal_value=0.000130554 -6.88417e-05 0.000137 -0.00167787 -0.00557464 -0.0109618 0.00109935 0.00208915 0.0112515 0.0195711 0.00127999 0.00185567 6.00738e-05 0.00653749
internal_weight=1455.32 1426.91 1398.88 540.381 224.447 114.261 315.933 298.65 56.4862 37.8158 858.501 813.207 110.186 56.9427
internal_count=6890 6686 6546 2442 1012 516 1430 1342 247 165 4104 3871 496 252
is_linear=0
shrinkage=0.03


Tree=191
num_leaves=15
num_cat=0
split_feature=1 33 33 31 1 28 13 13 31 31 13 31 32 23
split_gain=3.77558 7.08908 10.9571 3.11685 8.03546 7.9628 4.14084 6.57322 8.32419 7.22072 5.90795 11.3745 4.58171 9.43293
threshold=-0.2639275919899759 0.010664883377694317 0.0018532788409810444 0.97381903846659756 -0.015140611750931053 4.8122247673543237 -6.5382233044314217 -1.4945286730437706 0.30070579950427329 -0.45201865172701744 -1.366285143069079 0.4126824757997184 0.45201865172701733 -1.0000000180025095e-35
decision_type=2 2 2 2 2 10 8 8 2 2 8 2 2 8
left_child=1 2 -1 6 -5 -6 -2 8 9 -8 11 -9 -12 -14
right_child=3 -3 -4 4 5 -7 7 10 -10 -11 12 -13 13 -15
leaf_value=0.01212629027474907 0.013651159389373392 0.012335734747915441 -0.017157987772480749 -0.015606675657157463 0.014405562574610641 -0.0071497279035259223 -0.013851834181091158 -0.003539198792814253 -0.023600629052946215 0.014180513775429972 0.0013228718732541719 0.024929238646861265 -0.014057749101557259 -0.00082135635468266798
leaf_weight=20.762357473373413 18.935941055417061 58.885754574090242 23.444332078099251 40.219991587102413 24.606332704424858 37.816588990390301 15.785688921809198 25.411805376410484 22.863330975174904 15.301296070218084 724.48566486313939 23.696337398141623 55.26612888276577 350.19768028333783
leaf_count=103 130 308 113 183 112 174 84 117 101 77 3404 114 279 1612
internal_value=9.68938e-05 0.00560286 -0.00344017 -0.000325969 -0.00532561 0.00144026 8.78591e-05 -0.000131333 -0.0102737 -4.213e-05 0.000341064 0.0104211 -0.000105848 -0.00265567
internal_weight=1457.68 103.092 44.2067 1354.59 102.643 62.4229 1251.94 1233.01 53.9503 31.087 1179.06 49.1081 1129.95 405.464
internal_count=6911 524 216 6387 469 286 5918 5788 262 161 5526 231 5295 1891
is_linear=0
shrinkage=0.03


Tree=192
num_leaves=15
num_cat=0
split_feature=28 29 32 13 32 29 32 13 13 29 13 13 13 31
split_gain=4.78332 5.71612 6.84163 12.107 10.6908 9.61812 5.53193 9.97631 7.04981 6.09538 5.95759 5.95423 12.2007 6.25059
threshold=-0.8176750332822279 1.4217134846592185 -0.6259234721840593 0.77240588263802501 -0.91959550581536675 0.84347766246855416 -0.18436924984152966 -0.13633519507726158 2.0913524227957123 0.83931273754810809 0.62934111587365849 -1.4945286730437706 -0.84702278855991131 0.77296446310593014
decision_type=10 10 2 10 2 8 2 8 8 10 10 10 10 2
left_child=1 2 3 4 5 -1 7 9 11 -4 -9 -8 -13 -14
right_child=-2 -3 6 -5 -6 -7 8 10 -10 -11 -12 12 13 -15
leaf_value=0.01748861705185387 -0.00130453970904925 -0.0060127795422341337 0.017359976513218352 -0.011483152495693276 0.021654882566985098 -0.0040918914264731774 -0.011698462857299941 -0.027634664934715284 0.020160334872778476 -0.0052083826930512138 -0.0046948457371889163 0.015871109107317694 -0.0018846303875389013 0.0089408453226888559
leaf_weight=29.719339296221733 773.90086393803358 69.001999340951443 17.690558068454266 22.560181245207787 56.763643346726894 46.33380314707756 26.335660770535469 19.69450830668211 18.822380319237709 24.627146236598492 21.047865055501461 53.495684295892715 227.80352322012186 59.75022429972887
leaf_count=130 3652 416 97 100 262 201 140 94 93 121 107 239 1034 268
internal_value=0.000316209 0.00212375 0.00303074 0.00846591 0.0119149 0.00445866 0.00121695 -0.00576261 0.00272902 0.00440909 -0.0161801 0.00178365 0.00285589 0.000387963
internal_weight=1467.55 693.647 624.645 155.377 132.817 76.0531 469.268 83.0601 386.207 42.3177 40.7424 367.385 341.049 287.554
internal_count=6954 3302 2886 693 593 331 2193 419 1774 218 201 1681 1541 1302
is_linear=0
shrinkage=0.03


Tree=193
num_leaves=15
num_cat=0
split_feature=21 28 32 27 23 29 32 23 32 31 32 31 0 31
split_gain=2.77611 2.89431 5.507 6.53673 5.44226 5.36503 7.44007 5.94176 4.81797 4.68229 4.44136 8.34994 5.77086 7.89506
threshold=0.98684909132451548 -11.650079779625953 0.06540312923014284 -24.645451206826149 0.078473489910176705 1.1582858184742924 -0.83146961230254512 -0.10221670272142321 0.48098876891938797 -0.91080963307804841 -0.64278760968653914 -0.36243803828370141 -0.31472633935148531 -0.098011308799811112
decision_type=10 10 2 10 8 8 2 8 2 2 2 2 2 2
left_child=1 2 4 -4 -1 7 -7 8 -3 -8 11 -9 -13 -14
right_child=-2 5 3 -5 -6 6 9 10 -10 -11 -12 12 13 -15
leaf_value=0.01131802371613513 -0.010447190938959497 0.016737438464552612 -0.0094349220019959035 0.0072212290547123623 -0.0034645871524084312 -0.0054196777216860672 -0.0086128694639422427 0.016308340452497128 -0.0026105554645988798 0.008278533436675159 -0.0044478838138167949 0.010366093750605895 -0.01775209563215362 -0.00024268078913133756
leaf_weight=24.428073767572641 24.806329011917114 24.315274834632874 23.265819393098354 173.49099699780345 189.06663679331541 67.916106030344963 15.749639883637427 26.11519680172205 20.919509261846542 135.2040893882513 572.0314790867269 27.839848414063454 29.670513197779655 94.976507842540741
leaf_count=125 126 129 129 806 946 332 81 119 103 722 2614 121 124 406
internal_value=-0.000694995 -0.000518021 0.0016058 0.00521395 -0.00172828 -0.0013774 0.00277348 -0.00252097 0.00792673 0.0064711 -0.00316028 0.000965484 -0.0017513 -0.00451867
internal_weight=1449.8 1424.99 410.252 196.757 213.495 1014.74 218.87 795.868 45.2348 150.954 750.634 178.602 152.487 124.647
internal_count=6883 6757 2006 935 1071 4751 1135 3616 232 803 3384 770 651 530
is_linear=0
shrinkage=0.03


Tree=194
num_leaves=15
num_cat=0
split_feature=23 1 23 33 13 13 33 1 33 13 29 31 33 13
split_gain=3.98082 6.25779 4.49296 14.6358 5.09856 14.6223 9.89292 11.9382 10.3294 8.5729 15.0832 8.63256 8.38369 7.30317
threshold=-0.0052137397357989021 0.10447509700081779 -0.077913272069204051 0.028990158688221381 0.77240588263802501 0.89670866023522788 0.0011240704380516976 -0.11680401856005361 0.003609694286145135 0.62934111587365849 0.73193256289022468 0.99275059979806513 0.037224100589487212 1.0556154838947249
decision_type=10 2 10 2 10 10 2 2 2 10 10 2 2 10
left_child=2 -2 4 -4 9 12 -7 -8 -9 11 -11 -1 -6 -10
right_child=1 -3 3 -5 5 6 7 8 13 10 -12 -13 -14 -15
leaf_value=0.00071029988499882483 0.013412024393387683 -0.0069256921334189597 -0.022328428348619964 0.0080412708899656789 -0.034347832369263469 0.012244352029510247 0.0050029009682246509 -0.024453223481073837 0.010519574731378652 -0.005870132770469238 0.030995069177521886 -0.01403077973705763 -0.0056495687816822656 -0.0087005989472004001
leaf_weight=971.87483163550496 42.515647809952497 19.072606693953276 31.058323927223682 25.029337327927351 19.256497699767351 40.510628044605255 85.917226821184158 30.061605036258698 21.606257826089859 17.794751241803169 21.004383649677038 36.118144772946835 17.580946579575539 83.882971331477165
leaf_count=4584 226 101 146 123 89 188 410 139 94 76 96 162 84 411
internal_value=-0.000299029 0.00710383 -0.000629131 -0.00887237 -0.000279203 -0.00372866 -0.00120607 -0.00371039 -0.00922939 0.000708095 0.0143646 0.000168719 -0.0211627 -0.00470211
internal_weight=1463.28 61.5883 1401.7 56.0877 1345.61 298.816 261.979 221.468 135.551 1046.79 38.7991 1007.99 36.8374 105.489
internal_count=6929 327 6602 269 6333 1415 1242 1054 644 4918 172 4746 173 505
is_linear=0
shrinkage=0.03


Tree=195
num_leaves=15
num_cat=0
split_feature=16 23 32 1 26 1 33 0 0 29 29 30 22 27
split_gain=3.94347 4.52686 10.685 3.40928 7.96795 3.32747 3.24934 3.23627 2.99849 4.48759 5.63949 5.51352 3.78249 4.20661
threshold=-0.0047397800745248011 0.014031049376517309 -0.564573334685324 0.26631306850275288 -0.11740451523856164 0.23808184699050347 0.031509520874490861 0.53992814159989255 0.23247088660434839 0.57730922353624659 0.55929277187099358 0.35569053825441926 0.60179274288073148 -6.8841232620719941
decision_type=10 10 2 2 10 2 2 2 2 10 8 10 10 10
left_child=1 3 -3 5 -5 7 -6 8 9 10 11 -1 13 -11
right_child=-2 2 -4 4 6 -7 -8 -9 -10 12 -12 -13 -14 -15
leaf_value=-0.00033389919482514963 -0.0074515360357281729 -0.0070791411878458471 0.02546900068608856 -0.023041230887108348 -0.0065971608089918842 0.011379706107352951 0.0092931334316749496 -0.0081605412635767163 0.0038225484716516017 0.0023359029089607512 0.018964299983342377 0.014855000631948974 -0.013983409180389841 -0.002194873106987657
leaf_weight=124.39746848493814 58.002829514443874 15.855023592710493 19.197762817144394 17.708535179495811 25.983028318732977 23.915762878954411 19.291831184178591 38.350401367992163 211.25233416631818 276.04120504483581 19.862631887197495 24.995017118752003 18.702887736260891 550.90692398324609
leaf_count=575 291 76 109 87 146 121 112 186 1014 1343 92 119 89 2492
internal_value=0.00014451 0.000467433 0.0109589 0.000187404 -0.00657209 0.000522676 0.000228273 0.000308506 0.000579826 -9.82441e-05 0.00434601 0.00228925 -0.000991835 -0.000681473
internal_weight=1444.46 1386.46 35.0528 1351.41 62.9834 1288.42 45.2749 1264.51 1226.16 1014.91 169.255 149.392 845.651 826.948
internal_count=6852 6561 185 6376 345 6031 258 5910 5724 4710 786 694 3924 3835
is_linear=0
shrinkage=0.03


Tree=196
num_leaves=15
num_cat=0
split_feature=30 13 32 29 24 13 13 13 33 33 31 13 31 13
split_gain=3.11931 5.66019 4.23738 4.19465 2.96469 2.30091 9.78444 17.3516 9.97586 9.63518 9.54608 8.17431 7.61649 6.07277
threshold=-1.5194406501835556 0.67482541559110121 -0.46174861323503363 0.6672375160667563 -0.001028080805643584 0.53996149047760822 0.72715256982079479 0.89670866023522788 0.0008054316641544361 0.043975078840948943 0.99512551815703276 0.51920004969922184 0.98990318592078563 1.3007426348145792
decision_type=10 10 2 10 8 8 10 10 2 2 2 10 2 10
left_child=1 2 -1 -4 -2 10 -7 9 -9 -8 11 -6 13 -10
right_child=4 -3 3 -5 5 6 7 8 12 -11 -12 -13 -14 -15
leaf_value=-0.013195970603656192 -0.0096673539109372025 -0.020012785123027919 -0.0055586020828948778 0.011946423162559082 0.0010321818735370295 0.011912178693445984 -0.032582383888588015 0.01847017237505159 0.0043775381489999715 -0.0018249704866949022 -0.018043534862039468 -0.015353799872717235 0.017712190456185391 -0.0053948168486812045
leaf_weight=17.905931800603867 23.648807607591152 17.415804848074913 22.940652623772621 24.553433805704117 886.83543807640672 81.941788639873266 19.649532400071621 31.676900260150433 107.33506286144257 16.708881132304668 24.609653875231743 27.27350827306509 20.95064152777195 120.35237908735871
leaf_count=79 117 90 111 114 4211 363 92 147 491 81 114 129 95 628
internal_value=0.000298231 -0.00531926 -0.00116395 0.00355086 0.00064371 0.000833133 0.00273963 0.000336131 0.00288612 -0.0188747 2.15098e-05 0.000527043 0.000834652 -0.000788994
internal_weight=1443.8 82.8158 65.4 47.4941 1360.98 1337.33 398.615 316.673 280.315 36.3584 938.719 914.109 248.638 227.687
internal_count=6862 394 304 225 6468 6351 1897 1534 1361 173 4454 4340 1214 1119
is_linear=0
shrinkage=0.03


Tree=197
num_leaves=15
num_cat=0
split_feature=27 13 31 31 13 13 31 1 33 13 1 31 13 13
split_gain=3.44384 3.26727 3.01049 3.64964 7.14575 10.7224 10.4866 8.36506 8.29182 10.7801 7.52285 3.8809 9.99424 8.91906
threshold=-34.425760629437356 2.0913524227957123 0.99845357241023069 0.72982064943493996 -1.0636845614099635 -0.61068346401811635 0.92794370089704281 1.0000000180025095e-35 0.072502647865787667 0.037613461808279604 -0.12026385030174663 -0.29026740676763269 0.67482541559110121 0.89670866023522788
decision_type=10 10 2 2 10 10 2 2 2 10 2 2 8 8
left_child=-1 2 3 11 6 -6 -5 10 9 -9 -7 -2 -13 -14
right_child=1 -3 -4 4 5 7 -8 8 -10 -11 -12 12 13 -15
leaf_value=0.010191459141567079 0.00051229473114210969 0.0093025527603396302 -0.010710644046365637 0.0059446602835548142 0.020901798215644717 0.0052429625433380467 -0.017143087482174253 -0.0012414994188362648 -0.0023584883769001653 0.023471981549931333 -0.011897822046342273 -0.00081220583360395798 -0.028804907064514003 -0.0068797334126240424
leaf_weight=27.437955986708403 575.8940504193306 29.889048658311367 24.819839097559452 33.948625825345516 31.99886554479599 40.931312739849091 35.150380790233612 24.884643029421568 42.602778561413288 42.460143398493528 50.461391046643257 399.72398004680872 19.517818406224251 96.107868731021881
leaf_count=196 2736 149 114 171 150 191 173 124 214 192 227 1822 89 456
internal_value=-0.000147575 -0.000350332 -0.000560136 -0.000371818 0.00253908 0.00504578 -0.00587699 0.00243495 0.00797785 0.0144555 -0.00424746 -0.00118016 -0.00306877 -0.010796
internal_weight=1475.83 1448.39 1418.5 1393.68 302.438 233.339 69.099 201.34 109.948 67.3448 91.3927 1091.24 515.35 115.626
internal_count=7004 6808 6659 6545 1442 1098 344 948 530 316 418 5103 2367 545
is_linear=0
shrinkage=0.03


Tree=198
num_leaves=15
num_cat=0
split_feature=19 24 14 22 32 28 28 33 28 26 27 31 28 29
split_gain=3.08057 4.61921 5.56641 4.59038 2.84827 7.44873 6.72619 5.69146 5.9938 5.63961 5.41188 4.82163 6.89002 4.66717
threshold=0.42780900070482636 0.00022406215713388538 -5.0107023508655359 -0.63509523180287142 -0.39271506111191329 -26.146882706896687 -13.728561346484367 0.061372166424568733 18.034388715149067 4.8612745995502147 21.12422133657255 0.098011308799811389 -39.107287732491606 1.2848560469317938
decision_type=10 8 8 10 2 8 10 2 10 10 8 2 10 8
left_child=1 3 -3 -1 5 11 -7 9 -9 13 -11 12 -4 -8
right_child=-2 2 4 -5 -6 6 7 8 -10 10 -12 -13 -14 -15
leaf_value=-0.0026765680470820707 -0.0059745355994984478 -0.011741646261326547 -0.0038688755235206434 0.013598391949386179 -0.0008344965963660955 0.01367456564275408 -0.001029248969559802 0.015147429503649799 0.00037887040465857489 0.011428078769956596 -0.0090637365589119733 0.0027733465888395742 -0.028033708652456711 -0.014525823697477121
leaf_weight=23.554259859025478 72.840608086436987 34.839849133044481 30.995208643376827 43.564471229910851 802.74521598592401 52.721755772829056 142.67280414700508 51.942779466509819 46.514758598059416 52.384116820991039 14.009176969528196 31.182101350277662 15.47357616573572 26.548358406871557
leaf_count=120 370 175 193 222 3739 243 604 258 260 228 84 157 75 123
internal_value=-5.68126e-06 0.000315999 -8.23609e-05 0.0079315 0.000247203 0.00211459 0.00381794 0.00222624 0.00824421 -0.000312741 0.00703391 -0.00631078 -0.0123365 -0.00321956
internal_weight=1441.99 1369.15 1302.03 67.1187 1267.19 464.445 386.794 334.072 98.4575 235.614 66.3933 77.6509 46.4688 169.221
internal_count=6851 6481 6139 342 5964 2225 1800 1557 518 1039 312 425 268 727
is_linear=0
shrinkage=0.03


Tree=199
num_leaves=15
num_cat=0
split_feature=27 28 13 13 29 27 23 1 29 33 29 33 29 0
split_gain=3.42622 4.13172 5.45092 3.7435 3.47695 3.05239 5.59423 6.74903 6.41492 7.57739 6.08727 8.34729 7.91298 4.89431
threshold=20.618206204270354 7.5294595181762967 -0.083986017125027623 -0.49626739035689221 1.1868658371179868 0.078225229653838838 -0.030740364609416714 -0.0062263326020763335 0.57730922353624659 0.047796691270242712 1.2325333390291326 0.056465118932625756 0.46697505520488858 0.041907150414614923
decision_type=8 10 8 10 10 10 10 2 8 2 10 2 8 2
left_child=5 4 3 -3 -2 6 7 8 9 -1 12 -12 -9 -10
right_child=1 2 -4 -5 -6 -7 -8 10 13 -11 11 -13 -14 -15
leaf_value=-0.0029703043395816675 0.022099051640302229 -0.00054013180711472294 -0.0057026044243767221 0.019338940460134658 0.0026074267408510345 -0.0021405311838734288 0.01166287287002944 -0.010496828232067431 -0.0020859415002529983 0.014701048356306914 -0.019176332996854607 0.0089294940478926044 0.008973584311558383 -0.011381215770502487
leaf_weight=45.171942792832851 18.096072144806385 15.81695821508765 44.90293412655592 17.361372105777264 15.01192572340369 609.15416365116835 38.842262834310532 20.413390196859837 331.95416973158717 40.782325319945812 20.021649524569511 16.545284368097782 160.3649038001895 59.398447286337614
leaf_count=204 85 97 248 94 85 2836 205 94 1577 196 101 85 724 269
internal_value=-0.000152192 0.00488456 0.00106523 0.0101236 0.0135967 -0.000572627 0.000730632 0.000103457 -0.00189174 0.00548678 0.00447366 -0.00656023 0.00672935 -0.00352217
internal_weight=1453.84 111.189 78.0813 33.1783 33.108 1342.65 733.494 694.652 477.307 85.9543 217.345 36.5669 180.778 391.353
internal_count=6900 609 439 191 170 6291 3455 3250 2246 400 1004 186 818 1846
is_linear=0
shrinkage=0.03


Tree=200
num_leaves=15
num_cat=0
split_feature=30 22 23 23 19 0 28 27 28 32 26 29 32 29
split_gain=4.40559 5.26041 5.50661 5.54643 4.85286 3.493 4.11173 5.12971 4.68717 4.9353 4.41447 4.37482 4.49295 4.36
threshold=0.15176466516325207 -1.0627579860773262 -0.17391916034212496 -0.10221670272142321 -0.67390928156108021 -0.64180476579166956 -11.305003433648151 -4.4342176417799797 -8.1611680461968188 0.37256073532439549 7.0412655573726122 1.0610864028444882 0.32143946530316164 0.94375499630317938
decision_type=8 8 8 8 8 2 10 10 10 2 8 10 2 10
left_child=1 -1 -3 -4 -2 -5 7 11 9 -8 -9 12 -7 -10
right_child=4 2 3 5 -6 6 8 10 13 -11 -12 -13 -14 -15
leaf_value=0.017014116904422935 -0.014613090732003819 -0.014232187727620514 0.014993089969959895 -0.010471516910879174 -0.00078375815399379218 -0.011714494599046771 0.00055964473930798515 0.013519998345224606 0.0031334365859866727 -0.020251016643463481 -0.0029913594357380831 0.012736486017691357 0.0032312820349797225 -0.002743453267571467
leaf_weight=19.538393586874008 22.758991248905659 18.236378788948059 27.595047675073147 20.23473135381937 593.52930887416005 29.065854072570801 21.865049511194229 78.583181418478489 372.65976197272539 18.230723306536674 17.445995680987835 20.08995907753706 44.703491598367691 162.36152550578117
leaf_count=89 116 92 148 100 2976 132 98 353 1664 82 80 94 199 742
internal_value=0.000612963 0.0020114 0.00163866 0.00201178 -0.00131731 0.0015371 0.00186799 0.00568328 0.000600605 -0.00916506 0.0105204 0.000675596 -0.00273542 0.0013482
internal_weight=1466.9 850.61 831.072 812.835 616.288 785.24 765.006 189.888 575.117 40.0958 96.0292 93.8593 73.7693 535.021
internal_count=6965 3873 3784 3692 3092 3544 3444 858 2586 180 433 425 331 2406
is_linear=0
shrinkage=0.03


Tree=201
num_leaves=15
num_cat=0
split_feature=28 33 13 29 29 33 13 28 13 32 29 1 13 13
split_gain=2.89245 9.0498 10.8445 10.5721 7.59249 6.98079 9.06823 5.52448 7.43608 5.20977 10.1626 7.64201 6.86262 5.96598
threshold=-11.650079779625953 0.27505096748795849 0.50476536847061382 1.2189072421972857 0.95462674546161252 0.061372166424568733 -0.37602764790831228 -23.951301328404281 0.53996149047760822 0.59130964836358235 0.49934855636964182 -0.12218151100954007 -0.49385539650454757 -0.37602764790831228
decision_type=10 2 10 10 10 2 10 10 8 2 8 2 8 10
left_child=1 3 4 5 -3 9 -7 8 -5 10 -1 -11 -12 -14
right_child=-2 2 -4 7 -6 6 -8 -9 -10 11 12 -13 13 -15
leaf_value=-0.014606870308441761 -0.0010731436168075503 -0.015773726007865085 -0.027702635444430631 -0.019909409246292521 0.00947396820865881 0.0017479900980553573 0.026577344350395424 0.0044532046266829023 0.0048790259782260925 -0.012919540309619216 0.02096660039521506 0.0077180384445255422 -0.0097982422340467147 0.0088440235143520656
leaf_weight=16.675121754407883 1031.7684415914118 16.581569172441959 17.810488313436508 33.17700432240963 26.467803653329611 23.103333324193954 30.480909034609795 28.034149810671806 15.492411538958548 33.116277053952217 34.845756538212299 29.746690109372139 17.726870194077492 90.436304338276386
leaf_count=79 4829 93 101 186 151 117 141 131 100 150 165 131 81 407
internal_value=-0.000223497 0.00189303 -0.00870028 0.00373967 -0.00038815 0.00647314 0.0161001 -0.00605741 -0.0120794 0.00409353 0.00696124 -0.00318592 0.00956009 0.00572697
internal_weight=1445.46 413.695 60.8599 352.835 43.0494 276.131 53.5842 76.7036 48.6694 222.547 159.684 62.863 143.009 108.163
internal_count=6862 2033 345 1688 244 1271 258 417 286 1013 732 281 653 488
is_linear=0
shrinkage=0.03


Tree=202
num_leaves=15
num_cat=0
split_feature=30 29 32 29 23 29 29 28 13 29 13 13 31 13
split_gain=3.62015 6.13411 4.92593 13.0245 12.7632 11.1211 8.14282 8.83025 9.60791 7.8108 7.54142 10.0384 11.3185 7.12128
threshold=0.49417498092221196 0.92625212145078739 0.47136869107721086 0.83519448053784628 -0.0071784774172267383 0.64834793630381571 0.91272826231912285 26.86393659469211 -1.4704004085590916 0.74550874717510685 0.45453946720541855 -0.91301920221109512 0.52803643325367289 0.099270437569575126
decision_type=8 8 2 10 8 10 10 10 8 10 10 10 2 10
left_child=2 -2 6 5 -5 13 7 8 -1 -7 11 -6 -13 -4
right_child=1 -3 3 4 10 9 -8 -9 -10 -11 -12 12 -14 -15
leaf_value=-0.01177776251833444 -0.0064785988620221606 0.00099962491953137743 0.0051490404932187936 -0.013669828211620652 0.017367955081643224 -0.021483670086883695 -0.00090497244457710038 -0.007296199797488777 0.0090905044305874521 -0.0033700959222192476 0.018251052004214577 0.0060052231273452104 -0.021495580030829482 -0.007417239894443887
leaf_weight=20.413361340761185 157.08619782328606 262.28401663899422 87.011136770248413 25.376472108066082 30.385879628360271 50.323626480996609 255.0116775482893 38.724750459194183 300.44081171602011 37.521980740129948 50.428202047944069 37.485525734722614 19.763134583830833 74.331754975020885
leaf_count=102 768 1424 403 125 161 227 1154 171 1347 169 223 170 86 349
internal_value=0.0005357 -0.00181029 0.0014943 -0.00103973 0.00552158 -0.00534806 0.00319453 0.00609633 0.00773036 -0.0138717 0.00912197 0.00372211 -0.00369453 -0.000650357
internal_weight=1446.59 419.37 1027.22 412.628 163.439 249.188 614.591 359.579 320.854 87.8456 138.063 87.6345 57.2487 161.343
internal_count=6879 2192 4687 1913 765 1148 2774 1620 1449 396 640 417 256 752
is_linear=0
shrinkage=0.03


Tree=203
num_leaves=15
num_cat=0
split_feature=23 23 23 32 13 28 22 13 13 29 29 29 32 13
split_gain=3.28578 5.03153 4.05843 9.45835 7.98347 7.66759 2.92943 2.90925 7.86671 9.66739 6.58883 8.94046 9.8294 14.2043
threshold=-0.2434052935965873 -0.17557236496253786 -0.077913272069204051 0.47136869107721086 -0.0038990723179277401 2.5406317593112964 -1.3510707378772082 -0.57745133864518761 -0.84702278855991131 0.88714151438429623 0.79460314949185407 0.9476399006002324 0.44228869021900119 -1.0636845614099635
decision_type=8 8 8 2 10 10 8 8 10 10 10 10 2 10
left_child=-1 -2 3 4 -3 -5 -4 8 10 -10 -8 -12 13 -13
right_child=1 2 6 5 -6 -7 7 -9 9 -11 11 12 -14 -15
leaf_value=0.01248783837525631 -0.013691407402086048 0.031572167757923777 -0.011396834372082202 0.008517322443283076 0.004257223322044864 -0.018533337306678711 -0.0058828385815412549 0.00073012812694430969 0.00090063379394480321 -0.018274152934082036 0.016071319024955358 -0.011656274022994196 0.013458906141819355 0.014975954695611578
leaf_weight=17.708749584853649 23.335249960422516 17.235588848590851 20.127643674612045 19.325465902686119 21.181742310523987 16.675073780119419 99.189110852777958 957.32335251942277 42.273748777806759 52.497128788381815 39.734981648623943 71.33918422088027 34.35380357503891 23.06822656840086
leaf_count=86 119 105 106 98 99 79 464 4492 187 243 191 350 184 110
internal_value=-3.59855e-06 -0.000166038 6.66357e-05 0.00683804 0.0170019 -0.00417452 -0.000314264 -0.000136746 -0.00242205 -0.0098009 0.000217099 0.00382149 -5.3461e-05 -0.00505999
internal_weight=1455.37 1437.66 1414.33 74.4179 38.4173 36.0005 1339.91 1319.78 362.456 94.7709 267.685 168.496 128.761 94.4074
internal_count=6913 6827 6708 381 204 177 6327 6221 1729 430 1299 835 644 460
is_linear=0
shrinkage=0.03


Tree=204
num_leaves=15
num_cat=0
split_feature=33 29 29 28 32 27 32 30 1 1 32 32 32 32
split_gain=3.55934 6.02023 8.99941 5.9407 7.80727 5.93562 9.43683 11.1377 10.2908 7.01324 6.36129 5.89729 5.00295 6.87862
threshold=0.0059513797502921996 0.51358564529561124 0.74237618021120599 25.113227115207696 0.72982064943493985 -18.399925981933404 0.95688340256707793 0.6494904808494798 -0.10113165534426463 0.15917889082007705 -0.58244304235731414 0.14132478920498384 0.032717136199948357 -0.75894212529897775
decision_type=2 8 10 10 2 10 2 10 2 2 2 2 2 2
left_child=1 11 12 5 -5 -4 7 9 -9 10 -7 -1 13 -3
right_child=-2 2 3 4 -6 6 -8 8 -10 -11 -12 -13 -14 -15
leaf_value=-0.024146862321951113 0.0010207985592115903 -0.00071107904475290189 0.0060184235948046545 -0.0011049334972594508 0.021629627896802232 -0.0056018979548691358 0.0090163926101766798 -0.01442906509851165 0.013843921129211862 0.0047300084165503558 -0.018437561590375805 -0.0031014637212847538 -0.0020147574336451222 0.018349895918796721
leaf_weight=19.893674559891224 922.92074577882886 27.345090061426163 36.38141942024231 57.473675951361656 16.771319516003132 52.603065863251686 29.254691645503044 17.041472420096397 31.524609751999378 19.035873644053936 108.47884101420641 28.914857558906078 40.389439389109612 43.896928019821644
leaf_count=96 4481 121 192 276 84 224 132 81 149 88 479 131 175 200
internal_value=-0.000103511 -0.00206325 -0.00103125 -0.00329182 0.00424982 -0.00520222 -0.00680199 -0.00885602 0.00383219 -0.0122795 -0.0143064 -0.0119919 0.00639527 0.0111251
internal_weight=1451.93 529.005 480.196 368.565 74.245 294.32 257.939 228.684 48.5661 180.118 161.082 48.8085 111.631 71.242
internal_count=6909 2428 2201 1705 360 1345 1153 1021 230 791 703 227 496 321
is_linear=0
shrinkage=0.03


Tree=205
num_leaves=15
num_cat=0
split_feature=1 29 30 32 29 31 13 1 33 13 31 14 16 29
split_gain=2.96187 10.2498 7.51802 8.31441 6.323 7.24841 7.37367 9.3657 10.0477 6.60548 6.11925 14.7306 9.44682 7.9026
threshold=-0.12026385030174663 0.45355456280011053 0.36745741044462793 -0.88186879444286459 1.0760201314655131 -0.9927505997980649 0.53996149047760822 -0.062422281421554912 0.00087542693738207908 0.351640913782858 -0.79335334029123528 -5.2939681577945921 0.0088029056390652744 0.77700117734398477
decision_type=2 10 8 2 8 2 8 2 2 10 2 10 8 10
left_child=1 -1 3 -3 5 -2 9 -8 -9 10 11 13 -12 -7
right_child=4 2 -4 -5 -6 6 7 8 -10 -11 12 -13 -14 -15
leaf_value=0.01734535055301974 0.011557531874046624 0.017302689857549802 -0.0048209667371774565 0.0017012918874101666 0.002853920140334669 -0.0076937145300417942 -0.010854190327565228 0.022127727629913239 0.0019405671214639522 -0.014065433250620849 -0.022599878454186557 0.012328079553693508 -0.00055293325262571887 -0.028662767353034947
leaf_weight=36.574315272271633 32.192572012543678 35.291819289326668 132.07785143703222 203.01681096106768 329.13476473093033 37.004111804068089 39.643391594290733 25.570473797619343 136.10924584418535 59.388397924602032 17.458938919007778 18.79526399821043 334.99292907863855 29.243663191795349
leaf_count=174 145 152 700 928 1676 164 178 116 629 259 89 98 1522 131
internal_value=0.000242806 0.00241497 0.000897917 0.0040744 -0.000593001 -0.00214804 -0.0027956 0.00204061 0.00524966 -0.00475526 -0.00346224 -0.0106368 -0.00170589 -0.0172386
internal_weight=1466.49 406.961 370.386 238.309 1059.53 730.399 698.206 201.323 161.68 496.883 437.495 85.043 352.452 66.2478
internal_count=6961 1954 1780 1080 5007 3331 3186 923 745 2263 2004 393 1611 295
is_linear=0
shrinkage=0.03


Tree=206
num_leaves=15
num_cat=0
split_feature=0 26 26 31 30 14 31 30 0 33 27 26 0 27
split_gain=2.71956 4.72432 3.14049 5.1856 4.83121 4.65757 4.14241 7.70158 3.84514 3.82747 3.52928 3.42771 3.95074 3.2111
threshold=-0.24757967941941775 -16.203405701737946 0.56464632685049321 -0.92794370089704248 -0.2408998362815398 -4.6859990985903535 0.75894212529897775 0.8775223773335491 -0.17231460652327643 0.02667223358031583 -11.899026750814555 -3.6160478853641815 -0.096948602390467861 11.026282401838118
decision_type=2 8 10 2 10 8 2 10 2 2 10 8 2 8
left_child=-1 -2 3 -3 11 -6 7 10 -4 -8 -7 -5 -13 -10
right_child=1 2 8 4 5 6 9 -9 13 -11 -12 12 -14 -15
leaf_value=0.0023585555875133232 -0.013438332763776319 0.010128609667363604 -0.011287060772005504 -0.0088679483410262702 0.016909788378364595 -0.01551833934954853 0.019986214319399256 0.010473496471655689 -0.002668119542616307 0.0031693310334347494 -0.0021052800934807103 0.0078419986315066883 -0.0038825199125362103 0.0021369986709683275
leaf_weight=380.30183328688145 24.16040525585413 55.412176631391048 34.415088996291161 61.760121248662472 19.967105068266392 22.309773921966553 17.650511868298054 37.799340836703777 380.69215219467878 36.506062462925911 74.504662215709686 36.782615132629871 81.013654135167599 185.35369938984513
leaf_count=1819 133 246 156 278 101 102 80 189 1773 182 334 164 368 966
internal_value=0.000183396 -0.000592396 -0.000282587 0.00162926 0.000393448 0.00348936 0.00198819 -0.000843002 -0.0016957 0.00891321 -0.00532322 -0.00320499 -0.000186272 -0.00109367
internal_weight=1448.63 1068.33 1044.17 443.706 388.294 208.737 188.77 134.614 600.461 54.1566 96.8144 179.556 117.796 566.046
internal_count=6891 5072 4939 2044 1798 988 887 625 2895 262 436 810 532 2739
is_linear=0
shrinkage=0.03


Tree=207
num_leaves=15
num_cat=0
split_feature=15 31 13 13 13 31 28 13 13 13 33 13 33 1
split_gain=4.07034 3.62905 7.44421 8.31866 6.75766 10.3909 8.22686 8.12196 31.095 22.1558 8.58118 7.96642 7.52865 4.2771
threshold=0.0059830291263072164 -0.75894212529897742 -6.5382233044314217 -0.67141607150808447 -0.18684336526570297 -0.97854064376158167 5.952121400767397 0.53996149047760822 0.49387493835574298 0.18049242442669808 0.010664883377694317 1.2079188283058431 0.001443335012605703 -0.25572894261027251
decision_type=10 2 10 10 10 2 10 10 10 10 2 10 2 2
left_child=1 2 -1 -4 5 -5 -7 8 9 10 -6 -9 -13 -3
right_child=-2 13 3 4 7 6 -8 11 -10 -11 -12 12 -14 -15
leaf_value=0.016156765392196425 -0.013965985206331437 0.0075212990904866646 -0.015264109691534276 0.023137475244351773 -0.020853396472868969 0.010710053927881271 -0.012851872681461906 0.015616739249556101 -0.04164785307419519 0.019932325830989368 0.0027857096808316236 0.012536624795874642 -0.011062366937678281 0.00061249114630403643
leaf_weight=17.317349128425121 17.124944061040878 86.605122670531273 45.285100672394037 21.700621873140335 36.511871583759785 25.410066030919552 25.953520722687244 27.143784835934639 21.052216835319996 27.750767938792706 21.54508139193058 16.550418723374605 38.953114815056324 1018.792956519872
leaf_count=94 86 449 212 102 170 126 123 123 99 123 107 81 195 4805
internal_value=0.000161715 0.000340471 -0.00244075 -0.00353581 -0.00146282 0.00623358 -0.00121363 -0.0044473 -0.0098721 -0.00168621 -0.0121822 0.00260093 -0.00392813 0.00116009
internal_weight=1447.7 1430.57 325.174 307.857 262.571 73.0642 51.3636 189.507 106.86 85.8077 58.057 82.6473 55.5035 1105.4
internal_count=6895 6809 1555 1461 1249 351 249 898 499 400 277 399 276 5254
is_linear=0
shrinkage=0.03


Tree=208
num_leaves=15
num_cat=0
split_feature=29 32 33 13 32 30 23 29 13 32 29 29 29 32
split_gain=3.02718 8.30737 14.7592 9.80608 8.08841 7.75215 11.8653 6.87155 6.32873 6.16646 6.07716 5.82155 5.94597 7.76866
threshold=0.86897673518019325 0.21643961393810271 0.0098121663843207668 -0.86710819423750196 -0.076279435988900565 0.33439340865970407 -0.074439325747797741 0.81657013122086297 -0.13633519507726158 0.45201865172701733 0.32401678372666382 0.51358564529561124 0.78755460274252276 -0.79989897227935869
decision_type=8 2 2 10 2 8 10 10 8 2 10 10 10 2
left_child=5 4 3 -3 -2 6 9 -7 -6 11 -11 -1 -13 -14
right_child=1 2 -4 -5 8 7 -8 -9 -10 10 -12 12 13 -15
leaf_value=-0.006358064278521842 0.0006508279715265082 0.014501500192341879 0.013435056642869101 -0.005836165100583577 -0.00083905862917858895 -0.0042122137897535397 0.018869879701525809 -0.020826100671059344 -0.020315129656912019 0.012446811308032515 -0.0052865176404695751 0.0078934667387534872 0.01144900377071028 -0.010507471274692242
leaf_weight=51.865598365664482 419.92483716830611 26.39018402248621 119.51697606220841 95.641179218888283 28.66249180585146 155.08423942327499 28.935235075652599 25.37832310795784 30.748045351356268 17.867924399673939 229.83606725931168 154.30985552817583 21.096168145537376 41.364346913993359
leaf_count=243 2048 129 613 467 128 748 140 119 149 84 1060 691 89 186
internal_value=8.74973e-05 0.00146344 0.00598783 -0.00135587 -0.000824225 -0.00127937 0.000507158 -0.00665051 -0.0110884 -0.000556358 -0.00396244 0.00258737 0.00474707 -0.00302807
internal_weight=1446.62 720.884 241.548 122.031 479.335 725.738 545.275 180.463 59.4105 516.34 247.704 268.636 216.77 62.4605
internal_count=6894 3534 1209 596 2325 3360 2493 867 277 2353 1144 1209 966 275
is_linear=0
shrinkage=0.03


Tree=209
num_leaves=15
num_cat=0
split_feature=32 28 0 29 23 23 27 29 29 32 30 32 29 32
split_gain=3.19025 5.41091 4.24668 4.70037 3.54984 9.14852 3.477 3.68029 6.77811 4.13996 2.97096 3.03878 10.8592 6.79672
threshold=0.97854064376158201 23.948330732013194 -0.11061682066450469 0.72539079508474491 -0.2434052935965873 -0.17557236496253786 33.463670318489854 0.3723808697963083 0.34831505518521272 -0.99512551815703254 -1.9761273828792254 0.58244304235731426 1.1749858341502819 0.89194178735545526
decision_type=2 8 2 10 8 8 10 10 8 2 10 2 10 2
left_child=4 2 3 -2 -1 -6 7 8 -7 -9 -11 -12 13 -13
right_child=1 -3 -4 -5 5 6 -8 9 -10 10 11 12 -14 -15
leaf_value=0.01246279675365642 -0.0018239907268349255 0.020717215998878987 -0.0044698000275359816 0.020360350834651798 -0.020778089607927125 0.00029023723337766061 -0.010555126602737641 -0.0090342913395199936 -0.02201708393391719 -0.010626269477418458 0.0014810553836125545 -0.0086392285730731138 0.0098106585967597387 0.0019115670381429789
leaf_weight=17.402537852525711 16.39398792386055 15.489228680729864 42.857204101979733 16.727014634758234 19.325510866940022 32.723288550972939 29.217289827764034 42.37967986613512 18.578314036130905 20.597864724695683 881.65917519107461 151.46004777401686 55.319560576230288 85.431012563407421
leaf_count=85 84 80 214 85 96 153 206 186 85 97 4134 691 300 387
internal_value=-0.000257123 0.00513456 0.00172995 0.00964807 -0.000624845 -0.000804424 -0.000495876 -0.000259705 -0.00805462 6.98561e-05 0.000400158 0.000602518 -0.00204422 -0.00484221
internal_weight=1445.56 91.4674 75.9782 33.121 1354.09 1336.69 1317.37 1288.15 51.3016 1236.85 1194.47 1173.87 292.211 236.891
internal_count=6883 463 383 169 6420 6335 6239 6033 238 5795 5609 5512 1378 1078
is_linear=0
shrinkage=0.03


Tree=210
num_leaves=15
num_cat=0
split_feature=14 29 27 13 23 13 33 33 29 29 13 13 1 30
split_gain=3.19503 4.55404 5.05484 3.50192 10.2738 12.045 8.5138 9.9059 5.77014 3.87323 3.74911 8.32731 6.37898 12.4404
threshold=-3.8816981793021728 1.0561153565290573 0.88127509155988559 1.3007426348145792 0.0011443980323129386 1.474649865378576 0.0012217567110654915 0.10997903427727605 0.66121932620614143 0.89795133879285016 0.53996149047760822 0.51920004969922184 -0.062422281421554912 0.32228049766278616
decision_type=10 10 8 10 10 10 2 2 10 10 8 10 2 8
left_child=3 2 -2 10 5 -5 -7 8 -8 -10 11 -1 13 -12
right_child=1 -3 -4 4 -6 6 7 -9 9 -11 12 -13 -14 -15
leaf_value=-0.00048496897830206599 0.023404479295386679 -0.0059451571914660561 0.00044754250706650867 -0.029407403578910821 0.014220345066791804 0.014284220140261617 -0.025901926452860869 0.0069666780792851752 0.0045413105180425834 -0.014220257862826971 0.0052352093042207157 -0.017777678414003475 0.0070499577304131353 -0.014273552080745886
leaf_weight=943.50179658085108 18.335161291062832 15.872597426176069 15.666036859154699 19.171101175248623 20.752220761030912 17.900535058230162 23.284997671842575 27.679154895246029 15.391718067228792 24.936588063836098 77.820906311273575 24.748616378754377 154.37937143817544 45.964521858841181
leaf_count=4479 96 83 79 100 116 86 119 144 74 134 335 116 698 233
internal_value=-0.0003152 0.00707 0.0131421 -0.000584007 -0.0049128 -0.00809201 -0.00411674 -0.00784046 -0.0142914 -0.00712309 -6.26041e-05 -0.000944859 0.00300078 -0.0020652
internal_weight=1445.41 49.8738 34.0012 1395.53 149.116 128.364 109.193 91.2925 63.6133 40.3283 1246.42 968.25 278.165 123.785
internal_count=6892 258 175 6634 773 657 557 471 327 208 5861 4595 1266 568
is_linear=0
shrinkage=0.03


Tree=211
num_leaves=15
num_cat=0
split_feature=28 30 29 29 28 29 30 27 28 26 29 32 1 26
split_gain=3.94192 2.86498 3.90592 3.65378 2.91108 4.78933 4.96012 3.05914 8.11224 5.36092 5.23553 5.11923 4.1448 3.08204
threshold=77.881136058577397 2.0175298546713365 0.97604678204706752 1.4030095521747352 -75.415350298211322 1.858898333275766 1.7776716724562376 14.642250560967797 7.5294595181762967 9.196125257417977 0.77700117734398477 -0.50938662908026078 0.077660419689705038 2.7222012405392353
decision_type=10 10 10 10 8 8 8 10 8 10 10 2 2 10
left_child=1 4 -3 -4 -1 6 7 -6 10 13 -9 -12 -11 -10
right_child=-2 2 3 -5 5 -7 -8 8 9 12 11 -13 -14 -15
leaf_value=-0.011492381553774673 -0.014004413569402076 -0.0040430837899230109 0.026336428846012529 0.0028180058249467075 -0.00051507958285797488 0.013258918944503291 -0.013049167968285539 0.026650379193801289 -0.0019901331548631595 -0.020479937301004253 0.018460020365860801 -0.0031543842624191108 -0.001048025483576428 0.010751210725825123
leaf_weight=19.127974793314934 17.168412994593382 14.414586961269377 11.972120530903341 11.4696705378592 1166.8625343441963 23.089550398290157 25.655984155833721 16.750004597008228 34.908409863710403 16.766993723809719 16.995042115449905 21.279684327542782 22.509978037327528 31.983760438859463
leaf_count=118 135 81 72 102 5365 139 130 77 162 82 80 105 121 151
internal_value=-0.000118239 5.76813e-05 0.00809279 0.0154154 -0.000165861 -2.74194e-07 -0.000236049 2.11121e-05 0.00388178 -0.000983055 0.0131184 0.00666867 -0.00964586 0.00417063
internal_weight=1450.95 1433.79 37.8564 23.4418 1395.93 1376.8 1353.71 1328.06 161.194 106.169 55.0247 38.2747 39.277 66.8922
internal_count=6920 6785 255 174 6530 6412 6273 6143 778 516 262 185 203 313
is_linear=0
shrinkage=0.03


Tree=212
num_leaves=15
num_cat=0
split_feature=26 22 20 1 28 29 0 33 24 26 29 26 32 31
split_gain=2.94549 5.26114 8.50959 4.24511 3.99558 4.82077 4.4653 4.02267 3.93058 3.49861 4.56005 4.19227 7.52077 6.1047
threshold=1.8367289536769251 -0.3232500723811092 1.0395909572746833 0.26631306850275288 -5.5501018659498405 1.4930533481012505 0.10393770971169407 0.00074103290397088976 -0.00069077351356564519 5.528565243793083 0.48171035115289962 10.401154009844761 -0.40274668985873718 -0.20576496797711577
decision_type=10 10 8 2 10 10 2 2 10 10 10 10 2 2
left_child=1 3 -3 -1 5 6 -2 -6 -4 10 -9 12 -11 -13
right_child=4 2 8 -5 7 -7 -8 9 -10 11 -12 13 -14 -15
leaf_value=0.00071889181547707653 -0.0014183026099124723 -0.0049354230891214572 0.004261632949597494 -0.010599748837383129 0.0055852709194296017 -0.011667545411339421 0.0088830291603353914 0.0041219463412451108 0.02342683533643377 0.012401105272145057 -0.010410784715070906 -0.014701582437789641 -0.004233434418243507 0.0010997430944705631
leaf_weight=792.88108484074473 74.29308719933033 24.833948664367199 15.277669724076985 29.987180553376675 37.762608643621206 19.609900500625372 75.747302711009979 22.514023140072823 27.713197611272335 38.881716303527355 122.117819737643 42.558208342641592 62.38278952986002 44.209605313837528
leaf_count=3699 340 118 78 155 179 121 356 112 156 182 568 236 300 238
internal_value=-9.87982e-05 0.000960853 0.00892886 0.00029405 -0.00184492 0.00196011 0.00380666 -0.00358815 0.0168678 -0.0046431 -0.00813579 -0.00192774 0.0022124 -0.00672975
internal_weight=1430.77 890.693 67.8248 822.868 540.077 169.65 150.04 370.427 42.9909 332.664 144.632 188.032 101.265 86.7678
internal_count=6838 4206 352 3854 2632 817 696 1815 234 1636 680 956 482 474
is_linear=0
shrinkage=0.03


Tree=213
num_leaves=15
num_cat=0
split_feature=31 21 32 29 29 27 31 27 33 29 29 29 1 28
split_gain=3.40667 3.01574 3.18649 6.96225 6.19373 8.92417 7.52871 8.6551 5.51871 5.1399 8.41965 9.67571 7.43161 8.58794
threshold=0.99845357241023069 1.148373031689687 0.60003553868615123 2.0541505208507802 1.1317676996470507 12.756746137716492 0.45201865172701788 -2.6271007210887372 0.0076417228637359275 0.89795133879285016 0.63387008913549947 0.74550874717510685 0.094068339328628084 9.1779824812654471
decision_type=2 10 2 8 10 10 2 10 2 10 10 10 2 10
left_child=1 2 3 -1 5 6 9 -8 -6 10 12 -12 13 -4
right_child=-2 -3 4 -5 8 -7 7 -9 -10 -11 11 -13 -14 -15
leaf_value=0.0016440171394803739 -0.010392135826758044 -0.011649881259813552 -0.0014495423794897403 -0.017207443675270179 -0.00096875527780687198 0.010153503842532155 -0.0029192445867646621 -0.024290259095226016 0.014648499455038617 0.006867015567940663 -0.024331135015249847 -0.0027299396229748365 -0.016767176875442713 0.018975853897914587
leaf_weight=965.11086617782712 26.83555780351162 18.053926400840282 75.623187683522701 16.964739430695772 48.995328415185213 36.743143640458584 33.200523063540459 34.758711978793144 33.709851074963808 40.443618178367615 33.440368659794331 41.366500750184059 18.373614072799683 23.485757507383823
leaf_count=4538 122 92 354 122 255 176 146 161 194 188 152 192 89 107
internal_value=1.67895e-06 0.00020524 0.000366072 0.0013012 -0.00181768 -0.00362111 -0.00533238 -0.0140435 0.00549565 -0.00273949 -0.00478506 -0.0125797 0.000242473 0.00353185
internal_weight=1447.11 1420.27 1402.22 982.076 420.141 337.435 300.692 67.9592 82.7052 232.733 192.289 74.8069 117.483 99.1089
internal_count=6888 6766 6674 4660 2014 1565 1389 307 449 1082 894 344 550 461
is_linear=0
shrinkage=0.03


Tree=214
num_leaves=15
num_cat=0
split_feature=0 0 32 27 32 32 23 24 30 13 13 13 27 31
split_gain=3.4457 5.27689 6.41155 6.64692 6.594 5.92172 7.29528 5.95894 5.89866 6.65882 8.61922 10.8119 6.35703 6.19693
threshold=-0.24757967941941775 -0.19741581348989592 0.50938662908026078 13.666052870071612 0.91531147911944732 -0.95032354012166609 -0.051864842240720237 -0.00013003843608010138 0.27164861375884919 -1.1333745239069943 -0.91301920221109512 -0.39701346705124246 2.9311622640282313 0.96863394805116498
decision_type=2 2 2 10 2 2 8 8 10 8 10 10 10 2
left_child=-1 -2 5 4 -4 -3 -7 -8 12 -10 -11 -12 13 -9
right_child=1 2 3 -5 -6 6 7 8 9 10 11 -13 -14 -15
leaf_value=0.0020062766046377496 -0.0089836173362494495 -0.0056977074429060926 -0.010121741387506889 0.0053773714050235387 -0.00028261096521112411 0.013673768426489067 -0.015196514956389968 0.011299078586530693 -0.016674059109646065 0.020148170221295447 -0.018710349122304428 0.0012280101565623161 -0.00039529449147436015 -0.0034583956983927754
leaf_weight=382.48528072610497 74.009602073580027 102.18530648946762 156.04904773458838 52.287530984729528 100.64839477092028 44.235971286892891 18.423935785889626 130.74503314495087 23.824580322951078 16.144180722534657 28.46066290140152 144.11136214062572 132.69125962257385 31.291378684341908
leaf_count=1834 341 455 734 270 483 227 93 584 129 81 140 741 597 140
internal_value=-0.000429774 -0.00131393 -0.0007268 -0.0042963 -0.00627999 0.000918122 0.00211221 0.00111521 0.00173639 -0.00206763 -0.000145466 -0.00214909 0.00447734 0.00844548
internal_weight=1437.59 1055.11 981.099 308.985 256.697 672.114 569.928 525.692 507.268 212.541 188.716 172.572 294.728 162.036
internal_count=6849 5015 4674 1487 1217 3187 2732 2505 2412 1091 962 881 1321 724
is_linear=0
shrinkage=0.03


Tree=215
num_leaves=15
num_cat=0
split_feature=28 32 1 29 29 20 29 13 13 31 31 31 33 23
split_gain=3.89118 5.10317 9.23248 7.91785 6.24983 5.12226 4.06442 3.81466 5.15867 14.9332 6.8946 4.97359 4.64847 14.3034
threshold=-2.0846655814210631 -0.94331137514050678 0.031189122740355634 0.79137264564717069 0.98396108700880525 -0.29506196725925798 1.4674424020763033 -1.5273327396272707 -0.86710819423750196 -0.79335334029123528 0.93585024503435366 -0.98990318592078552 0.0042643499321991796 0.019384971538320642
decision_type=10 2 2 10 10 8 10 8 10 2 2 2 2 8
left_child=-1 2 3 -2 -4 -3 7 -7 9 -9 -11 -10 13 -13
right_child=1 5 4 -5 -6 6 -8 8 11 10 -12 12 -14 -15
leaf_value=0.001276784890457175 -0.015727559210901677 -0.016154237692773722 -0.0081634224302482225 0.0086373540822289093 -0.031998519630556374 0.0096713461201993426 0.0072116895111717831 -0.032386277457125204 0.011530975699846412 0.0024372956596254865 -0.01795536445087571 -0.030396494982364845 0.0008437834517877271 -0.0021500880219043682
leaf_weight=660.30736704170704 17.439934477210045 18.430403098464012 23.372438371181488 33.392241280525923 17.491163544356823 26.70581566542387 55.034367077052593 17.375456027686596 28.214575447142124 62.424974709749222 18.534676223993301 17.282108247280121 321.96075170487165 139.07585405558348
leaf_count=3169 75 94 105 147 88 152 329 77 131 286 83 83 1518 613
internal_value=-0.000425143 -0.00183548 -0.00845356 0.000135877 -0.0188864 -0.000963989 -0.000533342 -0.00121857 -0.00171454 -0.00796576 -0.00239346 -0.000487664 -0.00121919 -0.00544547
internal_weight=1457.04 796.735 91.6958 50.8322 40.8636 705.039 686.609 631.574 604.868 98.3351 80.9597 506.533 478.319 156.358
internal_count=6950 3781 415 222 193 3366 3272 2943 2791 446 369 2345 2214 696
is_linear=0
shrinkage=0.03


Tree=216
num_leaves=15
num_cat=0
split_feature=20 0 0 13 30 30 0 27 31 27 32 27 28 0
split_gain=3.30652 3.11154 4.58706 4.28235 3.72446 4.51892 4.63437 3.84721 3.46252 3.69054 3.45515 5.47041 10.541 4.32144
threshold=-0.79174087086464329 0.244735773490485 0.41853779369417388 0.77240588263802501 2.0175298546713365 1.7263266362289615 0.19412859156277099 -32.378590985118187 -0.65106671239330405 7.4128188469568821 -0.564573334685324 5.0091363571702638 0.73016867246700212 0.34610606326957832
decision_type=8 2 2 8 10 8 2 10 2 10 2 10 10 2
left_child=-1 4 10 -4 5 6 7 -2 -8 -10 13 12 -12 -3
right_child=1 2 3 -5 -6 -7 8 -9 9 -11 11 -13 -14 -15
leaf_value=-0.01242313293936312 0.011804309156971098 0.0060216931579632118 -0.0033975637303799281 0.010968534586762984 0.009509987161813201 -0.011834358516806221 -0.01885053072419373 -8.529266109212349e-05 0.002987992645233264 -0.014128212984747363 -0.0017990120692332782 -0.0028192444890456241 0.022176992185164779 0.024531674695151162
leaf_weight=17.292691916227341 24.125783391296864 32.085513491183519 114.5087665989995 21.283798381686211 32.634372651576996 30.441002517938614 17.969101026654243 973.10713598877192 29.205099120736122 17.257360503077507 34.567439161241055 61.70039339363575 30.341045223176479 17.407076090574265
leaf_count=87 140 155 587 119 232 160 87 4450 134 82 167 312 145 86
internal_value=0.000251436 0.000412534 0.00305872 -0.00108213 -0.000323327 -0.000625598 -0.000293376 0.000213886 -0.00802776 -0.00353313 0.00623983 0.00356007 0.00957485 0.0128888
internal_weight=1453.93 1436.63 311.894 135.793 1124.74 1092.11 1061.66 997.233 64.4316 46.4625 176.101 126.609 64.9085 49.4926
internal_count=6943 6856 1571 706 5285 5053 4893 4590 303 216 865 624 312 241
is_linear=0
shrinkage=0.03


Tree=217
num_leaves=15
num_cat=0
split_feature=26 27 30 23 1 1 26 1 1 13 22 13 29 33
split_gain=4.49585 6.38391 6.21461 4.09472 4.90235 5.11436 4.04395 4.94416 5.62166 3.65264 5.99405 7.80807 9.31582 8.92642
threshold=-6.0928453728870116 13.040389368512708 -0.81180363580713799 0.062146856311413652 -0.21702736083067928 -0.25979679745058665 -4.4989750141866116 0.0069717482283727364 -0.12026385030174663 -0.57745133864518761 -0.12088322457656454 -0.84702278855991131 0.88714151438429623 0.012599071030236922
decision_type=10 8 10 8 2 2 10 2 2 8 8 10 10 2
left_child=1 2 -1 -4 5 -5 7 8 -2 10 -8 13 -13 -12
right_child=6 -3 3 4 -6 -7 9 -9 -10 -11 11 12 -14 -15
leaf_value=-0.0071111492484964749 -0.0024734042184245569 -0.014290930423047927 0.016448217855936063 0.0037913666225189067 0.0070406030247932528 -0.017461609803954403 0.010405430872014957 0.0039505338818373479 -0.022035870580670316 0.0010263896111443705 0.0053524840070736561 -0.0021136472411938815 -0.022113853431326689 -0.0071399605472241738
leaf_weight=34.543828889727592 26.793927095830441 16.021912414580584 30.601303786039352 26.008206341415644 172.44952140003443 15.471534144133328 27.228942103683949 24.127189174294472 25.65952256321907 768.43190307915211 101.78423579409719 43.788710251450539 39.622790142893791 102.15118623897433
leaf_count=157 126 88 158 148 823 80 130 112 119 3606 466 213 184 519
internal_value=0.000279541 0.00357903 0.00465232 0.00633629 0.00482004 -0.00436023 -0.000562484 -0.00717893 -0.0122763 -8.84377e-05 -0.00280631 -0.00409 -0.0117637 -0.000909284
internal_weight=1454.68 295.096 279.074 244.531 213.929 41.4797 1159.59 76.5806 52.4534 1083.01 314.576 287.347 83.4115 203.935
internal_count=6929 1454 1366 1209 1051 228 5475 357 245 5118 1512 1382 397 985
is_linear=0
shrinkage=0.03


Tree=218
num_leaves=15
num_cat=0
split_feature=28 31 13 15 22 30 28 33 33 28 13 13 1 28
split_gain=3.13824 4.88141 11.7854 7.16889 5.50416 6.26511 3.70796 3.96797 9.35019 6.29115 5.44924 6.22566 4.84704 3.81761
threshold=-1.0542498863408409 0.076279435988900648 -1.5093788703842936 -0.0070084192431814065 0.71837875244973193 1.3050065912181987 -44.048618185987813 0.0064685787508312323 0.11953665771840537 -9.1705455949142571 0.82522239325676827 -0.3934611219893675 -0.0016794330765006471 -7.8922029664862938
decision_type=10 2 10 10 8 8 10 2 2 10 10 10 2 10
left_child=1 4 -3 6 -1 -6 -4 10 12 -10 11 -8 13 -9
right_child=-2 2 3 -5 5 -7 7 8 9 -11 -12 -13 -14 -15
leaf_value=0.0095140863278524255 -0.00093496165177248678 -0.015691002681519201 -0.0022431828974824146 -0.012744174020035205 -0.00359077477399678 0.0095783126184801597 -0.00047921418217754919 0.017340584922167453 -0.008250594602866132 0.013885086938984015 -0.0058969391082604227 0.015486744906931377 0.027593109562817044 0.0010678932605030927
leaf_weight=41.459541972726583 763.72377336770296 23.210887715220451 32.88709169626236 16.325207896530628 269.29684057831764 35.988961182534695 40.018688105046749 41.421437174081802 27.146020762622356 18.608125373721123 32.906214080750942 47.607695072889328 28.830516956746578 18.890835478901863
leaf_count=207 3632 121 187 90 1254 224 177 184 135 91 149 211 133 81
internal_value=0.000381551 0.00187117 0.0044898 0.00607369 -0.00061056 -0.00201212 0.00717957 0.00839679 0.0119209 0.000856376 0.0043871 0.00827201 0.0175274 0.0123442
internal_weight=1438.32 674.598 327.853 304.642 346.745 305.286 288.317 255.43 134.897 45.7541 120.533 87.6264 89.1428 60.3123
internal_count=6876 3244 1559 1438 1685 1478 1348 1161 624 226 537 388 398 265
is_linear=0
shrinkage=0.03


Tree=219
num_leaves=15
num_cat=0
split_feature=13 1 28 0 32 32 27 27 29 32 28 31 27 27
split_gain=3.30548 5.80487 6.73434 3.58157 3.63524 6.51716 5.41369 3.61386 3.5079 3.33336 4.63036 5.37423 3.23516 8.3688
threshold=2.0913524227957123 -0.097580580473723935 4.0860119234764634 -0.25581449581268895 -0.92794370089704259 -0.52803643325367244 -21.047679335612909 -6.5424867771657338 0.7546986409652322 0.13052619222005152 6.9470321697995283 0.16288578192842371 -11.899026750814555 -13.539181632360451
decision_type=8 2 10 2 2 2 10 10 10 2 10 2 10 10
left_child=3 -2 -3 4 7 6 -6 -1 -7 -10 11 -11 13 -5
right_child=1 2 -4 12 5 8 -8 -9 9 10 -12 -13 -14 -15
leaf_value=0.019737463477536368 -0.0077463483910575953 0.026755898831598242 0.0013033908358809252 -0.002673878420872263 0.0077695145154444848 -0.0007830485988369561 -0.012566639264151093 0.0026668108226366874 -0.00027998182387270519 0.023416609233099978 -0.0015999434993157107 0.0058286107468666099 -0.00085409761514575601 -0.023963017981729718
leaf_weight=18.326289303600788 16.021370381116867 16.956331960856915 19.758411422371864 109.8092836253345 14.750274002552031 117.84693196415901 48.088238939642906 27.300248995423317 45.556145124137402 28.22378908842802 23.635277148336172 35.586459897458553 902.14323107525706 18.656985491514206
leaf_count=86 79 81 100 543 98 558 225 121 220 137 118 168 4269 87
internal_value=-0.000310727 0.00699047 0.0134561 -0.000592574 0.00198294 0.000818449 -0.00774614 0.00979964 0.00298615 0.00630679 0.00970264 0.0138492 -0.00149156 -0.00592688
internal_weight=1442.66 52.7361 36.7147 1389.92 359.314 313.687 62.8385 45.6265 250.849 133.002 87.4455 63.8102 1030.61 128.466
internal_count=6890 260 181 6630 1731 1524 323 207 1201 643 423 305 4899 630
is_linear=0
shrinkage=0.03


Tree=220
num_leaves=15
num_cat=0
split_feature=28 32 21 32 20 22 33 20 0 27 28 28 30 32
split_gain=2.56331 3.37814 2.76771 4.72843 5.0795 4.97357 4.23344 3.1736 3.04617 2.99698 5.80133 3.45973 6.06598 3.82095
threshold=65.514390581835627 -0.74455857214455057 0.30438419867273586 -0.87137607974597309 -0.25686649864020689 -0.49951771536373851 0.022577558287751102 0.36042225428190028 -0.1687331083127947 14.642250560967797 7.5294595181762967 25.713014831296736 0.6494904808494798 0.50938662908026078
decision_type=10 2 8 2 8 8 2 10 2 8 10 8 10 2
left_child=2 -2 3 -1 -5 6 -6 9 -7 11 -11 13 -13 -4
right_child=1 -3 7 4 5 8 -8 -9 -10 10 -12 12 -14 -15
leaf_value=-0.0077839212923487651 0.0027713880819473314 -0.0170057700450706 -0.00015339128060254465 -0.0051799202698249664 -0.0066578453295936474 0.0054255487319724944 0.012049696511571822 -0.012437922302954896 0.021262536423285367 0.010427478278645274 -0.0011211092761853946 0.0081520002208626281 -0.0063153162815318981 -0.0041137801842789394
leaf_weight=25.083839826285839 12.980363063514234 17.502732563763857 626.09027060121298 26.130021873861551 22.852320954203606 17.511528111994267 19.063682280480862 18.915290262550116 32.503079503774643 63.446549437940121 99.295479640364647 85.418959960341454 36.500685662031174 336.47177257016301
leaf_count=118 96 118 2901 136 111 91 95 97 172 311 488 388 177 1571
internal_value=-0.000297529 -0.00876369 -0.00010832 0.00383078 0.00634316 0.00963893 0.00193299 -0.000556331 0.0159326 -0.000366315 0.0034174 -0.000936742 0.00380459 -0.00154061
internal_weight=1439.77 30.4831 1409.28 143.144 118.061 91.9306 41.916 1266.14 50.0146 1247.22 162.742 1084.48 121.92 962.562
internal_count=6870 214 6656 723 605 469 206 5933 263 5836 799 5037 565 4472
is_linear=0
shrinkage=0.03


Tree=221
num_leaves=15
num_cat=0
split_feature=1 1 0 33 15 32 32 23 32 29 28 30 29 31
split_gain=3.68106 3.89162 6.96679 5.34864 3.50252 5.69291 3.72944 7.28029 4.43228 7.5547 5.82818 7.42955 5.18395 9.80936
threshold=-0.2639275919899759 -0.32968600443747176 -0.43141878239369297 0.028990158688221381 0.0026872828104824724 0.37256073532439549 0.89194178735545526 -0.087209606975147361 0.71473537162315137 1.2325333390291326 19.827864092807349 -0.77691509840615169 1.5439297699650576 -0.53729960834682411
decision_type=2 2 2 2 8 2 2 8 2 10 10 8 10 2
left_child=1 3 -3 -1 5 -2 8 -8 10 -10 12 -12 -6 -14
right_child=4 2 -4 -5 6 -7 7 -9 9 -11 11 -13 13 -15
leaf_value=-0.011002687363085852 -0.00045467992567236188 0.022002388835371364 0.0012690034351740701 0.0099410612606650271 0.0015053016519758276 -0.022205764398022285 -0.015017129823017341 0.0052357077616532353 -0.0096965273619481832 0.01040165310410103 0.011278388449789144 -0.0063691675135998859 0.0062939866549222663 -0.020669750475841339
leaf_weight=23.737129591405392 27.960598319768906 24.435471370816231 34.503106541931629 18.746990405023098 698.15637084841728 16.720279220491648 16.606999918818474 174.58788962289691 103.13914984464645 19.224527645856142 22.993155255913734 209.4184975810349 21.359790157526731 26.062242820858955
leaf_count=122 140 128 164 107 3169 91 82 839 474 103 105 1055 133 144
internal_value=-0.000318435 0.00516317 0.0100886 -0.00174475 -0.00073805 -0.0089022 -0.000448944 0.00340758 -0.00112153 -0.00648019 -0.000445135 -0.0045824 0.000848945 -0.0086456
internal_weight=1437.65 101.423 58.9386 42.4841 1336.23 44.6809 1291.55 191.195 1100.35 122.364 977.99 232.412 745.578 47.422
internal_count=6856 521 292 229 6335 231 6104 921 5183 577 4606 1160 3446 277
is_linear=0
shrinkage=0.03


Tree=222
num_leaves=15
num_cat=0
split_feature=14 30 26 13 13 23 31 31 13 13 27 30 31 31
split_gain=3.64504 4.37978 4.03764 3.851 4.87683 9.49685 11.376 4.59768 11.64 7.70651 7.46572 7.07468 5.74741 5.68537
threshold=-5.0240816480795472 0.49417498092221196 0.93145745616141096 2.0913524227957123 1.3007426348145792 -0.085704413906127527 -0.84915165824291616 0.71473537162315171 -1.4945286730437706 0.95959352324287484 8.5992911230103903 0.73385581456031124 0.9195955058153672 0.94331137514050722
decision_type=8 8 8 10 10 10 2 2 10 10 10 10 2 2
left_child=1 2 -1 4 7 6 -6 -2 -9 10 11 -10 -11 -12
right_child=3 -3 -4 -5 5 -7 -8 8 9 12 13 -13 -14 -15
leaf_value=0.0057878046051980502 -2.0820677131628516e-05 -0.017523629725620129 -0.012849738686651523 0.01138361373400085 0.0047739462080990764 0.01038826388998859 -0.016752402130478895 -0.017497718728883834 0.0090257300482968397 0.030699747112356401 0.0019952670702587899 -0.0070000051087269295 0.0069080029497650738 -0.019449870582379986
leaf_weight=27.66895903646946 943.96904598176479 20.953761912882328 15.479833856225012 28.447386056184769 32.718610461801291 26.609666753560305 64.761720187962055 19.513022150844336 156.48131009936333 17.237785324454308 25.99078294634819 28.6566167101264 19.841267023235559 18.240030348300934
leaf_count=136 4443 118 80 144 161 144 335 109 715 80 141 145 90 82
internal_value=0.000324325 -0.00661327 -0.00103811 0.000650557 0.000416825 -0.00522727 -0.00955212 0.000990053 0.00431544 0.00597235 0.00387824 0.0065209 0.0184844 -0.00708283
internal_weight=1446.57 64.1026 43.1488 1382.47 1354.02 124.09 97.4803 1229.93 285.961 266.448 229.369 185.138 37.0791 44.2308
internal_count=6923 334 216 6589 6445 640 496 5805 1362 1253 1083 860 170 223
is_linear=0
shrinkage=0.03


Tree=223
num_leaves=15
num_cat=0
split_feature=28 13 13 31 13 31 23 23 31 30 0 30 28 31
split_gain=5.2627 2.62574 11.0391 11.4668 8.08458 12.682 6.73623 6.984 6.44872 6.32507 5.99918 5.98173 5.40523 5.5743
threshold=77.881136058577397 0.77240588263802501 0.89670866023522788 -0.19509032201612828 0.62934111587365849 -0.1628857819284236 -0.062231451161657077 -0.010170455694550279 0.99275059979806513 -1.4810783590291088 -0.079941712869072881 0.29155589704891488 -63.977367965115654 -0.75894212529897742
decision_type=10 10 10 2 10 2 10 10 2 10 2 10 8 2
left_child=1 4 3 -3 6 -6 8 -8 12 -4 -9 -11 -1 -14
right_child=-2 2 9 -5 5 -7 7 10 -10 11 -12 -13 13 -15
leaf_value=-0.011125625298935318 -0.015822904859064516 0.00028575235525709572 -0.016512172530291389 -0.034020872563271617 -0.00074548806956251036 0.032573955900362828 -0.023988983466162003 0.011294977259778441 -0.010617897570203637 0.0044667522361776226 -0.012420184979524384 -0.0045614121972707856 -0.001897606713076248 0.0035263437925752011
leaf_weight=27.103474326431751 16.78740069642663 16.758926123380661 18.266201384365559 17.353337120264769 22.680948153138161 17.73912413045764 18.221607036888599 16.696529179811478 37.887984350323677 183.90518987178802 20.005473710596561 101.80028709769249 223.35280457884073 712.78366610407829
leaf_count=164 130 81 95 81 97 84 84 86 173 841 100 552 1056 3308
internal_value=0.000395559 0.00059624 -0.00171178 -0.0176383 0.0013088 0.0143108 0.000798087 -0.00933625 0.00136284 0.000127501 -0.00161822 0.00124522 0.00184461 0.0022316
internal_weight=1451.34 1434.56 338.084 34.1123 1096.47 40.4201 1056.05 54.9236 1001.13 303.972 36.702 285.705 963.24 936.136
internal_count=6932 6802 1650 162 5152 181 4971 270 4701 1488 186 1393 4528 4364
is_linear=0
shrinkage=0.03


Tree=224
num_leaves=15
num_cat=0
split_feature=33 13 13 13 13 13 1 13 28 13 1 1 32 13
split_gain=4.00857 12.8601 11.6143 11.6154 15.0498 10.0438 9.50116 8.30406 8.93648 8.09083 6.59376 6.35398 6.28445 5.59941
threshold=0.0059513797502921996 -1.5273327396272707 -1.4945286730437706 -0.17073380415206116 -0.39701346705124246 -0.91301920221109512 0.063041650061801499 1.8028952832866625 4.8122247673543237 -1.5093788703842936 0.021904697527082562 -0.062422281421554912 0.032717136199948357 -1.4704004085590916
decision_type=2 8 10 8 10 10 2 10 10 8 2 2 2 10
left_child=1 -1 -3 4 5 10 -6 8 -5 -2 -4 -10 -7 -11
right_child=9 2 3 7 6 12 -8 -9 11 13 -12 -13 -14 -15
leaf_value=0.01919711461844056 -0.01133524991268719 -0.024507538579582957 0.017086724500895885 -0.012455642583921438 0.028631755442891836 -0.015309462284095769 0.0030131447045698471 0.0087090114965805397 -0.013109499388438774 0.014211225015205022 -0.0025275142679993716 0.0033691749064284687 0.00097525510731382478 0.0012192765065182954
leaf_weight=23.073889203369617 44.20569584518671 21.130622684955597 30.928521513938904 152.79544964805245 27.835977949202061 47.985229223966599 24.244367778301239 29.634705699980259 27.849085852503777 29.973031148314476 29.407072439789772 77.051495231688023 37.574326939880848 840.16398608312011
leaf_count=122 252 92 135 703 123 223 108 157 121 156 133 354 174 4046
internal_value=-0.000161151 -0.00223595 -0.00324838 -0.00227425 0.0033073 -0.00165845 0.0169873 -0.00611815 -0.00785033 0.00104153 0.00764156 -0.00108808 -0.00822922 0.0016826
internal_weight=1443.85 529.511 506.437 485.306 197.975 145.895 52.0803 287.331 257.696 914.343 60.3356 104.901 85.5596 870.137
internal_count=6899 2445 2323 2231 896 665 231 1335 1178 4454 268 475 397 4202
is_linear=0
shrinkage=0.03


Tree=225
num_leaves=15
num_cat=0
split_feature=15 23 31 22 29 13 31 31 33 31 23 23 33 13
split_gain=2.85531 3.54191 8.31529 7.89713 7.75207 5.60183 25.8703 12.0485 5.54442 5.06492 5.72432 6.75393 4.19096 8.73742
threshold=0.0059830291263072164 -0.17557236496253786 0.93585024503435366 -1.1447187546798008 0.73871890618457592 -1.4316337044285257 0.30070579950427329 -0.47136869107721074 0.0076417228637359275 -0.70710678118654735 -0.052976262013566366 -0.11358803161562404 0.0083058195259135426 -0.91301920221109512
decision_type=10 10 2 8 10 8 2 2 2 2 10 10 2 8
left_child=1 5 3 -3 8 6 7 -1 -5 -6 11 -11 13 -7
right_child=-2 2 -4 4 9 12 -8 -9 -10 10 -12 -13 -14 -15
leaf_value=-0.0059541912129433593 -0.012021819785305518 -0.016101059860214765 0.023052554429058784 0.026892629836020258 -0.011794178504224949 0.008470855709137198 -0.026145558163976582 0.025746079209305391 0.0046173826294035741 -0.0030627857539593283 -0.0063042637580806539 0.021352127259431426 0.0013380975126154686 -0.0038346782017401604
leaf_weight=24.509914252907038 17.350001752376556 18.751027099788189 17.286811530590057 18.147179737687111 25.166710942983627 58.343304693698883 37.451482199132442 17.875194191932678 22.25578548386693 17.515671476721764 29.28225302323699 22.685287728905678 698.99817758053541 417.01165015995502
leaf_count=145 89 101 89 103 126 258 196 104 117 86 152 108 3337 1887
internal_value=-0.000263299 -0.000111834 0.00392435 0.0016394 0.00420277 -0.000665118 -0.00830396 0.00770014 0.0150303 -0.000527971 0.00366207 0.0108983 -0.00013918 -0.00230973
internal_weight=1442.63 1425.28 171.091 153.804 135.053 1254.19 79.8366 42.3851 40.403 94.6499 69.4832 40.201 1174.35 475.355
internal_count=6898 6809 882 793 692 5927 445 249 220 472 346 194 5482 2145
is_linear=0
shrinkage=0.03


Tree=226
num_leaves=15
num_cat=0
split_feature=29 29 16 33 29 27 29 29 1 32 28 28 32 1
split_gain=3.11713 3.62082 3.08984 5.10714 2.65371 7.03951 3.60889 8.14239 4.76823 7.31171 5.66206 4.98512 5.16175 5.08606
threshold=2.0541505208507802 1.858898333275766 -0.0023008450183201741 0.011591704930887592 1.640176396825711 -9.8997165107483891 1.1582858184742924 1.198698774694319 -0.12383826651501953 0.98658463173998445 -25.452327720909548 -31.90227470567741 0.16288578192842365 -0.11121348396863347
decision_type=10 8 8 2 10 10 10 10 2 2 10 10 2 2
left_child=1 2 3 -1 6 -6 8 -8 9 10 -4 12 -10 -13
right_child=-2 -3 4 -5 5 -7 7 -9 11 -11 -12 13 -14 -15
leaf_value=0.0035088093009987336 -0.011927816223560846 0.012818032907126508 -0.0032738308804589875 -0.018165384727920449 0.010656802632538336 -0.015418092740007093 0.016406811906243712 0.0015111325339862459 -0.0004917805834127074 -0.015439900243436045 0.0064517698376040777 -0.01396099458794413 0.020557945356695514 -0.0014497518921401443
leaf_weight=17.697061285376549 17.933873727917671 19.579023584723473 70.162309549748898 20.149855509400368 12.939805276691912 27.771576628088951 38.285032603889704 209.02631595358253 24.253506779670715 17.276258416473866 223.84062615782022 29.535995356738567 17.407153531908989 703.77376251295209
leaf_count=86 138 135 353 105 84 158 185 1039 115 85 1012 131 82 3235
internal_value=0.000165183 0.000324883 0.000142718 -0.00820119 0.000378302 -0.00707359 0.000610925 0.00387385 -0.000134838 0.0029956 0.00412757 -0.00139447 0.00857919 -0.001972
internal_weight=1449.63 1431.7 1412.12 37.8469 1374.27 40.7114 1333.56 247.311 1086.25 311.279 294.003 774.97 41.6607 733.31
internal_count=6943 6805 6670 191 6479 242 6237 1224 5013 1450 1365 3563 197 3366
is_linear=0
shrinkage=0.03


Tree=227
num_leaves=15
num_cat=0
split_feature=30 33 13 33 1 31 33 28 32 28 28 31 28 13
split_gain=3.14286 5.35157 6.7865 4.03807 2.72959 5.76406 6.62967 4.7143 4.36411 13.7281 8.13262 9.7577 6.2702 8.33115
threshold=-0.87567544511027318 0.0020143362771543063 -0.91301920221109512 0.0050377341965064139 -0.25572894261027251 -0.69930991848440838 0.011591704930887592 -23.589934169159218 0.79989897227935869 27.588555571176347 -28.396441287465986 0.45201865172701788 19.827864092807349 0.95959352324287484
decision_type=10 2 10 2 2 2 2 10 2 10 10 2 10 8
left_child=1 2 -1 -3 5 -2 -7 -8 12 10 -10 -12 -6 -14
right_child=4 3 -4 -5 8 6 7 -9 9 -11 11 -13 13 -15
leaf_value=0.020342973715826794 -0.005158250525896713 -0.013260642858174281 -0.0018721652763622465 -0.0022312642618424537 0.0035258826999287817 0.00049155218274475349 0.0049374983335907221 0.027249914953814857 0.0091704486667603287 0.019154419745170882 -0.005413607957084181 -0.027627902196099334 -0.0052873411077563395 0.0086602754013957936
leaf_weight=19.101269230246544 26.902708493173122 34.687080882489681 31.814550548791885 187.51614594087005 651.32404437661171 29.961794447153807 13.847202211618422 23.567759893834591 26.37657443806529 21.336366727948189 121.81630124151707 20.021329440176487 176.89008913561702 48.247236769646406
leaf_count=86 134 160 141 881 3052 148 84 122 136 118 569 95 886 242
internal_value=0.000897148 -0.00199321 0.00669325 -0.0040047 0.00157864 0.00644491 0.0110856 0.0193356 0.00114262 -0.00297432 -0.00587775 -0.00872077 0.00203536 -0.00227327
internal_weight=1433.41 273.119 50.9158 222.203 1160.29 94.2795 67.3768 37.415 1066.01 189.551 168.214 141.838 876.461 225.137
internal_count=6854 1268 227 1041 5586 488 354 206 5098 918 800 664 4180 1128
is_linear=0
shrinkage=0.03


Tree=228
num_leaves=15
num_cat=0
split_feature=14 22 13 13 31 33 31 28 29 13 31 28 31 28
split_gain=3.15643 3.62883 2.82137 8.87052 7.37982 10.2321 5.58228 6.34332 5.33044 4.55077 9.8212 7.19604 4.00207 9.99201
threshold=-3.8816981793021728 0.015909066144240491 1.3007426348145792 1.474649865378576 0.92794370089704281 0.0011240704380516976 -0.29026740676763269 1.0000000180025095e-35 0.76167040081244741 1.1775220079235922 0.56457333468532445 -3.975929443678083 0.99275059979806513 3.3812809771305301
decision_type=10 10 10 10 2 2 2 10 10 8 2 8 2 10
left_child=2 -2 9 -4 5 -5 8 -8 -7 12 11 -11 -1 -14
right_child=1 -3 3 4 -6 6 7 -9 -10 10 -12 -13 13 -15
leaf_value=-0.00023547858884639321 0.015477874088044085 -0.00053148461261228776 -0.019399879910021126 0.016140047327335628 0.015250894392449841 -0.0095586094924788347 -0.0056158268677184691 -0.031816507670336162 0.010305513292997963 -0.011284164097027522 0.025505657587285496 0.0098675593459906889 0.0056466984591271559 -0.022172549917583009
leaf_weight=1124.9003316797316 23.037546791136265 26.982517883181572 27.958834156394005 17.316198483109474 20.097920700907707 31.532215759158134 18.479718632996082 14.954551041126249 18.4432587698102 24.572731867432594 18.243035681545734 32.365365728735924 21.184496395289898 23.883655615150928
leaf_count=5325 119 146 146 85 101 158 95 85 103 117 81 148 98 105
internal_value=-0.000328698 0.00700073 -0.000596538 -0.00448659 -0.000904719 -0.00424649 -0.00861989 -0.0179186 -0.00216947 -0.000128489 0.00697645 0.000701919 -0.000590614 -0.00925726
internal_weight=1443.95 50.0201 1393.93 148.783 120.824 100.726 83.4097 33.4343 49.9755 1245.15 75.1811 56.9381 1169.97 45.0682
internal_count=6912 265 6647 773 627 526 441 180 261 5874 346 265 5528 203
is_linear=0
shrinkage=0.03


Tree=229
num_leaves=15
num_cat=0
split_feature=19 22 13 31 31 31 28 13 27 33 28 28 30 28
split_gain=3.95013 5.46464 3.95944 11.9507 4.3331 7.09735 3.90474 8.11188 5.75131 4.88161 4.81536 5.61202 4.79675 6.26779
threshold=0.42075684271836172 0.16439427987737962 -1.4945286730437706 -0.82531082829576841 0.27982901403099242 -0.35222909080468484 -1.8700812973460044 -0.84702278855991131 2.8324064299400935 0.012599071030236922 -3.7152607202273198 -4.9949571162688491 0.69410009890402924 -5.9980678733051453
decision_type=10 10 8 2 2 2 10 8 10 2 8 10 8 10
left_child=2 -2 3 -1 5 -5 7 8 9 -4 11 12 13 -9
right_child=1 -3 6 4 -6 -7 -8 10 -10 -11 -12 -13 -14 -15
leaf_value=0.016501986106129053 0.0011655927727905716 -0.015051612949966913 0.024970894678438275 -0.018003927104958878 -0.018747138462401575 0.010557440301536587 -0.00042952585937050509 0.0022049285762219878 -0.0025584127405941849 0.0074125653399072719 0.011087431584485257 -0.013077244116626495 -0.0038195980643139873 0.019715033203582328
leaf_weight=16.269227545708418 39.795981861650944 34.057427499443293 29.173194587230682 13.862065345048906 34.196300622075796 15.598782788962124 705.29082456603646 300.48558116704226 18.555633887648582 29.282270155847073 42.028825215995312 24.547600172460079 115.74773569777608 18.633931517601013
leaf_count=93 199 179 129 81 182 88 3292 1370 86 143 192 115 650 88
internal_value=0.000296211 -0.00641413 0.000664062 -0.005773 -0.0116331 -0.00303126 0.00106902 0.00289373 0.0118943 0.016448 0.00149051 0.000590372 0.00139012 0.00328577
internal_weight=1437.53 73.8534 1363.67 79.9264 63.6571 29.4608 1283.75 578.455 77.0111 58.4555 501.444 459.415 434.867 319.12
internal_count=6887 378 6509 444 351 169 6065 2773 358 272 2415 2223 2108 1458
is_linear=0
shrinkage=0.03


Tree=230
num_leaves=15
num_cat=0
split_feature=14 22 32 32 13 33 27 29 33 28 13 13 13 33
split_gain=4.29735 4.58741 7.52868 8.89095 3.82917 9.93475 6.49889 6.43308 9.76185 4.11563 8.65411 10.3695 8.24478 7.20663
threshold=-4.8797388780114073 -0.14335523185162444 -0.46174861323503363 0.39271506111191351 -1.4261022993658983 0.0009515050833005487 -14.475581131323521 0.85005995386420263 0.0059513797502921996 3.1652425959460833 1.3007426348145792 0.95959352324287484 2.0913524227957123 0.0046349392098828665
decision_type=8 8 2 2 8 2 10 10 2 10 8 10 8 2
left_child=-1 2 -2 -4 5 -3 -7 -8 -9 12 11 -11 -6 -13
right_child=1 4 3 -5 9 6 7 8 -10 10 -12 13 -14 -15
leaf_value=-0.0069699984581018349 -0.0059172987560297107 0.015814791271093094 0.029004969328756219 0.0034057613366608101 0.0013252827418025917 0.0083986057886957562 -0.023622400173941897 -0.023287530751973522 0.0063066090741646817 -0.0019809261841562649 -0.013266472040369182 -0.0024827932013665494 0.019723915823981954 0.019075154613018147
leaf_weight=76.267986010760069 24.62372162938118 15.342483475804327 20.11019154638052 29.69834978505969 621.49200430884957 14.093898870050905 30.466413483023643 15.482061535120009 24.840376757085323 425.68609414994717 50.556387759745121 21.517754420638084 21.732963837683201 37.643193133175373
leaf_count=392 116 76 102 153 2918 87 161 75 145 1982 270 93 102 171
internal_value=-8.87127e-05 0.000303961 0.00749319 0.0141089 -0.000119997 -0.00571945 -0.00975057 -0.0134307 -0.00534483 0.0003606 -0.00158088 -0.000337587 0.00197658 0.0113233
internal_weight=1429.55 1353.29 74.4323 49.8085 1278.85 100.225 84.8828 70.7889 40.3224 1178.63 535.403 484.847 643.225 59.1609
internal_count=6843 6451 371 255 6080 544 468 381 220 5536 2516 2246 3020 264
is_linear=0
shrinkage=0.03


Tree=231
num_leaves=15
num_cat=0
split_feature=1 29 27 26 23 31 23 33 13 23 33 23 29 14
split_gain=3.0508 4.75822 2.83291 2.71289 2.65657 7.75793 5.3506 9.42116 6.90447 4.14692 9.77843 4.15729 8.21615 4.28475
threshold=0.26631306850275288 0.91648702005583071 9.1593232516729035 0.83774591613128291 -0.17557236496253786 -0.42261826174069955 -0.077913272069204051 0.23282561739203927 -0.40261860653499798 -0.0052137397357989021 0.028990158688221381 0.067612899260586487 0.9476399006002324 -4.1414611136220127
decision_type=2 10 10 10 8 2 8 2 10 8 2 8 10 8
left_child=4 3 -3 -2 5 -1 7 8 -6 10 -8 12 -11 -13
right_child=1 2 -4 -5 6 -7 9 -9 -10 11 -12 13 -14 -15
leaf_value=0.0083525623290575408 -0.02144434156353409 -0.0058085676040009358 0.012515599775102818 -0.0055431674453401926 0.026046514673374637 -0.018649678599517404 -0.019742273852299326 -0.011648258616939092 0.0050234475093464117 0.026726474658007992 0.0067088466803039183 -0.014195803055653875 -0.001604947464891282 0.00062832508406710094
leaf_weight=15.961799345910547 16.307093679904938 14.201197452843191 14.313483841717241 24.095130071043968 24.318468950688839 21.359529703855515 27.344688855111599 15.34240787476301 32.993420492857695 15.115846849977968 21.910487301647663 16.817664239555597 21.259506225585938 1162.0644971095026
leaf_count=77 81 77 90 132 133 112 130 84 158 84 107 90 113 5450
internal_value=0.000293967 -0.00581956 0.00350199 -0.0123241 0.000604508 -0.0071846 0.000827114 0.00868736 0.0142376 0.000368985 -0.00807649 0.000717645 0.0105683 0.000404995
internal_weight=1443.41 68.9169 28.5147 40.4022 1374.49 37.3213 1337.17 72.6543 57.3119 1264.51 49.2552 1215.26 36.3754 1178.88
internal_count=6918 380 167 213 6538 189 6349 375 291 5974 237 5737 197 5540
is_linear=0
shrinkage=0.03


Tree=232
num_leaves=15
num_cat=0
split_feature=27 23 33 29 1 29 32 29 31 30 30 30 26 31
split_gain=3.19023 3.88375 5.42788 4.73708 4.70679 6.48275 5.66351 8.11772 7.41143 6.23066 8.20196 5.26842 4.84976 4.46838
threshold=0.078225229653838838 -0.030740364609416714 0.028990158688221381 1.2557005555921721 0.005359036721501508 0.46697505520488858 -0.96298784033749818 0.57730922353624659 -0.71473537162315137 -0.23236973134970171 -0.59479376429365793 -1.3709466651189615 -7.2636276244875111 -0.63435554093529889
decision_type=10 10 2 10 2 8 2 8 2 10 8 10 10 2
left_child=1 3 -3 4 6 -6 -1 8 -8 10 11 -9 -11 -5
right_child=-2 2 -4 13 5 -7 7 9 -10 12 -12 -13 -14 -15
leaf_value=0.011105866987632754 -0.0011298321347790671 0.00077826863689880261 0.023138570519345335 0.0061967406312717077 -0.0097184079842600954 0.0086828887414142891 -0.0057800215680937203 -0.015911879208092165 0.012864870727622886 0.0074852127612365415 -0.017483141632883389 0.0022765270585195256 -0.003160781323956753 -0.0078028947927211096
leaf_weight=40.312203019857407 709.66599508747458 21.85816952958703 16.774504996836185 26.127936463803053 18.691135533154011 145.37953035533428 26.805129535496235 17.613258048892021 62.504025407135487 61.124738857150078 48.843272238969803 61.535008393228054 100.36907824873924 84.967485919594765
leaf_count=174 3425 117 90 150 89 664 124 80 297 306 217 272 460 451
internal_value=0.000303084 0.00169021 0.0108261 0.00116701 0.00224945 0.00654042 0.000558072 -0.000590735 0.00726678 -0.00303153 -0.00794801 -0.00191906 0.00088995 -0.00448449
internal_weight=1442.57 732.905 38.6327 694.273 583.177 164.071 419.107 378.795 89.3092 289.485 127.992 79.1483 161.494 111.095
internal_count=6916 3491 207 3284 2683 753 1930 1756 421 1335 569 352 766 601
is_linear=0
shrinkage=0.03


Tree=233
num_leaves=15
num_cat=0
split_feature=33 1 27 27 30 27 29 1 1 33 29 29 27 29
split_gain=3.39361 5.8893 5.10219 4.82475 5.01039 7.81034 6.21739 6.15766 4.74636 8.80565 5.4109 5.86982 8.75461 8.28746
threshold=0.0064685787508312323 -0.31075466455807127 -13.539181632360451 -19.331316249830973 -0.81180363580713799 -6.8841232620719941 1.0943130710609703 -0.24231198288547093 -0.064055834024197636 0.00062727081075397955 0.40330056954676669 0.94375499630317938 4.2011954057485932 1.0114785991129545
decision_type=2 2 10 10 10 10 10 2 2 2 8 10 10 10
left_child=1 -1 -3 -2 6 -6 -5 -7 9 -4 -10 12 -12 -13
right_child=3 2 8 4 5 7 -8 -9 10 -11 11 13 -14 -15
leaf_value=-0.018083764046932176 -0.0066306313767652662 0.0058613920890742506 -0.021641277136732709 -0.0049063898215012652 0.0090169508850015383 0.013721954602253774 0.011929740168174505 4.8389626533924419e-05 -0.01658941772102026 -0.0035184458397951473 0.011025789677014609 -0.023304023463514602 -0.0028802825027671938 -0.0012502794294189173
leaf_weight=19.444039434194565 72.518813602626324 69.268285356462002 29.22163251042366 165.10661656409502 135.67697646841407 30.652583949267864 21.441850185394287 466.547269012779 16.89599134773016 122.58352611958981 80.838641315698624 17.216109037399292 80.488446183502674 97.826652452349663
leaf_count=99 405 336 127 780 652 150 101 2281 83 548 362 77 368 477
internal_value=-0.000399084 -0.00228881 -0.00165777 0.00073312 0.0013921 0.00266514 -0.00291796 0.000917222 -0.00283853 -0.00712578 -0.000602611 0.000431036 0.00411284 -0.004723
internal_weight=1425.73 533.783 514.339 891.944 819.425 632.877 186.548 497.2 445.071 151.805 293.266 276.37 161.327 115.043
internal_count=6846 2477 2378 4369 3964 3083 881 2431 2042 675 1367 1284 730 554
is_linear=0
shrinkage=0.03


Tree=234
num_leaves=15
num_cat=0
split_feature=26 1 26 30 31 22 31 26 27 13 13 30 27 27
split_gain=3.61863 6.29416 4.77782 6.064 5.55296 7.53835 5.80183 9.2991 5.4388 4.48581 4.28662 6.00137 5.53712 6.75908
threshold=0.76884073528127328 0.26631306850275288 3.8540510125617549 0.07121774965917553 -0.65106671239330405 -0.26508295650143116 -0.29026740676763269 10.401154009844761 -7.9413063828503985 -0.18684336526570297 -0.84702278855991131 -0.2408998362815398 10.798295376277524 7.6124069023020278
decision_type=10 2 10 8 2 10 2 10 10 8 8 10 10 10
left_child=1 -1 3 8 9 6 7 -6 -2 -4 11 -8 13 -12
right_child=2 -3 4 -5 5 -7 10 -9 -10 -11 12 -13 -14 -15
leaf_value=0.0023272030188853984 -0.017267149466398755 -0.012571291587070774 0.0028112888301906947 -0.011523221959586822 0.024598242405281846 -0.015514619880789421 0.022930911076878148 -0.0014029066992358435 0.00075754909003501486 -0.009385030846118473 -0.0006702506179070202 0.00080415553130408566 0.006669410287685416 -0.02024025456828471
leaf_weight=781.84576230868697 15.891683399677275 25.397212356328964 43.131669718772173 75.604629427194595 27.921656228601933 17.461522743105888 18.535190530121326 21.463792975991964 138.80289549380541 70.529580317437649 86.468205992132425 25.519475869834423 67.516012892127037 18.478506304323673
leaf_count=3698 72 130 224 362 130 88 88 124 638 354 404 138 347 84
internal_value=0.000516251 0.0018435 -0.00119187 -0.00461954 0.000803 0.0030484 0.00432097 0.0134941 -0.00119313 -0.00477267 0.00217625 0.0104159 2.35547e-05 -0.00427456
internal_weight=1434.57 807.243 627.325 230.299 397.026 283.364 265.903 49.3854 154.695 113.661 216.517 44.0547 172.463 104.947
internal_count=6881 3828 3053 1072 1981 1403 1315 254 710 578 1061 226 835 488
is_linear=0
shrinkage=0.03


Tree=235
num_leaves=15
num_cat=0
split_feature=19 23 32 14 21 24 32 14 32 28 28 26 26 26
split_gain=4.75881 3.16222 9.65692 2.64907 2.49187 5.39137 3.67615 4.15957 2.32687 5.54858 6.25544 5.51047 5.02789 6.38321
threshold=-1.1477125629610894 0.0018045015675474208 -0.10886687485196482 -4.4414541688558842 0.30438419867273586 -0.00022385548315637709 0.38268343236508956 -4.5554996795355009 -0.46174861323503363 -26.596156667162415 -8.9426685654458975 -3.3548340518585458 14.842249848996405 5.3971048665513175
decision_type=8 10 2 10 10 8 2 10 2 8 10 10 10 10
left_child=-1 4 3 -3 5 -2 7 -6 9 -7 -11 -12 13 -13
right_child=1 2 -4 -5 6 8 -8 -9 -10 10 11 12 -14 -15
leaf_value=0.01292181605572712 0.014779773952709376 0.0054088683368207092 0.023714171978835342 -0.01138380492273376 0.01115544802142715 -0.0062485496504887557 -0.013932469087916888 -0.0082534826439322976 -0.0014168724582073237 0.010530856576912639 -0.005976355609001306 0.0012507881740476037 -0.0098410389970832665 0.013104896550520367
leaf_weight=24.051180880516768 20.139783561229706 16.08820325136185 18.447581201791763 15.857579216361044 16.337368242442608 72.650867868214846 29.259996078908443 22.284156419336796 843.31505903229117 73.6026481539011 78.168758738785982 135.09042377397418 22.566222179681063 57.779832758009434
leaf_count=122 105 87 102 82 83 394 149 115 3978 343 362 601 136 274
internal_value=-4.00314e-05 -0.000268256 0.00703802 -0.00301937 -0.000541705 -0.000247609 -0.00610274 3.10621e-05 -0.000494794 0.00127226 0.00277315 0.000799263 0.00327398 0.00485131
internal_weight=1445.64 1421.59 50.3934 31.9458 1371.2 1303.31 67.8815 38.6215 1283.17 439.859 367.208 293.605 215.436 192.87
internal_count=6933 6811 271 169 6540 6193 347 198 6088 2110 1716 1373 1011 875
is_linear=0
shrinkage=0.03


Tree=236
num_leaves=15
num_cat=0
split_feature=16 1 31 30 0 1 33 30 1 28 13 13 31 31
split_gain=2.64822 5.8286 7.00295 2.93205 4.19578 2.55039 8.4554 5.73734 7.28941 9.06963 8.782 7.72069 8.46125 8.00245
threshold=-0.0047397800745248011 -0.08442584532667699 -0.52803643325367233 2.1309515239029326 0.15465416502188553 -0.067874378061852217 0.0005309732778605627 0.44782572408245064 -0.1254855521627046 -26.146882706896687 -0.3934611219893675 -0.13633519507726158 -0.71473537162315137 -0.37256073532439565
decision_type=10 2 2 10 2 2 2 8 2 10 8 10 2 2
left_child=3 -2 -3 5 -5 6 -1 8 10 -10 -8 -12 -13 -14
right_child=1 2 -4 4 -6 -7 7 -9 9 -11 11 12 13 -15
leaf_value=-0.018409296064072402 0.0079522824326620084 0.0020821714536312236 -0.023189501265011694 0.016897362585017919 -0.0047738209582586953 0.001080125293842009 -0.0031417919588252077 -0.0055387558065745296 0.015125977043812302 -0.0075721904213697693 0.023910994982983751 -0.007753779112739001 0.025251557691720175 0.0051273800735797022
leaf_weight=24.589728482067585 17.073392190039158 16.736689276993275 22.524943582713604 20.638214480131865 12.218556538224218 799.91513173654675 88.641408883035183 157.08109299838543 17.465826764702797 112.46585410833359 24.177849471569061 31.237023279070854 22.602612480521202 75.32082462310791
leaf_count=109 84 80 124 158 96 3775 425 787 79 502 114 141 102 338
internal_value=-4.57383e-05 -0.00636393 -0.0126324 0.000215406 0.00893546 -2.718e-06 -0.00156653 -0.000750353 0.00128151 -0.00442881 0.0043533 0.00867832 0.00566508 0.00998073
internal_weight=1442.69 56.335 39.2616 1386.35 32.8568 1353.5 553.582 528.992 371.911 129.932 241.98 153.338 129.16 97.9234
internal_count=6914 288 204 6626 254 6372 2597 2488 1701 581 1120 695 581 440
is_linear=0
shrinkage=0.03


Tree=237
num_leaves=15
num_cat=0
split_feature=15 33 23 13 31 27 33 27 28 13 13 27 29 13
split_gain=3.11147 4.556 5.22011 3.28938 7.07362 7.86328 4.82856 4.05091 3.87253 6.33042 17.4375 6.46516 6.10034 5.11288
threshold=-0.0061099419866135199 0.043975078840948943 -0.11961259821624121 -1.4945286730437706 0.30070579950427329 -5.3859482021412211 0.022577558287751102 1.1497527785042652 -11.650079779625953 -0.42882033197452329 -0.3934611219893675 7.217724345869315 1.2557005555921721 1.6375925564675133
decision_type=10 2 10 8 2 10 2 8 10 10 10 10 10 8
left_child=3 2 -2 4 5 -1 -7 -6 9 12 -11 -12 -5 -10
right_child=1 -3 -4 8 7 6 -8 -9 13 10 11 -13 -14 -15
leaf_value=0.018826507668706371 -0.023245642190851325 0.0032328038995865149 -0.0021218456900760916 0.015203670389725766 -0.023837382516702255 0.0051965493891355987 -0.017523188026707628 -0.0027422482059575046 0.00088173915737418344 -0.026980847812177907 0.0016573938605809442 0.016316157849047032 -0.0011830990053674783 -0.0071866713623046259
leaf_weight=16.236643560230732 18.542587988078594 30.831287689507008 23.311849683523178 68.270682476460934 19.446323037147522 16.219917841255668 15.750051368027924 14.153381187468765 836.1458567455411 17.112247411161661 213.20356747880578 30.072838455438614 28.813895002007484 76.205358821898699
leaf_count=94 98 157 116 326 104 84 94 77 3852 84 1051 151 151 392
internal_value=0.000535382 -0.00546865 -0.0118043 0.000862061 -0.00493278 0.00244836 -0.00618836 -0.0152874 0.00123897 0.00388096 0.00142824 0.00352883 0.0103777 0.000200684
internal_weight=1424.32 72.6857 41.8544 1351.63 81.8063 48.2066 31.97 33.5997 1269.82 357.473 260.389 243.276 97.0846 912.351
internal_count=6831 371 214 6460 453 272 178 181 6007 1763 1286 1202 477 4244
is_linear=0
shrinkage=0.03


Tree=238
num_leaves=15
num_cat=0
split_feature=32 23 29 29 31 26 31 13 28 28 30 32 29 1
split_gain=3.69062 6.03808 6.95928 10.8509 6.29957 4.21138 3.89645 3.59442 3.57223 7.91754 4.65767 4.46536 4.8701 9.38871
threshold=0.91080963307804863 -0.088899694341668445 0.84347766246855416 0.64834793630381571 -0.20576496797711577 6.2727707683407639 0.010907442517280623 0.16441362168505019 6.9470321697995283 5.3359167945377104 -0.15624105555105841 -0.99512551815703254 0.43492258077545393 -0.11839879475147568
decision_type=2 8 10 10 2 8 2 10 10 8 8 2 10 2
left_child=8 -2 3 4 -3 -4 -5 -6 9 11 -11 -1 13 -13
right_child=1 2 5 6 7 -7 -8 -9 -10 10 -12 12 -14 -15
leaf_value=-0.012210769063436114 -0.012481646046144731 0.023068567775638146 0.015894210181628989 -0.02115422390513276 0.0093674415469975798 -0.0016412297181786213 -0.0021434515828847498 -0.0074099392159081047 -0.0028123715425772623 0.0030100916068964778 0.024440418985108719 0.0077874052879475554 0.0009151360467537519 -0.018501896848270475
leaf_weight=25.968990206718445 17.955537028610706 16.780508458614349 58.516847714781761 19.622839480638504 24.694935597479343 15.323974348604677 18.798180013895035 19.833833456039429 493.25635770708323 18.314437940716743 17.85462711006403 18.894169799983501 661.26742072403431 31.449267111718655
leaf_count=114 93 77 293 95 122 81 81 99 2378 84 82 88 3163 151
internal_value=-0.000232539 0.00363782 0.00536729 0.000176636 0.00796814 0.0122818 -0.0121432 0.00189591 -0.000820009 0.000452091 0.013962 -0.000228406 0.000225391 -0.00867587
internal_weight=1458.53 191.527 173.571 99.7303 61.3093 73.8408 38.421 44.5288 1267.01 773.749 36.1691 737.58 711.611 50.3434
internal_count=7001 941 848 474 298 374 176 221 6060 3682 166 3516 3402 239
is_linear=0
shrinkage=0.03


Tree=239
num_leaves=15
num_cat=0
split_feature=27 33 29 32 29 13 28 13 13 32 13 13 32 28
split_gain=2.82187 4.05426 2.93067 8.43437 3.37533 5.26081 4.13693 7.0689 6.27016 5.88488 9.18247 8.77831 14.8638 10.3012
threshold=-32.378590985118187 0.0070307244389254363 1.6203578984870488 0.36243803828370164 1.4674424020763033 -0.19431964612185368 -1.3232059419010509 -1.4945286730437706 -6.5382233044314217 -0.61734245059638992 0.77240588263802501 -0.11994943939347437 -0.88186879444286459 -9.9393528784297285
decision_type=10 2 10 2 10 8 10 8 10 2 10 10 2 10
left_child=1 -1 4 -4 6 -6 7 -2 -8 10 11 12 -9 -13
right_child=2 -3 3 -5 5 -7 8 9 -10 -11 -12 13 -14 -15
leaf_value=0.021275997450769524 -0.0095952221423447146 0.00058907917955329221 -0.012059492767208723 0.010959425038437271 -0.0032260501087978616 0.01683730280496637 0.015137336538004498 -0.0071433275657882397 -0.0016473293654848977 0.0013730058837488023 -0.0091786555485899209 0.031842501314509546 0.022396754443398864 0.0038524947088242503
leaf_weight=13.303505770862101 41.084553718566895 21.256185967475176 49.802900619804859 19.06666249781847 19.727857552468777 27.152492597699165 19.639511428773403 38.509479470551014 683.55402074754238 407.82252309471369 21.204905405640602 30.577167585492134 24.108369961380959 19.417010605335236
leaf_count=86 213 151 319 115 104 140 115 174 3160 1891 94 138 118 83
internal_value=0.000580661 0.00892674 0.000368661 -0.00562102 0.000682148 0.00850334 0.000390627 0.00225785 -0.00115772 0.00317296 0.00860766 0.0120081 0.00440312 0.0212603
internal_weight=1436.23 34.5597 1401.67 68.8696 1332.8 46.8804 1285.92 582.724 703.194 541.639 133.817 112.612 62.6178 49.9942
internal_count=6901 237 6664 434 6230 244 5986 2711 3275 2498 607 513 292 221
is_linear=0
shrinkage=0.03


Tree=240
num_leaves=15
num_cat=0
split_feature=31 32 0 22 13 13 1 30 13 27 30 27 32 13
split_gain=3.30791 5.18979 4.05441 5.40787 7.88745 7.70856 10.4665 5.37943 7.11166 7.07676 6.1908 7.47835 5.30786 4.49491
threshold=0.098011308799811389 -0.98279651670771917 0.28585160884131794 -0.52545432348378929 -1.4945286730437706 -0.84702278855991131 -0.067874378061852217 -0.24993425211760351 0.50476536847061382 0.46019063048241554 0.008324012036577828 14.642250560967797 1.0000000180025095e-35 1.4113337417240719
decision_type=2 2 2 10 8 8 2 8 10 10 8 8 2 8
left_child=-1 -2 3 4 -3 6 -6 8 -7 -10 -9 13 -5 -12
right_child=1 2 -4 12 5 7 -8 10 9 -11 11 -13 -14 -15
leaf_value=-0.0013091253742226383 0.015917925322293743 -0.016294653356462584 0.0058417393317631225 0.024066491477963772 0.019734845138392507 -0.012595056095900014 -0.00058977838365550646 0.011573134603998647 0.0077516944753661327 -0.0096504186924141044 -0.0012974163738576497 0.013352609181937057 0.00040718097758292606 -0.014455093707732167
leaf_weight=756.03898334875703 20.978499859571457 27.160299129784107 128.86050087586045 14.995162703096865 37.568239517509937 76.112290546298027 55.650981742888689 40.952364645898342 46.511729590594769 36.735876083374023 118.72818532213569 25.696362234652042 18.370747044682503 28.16842819750309
leaf_count=3691 92 141 650 75 177 329 250 183 205 160 567 130 95 144
internal_value=5.37249e-05 0.00157652 0.001094 -7.65434e-05 -0.000876464 5.48875e-05 0.00772376 -0.00187771 -0.00603084 4.90151e-05 0.00123525 -0.00127023 0.0114309 -0.00390117
internal_weight=1432.53 676.49 655.511 526.651 493.285 466.124 93.2192 372.905 159.36 83.2476 213.545 172.593 33.3659 146.897
internal_count=6889 3198 3106 2456 2286 2145 427 1718 694 365 1024 841 170 711
is_linear=0
shrinkage=0.03


Tree=241
num_leaves=15
num_cat=0
split_feature=13 32 32 33 13 28 33 31 30 30 33 29 29 31
split_gain=3.38341 12.6018 9.5083 8.47967 8.3382 3.62933 6.86171 5.53869 7.26241 7.99644 5.39154 8.6013 6.95876 6.45977
threshold=-1.5273327396272707 -0.87137607974597309 -0.3725607353243956 0.024539639531258258 -1.4945286730437706 -1.8700812973460044 0.061372166424568733 0.77296446310593014 0.5850541257188494 -0.5253521055853021 0.014884043754004287 0.74898998460657407 0.56398653721104719 0.47136869107721086
decision_type=10 2 2 2 8 10 2 2 10 10 2 10 10 2
left_child=1 -1 -3 -4 -2 -6 7 10 9 -9 13 12 -12 -7
right_child=4 2 3 -5 5 6 -8 8 -10 -11 11 -13 -14 -15
leaf_value=-0.017467768774411745 -0.016172393563758665 0.030497049157296206 0.014054970910729284 -0.012411412328034744 0.0014389446002724057 -0.00064107252886604603 0.0022838257443327879 -0.0031838001079387201 -0.012515652814129015 0.018877870761583648 -0.010055205463172153 -0.0029630997684435391 -0.034587780788925271 -0.010217709482015077
leaf_weight=15.77232053875923 29.539422575384378 16.703232780098915 28.69310861825943 16.277840577065945 589.19692942872643 231.18195400387049 253.71877712383866 26.921799391508102 18.142812859266996 31.141527391970158 24.837704375386238 51.074075248092413 18.548289224505424 86.419854015111923
leaf_count=72 151 89 158 108 2841 1049 1253 117 91 136 121 233 90 398
internal_value=-0.000324574 0.00573403 0.0118516 0.00441351 -0.000673362 -0.000317551 -0.00171241 -0.0037894 0.00360439 0.00876798 -0.00516221 -0.0114209 -0.0210863 -0.00327078
internal_weight=1438.17 77.4465 61.6742 44.9709 1360.72 1331.18 741.987 488.268 76.2061 58.0633 412.062 94.4601 43.386 317.602
internal_count=6907 427 355 266 6480 6329 3488 2235 344 253 1891 444 211 1447
is_linear=0
shrinkage=0.03


Tree=242
num_leaves=15
num_cat=0
split_feature=1 33 13 22 15 23 13 29 33 27 27 29 29 13
split_gain=5.91731 6.1715 7.61575 5.96852 7.51844 5.18597 5.98631 5.04909 5.08132 5.84127 9.27712 7.6866 5.38917 5.34848
threshold=-0.0051028180396509738 0.0005309732778605627 0.18167234707189373 -1.0627579860773262 -0.0032627401216185343 -0.030740364609416714 0.49387493835574298 0.39719842615925249 0.066705656214754563 5.155677662971315 9.9668618334192178 1.2848560469317938 0.96349256591487198 0.16441362168505019
decision_type=2 2 8 8 10 10 10 8 2 10 10 10 8 8
left_child=5 2 -2 -3 7 6 -1 -5 9 11 12 -9 -11 -12
right_child=1 3 -4 4 -6 -7 -8 8 -10 10 13 -13 -14 -15
leaf_value=-0.00031854897726417571 0.0015440340580778675 0.016279599325307974 0.02735298854480708 -0.010319706161532771 -0.014637949692724367 0.0087111328071634714 -0.006008300335616619 0.0061136927573010131 0.0063230108457415128 -0.019222973334446239 0.0069562690528729432 -0.011900321880163557 0.00055073974912714905 -0.0065035322902703098
leaf_weight=496.07039628177881 22.650322735309601 22.462695643305779 18.053177334368229 29.368678271770477 25.938547611236572 40.177209515124559 249.53549015149474 162.98054217547178 181.4261332526803 41.154419891536236 62.509785931557417 23.562240280210972 17.499800860881805 44.710861630737782
leaf_count=2339 107 118 83 144 141 213 1176 729 938 183 329 118 83 219
internal_value=9.38516e-05 0.00220413 0.0133725 0.00144025 0.000847841 -0.00165857 -0.00222826 0.00158571 0.00225874 0.00015447 -0.00392891 0.00378702 -0.013413 0.00133532
internal_weight=1438.1 652.317 40.7035 611.614 589.151 785.783 745.606 563.212 533.844 352.418 165.875 186.543 58.6542 107.221
internal_count=6920 3192 190 3002 2884 3728 3515 2743 2599 1661 814 847 266 548
is_linear=0
shrinkage=0.03


Tree=243
num_leaves=15
num_cat=0
split_feature=30 28 0 30 31 31 0 30 26 0 1 1 31 13
split_gain=2.84148 4.29104 8.3472 4.95777 5.68936 7.54397 8.32213 5.98851 5.74316 5.37815 6.08764 5.04054 11.5596 4.60095
threshold=0.24461371844697674 -11.305003433648151 -0.35772801643576263 -0.29736796894685241 0.34202014332566882 -0.50938662908026078 -0.22835440771773149 0.050593804890057249 -0.32161199097657794 -0.23591855317610944 0.14640650056706375 -0.13229963567277539 -0.56457333468532422 -0.18684336526570297
decision_type=8 10 2 10 2 2 2 10 10 2 2 2 2 10
left_child=1 2 -1 11 5 7 -7 8 -5 -6 -11 12 -3 -13
right_child=-2 3 -4 4 9 6 -8 -9 -10 10 -12 13 -14 -15
leaf_value=-0.00662415530778253 -0.0021264131681120271 -0.011922066712271941 0.0072728282684730696 -0.011651137286820382 -0.0043104530908189649 0.0082730067349706324 -0.015779981786347104 0.016369697751060359 0.0087122626227864354 0.019139159946803024 -0.00025429537973148929 -0.00033677765207849013 0.010457959514763381 -0.0072643926000500883
leaf_weight=49.130978308618069 548.46763029322028 28.987437851727009 174.45173068344593 22.723668731749058 20.457446202635765 17.724228113889694 42.322045259177685 27.517254345118999 25.275561414659023 45.502604126930237 21.174526110291481 158.70889794826508 66.862837165594101 188.33773691952229
leaf_count=234 2811 135 806 106 92 80 192 128 121 202 101 747 307 860
internal_value=-0.000430231 0.000617232 0.00420315 -0.000591829 0.00305102 -0.000800985 -0.0086609 0.00548027 -0.000969161 0.00898502 0.0130677 -0.00242627 0.00363648 -0.00410638
internal_weight=1437.64 889.177 223.583 665.594 222.697 135.563 60.0463 75.5165 47.9992 87.1346 66.6771 442.897 95.8503 347.047
internal_count=6922 4111 1040 3071 1022 627 272 355 227 395 303 2049 442 1607
is_linear=0
shrinkage=0.03


Tree=244
num_leaves=15
num_cat=0
split_feature=29 13 28 23 33 28 28 29 31 29 31 19 33 27
split_gain=2.862 6.24282 10.123 9.95543 11.2571 6.57894 5.49707 6.25318 5.62696 4.20319 11.7209 8.82152 6.53591 7.83522
threshold=0.57730922353624659 -0.66179152803488928 1.3497810605400675 0.023032637954341729 0.0070307244389254363 8.6373025239705488 7.2381446078750864 0.36348388448219865 -0.56457333468532422 0.75802048798676358 -0.98279651670771895 0.3520772038978493 0.0011240704380516976 13.388268548313322
decision_type=10 8 10 8 2 8 10 10 2 10 2 8 2 10
left_child=1 2 -1 -3 5 -5 7 -6 -8 10 -2 -12 -13 -14
right_child=9 3 -4 4 6 -7 8 -9 -10 -11 11 12 13 -15
leaf_value=0.0071124302672104858 0.015785022652678192 0.024322058617030542 -0.019706577523838208 -0.01861120438606164 -0.011499769883300634 0.002613590802981419 0.0031923709280678894 0.0073958126703459314 0.024156351455920499 0.00041674518682498159 0.011827704412921476 0.0036073017476236893 -0.011703598203498068 0.0076917708161162793
leaf_weight=24.107931666076183 24.191417813301086 20.965219132602215 24.807147569954395 27.50008899718523 19.763918504118919 23.988618418574333 19.892856083810329 64.841018535196781 27.563917346298695 902.66301039606333 22.723301708698273 39.769871920347214 174.6854570582509 20.294081717729568
leaf_count=115 108 121 117 128 92 108 91 301 133 4407 115 175 805 99
internal_value=3.72158e-05 0.00292418 -0.00661107 0.00522585 0.0029247 -0.00886116 0.00755187 0.00289899 0.0156159 -0.000582503 -0.00377499 -0.00566675 -0.00740317 -0.00965592
internal_weight=1437.76 253.431 48.9151 204.516 183.55 51.4887 132.062 84.6049 47.4568 1184.33 281.664 257.473 234.749 194.98
internal_count=6915 1206 232 974 853 236 617 393 224 5709 1302 1194 1079 904
is_linear=0
shrinkage=0.03


Tree=245
num_leaves=15
num_cat=0
split_feature=15 23 23 32 28 23 23 20 13 33 13 13 31 33
split_gain=2.74275 2.7853 7.86747 6.96046 8.50064 3.69752 3.14987 2.73882 2.62273 11.2921 5.7265 2.02062 2.16129 2.3898
threshold=0.0052801121951233662 -0.17787365236844435 -0.077913272069204051 0.46174861323503363 1.3497810605400675 -0.030740364609416714 -0.2434052935965873 -0.88070153619668179 -1.5273327396272707 0.024539639531258258 -1.4945286730437706 2.0913524227957123 0.99845357241023069 0.0064685787508312323
decision_type=10 8 8 2 10 8 8 10 8 2 8 10 2 2
left_child=1 6 3 7 -5 -4 -1 -3 9 -7 -10 12 13 -12
right_child=-2 2 5 4 -6 8 -8 -9 10 -11 11 -13 -14 -15
leaf_value=0.0025259208983610397 -0.010318342079349114 0.010475553575059899 -0.01040590600858937 0.015410798054969695 -0.013270864889626571 0.021068282850119021 -0.015266158296014347 0.029230622868997209 -0.01261135224736841 -0.0080025819739701128 -0.0012401107909358498 0.0087543579041996777 -0.0088824696362390584 0.0015525534609767398
leaf_weight=15.193313769996164 20.42432052642107 14.754978932440283 27.933896847069263 18.117213159799576 17.120272181928158 24.354090254753828 19.9770827293396 16.142534129321575 29.752382583916187 22.103519558906555 443.59986952319741 25.100559808313847 21.55826973170042 725.51875256374478
leaf_count=74 107 94 138 88 82 141 105 79 152 142 2024 130 95 3484
internal_value=0.000336161 0.000496423 0.000710398 0.0107287 0.00149403 0.000200688 -0.00772279 0.0208834 0.000437883 0.00735982 0.000174001 0.00049699 0.000315717 0.000492776
internal_weight=1441.65 1421.23 1386.06 66.135 35.2375 1319.92 35.1704 30.8975 1291.99 46.4576 1245.53 1215.78 1190.68 1169.12
internal_count=6935 6828 6649 343 170 6306 179 173 6168 283 5885 5733 5603 5508
is_linear=0
shrinkage=0.03


Tree=246
num_leaves=15
num_cat=0
split_feature=20 23 23 23 21 1 30 1 29 28 1 27 13 27
split_gain=2.58578 2.94284 6.59391 4.32422 3.4919 2.94733 3.43092 3.07825 2.86586 4.86988 3.14856 7.07781 5.90188 5.14237
threshold=0.49662562050301068 -0.075240450428988345 -0.030740364609416714 -0.11358803161562404 -0.42350244005007193 -0.32968600443747176 0.20015841165910656 -0.2932614275849037 0.39102545017617396 6.4601016943033338 -0.21702736083067928 -7.3447054142494741 0.037613461808279604 -10.659865189683869
decision_type=10 8 8 10 10 2 10 2 8 10 2 10 10 10
left_child=1 3 -3 4 -1 6 -4 -7 9 -9 11 -10 -13 -12
right_child=-2 2 5 -5 -6 7 -8 8 10 -11 13 12 -14 -15
leaf_value=-0.008649358710375591 -0.009163188674720062 -0.0147864423103815 -0.016644601850781541 0.013936094635843737 0.0057052246590946626 0.010191616455515272 0.0016719105319530194 -0.013783896364011068 -0.013626771931189316 0.0035887887534189491 0.0055728940770829244 -0.0064655954454451853 0.014239253422626547 -5.5852460681796516e-05
leaf_weight=22.689286440610886 26.549476347863674 26.522351384162903 19.14812958240509 32.206423699855804 41.835504118353128 26.691669519990683 16.636557966470718 32.939811795949936 42.974831975996494 24.791731014847755 173.42836641147733 26.386654749512672 21.695693604648113 898.61344084516168
leaf_count=119 134 129 97 170 216 137 101 154 223 116 849 125 98 4233
internal_value=-6.09177e-05 0.00011728 -0.000257225 0.00513917 0.000602658 5.43321e-05 -0.00831517 0.000300876 7.64649e-05 -0.00638944 0.000402619 -0.00492234 0.0029766 0.000859077
internal_weight=1433.11 1406.56 1309.83 96.7312 64.5248 1283.31 35.7847 1247.52 1220.83 57.7315 1163.1 91.0572 48.0823 1072.04
internal_count=6901 6767 6262 505 335 6133 198 5935 5798 270 5528 446 223 5082
is_linear=0
shrinkage=0.03


Tree=247
num_leaves=15
num_cat=0
split_feature=29 28 13 13 1 29 13 33 13 13 13 27 29 29
split_gain=3.58257 6.93953 8.28502 11.1745 6.90889 5.50877 5.99373 5.18648 5.73314 4.60404 5.35139 3.14378 3.99618 3.27187
threshold=0.57730922353624659 -31.90227470567741 0.02510765951264694 -0.3934611219893675 0.1234737333256077 0.54866596412873081 0.34570752953366679 0.016177527429478415 -0.66179152803488928 1.3526944916825068 0.92209590533027974 22.658057909232813 0.80970922087503017 1.858898333275766
decision_type=10 10 8 10 2 10 10 2 8 10 10 10 10 10
left_child=1 -1 3 4 7 6 -4 -3 -9 10 -8 13 -13 -2
right_child=11 2 5 -5 -6 -7 9 8 -10 -11 -12 12 -14 -15
leaf_value=0.020429058587505898 -0.0015488474659332944 0.015596742661434394 -0.018617972531868275 0.022397079320036525 -0.015141580702701826 0.010868201774255052 -0.0046203738365505932 -0.013974488157915891 0.009316272571998175 -0.011219875801750889 0.015051770634066174 0.017574529267778877 0.0013815857378000384 0.0091743576518304691
leaf_weight=18.142337240278721 1070.263622995466 27.567596353590488 25.817894481122494 31.444816194474697 16.64912036806345 18.923631861805916 29.7984229773283 16.649082645773888 19.64871871471405 30.32611259073019 19.967792570590973 16.298243299126625 67.237257435917854 25.251248486340046
leaf_count=89 5002 139 116 159 82 88 132 83 93 158 85 81 399 180
internal_value=-0.000166725 0.00305098 0.00163921 0.00753127 0.00152191 -0.00366303 -0.00633679 0.00603239 -0.00145499 -0.00219716 0.00341373 -0.000864456 0.00471144 -0.00129354
internal_weight=1433.99 254.936 236.793 111.959 80.5145 124.834 105.91 63.8654 36.2978 80.0923 49.7662 1179.05 83.5355 1095.51
internal_count=6886 1224 1135 556 397 579 491 315 176 375 217 5662 480 5182
is_linear=0
shrinkage=0.03


Tree=248
num_leaves=15
num_cat=0
split_feature=29 29 23 32 22 22 28 30 32 29 31 32 32 33
split_gain=3.36138 10.7106 5.45787 6.87786 5.22613 4.91829 4.16013 6.54871 6.01249 5.88269 10.1595 8.65574 10.2331 8.93355
threshold=0.57730922353624659 0.55929277187099358 0.012798455645388286 -0.41268247579971828 0.5174995008931953 -0.027949809415382904 -48.285754488652792 1.3596186912518256 -0.52803643325367244 0.86897673518019325 -0.97854064376158167 0.25881904510252057 -0.065403129230142923 0.0083058195259135426
decision_type=8 10 10 2 10 10 8 8 2 8 2 2 2 2
left_child=1 5 4 -4 6 -1 7 8 -2 10 -8 12 -11 -13
right_child=2 -3 3 -5 -6 -7 9 -9 -10 11 -12 13 -14 -15
leaf_value=-0.00035237161690281185 -0.029319219462774004 0.022670020412817949 -0.0034331147566691277 0.02363171263392316 -0.012722790478919244 0.01498524087063861 0.011375241158325141 0.0048533615470692272 -0.0054300264837536224 0.0011030746801669383 -0.0043284719876482075 0.00036865155990473738 -0.012091697332960455 0.013279846045044966
leaf_weight=198.95470645278692 15.649046733975409 21.892451576888561 15.305901408195494 17.272473428398371 32.676295153796673 19.777449734508991 39.808289043605328 21.463405329734087 23.377736538648605 372.55800705775619 408.71591839939356 95.886537726968527 60.63010561466217 96.167543135583401
leaf_count=930 84 105 80 101 163 121 175 160 124 1787 1867 464 283 490
internal_value=-8.36465e-05 0.00314483 -0.000733367 0.0111926 -0.00107561 0.00109632 -0.000729164 -0.00831817 -0.0155023 -0.000294299 -0.0029125 0.00158555 -0.000767295 0.00686899
internal_weight=1440.14 240.625 1199.51 32.5784 1166.93 218.732 1134.26 60.4902 39.0268 1073.77 448.524 625.242 433.188 192.054
internal_count=6934 1156 5778 181 5597 1051 5434 368 208 5066 2042 3024 2070 954
is_linear=0
shrinkage=0.03


Tree=249
num_leaves=15
num_cat=0
split_feature=21 32 28 29 32 29 28 30 30 28 28 28 29 29
split_gain=2.53488 2.28111 6.15316 4.69529 4.57067 10.0111 7.9531 4.65286 4.50754 5.32872 3.98002 9.85685 7.31534 5.0893
threshold=0.98684909132451548 0.47136869107721086 25.713014831296736 2.0050620346438635 0.24825246871434672 0.83931273754810809 -3.0599193197833325 0.23463252889682232 -0.6315582764061598 35.553774995609196 -11.650079779625953 -8.4047113561691571 0.63387008913549947 1.2189072421972857
decision_type=10 2 10 8 2 10 10 10 10 10 10 10 10 10
left_child=1 3 10 4 -1 7 -7 -6 -4 -10 12 -12 -3 -13
right_child=-2 2 8 -5 5 6 -8 -9 9 -11 11 13 -14 -15
leaf_value=0.00052341567556798182 -0.009441612143609654 0.011432969717195157 -0.0049176187318335394 -0.01352722160121286 0.0049560546455664836 0.034301772577833352 0.0066571012548920653 -0.012191737787773597 0.026829794407089342 0.0042288244004081059 -0.023303000640812088 -0.0044393142137645631 -0.0030578774865038906 0.010188015842051907
leaf_weight=803.03602376580238 24.392253503203392 43.388050824403763 17.140397638082504 18.626081790775061 51.00060311704874 16.520280383527279 21.442991968244314 18.612778089940548 14.789785861968992 24.308113895356655 22.866905637085438 237.34801625460386 105.85395342484117 22.575454153120518
leaf_count=3823 127 201 84 141 230 81 104 88 73 138 106 1119 518 118
internal_value=-4.66357e-05 0.000121573 -0.00153676 0.000993664 0.00130519 0.00708242 0.0192587 0.000263463 0.00771254 0.0132341 -0.00275579 -0.0048419 0.001203 -0.00313469
internal_weight=1441.9 1417.51 488.271 929.239 910.613 107.577 37.9633 69.6134 56.2383 39.0979 432.032 282.79 149.242 259.923
internal_count=6951 6824 2357 4467 4326 503 185 318 295 211 2062 1343 719 1237
is_linear=0
shrinkage=0.03


end of trees

feature_importances:
funding_z=646
rv_ratio=441
hour_cos=332
ret_12=306
funding_proximity=291
hour_sin=290
ofi_trade_ema=220
leadlag_corr=185
volume_z=176
ret_3=166
basis_bps=84
ret_1=78
venue_premium_z=71
ofi_trade=52
oi_chg=46
oi_price_div=45
leadlag_kr=26
leadlag_okx=22
leadlag_cb=13
xv_kalman_z=10

parameters:
[boosting: gbdt]
[objective: binary]
[metric: binary_logloss]
[tree_learner: serial]
[device_type: cpu]
[data_sample_strategy: bagging]
[data: ]
[valid: ]
[num_iterations: 250]
[learning_rate: 0.03]
[num_leaves: 15]
[num_threads: 2]
[seed: 7]
[deterministic: 1]
[force_col_wise: 0]
[force_row_wise: 1]
[histogram_pool_size: -1]
[max_depth: -1]
[min_data_in_leaf: 80]
[min_sum_hessian_in_leaf: 0.001]
[bagging_fraction: 0.8]
[pos_bagging_fraction: 1]
[neg_bagging_fraction: 1]
[bagging_freq: 1]
[bagging_seed: 17422]
[bagging_by_query: 0]
[feature_fraction: 0.8]
[feature_fraction_bynode: 1]
[feature_fraction_seed: 7040]
[extra_trees: 0]
[extra_seed: 6516]
[early_stopping_round: 0]
[early_stopping_min_delta: 0]
[first_metric_only: 0]
[max_delta_step: 0]
[lambda_l1: 0]
[lambda_l2: 1]
[linear_lambda: 0]
[min_gain_to_split: 0]
[drop_rate: 0.1]
[max_drop: 50]
[skip_drop: 0.5]
[xgboost_dart_mode: 0]
[uniform_drop: 0]
[drop_seed: 15215]
[top_rate: 0.2]
[other_rate: 0.1]
[min_data_per_group: 100]
[max_cat_threshold: 32]
[cat_l2: 10]
[cat_smooth: 10]
[max_cat_to_onehot: 4]
[top_k: 20]
[monotone_constraints: ]
[monotone_constraints_method: basic]
[monotone_penalty: 0]
[feature_contri: ]
[forcedsplits_filename: ]
[refit_decay_rate: 0.9]
[cegb_tradeoff: 1]
[cegb_penalty_split: 0]
[cegb_penalty_feature_lazy: ]
[cegb_penalty_feature_coupled: ]
[path_smooth: 0]
[interaction_constraints: ]
[verbosity: -1]
[saved_feature_importance_type: 0]
[use_quantized_grad: 0]
[num_grad_quant_bins: 4]
[quant_train_renew_leaf: 0]
[stochastic_rounding: 1]
[linear_tree: 0]
[max_bin: 255]
[max_bin_by_feature: ]
[min_data_in_bin: 3]
[bin_construct_sample_cnt: 200000]
[data_random_seed: 61]
[is_enable_sparse: 1]
[enable_bundle: 1]
[use_missing: 1]
[zero_as_missing: 0]
[feature_pre_filter: 1]
[pre_partition: 0]
[two_round: 0]
[header: 0]
[label_column: ]
[weight_column: ]
[group_column: ]
[ignore_column: ]
[categorical_feature: ]
[forcedbins_filename: ]
[precise_float_parser: 0]
[parser_config_file: ]
[objective_seed: 15521]
[num_class: 1]
[is_unbalance: 0]
[scale_pos_weight: 1]
[sigmoid: 1]
[boost_from_average: 1]
[reg_sqrt: 0]
[alpha: 0.9]
[fair_c: 1]
[poisson_max_delta_step: 0.7]
[tweedie_variance_power: 1.5]
[lambdarank_truncation_level: 30]
[lambdarank_norm: 1]
[label_gain: ]
[lambdarank_position_bias_regularization: 0]
[eval_at: ]
[multi_error_top_k: 1]
[auc_mu_weights: ]
[num_machines: 1]
[local_listen_port: 12400]
[time_out: 120]
[machine_list_filename: ]
[machines: ]
[gpu_platform_id: -1]
[gpu_device_id: -1]
[gpu_device_id_list: ]
[gpu_use_dp: 0]
[num_gpu: 1]

end of parameters

pandas_categorical:[]
