tree
version=v4
num_class=1
num_tree_per_iteration=1
label_index=0
max_feature_idx=12
objective=binary sigmoid:1
feature_names=rv_ratio spread_bps hawkes_liq_long hawkes_liq_short funding_proximity volume_z event_proximity hour_sin hour_cos ret_12 p_up conf side
feature_infos=[0.14993636886955919:2.6607845799164331] none [0.00064105221286481326:0.54425626458847143] [0.012951306343825183:1.0171268438261969] [0.00036461568873027322:1] [-3.3674788778683173:5.7217884294283445] none [-1:1] [-1:1] [-390.07106605436269:535.94220793085515] [0.11994799690818155:0.86509757253060326] [0.0200099848422578:0.38005200309181847] [-1:1]
tree_sizes=878 894 898 892 903 899 888 892 893 898 895 897 900 894 892 892 893 892 905 896 898 894 887 894 892 901 904 899 898 891 892 895 899 899 900 896 895 902 899 900 894 884 891 897 893 903 895 901 896 897 904 885 902 893 894 894 894 900 905 904 900 898 894 891 893 892 887 892 895 898 899 898 898 890 892 902 892 897 896 893 895 890 891 896 894 899 897 900 890 890 889 893 901 899 893 900 899 904 891 884 897 888 893 893 894 892 893 898 895 891 895 890 892 899 885 890 890 893 901 892 892 899 896 895 891 902 894 893 899 898 891 894 898 890 900 891 894 895 898 882 892 888 896 896 896 899 894 896 899 889

Tree=0
num_leaves=7
num_cat=0
split_feature=5 4 10 8 9 0
split_gain=22.671 21.3912 18.1463 16.4104 15.2415 20.2976
threshold=0.94321459177062572 0.013693981322970113 0.44371244476089894 0.98279651670771939 1.9598250046781731 0.32924650355437657
decision_type=10 2 2 2 10 10
left_child=1 2 -1 4 5 -3
right_child=-2 3 -4 -5 -6 -7
leaf_value=-0.72351906104599695 -0.68291255650234761 -0.61207272295599036 -0.70276131288774657 -0.73151455582295066 -0.70164839512132848 -0.68718666287447916
leaf_weight=151.98752077668905 189.88003367185593 8.350915923714636 339.6553874835372 27.935246236622334 251.59682114422321 258.8390027731657
leaf_count=711 1137 43 1580 179 1219 1258
internal_value=-0.698752 -0.70166 -0.709217 -0.694856 -0.692821 -0.684527
internal_weight=1228.24 1038.36 491.643 546.722 518.787 267.19
internal_count=6127 4990 2291 2699 2520 1301
is_linear=0
shrinkage=1


Tree=1
num_leaves=7
num_cat=0
split_feature=5 4 10 8 4 7
split_gain=25.1467 17.4498 16.584 14.3701 16.201 13.4604
threshold=0.8284682377641891 0.014884043754004287 0.4386785664057527 0.92794370089704281 0.38386454775814488 0.86046863722869271
decision_type=10 2 2 2 2 2
left_child=1 2 -1 4 5 -3
right_child=-2 3 -4 -5 -6 -7
leaf_value=-0.024346306918822971 0.015237375980971322 0.0093545737549552439 -0.0040858582318389442 -0.019830480965123732 0.029573603214686037 -0.009742923275129144
leaf_weight=142.96415831893682 222.9344213232398 249.78526895493269 340.26893389225006 59.465784680098295 62.381142385303974 145.00848491489887
leaf_count=674 1296 1163 1583 335 346 696
internal_value=9.11776e-05 -0.00329771 -0.0101178 0.0030886 0.00610651 0.00233313
internal_weight=1222.81 999.874 483.233 516.641 457.175 394.794
internal_count=6093 4797 2257 2540 2205 1859
is_linear=0
shrinkage=0.05


Tree=2
num_leaves=7
num_cat=0
split_feature=5 0 2 4 10 10
split_gain=19.9132 19.6708 12.401 9.66268 15.3966 13.4944
threshold=-0.65806136717452934 0.45247342111845335 0.043260861907826728 0.017583420074340848 0.44795558159370596 0.55849310431905697
decision_type=10 10 10 2 2 2
left_child=-1 -2 3 4 -3 -6
right_child=1 2 -4 -5 5 -7
leaf_value=-0.010500782433910737 -0.023915044827691547 -0.012448576427631345 -0.043546783261761118 0.012123305737738574 0.023345235645550935 0.00025032125322576449
leaf_weight=325.98780818656087 58.335820473730564 136.37253242358565 11.518319971859453 405.02514545992017 93.761437527835369 190.27092967554927
leaf_count=1555 297 671 63 2120 464 918
internal_value=6.1036e-05 0.00391419 0.00588013 0.00662171 0.00130519 0.0079293
internal_weight=1221.27 895.284 836.948 825.43 420.405 284.032
internal_count=6088 4533 4236 4173 2053 1382
is_linear=0
shrinkage=0.05


Tree=3
num_leaves=7
num_cat=0
split_feature=4 10 11 4 7 0
split_gain=18.4559 19.0418 19.4919 14.7964 13.9812 16.0499
threshold=0.014884043754004287 0.67591890802920607 0.037748411340702039 0.0020143362771543063 0.34202014332566882 0.86931649427750735
decision_type=2 2 2 2 2 10
left_child=1 2 3 -1 -3 -6
right_child=-2 4 -4 -5 5 -7
leaf_value=0.033214639312510029 0.0049693322041082389 0.031039564361701855 -0.0148633659348277 -0.012184808573172777 0.027023860475941887 -0.047884476175836639
leaf_weight=39.637963436543941 636.80884640663862 50.178780548274517 433.12693736702204 31.412661992013454 12.543341547250749 14.283657655119894
leaf_count=189 3267 241 2092 156 60 69
internal_value=-0.000906946 -0.00734312 -0.0108828 0.0132523 0.0156746 -0.0131475
internal_weight=1217.99 581.183 504.178 71.0506 77.0058 26.827
internal_count=6074 2807 2437 345 370 129
is_linear=0
shrinkage=0.05


Tree=4
num_leaves=7
num_cat=0
split_feature=7 8 0 4 4 11
split_gain=15.9715 32.9452 24.9357 13.1628 12.6351 13.7842
threshold=-0.37256073532439565 -0.076279435988900565 0.45840616115702332 0.58228290274134042 0.0017050988463953155 0.094586833331792977
decision_type=2 2 8 2 2 2
left_child=-1 3 -3 -2 -4 -6
right_child=1 2 4 -5 5 -7
leaf_value=0.0080938039155312863 0.004564578567230442 -0.052615184749469718 0.0087675361911458867 0.041920442054402277 -0.0028942276287163542 -0.025031345981890381
leaf_weight=473.33391305059195 342.59787607565522 36.265874348580837 73.754804227501154 24.361307371407747 135.89961554482579 145.38197444006801
leaf_count=2361 1664 195 357 155 678 739
internal_value=0.000896491 -0.00360107 -0.0136774 0.00715171 -0.00956346 -0.0143841
internal_weight=1231.6 758.261 391.302 366.959 355.036 281.282
internal_count=6149 3788 1969 1819 1774 1417
is_linear=0
shrinkage=0.05


Tree=5
num_leaves=7
num_cat=0
split_feature=5 4 11 4 10 5
split_gain=19.8382 18.1331 14.7078 20.3856 18.3597 9.86374
threshold=0.87440550274905104 0.013693981322970113 0.037748411340702039 0.0030555402456639283 0.68386835961306291 -1.5514463717720763
decision_type=10 2 2 2 2 10
left_child=1 2 3 -1 -4 -3
right_child=-2 5 4 -5 -6 -7
leaf_value=0.035007524562287562 0.013651198256887227 -0.019745265198070225 -0.017626511649190286 -0.028005125957070498 0.012427045506057071 0.0050862495164220633
leaf_weight=36.804058760404587 209.98698306083679 42.51048506051302 363.92041753232479 18.541312724351883 58.309289932250977 495.96125220879912
leaf_count=170 1227 211 1720 86 269 2436
internal_value=-0.000301782 -0.00319604 -0.0102786 0.0137752 -0.0134566 0.00309292
internal_weight=1226.03 1016.05 477.575 55.3454 422.23 538.472
internal_count=6119 4892 2245 256 1989 2647
is_linear=0
shrinkage=0.05


Tree=6
num_leaves=7
num_cat=0
split_feature=0 7 10 9 11 8
split_gain=20.0375 21.1251 19.8205 12.8987 12.9957 17.7238
threshold=0.45840616115702332 -0.13052619222005171 0.58565322376666529 96.010123483658575 0.1763873717818786 -0.98279651670771917
decision_type=8 2 2 8 2 2
left_child=1 2 -1 4 -2 -6
right_child=3 -3 -4 -5 5 -7
leaf_value=-0.019508114937849944 -0.0013191436679887104 -0.047506413109616695 0.040844995367790557 0.040393149492638385 0.071885953898302296 0.0090072061371440255
leaf_weight=46.879533782601357 879.29827542603016 42.374018047004938 18.005745440721512 20.511395417153835 10.965910002589224 186.6216340623796
leaf_count=223 4345 232 87 150 51 935
internal_value=3.27679e-05 -0.0204906 -0.00239431 0.00205554 0.00128853 0.0128413
internal_weight=1204.66 107.259 64.8853 1097.4 1076.89 197.588
internal_count=6023 542 310 5481 5331 986
is_linear=0
shrinkage=0.05


Tree=7
num_leaves=7
num_cat=0
split_feature=4 8 5 7 8 8
split_gain=14.2903 19.6463 16.7638 20.072 19.1086 15.7695
threshold=0.013693981322970113 0.9195955058153672 0.36240576776731243 -0.95688340256707749 0.9195955058153672 0.17364817766693066
decision_type=2 2 8 2 2 2
left_child=2 -2 4 -4 5 -1
right_child=1 -3 3 -5 -6 -7
leaf_value=-0.008461930769627023 0.0078709085214658647 -0.020307501108241914 0.035404069374103182 -0.0028673128811360304 0.013803457080750882 -0.031484491262385783
leaf_weight=214.38648401200771 587.79287038370967 68.156094618141651 44.448162592947483 138.64690738543868 60.913240626454353 113.8148735165596
leaf_count=1002 2951 393 228 726 286 541
internal_value=-0.000117374 0.00491659 -0.00588653 0.0065653 -0.0117475 -0.0165172
internal_weight=1228.16 655.949 572.21 183.095 389.115 328.201
internal_count=6127 3344 2783 954 1829 1543
is_linear=0
shrinkage=0.05


Tree=8
num_leaves=7
num_cat=0
split_feature=0 7 10 5 9 7
split_gain=17.0281 19.6492 19.522 15.4356 13.6226 11.3647
threshold=0.45840616115702332 -0.13052619222005171 0.28309347420022574 -0.65806136717452934 5.8893610475907474 -0.87137607974597275
decision_type=8 2 2 10 10 2
left_child=1 2 -1 4 -2 -4
right_child=3 -3 5 -5 -6 -7
leaf_value=-0.052484003941894709 0.00027556303089440345 -0.044649405293415705 -0.02405828875756932 0.005504063731006691 -0.022914459047180254 0.027610999143642068
leaf_weight=13.446861311793326 173.46241317689419 42.482111088931561 13.929005518555639 834.09170497208834 98.721256464719772 36.856733523309231
leaf_count=61 828 240 69 4192 477 177
internal_value=0.000284871 -0.0186937 -0.00110578 0.00213083 -0.00818857 0.0132487
internal_weight=1212.99 106.715 64.2326 1106.28 272.184 50.7857
internal_count=6044 547 307 5497 1305 246
is_linear=0
shrinkage=0.05


Tree=9
num_leaves=7
num_cat=0
split_feature=5 7 10 0 7 10
split_gain=16.9152 12.4625 22.5098 15.5936 13.7098 16.2183
threshold=0.89098329365887963 0.34202014332566882 0.43992133872274203 0.60314437831723011 0.79989897227935891 0.54204494564214956
decision_type=10 2 2 8 2 2
left_child=1 -1 -3 -4 5 -5
right_child=-2 2 3 4 -6 -7
leaf_value=0.0026160254547690758 0.013706722219126286 -0.026661575639845909 -0.029036960761057454 0.019239823874073785 0.014604396087189473 -0.021654494835167067
leaf_weight=606.18619503825903 207.57918437197804 121.04168194532394 41.327791437506676 34.201856136322021 133.16804921627045 77.396324455738068
leaf_count=2903 1202 603 202 161 655 369
internal_value=0.000739459 -0.00192778 -0.00868291 -0.00101006 0.00382106 -0.00906192
internal_weight=1220.9 1013.32 407.136 286.094 244.766 111.598
internal_count=6095 4893 1990 1387 1185 530
is_linear=0
shrinkage=0.05


Tree=10
num_leaves=7
num_cat=0
split_feature=0 7 9 7 3 4
split_gain=13.2093 16.5087 21.5852 11.7926 9.70342 10.3336
threshold=0.45840616115702332 -0.13052619222005171 2.5250260105869065 -0.60003553868615167 0.91428342547525387 0.010664883377694317
decision_type=8 2 10 2 8 2
left_child=1 2 3 -1 -2 -6
right_child=4 -3 -4 -5 5 -7
leaf_value=0.0019074928238550668 -0.035890867766666994 -0.040127117187449171 -0.026614642312044846 0.063215639540050703 -0.0027269735405787733 0.0070603174597784826
leaf_weight=17.371752545237545 15.527563460171221 42.177723381668329 35.496125638484955 13.397623524069784 484.55999655649066 606.00725647062063
leaf_count=85 84 244 169 62 2357 3061
internal_value=0.000501536 -0.0160698 -0.000388496 0.0297519 0.00213926 0.00271312
internal_weight=1214.54 108.443 66.2655 30.7694 1106.09 1090.57
internal_count=6062 560 316 147 5502 5418
is_linear=0
shrinkage=0.05


Tree=11
num_leaves=7
num_cat=0
split_feature=5 4 10 11 8 5
split_gain=14.0682 12.6303 14.6865 16.3539 13.8573 13.3657
threshold=0.8284682377641891 0.020772356398613391 0.68386835961306291 0.054755283411417784 0.95032354012166631 0.63583752138007377
decision_type=10 2 2 2 2 8
left_child=1 2 3 -1 5 -3
right_child=-2 4 -4 -5 -6 -7
leaf_value=0.0047833741075880374 0.010510206449008179 0.0084136680992805257 0.014145046871412881 -0.017034790983908515 -0.02187095414846589 -0.021868472928972968
leaf_weight=113.35789528489113 226.26790354400873 386.31144411116838 61.611324712634087 348.63075305521488 50.558422654867172 39.263767316937447
leaf_count=529 1289 1855 284 1669 301 193
internal_value=-0.000720477 -0.00327026 -0.00862225 -0.0116825 0.00262101 0.00557511
internal_weight=1226 999.734 523.6 461.989 476.134 425.575
internal_count=6120 4831 2482 2198 2349 2048
is_linear=0
shrinkage=0.05


Tree=12
num_leaves=7
num_cat=0
split_feature=5 4 0 7 8 5
split_gain=9.88813 9.88646 15.0938 13.7172 20.4585 19.8996
threshold=0.8147136594768889 0.020772356398613391 0.46387376461197205 -0.37256073532439565 -0.076279435988900565 0.56082592665044506
decision_type=10 2 8 2 2 10
left_child=1 2 -1 5 -5 -3
right_child=-2 3 -4 4 -6 -7
leaf_value=-0.036392702046750498 0.0096731062199351542 0.020172642362646407 -0.0041303452801778528 0.01214542569689105 -0.015127240455472729 -0.028868459385467879
leaf_weight=38.272332549095154 229.64113271608949 161.86944898962975 477.69901731610298 118.75887851417065 160.57919684797525 22.801143996417522
leaf_count=194 1302 759 2260 583 834 114
internal_value=0.000357897 -0.00183259 -0.00658918 0.00345946 -0.00353047 0.0139947
internal_weight=1209.62 979.98 515.971 464.009 279.338 184.671
internal_count=6046 4744 2454 2290 1417 873
is_linear=0
shrinkage=0.05


Tree=13
num_leaves=7
num_cat=0
split_feature=0 7 9 5 10 0
split_gain=11.9269 14.9197 15.6563 13.4248 12.1924 15.9583
threshold=0.45247342111845335 -0.13052619222005171 -21.983194605499353 -1.0423475063581311 0.6896812403117959 1.1869576039052034
decision_type=8 2 10 10 2 10
left_child=1 2 -1 -2 -5 -6
right_child=3 -3 -4 4 5 -7
leaf_value=0.044242838887239164 -0.012980243396875311 -0.041887147522874479 -0.015128475133849807 0.0010802278131758325 0.028933762964623397 -0.031528782941048543
leaf_weight=13.179435126483439 154.34443983435631 37.200497291982174 50.225321672856808 893.65692199766636 75.987545520067215 11.870321273803709
leaf_count=65 754 218 239 4460 365 76
internal_value=-0.000788672 -0.0172012 -0.00229211 0.000678869 0.00283781 0.0205019
internal_weight=1236.46 100.605 63.4048 1135.86 981.515 87.8579
internal_count=6177 522 304 5655 4901 441
is_linear=0
shrinkage=0.05


Tree=14
num_leaves=7
num_cat=0
split_feature=5 8 4 8 7 4
split_gain=13.7936 24.196 6.66383 14.9089 7.79297 21.1888
threshold=0.05341334667971883 0.72236396205975539 0.14121587531479476 0.95688340256707793 0.39271506111191362 0.0008054316641544361
decision_type=10 2 2 2 2 2
left_child=2 -2 4 -4 -1 -6
right_child=1 -3 3 -5 5 -7
leaf_value=-0.0019653627472353656 0.010839440730174066 -0.01801374608136519 0.014537655896163432 -0.02275040752188813 0.033743091126852691 -0.019300341832183737
leaf_weight=322.4520640000701 461.05110839009285 85.285549893975258 106.60517561435699 34.736056476831436 19.916969746351242 194.88924014568329
leaf_count=1490 2400 466 526 209 94 941
internal_value=0.000403561 0.00631065 -0.00435449 0.00527828 -0.00689377 -0.0142486
internal_weight=1224.94 546.337 678.6 141.341 537.258 214.806
internal_count=6126 2866 3260 735 2525 1035
is_linear=0
shrinkage=0.05


Tree=15
num_leaves=7
num_cat=0
split_feature=2 0 7 10 5 11
split_gain=11.5694 11.004 17.3645 21.0236 11.1662 10.6658
threshold=0.049100319190158795 0.44525215275402502 -0.33172980431441518 0.58184360076110597 -1.0423475063581311 0.1763873717818786
decision_type=10 8 2 2 10 2
left_child=1 2 3 -1 -3 -6
right_child=-2 4 -4 -5 5 -7
leaf_value=-0.018087566351967222 -0.044050852624696678 -0.0093716770424568802 -0.039940092513723519 0.045197525314997017 0.0026747215415018448 0.016254628971353362
leaf_weight=38.138002753257751 12.923328399658201 151.73081701248884 38.409164696931839 18.749212026596069 783.66366070508957 176.47241614386439
leaf_count=185 72 744 232 87 3903 888
internal_value=0.00126897 0.0017902 -0.0144273 0.00319076 0.0031919 0.00518502
internal_weight=1220.09 1207.16 95.2964 56.8872 1111.87 960.136
internal_count=6111 6039 504 272 5535 4791
is_linear=0
shrinkage=0.05


Tree=16
num_leaves=7
num_cat=0
split_feature=9 8 7 0 9 9
split_gain=9.43793 9.13516 23.1091 17.8108 25.1368 20.0059
threshold=96.010123483658575 -0.3725607353243956 0.63435554093529933 1.3662289868189041 -44.859896859685826 9.399193388337503
decision_type=8 2 2 10 10 10
left_child=1 2 3 -1 -5 -6
right_child=-2 -3 -4 4 5 -7
leaf_value=-0.0053792038496986725 0.032389796759399896 -0.0033481891451661965 0.028309355818369963 -0.024258738777010711 0.069567174367561962 0.0032657774693343501
leaf_weight=290.24225204437971 21.924821853637695 753.98155532777309 89.023048855364323 19.006585996598005 27.301583394408226 19.198311440646648
leaf_count=1375 156 3739 470 130 139 103
internal_value=0.00061067 2.92715e-06 0.00567854 -4.81056e-05 0.0232983 0.0428385
internal_weight=1220.68 1198.75 444.772 355.749 65.5065 46.4999
internal_count=6112 5956 2217 1747 372 242
is_linear=0
shrinkage=0.05


Tree=17
num_leaves=7
num_cat=0
split_feature=9 0 7 9 11 8
split_gain=11.4024 9.98766 14.989 14.2552 10.1222 26.5368
threshold=96.010123483658575 0.45840616115702332 -0.13052619222005171 2.232418138863324 0.17396627619852303 -0.98658463173998423
decision_type=8 8 2 10 2 2
left_child=1 2 3 -1 -3 -6
right_child=-2 4 -4 -5 5 -7
leaf_value=0.023847195031083766 0.036403312849638957 -0.0011366044621183029 -0.039421019416173347 -0.022541407727163103 0.081444644528003582 0.0065493732149402078
leaf_weight=30.972676753997803 20.677124593406916 882.90594685450196 38.16307008266449 33.357693634927273 11.594199806451796 199.17833755910397
leaf_count=147 144 4357 233 162 52 987
internal_value=0.000464245 -0.00018689 -0.0150334 -0.000183867 0.00121691 0.0110344
internal_weight=1216.85 1196.17 102.493 64.3304 1093.68 210.773
internal_count=6082 5938 542 309 5396 1039
is_linear=0
shrinkage=0.05


Tree=18
num_leaves=7
num_cat=0
split_feature=2 5 7 4 4 9
split_gain=13.5551 10.7007 13.1859 12.5681 13.6846 12.1011
threshold=0.42840167715281602 0.8284682377641891 -0.95688340256707749 0.020772356398613391 0.0013279323167868207 -1.0000000180025095e-35
decision_type=8 10 2 2 2 10
left_child=-1 3 -3 4 -2 -5
right_child=1 2 -4 5 -6 -7
leaf_value=-0.045801180066945252 0.0046567131975748122 0.04537953593740076 0.0059444001004396859 0.012476565118399252 -0.012833320501168925 -0.0036674457178879384
leaf_weight=15.154229201376436 162.82358793914318 22.748309422284365 202.17707920819521 220.37090686708689 353.1807080283761 243.30849031731486
leaf_count=85 769 121 1153 1074 1691 1207
internal_value=-0.00030383 0.000306051 0.010116 -0.00195422 -0.00731606 0.00401559
internal_weight=1219.76 1204.61 224.925 979.684 516.004 463.679
internal_count=6100 6015 1274 4741 2460 2281
is_linear=0
shrinkage=0.05


Tree=19
num_leaves=7
num_cat=0
split_feature=5 0 7 11 11 8
split_gain=10.2314 13.873 11.5557 9.27035 9.09947 14.1666
threshold=-1.0423475063581311 0.45840616115702332 -0.22706275313213778 0.05176785344527985 0.17771044942599498 -0.95032354012166609
decision_type=10 10 2 2 2 2
left_child=2 -2 -1 -3 -5 -6
right_child=1 3 -4 4 5 -7
leaf_value=0.0087347934114900619 -0.018230590658948859 0.013640716185467444 -0.018767822391830918 -0.0013517976154385995 0.049996321633825808 0.0062866801481705203
leaf_weight=54.188817664980888 74.002620808780193 200.36689767241478 124.54397777467966 594.67154540121555 20.185150243341923 151.99022006615996
leaf_count=259 399 983 635 2968 92 766
internal_value=0.000590586 0.00249008 -0.0104273 0.00409263 0.00158333 0.0116701
internal_weight=1219.95 1041.22 178.733 967.214 766.847 172.175
internal_count=6102 5208 894 4809 3826 858
is_linear=0
shrinkage=0.05


Tree=20
num_leaves=7
num_cat=0
split_feature=0 2 5 9 0 0
split_gain=9.61121 9.37676 8.36483 8.8082 8.35451 8.04468
threshold=0.45247342111845335 0.026141638710276398 -0.65806136717452934 4.006422328592941 0.63824704971560864 1.1655432890028841
decision_type=8 10 10 10 8 10
left_child=-1 2 3 4 -2 -4
right_child=1 -3 5 -5 -6 -7
leaf_value=-0.01559675018226616 -0.017933288158298099 -0.038302427845580841 0.0070052209213418669 -0.016763546347425665 0.0078538714073006118 -0.0038291510487978458
leaf_weight=94.142107043415308 41.046398647129536 14.016604475677012 605.48687010258436 112.5565190538764 123.19192326813936 238.04957652837038
leaf_count=507 197 78 2898 555 595 1316
internal_value=-0.000331939 0.000947544 0.00147233 -0.00605574 0.00133962 0.0039468
internal_weight=1228.49 1134.35 1120.33 276.795 164.238 843.536
internal_count=6146 5639 5561 1347 792 4214
is_linear=0
shrinkage=0.05


Tree=21
num_leaves=7
num_cat=0
split_feature=5 7 7 9 0 7
split_gain=14.6662 9.35131 9.85891 8.37801 14.0764 12.1091
threshold=0.8284682377641891 -0.95688340256707749 0.84915165824291627 1.9598250046781731 0.6750410960821015 0.45201865172701788
decision_type=10 2 2 10 8 2
left_child=3 -2 -3 4 5 -1
right_child=1 2 -4 -5 -6 -7
leaf_value=-0.0011578077708523863 0.039547760807210425 0.002984945009408066 0.034324242415164255 -0.0078309792659754657 0.0066887851228448481 -0.03026376148545043
leaf_weight=105.23542584478855 24.806239068508148 174.40656111389399 28.362902861088514 458.36653987690806 372.90405021607876 53.173559054732323
leaf_count=511 131 983 163 2244 1778 276
internal_value=-0.000251839 0.0111649 0.00751554 -0.00288572 0.00138728 -0.0110564
internal_weight=1217.26 227.576 202.769 989.68 531.313 158.409
internal_count=6086 1277 1146 4809 2565 787
is_linear=0
shrinkage=0.05


Tree=22
num_leaves=7
num_cat=0
split_feature=2 9 0 8 9 7
split_gain=8.6129 6.1972 10.3343 14.7181 13.0406 9.7756
threshold=0.42840167715281602 -15.782959100971715 0.60314437831723011 0.72982064943493985 -68.0002119812073 -0.94331137514050689
decision_type=8 10 8 2 8 2
left_child=-1 2 3 -2 -4 -6
right_child=1 -3 4 -5 5 -7
leaf_value=-0.038027558161505444 -0.033713896156110694 -0.0016448344961597285 -0.013565034681726266 0.016148653891319656 -0.012274954290959804 0.019323729348748191
leaf_weight=13.626570865511892 33.568121492862701 866.98439686372876 45.865774821490049 25.0674914047122 27.222771711647511 197.83462811261415
leaf_count=78 171 4299 308 127 127 957
internal_value=0.000108724 0.000574422 0.00640003 -0.0124837 0.0105179 0.0154642
internal_weight=1210.17 1196.54 329.559 58.6356 270.923 225.057
internal_count=6067 5989 1690 298 1392 1084
is_linear=0
shrinkage=0.05


Tree=23
num_leaves=7
num_cat=0
split_feature=9 0 9 8 8 0
split_gain=7.93752 12.1683 13.5899 13.1413 10.452 9.76791
threshold=-1.0000000180025095e-35 0.6650032176899846 -68.0002119812073 0.66746801135786471 0.96298784033749851 0.7290867134748823
decision_type=10 8 8 2 2 10
left_child=1 3 -3 -1 -5 -2
right_child=5 2 -4 4 -6 -7
leaf_value=-0.019700253098826441 0.0052442100269118183 -0.017740596405163619 0.011199747880517703 0.022152879182339887 -0.023142430148376344 -0.008317820640784037
leaf_weight=93.038586657494307 194.98022951185703 44.183112282305956 403.87372641265392 45.408284567296505 16.641303464770317 411.44175578653812
leaf_count=473 976 300 1931 218 94 2071
internal_value=8.03621e-05 0.00413831 0.00831277 -0.0078979 0.00983059 -0.00395582
internal_weight=1209.57 603.145 448.057 155.088 62.0496 606.422
internal_count=6063 3016 2231 785 312 3047
is_linear=0
shrinkage=0.05


Tree=24
num_leaves=7
num_cat=0
split_feature=10 7 5 9 8 11
split_gain=8.53532 11.1765 10.6588 9.22365 6.43283 6.3822
threshold=0.39099553524715974 0.065403129230143103 0.92069881902991424 96.010123483658575 -0.97381903846659723 0.22968078088266142
decision_type=2 2 10 8 2 2
left_child=1 4 -3 5 -1 -2
right_child=3 2 -4 -5 -6 -7
leaf_value=0.029494807125473289 0.0011794146606884796 -0.029035327131418077 0.016331568799299371 0.042515667832963518 -0.0030526009062789173 0.020189829464537568
leaf_weight=16.099522888660431 913.55295930802822 76.105073884129524 14.882364515215157 13.331999968737362 134.35845651850104 45.402513261884451
leaf_count=78 4526 401 82 86 674 224
internal_value=0.000606385 -0.00778829 -0.021518 0.00269687 0.000601829 0.00209957
internal_weight=1213.73 241.445 90.9874 972.287 150.458 958.955
internal_count=6071 1235 483 4836 752 4750
is_linear=0
shrinkage=0.05


Tree=25
num_leaves=7
num_cat=0
split_feature=9 5 9 7 4 12
split_gain=8.35366 7.34671 6.68754 16.6141 15.9307 12.0258
threshold=96.010123483658575 -1.2136158038987432 2.232418138863324 -0.97381903846659723 0.0020143362771543063 1.0000000180025095e-35
decision_type=8 10 10 2 2 2
left_child=1 -1 -3 4 -4 -5
right_child=-2 2 3 5 -6 -7
leaf_value=-0.011734975128911028 0.029808253731962105 0.0045638073225544367 -0.01423974771734215 4.1336650101394753e-05 0.049900516213878587 -0.017027466833645942
leaf_weight=126.17753174901009 22.374494478106499 586.49822797253728 14.58280725032091 283.51883012056351 25.798062413930893 161.24049821123481
leaf_count=639 151 2912 70 1423 123 793
internal_value=0.000204812 -0.000372566 0.000974967 -0.00336414 0.0269531 -0.00617101
internal_weight=1220.19 1197.82 1071.64 485.14 40.3809 444.759
internal_count=6111 5960 5321 2409 193 2216
is_linear=0
shrinkage=0.05


Tree=26
num_leaves=7
num_cat=0
split_feature=2 7 8 0 4 4
split_gain=8.31709 7.75112 14.9532 16.5396 17.3463 12.384
threshold=0.043260861907826728 -0.39271506111191307 -0.076279435988900565 0.48508189371167226 0.0018532788409810444 0.38386454775814488
decision_type=10 2 2 8 2 2
left_child=1 -1 5 -4 -5 -3
right_child=-2 2 3 4 -6 -7
leaf_value=0.0054731528173745598 -0.039542489441526829 0.00086933839691824685 -0.041130926465377624 0.015612466382341421 -0.012068654551094677 0.028265428942979932
leaf_weight=462.76530336588621 12.184075251221655 332.7802760116756 36.897159278392792 70.724348790943623 268.4605703689158 46.098010413348675
leaf_count=2282 71 1597 232 341 1375 265
internal_value=-4.27628e-05 0.000384577 -0.00273766 -0.00978826 -0.00626786 0.00426824
internal_weight=1229.91 1217.73 754.96 376.082 339.185 378.878
internal_count=6163 6092 3810 1948 1716 1862
is_linear=0
shrinkage=0.05


Tree=27
num_leaves=7
num_cat=0
split_feature=4 10 11 4 9 7
split_gain=8.48881 9.64986 12.8444 11.4952 13.0888 8.67317
threshold=0.014884043754004287 0.66604420661956953 0.056358310310272532 0.0059513797502921996 -19.290582754303284 0.35222909080468517
decision_type=2 2 2 2 8 2
left_child=1 2 3 4 -1 -3
right_child=-2 5 -4 -5 -6 -7
leaf_value=0.047203881212074424 0.0031751245921203064 0.021472142898395084 -0.012912623294575466 -0.021519281193705816 0.0038657670394710688 -0.010008350013247555
leaf_weight=21.42109689116478 643.84698522463441 57.019669361412525 354.14979819953442 29.563093632459641 79.103556357324123 34.365574657917023
leaf_count=111 3283 264 1768 146 376 164
internal_value=-0.000767132 -0.00517449 -0.00798699 0.00541873 0.0134748 0.00965366
internal_weight=1219.47 575.623 484.238 130.088 100.525 91.3852
internal_count=6112 2829 2401 633 487 428
is_linear=0
shrinkage=0.05


Tree=28
num_leaves=7
num_cat=0
split_feature=4 5 8 8 9 8
split_gain=8.01141 15.9107 12.2281 10.8251 10.1366 11.1965
threshold=0.020772356398613391 0.27499589809789299 0.72236396205975539 0.9195955058153672 -25.401527412554078 -0.010907442517280496
decision_type=2 8 2 2 10 2
left_child=1 3 -3 4 5 -1
right_child=-2 2 -4 -5 -6 -7
leaf_value=0.026687004134052252 0.0045421370563486115 0.012616091894925602 -0.018345366925796316 0.010135361741967107 -0.016512826435594485 -0.017815230597357758
leaf_weight=30.410328030586243 588.51632174476981 182.00166373699903 37.700209129601717 59.575040921568871 291.80228032916784 24.771166026592255
leaf_count=144 3011 912 209 284 1404 122
internal_value=0.000357422 -0.00357606 0.00724414 -0.00942665 -0.0128048 0.00674828
internal_weight=1214.78 626.261 219.702 406.559 346.984 55.1815
internal_count=6086 3075 1121 1954 1670 266
is_linear=0
shrinkage=0.05


Tree=29
num_leaves=7
num_cat=0
split_feature=5 4 10 9 5 11
split_gain=9.51827 10.3661 9.92329 12.7821 9.83719 9.51042
threshold=0.8284682377641891 0.15348810673633537 0.52379561501207383 26.26479399565174 0.57559344598129336 0.069722710932368051
decision_type=10 2 2 10 8 2
left_child=1 -1 5 4 -4 -3
right_child=-2 2 3 -5 -6 -7
leaf_value=-0.0055384069141379451 0.0082354399112155984 -0.029601353192532449 0.024297894403659471 -0.029616344063697272 -0.020727442042144145 0.007554325038743673
leaf_weight=788.3861383497715 235.7184476479888 29.300407737493515 113.40845753252506 13.825414195656775 12.805617719888685 39.18228866904974
leaf_count=3765 1318 157 582 75 70 215
internal_value=-0.000779157 -0.00291677 0.00697431 0.0145679 0.0196026 -0.00854001
internal_weight=1232.63 996.908 208.522 140.039 126.214 68.4827
internal_count=6182 4864 1099 727 652 372
is_linear=0
shrinkage=0.05


Tree=30
num_leaves=7
num_cat=0
split_feature=0 2 9 11 5 4
split_gain=7.79976 8.06158 7.72209 7.30499 5.64622 11.0551
threshold=0.45247342111845335 0.026141638710276398 -29.80018121601535 0.2436008379630635 0.12579329925421887 0.21420990886416957
decision_type=8 10 10 2 10 2
left_child=2 4 -1 -4 5 -2
right_child=1 -3 3 -5 -6 -7
leaf_value=0.024546801486095775 -0.0034134783999079407 -0.035040830236649133 -0.010549366070888265 -0.048388232776955642 0.0068539917594889329 0.014156062365532185
leaf_weight=11.420454502105711 510.9900729060173 13.23771423101425 68.166473794728518 14.97130762785673 486.38686656579375 107.50811225920916
leaf_count=64 2412 77 375 82 2519 565
internal_value=0.00118023 0.00235008 -0.0125327 -0.0178574 0.00282934 -0.000341598
internal_weight=1212.68 1118.12 94.5582 83.1378 1104.89 618.498
internal_count=6094 5573 521 457 5496 2977
is_linear=0
shrinkage=0.05


Tree=31
num_leaves=7
num_cat=0
split_feature=10 0 7 8 7 7
split_gain=7.04505 9.90086 10.4843 6.80724 6.67651 7.30655
threshold=0.40396275674946452 1.5440368927310915 -0.098011308799811112 0.99512551815703276 0.99845357241023069 0.78661891169205866
decision_type=2 10 2 2 2 2
left_child=1 -1 -3 4 5 -2
right_child=3 2 -4 -5 -6 -7
leaf_value=-0.010417725524167381 0.00083828817189771597 0.039636340113013611 -0.020077885981062013 -0.023016273123517231 -0.031144397747195709 0.011725054358819697
leaf_weight=247.09877375513315 697.51458417996764 20.242533013224605 10.478015076369045 25.47672488540411 13.345816880464552 196.89538042992353
leaf_count=1243 3435 125 64 156 64 990
internal_value=-0.000101811 -0.00707664 0.0192784 0.00197992 0.00270601 0.00324532
internal_weight=1211.05 277.819 30.7205 933.233 907.756 894.41
internal_count=6077 1432 189 4645 4489 4425
is_linear=0
shrinkage=0.05


Tree=32
num_leaves=7
num_cat=0
split_feature=7 7 7 5 0 10
split_gain=8.38521 10.6647 9.83277 14.3151 13.9394 11.7356
threshold=-0.97381903846659723 -0.88186879444286459 -0.37256073532439565 0.49911568205720691 0.45840616115702332 0.25647612477041742
decision_type=2 2 2 10 8 2
left_child=-1 -2 3 5 -4 -3
right_child=1 2 4 -5 -6 -7
leaf_value=0.014830318844425126 -0.015987921264526986 -0.028454727533800208 -0.03038360966666492 -0.0061172675672138133 -0.00058522559284998306 0.020542065444709906
leaf_weight=92.290200870484114 103.44987900555134 12.306189969182013 40.565982341766357 103.87431904301047 704.03951671347022 169.31880606710911
leaf_count=447 499 59 265 584 3515 784
internal_value=0.00042107 -0.00076412 0.000778776 0.00865109 -0.00224721 0.0170846
internal_weight=1225.84 1133.55 1030.1 285.499 744.605 181.625
internal_count=6153 5706 5207 1427 3780 843
is_linear=0
shrinkage=0.05


Tree=33
num_leaves=7
num_cat=0
split_feature=2 7 10 4 0 4
split_gain=7.75799 7.49029 9.65583 12.0083 11.3119 8.10623
threshold=0.043260861907826728 -0.41268247579971812 0.60821290167805941 0.0017050988463953155 1.2804180229190878 0.0013279323167868207
decision_type=10 2 2 2 10 2
left_child=1 2 -1 -4 -5 -3
right_child=-2 5 3 4 -6 -7
leaf_value=0.0017355700557753256 -0.039013395734873779 0.0089501714766129833 -0.013275742360573462 0.033310759467003688 -0.016988563675284552 -0.0045158871806515134
leaf_weight=340.08182661980391 11.276890993118284 135.14937017485499 23.214728288352489 79.841137461364269 12.341510910540817 623.57653138786554
leaf_count=1671 68 663 111 379 83 3184
internal_value=0.000534708 0.000933812 0.0059953 0.0184262 0.0264666 -0.0021086
internal_weight=1225.48 1214.21 455.479 115.397 92.1826 758.726
internal_count=6159 6091 2244 573 462 3847
is_linear=0
shrinkage=0.05


Tree=34
num_leaves=7
num_cat=0
split_feature=5 0 7 7 10 4
split_gain=6.3432 8.80133 8.37939 12.9828 18.0594 13.5872
threshold=0.13703018788608035 0.41680388058753909 -0.88186879444286459 -0.66746801135786415 0.46233457675427542 0.0017050988463953155
decision_type=10 10 2 2 2 2
left_child=2 -2 -1 -4 -5 -6
right_child=1 -3 3 4 5 -7
leaf_value=-0.01671884241787126 -0.037024315244563302 0.0048140685637678982 0.018796322785415678 -0.016530060428405446 0.021623119348328754 -0.0023444094378318224
leaf_weight=101.96222608536482 11.902677841484545 499.1513204947114 70.08697833865881 185.57562573254108 73.758221969008446 282.17938308417797
leaf_count=485 77 2596 327 944 342 1372
internal_value=-0.000478677 0.00376923 -0.00352205 -0.00129826 -0.00392892 0.00266886
internal_weight=1224.62 511.054 713.562 611.6 541.513 355.938
internal_count=6143 2673 3470 2985 2658 1714
is_linear=0
shrinkage=0.05


Tree=35
num_leaves=7
num_cat=0
split_feature=10 4 5 8 4 5
split_gain=6.61524 9.66397 9.08025 10.9015 8.26565 7.92712
threshold=0.40236188005377727 0.017583420074340848 0.3777749027637361 0.72982064943493985 0.10118559621313471 0.47543037124889259
decision_type=2 2 8 2 2 10
left_child=1 -1 -2 4 5 -4
right_child=2 -3 3 -5 -6 -7
leaf_value=-0.019114108676401034 -0.0022578779232857956 0.00015287171374959307 0.047730971109605252 -0.014275017741077176 -0.0014943432011108981 0.014222225063759066
leaf_weight=109.23696107789874 632.32080076262355 158.85309039056301 19.150438576936722 44.878122679889202 77.241411697119474 162.27699188888073
leaf_count=564 3063 826 90 256 442 812
internal_value=-0.000830298 -0.00773958 0.00115509 0.00824875 0.0121965 0.0180015
internal_weight=1203.96 268.09 935.868 303.547 258.669 181.427
internal_count=6053 1390 4663 1600 1344 902
is_linear=0
shrinkage=0.05


Tree=36
num_leaves=7
num_cat=0
split_feature=9 11 9 10 7 7
split_gain=7.30186 6.51978 8.27767 11.8413 9.56308 7.0402
threshold=96.010123483658575 0.046393218711917102 -25.401527412554078 0.52234001859218737 -0.25881904510252113 0.34202014332566882
decision_type=8 2 8 2 2 2
left_child=1 2 3 -1 -4 -3
right_child=-2 5 4 -5 -6 -7
leaf_value=-0.0043188401897716186 0.02685327935573802 0.00067050698018053219 -0.012034643724950509 0.060068786360984242 0.012812931543147272 -0.0079259781399363041
leaf_weight=12.428112708032133 22.930439062416553 617.68542610481381 63.011103838682175 15.393082469701765 97.113003008067608 386.48778319358826
leaf_count=71 157 3044 302 75 474 1983
internal_value=-0.000493642 -0.00104173 0.00748091 0.0321541 0.00302105 -0.00264272
internal_weight=1215.05 1192.12 187.945 27.8212 160.124 1004.17
internal_count=6106 5949 922 146 776 5027
is_linear=0
shrinkage=0.05


Tree=37
num_leaves=7
num_cat=0
split_feature=8 0 11 5 0 8
split_gain=5.83286 7.21573 4.89383 7.70778 6.20441 23.4481
threshold=0.97854064376158201 0.57693960541635403 0.046393218711917102 -0.95174124390916115 1.2078647475862694 -0.72236396205975562
decision_type=2 10 2 8 10 2
left_child=2 -2 3 -1 -4 -6
right_child=1 -3 4 -5 5 -7
leaf_value=-0.017025232308344695 -0.038699765165447389 -0.0033342516700577921 0.00083592693228811397 0.011657375824517282 0.010402499316970459 -0.025086559156586266
leaf_weight=26.386543855071068 20.575151834636927 44.161615412682295 779.47451130673289 164.22657959908247 83.207117736339569 103.40197661519051
leaf_count=129 128 246 3791 795 448 592
internal_value=-0.000504232 -0.0149921 0.000318861 0.00761872 -0.00112783 -0.00929124
internal_weight=1221.43 64.7368 1156.7 190.613 966.084 186.609
internal_count=6129 374 5755 924 4831 1040
is_linear=0
shrinkage=0.05


Tree=38
num_leaves=7
num_cat=0
split_feature=0 7 11 3 4 11
split_gain=5.82167 4.95027 8.48853 7.7738 8.22256 18.0733
threshold=0.27757433789137737 -0.98658463173998423 0.14090567333014284 0.01933616470143935 0.014884043754004287 0.037748411340702039
decision_type=10 2 2 10 2 2
left_child=-1 2 -2 4 5 -3
right_child=1 3 -4 -5 -6 -7
leaf_value=0.03373385152433285 -9.5761988712503356e-05 0.020638522034754449 0.035998893495764711 -0.037469137550250546 0.0045094572269336981 -0.0077352583272233587
leaf_weight=12.777211107313631 41.322966527193785 63.456595681607723 25.881376430392265 12.490959353744982 628.80937350913882 434.3504287339747
leaf_count=69 203 305 120 76 3188 2173
internal_value=0.00141445 0.00104446 0.0141288 0.000260804 0.000711979 -0.00408426
internal_weight=1219.09 1206.31 67.2043 1139.11 1126.62 497.807
internal_count=6134 6065 323 5742 5666 2478
is_linear=0
shrinkage=0.05


Tree=39
num_leaves=7
num_cat=0
split_feature=5 8 0 8 9 0
split_gain=6.1011 14.0183 6.58439 9.29177 7.62004 11.8709
threshold=0.05341334667971883 0.72236396205975539 1.3004539054689908 -0.010907442517280496 -25.401527412554078 0.90812683415208406
decision_type=10 2 10 2 10 8
left_child=2 -2 4 -4 5 -1
right_child=1 -3 3 -5 -6 -7
leaf_value=-0.0001820282896129373 0.0078712099407238553 -0.014181966347064876 -0.0025024180373474031 -0.048712111014680461 -0.0033745636363986444 0.040253123329612693
leaf_weight=56.066783361136913 472.72812822833657 84.045885171741247 27.533079847693443 17.110384523868561 540.36683715134859 25.834493100643158
leaf_count=272 2413 472 134 91 2645 121
internal_value=0.000663033 0.00452279 -0.00256125 -0.0208923 -0.00121471 0.0129043
internal_weight=1223.69 556.774 666.912 44.6435 622.268 81.9013
internal_count=6148 2885 3263 225 3038 393
is_linear=0
shrinkage=0.05


Tree=40
num_leaves=7
num_cat=0
split_feature=0 10 4 10 5 4
split_gain=6.96403 10.3002 8.93097 9.86755 8.00835 6.65153
threshold=0.45247342111845335 0.25647612477041742 0.022577558287751102 0.56693389551002549 -1.2136158038987432 0.016177527429478415
decision_type=8 2 2 2 10 2
left_child=1 -1 -3 -4 -2 -6
right_child=4 2 3 -5 5 -7
leaf_value=-0.051765687353820124 -0.012124838339953072 -0.025530580573852477 -0.01332055613437249 0.031295130788319567 -0.002032506695586024 0.0060877656711137646
leaf_weight=13.797844536602495 109.74223551899195 34.066968932747841 25.735387939959764 22.199275523424149 502.16541634500027 504.83686969801784
leaf_count=77 557 197 147 117 2460 2550
internal_value=-0.000475804 -0.013341 -0.00632983 0.00755894 0.000638784 0.0020404
internal_weight=1212.54 95.7995 82.0016 47.9347 1116.74 1007
internal_count=6105 538 461 264 5567 5010
is_linear=0
shrinkage=0.05


Tree=41
num_leaves=7
num_cat=0
split_feature=10 8 9 8 7 7
split_gain=5.5724 7.65031 9.72082 5.15095 10.3029 5.85863
threshold=0.6896812403117959 -0.93585024503435343 1.9598250046781731 0.32143946530316164 0.71473537162315171 0.33172980431441529
decision_type=2 2 10 2 2 2
left_child=-1 -2 3 4 -3 -5
right_child=1 2 -4 5 -6 -7
leaf_value=-0.00039659807111775823 0.045727574204236371 -0.030868437096697839 0.043848267709209493 0.032731454780290797 0.011739442311861824 -0.010687051223948339
leaf_weight=1095.3800618648529 13.108045205473898 26.893429137766361 13.704175315797327 18.78497471660376 28.069412641227245 12.148577511310576
leaf_count=5521 57 137 66 95 136 61
internal_value=0.000696691 0.0112321 0.00628283 -0.000146109 -0.00928773 0.015879
internal_weight=1208.09 112.709 99.6006 85.8964 54.9628 30.9336
internal_count=6073 552 495 429 273 156
is_linear=0
shrinkage=0.05


Tree=42
num_leaves=7
num_cat=0
split_feature=0 7 5 9 9 11
split_gain=6.80417 8.31292 9.73643 11.0167 5.76581 7.12201
threshold=0.45840616115702332 -0.13052619222005171 -1.1544393267381654 1.9598250046781731 -68.0002119812073 0.091681897215088112
decision_type=8 2 10 10 8 2
left_child=1 2 -1 -4 5 -2
right_child=4 -3 3 -5 -6 -7
leaf_value=0.032092137846565207 0.0064186482499220656 -0.032852799633189156 0.010338306650006339 -0.036783973420341412 0.0014122249531648672 -0.033010326290333229
leaf_weight=14.675554737448691 19.252027727663517 33.476123940199614 24.276165366172791 23.652124986052513 1072.0029096566141 26.292905334383249
leaf_count=71 128 232 116 122 5255 178
internal_value=-0.000436925 -0.0131342 -0.0022393 -0.0131926 0.000665474 -0.0165637
internal_weight=1213.63 96.08 62.6038 47.9283 1117.55 45.5449
internal_count=6102 541 309 238 5561 306
is_linear=0
shrinkage=0.05


Tree=43
num_leaves=7
num_cat=0
split_feature=11 7 0 8 0 8
split_gain=7.20428 8.60095 8.39173 10.5178 9.4501 16.9166
threshold=0.041395350348303113 0.23768589232617301 1.140049804689913 0.8604686372286926 1.493099977769998 -0.72236396205975562
decision_type=2 2 10 2 10 2
left_child=1 -1 -2 4 -4 -6
right_child=2 -3 3 -5 5 -7
leaf_value=-0.00099708601086042205 -0.00013449785354092478 0.021703254225487596 -0.014468213391193838 -0.040256785753268874 0.027722713985927374 -0.021042361299962734
leaf_weight=99.767226848751307 807.70184874162078 70.624522030353546 141.72566935792565 25.921595394611359 42.195405159145594 29.302271369844675
leaf_count=488 3980 343 717 157 254 190
internal_value=-0.00102086 0.00848356 -0.00257449 -0.0107806 -0.00702595 0.00772249
internal_weight=1217.24 170.392 1046.85 239.145 213.223 71.4977
internal_count=6129 831 5298 1318 1161 444
is_linear=0
shrinkage=0.05


Tree=44
num_leaves=7
num_cat=0
split_feature=10 0 8 9 0 9
split_gain=7.67817 14.4941 26.6477 12.0356 10.8275 9.7767
threshold=0.46376731387429498 1.462101280314599 -0.75894212529897775 -29.80018121601535 1.2901122757588619 66.78034985799998
decision_type=2 10 2 10 10 8
left_child=1 3 -3 -1 5 -2
right_child=4 2 -4 -5 -6 -7
leaf_value=-0.04611250816411494 0.0040845847341851533 0.045964077691383054 -0.018825527899142883 -0.0066845174483386657 -0.014322424056659698 0.044826924686339163
leaf_weight=19.395277969539165 633.20225033909082 34.382997319102287 28.003407794982195 397.77535336837173 80.286016769707203 14.090495899319647
leaf_count=100 3055 201 177 2005 462 70
internal_value=-0.000350172 -0.00525589 0.0170438 -0.00862351 0.00288603 0.00503926
internal_weight=1207.14 479.557 62.3864 417.171 727.579 647.293
internal_count=6070 2483 378 2105 3587 3125
is_linear=0
shrinkage=0.05


Tree=45
num_leaves=7
num_cat=0
split_feature=2 5 7 7 0 4
split_gain=4.71003 4.27468 6.62745 7.86787 8.31348 7.34715
threshold=0.043260861907826728 -0.65806136717452934 -0.90159026428466904 -0.29026740676763269 0.57693960541635403 0.001568766670016912
decision_type=10 10 2 2 8 2
left_child=1 2 -1 -4 -5 -6
right_child=-2 -3 3 4 5 -7
leaf_value=-0.028329647875862236 -0.031403924977487799 0.00088043254958599109 0.010612809944865537 -0.02789597489360084 0.01744091494557955 -0.008539837511427591
leaf_weight=28.849702566862106 11.773564279079435 892.72435159236193 72.170457348227501 42.518457405269146 33.068093597888947 134.61717490106821
leaf_count=140 73 4493 338 250 159 680
internal_value=-0.00120103 -0.000879858 -0.00591578 -0.0035339 -0.00841822 -0.00334333
internal_weight=1215.72 1203.95 311.224 282.374 210.204 167.685
internal_count=6133 6060 1567 1427 1089 839
is_linear=0
shrinkage=0.05


Tree=46
num_leaves=7
num_cat=0
split_feature=9 8 10 0 7 9
split_gain=9.62396 8.18073 5.36603 6.50421 5.31417 5.29865
threshold=96.010123483658575 -0.45201865172701744 0.25647612477041742 0.49054160668913754 -0.98990318592078552 -64.740111538670305
decision_type=8 2 2 10 2 10
left_child=2 -2 3 -1 -4 -6
right_child=1 -3 4 -5 5 -7
leaf_value=-0.047991087255132431 0.00045356299577728069 0.058176100820945369 0.015582007853712452 -0.0018416550189815702 -0.016310982661919268 0.0001785265078160151
leaf_weight=11.924267597496511 11.566773474216463 12.117084540426729 52.28399533033371 18.860148623585701 50.084067028015852 1051.4478354901075
leaf_count=70 88 73 248 94 331 5195
internal_value=0.000245522 0.0311459 -0.000398022 -0.020665 0.000160138 -0.000585327
internal_weight=1208.28 23.6839 1184.6 30.7844 1153.82 1101.53
internal_count=6099 161 5938 164 5774 5526
is_linear=0
shrinkage=0.05


Tree=47
num_leaves=7
num_cat=0
split_feature=10 2 11 9 12 11
split_gain=5.78473 5.40946 4.85054 5.9333 6.31533 5.60827
threshold=0.76105645035152203 0.026141638710276398 0.035435864576759686 2.232418138863324 1.0000000180025095e-35 0.024978201374775553
decision_type=2 10 2 10 2 2
left_child=1 2 3 5 -5 -1
right_child=-2 -3 -4 4 -6 -7
leaf_value=-0.0029069294410898742 0.025695733684718676 -0.030052644320712758 -0.0010499986077432113 0.014284649569578953 -0.017531315553780232 0.031935115662285386
leaf_weight=16.216961827129126 20.664127521216869 14.15913527831435 1062.0670418739319 31.387376669794321 29.090076763182878 37.823654521256685
leaf_count=78 107 89 5375 151 143 184
internal_value=9.05617e-05 -0.000374978 7.38306e-06 0.00973798 -0.00105529 0.0216166
internal_weight=1211.41 1190.74 1176.59 114.518 60.4775 54.0406
internal_count=6127 6020 5931 556 294 262
is_linear=0
shrinkage=0.05


Tree=48
num_leaves=7
num_cat=0
split_feature=10 0 0 10 4 0
split_gain=6.48554 11.1713 6.15215 7.08562 6.43809 6.22493
threshold=0.72865661808020621 0.81843038365176091 0.45247342111845335 0.58855345906166401 0.078803421566336296 0.49679002386761978
decision_type=2 10 8 2 2 10
left_child=2 -2 3 -1 -5 -4
right_child=1 -3 5 4 -6 -7
leaf_value=-0.022799051833058456 0.042849773789879808 -0.0051760856271508933 0.020477551920089199 -0.016813152788335502 0.033639523438026349 -0.00050949915230196234
leaf_weight=60.060708615928888 22.245489507913589 24.874796945601702 35.582509592175484 11.484708480536939 11.944597251713274 1032.9092168472707
leaf_count=352 109 123 179 63 63 5154
internal_value=-6.84153e-05 0.0179162 -0.000818954 -0.0138074 0.00923247 0.000207897
internal_weight=1199.1 47.1203 1151.98 83.49 23.4293 1068.49
internal_count=6043 232 5811 478 126 5333
is_linear=0
shrinkage=0.05


Tree=49
num_leaves=7
num_cat=0
split_feature=8 0 5 10 4 5
split_gain=6.39626 7.38415 5.4676 8.41073 7.5756 9.22633
threshold=0.98658463173998445 0.57693960541635403 0.94321459177062572 0.74289630497382697 0.38386454775814488 0.49911568205720691
decision_type=2 10 10 2 2 8
left_child=2 -2 3 4 -1 -6
right_child=1 -3 -4 -5 5 -7
leaf_value=-0.0034858281869803911 -0.041674052491976171 -0.0030764995526475977 0.0078921018157793454 0.026787201599348588 0.021967687840617763 -0.017631501599883002
leaf_weight=850.99438546597958 18.8324827067554 33.497830782085657 192.42613002285361 24.890013188123703 60.586014658212662 18.498123705387115
leaf_count=4115 125 189 1091 113 324 102
internal_value=-0.000560793 -0.0174878 0.000225772 -0.00132563 -0.00210593 0.0126008
internal_weight=1199.72 52.3303 1147.39 954.969 930.079 79.0841
internal_count=6059 314 5745 4654 4541 426
is_linear=0
shrinkage=0.05


Tree=50
num_leaves=7
num_cat=0
split_feature=7 2 4 11 11 7
split_gain=5.56222 5.16976 4.80826 8.41144 9.90167 8.63713
threshold=0.99275059979806513 0.026141638710276398 0.010664883377694317 0.037748411340702039 0.024978201374775553 -0.97381903846659723
decision_type=2 10 2 2 2 2
left_child=1 2 3 4 -1 -5
right_child=-2 -3 -4 5 -6 -7
leaf_value=-0.019462626908200477 -0.017455477248373302 -0.029939881697949366 0.0029012488544842953 0.0089094284187928863 0.024155336462959098 -0.0091898088594045343
leaf_weight=16.712447836995125 48.521168984472752 13.577392708510159 644.88595662638545 79.202487148344517 49.284068573266268 372.52112674713135
leaf_count=81 247 85 3267 379 237 1889
internal_value=-0.00104031 -0.000348885 2.21246e-05 -0.00356287 0.0129842 -0.00600373
internal_weight=1224.7 1176.18 1162.61 517.72 65.9965 451.724
internal_count=6185 5938 5853 2586 318 2268
is_linear=0
shrinkage=0.05


Tree=51
num_leaves=7
num_cat=0
split_feature=0 0 8 7 7 4
split_gain=4.92424 9.96105 12.8253 11.9421 11.7875 27.8002
threshold=0.73513632683908703 0.69254107210755134 0.71473537162315137 -0.92794370089704248 0.4126824757997184 0.35317243313909236
decision_type=10 8 2 2 2 2
left_child=1 4 3 -3 -1 -6
right_child=-2 2 -4 -5 5 -7
leaf_value=0.0075019347830411962 -0.0015325986179130641 -0.0084488699272848005 -0.018913876444921669 0.04589479238842107 -0.022696764494596018 0.056205787237223893
leaf_weight=248.03171643614769 805.41642748937011 12.855213597416876 14.244951486587523 41.963795803487301 87.240390919148922 11.814813978970049
leaf_count=1240 4072 59 68 201 473 65
internal_value=0.000749419 0.00515911 0.0223569 0.033228 0.00168267 -0.012818
internal_weight=1221.57 416.151 69.064 54.819 347.087 99.0552
internal_count=6178 2106 328 260 1778 538
is_linear=0
shrinkage=0.05


Tree=52
num_leaves=7
num_cat=0
split_feature=11 4 4 8 0 5
split_gain=5.25502 10.4367 6.97752 10.8358 8.10037 7.99269
threshold=0.037748411340702039 0.0033210790664872131 0.010664883377694317 0.98279651670771939 0.32924650355437657 0.99014266876393642
decision_type=2 2 2 2 10 8
left_child=1 -1 5 4 -4 -2
right_child=2 -3 3 -5 -6 -7
leaf_value=0.027476347040996982 -0.0084031286232337642 -0.00087546351449356802 0.038291682138802616 -0.029851973631331102 0.0030000017849631327 0.0099691674393582504
leaf_weight=50.407144613564014 375.54645688086748 87.905819002538919 15.735829569399355 23.633894756436348 586.08865890651941 69.367600727826357
leaf_count=233 1864 433 84 168 2938 377
internal_value=0.000445343 0.0095802 -0.0007429 0.00266058 0.00398476 -0.00552273
internal_weight=1208.69 138.313 1070.37 625.458 601.824 444.914
internal_count=6097 666 5431 3190 3022 2241
is_linear=0
shrinkage=0.05


Tree=53
num_leaves=7
num_cat=0
split_feature=8 4 5 0 8 4
split_gain=5.25225 5.11911 10.6987 12.5848 9.80643 8.23963
threshold=0.99512551815703276 0.020772356398613391 0.8147136594768889 1.1522520931951836 0.90159026428466915 0.00068178318435496493
decision_type=2 2 8 10 2 2
left_child=1 2 4 5 -1 -4
right_child=-2 -3 3 -5 -6 -7
leaf_value=-0.0085801537285378447 -0.020318821034584846 0.0037356319608250164 -0.012323158601793368 -0.013541482714509898 0.013393828865833929 0.029555599878957325
leaf_weight=434.73401013761759 30.45035257935524 580.02860837802291 13.741087198257445 35.297970909625292 56.565851993858814 64.12377505004406
leaf_count=2132 197 2940 67 218 276 312
internal_value=-0.000151796 0.00038335 -0.00283428 0.0109632 -0.00602811 0.0221026
internal_weight=1214.94 1184.49 604.463 113.163 491.3 77.8649
internal_count=6142 5945 3005 597 2408 379
is_linear=0
shrinkage=0.05


Tree=54
num_leaves=7
num_cat=0
split_feature=9 0 9 10 7 5
split_gain=5.39445 8.65856 8.72172 8.18027 14.4912 9.754
threshold=8.6053488826287623 1.0022235962947725 -64.740111538670305 0.46911095735589942 -0.54643492068321342 -0.72745723355103242
decision_type=10 8 8 2 2 10
left_child=1 3 -3 4 5 -1
right_child=-2 2 -4 -5 -6 -7
leaf_value=0.032625282568458876 -0.0041224327602824443 -0.01246468972708991 0.013759303956636316 0.002982574443883986 -0.025671974132062611 -0.0070637076827560277
leaf_weight=21.690911523997784 451.36517787724733 36.05173210054636 226.09715741872787 363.99111576005816 77.567130535840988 47.910196088254452
leaf_count=102 2329 256 1107 1752 412 230
internal_value=0.000215771 0.00274995 0.0101192 -0.00104177 -0.0109481 0.00559212
internal_weight=1224.67 773.308 262.149 511.159 147.168 69.6011
internal_count=6188 3859 1363 2496 744 332
is_linear=0
shrinkage=0.05


Tree=55
num_leaves=7
num_cat=0
split_feature=8 11 7 0 9 9
split_gain=6.03506 24.4572 11.4184 8.49081 5.74198 5.88037
threshold=-0.98279651670771917 0.16307510823332855 -0.098011308799811112 0.82364144116117843 96.010123483658575 1.9598250046781731
decision_type=2 2 2 10 8 10
left_child=1 2 -1 -4 5 -2
right_child=4 -3 3 -5 -6 -7
leaf_value=0.035932975691677374 0.0017803456254737464 0.065757132041146998 0.014578570760022252 -0.030507241761176765 0.023655395434341669 -0.0055015824676611751
leaf_weight=13.912872299551962 606.72781082242727 16.298693642020226 15.480978131294249 28.277817748486996 22.075675517320633 508.95535233989358
leaf_count=65 3055 75 74 133 144 2585
internal_value=-0.000129684 0.0136115 -0.00199504 -0.0145874 -0.00103422 -0.0015435
internal_weight=1211.73 73.9704 57.6717 43.7588 1137.76 1115.68
internal_count=6131 347 272 207 5784 5640
is_linear=0
shrinkage=0.05


Tree=56
num_leaves=7
num_cat=0
split_feature=5 4 7 4 8 5
split_gain=5.70143 6.50453 7.53643 6.25124 9.54479 7.93894
threshold=0.8284682377641891 0.056465118932625756 -0.70710678118654735 0.14121587531479476 0.92794370089704281 0.70296278782524246
decision_type=10 2 2 2 2 8
left_child=3 -2 -3 -1 5 -5
right_child=1 2 -4 4 -6 -7
leaf_value=-0.0045065635981473302 0.013113484930403544 -0.033037498603973238 0.0029398968945543477 0.0145210919574227 -0.012260704306282542 -0.025725187376295835
leaf_weight=756.18671891093254 140.00953794643283 16.939890906214714 76.495262797921896 149.13335631787777 57.629267849028111 12.434865593910216
leaf_count=3662 746 112 438 734 353 63
internal_value=-0.000671496 0.00633098 -0.00386361 -0.00235221 0.00506659 0.0112844
internal_weight=1208.83 233.445 93.4352 975.384 219.197 161.568
internal_count=6108 1296 550 4812 1150 797
is_linear=0
shrinkage=0.05


Tree=57
num_leaves=7
num_cat=0
split_feature=5 8 2 0 8 8
split_gain=5.59017 8.66702 4.24795 4.32726 13.0782 10.718
threshold=2.3858519209537437 0.17364817766693066 0.026141638710276398 1.1522520931951836 1.0000000180025095e-35 -0.78661891169205833
decision_type=8 2 10 10 2 2
left_child=2 -2 3 5 -5 -1
right_child=1 -3 -4 4 -6 -7
leaf_value=-0.008530176364180549 -0.040358214252132082 0.017510217421840092 -0.027222760402322535 0.0028250672811093724 -0.020897645630737951 0.0050462215351154398
leaf_weight=180.82980415970087 18.945620805025104 8.8840674199163896 12.790428943932055 176.72326810285449 85.409393396228552 724.79435547068715
leaf_count=841 142 59 82 912 480 3599
internal_value=-0.000164965 -0.0219183 0.000365955 0.000691167 -0.00495443 0.00232895
internal_weight=1208.38 27.8297 1180.55 1167.76 262.133 905.624
internal_count=6115 201 5914 5832 1392 4440
is_linear=0
shrinkage=0.05


Tree=58
num_leaves=7
num_cat=0
split_feature=7 7 5 4 0 4
split_gain=5.34573 8.84287 9.04599 8.08445 12.4617 11.0949
threshold=-0.97381903846659723 -0.89194178735545504 0.13703018788608035 0.001443335012605703 0.88075150520039347 0.0046349392098828665
decision_type=2 2 10 2 10 2
left_child=-1 2 -2 4 -3 -5
right_child=1 3 -4 5 -6 -7
leaf_value=0.010856366594816948 -0.032246560986447209 0.025514290236058546 -0.00059269495429319129 -0.016869546860724675 -0.0032664007566873864 -2.7713068913105908e-05
leaf_weight=91.151178780943155 44.875596076250076 70.329652681946754 44.504921518266201 111.22412854805589 79.140844170004129 760.20672448724508
leaf_count=437 223 342 221 587 399 3875
internal_value=-0.000716868 -0.00167591 -0.0166662 -0.00034848 0.0103552 -0.00219417
internal_weight=1201.43 1110.28 89.3805 1020.9 149.47 871.431
internal_count=6084 5647 444 5203 741 4462
is_linear=0
shrinkage=0.05


Tree=59
num_leaves=7
num_cat=0
split_feature=5 5 7 10 4 7
split_gain=6.46002 7.87236 6.92912 5.97586 6.05428 11.6554
threshold=0.8284682377641891 0.65621615183144388 -0.94331137514050689 0.2390701974490014 0.014884043754004287 -0.66746801135786415
decision_type=10 8 2 2 2 2
left_child=1 3 -2 -1 -5 -6
right_child=2 -3 -4 4 5 -7
leaf_value=-0.03016095063706117 0.028340997822289146 -0.018498688038281471 0.0033980251433829729 -0.0048265801715211155 0.019823632809633819 -0.00045156266479102022
leaf_weight=16.384966894984245 31.36357394605875 69.374203972518444 202.26993561908603 427.09580279141665 86.793367803096771 367.75721894949675
leaf_count=87 161 354 1132 2113 405 1819
internal_value=-0.000591177 -0.00239419 0.00685295 -0.00113091 -0.000557836 0.00345487
internal_weight=1201.04 967.406 233.634 898.031 881.646 454.551
internal_count=6071 4778 1293 4424 4337 2224
is_linear=0
shrinkage=0.05


Tree=60
num_leaves=7
num_cat=0
split_feature=2 0 5 10 8 0
split_gain=3.90623 3.73005 7.16943 4.28599 3.40064 4.41324
threshold=0.026141638710276398 0.27757433789137737 3.0788862087983113 0.2390701974490014 0.98279651670771939 0.83025372263789154
decision_type=10 10 8 2 2 10
left_child=1 -1 3 -3 5 -5
right_child=-2 2 -4 4 -6 -7
leaf_value=0.026201759613159216 -0.026379065880244402 -0.020981707252225451 -0.035948933059013387 0.0053478951386804066 -0.010871536611195255 -0.0010642789547739369
leaf_weight=13.016559060662983 12.609778348356484 21.41263622045517 12.518082384020088 472.39257660135627 55.457457937300205 618.88656820729375
leaf_count=71 80 114 103 2305 329 3111
internal_value=0.000256915 0.000560135 0.000255509 0.000673898 0.00109619 0.00171378
internal_weight=1206.29 1193.68 1180.67 1168.15 1146.74 1091.28
internal_count=6113 6033 5962 5859 5745 5416
is_linear=0
shrinkage=0.05


Tree=61
num_leaves=7
num_cat=0
split_feature=10 9 9 0 8 0
split_gain=4.69793 4.80884 4.40176 13.5728 14.7558 9.85822
threshold=0.76105645035152203 96.010123483658575 -1.2700860872261186 0.6650032176899846 0.71473537162315137 0.7290867134748823
decision_type=2 8 10 8 2 10
left_child=1 2 3 4 -1 -4
right_child=-2 -3 5 -5 -6 -7
leaf_value=-0.023074094045835283 0.023663875931690996 0.020720949141296591 0.0045130288097930578 0.0061252879163945445 0.0096343559305395281 -0.0090647998818175184
leaf_weight=95.212179463356733 18.522940933704376 23.814577478915453 200.25651836395264 426.94629157707095 53.034450747072697 398.14069573581219
leaf_count=492 94 156 1024 2123 272 2003
internal_value=-0.000667099 -0.00106291 -0.00152222 0.00159994 -0.0113867 -0.00452097
internal_weight=1215.93 1197.4 1173.59 575.193 148.247 598.397
internal_count=6164 6070 5914 2887 764 3027
is_linear=0
shrinkage=0.05


Tree=62
num_leaves=7
num_cat=0
split_feature=5 8 11 4 0 10
split_gain=4.90416 3.74484 17.7196 10.5782 4.96493 3.9375
threshold=3.3426701564316921 -0.97854064376158167 0.16443060923944366 0.02667223358031583 0.82364144116117843 0.25647612477041742
decision_type=8 2 2 2 10 2
left_child=1 2 3 4 -1 -3
right_child=-2 5 -4 -5 -6 -7
leaf_value=0.0052687289859353302 -0.030593378674780611 -0.018286209797584524 0.051008773326086346 0.031536406391701771 -0.027084112287769059 -0.00014109714814607374
leaf_weight=19.211747258901596 12.13411572948098 29.744648717343807 19.288615502417088 15.932294085621832 28.841029800474644 1086.2682757414877
leaf_count=91 88 169 88 70 137 5496
internal_value=-0.000206428 0.000126253 0.0102897 -0.00258127 -0.0143056 -0.000640649
internal_weight=1211.42 1199.29 83.2737 63.9851 48.0528 1116.01
internal_count=6139 6051 386 298 228 5665
is_linear=0
shrinkage=0.05


Tree=63
num_leaves=7
num_cat=0
split_feature=7 0 0 8 11 9
split_gain=9.32057 13.4596 14.0467 5.07955 22.4999 5.33091
threshold=-0.9927505997980649 1.0138637383901361 0.74193342037034193 -0.98658463173998423 0.17010701425099359 -1.0373968733956571
decision_type=2 10 10 2 2 10
left_child=1 2 -1 4 -2 -5
right_child=3 -3 -4 5 -6 -7
leaf_value=0.031119171615949029 -0.0043534243614469 0.062162584899595141 -0.027905743655853299 0.00049001309225119342 0.06545980855109193 -0.0065189186576773035
leaf_weight=21.030344385653734 51.381281860172749 12.602432556450365 17.597899124026299 538.88193618506193 13.844345137476919 545.07268734648824
leaf_count=101 244 61 81 2715 61 2815
internal_value=-0.00128136 0.0193783 0.00420351 -0.00221842 0.0112293 -0.00303723
internal_weight=1200.41 51.2307 38.6282 1149.18 65.2256 1083.95
internal_count=6078 243 182 5835 305 5530
is_linear=0
shrinkage=0.05


Tree=64
num_leaves=7
num_cat=0
split_feature=10 9 0 8 9 0
split_gain=4.70788 9.99543 8.00167 15.5786 6.62641 8.28333
threshold=0.42312018060401557 -26.445972534170355 1.50649556519707 -0.79989897227935869 -31.125922931742874 1.2901122757588619
decision_type=2 10 10 2 10 10
left_child=1 -1 -3 -4 5 -2
right_child=4 2 3 -5 -6 -7
leaf_value=-0.035275837805597891 0.016430608969749565 -0.0056232125015925997 0.054675682875389389 -0.014802671839316377 -0.00056743944572673123 -0.010282407700429694
leaf_weight=24.88831764832139 129.37439195811749 275.2062487192452 15.48028237372637 15.14726924151182 701.15181019902229 36.584501050412655
leaf_count=141 633 1427 90 94 3459 241
internal_value=-0.000372953 -0.00543934 -0.00290424 0.0209326 0.00156344 0.0105156
internal_weight=1197.83 330.722 305.834 30.6276 867.111 165.959
internal_count=6085 1752 1611 184 4333 874
is_linear=0
shrinkage=0.05


Tree=65
num_leaves=7
num_cat=0
split_feature=10 5 0 4 4 5
split_gain=5.37481 4.84288 7.40995 5.66767 6.55202 7.10084
threshold=0.76105645035152203 -1.2136158038987432 0.36214634284411157 0.028990158688221381 0.0005309732778605627 1.4390351893920936
decision_type=2 10 10 2 2 8
left_child=1 2 -1 4 5 -3
right_child=-2 3 -4 -5 -6 -7
leaf_value=0.029059948847929395 0.027653380872662094 0.022811090399926681 -0.012256472796165227 0.006225954809507734 -0.002868370677504558 -0.022084338805555336
leaf_weight=11.050464332103727 18.195593316107988 47.339259743690491 112.35996519774199 461.90368523821235 538.09654399752617 9.9293407015502435
leaf_count=58 92 225 585 2383 2691 60
internal_value=0.00140732 0.00097978 -0.00835306 0.00207603 -0.00114867 0.0147816
internal_weight=1198.87 1180.68 123.41 1057.27 595.365 57.2686
internal_count=6094 6002 643 5359 2976 285
is_linear=0
shrinkage=0.05


Tree=66
num_leaves=7
num_cat=0
split_feature=0 0 5 11 8 0
split_gain=6.183 9.29434 6.00853 5.35028 6.61692 11.222
threshold=1.8757534046361368 1.8081738120269939 2.3858519209537437 0.22968078088266142 -0.78661891169205833 0.76143090076813202
decision_type=10 8 8 2 2 10
left_child=1 2 3 -1 -5 -6
right_child=-2 -3 -4 4 5 -7
leaf_value=-0.00020047155324495974 -0.024533433409103196 0.041281992090216789 -0.026902320332523336 0.041388413177570603 0.022463386297751287 -0.018221373621000143
leaf_weight=1063.0057686045766 23.634491078555584 12.994083788245915 18.968420520424843 15.41953134536743 40.493445724248886 27.712572898715734
leaf_count=5278 186 69 137 72 214 141
internal_value=0.000258733 0.00077627 0.000289713 0.000762594 0.0128623 0.00590846
internal_weight=1202.23 1178.59 1165.6 1146.63 83.6255 68.206
internal_count=6097 5911 5842 5705 427 355
is_linear=0
shrinkage=0.05


Tree=67
num_leaves=7
num_cat=0
split_feature=0 9 8 7 10 0
split_gain=4.68339 6.36412 6.85475 4.57947 5.56428 4.21956
threshold=0.45247342111845335 -21.546355118022827 0.16288578192842365 -0.26932402956675694 0.28309347420022574 1.0853791680985936
decision_type=8 10 2 2 2 10
left_child=1 -1 -3 4 -4 -2
right_child=5 2 3 -5 -6 -7
leaf_value=0.014266100819966819 0.0026639039126220669 0.01546490685232328 -0.043261483289193575 -0.04584124712698022 -0.003775490701800454 -0.0040249868338844844
leaf_weight=18.799701053649187 778.31705122068524 12.154909633100031 11.641180619597433 17.293385002762079 31.085207104682922 337.06888978555799
leaf_count=106 3776 79 61 129 153 1827
internal_value=-0.000252947 -0.0110977 -0.017809 -0.0246904 -0.0152771 0.000640731
internal_weight=1206.36 90.9744 72.1747 60.0198 42.7264 1115.39
internal_count=6131 528 422 343 214 5603
is_linear=0
shrinkage=0.05


Tree=68
num_leaves=7
num_cat=0
split_feature=10 11 9 0 0 5
split_gain=5.42425 5.18608 5.04787 6.24945 4.82349 4.35868
threshold=0.26490353613823464 0.22706019333692248 -21.983194605499353 0.87349576049749833 0.32924650355437657 1.5600707107340874
decision_type=2 2 10 10 10 10
left_child=-1 4 -3 -4 -2 -6
right_child=1 2 3 -5 5 -7
leaf_value=-0.0191613730448544 0.022321618354347525 -0.0037886981500541914 0.04274143479943357 -0.00032161885078590453 -0.0015418992079481249 0.011510563060505255
leaf_weight=35.140691295266151 22.177374474704266 21.618606951087713 21.50458063185215 13.442779239267109 1024.7808329500258 67.217110030353069
leaf_count=201 116 111 104 64 5092 436
internal_value=-8.28947e-05 0.000505625 0.0151398 0.0266287 -0.000250254 -0.000728669
internal_weight=1205.88 1170.74 56.566 34.9474 1114.18 1092
internal_count=6124 5923 279 168 5644 5528
is_linear=0
shrinkage=0.05


Tree=69
num_leaves=7
num_cat=0
split_feature=7 4 4 0 5 9
split_gain=4.0235 8.91704 8.09343 10.1783 7.49508 9.48491
threshold=-0.57357643635104605 0.0017050988463953155 0.001443335012605703 1.4041918486080458 0.89098329365887963 -64.740111538670305
decision_type=2 2 2 10 10 8
left_child=1 -1 3 -2 5 -4
right_child=2 -3 4 -5 -6 -7
leaf_value=-0.0095206013142163787 0.01436226153359638 0.0089624392859358575 -0.04248359572498283 -0.029903879348978105 0.0088070938291278014 -0.0046072313063177366
leaf_weight=82.364291958510876 123.46103350818157 300.93255914002657 16.061574183404446 13.559228830039499 103.7556881941855 552.77562775462866
leaf_count=398 594 1502 91 85 588 2807
internal_value=0.000762974 0.00497629 -0.00123543 0.00979685 -0.00349412 -0.00574938
internal_weight=1192.91 383.297 809.613 137.02 672.593 568.837
internal_count=6065 1900 4165 679 3486 2898
is_linear=0
shrinkage=0.05


Tree=70
num_leaves=7
num_cat=0
split_feature=11 4 5 11 9 11
split_gain=5.48409 8.55985 9.53089 4.81176 3.74997 4.04145
threshold=0.034000659748203134 0.001443335012605703 -0.96511274390064028 0.029749746174896289 -94.69113049453081 0.15227884714679266
decision_type=2 2 10 2 8 2
left_child=1 -1 -3 -4 -2 -6
right_child=4 2 3 -5 5 -7
leaf_value=0.03437992967470687 -0.021910548243641876 -0.034020738214184429 0.00048386600238062272 0.028018370591569038 -0.0023682164575675063 0.0042913627157875568
leaf_weight=27.829046741127968 19.51835523545742 13.646030351519583 44.131022602319717 23.805607933551073 743.61271942779422 327.24669124931097
leaf_count=127 166 70 215 116 3750 1645
internal_value=0.00033759 0.0109565 0.00264682 0.0103987 -0.000737001 -0.000330993
internal_weight=1199.79 109.412 81.5827 67.9366 1090.38 1070.86
internal_count=6089 528 401 331 5561 5395
is_linear=0
shrinkage=0.05


Tree=71
num_leaves=7
num_cat=0
split_feature=0 5 0 4 11 11
split_gain=5.03489 5.30154 4.87418 8.56794 3.92765 3.95829
threshold=0.32924650355437657 3.0788862087983113 0.38042358787500036 0.047796691270242712 0.024978201374775553 0.031795915281515048
decision_type=10 8 10 2 2 2
left_child=-1 2 3 -2 -4 -6
right_child=1 -3 4 -5 5 -7
leaf_value=0.021940278884114844 -0.051699670302567446 -0.032860918519515496 -0.015300343223039192 0.0082990975308719125 0.014093768130427127 0.0005746947638264596
leaf_weight=25.581013578921556 11.056877866387369 11.194945633411406 35.956920839846134 11.277997717261313 56.077980123460293 1055.8204053081572
leaf_count=141 69 95 174 63 265 5327
internal_value=0.000420009 -6.41399e-05 0.000277409 -0.022346 0.000736681 0.00126857
internal_weight=1206.97 1181.39 1170.19 22.3349 1147.86 1111.9
internal_count=6134 5993 5898 132 5766 5592
is_linear=0
shrinkage=0.05


Tree=72
num_leaves=7
num_cat=0
split_feature=0 10 4 11 0 11
split_gain=3.68161 6.38923 5.74952 5.87689 4.22711 14.3815
threshold=0.44525215275402502 0.28832034072573187 0.019111490483233937 0.074784595806302409 0.74193342037034193 0.22245707853919758
decision_type=8 2 2 2 10 2
left_child=1 -1 -3 -4 5 -2
right_child=4 2 3 -5 -6 -7
leaf_value=-0.039740458515556354 0.0015326608318231736 -0.02254100506011409 -0.025199683861757607 0.016608840927258992 -0.0016652136352359979 0.035311697498012738
leaf_weight=14.266339495778082 309.78000613674521 25.282932475209236 10.053976051509379 34.540545836091042 785.32301412150264 34.092115797102451
leaf_count=92 1518 157 56 188 3997 161
internal_value=-0.000396362 -0.0104224 -0.00396054 0.00683702 0.000359307 0.00497426
internal_weight=1213.34 84.1438 69.8775 44.5945 1129.2 343.872
internal_count=6169 493 401 244 5676 1679
is_linear=0
shrinkage=0.05


Tree=73
num_leaves=7
num_cat=0
split_feature=9 5 2 5 4 7
split_gain=4.93392 5.25705 3.91413 3.68591 4.68425 5.31705
threshold=-68.0002119812073 1.2675968057222595 0.42840167715281602 -1.2136158038987432 0.35317243313909236 0.86046863722869271
decision_type=8 10 8 10 2 2
left_child=1 -1 -2 4 5 -4
right_child=2 -3 3 -5 -6 -7
leaf_value=-0.027796536210017056 -0.025282642841881961 0.007602938347086881 0.0022019339600848776 0.0019265059532212513 -0.034499697599912081 -0.02310167207850785
leaf_weight=30.235277369618416 13.433793567121027 15.248448472470043 88.525633327662945 1015.747858941555 12.890111643820999 26.064840108156204
leaf_count=182 87 134 447 5033 83 139
internal_value=-4.83469e-05 -0.0160206 0.00059303 0.000918918 -0.00706191 -0.00370371
internal_weight=1202.15 45.4837 1156.66 1143.23 127.481 114.59
internal_count=6105 316 5789 5702 669 586
is_linear=0
shrinkage=0.05


Tree=74
num_leaves=7
num_cat=0
split_feature=7 9 4 7 5 10
split_gain=3.18798 9.55653 7.00267 5.59609 10.2908 4.66572
threshold=-0.98279651670771895 -3.9093628297104384 0.0020143362771543063 -0.90159026428466904 0.16173069283854172 0.57048325869344774
decision_type=2 10 2 2 10 2
left_child=1 5 -3 4 -2 -1
right_child=3 2 -4 -5 -6 -7
leaf_value=0.011227061564434303 -0.02815602216805102 -0.0039285452239537517 0.040555456836394693 0.0002085359031481977 0.004123637033293691 -0.024397353314351958
leaf_weight=15.50877422839403 49.094844751060009 12.779317423701285 26.593705661594868 1025.3525136262178 48.247342217713594 20.052191160619259
leaf_count=76 247 62 126 5240 240 92
internal_value=-0.000214155 0.00970145 0.0263776 -0.000884014 -0.0122775 -0.00897878
internal_weight=1197.63 74.934 39.373 1122.69 97.3422 35.561
internal_count=6083 356 188 5727 487 168
is_linear=0
shrinkage=0.05


Tree=75
num_leaves=7
num_cat=0
split_feature=7 8 0 4 5 0
split_gain=5.10998 3.7464 14.7879 8.37354 7.03473 12.4316
threshold=0.99845357241023069 0.72236396205975539 1.4186518748885828 0.68788597038711663 0.52388901328912751 0.85953907257556106
decision_type=2 2 8 2 10 10
left_child=1 -1 3 4 5 -3
right_child=-2 2 -4 -5 -6 -7
leaf_value=0.0010564168445633309 -0.023793227163487148 -0.0050447957842582906 -0.043662228794842189 -0.040240801500153689 -0.020169690479958396 0.021175018326163968
leaf_weight=909.46024945378304 22.987159684300423 133.51672952994704 22.368075653910637 12.569609791040419 35.124633446335793 67.137411631643772
leaf_count=4546 119 674 150 105 194 327
internal_value=-0.000946451 -0.000481681 -0.00563372 -0.00204723 0.000150262 0.00378966
internal_weight=1203.16 1180.18 270.716 248.348 235.779 200.654
internal_count=6115 5996 1450 1300 1195 1001
is_linear=0
shrinkage=0.05


Tree=76
num_leaves=7
num_cat=0
split_feature=9 11 8 9 4 10
split_gain=3.18793 6.03121 4.24422 4.10655 7.99653 4.57143
threshold=-68.0002119812073 0.091681897215088112 -0.65106671239330405 -32.448492583170278 0.0011240704380516976 0.42805013974217881
decision_type=8 2 2 10 2 2
left_child=1 2 -1 4 -2 -6
right_child=3 -3 -4 -5 5 -7
leaf_value=0.031492566680085453 0.03884912759931982 -0.029064051780194514 -0.014066658317745812 -0.0017302375121511168 -0.025862879342366186 0.0062391908135709453
leaf_weight=8.6007416881620902 16.805858299136162 26.37244450673461 10.051367990672587 1025.1312498040497 11.470035403966902 99.784717261791229
leaf_count=53 79 186 76 5152 62 479
internal_value=-0.00118916 -0.0140937 0.00747483 -0.000673549 0.00773316 0.00272865
internal_weight=1198.22 45.0246 18.6521 1153.19 128.061 111.255
internal_count=6087 315 129 5772 620 541
is_linear=0
shrinkage=0.05


Tree=77
num_leaves=7
num_cat=0
split_feature=8 11 7 0 10 0
split_gain=3.77868 14.1035 8.34971 5.96545 3.97058 4.62179
threshold=-0.97854064376158167 0.17010701425099359 -0.10886687485196471 0.82127286973579294 0.37830333551228429 0.45840616115702332
decision_type=2 2 2 10 2 10
left_child=1 2 -1 -4 5 -2
right_child=4 -3 3 -5 -6 -7
leaf_value=0.031024368498444716 -0.026393357980140537 0.049640796396074063 0.01301055219899108 -0.022502594737523078 0.00053637403198241785 -0.0041410893251173919
leaf_weight=15.036162938922642 26.535607870668173 16.859860196709633 17.294297233223915 33.108820050954819 941.72565795481205 156.91921826079488
leaf_count=69 170 75 82 160 4762 817
internal_value=-1.6955e-05 0.0102591 -0.000481736 -0.0103013 -0.000777017 -0.00748538
internal_weight=1207.48 82.2991 65.4393 50.4031 1125.18 183.455
internal_count=6135 386 311 242 5749 987
is_linear=0
shrinkage=0.05


Tree=78
num_leaves=7
num_cat=0
split_feature=4 8 8 8 0 7
split_gain=5.19063 7.3103 5.88241 10.2961 8.03146 12.4704
threshold=0.013693981322970113 0.92794370089704281 0.91080963307804863 0.22706275313213803 0.98826596778332754 0.6993099184844086
decision_type=2 2 2 2 10 2
left_child=2 -2 3 4 5 -1
right_child=1 -3 -4 -5 -6 -7
leaf_value=-0.011936905811960219 0.0044660799482900606 -0.013609676374462198 0.0086810661656925008 -0.017541024493517538 0.0090911302519089184 0.02240939700428728
leaf_weight=182.96488993242383 596.98961528763175 60.73547787591815 79.641418401151896 134.94146541506052 120.01227936521173 29.918113321065903
leaf_count=877 2988 379 397 736 610 139
internal_value=-0.000213071 0.00277881 -0.00380594 -0.00594563 -0.0012069 -0.00702775
internal_weight=1205.2 657.725 547.478 467.837 332.895 212.883
internal_count=6126 3367 2759 2362 1626 1016
is_linear=0
shrinkage=0.05


Tree=79
num_leaves=7
num_cat=0
split_feature=9 7 0 0 9 10
split_gain=4.45748 3.15984 11.3834 9.67193 6.81368 4.45872
threshold=96.010123483658575 -0.97381903846659723 0.93334675802273093 0.79334787158008713 -3.5733828249862039 0.52379561501207383
decision_type=8 2 10 10 10 2
left_child=1 2 3 5 -4 -1
right_child=-2 -3 4 -5 -6 -7
leaf_value=-0.010853244469542108 0.020903526606773536 -0.0014165464800629105 0.0075907681798016678 -0.034516902641667638 0.058593412323727639 0.021075557845874528
leaf_weight=16.990008391439915 23.418069243431091 1088.9434509500861 12.470834277570249 16.921066641807556 13.629369765520094 27.375392284244299
leaf_count=84 154 5539 60 78 65 127
internal_value=-0.000241429 -0.000679775 0.00841344 -0.00346468 0.0354034 0.00887851
internal_weight=1199.75 1176.33 87.3867 61.2865 26.1002 44.3654
internal_count=6107 5953 414 289 125 211
is_linear=0
shrinkage=0.05


Tree=80
num_leaves=7
num_cat=0
split_feature=5 8 8 5 0 7
split_gain=5.20382 6.28199 6.2072 5.17246 6.02448 5.46508
threshold=-1.2136158038987432 0.44228869021900119 0.65106671239330416 -1.1544393267381654 0.45247342111845335 -0.37256073532439565
decision_type=10 2 2 10 10 2
left_child=1 -1 -3 -2 5 -5
right_child=3 2 -4 4 -6 -7
leaf_value=-0.021814567149385941 0.029655953403781826 0.024834595908402105 -0.0080848424969319609 -0.0020782336202451114 0.0021391073970347648 -0.030506855284809647
leaf_weight=54.275597780942917 15.13011998683214 18.449351862072945 53.297181643545628 45.043839626014233 991.79694709554315 26.217348694801331
leaf_count=283 76 92 289 227 4961 192
internal_value=0.000426703 -0.00914628 0.000605288 0.00155306 0.00112559 -0.0128147
internal_weight=1204.21 126.022 71.7465 1078.19 1063.06 71.2612
internal_count=6120 664 381 5456 5380 419
is_linear=0
shrinkage=0.05


Tree=81
num_leaves=7
num_cat=0
split_feature=8 11 8 8 0 10
split_gain=5.19706 12.6892 7.41986 5.51938 12.8509 7.93691
threshold=-0.98658463173998423 0.17010701425099359 -0.99512551815703254 -0.83146961230254512 1.3662289868189041 0.46376731387429498
decision_type=2 2 2 2 10 2
left_child=1 2 -1 4 -2 -6
right_child=3 -3 -4 -5 5 -7
leaf_value=-0.012488202499295435 -0.015904676504204206 0.053827453254583546 0.02597257260089459 0.0005218763597097623 0.03673458248190533 -0.012410760900045455
leaf_weight=33.204896681010723 138.10305988043547 14.037839293479918 18.802999742329121 962.9217130728066 20.680636558681726 12.581469856202601
leaf_count=159 649 61 91 4970 119 66
internal_value=-0.000153865 0.0133733 0.00164461 -0.000952595 -0.00919279 0.0183256
internal_weight=1200.33 66.0457 52.0079 1134.29 171.365 33.2621
internal_count=6115 311 250 5804 834 185
is_linear=0
shrinkage=0.05


Tree=82
num_leaves=7
num_cat=0
split_feature=5 8 8 10 10 4
split_gain=3.23835 3.08382 2.73973 4.6212 4.31669 11.3187
threshold=3.0788862087983113 0.99845357241023069 -0.98658463173998423 0.38066939819966522 0.59639098773126864 0.022577558287751102
decision_type=8 2 2 2 2 2
left_child=1 2 4 -4 5 -1
right_child=-2 -3 3 -5 -6 -7
leaf_value=-0.015806572961772656 -0.022080347927256203 -0.02056609978808081 -0.0070319932923124124 0.0016384856556046299 0.032120714290950765 0.030842294878997256
leaf_weight=31.048004947602749 15.102539423853157 16.134869504719973 183.35609365254641 922.48802329227328 16.264936476945877 20.894782803952694
leaf_count=149 113 111 983 4613 74 95
internal_value=0.000192377 0.0004933 0.000799973 0.00019581 0.0104508 0.00318676
internal_weight=1205.29 1190.19 1174.05 1105.84 68.2077 51.9428
internal_count=6138 6025 5914 5596 318 244
is_linear=0
shrinkage=0.05


Tree=83
num_leaves=7
num_cat=0
split_feature=11 11 4 7 0 4
split_gain=4.81226 9.55964 6.66026 6.06416 7.98331 6.00406
threshold=0.037216373259954867 0.029749746174896289 0.001443335012605703 -0.19509032201612828 0.88075150520039347 0.010664883377694317
decision_type=2 2 2 2 10 2
left_child=1 2 -1 -3 -5 -2
right_child=5 3 -4 4 -6 -7
leaf_value=0.023514967997100299 -0.0053000516320361925 0.0053963760516527624 -0.011345548647736532 0.068653262464513767 0.017683859467072845 0.0022661235640383608
leaf_weight=17.096741266548634 449.63433277234435 25.524494525045156 55.529907593503594 12.148139886558054 20.922798778861761 626.1204727217555
leaf_count=79 2300 125 277 58 102 3217
internal_value=0.000207295 0.0092092 -0.00293126 0.0240535 0.0378722 -0.000898304
internal_weight=1206.98 131.222 72.6266 58.5954 33.0709 1075.75
internal_count=6158 641 356 285 160 5517
is_linear=0
shrinkage=0.05


Tree=84
num_leaves=7
num_cat=0
split_feature=8 8 0 8 0 0
split_gain=3.58828 8.49914 4.04993 3.40698 15.646 13.5693
threshold=-0.98990318592078541 -0.99512551815703254 1.1219942217755325 -0.77296446310592981 1.3662289868189041 1.3004539054689908
decision_type=2 2 10 2 10 10
left_child=1 2 -1 4 -2 -5
right_child=3 -3 -4 5 -6 -7
leaf_value=0.0091820862731312666 -0.015252940633109058 0.039329188674593979 -0.024410997189380459 0.0011766830873955472 0.017517027203222763 -0.018441574229841821
leaf_weight=24.748232945799828 162.60900209844112 16.75259118527174 12.783894456923006 824.36262714676559 45.953708369284868 97.681299816817045
leaf_count=114 771 76 63 4143 263 607
internal_value=-0.00162202 0.0108192 -0.00259669 -0.0022284 -0.00798343 -0.000919402
internal_weight=1184.89 54.2847 37.5321 1130.61 208.563 922.044
internal_count=6037 253 177 5784 1034 4750
is_linear=0
shrinkage=0.05


Tree=85
num_leaves=7
num_cat=0
split_feature=8 4 8 7 9 4
split_gain=3.43154 4.78111 9.02663 6.66571 11.3965 7.80884
threshold=0.95688340256707793 0.028990158688221381 0.90159026428466915 -0.97381903846659723 -3.9093628297104384 0.0033210790664872131
decision_type=2 2 2 2 10 2
left_child=1 2 3 4 -1 -6
right_child=-2 -3 -4 -5 5 -7
leaf_value=-0.0096013125368213988 -0.008492669726060496 0.004941484363525938 0.025389992616368696 -0.0054309419428226601 0.0088272650518509341 0.049049602993395253
leaf_weight=43.303225617855787 96.639863319694996 492.38140190765262 28.295977257192135 482.56446488201618 30.745816890150309 19.477905698120594
leaf_count=208 557 2484 143 2449 147 93
internal_value=0.000490385 0.00128893 -0.00168998 -0.00306176 0.00909045 0.0250794
internal_weight=1193.41 1096.77 604.387 576.091 93.5269 50.2237
internal_count=6081 5524 3040 2897 448 240
is_linear=0
shrinkage=0.05


Tree=86
num_leaves=7
num_cat=0
split_feature=2 11 4 9 11 11
split_gain=3.81923 3.59489 7.82608 8.73615 6.01405 5.27088
threshold=0.42840167715281602 0.056358310310272532 0.002586458977622292 -25.401527412554078 0.037748411340702039 0.027050973370383317
decision_type=8 2 2 10 2 2
left_child=-1 2 3 -2 5 -5
right_child=1 -3 -4 4 -6 -7
leaf_value=-0.02579720815889008 0.054850913849520677 -0.0015000526174717835 -0.00035907922841428368 0.00027939469537484991 -0.0080131597398617437 0.037745536854461498
leaf_weight=13.54917002469301 12.658706896007059 926.93411473929882 191.69942908734083 15.594296693801878 25.694884538650513 22.642232142388821
leaf_count=89 61 4761 962 71 126 101
internal_value=-0.000334083 -2.41068e-05 0.00506189 0.0184599 0.0105206 0.022862
internal_weight=1208.77 1195.22 268.29 76.5901 63.9314 38.2365
internal_count=6171 6082 1321 359 298 172
is_linear=0
shrinkage=0.05


Tree=87
num_leaves=7
num_cat=0
split_feature=11 11 9 5 7 4
split_gain=4.62964 4.43735 7.364 6.99001 5.86506 5.69235
threshold=0.022281150989717172 0.055394250873528068 -94.69113049453081 -0.050214590141883071 0.39271506111191362 0.024539639531258258
decision_type=2 2 8 10 2 2
left_child=-1 3 -3 5 -5 -2
right_child=1 2 -4 4 -6 -7
leaf_value=-0.027819903355152616 0.0066180060021702944 -0.034658539396687719 -0.0011830658945448831 0.0063875539837767864 0.029661394701697721 -0.015075983855466586
leaf_weight=14.391916222870348 69.537734679877758 15.728420130908487 924.4678845256567 82.207601860165596 39.935587000101805 51.973735304549336
leaf_count=71 332 136 4699 413 202 259
internal_value=-0.000574518 -0.000220099 -0.0017793 0.00577912 0.0141762 -0.00270842
internal_weight=1198.24 1183.85 940.196 243.655 122.143 121.511
internal_count=6112 6041 4835 1206 615 591
is_linear=0
shrinkage=0.05


Tree=88
num_leaves=7
num_cat=0
split_feature=11 4 8 5 8 8
split_gain=4.99519 5.94472 5.42591 3.6597 4.96177 8.25685
threshold=0.035954284819198247 0.002189390256736532 0.3007057995042734 -0.65806136717452934 0.43245347597985034 0.97381903846659756
decision_type=2 2 2 10 2 2
left_child=1 -1 -3 4 -2 -6
right_child=3 2 -4 -5 5 -7
leaf_value=0.026204132955386473 -0.012185527707544603 0.013484552321521801 -0.011682780576520002 0.001159840197278481 0.0072241942052187038 -0.023063903532961484
leaf_weight=38.041821420192719 137.64431048184633 48.453068874776363 36.80754329264164 808.01774996891618 111.62694142758846 27.121681932359934
leaf_count=173 698 239 187 4137 559 164
internal_value=0.0005478 0.0100417 0.00261017 -0.000539961 -0.00549549 0.001181
internal_weight=1207.71 123.302 85.2606 1084.41 276.393 138.749
internal_count=6157 599 426 5558 1421 723
is_linear=0
shrinkage=0.05


Tree=89
num_leaves=7
num_cat=0
split_feature=9 5 2 9 0 0
split_gain=4.6999 5.43016 4.64271 4.05513 9.50183 9.47365
threshold=-103.99924929234137 1.0916196611157154 0.026141638710276398 1.9598250046781731 0.6750410960821015 0.7290867134748823
decision_type=8 8 10 10 8 8
left_child=1 -1 3 4 -2 -5
right_child=2 -3 -4 5 -6 -7
leaf_value=-0.051931472088183786 -0.0048623507458613654 0.0040652926705079216 -0.026944023134125212 0.0085064840118771728 0.008835021198475717 -0.0054501282467476486
leaf_weight=7.7892294861376286 175.53512594476342 8.2673385813832301 12.809028569608925 179.40654178708792 448.36455192789435 371.98824953660369
leaf_count=54 900 92 86 925 2154 1927
internal_value=0.00151244 -0.0245514 0.00188503 0.00222186 0.00497963 -0.000901906
internal_weight=1204.16 16.0566 1188.1 1175.29 623.9 551.395
internal_count=6138 146 5992 5906 3054 2852
is_linear=0
shrinkage=0.05


Tree=90
num_leaves=7
num_cat=0
split_feature=0 0 8 9 10 8
split_gain=3.97046 7.3195 21.1364 5.28856 9.56329 4.76031
threshold=1.9039748660855371 1.5646298355990218 -0.70710678118654757 59.983947969848302 0.52622160567870402 -0.75894212529897775
decision_type=10 8 2 8 2 2
left_child=1 5 -3 4 -4 -1
right_child=-2 2 3 -5 -6 -7
leaf_value=-0.0068273379720998773 -0.022142615401711224 0.048417516398208439 -0.055731675495957991 0.018807745479076522 0.010670467842306099 0.0010862342284007754
leaf_weight=242.03957954794168 19.118647299706936 27.383503593504429 10.79412153363228 8.9565480165183562 9.5321612134575826 870.46500134840608
leaf_count=1152 163 146 66 53 63 4422
internal_value=-0.000119047 0.000259704 0.0176289 -0.0118107 -0.0255517 -0.00064005
internal_weight=1188.29 1169.17 56.6663 29.2828 20.3263 1112.5
internal_count=6065 5902 328 182 129 5574
is_linear=0
shrinkage=0.05


Tree=91
num_leaves=7
num_cat=0
split_feature=4 10 8 11 4 0
split_gain=3.42185 7.84424 3.56056 9.0355 13.3899 5.01233
threshold=0.00044945917611423223 0.54639954607838936 -0.97854064376158167 0.17010701425099359 0.028990158688221381 0.82127286973579294
decision_type=2 2 2 2 2 10
left_child=1 -1 3 4 5 -2
right_child=2 -3 -4 -5 -6 -7
leaf_value=-0.011506201860243221 0.0086923269511309589 0.034139861365968464 -0.00098919293418861173 0.041745234776379751 0.04146502849966318 -0.023045063665883516
leaf_weight=15.605984248220919 19.427884593605995 21.298349685966969 1081.3278145845979 16.435791149735451 14.849921796470879 31.603208661079407
leaf_count=83 93 102 5542 72 69 154
internal_value=0.000258717 0.0150429 -0.000222668 0.00973755 0.00124759 -0.0110276
internal_weight=1200.55 36.9043 1163.64 82.3168 65.881 51.0311
internal_count=6115 185 5930 388 316 247
is_linear=0
shrinkage=0.05


Tree=92
num_leaves=7
num_cat=0
split_feature=4 8 11 10 7 9
split_gain=4.7064 9.02157 7.37972 6.74486 8.22555 8.71843
threshold=0.013693981322970113 0.98279651670771939 0.037748411340702039 0.66218595260132929 0.35222909080468517 -19.719825099753226
decision_type=2 2 2 2 2 10
left_child=2 -2 -1 -4 5 -5
right_child=1 -3 3 4 -6 -7
leaf_value=0.011114651043784058 0.0034143362061809044 -0.026318243554631967 -0.0092440490520083532 -0.0071748152990267064 -0.014183030031036459 0.031329901151403099
leaf_weight=68.782667621970177 626.43537517637014 25.600081032142043 381.90902354940772 23.436624921858311 32.816540084779263 37.066277906298637
leaf_count=324 3149 195 2005 111 161 166
internal_value=-0.000655069 0.00220847 -0.00408497 -0.00630363 0.00570045 0.0165404
internal_weight=1196.05 652.035 544.011 475.228 93.3194 60.5029
internal_count=6111 3344 2767 2443 438 277
is_linear=0
shrinkage=0.05


Tree=93
num_leaves=7
num_cat=0
split_feature=0 10 0 9 5 4
split_gain=4.08026 8.87134 8.24292 7.5282 7.15272 6.80776
threshold=0.74193342037034193 0.74289630497382697 0.70653777038956533 2.232418138863324 0.094290582333775672 0.53572613240131972
decision_type=10 2 8 10 10 2
left_child=1 2 -1 -2 5 -5
right_child=3 -3 -4 4 -6 -7
leaf_value=-0.00083182118926625876 0.0018995824634063547 0.043906730096186099 0.019407790750886465 -0.018245457979304335 -0.0013924400016437361 0.018535714759728431
leaf_weight=354.35315645486116 408.45652176812291 12.058864556252955 57.615300461649895 158.30351376533508 194.71937953680754 12.864447608590124
leaf_count=1830 2049 58 270 798 1043 75
internal_value=-0.000607763 0.00333008 0.0020389 -0.00276562 -0.00796459 -0.0153895
internal_weight=1198.37 424.027 411.968 774.344 365.887 171.168
internal_count=6123 2158 2100 3965 1916 873
is_linear=0
shrinkage=0.05


Tree=94
num_leaves=7
num_cat=0
split_feature=9 0 0 0 0 0
split_gain=4.2791 8.59776 10.6846 9.87274 7.50779 8.49914
threshold=2.232418138863324 0.98826596778332754 1.0853791680985936 0.8657407584068616 0.73513632683908703 0.5067334713992232
decision_type=10 8 10 10 10 8
left_child=1 3 -3 -1 5 -2
right_child=4 2 -4 -5 -6 -7
leaf_value=0.0018191759680579599 -0.011401790749854495 0.027816695407749049 0.0036141863297567325 -0.018022521623506191 -0.0077809114892477497 0.011601888935532052
leaf_weight=320.14931583404541 57.092907657846808 60.983043991029263 173.99330429360271 76.917121324688196 363.11534061282873 129.43196458369493
leaf_count=1585 334 284 942 369 1897 631
internal_value=-0.000376829 0.0024273 0.00998669 -0.00206005 -0.00359991 0.0045375
internal_weight=1181.68 632.043 234.976 397.066 549.64 186.525
internal_count=6042 3180 1226 1954 2862 965
is_linear=0
shrinkage=0.05


Tree=95
num_leaves=7
num_cat=0
split_feature=11 11 9 4 0 0
split_gain=4.81015 8.79062 3.89516 4.42945 3.81205 7.26271
threshold=0.029749746174896289 0.031795915281515048 96.010123483658575 0.0090276288773079218 0.83025372263789154 0.81196080710236773
decision_type=2 2 8 2 10 8
left_child=-1 -2 4 -4 5 -3
right_child=1 2 3 -5 -6 -7
leaf_value=-0.012375252310318503 0.031362906364128251 0.0016827190299583958 -0.0052293988046089685 0.039839014940984956 -0.0027831280834594669 0.027094293358715629
leaf_weight=69.227806055918336 22.514943577349186 479.72029177471995 8.9867181144654769 12.088959153741596 565.89048838615417 28.881786659359932
leaf_count=336 106 2440 55 90 2913 140
internal_value=0.000318478 0.00111479 0.000465125 0.0212554 3.79493e-05 0.00317609
internal_weight=1187.31 1118.08 1095.57 21.0757 1074.49 508.602
internal_count=6080 5744 5638 145 5493 2580
is_linear=0
shrinkage=0.05


Tree=96
num_leaves=7
num_cat=0
split_feature=2 4 4 9 7 8
split_gain=3.96479 4.34103 7.32993 5.59728 10.4103 8.4839
threshold=0.026141638710276398 0.028990158688221381 0.031509520874490861 -0.3332180022752595 0.99512551815703276 -0.81279832427823695
decision_type=10 2 2 10 2 2
left_child=1 -1 -3 4 5 -4
right_child=-2 2 3 -5 -6 -7
leaf_value=-0.0025430847225550038 -0.027442825786550853 0.039012913000863403 -0.0072252833692058732 -0.0028382266726722717 -0.033303057031099537 0.014923644546380462
leaf_weight=656.85789684578776 12.154288187623022 13.188876546919344 54.916846577078104 246.5077283103019 13.716316536068915 193.64997374266386
leaf_count=3312 83 62 256 1312 67 995
internal_value=-0.000144413 0.000160066 0.00356006 0.00256633 0.00763731 0.0100209
internal_weight=1190.99 1178.84 521.98 508.791 262.283 248.567
internal_count=6087 6004 2692 2630 1318 1251
is_linear=0
shrinkage=0.05


Tree=97
num_leaves=7
num_cat=0
split_feature=0 5 10 0 7 8
split_gain=3.42734 4.21966 2.80702 4.18437 2.94286 6.15819
threshold=0.32924650355437657 3.0788862087983113 0.76105645035152203 0.42280032657868521 0.83743052905771564 -0.36243803828370164
decision_type=10 8 2 10 2 2
left_child=-1 2 3 -2 -5 -6
right_child=1 -3 -4 4 5 -7
leaf_value=0.017418076972678387 -0.016229615484005963 -0.029299867090889338 0.018319798081611924 -0.0015369738074917198 0.024778624601747803 0.001251019889938928
leaf_weight=25.089709749445319 41.878833927214146 11.940188370645044 18.305228337645531 892.49601574987173 32.356176283210516 168.08503922075033
leaf_count=143 255 102 87 4493 179 833
internal_value=-0.000505547 -0.000906141 -0.000587001 -0.000907839 -0.000306445 0.00515311
internal_weight=1190.15 1165.06 1153.12 1134.82 1092.94 200.441
internal_count=6092 5949 5847 5760 5505 1012
is_linear=0
shrinkage=0.05


Tree=98
num_leaves=7
num_cat=0
split_feature=7 0 0 10 5 5
split_gain=3.75095 9.12709 6.96713 3.73474 5.51443 7.60949
threshold=-0.9927505997980649 0.98826596778332754 0.78177912062178179 0.38066939819966522 -0.9330231346491763 -0.55501417096889127
decision_type=2 10 10 2 8 10
left_child=1 2 -1 4 -2 -6
right_child=3 -3 -4 -5 5 -7
leaf_value=0.016554763911277512 0.01368873236836275 0.048243955906604838 -0.027152567980440523 0.001368415474270422 -0.037338932786258286 -0.0055603266177328631
leaf_weight=24.606407422572374 28.459387063980103 13.053619693964718 13.160761415958403 954.28635326959193 20.839962713420391 141.2494393736124
leaf_count=115 154 63 61 4839 117 771
internal_value=0.000686467 0.013844 0.0010165 9.08124e-05 -0.00628129 -0.00985002
internal_weight=1195.66 50.8208 37.7672 1144.84 190.549 162.089
internal_count=6120 239 176 5881 1042 888
is_linear=0
shrinkage=0.05


Tree=99
num_leaves=7
num_cat=0
split_feature=7 10 9 7 7 11
split_gain=3.51824 8.40535 6.60363 6.1185 5.99591 6.60191
threshold=0.78661891169205866 0.42952140234584718 16.751039669804516 0.99275059979806513 0.99512551815703276 0.09388515887420569
decision_type=2 2 10 2 2 2
left_child=-1 2 -2 -4 5 -3
right_child=1 4 3 -5 -6 -7
leaf_value=-0.00036291882263785589 -0.027797836636456838 0.023934105733949697 -0.011760321869067643 0.033119721213548621 -0.014318126132567222 0.0047548768846344819
leaf_weight=933.20652230642736 27.407945245504379 85.623970177024603 18.829058147966865 11.347984433174132 20.101008005440235 94.381351858377457
leaf_count=4764 162 426 105 64 99 468
internal_value=0.00106696 0.00622655 -0.010479 0.00563766 0.0110621 0.0139598
internal_weight=1190.9 257.691 57.585 30.177 200.106 180.005
internal_count=6088 1324 331 169 993 894
is_linear=0
shrinkage=0.05


Tree=100
num_leaves=7
num_cat=0
split_feature=7 12 0 7 10 8
split_gain=4.51138 4.67118 3.5563 6.86927 7.06582 6.0021
threshold=0.99512551815703276 1.0000000180025095e-35 0.45840616115702332 -0.13052619222005171 0.31840536589390483 0.16288578192842365
decision_type=2 2 8 2 2 2
left_child=2 -2 3 4 -1 -5
right_child=1 -3 -4 5 -6 -7
leaf_value=-0.029700457791222962 -0.0042585100134805353 -0.041806395652794773 0.0011097549334463991 0.0035857338744548148 0.0096924487642549989 -0.043699592969793477
leaf_weight=13.862691082060335 24.025501243770123 11.8577369377017 1069.0316151604056 9.6987338140606898 47.627218410372734 19.790847145020962
leaf_count=76 130 59 5394 66 236 161
internal_value=-0.000248088 -0.0174634 0.000299026 -0.00913574 0.000478287 -0.0285405
internal_weight=1195.89 35.8832 1160.01 90.9795 61.4899 29.4896
internal_count=6122 189 5933 539 312 227
is_linear=0
shrinkage=0.05


Tree=101
num_leaves=7
num_cat=0
split_feature=8 0 10 4 0 5
split_gain=3.39775 5.3734 4.69283 3.84876 11.4097 7.95622
threshold=0.98658463173998445 0.5020007174934672 0.56002840748559479 0.38386454775814488 1.3167772138647245 0.67199240366704804
decision_type=2 10 2 2 10 8
left_child=3 -2 -3 -1 5 -5
right_child=1 2 -4 4 -6 -7
leaf_value=0.00015789948481165366 -0.040742680545012587 0.014016078839613658 -0.02161771359620342 0.026308662253701282 -0.029568853140064567 -0.0053707085153161128
leaf_weight=1036.3284210301936 11.469722209498284 19.063254602253437 16.142829619348049 63.806573450565338 14.647013552486895 28.122824519872665
leaf_count=5183 92 117 92 335 100 165
internal_value=0.000547853 -0.0125311 -0.00246866 0.00109248 0.0100942 0.0166639
internal_weight=1189.58 46.6758 35.2061 1142.9 106.576 91.9294
internal_count=6084 301 209 5783 600 500
is_linear=0
shrinkage=0.05


Tree=102
num_leaves=7
num_cat=0
split_feature=9 5 4 7 0 10
split_gain=3.68982 4.36366 3.09188 8.23933 6.81026 12.1391
threshold=68.562277864661084 2.0219463796543464 0.0013279323167868207 0.23768589232617301 0.85330008340980512 0.56958383397346135
decision_type=8 10 2 2 10 2
left_child=2 -2 3 -1 -5 -6
right_child=1 -3 -4 4 5 -7
leaf_value=-0.0039853071513391491 0.020876408997211132 -0.014774393080054477 -0.001577909565687178 0.033816556853024898 0.024845671433054418 -0.023678735250098434
leaf_weight=105.22486801818013 39.216929569840431 10.137260340154169 960.05956895463169 34.072973653674126 30.571340922266245 20.811338253319263
leaf_count=516 212 89 4903 163 154 101
internal_value=0.000157547 0.0134058 -0.000421806 0.00537694 0.0168178 0.00511517
internal_weight=1200.09 49.3542 1150.74 190.681 85.4557 51.3827
internal_count=6138 301 5837 934 418 255
is_linear=0
shrinkage=0.05


Tree=103
num_leaves=7
num_cat=0
split_feature=10 5 0 10 5 11
split_gain=3.50621 2.93441 4.60206 6.75227 8.58483 3.50733
threshold=0.76105645035152203 -1.4802780444664003 0.44525215275402502 0.62516682937769741 -1.8466261008424716 0.022281150989717172
decision_type=2 10 10 2 8 2
left_child=1 2 -1 4 -4 -3
right_child=-2 5 3 -5 -6 -7
leaf_value=0.016785891955412423 0.020861669425474374 -0.023471476307945258 0.021624793925298078 -0.044941197311418088 -0.02321667820348567 0.0010009048591105413
leaf_weight=12.374010790139435 19.566084526479244 13.842698395252226 16.644189864397049 13.882398478686808 26.117850132286549 1079.3327597845346
leaf_count=66 96 69 91 73 142 5506
internal_value=0.000397038 3.48676e-05 -0.00988843 -0.0159056 -0.0056678 0.000669847
internal_weight=1181.76 1162.19 69.0184 56.6444 42.762 1093.18
internal_count=6043 5947 372 306 233 5575
is_linear=0
shrinkage=0.05


Tree=104
num_leaves=7
num_cat=0
split_feature=10 7 0 5 0 8
split_gain=3.50139 7.05256 10.2736 8.54587 8.02119 8.08306
threshold=0.39099553524715974 0.24825246871434695 1.5646298355990218 0.90895680235349496 0.82127286973579294 -0.39271506111191329
decision_type=2 2 10 10 10 2
left_child=1 2 4 -3 5 -1
right_child=-2 3 -4 -5 -6 -7
leaf_value=0.038950829296754967 0.0015182527454011441 -0.025511626515112625 0.033293359537497437 0.018498751294303919 -0.019159497537295747 -0.0016240275119659927
leaf_weight=13.797047525644301 965.73647237382829 61.733599454164505 19.985374890267849 12.624370429664848 53.794522181153297 71.585041120648384
leaf_count=65 4872 372 120 72 265 370
internal_value=0.000188846 -0.00529203 0.000670042 -0.0178933 -0.00421867 0.00530755
internal_weight=1199.26 233.52 159.162 74.358 139.177 85.3821
internal_count=6136 1264 820 444 700 435
is_linear=0
shrinkage=0.05


Tree=105
num_leaves=7
num_cat=0
split_feature=9 7 5 2 9 11
split_gain=4.98001 4.11623 4.34157 3.83452 3.10006 2.80017
threshold=96.010123483658575 0.97854064376158201 0.017941275380494066 0.42840167715281602 25.200885173881641 0.126286633689071
decision_type=8 2 10 8 8 2
left_child=1 3 -3 -1 -4 -5
right_child=-2 2 4 5 -6 -7
leaf_value=-0.026596003060986736 0.022161456507012192 -0.021227038592220887 0.012992850793392879 0.0028101381253785411 -0.019298530406039151 -0.0024064185585925615
leaf_weight=11.946799296885727 24.118595331907272 45.210790559649467 22.051954381167889 659.12105231359601 9.9835535585880262 420.57599199563265
leaf_count=82 155 230 110 3318 56 2151
internal_value=0.000133584 -0.000339488 -0.0114175 0.000454137 0.00265 0.000777779
internal_weight=1193.01 1168.89 77.2463 1091.64 32.0355 1079.7
internal_count=6102 5947 396 5551 166 5469
is_linear=0
shrinkage=0.05


Tree=106
num_leaves=7
num_cat=0
split_feature=0 0 11 0 0 7
split_gain=3.35973 7.6585 3.27093 6.18117 6.25534 6.0455
threshold=1.9039748660855371 1.8081738120269939 0.22968078088266142 0.81843038365176091 0.43488456704270423 0.33172980431441529
decision_type=10 8 2 10 10 2
left_child=1 2 -1 4 -4 -5
right_child=-2 -3 3 5 -6 -7
leaf_value=-0.00069826251523504013 -0.019510255841870543 0.032938226832505524 -0.0072107479309776682 0.010496466872991852 0.031897152410323829 -0.029349430364813963
leaf_weight=1076.4400993771851 20.232259277254343 16.982137378305197 13.827026501297949 22.505666129291058 35.040477819740772 15.057155773043631
leaf_count=5416 172 91 91 118 165 77
internal_value=0.000203024 0.000557306 5.65327e-05 0.00935754 0.0209089 -0.00582276
internal_weight=1200.08 1179.85 1162.87 86.4303 48.8675 37.5628
internal_count=6130 5958 5867 451 256 195
is_linear=0
shrinkage=0.05


Tree=107
num_leaves=7
num_cat=0
split_feature=2 7 7 5 0 0
split_gain=3.07922 2.7189 3.26482 8.08591 4.6306 9.50615
threshold=0.026141638710276398 -0.99845357241023047 -0.89194178735545504 0.39327473969196991 0.65681875224792985 0.83662867396362151
decision_type=10 2 2 10 10 10
left_child=1 -1 3 4 -3 -6
right_child=-2 2 -4 -5 5 -7
leaf_value=0.018290821947064238 -0.023316252255007632 -0.030747328906991958 0.0017214727068372336 0.0082159713969192968 0.013089572892801382 -0.024222203495139358
leaf_weight=21.340725980699062 12.151547737419603 30.378570094704628 1018.7826815936714 61.001370299607515 30.460323125123978 36.503428213298321
leaf_count=99 86 159 5233 300 146 176
internal_value=0.000747343 0.00101056 0.000682023 -0.00597463 -0.0148605 -0.00730703
internal_weight=1210.62 1198.47 1177.13 158.344 97.3423 66.9638
internal_count=6199 6113 6014 781 481 322
is_linear=0
shrinkage=0.05


Tree=108
num_leaves=7
num_cat=0
split_feature=11 10 0 7 8 7
split_gain=3.97853 2.89127 4.31036 2.62465 11.924 9.73772
threshold=0.024978201374775553 0.2390701974490014 0.54663810826677695 0.34202014332566882 0.25881904510252057 0.29026740676763302
decision_type=2 2 10 2 2 2
left_child=-1 2 -2 5 -5 -3
right_child=1 3 -4 4 -6 -7
leaf_value=-0.016785103138912866 -0.040439208329735805 0.0012749453054139021 0.0029804923454228834 0.0037368148902885041 -0.01337473695205019 0.0352145365358255
leaf_weight=34.947495758533478 9.8045088276267069 695.72481625154614 11.866558041423557 273.6890209056437 160.82114664837718 20.800155766308308
leaf_count=173 63 3500 64 1404 871 103
internal_value=-0.000400317 0.000101847 -0.0175809 0.000449739 -0.00261269 0.00230789
internal_weight=1207.65 1172.71 21.6711 1151.04 434.51 716.525
internal_count=6178 6005 127 5878 2275 3603
is_linear=0
shrinkage=0.05


Tree=109
num_leaves=7
num_cat=0
split_feature=0 9 9 0 7 8
split_gain=3.32054 12.1608 9.01197 7.78254 12.1136 6.83406
threshold=0.83662867396362151 -15.782959100971715 -64.740111538670305 0.81498169795407982 0.6993099184844086 -0.96298784033749818
decision_type=10 10 10 8 2 2
left_child=3 2 -2 5 -5 -1
right_child=1 -3 -4 4 -6 -7
leaf_value=0.02057677507123189 -0.013242834685261438 -0.0069540379588577846 0.01359327578427595 0.00105168037716591 0.056566928798954641 -0.00048660843143370189
leaf_weight=40.920934602618217 38.471787609159946 441.57391060516238 151.95753412693739 23.871299780905247 15.747215434908865 472.66061875224113
leaf_count=187 274 2280 731 114 75 2413
internal_value=7.11559e-05 -0.00240315 0.00813081 0.00289716 0.0239668 0.0012284
internal_weight=1185.2 632.003 190.429 553.2 39.6185 513.582
internal_count=6074 3285 1005 2789 189 2600
is_linear=0
shrinkage=0.05


Tree=110
num_leaves=7
num_cat=0
split_feature=8 11 8 10 7 4
split_gain=3.93257 13.3936 8.16033 3.92488 6.25434 5.69658
threshold=-0.98658463173998423 0.16307510823332855 -0.99512551815703254 0.38066939819966522 -0.45201865172701744 0.001443335012605703
decision_type=2 2 2 2 2 2
left_child=1 2 -1 4 -2 -6
right_child=3 -3 -4 -5 5 -7
leaf_value=-0.015426296302132889 0.002131193773513518 0.051570159885994254 0.026048955310208694 0.0014331233920102334 0.012042930701622075 -0.021692990116105371
leaf_weight=31.686704874038693 99.169203624129295 15.568189471960066 17.613006666302685 932.99493911862373 14.362403906881807 73.58968447893858
leaf_count=152 500 68 83 4733 83 443
internal_value=0.000804382 0.0126775 -0.000385398 0.000106095 -0.00648297 -0.0161105
internal_weight=1184.98 64.8679 49.2997 1120.12 187.121 87.9521
internal_count=6062 303 235 5759 1026 526
is_linear=0
shrinkage=0.05


Tree=111
num_leaves=7
num_cat=0
split_feature=2 9 8 9 11 8
split_gain=4.38166 4.2169 3.15603 3.1472 6.54279 9.68667
threshold=0.026141638710276398 96.010123483658575 -0.52803643325367244 24.724190022213936 0.1763873717818786 0.25881904510252057
decision_type=10 8 2 10 2 2
left_child=1 3 -3 -1 -5 -6
right_child=-2 2 -4 4 5 -7
leaf_value=-0.0002463289652438758 -0.030588273737104172 -0.0029778308602903835 0.034448010685541118 -0.011059354693826087 0.028601423271890081 -0.024626203768719171
leaf_weight=938.96143084764481 11.70449437946081 8.9992283172905463 13.423180811107157 174.02259431034327 25.706887312233448 11.674136430025099
leaf_count=4730 83 69 79 917 133 68
internal_value=-0.00138084 -0.00106353 0.0199413 -0.00148992 -0.00698622 0.0117699
internal_weight=1184.49 1172.79 22.4224 1150.37 211.404 37.381
internal_count=6079 5996 148 5848 1118 201
is_linear=0
shrinkage=0.05


Tree=112
num_leaves=7
num_cat=0
split_feature=10 0 7 5 5 7
split_gain=3.01345 3.3881 2.0861 6.74765 6.78456 4.38718
threshold=0.2390701974490014 0.49054160668913754 -0.90159026428466904 0.56082592665044506 1.1129216195516689 -0.96863394805116465
decision_type=2 10 2 10 10 2
left_child=1 -1 3 -2 5 -5
right_child=2 -3 -4 4 -6 -7
leaf_value=-0.039777693188401214 -0.011832542387218908 0.00033247954894488407 0.0011637811942341572 0.040328261132512817 -0.010816016969569804 0.0026461741552673813
leaf_weight=9.0513262674212474 112.1237977668643 11.021422106772659 993.04511139169335 17.463233560323719 22.937516056001186 13.536690980195997
leaf_count=62 551 58 5105 80 124 66
internal_value=-4.52174e-05 -0.0187836 0.000295195 -0.00487482 0.00954082 0.0244706
internal_weight=1179.18 20.0727 1159.11 166.061 53.9374 30.9999
internal_count=6046 120 5926 821 270 146
is_linear=0
shrinkage=0.05


Tree=113
num_leaves=7
num_cat=0
split_feature=9 7 5 11 4 9
split_gain=4.02094 3.73127 6.58736 6.59648 3.80216 8.42183
threshold=-111.73159397943165 -0.90159026428466904 0.2526344825146099 0.15655568338734416 0.0013279323167868207 -32.448492583170278
decision_type=8 2 10 2 2 10
left_child=-1 2 -2 -4 5 -3
right_child=1 4 3 -5 -6 -7
leaf_value=-0.02748282826699355 -0.015481555009857997 0.040951664156450573 -0.0053106221698164015 0.026119186276485441 0.00025142999652419856 0.0044253910176646769
leaf_weight=12.111862249672411 91.776647552847862 17.057683020830154 54.308766879141331 22.948734745383263 867.94176567532122 128.04174246266484
leaf_count=118 457 86 267 109 4450 630
internal_value=5.36736e-05 0.000358812 -0.00649593 0.00423982 0.00150786 0.00897028
internal_weight=1194.19 1182.08 169.034 77.2575 1013.04 145.099
internal_count=6117 5999 833 376 5166 716
is_linear=0
shrinkage=0.05


Tree=114
num_leaves=7
num_cat=0
split_feature=5 4 7 11 4 7
split_gain=3.8842 5.91377 8.67156 6.38021 5.43057 5.10949
threshold=0.8284682377641891 0.085651758016579468 -0.70710678118654735 0.15227884714679266 0.002189390256736532 -0.23768589232617351
decision_type=10 2 2 2 2 2
left_child=-1 3 -3 -2 -5 -6
right_child=1 2 -4 4 5 -7
leaf_value=-0.0014960596273682352 0.004665658187984565 -0.037184261885553342 0.0030509531176895945 0.0037018157613806779 0.06199139007142658 0.018883216913043309
leaf_weight=954.40226363949478 105.97705724090338 15.822798196226357 65.047185011208057 16.571416288614273 13.004341691732408 16.056696079671383
leaf_count=4794 562 108 381 86 66 84
internal_value=-8.33221e-05 0.00569798 -0.00517939 0.011496 0.0269186 0.0395939
internal_weight=1186.88 232.479 80.87 151.61 45.6325 29.061
internal_count=6081 1287 489 798 236 150
is_linear=0
shrinkage=0.05


Tree=115
num_leaves=7
num_cat=0
split_feature=9 8 10 4 8 11
split_gain=2.43627 5.93714 9.02168 11.5659 8.63938 7.28184
threshold=-15.782959100971715 0.49049438445969418 0.52234001859218737 0.047796691270242712 0.32143946530316164 0.041395350348303113
decision_type=10 2 2 2 2 2
left_child=1 4 -3 -4 5 -1
right_child=-2 2 3 -5 -6 -7
leaf_value=0.031089348250703027 -0.00097939122264763994 -0.026995728086200477 -0.011216066847525373 0.02806140886310406 0.041071424490476571 0.002240141077238183
leaf_weight=23.882845748215914 850.17019634135067 32.76695067808032 47.731339178979397 29.48305582255125 17.915521875023842 182.54648935422301
leaf_count=114 4359 179 243 151 88 939
internal_value=0.000443089 0.0040525 -0.005431 0.00394842 0.0087051 0.00571164
internal_weight=1184.5 334.326 109.981 77.2144 224.345 206.429
internal_count=6073 1714 573 394 1141 1053
is_linear=0
shrinkage=0.05


Tree=116
num_leaves=7
num_cat=0
split_feature=10 8 0 10 9 0
split_gain=3.84645 3.27458 3.24151 3.9038 3.848 4.40822
threshold=0.26490353613823464 0.95688340256707793 0.48508189371167226 0.40236188005377727 12.956111420328044 0.85330008340980512
decision_type=2 2 10 2 10 10
left_child=-1 -2 -3 -4 5 -5
right_child=1 2 3 4 -6 -7
leaf_value=-0.018034059279914055 -0.0003362711023477689 -0.033572469217273582 0.019380898019606872 -0.014896340092429988 -0.03092742273656553 0.013894666649835795
leaf_weight=33.657021511346102 1070.8881154693663 11.698099691420792 11.707045026123522 34.15110656619072 16.807179726660252 20.433068834245205
leaf_count=205 5401 92 72 175 95 119
internal_value=-0.0016179 -0.00112886 -0.00998555 -0.0063054 -0.0107271 -0.00406262
internal_weight=1199.34 1165.68 94.7965 83.0984 71.3914 54.5842
internal_count=6159 5954 553 461 389 294
is_linear=0
shrinkage=0.05


Tree=117
num_leaves=7
num_cat=0
split_feature=10 9 10 9 4 9
split_gain=2.1334 8.71309 7.9183 5.55104 16.5047 7.20862
threshold=0.36962900920686342 -27.022373554781428 0.35007132525902152 4.006422328592941 0.020772356398613391 16.410983848991204
decision_type=2 10 2 10 2 10
left_child=1 -1 3 4 -3 -5
right_child=-2 2 -4 5 -6 -7
leaf_value=-0.048314492051254772 0.00067143969386044709 -0.022197467335970535 -0.021861635644583016 -0.022770213668185144 0.051800391165674343 0.0068679602694399671
leaf_weight=10.038349106907843 1016.7149108275771 11.878641642630102 38.644829854369164 28.490046519786119 17.682749342173338 66.474249213933945
leaf_count=54 5165 66 209 154 88 379
internal_value=-0.000203928 -0.00531659 -0.00239315 0.00377466 0.0223125 -0.00216835
internal_weight=1189.92 173.209 163.171 124.526 29.5614 94.9643
internal_count=6115 950 896 687 154 533
is_linear=0
shrinkage=0.05


Tree=118
num_leaves=7
num_cat=0
split_feature=4 10 0 11 0 10
split_gain=3.28419 5.28606 5.13744 10.8163 5.37735 4.78257
threshold=0.014884043754004287 0.7255695541644428 1.4477994698064607 0.085293558095718522 1.3576123315238144 0.66218595260132929
decision_type=2 2 10 2 10 2
left_child=1 2 4 -4 -1 -2
right_child=5 -3 3 -5 -6 -7
leaf_value=-0.0027520066129084787 0.0048026812044359816 0.018656178337785694 0.0060798834299527621 -0.045505213235098818 0.027764797392145574 -0.0082385475458418202
leaf_weight=470.5117134526372 556.56089949421585 28.069739371538162 19.46415763348341 19.797116633504629 13.895131684839724 79.521314106881618
leaf_count=2364 2859 126 125 133 76 422
internal_value=0.000715616 -0.00210528 -0.00325158 -0.0204156 -0.00182124 0.00316193
internal_weight=1187.82 551.738 523.668 39.2613 484.407 636.082
internal_count=6105 2824 2698 258 2440 3281
is_linear=0
shrinkage=0.05


Tree=119
num_leaves=7
num_cat=0
split_feature=9 8 12 4 7 0
split_gain=3.84013 8.49788 4.63872 7.26891 4.32575 2.96332
threshold=59.983947969848302 -0.43245347597985045 1.0000000180025095e-35 0.022577558287751102 -0.35222909080468484 0.4288612422894299
decision_type=10 2 2 2 2 8
left_child=5 4 3 -3 -2 -1
right_child=1 2 -4 -5 -6 -7
leaf_value=-0.011152522221169997 -0.031299040213113159 0.013662799581935196 0.0028277500669048523 0.069536457745931354 0.0066902830981276059 -0.00060113436283581794
leaf_weight=70.064450167119503 11.669385485351087 13.482161186635496 13.499181509017943 10.156001098453997 17.667315367609262 1048.3692718036473
leaf_count=424 74 77 73 66 104 5267
internal_value=-0.000573733 0.0110111 0.0266043 0.0395166 -0.0089545 -0.0012715
internal_weight=1184.91 66.474 37.1373 23.6382 29.3367 1118.43
internal_count=6085 394 216 143 178 5691
is_linear=0
shrinkage=0.05


Tree=120
num_leaves=7
num_cat=0
split_feature=9 8 7 7 9 10
split_gain=2.70864 7.43085 4.10317 3.97669 3.62368 9.32079
threshold=59.983947969848302 -0.20576496797711571 -0.35222909080468484 -0.39271506111191307 6.6784993442992056 0.47982254108217259
decision_type=8 2 2 2 10 2
left_child=4 2 -2 -3 -1 -6
right_child=1 3 -4 -5 5 -7
leaf_value=0.0019572287961242578 -0.022436422543052004 0.046034494076336648 0.010228995636880496 0.010222011217582233 0.0019971689900611178 -0.013595679343335885
leaf_weight=714.97709711268544 17.210410084575415 14.337291851639749 19.478601325303316 17.187146045267582 250.51145725138485 154.00947572663426
leaf_count=3607 104 79 114 101 1316 777
internal_value=0.0004114 0.0100104 -0.00528273 0.0274241 -0.000181899 -0.00395824
internal_weight=1187.71 68.2134 36.689 31.5244 1119.5 404.521
internal_count=6098 398 218 180 5700 2093
is_linear=0
shrinkage=0.05


Tree=121
num_leaves=7
num_cat=0
split_feature=2 4 9 0 7 0
split_gain=2.70881 2.73789 7.5184 11.3841 8.46603 5.67259
threshold=0.026141638710276398 0.0013279323167868207 -32.448492583170278 1.4041918486080458 0.16288578192842371 0.66168581208779964
decision_type=10 2 10 10 2 10
left_child=1 2 -1 4 5 -4
right_child=-2 -3 3 -5 -6 -7
leaf_value=0.029970565481881536 -0.022644750941624651 -0.0012914454110890966 -0.029995164330983107 -0.042238519270455875 0.015863358000512442 0.00092557509291434797
leaf_weight=25.414794720709324 12.607761066406963 987.23039559088647 18.834414802491665 12.819527097046373 84.727089293301105 58.597148567438126
leaf_count=129 90 5090 99 78 398 281
internal_value=-0.000463104 -0.000208772 0.00510492 0.00134351 0.00502667 -0.00688211
internal_weight=1200.23 1187.62 200.393 174.978 162.159 77.4316
internal_count=6165 6075 985 856 778 380
is_linear=0
shrinkage=0.05


Tree=122
num_leaves=7
num_cat=0
split_feature=5 7 11 10 7 8
split_gain=2.87875 4.98081 5.14538 4.88346 5.26215 2.67824
threshold=-1.4802780444664003 0.87137607974597331 0.050545002460097167 0.63331331908027255 0.23768589232617301 -0.98990318592078541
decision_type=10 2 2 2 2 2
left_child=1 2 -1 4 -4 -2
right_child=5 -3 3 -5 -6 -7
leaf_value=-0.031998478229413312 0.010906496243097495 -0.032965017163879146 -0.0012659913113388238 -0.020759598323618886 0.039863833010492233 -0.00031697070112480266
leaf_weight=10.589073844254015 54.928116586059332 16.885933980345726 18.587286353111271 11.797647871077059 12.297808676958082 1070.7940555773675
leaf_count=56 258 96 100 64 70 5504
internal_value=-0.000376446 -0.0101298 -0.00241751 0.0054857 0.0158477 0.000239857
internal_weight=1195.88 70.1578 53.2718 42.6827 30.8851 1125.72
internal_count=6148 386 290 234 170 5762
is_linear=0
shrinkage=0.05


Tree=123
num_leaves=7
num_cat=0
split_feature=7 0 10 9 7 0
split_gain=2.72448 10.3241 8.12144 3.20436 6.83249 4.26646
threshold=-0.98658463173998423 0.99715664147680994 0.65318287247838591 -64.740111538670305 0.60003553868615167 1.3662289868189041
decision_type=2 10 2 8 2 8
left_child=1 2 -1 4 -2 -5
right_child=3 -3 -4 5 -6 -7
leaf_value=-0.014901622265516168 -0.022069348939617692 0.044292563988950595 0.027475965835329422 -0.0009788785544104677 0.024817110058924518 0.0093734521383492687
leaf_weight=34.282857052981853 38.655358526855707 15.457546092569826 15.638893410563467 962.22731063142419 8.7813212275505048 109.99328615888953
leaf_count=167 259 75 71 4821 66 627
internal_value=0.000105754 0.00994805 -0.00134721 -0.000477324 -0.0130567 9.08552e-05
internal_weight=1185.04 65.3793 49.9218 1119.66 47.4367 1072.22
internal_count=6086 313 238 5773 325 5448
is_linear=0
shrinkage=0.05


Tree=124
num_leaves=7
num_cat=0
split_feature=8 0 9 8 0 11
split_gain=2.85438 12.5987 12.5186 9.46221 12.5543 10.303
threshold=-0.78661891169205833 1.3662289868189041 -43.385811276759327 -0.94331137514050678 1.1655432890028841 0.17110618098984126
decision_type=2 10 10 2 10 2
left_child=1 3 -3 4 5 -1
right_child=-2 2 -4 -5 -6 -7
leaf_value=-0.0019966239533608437 0.0021261983065727127 -0.024992290164172162 0.031243835954661171 -0.020869307018225116 -0.038290704778973228 0.034699534603254652
leaf_weight=78.27978253364563 925.42220915667713 12.182348459959028 40.363585613667965 94.438875786960125 17.009846672415733 24.271572768688202
leaf_count=368 4828 78 220 462 81 106
internal_value=0.000813034 -0.00373705 0.0179827 -0.00912899 0.000240626 0.00693974
internal_weight=1191.97 266.546 52.5459 214 119.561 102.551
internal_count=6143 1315 298 1017 555 474
is_linear=0
shrinkage=0.05


Tree=125
num_leaves=7
num_cat=0
split_feature=11 5 4 7 5 4
split_gain=3.65335 6.5926 5.66551 5.49099 8.05401 9.10428
threshold=0.055394250873528068 -0.95174124390916115 0.056465118932625756 -0.36243803828370141 -0.96511274390064028 0.022577558287751102
decision_type=2 8 2 2 8 2
left_child=1 -1 -3 4 5 -2
right_child=3 2 -4 -5 -6 -7
leaf_value=-0.013801146004917534 -0.011844406773565408 0.014449558114652025 -0.0023611193858165194 -0.0039637953015205438 0.0010148729303234513 0.035162590953738714
leaf_weight=35.683674648404121 13.654176294803618 154.85252536088228 73.506520118564367 544.86668204888701 338.63400877267122 36.315049201250076
leaf_count=188 69 739 375 2903 1707 168
internal_value=0.000742011 0.00592284 0.00905167 -0.000728215 0.00380697 0.0223375
internal_weight=1197.51 264.043 228.359 933.47 388.603 49.9692
internal_count=6149 1302 1114 4847 1944 237
is_linear=0
shrinkage=0.05


Tree=126
num_leaves=7
num_cat=0
split_feature=7 0 0 9 11 0
split_gain=4.61006 9.07705 8.8139 4.75219 6.11583 4.49838
threshold=-0.9927505997980649 0.94500476058003213 0.74193342037034193 -68.0002119812073 0.091681897215088112 1.8757534046361368
decision_type=2 10 10 8 2 10
left_child=1 2 -1 4 -2 -5
right_child=3 -3 -4 5 -6 -7
leaf_value=0.021126608122155485 0.0059988105912888974 0.048669212603284856 -0.027871029565655531 0.00031947953916008676 -0.032593690704470338 -0.024808898194398816
leaf_weight=21.76151417940855 16.716334860771894 13.162847917526959 14.382131166756151 1080.823486763984 24.534351203590631 17.108257435262203
leaf_count=104 117 63 68 5450 181 121
internal_value=-7.41115e-05 0.0147387 0.00140422 -0.000727609 -0.0171827 -9.42965e-05
internal_weight=1188.49 49.3065 36.1436 1139.18 41.2507 1097.93
internal_count=6104 235 172 5869 298 5571
is_linear=0
shrinkage=0.05


Tree=127
num_leaves=7
num_cat=0
split_feature=10 10 0 10 0 10
split_gain=2.10283 5.66842 5.25775 3.2886 3.02129 3.35267
threshold=0.7086447351019185 0.72317412148846039 0.81843038365176091 0.6896812403117959 0.44525215275402502 0.58184360076110597
decision_type=2 2 10 2 8 2
left_child=3 -2 -3 4 5 -1
right_child=1 2 -4 -5 -6 -7
leaf_value=-0.015342234648993517 -0.029988653008560934 0.015977111935138601 -0.013827682526114302 0.016204323315781463 0.0015236652536512018 0.0082106690118024343
leaf_weight=53.675153711810708 19.205770514905453 28.041667580604553 29.169831141829491 34.824332039803267 1007.1490444168448 20.14845647290349
leaf_count=342 94 134 147 170 5126 111
internal_value=0.00074779 -0.00722217 0.000804362 0.0012996 0.000804905 -0.00889019
internal_weight=1192.21 76.4173 57.2115 1115.8 1080.97 73.8236
internal_count=6124 375 281 5749 5579 453
is_linear=0
shrinkage=0.05


Tree=128
num_leaves=7
num_cat=0
split_feature=7 0 5 0 8 7
split_gain=3.15505 3.51903 2.8623 6.44034 5.30542 5.22715
threshold=0.99702681066517462 0.88768506523869561 0.05341334667971883 1.2901122757588619 -0.6835516316989646 -0.90159026428466904
decision_type=2 10 10 10 2 2
left_child=2 -2 3 5 -5 -1
right_child=1 -3 -4 4 -6 -7
leaf_value=-0.012451665156595548 -0.033992560182615678 0.0010769720006623467 0.0032807433171843955 0.00096519620020667294 -0.032321038069081084 0.0016368087238754613
leaf_weight=74.719225384294987 13.095724880695345 14.402929671108721 537.80117623880506 19.923812940716743 28.778614148497581 503.52724793180823
leaf_count=379 72 76 2824 96 164 2520
internal_value=0.000206002 -0.016231 0.000607654 -0.00168691 -0.0189584 -0.000202014
internal_weight=1192.25 27.4987 1164.75 626.949 48.7024 578.246
internal_count=6131 148 5983 3159 260 2899
is_linear=0
shrinkage=0.05


Tree=129
num_leaves=7
num_cat=0
split_feature=10 0 0 7 10 11
split_gain=3.01723 2.82674 3.71462 4.58499 5.4212 5.41971
threshold=0.77117426582696835 0.27757433789137737 0.45247342111845335 -0.13052619222005171 0.29480345827959359 0.10892294644874696
decision_type=2 10 10 2 2 2
left_child=1 -1 3 4 -3 -6
right_child=-2 2 -4 -5 5 -7
leaf_value=0.020895535845313201 0.022003121502469802 -0.033519119030682769 -0.00047667000736747225 -0.029221459025596308 -0.012325180025696747 0.023080914899497131
leaf_weight=13.619610816240309 13.486454449594019 10.566204458475111 1088.718130800873 24.426079403609037 21.126584678888321 20.208049178123474
leaf_count=73 70 63 5520 199 107 103
internal_value=-0.000678115 -0.000956069 -0.00122922 -0.0118185 -0.00323061 0.0051208
internal_weight=1192.15 1178.66 1165.05 76.3269 51.9008 41.3346
internal_count=6135 6065 5992 472 273 210
is_linear=0
shrinkage=0.05


Tree=130
num_leaves=7
num_cat=0
split_feature=5 8 7 8 4 8
split_gain=2.87557 6.00291 3.85141 8.55106 6.28348 3.78416
threshold=0.92069881902991424 0.9195955058153672 0.032717136199948427 -0.81279832427823695 0.38386454775814488 -0.11969653353600833
decision_type=10 2 2 2 2 2
left_child=-1 2 4 -4 5 -2
right_child=1 -3 3 -5 -6 -7
leaf_value=-0.0013708619300738963 -0.00023535937422907561 -0.028028123820276959 0.052361480436337461 0.0079954877603116772 -0.028302243395359885 0.019776501985421524
leaf_weight=984.15349136479199 74.711130607873201 11.8366675786674 12.550811156630514 57.393481988459826 14.124547824263571 33.53058523312211
leaf_count=4960 407 74 62 325 100 181
internal_value=-0.000249605 0.00513608 0.00731176 0.0165824 0.00192124 0.0060881
internal_weight=1188.3 204.147 192.311 69.9443 122.366 108.242
internal_count=6109 1149 1075 387 688 588
is_linear=0
shrinkage=0.05


Tree=131
num_leaves=7
num_cat=0
split_feature=9 8 5 8 4 8
split_gain=2.43048 4.06616 1.92322 7.0282 5.68843 6.4119
threshold=96.010123483658575 -0.45201865172701744 0.49911568205720691 0.72236396205975539 0.38386454775814488 -0.60003553868615123
decision_type=8 2 8 2 2 2
left_child=2 -2 4 -4 -1 -6
right_child=1 -3 3 -5 5 -7
leaf_value=-0.00073500533074249486 -0.0073813694992745761 0.034025825009551418 -0.00099786891205944799 -0.022169335444144529 0.04446517349124679 0.0068243283220589387
leaf_weight=746.33452120795846 10.227990049868824 12.191885802894829 297.34783125668764 44.171577300876379 12.574166730046271 71.369794381782413
leaf_count=3682 76 69 1547 272 58 435
internal_value=-0.000322109 0.0156272 -0.00064033 -0.00379288 0.000659416 0.0129197
internal_weight=1194.22 22.4199 1171.8 341.519 830.278 83.944
internal_count=6139 145 5994 1819 4175 493
is_linear=0
shrinkage=0.05


Tree=132
num_leaves=7
num_cat=0
split_feature=0 5 4 5 4 8
split_gain=2.40684 2.00626 4.18149 3.65425 3.42358 4.9702
threshold=0.32924650355437657 2.0219463796543464 0.001443335012605703 2.2832868029295708 0.001443335012605703 0.74455857214455101
decision_type=10 8 2 10 2 2
left_child=-1 4 -3 -4 -2 -6
right_child=1 2 3 -5 5 -7
leaf_value=0.014648792725757729 0.0053832938027739826 -0.039498802753626286 -0.019480054642928027 0.013896065306150941 -3.952763005541772e-05 -0.0094826925813136231
leaf_weight=24.413591202348471 201.12724808603525 9.2140348330140096 15.054663602262737 15.787327468395231 744.89089425653219 170.40653155371547
leaf_count=140 979 59 96 142 3710 945
internal_value=-0.000573148 -0.000906865 -0.0117622 -0.0024957 -0.000507209 -0.00180605
internal_weight=1180.89 1156.48 40.056 30.842 1116.42 915.297
internal_count=6071 5931 297 238 5634 4655
is_linear=0
shrinkage=0.05


Tree=133
num_leaves=7
num_cat=0
split_feature=8 0 5 11 0 0
split_gain=3.14548 13.3637 8.81394 8.66858 7.18925 4.58786
threshold=-0.78661891169205833 1.493099977769998 1.5058505019207533 0.19389523648261234 1.8757534046361368 1.3004539054689908
decision_type=2 10 10 2 10 10
left_child=1 2 3 -1 -3 -2
right_child=5 4 -4 -5 -6 -7
leaf_value=-0.016672467185247224 0.0015290377987767234 0.035555609414635425 0.02475285207699025 0.013957012019101303 -0.013133010048062678 -0.0097377112393045671
leaf_weight=188.84467257559299 829.16542092896998 26.006779480725527 15.763885423541067 25.53178545832634 9.9330248460173589 100.39129082113504
leaf_count=900 4208 135 84 117 81 633
internal_value=-0.00107069 -0.00585316 -0.0102964 -0.0129767 0.0221078 0.000303082
internal_weight=1195.64 266.08 230.14 214.376 35.9398 929.557
internal_count=6158 1317 1101 1017 216 4841
is_linear=0
shrinkage=0.05


Tree=134
num_leaves=7
num_cat=0
split_feature=8 7 10 5 8 10
split_gain=3.31722 10.2598 7.98984 5.73923 7.18444 8.04158
threshold=0.45201865172701733 -0.39271506111191307 0.62732818085228381 -0.65806136717452934 -0.3725607353243956 0.65997634339342137
decision_type=2 2 2 10 2 2
left_child=3 -2 -3 4 5 -1
right_child=1 2 -4 -5 -6 -7
leaf_value=-0.0075868133725126383 0.014208179453290044 0.0019957608642090672 -0.020043295240199363 0.0001174960403834213 -0.020690750194812424 0.034297895790543036
leaf_weight=52.165241442620754 145.01769177243114 206.37867451645434 50.313933249562979 628.99818318709731 81.131322018802166 13.610379129648207
leaf_count=268 683 1171 282 3186 429 64
internal_value=-5.73235e-05 0.00362549 -0.0023851 -0.00196625 -0.0108285 0.00146387
internal_weight=1177.62 401.71 256.693 775.905 146.907 65.7756
internal_count=6083 2136 1453 3947 761 332
is_linear=0
shrinkage=0.05


Tree=135
num_leaves=7
num_cat=0
split_feature=7 0 9 0 10 0
split_gain=3.68148 8.59544 6.81363 6.24884 6.86658 5.30759
threshold=-0.97381903846659723 0.93334675802273093 -3.9093628297104384 0.79334787158008713 0.52379561501207383 0.63386309527298068
decision_type=2 10 10 10 2 10
left_child=1 3 -3 4 -1 -6
right_child=-2 2 -4 -5 5 -7
leaf_value=-0.015680096373810262 -0.00076230610145309801 0.0056594127124890746 0.054489191603713551 -0.025648943342685096 -0.0013544259261971487 0.041584934660478905
leaf_weight=16.938105545938015 1083.6161021515727 13.587715949863197 14.692576736211775 17.152726195752621 12.275530237704517 16.186262436211109
leaf_count=86 5615 65 72 82 62 74
internal_value=5.16089e-05 0.009664 0.0320227 -0.000789276 0.00895342 0.0236479
internal_weight=1174.45 90.8329 28.2803 62.5526 45.3999 28.4618
internal_count=6056 441 137 304 222 136
is_linear=0
shrinkage=0.05


Tree=136
num_leaves=7
num_cat=0
split_feature=0 0 7 5 9 11
split_gain=3.5141 4.53811 3.72056 3.34927 3.40835 4.95074
threshold=0.32924650355437657 0.4288612422894299 -0.31107263240371763 2.3858519209537437 66.78034985799998 0.12213010656860297
decision_type=10 10 2 8 10 2
left_child=2 -2 -1 4 -3 -6
right_child=1 3 -4 -5 5 -7
leaf_value=0.036089699751520356 -0.016263685215640113 -0.00082134935927493942 -0.002857889094138586 -0.019420515231336491 0.028047029378913318 -0.0058146477271990597
leaf_weight=12.045341596007349 47.597342427819967 1052.7751390114427 11.313023738563059 22.282617870718241 23.913819633424282 18.533188372850418
leaf_count=57 299 5262 76 186 132 105
internal_value=-0.000914075 -0.00130595 0.0178835 -0.00065489 -0.000255731 0.0134688
internal_weight=1188.46 1165.1 23.3584 1117.5 1095.22 42.447
internal_count=6117 5984 133 5685 5499 237
is_linear=0
shrinkage=0.05


Tree=137
num_leaves=7
num_cat=0
split_feature=9 7 7 5 7 0
split_gain=2.7829 6.20903 5.14114 6.73026 3.57943 4.91568
threshold=-64.740111538670305 -0.86046863722869249 0.60003553868615167 1.2904562422839898 -0.90159026428466904 0.64147482571690351
decision_type=10 2 2 10 2 10
left_child=1 -1 3 -3 5 -2
right_child=4 2 -4 -5 -6 -7
leaf_value=0.024154746479589258 -0.022517918665963841 -0.045468628107604249 0.0082603870080018849 0.0036591721499846818 0.0003951710698848937 -0.002618114303128422
leaf_weight=8.6430433467030507 40.210651323199272 21.673045217990879 11.142560027539728 9.8632876761257631 964.16274714283645 127.01292913407087
leaf_count=58 210 128 78 88 4931 614
internal_value=-0.00130071 -0.0125747 -0.0203956 -0.0304632 -0.000778644 -0.00750864
internal_weight=1182.71 51.3219 42.6789 31.5363 1131.39 167.224
internal_count=6107 352 294 216 5755 824
is_linear=0
shrinkage=0.05


Tree=138
num_leaves=7
num_cat=0
split_feature=10 3 5 5 0 11
split_gain=2.6101 3.36511 3.01374 3.78657 5.06043 2.88018
threshold=0.76105645035152203 1.0000000180025095e-35 -1.4802780444664003 -1.7395612195547938 0.77844067664190975 0.24717511730593797
decision_type=2 10 8 10 10 2
left_child=1 2 3 4 -1 -4
right_child=-2 -3 5 -5 -6 -7
leaf_value=-0.01269300753690949 0.019991200397733007 -0.025976751599955591 0.0011857274431405487 -0.023740852936705487 0.026721275691317353 -0.013172178853833823
leaf_weight=22.91703299805522 15.249002903699873 11.513311043381689 1052.2044761553407 28.171737223863602 11.348995566368101 35.128992721438408
leaf_count=127 78 83 5358 157 62 205
internal_value=9.04753e-05 -0.000187819 9.27689e-05 -0.010501 0.000748648 0.000710183
internal_weight=1176.53 1161.28 1149.77 62.4378 34.266 1087.33
internal_count=6070 5992 5909 346 189 5563
is_linear=0
shrinkage=0.05


Tree=139
num_leaves=7
num_cat=0
split_feature=2 0 11 0 5 5
split_gain=3.19072 2.23304 6.02629 4.13716 4.24862 2.83749
threshold=0.023188868262288189 1.8757534046361368 0.11478810824548404 1.7683809689022296 2.3858519209537437 1.4126296721528429
decision_type=10 10 2 8 8 8
left_child=1 3 5 4 -1 -3
right_child=-2 2 -4 -5 -6 -7
leaf_value=0.0023612800841327705 -0.022892575320282056 -0.014552262014177704 -0.04443442132122026 0.026953755116011835 -0.021264539304012935 0.026223474949326194
leaf_weight=1116.4418976530433 12.0096153691411 7.5747325904667395 8.390835624188183 15.811501380056141 18.36568284034729 7.5783652998507023
leaf_count=5621 87 50 68 89 139 72
internal_value=0.00173942 0.00201063 -0.0129198 0.00232709 0.00196054 0.00620146
internal_weight=1186.17 1174.16 23.5439 1150.62 1134.81 15.1531
internal_count=6126 6039 190 5849 5760 122
is_linear=0
shrinkage=0.05


Tree=140
num_leaves=7
num_cat=0
split_feature=10 8 0 0 8 0
split_gain=2.84127 6.89525 3.65575 7.91214 5.05079 3.74794
threshold=0.36214687732766043 -0.96298784033749818 0.48508189371167226 0.57246495186986956 0.65106671239330416 0.6650032176899846
decision_type=2 2 10 10 2 10
left_child=1 -1 4 -4 -3 -5
right_child=-2 2 3 5 -6 -7
leaf_value=0.024598187040941188 0.0024225081292453877 -0.0014523626998675357 0.030690037699903444 -0.035810069017845197 -0.044259085594185947 -0.0057211945939767608
leaf_weight=16.725272335112095 1037.6482624430209 12.770567342638971 13.085773713886736 10.85006609559059 14.147368740290402 87.144523836672306
leaf_count=80 5278 92 67 55 86 479
internal_value=0.00147932 -0.00482104 -0.00853794 -0.00442853 -0.0247299 -0.00938075
internal_weight=1192.37 154.724 137.998 111.08 26.9179 97.9946
internal_count=6137 859 779 601 178 534
is_linear=0
shrinkage=0.05


Tree=141
num_leaves=7
num_cat=0
split_feature=7 10 0 7 5 8
split_gain=4.64557 7.05625 3.53276 2.75056 2.47747 7.54935
threshold=-0.98658463173998423 0.65486981833918001 1.0169628994109836 -0.99512551815703243 2.3858519209537437 0.38268343236508956
decision_type=2 2 10 2 8 2
left_child=1 2 3 -1 -2 -6
right_child=4 -3 -4 -5 5 -7
leaf_value=-0.017695979136203743 -0.0004529499434878199 0.038534946780180851 0.02213462608506379 0.0095367664939670325 -0.031788794062109209 0.024849833235884185
leaf_weight=20.209970310330387 1100.0861577838659 17.925311803817749 15.21082793921232 15.617940597236158 19.176691919565204 7.4518889039754859
leaf_count=99 5621 81 72 77 162 48
internal_value=-4.91735e-05 0.0124529 0.00272818 -0.00588819 -0.000824767 -0.015613
internal_weight=1195.68 68.9641 51.0387 35.8279 1126.71 26.6286
internal_count=6160 329 248 176 5831 210
is_linear=0
shrinkage=0.05


Tree=142
num_leaves=7
num_cat=0
split_feature=7 10 7 0 0 9
split_gain=2.62894 4.65567 2.36894 6.47792 5.35241 7.59671
threshold=-0.99512551815703243 0.59639098773126864 -0.91959550581536686 0.76897488799747726 1.0388563684106271 16.751039669804516
decision_type=2 2 2 10 10 8
left_child=1 -1 3 -2 5 -5
right_child=2 -3 -4 4 -6 -7
leaf_value=-0.0018744509897006198 -0.019533716052339493 0.032685361794432571 0.00040866424904402465 0.00040776665946830912 -0.013708500045273162 0.046699353100661166
leaf_weight=22.924697984009981 54.748861007392406 15.820912003517149 1026.6190963890404 28.531835101544857 26.357907515019178 11.867619626224039
leaf_count=111 280 71 5323 138 141 57
internal_value=6.21586e-05 0.0127046 -0.000375168 -0.00694713 0.00351129 0.0148058
internal_weight=1186.87 38.7456 1148.13 121.506 66.7574 40.3995
internal_count=6121 182 5939 616 336 195
is_linear=0
shrinkage=0.05


Tree=143
num_leaves=7
num_cat=0
split_feature=0 7 10 5 5 0
split_gain=3.89537 3.2354 5.95954 3.04625 5.64289 3.34734
threshold=0.44525215275402502 -0.13052619222005171 0.58184360076110597 -1.4802780444664003 -1.8466261008424716 0.73513632683908703
decision_type=8 2 2 10 8 10
left_child=1 2 -1 4 -2 -5
right_child=3 -3 -4 5 -6 -7
leaf_value=-0.015738509115371748 0.010161330096709211 -0.024469801152714101 0.019678196889738726 0.0060064179109868927 -0.021098458833315552 -0.00022806922858164449
leaf_weight=31.886148877441883 21.872201912105083 26.461933771148324 17.61058048158884 301.40386443585157 38.872609652578831 747.19691418856382
leaf_count=179 117 223 83 1466 214 3835
internal_value=0.000180005 -0.0106985 -0.00299735 0.00093384 -0.00986056 0.00156795
internal_weight=1185.3 75.9587 49.4967 1109.35 60.7448 1048.6
internal_count=6117 485 262 5632 331 5301
is_linear=0
shrinkage=0.05


Tree=144
num_leaves=7
num_cat=0
split_feature=8 0 0 7 5 5
split_gain=2.57094 2.03389 4.31263 4.26442 3.68784 1.48962
threshold=0.99845357241023069 1.8757534046361368 1.8081738120269939 -0.49049438445969368 2.3858519209537437 1.2675968057222595
decision_type=2 10 8 2 8 10
left_child=1 2 4 -3 5 -1
right_child=-2 3 -4 -5 -6 -7
leaf_value=0.00038734070140514887 -0.020047387530583712 -0.036029213039810382 0.029903468581202505 0.0064654215498268289 -0.021494151927951604 0.0070609692547115343
leaf_weight=1020.6545844376087 14.283110424876211 10.336127221584322 11.667504280805586 11.787829011678694 17.635456454008818 90.093421436846256
leaf_count=5104 104 81 61 104 138 480
internal_value=0.000327014 0.000594435 0.000891446 -0.0140873 0.000565249 0.000934507
internal_weight=1176.46 1162.17 1140.05 22.124 1128.38 1110.75
internal_count=6072 5968 5783 185 5722 5584
is_linear=0
shrinkage=0.05


Tree=145
num_leaves=7
num_cat=0
split_feature=8 9 9 8 10 4
split_gain=3.15043 4.97543 5.53904 2.80406 4.30325 6.46979
threshold=0.98279651670771939 15.214286203759643 -5.5251511989418125 -0.86046863722869238 0.52750194012466711 0.012599071030236922
decision_type=2 10 10 2 2 2
left_child=3 2 -2 4 -1 -6
right_child=1 -3 -4 -5 5 -7
leaf_value=0.0021800069519279041 -0.0026356098485479213 0.013833383639893983 -0.039314048690636788 0.0014491055566670209 -0.00099638900121110335 -0.02575144544039016
leaf_weight=106.62013369426131 21.220450192689896 13.232949346303938 19.276135290041566 914.97682896628976 59.549219608306885 46.525725957006216
leaf_count=529 126 90 126 4731 289 216
internal_value=-0.000322258 -0.0120376 -0.020621 0.000246106 -0.00491155 -0.0119933
internal_weight=1181.4 53.7295 40.4966 1127.67 212.695 106.075
internal_count=6107 342 252 5765 1034 505
is_linear=0
shrinkage=0.05


Tree=146
num_leaves=7
num_cat=0
split_feature=5 11 10 9 7 7
split_gain=2.91769 3.80638 2.91823 2.28065 5.86068 7.84084
threshold=-1.6811732680009426 0.15860687095937095 0.53511342193149358 -61.653907436642889 0.60003553868615167 -0.86046863722869249
decision_type=10 2 2 10 2 2
left_child=1 2 -1 4 5 -2
right_child=3 -3 -4 -5 -6 -7
leaf_value=-0.020007788581457846 0.021274074933527967 -0.037018933828657105 0.0076609159224432267 -0.00040711910374961827 0.021062062233313344 -0.029509345119264858
leaf_weight=16.497646868228912 8.877489432692526 11.647327058017252 20.082616068422794 1092.2755892630666 10.654813084751366 34.692594066262245
leaf_count=95 58 67 105 5525 77 237
internal_value=-0.00142132 -0.0133415 -0.00501798 -0.000908714 -0.0108222 -0.018917
internal_weight=1194.73 48.2276 36.5803 1146.5 54.2249 43.5701
internal_count=6164 267 200 5897 372 295
is_linear=0
shrinkage=0.05


Tree=147
num_leaves=7
num_cat=0
split_feature=8 0 0 4 0 5
split_gain=4.29787 8.72146 11.7949 6.85499 7.18842 4.83828
threshold=-0.78661891169205833 0.57693960541635403 0.94986614864119645 0.0030555402456639283 1.6510201215608631 0.71818865816657085
decision_type=2 10 10 2 10 10
left_child=1 -1 5 -4 -5 -3
right_child=-2 2 3 4 -6 -7
leaf_value=0.02641880478787987 0.0015375481307266221 -0.025362684555603546 0.028382051434682157 -0.0083928490620959958 0.025926155334508906 0.0032516869017128153
leaf_weight=18.563420571386814 916.30295176617801 88.860822424292564 19.228989895433187 98.466040711849928 17.034636948257685 17.42582494020462
leaf_count=93 4779 425 103 477 113 79
internal_value=-7.22684e-05 -0.00573893 -0.00831469 0.00152439 -0.00315221 -0.0206847
internal_weight=1175.88 259.58 241.016 134.73 115.501 106.287
internal_count=6069 1290 1197 693 590 504
is_linear=0
shrinkage=0.05


Tree=148
num_leaves=7
num_cat=0
split_feature=4 8 0 0 8 8
split_gain=2.23764 4.66375 6.69053 9.42812 7.79476 7.63006
threshold=0.013693981322970113 0.9195955058153672 0.75278950770437725 0.69254107210755134 0.51877325816052144 -0.23768589232617329
decision_type=2 2 10 8 2 2
left_child=-1 2 3 5 -4 -2
right_child=1 -3 4 -5 -6 -7
leaf_value=-0.0022394378195488159 0.024831367097338977 -0.010995344325152895 -0.0033976513003039217 0.032367552065697462 0.017936738793661904 -2.8909502399079563e-05
leaf_weight=535.62384778261185 38.634913146495819 60.435063051059842 324.07992265000939 39.05620239675045 48.308587025851011 139.46673700213432
leaf_count=2746 187 394 1670 182 233 698
internal_value=0.000151138 0.00212153 0.0034825 0.0104358 -0.000589394 0.00547247
internal_weight=1185.61 649.981 589.546 217.158 372.389 178.102
internal_count=6110 3364 2970 1067 1903 885
is_linear=0
shrinkage=0.05


Tree=149
num_leaves=7
num_cat=0
split_feature=7 9 9 4 5 7
split_gain=2.15678 6.61799 11.2 8.04505 6.09016 5.02824
threshold=-0.97381903846659723 -3.9093628297104384 -41.359001206417993 0.0018532788409810444 -0.14882332521537947 -0.90159026428466904
decision_type=2 10 10 2 10 2
left_child=1 2 -1 -3 -5 -2
right_child=5 3 -4 4 -6 -7
leaf_value=0.032510242627948681 -0.012767438373280069 -0.011463593224663601 -0.022483684654078545 0.0024316077640005752 0.045124634898285228 0.00028722545927081593
leaf_weight=11.915560152381657 78.58485309407115 14.947216738015412 31.9012101739645 12.55170765519142 24.700405545532703 1007.3957032598555
leaf_count=62 410 74 150 62 115 5236
internal_value=-3.08106e-05 0.00711231 -0.00713689 0.0189826 0.0311793 -0.000668326
internal_weight=1182 96.0161 43.8168 52.1993 37.2521 1085.98
internal_count=6109 463 212 251 177 5646
is_linear=0
shrinkage=0.05


end of trees

feature_importances:
rv_ratio=171
hour_sin=125
hour_cos=116
volume_z=103
funding_proximity=97
ret_12=97
p_up=90
conf=72
hawkes_liq_long=22
side=4
hawkes_liq_short=3

parameters:
[boosting: gbdt]
[objective: binary]
[metric: binary_logloss]
[tree_learner: serial]
[device_type: cpu]
[data_sample_strategy: bagging]
[data: ]
[valid: ]
[num_iterations: 150]
[learning_rate: 0.05]
[num_leaves: 7]
[num_threads: 2]
[seed: 7]
[deterministic: 1]
[force_col_wise: 0]
[force_row_wise: 1]
[histogram_pool_size: -1]
[max_depth: -1]
[min_data_in_leaf: 60]
[min_sum_hessian_in_leaf: 0.001]
[bagging_fraction: 0.8]
[pos_bagging_fraction: 1]
[neg_bagging_fraction: 1]
[bagging_freq: 1]
[bagging_seed: 17422]
[bagging_by_query: 0]
[feature_fraction: 0.8]
[feature_fraction_bynode: 1]
[feature_fraction_seed: 7040]
[extra_trees: 0]
[extra_seed: 6516]
[early_stopping_round: 0]
[early_stopping_min_delta: 0]
[first_metric_only: 0]
[max_delta_step: 0]
[lambda_l1: 0]
[lambda_l2: 1]
[linear_lambda: 0]
[min_gain_to_split: 0]
[drop_rate: 0.1]
[max_drop: 50]
[skip_drop: 0.5]
[xgboost_dart_mode: 0]
[uniform_drop: 0]
[drop_seed: 15215]
[top_rate: 0.2]
[other_rate: 0.1]
[min_data_per_group: 100]
[max_cat_threshold: 32]
[cat_l2: 10]
[cat_smooth: 10]
[max_cat_to_onehot: 4]
[top_k: 20]
[monotone_constraints: ]
[monotone_constraints_method: basic]
[monotone_penalty: 0]
[feature_contri: ]
[forcedsplits_filename: ]
[refit_decay_rate: 0.9]
[cegb_tradeoff: 1]
[cegb_penalty_split: 0]
[cegb_penalty_feature_lazy: ]
[cegb_penalty_feature_coupled: ]
[path_smooth: 0]
[interaction_constraints: ]
[verbosity: -1]
[saved_feature_importance_type: 0]
[use_quantized_grad: 0]
[num_grad_quant_bins: 4]
[quant_train_renew_leaf: 0]
[stochastic_rounding: 1]
[linear_tree: 0]
[max_bin: 255]
[max_bin_by_feature: ]
[min_data_in_bin: 3]
[bin_construct_sample_cnt: 200000]
[data_random_seed: 61]
[is_enable_sparse: 1]
[enable_bundle: 1]
[use_missing: 1]
[zero_as_missing: 0]
[feature_pre_filter: 1]
[pre_partition: 0]
[two_round: 0]
[header: 0]
[label_column: ]
[weight_column: ]
[group_column: ]
[ignore_column: ]
[categorical_feature: ]
[forcedbins_filename: ]
[precise_float_parser: 0]
[parser_config_file: ]
[objective_seed: 15521]
[num_class: 1]
[is_unbalance: 0]
[scale_pos_weight: 1]
[sigmoid: 1]
[boost_from_average: 1]
[reg_sqrt: 0]
[alpha: 0.9]
[fair_c: 1]
[poisson_max_delta_step: 0.7]
[tweedie_variance_power: 1.5]
[lambdarank_truncation_level: 30]
[lambdarank_norm: 1]
[label_gain: ]
[lambdarank_position_bias_regularization: 0]
[eval_at: ]
[multi_error_top_k: 1]
[auc_mu_weights: ]
[num_machines: 1]
[local_listen_port: 12400]
[time_out: 120]
[machine_list_filename: ]
[machines: ]
[gpu_platform_id: -1]
[gpu_device_id: -1]
[gpu_device_id_list: ]
[gpu_use_dp: 0]
[num_gpu: 1]

end of parameters

pandas_categorical:[]
