tree
version=v4
num_class=1
num_tree_per_iteration=1
label_index=0
max_feature_idx=34
objective=binary sigmoid:1
feature_names=ofi_trade ofi_trade_ema ofi_book depth_imbalance depth_persist cancel_rate iceberg_score spread_bps dex_intent gas_urgency_z hawkes_liq_long hawkes_liq_short hawkes_liq_imb funding_z basis_bps oi_chg oi_price_div stable_netflow_z stable_mint_burn leadlag_cb leadlag_kr leadlag_okx venue_premium_z leadlag_corr xv_kalman_z btc_fee_z ret_1 ret_3 ret_12 rv_ratio volume_z hour_sin hour_cos funding_proximity event_proximity
feature_infos=[-0.92211856976581974:0.93565736167986457] [-0.68677191723399422:0.58662286037892875] none none none none none none none none none none none [-6.925345045526341:5.1178696259657075] [-10.523897399410398:-1.0751890849769463] [-0.027616204603983618:0.022422067593279138] [-0.027616204603983618:0.022422067593279138] none none [-4.0027376503548595:5.2830048965457621] [-5.4517663086350865:5.2782348283564318] [-4.5111037039724522:4.0438145953025639] [-4.2128634457017657:4.8888401792743634] [-0.29309025238969899:0.36620804868735235] [-0.0084602318444755801:0.99208064250366679] none [-185.28938000696547:225.85623157898914] [-294.64287428004002:409.032833330345] [-333.96904440287756:535.94220793085515] [0.14993636886953407:2.520397902550406] [-3.3674788778683173:5.7217884294283445] [-1:1] [-1:1] [0.00036461568873027322:1] none
tree_sizes=1758 1765 1766 1773 1773 1776 1773 1769 1772 1766 1779 1767 1768 1771 1767 1762 1769 1770 1765 1774 1774 1770 1767 1773 1755 1765 1775 1763 1777 1778 1771 1764 1774 1771 1776 1773 1779 1772 1769 1767 1779 1765 1785 1770 1770 1780 1772 1772 1784 1767 1773 1763 1765 1778 1756 1764 1772 1772 1780 1779 1781 1771 1757 1767 1764 1771 1765 1764 1776 1773 1765 1781 1771 1766 1778 1770 1765 1776 1765 1757 1771 1779 1761 1759 1770 1775 1761 1772 1760 1758 1778 1758 1761 1762 1775 1775 1768 1754 1753 1768 1769 1780 1771 1785 1776 1760 1767 1773 1764 1785 1769 1770 1776 1779 1774 1769 1759 1770 1782 1772 1776 1769 1769 1762 1768 1771 1781 1759 1768 1777 1753 1759 1778 1774 1780 1762 1767 1778 1762 1780 1791 1780 1763 1761 1765 1772 1778 1771 1777 1778 1766 1772 1776 1766 1770 1763 1766 1772 1771 1760 1780 1776 1772 1775 1762 1770 1770 1756 1780 1763 1777 1770 1783 1787 1778 1760 1777 1779 1761 1770 1769 1756 1769 1769 1772 1780 1760 1764 1762 1770 1767 1770 1765 1763 1768 1786 1766 1780 1769 1759 1759 1768 1760 1759 1778 1764 1775 1758 1760 1770 1774 1760 1784 1771 1774 1770 1774 1777 1770 1768 1769 1769 1773 1771 1760 1763 1768 1765 1776 1786 1767 1780 1770 1773 1774 1764 1783 1764 1783 1772 1760 1769 1780 1758 1769 1760 1770 1763 1765 1767

Tree=0
num_leaves=15
num_cat=0
split_feature=33 13 33 13 13 22 13 13 13 31 13 33 13 31
split_gain=27.3003 32.2138 26.1948 30.396 50.0164 26.6239 28.1713 43.5969 32.6297 20.3084 20.2982 19.6913 19.5533 18.4896
threshold=0.14121587531479476 1.421300099785735 0.028990158688221381 -1.3609952845775279 1.0000000180025095e-35 0.72908789709975863 -0.1472540367663823 0.82133055581122427 -1.3609952845775279 -0.69930991848440838 0.014541755546337047 0.00087542693738207908 -1.1266327272672065 0.83743052905771564
decision_type=2 8 2 10 10 8 10 10 10 2 10 2 10 2
left_child=1 2 3 -1 -5 -4 8 -8 -7 -10 -6 -3 -2 -13
right_child=12 11 5 4 10 6 7 -9 9 -11 -12 13 -14 -15
leaf_value=0.02588912187346926 -0.0049065353236002725 0.016476362513277724 0.025958620854610169 -0.0011725739514372767 0.043637234964767027 -0.022418962019233137 -0.026022859983392474 0.011550721305939222 -0.014853526628488867 0.020221101215815204 0.012904160393886071 -0.020929387703646534 0.016379604121814238 0.0084368713115390761
leaf_weight=82.493838645517826 43.55666495859623 21.319294534623623 27.006970182061195 356.80774672329426 19.597548868507147 28.252451851963997 90.262225158512592 39.607402667403221 17.331184901297092 78.61571653932333 336.92454795539379 87.889519661664963 309.01760411635041 24.476531095802784
leaf_count=379 237 98 113 1502 84 128 385 169 73 347 1417 390 1490 112
internal_value=0.00639106 0.00425069 0.00598104 0.00876268 0.00675755 -0.00187525 -0.00489904 -0.0146119 0.00534384 0.0137317 0.014693 -0.00958159 0.0137254 -0.0145709
internal_weight=1563.16 1210.58 1076.9 795.824 713.33 281.076 254.069 129.87 124.199 95.9469 356.522 133.685 352.574 112.366
internal_count=6924 5197 4597 3382 3003 1215 1102 554 548 420 1501 600 1727 502
is_linear=0
shrinkage=1


Tree=1
num_leaves=15
num_cat=0
split_feature=33 33 14 29 15 27 31 29 30 29 1 0 30 26
split_gain=34.7506 20.1137 28.3944 21.2054 22.989 21.3533 17.823 11.9413 11.2937 9.42168 9.09985 8.8821 8.13553 12.743
threshold=0.14121587531479476 0.019111490483233937 -3.3934403410462717 0.45586251366986696 0.00069307297226117736 -6.9031962880172761 -0.54643492068321342 1.4016967314582154 0.16181817978013174 0.4222231662381169 0.085525131420418316 0.35694686827076599 -0.040170996671962556 -11.440368441735236
decision_type=2 2 8 10 10 10 2 10 10 10 2 2 10 10
left_child=1 3 8 -1 5 7 10 12 -3 -8 -4 -2 -5 -14
right_child=11 2 6 4 -6 -7 9 -9 -10 -11 -12 -13 13 -15
leaf_value=-0.017819047912387011 0.010022663980766804 0.019886086451440799 -0.026565398289482924 0.018759178703703208 -0.026851736605503468 -0.00084999828730067048 0.016957619118152356 -0.0090801313559371391 -0.006905729044880707 -0.0081413164552865177 -0.0053663917995626529 -0.0053419311264258475 0.019938247520595649 -0.0012213782004282592
leaf_weight=52.692419201135635 314.10395551845431 40.451478645205498 78.324086286127567 98.290937602519989 23.570694677531719 497.78876848146319 13.412341251969336 25.131776493042707 20.878757901489735 220.006845921278 24.42688374966383 37.31219445541501 40.091347467154264 67.72965469956398
leaf_count=221 1524 166 337 402 107 2112 56 136 92 962 106 200 180 283
internal_value=9.53712e-05 -0.00233029 -0.00784289 0.000397122 0.00169445 0.00265291 -0.0112662 0.0101647 0.0108008 -0.00663294 -0.0216261 0.00838077 0.0125438 0.00675738
internal_weight=1554.21 1202.8 397.5 805.296 752.603 729.032 336.17 231.244 61.3302 233.419 102.751 351.416 206.112 107.821
internal_count=6884 5160 1719 3441 3220 3113 1461 1001 258 1018 443 1724 865 463
is_linear=0
shrinkage=0.03


Tree=2
num_leaves=15
num_cat=0
split_feature=33 33 19 29 31 28 27 29 19 1 28 32 1 32
split_gain=24.5844 19.7959 30.7036 26.1465 20.6185 19.9681 17.7966 17.4781 15.4752 14.4854 11.1768 10.5948 9.61427 9.31972
threshold=0.16682684476506957 0.019111490483233937 1.5728033975070945 0.45586251366986696 -0.56457333468532422 7.3359655991556147 -12.276429926418862 0.4222231662381169 -0.074163514196534649 0.085525131420418316 7.3359655991556147 0.22706275313213803 -0.26739615047710102 0.16288578192842365
decision_type=2 2 8 10 2 10 10 10 8 2 10 2 2 2
left_child=1 3 5 -1 9 11 12 -6 -8 -4 -10 -3 -5 -9
right_child=-2 2 4 6 7 -7 8 13 10 -11 -12 -13 -14 -15
leaf_value=-0.019023867308835939 0.0075392016292584697 0.0093618098507234158 -0.029053124050255293 -0.0080005033206708501 0.021456792781546354 -0.0090785462133826447 -0.015460305791336539 -0.012594808905167254 0.0055567464887290906 -0.00094095493421091764 -0.0029846263040733457 0.03900917408998468 0.01433871157903314 -0.00034605740366465567
leaf_weight=53.63359360396862 323.90578510612249 24.5781609416008 71.348281554877758 19.219094946980476 18.140500046312809 27.364230915904045 51.321191776543856 159.94487914070487 297.1463315077126 21.457041252404451 255.62543986365199 19.708658844232559 135.06649677455425 85.750957909971476
leaf_count=225 1587 102 304 99 77 117 220 713 1237 93 1102 83 583 368
internal_value=0.000192717 -0.00173035 -0.00694093 0.00102311 -0.0105398 0.0108709 0.00246405 -0.00621666 0.000135336 -0.0226328 0.00160859 0.0231256 0.0115224 -0.00833857
internal_weight=1564.21 1240.3 428.293 812.012 356.642 71.6511 758.379 263.836 604.093 92.8053 552.772 44.2868 154.286 245.696
internal_count=6910 5323 1857 3466 1555 302 3241 1158 2559 397 2339 185 682 1081
is_linear=0
shrinkage=0.03


Tree=3
num_leaves=15
num_cat=0
split_feature=33 13 29 13 13 28 13 13 13 33 13 13 29 19
split_gain=24.9547 33.5037 22.1705 24.4497 22.1328 21.8413 29.4059 21.2715 18.4231 16.1504 24.7361 17.0412 15.4649 14.9037
threshold=0.14121587531479476 1.421300099785735 0.58048056193710862 3.1350948948233719 2.0888243718068766 -1.7661391143741765 0.88970192208217724 0.64678223456562589 1.0766977612173159 0.028990158688221381 1.0000000180025095e-35 -0.14340630110430261 0.41576657824288715 -0.036959796223534618
decision_type=2 10 10 10 10 8 8 10 8 2 10 8 10 10
left_child=1 5 -3 -4 8 6 7 13 -2 10 11 -7 -11 -1
right_child=4 2 3 -5 -6 9 -8 -9 -10 12 -12 -13 -14 -15
leaf_value=0.0014193509895034419 0.0065883600118185181 -0.047679443350988733 -0.022013513765984809 0.0096272152156735083 0.033404084293732671 -0.0060579810713489776 0.024086422733756777 -0.018024273535006047 -0.016896240492760662 0.015263335250974631 0.0053801053903555999 -0.032542926884370167 -0.016754423116939698 0.022194335094525897
leaf_weight=362.89670822396874 295.74899103119969 17.999439634382725 68.629075676202774 31.427751190960407 24.22894798964262 198.77487060427666 54.580008275806904 46.581996276974678 32.492406006902456 14.322497174143789 206.14279666170478 23.697316244244576 133.51470284163952 33.008572939783335
leaf_count=1549 1429 87 299 151 133 850 228 194 162 58 881 98 581 140
internal_value=-0.00068703 -0.00276162 -0.0178611 -0.0120783 0.00631437 -0.00108603 0.00351837 0.000932753 0.00421938 -0.00505557 -0.00209375 -0.00901211 -0.0135708 0.00320302
internal_weight=1544.05 1191.58 118.056 100.057 352.47 1073.52 497.067 442.487 328.241 576.452 428.615 222.472 147.837 395.905
internal_count=6840 5116 537 450 1724 4579 2111 1883 1591 2468 1829 948 639 1689
is_linear=0
shrinkage=0.03


Tree=4
num_leaves=15
num_cat=0
split_feature=33 28 33 29 27 29 29 33 14 21 31 31 29 24
split_gain=30.0564 27.7865 16.159 15.17 15.5403 15.1593 14.052 12.5837 14.6847 10.5362 12.6594 10.5026 10.9686 9.87954
threshold=0.19708263020873559 -5.7860713193091931 0.02667223358031583 0.45586251366986696 -1.5915985961312271 0.38439550055520683 1.0136570439680062 0.0008054316641544361 -4.8003687275682818 -0.36841778864538094 -0.56457333468532422 0.88186879444286481 1.3107176662683344 -2.6969748865186085e-05
decision_type=2 8 2 10 10 10 10 2 8 10 2 2 8 10
left_child=1 7 3 -3 6 -4 -5 -1 -9 10 -7 12 -10 -6
right_child=-2 2 5 4 13 9 -8 8 11 -11 -12 -13 -14 -15
leaf_value=0.016099014470297737 0.0088176019910057545 -0.021011125159882869 0.014651667902131226 0.012773574884151156 -0.0033979997832566224 -0.031890806961487307 -0.0050539516042516332 0.02373570625736578 0.00084529319883419412 0.0026236069548066314 -0.012730753336470396 0.013010096714894857 -0.013078864035458293 -0.021011907944799672
leaf_weight=60.762768976390362 285.47391382604837 36.890843391418457 16.660865128040314 104.79378597438335 295.76711934059858 39.794557526707649 63.08111546933651 24.667846854776144 328.89910325780511 28.011368907988071 143.6822816580534 51.310042828321457 59.220985788851976 30.826219797134399
leaf_count=263 1416 154 69 429 1274 170 269 106 1383 119 646 216 304 131
internal_value=3.02981e-05 -0.00192818 -0.00559334 -0.00271578 -0.00131117 -0.0122541 0.0060844 0.00337611 0.00167931 -0.0144327 -0.0170368 0.000390069 -0.00130746 -0.00511959
internal_weight=1569.84 1284.37 759.508 531.359 494.468 228.149 167.875 524.861 464.098 211.488 183.477 439.43 388.12 326.593
internal_count=6949 5533 3261 2257 2103 1004 698 2272 2009 935 816 1903 1687 1405
is_linear=0
shrinkage=0.03


Tree=5
num_leaves=15
num_cat=0
split_feature=33 27 33 32 22 29 33 31 32 29 26 32 32 31
split_gain=21.7221 15.7012 13.2256 12.5727 15.2821 20.1897 13.7388 12.5091 8.93359 8.90187 8.42076 9.53723 9.47498 21.2926
threshold=0.16682684476506957 -17.437118236403034 0.00057711700589420606 -0.91959550581536675 -0.08545797136372224 0.73175526253937406 0.0054755336985943944 0.098011308799811389 -0.54643492068321275 1.4456824298305579 -13.916424533024772 0.95688340256707793 0.52803643325367278 -0.65106671239330405
decision_type=2 8 2 2 10 10 2 2 2 8 10 2 2 2
left_child=1 9 8 7 10 -6 -7 -4 -3 -1 -5 12 -12 -14
right_child=-2 2 3 4 5 6 -8 -9 -10 -11 11 -13 13 -15
leaf_value=0.0091058068059557355 0.0066550393316245375 0.025119697897966867 -0.0038544129593120918 -0.020678598980847788 0.022743479075338247 -0.020774454505749603 0.0085393323032100493 0.012093281460526281 0.0024036198314815946 -0.0090201447116696077 -0.0047168141635908498 0.010306383400716096 -0.029160873915524761 -0.0073660932708303206
leaf_weight=148.50864005461335 321.27601461857557 19.37271074578166 107.75505688041449 40.79055180773139 35.60675210505724 27.158052042126656 28.592628322541714 73.730202212929726 67.356416370719671 28.301919631659985 406.13412622734904 27.451087296009064 51.529259737581015 178.98816415667534
leaf_count=646 1583 85 460 181 151 118 119 304 288 168 1729 116 216 751
internal_value=-0.00028536 -0.00208564 -0.00346142 -0.0044589 -0.00608169 0.00541698 -0.00585485 0.00265526 0.00770621 0.00616999 -0.00757753 -0.00674295 -0.0074931 -0.012343
internal_weight=1562.55 1241.28 1064.47 977.736 796.251 91.3574 55.7507 181.485 86.7291 176.811 704.893 664.103 636.652 230.517
internal_count=6915 5332 4518 4145 3381 388 237 764 373 814 2993 2812 2696 967
is_linear=0
shrinkage=0.03


Tree=6
num_leaves=15
num_cat=0
split_feature=33 13 13 13 33 33 13 13 27 22 13 29 22 13
split_gain=30.2614 23.4298 21.1528 22.9512 19.3283 16.9944 23.9052 38.6111 24.7494 22.9963 21.9434 21.7626 21.1833 21.1565
threshold=0.14121587531479476 1.421300099785735 1.8812940246837837 1.2290063896109036 0.001568766670016912 0.028990158688221381 -1.4920239266478219 -0.33904499037677344 -7.5990056673358444 0.72908789709975863 -0.49973532287634076 0.39901965912358223 0.27564921955452687 0.82133055581122427
decision_type=2 10 10 8 2 2 8 10 10 8 10 10 10 10
left_child=1 5 3 -2 -3 6 -1 10 -9 -7 -8 -11 -10 -13
right_child=2 4 -4 -5 -6 9 7 8 12 11 -12 13 -14 -15
leaf_value=0.016738420448189417 0.0077484974041099859 0.0057759174039101278 0.032696820818833142 -0.025507285871535411 -0.022344199880959443 0.018325254435413853 -0.0036773820402409268 0.016543035334353577 -0.0016036954947508688 0.018980947956573953 -0.022455770679460928 -0.016535641526352639 0.025189422424149711 0.0072958998944359808
leaf_weight=81.638552762567997 297.89633541181684 29.23019291087985 27.52716650813818 18.955295749008656 83.778530765324831 27.977280884981155 186.19088216871023 121.65618196874857 301.20238711312413 20.680598884820938 79.419305324554443 196.01417439803481 28.117419496178627 39.799685053527355
leaf_count=376 1445 136 147 93 377 118 772 518 1270 88 338 858 116 170
internal_value=0.000109918 -0.00214785 0.00793256 0.00568502 -0.0150839 -0.000784949 0.00146005 -0.000301475 0.0050399 -0.00706743 -0.00935542 -0.00989756 0.000753241 -0.0124996
internal_weight=1540.08 1195.71 344.379 316.852 113.009 1082.7 798.225 716.586 450.976 284.472 265.61 256.494 329.32 235.814
internal_count=6822 5137 1685 1538 513 4624 3390 3014 1904 1234 1110 1116 1386 1028
is_linear=0
shrinkage=0.03


Tree=7
num_leaves=15
num_cat=0
split_feature=32 32 14 13 1 29 29 22 32 29 30 32 32 13
split_gain=13.5903 32.0053 19.3044 18.8968 17.4593 15.5329 25.4201 31.8241 22.6539 18.1545 15.2158 14.6817 14.2322 27.499
threshold=-0.098011308799811417 -0.63435554093529922 -4.7410043640089263 -0.67077613501119149 -0.024670518304864563 0.88349500799664449 0.71884103818576728 0.91276255295659914 0.20576496797711544 0.59475909358423684 0.96730865348321082 -0.97854064376158167 0.81279832427823717 0.46285452426783064
decision_type=2 2 8 8 2 10 8 8 2 10 10 2 2 10
left_child=1 3 -2 11 -3 6 7 -4 -7 12 -10 -1 13 -9
right_child=2 4 5 -5 -6 8 -8 9 10 -11 -12 -13 -14 -15
leaf_value=0.031154060387926643 0.015534981273709572 0.019169652068495132 0.029551417683817645 -0.0048109067382258409 0.0039866817804741208 -0.015238267796956093 -0.016312235296645643 -0.0075048096383677921 0.009140489217821483 0.0042515259527969342 -0.012426831984267157 0.0028506038502278002 0.00038221228992484638 -0.038901627411015174
leaf_weight=22.618082448840141 48.502462733536959 126.02730195596814 25.334387436509132 371.01292434707284 148.55695181712508 55.466869406402111 170.86371178179979 87.481305569410324 197.15126000344753 121.60530429333448 33.68273314088583 55.469959951937199 68.827649913728237 34.598850145936012
leaf_count=96 209 585 110 1619 704 248 715 362 853 511 197 258 311 151
internal_value=-6.318e-05 0.00295074 -0.00264938 -0.00198388 0.0109996 -0.0037769 -0.00691804 -0.00213288 0.00180906 -0.00478749 0.00595341 0.0113389 -0.0105373 -0.0166468
internal_weight=1567.2 723.685 843.515 449.101 274.584 795.012 508.711 337.847 286.301 312.513 230.834 78.088 190.908 122.08
internal_count=6929 3262 3667 1973 1289 3458 2160 1445 1298 1335 1050 354 824 513
is_linear=0
shrinkage=0.03


Tree=8
num_leaves=15
num_cat=0
split_feature=28 23 33 31 1 31 1 33 31 32 1 15 22 33
split_gain=16.4255 19.7923 12.9807 12.3266 13.6408 11.8129 12.5984 12.0695 11.5934 15.6312 19.0825 14.1849 19.5744 11.5043
threshold=7.8262714302601575 -0.004694706927195441 0.19708263020873559 0.95032354012166642 0.011206977864442717 -0.95688340256707749 0.097527934677530279 0.00074103290397088976 -0.55557023301960229 0.50938662908026078 -0.037289667123093721 -0.020761047162517695 0.018791616722717067 0.013693981322970113
decision_type=8 10 2 2 2 2 2 2 2 2 2 10 10 2
left_child=1 8 5 4 -4 6 -2 -7 9 10 -1 12 -10 -13
right_child=2 -3 3 -5 -6 7 -8 -9 11 -11 -12 13 -14 -15
leaf_value=0.010435601669186933 -0.0023205678828051098 0.029050827256349498 0.014714172913415396 0.029299652862316762 -0.0074870591531562489 0.0045361629296004841 0.026324865706557069 -0.009313840079057634 0.0043748035552333064 -0.014075804211134512 -0.0079887974386556523 -0.028244528977386274 0.025923395179266236 0.0038801097002739921
leaf_weight=106.50794814899564 43.048908535391092 24.959693003445864 41.701423913240433 16.177364461123943 58.80800611898303 66.756646033376455 19.252290979027748 353.75692716985941 560.20929956808686 76.539445504546165 94.599263835698366 19.605710223317146 39.774935752153397 19.13876174390316
leaf_count=493 188 108 201 73 299 294 87 1542 2452 324 418 84 169 82
internal_value=0.000744049 0.00321463 -0.00313413 0.00581051 0.00177846 -0.00530342 0.00680746 -0.0071096 0.00248001 -0.00263144 0.00177226 0.00470254 0.00584409 -0.0126774
internal_weight=1540.84 941.335 599.502 116.687 100.509 482.815 62.3012 420.514 916.375 277.647 201.107 638.729 599.984 38.7445
internal_count=6814 4130 2684 573 500 2111 275 1836 4022 1235 911 2787 2621 166
is_linear=0
shrinkage=0.03


Tree=9
num_leaves=15
num_cat=0
split_feature=28 13 29 13 31 1 31 29 13 14 29 32 32 31
split_gain=17.4747 15.3635 30.6984 15.05 14.9148 15.1735 14.3267 11.5819 11.5403 11.1738 21.8174 19.5676 11.4325 16.3987
threshold=-5.7860713193091931 1.2290063896109036 0.58048056193710862 0.84244979796757558 -0.95688340256707749 0.057193832488539938 0.74455857214455079 1.7326514096100607 -0.10740470915813187 -5.143336108710538 0.62107537313973027 -0.10886687485196482 0.81279832427823717 -0.26932402956675694
decision_type=8 8 10 10 2 2 2 10 10 10 10 2 2 2
left_child=7 3 -3 4 5 -2 -4 -1 -9 11 -11 -6 -13 -14
right_child=1 2 6 -5 9 -7 -8 8 -10 10 -12 12 13 -15
leaf_value=0.0051217798483793268 -0.00052252565165918064 -0.044917960312669945 -0.011876330848859008 0.010843946971942152 0.00088827864985827466 0.026775268143720436 0.013730025323406119 0.004747739785763005 -0.035619874279719507 0.025543547510206335 -0.0044299157100216755 -0.015642909964504331 0.015097546316039752 -0.0099694584458163531
leaf_weight=611.30786670744419 45.700741738080978 20.229263409972191 72.647426716983318 89.804593540728092 246.11443582549691 29.553435556590557 25.901163354516029 12.263357490301134 11.820623740553854 32.049880504608154 63.848698552697897 168.27847032621503 30.697283260524273 89.984504580497742
leaf_count=2683 198 94 315 401 1110 129 127 89 77 134 273 713 130 401
internal_value=0.000491103 -0.00216268 -0.0121799 -0.000654585 -0.00213002 0.0104083 -0.00507599 0.00430931 -0.0156952 -0.00363952 0.00574763 -0.00532951 -0.0106102 -0.0035216
internal_weight=1550.2 914.81 118.778 796.032 706.227 75.2542 98.5486 635.392 24.084 630.973 95.8986 535.075 288.96 120.682
internal_count=6874 4025 536 3489 3088 327 442 2849 166 2761 407 2354 1244 531
is_linear=0
shrinkage=0.03


Tree=10
num_leaves=15
num_cat=0
split_feature=33 33 19 29 24 31 28 28 31 32 33 1 16 24
split_gain=16.4865 18.6285 26.3412 21.6929 17.5517 16.5671 14.0182 11.6431 11.025 13.5086 10.1236 9.50476 8.77894 10.9168
threshold=0.14121587531479476 0.019111490483233937 1.3849279869893041 0.45586251366986696 -3.3979422812676283e-05 -0.58244304235731426 11.225407787667232 1.5189608508769938 0.72982064943493996 -0.95688340256707749 0.0090276288773079218 0.043648660528431006 0.0062080278463891867 0.0012557693049150872
decision_type=2 2 8 10 10 2 8 10 2 2 2 2 8 8
left_child=1 3 6 -1 7 11 -3 8 9 -5 -10 -4 -2 -14
right_child=12 2 5 4 -6 -7 -8 -9 10 -11 -12 -13 13 -15
leaf_value=-0.017486470009260787 -0.012589733540241789 0.019369889157904017 -0.028222930719824589 0.022291035522898284 -0.012609161132163996 -0.0063812363527996708 -0.010880511828688018 -0.00037164474191314563 0.033295627406541205 0.0028771533186228325 0.0056894347272293533 -0.0069563558597652633 0.022444273294458993 0.0049474409809868508
leaf_weight=53.115261435508728 21.283083349466324 45.002079904079437 60.296440720558167 35.812584549188614 64.958980865776539 238.43663073703647 18.925032660365105 338.39554958790541 25.382940586656332 264.52786977961659 22.763524770736694 28.530677191913128 35.284057304263115 289.00428222492337
leaf_count=224 99 188 259 146 280 1046 82 1452 111 1133 97 123 171 1430
internal_value=-8.18919e-05 -0.00174995 -0.00711142 0.000861195 0.00217891 -0.0105503 0.0103849 0.00359372 0.00743431 0.00525835 0.0206248 -0.0215457 0.00568024 0.00691432
internal_weight=1541.72 1196.15 391.191 804.957 751.841 327.264 63.9271 686.882 348.487 300.34 48.1465 88.8271 345.571 324.288
internal_count=6841 5141 1698 3443 3219 1428 270 2939 1487 1279 208 382 1700 1601
is_linear=0
shrinkage=0.03


Tree=11
num_leaves=15
num_cat=0
split_feature=33 13 13 13 33 20 27 32 14 13 22 32 28 32
split_gain=21.7852 28.0092 21.0026 18.6049 17.5856 16.4472 15.1396 12.5739 12.4816 11.6306 14.0059 12.9294 22.9166 11.4914
threshold=0.14121587531479476 1.421300099785735 2.0888243718068766 1.0766977612173159 0.0008054316641544361 -4.1568143342729504 -17.437118236403034 0.66746801135786471 -5.6284449210880485 -2.2791823608638331 -0.30966524166718362 0.18436924984152961 3.0609294436612093 0.45201865172701733
decision_type=2 8 10 8 2 10 10 2 10 10 10 2 10 2
left_child=1 6 3 5 -3 8 -1 -6 -2 -8 13 -12 -13 -11
right_child=2 4 -4 -5 7 -7 9 -9 -10 10 11 12 -14 -15
leaf_value=0.0085603237839733653 0.0067235538523286505 0.011802173673628123 0.03288093552129899 -0.016674544118201046 -0.012716984461510318 -0.01865508434371085 0.011366465748980923 -0.034954600908469177 0.028039385817254823 -0.0013708624569369644 -0.0020422298096284749 0.038419543237647874 -0.00077030109386654131 -0.0092199448231771123
leaf_weight=150.53778965771198 247.68075070902705 18.685058366507292 24.469804987311363 32.422569110989571 83.959776405245066 20.07122914493084 56.734697494655848 31.701001510024071 26.666416250169277 492.15572599321604 63.355926841497421 24.672186359763145 28.078137278556824 254.12016669288278
leaf_count=680 1214 87 136 163 378 92 263 143 124 2076 268 104 117 1063
internal_value=6.51448e-05 -0.00185349 0.00662724 0.00456739 -0.0147116 0.00695516 -0.000226315 -0.0190594 0.00888975 -0.00167318 -0.0025432 0.0071088 0.0179332 -0.00405238
internal_weight=1555.31 1204 351.311 326.841 134.346 294.418 1069.65 115.661 274.347 919.117 862.382 116.106 52.7503 746.276
internal_count=6908 5179 1729 1593 608 1430 4571 521 1338 3891 3628 489 221 3139
is_linear=0
shrinkage=0.03


Tree=12
num_leaves=15
num_cat=0
split_feature=33 13 33 13 32 32 28 13 23 32 13 33 13 33
split_gain=18.8379 24.9932 18.23 16.4696 18.0376 15.795 15.1807 31.1373 16.3905 23.9374 15.318 27.8012 14.9627 14.5003
threshold=0.14121587531479476 1.421300099785735 0.0018532788409810444 -1.1266327272672065 -0.66746801135786449 0.6993099184844086 7.8262714302601575 0.88970192208217724 -0.11010528691688819 -0.60003553868615123 -1.3609952845775279 0.017583420074340848 -0.10740470915813187 0.002586458977622292
decision_type=2 10 2 10 2 2 8 8 10 2 10 2 10 2
left_child=1 6 -3 -2 12 -4 7 8 10 -10 11 -1 -5 -9
right_child=3 2 5 4 -6 -7 -8 13 9 -11 -12 -13 -14 -15
leaf_value=0.026702482076971255 -0.011210658820563059 0.0041686765410081615 -0.014269229180457718 0.012554736357149071 0.012380530148459423 -0.044462655391343184 -0.0045652664254409812 0.00097028678148824022 -0.0046992719105858234 0.034126099188174025 -0.003135219229645209 -0.016691691503798581 -0.016865156421128083 0.029931545263663661
leaf_weight=40.539890378713608 41.704520612955093 32.946250766515732 64.280893076211214 24.553546834737062 244.63864186033607 20.400488801300526 426.55741151422262 22.474658988416195 26.923960253596306 28.954650536179543 463.45892415195704 18.726521272212267 39.002131063491106 50.072517782449722
leaf_count=187 223 156 290 116 1182 91 1858 96 110 120 1939 84 192 205
internal_value=0.000181972 -0.00161091 -0.0146806 0.00629403 0.00869134 -0.0219771 -0.000172127 0.00270833 0.000370566 0.0156652 -0.00129119 0.0129417 -0.00548091 0.0210947
internal_weight=1545.24 1195.34 117.628 349.899 308.194 84.6814 1077.71 651.151 578.604 55.8786 522.725 59.2664 63.5557 72.5472
internal_count=6849 5136 537 1713 1490 381 4599 2741 2440 230 2210 271 308 301
is_linear=0
shrinkage=0.03


Tree=13
num_leaves=15
num_cat=0
split_feature=28 13 29 13 31 31 31 32 14 29 23 27 32 29
split_gain=14.7511 14.8588 35.3795 12.2941 15.6169 11.7111 14.597 10.9055 23.3566 19.5838 25.3762 20.4934 13.2734 12.4726
threshold=-5.7860713193091931 1.2290063896109036 0.68094746937944817 1.0578425871111194 0.23768589232617301 0.77296446310593014 0.39271506111191362 0.3007057995042734 -5.4987455376970242 0.9729294013981783 -0.17237722444273734 -3.2359055095731999 -0.33172980431441507 0.84268010222559464
decision_type=8 8 10 10 2 2 2 2 10 10 10 10 2 10
left_child=-1 3 -3 7 -5 6 -4 9 13 11 12 -2 -11 -9
right_child=1 2 5 4 -6 -7 -8 8 -10 10 -12 -13 -14 -15
leaf_value=0.0031380032614028988 0.019829995494729465 -0.039327590136723933 -0.00023182723889301977 -0.0055639546213105068 0.029598462368761617 0.015464665180699074 -0.030758183433827489 -0.01505259012343378 0.011169638663157049 0.003230069197565414 -0.034859587665925215 0.00099055337197407039 -0.015573580828667472 -0.0013731505845394358
leaf_weight=639.83672457188368 70.102748245000839 31.527491681277752 48.910255007445812 20.172600578516722 24.268985483795404 22.604410368949175 18.816065713763237 167.9822713509202 55.023106284439564 114.61986473202705 23.860151033848524 193.51167204976082 46.764424685388803 93.339372128248215
leaf_count=2871 296 141 215 89 111 114 80 707 234 557 105 824 215 415
internal_value=-0.000366323 -0.00277418 -0.0124963 -0.00129731 0.0138666 -0.00280346 -0.00903696 -0.00219495 -0.00645167 0.000812752 -0.0066419 0.00605652 -0.00228103 -0.0101904
internal_weight=1571.34 931.503 121.858 809.645 44.4416 90.3307 67.7263 765.204 316.345 448.859 185.244 263.614 161.384 261.322
internal_count=6974 4103 550 3553 200 409 295 3353 1356 1997 877 1120 772 1122
is_linear=0
shrinkage=0.03


Tree=14
num_leaves=15
num_cat=0
split_feature=33 13 31 22 30 33 29 13 13 27 29 31 31 14
split_gain=15.9338 16.8783 18.6511 13.6607 20.0236 15.9244 29.3016 25.643 44.508 20.0126 19.1741 16.7773 28.446 16.6465
threshold=0.23282561739203927 1.421300099785735 0.77296446310593014 -0.1698496962616913 0.28775332807077592 0.017583420074340848 0.44924153706045661 -0.1472540367663823 0.68611385501386912 -12.276429926418862 0.42850746911231408 -0.57357643635104605 0.98658463173998445 -5.2888561196462449
decision_type=2 8 2 10 10 2 10 10 10 10 10 2 2 10
left_child=1 3 -3 5 -5 6 -1 10 -9 -8 -7 -12 -13 -11
right_child=-2 2 -4 4 -6 7 9 8 -10 13 11 12 -14 -15
leaf_value=-0.026347634436421758 0.0069162057243893913 -0.017352605738611519 0.0066923971613750159 0.016742055552411969 -0.0093568807977155409 0.029847804806167583 0.013725826926862021 -0.023508194802073171 0.006292491101167693 0.0018351861332559613 -0.015982791670513849 0.012137404389495909 -0.022527297891630993 -0.021483676029978249
leaf_weight=30.700213119387627 259.76250103861094 105.51470386236906 39.294070295989513 90.650058701634407 36.440299227833748 18.879209518432617 128.03102065995336 131.72337114065886 67.788106579333544 450.77408791705966 48.741647008806467 97.039309851825237 26.24980291724205 28.341653436422348
leaf_count=127 1302 480 179 371 170 82 559 573 290 1906 213 440 111 118
internal_value=0.000147774 -0.00120878 -0.0108268 5.03403e-06 0.00924415 -0.00114476 0.00177594 -0.00590877 -0.0134019 0.00323899 0.00195101 -0.00126528 0.00463499 0.000413906
internal_weight=1559.93 1300.17 144.809 1155.36 127.09 1028.27 637.847 390.421 199.511 607.147 190.91 172.031 123.289 479.116
internal_count=6921 5619 659 4960 541 4419 2710 1709 863 2583 846 764 551 2024
is_linear=0
shrinkage=0.03


Tree=15
num_leaves=15
num_cat=0
split_feature=33 13 29 13 28 13 22 13 29 13 33 32 33 13
split_gain=19.4865 17.9448 19.711 16.614 15.8666 21.0247 15.9557 15.8442 14.1029 15.8005 13.7467 13.6266 13.2926 12.5275
threshold=0.14121587531479476 1.421300099785735 0.58048056193710862 -1.1266327272672065 5.3975810465756178 0.88970192208217724 -0.56104214792777163 3.1350948948233719 0.48615910124604639 -1.3609952845775279 0.002586458977622292 0.20576496797711544 0.047796691270242712 2.0888243718068766
decision_type=2 10 10 10 8 8 10 10 10 10 2 2 2 10
left_child=1 4 -3 -2 5 6 8 -4 12 -10 -7 -8 -1 -5
right_child=3 2 7 13 -6 10 11 -9 9 -11 -12 -13 -14 -15
leaf_value=-0.025985145686484454 -0.011576122060337323 -0.039796669478471096 -0.015483431179675254 0.0067244624141360627 -0.0047533215571240383 -0.0017529135129547367 0.0021828564612163984 0.0099084168908615509 0.017590499739799814 -0.0014216750061234224 0.027632322635081603 0.029309601750323898 0.0030223322762171299 0.028929797090354883
leaf_weight=36.29209440946579 41.051184084266424 19.433613933622837 67.433306712657213 282.82514580339193 478.89185786992311 20.681013219058514 37.967867467552423 31.857902739197016 43.030280418694019 368.5170523263514 44.818529531359673 28.952493205666542 22.670281857252121 24.044795949012041
leaf_count=150 225 95 292 1352 2075 88 161 155 196 1551 184 122 98 135
internal_value=-8.98729e-05 -0.0019022 -0.012923 0.00615131 -0.0006819 0.00255444 0.000584361 -0.00731881 -0.00137499 0.000604007 0.0184673 0.0141777 -0.0149677 0.00855268
internal_weight=1548.47 1200.55 118.725 347.921 1081.82 602.93 537.43 99.2912 470.51 411.547 65.4995 66.9204 58.9624 306.87
internal_count=6879 5167 542 1712 4625 2550 2278 447 1995 1747 272 283 248 1487
is_linear=0
shrinkage=0.03


Tree=16
num_leaves=15
num_cat=0
split_feature=31 32 28 13 13 29 1 31 13 13 13 13 31 23
split_gain=11.3977 20.2806 17.8278 17.5291 16.5582 25.8507 20.4778 14.3078 12.2197 19.1946 9.11425 8.87928 7.34783 23.0617
threshold=0.79989897227935891 -0.087155742747658124 3.9142971619821059 -0.82383160786724063 1.2290063896109036 0.57692442869540239 -0.0063774731804907411 0.35222909080468517 0.82133055581122427 0.59469704750605801 1.0949529298448348 2.3131174980973843 -0.83743052905771542 -0.12713644485279257
decision_type=2 2 10 10 8 10 2 2 8 10 10 10 2 10
left_child=4 3 8 -2 10 -6 7 11 9 -3 12 -7 13 -1
right_child=1 2 -4 -5 5 6 -8 -9 -10 -11 -12 -13 -14 -15
leaf_value=0.0010475572879852066 -0.011548295203578756 0.0097260868971177881 -0.011827903883865717 0.019095879957596085 -0.036367157596519768 0.022739768641043337 -0.019291528994416052 -0.012716408449872308 0.024669483998631402 -0.02289523349034794 0.016713511503988605 -0.00050037721787980912 -0.0019624725684601872 0.032593363146914404
leaf_weight=230.56294303387403 19.271225336939096 59.653137400746346 80.969231575727463 104.94518806040287 27.258798129856586 32.460544116795063 54.030923333019018 29.754114642739296 24.986389517784119 21.168365567922592 27.304670546203852 26.449407055974007 790.54514450207353 21.939932115375996
leaf_count=1006 103 251 356 500 128 139 243 133 109 88 119 127 3496 93
internal_value=-0.000180617 0.0049454 -0.00131052 0.0142874 -0.00146886 -0.0101387 -0.00491014 0.00397113 0.00677327 0.00100668 -8.40528e-05 0.0124712 -0.000539363 0.00390633
internal_weight=1551.3 310.994 186.777 124.216 1240.31 169.954 142.695 88.6641 105.808 80.8215 1070.35 58.91 1043.05 252.503
internal_count=6891 1407 804 603 5484 770 642 399 448 339 4714 266 4595 1099
is_linear=0
shrinkage=0.03


Tree=17
num_leaves=15
num_cat=0
split_feature=33 13 20 13 28 29 13 31 13 13 20 13 13 13
split_gain=17.0729 13.2066 14.964 14.1052 12.4355 13.8409 14.3374 10.6427 15.8132 27.6909 14.85 14.7117 16.1963 18.9921
threshold=0.23282561739203927 2.0888243718068766 -4.1568143342729504 1.0766977612173159 5.3975810465756178 1.459384439774235 -0.10740470915813187 -0.55557023301960229 -0.67952816781317005 -0.45974238413971558 -2.3372718009628808 0.86608639076969596 -0.80638499074936376 -0.49973532287634076
decision_type=2 10 10 8 8 10 10 2 10 10 10 10 10 10
left_child=4 2 3 -2 5 7 -7 10 -9 -10 11 12 -1 -14
right_child=1 -3 -4 -5 -6 6 -8 8 9 -11 -12 -13 13 -15
leaf_value=-0.017563704257691583 0.010023817582864971 0.030887117252111556 -0.020072669021952889 -0.015265668990165418 -0.0047596532357798132 0.0015320195799464994 -0.030209760872403093 0.015029293391874504 -0.025042740887689926 0.0042909651039142937 0.021769312084322593 -0.022668765121454829 0.022852326390005822 -0.0033536675724610246
leaf_weight=42.381080329418182 193.26529181003571 18.627482742071152 18.400223731994629 21.215614549815655 542.8421180434525 26.186027500778437 23.896033897995949 104.3374061435461 30.538545161485672 354.32349960505962 18.631684511899948 36.035855904221535 33.014258921146393 92.052189603447914
leaf_count=179 962 106 87 107 2372 148 133 440 125 1487 84 159 135 376
internal_value=8.68128e-05 0.00722734 0.00521089 0.00746304 -0.00129464 0.00117876 -0.0139081 0.00225902 0.00472872 0.00190449 -0.00317721 -0.00555669 -0.00176134 0.00369043
internal_weight=1555.75 251.509 232.881 214.481 1304.24 761.397 50.0821 711.315 489.199 384.862 222.115 203.483 167.448 125.066
internal_count=6900 1262 1156 1069 5638 3266 281 2985 2052 1612 933 849 690 511
is_linear=0
shrinkage=0.03


Tree=18
num_leaves=15
num_cat=0
split_feature=33 13 13 33 29 13 20 13 28 31 31 28 13 13
split_gain=12.2554 15.8494 19.5764 14.8308 22.2328 22.1779 36.6427 26.6294 24.591 21.2198 19.393 17.7834 15.1648 28.6193
threshold=0.14121587531479476 1.8812940246837837 1.2290063896109036 0.017583420074340848 0.45586251366986696 -0.15456050112243125 -1.9119680529655623 0.82133055581122427 -19.69085882695509 -0.56457333468532422 -0.45201865172701744 14.365762993868715 -1.4920239266478219 -0.34581979859030321
decision_type=2 10 8 2 10 10 10 10 10 2 2 10 8 8
left_child=3 2 -2 4 -1 8 7 -7 -5 -10 -9 -12 -6 -14
right_child=1 -3 -4 5 12 6 -8 10 9 -11 11 -13 13 -15
leaf_value=-0.017965672515132008 0.0048592011916950622 0.025667394769958142 -0.025797820132656409 0.023780606932704514 0.01538611217418546 -0.024458797108053029 0.022359281418484866 -0.02233812001690182 -0.018537168594317078 0.0050862833549748226 0.020226907822839101 -0.015353036598465465 -0.0087002319834858857 0.0049762063297797603
leaf_weight=50.686493277549744 308.92978174239397 29.416526068001986 18.964092701673508 35.993900649249554 71.813789736479521 129.11732683703303 24.154165886342525 28.159878201782703 53.054478645324707 92.440738864243031 35.348758943378925 18.501092243939638 194.00048978999257 467.74727020412683
leaf_count=215 1498 161 93 163 331 550 102 126 224 405 152 84 814 2005
internal_value=7.49128e-05 0.00494458 0.00301307 -0.00137675 0.00105415 -0.00594263 -0.0120011 -0.016019 0.00193429 -0.00359569 -0.00259674 0.00794573 0.00239102 0.000959692
internal_weight=1558.33 357.31 327.894 1201.02 784.248 416.77 235.281 211.127 181.489 145.495 82.0097 53.8499 733.562 661.748
internal_count=6923 1752 1591 5171 3365 1806 1014 912 792 629 362 236 3150 2819
is_linear=0
shrinkage=0.03


Tree=19
num_leaves=15
num_cat=0
split_feature=33 13 33 13 21 31 13 13 13 13 13 33 13 28
split_gain=14.4158 18.1281 17.1164 26.1527 25.3681 24.5893 24.0869 21.6893 19.4462 27.3466 25.4504 21.0608 22.1882 18.6444
threshold=0.14121587531479476 1.8812940246837837 0.019111490483233937 -0.15456050112243125 0.76808672022199442 -0.71473537162315137 -1.1266327272672065 0.68611385501386912 -1.4920239266478219 -0.33904499037677344 0.81978136229250442 0.0059513797502921996 -0.36971202427702149 -43.448147638058813
decision_type=2 10 2 10 8 2 8 10 8 10 10 2 10 10
left_child=2 -2 8 5 -5 -4 -7 -6 -1 11 13 12 -10 -11
right_child=1 -3 3 4 7 6 -8 -9 9 10 -12 -13 -14 -15
leaf_value=0.015414811659247263 0.0030377745096493319 0.027687358199419219 -0.019946921771304582 0.0090890932822224723 -0.027065080262048208 -0.012953126670474779 0.015105254076001613 -0.0066361793576639383 -0.010707312235323284 0.034814669627009007 -0.0048015695851634094 0.0044451381171044984 -0.044367666029567987 0.0067883033981792924
leaf_weight=72.768005527555943 326.59225878864527 28.299636289477348 35.786299228668213 36.715771786868572 104.37802940607071 36.742758624255657 101.83120836317539 85.617842990905046 149.33379543945193 22.370224863290787 201.45700736343861 72.933979857712984 19.212138235569 262.73018544539809
leaf_count=335 1593 152 152 154 450 164 447 375 626 100 875 303 79 1107
internal_value=-0.000228491 0.00507565 -0.00179762 -0.00684814 -0.0135438 0.00188544 0.0076261 -0.0179421 0.000737244 -0.000748924 0.00334688 -0.00898132 -0.0147832 0.00910138
internal_weight=1556.77 354.892 1201.88 401.072 226.712 174.36 138.574 189.996 800.805 728.037 486.557 241.48 168.546 285.1
internal_count=6912 1745 5167 1742 979 763 611 825 3425 3090 2082 1008 705 1207
is_linear=0
shrinkage=0.03


Tree=20
num_leaves=15
num_cat=0
split_feature=13 29 13 31 1 1 31 29 13 27 32 28 22 29
split_gain=14.9409 36.5499 28.6624 23.9811 22.1189 12.8039 12.6536 10.3939 32.3733 16.8904 10.6743 18.6727 12.0887 12.8816
threshold=1.2290063896109036 0.58534726212587274 1.1671829614740952 0.77296446310593014 -0.0063774731804907411 -0.096282774782538147 0.29026740676763302 1.4823130605694825 -0.10740470915813187 -7.5990056673358444 -0.98279651670771917 11.912327751995024 -0.17871701250002134 0.74972204126947306
decision_type=8 10 10 2 2 2 2 10 10 10 2 10 10 10
left_child=2 -2 7 4 6 -5 -3 9 -9 -1 11 -11 -12 -14
right_child=1 3 -4 5 -6 -7 -8 8 -10 10 12 -13 13 -15
leaf_value=0.0068844864986874728 -0.032394824575801111 0.010601959873986298 0.03760785824857539 -0.0033756134496561955 -0.022254276182466108 0.029853876092079581 -0.013938671981516174 0.0064201408685724375 -0.027670022854050437 -0.0014608999449216519 -0.0032380787401328492 0.033121981967321301 0.018923713057262502 -0.0016764023744164213
leaf_weight=351.24350265040994 41.278193175792694 54.471526820212603 18.083347223699093 16.190268956124783 54.315900709480047 27.441263265907764 27.709028381854296 56.088745415210724 43.906684521585703 37.93659245967865 704.78804801031947 21.244116477668285 47.942064762115479 61.503156095743179
leaf_count=1524 196 248 80 77 243 137 123 327 249 153 3030 93 207 262
internal_value=-8.88684e-05 -0.00729123 0.00110328 -0.00139139 -0.00758619 0.0177241 0.00225944 0.000576953 -0.00867417 0.00133878 -0.000896744 0.0112974 -0.00179582 0.00743704
internal_weight=1564.14 221.406 1342.74 180.128 136.496 43.6315 82.1806 1324.65 99.9954 1224.66 873.414 59.1807 814.233 109.445
internal_count=6949 1024 5925 828 614 214 371 5845 576 5269 3745 246 3499 469
is_linear=0
shrinkage=0.03


Tree=21
num_leaves=15
num_cat=0
split_feature=27 29 13 32 23 32 32 29 29 28 19 1 27 32
split_gain=12.8588 11.3308 13.5058 10.8684 10.4772 9.17916 23.9602 12.5038 26.1037 11.1094 12.0997 11.0808 11.3289 10.1408
threshold=3.3568456613197744 1.5089547732759623 -0.13223310650715225 -0.75894212529897775 -0.0079108248475072175 0.49049438445969418 0.87137607974597331 0.71530543068595998 0.85630477252833437 -28.576281355698892 0.85296615196295289 -0.016297910526432556 -12.811815151230197 0.96298784033749851
decision_type=8 8 8 2 10 2 2 10 10 10 8 2 10 2
left_child=1 4 -3 -4 5 11 9 13 -9 -7 -11 -1 -13 -8
right_child=-2 2 3 -5 -6 6 7 8 -10 10 -12 12 -14 -15
leaf_value=0.0078481820464761237 -0.0035030783524817484 0.0046501131065937104 -0.040308838751192379 -0.0068883763583453819 0.021438274731384412 0.0054868364174339721 0.032920147657991873 -0.023437163907820194 0.012608319228030603 0.0069162053242962833 -0.017670495180390725 0.01077418888139973 -0.0059620455352093153 0.0076499149818407934
leaf_weight=350.07121010497212 632.06682218983769 30.767423629760742 15.458414528518913 19.803462602198124 25.823629021644592 34.20258928835392 22.616221532225609 27.742499873042107 47.754301145672798 21.053746834397316 107.14958061277866 49.444157119840384 129.83770517259836 38.351932093501091
leaf_count=1515 2850 178 82 110 110 149 96 120 217 86 447 215 546 175
internal_value=-0.000211665 0.00205079 -0.00983151 -0.0222471 0.00297988 0.00237919 -0.00182019 0.00741684 -0.000770397 -0.00957969 -0.0136106 0.00474911 -0.0013122 0.0174039
internal_weight=1552.14 920.077 66.0293 35.2619 854.048 828.224 298.871 136.465 75.4968 162.406 128.203 529.353 179.282 60.9682
internal_count=6896 4046 370 192 3676 3566 1290 608 337 682 533 2276 761 271
is_linear=0
shrinkage=0.03


Tree=22
num_leaves=15
num_cat=0
split_feature=28 33 33 22 32 32 22 1 1 1 28 31 33 20
split_gain=12.8012 13.4764 10.0208 11.678 13.2885 9.80993 9.49993 10.0374 9.47206 9.32819 11.2592 9.07831 14.511 9.23409
threshold=-5.7860713193091931 0.21420990886416957 0.02667223358031583 -0.52400736567540118 0.43245347597985034 0.82531082829576841 1.1821006930487421 -0.17719995917195505 0.15841617824385149 0.04860439579374385 19.995299639874457 0.13052619222005182 0.0008054316641544361 -1.6871111609528808
decision_type=8 2 2 8 2 2 8 2 2 2 10 2 2 10
left_child=11 2 3 -2 8 -4 -6 -8 -5 10 -9 13 -13 -1
right_child=1 -3 5 4 6 -7 7 9 -10 -11 -12 12 -14 -15
leaf_value=-0.0016851090535884166 -0.022293832238861805 0.0052224939652427268 -0.011508525430233266 0.00035152977289677962 0.009502906310460588 0.0091313814139754139 -0.031515530488260314 -0.0091481344135799104 0.013989462329134349 -0.015328518676848627 0.014739361535438911 0.028355686642782194 0.0047477048107738562 0.017526493164299654
leaf_weight=320.75619948282838 23.261552706360817 162.43268520385027 208.01184223219752 259.57577141746879 24.992142453789711 22.26536076888442 16.654202088713646 44.970409318804741 54.677183825522661 67.628790348768234 27.937153972685337 24.795964945107698 265.15289790555835 23.211646676063538
leaf_count=1453 98 794 920 1092 105 97 70 185 250 296 118 109 1166 107
internal_value=-0.000315379 -0.00258945 -0.0042861 -0.00197 -0.000974785 -0.00948201 -0.0073991 -0.0101295 0.00276126 -0.00739037 8.07995e-05 0.00295665 0.00685714 -0.000341623
internal_weight=1546.32 912.407 749.974 519.697 496.436 230.277 182.183 157.191 314.253 140.536 72.9076 633.917 289.949 343.968
internal_count=6860 4025 3231 2214 2116 1017 774 669 1342 599 303 2835 1275 1560
is_linear=0
shrinkage=0.03


Tree=23
num_leaves=15
num_cat=0
split_feature=28 23 29 32 32 23 13 29 29 13 13 30 32 14
split_gain=11.3142 14.2904 10.9523 13.9968 10.6738 17.848 15.8941 23.4016 12.372 12.1762 17.6522 10.4127 12.3131 10.3539
threshold=6.4152237747361349 -0.0070955959396541883 0.40792632789805278 0.21643961393810271 -0.60003553868615123 -0.17973171055567991 -0.69207001455430806 1.0650185669755083 0.72544605600760581 -0.69207001455430806 0.010485091369994442 -0.36950792985749176 -0.77296446310592981 -4.8003687275682818
decision_type=8 10 8 2 2 10 10 10 10 8 10 10 2 8
left_child=1 13 -2 4 5 8 -6 -8 -4 -10 -11 -12 -13 -1
right_child=2 -3 3 -5 6 -7 7 -9 9 10 11 12 -14 -15
leaf_value=0.015886819688980529 0.015589870862129743 0.023247297715561731 -0.016979643614167515 -0.0095795940307090502 -0.011168117881014416 -0.028599944475516864 0.017293934924242485 -0.0089623739543806639 0.023517076843179795 -0.022149313376588164 0.027135244920599395 -0.0083481327310721588 0.019700066756073293 0.00080286229400733443
leaf_weight=42.058093529194593 26.312870599329472 27.166967317461967 35.545875772833824 233.64659701660275 42.342605758458376 24.552783966064453 102.04811283200979 42.690188776701689 20.313966866582632 26.32199764624238 15.346947237849234 44.683939456939697 19.366538591682911 842.18473521247506
leaf_count=184 113 118 148 1035 197 103 463 205 93 125 63 209 88 3723
internal_value=7.0169e-05 0.00220934 -0.00300765 -0.00383835 -0.000228095 -0.00530022 0.00481965 0.00954135 -0.00160557 0.00282999 -0.00132814 0.00576418 0.000305095 0.00153745
internal_weight=1544.58 911.41 633.172 606.86 373.213 186.132 187.081 144.738 161.579 126.033 105.719 79.3974 64.0505 884.243
internal_count=6867 4025 2842 2729 1694 829 865 668 726 578 485 360 297 3907
is_linear=0
shrinkage=0.03


Tree=24
num_leaves=15
num_cat=0
split_feature=33 13 13 29 13 13 20 13 28 31 13 33 27 19
split_gain=11.2722 13.8389 16.6665 23.0971 13.4886 16.5385 12.0422 9.85776 12.3181 9.52663 9.13678 15.6388 8.54793 10.7124
threshold=0.14121587531479476 1.421300099785735 3.1350948948233719 0.58048056193710862 2.0888243718068766 1.0766977612173159 -1.4814541300678383 -1.1266327272672065 -16.700583965185697 -0.89194178735545504 -2.2791823608638331 0.02667223358031583 8.1779966924688825 -1.4545044693070606
decision_type=2 8 8 10 10 8 10 10 10 2 10 2 10 10
left_child=1 10 9 -4 5 6 7 8 -2 -3 11 -1 13 -9
right_child=4 2 3 -5 -6 -7 -8 12 -10 -11 -12 -13 -14 -15
leaf_value=0.020257151468450293 0.012589587218343083 -0.00054540019032938271 -0.022464379411214527 0.01718989372337771 0.026401953304170521 -0.016547372807703492 -0.017937268989081361 0.0096574240232420346 -0.022700813958941125 -0.024788165364192021 -0.0010127576216209589 -0.012407393014769468 0.00050228534855493371 0.031591723275303539
leaf_weight=44.015587657690048 14.600277207791803 19.121212899684906 20.186600401997566 34.17896456643939 22.927950225770473 33.717053540050983 17.774849832057953 144.0294525437057 19.995352625846863 61.171837363392115 999.4755958840251 17.874584935605526 72.868685975670815 22.710195615887642
leaf_count=202 89 78 97 164 131 167 81 678 102 272 4252 83 362 103
internal_value=-8.52773e-05 -0.00146936 -0.0104919 0.00232597 0.00465371 0.00304658 0.005358 0.00692777 -0.00787205 -0.0190927 -0.000315839 0.010776 0.00908846 0.0128154
internal_weight=1544.65 1196.02 134.659 54.3656 348.624 325.696 291.979 274.204 34.5956 80.2931 1061.37 61.8902 239.608 166.74
internal_count=6861 5148 611 261 1713 1582 1415 1334 191 350 4537 285 1143 781
is_linear=0
shrinkage=0.03


Tree=25
num_leaves=15
num_cat=0
split_feature=13 29 13 31 23 32 23 0 32 23 28 14 32 13
split_gain=13.0916 30.9764 26.1238 23.018 12.5004 30.317 19.4181 18.5089 16.6552 16.5084 18.3657 11.1839 11.2973 15.016
threshold=1.2290063896109036 0.57692442869540239 1.1671829614740952 0.74455857214455079 -0.10455749393749507 -0.58244304235731414 -0.18933454390725687 -0.19180587218161788 -0.84915165824291594 -0.058641305857707757 5.6134255481854476 -4.4202476947063909 -0.98279651670771917 -0.67077613501119149
decision_type=8 10 10 2 10 2 10 2 2 10 10 8 2 10
left_child=2 -2 4 -3 6 8 11 -8 -6 -7 -11 -1 13 -13
right_child=1 3 -4 -5 5 9 7 -9 -10 10 -12 12 -14 -15
leaf_value=0.021087055430645592 -0.03114060472240272 -0.0079050281692215757 0.035943515206327138 0.016384628336950195 0.004342468961377851 0.040599433301750559 0.0055086355941142235 -0.030301932459259939 -0.029207692973393148 0.027909807540905805 -0.0061232518525817289 0.032734347440516752 -0.00081657656548399802 0.0021528237468947794
leaf_weight=22.017836667597294 37.933907881379128 134.88023712858558 18.019556537270546 46.356442466378212 36.55690310895443 24.996569342911243 19.719957455992699 35.589473303407431 19.75847714394331 28.121831528842449 27.403764650225639 20.258782565593719 1031.3706489130855 45.608932729810476
leaf_count=96 182 607 79 224 150 106 96 153 90 122 122 86 4587 200
internal_value=-8.51298e-05 -0.00686125 0.00103631 -0.00163644 0.000529638 0.00907655 -0.000472956 -0.017663 -0.00773296 0.0207834 0.0113022 0.000391519 -4.25923e-05 0.0119076
internal_weight=1548.59 219.171 1329.42 181.237 1311.4 136.838 1174.57 55.3094 56.3154 80.5222 55.5256 1119.26 1097.24 65.8677
internal_count=6900 1013 5887 831 5808 590 5218 249 240 350 244 4969 4873 286
is_linear=0
shrinkage=0.03


Tree=26
num_leaves=15
num_cat=0
split_feature=28 31 13 13 13 29 13 32 29 23 21 1 31 27
split_gain=10.0277 11.216 11.3524 39.5046 11.0324 21.5357 11.7413 11.0591 20.9803 15.9226 15.0663 16.7871 14.3325 13.2908
threshold=-5.7860713193091931 0.68355163169896505 0.60824691977472667 0.82133055581122427 1.2290063896109036 0.57692442869540239 0.82133055581122427 0.43245347597985034 0.9729294013981783 -0.16453910913512884 0.14912156923507783 -0.096282774782538147 0.96298784033749862 -3.2359055095731999
decision_type=8 2 8 8 8 10 10 2 10 10 10 2 2 10
left_child=1 -1 -3 -4 6 -6 7 8 13 12 11 -9 -10 -2
right_child=4 2 3 -5 5 -7 -8 10 9 -11 -12 -13 -14 -15
leaf_value=0.00021711339624647151 0.016215041582799895 0.01557657712811474 -0.032271937506180015 0.019050366148935419 -0.036978527270638821 -0.0046667131410489714 0.0081891414195828481 -0.023662864879685889 -0.00063522658506203595 -0.030446628781178087 0.015390376142243959 -0.0051117562974285127 -0.028595323598247339 0.0014035284200886512
leaf_weight=480.33260027319193 74.032265856862068 98.102970138192177 21.470586612820625 32.810503408312798 22.060324050486088 97.261064495891333 104.25169865787029 57.793878369033337 130.30685101822019 23.253651291131973 22.680374547839165 176.69897371530533 17.900522023439407 200.31105981394649
leaf_count=2158 313 441 94 152 104 439 466 247 627 104 98 766 81 852
internal_value=-0.000436147 0.00247291 0.00953566 -0.00146645 -0.00242319 -0.0108983 -0.0011585 -0.00255442 0.000306351 -0.00789928 -0.00749549 -0.00976499 -0.00418127 0.00544483
internal_weight=1559.27 632.717 152.384 54.2811 926.551 119.321 807.229 702.978 445.804 171.461 257.173 234.493 148.207 274.343
internal_count=6942 2845 687 246 4097 543 3554 3088 1977 812 1111 1013 708 1165
is_linear=0
shrinkage=0.03


Tree=27
num_leaves=15
num_cat=0
split_feature=33 13 13 13 32 32 13 13 31 27 29 13 32 32
split_gain=13.5019 14.3932 13.4014 12.5576 15.703 17.3074 11.6779 12.1973 11.1116 10.3479 23.0859 12.032 11.7616 11.341
threshold=0.16682684476506957 1.421300099785735 3.1350948948233719 1.0949529298448348 -0.021814885034560822 -0.89194178735545482 2.0888243718068766 1.0766977612173159 0.99702681066517462 -5.8887244468319713 1.3022288221956801 0.64678223456562589 -0.92794370089704259 0.45201865172701733
decision_type=2 10 10 10 2 2 10 8 2 8 8 10 2 2
left_child=1 3 -3 8 5 -5 7 -2 9 10 -1 13 -13 -11
right_child=6 2 -4 4 -6 -7 -8 -9 -10 11 -12 12 -14 -15
leaf_value=0.0068081022361623535 0.0057150030294398557 -0.018899112324264701 0.0022779018312173581 0.017774629324057135 0.031146645972946418 -0.017311111597096803 0.025660949212025917 -0.013873105434734958 -0.019390041234300253 0.0017371274900057482 -0.014003586522969487 0.007837759990062379 -0.018833567240491882 -0.0069932360289230965
leaf_weight=286.84884344041348 269.81024836748838 76.517494861036539 40.880371153354645 26.424997329711914 23.320122189819813 22.500170551240444 22.451226744800806 31.033263549208641 29.041023090481758 364.34451560303569 56.600910000503063 18.215284615755081 70.09266422316432 210.47520767152309
leaf_count=1197 1318 338 207 109 101 94 128 158 125 1570 286 75 306 892
internal_value=-0.00018611 -0.00162563 -0.0115679 -0.00056259 0.011443 0.00161552 0.00525775 0.00365514 -0.00141034 -0.000872871 0.00334761 -0.00306051 -0.0133059 -0.00146616
internal_weight=1548.56 1225.26 117.398 1107.86 72.2453 48.9252 323.295 300.844 1035.62 1006.58 343.45 663.128 88.3079 574.82
internal_count=6904 5300 545 4755 304 203 1604 1476 4451 4326 1483 2843 381 2462
is_linear=0
shrinkage=0.03


Tree=28
num_leaves=15
num_cat=0
split_feature=33 15 23 30 31 32 31 33 14 31 28 28 32 16
split_gain=9.04181 9.22792 12.332 17.2792 11.8639 11.2925 10.4724 9.47513 12.24 9.28215 9.26879 8.46702 8.36682 8.16092
threshold=0.14121587531479476 0.00069307297226117736 -0.10863137914292255 -0.028902682199992206 0.23768589232617301 0.46174861323503363 -0.65106671239330405 0.043975078840948943 -4.9207956036073632 0.77296446310593014 -64.740111538670305 -30.030512058165645 -0.52803643325367244 0.0062080278463891867
decision_type=2 10 10 10 2 2 2 2 10 2 10 10 2 8
left_child=1 2 5 -4 -3 7 -7 8 9 -1 -8 -12 -5 -2
right_child=13 4 3 12 -6 6 10 -9 -10 -11 11 -13 -14 -15
leaf_value=0.0022607451482672173 -0.01258789963899842 0.0027773774503573336 0.020455918337634917 -0.01944822449320846 -0.030327694284661338 -0.014820323918069504 -0.024441896970005941 -0.0060515624777489176 -0.019827166892275871 0.013817187505143685 0.011505600814997415 -0.003405188902035579 0.0071950512419958193 0.0060888066375363366
leaf_weight=461.36855466291308 21.578307799994946 17.954139277338982 57.585066214203835 18.245133593678474 19.909420557320118 79.333740070462227 15.529328059405087 128.40071358159184 19.44645169377327 71.485632531344891 38.862425684928894 243.90421867743134 22.795867688953876 327.17141247540712
leaf_count=1977 101 79 236 78 89 344 81 573 86 312 167 1035 102 1622
internal_value=0.00065798 -0.000583417 -0.000100324 0.00999076 -0.0149624 -0.00104926 -0.00520267 0.00125916 0.00296665 0.00383409 -0.00260382 -0.00132258 -0.00483031 0.00490053
internal_weight=1543.57 1194.82 1156.96 98.6261 37.8636 1058.33 377.63 680.701 552.301 532.854 298.296 282.767 41.041 348.75
internal_count=6882 5159 4991 416 168 4575 1627 2948 2375 2289 1283 1202 180 1723
is_linear=0
shrinkage=0.03


Tree=29
num_leaves=15
num_cat=0
split_feature=28 29 31 14 23 29 33 16 31 33 33 31 1 30
split_gain=9.31098 11.5391 13.3117 12.3699 15.7895 11.9311 10.4573 9.93843 9.12666 8.7562 7.9308 7.75015 10.8093 11.9771
threshold=-3.1332640744397007 1.3107176662683344 -0.64278760968653914 -4.8154957058255112 -0.13980003667793428 0.58534726212587274 0.21420990886416957 0.0096844433843230621 0.49049438445969384 0.0018532788409810444 0.0005309732778605627 0.45201865172701788 0.12676426291084125 -0.028902682199992206
decision_type=8 8 2 8 8 10 2 8 2 2 2 2 2 10
left_child=1 3 -3 -1 -5 -6 10 -7 -4 -9 -2 12 13 -12
right_child=6 2 8 4 5 7 -8 9 -10 -11 11 -13 -14 -15
leaf_value=0.024075640085123046 0.0079565818476047198 0.010056251893428901 -0.021527438358773885 -0.023045311848111188 -0.0046180701430677523 -0.013116494003350561 0.0047823319586226048 0.015848884924456949 0.00014295766127301902 0.0050703136988192636 0.00072727139750291094 -0.0089226098024020976 0.0069394370581559901 -0.010679038955531246
leaf_weight=25.443383350968361 47.451438788324594 29.367457557469606 46.371172856539488 19.121498852968216 113.85136999934912 21.785477630794048 155.91422288864851 84.607307434082031 27.709557462483644 336.48733386397362 174.33033445477486 239.99331020191312 90.926931403577328 156.6876345872879
leaf_count=108 209 164 241 82 502 98 764 350 151 1457 715 1035 413 697
internal_value=-0.000147387 0.00241069 -0.00680043 0.00400405 0.00307701 0.00401392 -0.00223118 0.00623835 -0.0135278 0.00726839 -0.00377722 -0.0046291 -0.00217172 -0.00468782
internal_weight=1570.05 704.745 103.448 601.296 575.853 556.731 865.304 442.88 74.0807 421.095 709.39 661.938 421.945 331.018
internal_count=6986 3153 556 2597 2489 2407 3833 1905 392 1807 3069 2860 1825 1412
is_linear=0
shrinkage=0.03


Tree=30
num_leaves=15
num_cat=0
split_feature=15 23 32 23 23 24 32 29 29 13 32 1 32 1
split_gain=14.1162 17.15 15.4885 11.953 9.63753 17.1426 14.7033 22.0551 17.2783 16.559 13.537 22.0272 20.0659 13.8949
threshold=0.00020493426091405811 -0.10863137914292255 -0.61734245059638992 -0.056543917134464654 -0.22269417245204745 0.0018605174781806762 -0.098011308799811417 1.0306928283873871 0.67527527696271228 0.86608639076969596 -0.74455857214455057 -0.046096424574089363 -0.48098876891938808 0.12676426291084125
decision_type=10 10 2 10 10 8 2 10 10 8 2 2 2 2
left_child=1 4 -3 -4 5 -1 7 8 9 -7 13 -12 -13 -9
right_child=-2 2 3 -5 -6 6 -8 10 -10 -11 11 12 -14 -15
leaf_value=0.02643174141303712 -0.015816861495866811 -0.003420298290624763 0.035268839128770095 0.010679552641676162 -0.011053882941325432 0.0045072342357855089 -0.0032158273159202349 -0.013514884993979501 0.012171996099673194 -0.024764935772861082 0.021165976557898234 0.0077791957363439936 -0.025212955841870468 0.013834270848186822
leaf_weight=21.018034130334854 47.840436715632677 43.4235535338521 25.6502306163311 57.965575713664293 71.48854061588645 64.859848268330097 694.35337054729462 119.80353053286672 251.42094057053328 22.656944714486599 41.705286208540201 37.890504918992519 28.049454525113106 18.575465183705091
leaf_count=95 214 182 109 260 322 278 3036 562 1085 102 213 188 135 100
internal_value=5.51739e-05 0.000571983 0.0110724 0.0185503 -0.000407782 0.000185554 -0.000265955 0.00323507 0.00818812 -0.00326511 -0.00359406 0.00436295 -0.00642196 -0.00977072
internal_weight=1546.7 1498.86 127.039 83.6158 1371.82 1300.33 1279.32 584.962 338.938 87.5168 246.024 107.645 65.94 138.379
internal_count=6881 6667 551 369 6116 5794 5699 2663 1465 380 1198 536 323 662
is_linear=0
shrinkage=0.03


Tree=31
num_leaves=15
num_cat=0
split_feature=32 23 32 1 31 13 23 13 13 24 27 1 28 32
split_gain=8.91091 17.6546 14.7536 14.2219 14.9577 12.6642 12.4403 10.3707 19.39 14.5814 14.3821 13.3423 12.4307 11.2099
threshold=-0.098011308799811417 -0.10742620343718433 -0.63435554093529922 -0.024670518304864563 0.92794370089704281 -1.030035652985793 0.0512624242273041 1.2290063896109036 1.0949529298448348 0.00088583329566206497 -8.7780915240776007 -0.24610814206036197 3.0609294436612093 0.91531147911944732
decision_type=2 8 2 2 2 8 8 8 10 8 10 2 10 2
left_child=1 -1 5 4 -4 -3 -5 8 9 12 11 -11 -2 -9
right_child=7 2 3 6 -6 -7 -8 13 -10 10 -12 -13 -14 -15
leaf_value=-0.016953542046586747 0.023158544126466538 0.016077054253601977 0.024103767820577653 0.026529739470644013 1.7340653781223955e-05 -0.0012356332397256986 -0.00010620232701633252 -0.01584716400910061 0.024605052109570331 -0.013229349877266768 -0.0058335452662572262 0.0080942074382847253 -0.00024554070014593519 0.0073507085735873686
leaf_weight=37.17508003488183 36.794622868299484 41.321259640157223 83.004849702119827 17.06452538818121 32.061413828283548 373.85059739276767 124.78848987072706 79.827554125338793 25.87668090686202 31.269165445119143 440.70737563073635 145.64588730409741 44.396343700587749 23.755069851875305
leaf_count=169 161 201 387 84 145 1646 599 364 118 150 1898 636 193 117
internal_value=0.000436246 0.00290217 0.004024 0.0096592 0.0174504 0.000521956 0.00326131 -0.00167633 -0.000401292 -0.0013611 -0.00293659 0.00427216 0.0105136 -0.0105077
internal_weight=1537.54 709.266 672.091 256.919 115.066 415.172 141.853 828.273 724.69 698.813 617.622 176.915 81.191 103.583
internal_count=6868 3231 3062 1215 532 1847 683 3637 3156 3038 2684 786 354 481
is_linear=0
shrinkage=0.03


Tree=32
num_leaves=15
num_cat=0
split_feature=33 33 23 30 30 1 15 0 27 29 26 23 1 31
split_gain=8.34366 8.81551 8.22303 7.62673 8.77778 7.69448 7.47237 8.52756 7.4264 17.0201 9.49264 9.38463 8.70428 8.85131
threshold=0.16682684476506957 0.0008054316641544361 0.0012293142640189584 -0.88896188294113576 -0.36950792985749176 0.099558806247398796 0.0030175569995805067 0.35694686827076599 -6.5590958470318474 1.3022288221956801 -11.440368441735236 -0.12713644485279257 -0.25130892435671065 -0.54643492068321342
decision_type=2 2 10 10 10 2 8 2 8 8 10 10 2 2
left_child=1 3 8 -1 -5 -6 -2 -8 9 10 -3 12 -12 -14
right_child=6 2 -4 4 5 -7 7 -9 -10 -11 11 -13 13 -15
leaf_value=-0.0092127858810268064 -0.012346307009670262 0.013663193056864061 0.013422097840630996 0.022913632873899165 0.0096254647198430136 -0.0075942877307011514 0.0072026869788939058 -0.0087406049908803369 -0.00433310077360235 -0.014453442422063641 -0.015173940130148977 0.020250692491730334 -0.0076923505839964152 0.0066749245261330248
leaf_weight=26.023583963513374 21.83079532533884 67.970695707947016 28.830573797225952 28.046720176935196 73.453080490231514 33.15653432905674 274.22482008486986 33.06163190677762 695.53431620821357 52.612504098564386 31.959850698709488 19.464434027671814 58.243125692009926 109.82618980109692
leaf_count=109 105 305 128 116 319 155 1343 180 2993 273 142 81 241 449
internal_value=1.58517e-05 -0.00112396 -0.00211364 0.00540484 0.00827692 0.00424916 0.00424929 0.00546452 -0.00255868 0.00107249 0.00395434 0.000899462 -0.00107493 0.00168001
internal_weight=1554.24 1225.12 1064.44 160.68 134.656 106.61 329.117 307.286 1035.61 340.077 287.464 219.494 200.029 168.069
internal_count=6939 5311 4612 699 590 474 1628 1523 4484 1491 1218 913 832 690
is_linear=0
shrinkage=0.03


Tree=33
num_leaves=15
num_cat=0
split_feature=33 30 13 29 13 33 13 13 27 33 32 13 32 13
split_gain=11.5288 11.2048 10.9801 10.2659 19.3079 11.8583 18.7566 12.5992 12.4511 12.2158 10.9944 10.7394 10.62 15.608
threshold=0.0005309732778605627 -0.75450420332269774 -0.34581979859030321 1.4928968948613293 -0.13223310650715225 0.14121587531479476 1.421300099785735 -1.1266327272672065 -29.617927297866938 0.001568766670016912 0.68355163169896505 0.66132013130627421 -0.97854064376158167 -0.67077613501119149
decision_type=2 10 8 8 8 2 10 10 10 2 2 10 2 10
left_child=1 -1 -3 5 -5 6 8 -7 -2 -8 -11 -6 13 -10
right_child=3 2 -4 4 11 7 9 -9 12 10 -12 -13 -14 -15
leaf_value=-0.010664735574745765 0.015895897502823924 0.00061185431220562084 0.025017636443276141 0.0044749306323208348 -0.03272190902748906 -0.011062559057895313 0.0073272204653140865 0.0073510245063720878 0.032633541942357361 -0.011867841986755064 -0.037079593330601117 -0.007888027379421873 -0.0019675110018064668 0.0024002067465289734
leaf_weight=17.211011812090874 40.731428306549788 26.618769705295563 43.264636717736721 51.180446941405535 30.440656583756208 37.046553201973438 19.252665646374226 280.89042363315821 18.442890748381615 58.228104498237371 21.159301243722439 32.934328705072403 810.74119652807713 74.230944693088531
leaf_count=72 191 114 195 306 167 193 88 1329 77 260 96 195 3391 305
internal_value=1.50562e-05 0.0105578 0.0158612 -0.000614072 -0.00919878 0.000114875 -0.00143215 0.00517748 -0.000125579 -0.0138114 -0.0189653 -0.0201394 -0.000864702 0.00870104
internal_weight=1562.37 87.0944 69.8834 1475.28 114.555 1360.72 1042.79 317.937 944.146 98.6401 79.3874 63.375 903.415 92.6738
internal_count=6979 381 309 6598 668 5930 4408 1522 3964 444 356 362 3773 382
is_linear=0
shrinkage=0.03


Tree=34
num_leaves=15
num_cat=0
split_feature=33 30 33 1 31 13 13 33 33 13 13 28 30 13
split_gain=9.68531 9.52733 9.4842 9.51579 9.27395 8.84259 12.3413 14.0078 8.4853 17.7054 15.6503 26.0281 14.9355 13.8817
threshold=0.0005309732778605627 -0.75450420332269774 0.58228290274134042 -0.046096424574089363 -1.0000000180025095e-35 -3.8155692453800767 -2.2791823608638331 0.034247825836957811 0.12992487734036787 2.0888243718068766 -1.0000000180025095e-35 18.143493719384733 0.6569589303692086 0.64678223456562589
decision_type=2 10 2 2 2 10 10 2 2 10 10 10 10 10
left_child=1 -1 5 4 -4 -2 7 -7 -8 10 11 12 -10 -12
right_child=2 -3 3 -5 -6 6 8 -9 9 -11 13 -13 -14 -15
leaf_value=-0.0098444642220142549 -0.014585412496247516 0.014880681900768335 0.0069991622588166658 0.00016882919257366262 0.037716195983009737 0.026162495928816244 -0.0028227492627542461 -0.0074329862969852705 0.023993496902836579 0.030141971991271239 -0.015877583324050395 -0.011990522534616199 -0.0062532082236277488 0.0043495370005982087
leaf_weight=17.068819031119347 43.804282408207655 64.825504496693611 21.450714379549026 49.967954229563475 14.782335504889486 29.532253228127956 1025.0320445857942 17.038831785321236 67.410142451524734 19.271509572863579 65.851214297115803 38.059374548494816 18.254923392087221 55.578993648290634
leaf_count=71 211 286 120 283 91 130 4406 86 290 105 294 177 101 262
internal_value=-0.000306037 0.00967075 -0.000869564 0.00872686 0.0202075 -0.00147496 -0.00103452 0.0139731 -0.00158696 0.00319611 0.00096406 0.00843981 0.0175502 -0.00665966
internal_weight=1547.93 81.8943 1466.03 86.201 36.233 1379.83 1336.03 46.5711 1289.46 264.426 245.155 123.724 85.6651 121.43
internal_count=6913 357 6556 494 211 6062 5851 216 5635 1229 1124 568 391 556
is_linear=0
shrinkage=0.03


Tree=35
num_leaves=15
num_cat=0
split_feature=33 13 13 13 28 13 33 13 14 13 13 28 33 13
split_gain=12.2312 12.5179 9.68269 9.83653 22.0797 14.1608 9.55501 24.3032 24.1352 22.3493 18.2684 17.8401 16.6468 13.5018
threshold=0.14121587531479476 2.3131174980973843 -1.1266327272672065 -0.065868397494651967 18.143493719384733 0.029108913191908937 0.019111490483233937 -0.15456050112243125 -3.3934403410462717 0.68611385501386912 -1.4920239266478219 -16.037590101207751 0.056465118932625756 -0.33904499037677344
decision_type=2 10 10 10 10 10 2 10 8 10 8 10 2 10
left_child=6 2 -2 4 -4 -5 13 10 -9 -10 12 -12 -8 -1
right_child=1 -3 3 5 -6 -7 7 8 9 -11 11 -13 -14 -15
leaf_value=-0.0042724663471928664 -0.0092799180167311181 0.0292178565539957 0.020490160695938155 -0.023131504220264647 -0.0057396382467153903 0.0040622875354514067 0.0041889430732075976 0.0097808172716365906 -0.025541894581851712 -0.0044525334730914105 0.027057932679584028 0.0020688474815080725 -0.034739746726564165 0.0036711940077891973
leaf_weight=315.16560028865933 43.609549548476934 17.366577416658401 86.400548215955496 18.698835082352161 42.593208499252796 136.7846272662282 20.194738693535328 38.374511770904064 101.19664641097188 82.027840752154589 34.139057300984859 96.557756796479225 18.015863861888647 491.65041422843933
leaf_count=1352 239 101 410 90 207 664 90 163 439 363 153 417 83 2109
internal_value=0.000136743 0.00510129 0.00373982 0.00576123 0.0118517 0.000664972 -0.0012987 -0.0051444 -0.0116571 -0.0161758 0.00341833 0.00875209 -0.0145834 0.000566724
internal_weight=1542.78 345.453 328.087 284.477 128.994 155.483 1197.32 390.506 221.599 183.224 168.907 130.697 38.2106 806.816
internal_count=6880 1711 1610 1371 617 754 5169 1708 965 802 743 570 173 3461
is_linear=0
shrinkage=0.03


Tree=36
num_leaves=15
num_cat=0
split_feature=33 1 31 33 15 23 16 30 30 19 32 31 28 1
split_gain=7.9444 10.1312 11.7632 8.48429 7.81813 9.32541 8.53241 6.19549 6.05141 14.0157 8.85531 8.47412 8.34823 8.18274
threshold=0.58228290274134042 -0.0079254764285179493 0.87137607974597331 0.0005309732778605627 0.00020493426091405811 -0.10455749393749507 -0.0031434977197051235 0.51893598547258746 -0.040170996671962556 -0.71300247551864249 -0.98279651670771917 -0.55557023301960229 53.687871819767537 0.26354862892862835
decision_type=2 2 2 2 8 10 10 10 8 10 2 2 8 2
left_child=3 2 -2 -1 5 -5 8 -3 9 10 -6 -11 -12 -10
right_child=1 7 -4 4 6 -7 -8 -9 13 11 12 -13 -14 -15
leaf_value=0.0083076219185314187 0.0072742391951316123 -0.010352405939287665 0.040309691989786435 -0.0065754843711762134 0.013039130285696024 0.020346400012982747 -0.017678950416879502 0.012102523865988771 -0.0042924015970298062 -0.0038790204119474613 -0.0012739114401374252 0.018890540805882303 -0.021296481819865036 0.014025856196814075
leaf_weight=84.902284871786833 29.428358376026154 27.490356303751469 13.915459856390951 17.852664202451706 36.792289763689041 30.01493913680315 28.94118395075202 17.088187474757433 596.09542174264789 19.740452721714973 551.9969000145793 53.476503700017929 18.408821642398834 21.826461866497993
leaf_count=370 164 151 84 83 150 130 128 104 2741 81 2312 225 79 109
internal_value=-0.000310699 0.00839552 0.0185501 -0.000840365 -0.00141079 0.0103765 -0.00184339 -0.00166813 -0.00147706 0.000474906 -0.00102768 0.012782 -0.00195624 -0.00362374
internal_weight=1547.97 87.9224 43.3438 1460.05 1375.15 47.8676 1327.28 44.5785 1298.34 680.415 607.198 73.217 570.406 617.922
internal_count=6911 503 248 6408 6038 213 5825 255 5697 2847 2541 306 2391 2850
is_linear=0
shrinkage=0.03


Tree=37
num_leaves=15
num_cat=0
split_feature=29 27 31 27 28 31 33 31 1 23 23 32 29 30
split_gain=11.1918 13.5701 10.1031 11.0922 9.97746 12.3686 9.0042 12.25 11.8347 14.8036 11.4264 20.6042 14.9696 8.9042
threshold=1.4928968948613293 -10.31127793508446 -0.66746801135786415 -7.7695405497735228 -7.6713085697743812 0.13052619222005182 0.21420990886416957 0.47136869107721086 0.097527934677530279 -0.025553694118811806 -0.059543375405507977 0.14132478920498384 0.69277411881348294 -0.040170996671962556
decision_type=8 10 2 10 10 2 2 2 2 8 8 2 10 10
left_child=1 -1 -2 -4 5 -3 7 8 10 -10 12 13 -6 -12
right_child=2 4 3 -5 6 -7 -8 -9 9 -11 11 -13 -14 -15
leaf_value=0.0061231562439811212 0.0066663265594196072 -0.0019936986313007291 -0.026091417897126306 -0.0045156710830841417 0.027644371632458715 0.0096762312453901357 0.0043687961550746895 -0.0096874952364658286 -0.01678007384946327 0.011561047565224719 0.0089071684740071582 -0.01637415058348337 -0.0071622699904940702 -0.0064848181162836405
leaf_weight=337.78075750917196 28.180052138864994 168.74578900635242 36.79393681883812 50.782894685864449 20.622027814388275 157.01642014458776 135.8420917019248 226.7715967670083 18.939690366387367 99.798508562147617 65.838139429688454 109.76535882800817 22.230325147509575 67.506784029304981
leaf_count=1507 162 728 215 287 85 665 662 967 80 438 267 463 93 288
internal_value=0.000148854 0.000877026 -0.00878242 -0.0137726 -0.000748239 0.00364357 -0.00261509 -0.00412199 -0.00098721 0.00693803 -0.00429066 -0.00681087 0.00983631 0.0011246
internal_weight=1546.61 1430.86 115.757 87.5768 1093.08 325.762 767.315 631.472 404.701 118.738 285.963 243.11 42.8524 133.345
internal_count=6907 6243 664 502 4736 1393 3343 2681 1714 518 1196 1018 178 555
is_linear=0
shrinkage=0.03


Tree=38
num_leaves=15
num_cat=0
split_feature=33 13 29 13 13 32 1 33 13 33 28 32 33 23
split_gain=8.95087 9.37285 25.2561 12.6827 12.4382 12.4324 9.16265 9.58881 8.85235 8.23199 13.7932 7.64412 6.29616 6.01801
threshold=0.0005309732778605627 1.2290063896109036 0.59029712492425579 1.0949529298448348 3.1350948948233719 0.21643961393810271 -0.33614190617359857 0.0090276288773079218 -0.26797507847734237 0.0059513797502921996 -27.371195113423671 0.38268343236508956 0.022577558287751102 -0.10666230492613006
decision_type=2 8 10 10 8 2 2 2 8 2 10 2 2 10
left_child=8 3 5 6 9 -3 7 -2 -1 -4 -11 -6 -12 -8
right_child=1 2 4 -5 11 -7 13 -9 -10 10 12 -13 -14 -15
leaf_value=-0.0023781962215535107 -0.0043418817103710126 -0.04645228064292499 -0.016323267684556757 0.019050703559277012 0.024683206605655688 -0.010838267171081523 -0.0013012894174015402 0.02539458480283064 0.017595934089379251 0.023989675515892848 0.0077194275568647818 -0.00078701656299711949 -0.012391337504649338 0.0058054596907654715
leaf_weight=33.153524741530418 15.567661259323357 17.543023899197578 45.614956542849541 30.850358556956053 21.110326938331127 18.349222041666508 1079.9591634720564 24.051799230277538 48.413606464862823 15.582681983709334 19.000320434570312 20.264397509396076 46.97843037545681 118.05843438580632
leaf_count=141 81 82 200 140 108 91 4778 124 216 76 78 95 216 509
internal_value=-6.52271e-05 -0.000603634 -0.00654818 0.000358858 -0.00161723 -0.0290326 -0.000122075 0.013891 0.00954684 -0.00626653 -0.0005125 0.0124843 -0.00657113 -0.000596698
internal_weight=1554.5 1472.93 204.443 1268.49 168.551 35.8922 1237.64 39.6195 81.5671 127.176 81.5614 41.3747 65.9788 1198.02
internal_count=6935 6578 946 5632 773 173 5492 205 357 570 370 203 294 5287
is_linear=0
shrinkage=0.03


Tree=39
num_leaves=15
num_cat=0
split_feature=28 29 21 15 31 22 29 29 28 29 33 33 33 1
split_gain=14.0897 7.99581 7.17441 6.85898 8.89166 12.1054 6.7721 9.09257 13.8214 18.2285 10.3428 6.56313 8.97781 10.8087
threshold=-5.7860713193091931 1.7326514096100607 0.88738330839444057 -0.0022985995558535417 0.13052619222005182 -0.60640925324071226 1.3762156578019471 0.93363102751861649 -25.157974119354162 0.71100811289584687 0.051950417295342784 0.14121587531479476 0.043975078840948943 -0.016297910526432556
decision_type=8 10 10 10 2 10 8 10 10 10 2 2 2 2
left_child=1 3 -2 4 11 6 7 8 -6 -10 -9 12 13 -1
right_child=2 -3 -4 -5 5 -7 -8 10 9 -11 -12 -13 -14 -15
leaf_value=0.0084567039936421264 -0.0025524548031132634 -0.012823001553674102 0.014628873137197414 -0.011711246398210674 -0.0075013938596205556 0.031719796647343097 -0.0091503935967013391 0.02161012846207359 0.024320010902912269 -0.003234115109812754 -0.0021364548494947682 0.0086095197757877703 -0.01008158167731658 -0.0076229323830044136
leaf_weight=105.16129695624113 897.92043204605579 24.459792450070381 21.435084216296673 22.112607590854168 57.116252295672894 18.591248504817486 20.260222509503365 68.779432758688927 45.093463256955147 40.284874841570854 21.40077155828476 85.331523075699806 68.815765276551247 57.348443143069744
leaf_count=449 3992 166 94 101 248 83 93 293 189 169 101 425 300 239
internal_value=0.000236319 0.00367084 -0.00213641 0.00435178 0.00497452 0.00894775 0.00715563 0.00860857 0.00384349 0.011432 0.0160132 0.00155012 -0.0010798 0.00277041
internal_weight=1554.11 634.756 919.356 610.296 588.183 271.526 252.935 232.675 142.495 85.3783 90.1802 316.657 231.326 162.51
internal_count=6942 2856 4086 2690 2589 1176 1093 1000 606 358 394 1413 988 688
is_linear=0
shrinkage=0.03


Tree=40
num_leaves=15
num_cat=0
split_feature=28 33 13 23 23 29 33 13 23 33 13 13 33 13
split_gain=8.92717 11.0961 20.2529 10.8857 10.8494 9.74478 14.3242 11.411 9.32928 8.46793 16.1096 10.1039 26.6855 22.0888
threshold=5.3975810465756178 0.21420990886416957 -0.76286157536448307 -0.0070955959396541883 -0.053802668094404087 0.38439550055520683 0.028990158688221381 1.2290063896109036 -0.093542167625665099 0.0008054316641544361 -0.34581979859030321 -0.14340630110430261 0.0059513797502921996 -1.3609952845775279
decision_type=8 2 10 10 10 8 2 8 8 2 8 10 2 10
left_child=3 4 -3 9 5 -2 7 8 -7 10 -1 12 13 -11
right_child=1 2 -4 -5 -6 6 -8 -9 -10 11 -12 -13 -14 -15
leaf_value=-0.0061286280758371453 0.017816937334088945 -0.022727410543654687 0.010993095923161094 0.021705543006209357 -0.020160767735445593 -0.018139989594921427 -0.012521646484784765 -0.014539959742668642 0.0026885471372835282 0.019802064016916067 0.020861936243248832 -0.0025331457452066404 0.0096488159516986954 -0.014482782894962638
leaf_weight=31.516564533114433 18.199689790606499 18.042133934795856 101.51757191494107 23.903959337621927 35.310367524623871 19.763684034347534 128.43828569725156 46.38415140658617 284.91844330728054 19.921389143913984 51.337165430188179 422.45658749341965 251.75373655185103 88.783362556248903
leaf_count=134 77 90 508 107 155 85 594 203 1230 94 225 1871 1147 374
internal_value=0.000194232 -0.00246866 0.0057582 0.00214804 -0.00432134 -0.00315941 -0.003991 -0.00084334 0.00128255 0.00158363 0.0106444 0.000612402 0.00429579 -0.00807646
internal_weight=1542.25 652.574 119.56 889.673 533.015 497.704 479.505 351.066 304.682 865.769 82.8537 782.915 360.458 108.705
internal_count=6894 2942 598 3952 2344 2189 2112 1518 1315 3845 359 3486 1615 468
is_linear=0
shrinkage=0.03


Tree=41
num_leaves=15
num_cat=0
split_feature=28 29 13 31 13 13 29 13 31 1 31 13 13 13
split_gain=9.70341 11.3984 20.0495 15.2194 12.1028 10.4351 20.583 10.7611 11.5145 17.8279 10.332 10.0068 11.5718 11.4678
threshold=-3.1332640744397007 1.2911353729437396 -0.1472540367663823 -0.64278760968653914 -0.78513458530691371 1.2290063896109036 0.57692442869540239 0.68611385501386912 -0.95032354012166598 0.057193832488539938 -0.95032354012166598 2.1321072285474325 3.1350948948233719 0.82133055581122427
decision_type=8 10 10 2 10 8 10 10 2 2 2 10 10 8
left_child=1 10 4 -4 -3 7 -7 8 9 -2 -1 13 -13 -12
right_child=5 2 3 -5 -6 6 -8 -9 -10 -11 11 12 -14 -15
leaf_value=-0.0072546617310929977 -0.0028855733529638901 -0.0075889903044711569 0.0072324487833861466 -0.026650009839311165 0.023412897894935215 -0.037755756117235501 -0.0044330938844255405 0.0075251430476075193 -0.0039059539019605412 0.026159121895709087 0.0048124946058698331 -0.024109616614380717 0.0075733826362295231 0.017173105362417153
leaf_weight=60.801210075616837 49.17555021867156 20.767587404698133 15.794450566172598 43.579512841999531 22.993062146008015 19.620414465665817 89.258913274854422 116.2387963719666 552.29540284723043 29.839669235050678 393.1990543268621 20.004580080509186 19.781737975776196 80.983720242977142
leaf_count=255 213 124 86 223 122 96 407 528 2442 130 1702 87 97 350
internal_value=2.73417e-05 0.00270671 -0.00643423 -0.0176662 0.00885941 -0.00209419 -0.0107269 -0.0008242 -0.00237098 0.00827284 0.00435525 0.0057401 -0.00855739 0.00695521
internal_weight=1534.33 677.905 103.135 59.374 43.7606 856.429 108.879 747.549 631.311 79.0152 574.77 513.969 39.7863 474.183
internal_count=6862 3046 555 309 246 3816 503 3313 2785 343 2491 2236 184 2052
is_linear=0
shrinkage=0.03


Tree=42
num_leaves=15
num_cat=0
split_feature=27 29 33 16 24 29 32 30 29 33 24 29 29 23
split_gain=10.1065 15.4819 6.15623 6.55155 10.3275 6.36053 10.1835 9.03042 7.88252 5.99302 10.3122 12.7364 9.73386 10.3029
threshold=-10.31127793508446 1.5089547732759623 0.16682684476506957 0.0072579863614183901 0.0014597587880366017 0.80273282636872956 -0.19509032201612839 0.33374142285050573 0.73748994979280791 0.019111490483233937 -2.2349370737487295e-05 0.45586251366986696 0.41576657824288715 -0.040815208569837384
decision_type=8 8 2 8 8 10 2 10 10 2 10 10 10 10
left_child=1 -1 9 -4 -5 8 7 -7 -6 10 11 -2 -11 -14
right_child=2 -3 3 4 5 6 -8 -9 -10 12 -12 -13 13 -15
leaf_value=0.0067678989107300127 -0.016960568486108805 -0.012239739942248803 -0.014292163558988349 0.020947366508871145 0.00089903249429517187 -0.012367042476241333 0.018155128794696843 0.0084937001681978791 -0.020551627050471821 0.010126829726399032 -0.012431543920179337 0.0019395183701517002 -0.0089335730774257084 0.013478155364119485
leaf_weight=327.25473409891129 33.224233835935593 42.774103220552206 17.13261092454195 28.737356867641211 61.79654448479414 31.064344055950642 41.592079777270555 43.730332627892494 19.509523294866085 30.900662213563919 58.057013992220163 513.84768455475569 263.24459178000689 18.972635351121426
leaf_count=1459 141 258 80 140 298 152 194 236 90 135 249 2193 1155 82
internal_value=0.000232706 0.00454361 -0.00114302 0.00308864 0.0044608 0.00197089 0.00644578 -0.000219212 -0.00443525 -0.00226759 -0.000521466 0.000762845 -0.00562974 -0.00738463
internal_weight=1531.84 370.029 1161.81 243.563 226.43 197.693 116.387 74.7947 81.3061 918.247 605.129 547.072 313.118 282.217
internal_count=6862 1717 5145 1190 1110 970 582 388 388 3955 2583 2334 1372 1237
is_linear=0
shrinkage=0.03


Tree=43
num_leaves=15
num_cat=0
split_feature=15 1 29 30 23 27 23 29 29 28 29 13 13 28
split_gain=7.93245 10.556 9.82887 9.01541 16.4569 13.0847 11.9805 13.4541 9.62116 9.29041 9.1849 7.38687 6.84777 6.64894
threshold=0.00020493426091405811 -0.38193356569168041 0.93363102751861649 -0.040170996671962556 -0.10666230492613006 -7.4316792236794873 -0.004694706927195441 0.6169205605679412 0.65974699671320347 54.904198221055196 1.7326514096100607 0.82133055581122427 -0.26797507847734237 0.95783271882865517
decision_type=10 2 10 8 10 10 8 10 10 8 10 10 10 10
left_child=1 -1 -2 4 5 11 -5 -8 -6 -7 -9 -3 -12 -10
right_child=2 3 -4 6 8 9 7 10 13 -11 12 -13 -14 -15
leaf_value=0.02103619674575477 0.0018196192651912294 0.0047284744457278772 -0.02467551253234351 -0.013448291820555522 0.032547829285431984 -0.0006409379883103106 -0.011902106590611181 0.0017936749582941082 0.019556095598740556 -0.021994754023213117 3.0960554078852042e-05 0.019514045978021598 -0.026096267228600967 -0.0028136867037028899
leaf_weight=21.073377840220928 24.530802592635155 141.69641982018948 24.637127384543419 76.034708481281996 21.529465436935425 491.037971816957 85.969072870910168 522.23597056791186 22.827222019433975 18.051642119884491 17.021881099790335 38.112849183380604 18.219471897929907 23.566338367760181
leaf_count=118 110 599 111 346 90 2076 388 2387 96 79 128 163 125 99
internal_value=5.06081e-05 0.000443461 -0.0116838 0.000135471 0.00241972 0.00101984 -0.00226735 -0.000927305 0.016397 -0.00143975 0.00078341 0.00795306 -0.0138239 0.0083734
internal_weight=1546.54 1497.38 49.1679 1476.3 756.822 688.899 719.481 643.446 67.923 509.09 557.477 179.809 35.2414 46.3936
internal_count=6915 6694 221 6576 3202 2917 3374 3028 285 2155 2640 762 253 195
is_linear=0
shrinkage=0.03


Tree=44
num_leaves=15
num_cat=0
split_feature=31 13 29 1 31 32 13 28 13 13 33 13 30 23
split_gain=9.46644 15.4013 14.3877 12.5165 13.7643 12.1456 17.7181 11.9579 9.88891 13.6176 8.88095 8.33758 8.32394 7.44293
threshold=0.77296446310593014 1.2290063896109036 0.58048056193710862 -0.0046572351511375209 0.35222909080468517 -0.087155742747658124 -0.82383160786724063 3.9142971619821059 0.60824691977472667 0.90155586612006711 0.012599071030236922 -0.26797507847734237 -1.8902847965535992 -0.10742620343718433
decision_type=2 8 10 2 2 2 10 10 10 8 2 8 10 8
left_child=1 12 -3 4 10 6 -2 8 -7 -10 -4 -9 -1 -14
right_child=5 2 3 -5 -6 7 -8 11 9 -11 -12 -13 13 -15
leaf_value=0.016886951157586764 -0.01449559491573844 -0.02981989687122371 0.02134509341788781 -0.017402476847206239 -0.016281004658644814 0.012351364927442468 0.016242749406716328 0.0026676125741083752 -0.024089837931942137 0.011030371371492931 -0.001624576533568604 -0.016221000887094297 -0.0095150807413981377 0.00032038921402348299
leaf_weight=24.698422431945801 19.128734394907951 26.160421565175056 27.526971105486155 51.591578479856253 26.957544550299644 75.703167356550694 109.12036734074354 34.875099577009678 18.45992411673069 19.433321222662926 32.026201359927654 51.051395803689957 73.726099379360676 943.59423802420497
leaf_count=108 101 133 119 235 121 323 523 151 77 87 151 228 331 4180
internal_value=-9.5918e-05 -0.00132486 -0.00983322 -0.00586003 0.00114364 0.00441718 0.0115814 -0.000222595 0.00614321 -0.00625814 0.00916975 -0.00861216 2.45259e-05 -0.00040104
internal_weight=1534.05 1206.28 164.263 138.102 86.5107 327.772 128.249 199.523 113.596 37.8932 59.5532 85.9265 1042.02 1017.32
internal_count=6868 5378 759 626 391 1490 624 866 487 164 270 379 4619 4511
is_linear=0
shrinkage=0.03


Tree=45
num_leaves=15
num_cat=0
split_feature=15 33 33 33 33 29 23 23 31 27 1 29 26 27
split_gain=7.27705 8.06087 7.62322 6.47926 8.72549 13.9966 12.9919 12.8069 9.1597 9.56878 13.1079 7.64679 7.51153 7.27874
threshold=0.00069307297226117736 0.013693981322970113 0.0005309732778605627 0.16682684476506957 0.013693981322970113 0.45586251366986696 -0.037733305995954057 -0.033428922695290512 0.43245347597985045 -7.2232664814331207 0.10969437687179785 0.39901965912358223 14.333783026989623 -0.44609085752878025
decision_type=10 2 2 2 2 10 10 10 2 10 2 10 8 10
left_child=2 -2 -1 4 5 -4 8 11 9 -7 -11 -6 13 -10
right_child=1 -3 3 -5 7 6 -8 -9 12 10 -12 -13 -14 -15
leaf_value=0.0096506638043064152 -0.022984996021421386 0.0020463159984695184 -0.015391385135334936 0.0037661576339444247 0.0083441836796849661 0.013635135495641887 -0.018359816899840047 0.017309926646345633 0.0024518874651746963 -0.0010099985360898121 0.0149207174770985 -0.0063698353040567554 0.01747664885576013 -0.0089872982581363798
leaf_weight=76.170515667647123 24.367171335965395 21.02368725836277 41.732254028320312 314.57483824715018 33.520323194563389 108.98777513578534 25.013005174696445 22.819596260786057 100.86029906570911 185.47723238915205 60.98047049343586 422.00317200645804 16.189347803592682 97.746492378413677
leaf_count=335 111 96 180 1572 149 470 109 101 436 781 265 1848 79 413
internal_value=0.000106088 -0.011597 0.000466264 -2.93881e-05 -0.00110232 0.0011968 0.00238364 -0.00416007 0.00332407 0.00627347 0.00297607 -0.00527118 -0.00156306 -0.00319485
internal_weight=1551.47 45.3909 1506.08 1429.9 1115.33 636.987 595.255 478.343 570.242 355.445 246.458 455.523 214.796 198.607
internal_count=6945 207 6738 6403 4831 2733 2553 2098 2444 1516 1046 1997 928 849
is_linear=0
shrinkage=0.03


Tree=46
num_leaves=15
num_cat=0
split_feature=33 33 13 13 13 15 29 30 13 28 13 32 29 13
split_gain=7.89636 7.96059 13.4724 13.1868 13.3488 12.2274 9.59892 11.1015 9.50441 8.25164 14.4092 7.97132 23.6625 11.772
threshold=0.00057711700589420606 0.14121587531479476 1.421300099785735 1.8812940246837837 1.2290063896109036 0.014708005260775538 0.58048056193710862 -0.63323315192028562 -1.1266327272672065 -34.864737104540737 0.58732715111544198 -0.95688340256707749 1.2911353729437396 -0.090690809556656524
decision_type=2 2 10 10 8 8 10 10 10 10 10 2 10 8
left_child=-1 2 11 4 5 -3 -4 -8 -7 10 -10 12 13 -2
right_child=1 3 6 -5 -6 8 7 -9 9 -11 -12 -13 -14 -15
leaf_value=0.0080429607186396582 0.0015399864070886945 -0.020484326026848739 -0.034072969841429296 0.022799534675900551 -0.02207924359001218 -0.010016375788158324 0.0079924356623342161 -0.015010389476152328 0.0093865419017756142 0.0090534832017252192 -0.025943586838616924 -0.0020110278000757208 -0.024922080656219855 0.020035030791241849
leaf_weight=97.383501674979925 64.585401028394699 17.673308908939362 14.528548732399939 27.417425211519003 19.310895502567291 34.294693097472191 25.951530233025551 63.540622387081385 23.762999374419451 207.64915922656655 16.972064159810543 851.4343170709908 18.756260044872761 58.835645854473114
leaf_count=426 265 82 75 153 95 190 111 293 129 992 83 3663 100 243
internal_value=-0.000181069 -0.000740604 -0.00199275 0.00321363 0.00146788 0.00305007 -0.0122116 -0.00832527 0.00458848 0.00663707 -0.0056025 -0.000911739 0.00563946 0.0104469
internal_weight=1542.1 1444.71 1097.63 347.081 319.663 300.352 104.021 89.4922 282.679 248.384 40.7351 993.612 142.177 123.421
internal_count=6900 6474 4750 1724 1571 1476 479 404 1394 1204 212 4271 608 508
is_linear=0
shrinkage=0.03


Tree=47
num_leaves=15
num_cat=0
split_feature=23 33 32 13 13 14 13 33 13 32 29 33 13 1
split_gain=8.64394 7.86593 12.2614 10.8939 11.5314 8.76933 8.29222 12.9848 12.1541 41.8183 13.0504 10.165 13.4116 33.1237
threshold=0.0026251585973736239 0.14121587531479476 0.46174861323503363 1.8812940246837837 1.2290063896109036 -4.856851997594446 -1.4920239266478219 0.0054755336985943944 -0.82383160786724063 -0.81915204428899169 1.0341203776989769 0.013693981322970113 0.84244979796757558 -0.016297910526432556
decision_type=10 2 2 10 8 10 8 2 8 2 10 2 8 2
left_child=1 2 5 4 -3 6 7 -1 9 -8 11 12 -10 -14
right_child=-2 3 -4 -5 -6 -7 8 -9 10 -11 -12 -13 13 -15
leaf_value=0.026208233349276133 0.013814527281172332 0.0032575614105510866 -0.0059713313666893836 0.02148698400771807 -0.020258841799953978 -0.0097832255050728373 0.021754887794075629 -0.0011568113721249806 0.013048661949958891 -0.029878179702460445 -0.0045934545696779371 -0.0014388704158155615 0.018061781124026254 -0.024500655632877115
leaf_weight=28.837410930544138 37.238720212131739 296.91161012649536 410.24234091117978 26.468784462660551 19.034637704491615 67.365091383457184 20.668946534395218 32.548995058983564 174.99169598519802 39.965524423867464 189.29119672253728 137.88809506595135 32.397847216576338 31.459174513816833
leaf_count=131 172 1459 1775 149 94 292 86 151 723 166 873 579 138 134
internal_value=-0.000271846 -0.000628603 -0.00180294 0.00336272 0.00178133 0.000465683 0.00148187 0.0119125 0.00044276 -0.0122102 0.00181732 0.00504205 0.0087739 -0.00296107
internal_weight=1545.31 1508.07 1165.66 342.415 315.946 755.414 688.049 61.3864 626.662 60.6345 566.028 376.737 238.849 63.857
internal_count=6922 6750 5048 1702 1553 3273 2981 282 2699 252 2447 1574 995 272
is_linear=0
shrinkage=0.03


Tree=48
num_leaves=15
num_cat=0
split_feature=13 31 1 1 13 23 23 23 32 32 31 33 33 13
split_gain=6.86826 13.7559 18.188 13.2077 8.25357 7.82286 8.79516 10.4431 18.0413 10.4521 7.81277 7.92713 8.98066 25.0675
threshold=1.2290063896109036 0.77296446310593014 -0.10718381148091367 -0.0079254764285179493 1.0949529298448348 0.0026251585973736239 -0.037733305995954057 -0.10455749393749507 -0.61734245059638992 -0.98658463173998423 0.99702681066517462 0.11953665771840537 0.017583420074340848 -0.10740470915813187
decision_type=8 2 2 2 10 10 10 10 2 2 2 2 2 10
left_child=4 3 -3 -2 5 6 7 9 -9 -1 11 12 -11 -14
right_child=1 2 -4 -5 -6 -7 -8 8 -10 10 -12 -13 13 -15
leaf_value=0.012094197450649238 -0.0023196704858641335 -0.017579762801950748 0.019728905183910246 -0.019689222506476103 0.015693076928567855 0.015979946452033038 -0.0142724080767902 -0.0055391541039285144 0.027132460133537123 0.00020461117947478824 -0.016283005981267071 0.0040875179583848712 0.0017983886955274281 -0.017614655987587925
leaf_weight=58.499832265079021 99.21175504848361 16.177403949201107 36.77143482118845 64.696116559207439 31.583577800542116 27.367617532610893 36.443871021270752 26.997400630265474 33.016359485685825 558.00534305721521 27.627895891666412 264.90334144979715 136.36009845137596 105.48209318518639
leaf_count=255 456 78 183 301 143 126 158 115 142 2394 120 1309 596 454
internal_value=-3.84143e-05 -0.00497001 0.00821546 -0.00925343 0.000783455 0.000402024 4.77041e-05 0.000490114 0.0125851 -0.000150971 -0.000817195 -0.00040099 -0.0018908 -0.00670649
internal_weight=1523.14 216.857 52.9488 163.908 1306.29 1274.7 1247.34 1210.89 60.0138 1150.88 1092.38 1064.75 799.848 241.842
internal_count=6830 1018 261 757 5812 5669 5543 5385 257 5128 4873 4753 3444 1050
is_linear=0
shrinkage=0.03


Tree=49
num_leaves=15
num_cat=0
split_feature=30 14 29 29 33 19 32 33 1 23 1 29 33 32
split_gain=6.26544 12.4038 13.3763 10.9285 11.6179 10.4407 9.13828 8.30836 8.34843 7.73954 7.49279 6.60577 8.43329 9.24961
threshold=-0.050214590141883071 -4.2018614124217359 0.52080745425801855 0.50258811724095376 0.066705656214754563 0.1473076961566733 -0.98279651670771917 0.53572613240131972 0.26354862892862835 -0.018213757359317202 -0.046096424574089363 0.60368363346302212 0.020772356398613391 0.78661891169205844
decision_type=8 8 10 10 2 8 2 2 2 10 2 10 2 2
left_child=1 2 -1 4 -3 9 -5 8 11 -2 -9 -7 13 -13
right_child=5 3 -4 6 -6 7 -8 10 -10 -11 -12 12 -14 -15
leaf_value=0.033831348479749862 -0.018544500879945278 -0.015819655804431582 0.00599569017150345 0.016666918357191723 0.0044115489981829265 -0.010607298050878103 0.0011657266392752323 0.02327710478223256 0.015771206569268358 0.0032751708105897277 0.001124725769933405 0.0044591158721313251 -0.0054775135628920201 -0.010564455495889068
leaf_weight=19.312810704112053 53.116442944854498 66.94799617677927 68.796946793794632 35.511686116456985 40.36104080080986 77.379642106592655 551.00904014706612 22.236837174743414 22.429368302226067 19.682822223752737 33.894420191645622 243.08271429315209 233.45298676937819 42.47720043733716
leaf_count=82 247 287 292 145 189 344 2330 138 113 94 194 1085 1128 196
internal_value=-4.86306e-06 0.0018715 0.0124082 0.00051751 -0.00823983 -0.00196689 0.00213104 -0.000794276 -0.00180217 -0.0126806 0.0101544 -0.00248837 -0.00125985 0.00219528
internal_weight=1529.69 781.94 88.1098 693.83 107.309 747.752 586.521 674.953 618.822 72.7993 56.1313 596.393 519.013 285.56
internal_count=6864 3325 374 2951 476 3539 2475 3198 2866 341 332 2753 2409 1281
is_linear=0
shrinkage=0.03


Tree=50
num_leaves=15
num_cat=0
split_feature=23 27 29 13 13 1 0 28 32 29 23 24 29 32
split_gain=7.63274 5.86669 10.0725 8.68253 13.8886 8.65143 9.42441 6.7682 6.48384 14.5072 15.3498 10.9564 11.0961 15.8122
threshold=-0.21547863155551744 -12.276429926418862 1.5089547732759623 -0.78513458530691371 -1.1266327272672065 -0.064645736674354096 -0.067286553697305504 -13.14465813605281 -0.098011308799811417 0.9729294013981783 -0.17157349097909017 0.00058314087535239311 0.9610919805022563 0.29026740676763269
decision_type=8 8 8 10 10 2 2 10 2 10 10 8 8 2
left_child=-1 2 3 4 7 6 -5 -2 9 -3 -11 -10 -13 -14
right_child=1 8 -4 5 -6 -7 -8 -9 11 10 -12 12 13 -15
leaf_value=0.018427558458494645 0.017180700821442428 0.0052456426000149579 -0.011219452447516719 0.0060229098438522389 -0.023217282746111803 0.014405072629103347 -0.015119948502748302 -0.0075136318624610468 0.0064565298405833346 -0.0015335938380658879 -0.023077263598811754 -0.0077224657228420149 -0.01408923946197535 0.006941212897318574
leaf_weight=18.152610473334789 20.594197873026133 298.62969393655658 39.166466474533081 116.72271309420466 22.806789375841618 94.20812513679266 21.64224673807621 17.77654206007719 84.116494245827198 209.00020399689674 33.742467369884253 409.85958594828844 42.503032699227333 122.6537544503808
leaf_count=83 105 1292 239 539 99 409 93 82 366 998 156 1752 196 559
internal_value=-0.000394395 -0.000629073 0.00288908 0.00480188 -0.00519168 0.00744163 0.0026311 0.00583996 -0.0016063 0.000825879 -0.00461067 -0.00360217 -0.00508226 0.00147681
internal_weight=1551.57 1533.42 332.917 293.751 61.1775 232.573 138.365 38.3707 1200.51 541.372 242.743 659.133 575.016 165.157
internal_count=6968 6885 1566 1327 286 1041 632 187 5319 2446 1154 2873 2507 755
is_linear=0
shrinkage=0.03


Tree=51
num_leaves=15
num_cat=0
split_feature=28 13 31 29 31 13 13 31 33 13 29 30 23 32
split_gain=7.38794 9.55905 12.9493 9.85932 21.1244 12.3768 9.24702 24.315 10.0703 10.9636 8.92922 13.8154 8.88796 18.6284
threshold=9.3112334189493513 2.1321072285474325 0.71473537162315171 1.4134967722201519 -0.66746801135786415 -0.15456050112243125 0.88970192208217724 -0.49049438445969368 0.0028112327366982071 1.8812940246837837 0.40792632789805278 -0.91568604021536115 -0.11391924534706828 -0.61734245059638992
decision_type=8 10 2 10 2 10 8 2 2 8 8 10 10 2
left_child=1 3 -3 6 -5 -6 12 -8 -9 -10 -2 -12 -1 -14
right_child=10 2 -4 4 5 -7 7 8 9 -11 11 -13 13 -15
leaf_value=0.00038622643402770151 0.015020759184312945 -0.018295423248332627 0.010500395070644574 0.016426607416411127 -0.0030559824497580481 -0.031567733787669292 -0.012258058589700277 0.0011735502393238888 0.033831717237121355 0.0078073579204535198 -0.015708597045180329 -0.0020718771308830515 -0.0052727857242830705 0.024988149214815347
leaf_weight=644.20688293874264 22.182331867516041 46.759437538683414 19.150480732321739 21.229297954589128 26.051716413348913 28.471302580088377 30.298885643482208 22.312197409570217 40.753792814910412 23.518409483134747 76.902823701500893 475.13489766046405 32.7877357006073 39.636863924562931
leaf_count=2766 97 236 91 120 150 151 135 95 173 105 330 2191 134 177
internal_value=-0.000540423 0.00104914 -0.00989676 0.00185258 -0.00844092 -0.0182449 0.00279708 0.0105844 0.0186264 0.0245744 -0.00323706 -0.00399654 0.00151398 0.0114033
internal_weight=1549.4 975.177 65.9099 909.267 75.7523 54.523 833.515 116.883 86.5844 64.2722 574.22 552.038 716.631 72.4246
internal_count=6951 4333 327 4006 421 301 3585 508 373 278 2618 2521 3077 311
is_linear=0
shrinkage=0.03


Tree=52
num_leaves=15
num_cat=0
split_feature=28 23 14 22 29 29 29 29 30 28 29 16 31 29
split_gain=8.74908 8.58255 10.3766 11.6687 7.81182 14.1053 7.18756 8.05328 6.92726 7.76399 7.5324 6.89136 6.16582 6.1228
threshold=-3.1332640744397007 -0.0079108248475072175 -4.8597154857527016 0.8293125794038142 0.59475909358423684 0.71100811289584687 0.68094746937944817 0.64451437492440233 0.98075116751482605 49.060192212273542 1.0457045491036612 -0.00035695391731493936 0.49049438445969384 0.89146749245941848
decision_type=8 10 8 8 10 10 10 10 8 10 10 8 2 10
left_child=1 2 -1 13 -5 6 7 -6 11 -10 -11 -2 -7 -4
right_child=8 -3 3 4 5 12 -8 -9 9 10 -12 -13 -14 -15
leaf_value=0.020838603090968105 -0.01639568425826169 0.022763615295352816 -0.024773985537741149 -0.0045727616850910922 0.01942542681673649 -0.000859453139873275 0.029015699855194695 -0.0029050217037535726 -0.014478183009400201 0.01406170977974068 -0.008941409821134793 -0.00023071997569909142 0.0068967431093467525 -0.0022796479459906774
leaf_weight=24.49834481626749 23.579948782920837 17.53905113786459 21.036926880478859 115.92430787533522 31.165600690990686 270.74270082637668 23.754357144236565 26.100720152258873 74.834068898111582 20.995266973972321 29.688965290784836 691.86597210168839 138.76704044267535 21.972988739609718
leaf_count=112 101 81 91 515 135 1239 101 111 365 110 201 2985 633 99
internal_value=0.000123398 0.00262113 0.002064 0.00132486 0.00240362 0.00405825 0.0154152 0.00937252 -0.0019311 -0.00840235 0.000675031 -0.000785632 0.00177922 -0.013595
internal_weight=1532.47 691.502 673.963 649.465 606.455 490.53 81.0207 57.2663 840.964 125.518 50.6842 715.446 409.51 43.0099
internal_count=6879 3117 3036 2924 2734 2219 347 246 3762 676 311 3086 1872 190
is_linear=0
shrinkage=0.03


Tree=53
num_leaves=15
num_cat=0
split_feature=31 13 13 28 13 1 1 29 16 22 22 14 29 33
split_gain=7.77626 19.3302 30.6351 12.2869 11.9255 18.9667 11.6884 13.1379 13.6471 10.016 10.2664 12.7724 9.49147 8.41707
threshold=0.79989897227935891 0.84244979796757558 0.60824691977472667 0.95783271882865517 1.2290063896109036 -0.0079254764285179493 -0.066532460130513296 0.85630477252833437 0.0010825438106163434 -0.095200137399634219 0.72908789709975863 -4.6391752828878188 0.86261532939240193 0.0028112327366982071
decision_type=2 10 10 10 8 2 2 10 8 8 8 10 10 2
left_child=4 2 3 12 6 13 7 8 -1 -8 -11 -12 -2 -6
right_child=1 -3 -4 -5 5 -7 9 -9 -10 10 11 -13 -14 -15
leaf_value=0.016170610307716035 0.018329534035080051 0.018099837139147052 -0.027617788580379596 -0.0032447137916874653 0.012184271845872075 -0.020853037386233144 -0.011824331342599963 0.0017579044564746482 -0.010792984971678089 0.017041197318760009 0.0033704143797439624 -0.019239773012562449 0.00012475613458639629 -0.0060764613665787656
leaf_weight=17.465067461133003 65.250948205590248 68.204762130975723 30.24794590473175 101.69292153418064 31.705844543874264 66.891733206808567 39.68219155818224 203.4472389370203 212.80916423350573 45.914039008319378 527.07330209761858 22.498141959309578 42.212091185152531 73.397897474467754
leaf_count=81 289 332 133 458 145 310 173 946 904 198 2354 98 199 337
internal_value=-0.000126939 0.0041351 9.78839e-05 0.00421844 -0.00118595 -0.00849345 -3.26235e-06 -0.00379473 -0.00868686 0.00258762 0.00356622 0.00241154 0.0112457 -0.000504969
internal_weight=1548.49 307.609 239.404 209.156 1240.88 171.995 1068.89 433.721 230.274 635.168 595.485 549.571 107.463 105.104
internal_count=6957 1411 1079 946 5546 792 4754 1931 985 2823 2650 2452 488 482
is_linear=0
shrinkage=0.03


Tree=54
num_leaves=15
num_cat=0
split_feature=31 13 13 27 1 33 28 31 13 33 13 27 13 31
split_gain=8.09737 13.5608 28.5071 17.1055 11.3344 8.06603 9.25008 7.76675 6.75783 6.74322 6.67699 6.60081 8.31141 7.49767
threshold=0.76604444311897824 0.84244979796757558 0.60824691977472667 9.6696496113946058 -0.050889556888300082 0.093095242636832595 8.9866021227358335 0.98990318592078563 0.24517526554461974 0.031509520874490861 -0.78513458530691371 -17.437118236403034 -0.80638499074936376 0.45201865172701788
decision_type=2 10 10 10 2 2 10 2 8 2 10 8 10 2
left_child=11 2 3 4 7 6 -3 8 9 -2 -6 12 -1 -13
right_child=1 5 -4 -5 10 -7 -8 -9 -10 -11 -12 13 -14 -15
leaf_value=-0.0087124802662105014 0.012651791257082601 0.01839888855758064 -0.026041631823793814 -0.010529171402756722 -0.01249610221630517 0.02611556775556725 -0.0088012399450972546 -0.0011832337069481731 0.0040539371160186622 0.034461377731227066 0.0059400401561213942 -0.0012853875140505459 0.0070173654846370408 -0.0081254498034152699
leaf_weight=37.26944812759757 24.029878333210945 23.99819066375494 31.021419137716293 53.803892683237791 23.722486227750778 31.842822626233101 19.634462598711252 19.03787562251091 18.125489436089993 31.229602616280317 61.083072073757648 862.6730020083487 144.24454810097814 172.3230897821486
leaf_count=191 102 108 138 253 104 163 94 81 85 152 266 3811 693 736
internal_value=-0.000364329 0.00374007 0.000494519 0.00415449 0.00864629 0.0148549 0.00623602 0.0158545 0.020231 0.0253708 0.000697405 -0.00150526 0.00375759 -0.00243098
internal_weight=1554.04 337.529 262.054 231.032 177.228 75.4755 43.6327 92.4228 73.385 55.2595 84.8056 1216.51 181.514 1035
internal_count=6977 1546 1181 1043 790 365 202 420 339 254 370 5431 884 4547
is_linear=0
shrinkage=0.03


Tree=55
num_leaves=15
num_cat=0
split_feature=30 13 13 13 31 13 28 26 29 29 31 31 23 19
split_gain=10.6761 10.806 15.7165 15.1863 16.8989 15.4014 12.9972 10.1731 12.1978 8.53749 8.30232 7.93212 7.50615 6.95459
threshold=-0.096587980979690485 1.421300099785735 3.1350948948233719 0.82133055581122427 -0.49049438445969368 0.66132013130627421 14.365762993868715 3.6046736407957529 0.89981736508264809 1.2911353729437396 0.63435554093529933 -0.31107263240371763 -0.10742620343718433 -0.14910496646258761
decision_type=8 10 10 10 2 8 10 10 10 10 2 2 10 8
left_child=1 3 -3 5 -5 7 -6 9 11 12 -10 -9 -1 -2
right_child=13 2 -4 4 6 -7 -8 8 10 -11 -12 -13 -14 -15
leaf_value=0.0052009527339701156 -0.012028378366374586 -0.017320997603147321 0.014494367576062789 -0.0054300110607969059 0.032172944743072696 -0.021556398732928288 0.0039646319018489641 0.0010527803129645882 0.015489428840430459 -0.010847606367751455 -0.0073380426226877958 -0.015253650988419791 0.017819444186955875 -0.0013701391828045129
leaf_weight=337.19012001156807 58.690251309424639 49.296163871884346 18.487469352781773 25.542660385370255 44.64995439350605 22.680431857705116 22.142082884907722 43.99835404753685 40.511463388800621 25.434783786535263 21.166296020150185 67.390572153031826 47.89389331638813 722.47809439897537
leaf_count=1422 275 218 90 106 190 96 92 181 172 113 95 287 203 3421
internal_value=0.000281428 0.00279527 -0.00855903 0.00390761 0.0151746 0.00216948 0.0230181 0.00312686 -0.00296151 0.00569456 0.00766351 -0.00886059 0.00681244 -0.00218526
internal_weight=1547.55 766.384 67.7836 698.601 92.3347 606.266 66.792 583.585 173.067 410.519 61.6778 111.389 385.084 781.168
internal_count=6961 3265 308 2957 388 2569 282 2473 735 1738 267 468 1625 3696
is_linear=0
shrinkage=0.03


Tree=56
num_leaves=15
num_cat=0
split_feature=13 13 29 13 13 28 29 31 29 33 28 13 31 13
split_gain=7.55581 10.4454 11.0114 8.49606 21.3479 14.0234 19.785 18.9167 18.6359 13.9087 10.8225 9.9741 38.0808 19.9751
threshold=-3.8155692453800767 -2.2791823608638331 0.83969955488419201 -0.78513458530691371 -0.67952816781317005 13.4309089196627 0.70268974456876487 0.098011308799811389 0.5720754723436895 0.051950417295342784 5.3975810465756178 -0.34581979859030321 0.04361938736533582 -0.26797507847734237
decision_type=8 8 10 10 10 8 10 2 10 2 10 10 2 10
left_child=-1 2 -2 5 9 6 8 -7 -3 10 -5 12 -6 -13
right_child=1 3 -4 4 11 7 -8 -9 -10 -11 -12 13 -14 -15
leaf_value=-0.01513874719472468 0.031297061036298465 -0.0015481244310131235 0.0019263772293225737 0.021501604501387876 0.0023689735337131981 -0.0058793407141914857 -0.011185297779337494 -0.038530155155666365 0.028835696621295731 0.033967437258216951 -0.0084572584470759635 0.018467085716304985 -0.024581993832833094 -0.00022153961559334459
leaf_weight=29.466044459491968 18.231153167784214 46.743364289402962 28.886965498328209 19.733399242162704 146.43991074338555 49.274910010397434 78.185389243066311 22.958779379725456 28.620577223598957 25.232192412018776 21.93843499571085 53.575905274599791 68.509056523442268 904.88525892794132
leaf_count=154 79 202 145 84 653 214 366 101 123 120 98 236 296 4060
internal_value=-0.000346804 -4.89611e-05 0.0137049 -0.000500028 0.000475805 -0.00583912 -0.000682597 -0.0166415 0.0102171 0.0168303 0.00590097 -0.000470212 -0.00629496 0.000841273
internal_weight=1542.68 1513.22 47.1181 1466.1 1240.31 225.783 153.549 72.2337 75.3639 66.904 41.6718 1173.41 214.949 958.461
internal_count=6931 6777 224 6553 5547 1006 691 315 325 302 182 5245 949 4296
is_linear=0
shrinkage=0.03


Tree=57
num_leaves=15
num_cat=0
split_feature=33 0 33 30 30 27 31 1 30 24 30 28 28 27
split_gain=5.87646 10.2201 5.50452 7.87337 5.91431 5.31691 4.89129 4.25007 3.91938 9.97951 6.28622 5.71031 5.82549 5.63364
threshold=0.58228290274134042 0.22471148241750125 0.0005309732778605627 -0.68000369038526676 -1.6172591525701032 0.90772162029129089 -0.88186879444286459 0.043648660528431006 0.68035986979561935 -3.3979422812676283e-05 0.80317108836565954 -40.745874789180895 -62.142234956077395 -2.6322593117678035
decision_type=2 2 2 10 8 10 2 2 8 10 10 10 10 10
left_child=2 -2 3 -1 5 -4 -5 -8 11 10 13 12 -6 -10
right_child=1 -3 4 6 8 -7 7 -9 9 -11 -12 -13 -14 -15
leaf_value=-0.011202188150169743 0.012422118628921865 -0.012674118437460156 0.014803696424022506 -0.0011940840094192052 -0.0045429431822156035 -0.002660886995814753 0.024627603126522794 0.005427614199618994 -0.021325887891902148 -0.021899166429812576 -0.0010473701655827684 -0.0017758471932402709 0.012729199870735916 -0.0022480858724848083
leaf_weight=17.015828341245651 65.628617454320192 17.829357761889696 35.512051701545715 19.394121363759041 26.342068135738373 27.046362787485123 25.064564622938633 18.409802164882421 28.40216064453125 27.531729064881802 228.65232618898153 927.07405502349138 49.39209221303463 26.973656348884106
leaf_count=72 374 109 153 85 124 118 107 88 126 139 1178 3911 215 119
internal_value=-0.000720284 0.00697416 -0.00116557 0.00644238 -0.00161131 0.00733003 0.0113186 0.016802 -0.00204213 -0.0049759 -0.0032644 -0.00112659 0.00674064 -0.0122378
internal_weight=1540.27 83.458 1456.81 79.8843 1376.93 62.5584 62.8685 43.4744 1314.37 311.56 284.028 1002.81 75.7342 55.3758
internal_count=6918 483 6435 352 6083 271 280 195 5812 1562 1423 4250 339 245
is_linear=0
shrinkage=0.03


Tree=58
num_leaves=15
num_cat=0
split_feature=28 13 13 32 32 13 31 31 13 13 31 13 13 13
split_gain=6.34011 8.64467 9.12857 12.4059 8.54853 7.65611 8.06433 7.86603 11.721 8.40885 7.38529 9.95065 19.9708 17.417
threshold=-5.7860713193091931 1.2290063896109036 2.3131174980973843 0.076279435988900593 -0.89194178735545482 0.56653984037339777 -0.90159026428466904 -0.84915165824291616 1.0000000180025095e-35 0.3653151100353374 -0.97381903846659723 -0.10740470915813187 0.0058809392546310098 -0.33904499037677344
decision_type=8 8 10 2 2 10 2 2 10 10 2 10 10 10
left_child=10 5 4 -4 -3 7 -7 8 -2 -9 -1 13 -13 -12
right_child=1 2 3 -5 -6 6 -8 9 -10 -11 11 12 -14 -15
leaf_value=-0.009289232067934956 -0.0010164978206137162 0.0014109335833586388 0.01949517061963317 -0.01270087559447554 -0.021385755942824217 -0.012108576223457146 0.0064617673872100472 -0.0031699504981150964 0.02028727435316284 -0.019481478845396874 0.0038006868768628143 -0.027203239132677588 0.001518103448428646 0.024186631244633945
leaf_weight=46.427174087613821 94.229074437171221 19.822690233588219 18.690083637833595 22.796617031097412 56.128736287355423 22.882542386651039 180.09279591590166 422.57753701880574 29.816277623176575 29.570350952446461 228.18721670657396 22.577602073550224 286.23278915509582 44.326588060706854
leaf_count=203 411 83 97 115 253 101 805 1884 124 127 1063 105 1292 190
internal_value=-0.000208589 -0.00182668 -0.00937821 0.00192116 -0.015495 -0.000677932 0.00431913 -0.00244268 0.00422549 -0.00427736 0.00210173 0.00302585 -0.000662786 0.00719293
internal_weight=1524.36 896.607 117.438 41.4867 75.9514 779.169 202.975 576.193 124.045 452.148 627.751 581.324 308.81 272.514
internal_count=6853 4000 548 212 336 3452 906 2546 535 2011 2853 2650 1397 1253
is_linear=0
shrinkage=0.03


Tree=59
num_leaves=15
num_cat=0
split_feature=33 33 33 23 23 29 23 29 1 23 29 28 31 27
split_gain=5.19988 6.63444 6.50925 18.2364 17.4517 17.2251 13.4091 15.1663 10.0434 9.68657 8.10407 13.6938 12.1148 7.48793
threshold=0.0005309732778605627 0.12992487734036787 0.019111490483233937 -0.040815208569837384 -0.07929063691834308 0.45586251366986696 -0.033428922695290512 0.43504670434663073 -0.087729588853076509 0.014984478469390928 0.74034163417487953 15.697766286288941 0.51877325816052167 -35.436135799593586
decision_type=2 2 2 10 10 10 10 10 2 10 10 10 2 10
left_child=-1 2 3 4 5 -2 7 8 -4 -5 11 12 -7 -12
right_child=1 -3 6 9 -6 10 -8 -9 -10 -11 13 -13 -14 -15
leaf_value=0.0074924451204184325 -0.018470182202617078 0.0033390030274215612 -0.0047152197702602016 -0.035162838272217209 0.027555691878272302 0.01753754820325442 0.018487615988483402 -0.0081360114771829844 0.025760647623799416 -0.0045901030234116076 0.016554264416864695 -0.0052551090353839883 -0.0049674868726941046 -0.0013043832249432122
leaf_weight=82.784062203019857 39.224370807409286 358.55398545414209 17.565051637589931 17.897918406873941 21.275266572833061 97.168588303029537 20.441986948251724 313.4034719131887 20.111463606357574 19.101199302822351 21.251419074833393 54.969980515539646 27.089589446783066 418.618507117033
leaf_count=368 171 1789 81 78 90 407 91 1387 86 82 113 234 112 1797
internal_value=0.000226142 -0.000194551 -0.00136092 0.000310862 0.00143968 0.000555168 -0.00457764 -0.00596934 0.011798 -0.0199155 0.0017884 0.00714635 0.0126307 -0.000405987
internal_weight=1529.46 1446.67 1088.12 716.597 679.598 658.322 371.522 351.08 37.6765 36.9991 619.098 179.228 124.258 439.87
internal_count=6886 6518 4729 3084 2924 2834 1645 1554 167 160 2663 753 519 1910
is_linear=0
shrinkage=0.03


Tree=60
num_leaves=15
num_cat=0
split_feature=0 0 26 33 24 29 29 15 13 33 27 26 29 16
split_gain=5.60584 11.7074 10.4259 7.38621 6.99127 18.4976 13.0777 7.28756 7.15112 21.2765 8.48544 5.75703 5.48553 5.20374
threshold=0.027391225259242629 -0.10670435838748378 -13.916424533024772 0.58228290274134042 -0.00083706910639752086 0.68518871302585593 0.48615910124604639 -0.0052318424944637334 -1.3609952845775279 0.037224100589487212 -30.841642210397421 -1.2403523083426291 1.1419255503510908 -0.00035695391731493936
decision_type=2 2 10 2 10 10 10 10 10 2 10 8 10 8
left_child=1 3 -3 4 6 -6 -1 -7 9 11 12 -8 -10 -2
right_child=13 2 -4 -5 5 7 8 -9 10 -11 -12 -13 -14 -15
leaf_value=-0.016847468369026092 -0.017046049784876172 -0.013022647296811211 0.0088907989629781227 0.012886298776548179 0.030572500643749192 0.0059388521707762938 0.029196017607316334 -0.016888455027415414 0.017668322550470541 -0.018688238028061886 -0.0039042702972567549 0.0062172459505932783 -0.0037606552324981313 -0.0016389267817563005
leaf_weight=51.28827241063118 19.378142431378365 20.484431181102991 228.22731268033385 33.451232448220253 20.648723348975182 33.950706370174885 24.548982083797455 18.695882193744183 28.063799783587456 17.180962469428778 373.73511281609535 17.012761108577251 16.584659036248922 637.98044853657484
leaf_count=229 85 98 980 198 91 149 114 85 131 87 1597 76 106 2894
internal_value=-2.21147e-05 0.00153751 0.00704104 -0.000625198 -0.00139649 0.00722508 -0.00260375 -0.00233129 -0.0010406 0.00867299 -0.00242186 0.020157 0.00980052 -0.00211831
internal_weight=1541.23 883.873 248.712 635.161 601.71 73.2953 528.415 52.6466 477.126 58.7427 418.384 41.5617 44.6485 657.359
internal_count=6920 3941 1078 2863 2665 325 2340 234 2111 277 1834 190 237 2979
is_linear=0
shrinkage=0.03


Tree=61
num_leaves=15
num_cat=0
split_feature=32 13 13 29 23 23 32 32 23 31 13 13 14 29
split_gain=6.2194 11.0287 14.293 10.4656 12.9198 10.9102 16.8119 9.92468 11.7986 10.322 12.0898 11.609 9.99053 14.3008
threshold=0.49049438445969418 -2.9808482364598747 -2.2791823608638331 1.0306928283873871 -0.15199394034896452 -0.14949258797627551 -0.6259234721840593 0.8374305290577152 -0.16453910913512884 -0.26932402956675694 0.59469704750605801 1.0000000180025095e-35 -2.5974317233362627 1.006796260095369
decision_type=2 10 10 10 8 10 2 2 10 2 10 10 8 10
left_child=3 -2 -3 4 -1 -5 -7 8 -4 11 12 -9 -11 -14
right_child=1 2 7 5 -6 6 -8 9 -10 10 -12 -13 13 -15
leaf_value=-0.020183499793941403 -0.024372702339049861 0.022741624953164973 -0.010243682848624402 -0.00074987475444853575 0.0043768505190695224 -0.038253363596851747 -0.00085864159582296881 0.020313801195780634 0.0096156304647834964 0.01001804290516322 0.0063151624243927397 -0.0034816637694705839 -0.020488629293653932 0.0049408458164418552
leaf_weight=18.896323993802071 19.156016230583191 19.608634158968925 190.0871470682323 316.55718759074807 641.39015198498964 17.722571671009064 25.747805185616016 43.633093796670437 30.530949100852013 20.075479701161385 80.323307774960995 31.021164890378714 65.563132241368294 27.916354607790709
leaf_count=80 97 84 827 1545 2771 85 124 192 129 92 367 142 290 137
internal_value=3.54452e-05 -0.00260507 -0.00173926 0.00140287 0.00364451 -0.00270699 -0.0166216 -0.00276502 -0.0074644 0.00110922 -0.00254626 0.0105107 -0.00881482 -0.0129226
internal_weight=1548.23 527.915 508.759 1020.31 660.286 360.028 43.4704 489.151 220.618 268.533 193.878 74.6543 113.555 93.4795
internal_count=6962 2357 2260 4605 2851 1754 209 2176 956 1220 886 334 519 427
is_linear=0
shrinkage=0.03


Tree=62
num_leaves=15
num_cat=0
split_feature=28 31 22 29 31 14 32 29 29 26 27 33 29 14
split_gain=7.63962 10.0386 10.1075 8.21944 13.6724 7.96195 7.50706 21.9554 12.8655 7.24033 7.4176 7.26648 6.78939 6.7109
threshold=-1.4554326155602479 0.74455857214455079 -1.3730138142826254 1.3200406846786672 -0.64278760968653914 -4.7936695326211689 0.8374305290577152 0.89981736508264809 0.72151572502956618 -4.3774826255171808 -7.5990056673358444 0.00048851899861303435 0.38439550055520683 -3.7507849869466976
decision_type=8 2 10 10 2 8 2 10 10 8 10 2 8 8
left_child=1 3 -3 5 -5 -1 -7 8 -8 10 -2 -11 -13 -14
right_child=9 2 -4 4 -6 6 7 -9 -10 11 -12 12 13 -15
leaf_value=0.019640767799033641 0.010362692802271496 0.0062027814087788902 0.029918991279491727 0.0089493550314855008 -0.015979111137548394 -0.0010584335334166675 0.00707503546779555 0.024388720649333773 -0.018706074342101486 0.011114605811356841 -0.0015219966633474775 0.011115918470505463 -0.012627651438337094 -0.003486912877241898
leaf_weight=21.017529353499413 76.368012391030788 143.63325143978 17.38824700564146 28.609598711133003 59.690331734716892 344.8999792188406 46.933176316320896 43.315367631614208 26.386867344379425 28.297492165118456 120.91958402469754 24.009630888700485 84.539536483585835 477.7052684314549
leaf_count=90 347 652 81 162 316 1477 211 194 119 127 534 106 373 2150
internal_value=0.00012099 0.00234208 0.00893268 0.000470683 -0.0078924 0.00201416 0.00117075 0.00771556 -0.00233008 -0.00188174 0.00310751 -0.00348587 -0.00420833 -0.0048813
internal_weight=1543.71 731.874 161.021 570.853 88.2999 482.553 461.535 116.635 73.32 811.84 197.288 614.552 586.254 562.245
internal_count=6939 3302 733 2569 478 2091 2001 524 330 3637 881 2756 2629 2523
is_linear=0
shrinkage=0.03


Tree=63
num_leaves=15
num_cat=0
split_feature=33 33 13 32 13 32 15 33 13 33 29 13 13 28
split_gain=5.65392 6.19055 7.06164 14.493 7.4115 11.9831 6.65969 7.28976 10.7223 13.5782 10.5355 10.6354 19.4678 22.1905
threshold=0.58228290274134042 0.0005309732778605627 -3.8155692453800767 0.52803643325367278 -2.2791823608638331 0.22706275313213803 -0.0023364643013064064 0.14121587531479476 1.421300099785735 0.001568766670016912 0.4686799589240388 0.64678223456562589 0.33363589451543096 15.118599805914458
decision_type=2 2 10 2 10 2 8 2 10 2 8 10 10 10
left_child=1 -1 3 -3 5 -4 -6 8 -8 -10 -9 12 13 -12
right_child=-2 2 4 -5 6 -7 7 10 9 -11 11 -13 -14 -15
leaf_value=0.0074662221079800205 0.0072976382980805233 0.00067303861347036906 -0.0040734659947692419 -0.034155107479685788 0.012943147129339649 0.026690220136459327 -0.001442187350930563 0.027820133762286932 0.0095343194762890077 -0.017289931959479272 0.01186679361154808 0.012034845501726265 -0.022224243588207078 -0.015199551704375289
leaf_weight=81.125126451253891 87.062152706086636 28.060665134340525 22.3886475302279 16.396539598703384 28.953898448497057 21.734050720930099 906.37554220855236 13.886640504002569 20.794843018054962 79.970081020146608 83.322566349059343 63.012564208358526 33.953618004918098 39.315077893435955
leaf_count=360 502 135 112 83 132 93 3897 63 101 371 387 309 149 186
internal_value=-8.17129e-05 -0.000532844 -0.00101578 -0.0126409 -0.000613059 0.0113358 -0.00103692 -0.00137335 -0.00248058 -0.0117149 0.0033928 0.00172903 -0.0024681 0.00313713
internal_weight=1526.35 1439.29 1358.16 44.4572 1313.71 44.1227 1269.58 1240.63 1007.14 100.765 233.49 219.604 156.591 122.638
internal_count=6880 6378 6018 218 5800 205 5595 5463 4369 472 1094 1031 722 573
is_linear=0
shrinkage=0.03


Tree=64
num_leaves=15
num_cat=0
split_feature=28 13 31 29 29 31 13 30 29 32 29 13 13 13
split_gain=7.98926 9.46601 17.9803 14.9105 10.4418 12.0922 10.1298 7.96436 10.0159 7.45232 11.6533 9.23854 16.8966 24.79
threshold=-5.7860713193091931 0.47664989529967755 -0.40274668985873679 1.3107176662683344 0.80273282636872956 0.61734245059639015 2.1321072285474325 1.2497165115234765 0.94057829129939596 -0.87137607974597309 1.0102658653464287 -0.33904499037677344 -0.53714660940854253 -0.80638499074936376
decision_type=8 10 2 10 10 2 10 8 10 2 10 10 10 10
left_child=1 9 7 4 5 -4 -6 8 -3 10 -1 12 13 -11
right_child=-2 2 3 -5 6 -7 -8 -9 -10 11 -12 -13 -14 -15
leaf_value=0.0064461397477043533 -0.0021111770168050089 -0.0078312641948554695 0.011523350784473245 -0.018403813301267908 0.020716515092635814 -0.016617781870700822 -0.0041558374421713663 0.0073813986118930848 -0.031005912832216462 0.00035228302144313595 -0.018669367065567748 0.014136631714486918 -0.010567069822776722 0.025471382649331246
leaf_weight=39.42854018509388 902.02251605689526 41.054805882275105 26.360314100980759 22.487858720123768 57.912969060242176 26.646156281232834 19.257628872990608 13.083017710596321 28.551900088787079 111.23425314202905 27.311871986836195 107.99592681229115 56.59783922880888 50.858222402632236
leaf_count=162 4034 181 117 118 251 118 88 79 125 536 126 479 253 224
internal_value=-0.00030262 0.00229109 -0.00246152 0.00364353 0.00756343 -0.00266885 0.014536 -0.0136417 -0.0176418 0.00513322 -0.00395564 0.00699643 0.00342208 0.00834152
internal_weight=1530.8 628.781 235.355 152.665 130.177 53.0065 77.1706 82.6897 69.6067 393.427 66.7404 326.686 218.69 162.092
internal_count=6891 2857 1077 692 574 235 339 385 306 1780 288 1492 1013 760
is_linear=0
shrinkage=0.03


Tree=65
num_leaves=15
num_cat=0
split_feature=28 23 31 28 28 28 33 22 22 32 1 31 28 0
split_gain=8.66575 6.99423 7.33923 9.0779 7.52569 6.62474 6.27267 7.86259 7.74076 10.4345 9.49231 9.39628 8.28461 6.85654
threshold=-5.7860713193091931 -0.022131827329716029 -0.94331137514050689 -86.434624892408593 -39.615033951916338 -20.866210757874978 0.21420990886416957 -0.27197708153225369 0.94154154730325446 -0.97854064376158167 -0.11235020550276946 -0.97854064376158167 25.742370418750941 0.24581202095110474
decision_type=8 10 2 10 10 10 2 8 8 2 2 2 10 2
left_child=1 2 4 -4 -1 -6 7 -2 -9 10 -10 12 -11 -8
right_child=6 -3 3 -5 5 -7 13 8 9 11 -12 -13 -14 -15
leaf_value=0.0095263990832220053 -0.016257915782340433 0.019654727165086108 -0.013261874927239705 0.0037014690602439238 -0.026426390486154243 -0.0041577763576705271 0.0063964783425880089 0.0069450503080439692 -0.011195016894536688 0.018000440896939279 0.014563404617920691 -0.0062893195781809456 -0.0053842816359333263 -0.0080189250214737287
leaf_weight=16.139815419912338 40.54828367382288 18.958347074687481 29.104151204228401 506.66964221000671 20.078386642038822 29.054118409752846 122.67611358314753 65.384728394448757 16.821783602237701 27.510354064404964 46.546097733080387 528.46159798651934 25.445780344307423 38.150964930653572
leaf_count=81 176 89 197 2252 84 120 599 281 72 116 201 2311 118 202
internal_value=-0.000554677 0.00217947 0.00159653 0.002757 -0.00782685 -0.0136036 -0.0024147 -0.00356606 -0.00281955 -0.00381896 0.00765782 -0.0050808 0.00687239 0.00294847
internal_weight=1531.55 620.004 601.046 535.774 65.2723 49.1325 911.546 750.719 710.17 644.786 63.3679 581.418 52.9561 160.827
internal_count=6899 2823 2734 2449 285 204 4076 3275 3099 2818 273 2545 234 801
is_linear=0
shrinkage=0.03


Tree=66
num_leaves=15
num_cat=0
split_feature=1 33 29 13 27 13 13 13 29 33 28 13 31 31
split_gain=5.92952 5.20297 12.0707 14.5954 6.30378 5.6969 5.50301 5.73061 11.8304 7.3385 12.2346 7.21448 7.10369 6.96268
threshold=-0.38193356569168041 0.00057711700589420606 1.1752667901335283 -0.34581979859030321 -0.59122521497201308 4.2986042067446606 3.1350948948233719 1.2290063896109036 0.5991609102055494 0.0064685787508312323 -27.923493108743532 1.0949529298448348 0.35222909080468517 0.098011308799811389
decision_type=2 2 10 8 10 8 10 10 10 2 10 10 2 2
left_child=-1 2 3 -2 -5 6 7 11 -9 12 -11 -3 -10 -12
right_child=1 5 -4 4 -6 -7 -8 8 9 10 13 -13 -14 -15
leaf_value=0.014508079442367232 -0.014694609696773966 -0.00021542039482515607 0.027830688454480737 0.022891110197107413 0.0015818876002725046 -0.013543892760503381 0.012265666923168231 -0.029152135995027542 0.0013776670828773571 0.025119162301839092 -0.0099868756166436781 0.013664292667303105 -0.023190622562182964 0.01017508363114027
leaf_weight=24.736573275178671 30.25256459414959 1170.1904284544289 18.430165678262711 22.203329116106033 27.419290959835052 28.427806366235018 30.134711775928736 16.66897738724947 18.037588283419609 15.883254416286944 45.816788837313652 33.70327590405941 24.297539304941893 22.044724464416504
leaf_count=141 128 5216 91 94 120 150 153 80 76 78 207 154 109 100
internal_value=0.000229995 -1.44032e-05 0.00662217 0.00144497 0.0113804 -0.000483064 -0.000203748 -0.000491679 -0.00615313 -0.00290696 0.00225408 0.000184163 -0.0129327 -0.00338464
internal_weight=1528.25 1503.51 98.3054 79.8752 49.6226 1405.21 1376.78 1346.64 142.749 126.08 83.7448 1203.89 42.3351 67.8615
internal_count=6897 6756 433 342 214 6323 6173 6020 650 570 385 5370 185 307
is_linear=0
shrinkage=0.03


Tree=67
num_leaves=15
num_cat=0
split_feature=31 13 13 28 27 32 29 13 1 28 29 29 32 1
split_gain=7.91466 11.3245 21.2743 13.8748 9.67509 9.49176 8.45719 8.24165 16.0982 8.34731 8.49253 15.211 8.06571 6.73797
threshold=0.78661891169205866 0.84244979796757558 0.60824691977472667 -13.921985788436507 6.6951325944542015 0.098011308799811445 0.91627985633848075 1.2290063896109036 0.006175462862231783 -12.148089242067782 0.70268974456876487 1.0414011906927361 -0.054511258297739423 -0.066532460130513296
decision_type=2 10 10 10 10 2 10 8 2 8 10 10 2 2
left_child=7 2 3 -2 6 -3 -5 13 9 12 -11 -12 -9 -1
right_child=1 5 -4 4 -6 -7 -8 8 -10 10 11 -13 -14 -15
leaf_value=-0.0031354666483568608 0.018074215951702222 0.024834744416886264 -0.022493626589144753 0.01194228835569219 -0.0096338269156006125 0.002561475212304576 -0.0058770521445135624 0.020406863215423992 -0.019738346250591472 -0.025434020629902507 0.015328967228473357 -0.019285636947280374 -0.0036136273483799598 0.0017305017419138673
leaf_weight=430.63986954092979 49.707965545356274 37.192117679864168 29.282430768013 65.988781310617924 57.921723738312721 31.821230351924896 36.565574768930674 24.600648924708366 59.792308527976274 16.657283380627632 23.576889887452126 20.353864103555679 24.235546018928289 628.83080257475376
leaf_count=1918 237 189 130 285 267 146 169 119 282 78 99 89 123 2796
internal_value=-0.00015399 0.00413432 0.00102687 0.0043947 7.17308e-05 0.0147481 0.00559343 -0.00123312 -0.00736052 -0.000479452 -0.0078616 -0.000780858 0.00865309 -0.000248445
internal_weight=1537.17 308.48 239.466 210.184 160.476 69.0133 102.554 1228.69 169.217 109.424 60.588 43.9308 48.8362 1059.47
internal_count=6927 1423 1088 958 721 335 454 5504 790 508 266 188 242 4714
is_linear=0
shrinkage=0.03


Tree=68
num_leaves=15
num_cat=0
split_feature=15 32 1 23 29 27 23 32 32 31 29 13 1 31
split_gain=5.31126 6.75567 6.55302 4.97361 16.96 15.9278 13.4345 11.319 9.3501 8.97002 9.65263 15.0435 16.0115 17.2513
threshold=0.00020493426091405811 0.010907442517280267 -0.38193356569168041 -0.10863137914292255 0.94057829129939596 -3.2359055095731999 -0.15905767521344602 0.25881904510252057 -0.52803643325367244 0.99845357241023069 0.59475909358423684 1.0301903930910192 0.074527137067371671 -0.64278760968653914
decision_type=10 2 2 10 10 10 10 2 2 2 10 10 2 2
left_child=2 -2 -1 6 5 -5 9 -6 -7 10 11 12 13 -4
right_child=1 -3 3 4 7 8 -8 -9 -10 -11 -12 -13 -14 -15
leaf_value=0.016262117770169473 0.001781783378219113 -0.020279346262194364 -0.021872331421759903 0.034485864187320227 -0.018572548865181244 -0.010687913284260896 -0.021474770483337163 0.010354471808011582 0.015299148127180095 -0.018450809728644046 0.0012157964739636438 -0.025868899253078847 0.011075542160112428 -0.00067814208397109707
leaf_weight=20.903004258871078 23.217316523194313 25.674079820513725 50.229153282940388 23.389647774398327 31.607609197497368 20.137093022465706 26.706771042197943 18.612864278256893 29.553048267960548 23.22588038444519 1049.8401489257812 27.614313922822475 55.286607816815376 106.46316129714251
leaf_count=117 106 118 211 101 150 82 121 84 128 102 4744 144 252 460
internal_value=-0.000349579 -0.00997733 -2.57869e-05 -0.000269509 0.0054714 0.0146143 -0.000801698 -0.00785868 0.00476472 -0.000365066 -2.5251e-05 -0.00544567 -0.00267619 -0.00756775
internal_weight=1532.46 48.8914 1483.57 1462.67 123.3 73.0798 1339.37 50.2205 49.6901 1312.66 1289.43 239.593 211.979 156.692
internal_count=6920 224 6696 6579 545 311 6034 234 210 5913 5811 1067 923 671
is_linear=0
shrinkage=0.03


Tree=69
num_leaves=15
num_cat=0
split_feature=13 13 30 27 13 31 15 31 13 31 23 23 30 27
split_gain=7.46397 12.8524 9.80983 7.40764 7.6974 6.87597 6.69073 6.7203 6.2152 6.32564 5.81664 11.0304 9.7054 10.1659
threshold=-3.8155692453800767 -2.2791823608638331 0.25941139993540191 -29.617927297866938 3.1350948948233719 0.24825246871434695 0.00020493426091405811 0.24825246871434695 -0.78513458530691371 -0.61734245059638981 -0.10863137914292255 -0.18782842611620573 0.34388758453685625 -2.5190436955879743
decision_type=8 8 8 8 10 2 10 2 10 2 10 10 10 10
left_child=-1 2 -2 8 6 -6 10 -8 -3 -10 11 -5 13 -12
right_child=1 3 -4 4 5 -7 7 -9 9 -11 12 -13 -14 -15
leaf_value=-0.014505111036234966 0.026398514321314386 -0.0082607205982743823 -0.0028671609362307528 -0.00034903980807877413 -0.0048920894638005601 0.02042426111254533 -0.0016714987700206072 -0.025305349831200436 0.025005770911392222 0.005855070048648171 0.024483222153254873 -0.016023590454970274 -0.0085964502456562404 0.0034325763543719382
leaf_weight=28.341996915638447 29.194665037095547 14.826102856546639 15.376681622117756 1117.6931072808802 13.881715461611746 28.416367832571268 24.697513297200203 18.497733373194933 23.522036962211132 44.695697873830795 31.09731712937355 40.923581294715405 29.955551687628031 59.006150454282761
leaf_count=150 127 82 85 4917 81 143 112 85 126 239 135 186 140 250
internal_value=0.000479693 0.000773911 0.0164608 0.000279753 -0.000252618 0.0121946 -0.000659831 -0.0121359 0.00892402 0.0127243 -0.000262974 -0.000916022 0.00599471 0.0108868
internal_weight=1520.13 1491.78 44.5713 1447.21 1364.17 42.2981 1321.87 43.1952 83.0438 68.2177 1278.68 1158.62 120.059 90.1035
internal_count=6858 6708 212 6496 6049 224 5825 197 447 365 5628 5103 525 385
is_linear=0
shrinkage=0.03


Tree=70
num_leaves=15
num_cat=0
split_feature=28 13 13 13 33 33 33 13 13 33 13 13 33 13
split_gain=5.48155 9.54728 26.2787 18.2007 14.0792 11.6778 9.87951 8.89691 13.8206 7.77995 8.20204 11.1553 7.27365 7.24849
threshold=-2.8559241649794838 -0.67077613501119149 -0.80638499074936376 -1.030035652985793 0.056465118932625756 0.001568766670016912 0.011591704930887592 -0.45974238413971558 -0.53714660940854253 0.0017050988463953155 0.66132013130627421 0.16760658035405832 0.29895401038739394 -0.76286157536448307
decision_type=8 10 10 10 2 2 2 10 10 2 10 10 2 10
left_child=1 2 3 4 5 -1 -5 8 -3 10 11 -9 -6 -2
right_child=13 7 -4 6 12 -7 -8 9 -10 -11 -12 -13 -14 -15
leaf_value=-0.0012736794749195735 -0.0067437084093189513 0.0027361709907989047 0.030641503098322715 -0.028870653523244527 -0.017573739256222215 0.026565310023053616 0.00032194611748650353 0.0047573946076153572 -0.027459618427884563 -5.4904497262399438e-05 -0.0019884615178285166 0.032779254754986289 0.00855872726208564 0.0002575712586088597
leaf_weight=19.529054403305054 165.58166582137346 29.625018998980522 36.85348492115736 19.795270040631294 19.281221970915794 42.7293566390872 20.89568942412734 29.2236343100667 24.030542582273483 386.6256194151938 31.683006841689348 22.306558191776276 17.322599407285452 661.55820641294122
leaf_count=92 747 132 164 81 98 193 94 125 107 1738 145 96 105 2976
internal_value=0.000502429 0.00245463 0.00846925 0.00243761 0.00937229 0.0179508 -0.0142315 0.000415547 -0.0110425 0.00174473 0.0100076 0.0172807 -0.00530794 -0.00115044
internal_weight=1527.04 699.901 176.407 139.553 98.8622 62.2584 40.691 523.494 53.6556 469.839 83.2132 51.5302 36.6038 827.14
internal_count=6893 3170 827 663 488 285 175 2343 239 2104 366 221 203 3723
is_linear=0
shrinkage=0.03


Tree=71
num_leaves=15
num_cat=0
split_feature=28 31 33 31 1 29 22 31 33 30 22 33 1 1
split_gain=6.62394 9.45598 5.96552 8.29252 20.3244 8.77391 13.5793 11.7074 16.736 11.4551 9.81844 8.39842 8.37996 8.21622
threshold=-8.1685189166025278 -0.98990318592078552 0.12992487734036787 -0.95688340256707749 0.057193832488539938 0.80499305207830762 -0.32550501956572725 -0.10886687485196471 0.0083058195259135426 -0.87198122257223587 -0.30966524166718362 0.019111490483233937 -0.12190783385780657 0.074527137067371671
decision_type=8 2 2 2 2 10 10 2 2 10 8 2 2 2
left_child=1 -1 3 4 12 6 7 9 -9 -5 -7 -10 -2 -4
right_child=2 -3 13 5 -6 10 -8 8 11 -11 -12 -13 -14 -15
leaf_value=-0.014259397083289485 0.010550836601966693 0.0038091239929271565 0.0077754106625939848 -0.0018406633573726651 0.024525003344056429 -0.016940593732246063 0.009468840436926881 -0.013770316775137556 0.018023619850867385 -0.026104566832911517 0.00087269510990641052 -0.0027162285891670877 -0.012127251396898608 -0.003985734420131861
leaf_weight=26.416083082556725 21.608977690339088 540.21577464416623 135.35031448304653 24.843474462628365 32.903023079037666 29.308392696082592 35.948342993855476 91.745295971632004 27.899262323975563 59.657620668411255 342.23168860003352 44.277493521571159 41.016946163028479 87.130640618503094
leaf_count=112 93 2484 644 107 146 127 151 389 117 256 1511 187 176 446
internal_value=0.000366965 0.00294314 -0.00113335 -0.00241061 0.00580619 -0.00361434 -0.00757048 -0.0100642 -0.00533129 -0.0190759 -0.000574181 0.00543732 -0.00425937 0.00317215
internal_weight=1540.55 566.632 973.921 751.441 95.5289 655.912 284.371 248.423 163.922 84.5011 371.54 72.1768 62.6259 222.481
internal_count=6946 2596 4350 3260 415 2845 1207 1056 693 363 1638 304 269 1090
is_linear=0
shrinkage=0.03


Tree=72
num_leaves=15
num_cat=0
split_feature=30 28 14 29 29 32 13 13 13 33 33 33 13 27
split_gain=7.05428 10.1769 8.25205 16.8659 9.74776 14.1684 14.7893 9.09694 25.3951 19.3274 17.6786 11.2637 10.791 10.5813
threshold=-0.050214590141883071 57.584748476116062 -3.3687864936915441 0.52080745425801855 0.49813119342684503 0.81279832427823717 -0.26797507847734237 -0.67077613501119149 -0.34581979859030321 0.0083058195259135426 0.043975078840948943 0.010664883377694317 -1.1266327272672065 5.0200797270161255
decision_type=8 10 8 10 10 2 8 10 10 2 2 2 10 10
left_child=1 2 3 -1 5 6 -4 10 9 -9 11 13 -12 -6
right_child=-2 -3 4 -5 7 -7 -8 8 -10 -11 12 -13 -14 -15
leaf_value=0.031943776234975074 -0.0018280842176723094 -0.019061294599963249 -7.1505582247608853e-06 0.0042947003823219686 0.018673685387275495 0.0072449976773298619 -0.029676311754027174 -0.03184478336571829 0.0041776074163649615 -0.00067317766307945881 -0.017306354215628469 0.030565901891105127 0.010174441835203333 -0.0058642164479140594
leaf_weight=23.881421782076359 760.57372285053134 18.703471288084984 27.690393999218941 100.45238219946623 39.229380995035172 36.640222392976284 32.312639474868774 33.295223727822304 318.38656846433878 37.543250501155853 27.906996175646782 33.352302834391594 22.278138294816017 25.431532815098763
leaf_count=104 3615 81 119 432 164 168 148 136 1347 161 127 139 98 106
internal_value=0.000224628 0.00223344 0.00278302 0.0098179 0.00139026 -0.00733382 -0.0162091 0.0029698 0.000554043 -0.0155637 0.00926825 0.0166265 -0.00514666 0.00908045
internal_weight=1537.68 777.104 758.4 124.334 634.067 96.6433 60.003 537.423 389.225 70.8385 148.198 98.0132 50.1851 64.6609
internal_count=6945 3330 3249 536 2713 435 267 2278 1644 297 634 409 225 270
is_linear=0
shrinkage=0.03


Tree=73
num_leaves=15
num_cat=0
split_feature=23 23 14 29 29 32 13 13 33 28 13 29 28 32
split_gain=7.089 12.0137 10.8012 23.2135 10.4312 15.8493 28.0522 16.4392 22.6608 18.3867 19.9266 10.4095 12.6954 10.1735
threshold=-0.22269417245204745 -0.10863137914292255 -4.2382336434121362 0.93363102751861649 0.84268010222559464 0.47136869107721086 -1.4920239266478219 -0.82383160786724063 0.0070307244389254363 23.88064329035711 -0.67077613501119149 0.71884103818576728 -27.923493108743532 0.13052619222005152
decision_type=8 8 8 10 10 2 8 8 2 10 8 8 10 2
left_child=-1 13 3 -3 5 6 -4 8 -8 10 -9 12 -7 -2
right_child=1 2 4 -5 -6 11 7 9 -10 -11 -12 -13 -14 -15
leaf_value=0.01825411244638496 -0.022442401268366718 0.022555328169835527 0.03086848973997712 -0.0070998077873750693 0.0022310427029821746 0.012544788846579136 -0.040679692120129715 0.02736871036814573 0.0025801544792790018 -0.013591758990304331 0.0015335989103419253 -0.018238471370272825 -0.0082072118865545527 -0.0017115139695107636
leaf_weight=17.679569683969021 38.430331770330667 54.941999562084675 25.160980150103569 40.633131224662066 672.24373714253306 30.476886607706547 20.324546381831169 29.64795246720314 22.060073211789131 60.592497512698174 219.12445937469602 72.65610034018755 170.26955907791853 46.7382747605443
leaf_count=82 174 241 112 189 3149 139 83 125 92 273 947 312 751 212
internal_value=-0.000113502 -0.000341506 0.000319131 0.0100047 -0.000387829 -0.00309429 0.000896508 -0.00132885 -0.0186236 0.00109299 0.0047098 -0.00857918 -0.00501012 -0.0112177
internal_weight=1520.98 1503.3 1418.13 95.5751 1322.56 650.313 376.911 351.75 42.3846 309.365 248.772 273.403 200.746 85.1686
internal_count=6881 6799 6413 430 5983 2834 1632 1520 175 1345 1072 1202 890 386
is_linear=0
shrinkage=0.03


Tree=74
num_leaves=15
num_cat=0
split_feature=23 23 24 31 33 29 15 28 32 0 29 16 31 32
split_gain=7.90425 8.12327 12.2501 7.4071 6.02038 6.37424 6.72596 7.12981 12.601 6.39102 6.32588 6.29013 7.98906 11.8469
threshold=-0.22269417245204745 -0.10666230492613006 -3.780996965433466e-05 -0.098011308799811112 0.00048851899861303435 1.4823130605694825 0.00020493426091405811 -42.56486856890173 0.88186879444286481 0.091521171356317363 0.6688323360102133 -0.0031434977197051235 -0.56457333468532422 0.49049438445969418
decision_type=8 8 10 2 2 8 8 10 2 2 10 10 2 2
left_child=-1 2 3 -2 -3 6 -6 8 9 10 -8 12 13 -9
right_child=1 4 -4 -5 5 -7 7 11 -10 -11 -12 -13 -14 -15
leaf_value=0.019709429025691484 -0.011174919404984034 0.0098482363236611706 -0.019469692811721253 0.013464258443113027 0.014700667746079395 -0.0068466866823604046 -0.00068751422953983762 -0.00042838882362754277 -0.015143238395131372 -0.0032569673136356413 0.021230761995659864 -0.016258119792183952 0.0016876928902825879 -0.013078014940247839
leaf_weight=17.500274978578091 18.552258178591728 58.783338237553835 45.452440049499273 24.111746229231358 29.242470823228359 107.74786820262671 15.00686354190111 246.69905751571059 17.048396535217762 18.17538058757782 54.275018319487572 20.852914899587631 766.72330652549863 90.328120827674866
leaf_count=81 88 263 208 105 131 634 73 1072 87 83 257 93 3344 393
internal_value=0.000218914 -1.93946e-05 -0.00880644 0.00273947 0.000529802 0.000121919 0.000723577 0.000379359 0.00783618 0.0124362 0.0165409 -0.000319925 -4.36376e-06 -0.00384733
internal_weight=1530.5 1513 88.1164 42.664 1424.88 1366.1 1258.35 1229.11 104.506 87.4573 69.2819 1124.6 1103.75 337.027
internal_count=6912 6831 401 193 6430 6167 5533 5402 500 413 330 4902 4809 1465
is_linear=0
shrinkage=0.03


Tree=75
num_leaves=15
num_cat=0
split_feature=32 29 32 30 33 33 1 19 29 15 13 13 13 13
split_gain=5.25284 17.1205 10.499 11.3847 12.1981 9.94744 10.0779 9.5901 10.1837 10.661 9.3996 21.3457 9.96661 8.42947
threshold=-0.10886687485196482 1.0211499983762413 -0.58244304235731414 -0.028902682199992206 0.002586458977622292 0.002586458977622292 0.076193602355437318 -0.26319139923458573 0.52080745425801855 -0.0057850057800088442 0.59469704750605801 -0.33904499037677344 1.0578425871111194 0.59469704750605801
decision_type=2 10 2 10 2 2 2 10 10 10 8 10 10 8
left_child=1 2 3 4 -1 6 -3 -2 -9 -10 11 -4 -12 -5
right_child=7 5 10 13 -6 -7 -8 8 9 -11 12 -13 -14 -15
leaf_value=-0.0075498640243786951 -0.0025664466664719931 0.010587754316067108 0.0059782876148687649 -0.0094294820862519738 0.013897026733599816 -0.0072548168547776236 -0.0096056607799249981 0.026170489416936775 0.0094034590618496724 -0.015769551751512009 -0.010870902884473552 0.033092405598764266 0.016506243589684839 0.0074155761731596577
leaf_weight=31.051021158695221 733.13466079905629 69.817086722701788 64.86985319852829 84.694899067282677 94.969234958291054 196.77359979227185 31.522657755762339 19.769045546650887 52.536500509828329 20.128856062889099 26.741690099239349 43.402154996991158 20.051533550024033 37.990239769220352
leaf_count=128 3251 317 301 357 392 1003 150 88 237 93 125 199 101 165
internal_value=0.000205493 0.00211192 0.0061315 0.00229383 0.00859474 -0.00333459 0.00427392 -0.00141591 0.00763928 0.00231093 0.0122325 0.0170507 0.000960482 -0.00419552
internal_weight=1527.45 701.884 403.771 248.705 126.02 298.113 101.34 825.569 92.4344 72.6654 155.065 108.272 46.7932 122.685
internal_count=6907 3238 1768 1042 520 1470 467 3669 418 330 726 500 226 522
is_linear=0
shrinkage=0.03


Tree=76
num_leaves=15
num_cat=0
split_feature=28 13 29 29 23 31 29 32 22 1 29 32 31 32
split_gain=8.90247 7.28132 13.7387 8.83318 10.4609 12.1611 9.80634 9.72983 11.1005 8.88871 7.92398 11.1735 18.5438 8.98769
threshold=-3.1332640744397007 1.2290063896109036 0.57692442869540239 0.63751015196519012 0.0026251585973736239 0.98658463173998445 0.93676945900034936 0.3007057995042734 0.91276255295659914 0.074527137067371671 0.8456961001512634 0.20576496797711544 0.50938662908026078 -0.52803643325367244
decision_type=8 8 10 10 8 2 10 2 8 2 10 2 2 2
left_child=-1 3 -3 7 6 10 -5 -2 -9 -8 11 13 -13 -6
right_child=1 2 -4 4 5 -7 9 8 -10 -11 -12 12 -14 -15
leaf_value=0.0028901398510745562 0.01533950198115668 -0.031989259220155331 -0.0039641758976055735 -0.0009583675373104726 -0.0059621796897027304 -0.018900524166092003 -0.0091450875971379672 0.02077026334996579 -0.0042863842000627423 -0.037666602662899604 0.0033235619214282311 -0.023190621544136703 0.008607154174007656 0.013374880707810477
leaf_weight=690.90232079848647 57.219745755195618 18.205214403569698 89.539292298257351 34.404912263154984 48.867858670651913 30.302803665399551 21.916920058429241 18.30624882131815 89.522543869912624 18.216477409005165 297.59905742108822 51.670059219002724 23.407881617546082 37.256606705486774
leaf_count=3134 247 96 416 145 207 134 97 81 389 85 1381 221 96 168
internal_value=0.000372232 -0.00170855 -0.0089501 -0.00062701 -0.00241492 -0.00080848 -0.0128058 0.0054565 0.000119283 -0.0226919 0.000424966 -0.00491369 -0.0132939 0.00246035
internal_weight=1527.34 836.436 107.745 728.691 563.643 489.104 74.5383 165.049 107.829 40.1334 458.801 161.202 75.0779 86.1245
internal_count=6897 3763 512 3251 2534 2207 327 717 470 182 2073 692 317 375
is_linear=0
shrinkage=0.03


Tree=77
num_leaves=15
num_cat=0
split_feature=13 33 33 13 33 13 33 13 31 13 28 31 23 33
split_gain=6.8606 25.223 12.0864 9.37323 29.5852 12.6199 15.8399 13.0219 25.2397 17.6149 11.8425 10.5219 14.6855 13.5627
threshold=-1.3609952845775279 0.043975078840948943 0.32493432451067 -0.80638499074936376 0.0070307244389254363 -0.67952816781317005 0.047796691270242712 -0.34581979859030321 -0.076279435988900135 -0.26797507847734237 -27.371195113423671 0.098011308799811389 -0.13052670353087417 0.002586458977622292
decision_type=8 2 2 8 2 8 2 10 2 10 10 2 10 2
left_child=1 -1 -3 4 -2 6 -5 8 10 -9 -7 -11 -13 -14
right_child=3 2 -4 5 -6 7 -8 9 -10 11 -12 12 13 -15
leaf_value=0.015365050635346518 -0.026103136145274774 -0.021394088112600851 0.0090161668460625091 0.0011626843232613124 0.0032497737856497328 0.022064715595108288 0.0275263721079924 0.017505189808601631 -0.019066322375661356 -0.0037007856544081005 -0.0026760595642056633 0.0046667890895963982 -0.029797161373350024 0.0013295003501237121
leaf_weight=91.089174639433622 50.898274328559637 32.856533229351044 17.323523238301277 56.289252072572708 75.923196293413639 19.602307636290789 31.353741124272346 51.434938870370388 95.144082419574261 438.83692461624742 111.55386206135154 409.53481568396091 21.534779965877533 28.388932563364506
leaf_count=424 214 159 108 243 335 94 151 228 423 2009 494 1815 97 129
internal_value=-0.000259538 0.00601559 -0.0109246 -0.000900933 -0.00864272 -0.000117753 0.0107983 -0.000939746 -0.00738992 0.000603348 0.00116062 -0.000382814 0.00278739 -0.0124186
internal_weight=1531.76 141.269 50.1801 1390.5 126.821 1263.67 87.643 1176.03 226.3 949.73 131.156 898.295 459.459 49.9237
internal_count=6923 691 267 6232 549 5683 394 5289 1011 4278 588 4050 2041 226
is_linear=0
shrinkage=0.03


Tree=78
num_leaves=15
num_cat=0
split_feature=26 26 14 29 31 27 29 32 13 30 32 13 22 13
split_gain=5.89883 7.12011 6.94553 10.3755 14.301 5.97564 5.86847 13.8749 13.6271 12.5919 12.0285 20.5624 17.2281 12.4837
threshold=-12.572707848752527 -13.512377167987919 -4.8997774584497158 1.0211499983762413 0.30070579950427329 -12.533244853449863 0.84982592492171782 0.68355163169896505 1.421300099785735 0.67185113348049008 0.45201865172701733 -1.4920239266478219 0.91276255295659914 -0.82383160786724063
decision_type=8 10 8 10 2 10 10 2 10 10 2 8 8 8
left_child=1 5 3 4 -2 -1 10 -8 9 -9 11 -4 -12 -13
right_child=2 -3 6 -5 -6 -7 7 8 -10 -11 12 13 -14 -15
leaf_value=0.0073841827875884055 0.0025698615511353068 0.022388319602349126 0.024128288703416698 -0.0075638701244177872 0.035588674309320632 -0.00474155274971609 -0.0020069325718286039 0.01724345720604107 -0.010855128827996323 -0.0087796806965706273 0.014862329948105471 -0.019276565790355513 -0.010440376660909041 -0.0001489064044212328
leaf_weight=91.880094308406115 29.858363330364227 17.448889963328838 28.245813526213169 25.539008252322674 18.712746933102608 59.466059979051352 490.58240780606866 98.091508999466896 25.825468972325325 19.488387040793896 25.754217110574245 33.201220601797104 266.57741615176201 300.89327042549849
leaf_count=484 129 81 132 117 85 279 2253 425 122 103 115 137 1164 1301
internal_value=-0.000490183 0.0047833 -0.00114639 0.00772352 0.0157522 0.00261996 -0.00166209 0.000395334 0.00857035 0.0128926 -0.00365208 3.89583e-06 -0.00816816 -0.0021016
internal_weight=1531.56 168.795 1362.77 74.1101 48.5711 151.346 1288.66 633.988 143.405 117.58 654.672 362.34 292.332 334.094
internal_count=6927 844 6083 331 214 763 5752 2903 650 528 2849 1570 1279 1438
is_linear=0
shrinkage=0.03


Tree=79
num_leaves=15
num_cat=0
split_feature=27 29 31 13 33 33 28 33 13 13 1 31 31 26
split_gain=7.60526 15.8625 8.70086 7.25724 16.4765 13.4366 11.3697 8.53905 14.8332 20.1442 15.5294 13.6593 12.4707 7.67485
threshold=-7.7695405497735228 1.5089547732759623 -0.63435554093529889 -1.2104238598567305 0.043975078840948943 0.0098121663843207668 7.8262714302601575 0.085651758016579468 -0.10740470915813187 0.62359297539566116 -0.21125808158658615 -0.26932402956675694 -0.39271506111191307 9.3603266468278452
decision_type=8 8 2 10 2 2 8 2 10 10 2 2 2 8
left_child=1 -1 -3 4 5 6 -2 -5 10 -10 -9 13 -11 -12
right_child=3 2 -4 7 -6 -7 -8 8 9 12 11 -13 -14 -15
leaf_value=0.0051525795116867902 0.018820479432964558 0.0069501460482413084 -0.021522561698574381 -0.0040392209475880519 -0.010018013270202698 0.03064584288243553 -0.0084432296556980688 0.038553035551633204 -0.015258664747237603 -0.0077041589807057892 0.022720755534429031 -0.0050652334467023163 0.015748087478775472 -0.0023730640219204757
leaf_weight=407.25037544965744 25.278572972863913 13.031664263457058 32.337308328598738 679.68882331252098 39.718836843967438 26.09594002366066 28.036247108131647 14.087839141488073 73.337890435010195 33.69039148837328 40.832704283297062 51.936942920088768 48.970165185630322 14.628247682005165
leaf_count=1823 113 75 195 2936 198 116 129 67 336 169 182 247 255 79
internal_value=1.19514e-05 0.0032705 -0.0133706 -0.00136013 0.00559289 0.0134285 0.00459204 -0.00223044 0.00219871 -0.00391483 0.0100169 0.00595257 0.0062117 0.0161773
internal_weight=1528.92 452.619 45.369 1076.3 119.13 79.4108 53.3148 957.173 277.484 155.998 121.486 107.398 82.6606 55.461
internal_count=6920 2093 270 4827 556 358 242 4271 1335 760 575 508 424 261
is_linear=0
shrinkage=0.03


Tree=80
num_leaves=15
num_cat=0
split_feature=13 13 32 30 30 28 27 32 23 29 29 14 32 29
split_gain=6.27198 12.093 6.81136 5.64107 8.10639 11.1563 8.09112 5.86685 6.51285 15.793 15.3118 5.96341 9.41926 6.62705
threshold=4.2986042067446606 3.1350948948233719 0.40274668985873718 -1.5746515518842878 -0.91568604021536115 5.1642683622210592 1.2186875409758715 0.99512551815703276 -0.10863137914292255 0.69954713249815326 1.1315552782804243 -4.8154957058255112 -0.61734245059638992 0.4686799589240388
decision_type=8 10 2 10 10 10 10 2 8 10 10 8 2 10
left_child=1 3 -3 6 5 -5 -1 8 9 -6 -11 12 -10 -13
right_child=-2 2 -4 4 7 -7 -8 -9 11 10 -12 13 -14 -15
leaf_value=0.016192839568077946 -0.013730236877553596 0.031311510147740446 0.0044005376988005837 -0.00044389918073824754 0.014964790156784872 -0.015324716736853213 -0.0038861306195796513 0.013828613100164235 -0.0054641190420681258 -0.03186764311903606 0.00094631466667330127 -0.0096626322127276888 0.022379981914411623 0.00055347525294370309
leaf_weight=42.059640094637871 28.987696830183268 15.88406492769718 17.744477689266205 111.31007322669029 17.465160191059113 75.581025332212448 30.558015510439873 26.72641035169363 17.865598812699318 28.068398594856262 22.76529461145401 59.585758022964001 25.914069730788469 1005.7923817224801
leaf_count=184 157 85 84 478 80 325 137 131 78 122 111 259 122 4557
internal_value=-0.000145643 0.000126339 0.0176488 -0.000288016 -0.00071582 -0.00651141 0.00780545 0.000188322 -0.000132763 -0.00905534 -0.0174375 0.000424326 0.0111491 -2.64289e-05
internal_weight=1526.31 1497.32 33.6285 1463.69 1391.07 186.891 72.6177 1204.18 1177.46 68.2989 50.8337 1109.16 43.7797 1065.38
internal_count=6910 6753 169 6584 6263 803 321 5460 5329 313 233 5016 200 4816
is_linear=0
shrinkage=0.03


Tree=81
num_leaves=15
num_cat=0
split_feature=0 19 1 30 24 29 31 14 13 13 1 13 31 23
split_gain=7.3205 5.62122 5.05829 4.62095 6.88274 7.35123 7.91156 6.43005 7.09562 14.7302 13.9557 6.96818 24.1787 19.8174
threshold=0.54905872736346872 -0.96736669303876244 -0.38193356569168041 0.26809450263665441 -0.0001484792764902626 0.56120605637156873 -0.043619387365335778 -4.8003687275682818 -1.3609952845775279 -3.8155692453800767 0.064698576341726835 -0.33904499037677344 -0.065403129230142812 -0.24509068638860701
decision_type=2 8 2 8 10 10 2 8 10 8 2 10 2 10
left_child=1 -1 -3 7 5 6 -5 -4 9 -9 -11 12 -10 -14
right_child=-2 2 3 4 -6 -7 -8 8 11 10 -12 -13 13 -15
leaf_value=-0.011471712458977665 -0.013003124950491163 0.014350224678743617 0.012970797386649822 -0.027266787023610725 -0.015162775569248525 0.00027670045022014486 -0.0010804639815508263 -0.012713029067652966 0.0049682353264840712 0.024416387520927202 -0.0059224141545344555 0.0023216647956566393 -0.017782355668039034 0.015221824357014638
leaf_weight=33.801996242254972 36.353477984666824 23.130244392901659 42.882203012704849 17.89578191190958 31.489395745098591 433.00404080748558 23.242743946611881 20.173700429499149 140.72358612716198 48.140947803854942 18.424894422292709 522.96827872097492 110.06416819989681 18.416394934058189
leaf_count=154 180 129 186 84 149 2136 108 98 592 206 85 2241 466 81
internal_value=0.000113908 0.000443696 0.00072907 0.000498459 -0.00180399 -0.000886748 -0.0128486 0.00176201 0.00120101 0.00929593 0.0160555 0.000304051 -0.00360954 -0.0129705
internal_weight=1520.71 1484.36 1450.56 1427.43 505.632 474.143 41.1385 921.794 878.912 86.7395 66.5658 792.172 269.204 128.481
internal_count=6895 6715 6561 6432 2477 2328 192 3955 3769 389 291 3380 1139 547
is_linear=0
shrinkage=0.03


Tree=82
num_leaves=15
num_cat=0
split_feature=28 13 32 33 33 29 31 31 13 1 29 13 29 13
split_gain=6.53331 10.0186 15.8112 10.798 13.6672 16.0588 11.4689 10.4683 19.5224 15.4963 11.4902 10.3288 12.8394 10.087
threshold=-3.1332640744397007 -0.76286157536448307 -0.81279832427823695 0.21420990886416957 0.0090276288773079218 1.0851331508959565 -0.94331137514050689 0.21643961393810304 0.59848937537688363 0.059160351092130678 0.80499305207830762 -1.2104238598567305 0.71884103818576728 0.2321509104267919
decision_type=8 10 2 2 2 10 2 2 10 2 10 8 10 10
left_child=-1 2 -2 4 5 7 -7 8 9 -3 13 12 -4 -9
right_child=1 3 11 -5 -6 6 -8 10 -10 -11 -12 -13 -14 -15
leaf_value=0.0023660513731224449 0.013131761786978721 0.0080634784074186585 0.0087803121830888741 0.0077966413055694144 -0.0067504836848846133 -0.029054020247338906 -0.002392683880675628 -0.024359678018332092 -0.0073584356342261551 0.038396309297002822 0.0095338804902210875 -0.020686494463486402 -0.015710028317608628 0.0027795740620281647
leaf_weight=679.50258009508252 25.722934640944004 29.406222626566887 34.967883042991161 129.60607698187232 261.5644625723362 17.302028141915798 71.354144301265478 21.523363798856735 24.094967842102051 31.822589553892612 65.883753336966038 65.733137253671885 40.64011238515377 26.822427302598953
leaf_count=3102 113 121 153 650 1167 80 326 89 106 138 277 296 191 114
internal_value=0.000177017 -0.001581 -0.00813924 4.13068e-05 -0.00179781 0.0027048 -0.0078619 0.00741509 0.0153004 0.0241921 0.0014435 -0.0120754 -0.00441675 -0.00955152
internal_weight=1525.95 846.444 167.064 679.38 549.774 288.209 88.6562 199.553 85.3238 61.2288 114.23 141.341 75.608 48.3458
internal_count=6923 3821 753 3068 2418 1251 406 845 365 259 480 640 344 203
is_linear=0
shrinkage=0.03


Tree=83
num_leaves=15
num_cat=0
split_feature=23 23 31 32 14 29 27 29 1 13 13 13 32 29
split_gain=5.23026 6.18944 14.3495 7.13946 6.89586 20.1231 6.79917 10.9504 7.51093 7.20476 6.64291 5.6467 5.33985 6.66638
threshold=-0.22269417245204745 -0.13633819850526233 -0.66746801135786415 0.51877325816052144 -4.856851997594446 0.92425136093482729 -9.8697758597010559 1.4016967314582154 -0.25130892435671065 0.46285452426783064 -0.80638499074936376 -1.4920239266478219 -0.87137607974597309 0.83969955488419201
decision_type=8 8 2 2 8 10 8 8 2 8 8 10 2 10
left_child=-1 2 -2 -4 5 -3 7 8 9 -6 11 -10 -12 -14
right_child=1 4 3 -5 6 -7 -8 -9 10 -11 12 -13 13 -15
leaf_value=0.015875936259728666 -0.031795733580644372 0.025230958473882469 0.014088276033644126 -0.01038240053949871 0.0034527504247411408 -0.010643652005469764 -0.00157740434614944 -0.0090300490558891163 0.0071821272015412524 -0.019952665105335447 -0.0001532701200688285 -0.012453144029472113 0.0057648667053409822 0.017824351677408611
leaf_weight=17.154763445258141 17.434092622250319 32.588369950652122 17.584405802190304 24.390645042061806 31.29327467828989 23.459772430360317 1042.5454057045281 54.956192046403885 26.679014354944229 17.809566557407379 39.058081552386284 24.211988091468811 79.675068344920874 87.770219020545483
leaf_count=80 80 145 77 112 148 113 4660 317 127 89 163 103 350 389
internal_value=-0.000131185 -0.000322229 -0.00973229 -4.1736e-05 6.70639e-05 0.0102918 -0.000348144 0.003192 0.0054057 -0.00526518 0.00745387 -0.00221954 0.00983701 0.0121544
internal_weight=1536.61 1519.46 59.4091 41.9751 1460.05 56.0481 1404 361.453 306.497 49.1028 257.394 50.891 206.503 167.445
internal_count=6953 6873 269 189 6604 258 6346 1686 1369 237 1132 230 902 739
is_linear=0
shrinkage=0.03


Tree=84
num_leaves=15
num_cat=0
split_feature=13 13 30 13 28 13 29 29 27 32 29 23 16 28
split_gain=5.07804 9.06386 6.62536 5.87639 11.4584 8.63971 5.0752 8.4752 8.38267 5.16849 4.7869 16.0628 15.6113 11.1949
threshold=4.2986042067446606 3.1350948948233719 0.482607286605023 1.2290063896109036 -40.745874789180895 1.0949529298448348 0.63294986015436283 0.82890112712069353 1.6960150499389928 -0.70710678118654757 0.69611328485822066 -0.045703947400336412 -0.00016682753514629664 15.697766286288941
decision_type=8 10 8 10 10 10 10 10 10 2 10 8 8 10
left_child=1 3 -3 5 -5 10 -6 -8 9 -9 11 -1 -12 -13
right_child=-2 2 -4 4 6 -7 7 8 -10 -11 12 13 -14 -15
leaf_value=0.019328570583365502 -0.0124685456841114 0.024850515039626958 -0.00079709406888680634 0.017898817644112091 -0.022766012382789906 0.015574366263154525 0.0070516184747742659 -0.0077436592648998026 -0.0010160034489663829 -0.028840516417728532 -0.024737644822018682 0.0039032154920889419 -0.00027334526580109552 -0.0088296880027771175
leaf_weight=46.890964642167091 27.128771465271711 22.229012258350849 14.766800150275229 15.739997826516626 18.270840011537075 33.086806036531925 31.669431060552597 19.390587031841278 40.343854002654552 24.451412416994572 23.136073939502239 248.5982333868742 858.80666667968035 81.753689326345921
leaf_count=211 149 105 81 87 88 152 135 83 187 112 106 1071 3905 357
internal_value=0.000158765 0.00039863 0.0148618 1.75591e-05 -0.00558546 0.000671163 -0.00845346 -0.0060208 -0.0109635 -0.0198905 0.000267513 0.00309116 -0.00094241 0.000735008
internal_weight=1506.26 1479.13 36.9958 1442.14 149.866 1292.27 134.126 115.855 84.1859 43.842 1259.19 377.243 881.943 330.352
internal_count=6829 6680 186 6494 692 5802 605 517 382 195 5650 1639 4011 1428
is_linear=0
shrinkage=0.03


Tree=85
num_leaves=15
num_cat=0
split_feature=15 14 23 29 13 23 29 29 13 0 13 13 33 33
split_gain=4.11605 8.47222 3.9298 8.77343 8.22178 8.2212 8.15175 13.4821 12.3159 9.39997 8.09717 13.4758 11.0473 10.1093
threshold=0.00020493426091405811 -4.4872570451953688 -0.11010528691688819 0.56636098295509518 0.59469704750605801 -0.059543375405507977 0.61357874294526094 0.62925146480975302 1.0301903930910192 -0.063321753249746662 0.82133055581122427 -0.1472540367663823 0.0070307244389254363 0.0064685787508312323
decision_type=10 10 8 10 10 8 10 10 10 2 8 10 2 2
left_child=2 -2 3 -1 -5 -4 8 -8 10 -10 11 12 -7 -13
right_child=1 -3 5 4 -6 6 7 -9 9 -11 -12 13 -14 -15
leaf_value=0.011525842762450802 0.0059721855609063497 -0.019443945306717475 0.014548743965189591 -0.022091621740127802 -0.0011311666558911063 -0.012384958143615808 0.023300454722489483 0.00089610297327220206 -0.0053222287749088637 -0.036998232957248307 0.013807230387963608 0.0037904506545824077 0.0067875338723932949 -0.021516709958125942
leaf_weight=19.202890366315842 19.890977114439011 26.751576222479343 36.225810244679451 31.018510669469833 35.775489538908005 36.10840317606926 23.741777561604977 1058.5561961010098 17.40054327994585 16.110795177519321 25.090236455202103 19.268104374408722 98.869922757148743 50.352997735142708
leaf_count=86 90 124 160 139 170 150 102 4806 90 84 115 81 443 221
internal_value=-2.90162e-05 -0.00870724 0.000252509 -0.00593222 -0.0110473 0.000641451 0.000256488 0.00140863 -0.00446859 -0.0211815 -0.00194896 -0.00393891 0.00160529 -0.0145583
internal_weight=1514.36 46.6426 1467.72 85.9969 66.794 1381.72 1345.5 1082.3 263.201 33.5113 229.69 204.599 134.978 69.6211
internal_count=6861 214 6647 395 309 6252 6092 4908 1184 174 1010 895 593 302
is_linear=0
shrinkage=0.03


Tree=86
num_leaves=15
num_cat=0
split_feature=13 13 33 23 26 1 0 28 28 29 13 32 13 28
split_gain=6.82434 8.05935 11.9178 4.18223 4.30278 5.94499 5.16986 4.1131 5.3475 8.1966 8.62104 10.4823 7.20899 7.11758
threshold=-3.8155692453800767 -2.2791823608638331 0.043975078840948943 -0.21868713091278333 5.8204761201574593 0.21679538030396708 0.53075958895522224 -86.434624892408593 -39.615033951916338 0.85306386601606332 -0.38431026292269638 -0.6835516316989646 0.56653984037339777 -20.537082092828559
decision_type=8 8 2 8 8 2 2 10 10 8 10 2 8 10
left_child=-1 2 -2 -3 6 -6 7 -5 9 12 -11 -12 -9 -10
right_child=1 3 -4 4 5 -7 -8 8 13 10 11 -13 -14 -15
leaf_value=-0.014490368022948504 0.02292081870508238 0.013612999133861065 -0.008098394123890235 -0.01120264566965026 -0.0045523492311951488 0.009829261843001761 -0.013809556212443404 0.0075328181975309249 -0.0061718174888875038 0.032479000332125266 -0.0093545898978504224 0.019678660602060419 -0.016100945508810072 0.00127131384597728
leaf_weight=29.099631231278181 30.441809698939323 17.756219305098057 16.626633681356907 24.846119239926338 337.01163118705153 27.080497797578573 21.838066980242729 27.192771211266518 134.57560043036938 16.271312363445759 18.923675909638405 24.853127676993608 18.781274221837521 784.91092072054744
leaf_count=152 138 83 91 170 1559 143 104 120 591 75 86 121 90 3420
internal_value=-0.000346765 -6.31209e-05 0.012023 -0.000462351 -0.000645709 -0.00345868 0.000311844 0.0006183 0.000915333 0.0072621 0.0144694 0.00719965 -0.00225925 0.000176419
internal_weight=1530.21 1501.11 47.0684 1454.04 1436.28 364.092 1072.19 1050.35 1025.51 106.022 60.0481 43.7768 45.974 919.487
internal_count=6943 6791 229 6562 6479 1702 4777 4673 4503 492 282 207 210 4011
is_linear=0
shrinkage=0.03


Tree=87
num_leaves=15
num_cat=0
split_feature=33 29 28 31 29 1 30 14 29 1 33 28 32 29
split_gain=5.80626 6.1427 4.60643 4.58948 4.87023 3.91598 3.62393 9.88712 10.0816 8.82085 10.4947 8.06043 6.99334 6.64399
threshold=0.00074103290397088976 1.1810887017103429 23.88064329035711 0.16288578192842371 0.86958856950578622 -0.38193356569168041 -0.028902682199992206 -4.2018614124217359 1.0102658653464287 -0.085719611043749713 0.49289183588680341 57.584748476116062 -0.89194178735545482 0.93676945900034936
decision_type=2 10 10 2 10 2 8 8 10 2 2 8 2 10
left_child=1 2 3 4 -1 -2 7 8 -7 10 13 12 -9 -8
right_child=5 -3 -4 -5 -6 6 9 11 -10 -11 -12 -13 -14 -15
leaf_value=0.0010242276963329999 0.01149749749148429 0.01797254105105316 0.012930459651985851 0.0074995717418801034 -0.017329807944971423 0.017046854724487741 -0.013955389999782438 0.0079972683270149707 -0.0081715144480540569 0.0002515086636868912 0.014666177702084074 -0.019954266512168112 -0.0011720622768119236 -0.003166047605424539
leaf_weight=32.47896296530962 23.07127621024847 28.710130598396063 28.496553219854832 35.348749339580536 20.593192622065544 57.396320000290871 111.58337727934122 86.164205342531204 18.206823587417603 414.67641310021281 17.439364023506641 17.539416909217834 529.33979116380215 95.842134796082973
leaf_count=138 134 142 127 152 86 251 483 354 80 1979 110 77 2294 476
internal_value=0.000109437 0.00578373 0.00266363 -0.000752797 -0.00628634 -0.000496949 -0.000710577 0.000766675 0.0109463 -0.00234609 -0.00711628 -0.00046441 0.000122439 -0.00900922
internal_weight=1516.89 145.628 116.917 88.4209 53.0722 1371.26 1348.19 708.647 75.6031 639.541 224.865 633.043 615.504 207.426
internal_count=6883 645 503 376 224 6238 6104 3056 331 3048 1069 2725 2648 959
is_linear=0
shrinkage=0.03


Tree=88
num_leaves=15
num_cat=0
split_feature=27 29 14 32 29 14 28 14 32 32 32 30 30 29
split_gain=4.53141 8.51685 12.0553 9.25195 9.35446 8.627 8.40643 7.37344 6.92316 8.0727 6.31414 6.95277 6.53738 5.81756
threshold=3.3568456613197744 0.82161476109146658 -4.620787894411559 0.22706275313213803 0.69611328485822066 -5.9190885228643788 15.118599805914458 -4.8997774584497158 0.96863394805116487 0.81279832427823717 0.89194178735545526 -1.170383772820246 -0.32111189448121308 0.93363102751861649
decision_type=8 10 8 2 10 10 10 8 2 2 2 10 10 10
left_child=7 3 -3 6 5 8 -2 13 9 -5 11 -4 -12 -1
right_child=1 2 10 4 -6 -7 -8 -9 -10 -11 12 -13 -14 -15
leaf_value=0.02162424339304898 0.0071852680198408979 -0.018355037506187558 -0.016591453537379074 -0.011854143982231936 -0.023122943480395605 0.012287963699496737 -0.0081576307674213078 0.0006539593303729321 -0.025586333950041763 0.010801742399504925 0.024447434565623045 0.0022524307627765357 0.00056207293315038698 0.00022415129372792833
leaf_weight=26.821614131331444 66.962568216025829 25.678134866058826 17.853470623493195 48.761324100196362 40.995717421174049 17.796581365168095 59.974372006952763 859.91719236969948 19.249314770102501 18.893589496612549 21.593774288892746 269.52356988564134 19.061846360564232 19.444120265543461
leaf_count=119 285 119 77 212 175 80 269 3858 94 80 95 1288 97 94
internal_value=-6.68866e-05 -0.00202725 0.00104448 -0.00600171 -0.0111331 -0.00626416 -7.09502e-05 0.00128883 -0.0101599 -0.00546199 0.00261422 0.00102827 0.0135309 0.0128254
internal_weight=1532.53 626.344 353.711 272.633 145.697 104.701 126.937 906.183 86.9042 67.6549 328.033 287.377 40.6556 46.2657
internal_count=6942 2871 1676 1195 641 466 554 4071 386 292 1557 1365 192 213
is_linear=0
shrinkage=0.03


Tree=89
num_leaves=15
num_cat=0
split_feature=1 13 13 13 13 28 26 32 28 31 28 31 32 31
split_gain=5.81015 4.92204 18.3505 11.826 10.6241 10.5764 10.0668 7.97077 7.94036 14.4813 7.81429 10.9145 7.8555 8.50723
threshold=-0.38193356569168041 -0.78513458530691371 -0.67077613501119149 -0.61410449196326466 -1.030035652985793 8.452764797137748 -6.2984934883925083 0.56457333468532445 -12.148089242067782 -0.24825246871434756 41.72934430105358 -0.75894212529897742 0.16288578192842365 0.63435554093529933
decision_type=2 8 8 8 10 10 10 2 10 2 10 2 2 2
left_child=-1 4 5 -4 8 7 -6 -3 9 -2 11 -10 13 -13
right_child=1 2 3 -5 6 -7 -8 -9 10 -11 -12 12 -14 -15
leaf_value=0.014162039677548064 -0.0064511693859351819 0.032559708343832733 -0.023434898228999079 -0.00016997835383787853 -0.02966007457583749 0.0024470720695290494 -0.0064395993633638085 0.0071855396370311304 0.011592768707691818 0.02287300544573187 0.011922652476937749 -0.007857328167844015 -0.004396185364811794 -0.036994588694712088
leaf_weight=24.214218772947788 28.07610047981143 28.997041702270508 19.017125815153122 1116.3922874629498 21.982738438993692 42.960392087697983 65.672604687511921 18.838873401284218 21.490617096424103 31.073651246726513 22.102424569427967 19.059692069888115 54.154758483171463 17.384262464940548
leaf_count=138 148 127 89 5029 97 197 282 83 97 154 110 81 237 81
internal_value=-0.000120155 -0.000358846 0.000462669 -0.000579925 -0.00393268 0.0133646 -0.0125318 0.0229185 1.03544e-05 0.00907811 -0.00402416 -0.00724627 -0.0117928 -0.022373
internal_weight=1531.42 1507.2 1226.21 1135.41 280.997 90.7963 87.6553 47.8359 193.342 59.1498 134.192 112.089 90.5987 36.444
internal_count=6950 6812 5525 5118 1287 407 379 210 908 302 606 496 399 162
is_linear=0
shrinkage=0.03


Tree=90
num_leaves=15
num_cat=0
split_feature=33 33 23 23 15 23 29 28 31 1 29 19 23 0
split_gain=4.43352 7.33086 10.226 9.61548 9.42294 9.38945 12.3441 8.71527 9.13174 8.37795 8.08647 7.54708 6.85298 6.80772
threshold=0.14121587531479476 0.017583420074340848 -0.040815208569837384 0.025892993095852936 0.0054021337290848246 -0.080321922217978806 0.47439717239455453 -40.745874789180895 -0.098011308799811112 0.057193832488539938 0.50835450149243255 -1.3105415804259832 -0.10742620343718433 0.35694686827076599
decision_type=2 2 10 8 8 10 10 10 2 2 10 10 8 2
left_child=1 2 5 -4 -3 6 -1 -6 9 11 -10 -9 -2 -14
right_child=12 4 3 -5 7 -7 -8 8 10 -11 -12 -13 13 -15
leaf_value=-0.014197223746476386 -0.012986581980240977 0.013512497667060275 -0.026981088322139492 0.0021382410673438188 0.0085253365235213371 0.020748428481378433 0.0015674581667585532 -0.01784752247863548 0.016960604288413998 -0.0011771322674314613 -0.0042280712034464957 0.0020973650456708628 0.0051118884542915863 -0.0093263192592846853
leaf_weight=46.932453520596027 23.079071082174778 23.099721997976303 22.287383697926998 17.924238920211792 33.699498884379864 20.24321798235178 662.59190422296524 125.72941678017378 17.492167398333549 52.488344606012106 130.76285368949175 19.50551250576973 282.84203596413136 31.864376503974199
leaf_count=209 116 100 99 79 164 89 2886 554 76 248 575 83 1411 176
internal_value=-0.000568584 -0.00144084 0.000275693 -0.0142643 -0.00471486 0.0010953 0.000506168 -0.0058564 -0.00727776 -0.0114821 -0.0016312 -0.0151728 0.00245512 0.00362509
internal_weight=1510.54 1172.76 769.979 40.2116 402.778 729.768 709.524 379.678 345.978 197.723 148.255 145.235 337.785 314.706
internal_count=6865 5162 3362 178 1800 3184 3095 1700 1536 885 651 637 1703 1587
is_linear=0
shrinkage=0.03


Tree=91
num_leaves=15
num_cat=0
split_feature=33 1 13 32 30 13 32 28 1 30 13 13 32 27
split_gain=6.91889 7.39295 5.17369 10.452 5.15062 11.6632 6.64169 10.2653 9.84944 8.56525 7.61321 21.7406 7.04588 6.8951
threshold=0.58228290274134042 -0.056618408123004317 -3.8155692453800767 0.52803643325367278 -0.040170996671962556 -1.653507155775227 -0.10886687485196482 45.499358638827488 0.1320284532321728 -0.18639226802937561 -0.67077613501119149 -0.33904499037677344 0.8374305290577152 -3.8198305691805596
decision_type=2 2 10 2 10 10 2 8 2 10 10 10 2 10
left_child=2 -2 3 -1 5 -4 10 8 9 -8 -7 -12 -10 -13
right_child=1 -3 4 -5 -6 6 7 -9 12 -11 11 13 -14 -15
leaf_value=0.0011337065988030368 0.019854670157254312 0.0016401298330565679 0.018855097440493726 -0.02871937963271326 -0.001852862577476456 0.017149394746858591 -0.0035361878790897412 -0.022780509103920109 0.0030800403711505079 0.012060693616707934 -0.020071157429763752 0.014369270454447615 0.024865050387444562 0.0020314953110633252
leaf_weight=27.224492635577917 31.110358648002148 53.956614978611469 33.323283731937408 16.16453330218792 679.02471579611301 37.63313964009285 335.54664028435946 18.06233124434948 36.182494044303894 34.00428019464016 31.144921571016312 65.629149734973907 20.502948582172394 106.0594954714179
leaf_count=132 189 308 145 82 3165 157 1422 79 158 145 130 277 91 445
internal_value=0.000192051 0.00845477 -0.00030142 -0.0103845 1.89244e-05 0.001789 0.000932217 -0.0012418 -0.000277881 -0.00207236 0.00493754 0.00259877 0.0112541 0.00680359
internal_weight=1525.57 85.067 1440.5 43.389 1397.11 718.089 684.765 444.299 426.236 369.551 240.467 202.834 56.6854 171.689
internal_count=6925 497 6428 214 6214 3049 2904 1895 1816 1567 1009 852 249 722
is_linear=0
shrinkage=0.03


Tree=92
num_leaves=15
num_cat=0
split_feature=31 13 13 31 1 28 28 30 22 1 31 0 13 1
split_gain=6.47394 18.9536 34.166 15.627 10.3937 9.96105 9.82812 7.72772 6.65302 8.9621 6.5851 7.60922 5.73371 16.0422
threshold=0.78661891169205866 0.84244979796757558 0.60824691977472667 0.98658463173998445 -0.10718381148091367 3.3360274691496277 -14.557674374153782 -1.0414004058983053 -0.095200137399634219 0.04860439579374385 0.95032354012166642 0.17142916845894215 1.2290063896109036 -0.0079254764285179493
decision_type=2 10 10 2 2 10 10 8 8 2 2 2 8 2
left_child=8 2 3 6 -3 -5 -2 -8 9 -1 11 -9 -10 -14
right_child=1 4 -4 5 -6 -7 7 10 12 -11 -12 -13 13 -15
leaf_value=4.0458351354437106e-05 0.022123231069480435 -0.0011797924753180907 -0.029114251364261469 0.0033747454074055422 0.024050670974273311 -0.021937343538914186 -0.010262621575927515 0.010061164501855088 0.00016594265531523925 -0.022594136436426108 0.020071963358370911 -0.011667824765874741 0.0017344587204324983 -0.017638565973059347
leaf_weight=33.193078096956015 37.07523163408041 20.257515024393797 31.386332541704178 26.764747992157936 51.655978702008724 27.798828706145287 24.279195055365562 43.139783017337322 986.46814101561904 28.942337151616812 28.934031501412392 20.64404471963644 96.693338792771101 62.712332651019096
leaf_count=149 179 93 140 118 261 124 106 199 4424 131 129 101 457 297
internal_value=-0.000216942 0.00362908 -0.000438403 0.00399378 0.0170247 -0.00968388 0.00886883 0.00451675 -0.00121225 -0.0106935 0.0084551 0.00295689 -0.000689253 -0.0059496
internal_weight=1519.94 311.936 240.022 208.636 71.9135 54.5636 154.072 116.997 1208.01 62.1354 92.7179 63.7838 1145.87 159.406
internal_count=6908 1450 1096 956 354 242 714 535 5458 280 429 300 5178 754
is_linear=0
shrinkage=0.03


Tree=93
num_leaves=15
num_cat=0
split_feature=31 13 13 29 31 13 13 31 30 29 32 29 14 13
split_gain=4.28145 12.453 23.6883 10.1262 9.57737 8.21307 9.79748 7.32803 6.52184 6.1933 12.7796 16.6349 14.2534 13.1008
threshold=0.77296446310593014 0.84244979796757558 0.60824691977472667 0.9297054995485492 0.99512551815703276 -0.80638499074936376 -0.10740470915813187 0.98990318592078563 -1.8272767801922842 0.8456961001512634 0.20576496797711544 0.69611328485822066 -4.4146578943216044 -1.4920239266478219
decision_type=2 10 10 10 2 8 10 2 8 10 2 8 10 10
left_child=8 2 3 4 -2 -5 -7 -3 -1 10 12 -12 13 -10
right_child=1 7 -4 5 -6 6 -8 -9 9 -11 11 -13 -14 -15
leaf_value=0.012267388974974903 0.011566224190954806 0.0085648356949668027 -0.023634980680427447 -0.019697864702286121 -0.010921307383109594 0.014641678443049082 -0.0094398177477769078 0.030968840185215174 0.026663273037047196 0.0010717677783347731 -0.0027782733155530077 -0.017781321977814138 -0.020726319908340594 0.0017994451874077833
leaf_weight=33.18811746686697 121.09669607877731 56.008781008422375 32.054537981748581 22.655121155083179 19.001161813735962 26.14814156293869 33.575416695326567 16.7379479855299 20.067582719027996 608.72503241151571 224.06250105798244 93.884464271366596 21.864570543169975 203.51201890781522
leaf_count=149 542 283 143 118 82 125 152 79 89 2830 1004 407 97 868
internal_value=0.000177056 0.00321454 6.91458e-05 0.00357493 0.0084605 -0.00473558 0.00117102 0.0140697 -0.000649698 -0.00102559 -0.00328959 -0.00725028 0.00184967 0.00413991
internal_weight=1532.58 327.278 254.531 222.477 140.098 82.3787 59.7236 72.7467 1205.3 1172.12 563.391 317.947 245.444 223.58
internal_count=6968 1524 1162 1019 624 395 277 362 5444 5295 2465 1411 1054 957
is_linear=0
shrinkage=0.03


Tree=94
num_leaves=15
num_cat=0
split_feature=19 0 0 28 31 28 0 0 28 26 0 1 26 0
split_gain=7.49849 6.84281 5.77703 4.54811 5.74699 6.30491 5.50289 7.16926 6.30626 5.80875 5.41334 5.09083 4.99881 5.23144
threshold=-0.96736669303876244 0.54905872736346872 0.49246631619272141 -7.3861160101573722 0.15212338618991691 -20.866210757874978 -0.14486586017250377 -0.026699243248773253 -37.803438850096953 0.95679756839661689 -0.36301051493500042 -0.04069036337038353 -3.3455195916642917 -0.17506477788915961
decision_type=8 2 2 8 2 10 2 2 10 10 2 2 10 2
left_child=-1 2 3 4 6 -6 8 11 -2 10 -10 -8 13 -5
right_child=1 -3 -4 12 5 -7 7 -9 9 -11 -12 -13 -14 -15
leaf_value=-0.013455572376706568 0.0035967020073341444 -0.012466885376179042 0.015786179291809178 0.0072211518991410033 0.001656452409726739 0.011149656353604124 0.020072055372065425 -0.00072203252932631135 -0.0043961451450417049 0.0042854034448804529 -0.021914097232899225 0.00027811588233610235 -0.0025074083958458995 -0.0014308113528829509
leaf_weight=35.730915948748589 49.312310308218002 36.024697735905647 21.184173464775085 114.63692995160818 146.62103262171149 109.91182471439242 30.657547365874052 120.93426586315036 29.410222508013248 19.660626322031021 35.149269416928291 18.589261054992676 601.20457830652595 137.31705942377448
leaf_count=165 262 179 104 515 685 477 143 549 139 86 152 81 2699 614
internal_value=-6.68956e-05 0.000267326 0.000595563 0.000356885 0.00245458 0.00575133 -0.000339759 0.00322956 -0.00487889 -0.00982546 -0.0141225 0.0127546 -0.00102188 0.00251874
internal_weight=1506.34 1470.61 1434.59 1413.4 560.246 256.533 303.714 170.181 133.532 84.2201 64.5595 49.2468 853.159 251.954
internal_count=6850 6685 6506 6402 2574 1162 1412 773 639 377 291 224 3828 1129
is_linear=0
shrinkage=0.03


Tree=95
num_leaves=15
num_cat=0
split_feature=29 13 31 13 15 31 1 23 27 31 31 13 13 31
split_gain=7.83013 21.077 12.3142 12.0972 6.01541 9.02088 6.54621 6.35886 8.05525 6.63297 4.6471 17.7957 16.6031 16.0027
threshold=1.4928968948613293 -0.26797507847734237 0.61734245059639015 -0.70232240871839524 0.00020493426091405811 -0.18436924984152911 -0.38193356569168041 -0.033428922695290512 -3.0933112324849072 0.99702681066517462 -0.56457333468532422 0.58993928291594522 -0.80638499074936376 -0.95688340256707749
decision_type=8 8 2 10 10 2 2 10 10 2 2 10 10 2
left_child=4 3 -3 -2 6 -6 -1 9 -9 10 11 12 -8 -14
right_child=1 2 -4 -5 5 -7 7 8 -10 -11 -12 -13 13 -15
leaf_value=0.017404504992258922 -0.0065735830420592225 -0.026492470301050286 0.00096302748592623196 0.023801688979897782 0.0074101620301231718 -0.019290920357018262 -0.010460462265676677 0.025073683560456517 0.0016795191911590014 -0.012874100638769833 0.0016962096822427106 -0.013722056440401394 0.01695564029972196 -0.00026603613894367215
leaf_weight=20.0705840960145 24.048079889267683 47.278748340904713 21.042063511908054 21.553794354200363 16.994555190205574 31.032099917531013 77.359332244843245 20.084749132394791 36.058476701378822 33.447741597890854 858.93792959675193 91.701162535697222 73.110591016709805 140.76942490041256
leaf_count=113 143 277 120 133 78 142 348 93 160 150 3780 430 305 616
internal_value=-0.000178463 -0.00770634 -0.0181446 0.007986 0.00043936 -0.00988414 0.000813239 0.000550268 0.0103409 0.000111494 0.000471314 -0.0022734 0.00136601 0.00567236
internal_weight=1513.49 113.923 68.3208 45.6019 1399.57 48.0267 1351.54 1331.47 56.1432 1275.33 1241.88 382.941 291.239 213.88
internal_count=6888 673 397 276 6215 220 5995 5882 253 5629 5479 1699 1269 921
is_linear=0
shrinkage=0.03


Tree=96
num_leaves=15
num_cat=0
split_feature=33 33 0 29 31 13 30 26 30 29 13 13 13 33
split_gain=6.66538 5.94022 9.86015 5.5171 9.20468 6.03884 5.25451 4.18002 4.86704 4.81445 7.43045 13.4297 8.83064 14.1911
threshold=0.00057711700589420606 0.53572613240131972 0.22046305580152442 1.1752667901335283 -0.88186879444286459 -0.34581979859030321 -0.43885043840510934 6.0979400125171788 -1.2318360677317794 1.2574974132805734 -0.10740470915813187 -0.49973532287634076 0.59469704750605801 0.0076417228637359275
decision_type=2 2 2 10 2 8 10 8 10 8 10 10 10 2
left_child=3 7 6 4 -1 -6 -3 9 -9 -2 11 -11 -12 -14
right_child=1 2 -4 -5 5 -7 -8 8 -10 10 12 -13 13 -15
leaf_value=-0.012956990998213078 0.0010359209903685936 0.00065603047922050133 -0.010739925973524024 0.021775853942087774 -0.0031041047673069687 0.017598143788548307 0.017232356534058437 -0.01848682172653612 -0.0028100464136363692 -0.0080059332295164681 -0.022735325251940056 0.020500598440520736 -0.023910970919326719 0.0096515191459573598
leaf_weight=19.862326398491859 848.74777834117413 25.722442977130413 21.661197870969772 19.469061780720949 19.037499621510506 35.460830882191658 51.513415571302176 17.974748075008392 308.86626930907369 38.033743143081665 32.389932785183191 23.057225164026022 16.750049661844969 30.43083680793643
leaf_count=86 3647 138 132 98 82 156 302 81 1436 201 159 110 88 153
internal_value=0.00026039 -0.000255397 0.00679781 0.00796019 0.00410203 0.0104408 0.0117908 -0.000790101 -0.00372596 0.000182511 -0.00493789 0.00291002 -0.0109245 -0.00251273
internal_weight=1508.98 1415.15 98.8971 93.8297 74.3607 54.4983 77.2359 1316.25 326.841 989.41 140.662 61.091 79.5708 47.1809
internal_count=6869 6447 572 422 324 238 440 5875 1517 4358 711 311 400 241
is_linear=0
shrinkage=0.03


Tree=97
num_leaves=15
num_cat=0
split_feature=23 29 29 13 15 13 29 1 1 13 32 32 23 15
split_gain=4.46699 12.672 8.19152 7.39996 6.5864 5.07928 11.7005 8.78675 9.23132 6.47664 18.5425 19.1962 6.67319 8.32342
threshold=-0.10863137914292255 0.52080745425801855 1.2750055972918621 0.3653151100353374 -0.0022271356123741977 1.421300099785735 0.5720754723436895 -0.20869264037891239 -0.052848260664764134 1.1671829614740952 -0.5 -0.89194178735545482 -0.059543375405507977 -0.0022271356123741977
decision_type=8 10 10 10 8 8 8 2 2 10 2 2 8 10
left_child=1 -1 3 -3 -2 9 -7 -8 -9 12 11 -11 -6 -14
right_child=4 2 -4 -5 5 6 7 8 -10 10 -12 -13 13 -15
leaf_value=0.016519731497384761 0.018245723792441295 -0.024342688599195406 0.0067834833060700424 -0.0042580035021801445 0.013485235335309669 -0.022443640907247257 -0.021791994420273991 0.013982805337034531 -0.0048669022759215246 0.019352637326781795 0.034698256804738967 -0.01579202162834753 0.00035419137320928732 -0.017940067983248369
leaf_weight=17.811397850513458 17.687482573091984 36.893701888620853 18.352774620056152 30.152930036187172 32.958813864737749 27.043486632406712 14.380676314234732 37.722276046872139 58.148473631590605 25.103980988264084 18.425111912190914 29.135732188820839 1128.0900562256575 21.835510462522507
leaf_count=80 86 166 95 136 148 146 78 174 286 106 85 132 5075 93
internal_value=0.000111177 -0.00588274 -0.0106923 -0.0155053 0.000553618 0.00031602 -0.00514117 -0.000733468 0.00261768 0.000916383 0.00954722 0.000529994 0.000378572 -8.47722e-06
internal_weight=1513.74 103.211 85.3994 67.0466 1410.53 1392.84 137.295 110.251 95.8707 1255.55 72.6648 54.2397 1182.88 1149.93
internal_count=6886 477 397 302 6409 6323 684 538 460 5639 323 238 5316 5168
is_linear=0
shrinkage=0.03


Tree=98
num_leaves=15
num_cat=0
split_feature=0 31 28 28 13 13 14 30 13 1 1 29 13 32
split_gain=5.2798 7.68137 7.80805 7.51668 8.3579 8.49807 6.21371 6.07027 5.91956 17.016 11.7368 7.78043 7.94912 6.43369
threshold=0.027391225259242629 0.77296446310593014 -38.842514459478387 -56.291890083675071 -1.0000000180025095e-35 0.59469704750605801 -4.0252925153660959 1.2297164811795473 0.24517526554461974 -0.16614896892915082 -0.25130892435671065 0.71530543068595998 -0.34581979859030321 0.15212338618991639
decision_type=2 2 8 10 10 8 10 8 10 2 2 10 8 2
left_child=1 2 3 4 -1 -6 -4 8 10 -10 -3 -12 -13 -11
right_child=-2 7 6 -5 5 -7 -8 -9 9 13 11 12 -14 -15
leaf_value=0.011844379638776281 -0.002006578274649048 0.03710504891580807 -0.0021238086250349683 0.015626240442456467 -0.026105349095160029 0.0050818370428972444 0.010772229565843984 -0.0099361459721357473 -0.015719968046996338 0.022168956257612577 0.023403134708464328 -0.0059783874468024197 0.017217928965439319 0.00062004888274966438
leaf_weight=26.664999425411224 646.87455588206649 15.112517982721327 535.81340774521232 51.432439640164375 14.962361395359038 14.960456378757955 34.885474801063538 16.642846155911684 28.365818947553635 28.177608832716942 22.019412517547607 35.227816626429558 20.035817734897137 21.879025295376778
leaf_count=156 2970 78 2341 235 76 88 160 91 129 133 95 156 87 92
internal_value=4.23709e-05 0.0015731 8.51524e-05 0.00744267 -0.000137526 -0.0108527 -0.00131804 0.00693132 0.00862299 0.00251054 0.0137286 0.00874181 0.00258798 0.0129469
internal_weight=1513.05 866.18 678.719 108.02 56.5878 29.9228 570.699 187.461 170.818 78.4225 92.3956 77.283 55.2636 50.0566
internal_count=6887 3917 3056 555 320 164 2501 861 770 354 416 338 243 225
is_linear=0
shrinkage=0.03


Tree=99
num_leaves=15
num_cat=0
split_feature=27 30 32 1 1 28 13 31 32 13 32 13 33 31
split_gain=6.89628 6.82988 5.94316 8.58324 7.57621 9.38428 10.1175 27.8633 17.6273 11.0605 14.4287 11.1772 18.4203 10.766
threshold=-10.31127793508446 -1.1098487106959951 0.46174861323503363 -0.10136363132946423 -0.01285839612881603 52.523675361024765 0.81978136229250442 0.72982064943493996 -0.91959550581536675 0.12970785923090158 0.14132478920498384 0.33648903365157906 0.0098121663843207668 0.63435554093529933
decision_type=8 8 2 2 2 10 10 2 2 10 2 10 2 2
left_child=1 -1 4 -4 -2 6 9 8 -8 10 13 -11 -13 -6
right_child=2 -3 3 -5 5 -7 7 -9 -10 11 -12 12 -14 -15
leaf_value=0.018173624174056765 0.0041240499626638656 0.0029128698787969183 -0.010808966084318906 -0.00090518025449203541 -0.0026061616114504628 0.0091542160982081462 -0.00024455384006172819 0.012423323448986626 -0.034845777011790112 0.028818820083931294 0.01641753788449038 0.021933308810872892 -0.014489743847129186 -0.019854008962342632
leaf_weight=27.679478988051414 357.67814594134688 341.90543692931533 106.18971487879753 297.72293928265572 100.14135996997356 57.30568677932024 19.446535006165504 26.960624553263187 40.686819039285183 18.379508391022682 23.957192629575729 21.602667890489101 26.96068724617362 47.538445770740509
leaf_count=122 1568 1624 473 1330 441 317 81 136 183 82 103 92 122 219
internal_value=0.000544703 0.00410176 -0.000606458 -0.00352918 0.000990037 -0.00194005 -0.00391424 -0.012603 -0.0238431 -0.000703044 -0.00473559 0.00955365 0.00182813 -0.00825447
internal_weight=1514.16 369.585 1144.57 403.913 740.658 382.98 325.674 87.094 60.1334 238.58 171.637 66.9429 48.5634 147.68
internal_count=6893 1746 5147 1803 3344 1776 1459 400 264 1059 763 296 214 660
is_linear=0
shrinkage=0.03


Tree=100
num_leaves=15
num_cat=0
split_feature=13 13 32 13 1 1 13 31 32 13 29 32 29 29
split_gain=4.63653 16.6027 13.1106 13.3382 14.588 9.98587 8.74953 33.7941 19.1785 18.2698 20.6089 16.0356 13.4905 11.358
threshold=-0.78513458530691371 -0.67077613501119149 -0.81279832427823695 -1.2104238598567305 -0.14654832973348486 -0.080811410866252334 -0.34581979859030321 -0.076279435988900135 0.63435554093529944 -0.26797507847734237 1.4823130605694825 0.22706275313213803 0.92425136093482729 0.5991609102055494
decision_type=8 8 2 10 2 2 8 2 2 8 8 2 10 10
left_child=2 -2 5 -4 -5 -1 7 8 12 -8 13 -9 -3 -11
right_child=1 6 3 4 -6 -7 9 11 -10 10 -12 -13 -14 -15
leaf_value=-0.0046778525614995722 0.013264318222470824 -0.014081405431587427 -0.00034043645436968061 0.00022249398235687996 -0.023265069666095321 0.024894777346776101 0.017493450343284894 -0.011464289627130893 0.02313964528338993 -0.0065829268360390047 -0.016147055450766001 -0.040248738572852528 0.010360859465310682 0.0026197807130898814
leaf_weight=17.933386139571667 84.518990561366081 46.466683708131313 138.02961478382349 37.599495332688093 63.753673538565636 22.246606417000294 54.227994151413441 54.218110874295235 33.0728540122509 145.28784660249949 67.129625901579857 25.59158144146204 34.606429047882557 689.50173734128475
leaf_count=84 385 194 667 164 284 96 242 233 151 668 389 116 179 3041
internal_value=-0.000279245 0.000511469 -0.00376062 -0.00642825 -0.0146347 0.0119027 -0.000436424 -0.00622893 0.00424634 0.000743873 -0.000281456 -0.0210781 -0.003649 0.00101217
internal_weight=1514.18 1234.62 279.563 239.383 101.353 40.18 1150.1 193.956 114.146 956.147 901.919 79.8097 81.0731 834.79
internal_count=6893 5598 1295 1115 448 180 5213 873 524 4340 4098 349 373 3709
is_linear=0
shrinkage=0.03


Tree=101
num_leaves=15
num_cat=0
split_feature=23 29 29 23 29 29 33 29 30 33 33 20 29 1
split_gain=4.24232 17.9094 9.61209 5.1771 9.85399 5.18569 14.7034 7.60022 5.92204 4.87187 8.15794 13.6264 7.68049 9.04284
threshold=-0.10666230492613006 0.52080745425801855 1.1366369328835264 -0.059543375405507977 0.79934539206032762 0.47439717239455453 0.0076417228637359275 0.4222231662381169 -0.85689347242299096 0.23282561739203927 0.019111490483233937 -0.94197464410417087 1.4134967722201519 -0.083932904558344165
decision_type=8 10 10 8 10 10 2 10 10 2 2 10 10 2
left_child=1 -1 -3 4 -2 6 -5 8 -8 10 11 12 -7 -14
right_child=3 2 -4 5 -6 9 7 -9 -10 -11 -12 -13 13 -15
leaf_value=0.022478870570246726 0.026017404590638938 -0.018380530803895154 0.0028713809492793086 -0.023635221592187027 -0.00088025266005561421 0.0036928196795412908 0.017595416145189016 -0.011294273575732228 -0.0019473966331702184 0.0048569756175025104 -0.0036779250141418733 -0.020792510770374577 -0.023215721267054221 0.0016982665593521398
leaf_weight=15.892321944236754 19.414481952786446 56.643688231706619 28.322801932692528 29.941108196973801 30.524051263928413 581.33188281953335 25.051747687160969 30.437484130263329 29.67251867800951 210.2597362101078 373.58949105069041 22.05965032055974 20.525935966521502 33.225712943822145
leaf_count=72 87 254 140 134 138 2473 114 141 143 1081 1699 95 116 175
internal_value=6.48646e-05 -0.00584735 -0.0113454 0.000492819 0.00988216 0.000140027 -0.00592323 0.000505981 0.00715415 0.000706715 -0.000143786 0.00186793 0.00268649 -0.0080658
internal_weight=1506.89 100.859 84.9665 1406.03 49.9385 1356.1 115.103 85.1618 54.7243 1240.99 1030.73 657.143 635.084 53.7516
internal_count=6862 466 394 6396 225 6171 532 398 257 5639 4558 2859 2764 291
is_linear=0
shrinkage=0.03


Tree=102
num_leaves=15
num_cat=0
split_feature=0 0 29 23 19 32 29 29 1 13 13 29 29 13
split_gain=5.85284 9.99946 6.92733 7.26583 5.71561 7.95878 14.6166 7.40781 6.95172 6.43887 6.1317 5.94494 10.245 8.36085
threshold=0.027391225259242629 -0.10670435838748378 0.36768461448218837 -0.10666230492613006 -0.14910496646258761 0.54643492068321298 0.99931643433556905 0.67777834909830836 -0.12608641934005424 0.82133055581122427 -1.1266327272672065 0.5720754723436895 0.86958856950578622 -0.67077613501119149
decision_type=2 2 8 8 10 2 10 10 2 10 8 8 10 10
left_child=1 4 -2 -4 5 11 9 -6 -9 10 -7 -1 13 -13
right_child=2 -3 3 -5 7 6 -8 8 -10 -11 -12 12 -14 -15
leaf_value=-0.0092171106454877368 0.014720127310960543 0.0066403049036368109 -0.014533368984023036 -0.0019652413263471793 0.024578750696373292 -0.00087189628416410342 0.007630854910284905 -0.009131608906523531 0.013044963229091688 0.0019289309316660929 -0.018401029868316383 0.019127601698669977 -0.0022385477585682768 0.0035050784441926792
leaf_weight=44.601956382393837 19.865831725299358 241.30501319095492 43.59629937633872 586.57290036603808 16.450436569750309 22.719174213707447 46.951679073274136 24.972855772823095 23.959213435649872 25.22794222086668 86.62279087305069 43.680335938930511 191.01671889424324 101.45082799717784
leaf_count=198 94 1067 200 2691 77 105 232 120 106 120 381 190 908 440
internal_value=-0.00014629 0.00146369 -0.00229743 -0.00285638 -0.000533885 -0.00151429 -0.00666511 0.00779314 0.00177077 -0.0116725 -0.0147997 0.000952375 0.00232505 0.00830573
internal_weight=1518.99 868.959 650.035 630.169 627.654 562.271 181.522 65.3825 48.9321 134.57 109.342 380.75 336.148 145.131
internal_count=6929 3944 2985 2891 2877 2574 838 303 226 606 486 1736 1538 630
is_linear=0
shrinkage=0.03


Tree=103
num_leaves=15
num_cat=0
split_feature=33 15 31 28 19 31 29 13 33 13 13 33 31 13
split_gain=7.24973 6.26899 6.49899 5.87473 8.77108 11.7229 10.4227 5.75754 31.2537 6.7219 15.5868 15.5562 8.63205 6.22874
threshold=0.00041352240458779685 -0.0023364643013064064 -0.54643492068321342 5.1642683622210592 -0.84752430773438181 0.21643961393810304 0.73425959723007528 -1.3609952845775279 0.024539639531258258 -0.82383160786724063 -0.69207001455430806 0.0028112327366982071 -0.58244304235731426 -0.43168413241646381
decision_type=2 10 2 8 10 2 10 10 2 10 10 2 2 10
left_child=-1 3 -3 4 7 6 -6 8 -2 11 -11 -9 -13 -12
right_child=1 2 -4 -5 5 -7 -8 9 -10 10 13 12 -14 -15
leaf_value=0.014455267925780405 0.026723170086926526 0.0068426749695061923 -0.014682379430990645 -0.0018552238899618731 0.021116826191163264 0.024272308454778551 -0.0059842444374307129 -0.032842913491297226 -0.010814565289866414 0.019346740479511421 -0.0092454490999148951 -0.01273352863813576 0.01282378640121321 0.0008417948217266767
leaf_weight=30.767883643507957 40.121740609407425 16.387481614947319 47.540582738816738 600.71247500181198 17.419502340257168 34.528101220726967 40.732293207198381 17.051645312458277 37.989103376865387 37.873303577303886 61.296689130365849 22.760249376296997 22.815635703504086 475.52611074224114
leaf_count=136 184 78 217 2765 83 159 181 76 209 162 275 104 98 2135
internal_value=0.000276001 -2.98314e-05 -0.00914419 0.000389942 0.00205912 0.0106915 0.00235369 0.000927492 0.00856081 -1.99989e-05 0.0010027 -0.00927293 6.12937e-05 -0.000325058
internal_weight=1503.52 1472.75 63.9281 1408.83 808.114 92.6799 58.1518 715.434 78.1108 637.324 574.696 62.6275 45.5759 536.823
internal_count=6862 6726 295 6431 3666 423 264 3243 393 2850 2572 278 202 2410
is_linear=0
shrinkage=0.03


Tree=104
num_leaves=15
num_cat=0
split_feature=27 1 33 28 33 13 33 13 13 33 13 13 13 13
split_gain=4.09731 5.0695 6.25907 7.13362 4.55581 8.5487 7.052 12.7662 21.6171 18.0897 16.4061 15.0089 12.2649 23.9422
threshold=-28.899797488284303 -0.26420467530287756 0.066705656214754563 -32.156744615514647 0.12992487734036787 -1.1266327272672065 0.017583420074340848 -1.4920239266478219 -0.33904499037677344 0.0059513797502921996 -0.36971202427702149 0.81978136229250442 -0.15456050112243125 0.82133055581122427
decision_type=8 2 2 8 2 10 2 8 10 2 10 10 10 10
left_child=1 -1 3 -3 6 -6 7 -2 9 10 -9 -10 -8 -14
right_child=4 2 -4 -5 5 -7 12 8 11 -11 -12 -13 13 -15
leaf_value=-0.010405752894362441 0.012277856034954815 0.028990729424340628 -0.0018259433361467194 0.0050715561231596392 -0.010654915237367999 0.0040434147012400291 0.0010789825879317409 -0.010537231631388909 0.0069985357546306654 0.0050505175612760942 -0.039763323751528433 -0.0041830583060775244 -0.018398929681832848 0.0026604308321910063
leaf_weight=13.740612771362064 67.735304523259401 19.545636717230082 29.63759807497263 25.890731833875179 39.527216110378504 294.32060835883021 158.9882098659873 140.40151958167553 266.36701774969697 59.507866248488426 19.001190990209579 180.44074446707964 121.3563822992146 80.211823411285877
leaf_count=87 318 103 175 123 206 1448 710 595 1139 249 79 798 529 364
internal_value=-0.000396099 0.00581956 0.00888699 0.0157637 -0.000786523 0.00227653 -0.00172247 -3.20997e-05 -0.00130115 -0.00900229 -0.0142472 0.00248366 -0.00515146 -0.0100468
internal_weight=1516.67 88.8146 75.074 45.4364 1427.86 333.848 1094.01 733.454 665.718 218.911 159.403 446.808 360.556 201.568
internal_count=6923 488 401 226 6435 1654 4781 3178 2860 923 674 1937 1603 893
is_linear=0
shrinkage=0.03


Tree=105
num_leaves=15
num_cat=0
split_feature=26 26 33 13 13 13 13 32 32 29 13 29 16 33
split_gain=4.53205 6.67949 4.68717 10.4032 8.4061 7.53489 9.00395 10.3917 9.69037 7.71152 11.1623 9.45223 6.67043 8.2797
threshold=-12.572707848752527 -13.916424533024772 0.14121587531479476 2.0888243718068766 1.2794459673508578 1.421300099785735 1.1671829614740952 -0.60003553868615123 -0.91959550581536675 0.58048056193710862 3.1350948948233719 0.79282385876880845 -0.0069581096159616598 0.014884043754004287
decision_type=8 10 2 10 8 10 8 2 2 10 10 10 10 2
left_child=1 -1 5 4 -4 6 12 8 -8 -7 11 -11 -2 -14
right_child=2 -3 3 -5 -6 9 7 -9 -10 10 -12 -13 13 -15
leaf_value=0.002594635807536817 -0.0016657785789372609 0.019729939748049242 0.0029303924845749492 0.023122113383685135 -0.018492321501487507 -0.028539527221872495 0.015516741905723542 0.027745574675796806 -0.013068527412156344 0.0048734445427120569 0.010505663053778602 -0.020487346452290677 -0.00057350187944037547 0.024502552287518953
leaf_weight=141.73323326930404 842.04584236815572 23.022411793470383 259.32596744596958 20.784191370010376 16.605614259839058 14.296848900616167 21.264163300395012 20.324225656688213 19.51676981151104 18.896481201052666 26.784494459629059 40.659353487193584 28.743905119597912 19.110716700553894
leaf_count=725 3634 105 1274 123 80 82 89 93 82 80 131 185 132 83
internal_value=0.000412429 0.00509365 -0.000162919 0.00316068 0.00157905 -0.00110277 -0.000272715 0.010772 0.00185116 -0.00886679 -0.00531977 -0.012493 -0.00104234 0.00973717
internal_weight=1513.11 164.756 1348.36 296.716 275.932 1051.64 951.006 61.1052 40.7809 100.637 86.3403 59.5558 889.9 47.8546
internal_count=6898 830 6068 1477 1354 4591 4113 264 171 478 396 265 3849 215
is_linear=0
shrinkage=0.03


Tree=106
num_leaves=15
num_cat=0
split_feature=28 13 31 31 32 33 13 21 13 13 13 31 32 30
split_gain=4.47694 7.29578 15.8729 9.30043 12.656 9.6516 9.22515 17.7418 6.98349 11.9321 10.4463 14.6676 11.1444 10.086
threshold=-5.7860713193091931 -0.38431026292269638 0.16288578192842371 -0.57357643635104605 0.45201865172701733 0.35317243313909236 -1.2104238598567305 0.33242442817105206 -0.53714660940854253 -0.45974238413971558 -0.80638499074936376 -0.9629878403374984 -0.58244304235731414 0.25941139993540191
decision_type=8 10 2 2 2 2 8 8 10 10 8 2 2 10
left_child=8 2 3 4 -2 -5 -4 -8 10 -10 11 -1 -12 -13
right_child=1 -3 6 5 -6 -7 7 -9 9 -11 12 13 -14 -15
leaf_value=-0.023956693493576577 0.0015524638864505306 0.00082013165539119453 -0.0018379516761909713 0.012995003553131008 -0.020921633280981049 -0.011335764439530306 0.0054357037718694998 -0.028178356285995472 -0.020060835102540024 0.001345978872460627 -0.0020124465870112042 0.013854145223134096 0.023879302670720158 -0.0055867557489913174
leaf_weight=16.400375112891197 70.802723683416843 593.75401676818728 39.01659007370472 66.734619494527578 32.007274031639099 17.896012738347054 18.432172060012817 55.766070023179054 23.831882908940315 415.43562391772866 21.176224403083324 57.645451463758945 48.805261984467506 39.939918283373117
leaf_count=77 325 2687 173 302 140 90 83 250 108 1889 93 260 225 221
internal_value=0.000250983 -0.00110877 -0.00490818 0.000461238 -0.00557841 0.00777772 -0.0137241 -0.0198668 0.00220103 0.000141653 0.00709094 0.00145153 0.0161265 0.00592138
internal_weight=1517.64 894.409 300.655 187.441 102.81 84.6306 113.215 74.1982 623.235 439.268 183.967 113.986 69.9815 97.5854
internal_count=6923 4050 1363 857 465 392 506 333 2873 1997 876 558 318 481
is_linear=0
shrinkage=0.03


Tree=107
num_leaves=15
num_cat=0
split_feature=30 32 30 29 32 31 0 0 29 31 15 21 1 20
split_gain=3.29107 8.72257 5.79682 3.63709 8.70738 6.27854 4.88822 5.04698 4.84738 4.22611 7.15431 6.41734 6.15815 7.28319
threshold=2.0575421225067316 -0.41268247579971828 1.6894436261923191 1.4928968948613293 -0.65106671239330405 -0.43245347597985068 -0.49658000166152971 -0.41987561348775393 0.68094746937944817 -0.56457333468532422 0.00020493426091405811 0.78046769680373285 0.25069231949405141 -1.9119680529655623
decision_type=10 2 8 10 2 2 2 2 10 2 10 10 2 10
left_child=2 -2 3 6 -5 -6 8 -8 -1 12 11 -11 13 -9
right_child=1 -3 -4 4 5 -7 7 9 -10 10 -12 -13 -14 -15
leaf_value=0.017149508507368794 0.018159956133055977 -0.0089122377028673164 -0.01153961199053685 -0.016096369771356981 0.015999341598801363 -0.006146088117655539 -0.0085256954701845213 -0.0044846186266059322 0.0021039241629627671 0.0016384436355709683 -0.013020119273147897 0.019320584027426282 0.013864209437682158 0.010528150430975287
leaf_weight=28.590025790035725 27.17012969776988 16.503894414752722 39.215935535728931 39.538780510425568 18.477303117513657 27.314367260783911 59.665850311517715 330.21213665604591 56.236574839800596 792.95892006158829 28.377670392394066 17.926731437444687 19.176367655396461 30.936369732022285
leaf_count=142 209 120 214 205 97 146 267 1439 274 3459 126 81 87 133
internal_value=-6.4008e-05 0.0079592 -0.000304582 7.14509e-06 -0.00596459 0.00294072 0.000384804 -8.013e-05 0.00731563 0.000339698 0.00152813 0.00205267 -0.00227995 -0.00317309
internal_weight=1532.3 43.674 1488.63 1449.41 85.3305 45.7917 1364.08 1279.25 84.8266 1219.59 839.263 810.886 380.325 361.149
internal_count=6999 329 6670 6456 448 243 6008 5592 416 5325 3666 3540 1659 1572
is_linear=0
shrinkage=0.03


Tree=108
num_leaves=15
num_cat=0
split_feature=26 26 1 33 26 1 33 0 0 30 23 0 29 32
split_gain=3.53061 5.7041 3.79606 3.58067 3.53294 6.91764 4.13301 6.48948 5.8241 3.71983 3.7133 4.26358 4.1916 24.6707
threshold=17.523144562585639 13.022970945986147 -0.07342624839378524 0.0018532788409810444 6.8535529802282733 0.10734117112160504 0.0064685787508312323 -0.0068193360251916982 -0.15962557739639655 0.57402244575254391 -0.19621607828746021 0.53075958895522224 1.0306928283873871 0.93585024503435366
decision_type=10 10 2 2 10 2 2 2 2 8 8 2 8 2
left_child=1 4 -2 -4 10 6 -6 8 -8 -7 -1 12 -12 -14
right_child=2 -3 3 -5 5 9 7 -9 -10 -11 11 -13 13 -15
leaf_value=0.012056686601372687 -0.015824539765522443 0.0093119869616948257 -0.013029791066873908 0.0021241116333793105 -0.00030856483611452164 0.011978560638935114 -0.012327180180183462 -0.017526848995865939 0.010385607196694286 -0.0053410530692225662 0.0021492667655616947 -0.011646105874877065 -0.0041924891995348207 0.024796657487126967
leaf_weight=25.283222898840904 22.230923842638731 65.029593609273434 17.957809966057539 53.23564912006259 56.523847073316574 32.571536004543304 19.853235870599747 51.363865233957767 18.828560493886471 16.009364373981953 774.7723595239222 23.832915931940079 319.95894947275519 27.795960254967213
leaf_count=117 109 302 96 308 243 147 92 232 85 80 3391 115 1529 133
internal_value=0.000329908 0.000699985 -0.00528923 -0.00182584 0.000283733 -0.00344309 -0.00668602 -0.010642 -0.0012885 0.00627844 0.000906883 0.000650678 0.00092189 -0.00181094
internal_weight=1525.25 1431.82 93.4244 71.1935 1366.79 195.15 146.57 90.0457 38.6818 48.5809 1171.64 1146.36 1122.53 347.755
internal_count=6979 6466 513 404 6164 879 652 409 177 227 5285 5168 5053 1662
is_linear=0
shrinkage=0.03


Tree=109
num_leaves=15
num_cat=0
split_feature=21 21 24 32 31 13 13 31 31 13 13 13 13 13
split_gain=3.72204 4.80508 6.57301 6.10254 7.88196 10.6593 14.5887 12.1373 10.0012 10.7569 11.3358 9.12908 7.32067 7.25419
threshold=0.88738330839444057 0.33417044326800044 -0.00030778223117852136 0.49049438445969418 -0.50938662908026078 0.59848937537688363 -1.4920239266478219 -0.08715574274765768 -0.26932402956675694 -0.34581979859030321 -0.26797507847734237 -0.59338329890890795 1.421300099785735 0.46285452426783064
decision_type=10 10 8 2 2 10 8 2 2 10 10 8 10 10
left_child=1 2 -1 -4 13 6 -6 -7 -8 11 -11 -10 -9 -5
right_child=-2 -3 3 4 5 7 8 12 9 10 -12 -13 -14 -15
leaf_value=0.011401026251551235 0.010155136997782303 -0.0085584808873395077 0.0013736398256423141 -0.0040249423967806553 0.012350728668934014 0.02717959220438378 0.0060136674977685489 0.0078015815426403234 -0.010344505601692169 0.015558048417525847 -0.0098014334653254188 -0.033112858101364821 -0.0099143886789567134 -0.019698772524893583
leaf_weight=45.631110072135925 32.090017076581717 56.010150074958801 911.68082980066538 76.506138946861029 38.575388252735138 20.528874441981316 38.044148318469524 65.205413989722729 39.203855693340302 19.559108890593052 68.962224148213863 27.311996024101973 29.772146202623844 40.301956951618195
leaf_count=209 151 257 4173 344 183 102 163 284 175 89 307 131 142 186
internal_value=0.000204447 -1.84266e-05 0.000323902 -5.15469e-05 -0.0028489 -0.000571862 -0.00427955 0.0068371 -0.00764861 -0.0110182 -0.00408696 -0.0200454 0.00220281 -0.00955414
internal_weight=1509.38 1477.29 1421.28 1375.65 463.971 347.163 231.657 115.506 193.081 155.037 88.5213 66.5159 94.9776 116.808
internal_count=6896 6745 6488 6279 2106 1576 1048 528 865 702 396 306 426 530
is_linear=0
shrinkage=0.03


Tree=110
num_leaves=15
num_cat=0
split_feature=23 29 15 13 28 30 13 13 33 33 13 30 30 13
split_gain=5.87063 10.939 8.09734 7.23714 9.0122 6.41047 5.40426 6.73694 15.5368 5.01923 9.30311 8.19685 9.01981 6.91689
threshold=-0.10863137914292255 0.52080745425801855 -0.0018825530687802681 0.3653151100353374 4.7012993199979656 0.3582950351412853 -3.8155692453800767 -2.2791823608638331 0.056465118932625756 0.14121587531479476 2.0888243718068766 -1.3895145548125702 -0.79231541740527989 1.421300099785735
decision_type=8 10 8 10 10 10 8 8 2 2 10 8 10 10
left_child=1 -1 -2 5 -5 -3 -4 8 -8 13 11 -11 -13 -9
right_child=2 3 6 4 -6 -7 7 9 -10 10 -12 12 -14 -15
leaf_value=0.013645970992984391 0.020107068729125564 -0.032041443083804001 -0.012686146326241345 0.010185055209738387 -0.017733331683438103 -0.0080150549198616146 0.023396706106907764 -0.00036165598573399953 -0.011966421211209411 0.019607984851932287 0.022961632609096314 -0.013071002759181969 0.0026988411042053627 -0.008904412391066539
leaf_weight=17.509756095707417 17.221177905797958 20.740403965115547 28.681780252605677 21.599533788859844 18.319754384458065 20.13943724706769 31.181491747498512 922.87885051965714 16.368278622627258 20.547407731413841 19.173296671360731 37.40423246473074 216.60113694518805 93.000672087073326
leaf_count=80 84 87 152 100 88 101 143 4008 91 99 115 172 1077 451
internal_value=-0.000260311 -0.00730922 0.000238442 -0.0119617 -0.00274751 -0.0206789 -2.27767e-05 0.000253991 0.0112278 -0.000152712 0.00329459 0.00184281 0.00033446 -0.00115171
internal_weight=1501.37 98.3089 1403.06 80.7991 39.9193 40.8798 1385.84 1357.16 47.5498 1309.61 293.726 274.553 254.005 1015.88
internal_count=6848 456 6392 376 188 188 6308 6156 234 5922 1463 1348 1249 4459
is_linear=0
shrinkage=0.03


Tree=111
num_leaves=15
num_cat=0
split_feature=32 29 30 30 28 29 32 23 28 28 32 33 20 19
split_gain=3.72268 9.80932 14.8122 9.17965 8.94533 8.91932 11.2111 11.3565 14.2688 12.2753 10.4393 9.80451 9.00401 8.51423
threshold=0.49049438445969418 0.99589241144205209 0.26809450263665441 -1.7623386667919563 2.7276440800072526 1.0341203776989769 0.33172980431441496 -0.14949258797627551 -42.56486856890173 11.225407787667232 -0.49049438445969407 0.0018532788409810444 1.9540376790239125 1.2468335517867859
decision_type=2 10 10 8 10 10 2 10 10 10 2 2 8 8
left_child=5 3 4 -2 -3 -1 7 8 -7 11 -11 -10 -9 -5
right_child=1 2 -4 13 -6 6 -8 12 9 10 -12 -13 -14 -15
leaf_value=0.0031092797019532945 0.011596704079301889 0.020774966564103502 -0.0083609783122307671 0.0055568502255886982 0.0019945485906015621 0.012701258077131714 0.019966038299486476 -0.0024604655905828771 0.0043982990030127858 0.0093016195774288449 -0.0095485164017486447 -0.01522793789646444 -0.031307898726587867 -0.0080687596185133083
leaf_weight=645.96108961105347 27.608853541314602 46.549707546830177 50.649231430143118 47.434172570705414 44.350589334964752 48.425956629216671 17.439329463988543 17.200913324952126 28.684798583388329 70.848322249948978 40.878640864044428 105.66816973686218 22.010087076574564 287.69127433747053
leaf_count=2845 126 206 276 213 191 286 83 82 125 363 201 486 111 1278
internal_value=-4.32794e-05 -0.00214139 0.00453498 -0.00475201 0.0117333 0.00101891 -0.0028243 -0.00407137 -0.00202221 -0.00495931 0.00238121 -0.0110361 -0.0190291 -0.00612938
internal_weight=1501.4 504.284 141.55 362.734 90.9003 997.117 351.156 333.717 294.506 246.08 111.727 134.353 39.211 335.125
internal_count=6872 2290 673 1617 397 4582 1737 1654 1461 1175 564 611 193 1491
is_linear=0
shrinkage=0.03


Tree=112
num_leaves=15
num_cat=0
split_feature=0 33 13 27 13 32 0 22 28 13 33 28 13 1
split_gain=5.04042 7.32349 6.77881 4.22209 8.03257 6.71816 5.40002 7.45768 5.19416 10.7438 10.5317 13.5468 11.0507 9.29376
threshold=-0.49658000166152971 0.0059513797502921996 -0.14340630110430261 -29.617927297866938 -0.82383160786724063 -0.81279832427823695 -0.22134647325937981 0.20691903055158836 -5.7860713193091931 -0.14340630110430261 0.0070307244389254363 -14.557674374153782 -0.49973532287634076 0.03321279098944066
decision_type=2 2 8 8 10 2 2 10 8 10 2 10 10 2
left_child=1 -1 -3 4 -2 -6 7 -5 9 10 12 -12 -8 -11
right_child=3 2 -4 6 5 -7 8 -9 -10 13 11 -13 -14 -15
leaf_value=-0.0046680938475907102 -0.013494457287014478 0.02287801453745554 0.0023430477739996109 -0.0063971628984067289 -0.0067241341256825534 0.015867549853461799 0.0084571763377097927 0.0098432505269796609 -0.0018120822924089727 0.0027017855438325354 0.023015005279192161 -0.00051920554112718246 -0.017050750029535773 -0.010874638411696221
leaf_weight=33.628231640905142 14.701539594680069 28.617420751601458 28.782376334071159 266.6192728728056 14.968031849712132 48.264708831906319 40.234329611063004 27.231254547834396 672.65605323016644 130.76237816736102 61.313984200358391 33.969757691025734 23.293907418847084 68.269123960286379
leaf_count=165 89 151 147 1174 79 259 174 125 3067 572 285 151 100 310
internal_value=-0.000437289 0.0063646 0.0127975 -0.000883048 0.00585874 0.0104984 -0.0012839 -0.00486388 -0.000259337 0.00265635 0.00845054 0.0147065 -0.00101511 -0.0019861
internal_weight=1493.31 91.028 57.3998 1402.28 77.9343 63.2327 1324.35 293.851 1030.5 357.843 158.812 95.2837 63.5282 199.032
internal_count=6848 463 298 6385 427 338 5958 1299 4659 1592 710 436 274 882
is_linear=0
shrinkage=0.03


Tree=113
num_leaves=15
num_cat=0
split_feature=33 28 13 27 19 23 13 13 28 13 33 13 30 33
split_gain=6.41581 5.51715 5.39464 4.98765 4.40128 5.98977 4.36051 6.95709 4.62183 7.35774 6.69507 11.3711 14.3457 11.2284
threshold=0.0005309732778605627 -86.434624892408593 -0.15456050112243125 -2.1628664689732342 -0.85538412754271309 -0.094983771276989273 -3.8155692453800767 -2.3637480411515575 13.189923599057353 -0.38431026292269638 0.0070307244389254363 0.58993928291594522 -0.34678109116463973 0.093095242636832595
decision_type=2 10 8 10 8 8 8 8 10 10 2 10 10 2
left_child=3 2 -2 -1 5 -3 -6 -8 -9 -10 11 -11 -13 -12
right_child=1 4 -4 -5 6 -7 7 8 9 10 13 12 -14 -15
leaf_value=0.017187081999400024 0.0015324854112955491 -0.020949652634902862 -0.022586973559098562 0.0019523226343332856 -0.011711719439045287 0.0018833923683627904 0.014913405077814291 0.0013856076869153276 -0.0081905465168304065 0.014316150993090051 -0.011549347252135201 0.016939275662871935 -0.014777865142958001 0.0039698190873380598
leaf_weight=32.681789577007294 14.389410275965927 19.953050371259451 18.48455198854208 46.117155328392982 25.900245640426874 20.115674443542957 28.426601067185402 890.77717968448997 134.32175238803029 63.257336899638176 80.548076432198286 18.383715689182281 37.133986227214336 85.652788065373898
leaf_count=144 104 91 123 209 139 92 139 3945 618 272 371 77 174 439
internal_value=0.000127323 -0.000332127 -0.012296 0.00840712 -4.35437e-05 -0.00972005 0.000247539 0.000487524 0.000163368 -0.00243034 0.00030385 0.00571676 -0.0041614 -0.00357553
internal_weight=1516.14 1437.34 32.874 78.7989 1404.47 40.0687 1364.4 1338.5 1310.07 419.298 284.976 118.775 55.5177 166.201
internal_count=6937 6584 227 353 6357 183 6174 6035 5896 1951 1333 523 251 810
is_linear=0
shrinkage=0.03


Tree=114
num_leaves=15
num_cat=0
split_feature=30 32 29 30 27 26 13 31 29 29 14 30 29 30
split_gain=5.93031 8.15576 7.29456 8.80505 8.43844 5.97426 5.47438 10.6444 7.77263 7.26781 7.19763 7.61064 11.3664 7.83243
threshold=-0.91568604021536115 0.97854064376158201 0.4222231662381169 -0.97397672108768252 -14.799556971274439 5.8204761201574593 0.60824691977472667 -0.90159026428466904 0.68518871302585593 0.73425959723007528 -5.0193505216838954 0.6013378395315081 1.0414011906927361 -0.12166721283488825
decision_type=10 2 8 8 10 10 10 2 10 10 10 10 10 10
left_child=2 6 -1 4 -4 -3 -2 9 -9 -8 11 13 -13 -10
right_child=1 5 3 -5 -6 -7 7 8 10 -11 -12 12 -14 -15
leaf_value=0.0090430235589650868 0.0019863859544416713 0.018155263422755818 0.01587713614070831 -0.020639563188775828 -0.0051495144889503359 -0.0018188705722703834 1.5819831193540322e-05 -0.011332845019267537 0.0069609954328648128 -0.025140882311238993 -0.011530784173798594 0.024506923682209698 0.0019627038173192029 -0.0076307531642478155
leaf_weight=34.744957685470581 819.72446597367525 41.425144508481026 17.865103676915169 29.255178861320019 194.17534092068672 19.502263300120831 16.095775078982115 48.393459804356098 60.743636302649975 27.875241674482822 31.256293673068285 31.764086343348026 52.691790524870157 70.400284677743912
leaf_count=160 3723 199 80 130 846 97 77 228 263 123 155 151 284 318
internal_value=0.000328929 0.00122791 -0.00363393 -0.00548911 -0.00331174 0.0118356 0.000660527 -0.00253982 -0.000467246 -0.0161366 0.00169997 0.00366246 0.0106292 -0.000870572
internal_weight=1495.91 1219.87 276.041 241.296 212.04 60.9274 1158.95 339.221 295.25 43.971 246.856 215.6 84.4559 131.144
internal_count=6834 5618 1216 1056 926 296 5322 1599 1399 200 1171 1016 435 581
is_linear=0
shrinkage=0.03


Tree=115
num_leaves=15
num_cat=0
split_feature=26 19 21 33 13 0 29 13 31 31 31 33 13 33
split_gain=4.56842 3.94002 4.86746 3.3344 5.40709 3.84465 3.46374 9.81289 19.2502 13.243 8.72541 9.77285 8.78578 10.2923
threshold=31.040649867692952 -0.96736669303876244 -0.68244562347441462 0.00048851899861303435 -0.34581979859030321 0.035085577337922211 0.71100811289584687 0.38671193569552903 0.89194178735545526 0.95032354012166642 0.60003553868615167 0.35317243313909236 1.0000000180025095e-35 0.12992487734036787
decision_type=10 8 8 2 8 2 10 8 2 2 2 2 10 2
left_child=1 2 -1 4 -3 -6 7 8 10 -9 11 12 13 -5
right_child=-2 3 -4 6 5 -7 -8 9 -10 -11 -12 -13 -14 -15
leaf_value=0.0010357391958031835 -0.01466106125994566 -0.0035480571626483222 -0.020868760941375374 0.0012937409526678498 0.024010988336547617 0.0045227100463415817 -0.00091356432824479935 -0.0005229184392240672 0.025212624224702131 -0.027417563137910377 -0.014646206119142779 -0.014440822927023674 0.022391333479465508 0.023789832905878047
leaf_weight=18.685066998004913 17.946324970573187 24.813731029629707 16.688137888908386 157.23932472616434 17.775717981159687 18.815652653574944 948.51704885438085 132.19194386899471 37.841804318130016 17.830948501825333 23.215797103941441 21.607003472745419 25.808638021349907 19.736690446734428
leaf_count=87 136 107 76 672 82 85 4341 613 171 83 101 115 111 87
internal_value=-2.30418e-05 0.00016414 -0.00958785 0.000409265 0.00719261 0.0143768 0.000103324 0.00231526 0.00557339 -0.00387986 0.00248259 0.00431187 0.00637106 0.00392212
internal_weight=1498.71 1480.77 35.3732 1445.39 61.4051 36.5914 1383.99 435.472 285.449 150.023 247.607 224.392 202.785 176.976
internal_count=6867 6731 163 6568 274 167 6294 1953 1257 696 1086 985 870 759
is_linear=0
shrinkage=0.03


Tree=116
num_leaves=15
num_cat=0
split_feature=27 29 1 13 30 32 32 27 26 13 27 30 32 26
split_gain=5.33927 9.83419 5.35245 7.37427 10.5189 8.24647 7.5746 6.70039 5.5386 5.06781 4.48853 4.51564 8.25385 6.34868
threshold=-10.31127793508446 1.5089547732759623 -0.26739615047710102 0.0058809392546310098 -0.15165944773416726 0.91531147911944732 -0.11969653353600833 -22.38871374147244 -7.7061173410131181 -0.1472540367663823 -9.1657665962907569 1.6230163212396307 -0.35222909080468495 5.1464110130883265
decision_type=8 8 2 8 8 2 2 10 10 8 10 10 2 10
left_child=1 2 -1 5 -5 6 -4 -6 -9 -3 -2 -12 13 -13
right_child=10 9 3 4 7 -7 -8 8 -10 -11 11 12 -14 -15
leaf_value=-0.0056244540046446927 -0.01247499302900397 0.00089243773975848087 -0.0034293013509756687 0.021415272481073725 0.013475549375552193 -0.016456051814722081 0.011312748932750898 0.0084762329507790269 -0.010553950631421774 -0.019756158605693904 -0.00081492746680237097 -0.015564195400486869 -0.024240429159058101 0.011312003652066619
leaf_weight=41.834934301674366 31.949893489480019 18.663367748260498 62.993776474148035 50.535315528512001 41.381912115961313 20.053467348217964 60.786458611488342 23.184327319264412 31.031549759209156 23.804493397474289 1063.9918823577464 12.573116518557073 20.258944731205702 17.959872052073479
leaf_count=210 141 120 284 221 201 95 265 105 135 143 4723 77 126 119
internal_value=-0.00054514 0.00256174 0.00430838 0.00575584 0.0104782 0.000918735 0.00384292 0.00453481 -0.00240995 -0.0108699 -0.00156051 -0.0012368 -0.00988776 0.0001021
internal_weight=1521 374.27 331.802 289.967 146.133 143.834 123.78 95.5978 54.2159 42.4679 1146.73 1114.78 50.7919 30.533
internal_count=6965 1779 1516 1306 662 644 549 441 240 263 5186 5045 322 196
is_linear=0
shrinkage=0.03


Tree=117
num_leaves=15
num_cat=0
split_feature=0 15 29 23 33 29 30 13 33 13 33 28 0 32
split_gain=4.03815 3.58585 11.9725 7.09763 4.38109 5.09648 6.36002 4.87185 11.0386 6.4533 18.3368 10.1765 6.62694 4.24045
threshold=0.54905872736346872 0.0034931945197413943 0.68518871302585593 -0.11625211483584583 0.58228290274134042 1.1166146902131808 0.51893598547258746 -3.8155692453800767 0.028990158688221381 -1.3609952845775279 0.037224100589487212 8.6942672915135706 0.47973084722761156 0.82531082829576841
decision_type=2 8 10 10 2 10 10 10 2 10 2 10 2 2
left_child=1 2 -1 -4 7 6 -6 8 -3 10 11 -9 13 -11
right_child=-2 4 3 -5 5 -7 -8 9 -10 12 -12 -13 -14 -15
leaf_value=0.010763125818717785 -0.0098144121566438765 0.0019006697802962369 -0.028753552245485561 -0.0055116447191408289 -0.0038793915400446521 0.020973634979529004 0.016473749108350699 0.029324734057005669 -0.029029647225250275 -0.0012995579097979638 -0.010828352522542115 0.0051800509287878334 0.016944523318803209 0.0034388805816724217
leaf_weight=24.350540064275265 36.403861925005913 27.450597524642944 18.521731019020081 31.578240178525448 39.998374059796333 17.911191273480654 19.892276994884014 30.493360109627247 15.593922279775141 956.55439191684127 30.601652853190899 32.395765833556652 19.03126984834671 205.67232801765203
leaf_count=113 183 135 86 150 222 118 120 141 81 4242 157 144 90 918
internal_value=-8.02194e-05 0.000167344 -0.00620311 -0.0144986 0.000511385 0.00738259 0.00304029 0.000100422 -0.00970928 0.000439018 0.00798313 0.017163 -0.000164309 -0.000458789
internal_weight=1506.45 1470.05 74.4505 50.1 1395.6 77.8018 59.8907 1317.79 43.0445 1274.75 93.4908 62.8891 1181.26 1162.23
internal_count=6900 6717 349 236 6368 460 342 5908 216 5692 442 285 5250 5160
is_linear=0
shrinkage=0.03


Tree=118
num_leaves=15
num_cat=0
split_feature=27 33 15 31 0 27 0 0 23 29 29 31 1 31
split_gain=6.19559 5.82275 5.29376 5.85022 5.47618 5.72107 3.93055 9.55043 5.39731 6.12688 5.00457 4.84758 5.41467 9.04607
threshold=-29.617927297866938 0.003609694286145135 0.00043876619089466834 0.23768589232617301 -0.49658000166152971 -10.31127793508446 -0.10670435838748378 -0.04916565810853795 -0.13052670353087417 0.83261754503124863 0.48043984330783718 0.99275059979806513 0.16815056317090554 0.26932402956675655
decision_type=8 2 10 2 2 10 2 2 10 10 8 2 2 2
left_child=1 -1 4 -4 5 -2 8 -8 10 -10 -6 12 -9 -14
right_child=2 -3 3 -5 6 -7 7 11 9 -11 -12 -13 13 -15
leaf_value=0.019201331484447675 0.017681527365686771 0.0023269822449839806 -0.00030507053371938098 -0.021833673166988039 -0.013798096407109666 0.0011718701680811057 0.0092910994921621502 -0.0015310710783381465 0.019972239703758752 -0.0033030527360006748 -0.0029144723110773726 -0.01237732211316463 0.011268159962071159 -0.003667265233285462
leaf_weight=26.061518672853708 28.956001810729504 58.580987513065338 23.608198180794716 20.948249623179436 41.552272096276283 51.561424303799868 96.193932332098484 570.49216596037149 17.829590208828449 21.633666068315506 368.91396296769381 29.708304584026337 84.402785144746304 63.062913935631514
leaf_count=137 145 334 109 99 191 251 415 2555 81 94 1619 138 403 317
internal_value=-0.000150067 0.00768615 -0.000622621 -0.0106838 -0.000288895 0.00725321 -0.000763508 0.000444279 -0.00302472 0.00744648 -0.0040471 -0.000704834 -0.000205295 0.00489942
internal_weight=1503.51 84.6425 1418.86 44.5564 1374.31 80.5174 1293.79 843.86 449.929 39.4633 410.466 747.666 717.958 147.466
internal_count=6888 471 6417 208 6209 396 5813 3828 1985 175 1810 3413 3275 720
is_linear=0
shrinkage=0.03


Tree=119
num_leaves=15
num_cat=0
split_feature=27 30 31 33 30 30 29 13 13 13 31 31 29 23
split_gain=4.91271 9.22268 8.79529 8.17097 6.57977 6.38504 5.32753 7.3803 7.25279 6.66032 6.65901 5.85475 5.19696 10.5817
threshold=4.7325850247004206 -0.80702853298802035 -0.26932402956675694 0.066705656214754563 -1.7165477267375915 1.1355951501498101 0.88349500799664449 -0.16035561655645628 -1.1266327272672065 0.12970785923090158 -0.96863394805116465 0.74455857214455079 1.0306928283873871 -0.14949258797627551
decision_type=8 10 2 2 8 10 10 10 8 10 2 2 8 8
left_child=4 2 -2 -4 -1 6 10 8 -8 -9 -3 -12 -6 -14
right_child=1 5 3 -5 12 -7 7 9 -10 -11 11 -13 13 -15
leaf_value=0.013070032901688478 0.0026605884084581989 0.011826805242026879 -0.0097169110855798175 -0.033016787614649115 0.0024035081300483483 -0.0079625219938011544 -0.0039744364896865895 -0.011977742546787497 0.017867881989777935 0.0041683623831701424 -0.0077111891882212253 0.0060125247478436681 0.018977387293843299 -0.0040434388396479249
leaf_weight=40.562676817178726 31.881481111049652 24.690306477248669 50.604391902685165 18.263500243425369 616.85391122475266 80.333103161305189 17.889482140541077 29.223237693309784 53.071161411702633 95.125519141554832 123.27806183695793 35.29468060284853 18.284726768732071 265.19161248207092
leaf_count=182 138 106 218 89 2719 480 91 129 239 429 536 157 82 1293
internal_value=7.57666e-05 -0.0021477 -0.0103192 -0.0162801 0.00139919 -0.000335176 0.00130006 0.0047361 0.0123826 0.000308578 -0.00236767 -0.00463807 0.000859464 -0.00249706
internal_weight=1500.55 559.655 100.749 68.8679 940.893 458.906 378.572 195.309 70.9606 124.349 183.263 158.573 900.33 283.476
internal_count=6888 2612 445 307 4276 2167 1687 888 330 558 799 693 4094 1375
is_linear=0
shrinkage=0.03


Tree=120
num_leaves=15
num_cat=0
split_feature=28 31 30 31 1 27 16 33 14 33 28 1 31 31
split_gain=6.32582 6.36528 5.24108 7.12112 7.56444 6.77001 6.31873 6.21648 5.53186 9.55529 6.86424 4.18146 9.51007 6.06448
threshold=-7.6713085697743812 -0.98990318592078552 1.3698921763039802 -0.97381903846659723 0.057193832488539938 -26.002011101509122 -0.0021658055119608828 0.093095242636832595 -4.292260371769884 0.066705656214754563 7.0193600183454672 0.12676426291084125 0.26932402956675655 -1.0000000180025095e-35
decision_type=8 2 8 2 2 10 10 2 8 2 10 2 2 2
left_child=1 -1 3 4 -2 -5 8 -4 9 10 -7 -10 13 -13
right_child=2 -3 7 5 -6 6 -8 -9 11 -11 -12 12 -14 -15
leaf_value=-0.011211328489221429 0.00032193164183415762 0.0027387807620514728 -0.015295334544124257 0.013750304282530136 0.022074363551562542 0.010196152539523037 -0.015485545414288962 0.0037171659847982401 -0.0040451284965300344 0.022004905770025722 -0.011798517961900236 0.0041564700405790972 -0.0061807834752364878 0.024317956021581735
leaf_weight=30.146661821752787 38.386213466525078 542.34328381717205 51.219932325184345 22.516342222690582 22.043529957532883 23.088566496968269 31.796565197408199 21.519855313003063 537.00430135428905 21.681067913770676 26.199372626841068 49.52102380245924 65.772155523300171 17.717900805175304
leaf_count=131 164 2530 290 104 96 99 143 142 2350 105 114 228 304 81
internal_value=-0.000492232 0.00198592 -0.00202074 -0.00135773 0.00848695 -0.00211548 -0.00259493 -0.00969641 -0.00202166 0.00588855 -0.00149741 -0.00286704 0.00188392 0.00974767
internal_weight=1500.96 572.49 928.467 855.727 60.4297 795.297 772.781 72.7398 740.984 70.969 49.2879 670.015 133.011 67.2389
internal_count=6881 2661 4220 3788 260 3528 3424 432 3281 318 213 2963 613 309
is_linear=0
shrinkage=0.03


Tree=121
num_leaves=15
num_cat=0
split_feature=27 26 13 13 33 33 1 13 32 1 27 33 33 30
split_gain=3.44386 8.93144 7.6835 9.52221 6.96569 6.40935 6.25622 10.3153 6.21417 5.34798 4.98475 4.68227 4.55173 8.59301
threshold=-12.276429926418862 -13.916424533024772 -0.82383160786724063 -1.1266327272672065 0.0042643499321991796 0.043975078840948943 -0.10136363132946423 -0.48374992063360128 -0.89194178735545482 0.0030178728975896727 -28.899797488284303 0.016177527429478415 0.003609694286145135 0.024830493413365906
decision_type=8 10 10 8 2 2 2 10 2 2 10 2 2 10
left_child=2 4 3 5 -2 -1 7 -4 -8 -6 -10 -12 -9 -14
right_child=1 -3 6 -5 9 -7 8 12 10 -11 11 -13 13 -15
leaf_value=0.014395340662702092 -0.026649025690601139 0.00023792535448828383 0.018864115812079783 -0.020529794010366687 -0.014462802392459759 -0.0096419703404614972 -0.0046772761577780217 0.0064939666196808139 0.023745339190274162 0.0081321194949086992 0.016531649419986579 0.0021955793866068997 -0.020907939426561287 5.1470687342156919e-05
leaf_weight=20.213215753436089 18.33046417683363 1135.1518305726349 22.380728758871555 24.290973220020533 19.579443298280239 17.918773200362921 21.195362918078899 31.140578202903271 27.62678861245513 16.512318287044764 38.023072391748428 43.957558028399944 25.344385676085949 53.052160527557135
leaf_count=98 85 5123 104 116 93 105 95 147 143 82 163 206 115 271
internal_value=0.000412485 -0.000336008 0.00314356 -0.00624791 -0.0120955 0.00314212 0.00539023 0.000765525 0.0100132 -0.00418487 0.0128705 0.00896382 -0.0030696 -0.00690237
internal_weight=1514.72 1189.57 325.144 62.423 54.4222 38.132 262.721 131.918 130.803 36.0918 109.607 81.9806 109.537 78.3965
internal_count=6946 5383 1563 319 260 203 1244 637 607 175 512 369 533 386
is_linear=0
shrinkage=0.03


Tree=122
num_leaves=15
num_cat=0
split_feature=15 29 33 31 13 29 32 23 13 27 13 31 30 13
split_gain=4.73913 13.9736 7.02354 6.21755 14.413 10.4694 9.06874 9.71593 7.25351 11.245 10.9532 7.72537 9.36835 6.79089
threshold=0.0047630410448213931 0.68879659117755121 0.0064685787508312323 -0.56457333468532422 0.58993928291594522 0.61357874294526094 0.54643492068321298 0.0046365891217730526 1.0000000180025095e-35 8.1779966924688825 -0.36971202427702149 -0.9927505997980649 0.30073124837287529 0.66132013130627421
decision_type=8 10 2 2 10 10 2 8 10 10 10 2 10 10
left_child=1 -1 -3 4 5 -2 7 -7 10 -10 11 -9 -13 -5
right_child=3 2 -4 13 -6 6 -8 8 9 -11 -12 12 -14 -15
leaf_value=0.011564872386675093 -0.0086554674730249803 -0.029042145929919126 -0.0068357455913472236 0.00029230341625569495 -0.011607589069448013 -0.012044046301188317 -0.010335807154606668 -0.0060756677849003885 0.03130450202606045 0.001054882157642806 -0.0082270750153115892 0.025131117009384345 0.0046274041886771285 0.0059449521715543088
leaf_weight=24.33652975410223 79.279420383274555 20.121995881199837 34.823930583894253 739.11297634243965 114.83935968950391 22.50012245029211 33.907216470688581 20.236281633377075 25.927721347659826 18.891517385840416 39.392980568110943 37.590844184160233 42.923829037696123 257.11675093322992
leaf_count=113 341 95 165 3345 545 102 157 88 114 88 179 160 228 1210
internal_value=5.1531e-05 -0.00704136 -0.0153418 0.000448945 -0.00253756 0.000736823 0.00384475 0.00620085 0.00847311 0.0188554 0.00504268 0.0102609 0.0143911 0.00175569
internal_weight=1511 79.2825 54.9459 1431.72 435.489 320.65 241.371 207.463 184.963 44.8192 140.144 100.751 80.5147 996.23
internal_count=6930 373 260 6557 2002 1457 1116 959 857 202 655 476 388 4555
is_linear=0
shrinkage=0.03


Tree=123
num_leaves=15
num_cat=0
split_feature=27 29 22 19 28 1 33 13 32 28 33 32 29 27
split_gain=3.68167 6.87329 11.2788 10.6883 15.9212 9.07472 8.25813 8.67387 7.61243 17.2103 7.18219 7.20847 7.40911 5.99533
threshold=3.3568456613197744 0.82161476109146658 1.1307381249458801 -1.8898606585127096 3.0609294436612093 0.031107571916268974 0.15348810673633537 -0.97477766920322173 0.24825246871434672 1.2375796882446723 0.0017050988463953155 0.34202014332566844 1.0038126711478841 2.7880987777262338
decision_type=8 10 8 10 10 2 2 10 2 10 2 2 10 10
left_child=13 2 -2 5 -5 6 7 -3 9 -4 -9 12 -12 -1
right_child=1 3 8 4 -6 -7 -8 10 -10 -11 11 -13 -14 -15
leaf_value=0.00092861134604514423 0.011303302025603201 0.010302415225569709 0.015282453804181145 0.010903958885543939 -0.022930738100202793 0.0085127984090317636 0.010770492131797151 0.0043374975399252174 -0.012732349989166142 -0.0098730778700456562 -0.008446530275907884 -0.00071646186158454833 -0.033120606934008125 0.015634139814468585
leaf_weight=856.05912405997515 31.467454023659229 22.764043252915144 34.943434961140156 18.542250566184521 34.655931998044252 149.28471576422453 34.005555037409067 22.645977787673473 121.966039955616 75.784547671675682 21.51064895093441 21.647873628884554 23.419998105615377 24.708584114909172
leaf_count=3892 142 106 152 86 169 747 173 99 544 337 88 95 107 108
internal_value=0.000116714 -0.00166774 -0.00530791 0.00109897 -0.011154 0.0033367 -0.00197797 -0.00591013 -0.00759302 -0.00186879 -0.0101148 -0.0150221 -0.0217489 0.00135841
internal_weight=1493.41 612.638 264.161 348.477 53.1982 295.279 145.994 111.989 232.694 110.728 89.2245 66.5785 44.9306 880.768
internal_count=6845 2845 1175 1670 255 1415 668 495 1033 489 389 290 195 4000
is_linear=0
shrinkage=0.03


Tree=124
num_leaves=15
num_cat=0
split_feature=13 32 13 33 13 30 29 13 33 31 33 13 28 1
split_gain=3.54035 14.5415 14.2538 12.8887 8.45369 11.2517 8.40939 10.2105 7.34216 10.4902 9.01733 8.66815 9.75636 6.32572
threshold=-0.76286157536448307 -0.96298784033749818 -0.67952816781317005 0.024539639531258258 -1.030035652985793 0.31283516109079362 1.0172578832129033 -0.82383160786724063 0.072502647865787667 0.92794370089704281 0.0083058195259135426 -1.3609952845775279 -3.3528917677783094 -0.19415895371028338
decision_type=8 2 8 2 8 10 10 10 2 2 2 10 10 2
left_child=1 -1 3 -2 8 6 7 -6 10 -10 11 12 -3 -4
right_child=2 4 13 -5 5 -7 -8 -9 9 -11 -12 -13 -14 -15
leaf_value=0.022566386629947938 0.0030634679883528521 0.019836359716403615 -0.004925024274023449 0.033148091282637952 -0.026487008811813029 -0.028239679246938834 0.011714431391144425 -0.00083772282350550158 -0.00030744775582509937 -0.027488775774029209 0.014812475673509448 -0.018354632782832715 -0.0059080741774743548 0.001402327272069979
leaf_weight=18.552797377109528 29.012517310678959 20.609772391617298 164.63642314821482 22.284823819994926 21.970397382974625 24.747161064296961 18.932705581188202 35.815307296812534 40.817912511527538 17.617818892002106 43.289628557860851 20.55452124774456 33.406862698495388 1004.4645343124866
leaf_count=82 125 104 777 107 95 119 82 155 225 86 193 89 153 4555
internal_value=0.000479379 -0.00245685 0.00119373 0.0165169 -0.0042032 -0.0110559 -0.00522087 -0.0108744 -0.000219086 -0.00882698 0.00408709 -0.00225277 0.0040966 0.000507842
internal_weight=1516.71 296.315 1220.4 51.2973 277.762 101.466 76.7184 57.7857 176.297 58.4357 117.861 74.5712 54.0166 1169.1
internal_count=6947 1383 5564 232 1301 451 332 250 850 311 539 346 257 5332
is_linear=0
shrinkage=0.03


Tree=125
num_leaves=15
num_cat=0
split_feature=1 32 1 13 13 13 30 0 28 13 1 33 13 33
split_gain=6.04053 3.95074 7.09323 8.82893 12.8648 10.5656 7.65656 7.57559 6.8748 11.0517 6.62914 8.503 6.60608 6.5078
threshold=-0.38193356569168041 0.46174861323503363 -0.13850585306962046 0.60824691977472667 -0.25210157505493375 1.421300099785735 0.26809450263665441 -0.18237570233734832 -16.399792684707034 -0.48374992063360128 0.01477420071391468 0.078803421566336296 3.1350948948233719 0.072502647865787667
decision_type=2 2 2 10 8 10 10 2 10 10 2 2 10 2
left_child=-1 12 8 4 7 6 -5 -4 9 -3 11 -9 13 -2
right_child=1 2 3 5 -6 -7 -8 10 -10 -11 -12 -13 -14 -15
leaf_value=0.014628211407588838 0.0021769765272207208 0.013175975151456883 0.014347687597596758 0.019569298407172551 -0.011492017648532095 -0.0051270404141949407 -0.0027626136952122972 -0.018008584973157927 -0.015584825504363235 -0.011627978366037956 0.0042240710610689531 0.005102315457247068 0.016254960946139041 -0.0032147869373495628
leaf_weight=24.121427614241838 655.30872090533376 26.148820944130421 33.773786194622517 51.982794888317585 103.68179809674621 41.746233455836773 18.385596577078104 35.253102421760559 61.384131841361523 38.992987707257271 81.373222090303898 23.094973847270012 23.649882193654776 289.73507003486156
leaf_count=139 2858 119 155 223 452 207 91 152 275 190 371 106 139 1445
internal_value=4.02561e-05 -0.000206467 -0.00232482 -0.00031243 -0.00318523 0.00675527 0.0137775 0.00181637 -0.0084655 -0.00162266 -0.00129317 -0.00892913 0.000922766 0.000522299
internal_weight=1508.63 1484.51 515.817 389.292 277.177 112.115 70.3684 173.495 126.526 65.1418 139.721 58.3481 968.694 945.044
internal_count=6922 6783 2341 1757 1236 521 314 784 584 309 629 258 4442 4303
is_linear=0
shrinkage=0.03


Tree=126
num_leaves=15
num_cat=0
split_feature=32 28 32 28 23 0 20 14 28 0 33 0 15 33
split_gain=3.83036 8.33848 9.31585 7.19764 7.51123 7.4909 6.24796 5.54687 7.00069 4.98274 8.32459 5.57428 5.04573 5.66837
threshold=0.46174861323503363 -70.001604009890514 0.8604686372286926 -36.024053162586604 -0.18610828797306092 -0.14486586017250377 -1.6280543506752563 -5.5147619846246378 3.3360274691496277 -0.010236979347222628 0.53572613240131972 -0.10670435838748378 0.0016569490591624716 0.0017050988463953155
decision_type=2 10 2 10 10 2 10 10 10 2 2 2 8 2
left_child=9 -2 3 -3 5 -5 7 8 -4 10 11 12 -1 -14
right_child=1 2 6 4 -6 -7 -8 -9 -10 -11 -12 -13 13 -15
leaf_value=0.015267647748614589 -0.022653737626818844 0.010233989338375188 0.0077821102527467689 -0.016162319748527807 0.0056681825467182357 -0.0043823651371013173 -0.012078630104986584 0.017507524975530171 -0.0034040466305505662 -0.0011806728322437436 0.017568963901077286 0.0080553050609744221 0.0070837843795660748 -0.0023858137343090338
leaf_weight=18.307995319366455 16.203133001923561 23.400777764618397 107.31127844005823 80.890286438167095 35.663001030683517 122.13225619867444 22.221266597509384 24.342457547783852 93.283536393195391 464.80451039224863 32.501992922276258 107.96837905049324 70.21815038472414 281.84223730117083
leaf_count=88 96 104 487 362 157 538 111 113 428 2163 194 471 311 1266
internal_value=-4.61401e-05 -0.00210882 -0.00141201 -0.0053428 -0.00690628 -0.00913207 0.00276093 0.00427388 0.00258908 0.00106577 0.00310809 0.0020909 0.000335173 -0.000482396
internal_weight=1501.09 525.448 509.245 262.086 238.686 203.023 247.159 224.937 200.595 975.643 510.839 478.337 370.368 352.06
internal_count=6889 2396 2300 1161 1057 900 1139 1028 915 4493 2330 2136 1665 1577
is_linear=0
shrinkage=0.03


Tree=127
num_leaves=15
num_cat=0
split_feature=30 27 31 13 13 1 31 29 27 13 13 1 1 1
split_gain=4.29997 5.76232 4.87371 9.2973 24.301 13.9629 7.33486 14.8688 10.7057 12.2615 8.44963 6.91734 6.42229 6.63002
threshold=-1.5746515518842878 0.90772162029129089 0.77296446310593014 0.84244979796757558 0.60824691977472667 -0.037289667123093721 0.44228869021900152 0.92679395624146876 -16.808405754011876 1.2290063896109036 0.3653151100353374 -0.024670518304864563 -0.10718381148091367 0.16162471207636428
decision_type=8 10 2 10 10 2 2 10 10 8 10 2 2 2
left_child=1 -1 6 4 5 -4 -2 10 -9 11 -8 -10 -5 -14
right_child=2 -3 3 12 -6 -7 7 8 9 -11 -12 -13 13 -15
leaf_value=0.014484358008707655 -1.4610639665588609e-05 -0.0022947956125577585 0.012013638719552182 -0.0027566325340647943 -0.0239189488121948 -0.0038798131009042175 -0.022843273378312313 0.01910275991333292 0.012330090361326767 -0.025464837536561924 -0.0029473578523657256 -0.0055956102739745739 0.025432637712129828 0.0018136715839851567
leaf_weight=41.008853644132614 937.23703375086188 32.377807624638081 100.01183843240142 17.290280200541019 31.154907211661339 97.297088012099266 54.112633481621742 21.726511422544718 30.745527714490891 17.898338034749031 29.998533293604851 48.756896510720253 34.406554859131575 15.55896485596895
leaf_count=183 4294 147 463 80 140 450 233 109 135 83 129 217 176 83
internal_value=0.000117095 0.00715015 -0.000247006 0.00317852 0.0002747 0.00419621 -0.00113723 -0.0062888 0.000548593 -0.00374223 -0.0158653 0.00140375 0.0128941 0.0182577
internal_weight=1509.58 73.3867 1436.2 295.72 228.464 197.309 1140.48 203.238 119.127 97.4008 84.1112 79.5024 67.2558 49.9655
internal_count=6922 330 6592 1392 1053 913 5200 906 544 435 362 352 339 259
is_linear=0
shrinkage=0.03


Tree=128
num_leaves=15
num_cat=0
split_feature=33 29 13 28 13 29 29 33 13 29 33 13 28 30
split_gain=6.2556 6.40641 12.0513 4.943 5.65511 12.3011 13.7155 10.8194 17.8474 12.832 13.062 11.1787 11.9986 9.94647
threshold=0.00057711700589420606 1.1752667901335283 -0.34581979859030321 -5.7860713193091931 -0.10740470915813187 1.2512497104028715 0.5991609102055494 0.0064685787508312323 -1.1266327272672065 1.1366369328835264 0.0017050988463953155 -1.5425999020830701 -15.282641740541612 0.95097218706035347
decision_type=2 10 8 8 10 10 10 2 10 10 2 10 10 10
left_child=1 2 -1 4 7 6 -6 8 -2 10 -10 -9 -13 -7
right_child=3 -3 -4 -5 5 13 -8 11 9 -11 -12 12 -14 -15
leaf_value=-0.011010037012008894 0.019204309094845492 0.022153015467857046 0.012676876893454023 -0.0018675179557079624 -0.013580017400205147 -0.023159215332266996 0.0049692306271074561 -0.006105360290366256 0.00030428274924416092 0.0085786605028072751 -0.029746121536147134 0.019558477326391075 0.001963891812958338 0.0028683579639412391
leaf_weight=30.840257480740547 23.538684524595737 19.932761006057262 48.340041533112526 831.19006048515439 42.394667133688927 35.240993864834309 206.35895990207791 34.392116710543633 21.294158056378365 22.498763117939234 32.414950370788574 89.302069667726755 57.236982047557831 20.481105748564005
leaf_count=132 114 100 215 3790 203 168 906 194 89 111 136 418 253 127
internal_value=0.000130595 0.00737805 0.00342871 -0.000381416 0.00172912 -0.00110183 0.0017662 0.00479312 -0.00312016 -0.010175 -0.0180442 0.00914885 0.0127461 -0.0137107
internal_weight=1515.46 99.1131 79.1803 1416.34 585.153 304.476 248.754 280.678 99.7466 76.2079 53.7091 180.931 146.539 55.7221
internal_count=6956 447 347 6509 2719 1404 1109 1315 450 336 225 865 671 295
is_linear=0
shrinkage=0.03


Tree=129
num_leaves=15
num_cat=0
split_feature=13 13 31 29 33 13 13 31 29 28 32 23 31 33
split_gain=3.69517 11.7898 11.5166 10.7418 9.56626 13.1147 13.2949 17.3576 11.2586 12.0203 12.9232 10.9431 10.2554 8.82762
threshold=-0.34581979859030321 -0.36971202427702149 0.98279651670771939 1.4928968948613293 0.0064685787508312323 -1.4920239266478219 -0.80638499074936376 -0.95688340256707749 0.39901965912358223 -16.037590101207751 0.61734245059638992 -0.24509068638860701 0.56457333468532445 0.00087542693738207908
decision_type=10 10 2 10 2 8 8 2 8 8 2 10 2 2
left_child=1 2 4 13 5 -1 -7 -8 -6 -10 -11 12 -9 -2
right_child=3 -3 -4 -5 8 6 7 11 9 10 -12 -13 -14 -15
leaf_value=0.0084682473190855253 0.010805574372877292 -0.018323886464086694 -0.019631380719583483 -0.0099600888700867272 0.023573085011770627 -0.021867496160896609 0.014843197343267204 -0.028757115182359756 0.012022801550059388 0.0033648558196324447 -0.012952153255788208 0.0072027255208710894 -0.002013713575284834 0.0013255852169279869
leaf_weight=52.28191078081727 98.870522193610668 34.333175159990788 25.736088559031487 67.112826120108366 23.187015146017075 47.289747253060341 33.266304552555084 31.431353695690632 79.873826541006565 141.63119028508663 61.992931678891182 20.916259951889515 21.700340308248997 773.88280449435115
leaf_count=249 440 150 119 395 108 203 141 132 408 661 288 95 98 3457
internal_value=0.000360189 -0.00153559 -0.000434886 0.00151767 0.000563371 -0.00440933 -0.00879053 -0.00287927 0.00392132 0.00223681 -0.00164184 -0.0109328 -0.0180734 0.00241067
internal_weight=1513.51 573.64 539.307 939.866 513.571 206.886 154.604 107.314 306.685 283.498 203.624 74.048 53.1317 872.753
internal_count=6944 2652 2502 4292 2383 918 669 466 1465 1357 949 325 230 3897
is_linear=0
shrinkage=0.03


Tree=130
num_leaves=15
num_cat=0
split_feature=13 13 28 32 1 33 33 23 31 23 28 14 32 32
split_gain=3.94692 6.46864 5.97566 5.01399 4.09709 7.19695 6.39221 3.54639 15.1353 10.8898 5.48936 5.33121 18.3568 11.1682
threshold=4.2986042067446606 3.1350948948233719 -11.834036209945607 0.38268343236508956 -0.33614190617359857 0.0064685787508312323 0.040459025670499214 -0.10666230492613006 -0.66746801135786415 -0.18374718619905969 2.7276440800072526 -4.1089120823639682 -0.60003553868615123 -0.90159026428466893
decision_type=8 10 8 2 2 2 2 8 2 10 10 8 2 2
left_child=1 4 -2 -3 5 -1 -7 8 -6 -10 -11 12 13 -9
right_child=2 3 -4 -5 7 6 -8 11 9 10 -12 -13 -14 -15
leaf_value=-0.007936493634138132 0.00188801866143383 0.025755295127505597 -0.024740007959913376 0.0022548353557494297 -0.029320775373759544 0.030773351645634238 0.0033971987417045599 0.0063599310263156494 0.016367272765231863 0.0025397430483264016 -0.020191962272917745 3.6183482538412923e-05 0.017478240097643684 -0.025384927032985814
leaf_weight=14.126993257552384 16.594494979828596 15.326842933893202 12.771162800490858 16.779683850705624 17.984120301902294 14.916031762957575 15.367229264229534 20.308157429099083 24.668293513357639 18.610707402229309 18.240429650992155 1212.7528143599629 60.207069888710976 18.020444456487894
leaf_count=80 96 85 74 80 83 76 85 86 115 79 82 5494 283 84
internal_value=0.000580661 0.000801685 -0.0101259 0.0139125 0.000498904 0.00936654 0.017434 0.00020922 -0.00590291 0.00130238 -0.0089481 0.000584014 0.00725848 -0.00883108
internal_weight=1496.67 1467.31 29.3657 32.1065 1435.2 44.4103 30.2833 1390.79 79.5036 61.5194 36.8511 1311.29 98.5357 38.3286
internal_count=6882 6712 170 165 6547 241 161 6306 359 276 161 5947 453 170
is_linear=0
shrinkage=0.03


Tree=131
num_leaves=15
num_cat=0
split_feature=26 27 29 23 27 30 26 28 22 32 1 30 30 29
split_gain=4.30199 3.49403 10.3159 5.66899 5.04841 4.1428 4.65499 5.09812 5.26788 3.97269 6.69837 4.64247 8.85787 7.09946
threshold=31.040649867692952 -7.5990056673358444 1.5089547732759623 -0.12764014550059374 -26.002011101509122 -1.2719439316405172 -11.74898644290767 38.323903634935881 -1.4504470772776714 0.8374305290577152 -0.12608641934005424 0.17191424661561186 0.80317108836565954 1.0376364766489414
decision_type=8 10 8 8 10 8 10 8 10 2 2 8 10 10
left_child=1 2 3 -1 -4 -5 -7 8 9 11 -11 13 -13 -8
right_child=-2 -3 4 5 -6 6 7 -9 -10 10 -12 12 -14 -15
leaf_value=-0.010004773452053179 -0.013554888927658156 -0.00041140766065367285 -0.0014793973113342517 0.016163373523454004 -0.021080931043409631 0.009776037674800701 0.0059329924946971251 0.018083959706292254 0.015090239663726664 -0.0052396611897602393 0.018588676413090043 -0.016585101226083521 0.0046597831854645992 -0.012435150648981498
leaf_weight=22.569918632507324 18.732422012835741 1038.4662270098925 26.218794647604227 27.736723363399506 20.789006479084492 98.573953218758106 80.246439293026924 15.79873552918434 20.649825692176819 18.797840893268585 22.39601656794548 43.461884126067162 28.709767445921898 23.708071738481522
leaf_count=108 141 4688 174 124 106 482 343 71 96 85 100 189 132 103
internal_value=0.000361356 0.000545518 0.00275151 0.00430965 -0.0104066 0.0051837 0.00427607 0.00210967 0.000977907 -0.00042603 0.0078487 -0.00239478 -0.00818574 0.00166535
internal_weight=1506.86 1488.12 449.657 402.649 47.0078 380.079 352.343 253.769 237.97 217.32 41.1939 176.126 72.1717 103.955
internal_count=6942 6801 2113 1833 280 1725 1601 1119 1048 952 185 767 321 446
is_linear=0
shrinkage=0.03


Tree=132
num_leaves=15
num_cat=0
split_feature=33 1 32 1 21 27 29 29 29 29 21 24 19 29
split_gain=3.53542 6.70537 4.63641 4.5871 6.06876 5.56911 12.8159 5.70009 5.42437 4.99917 6.11342 7.02018 6.64863 9.43697
threshold=0.58228290274134042 0.0082028265709520876 0.98990318592078563 -0.11039360001908559 0.88738330839444057 3.0984651291898762 0.9698243829338965 0.70892430170024912 1.2911353729437396 0.36768461448218837 0.33242442817105206 -0.00030778223117852136 -0.58414709926068997 0.9610919805022563
decision_type=2 2 2 2 10 10 10 10 10 8 10 8 10 10
left_child=3 2 -2 5 9 8 7 -7 -1 -5 11 -11 -13 -14
right_child=1 -3 -4 4 -6 6 -8 -9 -10 10 -12 12 13 -15
leaf_value=0.00045172070585265927 0.019949882611753199 -0.0036025894516811207 -0.00010920766417547705 0.013172238253512937 0.016187278198560563 -0.0081660715682001575 0.0064645890763121005 -0.024867143059660306 -0.010936281062911257 0.015163046766263816 -0.012493923826885658 0.00057795278685203694 0.00092716720361984647 -0.0263837395734484
leaf_weight=287.23094245046377 30.679245084524155 37.002419754862785 15.401609070599077 25.498420104384422 21.220488108694553 43.84159742295742 33.749193228781223 32.718080654740334 42.310077644884586 27.201595656573772 33.183635011315346 814.51089603453875 25.663091987371445 19.375940129160881
leaf_count=1278 193 220 86 121 99 192 157 141 241 123 147 3663 112 90
internal_value=-0.00010898 0.00586679 0.0133856 -0.00046589 0.000690042 -0.00300207 -0.00880444 -0.0155319 -0.00103906 0.000325466 -4.45321e-05 0.000434893 -4.82779e-05 -0.0111399
internal_weight=1489.59 83.0833 46.0809 1406.5 966.654 439.85 110.309 76.5597 329.541 945.434 919.935 886.752 859.55 45.039
internal_count=6863 499 279 6364 4355 2009 490 333 1519 4256 4135 3988 3865 202
is_linear=0
shrinkage=0.03


Tree=133
num_leaves=15
num_cat=0
split_feature=14 29 23 27 0 15 32 27 31 31 32 1 28 31
split_gain=6.62647 8.25616 6.18913 5.01143 5.63736 5.59016 4.79679 4.73988 4.69264 4.49012 10.2933 7.66563 6.93639 9.77345
threshold=-4.847238139747966 1.0376364766489414 -0.10742620343718433 -29.617927297866938 -0.44044307348486639 0.00020493426091405811 -0.81915204428899169 1.0677469189435131 0.99845357241023069 0.098011308799811389 -0.96298784033749818 0.057193832488539938 1.0000000180025095e-35 -0.94331137514050689
decision_type=8 10 8 8 2 10 2 8 2 2 2 2 10 2
left_child=1 2 -1 4 -2 8 -6 -7 9 11 -11 -5 -13 -14
right_child=3 -3 -4 5 6 7 -8 -9 -10 10 -12 12 13 -15
leaf_value=0.0014126534293732295 -0.010178566219524586 -0.0044000904329808558 0.022945714206580415 -0.0038368625641100806 -0.0040713539729775108 -0.022585909018395321 0.014666909850755402 -0.00067087869640766176 -0.01311861351625019 0.01611954930932431 0.00067383760675916412 -0.0044413997835516476 0.02239151631307057 0.0027538131759585766
leaf_weight=18.567103490233421 13.639407161623238 28.490688342601061 33.765343569219112 485.93635346367955 15.471386324614285 18.158601611852646 52.598159365355968 16.677230253815651 24.586225375533104 40.707688219845295 564.70909624174237 69.978220354765654 28.581958577036858 101.2325021661818
leaf_count=83 83 140 159 2192 81 85 290 79 112 173 2537 319 131 493
internal_value=0.000197665 0.00850121 0.0154757 -0.000276506 0.00689224 -0.000714992 0.0104106 -0.0124058 -0.000396274 -0.000144048 0.00173726 -0.00180513 0.00313095 0.00721567
internal_weight=1513.1 80.8231 52.3324 1432.28 81.709 1350.57 68.0695 34.8358 1315.73 1291.15 605.417 685.729 199.793 129.814
internal_count=6957 382 242 6575 454 6121 371 164 5957 5845 2710 3135 943 624
is_linear=0
shrinkage=0.03


Tree=134
num_leaves=15
num_cat=0
split_feature=1 33 31 27 0 24 27 14 15 1 20 0 23 31
split_gain=3.34327 3.27313 3.52908 3.76867 3.27314 10.2665 6.60756 6.52543 8.14299 7.20951 5.92069 5.2127 4.25549 4.21085
threshold=-0.38193356569168041 0.0005309732778605627 0.79989897227935891 -6.0740481732546305 -0.27989125943518395 4.3847348398200862e-05 3.0984651291898762 -4.4048095062815253 -0.00087545726089111031 -0.087729588853076509 0.71836002718317371 -0.35037504049894885 -0.070547865877401486 0.99702681066517462
decision_type=2 2 2 10 2 8 10 10 10 2 8 2 8 2
left_child=-1 2 3 -2 5 12 11 8 13 -9 -11 -7 -3 -6
right_child=1 4 -4 -5 7 6 -8 9 -10 10 -12 -13 -14 -15
leaf_value=0.010845008551917539 0.011540277116384738 0.020938764822258291 0.014388153386377882 -0.0051837348091958594 0.00053121031248107666 -8.0967495031294669e-05 -0.014404247898516874 -0.025193650495171971 0.019759622097967278 -0.014735823073004492 0.0041888306604070166 -0.010600107183761703 0.00046505476297471131 -0.012343344938868536
leaf_weight=22.893979694694281 17.989552073180676 18.494408596307039 25.62416211143136 32.576704762876034 976.35300405323505 150.27703389525414 58.554578527808189 16.78424109518528 18.592988647520542 23.731731254607439 36.543716162443161 58.06950543820858 17.284396886825562 22.411766856908798
leaf_count=134 80 85 121 145 4463 712 261 76 87 110 165 263 79 104
internal_value=-0.000287287 -0.000467515 0.00554686 0.000874447 -0.00079924 -0.00355486 -0.00558501 -3.45782e-05 0.000606222 -0.00839394 -0.0033811 -0.00304945 0.0113297 0.000230255
internal_weight=1496.18 1473.29 76.1904 50.5663 1397.1 302.68 266.901 1094.42 1017.36 77.0597 60.2754 208.347 35.7788 998.765
internal_count=6885 6751 346 225 6405 1400 1236 5005 4654 351 275 975 164 4567
is_linear=0
shrinkage=0.03


Tree=135
num_leaves=15
num_cat=0
split_feature=28 31 28 13 33 33 13 13 0 31 13 32 32 28
split_gain=6.72815 6.26523 11.2466 8.79781 16.7659 11.2354 16.0199 14.1531 10.7167 9.7524 9.32159 8.29147 7.37426 6.87367
threshold=-5.7860713193091931 0.15212338618991691 -20.866210757874978 -0.14340630110430261 0.0070307244389254363 0.016177527429478415 0.59848937537688363 0.66132013130627421 -0.052284086834824488 -0.50938662908026078 -0.80638499074936376 0.52803643325367278 -0.11969653353600833 -16.700583965185697
decision_type=8 2 10 10 2 2 10 10 2 2 10 2 2 10
left_child=1 3 -3 4 12 7 -7 -5 -9 -8 11 -6 -1 -12
right_child=-2 2 -4 5 10 6 9 8 -10 -11 13 -13 -14 -15
leaf_value=0.0055569279278619658 -0.0014587449585949232 0.00016329874542208756 0.012282826752948063 0.027274895895259211 0.01372488183193893 -0.019012084734073276 -0.011171684476031774 0.012618004153326891 -0.018319184033886552 0.014639023550709828 0.028429924929532252 -0.010541254148174658 -0.017551955544023168 0.00762608750386629
leaf_weight=19.215419039130211 885.03581735864282 143.64091729000211 131.50783548131585 18.253953471779823 24.84484775736928 70.225709404796362 23.214389756321907 17.763910919427872 20.848707914352417 27.960617445409298 33.228035364300013 23.887405060231686 32.281951259821653 26.215821661055088
leaf_count=85 4036 679 581 79 130 332 120 82 93 134 156 118 143 113
internal_value=0.000214017 0.00262721 0.00597935 -0.000111675 0.00498649 -0.00468043 -0.00980966 0.00624993 -0.00412715 0.00294086 0.0116603 0.00185741 -0.00898764 0.019533
internal_weight=1498.13 613.09 275.149 337.941 159.673 178.267 121.401 56.8666 38.6126 51.175 108.176 48.7323 51.4974 59.4439
internal_count=6881 2845 1260 1585 745 840 586 254 175 254 517 248 228 269
is_linear=0
shrinkage=0.03


Tree=136
num_leaves=15
num_cat=0
split_feature=0 33 13 27 32 29 0 14 23 29 13 0 28 14
split_gain=3.59662 4.57946 4.02644 3.81487 8.29183 6.92524 4.32264 7.78995 6.73025 15.559 10.6676 7.59905 6.98988 5.998
threshold=-0.49658000166152971 0.11953665771840537 -0.67077613501119149 -29.617927297866938 -0.81915204428899169 0.88349500799664449 -0.12105542141100877 -3.901112325772615 -0.022131827329716029 0.48615910124604639 0.59469704750605801 -0.052284086834824488 3.0609294436612093 -3.626482531586261
decision_type=2 2 10 8 2 10 2 10 8 10 10 2 10 8
left_child=1 2 -1 4 -2 -6 7 -5 9 -8 12 -10 -11 -13
right_child=3 -3 -4 6 5 -7 8 -9 11 10 -12 13 -14 -15
leaf_value=0.01329882155110107 -0.010942191874249255 0.018879986451452297 -0.0019923227446527569 -0.0036929310450022363 -0.002710509988285364 0.018736419009692893 0.020286029717124985 0.015207163327752706 0.0093575083064810095 -0.0087007480652675634 0.0016475466696228161 0.012820291846724412 -0.030066685686128136 -8.0301754104901031e-05
leaf_weight=20.939840871840715 18.32115026190877 18.631959166377783 52.097056370228529 434.67711308225989 19.910470768809319 39.94663941860199 16.064591407775879 19.577483423054218 101.40289878100157 30.282235451042652 36.972078550606966 33.18407479673624 26.220238212496042 634.12681029736996
leaf_count=110 97 115 249 1927 101 234 75 91 441 134 177 156 116 2908
internal_value=0.000281606 0.00600675 0.00251209 -9.44151e-05 0.00630349 0.0116751 -0.000474226 -0.00284676 0.00075475 -0.00616856 -0.0108817 0.00174803 -0.0189662 0.000579443
internal_weight=1502.35 91.6689 73.0369 1410.69 78.1783 59.8571 1332.51 454.255 878.253 109.539 93.4746 768.714 56.5025 667.311
internal_count=6931 474 359 6457 432 335 6025 2018 4007 502 427 3505 250 3064
is_linear=0
shrinkage=0.03


Tree=137
num_leaves=15
num_cat=0
split_feature=33 1 0 13 13 33 28 29 13 29 16 23 33 16
split_gain=3.70826 4.93591 4.48744 3.68536 6.77933 8.49426 5.18116 6.11101 6.72731 10.6776 3.82283 4.6287 6.70557 4.33608
threshold=0.00048851899861303435 0.070865357849636643 -0.095888073667056539 -3.8155692453800767 -2.2791823608638331 0.043975078840948943 57.584748476116062 0.80499305207830762 -0.27814711359359434 1.3762156578019471 -0.0021658055119608828 -0.034557979948785185 0.014884043754004287 -0.00016682753514629664
decision_type=2 2 2 8 8 2 8 10 10 10 10 10 2 10
left_child=1 2 -1 -2 5 -5 10 -8 -9 -10 11 -6 -13 -12
right_child=3 -3 -4 4 6 -7 7 8 9 -11 13 12 -14 -15
leaf_value=0.0024215930766156146 -0.011006058377233931 -0.005394326287497875 0.02148363389950024 0.021037551490769975 -1.8556157297007948e-05 -0.00544937725586338 -0.023761076153511262 -0.016650852396873243 0.014019374806027331 -0.015503288204041605 -0.0198049877240443 -0.0033116402138400492 0.018019904286362239 -0.0018144734655774731
leaf_weight=21.388141870498657 27.267304509878159 19.291353963315487 22.801222950220108 28.258872605860233 1167.1254780814052 16.81664302572608 15.957896187901495 22.307263292372227 28.746337257325649 16.547130100429058 16.956394955515862 22.628396656364202 30.152370534837246 37.41332208365202
leaf_count=95 145 95 101 133 5270 93 84 126 139 107 77 100 147 179
internal_value=3.57958e-05 0.00707333 0.0125152 -0.000281301 -6.51605e-05 0.0112521 -0.000448859 -0.00764011 -0.00354368 0.00313191 2.8317e-05 0.000377947 0.00898303 -0.00768157
internal_weight=1493.66 63.4807 44.1894 1430.18 1402.91 45.0755 1357.83 83.5586 67.6007 45.2935 1274.28 1219.91 52.7808 54.3697
internal_count=6891 291 196 6600 6455 226 6229 456 372 246 5773 5517 247 256
is_linear=0
shrinkage=0.03


Tree=138
num_leaves=15
num_cat=0
split_feature=31 13 13 30 1 13 29 13 28 23 31 26 29 30
split_gain=3.59351 11.1684 27.4134 9.8562 9.54268 6.31266 6.43586 5.09681 4.63193 4.58462 9.96844 12.6752 9.67173 7.50277
threshold=0.77296446310593014 0.84244979796757558 0.60824691977472667 1.2497165115234765 -0.068168849427108394 0.24517526554461974 0.70638304266924734 -0.80638499074936376 5.1642683622210592 -0.17973171055567991 -0.78661891169205822 2.3019332838059019 0.74972204126947306 -0.60377833728601182
decision_type=2 10 10 8 2 10 10 8 10 10 2 10 10 10
left_child=9 2 3 4 5 6 -2 -6 -9 -1 12 13 -11 -12
right_child=1 -3 -4 -5 7 -7 -8 8 -10 10 11 -13 -14 -15
leaf_value=0.0005176018708118828 0.029901200767515696 0.013571070013599277 -0.025289670572750989 -0.014717021640453534 -0.011187386502472873 -0.0019481632711184512 0.010578741069277251 0.012256830979004436 -0.0023261869398603341 0.025521348514022293 0.010109317808394655 -0.022629732622613846 -0.0038495520186436721 -0.0084798179248184689
leaf_weight=1005.2197200581431 24.201866090297699 72.827471517026424 31.784853041172028 21.388033997267485 25.6832480058074 18.538656413555145 45.422482822090387 33.415531873703003 44.939472854137421 15.855505101382731 28.121601998806 40.299609120935202 24.59578900411725 58.54993212595582
leaf_count=4596 112 368 142 120 118 85 208 149 202 80 122 185 113 263
internal_value=0.000518583 0.00334069 0.000261535 0.00416402 0.00633039 0.0135324 0.0176236 0.000156569 0.00396902 -0.000249401 -0.00483029 -0.00894867 0.00800079 -0.00240184
internal_weight=1490.84 318.202 245.374 213.589 192.201 88.163 69.6243 104.038 78.355 1172.64 167.422 126.971 40.4513 86.6715
internal_count=6863 1504 1136 994 874 405 320 469 351 5359 763 570 193 385
is_linear=0
shrinkage=0.03


Tree=139
num_leaves=15
num_cat=0
split_feature=13 32 13 31 28 31 28 29 30 19 32 31 32 23
split_gain=3.67539 6.28417 5.84731 8.22508 5.55418 5.01045 4.41435 8.67228 11.6673 5.73256 7.16318 8.95264 6.60355 5.65858
threshold=3.1350948948233719 0.14132478920498384 2.1321072285474325 0.076279435988900648 -86.434624892408593 0.43245347597985045 7.8262714302601575 0.40792632789805278 -0.88896188294113576 -0.91663555039644951 -0.96298784033749818 1.0000000180025095e-35 -0.93585024503435343 -0.093542167625665099
decision_type=10 2 10 2 10 2 10 10 10 10 2 2 2 8
left_child=2 -2 4 -4 -1 -3 9 -8 -9 10 11 -6 -11 -10
right_child=1 5 3 -5 6 -7 7 8 13 12 -12 -13 -14 -15
leaf_value=-0.012336080717033567 0.023356606741175363 0.012404587437977642 0.0015269404666907749 -0.023616295089083701 -0.0028042799740410403 -0.0111823177855833 0.015745361207003712 -0.013480525513560304 -0.014908895700552923 -0.0077484503287105705 -0.00034160503623515239 0.020646566651715579 0.010731592671990005 -1.5501580987432222e-05
leaf_weight=31.370383948087692 15.053289480507372 14.605213053524496 23.606278963387012 22.014676127582788 25.415995970368385 15.86568885296583 23.191476084291935 75.325797282159328 23.245770052075386 20.214912861585617 639.79576904326677 32.919093102216721 101.30605075508356 432.82402583584189
leaf_count=209 90 85 114 107 108 77 106 331 113 85 2858 138 474 2005
internal_value=-0.000133997 0.00816627 -0.000399815 -0.0108524 -5.30883e-05 0.000158201 0.000236067 -0.00182908 -0.0026242 0.0016339 0.000582632 0.0105542 0.0076193 -0.000805572
internal_weight=1496.75 45.5242 1451.23 45.621 1405.61 30.4709 1374.24 554.587 531.396 819.652 698.131 58.3351 121.521 456.07
internal_count=6900 252 6648 221 6427 162 6218 2555 2449 3663 3104 246 559 2118
is_linear=0
shrinkage=0.03


Tree=140
num_leaves=15
num_cat=0
split_feature=30 29 30 1 0 29 33 30 0 33 23 33 30 14
split_gain=3.77711 7.20014 5.04665 7.96761 7.36979 6.76397 5.16345 5.45069 6.02924 7.80265 4.02978 5.07557 4.83178 4.73409
threshold=-1.5746515518842878 0.71530543068595998 -1.072602927395953 -0.04069036337038353 -0.29530426505330187 0.6411449067175069 0.00044945917611423223 -0.075188176744776056 -0.49658000166152971 0.0059513797502921996 -0.094983771276989273 0.0011240704380516976 -0.36950792985749176 -4.8003687275682818
decision_type=8 10 10 2 2 8 2 10 2 2 10 2 10 10
left_child=1 -1 3 4 -2 -5 -4 10 9 -9 11 12 -8 -12
right_child=2 -3 6 5 -6 -7 7 8 -10 -11 13 -13 -14 -15
leaf_value=0.015009354524575365 -0.012832789005605617 -0.0039399587478129265 0.010080665254036792 -0.00057494019388527407 0.0081545849453760547 -0.019983037584819181 0.014342770440881347 -0.0059998884196911257 -0.0029263444458117504 0.017802463332361046 0.02124583093935101 -0.00035166425254656614 -0.0019932845709046861 0.0031258833187111654
leaf_weight=38.384814873337746 21.393249437212944 32.689974024891853 42.352650493383408 25.041486419737339 45.009443640708923 44.887565821409225 43.543345987796783 20.707651857286692 663.35928902029991 28.480273149907589 18.684481769800186 412.88259690999985 25.347381755709648 39.360143378376961
leaf_count=176 101 147 194 113 196 202 184 109 3178 156 87 1799 107 176
internal_value=-0.000341343 0.00636011 -0.000678387 -0.00614661 0.00130292 -0.0131391 -9.82921e-05 -0.000450294 -0.00217164 0.00786201 0.00182165 0.000913077 0.00838963 0.00921971
internal_weight=1502.12 71.0748 1431.05 136.332 66.4027 69.9291 1294.72 1252.37 712.547 49.1879 539.818 481.773 68.8907 58.0446
internal_count=6925 323 6602 612 297 315 5990 5796 3443 265 2353 2090 291 263
is_linear=0
shrinkage=0.03


Tree=141
num_leaves=15
num_cat=0
split_feature=23 23 33 31 0 27 0 0 0 19 23 31 22 33
split_gain=3.74059 4.29181 12.2409 6.03629 5.9508 4.45552 3.80698 3.61934 4.68641 14.0277 7.88389 11.2895 6.58185 5.91539
threshold=0.0026251585973736239 -0.059543375405507977 0.037224100589487212 -0.42261826174069955 0.54905872736346872 7.3905197360435446 0.47973084722761156 -0.49658000166152971 -0.24858315869555578 -0.14680104753139742 -0.10666230492613006 -0.57357643635104605 -0.1698496962616913 0.41722393142596287
decision_type=10 10 2 2 2 8 2 2 2 10 8 2 10 2
left_child=1 4 -3 -4 6 -6 7 -1 9 13 11 -10 -13 -9
right_child=-2 2 3 -5 5 -7 -8 8 10 -11 -12 12 -14 -15
leaf_value=0.0056939218683484359 0.0089452793440082112 -0.022493625243181138 -0.0091458387515510522 0.014850152127844494 -0.023340898483625073 -0.0010261235517061711 0.011328964805019319 -0.0073861707765286999 -0.030018353180892601 0.020272528262448047 0.0010336453891840328 -0.014948712571241758 0.0068504828769377418 0.0088726553976639765
leaf_weight=85.548687171190977 36.32005837187171 28.542025957256556 17.079273447394371 18.823049359023571 16.427111685276031 15.14953149855137 25.088644187897444 232.53715406730771 16.897390469908714 18.737016748636961 923.93181686848402 20.205308299511671 29.301988743245602 21.202562674880028
leaf_count=439 173 126 76 93 81 80 126 1038 75 87 4207 94 133 123
internal_value=-0.000434737 -0.000672503 -0.00818225 0.0034964 -0.000322479 -0.0129951 -2.18844e-05 -0.000241326 -0.000647594 -0.00412405 0.000312096 -0.00959368 -0.0021662 -0.00599808
internal_weight=1505.79 1469.47 64.4443 35.9023 1405.03 31.5766 1373.45 1348.36 1262.81 272.477 990.337 66.4047 49.5073 253.74
internal_count=6951 6778 295 169 6483 161 6322 6196 5757 1248 4509 302 227 1161
is_linear=0
shrinkage=0.03


Tree=142
num_leaves=15
num_cat=0
split_feature=28 29 30 29 30 28 32 1 33 1 29 32 28 29
split_gain=4.99014 5.67189 6.64077 5.24851 5.01541 6.08786 5.01419 6.04298 4.86752 4.56792 4.17269 6.77316 7.4539 4.795
threshold=-7.6713085697743812 1.3022288221956801 -0.26779448403449452 1.2203750824708102 1.4316831562041556 52.523675361024765 -0.60003553868615123 -0.11039360001908559 0.051950417295342784 -0.044068603694436874 1.3107176662683344 -0.81915204428899169 42.902498076826674 1.2574974132805734
decision_type=8 10 10 8 8 10 2 2 2 2 10 2 10 10
left_child=1 3 -3 -1 10 -6 9 -8 -7 -4 13 -12 -13 -2
right_child=4 2 6 -5 5 8 7 -9 -10 -11 11 12 -14 -15
leaf_value=0.0031276229629052235 -0.00065801006884695537 -0.021242538784586009 0.0012431353919843716 0.017044849967057924 -0.016893687061034203 -0.0083207725732403742 -0.0076631195420450082 0.018351569315894406 0.015778552190124716 -0.017886438086183908 -0.0082977152775196589 0.018340981605665021 -0.0043071015312663797 -0.014970109641260899
leaf_weight=450.85554857924581 759.56426883488894 15.853957980871199 26.246022701263428 24.866303317248821 36.658738099038601 18.065619498491291 12.354331381618975 19.836846418678761 11.487890545278786 18.4864881336689 20.910104334354401 40.449532404541969 18.62995307892561 20.674049645662308
leaf_count=2022 3356 74 157 118 195 122 81 115 87 97 97 188 97 91
internal_value=0.000356055 0.00256625 -0.00418694 0.00388931 -0.00100151 -0.00889413 -0.000444286 0.00843757 0.00125682 -0.00688074 -0.000384392 0.00609798 0.0112464 -0.00105592
internal_weight=1494.94 568.499 92.7776 475.722 926.44 66.2122 76.9237 32.1912 29.5535 44.7325 860.228 79.9896 59.0795 780.238
internal_count=6897 2664 524 2140 4233 404 450 196 209 254 3829 382 285 3447
is_linear=0
shrinkage=0.03


Tree=143
num_leaves=15
num_cat=0
split_feature=22 13 31 13 31 27 29 13 27 32 29 0 32 27
split_gain=5.17278 3.93394 13.2248 9.08467 7.023 3.52141 4.70138 7.80989 8.23103 5.71268 8.41412 5.06115 5.02375 5.18801
threshold=-1.3260190482158765 3.1350948948233719 0.23768589232617301 2.1321072285474325 0.076279435988900648 4.7325850247004206 0.88349500799664449 -1.2104238598567305 11.518364353380052 0.46174861323503363 0.4420439964751291 0.39603741261659769 0.91080963307804863 9.6696496113946058
decision_type=8 10 2 10 2 8 10 8 10 2 8 2 2 10
left_child=-1 3 -3 5 -5 -2 7 8 -7 11 -11 -9 13 -8
right_child=1 2 -4 4 -6 6 12 9 -10 10 -12 -13 -14 -15
leaf_value=-0.01563915636628397 0.0013708906413641433 -0.012185554428686008 0.023581090268956464 -0.0025059465194560257 -0.026005769553712789 0.021903682078893594 -0.0086521046071984364 -0.0053037383778561358 -0.0058756771929636773 0.0048679672791401138 -0.017861846159947348 0.01049311275195282 0.013159738200256826 0.0020675806354018989
leaf_weight=18.205491341650486 879.67336798459291 14.601215679198502 22.482328146696091 25.395044110715389 20.199466038495302 18.198103688657284 51.260767593979836 121.17278151959181 18.534655466675758 18.372116215527058 64.943789467215538 20.508176326751709 26.860337387770414 181.64191154018044
leaf_count=90 3984 95 116 124 100 81 227 526 87 85 286 96 128 903
internal_value=-0.000169594 3.06089e-05 0.0095482 -0.000219774 -0.0132516 0.000213436 -0.00173789 -0.00456793 0.0081025 -0.00666319 -0.0128514 -0.00295964 0.00112016 -0.000318674
internal_weight=1502.05 1483.84 37.0835 1446.76 45.5945 1401.17 521.493 261.73 36.7328 224.997 83.3159 141.681 259.763 232.903
internal_count=6928 6838 211 6627 224 6403 2419 1161 168 993 371 622 1258 1130
is_linear=0
shrinkage=0.03


Tree=144
num_leaves=15
num_cat=0
split_feature=0 0 33 33 30 28 16 32 0 26 28 32 30 28
split_gain=4.72054 6.84306 5.65031 5.66943 5.11535 6.75077 4.02402 4.23337 5.47973 7.27856 5.12626 5.74466 5.35316 4.08058
threshold=0.027391225259242629 0.088407008797743034 0.58228290274134042 0.00048851899861303435 -0.75450420332269774 22.773651792027398 0.00012850432742617104 0.80644460426748255 0.35694686827076599 10.349441274506434 27.932653626292495 -0.52803643325367244 1.053840450433736 48.055453472191097
decision_type=2 2 2 2 8 10 8 2 2 8 10 2 8 10
left_child=2 4 3 -1 -2 -6 -3 10 9 -9 -8 13 -13 -12
right_child=1 6 -4 -5 5 -7 7 8 -10 -11 11 12 -14 -15
leaf_value=0.013799219016949539 -0.020204691407183919 -0.013908548682629293 0.011784146832349756 0.00064111023045673526 0.00097942421006930831 -0.017498346108766664 -0.003199828163196531 0.014242458491569059 -0.0050721958158817578 -0.0075750669111429346 0.0019522472418699037 0.004188310440280972 -0.0159863230468206 0.020491960481004604
leaf_weight=29.628904476761818 24.995000004768372 17.783473297953606 46.500646956264973 783.80328520014882 56.480566721409559 24.915462035685778 295.66112025082111 62.402414858341217 31.571603268384933 16.887564409524202 18.717263124883175 39.339649215340614 15.767903629690407 24.631330519914627
leaf_count=133 108 81 279 3532 251 121 1328 283 157 84 88 186 101 144
internal_value=0.00028157 -0.00169164 0.00172552 0.00113674 -0.00858918 -0.00482038 -0.000274153 0.000232539 0.00538431 0.00955918 -0.00122657 0.00467168 -0.00176629 0.0127113
internal_weight=1489.09 629.153 859.933 813.432 106.391 81.396 522.762 504.979 110.862 79.29 394.117 98.4561 55.1076 43.3486
internal_count=6876 2932 3944 3665 480 372 2452 2371 524 367 1847 519 287 232
is_linear=0
shrinkage=0.03


Tree=145
num_leaves=15
num_cat=0
split_feature=1 1 13 31 13 33 13 13 28 29 0 33 29 1
split_gain=2.89955 3.31273 5.84233 13.263 14.7235 12.0821 17.2426 10.9444 7.80482 7.56064 7.84981 6.69222 6.07197 5.80933
threshold=-0.38193356569168041 -0.11039360001908559 0.46285452426783064 0.79989897227935891 -0.34581979859030321 0.003609694286145135 0.84244979796757558 1.421300099785735 -21.947811202553954 1.0950405287414526 -0.24448895530265999 0.0064685787508312323 0.74034163417487953 -0.01285839612881603
decision_type=2 2 10 2 10 2 10 10 10 10 2 2 10 2
left_child=-1 2 3 9 -5 -4 -7 -8 -9 11 -11 12 -2 -3
right_child=1 13 5 4 -6 6 7 8 -10 10 -12 -13 -14 -15
leaf_value=0.0097014624122961739 -0.0042789156905289061 0.0034853314038635489 0.0060600503253292375 -0.0037821853799575619 0.026683367326485834 -0.027238957705553353 0.015020710531669878 0.002715908561312764 -0.024956279892247146 -0.0035595090411450528 0.019759717593841954 -0.0016406146117749925 -0.021660272825112573 -0.0012341654453286402
leaf_weight=24.404864147305489 35.811785772442818 358.12858215346932 39.974958308041096 26.094028275460005 29.9514274969697 43.564756363630295 20.206882081925869 16.890067212283611 18.624960713088512 29.095171440392733 22.112486623227596 113.50417051464319 36.857127606868744 676.74334615841508
leaf_count=144 151 1596 185 128 133 200 97 86 88 156 115 502 156 3154
internal_value=-0.000347567 -0.00052117 -0.00272225 -0.000313768 0.0126814 -0.00775852 -0.0133271 -0.00216205 -0.0120821 -0.00342224 0.0066958 -0.00622615 -0.013269 0.000400855
internal_weight=1491.96 1467.56 432.688 293.426 56.0455 139.262 99.2867 55.7219 35.515 237.381 51.2077 186.173 72.6689 1034.87
internal_count=6891 6747 1997 1341 261 656 471 271 174 1080 271 809 307 4750
is_linear=0
shrinkage=0.03


Tree=146
num_leaves=15
num_cat=0
split_feature=28 23 30 26 30 0 33 33 1 33 21 33 1 14
split_gain=3.75578 6.02811 4.31709 4.90767 4.11319 6.80192 4.30079 7.24416 6.2331 5.08775 6.86451 7.99376 4.56387 4.04015
threshold=5.3975810465756178 -0.0070955959396541883 -0.80702853298802035 3.6046736407957529 -0.54453324844051243 0.079915743582359672 0.21420990886416957 0.38386454775814488 0.043648660528431006 0.020772356398613391 0.036647990127036685 0.002189390256736532 0.19713339420595086 -4.9973893578109099
decision_type=8 10 10 8 10 2 2 2 2 2 10 2 2 8
left_child=1 13 3 -2 5 -4 9 -8 -9 10 11 12 -6 -1
right_child=2 -3 4 -5 6 -7 7 8 -10 -11 -12 -13 -14 -15
leaf_value=0.011214537709679642 -0.0032973796415539315 0.016242371615796461 -0.0035419026187913823 -0.016055813432402134 -0.0075755987197498875 0.017169227184831642 0.016224661891843312 0.0081148555691960625 -0.011962260083735382 -0.0085246328143143181 -0.018653632006636139 0.0058992759748257469 0.0083894528202840581 -9.1176982794845854e-05
leaf_weight=28.471888884902 89.1338906660676 20.904966820031404 28.831683456897736 38.479048147797585 101.01591050997376 26.723971918225288 28.0857969596982 25.899656169116497 27.891916066408157 117.88462229073048 17.396934047341347 117.46041453257203 18.280202563852072 818.00969405472279
leaf_count=137 395 101 127 174 447 117 136 137 157 573 80 521 91 3755
internal_value=-0.000580147 0.000704326 -0.00232731 -0.00723935 -0.00108517 0.00654821 -0.00203178 0.00415773 -0.00232382 -0.00340144 -0.00100105 0.000369073 -0.00507981 0.000301881
internal_weight=1504.47 867.387 637.084 127.613 509.471 55.5557 453.915 81.8774 53.7916 372.038 254.153 236.757 119.296 846.482
internal_count=6948 3993 2955 569 2386 244 2142 430 294 1712 1139 1059 538 3892
is_linear=0
shrinkage=0.03


Tree=147
num_leaves=15
num_cat=0
split_feature=13 13 33 13 33 29 28 30 28 13 29 31 13 31
split_gain=5.28664 13.1335 10.0871 16.3479 16.8448 9.23507 8.84792 9.88476 7.28732 7.70177 6.35758 5.38339 4.71052 6.03281
threshold=-0.78513458530691371 -0.67952816781317005 0.056465118932625756 -1.3609952845775279 0.0070307244389254363 0.76540059318633469 -19.284700945307872 0.6569589303692086 -4.9018405866307893 -3.8155692453800767 0.74309632690185368 -0.3007057995042734 3.1350948948233719 0.6993099184844086
decision_type=10 10 2 10 2 10 10 8 8 10 10 2 10 2
left_child=2 5 3 8 -5 -2 7 -4 -1 -10 -11 -8 -3 -14
right_child=1 12 6 4 -6 -7 11 -9 9 10 -12 -13 13 -15
leaf_value=0.018817186624288943 -0.00026731079354694228 -0.00095424680195889617 0.01620233327514467 -0.020311246325699021 0.0058675023160535073 0.022332976094497487 -0.0074119469551751013 -0.018375867051565669 -0.014130864128704543 0.019224626835712265 -0.0025874630483304086 -0.024995076123643281 -0.001355498868837221 0.019904972650613077
leaf_weight=35.079300973564386 27.498762458562851 1090.0169958770275 16.74057475477457 52.594749629497528 37.052406333386898 38.776686325669289 27.240850888192654 11.822769343852999 18.170477718114853 23.120275720953941 23.569624215364456 39.945096891373396 25.330860577523708 21.643635176122189
leaf_count=171 125 4949 85 225 157 189 128 82 96 100 110 198 143 119
internal_value=-0.00066021 0.000211451 -0.00432392 -0.000299904 -0.00954584 0.0130912 -0.0122061 0.00175248 0.00800623 0.00196226 0.00839025 -0.0180792 -0.000550153 0.00865104
internal_weight=1488.6 1203.27 285.336 189.587 89.6472 66.2754 95.7493 28.5633 99.9397 64.8604 46.6899 67.1859 1136.99 46.9745
internal_count=6877 5525 1352 859 382 314 493 167 477 306 210 326 5211 262
is_linear=0
shrinkage=0.03


Tree=148
num_leaves=15
num_cat=0
split_feature=23 23 33 31 20 13 13 28 23 32 23 32 13 31
split_gain=3.83032 4.98372 19.4199 4.87334 4.35707 4.13359 9.94407 7.14174 7.0681 12.9781 7.39395 7.5097 7.00742 26.9552
threshold=0.0046365891217730526 -0.037733305995954057 0.022577558287751102 0.99702681066517462 -1.0673480226763841 1.2290063896109036 1.0949529298448348 -21.947811202553954 -0.10742620343718433 -0.61734245059638992 -0.15905767521344602 -0.3725607353243956 0.16760658035405832 -0.10886687485196471
decision_type=10 10 2 2 10 10 10 10 10 2 10 2 8 2
left_child=1 3 -3 5 -2 6 8 -7 10 -10 11 12 -1 -14
right_child=4 2 -4 -5 -6 7 -8 -9 9 -11 -12 -13 13 -15
leaf_value=0.0010980425495705072 0.021147084642061224 -0.032024427400032945 0.0074756136831788701 -0.011216649416438046 0.00045867055305986873 0.0063108615163514859 0.022792465431537748 -0.0074364557432283554 -0.0046706643899436812 0.023589231156307455 -0.013166540360988049 -0.0012820616752087192 -0.0074575180108981207 0.020829461332546116
leaf_weight=260.03125165775418 15.284027770161627 19.090166602283716 24.648874796926975 32.581344500184059 21.051425956189632 44.888500288128853 17.521646369248629 131.60823550820351 26.285842686891556 31.196833044290543 35.526947841048241 706.84323731064796 49.354393228888512 75.942330941557884
leaf_count=1229 82 87 117 151 94 236 86 623 115 146 168 3165 243 353
internal_value=6.14849e-06 -0.000237069 -0.0100949 7.52698e-05 0.0094943 0.000349957 0.000979934 -0.00392424 0.000638516 0.0108076 0.000111048 0.0005546 0.00391836 0.00971639
internal_weight=1491.86 1455.52 43.739 1411.78 36.3355 1379.2 1202.7 176.497 1185.18 57.4827 1127.7 1092.17 385.328 125.297
internal_count=6895 6719 204 6515 176 6364 5505 859 5419 261 5158 4990 1825 596
is_linear=0
shrinkage=0.03


Tree=149
num_leaves=15
num_cat=0
split_feature=13 33 32 13 33 29 28 13 29 29 29 33 13 32
split_gain=4.966 16.5055 10.5596 5.74643 11.9337 13.1151 12.0683 10.6167 11.2969 8.79174 11.8993 10.5013 9.30605 9.1792
threshold=-2.2791823608638331 0.072502647865787667 0.63435554093529944 -0.34581979859030321 0.0064685787508312323 0.39901965912358223 -16.700583965185697 -0.26797507847734237 1.4928968948613293 0.80273282636872956 0.94057829129939596 0.0039233913371447895 1.421300099785735 -0.70710678118654757
decision_type=8 2 2 8 2 10 10 8 8 10 10 2 10 2
left_child=1 2 -1 4 -2 -6 -7 -5 9 11 12 13 -11 -9
right_child=3 -3 -4 7 5 6 -8 8 -10 10 -12 -13 -14 -15
leaf_value=0.026979353535492894 -0.0093790511745526755 -0.015064175863036093 0.00019705509748017122 0.013456279252516325 0.024471569558435921 0.0093822756922973243 -0.0049652014982113175 -0.012033072371754381 -0.012177632098912886 0.013633735065599931 0.00032552653195171876 -0.0058638418444618215 -0.0081621979720409386 0.010959634127466544
leaf_weight=31.084244288504124 182.39279468357563 20.693013198673725 22.594675481319427 53.987919699400663 18.023257300257683 70.016339361667633 204.41185846179724 19.089597016572952 63.912444744259119 124.86985368281603 331.65087578073144 258.48468391597271 19.820905409753323 70.726035639643669
leaf_count=155 799 120 105 244 84 349 942 82 382 540 1516 1174 92 311
internal_value=-0.000293428 0.00721057 0.0159159 -0.000691978 -0.00337955 0.000381367 -0.00128388 0.000664142 -0.000127352 0.000820202 0.0034659 -0.00279767 0.0106124 0.00599403
internal_weight=1491.76 74.3719 53.6789 1417.39 474.844 292.451 274.428 942.542 888.554 824.642 476.342 348.3 144.691 89.8156
internal_count=6895 380 260 6515 2174 1375 1291 4341 4097 3715 2148 1567 632 393
is_linear=0
shrinkage=0.03


Tree=150
num_leaves=15
num_cat=0
split_feature=33 1 31 30 30 14 30 1 28 33 30 1 31 30
split_gain=4.50658 5.24296 6.73724 4.87692 4.2682 5.36072 7.61339 6.78362 4.96458 4.6399 7.82218 6.27401 4.75351 4.5322
threshold=0.58228290274134042 0.0097511863233667607 0.86046863722869271 0.49579625668920879 0.67185113348049008 -3.5202889885815876 0.83339049957605649 -0.089116103776251968 -42.56486856890173 0.02667223358031583 1.4316831562041556 -0.04069036337038353 -0.90159026428466904 1.5182817906667794
decision_type=2 2 2 8 8 8 10 2 10 2 10 2 2 8
left_child=4 2 -2 -3 -1 -6 7 -7 -8 10 -10 -11 -12 -13
right_child=1 3 -4 -5 5 6 8 -9 9 11 12 13 -14 -15
leaf_value=0.00067038370986340729 0.005366690394723931 -0.0094362700762514202 0.029454500137161835 0.012537429492493498 -0.013588711778204322 -0.023908562705742094 0.009260625754543653 -0.0037256808509566427 0.0094084675450967457 -0.019351195182136929 -0.020279351654645408 -0.0083480027981786276 0.00050763189513505595 0.01080577522451708
leaf_weight=1078.7719949111342 32.445337362587452 24.186149433255196 14.847820993512867 13.236047029495237 38.672173302620649 21.864184260368347 48.665013056248426 44.876859575510025 59.93771555274725 24.432258114218712 15.027234520763157 26.560063078999519 25.778264194726944 17.640089984983206
leaf_count=4702 183 136 103 85 193 100 295 205 277 116 81 133 143 123
internal_value=0.000171601 0.00684942 0.0133824 -0.00154025 -0.000236433 -0.00325356 -0.00180745 -0.0105929 0.000917801 -0.00151954 0.00257415 -0.00747921 -0.00744946 -0.000633866
internal_weight=1486.94 84.7154 47.2932 37.4222 1402.23 323.454 284.782 66.741 218.041 169.376 100.743 68.6324 40.8055 44.2002
internal_count=6875 507 286 221 6368 1666 1473 305 1168 873 501 372 224 256
is_linear=0
shrinkage=0.03


Tree=151
num_leaves=15
num_cat=0
split_feature=32 13 32 13 32 13 21 13 22 23 13 13 31 13
split_gain=3.27876 12.34 11.0113 14.6029 13.1734 7.04955 4.82199 4.72479 6.24257 7.56757 7.06894 15.8246 12.8787 11.4668
threshold=0.49049438445969418 0.59469704750605801 0.61734245059638992 1.421300099785735 0.8604686372286926 0.47664989529967755 0.29368609905766624 3.1350948948233719 0.056885226235699103 -0.034557979948785185 0.60824691977472667 0.68611385501386912 -0.94331137514050689 1.0000000180025095e-35
decision_type=2 10 2 10 2 8 10 10 8 10 10 10 2 10
left_child=7 5 -3 -4 -5 6 -2 8 9 -1 13 -12 -13 -10
right_child=1 2 3 4 -6 -7 -8 -9 10 -11 11 12 -14 -15
leaf_value=-0.016545596034225393 -0.0048531332063396302 -0.014378740584315061 0.015423670294103168 -0.02486858477794416 0.0068657024538711512 -0.019471908444687075 0.0094989271150420183 0.014376415113670334 0.00060482335958347367 0.0031335164127349198 -0.024873190373916772 -0.019958233377629024 0.00236838767443672 0.0095234977496427772
leaf_weight=38.680264547467232 291.75006844848394 21.805632472038269 87.531386207789183 17.707106299698353 30.93543129786849 27.384751334786415 21.785110175609589 22.37397339195013 479.9273564890027 31.096748702228069 25.438983913511038 25.408602014183998 193.57617554441094 176.89019876345992
leaf_count=179 1324 98 388 89 159 127 103 135 2219 145 117 107 910 807
internal_value=5.07645e-05 -0.00193124 0.00497927 0.00816131 -0.00495462 -0.00513871 -0.00382889 0.0010471 0.000725497 -0.00785506 0.0013978 -0.00294943 -0.000301099 0.00301757
internal_weight=1492.29 498.899 157.98 136.174 48.6425 340.92 313.535 993.392 971.018 69.777 901.241 244.424 218.985 656.818
internal_count=6907 2288 734 636 248 1554 1427 4619 4484 324 4160 1134 1017 3026
is_linear=0
shrinkage=0.03


Tree=152
num_leaves=15
num_cat=0
split_feature=28 26 13 13 13 29 1 27 13 13 29 31 1 15
split_gain=4.31213 8.80675 7.56801 12.5343 12.4046 16.27 14.6813 14.9053 13.3518 13.8609 11.2516 9.32953 15.8576 15.1196
threshold=9.3112334189493513 -1.3095214005565123 -0.67077613501119149 -0.76286157536448307 -0.33904499037677344 1.2290163133343366 0.03321279098944066 -17.437118236403034 -0.14340630110430261 0.010485091369994442 1.6532093194094943 -0.55557023301960229 0.011206977864442717 0.00020493426091405811
decision_type=8 8 10 8 10 10 2 10 10 10 10 2 2 10
left_child=2 -2 3 -1 5 6 7 -4 -6 -10 11 12 -11 -13
right_child=1 -3 4 -5 8 -7 -8 -9 9 10 -12 13 -14 -15
leaf_value=0.0020980555413764009 0.0030854311084780824 -0.0048758721863029642 0.0043358545559725745 0.018650214400766411 0.014449637800106876 0.016918778072814399 0.004591564219763534 -0.025825890723287413 -0.013038346828540409 0.0048614479223663479 -0.020368088065711953 0.0070157740727392857 -0.017488488972186429 -0.020321986436300187
leaf_weight=177.9458148367703 190.91842087730765 358.49668896198273 18.617373168468475 52.697567194700241 63.745946072041988 18.63843047991395 31.813379742205143 65.436126820743084 63.317315001040697 67.779637403786182 18.690079040825367 306.91032849252224 47.989569630473852 18.396219115704298
leaf_count=853 883 1688 80 239 282 102 141 280 283 327 115 1362 219 86
internal_value=5.3241e-06 -0.00210879 0.00122637 0.00594409 -0.000288234 -0.00847045 -0.0126644 -0.0191728 0.00159841 7.69716e-06 0.00182875 0.00281326 -0.00447365 0.00541227
internal_weight=1501.39 549.415 951.978 230.643 721.334 134.505 115.867 84.0535 586.829 523.083 459.766 441.076 115.769 325.307
internal_count=6940 2571 4369 1092 3277 603 501 360 2674 2392 2109 1994 546 1448
is_linear=0
shrinkage=0.03


Tree=153
num_leaves=15
num_cat=0
split_feature=28 13 13 29 29 13 29 13 31 31 29 31 29 27
split_gain=3.05822 5.08443 14.0494 11.4307 13.5339 9.48488 17.1523 12.7004 11.0272 10.8497 9.57292 9.28568 11.72 8.63438
threshold=-5.7860713193091931 -0.14340630110430261 -0.33904499037677344 1.2369447899123409 0.5991609102055494 -0.53714660940854253 0.9698243829338965 -0.80638499074936376 -0.19509032201612828 -0.9629878403374984 0.72151572502956618 0.04361938736533582 0.94057829129939596 -21.954032277586851
decision_type=8 10 10 10 10 10 10 10 2 2 10 2 10 8
left_child=1 2 5 4 -3 7 10 9 -9 -1 -7 12 -6 -11
right_child=-2 3 -4 -5 11 6 -8 8 -10 13 -12 -13 -14 -15
leaf_value=-0.022062635503103559 -0.00089544967429364131 -0.012491666227248691 0.022701215880124324 -0.012421670871375773 0.0059110217903971798 -0.00086496874817328876 0.016547425550895653 0.029598555415681498 0.002980767083008751 -0.011415009465361489 -0.028335233635019774 0.010753936708697251 -0.015938808362055159 0.0084554603250475181
leaf_weight=15.730907600373028 880.10843209922314 46.422881968319416 33.718413677066565 59.718710012733936 61.958302330225706 19.405918821692467 18.244711674749851 30.095865353941917 25.940118744969368 24.685350216925144 26.9609355032444 119.27236251533031 33.055063784122467 83.893947951495647
leaf_count=74 4033 220 150 319 273 86 92 136 127 139 114 526 146 398
internal_value=0.000229698 0.00188133 0.00483722 -0.000696476 0.00202653 0.00229595 -0.00749075 0.00582414 0.017545 0.000442829 -0.0170991 0.00521517 -0.00177735 0.00387499
internal_weight=1479.21 599.103 278.676 320.427 260.709 244.958 64.6116 180.346 56.036 124.31 46.3669 214.286 95.0134 108.579
internal_count=6833 2800 1316 1484 1165 1166 292 874 263 611 200 945 419 537
is_linear=0
shrinkage=0.03


Tree=154
num_leaves=15
num_cat=0
split_feature=15 1 31 31 1 21 0 13 32 1 13 31 13 1
split_gain=3.84609 5.85084 5.48575 4.67545 9.9547 8.52229 6.5042 7.18639 7.56212 7.36124 6.2323 7.84156 7.50418 6.37416
threshold=0.00020493426091405811 -0.38193356569168041 -0.24825246871434756 -0.56457333468532422 0.23956558516632129 0.83957404263923519 -0.30721081392742183 0.86608639076969596 0.45201865172701733 -0.054683444139691374 1.0000000180025095e-35 -0.97381903846659723 0.3653151100353374 -0.13850585306962046
decision_type=10 2 2 2 2 10 2 10 2 2 10 2 10 2
left_child=1 -1 -2 4 6 -5 -3 8 10 -9 13 -12 -13 -8
right_child=2 3 -4 5 -6 -7 7 9 -10 -11 11 12 -14 -15
leaf_value=0.016120713788364594 0.0055128135037591916 0.0055333543181196095 -0.015767663167797156 0.0013458248941280383 0.018110739121716696 0.021376012373522164 0.010487361932109475 0.0022187244334189045 -0.010619152572826316 -0.019758919532945982 0.023225811519473664 0.016653486258147599 -0.0073191728115477653 -0.0060635178613421409
leaf_weight=21.188007406890392 16.64949369430542 67.068371515721083 28.476216450333595 967.04580533504486 20.173834063112736 18.510422043502331 24.431789886206388 18.981535039842129 75.511016402393579 46.746107693761587 19.686613976955414 17.20417383313179 32.17697299271822 118.82283379510045
leaf_count=125 79 324 137 4445 94 89 113 94 335 224 86 84 150 546
internal_value=0.000562112 0.000833307 -0.00796676 0.000595084 -0.00197028 0.00174331 -0.00297406 -0.00459892 -0.00253267 -0.0134738 0.000379533 0.00771822 0.00119757 -0.00318767
internal_weight=1492.67 1447.55 45.1257 1426.36 440.803 985.556 420.629 353.561 287.833 65.7276 212.322 69.0678 49.3811 143.255
internal_count=6925 6709 216 6584 2050 4534 1956 1632 1314 318 979 320 234 659
is_linear=0
shrinkage=0.03


Tree=155
num_leaves=15
num_cat=0
split_feature=0 0 31 28 26 27 31 1 30 1 13 13 0 14
split_gain=4.43036 7.41054 11.5772 7.55886 5.0699 4.26137 4.09383 10.1451 3.90561 4.60659 3.99553 3.80907 3.64964 5.25431
threshold=0.030405841122603177 -0.10670435838748378 -0.54643492068321342 -3.8246237759986808 -10.97071229696933 14.901505329687483 -0.96863394805116465 0.095549657959761336 -0.18639226802937561 -0.064645736674354096 0.16760658035405832 -0.10740470915813187 -0.49658000166152971 -3.8942569211503071
decision_type=2 2 2 10 10 10 2 2 8 2 10 10 2 10
left_child=1 12 3 11 -4 8 7 -2 9 -6 -11 -3 -1 -14
right_child=6 2 4 -5 5 -7 -8 -9 -10 10 -12 -13 13 -15
leaf_value=0.004533319263059477 -0.0054137529221608676 0.014717959670373648 -0.00598900226239449 -0.011876294107666338 0.01821161416217679 -0.00093885068176415855 -0.0031568482875274986 0.021474239229872488 0.019523628195209853 -0.0052151143076469911 0.012614905832385287 -0.0039060570541722827 -0.0024835543433762959 0.012778913137506948
leaf_weight=93.55201119557023 30.014719143509865 19.995484862476587 15.821649909019468 45.915578942745924 27.300365135073662 20.94416469335556 577.28667310625315 20.429823234677315 56.103020142763853 24.950678274035454 19.118043228983879 18.040564477443695 502.59510308504105 20.169609256088734
leaf_count=479 131 90 74 207 118 99 2704 92 248 108 83 83 2298 97
internal_value=-0.000522365 0.000870317 0.00523622 -0.00379682 0.00984857 0.0115657 -0.00243869 0.00568152 0.0136116 0.00875853 0.00262824 0.00601078 -0.000893458 -0.00187142
internal_weight=1492.24 864.506 248.19 83.9516 164.238 148.416 627.731 50.4445 127.472 71.3691 44.0687 38.036 616.317 522.765
internal_count=6911 3984 1110 380 730 656 2927 223 557 309 191 173 2874 2395
is_linear=0
shrinkage=0.03


Tree=156
num_leaves=15
num_cat=0
split_feature=13 13 33 33 13 13 15 13 28 13 29 29 33 13
split_gain=3.40655 8.80853 7.65314 3.46439 8.48415 8.63256 9.06082 5.74012 8.42428 10.7879 7.46968 6.68616 17.9577 7.69805
threshold=-3.8155692453800767 -2.2791823608638331 0.051950417295342784 0.12992487734036787 1.8812940246837837 1.0766977612173159 -0.01527100933421721 0.82133055581122427 27.257824856432581 0.47664989529967755 0.87294261874986523 0.71100811289584687 0.35317243313909236 0.12970785923090158
decision_type=8 8 2 2 10 8 10 10 10 10 10 10 2 10
left_child=-1 2 -2 -3 5 6 7 8 9 11 -11 12 -5 -13
right_child=1 3 -4 4 -6 -7 -8 -9 -10 10 -12 13 -14 -15
leaf_value=-0.0099552341722566537 0.021233088179753321 -0.0010936843617479846 -0.0038700180105741039 0.035367383790776689 0.018434893818927676 -0.014547107672416904 -0.017847242973572014 0.017573057785476742 -0.0092445051142460762 -0.020448072751562598 0.0041749773767885455 0.00041673166600646514 0.00010679402261071939 0.021969174028700165
leaf_weight=29.552189782261848 31.161624677479267 1073.874796256423 16.145287185907364 25.029672622680664 26.29638534411788 28.202680770307779 17.262010335922241 24.418070502579212 43.447446718811989 20.649633020162582 22.156267426908016 81.037576239556074 25.979172848165035 17.290948763489723
leaf_count=157 147 4790 89 112 158 151 82 120 230 92 108 400 142 84
internal_value=-4.14259e-05 0.000166924 0.0127629 -0.000265767 0.00240928 0.000974076 0.00259942 0.00402005 0.002547 0.00524735 -0.00789885 0.00904304 0.0177563 0.00438972
internal_weight=1482.5 1452.95 47.3069 1405.64 331.77 305.473 277.271 260.009 235.591 192.143 42.8059 149.337 51.0088 98.3285
internal_count=6862 6705 236 6469 1679 1521 1370 1288 1168 938 200 738 254 484
is_linear=0
shrinkage=0.03


Tree=157
num_leaves=15
num_cat=0
split_feature=0 27 28 30 29 28 13 31 29 29 31 13 20 29
split_gain=5.82261 5.56011 5.50019 6.26989 6.10206 6.26155 5.9768 12.2483 12.0056 14.5783 10.7925 9.94129 9.57832 8.75231
threshold=0.54905872736346872 7.2260575122218293 -5.7860713193091931 0.98075116751482605 0.99589241144205209 33.747006759261573 -0.10740470915813187 -0.98990318592078552 0.5991609102055494 1.3022288221956801 0.032717136199948427 -0.33904499037677344 -4.1568143342729504 0.73425959723007528
decision_type=2 10 8 8 8 10 10 2 10 10 2 10 10 10
left_child=2 -2 6 -4 5 -5 7 -1 -8 10 13 -9 -12 -10
right_child=1 -3 3 4 -6 -7 8 11 9 -11 12 -13 -14 -15
leaf_value=-0.017713545509028789 -0.021985862869875979 0.00094040836766981744 0.00045473295407210779 -0.0080549412959846668 -0.012739363111915491 0.012305629950940514 -0.013618819055654322 0.0053549953904272508 0.014056456815091179 -0.011628772061622147 0.015760760431499359 0.021232185435485443 -0.0080644122936532857 -0.0065977201238423553
leaf_weight=17.013568162918091 18.746062964200974 18.232482068240643 740.18523155152798 30.523783594369888 68.307742848992348 22.904412154108286 46.446484006941319 225.68133113905787 23.830144062638283 50.144036572426558 100.50712913274765 41.427625484764576 17.221223495900631 71.09261229634285
leaf_count=73 93 95 3267 146 410 121 223 1081 105 278 443 183 80 317
internal_value=0.000642401 -0.0109548 0.000944404 -0.000585985 -0.00686596 0.000739261 0.00316469 0.00629773 0.000275126 0.00277306 0.00620761 0.0078875 0.0122371 -0.00132005
internal_weight=1492.26 36.9785 1455.29 861.921 121.736 53.4282 593.364 284.123 309.242 262.795 212.651 267.109 117.728 94.9228
internal_count=6915 188 6727 3944 677 267 2783 1337 1446 1223 945 1264 523 422
is_linear=0
shrinkage=0.03


Tree=158
num_leaves=15
num_cat=0
split_feature=32 29 33 29 13 13 13 29 23 29 1 33 23 13
split_gain=2.49544 15.1603 12.4944 7.97573 8.05579 12.8402 9.27841 6.83217 10.3052 7.62274 9.34484 6.68497 6.14963 7.56232
threshold=0.45201865172701733 1.006796260095369 0.047796691270242712 0.71530543068595998 0.48687836789789501 1.421300099785735 -2.2791823608638331 1.0306928283873871 -0.064490129781660299 1.1366369328835264 -0.12608641934005424 0.00057711700589420606 -0.055001113181300527 0.82133055581122427
decision_type=2 10 2 8 10 10 8 10 10 10 2 2 8 10
left_child=7 3 -3 12 6 -6 -5 -1 9 10 -9 -11 -2 -14
right_child=1 2 -4 4 5 -7 -8 8 -10 11 -12 -13 13 -15
leaf_value=0.0029253750676101762 0.012122935520480957 0.0013769852343098127 0.02121291795086137 0.0047677064581740265 0.011106706989192626 -0.019027510995011189 -0.018708822917647208 0.0099873732999993785 -0.019855191798293034 0.020052588555518284 -0.013361940123687093 0.00059904879145103169 -0.0057062603805888195 0.008815938589007687
leaf_weight=614.0110459215939 26.959548249840736 106.54180009290576 38.134574800729752 17.920276030898094 32.856293499469757 19.390800394117832 85.885218016803265 18.97630313038826 26.780977725982666 16.150268200784922 69.195678435266018 218.76872495561838 164.19589486718178 39.168424502015114
leaf_count=2739 126 505 195 83 139 90 378 85 135 77 312 1141 732 193
internal_value=0.000111006 -0.00153857 0.00671517 -0.0046385 -0.00985191 -0.000224505 -0.0146492 0.0010205 -0.00232129 -0.000811131 -0.00828107 0.00201577 -0.00107891 -0.0028798
internal_weight=1494.94 531.053 144.676 386.376 156.053 52.2471 103.805 963.883 349.872 323.091 88.172 234.919 230.324 203.364
internal_count=6930 2441 700 1741 690 229 461 4489 1750 1615 397 1218 1051 925
is_linear=0
shrinkage=0.03


Tree=159
num_leaves=15
num_cat=0
split_feature=33 13 13 31 27 29 26 29 23 33 33 14 29 29
split_gain=3.72944 8.23643 13.045 10.9171 8.32328 5.3875 5.2756 3.19737 3.15506 6.20586 10.4354 6.03587 13.49 6.86345
threshold=0.0009515050833005487 -0.34581979859030321 -0.59338329890890795 0.098011308799811389 16.459308791989539 0.93676945900034936 -0.41060638130918642 0.70892430170024912 -0.10666230492613006 0.024539639531258258 0.23282561739203927 -4.3515378975383925 0.93363102751861649 0.50258811724095376
decision_type=2 8 10 2 10 10 10 10 8 2 2 8 10 10
left_child=1 2 3 -1 5 7 -7 -3 9 -2 -11 12 -10 -13
right_child=8 4 -4 -5 -6 6 -8 -9 11 10 -12 13 -14 -15
leaf_value=0.015771879984692285 -0.013894357057042615 0.011760917463476288 -0.023695641263507289 -0.011392099628954221 -0.0050978289824944274 -0.0029199030198983748 0.016585046877535627 0.028726627685946939 0.018651925261156124 0.014826065950819218 -0.015452679417434568 -0.0069346277607949987 -0.0076963453829575453 0.00041424492734076502
leaf_weight=30.035195298492908 41.726773742586374 21.63519225269556 20.115180924534798 22.393334269523621 28.455916862934828 26.23841830343008 22.375221855938435 22.250672876834869 44.09533004462719 23.977728985249996 16.385425802320242 127.85989875346422 27.841277465224266 1017.010374430567
leaf_count=134 195 95 87 99 141 121 101 97 207 113 88 609 136 4700
internal_value=0.00031473 0.00418899 -0.00377128 0.0041735 0.00895498 0.0132864 0.00621091 0.0208111 -0.000265205 -0.00592119 0.00245799 0.000120916 0.00848877 -0.000411818
internal_weight=1492.4 193.499 72.5437 52.4285 120.955 92.4995 48.6136 43.8859 1298.9 82.0899 40.3632 1216.81 71.9366 1144.87
internal_count=6923 875 320 233 555 414 222 192 6048 396 201 5652 343 5309
is_linear=0
shrinkage=0.03


Tree=160
num_leaves=15
num_cat=0
split_feature=31 13 13 27 13 23 15 30 30 33 13 33 33 13
split_gain=3.42534 12.724 18.0963 10.4838 9.18817 8.51358 7.96696 8.15868 7.64759 11.6149 7.21472 12.1901 6.44375 11.2942
threshold=-0.58244304235731426 0.3653151100353374 1.0000000180025095e-35 -10.563879416571885 0.58993928291594522 -0.13190997030575971 1.0000000180025095e-35 -1.1098487106959951 0.124677983559544 0.0054755336985943944 0.47664989529967755 0.016177527429478415 0.001568766670016912 0.12970785923090158
decision_type=2 10 10 10 10 8 10 10 10 2 10 2 2 10
left_child=1 2 5 -3 10 -1 7 -6 9 -5 12 -12 13 -2
right_child=4 3 -4 8 6 -7 -8 -9 -10 -11 11 -13 -14 -15
leaf_value=-0.019575784238571866 -0.010744719788212191 0.0038869238768429559 0.022195059209774503 -0.0057419436116699215 0.017177323006293179 0.0005946116375818212 -0.014764413870905489 0.004076080546072617 -0.005344788935204986 -0.032691038137016161 0.0059772085736260758 -0.027063743240274326 0.0012891958803258195 0.014593280803140991
leaf_weight=19.463596757501364 94.767957646399736 41.647217892110348 33.288118369877338 26.016119599342346 49.249110706150532 235.79123163595796 16.555725388228893 296.48242422193289 54.153140842914581 32.691309958696365 16.898882307112217 22.739434830844402 515.82695788517594 18.064972624182701
leaf_count=92 422 204 166 109 222 1086 83 1395 259 153 79 104 2383 78
internal_value=0.000211725 -0.00199146 0.00173112 -0.00890981 0.00115989 -0.0010138 0.0050002 0.0059865 -0.0136247 -0.0210448 -0.000926315 -0.013177 -0.000134181 -0.00659545
internal_weight=1473.64 443.051 288.543 154.508 1030.59 255.255 362.287 345.732 112.861 58.7074 668.298 39.6383 628.66 112.833
internal_count=6835 2069 1344 725 4766 1178 1700 1617 521 262 3066 183 2883 500
is_linear=0
shrinkage=0.03


Tree=161
num_leaves=15
num_cat=0
split_feature=27 0 13 32 15 31 30 21 23 31 13 13 32 13
split_gain=4.60776 5.19728 4.68888 4.94821 4.031 6.18117 3.92908 9.67585 7.57577 6.87467 5.94141 7.50555 7.00408 5.77291
threshold=-29.617927297866938 -0.44044307348486639 -0.78513458530691371 -0.81915204428899169 0.0008662902179654709 0.23768589232617301 0.26809450263665441 -0.1458249536012701 -0.10863137914292255 0.27982901403099242 -1.3609952845775279 -3.8155692453800767 0.21643961393810271 -0.27814711359359434
decision_type=8 2 10 2 10 2 10 10 10 2 10 8 2 10
left_child=1 -1 -3 -4 6 -6 8 -8 10 -10 11 -2 -13 -12
right_child=4 2 3 -5 5 -7 7 -9 9 -11 13 12 -14 -15
leaf_value=-0.0099504273035178493 -0.0081973410073309244 -0.0044411735610758105 -0.00092858996688057762 0.019292711354509953 0.0018735116745284158 -0.021375901570636641 -0.00081870000746555693 -0.016919487430122466 0.0035845310791645458 0.021534351417133182 -0.0039540821725052655 0.0026824298365553836 0.021723544356867165 0.0015431900157804356
leaf_weight=12.817699801176785 20.022628501057625 14.989008884876965 14.493789684027432 41.759691726416349 21.006619989871979 18.90312060341239 411.34345041960478 35.592289123684168 56.704352989792824 28.442843660712242 270.67420554161072 34.792321279644966 34.407453492283821 467.3161648362875
leaf_count=81 100 87 80 228 99 92 2010 177 253 136 1171 160 156 2056
internal_value=0.000298697 0.00707806 0.0102371 0.0141574 -0.000113352 -0.00939183 0.000165774 -0.00213582 0.00129435 0.00976092 0.000412134 0.00767942 0.0123246 -0.000475678
internal_weight=1483.27 84.0602 71.2425 56.2535 1399.21 39.9097 1359.3 446.936 912.36 85.1472 827.213 89.2224 69.1998 737.99
internal_count=6886 476 395 308 6410 191 6219 2187 4032 389 3643 416 316 3227
is_linear=0
shrinkage=0.03


Tree=162
num_leaves=15
num_cat=0
split_feature=30 30 13 13 32 13 31 32 13 31 31 33 27 13
split_gain=4.80687 6.14128 4.98707 3.44184 13.2978 11.4318 18.2711 19.923 13.9083 14.5527 15.5008 9.82715 7.8334 6.4994
threshold=2.0575421225067316 1.5878421114522532 0.68611385501386912 -0.67077613501119149 -0.98279651670771917 -0.34581979859030321 -0.29026740676763269 0.66746801135786471 -0.1472540367663823 -0.98990318592078552 -0.13052619222005171 0.0010341947281794009 10.860058143427056 0.16760658035405832
decision_type=10 8 10 10 2 10 2 2 10 2 2 2 8 10
left_child=1 3 -2 4 -1 6 7 12 -7 -10 -11 -12 -5 -13
right_child=2 -3 -4 5 -6 8 -8 -9 9 10 11 13 -14 -15
leaf_value=0.027036119544704144 0.0026466135587921058 -0.010029145816412411 0.024964464246862651 -0.012760783570211581 0.0012915150331937663 0.011089110147781991 -0.017808610081583239 0.02547593062401696 0.020162536088524346 -0.0070772216550381139 0.011649092752075759 -0.0077778977734709286 0.0097126362327145839 0.0018783829343724523
leaf_weight=18.096732258796692 27.275121159851551 54.714943189173937 12.667024668306111 49.111622266471386 334.4073180668056 100.7529296875 83.117457427084446 22.44879224896431 27.924637444317341 280.14480409771204 75.935122564435005 77.893166184425354 18.510341301560402 305.26308561488986
leaf_count=79 211 302 95 211 1545 451 370 103 123 1277 339 337 82 1390
internal_value=2.40611e-05 -0.000262323 0.0101612 0.000128053 0.00268592 -0.000739757 -0.00775369 0.00161867 0.000667155 -0.000714238 -0.00152903 0.00186459 -0.00655718 -9.98126e-05
internal_weight=1488.26 1448.32 39.9421 1393.61 352.504 1041.1 173.188 90.0708 867.914 767.161 739.236 459.091 67.622 383.156
internal_count=6915 6609 306 6307 1624 4683 766 396 3917 3466 3343 2066 293 1727
is_linear=0
shrinkage=0.03


Tree=163
num_leaves=15
num_cat=0
split_feature=29 29 14 23 28 30 29 23 23 30 28 29 33 33
split_gain=2.92869 9.12368 10.7637 10.9662 8.97464 7.31823 8.00568 8.07597 7.41207 8.68127 9.13927 7.0795 11.0061 9.71169
threshold=0.82161476109146658 0.74630881068610078 -4.1240384364599194 -0.10742620343718433 23.378937983911111 -1.7165477267375915 1.0306928283873871 -0.099129337451663635 -0.15905767521344602 0.74950100370229344 -0.96907262925327575 0.4686799589240388 0.017583420074340848 0.047796691270242712
decision_type=10 8 8 8 10 8 8 8 10 8 10 10 2 2
left_child=1 2 3 -1 11 -2 7 -7 -8 10 -10 13 -13 -4
right_child=5 -3 4 -5 -6 6 8 -9 9 -11 -12 12 -14 -15
leaf_value=-0.0042569601722592318 -0.018077762739867522 -0.0086708164687632414 -0.015773962733674565 0.023424771276598994 -0.010272437211471308 -0.013875923562432816 0.00018444362714171777 0.0060736130337360325 0.0093544052564767197 -0.030523721860010407 -0.016673730611601618 0.0084744512298618891 -0.0031193311008567808 0.0033141440761407866
leaf_weight=20.72727358341217 17.121222421526909 140.74898194521666 49.223222263157368 31.895281113684177 85.505752168595791 18.512780070304871 406.27809586748481 299.34758063778281 22.162426717579365 14.3710242472589 24.641538947820663 147.30741586536169 145.69128693267703 45.371010653674603
leaf_count=92 78 627 224 157 389 85 2034 1330 107 88 111 632 663 223
internal_value=-0.000447655 -0.00191608 -9.46352e-05 0.0126453 -0.00153537 0.000772826 0.00120627 0.00487184 -0.00129134 -0.0109377 -0.00441113 0.000413559 0.00271853 -0.00667968
internal_weight=1468.9 666.47 525.721 52.6226 473.099 802.435 785.313 317.86 467.453 61.175 46.804 387.593 292.999 94.5942
internal_count=6840 3007 2380 249 2131 3833 3755 1415 2340 306 218 1742 1295 447
is_linear=0
shrinkage=0.03


Tree=164
num_leaves=15
num_cat=0
split_feature=30 29 1 30 32 29 19 33 13 13 30 23 31 29
split_gain=3.3152 6.0051 5.86747 3.58833 5.8416 3.31799 12.6759 10.0012 8.47699 5.85631 6.08623 4.90505 7.95927 7.74195
threshold=-1.6172591525701032 0.85630477252833437 0.011206977864442717 -1.3609109407553714 0.55557023301960229 0.4686799589240388 -0.96736669303876244 0.0076417228637359275 -0.10740470915813187 3.1350948948233719 0.10394268340272055 -0.10742620343718433 0.49049438445969384 1.1366369328835264
decision_type=8 10 2 10 2 10 10 2 8 8 10 8 2 10
left_child=1 2 -1 4 -2 6 7 -5 -9 11 -11 12 13 -7
right_child=3 -3 -4 5 -6 9 -8 8 -10 10 -12 -13 -14 -15
leaf_value=0.0034113621394832963 0.0018604467527698883 -0.0070886623113194762 0.024952890276777079 -0.027759595372623746 -0.017481939439178616 -0.022159269631942931 0.017541202365575284 0.0059658189571272953 -0.01729745648993115 0.024252572354326596 0.0017133148791160439 0.00030374961258625393 0.0086243811975285044 0.0025995658448047555
leaf_weight=28.830428913235664 27.500941261649132 20.357164457440376 18.220505848526955 21.206276215612888 27.369587108492851 33.424708180129528 16.550412729382515 32.614183932542801 23.361657038331032 17.197083115577698 26.870542701333761 1165.1564580835402 18.436548497527838 16.681338451802731
leaf_count=131 126 93 84 97 130 157 82 147 122 85 153 5369 83 84
internal_value=-0.000166134 0.00628545 0.012099 -0.000475216 -0.00792781 -0.000171496 -0.00558879 -0.0107096 -0.00387635 0.000229958 0.0108521 -0.000157945 -0.00789781 -0.014027
internal_weight=1493.78 67.4081 47.0509 1426.37 54.8705 1371.5 93.7325 77.1821 55.9758 1277.77 44.0676 1233.7 68.5426 50.106
internal_count=6943 308 215 6635 256 6379 448 366 269 5931 238 5693 324 241
is_linear=0
shrinkage=0.03


Tree=165
num_leaves=15
num_cat=0
split_feature=13 33 13 29 33 29 31 29 28 32 30 29 31 29
split_gain=3.24027 7.86537 11.3695 6.53556 6.69434 3.77265 3.49377 2.70569 9.14055 10.8275 10.4763 10.1278 9.74777 8.83868
threshold=2.1321072285474325 0.21420990886416957 3.1350948948233719 0.54094966422541002 0.002586458977622292 0.79282385876880845 0.99702681066517462 0.79934539206032762 15.118599805914458 0.22706275313213803 0.55592228787147935 0.71530543068595998 0.60003553868615167 0.53195299862009493
decision_type=8 2 8 10 2 10 2 10 10 2 10 10 2 10
left_child=6 2 5 -4 -5 -2 7 8 9 10 -1 12 -11 -10
right_child=1 -3 3 4 -6 -7 -8 -9 13 11 -12 -13 -14 -15
leaf_value=0.010608586969597239 -0.0093416075342254122 0.013859066370395521 -0.016258614449524589 0.021576650212367269 -0.0035889652727847774 -0.02879117987631305 -0.0092988589314841729 0.0017047202775937983 0.0047389858015119673 0.0032558643331838167 -0.0076656717838092508 -0.015698427591318075 -0.013679920255960246 -0.011677907930487624
leaf_weight=139.50715999305248 17.225320108234882 15.738458812236784 13.631072022020815 15.71818011254072 21.524012219160795 21.500182423740625 32.177689388394356 776.89961109310389 39.526251614093781 162.15568038076162 34.559942089021206 43.865889176726341 36.644278883934021 110.37736541777849
leaf_count=604 77 103 82 77 108 104 148 3649 180 738 168 190 159 491
internal_value=-7.0971e-05 -0.00511653 -0.00856587 0.000809732 0.00731873 -0.0205928 0.000318799 0.000555887 -0.00101948 0.00126854 0.00695728 -0.00282387 8.12914e-05 -0.00734642
internal_weight=1481.05 105.337 89.5988 50.8733 37.2422 38.7255 1375.71 1343.54 566.637 416.733 174.067 242.666 198.8 149.904
internal_count=6878 551 448 267 185 181 6327 6179 2530 1859 772 1087 897 671
is_linear=0
shrinkage=0.03


Tree=166
num_leaves=15
num_cat=0
split_feature=31 13 13 29 1 30 30 29 30 29 29 31 29 13
split_gain=3.86436 9.53611 20.5433 10.3883 8.43834 9.30337 6.62905 6.99692 6.62114 5.60773 5.41506 5.20262 12.1425 17.3332
threshold=0.77296446310593014 0.82133055581122427 0.60824691977472667 0.62925146480975302 -0.20239683160386329 0.61152339465827887 -1.7623386667919563 0.65974699671320347 -0.30178625315005936 0.86958856950578622 0.96509301725426322 0.44228869021900152 0.82890112712069353 1.2936017503792583
decision_type=2 8 10 10 2 10 8 10 10 10 10 2 10 8
left_child=6 2 3 -2 -5 8 7 -1 9 -6 -10 -8 -13 -14
right_child=1 -3 -4 4 5 -7 11 -9 10 -11 -12 12 13 -15
leaf_value=0.025184045988169132 0.017119790046678931 0.011535746757024094 -0.022791958268305209 0.015202473348697799 0.0034289111241679296 -0.018660826288062381 -0.00035600670090386052 -0.0013490167904608218 0.019012638240685029 -0.01417513120534555 -0.0005717124075563147 -0.016358413430341466 0.0038305513262171117 -0.027448222486007614
leaf_weight=16.772010549902916 38.103747494518757 82.6806227453053 30.556091204285622 26.292603705078363 31.215425923466682 26.546937476843596 937.84699004143476 17.815100848674774 23.508392035961151 32.346733078360558 26.269674003124237 63.789759024977684 114.40106497332454 17.501485675573349
leaf_count=80 174 427 138 134 135 137 4347 80 105 148 125 281 514 90
internal_value=-8.95515e-05 0.00283987 -0.000257643 0.00320758 -6.57091e-05 -0.00302299 -0.000887575 0.0118635 0.00077093 -0.00561057 0.00886955 -0.00128676 -0.00572285 -0.000494973
internal_weight=1485.65 317.52 234.84 204.284 166.18 139.887 1168.13 34.5871 113.34 63.5622 49.7781 1133.54 195.692 131.903
internal_count=6915 1523 1096 958 784 650 5392 160 513 283 230 5232 885 604
is_linear=0
shrinkage=0.03


Tree=167
num_leaves=15
num_cat=0
split_feature=13 13 30 13 13 33 29 32 28 29 32 31 13 31
split_gain=3.83968 4.11748 12.8669 4.72479 11.3223 9.72626 8.88396 16.223 9.80794 7.21202 7.12053 7.07559 4.9149 24.1303
threshold=-3.8155692453800767 -2.2791823608638331 0.46960321919774212 -0.78513458530691371 -0.67952816781317005 0.047796691270242712 0.74309632690185368 -0.81279832427823695 9.3112334189493513 0.6169205605679412 0.82531082829576841 -0.69930991848440838 -0.34581979859030321 0.04361938736533582
decision_type=8 8 8 8 8 2 10 2 10 10 2 2 8 2
left_child=-1 2 -2 6 5 -5 8 -8 9 11 -9 -3 13 -6
right_child=1 3 -4 4 12 -7 7 10 -10 -11 -12 -13 -14 -15
leaf_value=-0.01082502891178087 0.01889373405079452 -0.010353054786804507 -0.014707891250978334 0.0040133275012121444 0.0031422801564163928 0.02781494071673854 0.012427952332897172 -0.021619625194953581 -0.010423774602593763 0.022036124068970816 0.000317350215656313 0.013745613681209863 0.00087892350569943652 -0.018242275570576148
leaf_weight=27.761090323328972 33.077666513621807 21.6485226303339 13.813247982412575 43.828687272965908 137.84796083346009 23.222389496862888 20.81584594771266 61.005434200167656 36.039869487285614 22.890916332602501 16.922647632658482 20.268152423202991 936.27863411977887 71.265570893883705
leaf_count=151 155 96 80 197 637 121 93 293 157 100 80 91 4342 318
internal_value=2.99907e-05 0.000243818 0.00889485 -4.95574e-05 0.000655542 0.0125444 -0.00431469 -0.0106645 0.00194635 0.0088793 -0.0169122 0.00134825 -5.07619e-05 -0.00419768
internal_weight=1486.69 1458.93 46.8909 1412.03 1212.44 67.0511 199.591 98.7439 100.847 64.8076 77.9281 41.9167 1145.39 209.114
internal_count=6911 6760 235 6525 5615 318 910 466 444 287 373 187 5297 955
is_linear=0
shrinkage=0.03


Tree=168
num_leaves=15
num_cat=0
split_feature=19 21 30 26 28 30 0 0 13 13 13 31 13 26
split_gain=3.76189 4.77663 3.06615 3.06101 3.9473 4.79623 3.83661 10.358 4.2344 9.88256 8.46398 7.24559 5.20207 5.80372
threshold=-0.91663555039644951 -0.62985794792691496 -2.2950205137864459 17.523144562585639 -3.3528917677783094 0.86483187509969139 -0.10670435838748378 -0.026699243248773253 -0.67952816781317005 -0.76286157536448307 -0.45974238413971558 -0.75894212529897742 -1.030035652985793 -6.2003847031633077
decision_type=8 8 10 10 10 10 2 2 10 8 10 2 10 10
left_child=1 -1 -2 6 -5 -6 8 -8 9 12 11 -10 -4 -14
right_child=2 -3 3 4 5 -7 7 -9 10 -11 -12 -13 13 -15
leaf_value=0.00079989131233482061 -0.011534403149164223 -0.020663632965506506 0.0043360421611731469 0.0037626444427464297 -0.018361200683186172 -0.0010600376303660755 0.0097368935758693764 0.00044336870733723905 0.0012713324643422918 0.020884368257969528 -0.0012086866152531399 -0.023086493363168162 -0.020626835679432964 0.00067422971300284485
leaf_weight=19.2668920122087 19.027479007840157 16.967186409980059 82.862806916236877 28.960170079022646 27.872844852507114 29.070943735539913 129.64343931153417 621.53198897838593 16.782658651471138 22.787918239831924 386.05444354563951 30.308171093463898 18.551497910171747 27.847724925726652
leaf_count=95 95 80 413 152 132 192 581 2822 73 108 1790 142 85 123
internal_value=-0.000120862 -0.00953578 0.000122275 0.000286215 -0.00516993 -0.00969934 0.000640548 0.00205813 -0.00117951 0.00311397 -0.00269038 -0.0145597 -0.000155094 -0.00809793
internal_weight=1477.54 36.2341 1441.3 1422.27 85.904 56.9438 1336.37 751.175 585.195 152.05 433.145 47.0908 129.262 46.3992
internal_count=6883 175 6708 6613 476 324 6137 3403 2734 729 2005 215 621 208
is_linear=0
shrinkage=0.03


Tree=169
num_leaves=15
num_cat=0
split_feature=27 1 13 31 31 28 31 13 13 28 31 13 13 13
split_gain=3.39182 5.54627 3.48672 5.72818 5.4059 3.60128 2.74933 6.49773 19.6893 7.17395 6.39629 6.92478 15.246 9.63997
threshold=-26.643448388155019 -0.26739615047710102 -0.80638499074936376 0.4126824757997184 -0.61734245059638981 -24.096134259696807 0.78661891169205866 0.82133055581122427 0.60824691977472667 -11.612640621971869 0.44228869021900152 1.2290063896109036 0.56653984037339777 0.81978136229250442
decision_type=8 2 10 2 2 10 2 8 10 10 2 8 10 10
left_child=1 -1 -3 4 5 -4 10 8 9 -8 -2 12 -12 -14
right_child=6 2 3 -5 -6 -7 7 -9 -10 -11 11 -13 13 -15
leaf_value=-0.012002218521347179 0.00026455485521850665 -0.0039633012780401359 0.024747503935098693 0.02475479815683982 -0.0036596798660486207 0.0044877423419262957 0.013650813843093301 0.0098737407343625419 -0.022649799714615275 5.4051274316314972e-05 -0.0085987462377149337 -0.017149424354002116 0.024781630899887445 -0.0022206235489872685
leaf_weight=13.625908147543667 890.2184089794755 17.737817615270615 14.408559694886209 18.456316478550434 28.173363287001848 17.325814984738827 45.173614714294672 76.73238131403923 29.376760587096214 143.38531623408198 119.59784808754921 37.188968658447266 23.125920258462429 23.181860886514187
leaf_count=87 4072 104 84 93 148 85 218 392 132 660 522 174 101 104
internal_value=0.000263074 0.00531601 0.00786981 0.0105644 0.00585804 0.0141614 -0.000139929 0.00242702 -0.000227993 0.0033663 -0.000833356 -0.00562351 -0.00295262 0.011503
internal_weight=1497.71 109.728 96.1019 78.3641 59.9077 31.7344 1387.98 294.668 217.936 188.559 1093.31 203.095 165.906 46.3078
internal_count=6976 601 514 410 317 169 6375 1402 1010 878 4973 901 727 205
is_linear=0
shrinkage=0.03


Tree=170
num_leaves=15
num_cat=0
split_feature=30 29 28 13 13 13 32 33 0 30 26 26 26 26
split_gain=4.02279 7.54492 12.0434 10.4752 9.8771 9.16631 5.5393 5.48247 4.82403 4.45669 4.12303 6.86036 3.88686 6.41026
threshold=-0.91568604021536115 0.4222231662381169 9.5703033337946071 -0.67077613501119149 0.58993928291594522 1.421300099785735 0.55557023301960229 0.043975078840948943 0.04899046265186318 -0.10550542227394599 -8.7342527754863379 -12.572707848752527 -6.8373581974556776 -4.2781130694002902
decision_type=10 8 8 8 10 10 2 2 2 10 10 10 10 10
left_child=1 -1 3 6 -5 -6 -3 8 -4 10 11 -2 -11 -14
right_child=9 2 7 4 5 -7 -8 -9 -10 12 -12 -13 13 -15
leaf_value=0.0093487515119086081 0.0054898742034114678 0.020588135974860897 -4.6526217972365094e-05 -0.012543864680730172 0.014321956773435694 -0.011825329800452877 -0.00020994488781625901 -0.025784202005749168 -0.01970676225093327 0.0027434632130710489 0.0041884516267592783 -0.014334079875092057 -0.012201489113729926 -0.00098620098891691104
leaf_weight=36.011536441743374 31.672130264341831 24.910867169499397 25.851730801165104 70.525949105620384 31.794366374611855 18.17276756465435 20.722915098071098 27.302881695330143 18.869159318506718 211.72803442925215 396.39055772125721 29.423940822482109 49.696522153913975 484.14320806413889
leaf_count=169 144 112 112 307 141 85 95 129 84 1073 1742 130 229 2328
internal_value=-5.1514e-06 -0.00327779 -0.00521819 -0.000750094 -0.00538513 0.0047669 0.0113415 -0.0153727 -0.00859139 0.000742747 0.00307036 -0.00413445 -0.000687694 -0.00205112
internal_weight=1477.22 274.162 238.151 166.127 120.493 49.9671 45.6338 72.0238 44.7209 1203.05 457.487 61.0961 745.568 533.84
internal_count=6880 1234 1065 740 533 226 207 325 196 5646 2016 274 3630 2557
is_linear=0
shrinkage=0.03


Tree=171
num_leaves=15
num_cat=0
split_feature=0 1 27 27 13 13 28 32 31 13 13 29 29 30
split_gain=3.69153 6.18904 3.19047 3.99639 4.22154 3.88572 14.1107 9.25314 7.48833 6.94941 13.9053 9.00966 8.31755 4.79781
threshold=-0.65563190103389701 -0.38193356569168041 -29.617927297866938 -21.5724704020781 -0.78513458530691371 -0.67952816781317005 -12.82325818470653 -0.87137607974597309 -0.60003553868615167 -1.2104238598567305 -0.78513458530691371 0.69611328485822066 0.55532700966562742 0.28775332807077592
decision_type=2 2 8 10 10 10 8 2 2 8 10 10 10 8
left_child=-1 -2 -3 4 -4 6 8 -8 -5 11 -11 12 -9 -10
right_child=1 2 3 5 -6 -7 7 9 13 10 -12 -13 -14 -15
leaf_value=-0.012753863723192527 0.01730738254047964 0.0056803326174469466 -0.020453665559810204 0.00024763631073890734 -0.003153144078510476 -0.0010279465123737268 0.013298165163012191 -0.0015634233358636637 0.025634994099812031 -0.017473245406475602 0.0049424597068221023 -0.0058875183372124173 0.026054439722424133 0.0057840872377421717
leaf_weight=19.506958577781916 17.495895430445671 78.662519354373217 16.216144792735577 25.779895879328251 50.21596110612154 1002.3991532810032 33.398324504494667 18.027750626206398 37.645081907510757 63.33132866024971 40.052487328648567 48.706672828644514 20.263910792768002 16.279499627649784
leaf_count=108 99 445 78 121 235 4561 146 79 176 289 191 233 89 80
internal_value=-0.000113406 6.30728e-05 -0.000156636 -0.000495109 -0.00761691 -0.000127262 0.00284127 -0.00103265 0.0135958 -0.00360303 -0.0088249 0.00263212 0.0133431 0.0198565
internal_weight=1487.98 1468.47 1450.98 1372.32 66.4321 1305.88 303.485 223.78 79.7045 190.382 103.384 86.9983 38.2917 53.9246
internal_count=6930 6822 6723 6278 313 5965 1404 1027 377 881 480 401 168 256
is_linear=0
shrinkage=0.03


Tree=172
num_leaves=15
num_cat=0
split_feature=13 13 32 15 14 1 22 24 26 30 29 23 23 30
split_gain=3.67442 5.04836 6.25038 3.61222 4.7869 2.79882 2.52635 6.53556 5.9677 4.48765 3.54399 2.47069 4.02888 10.1261
threshold=4.2986042067446606 3.1350948948233719 0.32143946530316164 0.00071422040298863021 -4.4588046146992735 -0.38193356569168041 0.7025687932137924 -2.2349370737487295e-05 -2.3785752076399542 0.30073124837287529 0.86261532939240193 -0.033428922695290512 -0.18782842611620573 -0.12166721283488825
decision_type=8 10 2 10 10 2 10 8 10 10 10 10 10 10
left_child=1 3 -3 5 -5 -1 7 8 -7 10 -8 12 -9 -14
right_child=-2 2 -4 4 -6 6 9 11 -10 -11 -12 -13 13 -15
leaf_value=0.011685052173712161 -0.011448414606194288 0.025957213482366792 -0.00015159555330628442 0.0034177559582825234 -0.017200675798045913 0.021824066242214234 -0.0078003547273300649 3.4795310384467139e-05 0.0015826602260972807 -0.017377093201211554 0.0094609265336442171 0.0091651773457681312 0.0037346013454508048 -0.025620991450501208
leaf_weight=17.893701825290918 23.67341248318553 14.198620054870842 18.030878350138664 16.732748009264469 23.636643044650555 22.755616098642349 23.259304940700531 1191.3592689968646 29.629831090569496 19.418168693780899 18.160203360021114 24.393522433936596 23.291575029492378 18.045006532222033
leaf_count=104 146 82 89 82 116 108 105 5476 137 95 81 116 105 87
internal_value=3.2257e-05 0.000226014 0.0117856 -4.28381e-05 -0.00877849 0.000217333 5.91743e-05 0.000338742 0.0106194 -0.00586643 -0.0001876 -9.77736e-05 -0.000288356 -0.00938273
internal_weight=1484.48 1460.81 32.2295 1428.58 40.3694 1388.21 1370.31 1309.47 52.3854 60.8377 41.4195 1257.09 1232.7 41.3366
internal_count=6929 6783 171 6612 198 6414 6310 6029 245 281 186 5784 5668 192
is_linear=0
shrinkage=0.03


Tree=173
num_leaves=15
num_cat=0
split_feature=30 28 32 13 13 29 29 13 13 13 13 13 33 28
split_gain=3.39902 4.85319 3.83701 2.84776 4.32131 8.69327 3.30398 11.1372 5.95387 17.702 11.2129 14.2889 9.38226 9.31682
threshold=2.0575421225067316 -90.938914295515247 -0.41268247579971828 -3.8155692453800767 -2.2791823608638331 0.83969955488419201 1.4928968948613293 -0.10740470915813187 -0.34581979859030321 -0.36971202427702149 -0.43168413241646381 -0.53714660940854253 0.024539639531258258 -5.7860713193091931
decision_type=10 10 2 8 8 10 10 10 8 10 10 10 2 10
left_child=1 -1 -2 -3 5 -5 8 -8 9 10 11 13 -13 -6
right_child=2 3 -4 4 6 -7 7 -9 -10 -11 -12 12 -14 -15
leaf_value=-0.013597311110131165 0.015349504863315162 -0.0090173143318389836 -0.0028416270781671019 0.025831804829319533 0.0064846787893204057 -0.0010862847942369092 0.0066002612879170466 -0.015766149584733262 0.0019101043402343311 -0.023789249293979495 0.016489959200341287 -0.03213603745189051 -0.0039118532423813432 -0.0039905208304335743
leaf_weight=22.33253325894475 26.355206724256277 28.568195432424545 16.431407488882542 16.808546915650368 122.58027654513717 27.234289113432169 35.423526756465435 43.867400154471397 848.48495908081532 31.290316566824913 30.506004139780998 20.956431046128273 21.104553550481796 199.22748386859894
leaf_count=142 205 152 127 75 552 141 179 240 3813 134 129 91 100 885
internal_value=0.000223248 -2.56875e-05 0.00845819 0.000196229 0.000390891 0.00953218 8.66024e-05 -0.00581612 0.000458204 -0.00243358 -0.000683309 -0.00216433 -0.018394 7.33084e-06
internal_weight=1491.17 1448.38 42.7866 1426.05 1397.48 44.0428 1353.44 79.2909 1274.15 425.665 394.375 363.869 42.061 321.808
internal_count=6965 6633 332 6491 6339 216 6123 419 5704 1891 1757 1628 191 1437
is_linear=0
shrinkage=0.03


Tree=174
num_leaves=15
num_cat=0
split_feature=1 32 1 33 31 13 13 32 13 13 1 28 28 13
split_gain=4.19026 12.4429 8.41742 8.33215 11.9064 10.0176 14.0485 9.09899 9.08749 8.63556 7.42485 6.28438 6.16959 5.70337
threshold=-0.070866536362119689 0.52803643325367278 -0.046096424574089363 0.0028112327366982071 -0.95688340256707749 0.24517526554461974 0.68611385501386912 -0.78661891169205833 -0.36001100054627755 -0.67077613501119149 -0.24274261372477807 -4.5969189771843935 25.742370418750941 -0.61410449196326466
decision_type=2 2 2 2 2 8 10 2 10 10 2 10 8 8
left_child=1 3 -2 10 -5 7 11 9 -9 -6 -1 -7 -3 -12
right_child=2 12 -4 4 5 6 -8 8 -10 -11 13 -13 -14 -15
leaf_value=-0.0092845229539804709 0.0093126283753414522 -0.01043996455139389 -0.00020465562137508765 -0.021633536302512368 0.010737219792242091 -0.010096578346348504 0.0017755753976210075 0.0024719305589259882 0.020841200484909804 -0.0097872988265718924 0.00049002672481826125 -0.032748162751717706 0.0097864505598279066 0.018155288505271743
leaf_weight=16.635065946727991 92.426765758544207 171.74967849999666 797.75070069357753 24.156285222619772 26.461766645312309 28.851211361587048 67.556705638766289 56.895989544689655 41.634983152151108 55.429999060928822 24.360426634550095 18.355142250657082 13.955678083002566 50.011920541524887
leaf_count=85 416 814 3719 114 124 139 317 284 197 245 108 82 64 216
internal_value=-0.000510488 -0.00245504 0.000792861 0.000465159 -0.00182145 -0.000132579 -0.0070274 0.00426763 0.0103654 -0.00310567 0.00842139 -0.0194008 -0.00887568 0.0124524
internal_weight=1486.23 596.055 890.177 410.349 319.342 295.186 114.763 180.423 98.531 81.8918 91.0074 47.2064 185.705 74.3723
internal_count=6924 2789 4135 1911 1502 1388 538 850 481 369 409 221 878 324
is_linear=0
shrinkage=0.03


Tree=175
num_leaves=15
num_cat=0
split_feature=26 31 1 31 33 33 13 13 13 13 1 27 27 13
split_gain=3.45551 4.21278 3.67618 5.57331 3.4203 7.82208 6.21333 9.45551 6.37187 15.4231 9.43872 10.2209 10.0107 9.97035
threshold=17.523144562585639 0.99845357241023069 0.070865357849636643 0.33172980431441529 0.12992487734036787 0.1813247731440035 1.8812940246837837 1.0766977612173159 0.62359297539566116 0.33363589451543096 -0.046096424574089363 15.487673742815568 -17.84148600472157 -0.27814711359359434
decision_type=8 2 2 2 2 2 10 8 10 10 2 10 10 10
left_child=1 4 3 -2 -1 -6 7 8 9 10 12 13 -7 -12
right_child=2 -3 -4 -5 5 6 -8 -9 -10 -11 11 -13 -14 -15
leaf_value=-0.00064110146913134384 -0.017460251783895486 -0.01226158401275711 0.001550482320870894 0.0033742153616375991 0.01514908712023904 -0.00922608877363491 0.016402058037867626 -0.018385451289204213 0.014136103503018145 -0.017298942100400467 -0.0051673023989870018 -0.021579763251652249 0.017923672380306798 0.018298416062434361
leaf_weight=1056.9394970275462 36.399564307183027 23.96445295214653 33.505647238343954 16.309161841869354 39.977618008852005 15.020273163914679 20.918027497828007 22.477958284318447 30.49977857619524 38.054824382066727 48.396498307585716 19.062276057898998 54.167069185525179 23.346478201448917
leaf_count=4706 188 111 209 80 189 95 127 120 151 177 242 99 282 111
internal_value=-0.00041137 -4.86028e-05 -0.00620426 -0.0110708 0.000174003 0.0029292 0.00108386 -0.000252624 0.00160309 -0.000388344 0.00371637 -0.00264346 0.0119821 0.00261545
internal_weight=1479.04 1392.82 86.2144 52.7087 1368.86 311.921 271.943 251.025 228.547 198.047 159.993 90.8053 69.1873 71.743
internal_count=6887 6410 477 268 6299 1593 1404 1277 1157 1006 829 452 377 353
is_linear=0
shrinkage=0.03


Tree=176
num_leaves=15
num_cat=0
split_feature=13 33 13 13 33 13 31 13 29 13 30 31 1 33
split_gain=2.56477 11.7049 11.0435 9.84472 10.6654 15.7494 11.3418 11.1279 10.3006 10.0517 9.48131 9.42105 17.1159 14.7762
threshold=-0.34581979859030321 0.0090276288773079218 -1.3609952845775279 -0.26797507847734237 0.0050377341965064139 0.66132013130627421 -0.95032354012166598 0.66132013130627421 1.4456824298305579 0.56653984037339777 -0.062856633329431866 0.076279435988900648 -0.010021393710544049 0.001443335012605703
decision_type=8 2 10 8 2 10 2 10 10 10 10 2 2 2
left_child=1 2 -1 -2 5 6 -5 8 -6 -8 -11 12 -7 -13
right_child=3 -3 -4 4 7 11 9 -9 -10 10 -12 13 -14 -15
leaf_value=0.0041984144593960777 0.01345704510424389 0.0019121457757922396 -0.010729936281307554 0.027312924160334123 -0.0043681760018415023 0.0065386829654621491 0.0019992230259494783 0.0023297432967793281 -0.023634770214376644 0.034277417076074713 0.0045659734915512052 0.014271473968894962 -0.029654478357994743 -0.0094361958887811681
leaf_weight=59.322751305997372 50.892456661909819 319.10620066151023 173.29150821641088 29.310752090066671 306.98705418407917 20.414403602480888 102.22029088810086 258.28328511863947 26.2911740206182 19.127858564257622 19.280629456043243 46.871644947677851 25.800163175910711 45.829126227647066
leaf_count=287 232 1543 759 128 1379 92 455 1256 158 80 84 228 120 209
internal_value=-0.000192424 -0.00181789 -0.00692114 0.000751201 1.89213e-05 0.00452907 0.0106281 -0.0023395 -0.00595421 0.00698228 0.0198569 -0.00295473 -0.013867 0.00257533
internal_weight=1503.03 551.72 232.614 951.309 900.416 308.855 169.94 591.562 333.278 140.629 38.4085 138.915 46.2146 92.7008
internal_count=7010 2589 1046 4421 4189 1396 747 2793 1537 619 164 649 212 437
is_linear=0
shrinkage=0.03


Tree=177
num_leaves=15
num_cat=0
split_feature=27 13 26 1 26 33 1 31 13 13 1 32 1 27
split_gain=3.89361 6.65724 5.19001 5.47216 4.24307 5.51267 5.92145 3.87567 14.8656 19.7888 10.0695 14.1577 9.01833 9.69123
threshold=-17.437118236403034 -0.82383160786724063 -1.2403523083426291 -0.26420467530287756 -13.512377167987919 0.0020143362771543063 -0.037289667123093721 -0.58244304235731426 0.3653151100353374 1.0000000180025095e-35 0.057193832488539938 -0.098011308799811417 -0.01285839612881603 9.4892310336991432
decision_type=8 10 10 2 10 2 2 2 10 10 2 2 2 10
left_child=1 -1 3 -3 5 -2 -7 8 9 10 11 -6 -10 -14
right_child=4 2 -4 -5 7 6 -8 -9 12 -11 -12 -13 13 -15
leaf_value=-0.0068704585865778699 -0.021321723012488681 -0.0053423270075919288 -0.0024737652756189965 0.012101505379120681 0.0067958131492686803 -0.012713459272264345 0.006578915422747092 0.0013402912553339746 -0.00069689138486070477 0.026000760279912914 0.0093767005071478653 -0.012387485112808351 -0.025267993155422011 -0.003303282927899413
leaf_weight=39.069032024592161 17.579094588756561 18.294113099575043 41.539349745959044 112.37242192029953 54.391689233481884 25.690871991217136 29.960062604397535 840.8728586807847 50.562102362513542 26.599010471254587 58.395067974925041 91.888343498110771 47.272127948701382 29.443721514195204
leaf_count=212 82 105 204 554 250 124 144 3862 228 128 270 411 211 148
internal_value=0.000423596 0.00418503 0.00671842 0.00963724 -0.00020364 -0.00716405 -0.00239448 0.000226937 -0.00238056 0.00215394 -0.00105648 -0.0052568 -0.0105726 -0.0169889
internal_weight=1483.93 211.275 172.206 130.667 1272.65 73.23 55.6509 1199.42 358.552 231.274 204.675 146.28 127.278 76.7158
internal_count=6933 1075 863 659 5858 350 268 5508 1646 1059 931 661 587 359
is_linear=0
shrinkage=0.03


Tree=178
num_leaves=15
num_cat=0
split_feature=26 0 0 29 32 29 33 31 29 21 13 13 33 0
split_gain=4.53171 3.36237 7.0506 7.10824 5.44086 4.91837 5.807 4.5378 9.49456 5.72199 5.51681 4.41551 4.99086 5.07631
threshold=31.040649867692952 0.030405841122603177 0.088407008797743034 1.1649895298152646 -0.61734245059638992 0.3568552848622773 0.58228290274134042 0.45201865172701788 1.3873268711119018 -0.48435997863638386 1.0578425871111194 0.81978136229250442 0.011591704930887592 0.24142039181522476
decision_type=8 2 2 8 2 10 2 2 10 8 10 10 2 2
left_child=1 5 3 4 -3 -1 -7 9 10 -4 -9 -11 -13 -14
right_child=-2 2 7 -5 -6 6 -8 8 -10 11 -12 12 13 -15
leaf_value=-0.013330102966059187 -0.014501626326104793 6.0163272783856291e-06 -0.013453749506546498 0.0048281753103844383 -0.018321355424693309 0.0010820059286576096 0.012400788191509951 -0.008846228615181773 0.016530008629780414 0.0049424222727467073 0.0056129660516492218 -0.012414252957469176 0.01278437511660264 -0.0070508375794483408
leaf_weight=19.155942089855671 18.396364476531744 19.786286294460297 19.494736026972532 24.937517307698727 54.380368821322918 785.53188806027174 42.049629144370556 133.04826632142067 17.27142096310854 234.75102981925011 28.141646079719067 30.970522627234459 22.59323713183403 21.958083733916283
leaf_count=99 140 83 91 121 241 3579 257 613 94 1065 142 139 107 110
internal_value=-9.65603e-05 9.55283e-05 -0.00160636 -0.00888362 -0.0134969 0.00131668 0.00167139 -0.000172639 -0.00401325 0.00191165 -0.0063028 0.00291719 -0.00336034 0.00306799
internal_weight=1472.47 1454.07 607.333 99.1042 74.1667 846.737 827.582 508.229 178.461 329.768 161.19 310.273 75.5218 44.5513
internal_count=6881 6741 2806 445 324 3935 3836 2361 849 1512 755 1421 356 217
is_linear=0
shrinkage=0.03


Tree=179
num_leaves=15
num_cat=0
split_feature=28 33 16 1 20 32 32 23 30 21 30 31 28 1
split_gain=3.67348 9.61048 3.12511 3.94301 3.51981 3.0927 8.15704 6.74619 6.11672 4.27426 3.86768 5.36272 5.61316 5.14305
threshold=76.864590104879241 0.078803421566336296 -0.00027191198939746636 -0.15953345927747578 -0.038030720501680541 -0.6835516316989646 -0.45201865172701744 -0.16259068335010712 -0.050214590141883071 0.6966099830307827 1.898184141807578 -0.17364817766693016 46.872771006567511 -0.14129381263819704
decision_type=8 2 8 2 10 2 2 10 10 10 8 2 8 2
left_child=2 -2 3 -1 5 7 -7 10 -9 -8 11 13 -13 -4
right_child=1 -3 4 -5 -6 6 9 8 -10 -11 -12 12 -14 -15
leaf_value=0.0047804784172576888 -0.018214227285939685 0.011244619630645585 0.0034606644381164854 -0.013189777445185475 0.010000508396833207 0.0091466137895034536 4.7016710646852472e-05 -0.0021086231377163561 -0.024832038272388317 0.014329220186145866 0.014335164761969395 0.00011712557423920083 0.017646538485776381 -0.011053829971075837
leaf_weight=16.068030267953873 28.590964835137129 14.210276804864405 30.874594539403915 31.089144244790077 34.529481422156096 105.38828128948808 870.9635332301259 22.375769808888435 19.725224256515503 18.27631951123476 14.203377690166233 183.14253025501966 17.063392758369446 71.955372288823128
leaf_count=84 174 95 139 144 166 552 3991 96 90 92 101 781 76 321
internal_value=0.000158313 -0.00840028 0.00041914 -0.00709459 0.000679249 0.000434329 0.00129597 -0.00194761 -0.0130842 0.000356321 -0.000433202 -0.00117027 0.00169142 -0.00670451
internal_weight=1478.46 42.8012 1435.66 47.1572 1388.5 1353.97 994.628 359.34 42.101 889.24 317.239 303.036 200.206 102.83
internal_count=6902 269 6633 228 6405 6239 4635 1604 186 4083 1418 1317 857 460
is_linear=0
shrinkage=0.03


Tree=180
num_leaves=15
num_cat=0
split_feature=0 15 13 31 31 13 13 32 1 31 31 13 28 1
split_gain=2.82953 2.61167 3.3655 6.23536 13.6391 6.9347 5.02657 12.8023 10.4203 16.7903 10.7376 7.20147 6.95145 5.6182
threshold=0.35694686827076599 -0.0011623500671387175 -1.4920239266478219 -0.22706275313213778 -0.82531082829576841 -3.8155692453800767 -0.78513458530691371 -0.81279832427823695 -0.08233324504446736 -0.37256073532439565 -0.60003553868615167 -0.67952816781317005 -1.2061017194797683 -0.19102445160268541
decision_type=2 8 8 2 2 10 8 2 2 2 2 8 10 2
left_child=1 -1 3 4 -3 -5 7 -4 10 -10 -9 12 -8 -13
right_child=-2 2 6 5 -6 -7 11 8 9 -11 -12 13 -14 -15
leaf_value=-0.0079807885036372161 -0.0038999594712722861 0.01229240198480133 0.015902259737947125 -0.0049766523064508289 -0.016421885269783762 0.017229673240861661 0.02626861819828474 -0.014293107825406321 -0.0034322455531570549 -0.038237373088489797 0.011255673541115346 -0.0049579447939340267 0.0036817669585667845 0.0011709204703657639
leaf_weight=31.818631865084171 154.29844039306045 29.232850164175034 20.142327353358269 16.49868630617857 28.348795890808105 48.455675404518843 17.57686023414135 27.195474609732628 27.210553534328938 22.380550429224968 30.179114356637001 159.25130888074636 37.281562805175781 840.34247434511781
leaf_count=158 764 150 85 80 149 239 87 120 119 101 134 770 177 3831
internal_value=-6.70652e-05 0.000378221 0.000588131 0.0052996 -0.00188332 0.0115992 9.54502e-05 -0.00551632 -0.00965951 -0.0195852 -0.00089181 0.000776502 0.0112594 0.000190515
internal_weight=1490.21 1335.91 1304.1 122.536 57.5816 64.9544 1181.56 127.108 106.966 49.5911 57.3746 1054.45 54.8584 999.594
internal_count=6964 6200 6042 618 299 319 5424 559 474 220 254 4865 264 4601
is_linear=0
shrinkage=0.03


Tree=181
num_leaves=15
num_cat=0
split_feature=0 0 0 0 1 27 33 13 30 13 13 13 30 13
split_gain=4.23801 4.60134 5.23234 4.3827 5.55717 3.81777 2.795 6.3237 9.13865 6.27548 6.11558 11.6516 7.33657 12.5274
threshold=0.54905872736346872 0.47973084722761156 0.43114044260960199 -0.65563190103389701 -0.36296733266217795 8.4039908211419618 0.12992487734036787 -1.2104238598567305 -0.6227926601082896 2.0888243718068766 1.0766977612173159 0.64678223456562589 0.67185113348049008 -1.0000000180025095e-35
decision_type=2 2 2 2 2 10 2 8 10 10 8 10 10 10
left_child=1 2 3 -1 -5 -2 7 8 -6 10 11 12 13 -8
right_child=5 -3 -4 4 6 -7 9 -9 -10 -11 -12 -13 -14 -15
leaf_value=-0.012851138973233601 -0.017093825307391074 0.012935627808848804 -0.010936900671106782 0.015616363857463534 0.020461585117036878 0.0018358824579942413 0.0097338685982024092 -0.00069110460345814825 0.0012615904828372447 0.019126734856647155 -0.0106089380211472 0.018442499551953925 -0.0077905960045020275 -0.007602319608080132
leaf_weight=19.49573041498661 21.731337390840054 26.915955543518066 33.319373287260532 22.417644143104553 30.928384602069855 16.277950704097748 116.4500088468194 920.85806656628847 74.55592268332839 20.118771985173225 29.280120965093374 39.569664675742388 61.533270481973886 54.246899515390396
leaf_count=109 108 134 165 124 137 86 565 4084 351 125 154 196 355 248
internal_value=0.00061108 0.000873074 0.00063595 0.000921135 0.00112636 -0.0091477 0.000873901 0.000108557 0.00703039 0.00331152 0.00219489 0.00360804 0.00101216 0.0042123
internal_weight=1487.7 1449.69 1422.77 1389.45 1369.96 38.0093 1347.54 1026.34 105.484 321.199 301.08 271.8 232.23 170.697
internal_count=6941 6747 6613 6448 6339 194 6215 4572 488 1643 1518 1364 1168 813
is_linear=0
shrinkage=0.03


Tree=182
num_leaves=15
num_cat=0
split_feature=32 29 29 14 1 0 29 29 1 29 30 32 33 22
split_gain=2.94231 9.12714 9.94432 7.40952 8.24062 8.10227 7.30405 12.2678 12.6864 11.9641 10.7091 10.9943 8.97045 7.64766
threshold=-0.098011308799811417 0.9729294013981783 0.67527527696271228 -5.0270578478117658 0.025971717923924751 0.31317836476401323 1.006796260095369 0.71884103818576728 -0.064645736674354096 0.83261754503124863 0.96730865348321082 0.93585024503435366 0.0059513797502921996 0.91276255295659914
decision_type=2 10 10 10 2 2 10 8 2 10 10 2 2 8
left_child=1 2 -1 4 -4 -6 7 13 9 -9 11 -8 -11 -2
right_child=6 -3 3 -5 5 -7 10 8 -10 12 -12 -13 -14 -15
leaf_value=-0.0029054924757220394 0.014131701853548496 -0.0021355216976609035 0.014247361563564398 -0.0048711042481048138 -0.0048350579206122872 0.015367405151562465 0.002766990784259806 -0.025100619680274504 -0.001592926701308967 -0.022510270306290606 -0.010667381846502583 0.02107061003548507 0.002293322569958592 -0.00072412529970113917
leaf_weight=106.29422396421432 33.853147305548191 325.28370189666748 143.03166843950748 34.282729003578424 51.383097838610411 26.13894160836935 140.98192446678877 55.701645351946354 130.68385072797537 18.290806025266647 38.378699615597725 36.500550575554371 40.54865238815546 295.80098172277212
leaf_count=488 160 1626 633 155 228 123 645 247 579 81 231 173 180 1349
internal_value=7.03976e-05 0.00150631 0.00478347 0.00798942 0.0100014 0.00208578 -0.00117639 -0.0029422 -0.0080088 -0.0152517 0.00351817 0.00662823 -0.00566444 0.000839588
internal_weight=1477.15 686.414 361.131 254.836 220.554 77.522 790.74 574.879 245.225 114.541 215.861 177.482 58.8395 329.654
internal_count=6898 3253 1627 1139 984 351 3645 2596 1087 508 1049 818 261 1509
is_linear=0
shrinkage=0.03


Tree=183
num_leaves=15
num_cat=0
split_feature=23 28 23 14 27 14 32 15 21 29 32 32 32 28
split_gain=3.31057 4.54228 3.8013 5.90846 5.24165 2.95208 10.7029 4.93382 4.83457 5.67103 7.26281 11.3346 6.42027 12.9377
threshold=-0.19621607828746021 4.1953679984008128 -0.10863137914292255 -3.4894025074244657 4.3085900464934221 -4.8154957058255112 -0.564573334685324 0.00020493426091405811 0.33120990702961711 0.59475909358423684 0.81279832427823717 0.98279651670771939 0.45201865172701733 -22.380516176534467
decision_type=8 10 8 8 10 8 2 10 8 8 2 2 2 10
left_child=1 -1 3 4 -2 6 -4 8 -7 10 12 -12 13 -10
right_child=2 -3 5 -5 -6 7 -8 -9 9 -11 11 -13 -14 -15
leaf_value=0.019944707418214611 -0.0048001319838669367 -0.0015878978064983588 -0.0090745373654892558 0.0089497826822056963 -0.024915320091850074 0.0093796743522522857 0.01894305913328256 -0.013286379689282915 -0.024026995379454175 0.00087361112756044056 0.014529587248669129 -0.01073258178241706 -0.015804611353592804 0.0021736831911266822
leaf_weight=16.809963867068291 35.023692857474089 17.191334843635559 20.056864634156227 15.469680368900297 16.975707471370697 49.830539423972368 28.816077571362257 23.47389829158783 20.37415811419487 1041.3975208438933 37.554495193064213 26.381855055689812 56.84885685890913 81.524847768247128
leaf_count=79 159 83 90 83 83 230 152 114 95 4842 169 133 266 372
internal_value=0.000206062 0.00932333 -1.34443e-05 -0.00691391 -0.0117131 0.000327142 0.00749357 5.98518e-05 0.000308214 -5.65178e-05 -0.00439079 0.00410098 -0.00781514 -0.00324759
internal_weight=1487.73 34.0013 1453.73 67.4691 51.9994 1386.26 48.8729 1337.39 1313.91 1264.08 222.684 63.9364 158.748 101.899
internal_count=6950 162 6788 325 242 6463 242 6221 6107 5877 1035 302 733 467
is_linear=0
shrinkage=0.03


Tree=184
num_leaves=15
num_cat=0
split_feature=13 13 29 33 13 13 31 13 13 13 29 13 13 33
split_gain=2.94342 3.45126 2.81813 2.96851 12.4468 9.52912 10.2827 7.2836 10.0855 10.2878 8.39639 6.15122 4.2804 9.10096
threshold=-3.8155692453800767 -2.3637480411515575 1.9623702112891828 0.0013279323167868207 0.16760658035405832 0.47664989529967755 0.04361938736533582 -0.10740470915813187 -0.34581979859030321 -0.59338329890890795 0.87907673486681348 1.0301903930910192 2.1321072285474325 0.10118559621313471
decision_type=8 8 8 2 10 10 2 8 10 8 10 10 10 2
left_child=-1 -2 3 4 7 -6 -7 8 9 10 -3 -8 -5 -14
right_child=1 2 -4 12 5 6 11 -9 -10 -11 -12 -13 13 -15
leaf_value=-0.010142994113180618 0.0097386018434784047 -0.0079726012817752136 0.010391713075506419 -0.00079380471617120812 0.029262084657795891 -0.0095383628598165356 0.021845734446797126 -0.018762620979446153 0.01543750731476745 -0.020710443300518234 0.015247311650438515 0.0034336772730671713 -0.015351455110516034 0.0078125806699317121
leaf_weight=26.582434315234423 29.480918698012829 32.781389154493809 20.199410416185856 1077.7343297824264 17.823821179568768 27.161460310220718 30.18832416087389 23.100524574518204 25.94402502477169 26.467471599578857 22.96935048699379 35.220336519181728 49.28921752050519 21.185298349708319
leaf_count=145 151 144 159 4931 79 121 137 103 122 116 102 168 246 137
internal_value=-0.000435321 -0.000249144 -0.000464716 -0.000629855 0.00238588 0.00976634 0.00573994 -0.00384811 -0.000520073 -0.0056805 0.00169412 0.0121325 -0.00126608 -0.00837625
internal_weight=1466.13 1439.55 1410.06 1389.87 241.657 110.394 92.5701 131.263 108.162 82.2182 55.7507 65.4087 1148.21 70.4745
internal_count=6861 6716 6565 6406 1092 505 426 587 484 362 246 305 5314 383
is_linear=0
shrinkage=0.03


Tree=185
num_leaves=15
num_cat=0
split_feature=13 31 0 13 30 33 0 30 1 31 13 13 29 16
split_gain=3.49589 5.19926 7.81344 4.25291 7.46996 7.26247 6.73063 6.72473 6.5247 8.21322 9.46848 10.7492 8.03023 7.74771
threshold=3.1350948948233719 0.99512551815703276 -0.086037685718605164 0.81978136229250442 -0.79231541740527989 0.0070307244389254363 0.24581202095110474 -0.10550542227394599 -0.070866536362119689 0.63435554093529933 0.021450641155236524 -0.43168413241646381 0.9610919805022563 0.0013624494264039557
decision_type=10 2 2 10 8 2 2 10 2 2 8 10 10 8
left_child=1 3 -3 4 -1 7 -7 -5 9 12 11 -11 13 -6
right_child=-2 2 -4 5 8 6 -8 -9 -10 10 -12 -13 -14 -15
leaf_value=-0.0035627593351490838 0.0084537252520425557 0.0036415937478991999 -0.021373519685842009 -0.0010788201968862301 0.012277458413288098 0.003928722020210669 -0.010545604445296338 -0.015103383831902363 0.0046345500445061855 0.00032461721848325647 -0.0049064498453023284 0.028782279390919333 0.0038147053278841806 -0.0089566144110743845
leaf_weight=237.5685772523284 43.728003572672606 20.068914547562599 23.829504355788231 58.603985540568829 16.235270321369171 141.53745990246534 35.278514318168163 64.176052398979664 501.55112554877996 21.570254042744637 31.460337206721306 25.838004626333714 95.474685732275248 160.29266604036093
leaf_count=1055 253 91 114 255 83 663 181 302 2343 120 146 121 476 705
internal_value=0.00019451 -6.31523e-05 -0.010111 0.000261313 0.00113168 -0.00289847 0.000997724 -0.00847213 0.00244265 -0.000694822 0.00776927 0.0161085 -0.0031685 -0.00694556
internal_weight=1477.21 1433.49 43.8984 1389.59 1089.99 299.596 176.816 122.78 852.422 350.871 78.8686 47.4083 272.003 176.528
internal_count=6908 6655 205 6450 5049 1401 844 557 3994 1651 387 241 1264 788
is_linear=0
shrinkage=0.03


Tree=186
num_leaves=15
num_cat=0
split_feature=27 31 1 31 31 0 0 27 1 27 30 32 30 1
split_gain=3.79958 5.31532 8.15876 9.17025 7.33971 4.1488 4.4901 4.13172 4.37991 4.98137 3.52831 5.9409 3.93657 3.60499
threshold=-10.31127793508446 -0.74455857214455057 0.006175462862231783 -0.97381903846659723 -0.53729960834682411 0.14060577877895755 -0.40273090272398071 -28.899797488284303 -0.11039360001908559 -15.049953738248687 1.3698921763039802 -0.3725607353243956 1.1703036910247988 0.074527137067371671
decision_type=8 2 2 2 2 2 2 10 2 10 10 2 8 2
left_child=1 2 3 -1 -3 6 -6 -8 9 -9 12 13 -2 -12
right_child=10 4 -4 -5 5 -7 7 8 -10 -11 11 -13 -14 -15
leaf_value=2.8274268578414348e-05 0.00034474723714242355 -0.010896412532340428 -0.0055644084828812678 0.023572170789654779 0.0098541719215247837 0.013723712958440694 0.0085497985133335726 -0.016357234606487286 0.0022720820816655844 0.0014244602744485162 0.0084855674556316308 -0.015840669749911971 0.010268303926776854 -0.0081779653100761771
leaf_weight=22.704890310764313 1002.8216344341636 35.126496199518442 21.594266805797815 42.265824571251869 49.320321526378393 30.729673467576504 34.704358842223883 33.281303033232689 65.165987007319927 23.925673291087151 25.044710870832205 30.990768861025572 36.319817025214434 20.204333435744047
leaf_count=107 4494 187 98 211 254 147 190 147 292 107 143 184 188 134
internal_value=0.00110694 0.00378757 0.0102189 0.0154696 0.00171278 0.00361853 0.0020551 -0.000440557 -0.00303881 -0.00902369 0.000241957 -0.00594459 0.000701132 0.00102912
internal_weight=1474.2 358.819 86.565 64.9707 272.254 237.127 206.398 157.077 122.373 57.207 1115.38 76.2398 1039.14 45.249
internal_count=6883 1740 416 318 1324 1137 990 736 546 254 5143 461 4682 277
is_linear=0
shrinkage=0.03


Tree=187
num_leaves=15
num_cat=0
split_feature=13 13 32 13 13 33 32 29 1 33 32 28 27 1
split_gain=3.6547 7.43233 7.73635 4.23221 8.66513 14.3733 7.71916 18.2428 16.4887 9.54535 7.26539 6.85719 5.07883 6.30053
threshold=-3.8155692453800767 -2.2791823608638331 0.22706275313213803 -0.78513458530691371 -0.67952816781317005 0.051950417295342784 -0.81279832427823695 0.70638304266924734 -0.12608641934005424 0.016177527429478415 0.8374305290577152 1.2375796882446723 -10.31127793508446 -0.19102445160268541
decision_type=8 8 2 8 8 2 2 10 2 2 2 10 8 2
left_child=-1 2 -2 6 5 11 -3 8 -8 -10 -9 -5 13 -6
right_child=1 3 -4 4 12 -7 7 10 9 -11 -12 -13 -14 -15
leaf_value=-0.010070584275606245 0.00014464868792062646 0.0090982063364373218 0.025168219676722236 0.015024073303628781 -0.0037562276496836589 0.031174040540623966 0.020084730243405489 -0.020108535810697905 -0.020602682275557657 0.0052398679104201677 0.0011881205190626045 -0.0087996561552635254 -0.00095567771807485949 0.0063278092714506278
leaf_weight=29.069911923259497 22.41591564193368 33.572595674544573 21.087077580392361 17.813948832452297 75.138943150639534 20.999324478209019 32.297205895185471 70.581185963004827 23.472496196627617 26.446629628539085 17.918411396443844 24.779329814016819 864.60316169634461 209.22218181192875
leaf_count=157 125 147 97 84 380 113 148 339 101 118 85 112 3975 988
internal_value=0.000282543 0.000495385 0.0125672 0.000116127 0.000789937 0.0114815 -0.00386765 -0.00645562 0.0037058 -0.00707754 -0.0158315 0.00128031 0.000188713 0.0036594
internal_weight=1489.42 1460.35 43.503 1416.85 1212.56 63.5926 204.289 170.716 82.2163 49.9191 88.4996 42.5933 1148.96 284.361
internal_count=6969 6812 222 6590 5652 309 938 791 367 219 424 196 5343 1368
is_linear=0
shrinkage=0.03


Tree=188
num_leaves=15
num_cat=0
split_feature=28 22 0 1 28 29 29 28 33 0 33 26 30 33
split_gain=2.80931 7.25221 5.85894 7.14212 6.14775 4.94069 4.82299 2.80754 7.70431 6.47965 4.51274 7.6907 4.10716 5.3837
threshold=-37.803438850096953 1.2671694658215931 0.060408390046317172 -0.22363278207379689 -73.191938168033474 0.91150105269996751 1.1045597000225147 -20.537082092828559 0.0011240704380516976 -0.11321472464567361 0.0083058195259135426 4.7213600817519472 1.4316831562041556 0.085651758016579468
decision_type=8 8 2 2 10 8 10 10 2 2 2 8 10 2
left_child=1 -1 3 -3 -5 -6 -4 8 -2 -10 -11 -12 -9 -14
right_child=7 2 6 4 5 -7 -8 12 9 10 11 -13 13 -15
leaf_value=-0.015576299975191575 0.01263416419632396 -0.0032799250769876215 -0.013366293370448517 0.00027470478423543908 0.0084778657236843566 0.02581281977070829 0.0066793346556666749 8.9250704108337472e-05 -0.013453896473579519 -0.011279444125487585 0.014169919789284668 -0.010953951574538164 -0.013247528681833565 0.004387721256922157
leaf_weight=15.980159465223549 19.376800678670406 33.565354127436876 23.347759425640106 24.835725769400597 28.976208075881004 32.633494079113007 18.579430766403675 1058.9399603568017 70.3082564920187 22.121933430433273 28.671958237886429 16.489868439733982 45.925202772021294 22.717931240797043
leaf_count=89 90 188 105 152 133 154 101 4774 330 102 131 79 265 149
internal_value=-0.000409955 0.00311251 0.00504102 0.00839624 0.0129156 0.0179255 -0.0045347 -0.000899879 -0.00464564 -0.00715272 -0.000467702 0.00495791 -0.000374784 -0.00743182
internal_weight=1462.47 177.918 161.938 120.011 86.4454 61.6097 41.9272 1284.55 156.969 137.592 67.2838 45.1618 1127.58 68.6431
internal_count=6842 922 833 627 439 287 206 5920 732 642 312 210 5188 414
is_linear=0
shrinkage=0.03


Tree=189
num_leaves=15
num_cat=0
split_feature=24 24 21 15 29 22 0 0 0 24 0 26 26 13
split_gain=4.1982 3.93481 5.10173 4.35832 4.99016 3.70739 3.26778 6.04214 3.46503 3.20711 3.03054 3.23812 6.14333 4.79441
threshold=-0.00084796322949854091 -0.00030778223117852136 0.44253722311982108 0.0030912509298755002 0.78434125898633611 1.2045170830764327 0.54905872736346872 0.60876191534907031 0.49246631619272141 -0.0013829863340342689 0.35694686827076599 7.8400554582636071 10.349441274506434 1.0949529298448348
decision_type=8 8 8 8 10 10 2 2 2 10 2 10 10 8
left_child=5 2 -2 4 -3 9 8 -8 10 -1 11 -5 -13 -14
right_child=1 3 -4 6 -6 -7 7 -9 -10 -11 -12 12 13 -15
leaf_value=0.0059064033623683525 0.017737211676083824 0.0024202759988141563 -0.0034199076337097858 0.0012359220419277941 -0.018293622213030436 -0.019572297576829403 -0.022022298400977497 0.0028131299570798634 0.012437869014322188 -0.01150861769472227 -0.0052073036198398417 -0.010725402782172756 -0.0016600914543095865 0.01354006104662007
leaf_weight=18.138488106429577 23.878113646060228 17.596491515636444 16.98080250248313 970.58360819146037 24.096548791974783 17.134135037660599 15.75715573877096 18.18488897383213 19.760774627327919 18.034984976053238 89.59617081657052 61.789727546274662 143.10167022421956 20.457300387322903
leaf_count=89 113 84 81 4436 121 84 79 95 99 86 441 279 705 108
internal_value=-0.000301615 1.10641e-05 0.00907275 -0.000263425 -0.00969943 -0.00848782 3.73549e-05 -0.00901669 0.000279514 -0.00285221 8.30964e-05 0.000483459 -0.00274856 0.00031181
internal_weight=1475.09 1421.78 40.8589 1380.92 41.693 53.3076 1339.23 33.942 1305.29 36.1735 1285.53 1195.93 225.349 163.559
internal_count=6900 6641 194 6447 205 259 6242 174 6068 175 5969 5528 1092 813
is_linear=0
shrinkage=0.03


Tree=190
num_leaves=15
num_cat=0
split_feature=27 0 31 27 32 0 0 30 22 27 23 29 32 29
split_gain=3.28135 4.11783 3.39418 5.24339 6.79063 4.97138 6.28331 5.4174 4.7523 4.5838 4.40886 4.38541 3.95304 7.79195
threshold=-28.899797488284303 -0.42686248283735645 0.78661891169205866 -17.137412198904297 -0.54643492068321275 0.030405841122603177 -0.289527854566898 -0.76874783130238533 -0.14195474868193073 3.2214393729690376 -0.014022385951790671 1.0341203776989769 -0.97854064376158167 1.0306928283873871
decision_type=8 2 2 10 2 2 2 8 8 10 10 10 2 10
left_child=1 -1 8 -4 -5 6 -6 -7 10 -8 -2 -9 13 -10
right_child=2 -3 3 4 5 7 9 11 12 -11 -12 -13 -14 -15
leaf_value=-0.0083036588858751044 -0.015454700074540138 0.0084106175546783679 -0.010207623512953392 0.02112911428385186 -0.0019525877537705991 -0.015467116910780261 0.016339133636396878 0.0056469756195357797 0.010224691611757731 0.0021194007514577654 0.0021868808147888705 -0.0089387050412916939 -0.0013830665231212135 -0.0095910029942326697
leaf_weight=15.333237383514641 37.707848746329546 72.71298660710454 26.106585707515478 17.621958173811436 54.818600829690695 22.070381417870522 53.324196435511112 56.582680732011795 67.943145453929901 33.209406934678555 18.676385261118412 26.380181573331356 940.49011565372348 23.224270075559616
leaf_count=94 178 404 128 87 265 99 247 274 288 153 83 143 4315 111
internal_value=-0.000142388 0.00543927 -0.000502668 0.00237531 0.00365341 0.00232316 0.00597899 -0.0026068 -0.00127153 0.0109685 -0.00967493 0.00095786 -0.000803322 0.00512749
internal_weight=1466.2 88.0462 1378.16 290.114 264.007 246.385 141.352 105.033 1088.04 86.5336 56.3842 82.9629 1031.66 91.1674
internal_count=6869 498 6371 1396 1268 1181 665 516 4975 400 261 417 4714 399
is_linear=0
shrinkage=0.03


Tree=191
num_leaves=15
num_cat=0
split_feature=27 29 31 1 33 27 29 13 13 29 13 28 13 28
split_gain=2.71544 5.70529 5.44459 4.63264 4.68195 4.56928 5.19344 8.94279 9.84809 7.88438 6.82507 4.88708 8.26583 5.86241
threshold=-10.31127793508446 1.5089547732759623 -0.63435554093529889 -0.26739615047710102 0.0090276288773079218 -9.6292031552636086 1.3022288221956801 -0.26797507847734237 0.12970785923090158 1.4928968948613293 -0.70232240871839524 -7.6713085697743812 -0.67952816781317005 -17.996473448036451
decision_type=8 8 2 2 2 10 8 10 10 10 8 10 10 10
left_child=1 3 -3 4 -1 -2 11 10 -9 -10 -8 12 -7 -14
right_child=5 2 -4 -5 -6 6 7 8 9 -11 -12 -13 13 -15
leaf_value=-0.017692194147210596 -0.015055086098545259 0.0078651808589914312 -0.01515410623470697 0.0050570522313977571 0.0022796829567106802 0.011773264788306472 0.0036329972677645733 -0.02100293594326957 0.014918760906221721 -0.0066404494752827573 0.025924981417911303 -0.0025499683298428944 -0.0054009412438128738 0.004482549519902684
leaf_weight=16.142148084938526 18.669657863676548 12.679044209420679 28.7252675332129 276.41540357097983 27.02404448390007 61.407732836902142 24.602364394813776 16.529715053737164 30.593739498406649 28.70600800216198 24.636388428509235 694.30951637774706 110.84230645745993 103.47662922739983
leaf_count=83 86 76 182 1280 141 289 132 87 145 177 136 3151 494 453
internal_value=9.51388e-06 0.00226704 -0.00808577 0.00362937 -0.00542035 -0.000723551 -0.000465711 0.00526333 -0.00122476 0.00454526 0.0150807 -0.00120902 0.00216463 -0.000630377
internal_weight=1474.76 360.986 41.4043 319.582 43.1662 1113.77 1095.1 125.068 75.8295 59.2997 49.2388 970.036 275.727 214.319
internal_count=6912 1762 258 1504 224 5150 5064 677 409 322 268 4387 1236 947
is_linear=0
shrinkage=0.03


Tree=192
num_leaves=15
num_cat=0
split_feature=13 29 13 29 31 32 32 13 32 29 26 31 13 23
split_gain=2.62238 11.8381 7.37493 10.217 6.07003 6.85513 9.46419 5.13423 4.00839 5.24535 6.81874 3.58987 17.9545 9.16592
threshold=1.2290063896109036 0.58048056193710862 1.1671829614740952 0.67527527696271228 0.9195955058153672 0.9195955058153672 0.66746801135786471 1.2794459673508578 -0.84915165824291594 0.70638304266924734 1.3169594724349312 -0.83743052905771542 0.86608639076969596 -0.18374718619905969
decision_type=10 10 8 10 2 2 2 10 2 10 10 2 10 8
left_child=2 -2 11 -4 5 6 7 -3 -9 -10 -11 12 -1 -13
right_child=1 4 3 -5 -6 -7 -8 8 9 10 -12 13 -14 -15
leaf_value=0.0057558739612190817 -0.024017127227751373 -0.016564934990592927 -0.0034402635679149289 0.029322298870480098 0.014477282662052948 0.012974861521073505 -0.025518359830260115 0.0093835762247541313 0.011266950622474948 -0.019883803894242848 0.0039866026562668895 0.015785646442031093 -0.022805802684108777 -0.0011354281250631421
leaf_weight=232.3798022903502 20.876957602798939 17.001231633126736 15.554236121475695 17.566642418503761 20.203680519014597 20.415682472288609 17.019927475601435 31.691655717790127 14.503833360970019 22.745369117707014 19.193599600344896 28.676961041986942 20.661789551377296 988.41482962295413
leaf_count=1060 125 75 81 83 111 103 86 140 66 114 103 136 88 4588
internal_value=4.90656e-05 -0.00329708 0.000522763 0.0142864 -0.000509173 -0.00271894 -0.00542588 -0.00196341 0.00100748 -0.00377704 -0.00912096 0.000152896 0.00334311 -0.000643301
internal_weight=1486.91 183.652 1303.25 33.1209 162.775 142.571 122.156 105.136 88.1345 56.4428 41.939 1270.13 253.042 1017.09
internal_count=6959 923 6036 164 798 687 584 498 423 283 217 5872 1148 4724
is_linear=0
shrinkage=0.03


Tree=193
num_leaves=15
num_cat=0
split_feature=22 28 29 30 29 29 28 32 32 32 27 28 33 1
split_gain=3.84451 2.62279 5.83507 7.92923 5.54228 7.12549 12.8965 10.4895 10.3171 8.97491 7.8716 6.05277 6.00522 4.84532
threshold=-1.3730138142826254 5.3975810465756178 0.38439550055520683 -0.80702853298802035 0.4686799589240388 0.70892430170024912 -23.448311315537037 0.40274668985873718 -0.18436924984152966 0.33172980431441496 1.5025478536356831 -8.4773701224127844 0.10997903427727605 -0.12190783385780657
decision_type=8 8 8 10 8 10 10 2 2 2 10 10 2 2
left_child=-1 4 -3 13 12 6 9 8 11 -6 -9 -8 -2 -4
right_child=1 2 3 -5 5 -7 7 10 -10 -11 -12 -13 -14 -15
leaf_value=-0.013446293215349263 -0.011080255891016147 0.014020846963871316 -0.022660826277307294 -0.00022145204975949356 -0.015504825077725624 0.00038060018880142917 0.021608378484236933 0.012199449756168804 0.03423939079260218 0.0072799434849476234 -0.0094953505143702838 -0.0013446484762308405 0.0085559396049957118 -0.0061040716860057539
leaf_weight=17.857596166431904 57.559444211423397 20.641201123595238 18.807104304432869 492.40234956517816 30.459273315966129 567.28869768604636 19.953900586813688 35.285992205142975 27.784788072109222 29.920443750917912 24.785950243473053 20.195116572082043 17.611327201128006 88.361062102019787
leaf_count=92 274 100 85 2328 147 2668 91 158 120 135 110 90 91 400
internal_value=1.22222e-05 0.000186997 -0.00128805 -0.00183755 0.00128832 0.00206337 0.00710194 0.012462 0.0204523 -0.00427945 0.00323917 0.0103108 -0.00642788 -0.00919228
internal_weight=1468.91 1451.06 620.212 599.571 830.845 755.674 188.385 128.006 67.9338 60.3797 60.0719 40.149 75.1708 107.168
internal_count=6889 6797 2913 2813 3884 3519 851 569 301 282 268 181 365 485
is_linear=0
shrinkage=0.03


Tree=194
num_leaves=15
num_cat=0
split_feature=13 13 33 31 31 13 31 13 31 31 30 13 31 28
split_gain=4.08543 12.2467 14.5957 7.00608 6.34836 5.75808 17.1634 9.65387 10.1856 11.258 8.87826 8.41495 11.4363 8.78309
threshold=-0.76286157536448307 -0.67952816781317005 0.051950417295342784 0.98279651670771939 -0.98990318592078552 -0.34581979859030321 0.04361938736533582 -0.16035561655645628 -0.9927505997980649 -0.065403129230142812 0.086634201113011663 -0.36971202427702149 -0.90159026428466904 14.823354084954056
decision_type=8 8 2 2 2 8 2 8 2 2 10 10 2 10
left_child=3 2 -2 4 -1 6 11 -7 -9 -10 -8 12 -3 -14
right_child=1 5 -4 -5 -6 7 10 8 9 -11 -12 -13 13 -15
leaf_value=-0.018284362697878007 0.0029895620529171566 0.017751479750987037 0.03660027046583194 -0.021243181129807137 -0.00069265264505067236 0.011951430372134171 -0.025373968036622441 0.018585329441144025 -0.0044938384879649323 0.0025595563179551073 -0.0022776730947820867 -0.01696224363894052 0.004555495312743056 -0.016922530265041723
leaf_weight=18.88314613699913 32.23262382298708 38.59048018977046 17.36905637383461 17.053445175290108 259.78336899355054 68.032873306423426 40.795552954077721 25.56978801637888 339.7829563356936 505.15515591204166 23.67763777077198 17.919424943625927 55.600352432578802 23.593185763806105
leaf_count=87 145 165 91 83 1248 313 178 119 1612 2336 112 79 261 126
internal_value=2.27183e-05 0.00080839 0.0152498 -0.0031265 -0.00194583 0.000166506 -0.00443983 0.00115265 0.000295944 -0.000278851 -0.0170562 0.0016352 0.00458356 -0.00197443
internal_weight=1484.04 1188.32 49.6017 295.72 278.667 1138.72 200.177 938.541 870.508 844.938 64.4732 135.703 117.784 79.1935
internal_count=6955 5537 236 1418 1335 5301 921 4380 4067 3948 290 631 552 387
is_linear=0
shrinkage=0.03


Tree=195
num_leaves=15
num_cat=0
split_feature=0 0 0 30 30 13 32 29 30 27 16 13 29 33
split_gain=3.90993 4.23971 3.9506 3.61469 6.64415 4.44011 3.78942 3.5347 3.69305 3.40276 3.22598 3.13321 11.4996 9.62376
threshold=-0.45260292838410571 -0.65563190103389701 -0.41987561348775393 2.0575421225067316 1.4016972147443105 0.66132013130627421 -0.39271506111191329 0.78434125898633611 -0.71641264862502796 -1.4517817967174549 -0.0021658055119608828 -0.10740470915813187 0.4686799589240388 0.010664883377694317
decision_type=2 2 2 8 10 8 2 10 10 10 8 10 10 2
left_child=1 -1 -2 4 10 9 -5 8 -3 -6 -4 -12 -13 -14
right_child=2 7 3 6 5 -7 -8 -9 -10 -11 11 12 13 -15
leaf_value=-0.0078822296516040252 -0.011540512617883872 0.0013237070497065732 0.010409691648531106 0.01583680573530466 -0.0051913330979108654 -0.00028837938520702991 -0.0016773850407107032 0.0021164618474588926 0.018803342006859153 -0.023174606851057523 0.0011959685892292344 -0.018621931641908229 0.0032788968952193126 -0.0045162277286685823
leaf_weight=19.007359348237514 28.284950006753206 16.382627874612808 24.359702229499817 23.732846859842539 16.630893766880035 26.656032308936119 19.880555711686611 57.75993636995554 32.348264813423157 23.453263580799103 566.86046978831291 33.907255135476589 266.15448099374771 304.64977439492941
leaf_count=107 136 79 113 180 92 147 135 297 155 125 2552 178 1149 1401
internal_value=-0.000165694 0.0048754 -0.000643036 -0.000398426 -0.000694421 -0.00983461 0.00799456 0.00720463 0.0130717 -0.0160213 -0.000176554 -0.000405356 -0.00190594 -0.000882141
internal_weight=1460.07 125.498 1334.57 1306.29 1262.67 66.7402 43.6134 106.491 48.7309 40.0842 1195.93 1171.57 604.712 570.804
internal_count=6846 638 6208 6072 5757 364 315 531 234 217 5393 5280 2728 2550
is_linear=0
shrinkage=0.03


Tree=196
num_leaves=15
num_cat=0
split_feature=13 13 31 23 13 29 1 29 31 23 1 33 30 31
split_gain=3.53372 10.9153 10.5948 12.5474 17.0157 11.1046 9.55977 9.12051 7.32959 6.43438 7.20377 6.32843 5.31184 5.05408
threshold=-0.34581979859030321 -0.26797507847734237 0.23768589232617301 0.073523420222137148 -1.2104238598567305 0.62925146480975302 0.04860439579374385 1.4928968948613293 0.58244304235731448 -0.19251505756918771 0.12676426291084125 0.10118559621313471 -0.075188176744776056 -0.9927505997980649
decision_type=8 8 2 8 10 10 2 10 2 10 2 2 10 2
left_child=2 -2 9 -4 6 -6 -5 13 11 10 -1 -9 -12 -3
right_child=1 7 3 4 5 -7 -8 8 -10 -11 12 -13 -14 -15
leaf_value=0.00065770287318471911 0.014467235517734611 0.014893225619758966 0.011654476029630982 0.011470674862275128 0.002770760316159086 -0.021960822771323548 -0.01514422171140326 -0.028517599125464133 0.0049769559483551409 -0.012119165589654665 0.023391099944408206 -0.0053867332393100651 0.0016037110221650914 0.00075559105169187334
leaf_weight=280.03998832777143 50.999138291925192 22.438120674341917 25.316750422120094 37.078065741807222 19.702862489968538 89.130776066333055 16.862737633287907 21.584108628332615 18.223378743976355 29.099404878914356 22.626706331968307 21.221544396132231 17.826942160725594 791.20641488209367
leaf_count=1308 236 102 125 182 92 411 81 126 108 140 106 137 92 3618
internal_value=-9.72296e-06 0.00111352 -0.00194196 -0.00766303 -0.0107204 -0.017499 0.00302624 0.000319276 -0.0107703 0.00114922 0.00238788 -0.0174349 0.0140602 0.00116327
internal_weight=1463.36 925.673 537.684 188.091 162.774 108.834 53.9408 874.674 61.029 349.593 320.494 42.8057 40.4536 813.645
internal_count=6864 4327 2537 891 766 503 263 4091 371 1646 1506 263 198 3720
is_linear=0
shrinkage=0.03


Tree=197
num_leaves=15
num_cat=0
split_feature=15 14 0 0 31 26 29 14 26 13 26 33 29 29
split_gain=3.31963 5.869 3.75811 4.65702 3.58079 2.73266 5.57313 7.64282 4.60884 6.8316 4.84454 4.0448 5.12572 4.30951
threshold=0.00020493426091405811 -4.5218411358982626 -0.49658000166152971 -0.65563190103389701 0.99702681066517462 3.0840847315838364 0.80273282636872956 -4.6828128515147274 0.096926972887878562 -0.59338329890890795 -1.4027643934788612 0.19708263020873559 0.9035370888296127 0.70638304266924734
decision_type=10 10 2 2 2 8 10 8 10 10 10 2 10 8
left_child=2 -2 3 -1 5 8 -7 -8 10 -10 -4 12 13 -11
right_child=1 -3 4 -5 -6 6 7 -9 9 11 -12 -13 -14 -15
leaf_value=-0.0069977512399534503 0.0052131754167059887 -0.016794981246575687 0.00069981616438459656 0.0096671228882304477 -0.010379319553945634 -0.0058671185555389423 -0.01796239216244544 0.001728385108172826 0.014000102765538593 0.00046516101986969466 -0.0065218672193103388 0.01157942259272594 0.0065905973926763005 -0.014803830230230096
leaf_weight=18.676376104354858 17.142436727881432 27.244810737669468 532.49158764630556 66.170488767325878 31.312208235263824 201.11017241701484 17.88651530444622 291.61954305693507 52.367018710821867 36.415743857622147 98.143056780099869 26.713788419961929 44.139160715043545 29.537081867456436
leaf_count=100 84 135 2483 342 148 918 89 1417 233 160 439 135 191 126
internal_value=-0.00037881 -0.0083678 -0.000128063 0.00596009 -0.000511498 -0.000271632 -0.0019923 0.000536261 0.000801204 0.00489495 -0.000432611 0.00133334 -0.00123472 -0.00649206
internal_weight=1490.97 44.3872 1446.58 84.8469 1361.74 1330.42 510.616 309.506 819.807 189.173 630.635 136.806 110.092 65.9528
internal_count=7000 219 6781 442 6339 6191 2424 1506 3767 845 2922 612 477 286
is_linear=0
shrinkage=0.03


Tree=198
num_leaves=15
num_cat=0
split_feature=0 26 0 31 29 0 26 0 28 26 29 28 28 29
split_gain=3.97238 5.95799 5.58303 8.56396 7.16815 5.15628 4.76065 4.38514 4.91371 6.1794 4.72974 4.44372 6.1812 6.974
threshold=-0.10260652242768617 -12.572707848752527 0.027391225259242629 -0.54643492068321342 1.1810887017103429 0.0071949968873298419 -9.0806950613542252 0.091521171356317363 26.682021288326755 -1.1536331536277087 0.83261754503124863 -32.76735355058679 -14.215117807201414 0.91627985633848075
decision_type=2 10 2 2 10 2 10 2 8 10 8 10 8 10
left_child=1 -1 3 4 -2 6 -5 8 9 -4 -11 -9 13 -13
right_child=2 -3 7 5 -6 -7 -8 11 -10 10 -12 12 -14 -15
leaf_value=0.0037199685101443249 -0.0083845605202050918 -0.0038651995180689035 -0.012168481113092006 -0.0076874333567902714 0.013241978000855447 0.021064618788765397 0.0085260644245566813 -0.0082743425621637032 -0.016702570482419844 -0.0063038851924959415 0.011552143778848563 0.019989820097727595 4.730510379828613e-05 -0.0010308122816110787
leaf_weight=114.03823458775878 59.658706031739712 492.80043129995465 34.169719666242599 18.205202799290419 16.89670330286026 24.611850004643202 113.46966709941626 46.625601295381784 28.038017358630896 22.361767843365669 30.427293542772532 30.666427910327911 405.79353853687644 25.590143546462059
leaf_count=597 261 2261 153 87 90 112 506 232 135 99 139 138 1927 123
internal_value=-0.000581066 -0.00243601 0.000734463 0.00468792 -0.00350213 0.00869648 0.00624336 -0.000746662 -0.00601041 -0.00241226 0.00401165 0.000452777 0.0013494 0.0105769
internal_weight=1463.35 606.839 856.515 232.842 76.5554 156.287 131.675 623.673 114.997 86.9588 52.7891 508.676 462.05 56.2566
internal_count=6860 2858 4002 1056 351 705 593 2946 526 391 238 2420 2188 261
is_linear=0
shrinkage=0.03


Tree=199
num_leaves=15
num_cat=0
split_feature=13 13 33 33 29 28 13 0 0 33 0 30 29 29
split_gain=3.84588 7.30096 5.32704 5.64313 4.13368 3.90188 8.6931 6.81925 4.71583 8.4969 8.03059 4.66126 6.82537 4.58753
threshold=3.1350948948233719 2.1321072285474325 0.002586458977622292 0.056465118932625756 0.76540059318633469 7.8262714302601575 1.2290063896109036 0.51314051784954329 0.15965180516777891 0.38386454775814488 -0.063321753249746662 0.28775332807077592 0.68094746937944817 0.63751015196519012
decision_type=10 10 2 2 10 8 8 2 2 2 2 10 10 10
left_child=1 5 -2 -4 -3 -1 7 8 10 11 13 12 -10 -7
right_child=2 4 3 -5 -6 6 -8 -9 9 -11 -12 -13 -14 -15
leaf_value=0.0014707987264188931 0.022990273378665549 1.2496369209843906e-05 -0.010515952850231771 0.015334004727553804 -0.018757500391020556 0.01127738428986921 -0.015261941490364405 -0.016851472378278481 -0.00039709449986023335 -0.014566652561239835 -0.0073405946993770517 0.00017840580684455151 0.017387650289070536 -0.00035356004967605032
leaf_weight=846.59580191597342 14.469966903328894 16.527318805456161 15.950766030699016 12.784632317721842 28.238513864576817 38.068935751914978 38.922468118369579 21.518536582589149 29.81736820936203 18.23561442643404 142.68708293884993 58.715278130024672 54.467066273093224 139.22884673252702
leaf_count=3918 78 76 90 87 147 171 184 112 130 100 657 314 237 634
internal_value=7.94471e-05 -0.00018927 0.00879484 0.00111383 -0.0119789 0.000199247 -0.00178719 -0.000715735 3.92498e-05 0.00420784 -0.0020678 0.00668653 0.011165 0.00219305
internal_weight=1476.23 1433.02 43.2054 28.7354 44.7658 1388.26 541.661 502.739 481.22 161.235 319.985 143 84.2844 177.298
internal_count=6935 6680 255 177 223 6457 2539 2355 2243 781 1462 681 367 805
is_linear=0
shrinkage=0.03


Tree=200
num_leaves=15
num_cat=0
split_feature=29 28 32 29 30 22 29 32 32 32 32 28 32 16
split_gain=2.94156 10.5011 10.7623 18.22 13.5621 6.99421 7.24616 11.3047 14.5867 8.72262 8.0928 6.46827 12.21 5.3907
threshold=0.79934539206032762 15.697766286288941 0.22706275313213803 0.71884103818576728 0.54380734556622479 1.1307381249458801 0.59475909358423684 0.75894212529897775 0.49049438445969418 0.98279651670771939 0.65106671239330416 -21.480390887207431 -0.75894212529897775 -0.00065115267983628644
decision_type=10 8 2 10 8 8 10 2 2 2 2 10 2 8
left_child=1 2 4 5 11 -4 7 8 -7 -9 -8 -1 -13 -2
right_child=13 -3 3 -5 -6 6 10 9 -10 -11 -12 12 -14 -15
leaf_value=-0.0013840209031293987 -0.011164807504017538 -0.007800446126682045 0.01566880859138645 -0.019140511404603638 -0.0087049670887657353 0.0015997663575318003 0.017168612173942256 0.010389382829762931 -0.027484217320080346 -0.011915344161013296 -0.0033971019370694212 0.0019330269583063941 0.02125062645272666 0.0018444012643729602
leaf_weight=32.931003615260124 28.709446355700493 164.42990177124739 24.299552381038666 49.513189747929573 41.799748692661524 28.000628970563412 33.249931141734123 47.078194953501225 33.530469872057438 22.531064823269844 34.082098126411438 49.279328718781471 72.983069151639938 825.64560051634908
leaf_count=147 142 757 121 219 205 123 143 217 161 113 150 207 330 3947
internal_value=0.000246645 -0.00130091 0.000988205 -0.00287288 0.00631257 0.000812137 -0.00107624 -0.00517273 -0.0144352 0.0031033 0.0068613 0.0103872 0.0135433 0.0013947
internal_weight=1488.06 633.708 469.278 272.285 196.993 222.772 198.472 131.14 61.5311 69.6093 67.332 155.193 122.262 854.355
internal_count=6982 2893 2136 1247 889 1028 907 614 284 330 293 684 537 4089
is_linear=0
shrinkage=0.03


Tree=201
num_leaves=15
num_cat=0
split_feature=0 0 33 13 13 13 13 13 13 13 13 13 13 28
split_gain=3.36383 3.72254 3.32128 10.8426 7.73255 8.75953 6.00799 7.12114 10.8658 15.7656 11.1228 10.4775 9.92894 5.67334
threshold=0.53075958895522224 0.47973084722761156 0.12992487734036787 -1.1266327272672065 1.8812940246837837 -0.67952816781317005 -0.53714660940854253 -0.065868397494651967 0.029108913191908937 0.33363589451543096 0.59469704750605801 1.0766977612173159 -0.15456050112243125 14.823354084954056
decision_type=2 2 2 10 10 10 10 10 10 10 10 10 10 8
left_child=1 2 -1 -4 5 -5 -7 12 -9 -10 -11 -12 13 -8
right_child=-2 -3 3 4 -6 6 7 8 9 10 11 -13 -14 -15
leaf_value=-0.00034200117977417686 -0.0081074765673250088 0.013303233494847263 -0.011257165808108217 0.017271331747815675 0.020746681916313185 -0.01443358013166776 0.010194447630793173 -0.020205308971633733 0.029597796981160024 -0.016507136159406775 0.012394134650490309 -0.011537579190818565 0.026177938394803226 -0.011438042623926019
leaf_weight=1077.1067966073751 39.593490891158581 19.626694049686193 40.524835299700499 35.330972820520401 25.058256439864635 18.73280468583107 28.955563168972731 21.324554532766342 15.74444382637739 31.037853166460991 49.603634260594845 23.48725101724267 23.370072856545448 16.191110827028751
leaf_count=4878 202 100 229 185 154 96 148 103 80 147 244 127 112 78
internal_value=0.000408716 0.000650671 0.000464783 0.00309625 0.00514198 0.00358682 0.00140436 0.00288087 -0.000982185 0.00257634 -0.00175203 0.00465192 0.0107414 0.00235657
internal_weight=1465.69 1426.09 1406.47 329.361 288.837 263.778 228.447 209.714 141.198 119.873 104.129 73.0909 68.5167 45.1467
internal_count=6883 6681 6581 1703 1474 1320 1135 1039 701 598 518 371 338 226
is_linear=0
shrinkage=0.03


Tree=202
num_leaves=15
num_cat=0
split_feature=28 32 27 13 27 13 32 13 13 29 29 32 30 26
split_gain=2.84166 7.89378 7.59575 5.80263 5.16124 3.89122 5.04005 3.63016 5.92335 8.22888 5.24805 6.55207 2.9522 2.88706
threshold=57.584748476116062 -0.16288578192842348 27.7291122439749 -0.58626677349883527 20.813840951405819 0.021450641155236524 0.032717136199948357 3.1350948948233719 2.1321072285474325 0.79282385876880845 0.57692442869540239 0.14132478920498384 0.22562671180674851 -12.572707848752527
decision_type=8 2 10 10 8 8 2 8 10 10 10 2 10 10
left_child=2 3 7 -2 -5 6 -4 8 13 -10 -9 -12 -3 -1
right_child=1 12 5 4 -6 -7 -8 10 9 -11 11 -13 -14 -15
leaf_value=0.0040347527865322742 0.017198953254033807 -0.024981343097190946 -0.0069961663435227058 0.0045619837494837246 -0.017822313655336011 0.017573818632143644 0.014580832319930681 -0.0074784116893222901 0.003064765570181214 -0.022932094018637956 0.028066364957679824 0.0028049415807881077 -0.0078047008818923416 -0.00064850496564540982
leaf_weight=132.12683995068073 15.558215621858833 15.732654742896555 19.736192174255848 23.464643351733685 14.010108444839714 31.440189316868782 17.456928957253695 14.504400409758089 19.461773216724396 23.474707327783108 14.918840833008288 22.629710152745247 22.545212183147669 1074.9658878594637
leaf_count=668 94 78 102 114 89 168 85 85 90 121 86 112 132 4838
internal_value=-2.78976e-05 -0.00512281 0.00031499 0.00238514 -0.0040522 0.00996853 0.0032478 -0.000201112 -0.000526911 -0.011347 0.00748527 0.0133096 -0.0153208 -0.000132966
internal_weight=1462.03 91.3108 1370.72 53.033 37.4748 68.6333 37.1931 1302.08 1250.03 42.9365 52.053 37.5486 38.2779 1207.09
internal_count=6862 507 6355 297 203 355 187 6000 5717 211 283 198 210 5506
is_linear=0
shrinkage=0.03


Tree=203
num_leaves=15
num_cat=0
split_feature=1 13 31 32 29 31 13 31 31 29 28 28 28 32
split_gain=2.64939 8.99159 3.79953 5.53622 3.5874 4.45056 3.24714 5.67554 10.4346 6.57988 4.62874 7.85412 3.59517 9.63857
threshold=0.19369727200286277 -0.69207001455430806 0.47136869107721086 -0.10886687485196482 0.74630881068610078 -0.63435554093529889 -1.3609952845775279 -0.22706275313213778 -0.81279832427823717 0.71884103818576728 -1.4554326155602479 20.614108954233327 -40.745874789180895 0.88186879444286481
decision_type=2 10 2 2 10 2 8 2 2 10 10 10 8 2
left_child=6 -2 4 -4 -3 -6 7 8 9 -1 -9 -12 13 -8
right_child=1 2 3 -5 5 -7 12 10 -10 -11 11 -13 -14 -15
leaf_value=0.019995824141622431 -0.014238625286865828 0.020500492345920746 0.01053377482181673 -0.010914458508250022 -0.0061295019090622151 0.015380882103811539 0.0065667415414697606 0.019191819827349577 -0.016177367784242835 -0.0056005636009485455 -0.0078533186487977427 0.01830458254049375 -0.0015920526929042906 -0.016032507418251241
leaf_weight=18.525358229875565 19.205640181899071 26.590128801763058 22.550759363919497 19.057446733117104 15.204552985727785 17.893107820302248 122.59053440019488 27.424178961664438 27.223101381212473 16.181951176375151 23.462280355393887 16.929394282400608 1080.8584454916418 18.722896054387093
leaf_count=89 98 130 121 96 74 94 629 148 143 92 107 81 4918 96
internal_value=-0.000142148 0.00410151 0.00768398 0.000684427 0.0124717 0.00560938 -0.000523153 0.00397115 -0.00258029 0.00823913 0.00990457 0.00328762 -0.00100313 0.00348091
internal_weight=1472.42 120.502 101.296 41.6082 59.6878 33.0977 1351.92 129.746 61.9304 34.7073 67.8159 40.3917 1222.17 141.313
internal_count=6916 613 515 217 298 168 6303 660 324 181 336 188 5643 725
is_linear=0
shrinkage=0.03


Tree=204
num_leaves=15
num_cat=0
split_feature=0 0 30 28 32 33 23 29 23 32 29 1 27 1
split_gain=3.9281 3.7672 3.63812 2.94708 4.06851 3.47338 7.8484 7.87338 6.4273 5.57751 7.76428 7.51235 10.6363 12.3448
threshold=0.54905872736346872 0.49246631619272141 1.898184141807578 74.006277856004672 -0.15212338618991647 0.019111490483233937 -0.045703947400336412 0.45586251366986696 0.014984478469390928 0.75894212529897775 1.2203750824708102 -0.018380196317899004 9.0095741742990416 -0.054683444139691374
decision_type=2 2 10 8 2 2 10 10 10 2 10 2 10 2
left_child=1 2 3 5 -5 6 7 -1 -8 11 -11 12 13 -9
right_child=-2 -3 -4 4 -6 -7 8 9 -10 10 -12 -13 -14 -15
leaf_value=-0.010355983793740019 -0.0095706581340162522 0.012196203476429758 0.0081753672273092871 0.00062047445761349233 -0.019025635994113419 -0.0016476978211945445 -0.023891076020920499 0.0074789894067882829 0.0009100017391100631 0.00092765028674471946 -0.018089506712786346 0.00027252664590280741 -0.0044350588486081859 0.026537217371334781
leaf_weight=41.172974944114685 37.087084300816059 22.144450560212135 46.276495799422264 20.278628222644329 16.726595677435398 637.52012797817588 18.451402850449085 181.32797287404537 18.070308521389961 114.00691290199757 22.244514085352421 205.98392152041197 50.588722363114357 36.214161098003387
leaf_count=194 190 110 347 107 91 3037 83 802 80 500 106 888 223 155
internal_value=-6.19339e-05 0.000191013 -6.20111e-06 -0.000289857 -0.00852664 -5.36632e-05 0.00142353 0.00218877 -0.0119227 0.00305055 -0.00228628 0.00458584 0.00788609 0.0107585
internal_weight=1468.09 1431.01 1408.86 1362.59 37.0052 1325.58 688.061 651.539 36.5217 610.366 136.251 474.115 268.131 217.542
internal_count=6913 6723 6613 6266 198 6068 3031 2868 163 2674 606 2068 1180 957
is_linear=0
shrinkage=0.03


Tree=205
num_leaves=15
num_cat=0
split_feature=29 13 27 13 13 13 33 13 13 1 31 32 13 1
split_gain=3.6738 12.4633 5.51652 4.96343 4.31314 22.4659 7.84283 24.9882 17.5981 12.2797 18.8558 11.0683 14.762 10.1785
threshold=1.4928968948613293 -0.26797507847734237 -2.6322593117678035 0.66132013130627421 0.16760658035405832 0.24517526554461974 0.010664883377694317 0.66132013130627421 0.66132013130627421 -0.0063774731804907411 -0.88186879444286459 0.17364817766693066 0.59469704750605801 -0.17719995917195505
decision_type=8 8 8 8 10 10 2 10 10 2 2 2 10 2
left_child=4 2 -2 -3 -1 -6 8 -8 11 13 -11 -7 -13 -10
right_child=1 3 -4 -5 5 6 7 -9 9 10 -12 12 -14 -15
leaf_value=-0.00098149535038905 -0.0048881552499813515 -0.02293793118617227 0.015712872571338094 -0.0059083601996029753 0.026531941880578162 0.026467844226454641 -0.012500854647473879 0.0046546292878443113 -0.010645232835215875 -0.032322479528117891 -4.6126038994137778e-05 -0.014615252478109002 0.018261244827142691 0.012976364792423437
leaf_weight=773.63414103165269 20.367243401706219 28.191601820290089 25.352898467332125 34.646413005888462 31.836927473545074 42.176168732345104 125.24275273084641 192.69428069517016 21.352530971169472 22.180784218013287 54.80889780819416 19.172786325216293 30.64833028614521 62.036349974572659
leaf_count=3533 127 169 147 216 140 187 572 936 103 99 251 83 129 275
internal_value=7.93586e-05 -0.00520795 0.00662741 -0.0137881 0.000500041 0.00240197 0.00101087 -0.00212132 0.00494952 -0.00106458 -0.00964018 0.0153326 0.00557067 0.00687336
internal_weight=1484.34 108.558 45.7201 62.838 1375.78 602.15 570.313 317.937 252.376 160.379 76.9897 91.9973 49.8211 83.3889
internal_count=6967 659 274 385 6308 2775 2635 1508 1127 728 350 399 212 378
is_linear=0
shrinkage=0.03


Tree=206
num_leaves=15
num_cat=0
split_feature=26 26 0 30 0 0 30 19 30 27 24 31 20 27
split_gain=3.14084 2.41496 3.90126 5.45977 4.71659 3.17179 2.68082 7.97495 6.00324 4.80595 3.81267 3.79936 6.40905 6.39522
threshold=31.040649867692952 13.022970945986147 0.19807184288547666 0.90221053617152358 0.35146523139448599 0.027391225259242629 0.68035986979561935 -0.14680104753139742 0.6013378395315081 26.988150330353736 -0.00082432623393111288 -0.56457333468532422 1.6880914535200022 -12.533244853449863
decision_type=10 10 2 10 2 2 8 8 10 10 10 2 8 10
left_child=1 6 3 5 -4 -3 8 -8 9 11 -9 12 -1 -14
right_child=-2 2 4 -5 -6 -7 7 10 -10 -11 -12 -13 13 -15
leaf_value=0.010212797283219279 -0.012870388860593409 0.0010799472544015028 0.017024380460180642 0.010903053027522378 0.00053547633536988161 -0.014660942508506115 -0.020598944490037834 -0.0027175411394169289 0.012980181475533852 0.010877041917923531 0.012240821112890807 0.00041744176796201457 0.004363498468799216 -0.007702604132374947
leaf_weight=25.7529606372118 17.004643693566322 21.534317366778851 31.223028022795916 21.011630691587925 30.418986700475216 23.46338614076376 21.016256455332041 238.41784321516752 30.346873991191387 32.204829283058643 15.401083145290611 714.98961791396141 48.85233623534441 194.51327598839998
leaf_count=118 131 98 153 116 162 104 113 1230 143 150 82 3215 218 865
internal_value=-0.000417336 -0.000262434 0.00366164 -0.00140766 0.00902591 -0.0072682 -0.000643967 -0.00327506 4.93807e-05 -0.00034911 -0.00176543 -0.000727153 -0.00375838 -0.00527255
internal_weight=1466.15 1449.15 127.651 66.0093 61.642 44.9977 1321.5 274.835 1046.66 1016.31 253.819 984.108 269.119 243.366
internal_count=6898 6767 633 318 315 202 6134 1425 4709 4566 1312 4416 1201 1083
is_linear=0
shrinkage=0.03


Tree=207
num_leaves=15
num_cat=0
split_feature=28 23 13 13 32 13 1 21 27 33 31 32 13 13
split_gain=6.14755 5.48518 4.20391 7.60965 10.6634 7.21445 6.75783 7.31171 6.96768 6.83433 6.66662 5.42777 4.88166 4.45985
threshold=-7.6713085697743812 -0.034557979948785185 1.2290063896109036 0.56653984037339777 -0.97854064376158167 1.2794459673508578 -0.17065757215586083 1.234539093837306 6.1856777915947356 0.0083058195259135426 -0.22706275313213778 0.043619387365335889 0.47664989529967755 0.82133055581122427
decision_type=8 10 8 10 2 10 2 8 10 2 2 2 10 10
left_child=1 -1 3 12 -5 -4 -6 -8 9 -9 -10 -12 -2 -11
right_child=2 -3 5 4 6 -7 7 8 10 13 11 -13 -14 -15
leaf_value=0.002140567335618025 -0.001757680554667772 0.018735391648353906 -0.024720012952166033 0.026525172765301797 -0.017764138114290201 -0.0034994443759856237 -0.0093872119710830381 0.023102918970061531 -0.012957016923565386 -0.0060045123235775997 0.016768938187869301 -0.0028980742559292418 -0.017036774412914867 0.01318563308150991
leaf_weight=541.31528561934829 567.99938754737377 17.56714403629303 15.977441996335982 16.933224856853485 13.02405261993408 99.1107242628932 30.118840400129557 32.57374019920826 23.227528367191553 18.589421257376671 22.41199005022645 26.885967642068863 18.487054944038391 23.888922527432442
leaf_count=2582 2613 95 81 74 59 499 136 141 117 83 111 121 80 112
internal_value=0.000221288 0.00269472 -0.00130036 -0.000520177 0.00440204 -0.00663301 0.00230972 0.00387219 0.00662324 0.0129675 -2.90768e-05 0.00619863 -0.00226748 0.00484267
internal_weight=1468.11 558.882 909.228 794.14 207.654 115.088 190.72 177.696 147.578 75.0521 72.5255 49.298 586.486 42.4783
internal_count=6904 2677 4227 3647 954 580 880 821 685 336 349 232 2693 195
is_linear=0
shrinkage=0.03


Tree=208
num_leaves=15
num_cat=0
split_feature=13 31 31 31 32 1 13 13 13 13 29 32 33 29
split_gain=3.04483 4.538 3.1592 3.46615 4.1632 6.23034 4.33055 12.6979 9.01394 6.5214 7.8086 7.2675 5.24664 4.36144
threshold=3.1350948948233719 0.24825246871434695 0.99845357241023069 0.79989897227935891 -0.36243803828370164 0.0082028265709520876 0.24517526554461974 0.88970192208217724 0.60824691977472667 -0.34581979859030321 0.80273282636872956 0.21643961393810271 0.043975078840948943 0.96509301725426322
decision_type=10 2 2 2 2 2 8 10 10 10 10 2 2 10
left_child=2 -2 3 -1 5 -5 9 8 -8 10 -6 -12 -11 -9
right_child=1 -3 -4 4 6 -7 7 13 -10 12 11 -13 -14 -15
leaf_value=-0.00094659352062698675 -0.0066239009147593822 0.013959089363159639 -0.010702334348327493 0.021659020759420992 0.0094686014617682886 -9.3403561214144709e-05 -0.0026491127823596253 0.00023623579569141055 -0.026815676624323458 0.00075503764764437158 -0.024983668696214316 0.0028843975827775948 0.021184037631860286 0.020930117373540804
leaf_weight=1147.2100621089339 13.343345753848551 29.665895640850067 25.516849666833878 23.079298250377178 30.504853397607803 23.317839656025171 35.08158615231514 19.090064078569412 22.270795345306396 18.383887320756912 16.146311096847057 16.187384471297264 28.742777481675148 16.673667207360268
leaf_count=5314 90 160 120 140 138 127 160 87 98 78 82 81 130 82
internal_value=-0.000203991 0.00756793 -0.000444176 -0.000249241 0.00294846 0.0109556 0.00107439 -0.00366514 -0.0123321 0.00508459 -0.00126092 -0.011364 0.0133961 0.010191
internal_weight=1465.21 43.0092 1422.21 1396.69 249.478 46.3971 203.081 93.1161 57.3524 109.965 62.8385 32.3337 47.1267 35.7637
internal_count=6887 250 6637 6517 1203 267 936 427 258 509 301 163 208 169
is_linear=0
shrinkage=0.03


Tree=209
num_leaves=15
num_cat=0
split_feature=33 29 29 29 29 30 23 29 23 31 32 32 23 31
split_gain=2.91148 7.83829 11.232 4.52487 4.43505 6.0954 6.37841 7.64937 5.50394 6.91387 10.3713 6.37693 9.24064 5.14659
threshold=0.00057711700589420606 1.1752667901335283 0.94487148753864403 0.72809170419242586 0.64451437492440233 -1.7623386667919563 -0.055001113181300527 0.61357874294526094 -0.021110899886585151 0.19509032201612822 -0.021814885034560822 -0.61734245059638992 -0.10666230492613006 0.88186879444286481
decision_type=2 10 10 10 10 8 8 8 8 2 2 2 10 2
left_child=1 2 3 -1 5 -2 -7 13 9 11 -11 -6 -13 -8
right_child=4 -3 -4 -5 8 6 7 -9 -10 10 -12 12 -14 -15
leaf_value=0.00011732271389483067 0.01958705108306999 0.022165346141648966 -0.016314671497245001 0.017529920866575753 -0.024170232987669772 0.015066001544423478 -0.003798205790284536 0.011618379918523577 0.0001070973843619414 0.014895999348773576 -0.0097910968898146482 -0.018589853267536774 0.010503101166180667 0.0078229862529147782
leaf_weight=27.354205131530762 18.552930645644665 19.378276839852333 22.167760297656059 25.414546310901642 27.038100566715002 30.421839468181133 178.75916391611099 47.0634107850492 928.49830338731408 25.653141811490059 35.010227024555206 20.032416839152575 17.546178366988897 41.412441905587912
leaf_count=123 88 100 102 116 124 150 834 213 4357 125 164 104 81 200
internal_value=0.000596485 0.00566637 0.00116409 0.00867365 0.000243578 0.00335372 0.00227971 0.000773384 -0.000691986 -0.00656825 0.000720777 -0.013318 -0.00508565 -0.00158687
internal_weight=1464.3 94.3148 74.9365 52.7688 1369.99 316.21 297.657 267.235 1053.78 125.28 60.6634 64.6167 37.5786 220.172
internal_count=6881 441 341 239 6440 1485 1397 1247 4955 598 289 309 185 1034
is_linear=0
shrinkage=0.03


Tree=210
num_leaves=15
num_cat=0
split_feature=13 30 13 31 16 16 1 16 13 13 33 33 31 31
split_gain=3.00159 4.51448 3.92068 9.13629 2.89911 4.59134 3.08116 2.92184 2.88606 9.64115 8.82342 12.6185 11.8308 10.9555
threshold=3.1350948948233719 0.482607286605023 2.1321072285474325 -0.03271713619994817 -0.00027191198939746636 -0.0031434977197051235 -0.091228831511471334 -0.00733098863261361 -1.030035652985793 -0.80638499074936376 0.072502647865787667 0.001568766670016912 0.9195955058153672 0.34202014332566882
decision_type=10 8 10 2 10 10 2 10 10 10 2 2 2 2
left_child=2 -2 4 -4 5 7 -6 8 10 -10 11 -1 -12 -13
right_child=1 -3 3 -5 6 -7 -8 -9 9 -11 12 13 -14 -15
leaf_value=-0.0071814047425202672 0.015961373532415939 -0.0037024281368804274 0.0048686460910690246 -0.022219884745753062 -0.00042135923389097517 -0.014703608118958848 0.017005806319998876 0.012263144659311713 -0.011184974502165242 0.00024964910023230852 0.0043321488212287006 0.0034916238621096685 -0.023999943680058033 0.023572232527195848
leaf_weight=36.866285666823387 24.922804556787014 17.1388298869133 21.764645285904408 21.471434056758881 17.499907657504082 17.683265671133995 17.98508620262146 17.041519969701767 69.829497843980789 1051.8732091933489 33.951862707734108 50.957528345286846 20.515954867005348 46.751178033649921
leaf_count=173 141 109 107 108 85 85 85 85 315 4857 194 243 106 216
internal_value=0.000245673 0.00804906 9.7242e-06 -0.00878196 0.000291137 6.48191e-05 0.00863537 0.00027242 0.000107294 -0.00047152 0.00352615 0.00763478 -0.00657976 0.0132412
internal_weight=1466.25 42.0616 1424.19 43.2361 1380.96 1345.47 35.485 1327.79 1310.75 1121.7 189.043 134.575 54.4678 97.7087
internal_count=6909 250 6659 215 6444 6274 170 6189 6104 5172 932 632 300 459
is_linear=0
shrinkage=0.03


Tree=211
num_leaves=15
num_cat=0
split_feature=14 1 16 30 23 32 32 29 29 32 1 28 28 29
split_gain=2.88074 6.79457 5.56414 3.58984 2.99802 2.98533 9.99026 8.69091 19.5348 12.779 12.3398 7.34274 4.6908 4.69602
threshold=-4.8997774584497158 0.1320284532321728 -0.00027191198939746636 2.4090797896746228 0.0111508082855989 0.83146961230254512 0.50938662908026078 0.64837840005731462 0.9035370888296127 0.98658463173998445 -0.11626994437406078 33.060084891789472 26.192548007939468 1.1045597000225147
decision_type=8 2 8 10 10 2 2 10 10 2 2 8 10 10
left_child=1 -1 -2 4 5 6 -4 9 10 -7 -9 -10 13 -8
right_child=2 -3 3 -5 -6 7 12 8 11 -11 -12 -13 -14 -15
leaf_value=0.011827414238622557 -0.011459701403129763 -0.007777571285309654 0.00072249707401765323 0.013013776100200334 0.012172867303292487 0.02031894232598019 -0.010820269783630029 -0.030689614042658356 0.012048892904097736 -0.0036033805492189804 -0.0043018399763711489 -0.01008515029193717 0.0044247285879961086 0.0039465988515501888
leaf_weight=53.198689706623554 35.39851925522089 21.71417498588562 878.16947954148054 19.088546179234982 17.674857392907143 49.916339561343193 139.77688249200583 21.560944691300392 77.898020766675472 32.766749180853367 55.857120558619499 15.474247336387633 27.692577689886093 21.952839285135269
leaf_count=259 171 109 4056 173 88 228 641 98 372 167 249 78 129 108
internal_value=0.000426036 0.00611713 0.000115862 0.000425848 0.000236782 6.79992e-05 -0.000627465 0.00298814 -0.000887642 0.0109089 -0.0119485 0.0083127 -0.00685687 -0.00880391
internal_weight=1468.14 74.9129 1393.23 1357.83 1338.74 1321.07 1067.59 253.473 170.79 82.6831 77.4181 93.3723 189.422 161.73
internal_count=6926 368 6558 6387 6214 6126 4934 1192 797 395 347 450 878 749
is_linear=0
shrinkage=0.03


Tree=212
num_leaves=15
num_cat=0
split_feature=33 1 1 33 22 19 21 21 20 23 32 31 28 29
split_gain=4.46244 3.74425 2.50026 8.03848 2.70834 5.19319 6.58398 3.26233 3.32794 3.6416 3.14869 6.08804 4.14708 4.88778
threshold=0.00048851899861303435 0.053517762389226606 -0.33614190617359857 0.0076417228637359275 0.4519454696911871 -0.14910496646258761 0.44554303883614926 0.62958979504035295 -0.33251812934675934 -0.021110899886585151 -0.75894212529897775 -0.03271713619994817 62.784352981108967 1.4456824298305579
decision_type=2 2 2 2 10 10 10 10 10 10 2 2 8 10
left_child=1 -1 3 -2 7 -6 -7 8 9 10 11 12 13 -4
right_child=2 -3 4 -5 5 6 -8 -9 -10 -11 -12 -13 -14 -15
leaf_value=0.01334388378213921 -0.010092720158763308 -0.0022643425761166534 -0.006050022185842668 0.016469363101419478 -0.019407921193840071 0.0075257730628168432 -0.011864800196610979 0.010480955437146517 -0.0094329703426542701 0.012639324178684283 0.00058108373944289985 0.0008939165633007702 0.0081639043904338203 -0.020446844318706817
leaf_weight=39.502646297216415 15.326280970126389 20.615061797201633 89.495475620031357 27.04436407238245 18.229026272892952 32.91411941498518 28.461724907159805 24.558177322149277 34.251263126730919 18.919756419956684 901.56814907118678 160.82969063520432 12.423194296658037 27.479868371039629
leaf_count=184 88 105 380 149 87 154 136 118 168 92 4237 697 84 161
internal_value=0.000108154 0.00804217 -0.000240152 0.00685017 -0.000467739 -0.00580018 -0.00151224 -0.000129069 -0.000346606 -8.1979e-05 -0.000294357 -0.00300649 -0.00782399 -0.00957677
internal_weight=1451.62 60.1177 1391.5 42.3706 1349.13 79.6049 61.3758 1269.53 1244.97 1210.72 1191.8 290.228 129.399 116.975
internal_count=6840 289 6551 237 6314 377 290 5937 5819 5651 5559 1322 625 541
is_linear=0
shrinkage=0.03


Tree=213
num_leaves=15
num_cat=0
split_feature=30 32 29 30 32 29 28 29 32 0 30 1 32 1
split_gain=3.32908 5.74504 6.40524 3.50101 8.11176 5.92281 5.49727 5.82876 4.7835 4.08713 3.6681 3.67409 6.49504 6.73739
threshold=-1.5746515518842878 0.8604686372286926 0.67527527696271228 -0.75450420332269774 0.95032354012166631 1.0731986907940358 5.1642683622210592 0.50258811724095376 0.99512551815703276 0.030405841122603177 -0.5799468179890398 -0.108562724655688 0.51877325816052144 -0.13850585306962046
decision_type=8 2 10 10 2 8 10 10 2 2 10 2 2 2
left_child=1 2 -1 4 5 6 7 -2 10 -9 -5 12 13 -12
right_child=3 -3 -4 8 -6 -7 -8 9 -10 -11 11 -13 -14 -15
leaf_value=0.014215056373636329 -0.00754978192633663 0.020087666861821306 -0.007585621499024876 0.0057741519216150203 -0.015283719216572306 -0.012747484966037698 -0.0054161965569661233 0.012814674435403068 0.013055723070335236 -0.00044687781167992231 0.0020340320246265411 0.0006926166947630681 -0.010100892343600214 -0.010487113851059451
leaf_weight=18.728610217571259 25.87989504635334 18.491678304970264 30.498886033892632 89.224617011845112 43.161536000669003 33.206861451268196 76.981761775910854 60.90394452214241 24.757794551551342 31.489526174962521 185.91444216668606 692.46684364229441 87.601294226944447 47.770510610193014
leaf_count=86 124 93 137 398 207 156 341 263 129 137 912 3284 428 220
internal_value=-0.000145196 0.00630169 0.000826334 -0.000461457 -0.00351234 -0.00123155 0.000781932 0.00482776 0.000275831 0.00833848 -2.25971e-05 -0.00053798 -0.0031842 -0.000559354
internal_weight=1467.08 67.7192 49.2275 1399.36 271.624 228.462 195.255 118.273 1127.74 92.3935 1102.98 1013.75 321.286 233.685
internal_count=6915 316 223 6599 1228 1021 865 524 5371 400 5242 4844 1560 1132
is_linear=0
shrinkage=0.03


Tree=214
num_leaves=15
num_cat=0
split_feature=31 13 13 1 30 30 13 31 31 22 1 13 27 13
split_gain=2.68575 6.87971 3.18118 8.3677 2.96595 7.28506 5.62781 12.6438 9.85245 6.21526 5.91726 5.69323 3.51647 2.85871
threshold=0.99512551815703276 0.2321509104267919 -2.2791823608638331 -0.21125808158658615 -0.68000369038526676 -0.61239733183710843 0.58993928291594522 -0.36243803828370141 -0.49049438445969368 -0.30966524166718362 -0.12996291140539043 -0.36971202427702149 0.1189683205193859 0.47664989529967755
decision_type=2 10 10 2 10 10 10 2 2 10 2 8 10 10
left_child=2 -2 3 -1 6 -6 7 11 -8 -9 -10 -4 -12 -7
right_child=1 -3 4 -5 5 13 8 9 10 -11 12 -13 -14 -15
leaf_value=-0.014464262662609032 -0.018275338603336376 0.0047872067007056537 0.010915181854628246 0.010476138737895246 0.014580850431900742 0.0018241648495927962 -0.012736834182253055 -0.012665268861861973 -0.0065418588080732309 0.0060458361879112063 0.020464083146987812 -0.0051591056669718161 0.0058768450414374042 -0.0014948701295295084
leaf_weight=13.741847712546585 22.393870830535889 22.51767960190773 48.256779089570045 68.696774806827307 33.164286181330681 577.49717897549272 24.635147511959076 125.18854705244303 17.247482798993587 17.690824761986732 28.920221343636513 32.409735850989819 31.853764325380325 390.75063879415393
leaf_count=83 107 106 210 351 148 2709 119 555 81 84 129 143 145 1885
internal_value=0.000281143 -0.00685986 0.000513291 0.00619525 0.000156071 0.000965473 -0.00232408 -0.00498752 0.00346802 -0.0103226 0.00868111 0.00447285 0.0130373 0.000484559
internal_weight=1454.96 44.9116 1410.05 82.4386 1327.61 1001.41 326.203 223.546 102.657 142.879 78.0215 80.6665 60.774 968.248
internal_count=6855 213 6642 434 6208 4742 1466 992 474 639 355 353 274 4594
is_linear=0
shrinkage=0.03


Tree=215
num_leaves=15
num_cat=0
split_feature=23 32 29 21 30 32 28 13 19 31 13 29 30 31
split_gain=3.53503 2.87758 8.30145 8.87354 10.1755 7.19224 6.1847 8.44062 7.71948 9.38225 10.3996 8.75215 7.95487 6.91082
threshold=0.0046365891217730526 0.46174861323503363 1.006796260095369 0.37120985498795284 0.67185113348049008 0.95688340256707793 -27.371195113423671 -0.48374992063360128 1.2468335517867859 -0.56457333468532422 0.60824691977472667 0.52080745425801855 -0.46596287181588919 -0.29026740676763269
decision_type=10 2 10 8 10 2 8 10 8 2 10 10 10 2
left_child=1 -1 6 -4 5 -5 7 -3 11 12 13 -8 -10 -11
right_child=-2 2 3 4 -6 -7 8 -9 9 10 -12 -13 -14 -15
leaf_value=0.00078867089648408726 0.0092899065370988052 0.020858751467603968 -0.013324573592835721 0.0074995041393718983 -0.0086889208427331655 0.027612495571426376 0.019134825633756482 -0.0033094628363226101 -0.007908228949343404 0.0055879398265318882 0.0056221341796058562 -0.0059325696680409623 -0.029082792979786831 -0.012302406755062585
leaf_weight=933.51417314261198 35.236666809767485 18.329460188746452 20.760171562433243 68.37320776283741 25.987551778554916 20.436403304338455 20.788532696664333 39.091218031942844 35.441766150295734 22.78118072450161 59.728681109845638 28.714641779661179 29.72027537971735 113.82761161774397
leaf_count=4408 176 85 102 308 151 100 101 183 169 99 274 132 140 517
internal_value=3.56767e-05 -0.000197468 -0.00202202 0.00430398 0.0075795 0.0123837 -0.00435495 0.00463035 -0.00602344 -0.00807607 -0.00475502 0.00476476 -0.0178595 -0.00930005
internal_weight=1472.73 1437.49 503.981 135.557 114.797 88.8096 368.423 57.4207 311.003 261.5 196.337 49.5032 65.162 136.609
internal_count=6945 6769 2361 661 559 408 1700 268 1432 1199 890 233 309 616
is_linear=0
shrinkage=0.03


Tree=216
num_leaves=15
num_cat=0
split_feature=21 22 33 33 13 13 33 13 13 1 31 1 30 28
split_gain=3.38192 3.36771 6.0098 3.09942 7.41996 9.93319 15.1899 12.8437 8.04342 10.2553 18.3555 12.0261 10.1572 9.00131
threshold=0.88738330839444057 -0.77042473314493387 0.014884043754004287 0.019111490483233937 -1.4920239266478219 -0.33904499037677344 0.0059513797502921996 -0.36971202427702149 0.81978136229250442 -0.01285839612881603 -0.90159026428466904 -0.21422558933717681 -0.92970706499692246 0.95783271882865517
decision_type=10 8 2 2 8 8 2 10 8 2 2 2 10 10
left_child=1 2 -1 4 -3 6 7 -6 12 11 -11 -10 -7 -13
right_child=-2 3 -4 -5 5 8 -8 -9 9 10 -12 13 -14 -15
leaf_value=-0.020138383132213031 0.009711722143347444 0.01054544406511059 0.0039914650034067788 -0.0013309377974396199 -0.0065050596891536036 -0.0061181394002724132 0.0075619306557380868 -0.032403412231233553 -0.017916530656072557 -0.034072679072386793 -0.0017011526171242315 0.017980545496815971 0.0091017279290034284 -0.00242921423592992
leaf_weight=19.067495629191399 31.396446783095598 72.315494898706675 16.776242151856422 669.05538960173726 131.96628267690539 47.439147874712944 62.181698448956013 18.994500063359737 16.098389685153961 19.419291861355305 69.671390913426876 47.471092689782381 217.1352552101016 32.121827952563763
leaf_count=89 157 353 87 3303 581 199 267 83 87 92 327 213 969 138
internal_value=0.000126041 -8.95938e-05 -0.00904288 0.000145277 0.00148937 0.00048644 -0.00483355 -0.00995549 0.00301499 -0.0017829 -0.00905713 0.0050132 0.00635999 0.00981571
internal_weight=1471.11 1439.71 35.8437 1403.87 734.814 662.499 213.142 150.961 449.356 184.782 89.0907 95.6913 264.574 79.5929
internal_count=6945 6788 176 6612 3309 2956 931 664 2025 857 419 438 1168 351
is_linear=0
shrinkage=0.03


Tree=217
num_leaves=15
num_cat=0
split_feature=0 29 0 0 23 14 27 23 19 30 27 22 0 32
split_gain=2.86738 3.91746 3.32714 4.79607 4.63976 5.48359 4.86869 4.33491 3.88273 3.65382 3.43011 4.1473 4.41856 3.28992
threshold=-0.49658000166152971 0.74309632690185368 -0.10670435838748378 -0.052284086834824488 -0.18933454390725687 -4.2382336434121362 3.0984651291898762 -0.12036999019637405 0.1473076961566733 -1.7165477267375915 -29.617927297866938 0.052790397149108263 -0.2570999981583823 0.65106671239330416
decision_type=2 10 2 2 8 10 10 8 10 8 10 10 2 2
left_child=1 -1 9 -4 -5 7 -7 -6 -9 -2 -11 13 -13 -12
right_child=2 -3 3 4 5 6 -8 8 -10 10 11 12 -14 -15
leaf_value=0.012774442275585305 0.0094866854653248428 0.00011384295136510173 0.0073746340336707603 0.014433074232827914 -0.013880483477648387 0.00019780614546262404 -0.021209471583037057 0.00045552299305258546 0.014055639327509561 0.0049677949776572453 -0.0026936459926907501 0.013730175068765565 -0.005279846351859593 -0.0088506035191853721
leaf_weight=36.780774973332882 22.794097006320953 52.689316868782043 94.466033384203911 19.185037538409233 17.488572224974632 17.948486857116222 19.417936883866787 669.66267279163003 18.444407545030117 48.30388156324625 298.16332494840026 23.938685849308968 18.948637828230858 105.60906739532948
leaf_count=190 105 282 423 94 85 82 92 3156 90 272 1344 113 89 484
internal_value=0.000228913 0.00540223 -0.000111548 0.0010357 0.000241372 -0.000143999 -0.0111896 0.000455955 0.000839936 -0.00200797 -0.00255538 -0.00337825 0.00540217 -0.00432192
internal_weight=1463.84 89.4701 1374.37 856.613 762.147 742.962 37.3664 705.596 688.107 517.758 494.964 446.66 42.8873 403.772
internal_count=6901 472 6429 4022 3599 3505 174 3331 3246 2407 2302 2030 202 1828
is_linear=0
shrinkage=0.03


Tree=218
num_leaves=15
num_cat=0
split_feature=30 13 13 33 31 28 1 28 33 13 27 26 27 28
split_gain=2.50308 6.59058 7.36437 16.5401 5.59435 4.60764 4.20344 4.17505 7.1602 8.43599 5.0597 4.79444 4.76331 4.39064
threshold=-0.75450420332269774 0.58993928291594522 -1.2104238598567305 0.040459025670499214 -0.52803643325367233 3.6151133416506558 -0.38193356569168041 14.823354084954056 0.022577558287751102 -1.0000000180025095e-35 -3.2359055095731999 -1.0021574415164378 4.1442037846772815 -5.7860713193091931
decision_type=10 10 8 2 2 10 2 8 2 10 10 10 10 10
left_child=1 2 3 -1 -3 -6 -2 8 10 11 -4 -10 -9 -12
right_child=6 4 7 -5 5 -7 -8 12 9 -11 13 -13 -14 -15
leaf_value=0.025973796590230434 0.015001255193588078 -0.0090885947411167949 -0.00062044208948661432 -0.012012262434857738 0.014851095187010388 0.00024743435201633567 0.00076601986470799775 -0.023592042577911043 -0.00064920181982224651 -0.012966314116916717 -0.0073457521700039819 0.017640285237153278 -0.0036704888416602202 -0.024415836759620307
leaf_weight=19.716058179736137 17.995827723294497 20.332329817116261 31.423583805561066 19.688951373100281 42.169997110962868 35.443263776600361 1100.8331063129008 24.295954436063766 24.192224994301796 21.466064065694809 29.585655331611633 26.468182615935802 19.603186346590519 26.164192095398903
leaf_count=88 112 99 134 96 192 161 5232 114 117 97 127 126 93 111
internal_value=0.000322693 -0.00192573 -0.00457296 0.00716628 0.0046112 0.00827009 0.00100818 -0.00687342 -0.00456107 0.00241896 -0.0102982 0.00906287 -0.0149759 -0.0156461
internal_weight=1459.38 340.55 242.604 39.405 97.9456 77.6133 1118.83 203.199 159.3 72.1265 87.1734 50.6604 43.8991 55.7498
internal_count=6899 1555 1103 184 452 353 5344 919 712 340 372 243 207 238
is_linear=0
shrinkage=0.03


Tree=219
num_leaves=15
num_cat=0
split_feature=23 23 31 14 14 14 29 32 15 20 29 32 32 27
split_gain=2.79488 3.63962 7.59966 6.32679 5.96963 5.71466 8.60328 5.59943 5.19184 4.26051 3.67802 9.63545 9.9124 9.31784
threshold=-0.21547863155551744 -0.10455749393749507 -0.66746801135786415 -4.0511185314406886 -4.9207956036073632 -4.4048095062815253 0.94057829129939596 -0.58244304235731414 -0.00068410398910323511 1.6170653269176329 0.5720754723436895 0.78661891169205844 0.47136869107721086 -0.8298662742056705
decision_type=8 8 2 8 10 8 10 2 10 8 10 2 2 8
left_child=-1 2 -2 4 -4 6 7 -3 10 -8 11 12 -7 -13
right_child=1 5 3 -5 -6 8 9 -9 -10 -11 -12 13 -14 -15
leaf_value=0.011596092036356252 -0.020919332273624098 0.0042651341624671251 0.0056141060885689107 0.015096527433066271 -0.016429657699928223 -0.0025202617438837682 0.0070268118539014374 0.025399438437535025 -0.015834158526519974 -0.013661753837990051 0.00050013262693998585 0.016201028424048004 -0.019908882250668163 -0.0064750583148044851
leaf_weight=16.977538950741291 22.349671456962824 20.701443940401077 19.327120386064053 15.644452486187218 23.67084551602602 83.580234620720148 16.669839400798082 25.124224543571472 18.379577301442623 17.293202392756939 1069.6140359640121 33.389528378844261 44.899742111563683 30.228938899934292
leaf_count=85 117 91 90 76 111 389 85 134 88 83 5022 160 224 144
internal_value=-0.00015974 -0.000306203 -0.00644454 -0.000669683 -0.00661883 6.3852e-05 0.0078024 0.0161471 -0.000424209 -0.00359679 -0.000187368 -0.00399817 -0.00870387 0.0054928
internal_weight=1457.85 1440.87 80.9921 58.6424 42.998 1359.88 79.7887 45.8257 1280.09 33.963 1261.71 192.098 128.48 63.6185
internal_count=6899 6814 394 277 201 6420 393 225 6027 168 5939 917 613 304
is_linear=0
shrinkage=0.03


Tree=220
num_leaves=15
num_cat=0
split_feature=28 31 32 28 31 32 1 30 31 27 28 33 1 0
split_gain=2.70182 5.52968 6.0855 7.07845 6.69609 5.91181 8.25693 11.7072 6.72722 4.77713 4.24835 4.21832 3.95837 3.68215
threshold=-7.6713085697743812 0.13052619222005182 0.3007057995042734 -58.538603285325223 -0.87137607974597275 0.054511258297739194 -0.014716730896784202 -0.12166721283488825 -0.66746801135786415 12.592784780003365 -24.096134259696807 0.11953665771840537 -0.07342624839378524 0.060408390046317172
decision_type=8 2 2 10 2 2 2 10 2 10 10 2 2 2
left_child=1 2 3 -1 -4 6 7 -5 -9 13 12 -12 -6 -3
right_child=-2 9 4 5 10 -7 -8 8 -10 -11 11 -13 -14 -15
leaf_value=0.0069892115530868059 -0.0010215029157424509 0.0055534877175086247 0.017398241242739424 0.017218388459264378 -0.0012001452619658745 -0.022496113850387793 -0.014906636416301822 0.0045175174531400034 -0.017775816955354157 0.017005087192055231 -0.014690216168784536 0.0043441973827857156 0.014540351644675402 -0.0034073958333826794
leaf_weight=36.080326035618782 900.96174050122499 176.19790680333972 25.281513676047325 25.440352261066437 32.974310830235481 19.983485877513885 46.275377616286278 21.909157328307629 25.542596712708473 25.309663631021976 24.257436528801918 17.281567923724651 24.308046288788319 53.056064285337925
leaf_count=220 4219 844 113 111 166 89 209 108 115 122 112 84 120 250
internal_value=-8.17392e-06 0.00163896 -0.00112481 -0.00471349 0.00393954 -0.0077761 -0.00514099 0.00117653 -0.00760187 0.00488048 0.00035659 -0.00685532 0.00561429 0.00347389
internal_weight=1454.86 553.898 299.334 175.231 124.103 139.151 119.167 72.8921 47.4518 254.564 98.8214 41.539 57.2824 229.254
internal_count=6882 2663 1447 852 595 632 543 334 223 1216 482 196 286 1094
is_linear=0
shrinkage=0.03


Tree=221
num_leaves=15
num_cat=0
split_feature=29 27 29 31 28 16 33 29 29 30 30 32 1 26
split_gain=3.44177 3.14465 7.74488 6.66535 6.61128 4.08006 4.02879 5.68766 5.97958 5.95547 4.42816 4.81717 4.02747 6.89292
threshold=1.9623702112891828 -10.31127793508446 1.5089547732759623 -0.50938662908026078 4.8764559231440083 0.0014700129279496823 0.19708263020873559 0.39238668972570262 0.4686799589240388 -1.0112100083515547 1.5878421114522532 -0.3725607353243956 0.1422277931806844 -2.9634339102546643
decision_type=10 8 8 2 10 10 2 10 10 10 8 2 2 10
left_child=1 2 4 -4 -1 6 7 9 -9 -3 -10 -12 13 -8
right_child=-2 5 3 -5 -6 -7 12 8 10 -11 11 -13 -14 -15
leaf_value=0.0019237897440092229 0.013382643029110282 0.021166331729622224 0.0048359761856155113 -0.021570556210460341 0.012494375338586414 -0.013521867028337494 -0.0046607227782842226 -0.01285259855483659 -0.00057173891700555745 -0.0027742573042985911 -0.0011034064457892585 -0.021860790713107474 -0.0054551163432908379 0.0092506241493871145
leaf_weight=248.0954488478601 17.208139162510633 19.491268344223499 14.187908813357351 19.711466625332832 66.985865235328674 20.361509561538696 42.958000853657722 39.964219972491264 750.8339271619916 16.822217218577862 21.858975574374199 17.82419965788722 35.640223946422338 119.59289537370205
leaf_count=1182 141 93 88 114 307 103 219 186 3306 85 130 108 202 606
internal_value=0.000421448 0.000256733 0.00272969 -0.0106967 0.0042035 -0.000540198 -0.000279549 -0.00116249 -0.00167542 0.0102987 -0.00109484 -0.010735 0.00356847 0.0055682
internal_weight=1451.54 1434.33 348.981 33.8994 315.081 1085.35 1064.99 866.795 830.481 36.3135 790.517 39.6832 198.191 162.551
internal_count=6870 6729 1691 202 1489 5038 4935 3908 3730 178 3544 238 1027 825
is_linear=0
shrinkage=0.03


Tree=222
num_leaves=15
num_cat=0
split_feature=30 30 30 13 13 13 27 0 14 29 31 13 31 29
split_gain=2.58538 2.86838 4.88016 4.46595 5.28655 4.88461 4.11925 6.48671 6.08037 5.27552 4.01511 7.43633 4.28155 3.60844
threshold=2.0575421225067316 -0.096587980979690485 -0.14171574338400031 -1.2104238598567305 -1.030035652985793 -3.8155692453800767 -6.0740481732546305 0.15152849256706455 -5.042081306379508 0.53195299862009493 -0.098011308799811112 -0.27814711359359434 0.60003553868615167 0.66622015309933869
decision_type=10 8 8 10 10 10 10 2 10 10 2 10 2 10
left_child=1 2 3 5 -5 -1 7 10 -8 -10 -6 -12 -13 -7
right_child=-2 -3 -4 4 6 13 8 -9 9 -11 11 12 -14 -15
leaf_value=-0.0051321939384134782 0.0073945224262797205 -0.0014377576158131357 0.012570078162718606 -0.015820801184935351 -0.0042878945180858602 0.019207506182935059 -0.0028683348267248259 0.017190719227817189 0.021520221533899379 0.0020273771359577576 -0.0079646885910102539 0.019089574892055716 0.0027286010262241017 0.0046763156445659331
leaf_weight=21.149994812905788 41.883877940475941 706.27370238117874 31.737725742161274 17.878469809889793 59.786523230373859 27.785228237509727 349.82114701718092 27.899253621697426 15.917051807045935 48.768967732787132 23.93448494374752 30.853170782327652 26.969705507159233 34.908140376210213
leaf_count=107 323 3377 141 80 269 123 1554 125 79 223 107 138 122 164
internal_value=0.000136931 -8.16231e-05 0.0012536 0.000712255 -0.000195822 0.00715592 0.000308788 0.00423566 -0.00130278 0.00707851 0.00157944 0.00587001 0.0116346 0.0113169
internal_weight=1465.57 1423.68 717.41 685.672 601.829 83.8434 583.95 169.443 414.507 64.686 141.544 81.7574 57.8229 62.6934
internal_count=6932 6609 3232 3091 2697 394 2617 761 1856 302 636 367 260 287
is_linear=0
shrinkage=0.03


Tree=223
num_leaves=15
num_cat=0
split_feature=13 33 32 31 0 15 23 0 14 32 28 30 33 32
split_gain=2.48037 6.25161 7.22561 3.97589 2.42518 2.49789 2.85027 8.98989 8.6673 7.18119 7.46907 5.24307 4.80042 3.63487
threshold=3.1350948948233719 0.0020143362771543063 0.39271506111191351 0.99702681066517462 0.60876191534907031 0.0034931945197413943 -0.17973171055567991 -0.26853998343585678 -4.4773644546053362 -0.58244304235731414 -3.1332640744397007 0.095567331712827844 0.0046349392098828665 0.24825246871434672
decision_type=10 2 2 2 2 10 10 2 8 2 10 10 2 2
left_child=3 -2 -3 4 5 6 8 12 -1 11 -11 -9 -8 -12
right_child=1 2 -4 -5 -6 -7 7 9 -10 10 13 -13 -14 -15
leaf_value=0.019574932976428053 0.023233572095522605 0.014538225876715383 -0.01495002596802842 -0.010309983857670827 0.010444256319640721 0.010627729873243046 -0.0060643985867085649 -0.0075089271142195014 -0.00022101555434932022 0.012404343927306719 0.0030660154235103813 -0.027985249433542327 0.013867840508247456 -0.013978400191261052
leaf_weight=19.249625504016876 13.216517847031353 13.09325471147895 14.940546795725821 34.174719005823135 18.369897179305553 17.755866611376405 15.961164742708204 24.222630128264427 1170.5409306250513 20.590611219406128 16.026776924729347 21.809762977063656 30.260474719107151 34.540546514093876
leaf_count=92 71 89 87 161 96 92 80 104 5457 100 82 103 152 157
internal_value=-0.000136812 0.00702669 -0.0011511 -0.000349183 -9.69277e-05 -0.000245682 -0.000396099 -0.00409857 0.000115433 -0.00849909 -0.00244988 -0.0175992 0.00700221 -0.00862165
internal_weight=1464.75 41.2503 28.0338 1423.5 1389.33 1370.96 1353.2 163.412 1189.79 117.19 71.1579 46.0324 46.2216 50.5673
internal_count=6923 247 176 6676 6515 6419 6327 778 5549 546 339 207 232 239
is_linear=0
shrinkage=0.03


Tree=224
num_leaves=15
num_cat=0
split_feature=1 33 33 13 13 1 1 13 33 32 13 33 13 26
split_gain=2.97053 5.90386 4.69355 13.2895 12.8406 11.2201 11.007 8.04045 7.95565 6.14313 5.95236 5.90827 5.36278 4.82047
threshold=-0.11039360001908559 0.53572613240131972 0.0030555402456639283 0.24917495654530789 0.82133055581122427 -0.18526678639197444 -0.26420467530287756 0.56653984037339777 0.037224100589487212 0.84339144581288539 2.0888243718068766 0.028990158688221381 -0.69207001455430806 0.86959198569491758
decision_type=2 2 2 8 10 2 2 8 2 2 10 2 10 10
left_child=1 2 6 5 11 13 -1 9 12 -8 -6 -5 -7 -4
right_child=-2 -3 3 4 10 8 7 -9 -10 -11 -12 -13 -14 -15
leaf_value=-0.016040375772118087 0.0012925241264547887 0.012526626886912163 0.0018057351553141371 -0.01006575011596721 0.0054258153225150664 -0.0036288385130599341 0.0071184895936224849 0.02009954111683155 0.0016719751973941729 -0.013387231603455525 -0.014055367822685925 -0.032501817511093517 -0.02378695192503838 0.014748241622109238
leaf_weight=21.549110889434814 1017.248079109937 24.01903985068202 74.751387529075146 18.014086112380028 31.178880956023932 20.259366497397423 43.987841084599495 29.014049485325813 43.812242530286312 17.584805883467197 24.230274364352226 29.560465581715107 29.206156812608242 38.904990371316671
leaf_count=115 4781 154 363 85 146 91 196 130 207 80 121 137 127 179
internal_value=0.000397747 -0.00164108 -0.00247507 -0.00437448 -0.013124 2.20317e-05 0.00276675 0.00736695 -0.0076448 0.00114181 -0.0031914 -0.0243885 -0.0157664 0.00632599
internal_weight=1463.32 446.073 422.054 309.918 102.984 206.934 112.136 90.5867 93.2778 61.5726 55.4092 47.5746 49.4655 113.656
internal_count=6912 2131 1977 1456 489 967 521 406 425 276 267 222 218 542
is_linear=0
shrinkage=0.03


Tree=225
num_leaves=15
num_cat=0
split_feature=22 31 31 32 20 28 32 13 32 13 30 29 13 13
split_gain=3.89373 6.79228 9.89742 5.20265 4.09614 3.56384 8.1565 7.44643 9.08431 6.38486 3.63224 7.13741 3.66732 14.1728
threshold=-0.08545797136372224 0.90159026428466926 0.61734245059639015 0.032717136199948357 0.3887036660144006 -40.745874789180895 0.88186879444286481 -0.82383160786724063 -0.22706275313213795 -0.065868397494651967 -1.8272767801922842 0.66622015309933869 1.2290063896109036 1.0949529298448348
decision_type=8 2 2 2 10 8 2 8 2 8 8 10 10 10
left_child=1 2 3 -1 5 6 7 -2 -9 -10 11 -7 13 -12
right_child=4 -3 -4 -5 -6 10 -8 8 9 -11 12 -13 -14 -15
leaf_value=-0.0099586284074737932 -0.0073087877465379137 0.010607727816138184 -0.027215938810683585 0.0098328601956936199 0.012496732915626316 0.021684878426920271 -0.011975377414000413 0.0029852834949296676 0.033303560701289182 0.01023570891232357 -0.00056469445308898628 -0.0042772937046544734 -0.0052545986561895281 0.023518794360730243
leaf_weight=31.738238774240017 24.035553712397814 16.75326244533062 20.484323643147945 17.876965153962374 23.755989991128445 18.122373566031456 21.921523349359632 57.40226224437356 19.901650615036488 25.093834832310677 1009.2240891605616 18.451006174087524 136.61293496564031 21.481061950325966
leaf_count=148 138 90 97 87 115 87 116 310 96 124 4650 84 667 103
internal_value=1.31509e-05 -0.00611031 -0.0101988 -0.00277413 0.000403818 0.000182295 0.00455333 0.00749063 0.0110016 0.0209409 -0.000359678 0.0088219 -0.000654652 -4.04577e-05
internal_weight=1462.86 86.8528 70.0995 49.6152 1376 1352.25 148.355 126.433 102.398 44.9955 1203.89 36.5734 1167.32 1030.71
internal_count=6912 422 332 235 6490 6375 784 668 530 220 5591 171 5420 4753
is_linear=0
shrinkage=0.03


Tree=226
num_leaves=15
num_cat=0
split_feature=29 31 1 1 32 31 28 29 1 31 1 31 28 28
split_gain=3.82865 6.59836 6.99768 10.1538 7.05402 6.34977 5.94954 7.03888 5.84689 8.80885 5.70041 6.17349 5.69077 5.31254
threshold=0.80273282636872956 -0.90159026428466904 0.10287929766649263 -0.037289667123093721 -0.065403129230142923 -0.99512551815703243 15.118599805914458 0.52080745425801855 0.087979680142805702 0.66746801135786471 -0.096282774782538147 0.96863394805116498 -9.3064988255164831 44.571724896731453
decision_type=10 2 2 2 2 2 8 8 2 2 2 2 10 10
left_child=1 2 3 4 -1 -2 10 -8 9 -9 11 12 -3 -7
right_child=5 6 -4 -5 -6 13 7 8 -10 -11 -12 -13 -14 -15
leaf_value=0.021460160824598621 -0.014820593046569781 -0.0032025753090992233 0.01969362407985149 -0.014003465978657191 -0.00014284130456227934 7.5919448153319291e-06 0.0033861670096222672 -0.0146458736457756 -0.021811449560267815 0.0093282122213335095 0.0011660058692528757 0.0094756701230417992 -0.01487922304245326 0.0071478324691729616
leaf_weight=20.129938222467899 22.648674584925175 90.115980785340071 20.057271398603916 28.422734618186951 38.1541668176651 712.52030245214701 29.489477902650833 42.580129355192184 40.953978136181831 19.367643631994724 215.32732677459717 19.415170267224312 64.321751639246941 106.99679371342063
leaf_count=90 102 425 92 127 174 3376 140 188 199 90 982 89 300 582
internal_value=-0.000816011 -0.00258627 0.00418073 0.00040862 0.00755445 0.000506274 -0.00397681 -0.00944672 -0.0131216 -0.00712139 -0.00209661 -0.00612112 -0.00813022 0.000947403
internal_weight=1470.5 628.336 106.764 86.7068 58.2841 842.166 521.571 132.391 102.902 61.9478 389.18 173.853 154.438 819.517
internal_count=6956 2896 483 391 264 4060 2413 617 477 278 1796 814 725 3958
is_linear=0
shrinkage=0.03


Tree=227
num_leaves=15
num_cat=0
split_feature=28 30 26 1 22 26 30 26 26 13 33 26 13 13
split_gain=4.48283 3.58815 2.99486 4.6531 4.0179 3.8529 5.71915 3.51416 3.17517 4.80517 9.88945 4.91339 4.4138 4.21852
threshold=-86.434624892408593 0.98075116751482605 5.8204761201574593 0.21679538030396708 0.68456075160690599 4.4960946332972549 -0.67159881900610607 5.1464110130883265 13.022970945986147 0.014541755546337047 0.0042643499321991796 7.8400554582636071 0.84244979796757558 0.86608639076969596
decision_type=10 10 10 2 8 10 10 10 10 8 2 10 10 8
left_child=1 -1 5 4 -4 -2 -7 -8 9 11 -11 -6 -12 -10
right_child=2 -3 3 -5 8 6 7 -9 13 10 12 -13 -14 -15
leaf_value=-0.021458625178288494 0.00045164964975136164 -0.0020791593949704345 0.0082010100266094541 0.0094960520993888579 0.006459473962142824 0.020620849811863743 -0.0066687306309262786 0.010144774643564482 -0.0030413404902807513 0.0024135951717652606 -0.026460154828604386 -0.0071942140937349451 -0.009286630288996579 0.011033116738947404
leaf_weight=14.627624668180941 987.44716379605234 19.653858684003353 24.753065530210733 27.120445571839809 37.001121908426285 20.583873026072979 21.76628577709198 21.034241512417793 103.20797331631184 29.143431656062603 31.06325700879097 62.28588804602623 26.019575476646423 22.487512677907944
leaf_count=84 4575 161 127 151 162 93 101 93 526 130 140 282 130 116
internal_value=-0.000159411 -0.0107221 0.000104086 -0.00224111 -0.00321396 0.000915755 0.0080266 0.0016372 -0.00414525 -0.00662897 -0.011769 -0.00209224 -0.0189268 -0.000456145
internal_weight=1448.2 34.2815 1413.91 363.082 335.962 1050.83 63.3844 42.8005 311.209 185.513 86.2263 99.287 57.0828 125.695
internal_count=6871 245 6626 1764 1613 4862 287 194 1486 844 400 444 270 642
is_linear=0
shrinkage=0.03


Tree=228
num_leaves=15
num_cat=0
split_feature=29 23 29 31 23 28 28 0 1 0 29 0 33 33
split_gain=2.76167 2.74962 12.2679 10.9004 9.1059 7.33942 10.691 6.57883 6.09047 4.49605 5.41411 4.09725 3.97518 11.5002
threshold=1.9623702112891828 0.0026251585973736239 0.48615910124604639 0.92794370089704281 0.054070803499134741 5.8043172668842411 -31.683826305939352 0.54905872736346872 0.099558806247398796 -0.30721081392742183 0.88685066810954727 0.47973084722761156 0.028990158688221381 0.085651758016579468
decision_type=8 8 10 2 8 10 10 2 2 2 10 2 2 2
left_child=1 2 -1 5 -3 6 -4 11 -7 -8 -11 12 -6 -14
right_child=-2 4 3 -5 7 8 9 -9 -10 10 -12 -13 13 -15
leaf_value=0.015920254595091009 0.010750583877041879 0.017612289288228673 -0.024881667980708989 0.013842169464108206 0.0012791671700945657 -0.010246171267091963 0.010452566851816635 -0.015339468888628719 -0.031874216466598354 -0.012658774843722612 0.0043533136252175099 0.013657578703910584 -0.0089892608170428039 0.00081480547600621875
leaf_weight=24.291841097176075 18.944482125341892 25.00016625970602 18.077800143510103 20.346037216484547 668.54074875637889 34.690432071685791 24.855557955801487 24.727902643382549 18.014261532574892 33.082828164100647 32.518498793244362 18.430059731006622 155.75516166165471 343.49239718168974
leaf_count=122 149 120 97 105 2992 158 121 129 91 147 148 93 727 1736
internal_value=-0.00033692 -0.000489952 -0.00369102 -0.00638737 4.58172e-05 -0.00900962 -0.00447311 -0.000331078 -0.0180944 -0.000167001 -0.00428716 -5.55637e-06 -0.000232689 -0.00225572
internal_weight=1460.77 1441.82 205.877 181.585 1235.95 161.239 108.535 1210.95 52.7047 90.4569 65.6013 1186.22 1167.79 499.248
internal_count=6935 6786 989 867 5797 762 513 5677 249 416 295 5548 5455 2463
is_linear=0
shrinkage=0.03


Tree=229
num_leaves=15
num_cat=0
split_feature=22 24 20 33 20 0 27 23 28 23 0 24 33 13
split_gain=3.59002 6.10176 4.10448 5.82298 3.15261 3.15718 6.57518 2.9766 2.38383 7.20668 4.97881 8.15294 4.83491 9.89123
threshold=-0.44277019994138561 0.00045058280456162109 1.0000000180025095e-35 0.051950417295342784 -0.99124253548410468 0.54905872736346872 7.0355388707055164 -0.061844863235333912 9.3112334189493513 -0.17157349097909017 -0.24858315869555578 -0.0010949957967384049 0.019111490483233937 -1.030035652985793
decision_type=8 10 10 2 10 2 8 10 8 10 2 10 2 10
left_child=1 -1 4 -4 5 8 -7 -3 10 -10 11 12 13 -2
right_child=2 7 3 -5 -6 6 -8 -9 9 -11 -12 -13 -14 -15
leaf_value=-0.018309468614400283 0.020148277025715922 -0.0083875034845236826 0.01815252140759244 -0.0036209156065982379 -0.010166420199879166 -0.021296461603305915 0.0055380358940968497 0.0087454720152258369 -0.00028603070860822965 -0.017002687682828675 0.0031023916377677587 0.017025271049576927 -0.0077455513599728387 -0.0030060423653521648
leaf_weight=24.275997690856457 18.882456034421921 15.670440502464769 25.984892755746841 18.241963349282742 25.381210470572114 16.699440740048885 14.720352187752725 19.183835506439209 461.34000073373318 23.44200798869133 561.15941466763616 17.893527809530497 117.4369043186307 99.764411546289921
leaf_count=121 91 78 127 89 123 84 79 94 2187 110 2583 91 594 459
internal_value=9.18602e-05 -0.00708622 0.000399667 0.00929028 0.000103218 0.000306486 -0.00894132 0.00102341 0.000536712 -0.00112771 0.00152676 -0.0019531 -0.00345728 0.000816529
internal_weight=1460.08 59.1303 1400.95 44.2269 1356.72 1331.34 31.4198 34.8543 1299.92 484.782 815.137 253.977 236.084 118.647
internal_count=6910 293 6617 216 6401 6278 163 172 6115 2297 3818 1235 1144 550
is_linear=0
shrinkage=0.03


Tree=230
num_leaves=15
num_cat=0
split_feature=28 30 27 29 13 28 28 29 29 32 32 26 13 33
split_gain=4.12199 6.23096 4.53903 6.76232 4.18381 3.53171 3.7724 6.93966 8.75341 8.79573 6.95886 6.65034 5.85766 12.7572
threshold=57.584748476116062 -0.028902682199992206 36.719026206117896 1.542684389215532 -3.8155692453800767 52.523675361024765 -3.1332640744397007 1.3200406846786672 1.0341203776989769 0.89194178735545526 0.37256073532439549 -1.3095214005565123 -1.3609952845775279 0.040459025670499214
decision_type=8 10 10 10 8 10 10 10 10 2 2 10 10 2
left_child=4 -2 3 -3 -1 6 12 8 11 -10 -9 -8 13 -6
right_child=1 2 -4 -5 5 -7 7 10 9 -11 -12 -13 -14 -15
leaf_value=-0.011332131312967101 -0.020517765954648014 0.0092248976438943919 -0.014413618290881352 -0.013686147255485975 0.024649860480816143 0.01217346551861417 0.0043859752189905265 0.0016847926516787798 -0.012601762395619087 0.0085100971958650701 0.024229318495461272 -0.0029580392521394473 0.0010682128217541602 -0.0052903101545956083
leaf_weight=26.586976695805788 20.366475082933903 37.959300585091114 18.553283262997866 15.529558572918175 28.287007462233305 21.814476855099201 169.71064334362745 40.559698138386011 107.51677383482456 20.505323261022568 16.805895633995533 316.15121798217297 580.42280220799148 22.235028199851513
leaf_count=144 98 181 141 97 147 106 769 200 498 93 83 1433 2726 129
internal_value=-0.000189972 -0.00628482 -0.00203532 0.00244398 0.000231383 0.000471963 0.000266748 -0.00129782 -0.00223441 -0.00918052 0.00859143 -0.000389049 0.00193068 0.0116261
internal_weight=1443 92.4086 72.0421 53.4889 1350.6 1324.01 1302.19 671.25 613.884 128.022 57.3656 485.862 630.945 50.522
internal_count=6845 517 419 278 6328 6184 6078 3076 2793 591 283 2202 3002 276
is_linear=0
shrinkage=0.03


Tree=231
num_leaves=15
num_cat=0
split_feature=14 32 23 16 30 1 33 13 31 13 32 28 13 31
split_gain=3.55744 7.60037 5.85244 3.29154 3.36207 3.20022 4.74479 3.28796 6.33423 3.69289 12.1369 7.57936 8.05499 8.45031
threshold=-4.8997774584497158 -0.6259234721840593 -0.12764014550059374 -0.00027191198939746636 2.4090797896746228 0.25069231949405141 0.0028112327366982071 3.1350948948233719 0.24825246871434695 -0.67077613501119149 -0.98279651670771917 -3.8246237759986808 -0.80638499074936376 -0.46174861323503386
decision_type=8 2 8 8 10 2 2 10 2 8 2 10 10 2
left_child=1 -1 -3 -2 5 7 -7 9 -9 10 -5 12 13 -12
right_child=3 2 -4 4 -6 6 -8 8 -10 -11 11 -13 -14 -15
leaf_value=-0.0055007024099079918 -0.0092398567642827355 0.00062443213215460168 0.022813884387269077 0.025466857563160725 0.012758630295940539 -0.0044801675982595029 0.015431811324598187 -0.0063325221522632551 0.018865200994106417 -0.0015937924347950113 -0.0073673568317081262 -0.0034256334156767989 0.019950046651942593 0.0094980121437457932
leaf_weight=27.952342018485069 33.993150562047958 17.503240808844566 26.747747898101807 17.866397827863693 17.563315726816654 16.975546330213547 26.82059595733881 14.654509376734493 20.678059101104736 928.18035886622965 46.473338723182678 175.30960676074028 28.258792765438557 60.299582216888666
leaf_count=134 166 83 142 80 162 83 144 99 113 4222 227 815 138 300
internal_value=0.000184361 0.00662989 0.0142447 -0.000155692 7.91831e-05 -9.69851e-05 0.00778613 -0.000370081 0.00852757 -0.000626886 0.00210409 0.00068161 0.00599996 0.00215705
internal_weight=1459.28 72.2033 44.251 1387.07 1353.08 1335.52 43.7961 1291.72 35.3326 1256.39 328.208 310.341 135.032 106.773
internal_count=6908 359 225 6549 6383 6221 227 5994 212 5782 1560 1480 665 527
is_linear=0
shrinkage=0.03


Tree=232
num_leaves=15
num_cat=0
split_feature=23 31 33 33 32 16 14 23 31 1 31 23 33 21
split_gain=2.15547 9.1757 9.64179 8.65279 7.82616 3.97749 3.17892 7.15353 3.5161 3.43331 7.68849 3.26054 3.79091 3.70832
threshold=-0.10666230492613006 -0.19509032201612828 0.002189390256736532 0.019111490483233937 0.26932402956675644 -0.0021658055119608828 -4.1089120823639682 -0.033428922695290512 0.99845357241023069 0.25069231949405141 0.49049438445969384 -0.037733305995954057 0.019111490483233937 1.0358753059547257
decision_type=8 2 2 2 2 8 10 8 2 2 2 10 2 8
left_child=1 4 -3 -4 -1 -2 8 -8 9 11 -11 13 -13 -7
right_child=5 2 3 -5 -6 6 7 -9 -10 10 -12 12 -14 -15
leaf_value=-0.028208615080710372 0.012853614776593296 0.018837182331274932 -0.021354564593951051 0.0082599044786710422 -0.0017384778387895729 0.0095013981091880625 -0.02162528924061782 0.0021951372505356684 -0.011517635854278077 0.017389931694810123 -0.0069512037051687719 -0.018823938976345829 0.0011290093892122974 -6.3534884432898329e-05
leaf_weight=19.989391606301069 20.347236171364784 20.915112838149071 16.690486893057823 17.023558586835861 19.560994625091553 36.667356111109257 18.699592534452677 26.372575659304857 22.121632397174835 29.36579005420208 18.266445249319077 16.6583286896348 16.443065337836742 1157.000015757978
leaf_count=106 102 96 76 86 97 178 87 133 105 151 104 74 86 5422
internal_value=-0.00029922 -0.00466389 0.00330617 -0.00659387 -0.0154826 5.80145e-06 -0.000198483 -0.00794238 7.66389e-05 0.00028677 0.00810438 -2.31206e-05 -0.00916989 0.00023799
internal_weight=1456.12 94.1795 54.6292 33.714 39.5504 1361.94 1341.59 45.0722 1296.52 1274.4 47.6322 1226.77 33.1014 1193.67
internal_count=6903 461 258 162 203 6442 6340 220 6120 6015 255 5760 160 5600
is_linear=0
shrinkage=0.03


Tree=233
num_leaves=15
num_cat=0
split_feature=30 29 28 30 28 33 28 30 27 30 31 27 32 32
split_gain=4.91708 12.1828 2.34176 6.07852 4.5923 3.53212 6.94284 3.04728 4.93009 4.39661 4.21627 6.41032 6.2411 4.55464
threshold=-1.8272767801922842 0.71884103818576728 57.584748476116062 0.22562671180674851 52.523675361024765 0.061372166424568733 71.456625543664401 -0.040170996671962556 18.412342171112432 0.006646015334772294 0.45201865172701788 9.0095741742990416 0.72236396205975539 0.92794370089704281
decision_type=8 10 8 10 10 2 10 10 8 10 2 10 2 2
left_child=1 -1 4 -4 7 6 -5 8 10 -9 13 12 -12 -2
right_child=2 -3 3 5 -6 -7 -8 9 -10 -11 11 -13 -14 -15
leaf_value=0.02431586400643395 0.0037877516885366888 -0.0079743692202662569 -0.017284037398070044 0.011374630300014026 0.013075212610387157 0.009640641070097258 -0.013424302249911174 -0.013478599909165086 0.0093512496104647316 -0.0015239022062072918 0.0010835640009282295 -0.01515634988915221 -0.01430640078656714 -0.0036214396288334308
leaf_weight=22.235534101724625 296.74282144010067 18.512768231332302 25.838447973132133 14.447140507400034 21.644341111183167 20.7262455932796 29.046144485473633 28.116472080349922 55.00913941860199 576.2370004542172 168.7579183652997 33.212619543075562 26.57282380759716 98.788112968206406
leaf_count=105 1312 86 125 74 105 137 177 124 252 2825 771 148 118 463
internal_value=-0.000339348 0.00980615 -0.000642483 -0.00529404 -0.000317691 -0.000278875 -0.00511635 -0.000553558 0.000825034 -0.00210142 5.97313e-05 -0.00317614 -0.00107229 0.00193276
internal_weight=1435.89 40.7483 1395.14 90.058 1305.08 64.2195 43.4933 1283.44 679.083 604.353 624.074 228.543 195.331 395.531
internal_count=6822 191 6631 513 6118 388 251 6013 3064 2949 2812 1037 889 1775
is_linear=0
shrinkage=0.03


Tree=234
num_leaves=15
num_cat=0
split_feature=14 20 24 20 31 30 29 30 13 13 1 30 19 29
split_gain=3.19346 5.82323 4.75488 4.69629 4.96937 4.28476 10.414 3.50794 7.72077 6.98588 5.96946 4.46072 4.27042 3.86127
threshold=-4.292260371769884 0.51576924562812831 -0.00084796322949854091 -0.99611520235853834 0.098011308799811389 -1.7623386667919563 0.71530543068595998 -0.68000369038526676 -1.2104238598567305 0.82133055581122427 -0.031446956734049271 -0.61239733183710843 -0.66402030210799257 0.6169205605679412
decision_type=10 10 10 10 2 8 8 8 10 10 2 8 10 10
left_child=5 2 -2 4 -4 6 -1 8 -7 12 -11 -9 13 -10
right_child=1 -3 3 -5 -6 7 -8 11 9 10 -12 -13 -14 -15
leaf_value=0.022641445815904857 -0.019482302919399577 0.010112364091248124 -0.0069469214276376761 -0.013971249460780261 0.013637192572718441 0.010376899234163331 -0.0063720439953951396 0.0118386056222972 -0.01540161149299132 0.013412990712552433 -0.0053530159361051578 0.00054000952909925447 0.0056548144854985487 -0.0057704230043632366
leaf_weight=23.540295131504536 23.369172625243664 18.149813964962959 22.39331492036581 24.467065462842584 18.278993390500546 33.995212338864803 19.740630753338337 31.493199177086353 55.378786265850067 30.266632854938507 28.989214204251766 983.23233700543642 19.541473984718323 118.5776746571064
leaf_count=112 113 89 105 121 93 159 92 143 250 138 136 4722 93 515
internal_value=-1.17595e-05 -0.00498359 -0.0081576 -0.00386165 0.00240927 0.000385988 0.0095632 7.36885e-05 -0.00285037 -0.00466331 0.00429579 0.000901985 -0.00741488 -0.008907
internal_weight=1451.41 106.658 88.5085 65.1394 40.6723 1344.76 43.2809 1301.47 286.749 252.754 59.2558 1014.73 193.498 173.956
internal_count=6881 521 432 319 198 6360 204 6156 1291 1132 274 4865 858 765
is_linear=0
shrinkage=0.03


Tree=235
num_leaves=15
num_cat=0
split_feature=0 0 28 31 32 1 0 19 0 28 26 27 0 21
split_gain=2.76879 4.60442 3.8079 6.1824 4.48257 3.79242 2.87308 2.96403 3.03947 3.89124 4.77198 3.24943 4.53653 9.38045
threshold=0.35694686827076599 0.37539515796640971 -3.8246237759986808 0.31107263240371752 0.36243803828370164 0.22286469899503084 -0.65563190103389701 -0.96736669303876244 -0.49658000166152971 -17.577502728127744 -7.9160123426857956 -29.617927297866938 -0.22134647325937981 -0.073929150445906075
decision_type=2 2 8 2 2 2 2 8 2 10 10 8 2 10
left_child=6 -2 3 -3 5 -4 -1 -8 9 -9 -11 -10 13 -13
right_child=1 2 4 -5 -6 -7 7 8 11 10 -12 12 -14 -15
leaf_value=-0.010225319604905901 -0.018016939899569682 -0.0038203870224013722 -0.0054757655694096536 0.019650201804539857 -0.012218119041756549 0.010057718629277655 -0.0088405565763235439 0.016607454482134579 0.0069018999401539612 -0.01080684827636285 0.0087858648896097895 -0.004862389555127705 0.0014710710481464586 0.012811365101476265
leaf_weight=20.130227269604802 16.432387746870518 23.441819507628679 34.877788107842207 16.406442686915398 41.176239416003227 22.357911240309477 26.372511152178049 24.28120905533433 72.134865801781416 16.219396382570267 31.022388331592083 247.58054784312844 840.87340939417481 29.359747033566236
leaf_count=114 82 113 170 83 203 126 129 134 412 81 152 1132 3862 138
internal_value=0.00029944 -0.00348289 -0.00163853 0.00608748 -0.00479666 0.000660573 0.000749091 0.000928433 0.00113951 0.00710276 0.00197457 0.000775415 0.000374245 -0.00294936
internal_weight=1462.67 154.693 138.26 39.8483 98.4119 57.2357 1307.97 1287.84 1261.47 71.523 47.2418 1189.95 1117.81 276.94
internal_count=6931 777 695 196 499 296 6154 6040 5911 367 233 5544 5132 1270
is_linear=0
shrinkage=0.03


Tree=236
num_leaves=15
num_cat=0
split_feature=28 14 23 22 30 13 33 13 13 13 31 13 13 13
split_gain=3.96007 6.00061 7.07913 5.97038 4.67772 5.00707 10.8148 8.37353 6.14896 9.16422 8.81378 5.26151 7.20129 10.1614
threshold=-2.5149205200980513 -4.856851997594446 -0.028047777161207457 0.12560830868303771 1.8018713342571844 -1.030035652985793 0.043975078840948943 -0.82383160786724063 -0.67077613501119149 -0.45974238413971558 -0.021814885034560933 -0.36971202427702149 -0.33904499037677344 -0.14340630110430261
decision_type=8 8 10 8 10 10 2 10 10 10 2 10 10 10
left_child=1 -1 3 -3 5 6 -5 -7 -9 10 -10 -11 -13 -14
right_child=-2 2 -4 4 -6 7 -8 8 9 11 -12 12 13 -15
leaf_value=0.014800182489465109 -0.0018968847522198983 -0.015442307421316644 0.01754253063447244 0.0155655316888895 0.013359260783154119 -0.016736617746342816 -0.0062083824192850886 0.011574318531125305 0.0014429635350867733 0.014902485628530519 -0.02502691187416884 -0.015697631018962613 0.015594362713097045 -0.0011072876844466031
leaf_weight=27.117615777999163 795.02481744065881 20.608031958341599 20.547649430111051 49.797795154154301 23.823093272745609 28.005578219890594 33.727444510906935 36.227144025266171 19.553287357091904 20.227823123335838 25.557224810123444 24.934737972915173 35.775256767868996 301.33246451616287
leaf_count=139 3743 98 108 237 176 126 187 162 87 87 115 115 160 1395
internal_value=-0.000467723 0.00123544 0.000638605 5.0632e-05 0.000608536 5.81116e-05 0.00680381 -0.00109947 -0.000120871 -0.00113692 -0.013771 0.000386023 -0.000463847 0.00070604
internal_weight=1462.26 667.235 640.118 619.57 598.962 575.139 83.5252 491.614 463.608 427.381 45.1105 382.27 362.042 337.108
internal_count=6935 3192 3053 2945 2847 2671 424 2247 2121 1959 202 1757 1670 1555
is_linear=0
shrinkage=0.03


Tree=237
num_leaves=15
num_cat=0
split_feature=28 33 0 0 31 28 31 13 29 26 33 0 28 28
split_gain=2.69833 6.10277 3.37145 7.39916 7.71715 7.294 5.74028 7.60808 5.52461 5.40255 4.6899 4.0814 7.78931 5.74948
threshold=74.006277856004672 0.061372166424568733 -0.10670435838748378 0.027391225259242629 -0.03271713619994817 5.6134255481854476 -0.97854064376158167 -0.090690809556656524 1.3321579617982708 0.40307088541080566 0.1813247731440035 0.091521171356317363 19.457733449019802 -32.76735355058679
decision_type=8 2 2 2 2 10 2 10 10 10 2 2 10 10
left_child=2 -2 -1 4 5 -4 7 -5 11 -7 -10 12 -8 -13
right_child=1 -3 3 6 -6 9 8 -9 10 -11 -12 13 -14 -15
leaf_value=-0.00111338753743001 -0.013495512736071677 0.009424457232622219 0.0072579581466290753 -0.0016636102611523888 0.012044913987229374 -0.017441659069259256 -0.0018603029191052948 0.023357026434582005 0.012467809108521537 0.0031979227581547085 -0.0047966507094123817 -0.01270906976096573 -0.021540292853326787 0.00052989221680592978
leaf_weight=585.71553509496152 33.262142550200224 14.215057823806999 64.602470926940441 22.123654067516327 111.76730352267623 24.759439863264561 61.203422382473946 20.395423859357834 46.411206528544426 20.017585553228855 19.55796367302537 31.127484083175659 24.833224594593048 363.46061897277832
leaf_count=2799 200 97 302 97 502 111 270 94 251 91 111 143 113 1685
internal_value=0.000378355 -0.00658024 0.000619558 0.00187209 0.00653774 0.000852198 0.00011254 0.0105991 -0.00072107 -0.00834643 0.0073542 -0.00184243 -0.00772287 -0.000543964
internal_weight=1443.45 47.4772 1395.98 810.26 221.147 109.379 589.113 42.5191 546.594 44.777 65.9692 480.625 86.0366 394.588
internal_count=6866 297 6569 3770 1006 504 2764 191 2573 202 362 2211 383 1828
is_linear=0
shrinkage=0.03


Tree=238
num_leaves=15
num_cat=0
split_feature=30 28 30 22 23 14 29 13 13 30 13 13 31 23
split_gain=3.25204 6.45679 4.7279 4.52048 5.23232 6.80324 6.86463 3.6456 4.1171 3.42186 10.8547 6.34181 6.09932 6.99353
threshold=-0.040170996671962556 56.541765256636907 0.006646015334772294 -0.97397408746302994 -0.15905767521344602 -4.1809322702934795 1.0650185669755083 -3.8155692453800767 -1.653507155775227 -0.68000369038526676 0.82133055581122427 1.421300099785735 -0.35222909080468484 -0.055001113181300527
decision_type=8 10 8 8 8 8 10 10 10 10 10 10 2 8
left_child=1 7 -2 -4 -5 6 -6 -1 -9 10 12 -12 -10 -14
right_child=2 -3 3 4 5 -7 -8 8 9 -11 11 -13 13 -15
leaf_value=-0.010100587405173304 -0.012732141966332331 -0.015469669107031838 -0.015434889780273195 0.013143627222180916 -0.0010771378134535161 -0.00021340960247611559 -0.025761978391738653 0.013040379627899173 0.003732113781136972 0.0038566125198902035 0.016988517168927481 -0.00058582248522456978 0.0074442773419279009 -0.0086302442413081059
leaf_weight=21.298580832779408 30.798504136502743 18.898994460701942 17.737651310861111 23.405994176864624 21.375344172120094 612.1474632807076 18.446279436349869 29.349016711115837 78.568221658468246 341.40909238904715 43.063901595771313 31.716628231108189 27.959543101489544 158.38482360541821
leaf_count=106 137 85 96 117 100 3057 98 141 348 1528 193 160 131 705
internal_value=1.38566e-05 0.00139649 -0.00141979 -0.000899505 -0.000495501 -0.00100453 -0.0128627 0.00185261 0.00222465 0.00174016 -0.000392069 0.00962535 -0.00324539 -0.00619152
internal_weight=1474.56 750.649 723.911 693.113 675.375 651.969 39.8216 731.75 710.451 681.102 339.693 74.7805 264.913 186.344
internal_count=7002 3397 3605 3468 3372 3255 198 3312 3206 3065 1537 353 1184 836
is_linear=0
shrinkage=0.03


Tree=239
num_leaves=15
num_cat=0
split_feature=13 32 32 32 28 13 33 13 33 13 32 0 31 32
split_gain=3.16897 9.5095 9.01272 13.1852 8.85787 7.69537 9.72085 7.59092 7.73721 7.12202 5.9875 4.85838 4.82705 3.60732
threshold=-0.76286157536448307 -0.84915165824291594 0.25881904510252057 0.63435554093529944 -16.399792684707034 -1.3609952845775279 0.0054755336985943944 -0.67952816781317005 0.037224100589487212 -1.2104238598567305 -0.15212338618991647 -0.079500248419903205 -0.69151305578226929 -0.63435554093529922
decision_type=8 2 2 2 10 10 2 8 2 10 2 2 2 2
left_child=1 -1 5 9 -5 6 -3 8 -2 -4 12 -6 -7 -9
right_child=7 2 3 4 11 10 -8 13 -10 -11 -12 -13 -14 -15
leaf_value=0.010972824381769332 0.0026086381944444305 0.0086828981551938487 0.022934332792635216 0.0074103308298941913 -0.022942916948853798 0.00088440249362633323 -0.017674207745866061 -0.0024207630562251142 0.027989715586391975 -0.0001038784825357984 -0.031584442373810077 -0.0060300315305829759 -0.02168126364472581 0.001242287821238267
leaf_weight=37.238854020833969 27.975299321115017 27.415210667997599 25.667168267071247 27.257852844893932 24.736049719154835 16.19204393029213 21.660890940576792 350.59573130309582 16.859114557504654 22.056315533816814 21.357975482940674 40.217437714338303 16.857476111501455 774.94830124638975
leaf_count=170 127 140 122 135 117 73 130 1612 89 99 97 188 89 3702
internal_value=-9.94851e-05 -0.00295655 -0.00512368 -0.000144775 -0.00675457 -0.0117905 -0.00307106 0.00058758 0.0125551 0.0125032 -0.0194582 -0.0127211 -0.0109243 0.000100148
internal_weight=1451.04 280.657 243.418 139.935 92.2113 103.484 49.0761 1170.38 44.8344 47.7235 54.4075 64.9535 33.0495 1125.54
internal_count=6890 1360 1190 661 440 529 270 5530 216 221 259 305 162 5314
is_linear=0
shrinkage=0.03


Tree=240
num_leaves=15
num_cat=0
split_feature=28 32 23 31 32 28 13 28 13 13 13 31 28 32
split_gain=2.87639 6.64287 7.43851 5.44002 8.07681 3.81845 3.24037 3.6223 2.66702 6.10958 6.47652 34.3569 10.4593 7.16043
threshold=-37.803438850096953 0.90159026428466915 -0.20496887391688948 0.6993099184844086 -0.72236396205975562 -34.864737104540737 -0.10740470915813187 -54.707572319276913 3.1350948948233719 1.2290063896109036 0.82133055581122427 -0.91080963307804841 46.872771006567511 -0.26932402956675622
decision_type=8 2 10 2 2 10 10 10 8 10 10 2 10 2
left_child=1 2 3 4 6 -2 -1 -8 9 10 -7 -12 13 -13
right_child=5 -3 -4 -5 -6 8 7 -9 -10 -11 11 12 -14 -15
leaf_value=0.012717678742791809 -0.013870020124446393 -0.012579642705010869 -0.012654105423960556 -0.0041963686424149613 0.018337584773922493 -0.00064856702698381759 0.006105762725876776 -0.012900688933930211 0.0069004814785082035 -0.0067880588435528964 -0.031026867906485713 0.0060716462685379488 -0.007277841678434838 0.023104350472973725
leaf_weight=16.161374192684889 17.784157879650593 19.094759590923786 16.609235804527998 25.67915340512991 59.935195207595825 964.87738735601306 17.685350090265274 16.557474792003632 44.349632509052753 124.16891675442457 18.022352948784828 37.13665933907032 19.371943105012178 57.919246032834053
leaf_count=86 89 101 95 139 310 4461 94 74 251 589 76 173 108 258
internal_value=4.55626e-05 0.00368031 0.00578318 0.00811048 0.0109866 -0.000443176 0.00205893 -0.00318973 -0.00024374 -0.000508562 0.000207533 0.0064022 0.012515 0.0165825
internal_weight=1455.35 171.723 152.628 136.019 110.339 1283.63 50.4042 34.2428 1265.85 1221.5 1097.33 132.45 114.428 95.0559
internal_count=6904 899 798 703 564 6005 254 168 5916 5665 5076 615 539 431
is_linear=0
shrinkage=0.03


Tree=241
num_leaves=15
num_cat=0
split_feature=13 32 0 1 33 33 33 27 33 13 1 13 33 13
split_gain=3.62178 9.03683 3.40743 6.14445 10.9316 7.04532 5.21075 3.75782 6.01846 5.45724 6.37619 6.14161 5.66681 5.32894
threshold=-3.8155692453800767 0.52803643325367278 -0.65563190103389701 -0.27870217245935985 0.0090276288773079218 0.034247825836957811 0.093095242636832595 -6.9031962880172761 0.031509520874490861 -0.16035561655645628 -0.056618408123004317 0.82133055581122427 0.41722393142596287 0.48687836789789501
decision_type=10 2 2 2 2 2 2 10 2 10 2 10 2 10
left_child=1 -1 -2 4 -4 -6 -7 8 -5 10 -10 12 13 -11
right_child=2 -3 3 7 5 6 -8 -9 9 11 -12 -13 -14 -15
leaf_value=0.0026169341830570422 -0.012281780998396578 -0.025035051703160078 -0.0056860112860197039 0.0055227746334561272 0.032833104234842592 -0.0034579059286916894 0.01983857101273034 -0.0011932199992020038 0.013253533843468132 -0.0078757493608398559 -0.0059487064199544226 0.0039228581699763971 0.0039707213725296946 -0.027413014909278034
leaf_weight=25.921800047159195 18.521985976025462 16.843829859048128 30.228127844631672 223.41076272726059 15.955564796924589 16.23645094037056 16.874520447105169 925.70008116587996 35.207477204501629 32.194484986364841 26.50554508715868 35.702859379351139 16.407598286867142 20.966303691267967
leaf_count=137 100 94 158 1011 77 75 96 4322 187 157 134 184 89 93
internal_value=-9.77691e-05 -0.00859735 0.000165207 0.000339101 0.00839587 0.0170115 0.00864833 -0.000152324 0.00231258 -0.0019897 0.00504289 -0.00612107 -0.0112582 -0.015945
internal_weight=1456.68 42.7656 1413.91 1395.39 79.2947 49.0665 33.111 1316.1 390.395 166.984 61.713 105.271 69.5684 53.1608
internal_count=6914 231 6683 6583 406 248 171 6177 1855 844 321 523 339 250
is_linear=0
shrinkage=0.03


Tree=242
num_leaves=15
num_cat=0
split_feature=19 21 24 29 24 23 19 24 0 0 1 13 13 33
split_gain=3.09471 6.94672 2.38412 7.1678 4.90807 4.14008 2.98463 2.94276 2.31944 4.53722 2.32157 5.31453 7.19607 5.03707
threshold=1.1517086228929332 0.83957404263923519 -3.780996965433466e-05 0.59475909358423684 0.00047887311972912087 -0.064490129781660299 0.18403652529030981 0.00080678757697343561 0.54905872736346872 0.47973084722761156 0.12416747412953046 1.2290063896109036 0.68611385501386912 0.013693981322970113
decision_type=10 10 10 10 10 8 10 10 2 2 2 8 10 2
left_child=1 2 5 -4 -5 -1 8 -6 9 10 -7 12 -12 -14
right_child=-2 -3 3 4 7 6 -8 -9 -10 -11 11 -13 13 -15
leaf_value=0.0094224520332305342 -0.010052603037524397 0.016341544913905034 0.011288986315290017 -0.01657282283148118 0.0073561820151653648 -0.00017948460647484419 -0.0097805158333755405 -0.0064701706529667656 -0.0086946861973986791 0.01475612392156616 0.0019593484379444642 -0.0098263290627555698 0.0049041470125555662 0.028263289016870072
leaf_weight=44.355147793889046 24.877729754894972 23.231895133852959 21.928786680102348 33.094051472842693 18.590323142707348 1012.3956842012703 25.424331989139318 46.688006114214659 23.673302471637726 19.03134535998106 107.59231649339199 21.776016250252724 15.822141230106352 17.751133736222982
leaf_count=214 126 114 110 165 92 4735 123 232 123 98 513 118 74 88
internal_value=0.000229704 0.000415309 0.00014114 -0.00387986 -0.00734081 0.000519479 0.000194588 -0.00248105 0.000410652 0.000598249 0.000356652 0.00366858 0.00580476 0.017715
internal_weight=1456.23 1431.35 1408.12 120.301 98.3724 1287.82 1243.47 65.2783 1218.04 1194.37 1175.34 162.942 141.166 33.5733
internal_count=6925 6799 6685 599 489 6086 5872 324 5749 5626 5528 793 675 162
is_linear=0
shrinkage=0.03


Tree=243
num_leaves=15
num_cat=0
split_feature=30 28 13 13 33 33 27 31 33 31 22 29 13 33
split_gain=2.8005 5.81706 4.9977 9.22266 11.7538 7.80635 7.4038 6.67561 4.4145 4.12687 5.78439 6.17325 11.1988 4.89152
threshold=-0.040170996671962556 57.584748476116062 1.421300099785735 0.88970192208217724 0.0030555402456639283 0.001568766670016912 -0.17213301201746131 0.66746801135786471 0.53572613240131972 0.60003553868615167 -0.30966524166718362 0.86958856950578622 -0.69207001455430806 0.051950417295342784
decision_type=8 10 10 8 2 2 10 2 2 2 10 10 10 2
left_child=1 2 3 9 -5 -4 -6 -7 -2 -1 11 12 -11 -14
right_child=8 -3 5 4 6 7 -8 -9 -10 10 -12 -13 13 -15
leaf_value=0.0030336544219823529 -0.0019256175495813057 -0.01474034499600884 0.010917254425531571 -0.0046564000733473497 0.033312392783852653 -0.020224448124474843 0.0083643511499741398 0.003302501278793587 0.0067337934596663962 0.017543995024673874 0.013304906395773693 -0.011275173544388633 -0.011937217584242998 0.0040685301932687976
leaf_weight=421.30241453647614 656.74330601841211 18.591801732778549 16.936411216855049 21.91143923997879 23.165327608585358 31.13001249730587 20.809532597661018 16.013429015874863 56.65015571564436 24.883803755044937 17.921023420989513 65.11434406042099 41.631530672311783 28.119512677192688
leaf_count=1882 3209 84 77 98 104 161 89 81 356 109 92 299 181 128
internal_value=0.000114147 0.00139638 0.00182758 0.0026009 0.0131678 -0.00611262 0.0219551 -0.0123303 -0.00122952 0.00141855 -0.00240684 -0.00424123 0.000665836 -0.00551834
internal_weight=1460.92 747.531 728.939 664.859 65.8863 64.0799 43.9749 47.1434 713.393 598.973 177.67 159.749 94.6348 69.751
internal_count=6950 3385 3301 2982 291 319 193 242 3565 2691 809 717 418 309
is_linear=0
shrinkage=0.03


Tree=244
num_leaves=15
num_cat=0
split_feature=33 1 1 13 33 1 13 13 13 13 28 31 27 33
split_gain=3.07957 4.75191 3.74259 6.11017 11.853 9.80597 10.2656 8.62633 12.34 10.522 10.8607 9.71161 10.3458 8.70342
threshold=0.53572613240131972 -0.12823416755164499 -0.070866536362119689 -0.67077613501119149 0.0028112327366982071 -0.24274261372477807 -0.33904499037677344 0.82133055581122427 0.38671193569552903 1.421300099785735 -17.996473448036451 0.92794370089704281 1.5025478536356831 0.034247825836957811
decision_type=2 2 2 8 2 2 8 10 8 10 10 2 10 2
left_child=2 -2 3 -1 5 -5 -7 8 11 -9 -11 12 -6 -10
right_child=1 -3 -4 4 7 6 -8 9 13 10 -12 -13 -14 -15
leaf_value=0.0024807608491902839 0.017999790316925422 0.0016743263023741757 0.00086902073324727689 -0.014828425827600617 -0.0042434915424467276 -0.010562817560737386 0.013990680839618417 0.012564040066217835 -0.0082128250988293527 0.006528170473770749 -0.022995781077723033 0.0092638881465295017 -0.023908658260141036 -0.032469657480930822
leaf_weight=165.29430431500077 19.325524006038904 77.438210766762495 810.99370160698891 18.986489629372954 82.940940711647272 18.992672823369503 66.869207933545113 35.997457802295685 23.36493956297636 20.628222361207008 22.693056732416153 28.523325219750404 33.271161787211895 32.89036351442337
leaf_count=793 130 453 3772 100 382 84 297 165 105 107 112 127 146 153
internal_value=-5.76007e-05 0.00508559 -0.000426614 -0.00233362 -0.00440083 0.00417568 0.00850036 -0.00761227 -0.0109044 0.000761839 -0.00910731 -0.00618984 -0.0100295 -0.0227143
internal_weight=1458.21 96.7637 1361.45 550.452 385.158 104.848 85.8619 280.309 200.991 79.3187 43.3213 144.735 116.212 56.2553
internal_count=6926 583 6343 2571 1778 481 381 1297 913 384 219 655 528 258
is_linear=0
shrinkage=0.03


Tree=245
num_leaves=15
num_cat=0
split_feature=28 30 13 13 1 31 32 32 33 26 28 26 1 32
split_gain=3.18645 4.18079 3.11639 8.17517 6.10817 8.26236 5.3035 6.95461 3.47367 6.06014 4.07472 3.41633 5.59282 3.47
threshold=-86.434624892408593 0.98075116751482605 1.2290063896109036 1.1671829614740952 0.15165032940144038 0.86046863722869271 0.93585024503435366 0.6993099184844086 0.0064685787508312323 0.096926972887878562 -26.363643327145244 17.523144562585639 -0.074986801412612797 -0.82531082829576841
decision_type=10 10 10 8 2 2 2 2 2 10 10 10 2 2
left_child=1 -1 3 11 5 6 7 8 9 -4 -10 -2 -13 -14
right_child=2 -3 4 -5 -6 -7 -8 -9 10 -11 -12 12 13 -15
leaf_value=-0.02002273747434458 0.00075205927346180942 0.00074805518651417083 -0.020702069846480441 0.015853296425453335 -0.019117045213020822 0.015867012095753273 0.011047071454885388 -0.022126321006487561 0.013736651584570006 0.0022147910312832354 -0.0031209763603663619 -0.020931403249342815 0.011716296176101648 -0.0052873491435845837
leaf_weight=15.385807193815706 1134.6166930049658 18.498417891561985 21.071606930345297 30.364152833819389 18.966340057551861 20.432780645787716 17.365786224603653 19.765960544347763 16.162420809268951 19.282860398292542 51.081941671669483 16.082002371549606 13.015746135264633 46.232247497886419
leaf_count=89 5207 150 95 148 109 116 87 107 77 89 243 76 76 262
internal_value=-2.89894e-05 -0.00898695 0.000190255 0.00073165 -0.00344087 -0.0015365 -0.00408551 -0.00621878 -0.00311972 -0.00996278 0.00107273 0.000339387 -0.00580468 -0.00141948
internal_weight=1458.32 33.8842 1424.44 1240.31 184.13 165.163 144.731 127.365 107.599 40.3545 67.2444 1209.95 75.33 59.248
internal_count=6931 239 6692 5769 923 814 698 611 504 184 320 5621 414 338
is_linear=0
shrinkage=0.03


Tree=246
num_leaves=15
num_cat=0
split_feature=29 29 1 27 29 13 29 26 28 32 29 33 29 32
split_gain=3.13747 2.79887 4.21498 2.47678 6.59856 7.50835 4.79004 6.86644 6.1592 8.67547 5.24937 4.52594 4.73021 8.61037
threshold=1.9623702112891828 1.7326514096100607 0.0030178728975896727 4.849739079544336 1.4016967314582154 -0.15456050112243125 1.0306928283873871 0.86959198569491758 -42.56486856890173 0.83146961230254512 1.3321579617982708 0.19708263020873559 0.80273282636872956 -0.27982901403099208
decision_type=8 10 2 10 10 10 10 10 10 2 10 2 10 2
left_child=1 3 -3 6 11 -6 -1 8 10 -10 -8 -5 -13 -14
right_child=-2 2 -4 4 5 -7 7 -9 9 -11 -12 12 13 -15
leaf_value=0.0017777385681914835 0.011390086289997343 0.00069530833104215891 -0.021179916319859184 -0.0046417002740707074 0.023886575888053627 -0.0019165201412937416 0.016342041396908553 0.0040128581932006311 -0.012260918368848473 0.0089965084337519669 -0.00757796765549944 -0.0054056437403020036 -0.0014449213377054056 0.022532885580854194
leaf_weight=633.21626774221659 18.334739472717047 16.758765883743767 13.939702246338127 384.46111844852567 16.947766445577145 23.046803142875433 16.803440764546398 81.591137055307627 119.14820102602243 19.437298469245434 14.568252388387917 37.307368639856577 32.947075366973877 21.680460128933191
leaf_count=2913 148 103 87 1740 88 136 85 384 552 94 89 195 179 111
internal_value=-0.00061528 -0.00077685 -0.0095927 -0.000576996 -0.00222586 0.00933354 0.000386788 -0.00310779 -0.00652967 -0.00923637 0.00534321 -0.00321382 0.0027431 0.00830534
internal_weight=1450.19 1431.85 30.6985 1401.16 516.391 39.9946 884.765 251.548 169.957 138.585 31.3717 476.396 91.9349 54.6275
internal_count=6904 6756 190 6566 2449 224 4117 1204 820 646 174 2225 485 290
is_linear=0
shrinkage=0.03


Tree=247
num_leaves=15
num_cat=0
split_feature=29 27 13 13 33 13 31 31 13 1 24 0 31 31
split_gain=2.15207 6.74694 5.99189 12.9438 7.83425 13.1796 10.9685 10.534 13.3588 9.06205 8.71291 6.73737 5.86566 5.79118
threshold=0.82161476109146658 2.9464529068334859 0.82133055581122427 1.0578425871111194 0.017583420074340848 0.24917495654530789 0.93585024503435366 0.44228869021900152 -0.13223310650715225 -0.074986801412612797 -0.0020152593674682708 -0.36301051493500042 0.74455857214455079 0.95032354012166642
decision_type=10 8 10 8 2 8 2 2 8 2 10 2 2 2
left_child=1 2 4 -4 7 6 10 8 -1 -7 11 -6 -9 -3
right_child=-2 13 3 -5 5 9 -8 12 -10 -11 -12 -13 -14 -15
leaf_value=0.0025218531794227138 0.0011855244888715371 -0.0061453304806012386 0.03170862318427644 0.0019094894825983624 0.0083390290785235952 -0.032221265098984514 0.016841638516594579 -0.016051942885292669 0.025834436746558859 -0.0046683936560201686 0.013893037343581325 -0.013228007281102324 0.0053769536699044317 0.0092147675305754642
leaf_weight=68.698498614132404 799.82541908696294 244.66512623429298 16.486491322517395 53.103971816599369 15.667039938271044 21.52562041580677 26.785634033381939 26.528603911399841 31.807797938585281 21.296042308211327 17.798823453485966 62.519108444452286 19.065296202898026 23.390515238046646
leaf_count=306 3878 1132 72 268 78 104 124 120 140 98 91 286 86 110
internal_value=0.00014452 -0.00113759 0.00142596 0.00931831 -0.000360302 -0.00481419 0.000225288 0.00468621 0.0100815 -0.0189379 -0.00453752 -0.00885564 -0.00716826 -0.00477574
internal_weight=1449.16 649.339 381.283 69.5905 311.692 165.592 122.771 146.1 100.506 42.8217 95.985 78.1861 45.5939 268.056
internal_count=6893 3015 1773 340 1433 781 579 652 446 202 455 364 206 1242
is_linear=0
shrinkage=0.03


Tree=248
num_leaves=15
num_cat=0
split_feature=22 0 33 29 29 1 33 0 28 29 29 32 28 29
split_gain=3.19482 4.63752 2.94415 3.18453 3.77681 2.8341 2.83453 6.23518 4.81013 4.53512 9.76174 6.42573 5.51981 5.60485
threshold=0.68456075160690599 -0.289527854566898 0.0005309732778605627 0.71884103818576728 0.94975167195236121 -0.38193356569168041 0.093095242636832595 0.34440250002355116 71.456625543664401 0.64451437492440233 0.78434125898633611 0.9195955058153672 46.872771006567511 1.02568295858533
decision_type=10 2 2 10 10 2 2 2 8 10 10 2 10 10
left_child=2 -2 3 -1 -5 -4 8 9 -7 -8 -11 12 13 -12
right_child=1 -3 5 4 -6 6 7 -9 -10 10 11 -13 -14 -15
leaf_value=-0.0035967766287435315 0.0045511995297450782 -0.011647987487442517 0.01121902462542685 0.019728242923950926 0.0031571299402966902 -0.00076017548780834621 0.009702972507443999 -0.0092202650866641429 -0.012154646469117939 -0.010874154138996039 0.0069599788775829155 0.015986150148651727 0.015388652884896322 -0.0044148615082286388
leaf_weight=21.107161208987236 23.138367302715778 46.942731119692326 18.5597406886518 20.481477193534374 30.320267394185066 879.50735667347908 74.312149420380592 39.733050025999546 33.667697265744209 47.222555302083492 61.585588298738003 33.190357245504856 22.605740111321211 102.39537455886602
leaf_count=96 123 224 110 97 149 3956 372 224 199 226 297 170 135 548
internal_value=-0.000107804 -0.00631079 0.000210466 0.00607826 0.0100899 -0.000115331 -0.000286407 0.00188395 -0.00119311 0.00319978 0.00136034 0.00402646 0.00182518 -0.000126571
internal_weight=1454.77 70.0811 1384.69 71.9089 50.8017 1312.78 1294.22 381.045 913.175 341.312 267 219.777 186.587 163.981
internal_count=6926 347 6579 342 246 6237 6127 1972 4155 1748 1376 1150 980 845
is_linear=0
shrinkage=0.03


Tree=249
num_leaves=15
num_cat=0
split_feature=21 19 0 33 29 29 30 32 0 32 26 26 28 0
split_gain=2.67836 4.72947 2.60442 3.41703 3.68561 5.13663 4.66323 2.77325 2.38546 3.04069 2.77586 6.13237 2.55345 5.93614
threshold=0.81463627319866572 0.85296615196295289 0.35694686827076599 0.10997903427727605 0.71100811289584687 1.1557177359361022 -0.31360688258356434 0.054511258297739194 0.30035395381582586 -0.30070579950427329 8.4869926312647355 9.5514983782196712 1.0000000180025095e-35 0.082657854239977957
decision_type=10 8 2 2 10 10 8 2 2 2 8 10 8 2
left_child=2 -2 8 4 6 7 -4 -6 10 -10 -1 -12 13 -13
right_child=1 -3 3 -5 5 -7 -8 -9 9 -11 11 12 -14 -15
leaf_value=0.00094350513562990539 0.01763824704930745 -0.0038054303655846548 -0.019620390588643156 -0.011288403228147672 0.013064740357928298 -0.010468230147590794 0.0017895051942529267 0.00010618764355505504 -0.0010653874724907092 0.012139080217665245 -0.016559836517624035 0.011213824792105231 -0.003982724548137812 -0.0062226174346059412
leaf_weight=1017.676295844838 20.188157808035612 15.908523969352244 17.073862373828888 37.319442737847567 31.315427109599113 19.01068327575922 18.246488027274609 27.552848346531391 27.950592055916786 34.365360040217638 24.918663710355759 38.580621525645256 97.408618781715631 30.732035581022501
leaf_count=4766 104 80 80 212 146 108 88 129 135 163 114 192 488 148
internal_value=0.000381856 0.00833977 0.000174152 -0.00354406 -0.000914422 0.00273518 -0.00881529 0.00710267 0.000616703 0.00629319 0.000319236 -0.00298354 -0.000867753 0.00350426
internal_weight=1458.25 36.0967 1422.15 150.519 113.199 77.879 35.3204 58.8683 1271.63 62.316 1209.32 191.64 166.721 69.3127
internal_count=6953 184 6769 763 551 383 168 275 6006 298 5708 942 828 340
is_linear=0
shrinkage=0.03


end of trees

feature_importances:
funding_z=713
rv_ratio=404
funding_proximity=343
hour_sin=316
hour_cos=288
ret_12=245
ofi_trade_ema=211
volume_z=188
leadlag_corr=153
ofi_trade=144
ret_3=130
ret_1=74
basis_bps=64
venue_premium_z=48
oi_chg=42
leadlag_cb=33
leadlag_okx=29
xv_kalman_z=27
oi_price_div=26
leadlag_kr=22

parameters:
[boosting: gbdt]
[objective: binary]
[metric: binary_logloss]
[tree_learner: serial]
[device_type: cpu]
[data_sample_strategy: bagging]
[data: ]
[valid: ]
[num_iterations: 250]
[learning_rate: 0.03]
[num_leaves: 15]
[num_threads: 2]
[seed: 7]
[deterministic: 1]
[force_col_wise: 0]
[force_row_wise: 1]
[histogram_pool_size: -1]
[max_depth: -1]
[min_data_in_leaf: 80]
[min_sum_hessian_in_leaf: 0.001]
[bagging_fraction: 0.8]
[pos_bagging_fraction: 1]
[neg_bagging_fraction: 1]
[bagging_freq: 1]
[bagging_seed: 17422]
[bagging_by_query: 0]
[feature_fraction: 0.8]
[feature_fraction_bynode: 1]
[feature_fraction_seed: 7040]
[extra_trees: 0]
[extra_seed: 6516]
[early_stopping_round: 0]
[early_stopping_min_delta: 0]
[first_metric_only: 0]
[max_delta_step: 0]
[lambda_l1: 0]
[lambda_l2: 1]
[linear_lambda: 0]
[min_gain_to_split: 0]
[drop_rate: 0.1]
[max_drop: 50]
[skip_drop: 0.5]
[xgboost_dart_mode: 0]
[uniform_drop: 0]
[drop_seed: 15215]
[top_rate: 0.2]
[other_rate: 0.1]
[min_data_per_group: 100]
[max_cat_threshold: 32]
[cat_l2: 10]
[cat_smooth: 10]
[max_cat_to_onehot: 4]
[top_k: 20]
[monotone_constraints: ]
[monotone_constraints_method: basic]
[monotone_penalty: 0]
[feature_contri: ]
[forcedsplits_filename: ]
[refit_decay_rate: 0.9]
[cegb_tradeoff: 1]
[cegb_penalty_split: 0]
[cegb_penalty_feature_lazy: ]
[cegb_penalty_feature_coupled: ]
[path_smooth: 0]
[interaction_constraints: ]
[verbosity: -1]
[saved_feature_importance_type: 0]
[use_quantized_grad: 0]
[num_grad_quant_bins: 4]
[quant_train_renew_leaf: 0]
[stochastic_rounding: 1]
[linear_tree: 0]
[max_bin: 255]
[max_bin_by_feature: ]
[min_data_in_bin: 3]
[bin_construct_sample_cnt: 200000]
[data_random_seed: 61]
[is_enable_sparse: 1]
[enable_bundle: 1]
[use_missing: 1]
[zero_as_missing: 0]
[feature_pre_filter: 1]
[pre_partition: 0]
[two_round: 0]
[header: 0]
[label_column: ]
[weight_column: ]
[group_column: ]
[ignore_column: ]
[categorical_feature: ]
[forcedbins_filename: ]
[precise_float_parser: 0]
[parser_config_file: ]
[objective_seed: 15521]
[num_class: 1]
[is_unbalance: 0]
[scale_pos_weight: 1]
[sigmoid: 1]
[boost_from_average: 1]
[reg_sqrt: 0]
[alpha: 0.9]
[fair_c: 1]
[poisson_max_delta_step: 0.7]
[tweedie_variance_power: 1.5]
[lambdarank_truncation_level: 30]
[lambdarank_norm: 1]
[label_gain: ]
[lambdarank_position_bias_regularization: 0]
[eval_at: ]
[multi_error_top_k: 1]
[auc_mu_weights: ]
[num_machines: 1]
[local_listen_port: 12400]
[time_out: 120]
[machine_list_filename: ]
[machines: ]
[gpu_platform_id: -1]
[gpu_device_id: -1]
[gpu_device_id_list: ]
[gpu_use_dp: 0]
[num_gpu: 1]

end of parameters

pandas_categorical:[]
