tree
version=v4
num_class=1
num_tree_per_iteration=1
label_index=0
max_feature_idx=18
objective=binary sigmoid:1
feature_names=ret_1b ret_4b ret_24b ret_72b ema24_dist ema72_dist atr_pct vol_ratio buy_pressure_6b buy_pressure_24b volume_surge rsi_14 dist_high_168b dist_low_168b rel_strength_24b btc_ret_24b hour_sin hour_cos liquidity
feature_infos=[-0.28146821537089473:0.95713538367176554] [-0.34115076409499956:1.0124717434704014] [-0.49417709545034061:1.0853121985624941] [-0.63690429527249659:2.6477994551644253] [-0.27648464130877937:1.3156474916938987] [-0.33354837537527482:1.5108745760268514] [0.0011803776106327302:0.094284605329400445] [0.015936154211303961:2.640884027719125] none none [0.2516437695551399:6.4068843164044269] [5.5730416233818119:96.530814243499492] [-0.62661006523958718:0] [0:13.628331281788164] [-0.49078113736912687:1.089145006260122] [-0.036222808366012771:0.05298883332961335] [-0.99144486137381038:-0.38268343236508967] [-0.92387953251128685:0.38268343236508917] [7.6200702597859626:11.381605986415336]
tree_sizes=1754 1797 1808 1786 1802 1793 1800 1795 1801 1777 1786 1802 1810 1815 1783 1788 1790 1807 1800 1812 1797 1807 1797 1802 1802 1809 1813 1809 1806 1813 1814 1806 1806 1780 1785 1813 1813 1816 1782 1799 1800 1810 1794 1808 1811 1800 1811 1816 1797 1801 1816 1806 1814 1814 1798 1782 1797 1785 1807 1804 1792 1814 1818 1802 1794 1810 1800 1810 1800 1810 1811 1783 1816 1809 1796 1821 1801 1802 1803 1817 1801 1802 1792 1798 1789 1795 1784 1800 1798 1802 1795 1812 1784 1784 1778 1810 1808 1801 1798 1798 1803 1799 1812 1811 1821 1790 1789 1814 1795 1807 1776 1786 1812 1791 1780 1797 1774 1807 1778 1797 1792 1792 1810 1805 1806 1799 1801 1787 1778 1787 1798 1792 1781 1793 1798 1807 1783 1803 1803 1781 1772 1773 1812 1793 1791 1782 1803 1776 1796 1794 1793 1785 1798 1792 1804 1818 1797 1795 1798 1809 1792 1827 1796 1780 1810 1794 1783 1796 1787 1791 1794 1793 1783 1797 1775 1799 1790 1783 1794 1809 1792 1793 1792 1776 1800 1781 1794 1791 1792 1799 1790 1790 1789 1785 1799 1797 1792 1781 1790 1778 1803 1774 1779 1793 1783 1780 1798 1760 1785 1779 1781 1800 1776 1765 1785 1786 1803 1799 1775 1802 1794 1784 1784 1778 1787 1780 1813 1795 1791 1794 1782 1808 1771 1796 1779 1787 1786 1802 1804 1785 1783 1775 1797 1784 1777 1809 1776 1794 1791 1789 1797 1791 1767 1774 1792 1796 1788 1793 1813 1780 1793 1791 1789 1788 1792 1824 1792 1785 1780 1783 1801 1780 1778 1792 1798 1806 1783 1800 1783 1797 1787 1778 1775 1808 1774 1793 1800 1795 1781 1771 1784 1794 1808 1788 1808 1779 1808 1779 1776 1801

Tree=0
num_leaves=15
num_cat=0
split_feature=14 15 13 11 18 3 15 15 10 5 10 1 13 5
split_gain=310.687 266.478 142.956 128.408 116.981 83.3844 279.812 167.034 162 123.651 77.8567 77.4792 72.0957 70.313
threshold=0.077084174210933623 0.013825891519516633 0.46885633674793786 32.34094764884474 9.1663677475708045 -0.06747921295916369 -0.00011776364936544324 0.0048898286061258575 0.70623637539817075 -0.051794265368380048 1.4881175956643566 0.0045346090368778577 0.97933648093123649 -0.16157594545451018
decision_type=2 2 2 2 2 2 2 2 2 2 2 2 2 2
left_child=2 4 3 13 10 6 9 -7 -8 -5 -2 -11 -4 -1
right_child=1 -3 12 5 -6 7 8 -9 -10 11 -12 -13 -14 -15
leaf_value=-0.12685563222460275 -0.16279842747617734 -0.14560414941905273 -0.16732736279418842 -0.13931386156280609 -0.17275690878028399 -0.15291493266308526 -0.17599791014235486 -0.14664741785556148 -0.15768951708132056 -0.16130171641898811 -0.1359459083211064 -0.14432631837172014 -0.14214994137428424 -0.14623772713547781
leaf_weight=177.96467912197113 366.8657351732254 626.60468724370003 702.41366368532181 885.1008692085743 1359.5904955267906 11806.067449182272 639.52949634194374 5660.3207229673862 1356.1107392311096 615.66831031441689 129.99375304579735 395.94655564427376 118.31171405315399 2703.7706417441368
leaf_count=716 1476 2521 2826 3561 5470 47499 2573 22773 5456 2477 523 1593 476 10878
internal_value=-0.152386 -0.162504 -0.151383 -0.150966 -0.16821 -0.151768 -0.155738 -0.150883 -0.163574 -0.14749 -0.155735 -0.154655 -0.163682 -0.145024
internal_weight=27544.3 2483.05 25061.2 24240.5 1856.45 21358.7 3892.36 17466.4 1995.64 1896.72 496.859 1011.61 820.725 2881.74
internal_count=110818 9990 100828 97526 7469 85932 15660 70272 8029 7631 1999 4070 3302 11594
is_linear=0
shrinkage=1


Tree=1
num_leaves=15
num_cat=0
split_feature=13 18 6 15 5 2 15 2 7 7 15 2 15 5
split_gain=303.613 146.587 165.903 170.714 120.717 96.8624 188.211 87.9575 95.7978 87.3609 84.356 67.1929 130.887 112.769
threshold=0.16248497297182476 9.06850216328648 0.026544662677037579 -0.025240476479265524 -0.16157594545451018 0.014048138740632156 0.014544422722209129 0.10156482385455103 1.1940205636096046 1.5447231022085031 0.010208930633791804 -0.02102072159805601 -0.029140330631812535 -0.01896950290887189
decision_type=2 2 2 2 2 2 2 2 2 2 2 2 2 2
left_child=4 10 5 -4 -1 -3 7 8 -7 11 -2 -6 -13 -14
right_child=1 2 3 -5 9 6 -8 -9 -10 -11 -12 12 13 -15
leaf_value=0.024569327979270379 -0.00030563123151052749 0.00065933089690947341 0.025582908915689501 -0.018172523405967648 0.0038597376817992531 -0.011037290710505984 0.0062750429303730978 -0.021795636724550739 0.0064727711479650304 0.012288115813500786 0.015816682386178702 -0.035142199509713756 -0.0065839061508755539 0.0016233747769630804
leaf_weight=210.35656175017357 1534.1318981051445 2178.2546640783548 83.501209020614624 1375.8456288725138 6452.2704561203718 1804.5670549124479 710.13887441158295 547.19693140685558 331.67804113030434 688.80321137607098 358.74636627733707 92.444245755672455 1788.6458817571402 9500.5853057354689
leaf_count=845 6173 8764 336 5538 25955 7262 2856 2205 1335 2771 1443 372 7198 38221
internal_value=-9.12232e-05 -0.0046447 -0.00663927 -0.0156373 0.00207822 -0.00427778 -0.00744532 -0.0110782 -0.00831513 0.00182018 0.00276341 0.00141454 2.79202e-05 0.000322092
internal_weight=27657.2 8924.06 7031.18 1459.35 18733.1 5571.84 3393.58 2683.44 2136.25 18522.7 1892.88 17833.9 11381.7 11289.2
internal_count=111274 35912 28296 5874 75362 22422 13658 10802 8597 74517 7616 71746 45791 45419
is_linear=0
shrinkage=0.03


Tree=2
num_leaves=15
num_cat=0
split_feature=14 15 7 6 15 6 15 15 18 7 15 12 5 2
split_gain=253.986 246.435 149.849 308.369 230.262 188.43 161.078 138.897 122.043 90.2632 88.8786 145.305 101.466 83.5579
threshold=0.073058574706758486 0.013825891519516633 1.1291085818626969 0.019212111213769967 -0.025240476479265524 0.013911187523424453 0.0050153993023482899 0.0043571841365266381 9.1663677475708045 0.3849997292569724 -0.0013613064800135353 -0.24438517282180003 -0.052974131700672604 -0.027345915040765331
decision_type=2 2 2 2 2 2 2 2 2 2 2 2 2 2
left_child=2 8 3 4 -1 -4 9 -7 -2 -6 12 -12 -5 -11
right_child=1 -3 5 10 6 7 -8 -9 -10 13 11 -13 -14 -15
leaf_value=-0.026007233000487455 -0.0016871457327008663 0.0073292833957456774 0.00030468262606360788 0.0041343933457399264 0.018052458906749017 0.016036354694347218 0.0068472176952250304 2.5719262878997113e-06 -0.018384064162106237 0.0045408193782470151 -0.020975743906625596 -0.0053048094828273039 -0.0087441233778372783 -0.0018772128842070395
leaf_weight=260.87458693981171 537.87663078308105 647.39152283966541 2920.9543017148972 1009.7333026975393 245.53674250841141 1758.8179110884666 4785.5391828119755 671.76337823271751 1475.229501709342 2423.3176568895578 865.20035980641842 1384.8487862795591 1206.4675612896681 7382.3999542891979
leaf_count=1050 2165 2603 11748 4059 988 7074 19247 2702 5951 9746 3483 5574 4856 29705
internal_value=5.27084e-05 -0.00875447 0.000993775 -0.000223197 0.00182548 0.00544115 0.0023183 0.0116086 -0.013929 0.000161091 -0.00714625 -0.011344 -0.00287805 -0.000290502
internal_weight=27576 2660.5 24915.5 19563.9 15097.7 5351.54 14836.8 2430.58 2013.11 10051.3 4466.25 2250.05 2216.2 9805.72
internal_count=110951 10719 100232 78708 60736 21524 59686 9776 8116 40439 17972 9057 8915 39451
is_linear=0
shrinkage=0.03


Tree=3
num_leaves=15
num_cat=0
split_feature=13 18 14 10 2 13 7 7 6 12 6 10 6 7
split_gain=278.728 131.789 147.382 119.695 136.276 125.387 97.2871 93.3889 136.091 127.869 89.6792 81.5343 81.2253 80.3388
threshold=0.16248497297182476 9.0748187521522237 0.073058574706758486 0.55531275430434979 -0.021535860293645289 0.022950326313511685 0.59981530384098947 1.148162654496633 0.014229637486568466 -0.072188218225992848 0.026544662677037579 1.360735312520577 0.0098050013884049322 1.1940205636096046
decision_type=2 2 2 2 2 2 2 2 2 2 2 2 2 2
left_child=3 11 10 12 7 6 -6 9 -9 -5 13 -2 -1 -3
right_child=1 2 -4 4 5 -7 -8 8 -10 -11 -12 -13 -14 -15
leaf_value=0.011562922444681987 5.8746881935951396e-05 -0.0033062701945098649 -0.013826469812756384 0.00148008325816058 0.010833743647310613 0.0016690496417162955 -0.012031364865688595 0.0028936653723180147 0.019143003896382776 0.014314851069680015 -0.011996604862657778 0.01748065692884725 -0.016477716224021915 0.009873326916413707
leaf_weight=113.6100020557642 1624.4811426401138 3801.5861582458019 1732.6413514018059 3953.8510431349277 197.56767719984055 10212.875752687454 1049.9637504816055 861.31800937652588 1005.3904683440924 846.69072064757347 962.1198321133852 282.03839105367661 481.09327656030655 465.46214742958546
leaf_count=457 6536 15299 6993 15899 795 41087 4225 3463 4038 3404 3877 1134 1937 1871
internal_value=4.59535e-05 -0.00433464 -0.00624808 0.00212118 0.0025561 0.000571838 -0.00839874 0.00596566 0.0116565 0.00374882 -0.00373271 0.00265165 -0.0111001 -0.00186465
internal_weight=27590.7 8868.33 6961.81 18722.4 18127.7 11460.4 1247.53 6667.25 1866.71 4800.54 5229.17 1906.52 594.703 4267.05
internal_count=111015 35710 28040 75305 72911 46107 5020 26804 7501 19303 21047 7670 2394 17170
is_linear=0
shrinkage=0.03


Tree=4
num_leaves=15
num_cat=0
split_feature=14 7 6 6 18 10 2 12 6 5 6 3 18 10
split_gain=242.613 136.681 277.023 182.626 127.443 76.0608 72.0179 71.8479 83.9988 63.5941 77.867 61.8744 78.8207 58.7376
threshold=0.077084174210933623 1.1534076050465367 0.019212111213769967 0.012840291461776813 8.994549451769343 0.54428393542807607 -0.026748508576512006 -0.31327608886177638 0.03240973725245868 -0.14718150671375571 0.028256966140186076 -0.034603600948228667 9.4945106580258436 0.85906265407903926
decision_type=2 2 2 2 2 2 2 2 2 2 2 2 2 2
left_child=1 2 6 -3 -2 -4 -1 -5 -9 -7 -11 12 -8 -13
right_child=4 3 5 7 -6 9 11 8 -10 10 -12 13 -14 -15
leaf_value=0.0056494441385406199 0.0051768094467912733 -0.00047031237650887081 -0.020065843303418398 0.024388149240907084 -0.012152873965825723 0.013511434506116506 -0.0071722651478681879 0.011353156356463442 -0.0061157336834044241 -0.0034377741836017213 -0.012371004253973502 0.0044979979065290117 0.0040227314012386793 -0.00023999558283307782
leaf_weight=3409.6884024292231 470.31714491546154 2415.9700356721878 344.87165249884129 316.66071248054504 2007.9815255254507 151.65093386173248 1696.17448104918 1940.3953928947449 282.66571067273617 2894.0453725755215 1260.3015232086182 4163.6502848565578 847.43619191646576 5416.9618024080992
leaf_count=13706 1891 9716 1391 1271 8112 609 6827 7795 1137 11652 5078 16748 3410 21791
internal_value=8.89059e-05 0.000971965 -0.000124246 0.00543513 -0.00886262 -0.00654566 0.00179893 0.0110488 0.00912846 -0.00545401 -0.00615249 0.000715297 -0.00344228 0.0018196
internal_weight=27618.8 25140.5 20184.8 4955.69 2478.3 4650.87 15533.9 2539.72 2223.06 4306 4154.35 12124.2 2543.61 9580.61
internal_count=111134 101131 81212 19919 10003 18730 62482 10203 8932 17339 16730 48776 10237 38539
is_linear=0
shrinkage=0.03


Tree=5
num_leaves=15
num_cat=0
split_feature=14 15 7 13 18 11 6 7 15 15 10 13 7 7
split_gain=243.074 226.79 133.086 112.983 101.221 99.5417 107.324 179.978 96.6181 86.9382 83.6665 82.8483 78.8263 71.6752
threshold=0.077084174210933623 0.013825891519516633 1.5048544429041739 0.46885633674793786 9.3856774275265504 32.105348495730397 0.028256966140186076 1.0970014235523242 -0.029140330631812535 -0.0033448231477803954 1.6596830823990225 0.022950326313511685 0.3849997292569724 0.65538679673876088
decision_type=2 2 2 2 2 2 2 2 2 2 2 2 2 2
left_child=2 4 3 5 10 -1 8 -8 -7 -9 -2 -10 -5 -13
right_child=1 -3 -4 12 -6 6 7 9 11 -11 -12 13 -14 -15
leaf_value=0.0063732367265284685 -0.010572898509834786 0.0067934991080397054 0.011426492264270675 0.017657582905758258 -0.020308280101020322 -0.024103174221907036 -0.015890093762007489 0.022953738435851218 -0.0048671523271825064 -0.0047973595529424906 0.015187864347830681 -0.0020383386149660271 -0.013709152892857906 0.0025641269080892717
leaf_weight=2553.8983244597912 643.41473434865475 610.34127055108547 1026.0473942011595 78.297371566295624 1061.6964991390705 138.85031387209892 880.56618183851242 189.4318844974041 2048.3662983775139 215.30712223052979 135.83508171141148 3946.8398308157921 727.51895277202129 13311.356113642454
leaf_count=10262 2597 2456 4120 315 4303 560 3552 761 8243 866 547 15878 2935 53539
internal_value=-2.45959e-05 -0.00903783 0.000855716 0.00040458 -0.0142882 0.000787171 9.84528e-05 -0.00829056 0.000653746 0.00824012 -0.00605502 0.000834273 -0.0106252 0.00151146
internal_weight=27567.8 2451.29 25116.5 24090.4 1840.95 23284.6 20730.7 1285.31 19445.4 404.739 779.25 19306.6 805.816 17258.2
internal_count=110934 9903 101031 96911 7447 93661 83399 5179 78220 1627 3144 77660 3250 69417
is_linear=0
shrinkage=0.03


Tree=6
num_leaves=15
num_cat=0
split_feature=13 7 15 2 18 10 5 7 12 18 15 15 12 5
split_gain=209.602 133.032 126.142 127.754 133.452 103.618 108.346 100.65 84.2067 105.446 78.3772 137.696 157.351 135.408
threshold=0.16099525353739089 0.3849997292569724 0.014856355070789641 0.067260755722674773 9.4856086622315399 0.53209133883043935 -0.16157594545451018 0.85325661581092282 -0.096957978435998002 9.0236664291478057 0.0050153993023482899 0.014876042202137897 -0.12392969037861683 -0.052974131700672604
decision_type=2 2 2 2 2 2 2 2 2 2 2 2 2 2
left_child=5 -2 3 7 -5 -1 -7 -3 9 -4 13 12 -12 -8
right_child=1 2 8 4 -6 6 10 -9 -10 -11 11 -13 -14 -15
leaf_value=-0.012669448923335803 0.01760391439063402 -0.0074827917696876078 0.016240958997725805 -0.0046831283093210167 -0.020862300572770522 0.024407981768153664 0.0075447919552800733 0.00062798432754859344 0.0095891614499275073 -0.014551626065770099 -0.00093655377653440884 -0.001100523671331195 0.013083624500834964 -0.0008935136156454003
leaf_weight=438.95241621136665 250.17123055458069 3005.1998059302568 137.1489419490099 905.86405323445797 930.88445515930653 190.99715755879879 2046.0754805654287 2539.5545276403427 858.30425369739532 355.48904711008072 1055.5380529910326 2158.6106255054474 2265.7414906769991 10412.592688903213
leaf_count=1771 1006 12104 551 3659 3779 765 8221 10224 3451 1433 4247 8677 9105 41884
internal_value=-0.000119786 -0.00388144 -0.00450086 -0.0060432 -0.0128967 0.00170016 0.00204943 -0.00376909 0.0039229 -0.00594806 0.00180868 0.00479799 0.00862998 0.00049329
internal_weight=27551.1 8982.62 8732.45 7381.5 1836.75 18568.5 18129.6 5544.75 1350.94 492.638 17938.6 5479.89 3321.28 12458.7
internal_count=110877 36207 35201 29766 7438 74670 72899 22328 5435 1984 72134 22029 13352 50105
is_linear=0
shrinkage=0.03


Tree=7
num_leaves=15
num_cat=0
split_feature=13 15 2 18 2 15 7 12 11 6 15 15 7 7
split_gain=213.099 125.48 160.475 145.015 100.642 124.94 113.759 116.054 113.498 112.453 107.807 101.688 93.0539 92.5778
threshold=0.16248497297182476 0.014822709151815607 0.067260755722674773 9.4258274790032051 -0.02102072159805601 -0.029140330631812535 1.148162654496633 -0.072188218225992848 51.160819961664451 0.016661304550954627 -0.012545512034119353 0.0030832101336715216 0.3849997292569724 1.1013783417222098
decision_type=2 2 2 2 2 2 2 2 2 2 2 2 2 2
left_child=4 2 12 -4 6 -6 7 -1 -7 -8 -10 -12 -2 -14
right_child=1 -3 3 -5 5 8 9 -9 10 -11 11 -13 13 -15
leaf_value=0.00032589743013256836 0.0166074344541286 0.0045401046263793543 -0.0036236663423070245 -0.020738390682661305 -0.033594712944887431 -0.0030073189704148996 0.0045994325297804414 0.012243497502654282 0.013453471692505286 0.019421271839020829 -0.0023385277686120646 0.0056005825239712863 -0.0055182368481493868 0.0043629971008375366
leaf_weight=4280.4224305301905 210.90527892112732 1369.6221814453602 804.27879017591476 999.85565546154976 96.019061207771301 4961.1223803162575 1070.9002328962088 885.99046918749809 780.48342980444431 808.74189358949661 2932.6261154562235 2872.3589809387922 4414.9877251386642 1056.1023469716311
leaf_count=17211 847 5509 3248 4069 389 19963 4301 3557 3141 3241 11799 11545 17793 4246
internal_value=2.9008e-05 -0.00380378 -0.00533114 -0.0131211 0.00184541 0.000132584 0.00467478 0.0023736 0.000418822 0.0109906 0.00300001 0.00159039 -0.00285392 -0.00360993
internal_weight=27544.4 8855.75 7486.13 1804.13 18688.7 11642.6 7046.06 5166.41 11546.6 1879.64 6585.47 5804.99 5682 5471.09
internal_count=110859 35712 30203 7317 75147 46837 28310 20768 46448 7542 26485 23344 22886 22039
is_linear=0
shrinkage=0.03


Tree=8
num_leaves=15
num_cat=0
split_feature=14 15 7 6 7 15 15 15 15 15 14 5 15 6
split_gain=173.631 197.254 120.149 109.579 300.674 144.894 115.683 109.65 130.208 128.026 149.178 112.871 142.678 108.112
threshold=0.077084174210933623 0.013825891519516633 1.5447231022085031 0.020327153811031284 1.0970014235523242 -0.025240476479265524 0.0044816308948112402 0.0048898286061258575 0.02295819499303731 -0.012545512034119353 -0.025373362202002921 0.02029325602396748 0.036091970431443084 0.01228838793454414
decision_type=2 2 2 2 2 2 2 2 2 2 2 2 2 2
left_child=2 -2 3 5 -5 -1 -6 9 13 -7 -11 12 -10 -9
right_child=1 -3 -4 4 6 7 -8 8 11 10 -12 -13 -14 -15
leaf_value=-0.016836028531632199 -0.012579053756123287 0.0069802201394273565 0.011826763289255707 -0.0078304544133351445 0.013757868500900937 0.006557425905013967 -0.0071183577726151382 0.010029330411346366 -0.020820520523693629 0.0051550344214972895 -0.0033080518581697091 0.0080521887034837591 0.007636767814378412 0.0003555029052739276
leaf_weight=383.42531809210777 1835.8870716691017 619.33676010370255 843.92945085465908 3814.3820673525333 1002.29635861516 2290.312695980072 312.06919072568417 3483.9475326091051 476.24672052264214 2462.6062380075455 7828.1632345467806 428.53423948585987 235.93577626347542 1481.8633109629154
leaf_count=1547 7460 2490 3385 15383 4023 9208 1255 13995 1914 9894 31507 1721 948 5958
internal_value=-3.34175e-05 -0.00764351 0.000713208 0.000324695 -0.00356726 0.00137162 0.00879795 0.00174696 0.0050447 0.000145768 -0.00128221 -0.00408985 -0.011398 0.00714384
internal_weight=27498.9 2455.22 25043.7 24199.8 5128.75 19071 1314.37 18687.6 6106.53 12581.1 10290.8 1140.72 712.182 4965.81
internal_count=110688 9950 100738 97353 20661 76692 5278 75145 24536 50609 41401 4583 2862 19953
is_linear=0
shrinkage=0.03


Tree=9
num_leaves=15
num_cat=0
split_feature=13 6 18 10 2 7 6 7 7 13 2 7 18 7
split_gain=204.006 118.177 106.241 98.6789 89.3034 140.61 87.0543 80.9646 73.6991 71.9692 75.5112 95.8394 58.271 67.3518
threshold=0.1548791467527291 0.027363378409174181 8.978948341764676 0.53209133883043935 -0.078167946866585888 1.0529533299655141 0.0093233149689647653 0.3849997292569724 1.1291085818626969 0.022950326313511685 -0.026194907497926408 0.61566557716388937 9.4856086622315399 1.6316789968227494
decision_type=2 2 2 2 2 2 2 2 2 2 2 2 2 2
left_child=3 7 -3 6 5 -5 -1 -2 -9 10 -6 -12 13 -10
right_child=1 2 -4 4 9 -7 -8 8 12 -11 11 -13 -14 -15
leaf_value=0.020683390069908797 0.015195090243982752 0.0046671471965129474 -0.014040833785807751 0.00069789342985063978 0.0022476924001454839 0.017214625524587336 -0.017581267947380678 -0.0039977702491999431 0.013017754208306498 0.0024642418270147781 0.009226859887356522 -0.011008106961581107 -0.0016963699588815775 -0.021859821489884711
leaf_weight=60.646614298224449 238.95312041044235 335.91373604536057 1441.8722549974918 987.1473872512579 1377.0032918453217 873.42362456023693 374.60789586603642 5882.1849944740534 601.14117945730686 12977.422243818641 253.01057922840118 1218.4435404241085 865.39651960134506 52.519716650247574
leaf_count=244 959 1352 5839 3969 5530 3500 1515 23722 2420 52177 1018 4909 3500 212
internal_value=3.87423e-05 -0.00354248 -0.0105047 0.00190011 0.00224794 0.00846164 -0.0121794 -0.00192013 -0.00247666 0.00151645 -0.00280034 -0.00752098 0.003411 0.0101573
internal_weight=27539.7 9417.98 1777.79 18121.7 17686.5 1860.57 435.255 7640.2 7401.24 15825.9 2848.46 1471.45 1519.06 653.661
internal_count=110866 38004 7191 72862 71103 7469 1759 30813 29854 63634 11457 5927 6132 2632
is_linear=0
shrinkage=0.03


Tree=10
num_leaves=15
num_cat=0
split_feature=14 15 7 13 18 5 6 15 7 3 15 6 2 15
split_gain=197.023 172.85 121.958 102.022 94.1846 77.9114 120.648 171.98 145.027 90.6464 76.9452 153.776 71.8062 144.41
threshold=0.077084174210933623 0.013825891519516633 1.5245624674419631 0.46885633674793786 9.2147269602728574 -0.16157594545451018 0.027951929332012983 0.0030832101336715216 1.0970014235523242 -0.031946204480050693 -0.025240476479265524 0.014435348061836642 -0.02102072159805601 -0.01812390067702507
decision_type=2 2 2 2 2 2 2 2 2 2 2 2 2 2
left_child=2 4 3 5 -2 -1 10 8 -8 -10 11 -7 -12 -14
right_child=1 -3 -4 -5 -6 6 7 -9 9 -11 12 -13 13 -15
leaf_value=0.020177540367285973 -0.002059304490496201 0.0057048132218699178 0.011498623142149144 -0.01012426023065232 -0.016995386627636694 -0.023686558764481634 -0.0080662069545678564 -0.021662100084405625 0.025708360602360033 -0.0066167292507703646 0.0040655622007705425 0.012831572665988349 0.018136971152679014 -0.00019986779747177595
leaf_weight=183.12397909164429 536.56638136506081 614.70067568123341 928.89747236669064 794.71513402462006 1304.9900602996349 295.50238972902298 749.43319427967072 509.00704747438431 237.82962121069431 114.73127172887325 6672.6045887172222 157.8013663738966 395.45571805536747 14069.751797199249
leaf_count=734 2166 2471 3724 3214 5332 1195 3027 2059 953 461 26811 635 1590 56606
internal_value=4.96221e-05 -0.008056 0.000843127 0.000432869 -0.0126505 0.000792473 0.000637749 -0.00727678 -0.000605047 0.0152111 0.0012289 -0.0109736 0.0014916 0.00030387
internal_weight=27565.1 2456.26 25108.9 24180 1841.56 23385.2 23202.1 1611 1101.99 352.561 21591.1 453.304 21137.8 14465.2
internal_count=110978 9969 101009 97285 7498 94071 93337 6500 4441 1414 86837 1830 85007 58196
is_linear=0
shrinkage=0.03


Tree=11
num_leaves=15
num_cat=0
split_feature=13 15 2 3 10 3 15 2 15 6 15 13 12 7
split_gain=187.233 97.0535 131.787 107.915 86.2402 87.7246 89.2672 78.6148 84.8747 138.067 174.463 96.7101 92.5598 99.9503
threshold=0.15792853497014717 0.014822709151815607 0.067260755722674773 0.07402263102293595 0.55531275430434979 -0.064583337998094223 -1.0000000180025095e-35 -0.15662576809619463 0.0050153993023482899 0.017739009292460202 0.02295819499303731 0.087588208949885407 -0.17324661284622592 1.2562950605582903
decision_type=2 2 2 2 2 2 2 2 2 2 2 2 2 2
left_child=4 2 -2 -3 5 6 -1 -6 12 10 -10 -12 13 -9
right_child=1 3 -4 -5 7 -7 -8 8 9 -11 11 -13 -14 -15
leaf_value=-0.0020188453403195477 -0.0026140902849996523 -0.0043010360269754924 -0.011807521556979136 0.012229209098588722 0.01429334407567171 0.0049208713254470602 -0.032284670790203703 0.0032436858764087468 0.0097686603582617416 -0.0063976267301921489 -0.014412889399853768 0.006223866672156666 -0.00094808304200111164 0.021219863251826333
leaf_weight=157.80702543258667 5902.7693204134703 730.43365323543549 1839.7614149302244 688.94115124642849 464.58805479109287 227.84736353158951 196.23804740607738 2202.8530962616205 3714.0642506033182 816.04051958024502 468.10364770889282 360.00288547575474 9474.2600999623537 316.84824979305267
leaf_count=637 23795 2941 7500 2768 1863 918 797 8858 14908 3287 1882 1446 38105 1269
internal_value=2.44216e-05 -0.00347917 -0.0048011 0.00372839 0.00176928 -0.00957647 -0.0188815 0.00214086 0.00181388 0.00495222 0.00699324 -0.00544809 0.000411262 0.0055192
internal_weight=27560.6 9161.91 7742.53 1419.37 18398.7 581.892 354.045 17816.8 17352.2 5358.21 4542.17 828.107 11994 2519.7
internal_count=110974 37004 31295 5709 73970 2352 1434 71618 69755 21523 18236 3328 48232 10127
is_linear=0
shrinkage=0.03


Tree=12
num_leaves=15
num_cat=0
split_feature=14 15 18 11 3 15 15 6 5 18 18 13 15 15
split_gain=182.93 205.072 100.464 80.8052 92.4062 134.084 126.302 148.625 126.036 110.577 100.339 69.9228 66.193 62.1144
threshold=0.056438968560101895 0.014544422722209129 9.4856086622315399 32.105348495730397 -0.02843594538209859 -0.00011776364936544324 -0.00011776364936544324 0.020172265915168627 -0.052974131700672604 9.5034712184752532 8.3198869368249451 0.30769470168340124 -0.013443614575673111 -0.0082538746597311512
decision_type=2 2 2 2 2 2 2 2 2 2 2 2 2 2
left_child=3 2 -2 13 6 -6 8 9 -5 -8 -9 -7 -4 -1
right_child=1 -3 12 4 5 11 7 10 -10 -11 -12 -13 -14 -15
leaf_value=-6.5808588142230831e-05 -0.0045398485367388894 0.0071378775304680245 0.0019364441365819589 0.010727181107833578 -0.0013753048460434373 0.0055652040687363827 -0.006886562101938002 0.021418767199824509 -0.001936495360823599 0.0065600013342603783 -0.017585499418513315 -0.0036656763307041746 -0.018027635678661672 0.0091909347620867648
leaf_weight=1023.4078306257725 1596.8943720757961 833.67132121324539 169.94910798966885 989.22953023016453 6323.8444762825966 6702.9643409997225 1571.6031889021397 61.238926246762276 2467.940560951829 844.61032903194427 1055.6216020733118 828.57400996983051 1216.6347522884607 1797.5296398997307
leaf_count=4109 6462 3350 690 3975 25456 26936 6323 247 9934 3395 4268 3345 4973 7215
internal_value=8.8579e-05 -0.00600394 -0.00967847 0.00107166 0.000426558 0.00184522 -0.0023851 -0.0063725 0.00169118 -0.00218465 -0.0154124 0.00454898 -0.0155814 0.00583501
internal_weight=27483.7 3817.15 2983.48 23666.6 20845.6 13855.4 6990.24 3533.07 3457.17 2416.21 1116.86 7531.54 1386.58 2820.94
internal_count=110678 15475 12125 95203 83879 55737 28142 14233 13909 9718 4515 30281 5663 11324
is_linear=0
shrinkage=0.03


Tree=13
num_leaves=15
num_cat=0
split_feature=13 15 2 3 10 5 15 6 3 2 15 13 15 15
split_gain=165.065 100.581 127.947 90.6141 88.1624 83.1719 77.3286 97.2068 68.0584 55.0422 117.162 114.604 89.8622 109.181
threshold=0.16248497297182476 0.014822709151815607 0.036552762147223479 0.07402263102293595 0.55531275430434979 -0.16157594545451018 -0.00011776364936544324 0.0092707580403557557 -0.010005014638226227 -0.027345915040765331 -0.029140330631812535 0.022950326313511685 -0.012545512034119353 -0.0013613064800135353
decision_type=2 2 2 2 2 2 2 2 2 2 2 2 2 2
left_child=4 2 -2 -3 6 -6 -1 -8 -4 -7 -11 -12 -13 -14
right_child=1 3 8 -5 5 9 7 -9 -10 10 11 12 13 -15
leaf_value=0.0034346297581374923 -0.0015971415519949602 -0.0034442711688930185 -0.023844935053418278 0.011921021721648616 0.021782775515562118 0.0041966286811437941 0.015712237003762855 -0.026044174891224046 -0.0081526502497031549 -0.031318539167249623 -0.0068468688027268007 0.0090979710992551751 -0.0038750454709223334 0.0031075817610053329
leaf_weight=232.84405808150768 4528.5944472551346 708.03740480542183 272.93480588495731 671.20466506481171 186.07902815937996 5589.4286457747221 59.278901383280754 287.74675197899342 2694.1676831096411 100.58870375156403 1513.3851037621498 1383.0551270544529 2939.6251138150692 6398.5967527329922
leaf_count=939 18261 2852 1111 2694 745 22435 238 1171 10962 411 6098 5561 11831 25714
internal_value=-3.27803e-05 -0.00340128 -0.00477116 0.00403964 0.00156689 0.00193599 -0.00992797 -0.0188622 -0.00961123 0.00172755 0.000608245 0.00087581 0.001967 0.000909127
internal_weight=27565.6 8874.94 7495.7 1379.24 18690.6 18110.8 579.87 347.026 2967.1 17924.7 12335.3 12234.7 10721.3 9338.22
internal_count=111023 35880 30334 5546 75143 72795 2348 1409 12073 72050 49615 49204 43106 37545
is_linear=0
shrinkage=0.03


Tree=14
num_leaves=15
num_cat=0
split_feature=13 18 13 5 10 7 14 7 3 5 18 3 18 18
split_gain=148.022 114.154 83.3404 83.0572 83.1048 82.4182 96.6609 81.4223 79.8544 78.1507 73.7099 65.3557 61.7425 53.7912
threshold=0.16099525353739089 9.06850216328648 0.44172786550864668 -0.16157594545451018 0.55531275430434979 1.1940205636096046 0.052972555882006896 0.40161055153109854 -0.064583337998094223 0.031634542146047114 7.9137693744205411 0.047755306386244374 8.3198869368249451 9.7257115745960458
decision_type=2 2 2 2 2 2 2 2 2 2 2 2 2 2
left_child=3 9 5 -1 8 6 11 -4 -5 -2 -6 13 -12 -3
right_child=1 2 7 4 10 -7 -8 -9 -10 -11 12 -13 -14 -15
leaf_value=0.020244878408477916 -0.0030131764741745753 -0.010937683522873477 0.01962480301215631 -0.019289638615632949 -0.033761476361273988 0.0040048877607957974 -0.012460529166501011 -0.014176142575482593 0.0035886704744807229 0.0092085217841004121 0.018491340282799845 0.0010394947587045304 0.0015638114816641021 0.00057937284238238052
leaf_weight=208.36410474777222 901.38402280211449 1090.8562587052584 66.3669453561306 336.07758022844791 50.764615416526794 1077.6229026913643 1218.8400648981333 1108.3394858241081 230.29517760872841 982.21165810525417 194.10746370255947 1942.3986293971539 17618.013358667493 547.70485350489616
leaf_count=835 3633 4401 267 1369 204 4365 4962 4514 928 3958 780 7828 70813 2211
internal_value=-2.13763e-05 -0.00319542 -0.00494757 0.00150058 0.00128648 -0.00348711 -0.00517013 -0.0122364 -0.0100071 0.0033629 0.00164564 -0.00268316 0.00175033 -0.00709198
internal_weight=27573.3 8935.72 7052.13 18637.6 18429.3 5877.42 4799.8 1174.71 566.373 1883.6 17862.9 3580.96 17812.1 1638.56
internal_count=111068 36139 28548 74929 74094 23767 19402 4781 2297 7591 71797 14440 71593 6612
is_linear=0
shrinkage=0.03


Tree=15
num_leaves=15
num_cat=0
split_feature=14 15 13 7 18 7 11 6 15 7 12 13 10 7
split_gain=147.812 155.804 102.709 91.0191 76.3485 70.7406 68.9513 98.121 172.196 87.1103 83.0929 68.0774 65.3945 59.4629
threshold=0.077084174210933623 0.013825891519516633 0.46885633674793786 1.5447231022085031 9.2147269602728574 0.36667273658520655 32.82044709332574 0.028256966140186076 -0.025240476479265524 1.0970014235523242 -0.26101685571033179 0.022950326313511685 1.6596830823990225 0.63022999082578768
decision_type=2 2 2 2 2 2 2 2 2 2 2 2 2 2
left_child=2 4 3 6 12 -4 -1 11 -9 -10 -11 13 -2 -8
right_child=1 -3 5 -5 -6 -7 7 8 9 10 -12 -13 -14 -15
leaf_value=0.0049483567145018675 -0.0071831283358689321 0.0060285504417329416 0.018181536279443581 0.010718792264001558 -0.015335979096900465 -0.0126656619764706 0.0064781977347422217 0.032923869200656708 -0.016539138397324852 0.016432839692137768 -0.01227055366771084 0.0011362070390341615 0.018671738254232295 -0.0071571716652364219
leaf_weight=2895.8926955908537 428.31708180904388 610.51576355099678 71.813778772950172 829.10991896688938 1309.9130000472069 737.33972018957138 348.15422129631042 83.885305225849152 811.68664191663265 168.61723344027996 191.96955795586109 17315.048097163439 108.70860855281353 1623.1634472459555
leaf_count=11624 1735 2452 288 3322 5399 2994 1401 337 3295 677 773 69648 438 6540
internal_value=-7.69356e-05 -0.00709539 0.000611367 0.000962296 -0.0114354 -0.00988984 0.000616284 5.16726e-06 -0.00811216 -0.0110997 0.0011683 0.000534651 -0.00189954 -0.00474491
internal_weight=27534.1 2457.45 25076.7 24267.5 1846.94 809.153 23438.4 20542.5 1256.16 1172.27 360.587 19286.4 537.026 1971.32
internal_count=110923 10024 100899 97617 7572 3282 94295 82671 5082 4745 1450 77589 2173 7941
is_linear=0
shrinkage=0.03


Tree=16
num_leaves=15
num_cat=0
split_feature=13 18 6 15 7 3 7 5 15 2 10 6 15 18
split_gain=144.999 117.135 148.017 134.686 107.725 77.5043 71.7906 68.6186 67.046 113.848 65.064 80.9863 92.0818 69.6546
threshold=0.17065234954836819 8.9629056351008796 0.027077193208552501 -0.025240476479265524 0.3849997292569724 0.05513690253507076 1.1940205636096046 -0.16157594545451018 0.0085073794116170571 0.061114217533320143 0.56559396391938022 0.0082482973551466793 -0.00023455458972509999 7.9137693744205411
decision_type=2 2 2 2 2 2 2 2 2 2 2 2 2 2
left_child=7 5 4 -4 -3 -2 8 -1 9 -6 11 -9 -13 -12
right_child=1 2 3 -5 6 -7 -8 10 -10 -11 13 12 -14 -15
leaf_value=0.018418126953792496 -0.0035809455037327455 0.01899483181563098 0.024311446075070041 -0.015983253943749401 -0.0044247935436828459 0.010857558904425673 0.0042250940783944901 0.016261868012793008 0.0016393416321332755 -0.018196391054617875 -0.031946343435991141 0.0025433933447528844 -0.022383848874180021 0.0016082390703459374
leaf_weight=207.96346232295036 586.22194036841393 195.43352112174034 77.403457656502724 1314.9648119062185 2738.5081080645323 775.13634257018566 883.51057299971581 102.08735360205173 1013.1447496563196 671.74529100954533 53.85296306014061 219.21848957240582 337.11011922359467 18264.90395501256
leaf_count=834 2363 784 312 5365 11050 3123 3584 410 4084 2764 217 885 1376 73415
internal_value=-6.89652e-05 -0.00339277 -0.00498051 -0.0137116 -0.00276694 0.00464398 -0.00357519 0.00136159 -0.0051344 -0.00714657 0.00117276 -0.00807868 -0.0125875 0.00150612
internal_weight=27441.2 8256.07 6894.71 1392.37 5502.34 1361.36 5306.91 19185.1 4423.4 3410.25 18977.2 658.416 556.329 18318.8
internal_count=110566 33429 27943 5677 22266 5486 21482 77137 17898 13814 76303 2671 2261 73632
is_linear=0
shrinkage=0.03


Tree=17
num_leaves=15
num_cat=0
split_feature=14 18 13 7 7 12 13 11 11 13 4 3 13 14
split_gain=140.922 130.806 110.948 82.0889 93.4307 83.9347 72.0293 65.0028 60.5459 71.0201 61.1907 60.4976 48.2057 47.8846
threshold=0.030585687788218689 9.2966407715307309 0.31299164784337069 0.3849997292569724 0.8298178651107414 -0.094758341070895299 0.15345717541369966 55.561820620224992 32.105348495730397 0.034961859517260614 -0.041902007256590594 0.097566691633549599 0.46885633674793786 -0.00090046820969558173
decision_type=2 2 2 2 2 2 2 2 2 2 2 2 2 2
left_child=3 11 7 -1 5 -5 -7 -3 -6 13 -11 -2 -12 -10
right_child=1 2 -4 4 8 6 -8 -9 9 10 12 -13 -14 -15
leaf_value=0.015240235922004273 -0.0015148222384144797 -0.012752865225659417 -0.014906784524913412 -0.0040944514425548572 0.0081680987011614904 0.0043000003190561218 -0.0036293439584951194 -0.0018671767495851881 -0.00058170905972221277 -0.0066198350548996006 0.0045144010692019319 0.0082074897619554936 -0.011384171268682632 -0.01176318901039013
leaf_weight=371.43721564114094 1783.0887171328068 610.39778710901737 1134.7493526041508 4535.6259458512068 1666.0202211290598 3079.3917189240456 1547.7129790782928 2552.2489933520555 1636.3287195414305 513.25824721157551 6639.1700669974089 848.57800915837288 174.33654414117336 434.76859466731548
leaf_count=1490 7188 2467 4649 18284 6681 12369 6239 10337 6581 2071 26687 3425 709 1752
internal_value=5.76362e-05 -0.00364263 -0.00686709 0.00130262 0.00104519 -0.00119518 0.0016473 -0.00397487 0.00290047 0.0019651 0.00335152 0.00162398 0.00410438 -0.00293803
internal_weight=27527.1 6929.06 4297.4 20598.1 20226.6 9162.73 4627.1 3162.65 11063.9 9397.86 7326.76 2631.67 6813.51 2071.1
internal_count=110929 28066 17453 82863 81373 36892 18608 12804 44481 37800 29467 10613 27396 8333
is_linear=0
shrinkage=0.03


Tree=18
num_leaves=15
num_cat=0
split_feature=14 7 6 6 18 13 10 18 5 7 10 7 6 3
split_gain=136.962 94.7388 165.348 129.059 92.6612 69.4747 63.3886 71.0548 62.755 59.2512 56.0565 73.7952 71.1589 53.8215
threshold=0.073058574706758486 1.1534076050465367 0.019212111213769967 0.012936721653304962 8.8555556891006439 0.25944565936192249 0.62799819903536214 8.8803600226464798 -0.14718150671375571 1.1534076050465367 0.84723330251126094 0.77564962857193098 0.0063372506252343799 -0.056713786896758205
decision_type=2 2 2 2 2 2 2 2 2 2 2 2 2 2
left_child=1 2 10 -3 -2 -5 13 -8 -9 -6 11 12 -1 -4
right_child=4 3 6 5 9 -7 7 8 -10 -11 -12 -13 -14 -15
leaf_value=0.0104411048133231 0.0075264661618510802 -0.00056495042521328628 -0.018158013743273398 0.011281598160857075 -0.012915548600256762 -0.00279846516364426 0.0041491486943939756 0.016843722391051086 -0.0066925938310268317 -0.0031099769382343027 -0.00040141538320775754 0.007566768463700321 -0.00063655951436359271 0.0010462784653454114
leaf_weight=605.53454497456551 359.96885286271572 2438.3388548195362 541.9978584498167 2095.4814353138208 1327.056949287653 370.39270032942295 799.70534974336624 103.72669430077076 2958.5201940089464 954.58060568571091 8847.7052022218704 2313.8735131025314 3700.5991720408201 172.86806288361549
leaf_count=2432 1449 9794 2206 8401 5437 1492 3223 416 11971 3911 35577 9300 14887 699
internal_value=-9.48657e-05 0.00059311 -0.000321433 0.00432964 -0.00658801 0.00916611 -0.00532917 -0.00380603 -0.00588488 -0.00881946 0.00116083 0.00324827 0.000925321 -0.0135241
internal_weight=27590.3 24948.7 20044.5 4904.21 2641.61 2465.87 4576.82 3861.95 3062.25 2281.64 15467.7 6620.01 4306.13 714.866
internal_count=111195 100398 80711 19687 10797 9893 18515 15610 12387 9348 62196 26619 17319 2905
is_linear=0
shrinkage=0.03


Tree=19
num_leaves=15
num_cat=0
split_feature=14 7 6 2 4 7 3 10 6 12 12 14 4 10
split_gain=127.032 100.986 157.661 63.943 88.1169 59.1481 55.8708 47.7292 47.5202 58.3038 45.7334 51.3338 42.1609 41.4896
threshold=0.052972555882006896 0.8298178651107414 0.019054556680387195 -0.033962154365184009 0.012123224688891267 0.3849997292569724 -0.073404805906848822 0.7802281931888233 0.0062120850788763759 -0.17728985046858034 -0.094758341070895299 -0.0094271418139943979 0.00207396716669539 0.51795477833883041
decision_type=2 2 2 2 2 2 2 2 2 2 2 2 2 2
left_child=1 2 5 -3 6 -1 -5 -8 -7 -10 -11 -12 -2 -4
right_child=12 3 13 4 -6 8 7 -9 9 10 11 -13 -14 -15
leaf_value=0.012161107646757706 -0.017586150246156552 0.0056812748965288018 -0.021808028156224259 -0.0088924259464372452 0.0060540961703261943 0.0059476851662542251 0.008323807063539362 -0.0006967140953728745 0.0059291175636469098 -0.005691551030259377 0.0042457504505723741 -0.0027282536754199647 -0.0041603689108673618 -0.0072556603846912794
leaf_weight=372.22382274270058 220.73273350298405 4131.6056731939316 192.46882101893425 671.09640218317509 2379.0853526741266 1038.7373488992453 588.34467282891273 4990.1020048111677 964.49741287529469 2019.8115659058094 1496.2988033592701 2593.3224203586578 3924.0278892368078 1970.6606280952692
leaf_count=1492 899 16599 789 2705 9567 4173 2365 20067 3881 8126 6010 10436 15976 7975
internal_value=-4.39094e-05 0.000813353 -0.00134357 0.00261317 0.0011431 0.00050017 -0.000727758 0.0002573 -3.77198e-05 -0.000918051 -0.0020006 -0.000175797 -0.00488351 -0.00856944
internal_weight=27553 23408.3 10648 12760.2 8628.63 8484.89 6249.54 5578.45 8112.67 7073.93 6109.43 4089.62 4144.76 2163.13
internal_count=111060 94185 42882 51303 34704 34118 25137 22432 32626 28453 24572 16446 16875 8764
is_linear=0
shrinkage=0.03


Tree=20
num_leaves=15
num_cat=0
split_feature=13 18 6 14 10 10 3 2 13 18 3 10 18 12
split_gain=127.163 87.8531 105.254 87.3888 73.2644 67.9687 77.6269 68.4329 97.3997 68.5109 54.4089 61.9888 53.1535 52.9387
threshold=0.1548791467527291 9.06850216328648 0.026544662677037579 -0.0017920189460105538 1.1792397362992253 0.55531275430434979 -0.064583337998094223 -0.02268655540509212 0.022950326313511685 9.3035158088321754 -0.068920579357294884 0.59818513911960347 9.6293264503786311 -0.065630794547730006
decision_type=2 2 2 2 2 2 2 2 2 2 2 2 2 2
left_child=5 4 3 -3 -2 6 -1 9 -9 -7 -5 12 -12 -6
right_child=1 2 -4 10 13 7 -8 8 -10 -11 11 -13 -14 -15
leaf_value=-0.017470339241371965 -0.00043456475347429784 0.0029807918082690303 -0.011606689549165151 -0.02536432047605584 7.0487659892776969e-05 0.00036402169575059626 0.0052937444336379142 -0.0074338157389268996 0.0013485302508709058 0.0067282153117383383 0.00093720246052457425 -0.0050980686013376584 0.039476163046950341 0.021137268516589459
leaf_weight=350.45120549201965 1519.2412580549717 1766.5887481272221 1455.5108494013548 112.7216010838747 171.62809492647648 2503.546707585454 217.1169790327549 1281.1567446738482 9943.8297471106052 3883.2813328355551 86.031876876950264 3899.8432710021734 49.579422414302826 284.72473287582397
leaf_count=1438 6125 7117 5959 459 691 10049 875 5170 39972 15579 347 15837 200 1145
internal_value=-3.58659e-05 -0.00287941 -0.00438509 -0.00260467 0.00273653 0.00142613 -0.00877418 0.00175581 0.000345017 0.00423444 -0.00498365 -0.00440208 0.015396 0.0132492
internal_weight=27525.3 9345.87 7370.28 5914.76 1975.59 18179.4 567.568 17611.8 11225 6386.83 4148.18 4035.45 135.611 456.353
internal_count=110963 37880 29919 23960 7961 73083 2313 70770 45142 25628 16843 16384 547 1836
is_linear=0
shrinkage=0.03


Tree=21
num_leaves=15
num_cat=0
split_feature=14 15 18 13 5 10 3 15 10 15 3 5 13 15
split_gain=120.158 112.928 74.7732 70.476 62.3097 60.4653 119.768 80.9502 52.5451 49.2025 153.909 107.645 99.8509 66.4559
threshold=0.077084174210933623 0.013825891519516633 9.1574072319019528 0.46885633674793786 -0.16157594545451018 0.53209133883043935 -0.064583337998094223 -0.00011776364936544324 1.6596830823990225 0.0050153993023482899 -0.06747921295916369 -0.052974131700672604 0.020867176318190576 0.02295819499303731
decision_type=2 2 2 2 2 2 2 2 2 2 2 2 2 2
left_child=3 2 8 4 -1 6 7 -6 -2 11 -11 -7 -13 -12
right_child=1 -3 -4 -5 5 9 -8 -9 -10 10 13 12 -14 -15
leaf_value=0.017127879642756923 -0.0050249528500126732 0.0047948885661160089 -0.013691230358717721 -0.0080495091923974294 -0.0016060872218027075 0.0060985403239766419 0.0065775024124976825 -0.03244371782730944 0.019156436980590046 -0.0057146888328455684 0.0068851349938694045 -0.0079739751231325141 7.1088317866232313e-05 -0.0011741403608117773
leaf_weight=211.51342986524105 377.15099130570889 616.99221064150333 1334.7851000577211 799.36304132640362 123.57246987521648 2356.6922831982374 256.98286271095276 200.53628014028072 100.80304905772209 1418.0932758301497 4679.6693941354752 1561.8806741982698 12378.418981090188 1145.6469021141529
leaf_count=850 1528 2482 5549 3256 502 9465 1036 831 405 5721 18789 6292 49817 4602
internal_value=8.82476e-05 -0.00627952 -0.01005 0.000704318 0.000992527 0.000849633 -0.00869375 -0.0207683 0.000133605 0.00108593 0.00314282 0.000171442 -0.000831301 0.00530028
internal_weight=27562.1 2429.73 1812.74 25132.4 24333 24121.5 581.092 324.109 477.954 23540.4 7243.41 16297 13940.3 5825.32
internal_count=111125 9964 7482 101161 97905 97055 2369 1333 1933 94686 29112 65574 56109 23391
is_linear=0
shrinkage=0.03


Tree=22
num_leaves=15
num_cat=0
split_feature=13 18 2 15 3 15 15 15 12 15 7 12 7 6
split_gain=118.112 117.107 88.7966 136.619 179.668 105.431 122.298 87.2915 115.182 108.882 86.9911 120.249 85.5311 82.8445
threshold=0.30769470168340124 8.8555556891006439 -0.019354278504381647 0.0030832101336715216 -0.06747921295916369 -0.012545512034119353 -0.029140330631812535 0.02295819499303731 -0.10518317704438938 -0.003079860511940868 1.1291085818626969 -0.07373229717159506 1.2113074298828597 0.014229637486568466
decision_type=2 2 2 2 2 2 2 2 2 2 2 2 2 2
left_child=2 -2 10 5 -5 6 -4 9 -9 12 11 -1 -3 -12
right_child=1 7 3 4 -6 -7 -8 8 -10 -11 13 -13 -14 -15
leaf_value=-0.00052230091811662522 0.0080177775628413328 -0.0052926690897810861 -0.027660990181721402 -0.0099548481399576068 0.0046678569175259534 -0.0046369942208234942 0.0052636893945647318 -0.01828854697426811 0.025932264961526386 -0.013610476094112905 0.0017986363353771845 0.010016587310717156 0.01740322150566655 0.013349102547358455
leaf_weight=5112.596537515521 515.96993179619312 784.75628210604191 105.74306547641754 868.46811467409134 5764.8505398631096 6983.2130713164806 1766.6257914602757 80.477763369679451 147.22831393778324 1685.4523552060127 989.59237219393253 1201.7772663831711 182.4896991699934 1284.1070114821196
leaf_count=20582 2079 3199 434 3523 23181 28178 7117 327 593 6896 3968 4820 746 5146
internal_value=0.000113723 -0.00512185 0.000852634 -0.00050402 0.00275095 -0.00294224 0.00337672 -0.00747949 0.0102802 -0.00901057 0.00329896 0.00148604 -0.000983574 0.00832794
internal_weight=27473.3 3396.37 24077 15488.9 6633.32 8855.58 1872.37 2880.4 227.706 2652.7 8588.07 6314.37 967.246 2273.7
internal_count=110789 13840 96949 62433 26704 35729 7551 11761 920 10841 34516 25402 3945 9114
is_linear=0
shrinkage=0.03


Tree=23
num_leaves=15
num_cat=0
split_feature=14 15 15 15 7 7 6 15 11 15 13 14 7 13
split_gain=115.766 175.813 85.937 124.33 73.0525 77.5745 105.626 77.4328 57.8276 80.1277 65.1812 55.6734 50.9563 53.8007
threshold=0.033319764872987719 0.014822709151815607 -0.012545512034119353 -0.029140330631812535 0.3849997292569724 0.77279920698142524 0.017739009292460202 -0.022167203451169733 31.859168712096402 -0.0082538746597311512 0.022950326313511685 -0.0031244963953027667 1.2774878886211269 0.24806556244091796
decision_type=2 2 2 2 2 2 2 2 2 2 2 2 2 2
left_child=4 2 3 -2 -1 6 7 -6 9 -7 11 -10 13 -5
right_child=1 -3 -4 12 5 8 -8 -9 10 -11 -12 -13 -14 -15
leaf_value=0.013962732742075004 -0.033712660227299227 0.0072650864320527239 -0.0076065711272713006 0.0051645023120996747 -0.030397472696708058 -0.0012452285420123271 -0.0079341600291614033 0.00081017491702274559 -0.0015387667380275987 0.011845285054726581 0.0023603791569722339 -0.016271611136175611 0.017318007594543768 -0.015325859286264567
leaf_weight=389.35946172475815 78.80382227897644 1131.858055755496 4305.2165308743715 583.44453842937946 70.457083463668823 650.95322483778 1774.5424531549215 5753.5092664062977 1183.8112009614706 1186.6257734149694 9749.0762161463499 284.92114716768265 228.85664926469326 141.62790185213089
leaf_count=1561 325 4553 17546 2353 285 2612 7200 23136 4767 4758 39206 1154 925 580
internal_value=4.32327e-05 -0.00346571 -0.00574293 0.00202581 0.00112229 0.000878902 -0.00153081 0.000422326 0.00228142 0.00721172 0.00147265 -0.00441505 0.00504251 0.00113099
internal_weight=27513.1 6469.81 5337.95 1032.73 21043.3 20653.9 7598.51 5823.97 13055.4 1837.58 11217.8 1468.73 953.929 725.072
internal_count=110961 26282 21729 4183 84679 83118 30621 23421 52497 7370 45127 5921 3858 2933
is_linear=0
shrinkage=0.03


Tree=24
num_leaves=15
num_cat=0
split_feature=14 15 7 7 18 10 15 13 3 15 10 15 15 7
split_gain=116.651 121.06 76.1431 80.3689 62.2564 62.2811 56.9751 58.3387 56.1363 70.7976 93.5134 55.271 89.1665 53.6434
threshold=0.073058574706758486 0.013825891519516633 0.77279920698142524 0.3849997292569724 9.4901534946076556 1.6596830823990225 -0.022167203451169733 0.15345717541369966 -0.034603600948228667 -0.00011776364936544324 0.61711287023796613 0.0030832101336715216 0.018494200671836939 1.5728684440039327
decision_type=2 2 2 2 2 2 2 2 2 2 2 2 2 2
left_child=2 4 3 -1 5 -2 -5 8 9 -8 -11 -10 -13 -4
right_child=1 -3 13 6 -6 -7 7 -9 11 10 -12 12 -14 -15
leaf_value=0.011273464596047104 -0.0077686196076039464 0.0051717281500438519 0.0014814379041764574 -0.019354409662504429 -0.015244460675610002 0.012436700289128338 0.0015988640748954548 -0.0054066593096890421 -0.00082920006572426966 -0.025258921445032789 -0.0044798707360561027 0.010783943644586663 -0.0093656278582649796 0.0096932385267257306
leaf_weight=415.38961617648602 868.95553424954414 652.70838180184364 15057.277126416564 168.94851402938366 950.08295749127865 161.13884328305721 1215.688844203949 2788.0898090898991 1862.4592641890049 241.58985167741776 982.32052448391914 1096.2325841933489 239.41435921192169 749.80048148334026
leaf_count=1665 3558 2624 60583 686 3979 654 4892 11286 7488 996 3955 4395 961 3005
internal_value=-1.95237e-05 -0.00602122 0.000617637 -0.00158314 -0.00971215 -0.0045899 -0.00220699 -0.00185865 -0.00010271 -0.00352864 -0.008616 0.00251125 0.00716354 0.00187214
internal_weight=27450.1 2632.89 24817.2 9010.13 1980.18 1030.09 8594.74 8425.8 5637.71 2439.6 1223.91 3198.11 1335.65 15807.1
internal_count=110727 10815 99912 36324 8191 4212 34659 33973 22687 9843 4951 12844 5356 63588
is_linear=0
shrinkage=0.03


Tree=25
num_leaves=15
num_cat=0
split_feature=13 18 6 15 14 5 15 2 15 11 15 15 15 15
split_gain=92.0354 95.187 79.4218 100.455 81.9167 78.5483 72.6379 52.944 84.5176 86.3759 78.4644 79.0952 61.5463 62.7502
threshold=0.16248497297182476 9.2446970332958802 0.025569521730196602 -0.025240476479265524 -0.0031244963953027667 0.031634542146047114 0.021151706938164597 -0.027345915040765331 -0.029140330631812535 51.160819961664451 -0.012545512034119353 -0.00023455458972509999 -0.025240476479265524 -0.016925524266135025
decision_type=2 2 2 2 2 2 2 2 2 2 2 2 2 2
left_child=7 5 4 -4 -3 -2 -6 -1 -9 -10 12 -12 -11 -14
right_child=1 2 3 -5 6 -7 -8 8 9 10 11 -13 13 -15
leaf_value=0.0034961084551664457 -0.0032876198495089388 0.0036040264628299091 0.022282326214969162 -0.013065050478732503 -0.0067074084954759543 0.0066013820538348986 0.0092282791712166405 -0.027954911651572219 -0.002338604529475769 -0.010763066843657181 -0.0034662686943562936 0.0039278993279006314 0.026939530066592273 0.0079843641756572013
leaf_weight=6098.8481130599976 1367.6619844138622 1286.0996322631836 74.91352342069149 1278.7800339907408 2977.968557164073 1529.2149024009705 280.04304118454456 93.964172154664993 5884.0571450591087 96.455019623041153 1955.5756900012493 3886.6002159267664 241.26025594770908 451.83667449653149
leaf_count=24492 5524 5184 302 5264 12158 6173 1125 390 23690 389 7877 15611 968 1814
internal_value=1.19975e-05 -0.00251881 -0.00470565 -0.0110789 -0.002803 0.00193358 -0.00533283 0.00120184 9.18154e-05 0.000306813 0.00265398 0.00145248 0.0115182 0.014641
internal_weight=27503.3 8794.68 5897.8 1353.69 4544.11 2896.88 3258.01 18708.6 12609.7 12515.8 6631.73 5842.18 789.552 693.097
internal_count=110961 35730 24033 5566 18467 11697 13283 75231 50739 50349 26659 23488 3171 2782
is_linear=0
shrinkage=0.03


Tree=26
num_leaves=15
num_cat=0
split_feature=14 15 13 18 10 6 15 2 15 15 15 1 4 6
split_gain=109.599 102.759 58.8664 58.288 52.4784 111.989 102.02 53.3084 85.4098 131.077 105.957 93.2234 80.2453 69.321
threshold=0.077084174210933623 0.013825891519516633 0.46885633674793786 9.1663677475708045 0.56559396391938022 0.0079697181444833478 -0.00036133414801176039 -0.027918493613797054 -0.00011776364936544324 -0.012545512034119353 -0.025240476479265524 0.0070188797315684512 -0.010620224258600151 0.013711687316370099
decision_type=2 2 2 2 2 2 2 2 2 2 2 2 2 2
left_child=2 3 4 -2 5 -1 -7 -6 9 10 13 -11 -12 -9
right_child=1 -3 -4 -5 7 6 -8 8 -10 11 12 -13 -14 -15
leaf_value=0.019244532453051775 -0.00077837107565831721 0.0045474185447158099 -0.0072136019352297678 -0.012931831535074765 0.003387190381795266 0.0033338092802663623 -0.019120433799912646 -0.020453507842540301 0.0021725597155993212 -0.0075840337611212377 -0.0070837228947744531 0.0011245401786040847 0.0099972509359661735 0.017542525710233695
leaf_weight=131.35956598818302 487.40503060817719 615.71666134893894 821.75325424969196 1309.6160502284765 7083.2335412353277 293.9712055772543 474.35326111316681 218.94026744365692 9206.54486964643 3432.0244646221399 297.93969781696796 1631.4048506468534 1425.9670765995979 52.086363568902016
leaf_count=527 1974 2475 3358 5494 28451 1189 1950 895 37030 13837 1199 6576 5729 210
internal_value=8.54454e-05 -0.00601867 0.000673349 -0.00963999 0.000941209 -0.00616061 -0.0105428 0.00121537 0.000269261 -0.00221321 0.00429702 -0.00477885 0.00704039 -0.0130764
internal_weight=27482.3 2412.74 25069.6 1797.02 24247.8 899.684 768.324 23348.1 16264.9 7058.36 1994.93 5063.43 1723.91 271.027
internal_count=110894 9943 100951 7468 97593 3666 3139 93927 65476 28446 8033 20413 6928 1105
is_linear=0
shrinkage=0.03


Tree=27
num_leaves=15
num_cat=0
split_feature=13 15 7 6 6 15 15 15 15 6 6 3 15 3
split_gain=88.7223 96.2858 69.5904 163.905 143.25 177.426 98.9363 95.1081 80.9957 103.078 99.591 75.6054 89.1055 120.599
threshold=0.30295316809151679 0.02295819499303731 1.1534076050465367 0.016144080003186113 0.019529923091384353 -0.025240476479265524 0.0030832101336715216 0.0043571841365266381 0.02295819499303731 0.0087126250962561071 0.0090118261755512807 0.097566691633549599 -0.0013613064800135353 -0.059099647618768174
decision_type=2 2 2 2 2 2 2 2 2 2 2 2 2 2
left_child=2 -2 4 -4 5 -1 -7 -5 9 -8 -10 12 -6 -14
right_child=1 -3 3 7 11 6 8 -9 10 -11 -12 -13 13 -15
leaf_value=-0.02261331961390527 -0.0059030439123550623 0.012692850927034606 -0.00037753659551051653 0.015037732766574351 -0.0019122251888332061 -0.00046296884259944677 0.010969667586581446 0.00045555172154908616 -0.015724144795563069 0.0022455096162730388 0.0043680075310772214 0.0097417432998625902 -0.018167735258915654 -0.001558776763824714
leaf_weight=277.7626159787178 3240.612917214632 269.71771961450577 3260.8912854790688 1342.6511871367693 1651.8195228129625 9081.7891350835562 2160.3355547636747 574.72880905866623 366.4025709182024 2796.6230998635292 557.22737804055214 265.43076390028 1017.4687131792307 641.41541518270969
leaf_count=1133 13260 1088 13115 5404 6669 36570 8662 2318 1471 11247 2238 1078 4154 2598
internal_value=-1.45488e-05 -0.00446781 0.000637268 0.00371629 -0.000210389 0.00105776 0.00150015 0.0106718 0.00453105 0.00605055 -0.00361927 -0.00561231 -0.00684844 -0.0117554
internal_weight=27504.9 3510.33 23994.5 5178.27 18816.3 15240.1 14962.4 1917.38 5880.59 4956.96 923.63 3576.13 3310.7 1658.88
internal_count=111005 14348 96657 20837 75820 61321 60188 7722 23618 19909 3709 14499 13421 6752
is_linear=0
shrinkage=0.03


Tree=28
num_leaves=15
num_cat=0
split_feature=13 2 3 15 10 15 15 15 1 15 15 14 18 10
split_gain=100.543 80.8812 104.313 118.41 101.86 73.4115 118.589 84.2782 83.5231 63.2453 68.688 56.2879 54.6721 100.476
threshold=0.46885633674793786 -0.02102072159805601 -0.073404805906848822 0.0030832101336715216 0.55531275430434979 -0.012545512034119353 -0.025240476479265524 -0.019690559660491488 -0.016038701618886982 0.018494200671836939 0.036091970431443084 0.029970692516473111 9.2658122118890685 1.549331204114043
decision_type=2 2 2 2 2 2 2 2 2 2 2 2 2 2
left_child=1 9 4 5 -3 6 -4 -8 -9 -1 -11 -7 13 -2
right_child=12 2 3 -5 -6 11 7 8 -10 10 -12 -13 -14 -15
leaf_value=0.0033786546962346529 -0.0082771115530993703 -0.03286996797105024 -0.015702245322361835 0.0030881864401685311 -0.0056263679971619357 -0.0016010029489197345 0.022115899394444614 -0.016305028682654973 0.005951809439602611 -0.016784980167048772 0.013851374695596136 -0.0071782017691111259 -0.012551181954056917 0.02116293965812539
leaf_weight=8346.5652715414762 377.95792308449745 132.53822170197964 259.13194681704044 6683.2053310275078 1530.433327049017 4603.8088991194963 247.70972400903702 171.49437727034092 1211.2217734903097 272.72143380343914 84.964005425572395 2519.5447877645493 846.02189543843269 141.82880012691021
leaf_count=33563 1536 554 1064 26905 6199 18550 995 694 4879 1097 341 10259 3511 571
internal_value=7.27832e-05 0.000488822 -0.000694598 6.27668e-05 -0.00783455 -0.00218081 0.00307378 0.00607353 0.00317179 0.00284856 -0.00947112 -0.00357513 -0.00785548 -0.000193784
internal_weight=27429.1 26063.3 17359.1 15696.1 1662.97 9012.91 1889.56 1630.43 1382.72 8704.25 357.685 7123.35 1365.81 519.787
internal_count=110718 105100 70099 63346 6753 36441 7632 6568 5573 35001 1438 28809 5618 2107
is_linear=0
shrinkage=0.03


Tree=29
num_leaves=15
num_cat=0
split_feature=14 15 15 15 1 15 15 14 7 12 12 15 18 15
split_gain=85.6822 113.905 93.0367 96.59 86.6352 76.4748 127.467 64.1774 62.3425 119.136 83.2873 74.2828 71.9999 78.2014
threshold=1.0000000180025095e-35 0.012422096268948747 0.017368210866132831 0.039842445997570593 -0.013093294774951135 -0.012545512034119353 -0.025240476479265524 0.029970692516473111 1.148162654496633 -0.071484232612462992 -0.2844757556504332 0.0054175995433696231 9.3202415459340084 -0.012545512034119353
decision_type=2 2 2 2 2 2 2 2 2 2 2 2 2 2
left_child=2 4 8 -4 -2 6 -6 -7 9 12 -10 -11 -1 -14
right_child=1 -3 3 -5 5 7 -8 -9 10 11 -12 -13 13 -15
leaf_value=-0.003984876269569719 -0.0096043012819748644 0.0046599396179413952 -0.008726363741535419 0.012020619233553841 -0.015263554659571795 -0.00051072055525697743 0.0073528430000859984 -0.0059059558327229211 0.020439466825257359 0.0030303050688854664 0.0044407061943531195 0.013206027325707694 -0.0060063200626954945 0.0042770977090753962
leaf_weight=3345.7831843048334 1541.670202255249 2065.2496590167284 1283.0452121496201 237.81404387950897 263.84942871332169 4004.2690761685371 1434.72729408741 3932.3116863667965 333.58897693455219 1933.8886917382479 2317.9100593477488 968.54997724294662 850.98404176533222 3028.4517812728882
leaf_count=13497 6272 8312 5163 955 1085 16126 5780 16064 1342 7774 9297 3881 3430 12211
internal_value=-7.10469e-05 -0.00180974 0.00153904 -0.00547067 -0.00300583 -0.00194826 0.00382589 -0.00318469 0.002374 0.00130125 0.00646742 0.00643272 -0.000761324 0.00201942
internal_weight=27542.1 13242.1 14300 1520.86 11176.8 9635.16 1698.58 7936.58 12779.2 10127.7 2651.5 2902.44 7225.22 3879.44
internal_count=111189 53639 57550 6118 45327 39055 6865 32190 51432 40793 10639 11655 29138 15641
is_linear=0
shrinkage=0.03


Tree=30
num_leaves=15
num_cat=0
split_feature=14 15 7 6 15 7 3 15 6 3 15 10 15 10
split_gain=89.3963 93.2422 70.3375 62.579 150.147 130.713 78.5644 72.0717 143.283 58.1665 95.3821 93.8639 85.7662 152.887
threshold=0.077084174210933623 0.014876042202137897 1.5245624674419631 0.028256966140186076 0.0030832101336715216 1.1056779852884391 -0.031078557782608925 -0.025240476479265524 0.014435348061836642 -0.070394460921223687 -0.00011776364936544324 0.73158604405344241 -0.00011776364936544324 0.70623637539817075
decision_type=2 2 2 2 2 2 2 2 2 2 2 2 2 2
left_child=2 -2 3 7 5 -5 -7 8 -1 12 11 -11 -9 -14
right_child=1 -3 -4 4 -6 6 -8 9 -10 10 -12 -13 13 -15
leaf_value=-0.023483710510424777 -0.0088567358926005656 0.0049534816979845929 0.0085622462625262706 -0.0059206781151936458 -0.017627258075021381 0.023376230803420887 -0.0029096862825896304 0.0018331663330846855 0.010915300179036743 0.0070361981780621844 0.0036015944315615808 -0.0021284346647786885 -0.019704333458409246 -0.0013264384850709301
leaf_weight=298.45162346959114 1850.454835370183 575.62980756163597 924.42361006140709 929.97095765173435 589.62902316451073 280.90939366817474 159.69560320675373 2029.7493052482605 169.51191420853138 1172.9484648555517 9604.853924587369 6985.2167516648769 588.76556284725666 1313.6108749806881
leaf_count=1226 7718 2312 3707 3782 2419 1130 646 8161 683 4721 38599 28132 2412 5290
internal_value=-8.24891e-05 -0.00557865 0.000450263 0.000138722 -0.00499633 0.000455328 0.0138789 0.000593299 -0.0110298 0.000845003 0.00157587 -0.000809379 -0.00245574 -0.00702892
internal_weight=27473.8 2426.08 25047.7 24123.3 1960.2 1370.58 440.605 22163.1 467.964 21695.1 17763 8158.17 3932.13 1902.38
internal_count=110938 10030 100908 97201 7977 5558 1776 89224 1909 87315 71452 32853 15863 7702
is_linear=0
shrinkage=0.03


Tree=31
num_leaves=15
num_cat=0
split_feature=14 15 1 15 15 15 15 14 15 15 12 15 5 15
split_gain=80.8738 132.674 87.7176 86.6262 117.01 85.7982 82.7772 56.6576 56.097 55.8813 54.2598 63.1817 57.3154 52.8346
threshold=1.0000000180025095e-35 0.012422096268948747 -0.013379876223545749 -0.012545512034119353 -0.025240476479265524 0.017368210866132831 0.039842445997570593 0.029970692516473111 -0.01812390067702507 -0.00036133414801176039 -0.058031242686420119 0.0048898286061258575 -0.16157594545451018 0.02295819499303731
decision_type=2 2 2 2 2 2 2 2 2 2 2 2 2 2
left_child=5 2 -2 4 -4 10 13 9 -6 -5 12 -12 -1 -7
right_child=1 -3 3 7 8 6 -8 -9 -10 -11 11 -13 -14 -15
leaf_value=0.016666714487455065 -0.009845847994542925 0.0051937878692845376 -0.014361584226342599 -0.0047103136324340728 0.017285872440920249 -0.0021079448270380778 0.010941213336324486 -0.0058834866808662066 0.0038935192998862432 0.0024220817344879184 0.0025943242390219019 0.012585503605486268 0.001024047071265853 -0.014257449224530556
leaf_weight=213.35385608673096 1484.276807025075 2077.7334458678961 259.41899883747101 1806.2384306788445 381.73871344327927 641.43052640557289 238.96565632522106 3941.44843557477 1063.239392966032 2179.3137873411179 1523.0591215789318 909.32063210010529 10023.878946751356 646.80584394931793
leaf_count=862 6049 8361 1073 7284 1533 2581 959 16122 4286 8767 6121 3642 40377 2607
internal_value=-7.04169e-05 -0.00176128 -0.00306202 -0.00201475 0.00411768 0.00150097 -0.00521198 -0.003334 0.00745055 -0.000811036 0.00231085 0.0063367 0.00135325 -0.00822069
internal_weight=27390.2 13193.4 11115.7 9631.4 1704.4 14196.8 1527.2 7927 1444.98 3985.55 12669.6 2432.38 10237.2 1288.24
internal_count=110624 53475 45114 39065 6892 57149 6147 32173 5819 16051 51002 9763 41239 5188
is_linear=0
shrinkage=0.03


Tree=32
num_leaves=15
num_cat=0
split_feature=13 2 3 15 10 15 15 15 15 18 13 18 10 18
split_gain=86.571 61.9056 100.53 114.205 105.73 74.1937 92.8278 70.4597 62.7516 60.4434 100.301 59.131 98.8824 57.2939
threshold=0.46885633674793786 -0.0129039749841362 -0.038449794807283715 -0.00011776364936544324 0.57443657609933496 -0.012545512034119353 -0.029140330631812535 0.014876042202137897 0.036091970431443084 8.9454855420081856 0.30769470168340124 9.2658122118890685 1.549331204114043 9.3035158088321754
decision_type=2 2 2 2 2 2 2 2 2 2 2 2 2 2
left_child=1 7 4 5 -3 6 -4 13 -9 -5 -11 12 -2 -1
right_child=11 2 3 9 -6 -7 -8 8 -10 10 -12 -13 -14 -15
leaf_value=6.9883060436006062e-05 -0.0075282474738933413 -0.027045947467561508 -0.028321176766316236 0.010541491897869558 -0.0044281945239539244 -0.0052776496618429109 0.0043203922076819447 -0.01003268199622962 0.014310483569702718 0.0030275104809574793 -0.0084873257642106865 -0.012291068827283112 0.021466104318021609 0.0047607097872923486
leaf_weight=3985.6373680979013 378.90980206429958 199.11624172329903 80.947940602898598 777.90321193635464 2501.1179347634315 3884.7648784816265 1435.7218956053257 664.99498277902603 109.38994896411896 5992.0136138498783 766.11168420314789 845.13012599945068 144.60560584068298 5685.7180867493153
leaf_count=16047 1543 829 344 3126 10123 15751 5791 2679 439 24118 3137 3523 582 22861
internal_value=-4.36866e-05 0.000342463 -0.000852014 0.000247184 -0.00611482 -0.00308149 0.00254324 0.00213046 -0.00656595 0.00263319 0.00172005 -0.00739262 0.000531798 0.002828
internal_weight=27452.1 26083.4 15637.7 12937.5 2700.23 5401.43 1516.67 10445.7 774.385 7536.03 6758.13 1368.65 523.515 9671.36
internal_count=110893 105245 63219 52267 10952 21886 6135 42026 3118 30381 27255 5648 2125 38908
is_linear=0
shrinkage=0.03


Tree=33
num_leaves=15
num_cat=0
split_feature=13 7 18 7 6 5 10 18 6 10 10 18 5 14
split_gain=79.2594 77.0535 76.2563 76.7613 92.2873 56.501 51.1711 62.4808 56.6931 47.8803 61.3843 45.0606 46.9478 43.7532
threshold=0.16248497297182476 0.3849997292569724 8.8677899733295096 1.1940205636096046 0.028256966140186076 0.023226268601226233 0.53209133883043935 7.9137693744205411 0.0093233149689647653 1.0830310168013766 1.6596830823990225 8.3198869368249451 -0.16157594545451018 0.052972555882006896
decision_type=2 2 2 2 2 2 2 2 2 2 2 2 2 2
left_child=6 -2 5 4 13 -3 8 -8 -1 -6 -11 -9 -13 -4
right_child=1 2 3 -5 9 -7 7 11 -10 10 -12 12 -14 -15
leaf_value=0.01732308892706055 0.014148826858483919 -0.0037734187711252823 -0.0020544856628257118 0.0023689090590274554 -0.0083733316706845213 0.010148646704647544 -0.031159666143326506 0.015441215248423533 -0.013445468765193319 -0.028908678866918773 0.0019155694118015078 0.016702534177122697 0.0012349093689655206 -0.0082578164324284137
leaf_weight=61.307352468371391 248.63167504966259 432.16839265823364 3671.9446179717779 1448.3978580832481 506.25096599757671 662.39961591362953 50.716811239719391 205.75809574127197 368.394027993083 287.2260017991066 72.477153688669205 176.39383167028427 17804.597210615873 1417.7787384986877
leaf_count=246 998 1747 14845 5926 2093 2669 205 827 1531 1194 300 714 71603 5865
internal_value=0.000109096 -0.00224706 -0.00272994 -0.00382263 -0.00532868 0.00465494 0.00121329 0.00145479 -0.00899567 -0.014372 -0.0227216 0.00154916 0.00138849 -0.00378503
internal_weight=27414.4 8747.28 8498.64 7404.08 5955.68 1094.57 18667.2 18237.5 429.701 865.954 359.703 18186.7 17981 5089.72
internal_count=110763 35637 34639 30223 24297 4416 75126 73349 1777 3587 1494 73144 72317 20710
is_linear=0
shrinkage=0.03


Tree=34
num_leaves=15
num_cat=0
split_feature=13 6 15 18 15 14 3 18 18 15 6 15 14 15
split_gain=71.4083 76.7111 126.893 79.4069 76.9952 70.05 58.9395 60.7791 56.5614 53.8698 98.3043 62.6516 72.3342 59.1366
threshold=0.1548791467527291 0.028883561754092787 -0.025240476479265524 8.978948341764676 0.014544422722209129 -0.004029861927055566 0.12923502974855341 9.9874038006599708 7.9137693744205411 0.02295819499303731 0.008761629513101438 0.039842445997570593 -0.014164294953115773 0.0050153993023482899
decision_type=2 2 2 2 2 2 2 2 2 2 2 2 2 2
left_child=8 4 -3 -4 5 -2 7 -6 -1 13 -11 12 -12 -10
right_child=1 2 3 -5 6 -7 -8 -9 9 10 11 -13 -14 -15
leaf_value=-0.028164575962962454 0.002386634617847242 0.026001291852759296 0.0043720964904560107 -0.014344526666764786 0.005371998211019257 -0.0042624402736175133 0.01777294657648984 -0.016312024382092442 0.00057306093577808471 -0.017997475453535184 -0.015413761095836658 0.018578059932460627 0.0077571982309737556 0.0045750556434322768
leaf_weight=57.092152148485184 2060.3010409921408 88.01926988363266 250.37709933519363 1080.8738181740046 822.13554042577744 4622.3998120576143 287.49728272855282 133.48932668566704 12604.428297400475 360.88732893764973 236.57574591040611 147.45736977458 244.77834601700306 4511.2944540977478
leaf_count=232 8310 355 1011 4482 3305 18909 1153 538 50747 1451 955 591 984 18131
internal_value=4.27077e-05 -0.00208794 -0.00850597 -0.0108231 -0.000936815 -0.00221241 0.00591297 0.00231526 0.00113909 0.0012346 -0.00556365 0.0016068 -0.00364751 0.0016283
internal_weight=27507.6 9345.09 1419.27 1331.25 7925.82 6682.7 1243.12 955.625 18162.5 18105.4 989.699 628.811 481.354 17115.7
internal_count=111154 38063 5848 5493 32215 27219 4996 3843 73091 72859 3981 2530 1939 68878
is_linear=0
shrinkage=0.03


Tree=35
num_leaves=15
num_cat=0
split_feature=14 15 10 15 11 15 3 15 10 15 10 5 18 18
split_gain=69.7213 92.1894 57.4285 153.307 52.9947 64.6612 56.2768 221.791 105.452 95.2632 80.1739 62.0897 52.2754 49.0123
threshold=0.077084174210933623 0.013825891519516633 1.4881175956643566 -0.0026671606826411671 32.34094764884474 -0.0082538746597311512 -0.07840392483014734 -0.00011776364936544324 0.72551602073920796 -0.00011776364936544324 0.74074659414586375 -0.051794265368380048 9.1750409832582687 9.4945106580258436
decision_type=2 2 2 2 2 2 2 2 2 2 2 2 2 2
left_child=4 2 -2 -4 5 -1 7 11 -9 10 -8 -6 -5 -7
right_child=1 -3 3 12 6 13 9 8 -10 -11 -12 -13 -14 -15
leaf_value=-0.0017285112643509837 -0.01191030074876899 0.0050587101580717988 0.020794393677288175 0.010638856540203068 0.0099170539834332588 0.003742325831480639 0.0051763517459236857 -0.020834173223600198 -0.0054692842480558472 0.0025798608994356759 -0.0029131432888215817 -0.0018388138041505672 -0.018763317736247422 0.013702293064538724
leaf_weight=1054.8761429637671 1244.6777693927288 615.01635359227657 195.89775036275387 67.407338544726372 850.21703757345676 1169.3973520547152 1292.8196050673723 632.73415027558804 1102.2353276759386 9959.9121463894844 7431.0217332392931 768.38207465410233 258.17419485747814 717.71958132088184
leaf_count=4239 5222 2472 815 271 3422 4696 5211 2614 4456 40069 30002 3101 1103 2883
internal_value=-2.98119e-05 -0.00493256 -0.00841354 -5.37799e-05 0.000437904 0.00421833 -6.71215e-05 -0.00364428 -0.0110903 0.000575269 -0.00171342 0.00434092 -0.0126482 0.00754086
internal_weight=27360.5 2381.17 1766.16 521.479 24979.3 2941.99 22037.3 3353.57 1734.97 18683.8 8723.84 1618.6 325.582 1887.12
internal_count=110576 9883 7411 2189 100693 11818 88875 13593 7070 75282 35213 6523 1374 7579
is_linear=0
shrinkage=0.03


Tree=36
num_leaves=15
num_cat=0
split_feature=7 13 7 6 15 6 10 15 3 15 12 15 15 6
split_gain=67.8789 77.4745 66.0531 123.922 123.922 121.356 81.7552 74.4552 88.5494 66.8102 62.5101 62.2095 61.278 91.127
threshold=0.3849997292569724 0.46885633674793786 1.1534076050465367 0.019212111213769967 -0.025240476479265524 0.012840291461776813 1.4230393074311409 -0.025240476479265524 0.086086870584393363 0.0048898286061258575 -0.17728985046858034 0.0043571841365266381 -0.012545512034119353 0.011079085490586308
decision_type=2 2 2 2 2 2 2 2 2 2 2 2 2 2
left_child=-1 2 3 4 -2 -4 9 -5 -9 10 -6 -7 13 -12
right_child=1 -3 5 7 6 11 -8 8 -10 -11 12 -13 -14 -15
leaf_value=0.011663803061089908 -0.019453380378998922 -0.0074227008386587813 -0.00180557995285013 0.016496589668299491 0.0067595904695188823 0.010054085017420274 -0.012721429358931649 -0.0076365314440262674 0.0034062959216251431 0.0041627803665396004 0.009594410546968522 0.000857772359098768 -0.0020659306653146889 -0.0062350641550037557
leaf_weight=434.7842505723238 270.81494237482548 1291.2399074137211 2566.9311943650246 138.60550253093243 1061.0517299622297 2035.9400779902935 381.97716249525547 3688.6920228004456 792.94153508543968 4906.9066744148731 1028.5799400359392 981.14219091832638 7367.6885936260223 477.99740381538868
leaf_count=1745 1118 5359 10333 557 4272 8229 1542 15016 3241 19710 4129 3965 29724 1924
internal_value=-6.81329e-05 -0.00025797 0.000102566 -0.000698826 0.000587101 0.00298863 0.000946098 -0.00500986 -0.00568206 0.00129951 -0.00011517 0.00706603 -0.000938488 0.00457053
internal_weight=27425.3 26990.5 25699.3 20115.3 15495 5584.01 15224.2 4620.24 4481.63 14842.2 9935.32 3017.08 8874.27 1506.58
internal_count=110864 109119 103760 81233 62419 22527 61301 18814 18257 59759 40049 12194 35777 6053
is_linear=0
shrinkage=0.03


Tree=37
num_leaves=15
num_cat=0
split_feature=7 6 15 6 15 15 15 2 14 3 10 13 7 2
split_gain=69.0173 176.112 134.198 97.4285 105.228 86.5788 78.2267 68.6828 66.2911 63.8221 62.3678 66.4134 57.5756 56.6243
threshold=1.1291085818626969 0.019212111213769967 -0.025240476479265524 0.012936721653304962 0.0042052148403461951 0.029175507961626938 0.0050153993023482899 0.049487108163657652 0.095247499535042759 -0.041479617332160316 0.80084134234384707 0.020181060446070268 0.79503772421573815 -0.028534405801178494
decision_type=2 2 2 2 2 2 2 2 2 2 2 2 2 2
left_child=1 2 -1 -2 9 8 7 10 -3 -5 12 13 -4 -12
right_child=3 5 6 4 -6 -7 -8 -9 -10 -11 11 -13 -14 -15
leaf_value=-0.020353769647202275 -0.0013067902718876939 -0.0052646127419426524 0.001245034537621967 0.01611230317867543 -0.001009472212030097 0.0099577644633764197 0.004299133275466824 -0.0088085056219985892 -0.016863684835223203 0.0059532008634535141 -0.00055802137136686132 0.00010629084823776226 0.0098657855342214693 -0.014090633308200817
leaf_weight=261.47051718831062 2863.2052169889212 4476.8073637932539 2484.5385127514601 894.88755132257938 1231.6178061813116 306.89578142762184 5050.3910872340202 779.11715085804462 490.94316969811916 1477.6339217275381 508.54967361688614 4991.5091970860958 967.65852031111717 613.03860487043858
leaf_count=1082 11528 18251 10000 3602 5001 1244 20290 3208 2056 6008 2038 20094 3888 2480
internal_value=0.00011582 -0.000721182 0.000876193 0.00282408 0.00610464 -0.00546107 0.00123937 -0.000255028 -0.00641723 0.00979544 0.00044337 -0.00137699 0.00366576 -0.0079666
internal_weight=27398.3 20930.9 15656.3 6467.34 3604.14 5274.65 15394.8 10344.4 4967.75 2372.52 9565.29 6113.1 3452.2 1121.59
internal_count=110770 84631 63080 26139 14611 21551 61998 41708 20307 9610 38500 24612 13888 4518
is_linear=0
shrinkage=0.03


Tree=38
num_leaves=15
num_cat=0
split_feature=14 15 7 10 6 15 5 18 15 6 12 7 7 12
split_gain=67.8476 81.8425 62.2855 68.8012 51.5623 144.867 103.021 52.2253 47.7867 71.1134 48.8321 57.2869 46.5927 81.6797
threshold=0.077084174210933623 0.024369688748671074 1.5048544429041739 1.0295844563628991 0.027951929332012983 -0.025240476479265524 -0.13679734552346098 9.5073187524281497 -0.029140330631812535 0.016025855236716634 -0.33365500049773145 0.3849997292569724 1.1056779852884391 -0.27059771353399009
decision_type=2 2 2 2 2 2 2 2 2 2 2 2 2 2
left_child=2 -2 4 -4 8 -6 7 -7 9 -1 -10 -12 -8 -14
right_child=1 -3 3 -5 5 6 12 -9 10 -11 11 -13 13 -15
leaf_value=-0.028644582558197865 -0.0069149993019539165 0.0095758116328388786 0.027543395469566117 0.004702384828488628 0.023624265295519559 -0.00077682146514891724 -0.012769867352831463 0.025408139626586446 -0.0084387003450732394 0.013083160126938217 0.012127547220659474 0.00076535860912318641 0.017600058166624771 -0.010161116854279797
leaf_weight=112.51534758508205 2072.4572472721338 309.75158268213272 134.75435973703861 909.58588097989559 151.85704208910465 165.68069432675838 1154.2004923522472 114.79724456369877 504.9273434728384 52.713991194963455 405.1693264991045 20884.681082352996 138.7109894156456 294.15436650812626
leaf_count=478 8667 1244 541 3651 611 672 4759 464 2053 213 1624 84092 559 1193
internal_value=7.11507e-05 -0.00476451 0.00053184 0.00769664 0.000219186 -0.00436586 -0.00666469 0.0100445 0.000641178 -0.0153347 0.000763689 0.000982712 -0.00962658 -0.00122506
internal_weight=27406 2382.21 25023.7 1044.34 23979.4 2019.4 1867.54 280.478 21960 165.229 21794.8 21289.9 1587.07 432.865
internal_count=110821 9911 100910 4192 96718 8258 7647 1136 88460 691 87769 85716 6511 1752
is_linear=0
shrinkage=0.03


Tree=39
num_leaves=15
num_cat=0
split_feature=2 18 6 7 15 15 13 15 15 15 15 10 12 15
split_gain=69.9491 69.7379 133.69 155.124 82.2375 76.3454 83.5955 70.1308 69.8674 64.8051 68.7436 64.5549 55.2497 53.8161
threshold=-0.013375640551776423 9.0562707176831605 0.017739009292460202 1.249897715657408 0.0030832101336715216 -0.003079860511940868 0.25551780582790323 -0.012545512034119353 0.019813391446610765 -0.025240476479265524 -0.018734256176159644 1.3724600157713414 -0.23667837502684611 0.016597698005428544
decision_type=2 2 2 2 2 2 2 2 2 2 2 2 2 2
left_child=13 -2 4 8 7 11 -7 9 12 -3 -11 -5 -4 -1
right_child=1 2 3 5 -6 6 -8 -9 -10 10 -12 -13 -14 -15
leaf_value=0.0023551705243688727 0.0028684699060035983 -0.013246733268322413 -0.024050410998687773 0.0029859182565730247 0.0024081727088026599 0.012490598067763569 -0.012135158632082553 -0.0045012513543329045 0.00080512779914497826 0.019614480002659584 0.0019500579940442827 0.037315674501536854 -0.011288103574825115 -0.0063812109788753462
leaf_weight=9970.104504108429 2960.1441828757524 180.54702340066433 381.19766467809677 98.223887145519257 4564.0925728082657 213.86090686917305 289.78886005282402 4978.0169706195593 346.25153188407421 256.07972846925259 858.05755257606506 97.742530271410942 1558.0620887875557 675.81122064590454
leaf_count=40173 11948 760 1587 400 18353 867 1211 20158 1404 1027 3454 404 6464 2726
internal_value=-0.000102477 -0.00130908 -0.00220404 -0.00782332 -0.000654986 0.00452747 -0.00167047 -0.00288383 -0.0116047 0.00333243 0.00603802 0.0203126 -0.013819 0.00179948
internal_weight=27428 16782.1 13821.9 2985.13 10836.8 699.616 503.65 6272.7 2285.51 1294.68 1114.14 195.966 1939.26 10645.9
internal_count=110936 68037 56089 12337 43752 2882 2078 25399 9455 5241 4481 804 8051 42899
is_linear=0
shrinkage=0.03


Tree=40
num_leaves=15
num_cat=0
split_feature=2 11 18 13 15 18 15 15 15 12 6 7 12 15
split_gain=62.1891 75.3676 69.6225 115.238 83.2905 55.3417 65.1354 60.9263 68.0364 50.8206 49.073 50.2975 48.9122 47.741
threshold=-0.013375640551776423 51.609369953586857 9.289801382538224 0.31299164784337069 0.02295819499303731 9.2931498105521531 -0.013692918770723315 0.018494200671836939 0.036091970431443084 -0.099029860406905021 0.0078353963178724607 0.81850468896886686 -0.070718378921888578 -0.0038781087183492598
decision_type=2 2 2 2 2 2 2 2 2 2 2 2 2 2
left_child=5 -2 -3 -4 -5 12 10 -8 -9 -6 -7 -12 13 -1
right_child=1 2 3 4 9 6 7 8 -10 -11 11 -13 -14 -15
leaf_value=0.0014070631549623711 -0.004184977964561575 0.0030679396704551857 0.00014062346450708597 -0.012396503670742383 -0.012662599950171183 0.017611959602129284 0.0057643431580117971 -0.016135180982595896 0.016671262715660346 0.024113607287371233 -0.013896163498712824 -0.00023312074123462657 0.0056038015885943844 -0.0057704111477730503
leaf_weight=1521.8021001070738 5138.473378226161 4557.2245136648417 5760.0846361666918 1163.0103683918715 50.064871802926064 96.518393442034721 4943.473479360342 228.50400076806545 73.750857874751091 96.086920693516731 349.31696705520153 783.03924879431725 828.87160792946815 1841.782700881362
leaf_count=6130 20785 18401 23335 4886 204 388 19901 923 296 386 1414 3155 3326 7447
internal_value=-2.07494e-05 -0.00116009 0.00017729 -0.00168652 -0.0097136 0.00176978 0.00350819 0.00496425 -0.00807337 0.0115149 -0.00270528 -0.00446506 -0.000915317 -0.00252417
internal_weight=27432 16764.9 11626.5 7069.25 1309.16 10667.1 6474.6 5245.73 302.255 146.152 1228.87 1132.36 4192.46 3363.58
internal_count=110977 67997 47212 28811 5476 42980 26077 21120 1219 590 4957 4569 16903 13577
is_linear=0
shrinkage=0.03


Tree=41
num_leaves=15
num_cat=0
split_feature=13 7 6 15 6 15 3 15 15 10 7 18 15 15
split_gain=58.3192 55.3729 133.187 116.21 111.948 98.7172 86.6558 72.3452 62.1838 66.2754 63.5357 56.5054 53.4453 72.0523
threshold=0.46885633674793786 1.1291085818626969 0.019529923091384353 -0.025240476479265524 0.016794049271854673 0.0043571841365266381 0.097566691633549599 -0.025240476479265524 0.0050153993023482899 0.80084134234384707 0.77279920698142524 8.9035348670013885 -0.01812390067702507 -0.025240476479265524
decision_type=2 2 2 2 2 2 2 2 2 2 2 2 2 2
left_child=1 2 3 -1 12 -6 7 -4 9 10 -5 -8 13 -3
right_child=-2 4 6 8 5 -7 11 -9 -10 -11 -12 -13 -14 -15
leaf_value=-0.019157109531761338 -0.0061150909237217095 -0.0064921941335715529 0.015053564337236309 0.00029937768558144397 0.012172860933690868 -0.0012828247265696396 0.020119211604960094 -0.0077706598927961218 0.003853211568692394 -0.0019808897504895433 0.0087878363930669352 -0.00021873797452725706 -0.0014721747317776484 0.023224728882290463
leaf_weight=256.81005664169788 1360.297552511096 119.67927768826485 127.76293689012527 2444.7118566930294 1577.6141113042831 711.32810835540295 162.34433043003082 3535.878793284297 5018.6901194006205 6711.6314220577478 1173.1514728963375 487.92251636087894 3471.0124366134405 185.12647956609726
leaf_count=1072 5661 495 513 9846 6383 2883 654 14436 20155 27086 4718 2011 13977 742
internal_value=-6.45346e-05 0.000252671 -0.000511556 0.000778388 0.00276201 0.00799381 -0.00517595 -0.00696693 0.00111441 -0.000216758 0.00305523 0.00490492 -0.000412112 0.0115904
internal_weight=27344 25983.7 19918.9 15605 6064.76 2288.94 4313.91 3663.64 15348.2 10329.5 3617.86 650.267 3775.82 304.806
internal_count=110632 104971 80491 62877 24480 9266 17614 14949 61805 41650 14564 2665 15214 1237
is_linear=0
shrinkage=0.03


Tree=42
num_leaves=15
num_cat=0
split_feature=14 7 6 6 18 10 12 6 10 12 5 18 2 7
split_gain=60.2562 55.0374 131.549 112.062 58.2722 60.9425 52.4721 72.168 49.861 46.8983 44.3165 43.1273 59.0333 51.1475
threshold=0.14387471358857365 1.1291085818626969 0.020327153811031284 0.016144080003186113 8.1756030975208382 0.63320053160364687 -0.30714547377732093 0.03240973725245868 1.4096501483059325 -0.065630794547730006 -0.074835384724377771 9.0971139762881474 -0.011038877809513624 0.56549134883145113
decision_type=2 2 2 2 2 2 2 2 2 2 2 2 2 2
left_child=1 2 8 10 -4 -6 -5 -8 -1 -2 -3 -7 13 -13
right_child=9 3 4 6 5 11 7 -9 -10 -11 -12 12 -14 -15
leaf_value=0.00093441162890471824 -0.018451478478257087 0.023839938585341312 0.012856575427285138 0.018021369606050212 -0.014295110994690764 0.00064444246523063077 0.0082715305956022611 -0.0068338455485456792 -0.0091683440342344037 -0.0026623841376038626 -0.0011333666336594828 0.019772795115478869 -0.011679442410515965 -0.0038865319297397187
leaf_weight=15769.969017639756 271.19200824201107 63.12312638759613 153.93816001713276 370.13492399454117 646.97272056341171 1102.3442783653736 1709.152042299509 339.88076098263264 450.2839422672987 447.43203316628933 3559.5034681111574 85.556695446372032 1101.9856404066086 1357.1421999037266
leaf_count=63565 1135 253 623 1504 2684 4465 6900 1382 1823 1872 14339 350 4585 5517
internal_value=-9.52329e-05 0.000135709 -0.000600616 0.00265395 -0.00516988 -0.00582181 0.0076508 0.00576172 0.000652857 -0.00865549 -0.0006853 -0.00431166 -0.00645743 -0.00245803
internal_weight=27428.6 26710 20668.2 6041.79 4447.94 4294 2419.17 2049.03 16220.3 718.624 3622.63 3647.03 2544.68 1442.7
internal_count=110997 107990 83612 24378 18224 17601 9786 8282 65388 3007 14592 14917 10452 5867
is_linear=0
shrinkage=0.03


Tree=43
num_leaves=15
num_cat=0
split_feature=2 3 10 18 3 3 15 10 18 15 15 6 10 18
split_gain=56.4946 75.4526 83.2449 78.3463 82.8292 73.0294 57.5962 56.0299 50.0178 79.2672 68.3152 48.7424 44.9795 45.4718
threshold=-0.015275682324028315 -0.038449794807283715 0.57443657609933496 9.2966407715307309 0.20483658943038144 0.069880017567633526 0.0030832101336715216 0.59061015125413019 9.289801382538224 -0.013443614575673111 0.018078815681731534 0.0078353963178724607 1.549331204114043 8.8251161962210958
decision_type=2 2 2 2 2 2 2 2 2 2 2 2 2 2
left_child=8 2 -2 5 6 -3 7 -5 -1 11 -11 -10 13 -7
right_child=1 3 -4 4 -6 12 -8 -9 9 10 -12 -13 -14 -15
leaf_value=-0.00093147271584273917 -0.023491126626142233 0.00020715989617649762 -0.0040778361490533127 0.019867410403653359 -0.012814610409561319 0.014254739108639962 0.0016696208250217026 -0.0039507574754150841 0.017708375524195265 0.0059575233443295962 -0.0084337385466236314 -0.0050597129594917144 0.020185928914657588 0.0026783869717915986
leaf_weight=3975.9649579524994 212.73140083253384 3912.0675199776888 2705.7983424514532 88.766803905367851 594.33512191474438 412.78625282645226 3485.3330047279596 4394.9882388412952 89.348023638129234 4703.4534593820572 315.13809704780579 1156.0303360670805 219.37363858520985 1162.8307196199894
leaf_count=16039 898 15758 10981 359 2517 1663 14082 17887 359 18937 1272 4669 883 4712
internal_value=-6.38147e-05 -0.00111463 -0.00550799 -0.000215478 -0.00202995 0.00250689 -0.00122262 -0.00347057 0.00169999 0.00337003 0.00505084 -0.00340047 0.00751321 0.00572543
internal_weight=27428.9 17189 2918.53 14270.5 8563.42 5707.06 7969.09 4483.76 10239.9 6263.97 5018.59 1245.38 1794.99 1575.62
internal_count=111016 69740 11879 57861 34845 23016 32328 18246 41276 25237 20209 5028 7258 6375
is_linear=0
shrinkage=0.03


Tree=44
num_leaves=15
num_cat=0
split_feature=7 13 7 6 15 14 15 15 15 6 15 11 15 15
split_gain=68.3914 60.8563 52.8604 93.826 67.2398 53.4111 66.019 103.102 70.8352 103.244 56.7239 57.5969 54.687 57.9137
threshold=0.3849997292569724 0.46885633674793786 0.8298178651107414 0.017342378734798488 -0.025240476479265524 -0.045603912055190314 -0.012545512034119353 -0.0038657178536141141 -0.0048020152361112336 0.017207301228828895 -0.029140330631812535 45.150246615775117 -0.029140330631812535 -0.012545512034119353
decision_type=2 2 2 2 2 2 2 2 2 2 2 2 2 2
left_child=-1 2 3 4 -2 12 10 8 -8 -10 -7 -12 -4 -14
right_child=1 -3 5 -5 -6 6 7 -9 9 -11 11 -13 13 -15
leaf_value=0.011730026757188299 -0.023105591088044608 -0.0067066975404386749 0.031456803886617077 -0.006429217614775589 0.00039516854061338251 -0.013444773120045944 -0.0039959168138988255 0.0010138412618970335 -0.027429945681832015 0.011251992020347872 -0.00085093067882037476 0.010390809213072907 -0.0049134628855941834 0.0059320696907449889
leaf_weight=432.77778889238834 109.12595784664154 1255.8795606642962 65.09308023750782 2672.2047744393349 7840.6973174661398 133.95750111341476 2071.6954065710306 7468.0380236655474 268.66005483269691 79.36649389564991 614.79470604658127 1228.7294626682997 533.48588354885578 2576.4652808308601
leaf_count=1737 458 5248 262 10918 31562 566 8405 30189 1087 322 2473 4960 2148 10375
internal_value=-7.34363e-05 -0.000264064 5.17279e-05 -0.00156828 6.68471e-05 0.0011959 0.000270827 -0.000730203 -0.00610928 -0.0185947 0.00527184 0.00664496 0.00465057 0.00406965
internal_weight=27351 26918.2 25662.3 10622 7949.82 15040.3 11865.2 9887.76 2419.72 348.027 1977.48 1843.52 3175.04 3109.95
internal_count=110710 108973 103725 42938 32020 60787 48002 40003 9814 1409 7999 7433 12785 12523
is_linear=0
shrinkage=0.03


Tree=45
num_leaves=15
num_cat=0
split_feature=2 3 10 15 13 15 18 1 2 10 15 12 15 7
split_gain=54.387 81.5427 88.9972 77.5528 72.4293 103.775 67.6866 62.3546 74.7622 75.7969 59.8749 59.5226 53.5912 51.2002
threshold=-0.019354278504381647 -0.073404805906848822 0.55531275430434979 0.0030832101336715216 0.29799291904583008 0.02295819499303731 9.2794392474025233 0.035296832505163474 0.058220100062669651 1.4096501483059325 -0.0026671606826411671 -0.090806368749110231 0.015471462215651767 1.0970014235523242
decision_type=2 2 2 2 2 2 2 2 2 2 2 2 2 2
left_child=12 2 -2 7 -5 6 -6 8 -3 -10 -11 -7 13 -1
right_child=1 3 -4 4 5 11 -8 -9 9 10 -12 -13 -14 -15
leaf_value=0.0010242819294631732 -0.03159500674298827 -0.0017082446505539205 -0.0053263375673757701 0.0034808867137032192 0.0019437200184434932 -0.0067265762687020439 -0.013785148993904145 0.0067867479704297913 -0.014531826045319303 0.014507035206304373 -0.011447100791196334 0.023888369731424917 -0.0067798587306334779 0.0061575727112943819
leaf_weight=6322.1500145047903 123.86513212323189 7487.794510871172 1516.7263693362474 5769.8868911713362 377.59894186258316 87.006406843662262 703.3896059691906 653.48752747476101 849.70389266312122 172.36851420998573 145.87792167067528 160.61618509888649 604.2278965562582 2415.9580350518227
leaf_count=25506 536 30271 6181 23194 1531 353 2954 2688 3548 716 615 645 2439 9716
internal_value=-1.1108e-05 -0.000972869 -0.00734568 -0.000334841 0.00202678 -0.00428385 -0.00829747 -0.00213568 -0.00281071 -0.00986368 0.00261298 0.0131636 0.00184672 0.00244465
internal_weight=27390.7 18048.3 1640.59 16407.7 7098.5 1328.61 1080.99 9309.23 8655.74 1167.95 318.246 247.623 9342.34 8738.11
internal_count=110893 73232 6717 66515 28677 5483 4485 37838 35150 4879 1331 998 37661 35222
is_linear=0
shrinkage=0.03


Tree=46
num_leaves=15
num_cat=0
split_feature=14 15 18 7 10 6 15 3 15 3 14 3 15 15
split_gain=54.7419 78.215 59.4878 43.4332 51.5884 46.507 123.25 121.445 55.6953 54.4029 60.1366 47.425 55.691 46.9287
threshold=0.073058574706758486 0.013825891519516633 9.4901534946076556 1.5447231022085031 1.0295844563628991 0.030682095091406219 -0.00011776364936544324 -0.034603600948228667 -0.022167203451169733 0.032499225287391027 -0.048521614116369342 -0.073404805906848822 -0.012157740817375194 0.0048898286061258575
decision_type=2 2 2 2 2 2 2 2 2 2 2 2 2 2
left_child=3 2 -2 5 -5 9 7 -7 -9 10 -1 12 -12 -13
right_child=1 -3 -4 4 -6 6 -8 8 -10 -11 11 13 -14 -15
leaf_value=0.0032817163574389886 -0.0020533024154006331 0.0048476920293185613 -0.012545910062991638 0.028323925918333662 0.0045336845341490467 0.010928929268759617 -0.016086156816008574 0.015078584398891084 -0.018254461522286693 0.002732114108927063 0.0052535165502453256 -0.0018196293294382847 -0.0071195715433888919 0.0026449567792771766
leaf_weight=3114.5049350559711 1005.2708998322487 653.30989238619804 941.69322124123573 90.477265059947968 739.02173319458961 526.4299468845129 552.04228469729424 52.862740725278854 261.12183022499084 7040.2980646938086 388.40424858033657 6988.7864272594452 2039.821668073535 3038.5842749476433
leaf_count=12544 4165 2631 4062 364 2970 2138 2288 214 1076 28410 1566 28177 8295 12190
internal_value=1.59756e-05 -0.00412369 -0.00713596 0.000449751 0.00719048 0.000216222 -0.00510101 0.00213586 -0.0125826 0.000544105 -0.000445466 -0.00137782 -0.00513775 -0.000466473
internal_weight=27432.6 2600.27 1946.96 24832.4 829.499 24002.9 1392.46 840.415 313.985 22610.4 15570.1 12455.6 2428.23 10027.4
internal_count=111090 10858 8227 100232 3334 96898 5716 3428 1290 91182 62772 50228 9861 40367
is_linear=0
shrinkage=0.03


Tree=47
num_leaves=15
num_cat=0
split_feature=7 13 10 6 15 2 15 15 15 3 6 18 7 12
split_gain=55.8336 57.6857 54.6333 76.8197 61.18 55.5502 76.5978 101.708 74.0952 65.5587 64.6347 55.3477 75.9192 53.9236
threshold=0.3849997292569724 0.46885633674793786 0.57443657609933496 0.0083373946530693639 -0.00036133414801176039 -0.019354278504381647 -0.00011776364936544324 -0.012545512034119353 -0.029140330631812535 -0.032842127982084073 0.011297328031553781 9.4564376993476387 0.55588869213953795 -0.15878314928065221
decision_type=2 2 2 2 2 2 2 2 2 2 2 2 2 2
left_child=-1 2 3 -2 -5 -4 7 8 -7 -8 -9 12 -11 -13
right_child=1 -3 5 4 -6 6 9 10 -10 11 -12 13 -14 -15
leaf_value=0.010612105812188194 0.014383296964395782 -0.0063220470121000275 0.0024369712266765265 -0.00015682325685536949 -0.017320738566135391 -0.022744245620358563 -0.003709166017809355 -0.0081716637339779939 0.0041717886399110912 -0.0073258365835017353 -0.0011591648260944442 0.012090848644678846 0.0059590207135975003 -0.0017936630166482971
leaf_weight=443.36787216365337 127.95173434913158 1274.4866847991943 8531.8314073830843 308.9401987940073 471.3015163987875 94.896310701966286 1943.2404288798571 2869.0801732987165 1846.1783947199583 427.65518823266029 2013.150118380785 274.05231280624866 3936.735312089324 2857.3799623697996
leaf_count=1780 514 5344 34328 1257 1982 416 7882 11616 7456 1719 8238 1121 15836 11573
internal_value=7.66367e-05 -9.72887e-05 0.000211842 -0.00700682 -0.0105424 0.0004768 -0.00055175 -0.00297291 0.00283385 0.00119872 -0.00528177 0.0024717 0.00465451 -0.000571596
internal_weight=27420.2 26976.9 25702.4 908.193 780.242 24794.2 16262.4 6823.3 1941.07 9439.06 4882.23 7495.82 4364.39 3131.43
internal_count=111062 109282 103938 3753 3239 100185 65857 27726 7872 38131 19854 30249 17555 12694
is_linear=0
shrinkage=0.03


Tree=48
num_leaves=15
num_cat=0
split_feature=13 18 6 15 7 7 7 2 15 3 15 6 18 15
split_gain=55.5019 66.4384 89.1024 118.388 69.4449 59.1255 56.3654 55.0856 67.5655 53.6426 49.7775 96.6237 77.6944 54.8517
threshold=0.16099525353739089 8.9544904778486867 0.028256966140186076 -0.025240476479265524 0.40161055153109854 1.6640975019685331 1.1940205636096046 -0.02443210451734101 0.0085073794116170571 0.071299337051783609 0.02295819499303731 0.0089619399459321299 7.9137693744205411 0.0050153993023482899
decision_type=2 2 2 2 2 2 2 2 2 2 2 2 2 2
left_child=10 9 4 -4 -3 -5 7 -6 -9 -2 12 -12 -1 -14
right_child=1 2 3 5 6 -7 -8 8 -10 -11 11 -13 13 -15
leaf_value=-0.035258586490247587 -0.002019580175139203 0.013450001833568363 0.025136460430452964 -0.014958457945603427 0.00298766840463627 0.0097007460244533019 0.0041107103817276747 -0.0075771705563184542 0.0012302119351872531 0.0097554472722770225 -0.017496258379271948 0.0016468470067877584 0.00036057873085915918 0.0041827695458631102
leaf_weight=50.298039570450783 680.74801351130009 259.64439469575882 76.698715105652809 1057.9311425685883 906.97263790667057 94.038305446505547 1007.0285324007273 2902.2236093729734 1073.065502718091 709.56542283296585 379.86726135015488 626.02422921359539 12890.980473920703 4577.8443328440189
leaf_count=205 2756 1045 309 4448 3664 392 4129 11948 4346 2860 1527 2523 51998 18418
internal_value=-5.01366e-05 -0.00201631 -0.00314999 -0.0105187 -0.00167464 -0.0129321 -0.00234579 -0.00367866 -0.00520034 0.00399535 0.000880575 -0.00560277 0.00125342 0.00136258
internal_weight=27292.9 8767.92 7377.6 1228.67 6148.93 1151.97 5889.29 4882.26 3975.29 1390.31 18525 1005.89 17519.1 17468.8
internal_count=110568 35897 30281 5149 25132 4840 24087 19958 16294 5616 74671 4050 70621 70416
is_linear=0
shrinkage=0.03


Tree=49
num_leaves=15
num_cat=0
split_feature=5 6 15 7 15 3 10 7 1 5 11 15 12 15
split_gain=64.529 60.764 140.94 125.73 40.9592 78.3383 99.3235 57.0331 54.406 61.4203 53.5948 55.4579 50.1602 49.2817
threshold=-0.16157594545451018 0.029214483297212188 -0.025240476479265524 1.4410655183939329 0.0048898286061258575 -0.061831857569500485 0.70623637539817075 0.3849997292569724 0.045083933128432736 -0.052974131700672604 35.484564181202003 0.016879310784821303 -0.32675327102718776 0.0001425574247182482
decision_type=2 2 2 2 2 2 2 2 2 2 2 2 2 2
left_child=-1 4 -3 -4 7 6 -6 -2 9 13 11 -7 -11 -9
right_child=1 2 3 -5 5 10 -8 8 -10 12 -12 -13 -14 -15
leaf_value=0.016566009752461339 0.012607126803446051 0.024750867923990366 -0.010240259749584001 0.010702669274569178 -0.017960210896324987 0.018999675716890489 0.00017510374414161239 0.0065111444922504331 0.0090168415448346542 -0.025237836998107881 0.002603336426248902 -0.0048063053553816524 -0.0016695460382444534 -0.0058597968729990858
leaf_weight=206.56793296337128 286.59113730490208 131.9041955769062 1689.4607896208763 302.74015286564827 359.97508724033833 352.60641799867153 1090.8374563008547 1454.4080681055784 486.66488064825535 79.752342611551285 6238.7225291579962 116.24259580671787 14206.831435263157 360.14891807734966
leaf_count=844 1150 531 7015 1237 1502 1413 4404 5848 1996 332 25141 467 57525 1468
internal_value=-5.71648e-05 -0.000184819 -0.00505395 -0.00705017 0.000228711 0.00197368 -0.00434315 -0.000615076 -0.000845011 -0.00114417 0.00334087 0.0131021 -0.00180463 0.00405204
internal_weight=27363.5 27156.9 2124.11 1992.2 25032.8 8158.38 1450.81 16874.4 16587.8 16101.1 6707.57 468.849 14286.6 1814.56
internal_count=110873 110029 8783 8252 101246 32927 5906 68319 67169 65173 27021 1880 57857 7316
is_linear=0
shrinkage=0.03


Tree=50
num_leaves=15
num_cat=0
split_feature=14 7 6 15 6 15 15 15 15 10 15 6 6 15
split_gain=49.8854 49.8194 124.65 113.084 112.068 59.887 72.8053 58.4137 56.2004 73.7879 59.084 76.1959 69.1274 60.6463
threshold=0.14387471358857365 1.1291085818626969 0.019212111213769967 -0.025240476479265524 0.016278866770798411 -0.012545512034119353 -0.0033823727133253097 0.0043571841365266381 0.0054175995433696231 0.85906265407903926 0.02295819499303731 0.0082938970644281258 0.010096984115558358 0.0070548014931497436
decision_type=2 2 2 2 2 2 2 2 2 2 2 2 2 2
left_child=1 2 3 -1 5 -3 -7 -6 9 -5 12 -12 13 -10
right_child=-2 4 -4 8 7 6 -8 -9 10 -11 11 -13 -14 -15
leaf_value=-0.018631253703851932 -0.0076951830786949173 0.0075165255559927731 -0.0044646971313415098 0.0027407360232327661 0.01084373837394742 -0.010226007292685252 0.00041627793973717132 0.00058122873504674866 0.01834709219644309 -0.002294736276954314 -0.015686660670038276 0.0028226229408641551 0.0011494881728589239 0.0064189213439047182
leaf_weight=258.34214650094509 708.21266379952431 675.54998710751534 4999.1259109228849 4939.306663826108 1682.0684853494167 780.52139483392239 2218.9104039669037 709.79802452027798 496.64724151790142 5570.9190433174372 284.38972163200378 663.35688209533691 1753.3314533829689 1683.2979844659567
leaf_count=1084 2980 2729 20540 19899 6817 3156 8927 2878 1990 22517 1144 2665 7065 6742
internal_value=0.000152069 0.000360655 -0.000341623 0.000975859 0.00275021 -0.000539772 -0.00235806 0.00780132 0.00130734 7.17676e-05 0.00396677 -0.00275278 0.00558646 0.00915079
internal_weight=27423.8 26715.6 20648.7 15649.6 6066.85 3674.98 2999.43 2391.87 15391.2 10510.2 4881.02 947.747 3933.28 2179.95
internal_count=111133 108153 83646 63106 24507 14812 12083 9695 62022 42416 19606 3809 15797 8732
is_linear=0
shrinkage=0.03


Tree=51
num_leaves=15
num_cat=0
split_feature=14 7 6 15 5 15 3 10 7 10 5 13 15 12
split_gain=54.8353 52.5653 64.7173 96.4455 71.9464 51.0698 74.9015 93.2164 56.0682 50.7042 50.4712 65.2462 46.8934 43.9272
threshold=0.14387471358857365 1.4867879618397362 0.028256966140186076 -0.025240476479265524 -0.14718150671375571 0.0048898286061258575 -0.061831857569500485 0.66545000069698357 0.3849997292569724 1.0295844563628991 -0.052974131700672604 0.020181060446070268 0.024369688748671074 -0.060778878370301541
decision_type=2 2 2 2 2 2 2 2 2 2 2 2 2 2
left_child=1 2 5 -4 -5 8 7 -7 -1 -3 -10 -12 13 -2
right_child=12 9 3 4 -6 6 -8 -9 10 -11 11 -13 -14 -15
leaf_value=0.012615621632153651 -0.022408021619862443 0.02181085712456475 0.018587032409837896 0.0094168607124684167 -0.0088900320601708552 -0.019824471627272522 0.0037978504239150942 -6.850626071380208e-05 0.0041768621834964636 0.0038570553025687958 -0.0074317547435410053 -0.00072239527629067418 0.0090375295013749302 -0.0054665075287102837
leaf_weight=281.64091162383556 214.0386355817318 159.75914344191551 141.9340735822916 215.65390671789646 1740.6584564000368 266.60295397043228 6184.8589008301497 1076.1864703595638 1611.0841621905565 1147.2190719693899 1456.6104746907949 12350.657656952739 117.48604705929756 385.24181269109249
leaf_count=1130 916 645 572 879 7230 1121 24873 4349 6494 4638 5887 50022 473 1631
internal_value=-1.25288e-06 0.000219402 -8.35828e-05 -0.00512672 -0.00686442 0.000372386 0.00240356 -0.00401459 -0.000601682 0.00608162 -0.000844722 -0.00143118 -0.0081779 -0.0115717
internal_weight=27349.6 26632.9 25325.9 2098.25 1956.31 23227.6 7527.65 1342.79 15700 1306.98 15418.4 13807.3 716.766 599.28
internal_count=110860 107840 102557 8681 8109 93876 30343 5470 63533 5283 62403 55909 3020 2547
is_linear=0
shrinkage=0.03


Tree=52
num_leaves=15
num_cat=0
split_feature=2 15 1 13 15 2 15 15 18 15 7 3 15 15
split_gain=48.0849 67.2769 76.2774 62.4085 69.2871 81.6762 66.6594 52.6424 49.4353 46.8936 46.9719 44.2001 44.054 54.9772
threshold=-0.013375640551776423 0.011542245002382769 -0.021306897773806451 0.022950326313511685 -0.012545512034119353 0.027649622997430349 -0.025240476479265524 -0.01812390067702507 9.5721533341851686 -0.00044398695601710608 0.36667273658520655 0.029927939051471956 0.017368210866132831 0.036091970431443084
decision_type=2 2 2 2 2 2 2 2 2 2 2 2 2 2
left_child=12 2 -2 -4 6 9 -5 -8 11 10 -6 -7 -1 -14
right_child=1 -3 3 4 5 8 7 -9 -10 -11 -12 -13 13 -15
leaf_value=0.0021345173028560131 -0.0099871596940689592 0.0027964758324493019 -0.0099449368576045392 -0.010153344107510974 0.024654357919825492 -0.0078141016034989335 0.017205691897807407 0.0039739251623866568 -0.0091923072950178056 0.0030847232458192033 -0.0031116657094000279 0.00017349625726382196 -0.01021412909291358 0.012969296591797805
leaf_weight=10013.585848167539 970.85431195795536 3459.0836898833513 700.02377285063267 225.18210916221142 54.165646523237228 925.34492474794388 361.71495731174946 1064.5904842764139 1492.3072292357683 3203.3247598558664 2339.8911411613226 1902.6440017074347 512.32386590540409 110.33355158567429
leaf_count=40407 3998 13968 2845 952 217 3773 1455 4299 6248 12898 9469 7782 2075 443
internal_value=7.63079e-05 -0.000927836 -0.00190112 -0.00125975 -0.000732606 -0.00168019 0.00495308 0.00734893 -0.00477803 0.000711701 -0.0024634 -0.0024438 0.00165271 -0.0060777
internal_weight=27335.4 16699.1 13240 12269.2 11569.2 9917.68 1651.49 1426.31 4320.3 5597.38 2394.06 2827.99 10636.2 622.657
internal_count=110829 67904 53936 49938 47093 40387 6706 5754 17803 22584 9686 11555 42925 2518
is_linear=0
shrinkage=0.03


Tree=53
num_leaves=15
num_cat=0
split_feature=13 3 15 5 13 15 10 15 6 15 6 1 15 15
split_gain=52.9762 74.0214 73.6716 45.9473 42.7251 47.933 47.4436 38.8464 86.9673 54.8088 184.182 69.8323 58.6443 54.4211
threshold=0.15792853497014717 0.056233073483394243 0.014822709151815607 -0.16157594545451018 0.46885633674793786 -0.003079860511940868 0.91877908770241234 0.02295819499303731 0.009587452827220776 0.0050153993023482899 0.020997603844779503 -0.0046090227297070898 -0.029140330631812535 0.036091970431443084
decision_type=2 2 2 2 2 2 2 2 2 2 2 2 2 2
left_child=3 -2 4 -1 -3 -6 -7 9 -9 11 -11 -5 -13 -10
right_child=1 2 -4 7 5 6 -8 8 13 10 -12 12 -14 -15
leaf_value=0.014866770318724428 -0.0052215010248577286 0.00029258518525526517 0.0086176881087536468 -0.002726470305247235 0.0022434372715873182 0.0068599806228275065 -0.015566636237212788 -0.014899557439437697 -0.0038302460819909321 0.0061075469587830071 -0.012156284602188898 -0.021218482385583291 0.0021257442299234077 0.015907114609449088
leaf_weight=205.15854398906231 3736.0289711505175 3579.0548309087753 807.86342146992683 5111.6029708385468 334.78487332165241 100.57698254287243 509.94415484368801 447.00728195905685 371.89886024594307 3967.2190690338612 566.17792800068855 96.149239853024483 7396.9076305478811 187.51608528196812
leaf_count=842 15267 14660 3249 20619 1397 422 2182 1799 1504 15909 2337 419 29821 752
internal_value=-0.00010905 -0.00198464 0.000284371 0.000817969 -0.00120676 -0.00687214 -0.0118617 0.000657499 -0.00506482 0.000994091 0.00382221 -2.35177e-05 0.00182061 0.00281882
internal_weight=27417.9 9068.25 5332.22 18349.6 4524.36 945.306 610.521 18144.5 1006.42 17138.1 4533.4 12604.7 7493.06 559.415
internal_count=111179 37177 21910 74002 18661 4001 2604 73160 4055 69105 18246 50859 30240 2256
is_linear=0
shrinkage=0.03


Tree=54
num_leaves=15
num_cat=0
split_feature=2 11 15 7 6 15 6 10 15 15 3 15 5 15
split_gain=53.2496 61.4219 48.535 55.0075 66.19 98.1922 65.5125 61.8952 60.9956 51.9057 94.0241 58.4259 78.3707 76.2863
threshold=-0.013375640551776423 51.912036965913735 0.014544422722209129 1.148162654496633 0.020327153811031284 -0.019690559660491488 0.013220353573774884 1.2299264981980562 0.0050153993023482899 0.0001425574247182482 -0.05422715530887711 -0.012545512034119353 -0.055623885880585748 -0.022167203451169733
decision_type=2 2 2 2 2 2 2 2 2 2 2 2 2 2
left_child=2 -2 3 4 5 -1 -5 -8 -7 11 -11 13 -13 -6
right_child=1 -3 -4 6 9 8 7 -9 -10 10 -12 12 -14 -15
leaf_value=-0.0148095539122642 -0.0037619399721233676 0.00016241776696389443 -0.0052490944690070174 -0.0002143011423622688 0.010664204602522303 0.0023279518225212156 0.015627698494065308 0.0026730447999148976 0.011040206211958442 -0.017945112834519616 0.0038127741536738056 0.011978537812445929 -0.0051790020021365638 -0.012640023410416071
leaf_weight=264.47127954661846 5233.8847365826368 11414.482889667153 844.29811270534992 840.36027273535728 166.34090365469456 4038.190489590168 822.55243603885174 557.20800051093102 879.52380746603012 464.03908416628838 288.99441404640675 554.03769047558308 419.46077719330788 508.49480496346951
leaf_count=1077 21238 46487 3414 3370 670 16220 3321 2252 3528 1925 1181 2238 1710 2072
internal_value=-1.19811e-05 -0.00107162 0.00164468 0.00223932 0.00102273 0.00293031 0.00639035 0.0104075 0.00388998 -0.00309287 -0.00960703 -0.00010887 0.00459024 -0.0068812
internal_weight=27296.3 16648.4 10648 9803.67 7583.55 5182.19 2220.12 1379.76 4917.71 2401.37 753.033 1648.33 973.498 674.836
internal_count=110703 67725 42978 39564 30621 20825 8943 5573 19748 9796 3106 6690 3948 2742
is_linear=0
shrinkage=0.03


Tree=55
num_leaves=15
num_cat=0
split_feature=7 6 12 10 6 10 7 14 3 12 12 6 12 7
split_gain=48.0148 105.72 89.4234 55.0803 47.1618 46.6141 50.9326 39.0565 37.8577 39.556 37.7543 34.425 50.8376 32.072
threshold=1.148162654496633 0.018163004760282767 -0.31327608886177638 1.4096501483059325 0.012936721653304962 0.62799819903536214 0.41451549833242124 0.029288192918328852 -0.064583337998094223 -0.40111575380832071 -0.27059771353399009 0.028570408501012192 -0.38991840410806977 0.57002263729738134
decision_type=2 2 2 2 2 2 2 2 2 2 2 2 2 2
left_child=1 3 -2 10 -4 6 -3 8 9 -8 -1 -7 -13 -14
right_child=2 5 4 -5 -6 11 7 -9 -10 -11 -12 12 13 -15
leaf_value=0.011812550379432846 0.017061482820989158 0.017607655526138855 -0.0014726876256334913 -0.009967719484008878 0.0039882033750334627 -0.0014977616474426119 -0.00069739117355195558 -0.027389533584440507 0.0033719158172498772 -0.019229787842871202 0.00074333359098850346 0.0080654452810885995 0.012279546241861618 -0.010370976606835489
leaf_weight=280.66908532381058 348.95792032778263 51.983828485012054 2649.3194678276777 425.57994990050793 3071.7513509243727 3731.2932327836752 149.1908333748579 131.75964663922787 155.27337896823883 338.76871274411678 14682.772208929062 173.08693344891071 57.55429819226265 1137.0914126038551
leaf_count=1133 1433 211 10683 1727 12495 15244 626 557 632 1428 59218 705 241 4751
internal_value=8.47228e-06 -0.000661913 0.00236199 0.000649257 0.00145974 -0.00406591 -0.0106651 -0.012602 -0.0094974 -0.0135896 0.00095251 -0.00299187 -0.0070598 -0.00926105
internal_weight=27385.1 21315 6070.03 15389 5721.07 5926 826.976 774.993 643.233 487.96 14963.4 5099.03 1367.73 1194.65
internal_count=111084 86473 24611 62078 23178 24395 3454 3243 2686 2054 60351 20941 5697 4992
is_linear=0
shrinkage=0.03


Tree=56
num_leaves=15
num_cat=0
split_feature=13 3 18 15 3 1 15 15 6 6 2 15 14 15
split_gain=49.9867 58.0457 92.3813 59.6752 58.2307 45.266 46.0331 73.1835 129.669 68.446 64.5376 56.3003 55.5581 47.94
threshold=0.1548791467527291 0.056233073483394243 9.5034712184752532 0.02295819499303731 0.20483658943038144 0.014341627787530122 0.018494200671836939 0.0054175995433696231 0.020997603844779503 0.0090118261755512807 -0.072224553194963889 0.036091970431443084 -0.023184587355303817 -0.012545512034119353
decision_type=2 2 2 2 2 2 2 2 2 2 2 2 2 2
left_child=5 -2 -3 4 -4 6 7 10 -9 -8 13 12 -11 -1
right_child=1 2 3 -5 -6 -7 9 8 -10 11 -12 -13 -14 -15
leaf_value=-0.002234632139048049 -0.004442312280270427 0.0038804591138309899 -0.0026382213196070726 0.012427556437277838 -0.014022642493716967 0.00473770522211517 -0.014647768293613622 0.006724696193268152 -0.012507547660645659 -0.014508951700741873 -0.001249110417845625 0.016058870816885749 0.0058543051545542823 0.0086558175360272015
leaf_weight=535.153264939785 3875.1175011247396 2995.9866851717234 1681.710899785161 181.50646105408669 530.94507791101933 2587.7000211328268 436.97389127314091 3056.4267666041851 349.95828160643578 240.93503555655479 9401.6053340882063 159.55889977514744 237.80123843252659 1129.469443410635
leaf_count=2160 15846 12191 6949 729 2280 10460 1760 12257 1451 979 37932 640 959 4571
internal_value=0.000149636 -0.00164283 0.000370687 -0.00402091 -0.0053802 0.00106547 0.000453751 0.000898965 0.00474267 -0.00552916 -0.000284841 0.000739644 -0.0044117 0.00515621
internal_weight=27400.8 9265.27 5390.15 2394.16 2212.66 18135.6 15547.9 14472.6 3406.39 1075.27 11066.2 638.295 478.736 1664.62
internal_count=111164 37995 22149 9958 9229 73169 62709 58371 13708 4338 44663 2578 1938 6731
is_linear=0
shrinkage=0.03


Tree=57
num_leaves=15
num_cat=0
split_feature=13 15 3 18 7 7 2 15 13 18 3 18 5 1
split_gain=36.8485 62.4853 60.9135 51.3808 49.4068 59.5163 54.7078 53.7405 53.6512 39.7339 37.7327 44.05 37.7265 39.8565
threshold=0.1548791467527291 0.014822709151815607 0.076806375004881536 10.089684621728852 0.3849997292569724 1.124358996055139 0.067260755722674773 0.0039791598586518271 0.30769470168340124 8.8677899733295096 0.056233073483394243 9.7186622950488211 -0.16157594545451018 0.012466427594694187
decision_type=2 2 2 2 2 2 2 2 2 2 2 2 2 2
left_child=12 4 3 -3 -2 6 10 -7 -9 -8 11 -6 -1 -14
right_child=1 2 -4 -5 5 7 9 8 -10 -11 -12 -13 13 -15
leaf_value=0.013692372256797593 0.011195600433578513 0.0015799907494075218 0.010901308564174539 -0.021057862703956109 -0.0082822547100975842 0.0048914760232709065 0.002241362656496034 0.0015779742170700013 -0.018570116410764035 -0.01363392879131242 -0.00054749441592637238 0.0014398504951223471 0.00010557385079709672 0.0039224234808739903
leaf_weight=202.58620038628578 227.82480852305889 680.6962581127882 668.60476046800613 101.98802751302719 1707.0165202319622 1339.7222169488668 171.27247153222561 288.56238763034344 200.02426531910896 810.89684715867043 2494.1423630714417 555.15331514179707 14912.012953713536 2947.2474197000265
leaf_count=836 916 2763 2688 417 6963 5489 697 1181 858 3521 10165 2274 60140 11904
internal_value=9.4206e-05 -0.00144587 0.00426574 -0.001416 -0.00251014 -0.00292565 -0.00442707 0.00178652 -0.0067126 -0.0108666 -0.00309331 -0.00589721 0.000882647 0.000735823
internal_weight=27307.8 9245.9 1451.29 782.684 7794.62 7566.79 5738.48 1828.31 488.587 982.169 4756.31 2262.17 18061.8 17859.3
internal_count=110812 37932 5868 3180 32064 31148 23620 7528 2039 4218 19402 9237 72880 72044
is_linear=0
shrinkage=0.03


Tree=58
num_leaves=15
num_cat=0
split_feature=14 15 7 6 15 1 15 6 12 18 15 15 15 18
split_gain=38.3054 64.3742 47.0137 77.6817 64.0311 44.6794 46.7262 38.5942 50.2856 39.4948 37.0215 40.1222 44.9988 36.5833
threshold=0.073058574706758486 0.013825891519516633 0.77279920698142524 0.016932882038068631 -0.022167203451169733 0.05964639202459044 -0.0081709667943581348 0.0062748885349874304 -0.18403081254929474 8.8081741686406989 -0.012736402640715737 0.0030832101336715216 0.014856355070789641 8.6334951914682616
decision_type=2 2 2 2 2 2 2 2 2 2 2 2 2 2
left_child=2 5 3 4 -1 -2 -7 10 -9 -10 -6 -12 -13 -5
right_child=1 -3 -4 13 7 6 -8 8 9 -11 11 12 -14 -15
leaf_value=-0.023076776832599309 -0.0080733512337334747 0.0046497963493890172 0.0013397642224801658 0.0033610179767908262 0.026878562766640451 0.031646684073772031 -0.00083841166931707513 0.0076449046473477094 -0.014393810446436965 -0.0007983168244986591 -0.0009600339099933424 0.016487434734105948 -0.0097224478421131695 -0.0076225423832554599
leaf_weight=102.20095761120319 1656.01962646842 649.0797217041254 15741.339134469628 315.01289835572243 69.624102771282196 47.272543758153915 207.89686945080757 628.85282669961452 198.36152859032154 4793.2585299015045 525.23681193590164 319.88062739372253 70.769452765583992 1992.8687757700682
leaf_count=432 7050 2616 63580 1285 279 196 895 2535 798 19310 2116 1282 284 8202
internal_value=-1.09304e-05 -0.00350278 0.00035043 -0.00137678 0.000257007 -0.00627353 0.00537907 0.000624878 -0.000336025 -0.00134414 0.00609459 0.00445951 0.011714 -0.00612174
internal_weight=27317.7 2560.27 24757.4 9016.07 6708.18 1911.19 255.169 6605.98 5620.47 4991.62 985.511 915.887 390.65 2307.88
internal_count=110860 10757 100103 36523 27036 8141 1091 26604 22643 20108 3961 3682 1566 9487
is_linear=0
shrinkage=0.03


Tree=59
num_leaves=15
num_cat=0
split_feature=7 13 15 7 15 14 10 15 1 18 10 10 15 2
split_gain=48.4088 46.3317 52.7038 45.4141 51.8372 48.0553 54.0008 61.9002 50.0746 44.1383 77.6001 42.1619 40.3997 38.2757
threshold=0.3849997292569724 0.48256967638805809 0.024369688748671074 0.77279920698142524 -0.022167203451169733 0.10288725778420284 1.4096501483059325 0.00069594823611529588 0.014341627787530122 9.3444224310798862 1.3844888385456102 1.0266918316148057 -0.0026671606826411671 -0.028534405801178494
decision_type=2 2 2 2 2 2 2 2 2 2 2 2 2 2
left_child=-1 3 9 4 -2 8 7 -7 13 10 -3 -11 -8 -5
right_child=1 2 -4 5 -6 6 12 -9 -10 11 -12 -13 -14 -15
leaf_value=0.0099558882520502309 -0.019477237957828741 -0.010290259910072076 0.017314811699460472 0.0027959109383778411 -0.0014112850134115845 -0.023621132850149659 0.018278894016863258 -0.0037973227709073914 0.0046317942466708069 0.00015197554827812488 0.01498298729303464 -0.017629617930951313 -0.0038303384459317286 -0.00066388704493699862
leaf_weight=427.03523401916027 143.42207653820515 287.69642041623592 78.996195256710052 4322.1213591098785 8444.8020413219929 216.6660799831152 117.0784018188715 405.85771107673645 3302.3152364194393 162.21954807639122 173.63352121412754 458.86558929085732 196.75272542238235 8602.4454479664564
leaf_count=1716 600 1193 321 17423 34210 935 489 1688 13373 692 706 2003 829 34795
internal_value=-4.18792e-05 -0.000201245 -0.00605721 6.33136e-05 -0.00171745 0.000954476 -0.00564667 -0.0107504 0.00133604 -0.00779172 -0.000754401 -0.0129997 0.00448129 0.000493362
internal_weight=27339.9 26912.9 1161.41 25751.5 8588.22 17163.2 936.355 622.524 16226.9 1082.42 461.33 621.085 313.831 12924.6
internal_count=110973 109257 4915 104342 34810 69532 3941 2623 65591 4594 1899 2695 1318 52218
is_linear=0
shrinkage=0.03


Tree=60
num_leaves=15
num_cat=0
split_feature=13 18 5 6 15 11 7 7 1 10 15 13 14 7
split_gain=39.4857 59.9677 66.8621 52.3912 57.4152 44.1628 35.0545 34.1895 33.7923 33.7637 32.9736 41.6156 32.3469 44.9302
threshold=0.17065234954836819 9.2589697248861267 0.047463031861514911 0.028883561754092787 -0.022167203451169733 47.570412463432199 0.60781604356421126 1.5987991810339925 0.05964639202459044 0.45765699378345964 0.014544422722209129 0.44172786550864668 0.098812494377177998 1.1940205636096046
decision_type=2 2 2 2 2 2 2 2 2 2 2 2 2 2
left_child=9 2 -2 5 -5 -3 -6 -8 10 -1 11 12 13 -7
right_child=1 3 -4 4 6 8 7 -9 -10 -11 -12 -13 -14 -15
leaf_value=-0.013653930984979024 -0.0021196556406724797 0.0028780083001788818 0.0073177461611102484 0.014848441232612102 0.011192957454550102 -0.0050750717589622277 -0.016666047197954399 0.0036488827339186307 0.0069793879053963431 0.0007908588919629194 0.0015527039202536598 -0.015551434806652149 -0.013271528531021997 0.0081567673569913728
leaf_weight=144.76607990264893 1641.5509379208088 1095.8659172058105 1145.4740661531687 72.519792690873146 50.116680279374123 1627.3058073967695 660.28298525512218 83.291156455874443 231.89405106008053 18993.363742411137 591.08588355779648 372.43587784469128 336.93376296758652 267.26858514547348
leaf_count=612 6672 4446 4653 294 215 6664 2832 350 973 76637 2379 1612 1470 1084
internal_value=-6.53597e-05 -0.00181023 0.00176161 -0.00365744 -0.0104083 -0.00236048 -0.0127475 -0.0143868 -0.00403635 0.000680179 -0.00483974 -0.00629087 -0.00473276 -0.00320182
internal_weight=27314.2 8176.03 2787.03 5389 866.211 4522.79 793.691 743.574 3426.92 19138.1 3195.03 2603.94 2231.51 1894.57
internal_count=110893 33644 11325 22319 3691 18628 3397 3182 14182 77249 13209 10830 9218 7748
is_linear=0
shrinkage=0.03


Tree=61
num_leaves=15
num_cat=0
split_feature=7 6 15 5 15 15 3 18 2 15 15 3 15 5
split_gain=39.4617 64.7962 92.2564 89.7192 71.6722 40.1648 37.6644 63.0489 60.1569 59.3411 59.3034 66.008 56.6312 55.3264
threshold=1.4713856754643653 0.030302005769480337 -0.025240476479265524 -0.11464138472895306 0.0028275656523812924 -0.012545512034119353 0.034414633573621962 9.2966407715307309 -0.026748508576512006 -0.012545512034119353 -0.0038433543728602078 -0.047470647873449227 -0.029140330631812535 0.068342631114631028
decision_type=2 2 2 2 2 2 2 2 2 2 2 2 2 2
left_child=1 6 -3 4 5 -4 8 -8 -1 12 -11 -12 -10 -9
right_child=-2 2 3 -5 -6 -7 7 13 9 10 11 -13 -14 -15
leaf_value=0.0017755261502711414 0.0044643257910547468 0.018753685888508221 -0.0055469900650627962 -0.011942207280357576 -0.017236917705565184 0.020029802728905352 0.0049800737824433026 0.0011850472466835499 -0.022589333293027328 -0.007429435626433189 -0.0062173073192668812 0.00014755520606689885 0.0052500294888282503 -0.0066845172551624902
leaf_weight=5339.5183288604021 1611.406421199441 123.30376759171486 75.869024530053139 1206.563852250576 94.520449236035347 194.39113113284111 3184.504432067275 3891.6466175615788 67.425857827067375 2086.9567609429359 2056.5240746885538 5097.9903973639011 1257.8935940116644 1011.2811167985201
leaf_count=21506 6562 498 309 5079 392 796 12860 15774 303 8480 8400 20530 5073 4288
internal_value=-8.67286e-05 -0.000372537 -0.00603837 -0.00800518 0.00501123 0.0128617 2.81038e-05 0.00169479 -0.000819416 -0.00213076 -0.00298218 -0.00168321 0.00380179 -0.000440198
internal_weight=27299.8 25688.4 1694.65 1571.34 364.781 270.26 23993.7 8087.43 15906.3 10566.8 9241.47 7154.51 1325.32 4902.93
internal_count=110850 104288 7074 6576 1497 1105 97214 32922 64292 42786 37410 28930 5376 20062
is_linear=0
shrinkage=0.03


Tree=62
num_leaves=15
num_cat=0
split_feature=7 7 6 15 12 6 14 15 13 15 3 15 15 6
split_gain=37.7774 49.701 84.4707 60.0234 46.9689 61.1652 43.2721 58.7075 61.457 54.8944 75.2902 72.006 104.859 68.663
threshold=0.3849997292569724 0.8298178651107414 0.017739009292460202 -0.025240476479265524 -0.17519924427459807 0.0062120850788763759 -0.045603912055190314 -0.029140330631812535 0.21175845426895071 -0.012545512034119353 -0.073404805906848822 -0.0038657178536141141 -0.0048020152361112336 0.01578338737950977
decision_type=2 2 2 2 2 2 2 2 2 2 2 2 2 2
left_child=-1 2 3 -2 -5 -6 7 -3 -9 -8 -11 12 -12 -14
right_child=1 6 -4 4 5 -7 9 8 -10 10 11 -13 13 -15
leaf_value=0.008669936675688732 -0.022019198467286737 0.030331533309079155 -0.0061086734370424597 0.0067566881947877825 0.0060745903244222577 -0.0017944699567513467 0.004580315823046216 0.0049408218367804077 -0.0074377788158970001 -0.0087468020863363111 -0.0020150629401909275 0.001458884873389446 -0.028049768471411218 0.0045538971200996849
leaf_weight=437.09988458454609 109.63128869235516 72.24176974594593 2928.5588987022638 858.16607961058617 1036.7507981061935 6165.2082556635141 2037.5029241293669 2783.8406485468149 412.89625006914139 971.14373226463795 1901.4439784437418 7275.6821299493313 247.31553907692432 75.149792537093163
leaf_count=1757 472 293 12111 3461 4169 24865 8267 11239 1690 3964 7760 29567 1006 307
internal_value=-5.8507e-05 -0.0002011 -0.00173913 -0.000171694 0.000130858 -0.000660315 0.000880893 0.00395304 0.00333833 7.74967e-05 -0.000799415 1.47165e-05 -0.00470705 -0.0204703
internal_weight=27312.6 26875.5 11098.3 8169.76 8060.13 7201.96 15777.2 3268.98 3196.74 12508.2 10470.7 9499.59 2223.91 322.465
internal_count=110928 109171 45078 32967 32495 29034 64093 13222 12929 50871 42604 38640 9073 1313
is_linear=0
shrinkage=0.03


Tree=63
num_leaves=15
num_cat=0
split_feature=14 15 18 7 15 6 7 6 15 6 18 13 1 14
split_gain=43.6865 62.2074 41.2485 41.7853 49.3725 48.3589 36.4823 76.9408 61.7139 42.8411 39.8554 40.3672 38.9473 50.8854
threshold=0.10288725778420284 0.024369688748671074 9.06850216328648 1.1534076050465367 -0.0022274691004571241 0.021320124731479314 0.8298178651107414 0.023242488687586615 -0.025240476479265524 0.0062748885349874304 9.8248894912359983 0.081527206402140631 0.014681076543103801 -0.0495232204955438
decision_type=2 2 2 2 2 2 2 2 2 2 2 2 2 2
left_child=6 2 -2 -4 5 -5 7 8 -1 10 11 -10 13 -8
right_child=1 -3 3 4 -6 -7 12 -9 9 -11 -12 -13 -14 -15
leaf_value=-0.019918212956974813 0.0022438416087922921 0.0093493472688665376 -0.017494849066068699 -0.0078784442721687702 -0.011427904909535394 0.024968446765186184 0.0042294829768602712 -0.0077611541834659075 0.00010071189801970929 -0.00047713004880009578 0.023300522982158723 0.013006256350439203 0.0043443241806300969 -0.00053977908576575105
leaf_weight=136.55885919928551 282.79962481558323 225.63462668657303 439.97640256583691 77.428724050521851 319.57317285239697 80.580534115433693 2598.6851806640625 1311.152001067996 740.39497290551662 8689.0438158810139 103.06455445289612 307.25605323910713 3059.7535980939865 8914.7880594581366
leaf_count=582 1149 908 1941 327 1381 342 10511 5467 2978 35124 414 1234 12418 36062
internal_value=6.34261e-05 -0.00504471 -0.00776145 -0.0108433 -0.00466818 0.00897531 0.000345464 -0.000934773 -3.62298e-05 0.000243689 0.00567798 0.00390323 0.00133704 0.00053723
internal_weight=27286.7 1425.99 1200.36 917.559 477.582 158.009 25860.7 11287.5 9976.32 9839.76 1150.72 1047.65 14573.2 11513.5
internal_count=110838 6048 5140 3991 2050 669 104790 45799 40332 39750 4626 4212 58991 46573
is_linear=0
shrinkage=0.03


Tree=64
num_leaves=15
num_cat=0
split_feature=7 7 6 18 2 6 12 14 1 18 10 10 18 10
split_gain=38.874 42.2082 67.2494 56.7044 60.0963 43.2355 50.104 42.8151 52.4914 42.7209 45.4314 42.6305 38.5721 43.819
threshold=0.3849997292569724 0.8298178651107414 0.017342378734798488 8.8803600226464798 -0.017251821329612223 0.0062120850788763759 -0.17728985046858034 -0.045603912055190314 0.014681076543103801 8.978948341764676 1.2631231482680494 0.51795477833883041 9.6654966895489789 0.63320053160364687
decision_type=2 2 2 2 2 2 2 2 2 2 2 2 2 2
left_child=12 2 5 11 -5 -2 -7 -3 9 10 -9 -4 -1 -14
right_child=1 7 3 4 -6 6 -8 8 -10 -11 -12 -13 13 -15
leaf_value=0.0023578689359102403 0.0054031557352763968 0.0037877264182587084 -0.018153550654485914 -0.0031960214192927605 -0.012835642537691512 0.0060241888473604619 -0.0020048104780735401 0.0019416852128496605 0.0032110244910983727 -0.0019193695326938148 0.019803582450592636 0.0044610332709746044 0.04046851019970709 0.0071729413142943982
leaf_weight=288.99638830125332 1058.404139354825 3266.6264343112707 82.874125748872757 1237.9256684482098 1099.6432619839907 786.60705661773682 6192.1557362824678 847.85736687481403 3254.5962898731232 8302.6354541778564 149.10271094739437 645.24826860427856 59.973528638482094 86.060913577675819
leaf_count=1162 4255 13215 354 5081 4623 3174 25006 3426 13313 33723 600 2629 241 346
internal_value=-0.000121636 -0.000265688 -0.00168344 -0.00546225 -0.0077378 -0.000241053 -0.00109836 0.000729361 -6.69091e-05 -0.00121454 0.00464736 0.00184439 0.00875399 0.0212088
internal_weight=27358.7 26923.7 11102.9 3065.69 2337.57 8037.17 6978.76 15820.8 12554.2 9299.6 996.96 728.122 435.031 146.034
internal_count=111148 109399 45122 12687 9704 32435 28180 64277 51062 37749 4026 2983 1749 587
is_linear=0
shrinkage=0.03


Tree=65
num_leaves=15
num_cat=0
split_feature=7 6 15 5 15 12 15 10 15 3 10 2 13 1
split_gain=39.4429 70.751 96.6483 58.1097 58.7008 53.0113 59.3309 45.3816 43.9672 52.6222 62.0335 50.6464 52.8026 50.6148
threshold=1.3798503472734343 0.025801690188789504 -0.025240476479265524 -0.11464138472895306 -0.00011776364936544324 -0.16219334600543259 -0.0091448297424610008 1.1693956902090956 0.0048898286061258575 -0.061831857569500485 0.67708393307273496 0.056836562794405639 0.025067889056809459 0.043083464945249179
decision_type=2 2 2 2 2 2 2 2 2 2 2 2 2 2
left_child=1 8 -3 4 -4 7 -7 -2 11 10 -10 12 -1 -13
right_child=5 2 3 -5 -6 6 -8 -9 9 -11 -12 13 -14 -15
leaf_value=-0.0043431263413745433 0.022112436671989019 0.017389099637652051 0.011141960575487414 -0.0079490214306573246 -0.01092107486621692 0.011043604005809417 -0.0018710980757549846 0.0047054153928455843 -0.016691274910379878 0.0032175067522653925 -0.00012083871144682797 -0.0091255002178331247 0.00058423866883846188 0.0095681241488424877
leaf_weight=2368.9806428700686 222.06318102777004 165.84384270012379 311.74123796820641 2384.3400359302759 164.05057559907436 413.39164933562279 1394.602642968297 341.97935032844543 255.53918534517288 6005.7351142466068 966.1227847635746 1026.8799080103636 11217.957967877388 147.61124446988106
leaf_count=9575 904 670 1270 9988 680 1674 5676 1395 1079 24189 3906 4330 45326 621
internal_value=-9.51621e-05 -0.000445851 -0.00474514 -0.00603984 0.00352087 0.00360036 0.00109074 0.0116125 0.00014617 0.00206301 -0.00360855 -0.000792491 -0.000275396 -0.00676379
internal_weight=27386.8 25014.8 3025.98 2860.13 475.792 2372.04 1807.99 564.043 21988.8 7227.4 1221.66 14761.4 13586.9 1174.49
internal_count=111283 101634 12608 11938 1950 9649 7350 2299 89026 29174 4985 59852 54901 4951
is_linear=0
shrinkage=0.03


Tree=66
num_leaves=15
num_cat=0
split_feature=14 15 1 3 13 3 2 15 15 11 15 17 15 18
split_gain=37.7686 41.9004 41.3946 33.221 32.132 37.1676 48.2238 47.5181 74.3263 65.3286 49.1754 55.1669 48.2688 47.1566
threshold=0.14387471358857365 0.024369688748671074 0.055586911687333991 0.48279699589897046 0.46885633674793786 0.049837715711067661 -0.01243141234994649 -0.012545512034119353 -0.0038657178536141141 45.011628204166378 -0.025240476479265524 -0.25660481229257054 -0.01812390067702507 9.2589697248861267
decision_type=2 2 2 2 2 2 2 2 2 2 2 2 2 2
left_child=3 2 -2 4 5 6 -1 9 -9 -8 11 -11 -12 -7
right_child=1 -3 -4 -5 -6 13 7 8 -10 10 12 -13 -14 -15
leaf_value=0.0010435305298708614 -0.015134190315467011 0.0088611582152505648 0.0030942452501033419 0.024039700677589777 -0.0053474656720211957 0.0059738757259378567 -0.011076710532301984 -0.0081168272983479627 -0.0013096887247684109 -0.02604889524242953 0.021162174838463152 0.008090293309480287 0.0052214243953836639 0.00035728238137348845
leaf_weight=9391.4989564567804 429.6162079423666 121.42652787268162 150.65610247850418 49.569180101156235 994.43195648491383 1988.5669097006321 222.43773013353348 1820.30922716856 6952.5472841411829 78.11841207742691 238.07788977026939 89.461548775434494 600.97474850714207 4151.5394744873047
leaf_count=37936 1866 489 641 209 4206 8020 903 7425 28157 344 957 376 2417 16928
internal_value=-0.000197234 -0.00705714 -0.0104072 -1.56011e-05 -6.23589e-05 0.000143878 -0.000500189 -0.00194961 -0.00272365 0.00357078 0.00682301 -0.00794342 0.00978412 0.00217765
internal_weight=27279.2 701.699 580.272 26577.5 26528 25533.5 19393.4 10001.9 8772.86 1229.07 1006.63 167.58 839.053 6140.11
internal_count=110874 2996 2507 107878 107669 103463 78515 40579 35582 4997 4094 720 3374 24948
is_linear=0
shrinkage=0.03


Tree=67
num_leaves=15
num_cat=0
split_feature=14 15 1 11 4 15 13 15 10 3 15 10 15 14
split_gain=40.972 47.9536 36.3572 26.3501 51.1658 46.6881 43.6079 40.87 39.4838 38.9812 143.1 76.5512 40.8024 54.597
threshold=0.14387471358857365 0.024369688748671074 0.055586911687333991 32.82044709332574 -0.041902007256590594 -0.0082538746597311512 0.022950326313511685 -0.025240476479265524 0.79577919861569757 -0.080159984502220713 -0.00011776364936544324 0.73760940048854551 0.0030832101336715216 1.0000000180025095e-35
decision_type=2 2 2 2 2 2 2 2 2 2 2 2 2 2
left_child=3 2 -2 5 7 -1 8 -5 -6 10 -8 -12 13 -11
right_child=1 -3 -4 4 6 -7 9 -9 -10 12 11 -13 -14 -15
leaf_value=-0.0020952711922602681 -0.014922366622715436 0.010064142124670947 0.0020455470169982769 0.014409385921606455 0.0044090899103602903 0.0055530648265456331 0.0052579963934317768 -0.009923870342444541 -0.0061759664680147222 0.0027076951801368308 -0.017968261292909887 -0.003418150027291482 0.0027691370254539441 -0.0017016927768878274
leaf_weight=1112.4491830170155 438.28248909115791 120.92105482518673 152.59991466999054 66.491117402911186 394.24870689213276 2021.0190927535295 1048.1579820513725 690.25537882745266 1594.4391348809004 3943.1734338700771 560.26143887639046 775.47591143846512 7367.0135637223721 7030.0118149369955
leaf_count=4493 1909 487 649 269 1596 8154 4258 2846 6458 15910 2377 3163 29768 28699
internal_value=6.47922e-05 -0.00702815 -0.0105482 0.000255089 -8.99919e-05 0.00283814 0.000166002 -0.0077535 -0.0040752 0.000573342 -0.00303394 -0.00953879 0.0010425 -0.000116991
internal_weight=27314.8 711.803 590.882 26603 23469.5 3133.47 22712.8 756.746 1988.69 20724.1 2383.9 1335.74 18340.2 10973.2
internal_count=111036 3045 2558 107991 95344 12647 92229 3115 8054 84175 9798 5540 74377 44609
is_linear=0
shrinkage=0.03


Tree=68
num_leaves=15
num_cat=0
split_feature=7 7 6 18 13 15 15 7 1 18 15 15 6 5
split_gain=31.2061 38.0103 54.603 38.2916 52.9225 64.5914 77.7164 72.3942 53.5804 39.0925 37.7781 64.9395 73.6178 58.2337
threshold=0.36667273658520655 0.77279920698142524 0.0062120850788763759 8.978948341764676 0.31299164784337069 0.02295819499303731 -0.003079860511940868 1.270087653819904 0.014341627787530122 9.429422585227325 0.0048898286061258575 0.018078815681731534 0.023242488687586615 -0.052974131700672604
decision_type=2 2 2 2 2 2 2 2 2 2 2 2 2 2
left_child=-1 2 -2 -3 8 6 7 -6 10 -8 13 12 -12 -5
right_child=1 3 -4 4 5 -7 9 -9 -10 -11 11 -13 -14 -15
leaf_value=0.009130848170866665 0.0054408943657916851 0.0043034497538932091 -0.0024337059454880012 0.0045648665373107028 -0.0040740806943909769 0.015281975982298131 -0.0028223321029325556 0.021924478098941536 0.0044159033185508303 -0.016322571776215471 0.0067775559184970443 -0.0040313981676255118 -0.010792925482955547 -0.0024710076456146406
leaf_weight=333.05752342939377 875.90429799258709 2329.3513362556696 8154.4174735993147 1261.6248598396778 383.11663965880871 126.67218974232674 279.66385418176651 126.60688258707523 2870.6051195263863 628.25935666263103 2205.80648855865 989.51253741979599 235.92641688883305 6529.6964408010244
leaf_count=1340 3521 9415 33207 5117 1621 512 1172 524 11660 2732 8862 3986 978 26463
internal_value=3.16499e-05 -8.12728e-05 -0.00166887 0.000716765 0.000182013 -0.00508653 -0.0069255 0.00244398 0.000759975 -0.0121795 -0.00017579 0.00244621 0.00507241 -0.00133083
internal_weight=27330.2 26997.2 9030.32 17966.8 15637.5 1544.32 1417.65 509.724 14093.2 907.923 11222.6 3431.25 2441.73 7791.32
internal_count=111110 109770 36728 73042 63627 6561 6049 2145 57066 3904 45406 13826 9840 31580
is_linear=0
shrinkage=0.03


Tree=69
num_leaves=15
num_cat=0
split_feature=2 3 10 15 15 2 4 7 15 6 15 15 11 1
split_gain=33.9351 49.4521 52.6337 42.0755 40.4357 42.8204 43.6616 42.4678 40.2117 44.2466 39.0407 49.3652 42.1042 36.4192
threshold=-0.013375640551776423 -0.038449794807283715 0.57443657609933496 0.010208930633791804 0.010052798581136725 0.039849169689021753 -0.00020772090575865707 1.1434122039938595 0.014544422722209129 0.029923487048819208 0.036091970431443084 0.031176248876594318 30.455259731334888 0.020205226561667903
decision_type=2 2 2 2 2 2 2 2 2 2 2 2 2 2
left_child=8 2 -2 4 5 13 -7 -8 -1 10 11 12 -10 -3
right_child=1 3 -4 -5 -6 6 7 -9 9 -11 -12 -13 -14 -15
leaf_value=0.0018847125314897057 -0.019382766412784722 -0.00028552000187550506 -0.0033505441543183949 0.0030834090834389633 -0.025481103483473554 -0.018777383931524696 -0.0054153107263992589 0.0017660083756806432 0.013856448571202093 -0.024526408584964281 0.014041305733766057 -0.028326316143156005 -0.0063731557438325157 0.0064666584655660164
leaf_weight=9743.9962229728699 196.89381092786789 6685.7723200619221 2539.0557231754065 2933.473597869277 58.201014325022697 160.95011673867702 2077.1215597391129 1150.4119644910097 113.80906127393246 90.419984966516495 107.66073442995548 72.317277759313583 460.62323018908501 803.53006255626678
leaf_count=39408 861 27031 10379 11840 235 676 8688 4783 457 379 432 294 1860 3252
internal_value=1.31192e-05 -0.000833113 -0.00451763 -0.000105744 -0.000961611 -0.000825761 -0.00362299 -0.00285612 0.00134009 -0.00493104 -0.00252379 -0.00531608 -0.00233101 0.000440457
internal_weight=27194.2 16605.4 2735.95 13869.5 10936 10877.8 3388.48 3227.53 10588.8 844.83 754.41 646.75 574.432 7489.3
internal_count=110575 67745 11240 56505 44665 44430 14147 13471 42830 3422 3043 2611 2317 30283
is_linear=0
shrinkage=0.03


Tree=70
num_leaves=15
num_cat=0
split_feature=14 12 7 3 18 15 5 10 10 11 1 15 3 6
split_gain=32.5643 54.8414 32.716 35.5966 64.7476 80.5343 64.6607 50.1266 47.1743 43.9814 45.5454 40.2858 44.3683 40.161
threshold=0.14387471358857365 -0.068523979602365157 1.5728684440039327 0.048797400514537521 9.4724639200166987 -0.00011776364936544324 0.049620100755387482 1.4387000380311317 1.549331204114043 32.82044709332574 -0.03505750657399264 0.013825891519516633 0.12292881761626796 0.010654070918403322
decision_type=2 2 2 2 2 2 2 2 2 2 2 2 2 2
left_child=2 -2 3 7 5 8 -6 9 -5 -1 -11 12 -8 -9
right_child=1 -3 -4 4 6 -7 11 13 -10 10 -12 -13 -14 -15
leaf_value=0.0031476111893102916 -0.017410528671721597 -5.9601028114473796e-05 0.0057584591590712246 -0.0019736758755501162 0.0020966602735775241 0.0080066264389071513 -0.00058409781949722702 -0.020110366778110983 0.020273186074952123 -0.0090313909734883527 -0.00067518371398318821 0.0037965867632251001 -0.014548690173105231 -0.0039878348118166321
leaf_weight=2692.7495700120926 254.54517495632172 454.26427997648716 913.05246014893055 1535.9210912585258 1756.2781236618757 2277.4968046844006 307.55554854869843 195.3331097215414 88.854940235614777 609.23338478803635 14848.520997390151 243.96752068400383 611.71144415438175 475.59326331317425
leaf_count=10860 1100 1943 3707 6252 7139 9208 1285 788 362 2512 60194 983 2628 1926
internal_value=1.48859e-05 -0.00632206 0.000184488 -1.44127e-05 0.00184186 0.00436897 -0.00153659 -0.00068734 -0.000733622 -0.000389208 -0.00100565 -0.00701633 -0.00988802 -0.00872756
internal_weight=27265.1 708.809 26556.3 25643.2 6821.79 3902.27 2919.51 18821.4 1624.78 18150.5 15457.8 1163.23 919.267 670.926
internal_count=110887 3043 107844 104137 27857 15822 12035 76280 6614 73566 62706 4896 3913 2714
is_linear=0
shrinkage=0.03


Tree=71
num_leaves=15
num_cat=0
split_feature=13 18 18 7 7 5 1 3 18 6 10 10 12 12
split_gain=33.1654 44.3077 43.43 51.7939 51.2641 42.8372 39.5756 43.8393 42.2987 38.3412 42.1307 54.3781 39.7713 34.8429
threshold=0.1548791467527291 7.9137693744205411 8.8677899733295096 0.3849997292569724 1.1940205636096046 0.038500577965617684 0.012466427594694187 -0.33459809896203513 9.4989358639893755 0.029214483297212188 1.0899190094808777 1.6596830823990225 -0.28973186479837965 -0.10518317704438938
decision_type=2 2 2 2 2 2 2 2 2 2 2 2 2 2
left_child=1 -1 5 -4 9 -2 7 8 -3 -5 12 -12 -11 -9
right_child=2 6 3 4 -6 -7 -8 13 -10 10 11 -13 -14 -15
leaf_value=-0.025546540492362893 -0.0016504519938053683 0.0027185649228124442 0.011666209253980165 -0.0030927119334055483 0.0021522752921776128 0.0098394815673604006 0.0039185221165591918 -0.0017401859991334832 0.034150436073186886 -0.019567547635586744 -0.025678263358145836 0.0047458310750342928 0.00096711410028202513 0.001197850566128435
leaf_weight=55.849733367562294 608.67105443775654 93.400275975465775 229.02473773062229 5506.3238424062729 1539.3943744599819 558.49944138526917 2963.2925250828266 6278.913157582283 64.054015204310417 112.72549779713154 235.41958537697792 67.29876497387886 325.71040660142899 8614.4759757220745
leaf_count=229 2473 389 923 22641 6354 2253 11981 25442 265 491 1035 291 1394 34692
internal_value=-7.93729e-05 0.000666674 -0.00154723 -0.0023346 -0.00274928 0.00385499 0.00075077 0.000126648 0.0157733 -0.00395733 -0.0103553 -0.0189278 -0.0043774 -4.08654e-05
internal_weight=27253.1 18070 9183.07 8015.9 7786.87 1167.17 18014.1 15050.8 157.454 6247.48 741.154 302.718 438.436 14893.4
internal_count=110853 72998 37855 33129 32206 4726 72769 60788 654 25852 3211 1326 1885 60134
is_linear=0
shrinkage=0.03


Tree=72
num_leaves=15
num_cat=0
split_feature=2 11 15 18 15 10 15 15 15 14 15 7 2 12
split_gain=35.5486 48.1952 43.8603 42.5498 90.8524 42.5318 42.3768 58.1623 50.6042 44.5145 54.8632 44.1863 49.4909 54.0447
threshold=-0.011960524266493076 51.609369953586857 0.015471462215651767 9.2519022163565463 -0.013443614575673111 0.88996855825821541 -0.012545512034119353 -0.025240476479265524 0.0030832101336715216 0.14387471358857365 0.024369688748671074 1.4137115745123319 0.026449985220000197 -0.23667837502684611
decision_type=2 2 2 2 2 2 2 2 2 2 2 2 2 2
left_child=2 -2 3 5 -5 -1 7 -3 11 -10 -11 12 -8 -14
right_child=1 6 -4 4 -6 -7 8 -9 9 10 -12 -13 13 -15
leaf_value=0.0020229259028263172 -0.0033497939723356623 -0.010543917770089561 -0.005663506201148109 -0.0035574495473098626 0.0051213633467565786 -0.0045474918021484369 -7.5477832449972814e-05 0.0083010970530862354 0.0023795932824409935 -0.015101360042302274 0.0087667310852192534 0.0070575909505253068 -0.024964861340295245 -0.0053020837308133282
leaf_weight=2116.6552258729935 4855.2191997021437 170.58846898376942 743.28112490475178 1369.5703893452883 5210.7982101142406 1522.9377784729004 2077.9141414910555 1016.1332031488419 4978.3489277809858 284.88066898286343 122.64611786603928 388.60934680700302 131.43026891350746 2266.7929363697767
leaf_count=8577 19773 730 3017 5559 21053 6149 8411 4114 20191 1243 494 1596 571 9399
internal_value=4.25525e-05 -0.000846159 0.00136319 0.00187524 0.00331451 -0.000727363 0.000217049 0.00557899 -0.000404674 0.00159834 -0.00791047 -0.002622 -0.00346514 -0.00639957
internal_weight=27255.8 16292.6 10963.2 10220 6580.37 3639.59 11437.3 1186.72 10250.6 5385.88 407.527 4864.75 4476.14 2398.22
internal_count=110877 66522 44355 41338 26612 14726 46749 4844 41905 21928 1737 19977 18381 9970
is_linear=0
shrinkage=0.03


Tree=73
num_leaves=15
num_cat=0
split_feature=2 18 6 3 12 15 15 15 15 1 11 15 6 17
split_gain=31.9465 45.8505 65.1603 62.1423 57.9614 47.078 62.8519 50.5701 56.9306 45.0563 44.4853 42.4279 40.0265 39.5586
threshold=-0.011960524266493076 9.049864141919242 0.017739009292460202 -0.070394460921223687 -0.16768601756996657 -0.00011776364936544324 -0.012545512034119353 -0.025240476479265524 -0.018734256176159644 -0.0010982171886482204 55.733230087495023 0.013825891519516633 0.02955971815635167 -0.25660481229257054
decision_type=2 2 2 2 2 2 2 2 2 2 2 2 2 2
left_child=11 -2 4 -4 -3 6 7 13 -9 -8 -10 -1 -13 -6
right_child=1 2 3 -5 5 -7 9 8 10 -11 -12 12 -14 -15
leaf_value=0.0018700175762827063 0.0026920053514790784 0.009461212660689073 -0.015347085493838517 -0.0035320547353449635 -0.027752224328084392 0.00086983998034557595 -0.010177007261270363 0.017734141158988182 -0.0067448604924913412 -0.0027278061161754882 0.0074250723232737181 -0.0026943772274869711 -0.022852132730791782 0.00093461352708873967
leaf_weight=10048.24929022789 2826.364669084549 507.1369316726923 478.14484129846096 2433.5231853723526 79.306863352656364 5732.799063757062 1170.0263610035181 240.46742305159569 356.2003166526556 1946.7666031271219 447.84253057837486 788.92121008038521 98.001426964998245 92.192993938922882
leaf_count=40645 11454 2059 2037 10278 354 23121 4775 965 1432 7938 1807 3185 414 389
internal_value=6.01175e-05 -0.00078097 -0.0015092 -0.00548148 -0.000414434 -0.000913781 -0.00327303 0.00250872 0.00499188 -0.00552893 0.00114647 0.00131459 -0.00496813 -0.0124981
internal_weight=27245.9 16310.8 13484.4 2911.67 10572.7 10065.6 4332.8 1216.01 1044.51 3116.79 804.043 10935.2 886.923 171.5
internal_count=110853 66609 55155 12315 42840 40781 17660 4947 4204 12713 3239 44244 3599 743
is_linear=0
shrinkage=0.03


Tree=74
num_leaves=15
num_cat=0
split_feature=14 7 6 15 6 13 18 18 13 12 15 15 3 12
split_gain=33.7347 33.6405 70.0798 60.669 43.1723 42.7014 42.6701 35.9615 31.0589 30.7839 30.6398 39.9199 35.2477 29.8012
threshold=0.19559172626778534 0.8298178651107414 0.023242488687586615 -0.025240476479265524 0.0063372506252343799 0.081527206402140631 9.8166198341012834 8.5515386892438254 0.65067732012706347 -0.023407890650292581 0.0030832101336715216 -0.013162407084583714 0.01415164388325363 -0.18403081254929474
decision_type=2 2 2 2 2 2 2 2 2 2 2 2 2 2
left_child=1 2 3 -1 5 6 10 -4 -9 -7 11 -5 -12 -6
right_child=-2 -3 7 4 13 9 -8 8 -10 -11 12 -13 -14 -15
leaf_value=-0.020109575748344589 -0.0099932688475601588 0.00099399687635082332 0.0074226288911161059 0.018924959225797233 0.0032100631842131777 0.026406606760380019 0.022696670124943405 -0.010564121845731739 0.0054088150167053038 0.0077349409243778026 0.012644860982570442 -0.0084005834731871575 -0.010604045509285707 -0.0015216203730007386
leaf_weight=134.97373400628567 300.4573450833559 15486.801633223891 130.6362584233284 52.400187373161316 1430.9717839956284 117.04400935769081 76.434001550078392 1134.8769987970591 120.02846077084541 247.22898334264755 231.27684351801872 420.25769577920437 76.726328805088997 7304.5585952103138
leaf_count=581 1298 62959 534 210 5830 470 307 4777 511 993 928 1695 308 29549
internal_value=-2.99226e-05 8.183e-05 -0.00114894 -0.000279735 -6.94073e-06 0.00527131 0.00160336 -0.00747046 -0.00903018 0.0138457 -0.000514596 -0.00530422 0.0068223 -0.000745963
internal_weight=27264.7 26964.2 11477.4 10091.9 9956.9 1221.37 857.095 1385.54 1254.91 364.273 780.661 472.658 308.003 8735.53
internal_count=110950 109652 46693 40871 40290 4911 3448 5822 5288 1463 3141 1905 1236 35379
is_linear=0
shrinkage=0.03


Tree=75
num_leaves=15
num_cat=0
split_feature=14 15 15 15 1 12 15 15 15 15 15 2 3 13
split_gain=40.303 73.3163 77.7231 67.1159 53.3053 49.846 45.9774 70.3037 45.7026 38.4356 37.8522 32.6576 33.6183 31.6163
threshold=1.0000000180025095e-35 0.017368210866132831 0.039842445997570593 0.011542245002382769 -0.013093294774951135 -0.058031242686420119 -0.012545512034119353 -0.029140330631812535 -0.012213151955966948 0.02295819499303731 -0.0019412317571192437 0.027649622997430349 -0.081868714804872664 0.026592817087105706
decision_type=2 2 2 2 2 2 2 2 2 2 2 2 2 2
left_child=1 5 9 4 -2 -1 7 -6 -8 -3 -7 13 -13 -10
right_child=3 2 -4 -5 6 10 8 -9 11 -11 -12 12 -14 -15
leaf_value=0.00097773173397655111 -0.0073764888043056772 -0.0027576606426862995 0.01048867921065565 0.0036551371693451262 -0.021589976158864203 -3.8470724920052713e-05 -0.029902060650656193 0.0046963682386118822 -0.0097732546611290407 -0.01320678718053611 0.0081524670476541897 -0.015998585188812971 -0.0033076234754081555 0.0007862938243926135
leaf_weight=10231.740409001708 1493.6316405087709 626.32548096776009 240.30608481168747 2174.0984250158072 95.163555353879929 719.14942239224911 51.476301848888397 1598.0348008424044 274.07237729430199 641.90683268010616 1725.3659533709288 195.78706333041191 3817.8689328730106 3371.683687210083
leaf_count=41439 6197 2536 966 8818 431 2896 210 6471 1119 2611 6928 835 15831 13638
internal_value=4.62157e-05 0.00115355 -0.00509433 -0.0011554 -0.00211559 0.00189777 -0.00127863 0.00319526 -0.0022616 -0.00805888 0.00574472 -0.00206808 -0.00393435 -1.24512e-05
internal_weight=27256.6 14184.8 1508.54 13071.8 10897.7 12676.3 9404.09 1693.2 7710.89 1268.23 2444.52 7659.41 4013.66 3645.76
internal_count=110926 57376 6113 53550 44732 51263 38535 6902 31633 5147 9824 31423 16666 14757
is_linear=0
shrinkage=0.03


Tree=76
num_leaves=15
num_cat=0
split_feature=2 6 7 12 3 18 5 6 13 6 13 18 10 18
split_gain=32.0553 66.6323 70.0077 51.0982 34.4743 47.4662 44.216 40.1435 39.6054 52.0444 36.8684 32.2294 39.7808 34.5207
threshold=-0.15662576809619463 0.030682095091406219 1.4015721581983469 -0.26101685571033179 0.048797400514537521 9.3719809697604237 0.049620100755387482 0.0092181889231778575 0.49809344557852436 0.020997603844779503 0.1564068167730164 9.7257115745960458 0.62266278153078691 9.0860335793282569
decision_type=2 2 2 2 2 2 2 2 2 2 2 2 2 2
left_child=-1 4 -3 -4 10 -6 7 -7 9 -8 -2 13 -13 -12
right_child=1 2 3 -5 5 6 8 -9 -10 -11 11 12 -14 -15
leaf_value=0.0066434867341530653 0.00016211542305119515 -0.0094646787659087347 0.025093027166292945 -0.0021830473642213679 0.0047090114039268979 -0.0039140626442844169 -0.0048932933418858078 0.0051969064076603962 -0.014324456880303545 0.0091050115546225385 -0.00017635370108384248 0.021412040281681435 -0.00061678573841555397 -0.0081592938945434582
leaf_weight=646.92902247607708 15127.878716289997 1187.3174643963575 93.6481893658638 173.9415732473135 3233.3116655796766 605.31549496948719 1094.0441794544458 1536.1704276204109 271.76682938635349 303.76647637784481 744.18209704756737 80.17543488740921 721.13215033710003 1412.0833360254765
leaf_count=2661 61097 5031 382 719 13091 2442 4562 6236 1214 1290 3030 334 2972 5787
internal_value=5.5755e-05 -0.000105043 -0.00634254 0.00747808 0.000256557 0.00203664 -0.000231877 0.00262034 -0.00388903 -0.00184258 -0.000436944 -0.00349915 0.00163515 -0.00540689
internal_weight=27231.7 26584.7 1454.91 267.59 25129.8 7044.38 3811.06 2141.49 1669.58 1397.81 18085.5 2957.57 801.308 2156.27
internal_count=110848 108187 6132 1101 102055 28835 15744 8678 7066 5852 73220 12123 3306 8817
is_linear=0
shrinkage=0.03


Tree=77
num_leaves=15
num_cat=0
split_feature=1 18 18 5 15 6 6 14 15 2 4 2 13 15
split_gain=25.8788 35.9995 34.3985 32.7163 35.6675 51.0267 34.4165 34.3183 41.4361 31.488 28.5735 27.6438 61.7209 55.3429
threshold=-0.017558897574864171 7.9137693744205411 8.1756030975208382 -0.16157594545451018 -0.022167203451169733 0.029214483297212188 0.015659542026534433 -0.0053685253297590654 0.009376401826134197 -0.1669554793507044 -0.041902007256590594 -0.023844455912084058 0.022950326313511685 -0.019690559660491488
decision_type=2 2 2 2 2 2 2 2 2 2 2 2 2 2
left_child=2 -2 -1 -4 6 7 -5 -6 -9 -7 -11 13 -13 -3
right_child=1 11 3 4 5 9 -8 8 -10 10 -12 12 -14 -15
leaf_value=0.0173717873146794 -0.019607894985146045 -0.008577984455829149 0.011596338285440563 -0.013131786303086831 0.0003116053931001257 0.0027720924943485511 0.015037199109062717 -0.008869956140274405 0.0060793624078278432 -0.019054760196662798 -0.0062880239970986322 -0.0064179522509354428 0.00048525355995898619 0.0031788365770552439
leaf_weight=79.400045767426491 77.77555325627327 384.58785700798035 145.41337975859642 48.433019205927849 2262.1358862668276 135.20828229188919 174.64889246225357 905.72313603758812 202.95974707603455 339.83572700619698 298.37943902611732 1257.8395947813988 15591.581144019961 5325.2802350372076
leaf_count=322 317 1566 606 201 9137 555 709 3745 828 1419 1279 5115 63550 21506
internal_value=9.29455e-05 0.000509536 -0.00195998 -0.00230766 -0.0027757 -0.00340597 0.00885913 -0.00180855 -0.00612726 -0.0103454 -0.0131243 0.000580625 -3.07837e-05 0.00238423
internal_weight=27229.2 22637.1 4592.14 4512.74 4367.32 4144.24 223.082 3370.82 1108.68 773.423 638.215 22559.3 16849.4 5709.87
internal_count=110855 92054 18801 18479 17873 16963 910 13710 4573 3253 2698 91737 68665 23072
is_linear=0
shrinkage=0.03


Tree=78
num_leaves=15
num_cat=0
split_feature=11 3 15 10 10 18 15 10 15 14 5 12 12 6
split_gain=27.4378 50.4778 148.869 64.9699 53.85 55.2648 48.0753 63.1425 46.1834 46.1051 45.9425 44.0439 39.1786 46.6161
threshold=32.82044709332574 -0.07840392483014734 -0.00011776364936544324 0.73473033646953423 0.74074659414586375 10.399966969534722 -0.00011776364936544324 2.2065564219004568 -0.0082538746597311512 0.19559172626778534 -0.048419721341913906 -0.32675327102718776 -0.40111575380832071 0.029923487048819208
decision_type=2 2 2 2 2 2 2 2 2 2 2 2 2 2
left_child=8 2 10 -4 5 -3 7 -6 -1 11 -2 -8 -5 -14
right_child=1 4 3 12 6 -7 9 -9 -10 -11 -12 -13 13 -15
leaf_value=-0.0021308351789483438 0.0076143178091382015 0.0031495170427785256 -0.017183029309482199 0.020440671526829983 -0.0023604477488519222 0.026558506248246037 0.02800309253763255 0.019426597338677142 0.0054471426119066758 -0.012809335774008638 -0.0026280650006038917 0.0012755305448332935 -0.0036595149475205234 -0.020941827522580097
leaf_weight=1123.3700290024281 869.05037453770638 3255.8242019861937 653.10931117832661 49.210080936551094 8006.9859700798988 91.423771992325783 53.836643368005753 119.55493685603142 2028.4993749707937 207.07706597447395 718.45253758132458 9071.2715544849634 870.6204139739275 165.81271979212761
leaf_count=4541 3526 13178 2789 204 32701 371 222 497 8192 900 2934 36790 3539 700
internal_value=0.00011511 -0.000228785 -0.00365916 -0.00971859 0.000319929 0.00380437 -0.000348479 -0.00203522 0.00274661 0.00112047 0.00298147 0.00143932 -0.00520474 -0.00645942
internal_weight=27284.1 24132.2 3326.26 1738.75 20806 3347.25 17458.7 8126.54 3151.87 9332.19 1587.5 9125.11 1085.64 1036.43
internal_count=111084 98351 13692 7232 84659 13549 71110 33198 12733 37912 6460 37012 4443 4239
is_linear=0
shrinkage=0.03


Tree=79
num_leaves=15
num_cat=0
split_feature=14 3 18 2 11 3 18 10 15 15 15 15 15 14
split_gain=30.9637 33.1804 51.4605 42.0043 49.1745 41.0998 40.6704 45.2684 41.3774 39.698 51.7627 55.0119 37.235 36.9381
threshold=0.16392537094180185 0.048797400514537521 9.357903892920147 -0.013375640551776423 51.160819961664451 0.20483658943038144 9.3035158088321754 0.9308818430286846 -0.014667995885654593 -0.012736402640715737 -0.022167203451169733 -0.016925524266135025 0.018494200671836939 -0.06128717769644431
decision_type=2 2 2 2 2 2 2 2 2 2 2 2 2 2
left_child=1 3 13 6 -5 -4 7 -1 -8 10 -6 -12 -10 -3
right_child=-2 2 5 4 9 -7 8 -9 12 -11 11 -13 -14 -15
leaf_value=0.00089236452383962997 -0.0075081221781114751 -0.010246834744213651 0.00065321535254141041 -0.0045312034354091524 -0.0089557731432878505 -0.0085970121501151263 -0.0035330045185255742 -0.0059142735907150154 0.0043156164775839936 -0.0011274276510473474 0.023995139230083073 0.0040207178525975829 -0.007121074708411718 0.0053137549551509032
leaf_weight=2497.1837124973536 495.88304653763771 141.9406840801239 3523.088920250535 3981.2704506218433 154.12808682024479 490.72230526804924 855.89471973478794 1354.9997814744711 4345.363699272275 5530.324143499136 183.03391087055206 379.99037006497383 270.48253352940083 3058.2194710224867
leaf_count=10128 2146 579 14445 16232 662 2129 3469 5470 17553 22463 737 1528 1103 12379
internal_value=-9.53309e-05 4.25504e-05 0.00178119 -0.000599039 -0.00192642 -0.000481421 0.000857261 -0.00150369 0.00251934 -0.000265583 0.00636519 0.0105762 0.00364265 0.00461761
internal_weight=27262.5 26766.6 7213.97 19552.7 10228.7 4013.81 9323.92 3852.18 5471.74 6247.48 717.152 563.024 4615.85 3200.16
internal_count=111023 108877 29532 79345 41622 16574 37723 15598 22125 25390 2927 2265 18656 12958
is_linear=0
shrinkage=0.03


Tree=80
num_leaves=15
num_cat=0
split_feature=7 6 10 15 15 15 15 14 10 15 15 18 1 10
split_gain=28.2681 52.5809 49.0048 39.9542 59.6487 39.9482 40.725 34.533 44.8511 69.8494 52.2041 35.9719 34.3179 30.066
threshold=0.77279920698142524 0.0080163488418744811 0.51795477833883041 0.018494200671836939 0.0034516100052348624 -0.0091448297424610008 -0.0081709667943581348 0.10288725778420284 1.4096501483059325 -0.0026671606826411671 0.00069594823611529588 9.1750409832582687 0.047351081546513914 0.80337006854790427
decision_type=2 2 2 2 2 2 2 2 2 2 2 2 2 2
left_child=1 2 -1 4 5 -4 -7 13 10 -10 12 -11 -9 -2
right_child=7 -3 3 -5 -6 6 -8 8 9 11 -12 -13 -14 -15
leaf_value=0.030245690829588254 0.0037841181678616486 -0.002774820474969433 0.0072163244609935581 -0.013330832801212535 0.00880277162467589 -0.025745150990186899 -0.0024298385789756636 -0.026407831430936352 0.018494705376400807 0.011878357591923943 -0.0033832358589476466 -0.0099490175972370698 0.0020104958070456362 0.00043094007326401849
leaf_weight=53.141594469547272 2915.5050365328789 6733.2916880995035 387.51232886314392 148.63933928310871 877.07147914171219 70.184128731489182 1034.0673100054264 185.72295540571213 165.52560023963451 87.140139192342758 482.51413267850876 285.59747529029846 47.689553841948509 13746.929394200444
leaf_count=214 11832 27526 1569 599 3520 284 4174 831 692 352 2040 1261 204 55750
internal_value=-4.01139e-05 -0.00138152 0.0022673 0.00165316 0.00260383 -0.0010477 -0.00395558 0.000656542 -0.00414015 0.00239858 -0.00904923 -0.00480996 -0.0206338 0.00101805
internal_weight=27220.5 9303.91 2570.62 2517.47 2368.84 1491.76 1104.25 17916.6 1254.19 538.263 715.927 372.738 233.413 16662.4
internal_count=110848 37886 10360 10146 9547 6027 4458 72962 5380 2305 3075 1613 1035 67582
is_linear=0
shrinkage=0.03


Tree=81
num_leaves=15
num_cat=0
split_feature=18 18 6 7 6 15 12 6 15 15 13 13 7 14
split_gain=28.1782 35.1005 32.5625 27.5513 75.1933 62.8478 38.8586 46.9058 39.3113 50.5508 31.7818 30.458 48.7642 36.1129
threshold=7.9137693744205411 8.1756030975208382 0.021320124731479314 0.8298178651107414 0.017342378734798488 -0.025240476479265524 -0.17519924427459807 0.0062748885349874304 -0.012736402640715737 -0.0013613064800135353 0.18007456102589295 0.76874710607898333 0.47447318670907318 -0.00090046820969558173
decision_type=2 2 2 2 2 2 2 2 2 2 2 2 2 2
left_child=2 -2 -1 4 5 -3 10 8 -8 -10 -7 13 -13 -6
right_child=1 3 -4 -5 11 6 7 -9 9 -11 -12 12 -14 -15
leaf_value=-0.030892041409579504 0.012025617884727707 -0.022101543042310334 0.002301434717619085 0.00080683098448275739 -0.0032399064312406845 0.0082659810765589661 0.024489556071655802 -0.0010969189298026213 -0.0057112221549360494 0.0083591188044215541 -0.013973795042024791 0.030543154187718826 -0.0059033134252014325 -0.010186181018517563
leaf_weight=54.809543579816818 217.76776741445065 108.91832458972931 49.528846606612206 15567.134850889444 1792.4321347028017 797.32782742381096 88.531743511557579 6229.4599985778332 335.84837998449802 718.08510535955429 60.549820706248283 52.889997869729996 81.702444493770599 1080.0618688166142
leaf_count=224 880 478 202 63415 7393 3213 355 25156 1357 2885 248 217 352 4558
internal_value=2.45174e-05 8.49217e-05 -0.0153884 -1.25836e-05 -0.00113681 0.000330083 0.000632255 -7.16816e-05 0.00551072 0.00387311 0.00666743 -0.00520207 0.00865635 -0.00585699
internal_weight=27235 27130.7 104.338 26912.9 11345.8 8338.72 8229.8 7371.93 1142.47 1053.93 857.878 3007.09 134.592 2872.49
internal_count=110933 110507 426 109627 46212 33692 33214 29753 4597 4242 3461 12520 569 11951
is_linear=0
shrinkage=0.03


Tree=82
num_leaves=15
num_cat=0
split_feature=14 15 4 2 3 7 4 7 5 6 3 13 18 18
split_gain=31.4333 47.8864 40.4593 35.7167 29.7895 29.6609 29.0204 28.6724 27.2294 30.0161 26.5741 46.9038 36.3504 54.7434
threshold=0.077084174210933623 0.024369688748671074 0.032169297879813159 0.18766460077501604 0.087799124194644543 1.5048544429041739 0.0057015695345872261 1.033839795416591 -0.021392710186743265 0.012936721653304962 0.048797400514537521 0.1548791467527291 10.109011406589619 10.399966969534722
decision_type=2 2 2 2 2 2 2 2 2 2 2 2 2 2
left_child=5 2 -2 -4 7 10 8 -3 -7 -10 11 -1 -12 -14
right_child=1 4 3 -5 -6 6 -8 -9 9 -11 12 -13 13 -15
leaf_value=0.00019948315091539455 -0.011960286947938664 0.0086446305575258123 -0.00010346191660299671 -0.011849754970894849 0.017971560096360899 0.0057200586783340791 0.01238924923064429 -0.016860713452751679 -0.019138469795460931 0.0032679705389384987 0.0026084516838256462 -0.0038945557659560387 -0.017348852240466863 0.0023039785530358085
leaf_weight=15111.584041893482 548.54709309339523 104.76294434070587 1181.2951127290726 288.22395493090153 137.12082140147686 472.19333818554878 342.25138331949711 61.127114340662956 98.362543821334839 114.94276195764542 5247.0615365207195 3020.1774790883064 212.09190255403519 314.62620458006859
leaf_count=61111 2365 423 5059 1268 552 1920 1377 246 395 462 21290 12397 873 1288
internal_value=-1.45501e-05 -0.00335221 -0.00502271 -0.00242029 0.00773342 0.000296401 0.00528168 -0.000842468 0.00170734 -0.00714622 8.16496e-05 -0.000482808 0.00185381 -0.00564526
internal_weight=27254.4 2321.08 2018.07 1469.52 303.011 24933.3 1027.75 165.89 685.499 213.305 23905.5 18131.8 5773.78 526.718
internal_count=111026 9913 8692 6327 1221 101113 4154 669 2777 857 96959 73508 23451 2161
is_linear=0
shrinkage=0.03


Tree=83
num_leaves=15
num_cat=0
split_feature=2 3 18 10 13 7 10 6 18 18 13 4 3 12
split_gain=30.1955 50.4542 44.2557 41.6951 38.352 37.3511 37.1485 37.0686 74.7872 41.697 35.47 39.7783 32.3911 32.3018
threshold=-0.011960524266493076 -0.034603600948228667 9.0170384662172953 0.55531275430434979 0.020181060446070268 0.58361856961185399 1.2779696965575271 0.015908571719187949 9.4945106580258436 9.0748187521522237 0.31299164784337069 0.0054780032623038552 -0.14581776702059865 -0.087066657314797555
decision_type=2 2 2 2 2 2 2 2 2 2 2 2 2 2
left_child=-1 3 6 -2 5 -5 -3 8 -6 12 11 -4 -9 -10
right_child=1 2 10 4 7 -7 -8 9 13 -11 -12 -13 -14 -15
leaf_value=0.0011932957720799807 -0.019436134392626984 0.0024207581764253941 -0.0024991326346377727 0.0098837284800594571 -0.0044640371843305982 -0.017089256879265997 0.014321466808049035 0.017755677840240541 0.0061901412036175045 -0.010354726774520545 -0.0047031360731769542 0.0014379968557625498 -0.0030488323756402897 0.024458413173741495
leaf_weight=10921.409593328834 156.37284226715565 1675.990027114749 3752.9015165418386 53.449517950415611 776.07800759375095 292.30984883010387 273.03833831846714 87.757596671581268 369.03576093912125 730.5378864556551 1759.5103183537722 5998.0911321491003 268.16449861228466 112.97623881697655
leaf_count=44224 702 6767 15178 217 3147 1202 1101 363 1490 3068 7537 24382 1099 456
internal_value=-2.73236e-05 -0.000844904 -7.72235e-05 -0.00447201 -0.00358843 -0.0128868 0.00410089 -0.00220736 0.00129795 -0.00626133 -0.000785277 -7.75029e-05 0.00215136 0.0105553
internal_weight=27227.6 16306.2 13459.5 2846.68 2690.31 345.759 1949.03 2344.55 1258.09 1086.46 11510.5 9750.99 355.922 482.012
internal_count=110933 66709 54965 11744 11042 1419 7868 9623 5093 4530 47097 39560 1462 1946
is_linear=0
shrinkage=0.03


Tree=84
num_leaves=15
num_cat=0
split_feature=7 6 15 6 15 15 13 6 15 6 1 7 3 15
split_gain=29.5241 69.615 91.0102 69.4477 55.1323 62.5101 52.0137 51.464 44.9868 37.0597 35.7689 34.8888 58.0011 33.4488
threshold=1.148162654496633 0.016278866770798411 0.0043571841365266381 0.028256966140186076 -0.01812390067702507 -0.025240476479265524 1.2562105650091282 0.010586296618234634 -0.029140330631812535 0.032888799549851987 0.020205226561667903 1.2056739551858682 -0.099417492071456989 -0.029140330631812535
decision_type=2 2 2 2 2 2 2 2 2 2 2 2 2 2
left_child=3 4 13 6 5 -2 8 -7 -1 -4 11 -6 -13 -3
right_child=1 2 9 -5 10 7 -8 -9 -10 -11 -12 12 -14 -15
leaf_value=-0.018878992690726255 -0.005835544088662251 0.030453033082371937 0.00071371234774878444 -0.0064074322613642517 0.0031143495110060536 0.033838376803424219 0.027010783398398835 -0.00089707975755542546 4.5766633503182003e-05 -0.014929661626621564 0.005746765916640615 0.014362440909310959 -0.0064549860705922849 0.0087211350523785282
leaf_weight=111.71099971234798 111.55622446537018 64.687322482466698 695.91089384257793 1635.2697332054377 581.05435314774513 118.31462566554546 62.067815586924553 56.227417349815369 19420.650630146265 167.44300344586372 449.63640090823174 126.4426029920578 1967.4691473841667 1669.8531575202942
leaf_count=496 469 265 2869 6944 2346 475 251 226 78829 695 1820 509 7941 6849
internal_value=5.36392e-05 0.00190982 0.00560779 -0.000471842 -0.00090852 0.01165 2.41208e-05 0.0227652 -6.43911e-05 -0.00234773 -0.00206514 -0.00338156 -0.0051854 0.00956574
internal_weight=27238.3 6008.6 2597.89 21229.7 3410.7 286.098 19594.4 174.542 19532.4 863.354 3124.6 2674.97 2093.91 1734.54
internal_count=110984 24464 10678 86520 13786 1170 79576 701 79325 3564 12616 10796 8450 7114
is_linear=0
shrinkage=0.03


Tree=85
num_leaves=15
num_cat=0
split_feature=5 6 15 7 12 12 13 7 15 13 14 15 12 15
split_gain=28.6848 35.2023 94.5897 56.6818 37.6073 36.0667 47.5961 40.388 42.3901 33.0363 28.9421 77.8266 52.7276 52.2818
threshold=-0.16157594545451018 0.030682095091406219 -0.025240476479265524 1.5728684440039327 -0.31327608886177638 -0.27495246370191678 0.60461775276434671 1.1056779852884391 -0.00036133414801176039 0.16397281749863493 1.0000000180025095e-35 0.016597698005428544 -0.32675327102718776 0.02295819499303731
decision_type=2 2 2 2 2 2 2 2 2 2 2 2 2 2
left_child=-1 10 -3 5 -5 7 -7 8 -4 -9 13 12 -12 -2
right_child=1 2 3 4 -6 6 -8 9 -10 -11 11 -13 -14 -15
leaf_value=0.01091199509280737 0.0017202535435069267 0.021676314497741513 0.0011021238791596468 0.030849346114632206 0.00086024014474433974 -0.016374328895317918 9.2992280163187903e-05 0.01963250568709364 -0.01885260762499966 -0.0084806993482117871 -0.019343236299335299 0.005845987748383275 -0.0014202872725770103 -0.0059431656417924302
leaf_weight=213.93335722386837 12027.122366130352 115.77997998893261 219.69827273488045 50.703775569796562 132.04728810489178 622.2593429684639 211.45302037894726 108.21878871321678 167.62496818602085 55.702308535575867 147.77673341333866 1397.5003177672625 10888.03722256422 856.44419598579407
leaf_count=895 48536 469 908 208 547 2639 923 443 736 233 638 5634 44622 3471
internal_value=2.12399e-05 -6.58532e-05 -0.00426391 -0.00620485 0.00942452 -0.00827783 -0.0122075 -0.00231185 -0.00758633 0.0100922 0.000213618 -0.000818852 -0.00166375 0.00120998
internal_weight=27214.3 27000.4 1683.49 1567.71 182.751 1384.96 833.712 551.244 387.323 163.921 25316.9 12433.3 11035.8 12883.6
internal_count=110902 110007 7106 6637 755 5882 3562 2320 1644 676 102901 50894 45260 52007
is_linear=0
shrinkage=0.03


Tree=86
num_leaves=15
num_cat=0
split_feature=7 10 15 3 15 18 12 15 18 18 13 15 18 10
split_gain=28.9776 35.562 43.4831 47.3942 35.0237 36.5947 29.5136 28.2078 27.3532 59.3918 25.0877 38.7764 33.1315 76.8997
threshold=0.36667273658520655 0.53209133883043935 1.0000000180025095e-35 -0.059099647618768174 0.008433197589647003 9.6654966895489789 -0.40111575380832071 -0.0048020152361112336 9.0623471328277763 9.4901534946076556 0.46885633674793786 0.014856355070789641 9.3444224310798862 1.549331204114043
decision_type=2 2 2 2 2 2 2 2 2 2 2 2 2 2
left_child=4 2 7 -4 5 -1 8 -2 -3 -10 -8 12 13 -12
right_child=1 6 3 -5 -6 -7 10 -9 9 -11 11 -13 -14 -15
leaf_value=0.0050417045728969661 -0.0050070223279682158 0.019321418923807492 -0.024298353270898521 -0.0013748731485700226 -0.011211759186100644 0.027958016383915093 0.00017254197572135442 0.017282313007044008 -0.012768187287165106 0.014578915071397325 -0.008000629273114639 0.0087672933349518933 -0.010927486815912265 0.019863077883889586
leaf_weight=171.93543614447117 147.55156880617142 129.61692406237125 187.43636862933636 142.47348423302174 62.149939715862274 97.772868007421494 24718.55368578434 75.686067044734955 123.8800486177206 163.47910650074482 312.03195811808109 174.97042791545391 609.21292436122894 122.47893553972244
leaf_count=693 605 534 854 580 251 394 100369 309 514 676 1299 719 2734 497
internal_value=4.35196e-05 -6.5465e-05 -0.00757968 -0.0144667 0.00882755 0.0134938 9.28136e-05 0.00263627 0.00799156 0.00278286 -3.47757e-05 -0.00423316 -0.00642516 -9.1449e-05
internal_weight=27239.2 26907.4 553.147 329.91 331.858 269.708 26354.2 223.238 416.976 287.359 25937.2 1218.69 1043.72 434.511
internal_count=111028 109690 2348 1434 1338 1087 107342 914 1724 1190 105618 5249 4530 1796
is_linear=0
shrinkage=0.03


Tree=87
num_leaves=15
num_cat=0
split_feature=14 12 15 15 10 1 10 15 5 5 13 15 15 10
split_gain=24.4803 40.2404 33.4273 37.3681 43.9427 26.4894 26.3988 24.8626 68.6169 51.6636 72.6745 50.2369 71.3536 55.4756
threshold=0.14387471358857365 -0.065630794547730006 0.02295819499303731 -0.0026671606826411671 1.5727626004412234 0.020205226561667903 1.1498228429959745 0.0050153993023482899 -0.10110318391656202 -0.054340756212313372 0.013287201234842285 -0.00011776364936544324 -0.0086140111370172062 0.77492911267359932
decision_type=2 2 2 2 2 2 2 2 2 2 2 2 2 2
left_child=5 -2 3 4 -3 7 -5 9 -9 11 -11 12 -1 -13
right_child=1 2 -4 6 -6 -7 -8 8 -10 10 -12 13 -14 -15
leaf_value=0.00017843100031650954 -0.014869419560909779 -0.01139524836804561 0.021458543992654067 0.010701515005989825 0.025567650516213736 0.0026194553042393166 -0.013670144270135116 -0.016867657229061892 0.0017985119759018654 -0.009442512200487925 -0.00093282345011294957 -0.016511272607097508 0.011831641144894529 0.0037773719436861122
leaf_weight=1049.9967243373394 256.9672277867794 46.707450151443481 55.127624109387398 47.236950978636742 70.393446788191795 3531.2656549811363 219.70741584897041 179.95993052423 6846.3466909825802 971.1829397380352 12576.008369386196 218.35892923176289 858.50211846828461 268.49108415842056
leaf_count=4264 1128 204 222 208 292 14473 975 756 27752 3934 51160 913 3487 1091
internal_value=5.51466e-05 -0.00548999 4.05966e-05 -0.00312908 0.0108807 0.000201217 -0.00930996 -0.000170762 0.00131576 -0.000825998 -0.00154418 0.00323366 0.00542731 -0.00535269
internal_weight=27196.3 696.14 439.173 384.045 117.101 26500.1 266.944 22968.8 7026.31 15942.5 13547.2 2395.35 1908.5 486.85
internal_count=110859 3029 1901 1679 496 107830 1183 93357 28508 64849 55094 9755 7751 2004
is_linear=0
shrinkage=0.03


Tree=88
num_leaves=15
num_cat=0
split_feature=1 2 6 11 15 13 10 6 15 12 15 13 10 10
split_gain=23.8508 45.8601 35.1428 24.6745 38.4293 33.0082 34.3529 32.1606 30.5641 47.2304 39.0355 27.2907 34.3472 34.1802
threshold=-0.037863364689511451 -0.14090438021114113 0.02955971815635167 32.34094764884474 -0.019690559660491488 0.022950326313511685 0.71604243377815979 0.014119579550117977 0.0064523227443409334 -0.075237302004833681 0.0034516100052348624 0.1548791467527291 0.45765699378345964 2.2065564219004568
decision_type=2 2 2 2 2 2 2 2 2 2 2 2 2 2
left_child=1 -1 -3 4 7 6 -5 -2 10 -10 -8 12 -7 -13
right_child=3 2 -4 5 -6 11 8 -9 9 -11 -12 13 -14 -15
leaf_value=0.0062130516192135275 -0.028756131367684498 -0.003021249290296491 -0.01380186807111481 0.0070183853073103892 0.0042079383807794874 -0.018291818932409484 -0.0054622528780714956 0.00011755511356611755 -0.0049048678253999171 0.016109527371854272 -0.020903270063831532 -0.0014433022198659389 0.0011779730537597617 0.010941410925111684
leaf_weight=344.95681807398796 57.409163549542427 985.54451076686382 374.84350582957268 233.8018111884594 2058.7199359834194 80.070820659399033 1227.3487319350243 83.499392062425613 304.0678880661726 138.44504640996456 165.9976382702589 8173.0194527506828 12934.203892722726 203.62265811860561
leaf_count=1426 236 4025 1597 952 8291 350 5000 340 1226 556 670 33768 52263 869
internal_value=-9.78706e-05 -0.00353127 -0.00600766 0.000130566 0.00316723 -0.000154392 -0.00377016 -0.011884 -0.00515025 0.00171262 -0.00732916 0.000195768 0.00105539 -0.00113971
internal_weight=27365.6 1705.34 1360.39 25660.2 2199.63 23460.6 2069.66 140.909 1835.86 442.513 1393.35 21390.9 13014.3 8376.64
internal_count=111569 7048 5622 104521 8867 95654 8404 576 7452 1782 5670 87250 52613 34637
is_linear=0
shrinkage=0.03


Tree=89
num_leaves=15
num_cat=0
split_feature=1 6 7 7 1 13 14 2 3 10 12 18 7 13
split_gain=21.8413 32.0146 61.3862 37.3244 34.3643 30.8807 30.6352 29.4372 46.7908 62.326 42.5407 37.131 29.6762 30.2867
threshold=0.012466427594694187 0.020016418813343727 0.90474474160893026 0.50955901251506408 0.064114391946235486 0.25551780582790323 -0.024818166460224497 -0.028534405801178494 -0.075171325157250543 0.55531275430434979 -0.061469656518081943 9.0303963736587818 0.56549134883145113 0.024398139589895122
decision_type=2 2 2 2 2 2 2 2 2 2 2 2 2 2
left_child=7 4 3 -3 -2 -4 -7 10 9 -9 -1 -10 -11 -14
right_child=1 2 5 -5 -6 6 -8 8 11 12 -12 -13 13 -15
leaf_value=0.00056029205087367842 0.0028084522736454031 0.016716915982567804 0.0067334183362268681 -0.0093609984260005722 0.019878500514409404 -0.019908603292687711 0.00018678891448158531 -0.028448084502725242 0.0032864743427840752 0.0051308049901475986 0.0097659040919664923 -0.0012624356906907736 -0.015073543639743621 -0.0036618653571850175
leaf_weight=6019.8755220472813 3676.0163694918156 50.950641483068466 750.88436053693295 774.51083090901375 107.37358073890209 75.006852746009827 601.9142539948225 104.17524594068527 1880.9705180376768 233.47553576529026 486.48462961614132 11346.657668605447 280.98415978252888 811.99943110346794
leaf_count=24422 14920 214 3070 3261 444 310 2555 482 7600 954 1954 46220 1148 3366
internal_value=2.63356e-05 0.00161777 -0.00121252 -0.00771485 0.00330315 0.00255223 -0.00209199 -0.00042769 -0.00117305 -0.00632306 0.00125139 -0.000615181 -0.00454523 -0.00661775
internal_weight=27201.3 6036.66 2253.27 825.461 3783.39 1427.81 676.921 21164.6 14658.3 1430.63 6506.36 13227.6 1326.46 1092.98
internal_count=110920 24774 9410 3475 15364 5935 2865 86146 59770 5950 26376 53820 5468 4514
is_linear=0
shrinkage=0.03


Tree=90
num_leaves=15
num_cat=0
split_feature=7 13 15 15 7 10 7 10 6 15 14 12 12 6
split_gain=36.647 26.744 30.2404 46.1969 50.9157 36.4956 27.3821 43.1303 81.257 59.049 56.734 55.0093 46.9304 42.8936
threshold=0.3849997292569724 0.48256967638805809 0.0083716661963286771 -0.0026671606826411671 1.2993695308700126 1.140630172702455 0.6519837585997138 0.80084134234384707 0.021478013656115357 -0.00036133414801176039 -0.0013476836513137689 -0.40111575380832071 -0.15206415784655916 0.0051510026321319414
decision_type=2 2 2 2 2 2 2 2 2 2 2 2 2 2
left_child=-1 6 3 4 -3 -4 13 8 -8 10 -10 -9 -11 -2
right_child=1 2 5 -5 -6 -7 7 11 9 12 -12 -13 -14 -15
leaf_value=0.0085560926842962234 0.013454189994532748 -0.0054409099020186775 0.01584991409641533 -0.01433609260220855 0.021783455819146442 -0.0051589513717709874 0.0055043395387583873 0.01731302049227303 0.0070157016847654345 -0.013173711771914835 -0.016120782119882323 -0.00046557676772268657 0.013461626774817107 -0.0026667356339296578
leaf_weight=430.48614205420017 151.66955411434174 320.55937112867832 122.68880638480186 440.87832321226597 74.488186120986938 182.88777133822441 3257.677225664258 156.14631558954716 524.67628006637096 536.01521144807339 114.52863977849483 16375.439693644643 65.3172537535429 4483.2975943386555
leaf_count=1736 610 1374 518 1950 308 786 13160 652 2136 2279 489 66555 268 18262
internal_value=-0.000107138 -0.00024689 -0.00473589 -0.00768324 -0.00022375 0.00332431 -4.68772e-05 0.000413204 0.00301705 -0.00351296 0.0028329 -0.000295578 -0.0102455 -0.00213364
internal_weight=27236.8 26806.3 1141.5 835.926 395.048 305.577 25664.8 21029.8 4498.21 1240.54 639.205 16531.6 601.332 4634.97
internal_count=111083 109347 4936 3632 1682 1304 104411 85539 18332 5172 2625 67207 2547 18872
is_linear=0
shrinkage=0.03


Tree=91
num_leaves=15
num_cat=0
split_feature=14 1 2 3 6 15 3 7 15 15 15 12 12 15
split_gain=23.6483 30.0203 29.5379 60.7677 48.8739 44.7785 40.5677 44.8568 37.9868 37.8257 37.3228 126.533 65.2751 37.1574
threshold=0.16392537094180185 0.020205226561667903 -0.027345915040765331 -0.071818523509414853 0.0089619399459321299 0.013825891519516633 -0.07840392483014734 1.358869127097617 -0.012545512034119353 0.0050153993023482899 -0.0013613064800135353 -0.16051768150211745 -0.179525028053345 0.0001425574247182482
decision_type=2 2 2 2 2 2 2 2 2 2 2 2 2 2
left_child=1 2 4 -4 6 8 9 -8 -6 -1 11 -10 -12 -5
right_child=-2 -3 3 13 5 -7 7 -9 10 -11 12 -13 -14 -15
leaf_value=-0.014566311849168416 -0.0065758866997693444 0.002526406797146935 -0.006616112713268456 -0.0022195406075608353 -0.0032775967849960346 -0.0093337375230829103 0.011427920859923659 -0.016001242470664839 0.011702249047477058 0.015734222232437322 -0.0067153743894576611 -0.0026148668063256456 0.0044136777024875729 0.00085600367333073355
leaf_weight=127.61209753155708 500.74518902599812 3630.7280572205782 1625.9062411636114 6319.9967065155506 1472.612914159894 414.98500281572342 839.53008589148521 55.598251581192017 1178.5237591564655 50.086693495512009 883.32677289843559 1048.29746940732 1019.761650159955 8019.3120520859957
leaf_count=512 2190 14900 6769 25837 5987 1696 3371 223 4784 201 3639 4219 4109 32455
internal_value=-0.000129826 -8.38733e-06 -0.000407745 -0.00112331 0.00120334 0.000150777 0.0070959 0.00969237 0.000856386 -0.00594565 0.00233132 0.00496603 -0.000753547 -0.000499651
internal_weight=27187 26686.3 23055.5 15965.2 7090.33 6017.51 1072.83 895.128 5602.52 177.699 4129.91 2226.82 1903.09 14339.3
internal_count=110892 108702 93802 65061 28741 24434 4307 3594 22738 713 16751 9003 7748 58292
is_linear=0
shrinkage=0.03


Tree=92
num_leaves=15
num_cat=0
split_feature=18 6 18 3 13 7 6 13 7 2 18 18 10 6
split_gain=27.6262 40.8677 36.099 34.969 28.9792 27.5685 62.098 34.6343 36.9763 32.8082 42.6762 38.5211 38.1278 28.7881
threshold=7.9137693744205411 0.021478013656115357 8.2602686839860109 0.07402263102293595 0.14774849009524463 0.8298178651107414 0.017342378734798488 0.76874710607898333 0.47447318670907318 -0.017251821329612223 8.8677899733295096 9.3236320402131607 0.62799819903536214 0.0062748885349874304
decision_type=2 2 2 2 2 2 2 2 2 2 2 2 2 2
left_child=1 -1 3 4 -2 6 13 9 -9 -8 12 -12 -11 -4
right_child=2 -3 5 -5 -6 -7 7 8 -10 10 11 -13 -14 -15
leaf_value=-0.032425494456283996 0.012292260063242418 0.003886416723770417 0.0044132628340659277 0.026423649197762439 -0.0089469282292504483 0.00066171163189090499 -0.0027425080986813975 0.028743959087589661 -0.0028958763668773925 -0.016339945368718609 -0.019869805437587068 -0.0077171897320841565 0.0094219776109660171 -0.00067775524493622695
leaf_weight=56.061788871884346 145.52569532394409 52.950751096010208 1159.4203776270151 83.196216017007828 93.268472701311111 15482.882497638464 1497.4818744361401 52.907535940408707 83.43192233145237 70.936791971325874 358.44145266711712 687.18734161555767 175.74712370336056 7174.7921130806208
leaf_count=230 590 216 4669 335 378 63167 6173 217 362 308 1518 2952 715 29031
internal_value=-0.000100375 -0.0150354 -3.91136e-05 0.00991467 0.00399123 -0.00015969 -0.00128903 -0.00504725 0.00962025 -0.00577044 -0.00926943 -0.0119131 0.00194201 3.13745e-05
internal_weight=27174.2 109.013 27065.2 321.99 238.794 26743.2 11260.3 2926.13 136.339 2789.79 1292.31 1045.63 246.684 8334.21
internal_count=110861 446 110415 1303 968 109112 45945 12245 579 11666 5493 4470 1023 33700
is_linear=0
shrinkage=0.03


Tree=93
num_leaves=15
num_cat=0
split_feature=3 15 18 2 13 1 13 15 15 3 13 13 7 7
split_gain=23.6738 52.5747 64.3514 62.0542 50.3648 44.3904 39.8023 59.7308 45.5554 36.0172 35.1745 33.5346 54.4055 38.1206
threshold=0.063475035575767183 0.024369688748671074 9.2519022163565463 0.036552762147223479 0.44172786550864668 0.05964639202459044 0.15345717541369966 0.02295819499303731 0.041271434368942657 0.15397882753251582 0.075675717824979963 0.13723535338077711 1.004686615999159 0.92650798205689189
decision_type=2 2 2 2 2 2 2 2 2 2 2 2 2 2
left_child=6 2 11 -4 5 -5 7 -1 10 -3 -9 12 -2 -13
right_child=1 9 3 4 -6 -7 -8 8 -10 -11 -12 13 -14 -15
leaf_value=0.00057931928004859587 0.02501390263160495 0.0072344173826268876 0.0023445200149443714 -0.0042016324895616085 -0.014404105134802734 0.014347447836358905 -0.0031038234631081277 -0.0170809983437008 0.0067984980171435627 0.028611730464988053 -0.0035411473673241595 -6.9267317655807826e-05 -0.00848449473584823 0.0091678785156774287
leaf_weight=15930.656328111887 164.91902497410774 363.52016851305962 2001.4006744027138 1359.8386483639479 417.16391609609127 124.98538914322853 4190.2365332245827 374.87142950296402 160.50909331440926 86.895904615521431 321.11268837749958 926.62925301492214 57.943997099995613 708.28464205563068
leaf_count=64506 663 1461 8168 5699 1922 525 17295 1524 644 350 1300 3765 233 2871
internal_value=-7.25624e-06 0.00161924 0.000845626 -0.00134191 -0.00521942 -0.00262306 -0.000488984 0.000163998 -0.00754428 0.0114669 -0.010862 0.00543838 0.0163064 0.0039388
internal_weight=27189 6211.58 5761.17 3903.39 1901.99 1484.82 20977.4 16787.1 856.493 450.416 695.984 1857.78 222.863 1634.91
internal_count=110926 25657 23846 16314 8146 6224 85269 67974 3468 1811 2824 7532 896 6636
is_linear=0
shrinkage=0.03


Tree=94
num_leaves=15
num_cat=0
split_feature=14 12 18 15 3 15 18 10 13 14 13 10 13 3
split_gain=26.1586 34.029 33.2094 29.0581 28.0614 42.1848 51.1199 35.8945 41.7187 34.596 45.5375 44.0462 33.8974 32.7021
threshold=0.14387471358857365 -0.055297012620203194 9.1995185685796503 0.018810014941808898 0.069880017567633526 0.024369688748671074 9.2519022163565463 1.3499025050424496 0.13723535338077711 0.030585687788218689 0.44172786550864668 1.9679497727253941 0.21175845426895071 0.18897406350894078
decision_type=2 2 2 2 2 2 2 2 2 2 2 2 2 2
left_child=4 -2 -3 -4 -1 6 7 8 -6 -8 11 -11 -7 -9
right_child=1 2 3 -5 5 12 9 13 -10 10 -12 -13 -14 -15
leaf_value=-0.0004425782485103404 -0.013976450772369947 0.013109655618710666 -0.010053805023847192 0.014612807847007801 0.018019479175332562 0.002275832717627681 0.0022223872572299059 0.0035936526688250974 0.0019237075999026278 -0.0028192947505870768 -0.015360803096063743 0.025047069820320251 0.021353504816971427 0.027158928619947752
leaf_weight=21373.088732942939 276.65601417422295 115.52778454124928 242.68665705621243 50.300686553120613 163.76559321582317 160.49919645488262 1648.448028460145 93.448072791099548 1158.4828678369522 1288.1843830347061 261.73104982078075 51.1607476323843 174.67953015863895 122.57732102274895
leaf_count=86853 1223 470 1103 203 658 644 6727 378 4693 5353 1193 214 703 496
internal_value=-0.000114427 -0.00589321 -0.000377631 -0.00574863 3.54425e-05 0.00202914 0.00130627 0.00580795 0.00394144 -0.00082702 -0.00396551 -0.00171909 0.0122859 0.0170916
internal_weight=27181.2 685.171 408.515 292.987 26496.1 5122.98 4787.8 1538.27 1322.25 3249.52 1601.08 1339.35 335.179 216.025
internal_count=110911 2999 1776 1306 107912 21059 19712 6225 5351 13487 6760 5567 1347 874
is_linear=0
shrinkage=0.03


Tree=95
num_leaves=15
num_cat=0
split_feature=7 12 6 15 15 10 15 3 12 10 15 12 6 18
split_gain=24.5461 65.3609 53.5407 71.8823 69.0667 68.5417 48.662 112.619 56.4641 48.3678 48.2072 44.5819 42.5992 41.4077
threshold=1.1534076050465367 -0.30714547377732093 0.019054556680387195 -0.025240476479265524 0.029175507961626938 1.4230393074311409 -0.0013613064800135353 -0.061831857569500485 -0.030262655996746265 0.75801450785155111 -0.018734256176159644 -0.36707219439416366 0.011946538997228374 10.478678626728863
decision_type=2 2 2 2 2 2 2 2 2 2 2 2 2 2
left_child=2 -2 3 -1 6 -5 -4 9 -9 -8 -3 -11 -12 -14
right_child=1 10 4 5 -6 -7 7 8 -10 11 12 -13 13 -15
leaf_value=-0.015224078486800361 0.013934963513694085 0.010081482735340144 -0.0010098371645086881 0.00089552175071312158 0.010598267476744099 -0.011509417175150187 -0.020916740069233497 0.0003408958325987248 -0.015814896405835902 0.01586320548293679 -0.0033624073758793424 -0.011296662556919402 0.0013116666925014546 0.015618429011359269
leaf_weight=261.7436001598835 361.92707611620426 460.12838971614838 2513.4909379780293 15233.432042002678 308.23964235186577 409.71168413758278 535.83956910669804 1373.4356711506844 224.84053866565228 61.409410953521729 2057.3256702274084 388.25659820437431 2796.6669637858868 192.79632771015167
leaf_count=1134 1516 1880 10396 61560 1268 1675 2343 5748 971 258 8295 1624 11448 796
internal_value=-9.61784e-05 0.00162145 -0.000569318 0.000307404 -0.0031481 0.000569193 -0.00398319 -0.00687264 -0.00194878 -0.014838 0.000807414 -0.00753371 -4.17845e-05 0.00224416
internal_weight=27179.2 5868.84 21310.4 15904.9 5405.51 15643.1 5097.27 2583.78 1598.28 985.506 5506.92 449.666 5046.79 2989.46
internal_count=110912 23935 86977 64369 22608 63235 21340 10944 6719 4225 22419 1882 20539 12244
is_linear=0
shrinkage=0.03


Tree=96
num_leaves=15
num_cat=0
split_feature=1 2 15 15 7 7 10 12 2 5 12 6 15 6
split_gain=25.0605 62.717 27.5103 24.4417 23.3414 31.9303 37.2047 50.6414 45.8045 41.6475 37.2462 32.6108 36.1147 26.4152
threshold=-0.059593190030816194 -0.15662576809619463 -0.00044398695601710608 -0.0054344007162403498 0.40161055153109854 0.65926344907820633 0.80337006854790427 -0.4139603543366917 0.035087857157301013 0.042542503506155856 -0.012409789119629476 0.0055908446970372632 0.0030832101336715216 0.022684948359755205
decision_type=2 2 2 2 2 2 2 2 2 2 2 2 2 2
left_child=1 -1 3 -3 -2 11 8 -8 10 -10 13 12 -6 -7
right_child=4 2 -4 -5 5 6 7 -9 9 -11 -12 -13 -14 -15
leaf_value=0.0097355718122963727 0.0063293903721127302 -0.0095756614936168428 -0.018246277934953058 0.0090606995952907162 -0.0010047997726461027 0.005271969045895962 0.022130971506455963 -0.00020195403550168944 -0.0086669994292740016 0.0064415663976748107 0.019646208602298234 -0.0027215902197010883 0.02093180417637815 -0.00089888978629000136
leaf_weight=183.39116461575031 543.14097225666046 239.76920579373837 232.48745964467525 84.051094353199005 167.74482646584511 2651.521712526679 89.887397423386574 16586.529192447662 500.78295469284058 242.11051684617996 137.38475278019905 4631.4642965644598 110.88011269271374 815.70951475203037
leaf_count=765 2196 990 980 346 675 10699 375 67658 2087 1004 552 18925 446 3391
internal_value=3.35833e-05 -0.00540523 -0.0104135 -0.00471247 0.000185926 5.67836e-05 0.000565535 -7.89381e-05 0.00303654 -0.00373901 0.00443425 -0.00212092 0.00781194 0.00382052
internal_weight=27216.9 739.699 556.308 323.82 26477.2 25934 21023.9 16676.4 4347.51 742.893 3604.62 4910.09 278.625 3467.23
internal_count=111089 3081 2316 1336 108008 105812 85766 68033 17733 3091 14642 20046 1121 14090
is_linear=0
shrinkage=0.03


Tree=97
num_leaves=15
num_cat=0
split_feature=7 10 3 15 13 14 3 18 18 2 15 13 15 14
split_gain=26.4791 34.7685 46.6188 44.9972 38.9386 33.5341 30.1566 30.0244 53.814 22.1051 51.3682 45.716 48.1101 50.8482
threshold=0.3849997292569724 0.57443657609933496 -0.064583337998094223 -0.00023455458972509999 0.031897343400629448 -0.023184587355303817 -0.13003531130020682 7.9137693744205411 8.2602686839860109 -0.013375640551776423 0.010565811440149899 0.021558075740232833 -0.012545512034119353 0.0256111634300944
decision_type=2 2 2 2 2 2 2 2 2 2 2 2 2 2
left_child=6 2 3 5 -4 -2 -1 -3 -9 -10 11 -11 -13 -14
right_child=1 7 4 -5 -6 -7 -8 8 9 10 -12 12 13 -15
leaf_value=-0.013794218509110669 0.0050829549471638749 -0.016366276757295961 0.024567317311029156 -0.020394917002508436 -0.0021317636621409307 -0.023002728557134103 0.010422575649526802 0.013335986405855389 0.0012304782612257328 -0.0094453166619321918 0.00264402783150243 0.003538252530898579 0.0001097348508713764 -0.0042184640886709437
leaf_weight=50.958201557397842 156.65791875123978 96.175792664289474 54.283760219812393 266.05617527663708 386.80623729526997 48.433102279901505 377.31742431223392 277.99315944314003 9771.4097734987736 617.3025683760643 3445.5313376486301 1725.9936093389988 5287.5054957270622 4538.6191244721413
leaf_count=207 637 393 219 1221 1575 208 1522 1122 39572 2537 13977 7067 21401 18964
internal_value=0.000107565 -1.15319e-05 -0.0057608 -0.0123019 0.00125008 -0.00170769 0.00749043 0.000192494 0.000255817 0.000111544 -0.000588723 -0.0015043 -0.0010784 -0.00188988
internal_weight=27101 26672.8 912.237 471.147 441.09 205.091 428.276 25760.5 25664.4 25386.4 15615 12169.4 11552.1 9826.12
internal_count=110622 108893 3860 2066 1794 845 1729 105033 104640 103518 63946 49969 47432 40365
is_linear=0
shrinkage=0.03


Tree=98
num_leaves=15
num_cat=0
split_feature=1 2 6 3 10 10 12 14 10 3 7 10 2 1
split_gain=22.327 25.9644 35.1048 45.2334 57.1473 29.4053 26.8456 24.7839 33.2129 24.5476 36.2739 26.6339 24.5091 24.0507
threshold=0.014341627787530122 -0.015275682324028315 0.0088589267354562806 -0.095284742506253725 1.4881175956643566 2.2065564219004568 -0.36707219439416366 0.098812494377177998 1.4096501483059325 0.039062204345684755 1.5987991810339925 1.4230393074311409 0.18766460077501604 -0.007952847995613686
decision_type=2 2 2 2 2 2 2 2 2 2 2 2 2 2
left_child=1 2 3 -1 13 6 -3 9 -9 10 11 -8 -2 -5
right_child=12 5 -4 4 -6 -7 7 8 -10 -11 -12 -13 -14 -15
leaf_value=-0.01263432242630733 0.0022596197989369154 -0.016455646242797356 -0.00010503605675544999 0.0012301086200781984 -0.025213478044080501 0.012545072282912956 -0.0018787006791037811 -0.012254119148122817 0.0027541501727844225 0.00085169873347796415 0.01804223779912012 -0.012810084866990305 -0.0073961355406072654 0.0087866742517528351
leaf_weight=128.95620560646057 5128.7600095123053 103.13230545818806 6978.643749460578 543.19469168782234 50.656912177801132 136.42259804904461 7339.4074072986841 392.74171720445156 198.95988675951958 4387.4181603044271 78.720674023032188 204.3172432333231 246.10538852214813 1258.1818694025278
leaf_count=519 21044 457 28355 2185 204 585 29872 1721 863 17871 317 832 1068 5061
internal_value=8.34854e-05 -0.000343517 0.000895822 0.0044182 0.00561791 -0.00120825 -0.00135788 -0.00123173 -0.00721531 -0.000935775 -0.00196458 -0.00217809 0.00181491 0.00651193
internal_weight=27175.6 21800.8 8959.63 1980.99 1852.03 12841.1 12704.7 12601.6 591.702 12009.9 7622.45 7543.72 5374.87 1801.38
internal_count=110954 88842 36324 7969 7450 52518 51933 51476 2584 48892 31021 30704 22112 7246
is_linear=0
shrinkage=0.03


Tree=99
num_leaves=15
num_cat=0
split_feature=7 18 3 13 3 6 5 13 15 6 2 7 6 13
split_gain=20.3556 34.815 25.3997 22.1957 34.8963 42.2878 50.7018 35.8116 35.0363 67.967 39.8916 32.4974 39.464 35.3768
threshold=0.36667273658520655 9.6654966895489789 -0.035509860467326064 0.48256967638805809 0.071299337051783609 0.030302005769480337 0.015315862743154553 0.1548791467527291 0.02295819499303731 0.0096413939587114226 -0.021535860293645289 0.59589031324436392 0.00500161993893745 0.025067889056809459
decision_type=2 2 2 2 2 2 2 2 2 2 2 2 2 2
left_child=1 2 -1 4 7 6 -6 8 11 -10 -11 12 -2 -13
right_child=3 -3 -4 -5 5 -7 -8 -9 9 10 -12 13 -14 -15
leaf_value=-0.016373674641753332 0.016506905355893692 0.020276475524579441 0.0064341684758474401 -0.0042678870062463244 0.011373765074699648 -0.0099439096540936793 0.001797984161668352 -0.0030307604889798982 -0.014886954217022241 -0.011900369038020777 0.0069834971484919461 -0.0018007995902841114 -0.0043109269835898733 0.0017296882294822583
leaf_weight=59.001880794763565 84.045679360628128 117.36913594603539 155.15436869859695 1133.5189036279917 571.19104263186455 235.46868720650673 3785.4289940148592 4055.7203235775232 397.18844494223595 137.5838066637516 359.44345244765282 3327.6231493204832 1744.6694574058056 10972.027351781726
leaf_count=239 338 474 627 4925 2305 995 15534 16725 1606 559 1457 13508 7079 44422
internal_value=-7.17544e-05 0.00729395 5.70547e-05 -0.000163395 1.81642e-05 0.00238735 0.0030581 -0.000498161 0.000105529 -0.0056679 0.00172945 0.000426292 -0.00333717 0.000907983
internal_weight=27135.4 331.525 214.156 26803.9 25670.4 4592.09 4356.62 21078.3 17022.6 894.216 497.027 16128.4 1828.72 14299.7
internal_count=110793 1340 866 109453 104528 18834 17839 85694 68969 3622 2016 65347 7417 57930
is_linear=0
shrinkage=0.03


Tree=100
num_leaves=15
num_cat=0
split_feature=15 2 15 4 7 10 18 15 15 6 15 12 6 7
split_gain=23.3372 20.3006 40.4124 37.1494 42.264 33.0495 38.2824 75.6529 41.3495 64.0243 32.7547 32.528 43.8257 37.9359
threshold=0.04235986628591127 -0.013375640551776423 0.020408927265713309 0.0057015695345872261 1.4015721581983469 2.0760951817355626 9.7257115745960458 -0.01812390067702507 -0.022167203451169733 0.016144080003186113 0.036091970431443084 -0.07373229717159506 0.010037789005498279 1.2993695308700126
decision_type=2 2 2 2 2 2 2 2 2 2 2 2 2 2
left_child=1 2 5 -3 -5 6 11 8 9 -8 -4 13 -13 -1
right_child=-2 3 10 4 -6 -7 7 -9 -10 -11 -12 12 -14 -15
leaf_value=-0.0014736037624242821 0.0087092458603105008 -0.0024251376252518073 -0.014379880012624446 -0.00015323324548695229 0.0067101854671502894 -0.014929480408940521 -0.027573202872284569 0.0068838473553378045 -0.021492542893549647 0.012570077150649618 0.009892289516496169 0.0071367340513364182 -0.0027997199963192927 0.0061460110958387647
leaf_weight=5254.3801281005144 274.41017077863216 6721.6906641423702 251.52335324883461 8736.2979343831539 887.7064344137907 109.69747100770473 48.666617080569267 2056.4280266910791 133.52574700117111 119.52016168832779 60.827679947018623 1244.0081761926413 586.70852974057198 660.16265934705734
leaf_count=21341 1105 27436 1036 35947 3666 451 201 8355 546 487 245 4999 2359 2683
internal_value=3.67057e-05 -5.25005e-05 0.000974968 -0.000714154 0.000481103 0.00130082 0.00147996 0.00482496 -0.00916102 0.000766669 -0.00962022 0.000460556 0.00395272 -0.000621336
internal_weight=27145.6 26871.1 10525.4 16345.7 9624 10213.1 10103.4 2358.14 301.713 168.187 312.351 7745.26 1830.72 5914.54
internal_count=110857 109752 42703 67049 39613 41422 40971 9589 1234 688 1281 31382 7358 24024
is_linear=0
shrinkage=0.03


Tree=101
num_leaves=15
num_cat=0
split_feature=18 6 18 5 1 2 7 7 18 6 10 13 15 15
split_gain=29.9105 44.6501 31.1543 24.3136 31.0862 37.6177 23.2113 27.6702 36.622 33.5445 59.8438 29.746 48.1759 42.0731
threshold=7.9137693744205411 0.021478013656115357 8.1756030975208382 -0.16157594545451018 -0.075098804153169926 -0.1483808932247139 0.36667273658520655 0.65926344907820633 8.978948341764676 0.019529923091384353 0.62799819903536214 0.30769470168340124 0.02295819499303731 -0.003079860511940868
decision_type=2 2 2 2 2 2 2 2 2 2 2 2 2 2
left_child=1 -1 -2 -4 5 -5 -6 9 -9 -8 -11 -10 13 -13
right_child=2 -3 3 4 6 -7 7 8 11 10 -12 12 -14 -15
leaf_value=-0.034351631617801325 0.011517359123951529 0.003879333065864147 0.010150972817915094 0.0077310649478810776 0.0080452193781293257 -0.014864172545129988 -0.001008430655287811 0.0037024012982262368 0.00029179148632218208 -0.021055065110851021 -0.0028496649857448 0.0011305518669126669 0.012197916832563091 -0.0088319981561401657
leaf_weight=54.155860379338264 208.97948913276196 53.151716127991676 206.41052535176277 87.868629038333893 315.40862572193146 255.73356188833714 4201.2911660522223 2589.2168723791838 16561.336972013116 217.04769776761532 632.68404133617878 594.73117713630199 153.84317174553871 1060.0749170184135
leaf_count=224 845 217 874 361 1276 1073 17035 10502 67249 960 2645 2523 625 4640
internal_value=-2.90322e-05 -0.0156905 3.41716e-05 -5.59697e-05 -0.000135723 -0.00907464 -1.83718e-05 -0.000116765 0.00036363 -0.00210952 -0.00753841 -0.000107316 -0.00375812 -0.00525445
internal_weight=27191.9 107.308 27084.6 26875.6 26669.2 343.602 26325.6 26010.2 20959.2 5051.02 849.732 18370 1808.65 1654.81
internal_count=111049 441 110608 109763 108889 1434 107455 106179 85539 20640 3605 75037 7788 7163
is_linear=0
shrinkage=0.03


Tree=102
num_leaves=15
num_cat=0
split_feature=15 5 11 3 15 10 10 18 7 15 15 7 15 5
split_gain=21.4131 33.7189 20.7357 35.2655 111.048 63.1423 44.2292 60.4549 57.5785 42.8418 41.6612 63.9601 41.2897 36.5826
threshold=0.04235986628591127 0.016177279995552966 32.577413216729141 -0.081868714804872664 -0.00011776364936544324 0.74646188327336993 0.72551602073920796 10.294822970030328 0.6519837585997138 -0.005063156825562575 -0.00011776364936544324 1.0680830131084667 -0.0007506926367772947 -0.048419721341913906
decision_type=2 2 2 2 2 2 2 2 2 2 2 2 2 2
left_child=2 -2 -1 4 13 -6 7 8 9 -5 11 -8 -13 -4
right_child=1 -3 3 6 5 -7 10 -9 -10 -11 -12 12 -14 -15
leaf_value=0.0023008903929199126 0.021179228254524757 2.9916531345944954e-05 0.0065675625642583248 0.0079164566469011478 -0.01598403503354855 -0.0039318386557845135 -0.0039686743226649826 0.022923178659454164 0.0065624012111660081 -0.0048930053423816662 0.00090298473807785785 0.002352489520750495 -0.013528597923769051 -0.0028560997301794872
leaf_weight=2986.4489777237177 108.50275073945522 175.7690405100584 867.47080332040787 302.00243958830833 648.02445650100708 987.28422948718071 5358.8777385652065 135.36164137721062 1504.4614582210779 1034.0701560527086 9371.4431017041206 2811.3907029181719 153.50453501939774 644.8010419011116
leaf_count=12104 436 709 3531 1228 2823 4062 21972 550 6107 4190 38174 11479 628 2648
internal_value=3.24877e-05 0.0081939 -5.46699e-05 -0.000350184 -0.00330734 -0.00872146 0.000100377 0.00348296 0.00254109 -0.00199008 -0.000468819 -0.00201313 0.0015217 0.00255104
internal_weight=27089.4 284.272 26805.1 23818.7 3147.58 1635.31 20671.1 2975.9 2840.53 1336.07 17695.2 8323.77 2964.9 1512.27
internal_count=110641 1145 109496 97392 13064 6885 84328 12075 11525 5418 72253 34079 12107 6179
is_linear=0
shrinkage=0.03


Tree=103
num_leaves=15
num_cat=0
split_feature=18 6 18 10 12 12 6 15 14 3 10 15 2 15
split_gain=19.3221 37.201 27.5601 33.2342 49.7283 21.285 49.3754 59.0284 79.6895 78.0923 65.5737 53.2965 63.0909 48.0573
threshold=7.9137693744205411 0.021478013656115357 8.3749742956381468 0.82279631541845677 -0.13724372387838099 -0.11301616916723127 0.010793848088768746 0.0012707606293753673 0.095247499535042759 -0.081868714804872664 0.70623637539817075 -0.012545512034119353 0.0047317372624586804 0.0050153993023482899
decision_type=2 2 2 2 2 2 2 2 2 2 2 2 2 2
left_child=1 -1 3 -2 -5 6 13 8 11 10 -9 -8 -13 -4
right_child=2 -3 5 4 -6 -7 7 9 -10 -11 -12 12 -14 -15
leaf_value=-0.030481469852178571 -0.00011970155776733989 0.0047304060501086641 -0.0095358218497669164 0.030966680879872182 0.0036362234557443633 0.00060288021092472384 -0.0020549792868265449 -0.017542426234876365 -0.019868188235697325 0.00089908539542915404 -0.0040758994992947176 0.0067966839979753165 -0.0043205204732217435 0.0018683699391351552
leaf_weight=51.199446782469749 287.4154074639082 53.898265331983566 1083.3122734427452 99.883237585425377 146.96862703561783 16855.245790347457 1497.1235592216253 474.62323273718357 144.56691217422485 1815.0892481654882 1031.5632160454988 2581.5553171187639 557.35531465709209 478.65367566049099
leaf_count=213 1172 220 4397 404 592 68600 6118 2107 664 7448 4251 10513 2317 1927
internal_value=4.51594e-05 -0.0126723 9.54978e-05 0.00682873 0.0148549 -4.06582e-05 -0.00116298 -0.000220869 0.00191323 -0.00329197 -0.00833705 0.00260072 0.00482118 -0.00604317
internal_weight=27158.5 105.098 27053.4 534.267 246.852 26519.1 9663.84 8101.88 4780.6 3321.28 1506.19 4636.03 3138.91 1561.97
internal_count=110943 433 110510 2168 996 108342 39742 33418 19612 13806 6358 18948 12830 6324
is_linear=0
shrinkage=0.03


Tree=104
num_leaves=15
num_cat=0
split_feature=1 2 15 3 15 2 13 3 2 15 15 15 15 15
split_gain=20.2805 47.0519 24.9667 19.8532 48.6129 37.8222 33.6412 31.3492 31.2117 34.9566 65.4367 59.1028 83.1289 52.2663
threshold=-0.059593190030816194 -0.15662576809619463 1.0000000180025095e-35 0.069880017567633526 0.021151706938164597 0.039849169689021753 0.13330358456884009 0.14914359675755631 -0.027345915040765331 -0.012545512034119353 -0.0013613064800135353 -0.0024776458695749955 -0.0038433543728602078 -0.0007506926367772947
decision_type=2 2 2 2 2 2 2 2 2 2 2 2 2 2
left_child=1 -1 -3 8 5 6 -5 -6 -2 -10 11 12 -11 -12
right_child=3 2 -4 4 7 -7 -8 -9 9 10 13 -13 -14 -15
leaf_value=0.0082315103096234857 0.0013626073563912618 -0.0042440157007459355 -0.0173193758275564 0.01232173324170217 0.0066421966170416786 -0.0018527827767613155 0.0020485984472837821 0.025305005692026667 0.0027576577787925098 -0.0057771949113666838 0.018161567173433986 -0.01426605418897659 0.0059385620834089192 -0.00052198467705577524
leaf_weight=181.83641490340233 6583.8610742986202 344.46202850341797 212.37769123911858 324.8029460310936 339.60616430640221 2450.923011392355 2360.5619106590748 105.41163229942322 1813.0319417417049 2743.5300242751837 134.94808055460453 523.14313615858555 678.36103349924088 8414.614421993494
leaf_count=761 26696 1427 900 1307 1366 10393 9617 426 7402 11240 551 2134 2762 34204
internal_value=-5.88224e-05 -0.00495497 -0.00927507 7.81598e-05 0.0016673 0.000841133 0.00329941 0.0111563 -0.000346509 -0.00113306 -0.00169798 -0.00489299 -0.00345253 -0.000222901
internal_weight=27211.5 738.676 556.84 26472.8 5581.31 5136.29 2685.36 445.018 20891.5 14307.6 12494.6 3945.03 3421.89 8549.56
internal_count=111186 3088 2327 108098 23109 21317 10924 1792 84989 58293 50891 16136 14002 34755
is_linear=0
shrinkage=0.03


Tree=105
num_leaves=15
num_cat=0
split_feature=7 18 10 10 6 12 2 18 18 6 11 14 10 4
split_gain=20.8918 26.8105 44.7965 22.6897 66.8618 28.5512 25.2763 24.205 33.881 39.0522 32.4758 28.6721 37.2255 45.1864
threshold=0.3849997292569724 9.6711997502958376 0.63853021805176258 0.56559396391938022 0.0085213822925079476 -0.45225190586108133 -0.020464864364705179 8.9249272266994488 7.9137693744205411 0.021648404780337274 38.53221247046811 0.095247499535042759 1.4881175956643566 0.033917680675345181
decision_type=2 2 2 2 2 2 2 2 2 2 2 2 2 2
left_child=1 -1 -3 4 -2 -5 -6 8 9 -7 -10 -9 13 -13
right_child=3 2 -4 5 6 7 -8 11 10 -11 -12 12 -14 -15
leaf_value=0.001285738978417373 0.015841819478896783 0.038468110200552526 0.0035862979047524141 0.014017249242758193 -0.003346813571344347 -0.033004895159070687 -0.014761305722653504 -0.00014542275372268835 -0.002930222640806425 0.0040534679550046637 0.0049866070262761181 -0.022576235580483474 0.0021883191082044473 -0.0050299312028079289
leaf_weight=290.40786644816399 116.08870813250542 52.723379030823708 85.174450859427452 127.84271006286144 384.88081996142864 48.938671976327896 319.94586145877838 21729.276307195425 600.24120044708252 50.652760624885559 2070.9648261666298 162.31199400126934 454.86688390374184 683.83307100832462
leaf_count=1175 468 214 344 540 1632 205 1408 88325 2434 205 8389 729 1996 2987
internal_value=-6.54085e-05 0.00649236 0.0172822 -0.000170886 -0.00507515 -1.52363e-05 -0.00855536 -8.58475e-05 0.00256224 -0.0144481 0.00320677 -0.000404636 -0.0047271 -0.00844106
internal_weight=27178.1 428.306 137.898 26749.8 820.915 25928.9 704.827 25801.1 2770.8 99.5914 2671.21 23030.3 1301.01 846.145
internal_count=111051 1733 558 109318 3508 105810 3040 105270 11233 410 10823 94037 5712 3716
is_linear=0
shrinkage=0.03


Tree=106
num_leaves=15
num_cat=0
split_feature=11 1 13 7 7 14 18 5 6 7 12 18 18 7
split_gain=23.671 35.4492 29.5003 40.318 34.9184 33.6713 32.6133 70.7745 30.2237 55.9123 51.863 27.4785 39.4572 28.4168
threshold=32.34094764884474 -0.082963107951089507 0.022950326313511685 0.61566557716388937 0.65538679673876088 -0.030035897179513157 10.294822970030328 0.016668501084603497 0.030302005769480337 1.3070769107195379 -0.27977529195504797 9.684272940080044 10.149257610109702 0.72826093495874578
decision_type=2 2 2 2 2 2 2 2 2 2 2 2 2 2
left_child=11 -2 3 -3 6 -5 -4 -8 -6 -10 -11 -1 -13 -14
right_child=1 2 4 5 8 -7 7 -9 9 10 -12 12 13 -15
leaf_value=0.00075195549813984004 -0.016487982535894584 0.005978480597099608 -0.0030236861151883157 0.00032498944538306265 0.0010071362388380579 -0.0083856360747375115 0.017882182578769303 -0.012589394757443651 -0.0074050848630102424 0.02251676471046932 -0.0016071422764534211 0.012070994821206511 -0.020532886717982212 0.0031211733758060149
leaf_weight=2138.5428839325905 119.93726125359535 328.15433706343174 4122.6794486790895 603.45057588815689 16280.495916634798 1178.2926935702562 193.67446884512901 103.90052838623524 975.87861527502537 118.12787444889545 240.62163119018078 519.5429979711771 57.304378420114517 197.75876489281654
leaf_count=8652 513 1335 16884 2439 66367 4818 783 433 4201 491 1003 2117 232 808
internal_value=-4.63564e-05 -0.000353189 -0.000271683 -0.00365876 5.29332e-05 -0.00543842 -0.00233046 0.00722979 0.000651206 -0.00368563 0.00641709 0.00250791 0.00734135 -0.00231153
internal_weight=27178.4 24265.2 24145.3 2109.9 22035.4 1781.74 4420.25 297.575 17615.1 1334.63 358.75 2913.15 774.606 255.063
internal_count=111076 99267 98754 8592 90162 7257 18100 1216 72062 5695 1494 11809 3157 1040
is_linear=0
shrinkage=0.03


Tree=107
num_leaves=15
num_cat=0
split_feature=14 12 3 1 5 6 15 12 18 12 7 5 3 15
split_gain=19.6674 26.0037 24.5382 23.0664 24.3327 45.9099 48.1031 53.6661 37.1911 30.5002 38.5896 32.0074 50.2459 49.5247
threshold=0.16392537094180185 -0.064971792692442562 0.48279699589897046 0.024943539189119516 -0.16157594545451018 0.031934322428327923 -0.025240476479265524 -0.27495246370191678 9.9874038006599708 -0.33365500049773145 1.1151646613125832 -0.052974131700672604 -0.080159984502220713 -0.00011776364936544324
decision_type=2 2 2 2 2 2 2 2 2 2 2 2 2 2
left_child=2 -2 3 4 -1 9 -7 8 -8 10 -6 -11 -13 -14
right_child=1 -3 -4 -5 5 6 7 -9 -10 11 -12 12 13 -15
leaf_value=0.01027266053438722 -0.015074099967021679 -0.00068871766610979854 0.02062105492010035 0.0026210839842408028 -0.0094754046714717287 0.014524190881192946 -0.0048714861123998546 -0.015889004900137508 0.02017841353168073 0.0038081428050858544 0.011228304075444357 -0.0052131535894812458 -0.0014593130126231396 0.0016538898673880882
leaf_weight=193.80091969668865 177.52289624512196 306.17582641541958 50.253078788518906 2792.8834086954594 555.82152564823627 83.86512179672718 313.09036356210709 462.8003766387701 62.214595213532448 1919.3901257961988 93.060974344611168 1676.9985731244087 8589.4033280164003 9894.1366842240095
leaf_count=823 792 1342 215 11508 2340 340 1327 1986 261 7807 385 6898 35012 40025
internal_value=-2.5972e-05 -0.00600865 8.29025e-05 4.26108e-05 -0.000259597 -0.000346762 -0.00690206 -0.00907556 -0.000633996 -8.02693e-05 -0.00648076 0.000108397 -0.000244181 0.000207166
internal_weight=27171.4 483.699 26687.7 26637.5 23844.6 23650.8 921.97 838.105 375.305 22728.8 648.882 22079.9 20160.5 18483.5
internal_count=111061 2134 108927 108712 97204 96381 3914 3574 1588 92467 2725 89742 81935 75037
is_linear=0
shrinkage=0.03


Tree=108
num_leaves=15
num_cat=0
split_feature=1 13 18 15 15 15 6 7 15 18 15 4 10 5
split_gain=18.7341 30.2508 32.3041 30.0921 26.1134 28.4474 28.6385 41.194 36.9387 25.3439 28.6574 37.7459 31.3763 38.7264
threshold=0.012466427594694187 0.24074664891948885 8.8414863553199314 -0.019690559660491488 -0.0025827560007241064 -0.0013613064800135353 0.022684948359755205 1.1056779852884391 0.017863919498929629 10.478678626728863 -0.0086140111370172062 -0.026510726784787938 1.4387000380311317 0.011373210418773929
decision_type=2 2 2 2 2 2 2 2 2 2 2 2 2 2
left_child=9 3 -3 -2 -5 -6 -7 8 -8 -1 11 -11 13 -12
right_child=1 2 -4 4 5 6 7 -9 -10 10 12 -13 -14 -15
leaf_value=-0.00081313740036199325 -0.010525818479238648 0.0074384548850354726 -0.0036423254092204198 0.0063110790488140082 -0.011522596623288351 0.0036949122923385655 -0.018182417750286395 0.0054206706018556702 0.010314558987992026 0.012358434931644442 0.011552293801573256 -0.012252024095803565 0.026547064556353903 -0.0045581084320431477
leaf_weight=20263.347318053246 147.53173962235451 277.98322547972202 1535.369225859642 1506.5320963412523 144.14463309943676 1950.9509316682816 205.61068925261497 203.41333854198456 49.597251906991005 81.636680126190186 347.52802635729313 168.81770741939545 69.195928379893303 216.65424063801765
leaf_count=82658 617 1128 6527 6119 586 7882 879 831 207 334 1415 693 290 895
internal_value=-0.000175711 0.00130039 -0.00193734 0.00269595 0.00318132 0.00133146 0.00210933 -0.00462242 -0.0126072 -0.000596076 0.00437103 -0.00419578 0.00776112 0.00537142
internal_weight=27168.3 6021.13 1813.35 4207.78 4060.25 2553.72 2409.57 458.621 255.208 21147.2 883.833 250.454 633.378 564.182
internal_count=111061 24776 7655 17121 16504 10385 9799 1917 1086 86285 3627 1027 2600 2310
is_linear=0
shrinkage=0.03


Tree=109
num_leaves=15
num_cat=0
split_feature=7 6 15 6 15 15 15 15 15 6 17 15 3 10
split_gain=19.5919 62.1987 79.3585 51.2932 53.7766 50.8329 61.8452 47.0942 50.7259 44.0647 39.6208 36.1423 34.5251 44.7666
threshold=1.1291085818626969 0.012936721653304962 0.0044816308948112402 0.027951929332012983 -0.025240476479265524 -0.012545512034119353 -0.0033823727133253097 -0.025240476479265524 -0.018734256176159644 0.015908571719187949 -0.25660481229257054 0.02295819499303731 -0.073404805906848822 0.66920171700387321
decision_type=2 2 2 2 2 2 2 2 2 2 2 2 2 2
left_child=3 5 -3 4 9 7 -7 10 -9 -1 -2 -8 13 -6
right_child=1 2 -4 -5 12 6 11 8 -10 -11 -12 -13 -14 -15
leaf_value=-0.019259332172834334 -0.028919038638192972 0.0072610316983261073 -0.0022436926866943891 -0.0055165458726235614 -0.0088287076014802162 -0.011972828893932181 0.00058534206256603447 0.026489906541453972 0.0040867364453804136 0.0058471350633219838 0.0076514099207548852 -0.014206289359489742 0.00078773267354243263 -0.00059265665275647778
leaf_weight=225.12633579969406 53.905293256044388 2377.2114943116903 1182.8921189308167 1645.0984436273575 788.95067864656448 607.8109764456749 1542.3779484778643 128.0207654684782 305.95771057903767 85.941779181361198 49.695553541183472 162.51554742455482 15592.292577624321 2386.210598602891
leaf_count=987 234 9784 4878 7082 3352 2471 6211 515 1229 352 204 656 63290 9692
internal_value=1.11862e-05 0.00146034 0.00410347 -0.000437175 1.34056e-06 -0.00184159 -0.00377341 0.00645243 0.0107867 -0.0123299 -0.0115641 -0.000839634 0.000207021 -0.00264339
internal_weight=27134 6410.39 3560.1 20723.6 19078.5 2850.28 2312.7 537.579 433.978 311.068 103.601 1704.89 18767.5 3175.16
internal_count=110937 26182 14662 84755 77673 11520 9338 2182 1744 1339 438 6867 76334 13044
is_linear=0
shrinkage=0.03


Tree=110
num_leaves=15
num_cat=0
split_feature=18 15 18 10 18 14 12 15 15 18 12 12 11 18
split_gain=22.9377 40.5816 33.2773 41.0204 33.8753 26.3282 28.7492 26.6693 29.5552 29.7374 24.0172 22.1097 21.8434 21.2927
threshold=8.9249272266994488 0.029175507961626938 7.9137693744205411 0.55531275430434979 8.2602686839860109 0.14387471358857365 -0.068523979602365157 0.02295819499303731 0.0044816308948112402 9.2827334173217171 -0.14301187172971372 -0.4139603543366917 54.764889392218514 8.7906735001012688
decision_type=2 2 2 2 2 2 2 2 2 2 2 2 2 2
left_child=1 2 -1 12 -5 -2 -7 8 9 -8 -3 -6 -4 -13
right_child=5 10 3 4 11 6 7 -9 -10 -11 -12 13 -14 -15
leaf_value=-0.015432838232496617 -9.7092152217695952e-05 0.02962808668213051 -0.0048318913068982321 0.013385837815708393 0.0185126806419556 -0.015782031670522587 0.02415301827125952 0.017949925373237727 -0.013922139626405001 -0.0041372322206909735 0.004673287027514704 -0.00069299931756906265 -0.027105317647747741 0.0051548783016137313
leaf_weight=96.315938726067543 23415.828494340181 74.222750142216682 191.10277453064919 271.88105353713036 70.872620582580566 198.22489954531193 45.642581447958946 51.568524286150932 159.91913564503193 110.6997155547142 65.350395247340202 1354.3937210887671 48.433667436242104 953.36022134125233
leaf_count=400 95570 302 820 1098 295 907 189 208 723 504 265 5491 203 3863
internal_value=6.32166e-05 0.0024795 0.00173427 0.00231667 0.00339301 -0.000251915 -0.00663355 -0.00164471 -0.00493247 0.00432258 0.0181749 0.00224052 -0.00952267 0.0017252
internal_weight=27107.8 3125.93 2986.36 2890.04 2650.51 23981.9 566.055 367.83 316.261 156.342 139.573 2378.63 239.536 2307.75
internal_count=110838 12737 12170 11770 10747 98101 2531 1624 1416 693 567 9649 1023 9354
is_linear=0
shrinkage=0.03


Tree=111
num_leaves=15
num_cat=0
split_feature=14 4 3 18 7 18 2 15 5 15 10 7 18 15
split_gain=25.3508 31.6068 24.4825 37.0559 34.7486 32.0488 42.2448 32.0138 30.854 49.8166 48.4765 40.5509 46.6236 41.1353
threshold=0.14387471358857365 0.066893985719256768 0.048797400514537521 9.7257115745960458 2.0018143688511256 9.2760184825489969 -0.092972011616077474 -0.01812390067702507 0.013997228507508399 -0.016925524266135025 0.6809119313083275 0.9327889891647243 10.294822970030328 -0.022167203451169733
decision_type=2 2 2 2 2 2 2 2 2 2 2 2 2 2
left_child=2 -2 3 7 8 6 -4 -1 9 11 -10 -5 13 -13
right_child=1 -3 5 4 -6 -7 -8 -9 10 -11 -12 12 -14 -15
leaf_value=0.0041087495104890591 -0.014348465979707216 -0.00093902800963755059 -0.020549491712766019 -0.020177040163895349 -0.021930953134584135 4.1582300435719626e-05 0.0049000569920403143 -0.0015459410596842789 0.025012460948732291 0.004881734213629761 -0.005436632085621701 0.029316974317342287 -0.017238122753115311 -0.0063562503045528134
leaf_weight=958.86205707490444 247.31569264829159 433.70228345692158 58.224514469504356 132.04192052781582 51.63348388671875 4552.5365796983242 2412.6664119958878 14503.279153883457 48.690602257847786 2882.9845736324787 659.00480772554874 62.346021637320518 71.675997257232666 52.011011630296707
leaf_count=3961 1109 1901 239 544 213 18796 9762 58984 199 11752 2711 257 292 211
internal_value=-0.000130072 -0.0058365 1.73061e-05 -0.000531601 0.00205691 0.00153497 0.00428422 -0.00119479 0.00238483 0.00363785 -0.0032771 -0.0075966 0.00145234 0.013262
internal_weight=27127 681.018 26446 19422.5 3960.39 7023.43 2470.89 15462.1 3908.75 3201.06 707.695 318.075 186.033 114.357
internal_count=110931 3010 107921 79124 16179 28797 10001 62945 15966 13056 2910 1304 760 468
is_linear=0
shrinkage=0.03


Tree=112
num_leaves=15
num_cat=0
split_feature=2 13 18 10 18 1 3 12 10 12 13 10 5 10
split_gain=17.7779 37.5793 35.3636 29.6036 27.9347 40.6614 35.6688 34.9181 27.6956 32.7453 42.4537 28.8631 29.3283 27.6234
threshold=-0.020464864364705179 0.022950326313511685 9.3035158088321754 0.69562271611934168 9.049864141919242 -0.020265224388529287 0.081329127990945174 -0.025841436297557082 0.92606507104236113 -0.088947395503113189 0.063082406616997835 0.57443657609933496 -0.036265031436466304 2.0760951817355626
decision_type=2 2 2 2 2 2 2 2 2 2 2 2 2 2
left_child=2 3 8 -2 6 -6 -3 -8 9 10 11 -1 -13 -4
right_child=1 4 13 -5 5 -7 7 -9 -10 -11 -12 12 -14 -15
leaf_value=-0.0092034088797200379 0.009969685703628035 0.00051832610707219177 0.0029472198121005791 -0.0070303273378949866 -0.0062152489688967793 -0.00022103315449471404 0.012436921526043801 -0.0010104638473196806 -0.0045119822851116438 0.0078087154640665013 -0.0061359507487782333 0.0083117722622947903 -0.0050993256745851673 -0.013738783008092765
leaf_weight=142.84476454555988 98.825371325016022 2135.9269410222769 5303.7863632291555 1105.0624891221523 1104.7461484670639 12775.572003647685 524.03781946003437 259.10327343642712 1376.2765735834837 481.22104179859161 796.38059386610985 650.63099119067192 187.85212573409081 88.873764902353287
leaf_count=608 405 8708 21551 4533 4660 52381 2120 1048 5576 1934 3265 2638 757 367
internal_value=3.97189e-05 -0.000505085 0.00112603 -0.0056206 -0.000137868 -0.000698944 0.00252873 0.0079966 -0.00116048 0.00088364 -0.000997628 0.00317629 0.00530219 0.00266723
internal_weight=27031.1 18003.3 9027.87 1203.89 16799.4 13880.3 2919.07 783.141 3635.21 2258.93 1777.71 981.328 838.483 5392.66
internal_count=110551 73855 36696 4938 68917 57041 11876 3168 14778 9202 7268 4003 3395 21918
is_linear=0
shrinkage=0.03


Tree=113
num_leaves=15
num_cat=0
split_feature=0 15 15 1 14 15 6 13 15 11 11 15 15 14
split_gain=25.8115 30.1513 25.0694 20.7209 16.8711 17.2044 17.4295 15.607 15.4129 15.0767 14.9088 35.5224 27.6294 28.359
threshold=-0.011910839274847483 -0.029140330631812535 -0.033766404584339764 -0.05011702670941575 0.17727037577423979 0.026805159154343009 0.03240973725245868 1.2562105650091282 0.029175507961626938 25.837533187200332 32.34094764884474 -0.0082538746597311512 0.02295819499303731 -0.048521614116369342
decision_type=2 2 2 2 2 2 2 2 2 2 2 2 2 2
left_child=1 -1 -2 9 7 6 -6 10 -5 -3 11 -4 13 -13
right_child=2 3 4 8 5 -7 -8 -9 -10 -11 -12 12 -14 -15
leaf_value=0.01582590084761519 -0.015812282738914871 0.0012808893270963343 -0.002554718499902305 -0.0026938948141166296 -0.013202083704342983 0.0084595049462342607 0.0042664252167201929 0.014061110514081385 0.010423441908958539 -0.011852135511700944 0.00017197924309095397 0.0091077605483797109 -0.015229454428039583 0.00018949547079577942
leaf_weight=72.818720415234566 84.570364758372307 98.941935211420059 760.9530972391367 1805.613923355937 221.77250173687935 58.212740480899811 65.670776516199112 73.626907527446747 82.43860924243927 375.20362393558025 21957.929616987705 976.05862848460674 54.479210257530212 477.73292285203934
leaf_count=304 376 409 3078 7464 1004 237 292 303 338 1580 89628 3964 221 1921
internal_value=1.31724e-05 -0.00293255 0.000303422 -0.00352371 0.000359999 -0.00620205 -0.00920923 0.000453841 -0.00211072 -0.00911774 0.000411331 0.00272521 0.00538889 0.0061814
internal_weight=27166 2435.02 24731 2362.2 24646.4 345.656 287.443 24300.8 1888.05 474.146 24227.2 2269.22 1508.27 1453.79
internal_count=111119 10095 101024 9791 100648 1533 1296 99115 7802 1989 98812 9184 6106 5885
is_linear=0
shrinkage=0.03


Tree=114
num_leaves=15
num_cat=0
split_feature=7 6 10 6 18 18 18 15 7 15 2 15 12 18
split_gain=21.1021 37.3903 36.4551 56.456 36.6992 53.9183 33.904 33.4502 29.325 31.4909 35.9381 34.1073 32.6999 30.0997
threshold=0.77279920698142524 0.0063372506252343799 0.80337006854790427 0.020494638083027341 9.684272940080044 9.6076374348704654 9.8166198341012834 -0.025240476479265524 1.2628316353342999 -0.00036133414801176039 0.030908659323639402 -0.005246342632983402 -0.24861987072643474 8.7131424462403952
decision_type=2 2 2 2 2 2 2 2 2 2 2 2 2 2
left_child=1 6 3 4 5 -2 -1 -3 9 10 11 13 -11 -5
right_child=2 7 -4 8 -6 -7 -8 -9 -10 12 -12 -13 -14 -15
leaf_value=0.0025091354631086166 0.0060024467815667495 -0.016414512941491561 1.2305557122257644e-05 -0.017045813405465099 0.017012978440949979 -0.02280628427176001 0.021261487138684629 -0.0015601407783488621 0.01732284721454504 -0.015334394941126261 -0.022269409659818894 0.017852624865563615 0.0018013153204374027 0.004252075687154259
leaf_weight=926.00456042587757 1645.3737095594406 136.78886106610298 14818.92469266057 75.620130747556686 262.36598896980286 58.685490325093269 93.84917901456356 8154.7936243116856 63.238867610692978 284.19029912352562 48.885369196534157 120.46012982726097 153.65078811347485 257.03114892542362
leaf_count=3733 6637 597 60607 307 1061 236 379 33403 265 1222 220 492 644 1046
internal_value=1.47627e-05 -0.00114217 0.000620424 0.00365311 0.00660524 0.00498474 0.004273 -0.0018091 -0.00213584 -0.00347917 0.00164955 0.00431665 -0.00934014 -0.000662416
internal_weight=27099.9 9311.44 17788.4 2969.5 1966.43 1704.06 1019.85 8291.58 1003.08 939.838 501.997 453.111 437.841 332.651
internal_count=110849 38112 72737 12130 7934 6873 4112 34000 4196 3931 2065 1845 1866 1353
is_linear=0
shrinkage=0.03


Tree=115
num_leaves=15
num_cat=0
split_feature=1 14 4 18 11 13 7 14 7 18 13 10 18 6
split_gain=18.8102 20.0285 24.6003 19.8894 18.3504 33.9456 56.8463 23.0383 20.6256 24.5594 26.1397 24.171 41.1713 35.6741
threshold=-0.014622463205244294 0.060255081971881015 0.019834415190753244 7.9137693744205411 32.82044709332574 0.017351780177010116 0.61933900383356721 -0.0094271418139943979 0.69350245518616782 8.9249272266994488 0.24432437354151917 1.5727626004412234 9.262403166972458 0.01228838793454414
decision_type=2 2 2 2 2 2 2 2 2 2 2 2 2 2
left_child=1 -1 -3 -2 -5 6 -6 -8 -7 -10 -11 13 -13 -12
right_child=3 2 -4 4 5 8 7 -9 9 10 11 12 -14 -15
leaf_value=-0.0010171921169611657 -0.014940518310439271 -0.014116540780826635 0.00038759681366056284 0.0038378873151461066 0.0098389142305086719 -0.0011321777237759277 -0.0046152456027416314 -0.014656950864006639 0.0048391068081215568 0.0013178486773085735 0.0073516021222598624 0.023820429361003349 -0.00042011839582228703 -0.0055345805632066357
leaf_weight=4986.7131777703762 73.55735319852829 238.95443195104599 186.67787659168243 1368.5939911007881 198.79796621203423 4856.505931392312 674.19953459501266 295.90969525277615 1443.0039824396372 10650.543427199125 220.20484997332096 76.27494215965271 324.07093676924706 1497.8047206550837
leaf_count=20452 306 1040 822 5529 807 19837 2728 1230 5853 43198 903 309 1429 6384
internal_value=2.98035e-05 -0.00155195 -0.00778312 0.0004248 0.000478489 0.000250945 -0.00470715 -0.00770209 0.000555342 0.00113208 0.000712461 -0.00232964 0.0042937 -0.00387627
internal_weight=27091.8 5412.35 425.632 21679.5 21605.9 20237.3 1168.91 970.109 19068.4 14211.9 12768.9 2118.36 400.346 1718.01
internal_count=110827 22314 1862 88513 88207 82678 4765 3958 77913 58076 52223 9025 1738 7287
is_linear=0
shrinkage=0.03


Tree=116
num_leaves=15
num_cat=0
split_feature=7 7 10 6 12 18 18 6 7 2 3 7 3 6
split_gain=19.4014 26.3343 37.0687 66.5836 42.2785 32.1869 36.8425 30.4365 28.7299 28.6694 26.4403 25.982 24.572 23.7938
threshold=0.3849997292569724 0.65926344907820633 0.79823557535302081 0.021478013656115357 -0.40111575380832071 9.684272940080044 9.589176976611208 0.021320124731479314 0.51577552101577551 -0.12315169323176843 -0.049568288899152872 1.1013783417222098 -0.13368385465809005 0.0099177204740482847
decision_type=2 2 2 2 2 2 2 2 2 2 2 2 2 2
left_child=12 7 3 5 -4 6 13 -2 10 -10 -9 -5 -1 -3
right_child=1 2 4 11 -6 -7 -8 8 9 -11 -12 -13 -14 -15
leaf_value=-0.013467670222374346 -0.0012529821020737424 0.0079095107107289286 0.015188795072226801 -0.0049378408702319028 -0.00051988129835897699 0.012420644949138668 -0.011997132841907005 -0.01372630150940251 0.0079282415835235723 -0.013793525297455185 0.013627479072370666 0.0071718761362687487 0.0087713497003008185 0.002030524748925636
leaf_weight=48.817247435450554 4361.2211292535067 1095.293294891715 153.59828397631645 1063.0762031376362 17163.432364374399 455.6604853272438 124.7206991314888 46.98804272711277 60.565429240465164 468.58046662807465 89.025278449058533 185.7195673584938 381.36344456672668 1427.6270980089903
leaf_count=199 17742 4411 650 4497 70176 1849 505 210 251 2018 371 772 1544 5784
internal_value=-0.000108492 -0.000210557 0.0002433 0.00271772 -0.000378811 0.00507072 0.00379737 -0.00216649 -0.00813435 -0.0112868 0.00411569 -0.00312831 0.006197 0.00458705
internal_weight=27125.7 26695.5 21669.1 4352.1 17317 3103.3 2647.64 5026.38 665.159 529.146 136.013 1248.8 430.181 2522.92
internal_count=110979 109236 88644 17818 70826 12549 10700 20592 2850 2269 581 5269 1743 10195
is_linear=0
shrinkage=0.03


Tree=117
num_leaves=15
num_cat=0
split_feature=3 3 15 6 10 10 10 15 7 6 12 14 15 10
split_gain=20.4902 22.4798 106.429 60.1148 56.5536 47.955 37.3974 37.5947 46.7651 45.7012 36.3181 42.6794 40.0506 28.7778
threshold=-0.30458910198585482 -0.07840392483014734 -0.00011776364936544324 0.0095362116072769468 0.66920171700387321 1.8274131118014603 0.65699022049951183 -0.00011776364936544324 1.5728684440039327 0.015548064301685158 -0.34002547564360963 -0.0022260969351131084 -0.012545512034119353 1.3390403062611751
decision_type=2 2 2 2 2 2 2 2 2 2 2 2 2 2
left_child=-1 2 3 -2 -4 10 -3 8 -8 -10 11 12 -5 -9
right_child=1 6 4 5 -6 -7 7 13 9 -11 -12 -13 -14 -15
leaf_value=0.0076808093730139654 -0.011092183214841803 0.0047386692332628258 -0.015838789824248838 -0.011246808088775748 -0.0042247650180106617 -0.024139197512714636 -0.0018130011011456848 0.0017578095316943866 -0.00089876859874018188 0.020315568033231382 0.0066852467976294327 -0.025431309126374979 0.0085709329140865997 -0.002785216119758154
leaf_weight=306.69995956122875 267.28658846020699 1584.5625060945749 489.90733228623867 148.22594916820526 1631.3770876973867 51.436011448502541 9341.1614261418581 9547.5135726034641 193.39088176190853 171.00819954276085 1662.0673066973686 62.969149142503738 233.92416325211525 1442.9301835596561
leaf_count=1301 1087 6447 2187 606 6713 211 38237 38725 785 703 6761 274 961 6027
internal_value=-4.15388e-06 -9.25758e-05 -0.00201437 0.0022769 -0.0069194 0.00394103 0.000299784 -4.04981e-05 -0.00140097 0.00911342 0.0046487 -0.00295161 0.000865619 0.00116096
internal_weight=27134.5 26827.8 4547.19 2425.91 2121.28 2158.62 22280.6 20696 9705.56 364.399 2107.19 445.119 382.15 10990.4
internal_count=111025 109724 18800 9900 8900 8813 90924 84477 39725 1488 8602 1841 1567 44752
is_linear=0
shrinkage=0.03


Tree=118
num_leaves=15
num_cat=0
split_feature=15 5 6 15 7 15 13 14 13 15 12 2 1 15
split_gain=23.302 19.1707 24.6035 72.3307 63.6969 32.3907 42.5091 34.2234 31.9359 49.467 27.1809 25.1117 22.5893 22.2532
threshold=0.04235986628591127 -0.16157594545451018 0.030682095091406219 -0.029140330631812535 1.5728684440039327 -0.00011776364936544324 0.5708307405003924 0.089125607989530856 0.16719482199976435 -0.012545512034119353 -0.31327608886177638 0.026449985220000197 -0.006818803193117339 0.0012707606293753673
decision_type=2 2 2 2 2 2 2 2 2 2 2 2 2 2
left_child=1 13 -3 -4 5 8 11 -8 9 -5 -6 -7 -11 -1
right_child=-2 2 3 4 10 6 7 -9 -10 12 -12 -13 -14 -15
leaf_value=0.014372077593891797 0.0086922967091279547 0.00013205458857363972 0.030953660614177401 -0.010192059936525222 0.030000279287345721 -0.019919687624018554 0.01772622925043512 -0.013402312773158943 -0.0079721283510840544 0.00461573210622164 0.0044766508887252327 -0.0061683477344273473 0.024910170776838342 -0.0077701878835942512
leaf_weight=161.15324997901917 276.46438246965408 25032.14124122262 50.728802129626274 126.25652781128883 50.771067962050438 360.20173418521881 69.8502596616745 55.112016275525093 434.58242306113243 112.75585396587849 133.39057879149914 181.9589404463768 87.413732051849365 53.06075893342495
leaf_count=695 1115 102099 208 515 211 1562 313 247 1882 463 557 813 358 222
internal_value=5.85783e-05 -3.07631e-05 -0.000102816 -0.00363405 -0.00475931 -0.00690298 -0.011719 0.00400277 -0.00266143 0.00441437 0.0117599 -0.0153441 0.013637 0.0088663
internal_weight=27185.8 26909.4 26695.2 1663.02 1612.29 1428.13 667.123 124.962 761.009 326.426 184.162 542.161 200.17 214.214
internal_count=111260 110145 109228 7129 6921 6153 2935 560 3218 1336 768 2375 821 917
is_linear=0
shrinkage=0.03


Tree=119
num_leaves=15
num_cat=0
split_feature=5 6 7 18 14 14 3 18 13 7 7 6 10 12
split_gain=16.3352 27.9997 53.7997 24.1257 35.759 22.5845 33.0837 35.2386 42.1747 30.035 31.6594 38.2559 40.7236 37.0284
threshold=-0.16157594545451018 0.031502745005371237 1.7020066473219277 10.055646469783783 -0.016073232110771492 -0.046593135572396964 0.039062204345684755 9.2794392474025233 0.48256967638805809 1.6316789968227494 1.2234802534779279 0.019529923091384353 1.4096501483059325 -0.27977529195504797
decision_type=2 2 2 2 2 2 2 2 2 2 2 2 2 2
left_child=-1 5 3 -3 -5 -2 9 -8 -9 10 11 12 -7 -12
right_child=1 2 -4 4 -6 6 7 8 -10 -11 13 -13 -14 -15
leaf_value=0.0083463518211146521 0.0021423717991797329 -0.0074840170193816967 0.015876958650513633 0.013186761454767045 -0.012478834966398492 0.00014102767858684601 0.0040008198308304913 0.00056959688011475041 -0.0098646405026066968 0.011017409745963548 0.017786941625599632 -0.005171641462739642 -0.012598147249310385 -0.0062528304717743713
leaf_weight=204.52553211152554 4118.8070345371962 1150.05648624897 109.65066689252853 129.16946053504944 75.957830309867859 10136.898195356131 2764.5739431530237 4525.3524680435658 375.72553464770317 177.68409475684166 58.063719749450684 1565.3065212816 228.98828957974911 1506.8045232892036
leaf_count=878 16721 4941 455 546 342 41071 11192 18577 1719 718 238 6615 932 6092
internal_value=-5.86527e-05 -0.000123118 -0.00415347 -0.00579519 0.00365417 0.000109092 -0.000283524 0.0012939 -0.000234008 -0.00116791 -0.00132994 -0.000803281 -0.000142764 -0.00533928
internal_weight=27127.6 26923 1464.83 1355.18 205.127 25458.2 21339.4 7665.65 4901.08 13673.7 13496.1 11931.2 10365.9 1564.87
internal_count=111037 110159 6284 5829 888 103875 87154 31488 20296 55666 54948 48618 42003 6330
is_linear=0
shrinkage=0.03


Tree=120
num_leaves=15
num_cat=0
split_feature=7 3 10 2 15 10 6 15 15 12 6 1 15 15
split_gain=19.7823 29.6206 39.0673 45.4061 22.7903 18.9733 69.6669 40.9148 26.0118 24.8433 35.8362 17.0575 36.2418 27.4043
threshold=0.40161055153109854 -0.1413358514511773 0.62266278153078691 0.023497565001429525 0.0003176515247766965 0.53209133883043935 0.0083373946530693639 0.0001425574247182482 -0.0056878611657023006 -0.45225190586108133 0.039066605142211899 0.041276530209569458 0.0054175995433696231 0.013262453840222845
decision_type=2 2 2 2 2 2 2 2 2 2 2 2 2 2
left_child=1 -1 4 -4 -3 6 -2 8 -8 10 -7 -11 -13 -14
right_child=5 2 3 -5 -6 9 7 -9 -10 11 -12 12 13 -15
leaf_value=-0.015528242694596668 0.02619001459555045 0.030416578807071753 0.0070674806402648959 -0.022237652019862431 0.0093739226128997707 0.024401241828575278 -0.0083810439156914197 -0.017018587778414213 0.013638963687859841 -0.00018944959755096141 -0.0058501947156503371 0.0072972602025622758 -0.0089351889633102182 0.0038679005617606324
leaf_weight=51.138725340366364 53.125387027859688 81.389901161193848 232.1872790157795 57.723997801542282 110.31441278755665 86.48711159825325 111.05154895782471 269.12658283114433 82.28434182703495 24454.485908359289 57.493017390370369 816.91195434331894 292.96803352236748 305.42724357545376
leaf_count=210 214 331 939 234 450 363 460 1237 339 99838 252 3406 1249 1248
internal_value=6.76136e-05 0.00578042 0.00809787 0.00112018 0.0185296 -4.75362e-05 -0.00573506 -0.00949943 0.00103443 6.56215e-05 0.0124068 -4.01808e-06 0.00319572 -0.00240924
internal_weight=27062.1 532.754 481.616 289.911 191.704 26529.4 515.588 462.462 193.336 26013.8 143.98 25869.8 1415.31 598.395
internal_count=110770 2164 1954 1173 781 108606 2250 2036 799 106356 615 105741 5903 2497
is_linear=0
shrinkage=0.03


Tree=121
num_leaves=15
num_cat=0
split_feature=7 7 10 6 15 15 18 18 12 7 2 15 12 6
split_gain=20.0891 20.8184 35.0801 66.1183 55.569 43.9965 32.6051 35.8002 29.2111 28.4806 27.9538 26.1616 25.7289 38.5507
threshold=0.40161055153109854 0.65926344907820633 0.80337006854790427 0.021815093956398329 -0.00036133414801176039 -0.0048020152361112336 9.684272940080044 9.6076374348704654 -0.45225190586108133 1.148162654496633 -0.011481808989199481 -0.0038433543728602078 -0.17728985046858034 0.010037789005498279
decision_type=2 2 2 2 2 2 2 2 2 2 2 2 2 2
left_child=-1 -2 3 6 5 10 7 12 -4 -6 -5 -7 -3 -14
right_child=1 2 8 4 9 11 -8 -9 -10 -11 -12 -13 13 -15
leaf_value=0.0057471194107427482 -0.0018408066976568647 0.01061363589306988 0.022326968202141386 0.0017244305232827046 -0.012444515362367636 0.034022338661793487 0.012062144217286392 -0.013404376246804829 -0.0003620605097207027 0.0068582433814792683 -0.017127054305556562 0.0078673658413532417 0.0066449926885999303 -0.0012924294628092975
leaf_weight=542.32858589291573 4898.2566726654768 478.87059208750725 49.222362026572227 397.81072778999805 511.98011903464794 50.264171093702316 485.70464392006397 104.68713675439358 17108.733940288424 78.1212158203125 84.047488391399384 105.95401230454445 1181.0573458224535 1029.2581304013729
leaf_count=2203 20088 1952 214 1627 2234 208 1973 426 69999 320 366 438 4756 4161
internal_value=4.19759e-05 -7.49239e-05 0.000324446 0.00267897 -0.00325447 0.00287961 0.00490162 0.00364905 -0.000294376 -0.00987456 -0.00162092 0.0166066 0.00432239 0.00295102
internal_weight=27106.3 26564 21665.7 4507.76 1228.18 638.076 3279.58 2793.87 17158 590.101 481.858 156.218 2689.19 2210.32
internal_count=110965 108762 88674 18461 5193 2639 13268 11295 70213 2554 1993 646 10869 8917
is_linear=0
shrinkage=0.03


Tree=122
num_leaves=15
num_cat=0
split_feature=1 2 15 15 2 6 12 15 18 15 10 15 15 13
split_gain=17.5406 36.0189 20.9352 22.6193 20.8092 39.9629 38.4148 35.0019 33.2855 66.9346 32.6832 31.0554 51.6403 33.8432
threshold=-0.059593190030816194 -0.15662576809619463 -0.00044398695601710608 -0.0053864341552669606 -0.02102072159805601 0.0089619399459321299 -0.13590276347139599 0.0053473262651859707 9.3202415459340084 -0.013443614575673111 2.2065564219004568 -0.029140330631812535 -0.01812390067702507 0.077580672181240554
decision_type=2 2 2 2 2 2 2 2 2 2 2 2 2 2
left_child=1 -1 3 -3 5 6 7 -2 -7 -10 11 -6 13 -13
right_child=4 2 -4 -5 10 8 -8 -9 9 -11 -12 12 -14 -15
leaf_value=0.0067282575876807336 -0.01755739792345859 -0.0082753166205038926 -0.015541037102844527 0.0096497157891443242 -0.017800943326070254 -0.002145787046769744 0.0073051787643874369 0.012363953403065545 -0.0051195950906880276 0.0041996793138299919 0.01113727395907369 0.014633989379730315 -0.00084691881290530806 0.0010226282026137492
leaf_weight=186.31327676773071 109.56798966228962 239.05445194244385 222.20590645074844 84.09464555978775 92.189135894179344 2824.6845611482859 1379.9808654487133 49.710725277662277 892.3359889537096 3090.8516243994236 213.36106915771961 321.60111673176289 17056.633409142494 334.84084685146809
leaf_count=788 443 996 954 348 433 11516 5551 200 3642 12564 923 1313 69892 1377
internal_value=-3.34228e-05 -0.00460887 -0.00849249 -0.00357994 9.38892e-05 0.001332 0.00569412 -0.00818146 0.000344336 0.0021104 -0.000479748 -0.00062019 -0.000528772 0.00771524
internal_weight=27097.4 731.668 545.355 323.149 26365.8 8347.13 1539.26 159.279 6807.87 3983.19 18018.6 17805.3 17713.1 656.442
internal_count=110940 3086 2298 1344 107854 33916 6194 643 27722 16206 73938 73015 72582 2690
is_linear=0
shrinkage=0.03


Tree=123
num_leaves=15
num_cat=0
split_feature=2 15 6 15 2 13 1 10 15 14 15 11 15 15
split_gain=19.4414 39.4176 44.026 53.0785 43.0314 55.9943 47.5829 39.3628 45.3531 41.8855 35.86 31.9467 38.2028 30.9878
threshold=-0.011960524266493076 0.011542245002382769 0.0068171697036933047 0.014856355070789641 0.044286221127904486 0.024398139589895122 0.064114391946235486 1.4096501483059325 -0.0026671606826411671 0.095247499535042759 0.0054175995433696231 61.633427603802922 -0.0007506926367772947 0.015471462215651767
decision_type=2 2 2 2 2 2 2 2 2 2 2 2 2 2
left_child=13 4 3 -3 5 -2 7 9 -9 -6 -8 -11 -13 -1
right_child=1 2 -4 -5 6 -7 10 8 -10 11 -12 12 -14 -15
leaf_value=0.0014127183628603387 -0.0083578230617662452 0.017377906384827498 0.0032590245382012727 -0.015255636711641159 -0.0050148823926435401 0.00029617677928609815 0.014997695351959012 0.011645482553176795 -0.0049853390104756664 -0.027879480862309802 -0.007674818471374939 -0.020539547605566696 -0.0022132036616263301 -0.005000356068423752
leaf_weight=10162.409872800112 727.2004806548357 53.768958449363708 3106.2922020852566 231.28452144563198 1957.2436681091785 8714.5025911480188 187.29074983298779 236.98688153922558 383.93389157950878 122.1212707310915 92.432486042380333 183.41873198747635 229.79681500792503 724.63810622692108
leaf_count=41332 3004 216 12672 931 8134 35453 796 993 1683 578 410 829 1028 2965
internal_value=4.40254e-06 -0.000653589 0.00222207 -0.00902186 -0.00141365 -0.000371984 -0.00431016 -0.00537574 0.00137916 -0.0070582 0.00750443 -0.0144823 -0.0104077 0.000985026
internal_weight=27113.3 16226.3 3391.35 285.053 12834.9 9441.7 3393.22 3113.5 620.921 2492.58 279.723 535.337 413.216 10887
internal_count=111024 66727 13819 1147 52908 38457 14451 13245 2676 10569 1206 2435 1857 44297
is_linear=0
shrinkage=0.03


Tree=124
num_leaves=15
num_cat=0
split_feature=7 10 6 15 15 2 15 13 1 6 15 15 12 10
split_gain=19.0732 48.0532 26.0663 52.5026 38.5701 33.931 28.3677 33.0447 31.1618 40.9643 36.036 31.4523 30.3167 44.6219
threshold=1.4867879618397362 1.0354749001130286 0.030302005769480337 -0.025240476479265524 -0.018734256176159644 -0.1483808932247139 0.0048898286061258575 0.0038695134118742485 -0.004446721226893712 0.011946538997228374 0.018494200671836939 0.036091970431443084 -0.16051768150211745 0.67708393307273496
decision_type=2 2 2 2 2 2 2 2 2 2 2 2 2 2
left_child=2 -2 6 -4 -5 -6 7 -1 9 10 -8 -12 -9 -14
right_child=1 -3 3 4 5 -7 8 12 -10 -11 11 -13 13 -15
leaf_value=-0.0095972527239281107 0.018359275658922536 0.0013595512660117624 0.015011183887243287 -0.023799900114660329 0.0042611527589327706 -0.0066663869067619301 0.010511524847946162 0.0021207496212596114 0.000187644315966188 0.00051911578402116896 -0.0081883645902192121 0.015675124024029218 0.0048609942939944481 -0.0016649970964410013
leaf_weight=362.64301370084286 166.96811626851559 1312.818993717432 121.01390327513218 93.862692147493362 331.74533416330814 1097.3755845576525 1030.5036452710629 3246.3421044051647 5211.0747186392546 1338.7325686663389 190.83996167778969 64.997800156474113 1025.0878467708826 11520.502151802182
leaf_count=1467 687 5404 494 403 1398 4807 4144 13319 21186 5539 774 261 4153 46998
internal_value=-9.45323e-06 0.00329986 -0.000200729 -0.00385278 -0.0053694 -0.00412734 4.98329e-05 -0.000668639 0.00153079 0.00419491 0.00801367 -0.00205108 -0.000462415 -0.00113107
internal_weight=27114.5 1479.79 25634.7 1644 1522.98 1429.12 23990.7 16154.6 7836.15 2625.07 1286.34 255.838 15791.9 12545.6
internal_count=111034 6091 104943 7102 6608 6205 97841 65937 31904 10718 5179 1035 64470 51151
is_linear=0
shrinkage=0.03


Tree=125
num_leaves=15
num_cat=0
split_feature=1 2 11 13 4 5 3 13 18 5 5 3 4 13
split_gain=16.9725 34.8706 18.021 25.4786 18.2057 17.4184 17.1866 36.114 33.1605 52.0372 31.6026 27.6671 26.6751 25.8349
threshold=-0.059593190030816194 -0.15662576809619463 32.105348495730397 0.01809726803884493 -0.015484584116143783 -0.032754366587664001 0.069880017567633526 0.1548791467527291 9.2519022163565463 0.019389370281816646 -0.021887821029981543 0.22135580760206255 0.023027008624988302 0.13723535338077711
decision_type=2 2 2 2 2 2 2 2 2 2 2 2 2 2
left_child=1 -1 -2 4 -4 -6 7 12 11 10 -10 13 -5 -8
right_child=2 -3 3 6 5 -7 8 -9 9 -11 -12 -13 -14 -15
leaf_value=0.0067350596360205251 0.0025670822384898347 -0.0084275755725256273 0.0015120739068317816 2.494729667599134e-05 -0.014261386433218049 -0.0041874836557842417 0.013367556915604631 -0.0028439288907953966 -0.01358466960443299 -0.0015416631088796117 0.010849684564146029 0.012455668045958867 0.0051849305469372367 0.0015222534189041688
leaf_weight=181.56258182227612 2436.5705175548792 533.26583363115788 410.10715840756893 11942.228163510561 184.05609083175659 932.0768029242754 188.74423043429852 4009.9557266831398 51.031678825616837 3142.5944457799196 490.95459915697575 349.64627343416214 973.31908109784126 1268.624831750989
leaf_count=769 9866 2250 1672 48461 751 3814 759 16644 213 13242 1998 1429 3951 5149
internal_value=-1.35479e-05 -0.0045683 0.000110211 -0.000140003 -0.00388794 -0.00587126 0.000115495 -0.000357689 0.00157348 -5.96545e-05 0.00850754 0.0048999 0.000414548 0.00307256
internal_weight=27094.7 714.828 26379.9 23943.3 1526.24 1116.13 22417.1 16925.5 5491.6 3684.58 541.986 1807.02 12915.5 1457.37
internal_count=110968 3019 107949 98083 6237 4565 91846 69056 22790 15453 2211 7337 52412 5908
is_linear=0
shrinkage=0.03


Tree=126
num_leaves=15
num_cat=0
split_feature=1 15 15 6 18 7 16 15 15 15 15 12 14 15
split_gain=20.7189 22.7681 35.161 26.2247 29.5634 25.7229 28.1982 42.8596 31.6472 28.7174 23.8173 23.6822 20.902 34.9803
threshold=0.020205226561667903 0.0054175995433696231 0.018810014941808898 0.020016418813343727 8.8251161962210958 1.249897715657408 -0.85861643640126084 -0.0034739432239292429 0.0038281287854777806 0.00082273213387118471 -0.0070062464438827013 -0.044768317530011974 -0.048521614116369342 -0.029140330631812535
decision_type=2 2 2 2 2 2 2 2 2 2 2 2 2 2
left_child=12 5 3 -3 -5 6 7 10 -9 -8 -2 -11 13 -1
right_child=1 2 -4 4 -6 -7 9 8 -10 11 -12 -13 -14 -15
leaf_value=0.020509560614659379 0.0012274654115036533 0.00041702555724596271 0.0060073738314060385 0.0076175947025169839 -0.012508437345287945 0.0090762237052829341 0.002410405232044918 -0.011631698992315294 0.011816560050854507 0.021541237423960524 0.019029940507309929 0.0022763974449598683 -0.00082703011006274264 0.0010964829788681092
leaf_weight=83.207541346549988 316.47025191783905 551.79374773800373 450.76180151104927 77.293876558542252 395.3756070882082 611.67994095385075 707.72929704189301 381.85043804347515 58.23412798345089 151.59575179219246 84.130097150802612 92.552495896816254 18828.339688315988 4288.5480119287968
leaf_count=344 1308 2251 1829 318 1719 2515 2918 1603 243 625 346 388 76973 17547
internal_value=-5.37427e-05 0.00197496 -0.000958326 -0.00402895 -0.00919907 0.0037741 0.00195675 -0.00204479 -0.00848949 0.00548772 0.00504213 0.0143161 -0.000393119 0.00147518
internal_weight=27079.6 3879.47 1475.23 1024.46 472.669 2404.24 1792.56 840.685 440.085 951.878 400.6 244.148 23200.1 4371.76
internal_count=110927 16063 6117 4288 2037 9946 7431 3500 1846 3931 1654 1013 94864 17891
is_linear=0
shrinkage=0.03


Tree=127
num_leaves=15
num_cat=0
split_feature=1 2 14 12 15 18 18 5 15 10 18 18 3 10
split_gain=19.42 35.5626 15.6303 27.2638 25.7613 29.5358 19.3864 32.4549 31.6401 52.3896 53.6187 31.1621 40.5888 48.6743
threshold=-0.075098804153169926 -0.15662576809619463 0.14387471358857365 -0.068523979602365157 0.02295819499303731 9.1995185685796503 9.7186622950488211 0.052023192106370526 -0.016925524266135025 1.0899190094808777 10.12819483653783 9.6076374348704654 0.19683736245650876 1.549331204114043
decision_type=2 2 2 2 2 2 2 2 2 2 2 2 2 2
left_child=1 -1 6 -4 5 -5 11 8 9 -8 -11 12 -2 -14
right_child=2 -3 3 4 -6 -7 7 -9 -10 10 -12 -13 13 -15
leaf_value=0.0061540537428339866 0.00010462557654716045 -0.012487970359587685 -0.012451882685743236 0.0097894239016738452 0.01783034793291639 -0.0083161570476388922 -0.013888986609451627 -0.0034013739320096583 0.0036970333047318441 0.018696337270105612 -0.013521430662136702 -0.0037444787439951154 0.0037242720178564141 0.02578380800654476
leaf_weight=136.87218654155731 17927.459776595235 273.43149235844612 233.50779728591442 115.10683695971966 61.83313275873661 262.15150956809521 245.77985195815563 859.84096267819405 4360.1440374553204 123.71656602621078 71.996624976396561 1840.6314929574728 416.80965180695057 113.15209390223026
leaf_count=582 73007 1163 1059 470 251 1211 1015 3687 17795 508 295 7536 1731 467
internal_value=0.000191515 -0.00626954 0.00029152 -0.00421682 0.000199165 -0.0027694 0.000408645 0.00196064 0.00292184 -0.004716 0.00682756 -2.43839e-05 0.000346961 0.00851343
internal_weight=27042.4 410.304 26632.1 672.599 439.091 377.258 25959.5 5661.48 4801.64 441.493 195.713 20298.1 18457.4 529.962
internal_count=110777 1745 109032 2991 1932 1681 106041 23300 19613 1818 803 82741 75205 2198
is_linear=0
shrinkage=0.03


Tree=128
num_leaves=15
num_cat=0
split_feature=7 3 11 13 10 6 15 14 18 18 6 12 6 2
split_gain=23.2698 27.794 22.6289 23.6534 21.4378 57.2802 40.4301 42.2628 25.9963 51.836 39.7711 23.5799 33.6133 21.3485
threshold=0.3849997292569724 -0.12643277409476902 43.47168952773702 0.20911735478322516 0.56559396391938022 0.0085213822925079476 -0.00011776364936544324 -0.024246840903204166 7.9137693744205411 8.2602686839860109 0.021478013656115357 -0.45225190586108133 0.039066605142211899 0.025891995740013222
decision_type=2 2 2 2 2 2 2 2 2 2 2 2 2 2
left_child=1 -1 -3 -4 5 -2 7 -7 10 -10 -6 12 -11 -5
right_child=4 2 3 13 8 6 -8 -9 9 11 -12 -13 -14 -15
leaf_value=-0.013362982743090465 0.014784012626072367 0.021299371693740233 -0.0047949290540791906 0.02096800284360581 -0.034121580373611002 0.0096357271085825563 -0.014322458027838268 -0.013926984437344157 0.012886502395727513 0.025216736141625694 0.0036940857142530826 -5.838806183902187e-05 -0.004898253842845075 -0.0028814094367846221
leaf_weight=51.365288436412811 112.21037995815277 107.78149069845676 119.97921732068062 98.631743982434273 47.919247195124626 174.08914005756378 398.12879863381386 110.13982555270195 282.44192798435688 76.589971587061882 49.496903285384178 25331.5198494941 56.987001836299896 50.187267228960991
leaf_count=210 453 438 485 402 203 709 1802 464 1142 323 201 103593 250 203
internal_value=5.38848e-05 0.00697752 0.00980789 0.00507681 -5.78539e-05 -0.00490525 -0.00817679 0.000471571 9.15406e-05 0.000150649 -0.0152198 8.3902e-06 0.0124863 0.0129935
internal_weight=27067.5 427.945 376.58 268.798 26639.5 794.568 682.358 284.229 25845 25747.5 97.4162 25465.1 133.577 148.819
internal_count=110878 1738 1528 1090 109140 3428 2975 1173 105712 105308 404 104166 573 605
is_linear=0
shrinkage=0.03


Tree=129
num_leaves=15
num_cat=0
split_feature=7 18 10 10 6 15 15 13 15 15 7 3 11 10
split_gain=17.17 30.1734 32.5428 21.9355 64.0244 30.1675 27.6159 18.4748 27.1108 36.4576 32.8186 24.8061 23.9027 30.5794
threshold=0.36667273658520655 9.6654966895489789 0.65257453416742028 0.53209133883043935 0.0085671836643781921 1.0000000180025095e-35 -0.0056878611657023006 0.46885633674793786 0.013262453840222845 -0.003079860511940868 1.2993695308700126 0.27496832316823477 72.935136933556308 0.93558678197056278
decision_type=2 2 2 2 2 2 2 2 2 2 2 2 2 2
left_child=1 -1 -3 4 -2 6 -6 11 9 10 -9 -5 13 -11
right_child=3 2 -4 7 5 -7 -8 8 -10 12 -12 -13 -14 -15
leaf_value=-4.3407493029475244e-05 0.021977835778067778 0.036583772299101515 0.0043076293919489268 0.00014035953741968734 -0.010150776587001914 -0.016111321613551496 0.012430945864539559 -0.0027369722711592312 0.0061503688405970779 0.00012829441666576405 0.019105970073768991 0.015875314437926925 0.0025625538011817615 -0.017221245754625157
leaf_weight=201.85181072354317 62.707614973187447 50.636784985661507 61.663577407598495 24915.794906839728 115.71935158967972 280.75594979524612 81.186955630779266 329.39809510111809 211.1700840741396 120.46597920358181 74.139894425868988 88.499625727534294 106.71435829997063 376.97124807536602
leaf_count=821 253 208 250 101590 480 1302 334 1427 886 526 308 377 499 1693
internal_value=-2.00287e-05 0.00693034 0.0192466 -0.000102124 -0.00607388 -0.0098328 -0.000808674 2.13869e-05 -0.00358214 -0.00562981 0.00135055 0.000197317 -0.0102814 -0.013036
internal_weight=27077.7 314.152 112.3 26763.5 540.37 477.662 196.906 26223.2 1218.86 1007.69 403.538 25004.3 604.152 497.437
internal_count=110954 1279 458 109675 2369 2116 814 107306 5339 4453 1735 101967 2718 2219
is_linear=0
shrinkage=0.03


Tree=130
num_leaves=15
num_cat=0
split_feature=7 18 10 5 15 10 18 15 6 5 1 15 15 10
split_gain=21.4486 24.1616 63.5801 20.2143 17.4707 21.9592 21.3401 16.9043 72.2418 44.1446 44.2708 42.9206 60.771 42.312
threshold=0.40161055153109854 9.6654966895489789 0.62799819903536214 -0.0092233563107647059 -0.0007506926367772947 0.70623637539817075 9.2482075280461569 0.0048898286061258575 0.030682095091406219 -0.05697456202324374 -0.0047690122317045605 -0.012545512034119353 -1.0000000180025095e-35 1.4881175956643566
decision_type=2 2 2 2 2 2 2 2 2 2 2 2 2 2
left_child=1 4 -3 -4 -1 6 -6 9 -9 11 -11 13 -13 -2
right_child=7 2 3 -5 5 -7 -8 8 -10 10 -12 12 -14 -15
leaf_value=0.01101362194577217 -0.00071891419074240968 0.038434858679859442 0.014786226231053108 -0.010715616898750085 -0.0011922835375529157 0.0075032101303018064 -0.024513007630502071 0.0016567018441748672 -0.0096708829904026319 -0.0033986520427088064 -5.9022147741400587e-05 0.0093021809755032808 -0.0035901927921027357 -0.026450108486854525
leaf_weight=116.24875900149345 666.74852825701237 63.50462543964386 49.679420247673988 59.000597506761551 89.864528328180313 103.81006909906864 56.410315647721291 8063.4860590845346 538.68997892737389 5566.1469254493713 9967.3987594991922 1205.6476554423571 451.06316184997559 60.958922386169434
leaf_count=471 2726 262 202 239 368 421 231 32876 2369 22821 40804 4939 1895 252
internal_value=-2.71707e-05 0.00588892 0.0150883 0.000998234 0.00150657 -0.00296498 -0.0103952 -0.000147738 0.000945257 -0.000672517 -0.001256 0.0031265 0.00579195 -0.00294096
internal_weight=27058.7 538.518 172.185 108.68 366.334 250.085 146.275 26520.1 8602.18 17918 15533.5 2384.42 1656.71 727.707
internal_count=110876 2194 703 441 1491 1020 599 108682 35245 73437 63625 9812 6834 2978
is_linear=0
shrinkage=0.03


Tree=131
num_leaves=15
num_cat=0
split_feature=10 18 2 15 15 15 15 16 3 18 6 18 6 10
split_gain=18.4244 25.158 21.7437 67.1644 59.9526 48.3571 82.5601 39.9508 39.6063 36.6831 34.451 33.313 32.8819 32.8605
threshold=2.4041185900921778 9.9417677196230141 0.027649622997430349 0.016597698005428544 -0.013692918770723315 0.02295819499303731 0.036091970431443084 -0.85861643640126084 0.018163466087800954 9.5721533341851686 0.020997603844779503 7.9137693744205411 0.0094814906579756969 1.0151341160908984
decision_type=2 2 2 2 2 2 2 2 2 2 2 2 2 2
left_child=2 -2 5 4 7 11 10 -4 -6 -10 -7 -1 13 -5
right_child=1 -3 3 12 8 6 -8 -9 9 -11 -12 -13 -14 -15
leaf_value=-0.018335550010092402 0.016547839304616622 -0.0057895980242058135 0.013764674797960518 -0.018162415601081911 -0.0081751902405736258 -0.016316234657767589 0.006755911110967636 -0.0029992459016297502 -3.8103487600797688e-05 -0.0062563631291175266 0.0072523863456988979 0.00091241171432515438 0.0059317050857233362 0.0075915303121571152
leaf_weight=79.278282567858696 133.40288251638412 66.998561531305313 303.75261163711548 106.89932252466679 1406.5867881476879 468.91574370861053 271.11731533706188 218.96391032636166 2384.3664814978838 1328.1669935286045 62.171785101294518 18857.505362376571 1302.8391918689013 74.007863163948059
leaf_count=333 562 302 1249 429 5898 1916 1094 914 9829 5760 271 76768 5305 297
internal_value=7.91373e-05 0.00909653 1.11981e-05 -0.0014091 -0.00290273 0.000524003 -0.00668115 0.00675767 -0.00389141 -0.00226487 -0.0135403 0.000829903 0.00426658 -0.00765885
internal_weight=27065 200.401 26864.6 7125.58 5641.84 19739 802.205 522.717 5119.12 3712.53 531.088 18936.8 1483.75 180.907
internal_count=110927 864 110063 29681 23650 80382 3281 2163 21487 15589 2187 77101 6031 726
is_linear=0
shrinkage=0.03


Tree=132
num_leaves=15
num_cat=0
split_feature=1 18 15 10 5 7 13 18 10 13 18 3 15 7
split_gain=18.2338 21.8125 33.1035 37.5372 44.2793 45.9525 37.6928 26.1466 63.1137 31.414 28.9095 27.2919 44.7038 50.8493
threshold=0.020205226561667903 10.478678626728863 -0.0077741553916257358 1.4230393074311409 0.015315862743154553 0.82705378603134116 0.13456471829233743 10.109011406589619 0.6848146055927381 0.054657041816104653 10.257930211767098 0.036261318055808463 -0.01812390067702507 0.99021078036710086
decision_type=2 2 2 2 2 2 2 2 2 2 2 2 2 2
left_child=1 7 -3 4 5 -4 -7 11 -9 10 -10 12 13 -1
right_child=-2 2 3 -5 -6 6 -8 8 9 -11 -12 -13 -14 -15
leaf_value=-0.0011605203140095282 0.0019725791569615691 -0.0045140596713491256 0.022190174010617989 0.02758800454385733 -0.0057981061353566078 0.0089326106725758532 -0.019500000200818813 0.016038695683715468 -0.012014147672422416 -0.011319927121969086 0.008317245870349807 0.0014227784038786607 -0.0013617088480012377 0.012496413943402868
leaf_weight=521.86974559724331 3869.4813149124384 280.08597733080387 180.64647044241428 74.060367777943611 213.15128883719444 164.6756978482008 54.096725642681122 111.04457235336304 97.148315459489822 643.20314973592758 170.39956212043762 6382.7323148697615 13854.310010820627 460.59733670949936
leaf_count=2169 16040 1155 734 311 886 670 225 460 395 2690 689 26154 56506 1895
internal_value=6.65833e-05 -0.000251347 0.00415545 0.0076947 0.00520762 0.0110805 0.001789 -0.000443244 -0.00512588 -0.00773589 0.000900423 -0.000217296 -0.000922948 0.00525446
internal_weight=27077.5 23208 966.717 686.631 612.57 399.419 218.772 22241.3 1021.8 910.751 267.548 21219.5 14836.8 982.467
internal_count=110979 94939 3981 2826 2515 1629 895 90958 4234 3774 1084 86724 60570 4064
is_linear=0
shrinkage=0.03


Tree=133
num_leaves=15
num_cat=0
split_feature=14 3 18 15 5 3 15 6 13 15 6 13 15 6
split_gain=19.5085 19.4715 40.3721 54.7618 36.2579 34.5002 31.3984 28.6025 36.1805 32.4731 31.758 28.7601 28.3683 63.6104
threshold=0.19559172626778534 0.069880017567633526 9.2519022163565463 0.02295819499303731 0.025395681850302613 0.12923502974855341 -0.003079860511940868 0.025801690188789504 0.34758626175110535 -0.01812390067702507 0.0086630080605553262 0.28900593492214605 0.02295819499303731 0.0082482973551466793
decision_type=2 2 2 2 2 2 2 2 2 2 2 2 2 2
left_child=1 12 -3 4 7 -6 -7 8 9 -4 -11 -9 -1 -14
right_child=-2 2 3 -5 5 6 -8 11 -10 10 -12 -13 13 -15
leaf_value=4.507800425631886e-05 -0.0076306113760515647 0.0055526063725720555 -0.015996342543369596 0.013248950640043149 0.0005989043566604717 0.001419286389229744 -0.0091998618484665697 -0.022314909949285623 0.0284347854939726 -0.011188042534449966 0.010675301245741032 0.0029255240971508153 -0.017231796563756552 -0.0010572824431483855
leaf_weight=20031.836587414145 289.40247291326523 1733.3689646273851 56.858911663293839 258.69203150272369 1359.0780226886272 344.47547616064548 912.76133506000042 60.91262212395668 65.385270684957504 67.958947002887726 421.25501236319542 113.61467388272285 276.71636824309826 1019.8740624785423
leaf_count=81774 1303 7034 231 1041 5617 1474 3969 255 266 274 1698 490 1124 4171
internal_value=8.96502e-05 0.000173824 0.0017837 -2.81329e-06 -0.0010176 -0.00271502 -0.00629264 0.00462518 0.00767816 0.00509812 0.00760498 -0.00603678 -0.000233474 -0.00453045
internal_weight=27012.2 26722.8 5394.36 3660.99 3402.3 2616.31 1257.24 785.985 611.458 546.073 489.214 174.527 21328.4 1296.59
internal_count=110721 109418 22349 15315 14274 11060 5443 3214 2469 2203 1972 745 87069 5295
is_linear=0
shrinkage=0.03


Tree=134
num_leaves=15
num_cat=0
split_feature=1 2 7 7 10 12 12 18 14 18 13 11 13 18
split_gain=21.5378 28.5958 15.0195 18.0155 29.4699 40.231 35.1305 29.8782 52.1034 27.0197 26.3601 25.4283 48.58 28.8915
threshold=-0.075098804153169926 -0.15662576809619463 0.40161055153109854 0.65926344907820633 0.80084134234384707 -0.076044266684342929 -0.40111575380832071 9.0914547943373218 1.0000000180025095e-35 8.5077427946721063 0.070998138638698652 26.862555404117462 0.020181060446070268 9.7257115745960458
decision_type=2 2 2 2 2 2 2 2 2 2 2 2 2 2
left_child=1 -1 -2 -4 5 7 -6 9 -9 10 -5 -8 13 -13
right_child=2 -3 3 4 6 -7 11 8 -10 -11 -12 12 -14 -15
leaf_value=0.004334686621086891 0.0050834936838409636 -0.012373491284309621 -0.0015978869223792235 0.010767774780741819 0.015372461351650105 0.0066650318682974349 0.0056747544577814982 0.0019475259801512742 -0.0085792677344019696 0.0075149918007023008 -0.010854019615201101 -0.0071254957083232645 6.0013858261734783e-05 0.0036346716480127796
leaf_weight=137.64270657300949 541.20068177580833 272.14672507345676 4889.2997290194035 71.866147011518478 128.30043357610703 1467.1204195320606 622.45251943171024 1230.0442981123924 642.67478214204311 756.5415036380291 160.87723082304001 1378.157776042819 14483.825035959482 266.94017371535301
leaf_count=586 2207 1159 20066 297 545 5922 2515 5040 2708 3121 659 5619 59344 1086
internal_value=4.08946e-05 -0.00676765 0.00014613 4.33611e-05 0.000421836 0.0026294 -0.000144583 0.000557449 -0.00167033 0.0047695 -0.00414282 -0.00026525 -0.000495164 -0.00537721
internal_weight=27049.1 409.789 26639.3 26098.1 21208.8 4329.12 16879.7 2862 1872.72 989.285 232.743 16751.4 16128.9 1645.1
internal_count=110874 1745 109129 106922 86856 17747 69109 11825 7748 4077 956 68564 66049 6705
is_linear=0
shrinkage=0.03


Tree=135
num_leaves=15
num_cat=0
split_feature=2 15 15 15 15 15 15 18 18 6 12 15 6 16
split_gain=18.2388 66.9295 55.4219 43.0306 41.5219 48.6124 42.8499 51.5534 42.6211 41.6136 36.8911 32.2095 118.568 63.7134
threshold=0.027649622997430349 0.011542245002382769 -0.0083869076811864379 -0.0089604588022398329 0.014876042202137897 0.039842445997570593 0.030326241315266959 10.072560990441557 9.3650364171149096 0.019529923091384353 -0.053270540134754733 0.0054175995433696231 0.021815093956398329 -0.85861643640126084
decision_type=2 2 2 2 2 2 2 2 2 2 2 2 2 2
left_child=4 2 3 -2 11 6 7 8 10 -8 -6 -1 13 -13
right_child=1 -3 -4 -5 5 -7 9 -9 -10 -11 -12 12 -14 -15
leaf_value=0.00019744508557022951 0.0013918749079725198 0.0032693670534265271 -0.0047450451159484711 0.027893278799964116 -0.012212956584749702 0.01029586409614448 -0.019526387294581067 -0.023109029184709279 0.004345207068919537 0.0091896700326863177 0.003553344587400877 0.0021742575598185446 -0.0094648693143001925 0.011433122265964202
leaf_weight=14668.599998950958 1061.263619557023 2008.2048371136189 4181.7844174057245 56.182430922985077 399.36808067560196 191.34280887246132 287.72604922950268 104.60179913043976 595.23392534255981 52.632151573896408 199.06501354277134 1631.3585542142391 532.18714193999767 1133.1897935122252
leaf_count=59741 4429 8211 17619 233 1646 771 1175 431 2419 225 800 6583 2272 4568
internal_value=-0.000111678 -0.00139235 -0.00315953 0.00277175 0.000361176 -0.00394134 -0.00561435 -0.0031192 -0.00133175 -0.0150581 -0.00697403 0.000799825 0.00347833 0.00597499
internal_weight=27102.7 7307.44 5299.23 1117.45 19795.3 1829.97 1638.63 1298.27 1193.67 340.358 598.433 17965.3 3296.74 2764.55
internal_count=111123 30492 22281 4662 80631 7467 6696 5296 4865 1400 2446 73164 13423 11151
is_linear=0
shrinkage=0.03


Tree=136
num_leaves=15
num_cat=0
split_feature=7 10 6 15 10 7 3 18 10 5 15 3 3 13
split_gain=19.5776 46.8674 27.0464 53.4991 36.0772 28.4481 25.5553 43.1955 48.1957 44.8898 41.9026 39.1991 37.1096 34.2424
threshold=1.4867879618397362 1.0354749001130286 0.031502745005371237 -0.029140330631812535 1.0936329363647006 1.3231396725526263 0.071299337051783609 9.3236320402131607 1.4096501483059325 0.02029325602396748 0.024369688748671074 0.16980700459262058 0.12923502974855341 0.49809344557852436
decision_type=2 2 2 2 2 2 2 2 2 2 2 2 2 2
left_child=2 -2 6 -4 5 -5 -1 8 13 -9 12 -10 -11 -8
right_child=1 -3 3 4 -6 -7 7 9 11 10 -12 -13 -14 -15
leaf_value=-0.00036984641430662759 0.018442356217688107 0.0015250771541099942 0.025961066720914222 -0.0030520657582670976 -0.012076011217221506 0.020372144421557957 0.0051246450516156594 0.007980302703464769 0.00015083485208487214 0.00062243347423146869 0.011150357433732787 0.026482589731980644 -0.0072720325172803187 -0.0088856633276389544
leaf_weight=19476.81750844419 164.33911292254925 1297.8214028179646 48.962929472327232 806.72298739850521 465.43056491017342 47.531445503234863 1582.2008428275585 484.13167288899422 74.296353578567505 1089.8535345047712 196.53143811225891 159.60630770027637 1051.7820084393024 172.45161554217339
leaf_count=79320 678 5352 203 3486 2047 202 6413 1964 301 4500 791 650 4574 714
internal_value=7.50074e-05 0.00344908 -0.000117536 -0.00421761 -0.00537489 -0.00170418 0.000113838 0.00207138 0.00545557 -0.000315249 -0.00203825 0.0181908 -0.0032578 0.00373913
internal_weight=27118.5 1462.16 25656.3 1368.65 1319.68 854.254 24287.7 4810.85 1988.56 2822.3 2338.17 233.903 2141.64 1754.65
internal_count=111195 6030 105165 5938 5735 3688 99227 19907 8078 11829 9865 951 9074 7127
is_linear=0
shrinkage=0.03


Tree=137
num_leaves=15
num_cat=0
split_feature=3 15 6 18 18 6 13 18 12 15 11 15 12 12
split_gain=14.8541 97.8306 66.2433 44.5903 41.4909 56.7419 48.4226 41.4895 36.716 32.5036 33.1809 32.8411 73.8721 52.415
threshold=-0.071818523509414853 -0.00011776364936544324 0.010162429688337494 9.8075300018192859 8.3749742956381468 0.017207301228828895 0.19257395226819699 9.4945106580258436 -0.40111575380832071 -0.00011776364936544324 32.82044709332574 -0.007197454722895901 -0.15878314928065221 -0.11301616916723127
decision_type=2 2 2 2 2 2 2 2 2 2 2 2 2 2
left_child=1 2 3 -1 -3 6 -6 -7 -9 11 -11 13 -13 -2
right_child=9 4 -4 -5 5 7 -8 8 -10 10 -12 12 -14 -15
leaf_value=-0.012092635821352605 -0.003922297875063656 0.01405388699056689 0.0043622527066073868 0.017775184920698565 0.00023203893803475082 -0.01549032359139243 -0.028125096168602131 0.019495951788390833 -0.007014050097660679 0.0087047570977242302 0.0011863503936941613 0.007649815393188591 -0.0040542629356799731 0.0026072167257050116
leaf_weight=370.65297664701939 1533.0713492929935 89.990563169121742 2431.2688690423965 49.371323451399803 992.74454656243324 720.15098285675049 55.323510110378265 49.755209758877754 519.24077722430229 552.68947759270668 11138.734391227365 549.60143068432808 4045.6058782637119 3961.1672815680504
leaf_count=1511 6321 382 9982 201 4037 3153 238 211 2225 2234 45447 2274 16576 16179
internal_value=0.000120691 -0.00130681 0.00246077 -0.00851425 -0.00573106 -0.00650421 -0.00131554 -0.010714 -0.00463575 0.000466728 0.0015432 -0.000780719 -0.0026517 0.000784505
internal_weight=27059.4 5278.5 2851.29 420.024 2427.21 2337.22 1048.07 1289.15 568.996 21780.9 11691.4 10089.4 4595.21 5494.24
internal_count=110971 21940 11694 1712 10246 9864 4275 5589 2436 89031 47681 41350 18850 22500
is_linear=0
shrinkage=0.03


Tree=138
num_leaves=15
num_cat=0
split_feature=1 15 6 15 15 7 14 15 15 15 15 6 6 6
split_gain=20.2585 23.032 41.6398 33.1794 23.9377 21.55 20.9152 55.3237 46.4783 45.6999 70.0833 68.1454 39.5136 38.3662
threshold=0.020205226561667903 0.0019723349956182194 0.036137800415520303 0.018810014941808898 0.0025114104055625757 1.3903887200987373 0.0049822219111366204 0.017368210866132831 0.011542245002382769 -0.018734256176159644 -0.022167203451169733 0.017342378734798488 0.0067683881486944623 0.016794049271854673
decision_type=2 2 2 2 2 2 2 2 2 2 2 2 2 2
left_child=6 5 3 4 -3 -2 7 -1 9 10 13 -12 -9 -8
right_child=1 2 -4 -5 -6 -7 8 12 -10 -11 11 -13 -14 -15
leaf_value=0.0011722183433493917 0.0030151835252184333 -0.017411026294742903 -0.020042910921501997 0.0079870239283761565 -0.0005111958083629974 0.011451736432854503 -0.0089227293597858529 -0.017146742405039699 0.0037771959534737866 -0.0028605950433583005 0.023824171871414321 -0.010793678931176668 -0.0029924584363874998 0.019468640238874256
leaf_weight=12525.845079347491 1636.5404291599989 78.063727930188179 88.679254874587059 435.64430274069309 1306.7536716163158 325.64366312325001 257.82408653199673 205.79834315180779 1374.163782402873 7238.6767980456352 228.60170137882233 64.493963122367859 1227.6879383772612 49.357971921563148
leaf_count=50960 6771 326 386 1768 5470 1340 1121 832 5615 29918 922 274 5025 203
internal_value=0.000136553 0.00214482 -0.000201462 0.000786 -0.00148759 0.00442555 -0.000199115 0.000533081 -0.00130838 -0.00220062 0.00574106 0.0161852 -0.00504558 -0.00426438
internal_weight=27043.8 3871.33 1909.14 1820.46 1384.82 1962.18 23172.4 13959.3 9213.12 7838.95 600.278 293.096 1433.49 307.182
internal_count=110931 16061 7950 7564 5796 8111 94870 56817 38053 32438 2520 1196 5857 1324
is_linear=0
shrinkage=0.03


Tree=139
num_leaves=15
num_cat=0
split_feature=1 15 15 6 15 3 13 10 7 7 3 7 15 14
split_gain=21.0701 30.2834 28.0001 29.7216 25.2286 24.165 26.0319 24.1119 23.7531 20.7766 20.1983 18.552 18.4975 17.3124
threshold=0.014341627787530122 -0.019690559660491488 -0.0025827560007241064 0.020327153811031284 -0.0013613064800135353 -0.02843594538209859 0.21681178190561126 1.1890912145260091 1.1056779852884391 0.8895699826701039 0.037186705138283045 0.59589031324436392 0.0069001477026953148 0.0086782782602368175
decision_type=2 2 2 2 2 2 2 2 2 2 2 2 2 2
left_child=-1 7 -3 4 -4 8 9 10 -5 -7 -2 -8 -10 -6
right_child=1 2 3 5 13 6 11 -9 12 -11 -12 -13 -14 -15
leaf_value=-0.00042211504600024038 -0.007764750038865403 0.005129685171593644 -0.010182476201449325 -0.014125027408797144 0.007439739413812878 -0.0071360664248872946 0.014943377981914981 0.0081439591752448665 0.0098033704550232071 0.015253014997638712 -0.031554758650853824 -0.0043015754333427516 -0.010441206832199065 0.0015026180420404469
leaf_weight=21650.817554473877 94.362815484404564 1800.9912844598293 125.9764126688242 274.8040025383234 677.03817144036293 48.872800037264824 46.609981864690781 47.973114237189293 85.498996496200562 143.03449563682079 48.249749138951302 627.98255367577076 73.818756908178329 1270.3631331473589
leaf_count=88650 395 7395 517 1205 2729 201 196 200 355 582 201 2715 304 5194
internal_value=-5.01533e-06 0.00167757 0.00211153 0.000498391 0.00272752 -0.00305389 -0.000154679 -0.0100053 -0.00881341 0.00953642 -0.0161387 -0.00293163 0.000410034 0.00357225
internal_weight=27016.4 5365.58 5174.99 3374 2073.38 1300.62 866.5 190.586 434.122 191.907 142.613 674.593 159.318 1947.4
internal_count=110839 22189 21393 13998 8440 5558 3694 796 1864 783 596 2911 659 7923
is_linear=0
shrinkage=0.03


Tree=140
num_leaves=15
num_cat=0
split_feature=7 3 11 13 7 6 10 6 18 12 3 18 18 15
split_gain=14.5515 24.367 24.6872 19.5822 18.236 28.9606 27.313 44.6254 34.4465 31.0332 39.021 29.8111 29.449 26.1162
threshold=0.3849997292569724 -0.13003531130020682 43.47168952773702 0.21175845426895071 0.77279920698142524 0.0063372506252343799 0.77757736757999707 0.020665418299121295 9.684272940080044 -0.22244104074314294 -0.19245945086985292 9.0914547943373218 9.6293264503786311 -0.013162407084583714
decision_type=2 2 2 2 2 2 2 2 2 2 2 2 2 2
left_child=1 -1 -3 -4 5 13 7 8 11 10 -9 -6 -12 -2
right_child=4 2 3 -5 6 -7 -8 9 -10 -11 12 -13 -14 -15
leaf_value=-0.013867547676862154 0.022103330676738236 0.019670546089287946 -0.005875847958072433 0.010235833903615984 0.010690634262373976 -0.001949540335085542 -0.00014273404254801797 0.00289310048000043 0.018251040217996409 0.0081101547439702947 -0.0072181880219931993 0.0013879119588685869 -0.027622529939793874 0.0022359833573931611
leaf_weight=50.720579966902733 61.809669122099876 111.31670872867107 122.22095416486263 148.04947733879089 474.59471681714058 7852.8331828862429 15373.792613625526 285.42360284924507 189.14766637980938 197.91688521206379 283.11877533793449 889.15184228122234 81.08229111135006 904.27756077051163
leaf_count=208 249 455 495 605 1915 32301 63047 1208 766 820 1204 3592 355 3650
internal_value=-0.000142328 0.00530471 0.0079121 0.00296021 -0.000231269 -0.0013464 0.000322107 0.00329686 0.00631592 -0.0022366 -0.00540409 0.00463625 -0.0118869 0.00355012
internal_weight=27025.5 432.308 381.587 270.27 26593.1 8818.92 17774.2 2400.44 1552.89 847.542 649.625 1363.75 364.201 966.087
internal_count=110870 1763 1555 1100 109107 36200 72907 9860 6273 3587 2767 5507 1559 3899
is_linear=0
shrinkage=0.03


Tree=141
num_leaves=15
num_cat=0
split_feature=7 18 12 2 13 3 18 5 15 13 3 4 7 3
split_gain=16.1043 26.8152 19.751 21.8501 16.8941 45.4225 46.5577 46.8359 48.8896 40.4376 35.8161 35.581 34.9237 32.6803
threshold=0.3849997292569724 9.6654966895489789 -0.1555124465638982 0.019042240001393654 0.1548791467527291 0.058499748422282234 9.5210940928848746 0.035589309778059082 0.02295819499303731 0.31299164784337069 0.1168125923954 -0.041902007256590594 1.1940205636096046 0.097566691633549599
decision_type=2 2 2 2 2 2 2 2 2 2 2 2 2 2
left_child=1 2 -1 -4 -2 -6 11 10 9 12 -8 -7 -9 -11
right_child=4 -3 3 -5 5 6 7 8 -10 13 -12 -13 -14 -15
leaf_value=-0.011067680821161503 0.00058130761741494229 0.01632853157004575 0.012556569923719396 -0.0092942527707299549 -0.0035494222992810101 -0.017097759174910226 -0.0016002793473295367 -0.0063760569189039761 0.010553330978853716 0.0058080430170685763 0.013116942986784426 0.0038140338947050254 0.0081654998790181687 -0.013635610219131782
leaf_weight=88.74345301091671 17786.729094475508 144.42102025449276 132.69647559523582 57.629336416721344 3713.772769510746 73.203364759683609 352.73857288062572 432.74482110142708 158.46429087221622 86.374721080064774 254.96022483706474 2859.206097304821 223.9105870872736 700.18939246237278
leaf_count=362 72310 592 541 234 15498 306 1443 1816 640 377 1061 11729 932 3198
internal_value=0.000140756 0.00593113 0.000472467 0.00591244 4.82771e-05 -0.00102222 0.000803771 -0.00248374 -0.00517268 -0.0069116 0.00459711 0.0032807 -0.00140785 -0.0114911
internal_weight=27065.8 423.49 279.069 190.326 26642.3 8855.56 5141.79 2209.38 1601.68 1443.22 607.699 2932.41 656.655 786.564
internal_count=111039 1729 1137 775 109310 37000 21502 9467 6963 6323 2504 12035 2748 3575
is_linear=0
shrinkage=0.03


Tree=142
num_leaves=15
num_cat=0
split_feature=1 15 15 2 18 15 6 15 10 18 18 15 15 15
split_gain=16.1248 29.4394 37.9925 24.9407 28.9618 46.3979 48.7617 31.2834 31.0672 32.5668 40.8594 27.9724 53.4253 35.8769
threshold=0.031714795133972469 0.0054175995433696231 0.013262453840222845 -0.013375640551776423 9.2863818994050362 -0.013443614575673111 0.0078353963178724607 0.015471462215651767 0.9285125229636374 9.9285343855306909 9.4682777051945788 -0.029140330631812535 -0.01812390067702507 -0.00011776364936544324
decision_type=2 2 2 2 2 2 2 2 2 2 2 2 2 2
left_child=3 -2 -3 4 -1 6 -6 -7 -9 10 -10 -5 -13 -14
right_child=1 2 -4 11 5 7 -8 8 9 -11 -12 12 13 -15
leaf_value=-0.0010048360316566474 0.0054294916505996148 -0.0078797018328553639 0.0044749406588091584 -0.018131448991482817 0.016602806053557378 0.0043269459557386753 -0.0049198279982847863 -0.016606252103636022 -0.0093603372602391426 -0.019859962019487969 0.013981911058893766 0.008231374458886203 -0.00309672005244757 1.0840836706446779e-05
leaf_weight=3906.1067982465029 1297.2980934381485 441.69478783011436 450.6012456715107 82.513382285833359 101.87396214902401 4512.5806632041931 1080.5000285506248 123.59008102118969 107.91835218667984 54.813501045107841 173.4752681851387 562.14507931470871 5428.3565503656864 8701.2030834853649
leaf_count=15920 5408 1893 1847 392 411 18333 4424 512 438 231 703 2311 22390 35676
internal_value=8.10326e-05 0.00254778 -0.00164467 -0.000136637 0.00101531 0.00229731 -0.00304052 0.00356729 -0.00387462 0.000876069 0.00502695 -0.000921116 -0.000822002 -0.0011833
internal_weight=27024.7 2189.59 892.296 24835.1 10060.9 6154.75 1182.37 4972.38 459.797 336.207 281.394 14774.2 14691.7 14129.6
internal_count=110889 9148 3740 101741 40972 25052 4835 20217 1884 1372 1141 60769 60377 58066
is_linear=0
shrinkage=0.03


Tree=143
num_leaves=15
num_cat=0
split_feature=1 2 13 1 14 6 18 18 13 10 12 18 13 6
split_gain=22.0733 16.5981 21.2702 34.7974 27.2389 28.5352 15.7606 18.8677 18.863 30.5549 20.4723 16.7794 55.1601 31.6952
threshold=-0.028750046993763153 -0.15662576809619463 0.21175845426895071 -0.094046803443049706 -0.0053685253297590654 0.028883561754092787 7.9137693744205411 8.3749742956381468 0.32950075718704269 0.82279631541845677 -0.13862686751289718 8.5077427946721063 0.063082406616997835 0.016661304550954627
decision_type=2 2 2 2 2 2 2 2 2 2 2 2 2 2
left_child=1 -1 4 -4 5 -3 -2 8 9 -8 -11 12 -9 -14
right_child=6 2 3 -5 -6 -7 7 11 -10 10 -12 -13 13 -15
leaf_value=0.0037991251666624551 -0.011877856918354886 -0.0011450794866446241 -0.022705308986632294 0.0029648423469048318 -0.013241886123138103 -0.012744843519231821 0.0015398059859951807 0.020644054335752015 -0.0097021991360639638 0.030583128450461149 0.0093162707047157022 0.00034896568547839656 -0.034186101639258733 -0.0072587851813240003
leaf_weight=314.83553041517735 92.771997466683388 975.9209461659193 49.551651537418365 607.09393125772476 320.17095513641834 235.41697317361832 231.94426488876343 50.118842676281929 55.788753122091293 69.406602740287781 101.11641678214073 23707.745959430933 50.137855812907219 167.19964253902435
leaf_count=1330 389 3969 222 2596 1347 999 950 204 226 281 408 97110 203 688
internal_value=5.86321e-05 -0.00262385 -0.00355063 0.000964663 -0.00548532 -0.00341672 0.000332581 0.000379911 0.00639655 0.00866504 0.0182265 0.000264387 -0.00717975 -0.0137258
internal_weight=27029.2 2502.99 2188.15 656.646 1531.51 1211.34 24526.2 24433.5 458.256 402.467 170.523 23975.2 267.456 217.337
internal_count=110922 10463 9133 2818 6315 4968 100459 100070 1865 1639 689 98205 1095 891
is_linear=0
shrinkage=0.03


Tree=144
num_leaves=15
num_cat=0
split_feature=14 15 10 15 4 18 13 6 15 6 15 3 7 15
split_gain=16.3077 41.5671 43.3188 68.825 43.226 24.4678 25.9132 20.5756 36.6186 18.2287 17.9059 16.0122 15.857 36.6357
threshold=0.095247499535042759 0.018494200671836939 1.5080831099360494 -0.0026671606826411671 0.035798629091043706 9.2070436734412606 0.42914624673051577 0.019212111213769967 -0.0007506926367772947 0.022334391188659857 -0.0080443492539865585 -0.016941800127999947 0.80085189577542859 -0.021316441788046255
decision_type=2 2 2 2 2 2 2 2 2 2 2 2 2 2
left_child=12 2 4 9 -2 -5 -7 8 -6 -4 -9 -3 13 -1
right_child=1 11 3 5 7 6 -8 10 -10 -11 -12 -13 -14 -15
leaf_value=-0.012814061653311001 -0.021966881574887902 -0.007681409838387835 0.0031143348432973008 0.0075452779467885377 -0.015483651892952791 -0.0015204354079997899 -0.022623948601600073 0.0063909429638189293 0.0089376588806364989 0.024912676660937907 -0.012618661568840469 0.010166895132958461 0.00087433560084072511 -0.00038850331056607644
leaf_weight=216.29202760756016 187.91235861182213 53.509583696722984 51.476846307516098 78.841220423579216 79.481262251734734 106.78676979243755 101.34447926282883 50.449265196919441 169.7499136775732 106.91562202572823 322.37507712841034 251.68261957168579 15327.972259819508 9857.0589842796326
leaf_count=929 868 219 216 319 350 475 508 229 729 448 1473 1025 62503 40355
internal_value=8.37756e-05 -0.00289093 -0.00530481 0.00220498 -0.00942937 -0.00655251 -0.0119138 -0.00558374 0.0010883 0.0179555 -0.010026 0.0070079 0.000266739 -0.000657792
internal_weight=26961.8 1560.53 1255.33 445.365 809.968 286.972 208.131 622.056 249.231 158.392 372.824 305.192 25401.3 10073.4
internal_count=110646 6859 5615 1966 3649 1302 983 2781 1079 664 1702 1244 103787 41284
is_linear=0
shrinkage=0.03


Tree=145
num_leaves=15
num_cat=0
split_feature=13 3 15 7 18 7 13 18 3 12 18 13 15 7
split_gain=12.7942 44.8818 29.4891 24.4998 19.2186 35.0645 21.3716 18.0048 23.0513 17.5709 16.3368 32.6301 41.4648 28.9942
threshold=0.48256967638805809 0.27496832316823477 0.021151706938164597 0.59981530384098947 9.3444224310798862 1.2993695308700126 0.76874710607898333 9.9048713570311389 0.16407777556703487 -0.079273454418382391 9.7186622950488211 0.015262040812724422 -0.018734256176159644 0.3849997292569724
decision_type=2 2 2 2 2 2 2 2 2 2 2 2 2 2
left_child=1 10 3 7 5 6 -5 8 -2 -6 -1 12 -12 -13
right_child=2 -3 -4 4 9 -7 -8 -9 -10 -11 11 13 -14 -15
leaf_value=-0.00029503055147652341 -0.00067253093798569168 0.019568798653889472 0.013096277327099653 -0.011840157921510592 -0.0040657070545134424 0.016548529996389942 0.0045018035606952285 -0.0099455085466117251 0.021663820945169963 -0.015618181660799554 -0.015414761693452472 0.017001208047139234 0.013594650918379914 0.0005953999895240168
leaf_weight=20144.25439606607 91.596092045307159 105.04624436795712 92.410545080900192 201.78808999061584 211.35699978470802 74.698977813124657 110.05084604024887 56.196788251399994 73.979429543018341 273.15426135063171 49.226369112730026 96.838296070694923 341.34387950599194 5095.7864553630352
leaf_count=82222 384 450 380 845 962 307 462 245 313 1319 205 399 1393 20996
internal_value=4.37174e-05 0.000183654 -0.00300141 -0.00438409 -0.00664803 -0.00164513 -0.00608099 0.00448787 0.00944684 -0.0106161 0.000102988 0.00153864 0.00987848 0.000907783
internal_weight=27017.7 25832.5 1185.23 1092.82 871.049 386.538 311.839 221.772 165.576 484.511 25727.4 5583.2 390.57 5192.62
internal_count=110882 105665 5217 4837 3895 1614 1307 942 697 2281 105215 22993 1598 21395
is_linear=0
shrinkage=0.03


Tree=146
num_leaves=15
num_cat=0
split_feature=3 13 10 15 6 15 18 18 15 6 18 1 5 15
split_gain=19.7727 31.0352 41.6686 31.0916 58.4553 39.7634 34.0992 31.4984 29.2797 82.9614 53.5217 39.2834 44.3666 55.6914
threshold=0.063475035575767183 0.15345717541369966 2.0760951817355626 0.02295819499303731 0.010793848088768746 0.041271434368942657 9.4564376993476387 9.0236664291478057 0.0050153993023482899 0.020665418299121295 8.5077427946721063 0.011889866544604335 -0.05697456202324374 -0.0092471636342295032
decision_type=2 2 2 2 2 2 2 2 2 2 2 2 2 2
left_child=1 2 3 8 5 -5 7 -6 11 -10 -11 12 -1 -14
right_child=-2 -3 -4 4 6 -7 -8 -9 9 10 -12 -13 13 -15
leaf_value=0.0032369115294310427 0.0014323286123486916 -0.0028338689044332048 -0.020612126299429302 -0.016977664364420473 0.011422897438260075 0.0046718148176157232 0.011525811757665337 -0.014179969938073095 0.0043330118947956693 0.018387904534136204 -0.011483886573262639 0.0037207269859872707 0.001752376889401579 -0.0036621247357603096
leaf_weight=1783.829232826829 6170.2949440181255 4115.4801436960697 85.181412190198898 370.28877373039722 62.175004050135612 95.115590110421181 205.52945393323898 131.61765238642693 3562.4497216045856 58.870558932423592 487.02374121546745 1853.8433490991592 2470.8356902897358 5540.6419272273779
leaf_count=7338 25672 17149 352 1510 254 382 834 543 14349 253 2106 7540 10048 22463
internal_value=-5.89686e-05 -0.000500969 7.3957e-05 0.000182431 -0.00534952 -0.0125521 0.00306566 -0.00593296 0.000486649 0.00266357 -0.00820708 -0.000281418 -0.00103946 -0.00199221
internal_weight=26993.2 20822.9 16707.4 16622.2 864.726 465.404 399.322 193.793 15757.5 4108.34 545.894 11649.2 9795.31 8011.48
internal_count=110793 85121 67972 67620 3523 1892 1631 797 64097 16708 2359 47389 39849 32511
is_linear=0
shrinkage=0.03


Tree=147
num_leaves=15
num_cat=0
split_feature=1 2 10 2 15 7 7 10 18 3 10 6 15 11
split_gain=17.0897 31.6481 17.0807 21.4741 25.7435 18.8604 23.9669 21.586 15.6408 21.6602 14.9386 15.9702 14.7205 27.4986
threshold=-0.059593190030816194 -0.15662576809619463 2.4041185900921778 0.18766460077501604 0.026805159154343009 2.0018143688511256 1.8009110145145513 1.6933362053584846 10.004399317608735 0.27496832316823477 0.70263822687876321 0.028256966140186076 0.04235986628591127 69.437172333715552
decision_type=2 2 2 2 2 2 2 2 2 2 2 2 2 2
left_child=1 -1 3 5 -5 6 12 -8 9 -4 -3 -12 -2 -14
right_child=2 10 8 4 -6 -7 7 -9 -10 -11 11 -13 13 -15
leaf_value=0.0060160440280910121 5.9307200104344735e-05 -0.020506748831706632 0.0041727505018837284 -0.013510480204162338 0.0052790889587113815 -0.012444921812741098 0.018672003431452186 -0.0044228956398334766 -0.0046966871286749663 0.028982244699162007 -0.00052325967770310467 -0.011753267112696008 0.014343901915323601 -0.00719534188268116
leaf_weight=186.4584394544363 25298.018565550447 75.536683604121208 75.398320972919464 213.50454789400101 93.072335824370384 104.52638426423073 114.40123377740383 52.053095653653145 50.718488663434982 53.639583587646484 226.09800636768341 228.21439707279205 164.45905227959156 77.020125433802605
leaf_count=795 103626 327 316 984 379 432 467 214 233 228 928 998 664 311
internal_value=-2.77254e-06 -0.00456821 0.000121925 5.81397e-05 -0.00780899 0.000152183 0.00020437 0.0114831 0.00928673 0.0147707 -0.00830151 -0.00619121 0.000129968 0.00747126
internal_weight=27013.1 716.308 26296.8 26117.1 306.577 25810.5 25706 166.454 179.756 129.038 529.849 454.312 25539.5 241.479
internal_count=110902 3048 107854 107077 1363 105714 105282 681 777 544 2253 1926 104601 975
is_linear=0
shrinkage=0.03


Tree=148
num_leaves=15
num_cat=0
split_feature=3 15 6 10 10 10 18 18 18 15 10 7 12 18
split_gain=15.3345 92.0685 73.5664 59.6684 43.746 37.3574 69.4903 36.4636 43.1312 35.0139 33.2046 31.4608 30.2344 30.2304
threshold=-0.081868714804872664 -0.00011776364936544324 0.010162429688337494 0.71925064610070988 1.8274131118014603 0.66125054066101752 9.7384238702204708 8.4221772700869373 9.4945106580258436 -0.00011776364936544324 1.8900067712958577 0.76978918465481483 -0.34002547564360963 9.9555854979613656
decision_type=2 2 2 2 2 2 2 2 2 2 2 2 2 2
left_child=1 2 -1 -3 -4 6 11 -5 -9 10 -7 -2 -11 -10
right_child=5 3 4 7 -6 9 -8 8 13 12 -12 -13 -14 -15
leaf_value=-0.011650664149212599 -0.00032335399376510961 -0.013475261437702909 0.0049718416186070261 0.021501224554052893 -0.021868208673509547 -0.0016178941072218407 0.02117463724598739 -0.0084812981843596317 0.0069349655675383128 0.021054322596873662 0.0097696331832880599 0.0094625503083100668 0.0010028446705728916 -0.00638729029401132
leaf_weight=294.49854032695293 1076.4797949492931 678.01273287832737 2114.4522570520639 51.930361345410347 54.155309543013573 9529.9390358477831 198.79571671783924 761.41675409674644 412.45349743962288 66.108261123299599 234.1918433457613 405.57026399672031 10886.111815005541 241.39334681630135
leaf_count=1201 4389 3050 8691 214 225 39086 816 3141 1700 279 979 1656 44447 1006
internal_value=-1.18525e-05 -0.00158746 0.00236917 -0.0061284 0.00428205 0.000312449 0.00461106 -0.00271959 -0.00363741 -3.67357e-05 -0.00134282 0.00236375 0.0011277 0.00201205
internal_weight=27005.5 4608.31 2463.11 2145.21 2168.61 22397.2 1680.85 1467.19 1415.26 20716.4 9764.13 1482.05 10952.2 653.847
internal_count=110880 19228 10117 9111 8916 91652 6861 6061 5847 84791 40065 6045 44726 2706
is_linear=0
shrinkage=0.03


Tree=149
num_leaves=15
num_cat=0
split_feature=14 3 4 14 10 7 13 18 13 3 18 10 13 12
split_gain=15.3712 22.7577 18.1306 32.2731 19.6928 19.8168 17.4993 35.8008 27.8748 22.7249 30.5622 38.0907 32.2391 32.568
threshold=0.17727037577423979 0.48279699589897046 0.053269722547355521 0.11719068756315566 0.72234318752273874 1.2428940735109153 0.46885633674793786 10.631664380344125 0.70776831710747612 0.089672309821735588 8.8803600226464798 1.8274131118014603 0.30295316809151679 -0.065630794547730006
decision_type=2 2 2 2 2 2 2 2 2 2 2 2 2 2
left_child=1 2 3 6 -4 -6 9 8 -8 -1 -11 12 -12 -14
right_child=-2 -3 4 -5 5 -7 7 -9 -10 10 11 -13 13 -15
leaf_value=-0.00010073076683527203 -0.0059266477105669856 0.019266633597383283 0.018145478207190043 -0.010183410937177643 -0.00034820488556324303 0.0092054224549425225 -0.010086211969858268 0.020029574935811808 0.0022666829385262449 0.01207840330930033 0.003219030614351171 0.02241374277006912 0.0047573399775821638 -0.0094368969010757593
leaf_weight=21847.221159115434 376.94537404179573 53.977220013737679 80.931789845228195 276.88509246706963 585.73117758333683 291.12803962826729 492.63554722070694 48.948014557361603 245.30744151771069 284.88056139647961 1676.9646016508341 75.441696390509605 218.07763221859932 429.08431133627892
leaf_count=89139 1704 236 344 1245 2516 1216 2136 218 1061 1150 6824 311 910 1788
internal_value=7.28765e-05 0.000158311 0.00011802 -3.37734e-05 0.00416607 0.00283745 7.80191e-05 -0.00431994 -0.00598483 0.000219431 0.00282318 0.00171525 0.00102468 -0.00465387
internal_weight=26984.2 26607.2 26553.2 25595.4 957.791 876.859 25318.6 786.891 737.943 24531.7 2684.45 2399.57 2324.13 647.162
internal_count=110798 109094 108858 104782 4076 3732 103537 3415 3197 100122 10983 9833 9522 2698
is_linear=0
shrinkage=0.03


Tree=150
num_leaves=15
num_cat=0
split_feature=18 6 18 6 1 15 15 6 2 6 4 2 15 2
split_gain=16.3386 38.2794 23.7305 20.49 19.4288 17.9093 38.5045 41.5412 23.6155 23.346 21.5169 18.6873 18.1001 19.079
threshold=7.9137693744205411 0.021648404780337274 8.1756030975208382 0.019212111213769967 -0.014622463205244294 -0.0087194388274967043 -0.022167203451169733 0.014435348061836642 -0.17954012480891476 0.030682095091406219 -0.065234375056601387 -0.040986197779050652 0.011199222550589917 0.061114217533320143
decision_type=2 2 2 2 2 2 2 2 2 2 2 2 2 2
left_child=1 -1 3 -2 5 6 7 -4 -7 11 -9 -10 13 -13
right_child=2 -3 4 -5 -6 8 -8 10 9 -11 -12 12 -14 -15
leaf_value=-0.028993066770447825 -0.0032207713909994939 0.0067563661386468177 -0.016814486269279137 0.016267704463320293 0.00043719304563443682 0.011503949907402597 -0.0066767763967163817 -0.0011608794556920805 0.0030406272844919605 -0.0076837222983133363 0.018591849210802348 -0.0020844414062642603 0.0034516792613232803 -0.012326755772396157
leaf_weight=53.301863178610802 71.218957707285881 51.3925891071558 56.203785642981529 146.76787991821766 21420.984256699681 139.9811112433672 1211.7081341743469 75.75220687687397 1110.935290068388 411.05077446997166 140.71958814561367 1481.2192419469357 467.27941922843456 182.23642081022263
leaf_count=228 290 211 240 595 87736 602 4990 313 4527 1823 577 6069 1927 826
internal_value=6.99097e-05 -0.0116466 0.000116345 0.00992919 3.54866e-05 -0.00159469 -0.00438592 0.0057686 -0.000500519 -0.000966603 0.0117322 -0.000110645 -0.00175499 -0.00321997
internal_weight=27020.8 104.694 26916.1 217.987 26698.1 5277.09 1484.38 272.676 3792.7 3652.72 216.472 3241.67 2130.74 1663.46
internal_count=110954 439 110515 885 109630 21894 6120 1130 15774 15172 890 13349 8822 6895
is_linear=0
shrinkage=0.03


Tree=151
num_leaves=15
num_cat=0
split_feature=3 18 5 3 12 13 7 14 18 5 7 7 13 12
split_gain=19.6416 31.6283 31.272 29.955 30.3507 31.1176 31.9328 25.9857 25.769 25.6772 22.029 24.6832 23.9262 26.064
threshold=0.067211586154560812 9.2589697248861267 0.020768013820677837 0.12923502974855341 -0.17728985046858034 0.5176507939219912 1.1997356504026608 -0.070201006328753909 10.089684621728852 -0.021887821029981543 1.5987991810339925 2.0018143688511256 0.13201948305575131 -0.013494372488163374
decision_type=2 2 2 2 2 2 2 2 2 2 2 2 2 2
left_child=10 7 9 -4 -5 6 -6 -2 -8 -3 12 -12 -1 -14
right_child=1 2 3 4 5 -7 8 -9 -10 -11 11 -13 13 -15
leaf_value=6.4579915851607653e-05 -0.013099022775766829 -0.008418167730769777 0.001468448388179234 0.018844961685414888 -0.0058047122501771985 -0.013063237852277056 -0.0002301968348326042 0.0053943429653043572 0.01856152384214577 0.0079564116212741294 0.0078428285238145625 -0.0074337779473990463 -0.0029219072156743977 0.0042808984830463191
leaf_weight=15156.515104353428 69.11957260966301 98.388791769742966 1730.6416767388582 47.306934267282486 806.11157989501953 337.06364922225475 213.59758506715298 1867.1608021408319 92.804857537150383 619.57630696892738 525.62137790024281 114.47381563484669 4910.9444624334574 496.21529179811478
leaf_count=61674 284 412 7136 205 3439 1608 903 7592 397 2525 2151 472 20410 2020
internal_value=4.96153e-05 0.0015832 4.15144e-05 -0.00121892 -0.00432378 -0.00510481 -0.0026745 0.00472135 0.005545 0.00569531 -0.000375899 0.00509613 -0.000546708 -0.00225957
internal_weight=27085.5 5881.77 3945.49 3227.53 1496.88 1449.58 1112.51 1936.28 306.402 717.965 21203.8 640.095 20563.7 5407.16
internal_count=111228 24501 16625 13688 6552 6347 4739 7876 1300 2937 86727 2623 84104 22430
is_linear=0
shrinkage=0.03


Tree=152
num_leaves=15
num_cat=0
split_feature=14 4 15 1 15 15 11 15 7 2 15 13 18 3
split_gain=18.0444 32.5982 14.3109 13.8413 18.5928 24.7297 36.1668 18.9418 18.7416 20.6754 18.0617 17.3655 17.5206 19.6039
threshold=0.14387471358857365 0.066893985719256768 -0.0054344007162403498 0.020205226561667903 -0.019690559660491488 0.0019723349956182194 57.687878342134333 -0.025240476479265524 1.4137115745123319 0.040689472049630478 0.013825891519516633 0.10179268119000785 8.9138968032000836 -0.091151162707166819
decision_type=2 2 2 2 2 2 2 2 2 2 2 2 2 2
left_child=3 -2 -3 -1 7 8 11 -5 9 -6 -8 -7 -13 -14
right_child=1 2 -4 4 5 6 10 -9 -10 -11 -12 12 13 -15
leaf_value=-0.00010354224251151051 -0.013698588584861508 0.013150630655281242 -0.0021641432335451024 0.0024242190241938735 0.0059686244753118624 -0.00065162780641083091 -0.00049556005957451864 -0.019897840622353283 0.012645988650567814 -0.0018096261267396376 0.0069331128027450293 0.0040513994633676591 -0.031576502060109084 -0.010567889773441268
leaf_weight=22847.876747667789 237.22044052183628 62.683097675442696 361.63281635940075 66.501588091254234 1015.4669762253761 204.96112987399101 725.82224503159523 67.630496114492416 240.07694734632969 439.69843679666519 493.4768852442503 47.943904995918274 52.243481189012527 167.55911009013653
leaf_count=93501 1096 272 1616 281 4137 851 3030 278 984 1849 1999 198 231 697
internal_value=4.34101e-05 -0.00484271 0.000149349 0.000166348 0.00191655 0.00235219 -0.000214109 -0.00895772 0.00491083 0.00361906 0.00251742 -0.00724071 -0.0122425 -0.015801
internal_weight=27030.8 661.536 424.316 26369.3 3521.38 3387.25 1692.01 134.132 1695.24 1455.17 1219.3 472.708 267.746 219.803
internal_count=111020 2984 1888 108036 14535 13976 7006 559 6970 5986 5029 1977 1126 928
is_linear=0
shrinkage=0.03


Tree=153
num_leaves=15
num_cat=0
split_feature=18 6 18 12 12 13 1 15 15 6 15 16 15 18
split_gain=15.3555 23.7936 21.7348 18.2463 31.5916 14.8473 13.8337 31.4296 28.8048 28.4276 41.2024 24.9223 24.0134 23.827
threshold=7.9137693744205411 0.021320124731479314 8.1756030975208382 -0.24053846349838806 -0.15878314928065221 0.25551780582790323 0.012466427594694187 -0.019690559660491488 -0.0025827560007241064 0.010934539853284518 -0.0013613064800135353 -0.85861643640126084 0.0017785460615025175 8.8414863553199314
decision_type=2 2 2 2 2 2 2 2 2 2 2 2 2 2
left_child=1 -1 3 -2 -5 -6 -4 -8 -9 10 -10 -12 -13 -11
right_child=2 -3 6 4 5 -7 7 8 9 13 11 12 -14 -15
leaf_value=-0.025432249006575647 -0.0061693105251678267 0.0032889047961215346 -0.0003677347950713378 0.033746167802707401 0.01454856280295894 -0.0067550983902401624 -0.010227459380539344 0.0045963630576012528 -0.019105601485990508 0.0059356456204621502 0.00063297362649354432 0.025363097812948255 0.0078721196004447706 -0.0023566924606833479
leaf_weight=51.422285944223404 50.232348755002022 49.707854151725769 20796.153667941689 49.824266493320465 66.727868765592575 49.908418163657188 204.23825213313103 1996.3605176061392 57.901414021849632 354.61760929226875 345.22340402007103 86.822604298591614 364.07706244289875 2485.9893273115158
leaf_count=222 207 204 85228 202 269 202 858 8199 235 1459 1391 350 1465 10443
internal_value=2.88126e-05 -0.0115251 7.30897e-05 0.00949221 0.0142355 0.00547257 -4.08446e-06 0.00127843 0.0016948 0.000125325 0.00491802 0.00670874 0.0113372 -0.00131804
internal_weight=27009.2 101.13 26908.1 216.693 166.461 116.636 26691.4 5895.23 5690.99 3694.63 854.024 796.123 450.9 2840.61
internal_count=110934 426 110508 880 673 471 109628 24400 23542 15343 3441 3206 1815 11902
is_linear=0
shrinkage=0.03


Tree=154
num_leaves=15
num_cat=0
split_feature=2 6 3 15 18 7 3 15 15 7 6 3 12 15
split_gain=13.8192 47.3966 38.2601 31.0572 28.7402 37.7697 35.7575 28.3702 49.1551 37.541 33.8641 33.8489 36.7023 38.1974
threshold=-0.026748508576512006 0.0092707580403557557 -0.029349712753341525 -0.033766404584339764 9.7046483464202442 1.2234802534779279 -0.095284742506253725 -0.012545512034119353 -0.012213151955966948 0.85586482874452896 0.0062120850788763759 -0.081868714804872664 -0.2844757556504332 -0.0041787509467892106
decision_type=2 2 2 2 2 2 2 2 2 2 2 2 2 2
left_child=1 2 4 -2 5 6 -1 9 -9 10 -5 -10 13 -13
right_child=3 -3 -4 7 -6 -7 -8 8 11 -11 -12 12 -14 -15
leaf_value=-0.014759692848842163 -0.023483918409096517 8.9338083279235441e-05 0.012506540108355512 0.014159559231600708 0.01602620410127872 -0.02076307320881509 0.0058186708657921712 -0.025125475553784405 -0.0050864339588074453 0.0057657778245287766 -0.0047419363619045623 -0.012546279764055921 -0.00042707931836376333 0.017040624421049422
leaf_weight=90.861984625458717 50.319755405187607 6607.3442153930664 535.95550279319286 95.393602207303047 105.99556069076061 72.586296856403351 417.03662215173244 72.167793199419975 1414.5902277678251 1420.6247511208057 687.57305456697941 47.377797812223434 15172.423370733857 196.91804566979408
leaf_count=366 239 27062 2161 385 428 292 1678 296 6060 5808 2833 212 62189 834
internal_value=3.2301e-05 0.00109403 0.00651541 -0.000401703 0.00181521 -0.000825805 0.00209379 -0.000338463 -0.000755932 0.00286167 -0.00240884 -0.00064847 -0.000240649 0.0112474
internal_weight=26987.2 7829.78 1222.44 19157.4 686.48 580.485 507.899 19107.1 16903.5 2203.59 782.967 16831.3 15416.7 244.296
internal_count=110843 31987 4925 78856 2764 2336 2044 78617 69591 9026 3218 69295 63235 1046
is_linear=0
shrinkage=0.03


Tree=155
num_leaves=15
num_cat=0
split_feature=7 6 15 18 6 15 15 15 14 4 15 6 15 7
split_gain=17.8797 40.3733 38.3056 28.8701 24.6417 28.5098 33.5226 32.9477 23.6155 29.9679 28.2846 23.2039 67.8753 50.6815
threshold=0.82705378603134116 0.023242488687586615 -0.022167203451169733 8.8803600226464798 0.0062120850788763759 0.0030832101336715216 -0.012736402640715737 0.0085073794116170571 0.052972555882006896 0.015943931319154728 -0.0082538746597311512 0.013911187523424453 -0.025240476479265524 1.2234802534779279
decision_type=2 2 2 2 2 2 2 2 2 2 2 2 2 2
left_child=1 2 -1 -3 5 6 -4 -7 9 11 -11 13 -13 -2
right_child=8 3 4 -5 -6 7 -8 -9 -10 10 -12 12 -14 -15
leaf_value=-0.015224194823387707 0.00082990923182197284 0.0022313328507893976 0.017614313295766234 -0.0082836111647417547 -0.00065651169035863357 0.017239034309690975 -0.0022326761655071543 -0.00027377752523462034 -0.0018289308186346068 0.013257395422343254 0.0030404496367241003 0.01743575595747187 0.0012780159783345863 -0.0054644545522292195
leaf_weight=151.60373517870903 4947.4503831863403 302.81621581315994 86.075375154614449 1036.2130365669727 8679.7718309909105 246.34213322401047 585.55623956024647 158.22074507176876 3035.8877531588078 286.45777708292007 1592.7017115205526 246.24504853785038 4083.4874951839447 1498.3155864775181
leaf_count=670 20010 1273 347 4522 35395 995 2368 639 12947 1163 6464 1009 16799 6054
internal_value=-0.000107863 -0.00102069 -0.00035938 -0.00590592 -0.000125314 0.0041522 0.000355631 0.0104223 0.000546474 0.00111654 0.00461035 0.000506504 0.00220458 -0.000634454
internal_weight=26937.1 11246.6 9907.57 1339.03 9755.97 1076.19 671.632 404.563 15690.5 12654.7 1879.16 10775.5 4329.73 6445.77
internal_count=110655 46209 40414 5795 39744 4349 2715 1634 64446 51499 7627 43872 17808 26064
is_linear=0
shrinkage=0.03


Tree=156
num_leaves=15
num_cat=0
split_feature=1 18 6 13 1 2 10 18 10 6 12 13 13 18
split_gain=14.6545 23.7196 20.2034 20.3942 24.2438 18.679 32.333 30.4929 34.9816 35.1997 38.2429 32.0641 26.9364 25.3889
threshold=0.028053604231286448 10.149257610109702 0.021815093956398329 0.085539511450391195 0.05964639202459044 -0.011960524266493076 2.0760951817355626 9.234110236393855 0.89954384303992907 0.0096957117465931147 -0.095911102721023642 0.043246669935239186 0.070016378121973047 9.0170384662172953
decision_type=2 2 2 2 2 2 2 2 2 2 2 2 2 2
left_child=5 2 3 -2 -5 6 7 8 9 10 -1 -10 -8 -7
right_child=1 -3 -4 4 -6 13 12 -9 11 -11 -12 -13 -14 -15
leaf_value=-0.0055567985977403875 0.013811628868233542 -0.0065497503366793754 -5.9317696224052573e-05 0.0016700246091432994 0.013698825182065194 0.0020155513726884608 -0.031159465441096601 0.0019369803303027225 -0.010233857418584534 -0.0014520385744092776 0.012222392378917731 -0.0010044646555600655 -0.00068113863651911278 -0.001598639148448628
leaf_weight=147.87821733951569 219.08608222007751 260.64271403849125 1078.6495858877897 866.24079266190529 180.78271433711052 2045.0793721973896 50.478424847126007 6800.1215953528881 626.79367756843567 1484.0680406689644 400.79658947885036 735.57240368425846 52.096669673919678 12031.820059746504
leaf_count=598 887 1117 4574 3557 748 8360 208 27704 2545 6112 1615 2996 215 49632
internal_value=-0.000134478 0.00200318 0.0029587 0.0055259 0.00376912 -0.000363117 0.000607793 0.000777877 -0.00154348 0.000949735 0.00742779 -0.00525948 -0.015989 -0.00107336
internal_weight=26980.1 2605.4 2344.76 1266.11 1047.02 24374.7 10297.8 10195.2 3395.11 2032.74 548.675 1362.37 102.575 14076.9
internal_count=110868 10883 9766 5192 4305 99985 41993 41570 13866 8325 2213 5541 423 57992
is_linear=0
shrinkage=0.03


Tree=157
num_leaves=15
num_cat=0
split_feature=7 15 6 15 15 15 14 10 15 15 12 18 18 15
split_gain=14.6009 34.5105 30.2937 34.6168 50.3792 48.4606 26.0411 35.8502 56.1549 43.2644 33.51 28.4507 31.0186 25.7411
threshold=0.77279920698142524 -0.021316441788046255 0.0079257778924718813 0.017949274393924689 0.0030832101336715216 -0.013162407084583714 0.073058574706758486 1.4096501483059325 0.0036431452804088775 -0.0026671606826411671 -0.13590276347139599 9.170942147380984 10.478678626728863 0.019813391446610765
decision_type=2 2 2 2 2 2 2 2 2 2 2 2 2 2
left_child=1 -1 3 4 5 -3 -2 8 10 -9 -8 -11 13 -13
right_child=6 2 -4 -5 -6 -7 7 9 -10 11 -12 12 -14 -15
leaf_value=-0.0135167925148903 0.00092974123974565311 0.015078586144679527 -0.0017551799035502079 -0.010810589186920194 0.0088442346820648676 -0.002315219891662165 -0.022902530408704446 0.013782883246311876 0.00073689188553821051 0.011312537770434575 -0.0075985961901934244 -0.013058174141254477 0.015627674714669058 0.011429125361580408
leaf_weight=190.91885504126549 15694.033051401377 160.65148477256298 6576.5613008290529 170.64552108943462 860.90475161373615 1266.0328215807676 167.35917799174786 223.07629983127117 694.93477958440781 106.40657436847687 554.37549163401127 272.18993228673935 48.864819034934044 43.390552505850792
leaf_count=830 63937 648 27161 692 3472 5135 782 939 2957 433 2417 1270 216 177
internal_value=7.03249e-06 -0.000961461 -0.000693215 0.002147 0.00312218 -0.000338228 0.000508923 -0.00261813 -0.0053521 0.00296267 -0.0112008 -0.00220025 -0.00618577 -0.00964053
internal_weight=27030.3 9225.71 9034.8 2458.23 2287.59 1426.68 17804.6 2110.6 1416.67 693.928 721.735 470.852 364.445 315.58
internal_count=111066 37938 37108 9947 9255 5783 73128 9191 6156 3035 3199 2096 1663 1447
is_linear=0
shrinkage=0.03


Tree=158
num_leaves=15
num_cat=0
split_feature=14 3 10 4 13 3 10 13 14 18 10 6 13 5
split_gain=16.7147 20.753 18.6189 16.1091 15.9553 40.2007 21.052 20.5221 18.352 16.7048 42.2164 71.242 35.8362 28.9182
threshold=0.17727037577423979 0.48279699589897046 2.2065564219004568 0.071096742851081488 0.48256967638805809 0.27496832316823477 1.0124337294887418 0.65067732012706347 0.14387471358857365 9.7257115745960458 1.4230393074311409 0.014229637486568466 0.015262040812724422 -0.051794265368380048
decision_type=2 2 2 2 2 2 2 2 2 2 2 2 2 2
left_child=1 3 -2 4 5 8 7 -6 9 10 -1 13 -11 -12
right_child=2 -3 -4 -5 6 -7 -8 -9 -10 12 11 -13 -14 -15
leaf_value=-6.3004069368782008e-05 -0.010503975270121205 0.018010991272743845 0.0041655943652182193 0.0058369679279063058 -0.0041853522170323251 0.021630313403281611 -0.0077093322537530153 0.011456953682213212 -0.011396935937819378 0.010357036047343553 0.0058965643095959782 0.0017578140315142677 0.00082214281352864852 -0.016558718442115417
leaf_weight=18822.296465799212 270.20027320086956 55.554898664355278 107.79640534520149 413.59527103602886 187.36354917287827 75.238025650382042 541.68105089664459 123.61761708557606 125.545399710536 380.90263523161411 57.058285340666771 500.34282658994198 4833.9903044104576 462.66459228098392
leaf_count=76844 1230 243 491 1771 815 317 2398 534 572 1560 230 2051 19863 1883
internal_value=-7.32378e-05 1.60763e-05 -0.00632063 -2.2969e-05 -0.000116231 2.01772e-05 -0.00414758 0.00206607 -4.60995e-05 1.16771e-05 -0.000385449 -0.00632345 0.00152229 -0.0140803
internal_weight=26957.8 26579.9 377.997 26524.3 26110.7 25258 852.662 310.981 25182.8 25057.3 19842.4 1020.07 5214.89 519.723
internal_count=110802 109081 1721 108838 107067 103320 3747 1349 103003 102431 81008 4164 21423 2113
is_linear=0
shrinkage=0.03


Tree=159
num_leaves=15
num_cat=0
split_feature=3 18 3 15 10 6 15 10 7 6 15 18 13 15
split_gain=14.9122 22.4679 13.4802 72.4375 69.35 60.4678 42.0967 52.7644 38.6461 54.4612 65.0037 39.8421 38.5013 43.4708
threshold=0.48279699589897046 9.2070436734412606 -0.073404805906848822 -0.00011776364936544324 0.67708393307273496 0.0095362116072769468 -0.00011776364936544324 0.66545000069698357 1.0455528052834742 0.015427480919194906 -0.012545512034119353 8.5941326054148242 0.1268310842828986 -0.025240476479265524
decision_type=2 2 2 2 2 2 2 2 2 2 2 2 2 2
left_child=2 -2 3 5 -5 -1 7 -4 11 10 -10 -9 13 -13
right_child=1 -3 6 4 -6 -7 -8 8 9 -11 -12 12 -14 -15
leaf_value=-0.010399927952156399 0.026366676257110012 -0.00182760537612235 0.0069564607250604815 -0.014335583371092076 -0.0023526015886423616 0.0034782319865991843 0.0015283182795642804 0.01007586483368648 0.0051884106147566163 0.005935208445384566 -0.0056995084535265703 -0.017845311386766784 -0.0064033468968159616 -0.00075055187255134998
leaf_weight=317.32607506215572 46.113609656691551 53.463331028819084 677.52802787721157 572.25382758677006 1792.7868756949902 2454.54188837111 11667.074105635285 196.47718279063702 748.30588909983635 1217.0502627044916 1440.4479542374611 137.78958964347839 2502.4098480641842 3172.8685119599104
leaf_count=1299 193 256 2762 2612 7426 10089 47636 798 3046 5038 5875 616 10450 12852
internal_value=1.81445e-05 0.0114911 -2.51817e-05 -0.00140715 -0.00526171 0.00188309 0.000301162 -0.00111742 -0.00169977 0.000853033 -0.00197574 -0.00314632 -0.00359654 -0.00147238
internal_weight=26996.4 99.5769 26896.9 5136.91 2365.04 2771.87 21760 10092.9 9415.35 3405.8 2188.75 6009.55 5813.07 3310.66
internal_count=110948 449 110499 21426 10038 11388 89073 41437 38675 13959 8921 24716 23918 13468
is_linear=0
shrinkage=0.03


Tree=160
num_leaves=15
num_cat=0
split_feature=3 15 18 2 1 1 6 15 12 18 15 15 10 2
split_gain=13.1692 23.7568 35.8484 36.2756 42.5798 31.3816 28.2626 32.2642 44.6511 47.9141 27.4866 24.2542 31.2388 37.5145
threshold=0.071299337051783609 0.024369688748671074 9.2482075280461569 0.026449985220000197 0.05964639202459044 -0.0064556150855232799 0.026295395004362728 -0.021316441788046255 -0.084431890010020869 10.039450257444136 -0.00050931550861266206 -0.0054344007162403498 1.5080831099360494 0.067260755722674773
decision_type=2 2 2 2 2 2 2 2 2 2 2 2 2 2
left_child=-1 2 -2 6 11 -3 7 -4 -9 -10 -6 12 13 -5
right_child=1 5 3 4 10 -7 -8 8 9 -11 -12 -13 -14 -15
leaf_value=-0.00044519508906334601 0.0042644958444966741 0.02482777251713102 -0.018346244004205519 0.0042789495556174294 0.026167009425923822 0.0039486055089266083 -0.0067045680386912249 0.015222872667931093 0.005039291371361547 -0.013729016036078677 0.0019211057447501186 -0.0069732051211592438 0.016678482594087208 -0.018323546041399155
leaf_weight=21443.062024965882 1665.4835000783205 79.770439386367798 52.097216531634331 196.77973552048206 59.62014776468277 317.27490374445915 249.50158356130123 304.27753069996834 731.63926376402378 144.97053106129169 133.83706291019917 1417.4209783375263 90.925848066806793 97.098774343729019
leaf_count=87778 6779 323 216 815 254 1286 1080 1235 2962 594 607 6164 384 450
internal_value=-0.000108292 0.00119525 0.000647929 -0.00108528 -0.00372429 0.00824685 0.00246752 0.00433139 0.00536119 0.00191127 0.00958457 -0.00516195 0.00151133 -0.00326239
internal_weight=26983.8 5540.7 5143.65 3478.17 1995.68 397.045 1482.49 1232.98 1180.89 876.61 193.457 1802.23 384.804 293.879
internal_count=110927 23149 21540 14761 8674 1609 6087 5007 4791 3556 861 7813 1649 1265
is_linear=0
shrinkage=0.03


Tree=161
num_leaves=15
num_cat=0
split_feature=14 15 18 15 10 6 18 12 15 5 4 15 15 15
split_gain=12.5926 46.3528 33.4542 41.9114 43.2949 50.1711 39.8649 43.1302 38.9175 34.462 33.0597 48.9641 44.7604 36.6317
threshold=1.0000000180025095e-35 0.011542245002382769 9.3685065381137349 0.014856355070789641 0.9308818430286846 0.0092707580403557557 8.6909928883995846 -0.062188282304966973 -0.013692918770723315 -0.006107108856264031 -0.0070670995238626957 -0.012545512034119353 -0.025240476479265524 -0.012213151955966948
decision_type=2 2 2 2 2 2 2 2 2 2 2 2 2 2
left_child=2 10 3 4 5 -1 -5 -8 -4 -6 -2 12 -12 -13
right_child=1 -3 8 6 9 -7 7 -9 -10 -11 11 13 -14 -15
leaf_value=0.0068625476211901871 -0.0067320121228831211 0.003303138498302239 -0.0035094719607594296 0.016411073177527592 -0.0057076947862170829 -0.00048378272548287732 -0.015185228988491218 -0.0012791471902688799 0.0028978375676533509 0.0027680198837731931 -0.0083972611983959364 -0.026825256676474216 0.0057311458583447737 -0.0017838355842996008
leaf_weight=1235.5166131705046 993.54111032187939 2145.2465411126614 988.55162267386913 58.728299856185913 1585.1621920764446 2582.2968667447567 437.1747340708971 370.44938506186008 6159.9007276594639 591.68791885674 233.54701545834541 50.930653914809227 1413.9505462050438 8106.4474950432777
leaf_count=4987 4167 8792 4054 246 6454 10598 1817 1494 25108 2397 1032 211 5754 33698
internal_value=-4.81765e-05 -0.000722735 0.000575078 -0.000921197 -2.89192e-05 0.00189598 -0.00708096 -0.00882556 0.00201104 -0.00340349 -0.00152299 -0.000993889 0.00372057 -0.00194672
internal_weight=26953.1 12943.7 14009.5 6861.02 5994.66 3817.81 866.352 807.624 7148.45 2176.85 10798.4 9804.88 1647.5 8157.38
internal_count=110809 53654 57155 27993 24436 15585 3557 3311 29162 8851 44862 40695 6786 33909
is_linear=0
shrinkage=0.03


Tree=162
num_leaves=15
num_cat=0
split_feature=13 15 11 15 4 15 10 15 15 18 10 14 15 15
split_gain=16.4558 32.8852 17.1359 33.9067 21.9664 34.0485 24.0371 21.259 18.6478 20.0701 18.0624 19.657 15.9206 18.6109
threshold=0.005223314651376155 0.0099511255907227553 32.34094764884474 -0.0082538746597311512 -0.041902007256590594 -0.025240476479265524 1.3390403062611751 0.020408927265713309 -0.012545512034119353 9.7664673120420957 0.56559396391938022 -0.048521614116369342 -0.0092471636342295032 -0.011588088950923224
decision_type=2 2 2 2 2 2 2 2 2 2 2 2 2 2
left_child=1 -1 3 12 5 -4 8 10 -7 -10 -5 -12 13 -2
right_child=2 -3 4 7 -6 6 -8 -9 9 -11 11 -13 -14 -15
leaf_value=-0.00696150837418269 -0.0027311744182951046 0.010428258728672457 0.01483791537285779 -0.0079717377117099319 7.6472869739036063e-05 -0.013808586733385244 -0.019661999337373084 -0.011125805695735983 -0.0054723252832179865 0.0083930499201106679 0.009239826275777829 0.001023275985664044 -0.014116334984433519 0.010193221499812184
leaf_weight=643.63955569267273 647.32373078167439 113.53047123551369 69.021269112825394 75.199212968349457 23121.426034614444 146.77237440645695 111.10668829083443 65.20585723221302 332.69308215379715 128.67765587568283 956.90395657718182 361.33430568873882 87.451200619339943 116.5969702154398
leaf_count=2625 2641 463 284 321 95077 617 470 268 1415 552 3912 1456 356 472
internal_value=2.07861e-05 -0.00433347 0.000146849 0.00261309 -9.16239e-05 -0.00500992 -0.00695044 0.00538719 -0.00457123 -0.0015857 0.00617476 0.0069926 -0.00214122 -0.000737062
internal_weight=26976.9 757.17 26219.7 2310.02 23909.7 788.271 719.25 1458.64 608.143 461.371 1393.44 1318.24 851.372 763.921
internal_count=110929 3088 107841 9426 98415 3338 3054 5957 2584 1967 5689 5368 3469 3113
is_linear=0
shrinkage=0.03


Tree=163
num_leaves=15
num_cat=0
split_feature=18 14 3 7 3 7 18 18 18 5 13 11 7 2
split_gain=13.4689 40.8794 34.2139 25.867 31.6715 25.7063 25.2383 21.2394 39.9302 42.5216 32.4558 27.6974 30.6784 27.2069
threshold=9.7046483464202442 0.042872902851016199 0.48279699589897046 1.2428940735109153 0.29600849799216761 0.36667273658520655 9.9163223673574574 10.149257610109702 10.227092344627321 0.015315862743154553 0.22513947668917014 58.379701054248038 0.64845803654188106 -0.011481808989199481
decision_type=2 2 2 2 2 2 2 2 2 2 2 2 2 2
left_child=2 5 -1 -3 6 -2 -5 11 -9 10 -10 13 -13 -7
right_child=1 3 -4 4 -6 7 -8 8 9 -11 -12 12 -14 -15
leaf_value=-0.00045907400287500044 0.018111654210404119 -0.0058707063307245743 0.021867114909684977 -0.0042937664795406087 -0.019896832851071265 0.0046981116595529821 0.011204814179758674 -0.012719241921580039 0.0021915913311816035 -0.0086366022903114348 0.018752214696197672 -0.0051540461725862376 0.014270795158664066 -0.0018038256101190475
leaf_weight=20661.705396637321 91.473116040229797 1007.556926086545 59.961228847503662 148.17959548532963 47.550020977854729 1709.0229417532682 255.18871267139912 208.35661014914513 1039.5508255064487 306.74267838895321 116.77656956017017 89.947252601385117 370.72885124385357 874.29563669860363
leaf_count=84604 379 4451 258 635 241 7011 1086 862 4217 1260 492 368 1507 3604
internal_value=-2.38262e-05 0.00119479 -0.000392366 -0.00320155 0.00276215 0.00252948 0.00551823 0.00221965 -0.000497235 0.00125829 0.00389353 0.00371082 0.0104722 0.00249791
internal_weight=26987 6265.37 20721.7 1458.48 450.918 4806.89 403.368 4715.42 1671.43 1463.07 1156.33 3043.99 460.676 2583.32
internal_count=110975 26113 84862 6413 1962 19700 1721 19321 6831 5969 4709 12490 1875 10615
is_linear=0
shrinkage=0.03


Tree=164
num_leaves=15
num_cat=0
split_feature=18 6 18 12 12 6 15 15 15 15 15 3 12 12
split_gain=14.5988 30.2862 17.7419 14.5607 22.9122 13.898 57.6584 61.4776 57.3111 48.7772 67.5925 65.8348 50.6542 47.1847
threshold=7.9137693744205411 0.021157672373869282 8.1756030975208382 -0.23322394564861751 -0.1345046135105373 0.019212111213769967 -0.025240476479265524 -0.01812390067702507 -0.029140330631812535 -0.0013613064800135353 -0.0007506926367772947 -0.06747921295916369 -0.030262655996746265 -0.16768601756996657
decision_type=2 2 2 2 2 2 2 2 2 2 2 2 2 2
left_child=1 -1 3 -2 -5 8 -7 -8 -4 -9 -11 -12 -13 -10
right_child=2 -3 5 4 -6 6 7 9 13 10 11 12 -14 -15
leaf_value=-0.02774524313307514 -0.0045622739715880378 0.0037399707551282317 -0.018846354402670396 0.027015266057914669 0.0037063689404830021 0.012514895741538865 -0.014843614479227722 0.0020180656978235089 0.0047696104298762974 -0.032105792314511904 -0.0081555335216385375 0.0020219349454944882 -0.010275693534394982 -1.0464624404714333e-05
leaf_weight=49.380865126848221 54.658972427248955 58.260386854410172 136.82291202247143 62.609955057501793 93.844972833991051 263.57408112287521 305.39555135369301 2640.0151283740997 2077.6165507882833 69.916580483317375 1304.1303433477879 2048.4083249121904 351.40847453474998 17483.681627735496
leaf_count=214 225 240 634 254 379 1084 1284 11057 8453 305 5715 8647 1561 70995
internal_value=-2.19487e-05 -0.0109466 2.25905e-05 0.0086442 0.0132573 -4.6271e-05 -0.00119606 -0.00173746 0.000361403 -0.00110898 -0.00329643 -0.00273558 0.000214119 0.000497666
internal_weight=26999.7 107.641 26892.1 211.114 156.455 26681 6982.85 6719.27 19698.1 6413.88 3773.86 3703.95 2399.82 19561.3
internal_count=111047 454 110593 858 633 109735 29653 28569 80082 27285 16228 15923 10208 79448
is_linear=0
shrinkage=0.03


Tree=165
num_leaves=15
num_cat=0
split_feature=1 15 10 15 6 15 3 18 18 15 6 15 16 15
split_gain=15.6421 23.7194 27.4639 25.0557 25.1384 20.7954 20.64 21.8026 34.6832 21.7026 31.4554 90.643 50.1993 60.6481
threshold=0.012466427594694187 -0.019690559660491488 1.1999612337437662 -0.0025827560007241064 0.023242488687586615 0.017863919498929629 -0.30458910198585482 9.4945106580258436 8.9035348670013885 0.0050153993023482899 0.012381043532076081 0.018494200671836939 -0.70105738464997769 0.014876042202137897
decision_type=2 2 2 2 2 2 2 2 2 2 2 2 2 2
left_child=6 2 -2 -3 -5 -6 7 8 -1 -8 11 12 -11 -14
right_child=1 3 -4 4 5 -7 9 -9 -10 10 -12 -13 13 -15
leaf_value=0.019360289024652439 -0.014934581338386937 0.00431902244094696 0.010080998021892986 0.0016051773734670704 -0.0065058468465297881 0.003892984030787635 -0.0012274866213584277 0.018744484968559072 -0.010216252434097163 0.0028980382636520858 -0.0016135457292777709 -0.0059509653803868582 0.016340238546384469 -0.005424873831299434
leaf_weight=54.65441033244133 155.03975829482079 2010.3175687640905 51.199239373207092 2785.0410001724958 726.02070997655392 225.57568714022636 14432.328283131123 100.1337463259697 94.410306990146637 2124.1909946650267 2653.3339741826057 845.06848077476025 580.44211299717426 142.58858290314674
leaf_count=232 656 8259 214 11408 3191 933 59210 429 413 8554 11120 3428 2340 573
internal_value=-9.69841e-05 0.00126032 -0.00868724 0.00162021 0.000166706 -0.00403781 -0.000481348 0.00806668 0.000740701 -0.000584634 0.000877379 0.0026673 0.00522762 0.0120448
internal_weight=26980.3 5953.19 206.239 5746.95 3736.64 951.596 21027.2 249.198 149.065 20778 6345.62 3692.29 2847.22 723.031
internal_count=110960 24661 870 23791 15532 4124 86299 1074 645 85225 26015 14895 11467 2913
is_linear=0
shrinkage=0.03


Tree=166
num_leaves=15
num_cat=0
split_feature=7 15 6 10 15 15 15 18 5 6 6 13 18 10
split_gain=14.2588 36.6068 26.2935 40.2953 32.114 40.9908 51.6871 24.2621 28.0427 27.6873 27.8212 27.5825 27.5912 26.9179
threshold=0.76978918465481483 -0.022167203451169733 0.0080163488418744811 0.51795477833883041 -0.013162407084583714 0.0030832101336715216 0.018494200671836939 9.5254334404161582 0.088693905871860781 0.028256966140186076 0.0093766819675926479 0.089568314180462308 10.055646469783783 1.0862536529537186
decision_type=2 2 2 2 2 2 2 2 2 2 2 2 2 2
left_child=1 -1 3 -3 -5 -6 -7 8 -4 10 11 -9 -13 -10
right_child=-2 2 7 4 5 6 -8 9 13 -11 -12 12 -14 -15
leaf_value=-0.01513586737218987 0.00041879465574104578 0.027860812342008285 -0.0035558016411750899 0.014188422385569966 -0.0033033760284561097 0.00748154976857918 -0.011422930536710011 0.0024468402868013774 0.023143824571909746 -0.012033381896256315 0.0029369839243917916 -0.0053631066848107093 -0.034389245078598495 -0.0029288807679072847
leaf_weight=160.83806253969669 17850.879622474313 50.38723760843277 4136.1427483409643 159.74795211851597 1250.8342972397804 893.74255818128586 150.4681686013937 116.05297644436359 68.623837918043137 139.94289612770081 1805.2541929930449 69.320229902863503 50.459908202290535 71.136122524738312
leaf_count=709 73405 205 17055 645 5078 3606 612 469 286 640 7467 280 204 299
internal_value=-7.4295e-05 -0.001039 -0.000782695 0.00182509 0.00126843 0.000357558 0.00474083 -0.00179472 -0.00310762 0.000779708 0.00166913 -0.00797912 -0.0179549 0.010019
internal_weight=26973.8 9122.95 8962.11 2505.18 2454.79 2295.05 1044.21 6456.93 4275.9 2181.03 2041.09 235.833 119.78 139.76
internal_count=110960 37555 36846 10146 9941 9296 4218 26700 17640 9060 8420 953 484 585
is_linear=0
shrinkage=0.03


Tree=167
num_leaves=15
num_cat=0
split_feature=3 18 5 15 7 10 10 14 3 15 15 1 4 7
split_gain=13.5504 26.189 35.4256 35.0882 56.2083 45.9816 27.1346 29.1787 26.5443 26.2009 25.9362 25.6138 25.5347 24.5995
threshold=0.049837715711067661 9.4856086622315399 0.049620100755387482 -0.00011776364936544324 1.5987991810339925 1.5080831099360494 0.73473033646953423 -0.077671090544691776 0.097566691633549599 -0.0019412317571192437 0.013825891519516633 0.036647479140667023 0.032169297879813159 1.4280766595517516
decision_type=2 2 2 2 2 2 2 2 2 2 2 2 2 2
left_child=-1 3 8 5 -5 6 -2 -8 -3 -10 11 -4 -12 -14
right_child=1 2 10 4 -6 -7 7 -9 9 -11 12 -13 13 -15
leaf_value=-0.00038727606254386498 0.0075759771062481052 -0.00079930465487439606 -0.0089122220798882115 0.0057059888636799283 -0.021717459816034873 0.013641104687279656 -0.026747712312380264 -0.002985289971017888 0.013270681304241271 0.00098668179767137914 0.016175110593562046 0.0017517113625983387 -0.0071899440512919162 0.015184360257856612
leaf_weight=19500.758890688419 215.71514824032784 1106.8930904716253 884.05267669260502 2424.333363160491 67.25333097577095 180.83557572960854 46.283389464020729 1302.4578293710947 300.79061686992645 323.66322210431099 92.875968247652054 262.08638522028923 192.40118131041527 55.278747275471687
leaf_count=79929 876 4511 3973 9881 279 746 193 5351 1251 1334 378 1182 786 226
internal_value=2.86102e-05 0.00111631 -0.000923664 0.00266543 0.00494895 -0.000596449 -0.00225748 -0.00383912 0.00199223 0.00692719 -0.00431751 -0.00647491 0.00293861 -0.00211468
internal_weight=26955.7 7454.92 3218.04 4236.88 2491.59 1745.29 1564.46 1348.74 1731.35 624.454 1486.69 1146.14 340.556 247.68
internal_count=110896 30967 13641 17326 10160 7166 6420 5544 7096 2585 6545 5155 1390 1012
is_linear=0
shrinkage=0.03


Tree=168
num_leaves=15
num_cat=0
split_feature=6 15 12 7 13 15 15 15 18 2 14 14 12 18
split_gain=14.6976 47.9223 43.5001 48.7232 48.1027 30.247 37.8557 29.5944 26.4904 25.3518 22.7261 22.1015 21.7333 18.737
threshold=0.030682095091406219 -0.029140330631812535 -0.29555970156219724 1.1013783417222098 0.5708307405003924 -0.00050931550861266206 -0.012545512034119353 -0.022167203451169733 8.9709805020261033 -0.090149478562986149 -0.16185302713083247 -0.02701145450906672 -0.27059771353399009 8.9871077601636102
decision_type=2 2 2 2 2 2 2 2 2 2 2 2 2 2
left_child=-1 -2 3 5 7 6 -3 -4 -6 -8 -9 12 -12 -13
right_child=1 2 4 -5 8 -7 9 10 -10 -11 11 13 -14 -15
leaf_value=0.00019140205228283745 0.023975034503833606 -0.011988440943798374 0.0099307395018814575 0.012372526818348169 0.022636130676379648 -0.013906469344140577 0.019685971651332308 0.0020362744942326741 -0.00099810549054992859 -0.0063322719397922488 -0.0017240076976885743 0.0049327088523472319 -0.024065912742844624 -0.012644772714859058
leaf_weight=25221.002929031849 57.016801223158836 97.226709604263306 54.986845746636391 265.57404483854771 51.458152055740356 165.28589306771755 107.06082038581371 83.982498496770859 210.99403557181358 47.621159374713898 46.829623460769653 65.955191344022751 248.65890191495419 290.56478451192379
leaf_count=103312 240 402 226 1156 213 769 440 352 975 208 199 276 1070 1308
internal_value=4.73145e-06 -0.00261802 -0.00351792 0.00237656 -0.00733562 -0.00401526 0.00253312 -0.0110214 0.00377193 0.0116973 -0.0126094 -0.0144963 -0.0205605 -0.00938361
internal_weight=27014.2 1793.22 1736.2 682.769 1053.43 417.195 251.909 790.978 262.452 154.682 735.991 652.009 295.489 356.52
internal_count=111146 7834 7594 2975 4619 1819 1050 3431 1188 648 3205 2853 1269 1584
is_linear=0
shrinkage=0.03


Tree=169
num_leaves=15
num_cat=0
split_feature=14 12 10 15 15 7 15 13 18 5 11 12 18 12
split_gain=17.023 29.3067 19.1112 21.6963 17.6553 17.2031 32.297 20.0076 21.5229 61.5085 47.3453 29.7798 23.2635 21.1534
threshold=0.14387471358857365 -0.055976532415069995 1.0830310168013766 -0.0055516984980288333 0.019813391446610765 0.8298178651107414 -0.022167203451169733 1.2562105650091282 10.294822970030328 0.015315862743154553 43.943204537660854 -0.017371493408350199 10.109011406589619 -0.16219334600543259
decision_type=2 2 2 2 2 2 2 2 2 2 2 2 2 2
left_child=5 -2 -3 -4 -5 6 -1 8 12 10 13 -11 -8 -10
right_child=1 2 3 4 -6 -7 7 -9 9 11 -12 -13 -14 -15
leaf_value=-0.012585133394572694 -0.012485230390568149 0.016624534038176216 0.012707841890993396 -0.0092159058996255459 0.010837800673966495 0.00079992993179203319 -0.00074008412980197831 0.015880966313822971 0.014168182107556453 -0.0016729009675830566 0.021182408327456732 -0.026924212853984331 -0.010088205555628905 -0.0051446290502340239
leaf_weight=201.75451456010342 262.06910848617554 54.100197091698647 68.292694583535194 236.0764321833849 45.622972086071968 15047.789655923843 10133.418477341533 64.448985114693642 75.295606687664986 153.07508674263954 211.78278367221355 56.100323855876923 243.41304768621922 148.37437732517719
leaf_count=888 1212 239 293 1098 188 61645 41600 270 313 649 863 235 1017 601
internal_value=1.59289e-05 -0.00471296 0.000364317 -0.00222929 -0.00591458 0.000135896 -0.000749325 -0.000531691 -0.00063053 0.00468 0.0110868 -0.00863609 -0.000961268 0.00142473
internal_weight=27001.6 666.161 404.092 349.992 281.699 26335.5 11287.7 11085.9 11021.5 644.628 435.453 209.175 10376.8 223.67
internal_count=111111 3030 1818 1579 1286 108081 46436 45548 45278 2661 1777 884 42617 914
is_linear=0
shrinkage=0.03


Tree=170
num_leaves=15
num_cat=0
split_feature=14 4 10 15 14 7 18 11 3 18 3 15 10 13
split_gain=13.9281 19.6088 18.5386 18.292 13.5733 13.2617 21.061 32.9281 35.0125 26.9233 34.9784 24.2209 26.6389 18.7822
threshold=0.17727037577423979 0.071096742851081488 2.2065564219004568 0.0003176515247766965 0.14387471358857365 0.76978918465481483 9.049864141919242 70.476910401083728 0.16980700459262058 9.1663677475708045 0.0086685296902913062 -0.015717507970277374 0.90454385976026286 0.10736445341683866
decision_type=2 2 2 2 2 2 2 2 2 2 2 2 2 2
left_child=1 4 -2 -4 5 -1 7 8 11 10 13 -7 -13 -8
right_child=2 -3 3 -5 -6 6 9 -9 -10 -11 -12 12 -14 -15
leaf_value=-0.00080553332202577864 -0.0099143052984645551 0.0065569628195527134 0.019634796020397482 -0.0049919398498183224 -0.0085598586785009291 0.012171561851106665 -0.01055098825388609 -0.015471841975308216 0.017756757951536636 0.00057137071530659062 0.0014957410737210563 0.0047126366107630904 -0.0017565920002841624 0.0015553037991440698
leaf_weight=9054.2496916502714 265.05524431169033 423.88266569375992 42.404550090432167 68.297487884759903 161.09923553466797 222.25705049932003 600.17374505102634 82.205151066184044 146.32580772042274 12871.592339009047 599.78050908446312 1289.1475224792957 1028.280161768198 142.07583752274513
leaf_count=37267 1217 1816 184 322 746 909 2440 334 593 52787 2434 5267 4190 584
internal_value=9.02366e-05 0.000171393 -0.00562984 0.0046224 6.75784e-05 0.000121614 0.000615981 0.00300896 0.00358565 0.000149572 -0.00389079 0.00275584 0.0018431 -0.00823574
internal_weight=26996.8 26621.1 375.757 110.702 26197.2 26036.1 16981.8 2768.22 2686.01 14213.6 1342.03 2539.68 2317.43 742.25
internal_count=111090 109367 1723 506 107551 106805 69538 11293 10959 58245 5458 10366 9457 3024
is_linear=0
shrinkage=0.03


Tree=171
num_leaves=15
num_cat=0
split_feature=1 18 18 7 6 5 3 14 7 18 18 6 7 13
split_gain=17.0033 20.5227 20.1072 30.7439 47.4426 35.3835 38.4159 23.1452 20.2638 18.1224 30.5255 38.1556 27.0767 33.5832
threshold=0.025720197999812292 10.12819483653783 10.478678626728863 1.1434122039938595 0.011777320240865816 0.015315862743154553 -0.023229369789542705 0.14387471358857365 0.79787200121888224 10.149257610109702 9.7186622950488211 0.0088102977679961007 0.45722078025985874 0.072890595257035909
decision_type=2 2 2 2 2 2 2 2 2 2 2 2 2 2
left_child=2 -2 7 5 -5 6 -4 9 -8 10 -1 -12 -11 -14
right_child=1 -3 3 4 -6 -7 8 -9 -10 12 11 -13 13 -15
leaf_value=-0.00056495853159634166 0.0030873177610822107 -0.005123346436120447 -0.0039715200900175846 -0.0063558153198351687 0.020536070720669278 -0.0082095501085358846 0.021911100047471717 -0.0083689130993035276 0.0050123983019362186 0.011207910683569956 0.0094070311848567859 0.0010257467857496593 0.0010380992413926374 -0.011515159608522311
leaf_weight=18660.217735409737 2602.7846062779427 304.3695120960474 206.89047256112099 83.547802478075027 193.05796976387501 256.68332077562809 124.87033726274967 320.16105063259602 131.71465964615345 86.950418800115585 600.96319361031055 2586.5996402353048 329.13080866634846 456.65436872839928
leaf_count=76311 10837 1308 850 338 806 1089 506 1490 536 359 2437 10764 1336 1913
internal_value=5.85608e-05 0.00222476 -0.000203588 0.00396371 0.0124262 0.000687956 0.0056297 -0.000384198 0.0133422 -0.000270957 -0.000101422 0.00261081 -0.00450511 -0.00626787
internal_weight=26944.6 2907.15 24037.4 996.765 276.606 720.159 463.475 23040.7 256.585 22720.5 21847.8 3187.56 872.736 785.785
internal_count=110880 12145 98735 4125 1144 2981 1892 94610 1042 93120 89512 13201 3608 3249
is_linear=0
shrinkage=0.03


Tree=172
num_leaves=15
num_cat=0
split_feature=18 15 10 18 10 10 18 3 6 6 15 11 18 14
split_gain=11.2651 40.4633 42.1382 34.6873 46.4294 34.2917 51.7065 31.0484 37.347 30.0031 29.1088 22.6572 21.5965 40.7125
threshold=10.478678626728863 -0.0071468131086853673 1.4387000380311317 10.12819483653783 0.67317724948019764 0.89716175683487442 10.58987605263656 -0.056713786896758205 0.014867932065439267 0.028883561754092787 -0.018734256176159644 58.721965263481721 9.7046483464202442 0.15271304858984761
decision_type=2 2 2 2 2 2 2 2 2 2 2 2 2 2
left_child=3 9 5 12 -5 -3 -7 8 -6 10 -2 -8 -1 -14
right_child=1 2 -4 4 7 6 11 -9 -10 -11 -12 -13 13 -15
leaf_value=-0.00040620486383686935 -0.028042421472860499 0.012450626325908289 0.024415321498536507 0.013020739586187395 0.016334114774708166 0.015765167805081231 -0.00076419084645556318 -0.01024657497741391 -0.0075936400787509064 0.0138286902730462 -0.0047771034998447676 -0.016493157644884106 0.0025796652370890919 -0.013874580309331284
leaf_weight=20687.738051138818 61.909230917692184 258.74240657687187 99.656164944171906 109.63097715377808 96.336170330643654 118.2819217890501 205.17533303797245 785.00731210410595 143.77063557505608 53.955146014690399 204.30197797715664 135.9982802271843 3854.5934526622295 138.29014909267426
leaf_count=84790 255 1068 425 459 390 482 853 3315 597 234 838 575 15991 661
internal_value=-0.000123424 0.00279502 0.00633075 -0.000252285 -0.00537615 0.00376052 -0.00116606 -0.00736513 0.00206233 -0.00622011 -0.0103564 -0.00709364 -1.62875e-05 0.00200313
internal_weight=26953.4 1138.02 817.854 25815.4 1134.75 718.198 459.456 1025.11 240.107 320.166 266.211 341.174 24680.6 3992.88
internal_count=110933 4730 3403 106203 4761 2978 1910 4302 987 1327 1093 1428 101442 16652
is_linear=0
shrinkage=0.03


Tree=173
num_leaves=15
num_cat=0
split_feature=6 15 3 10 2 18 11 10 10 18 14 15 15 15
split_gain=13.7979 43.2672 31.3827 32.8149 28.842 26.1762 31.1683 20.4738 23.9063 18.8657 18.4891 36.4721 37.9321 52.2806
threshold=0.031502745005371237 0.0030832101336715216 -0.015402149915640704 1.5727626004412234 0.018545121774948384 10.055646469783783 57.867606252089175 0.6922981359367798 1.4881175956643566 9.5949600480597468 1.0000000180025095e-35 0.011542245002382769 -0.0083869076811864379 -0.0038781087183492598
decision_type=2 2 2 2 2 2 2 2 2 2 2 2 2 2
left_child=10 2 7 5 -3 6 -4 -2 -9 -5 -1 12 -12 -14
right_child=1 4 3 9 -6 -7 -8 8 -10 -11 11 -13 13 -15
leaf_value=0.0010000206536689442 -0.005585410295686496 -0.016354145351236735 -0.019883223586122194 0.017895417545848776 -0.0022191804847082205 0.0074663999821463168 0.0066471210591938692 0.0095828295112980813 -0.012222642451298194 -0.0063656931431155007 0.0015721838782127835 0.0030906795668323175 -0.0075958715126723452 -0.0012392874109230523
leaf_weight=12929.882850795984 132.88006319105625 276.26081421971321 203.92627790570259 68.04456615447998 245.06195376813412 57.225781217217445 48.368948996067047 475.37922526896 48.279369920492172 47.660442158579826 2907.6704787760973 1996.0338954031467 1440.6935281604528 6044.805709823966
leaf_count=52550 574 1235 888 286 1105 256 219 2027 207 214 12007 8148 5989 25101
internal_value=3.55575e-05 -0.00266177 0.000762734 -0.00557109 -0.0097435 -0.0106493 -0.0147847 0.00486947 0.00753359 0.00796358 0.000206536 -0.000621604 -0.00133502 -0.00246441
internal_weight=26922.2 1603.09 1081.76 425.226 521.323 309.521 252.295 656.539 523.659 115.705 25319.1 12389.2 10393.2 7485.5
internal_count=110806 7011 4671 1863 2340 1363 1107 2808 2234 500 103795 51245 43097 31090
is_linear=0
shrinkage=0.03


Tree=174
num_leaves=15
num_cat=0
split_feature=10 14 7 18 18 13 7 10 15 18 5 18 7 15
split_gain=13.6133 17.6503 19.4015 26.3824 17.4327 16.7403 13.2171 25.6553 12.4335 12.035 34.1618 31.4902 29.0541 27.7758
threshold=2.4041185900921778 0.19559172626778534 2.0018143688511256 9.8075300018192859 9.429422585227325 0.3414115414753795 1.8009110145145513 1.732091070277237 0.02295819499303731 9.7186622950488211 0.068342631114631028 9.6130600525133421 1.4137115745123319 0.0001425574247182482
decision_type=2 2 2 2 2 2 2 2 2 2 2 2 2 2
left_child=1 2 6 -4 -2 -6 9 -8 -3 11 -11 -1 13 -12
right_child=4 8 3 -5 5 -7 7 -9 -10 10 12 -13 -14 -15
leaf_value=-1.2253680197726942e-05 0.019457062270501296 -0.012669631305752785 -0.00027511209407261438 -0.028381386914475844 0.013467149964054367 -0.0082825923362983087 0.01508087871248002 -0.0093530308266591717 0.0047335784634662493 0.0019736799644295392 -0.018319628936277758 -0.0042418844255603955 0.013365418123009804 -0.0034240411944427623
leaf_weight=18771.934437796474 70.90898160636425 161.30101254582405 72.991111263632774 49.147107899188995 53.563853785395622 72.646467491984367 130.664331138134 53.013753145933151 46.592251196503639 5168.0017886161804 157.37920378148556 1728.232965901494 63.723326280713081 388.78364485502243
leaf_count=76854 295 771 302 204 225 344 536 219 191 21297 730 7127 272 1738
internal_value=-3.7843e-05 -9.5919e-05 -2.7499e-05 -0.0118598 0.00777732 0.00101412 2.80071e-05 0.0080039 -0.00876135 -2.83476e-05 0.00118074 -0.000369205 -0.00552293 -0.00776745
internal_weight=26988.9 26791.8 26583.9 122.138 197.119 126.21 26461.7 183.678 207.893 26278.1 5777.89 20500.2 609.886 546.163
internal_count=111105 110241 109279 506 864 569 108773 755 962 108018 24037 83981 2740 2468
is_linear=0
shrinkage=0.03


Tree=175
num_leaves=15
num_cat=0
split_feature=2 15 4 15 6 16 10 15 15 18 10 18 6 12
split_gain=10.9299 44.8672 40.337 39.8289 32.7892 32.5894 31.8069 28.9702 72.4027 26.1585 30.0525 27.7512 23.876 35.0818
threshold=0.027649622997430349 0.016879310784821303 -0.0057993166849157332 -0.013692918770723315 0.0094814906579756969 -0.85861643640126084 0.96727190020163667 0.039842445997570593 0.02295819499303731 9.5721533341851686 0.6809119313083275 9.7046483464202442 0.020997603844779503 -0.099029860406905021
decision_type=2 2 2 2 2 2 2 2 2 2 2 2 2 2
left_child=7 2 -2 5 -3 -4 -6 8 -1 10 -5 -11 13 -10
right_child=1 4 3 9 6 -7 -8 -9 12 11 -12 -13 -14 -15
leaf_value=0.00056217543901279177 -0.0140831505319488 -0.0081820285560862786 0.012858179447554342 -0.0098559013963442424 0.010700785646736072 -0.0028019582276896781 0.0011558723522019081 0.011896623464400796 -0.024153516642611936 -0.012163052673876374 3.5216859886669948e-05 -0.003305271670181506 0.0059225080696211326 -0.0071662776482630574
leaf_weight=18928.507809057832 243.92979616671801 181.06233181059361 290.698646068573 302.61069366335869 564.33808527886868 201.20666794478893 707.02436642348766 191.68555702269077 154.93093793094158 415.83603861927986 2991.3405156731606 1347.8767052292824 73.06503538787365 370.91380162537098
leaf_count=77327 1061 728 1198 1293 2317 843 2884 774 650 1781 12377 5940 318 1512
internal_value=-1.48237e-05 -0.00101104 -0.00219307 -0.00166556 0.00370042 0.00646722 0.00540286 0.000351309 0.000236771 -0.00245879 -0.000878896 -0.00540511 -0.0100153 -0.0122438
internal_weight=26965 7245.92 5793.5 5549.57 1452.42 491.905 1271.36 19719.1 19527.4 5057.66 3293.95 1763.71 598.91 525.845
internal_count=111003 30422 24493 23432 5929 2041 5201 80581 79807 21391 13670 7721 2480 2162
is_linear=0
shrinkage=0.03


Tree=176
num_leaves=15
num_cat=0
split_feature=18 6 18 1 6 1 12 6 7 12 6 4 18 13
split_gain=10.4026 20.2915 17.7645 19.4681 13.8472 11.3598 21.375 50.1432 45.3047 39.7925 38.9458 39.2607 25.2413 24.5346
threshold=7.9137693744205411 0.021648404780337274 8.1756030975208382 -0.017969443522849012 0.019376860050665006 -0.014622463205244294 -0.16768601756996657 0.019054556680387195 1.0970014235523242 -0.12907732851393453 0.011615217766337857 -0.00020772090575865707 10.478678626728863 0.19257395226819699
decision_type=2 2 2 2 2 2 2 2 2 2 2 2 2 2
left_child=1 -1 3 -2 -5 -4 7 10 -9 12 11 -7 -8 -12
right_child=2 -3 5 4 -6 6 9 8 -10 -11 13 -13 -14 -15
leaf_value=-0.022005162639509007 0.024695120863072986 0.004048095940812309 -0.0012338719616485562 -0.0079520220160259614 0.0099479401302199726 -0.0074482211583911878 -0.0049303970756553826 -0.0033761011923623325 0.006086855511621401 0.00038154610842152016 0.010689648569018138 0.013333684795229514 0.011304514346486933 -0.0043926218471657154
leaf_weight=52.984459921717644 49.758597284555435 51.654297545552254 5297.8529336005449 58.863266289234161 106.3635389059782 286.88845671713352 1845.6348547339439 1526.8325112015009 646.48578774929047 15730.887907937169 1045.2043719887733 112.16134656965733 88.552478060126305 105.91019670665264
leaf_count=232 202 212 22067 240 432 1166 7569 6540 2703 64336 4241 454 363 448
internal_value=4.19682e-05 -0.00930941 7.90318e-05 0.0086282 0.00355211 9.5184e-06 0.000317587 0.00238264 -0.000558196 -0.000117909 0.00650107 -0.00156966 -0.00417621 0.00929677
internal_weight=27006 104.639 26901.4 214.985 165.227 26686.4 21388.6 3723.48 2173.32 17665.1 1550.16 399.05 1934.19 1151.11
internal_count=111205 444 110761 874 672 109887 87820 15552 9243 72268 6309 1620 7932 4689
is_linear=0
shrinkage=0.03


Tree=177
num_leaves=15
num_cat=0
split_feature=18 15 12 10 5 3 3 18 10 3 12 14 2 3
split_gain=16.1786 28.186 38.7255 35.7319 39.8673 27.8719 25.7783 23.2932 43.2672 40.4918 59.6913 23.7008 33.4345 21.3817
threshold=10.478678626728863 -0.0086140111370172062 -0.14301187172971372 1.4387000380311317 0.015315862743154553 0.10871389106790309 -0.023229369789542705 10.149257610109702 0.67317724948019764 -0.06747921295916369 -0.29555970156219724 -0.046593135572396964 -0.0035060143374670001 0.48279699589897046
decision_type=2 2 2 2 2 2 2 2 2 2 2 2 2 2
left_child=7 2 -2 4 -3 -6 -4 13 -9 10 -10 -11 -13 -1
right_child=1 3 6 -5 5 -7 -8 8 9 11 -12 12 -14 -15
leaf_value=-0.00019964982680343541 0.010853139076188605 0.0094521218068416828 -0.027355384055002884 0.022315050609982155 -0.010685313402303729 0.0087284771104503781 -0.0045073419973783195 0.012963085545135847 -0.022054781520428755 -0.023473674223945234 0.015641688685553639 0.0025185216379260194 -0.012318151533984323 0.016372829674605134
leaf_weight=24624.128996886313 95.961406603455544 444.17104634642601 65.10012099146843 104.61489573121071 209.64684048295021 95.324579104781151 134.65271334350109 109.37867449223995 49.795113518834114 99.663993760943413 138.55708563327789 195.47965678572655 448.03419482707977 68.26654988527298
leaf_count=101241 398 1819 266 446 865 421 562 458 206 414 568 793 1938 299
internal_value=-0.00018236 0.0032967 -0.0046632 0.00605822 0.00373464 -0.00459983 -0.012151 -0.000338009 -0.00472968 -0.00683046 0.00554877 -0.00997434 -0.00781739 -0.00015251
internal_weight=26882.8 1149.47 295.714 853.757 749.142 304.971 199.753 25733.3 1040.91 931.53 188.352 743.178 643.514 24692.4
internal_count=110694 4777 1226 3551 3105 1286 828 105917 4377 3919 774 3145 2731 101540
is_linear=0
shrinkage=0.03


Tree=178
num_leaves=15
num_cat=0
split_feature=1 7 6 10 13 7 12 3 10 13 18 5 13 3
split_gain=16.4217 13.7655 32.3293 46.8478 23.0934 58.2916 34.0091 43.6677 40.3344 29.2389 28.5577 25.1466 42.3383 23.2148
threshold=-0.036426531214770012 0.8298178651107414 0.0080163488418744811 0.51795477833883041 0.047614678145252894 0.54037788744188853 -0.042827761921015499 -0.0077809559328989577 0.92378884626888047 0.034961859517260614 9.1076330423566016 0.011373210418773929 0.067355946156591032 0.035355869744542641
decision_type=2 2 2 2 2 2 2 2 2 2 2 2 2 2
left_child=-1 2 3 -2 6 -6 7 10 -9 -8 -5 -7 -13 -14
right_child=1 -3 -4 4 5 11 9 8 -10 -11 -12 12 13 -15
leaf_value=-0.002890322957211373 0.028754496634995259 0.00072491899221663379 -0.0017083651604841814 -0.015126146578116744 -0.0053244920923435461 0.010908957510244243 0.0020753019484352772 0.018686205940432483 -0.007702131387833459 -0.026142859964334391 -0.00066996600558921001 -0.023123505727508393 -0.003946301533880028 0.0085271926817579672
leaf_weight=1751.9780622124672 55.443556681275368 14291.014601007104 7871.6110504716635 149.68889567255974 491.43864819407463 659.09754972159863 52.148720487952232 175.22404702007771 72.544340118765831 86.939158409833908 651.07812224328518 50.797469824552536 189.61612249910831 450.18881492316723
leaf_count=7404 226 58689 32554 610 1995 2664 213 709 294 351 2659 206 769 1819
internal_value=-8.33809e-05 0.000111617 -0.000688373 0.0019143 0.00140433 0.00350676 -0.00185543 5.22222e-06 0.0109601 -0.0156835 -0.00340324 0.00672542 0.00271276 0.0048297
internal_weight=26998.8 25246.8 10955.8 3084.21 3028.76 1841.14 1187.62 1048.54 247.768 139.088 800.767 1349.7 690.602 639.805
internal_count=111162 103758 45069 12515 12289 7453 4836 4272 1003 564 3269 5458 2794 2588
is_linear=0
shrinkage=0.03


Tree=179
num_leaves=15
num_cat=0
split_feature=2 1 10 6 4 11 6 3 15 14 1 15 15 15
split_gain=12.7896 27.7556 26.644 31.0736 25.803 30.7931 24.677 48.0755 39.538 33.8161 25.3274 24.6752 24.3203 51.0427
threshold=-0.011960524266493076 0.025720197999812292 1.4387000380311317 0.011221471654621198 -0.043174995277234222 24.537528163896791 0.0088589267354562806 -0.093207792250896024 -0.010972189501387229 -0.022665655063716979 -0.012255510052056271 0.0030832101336715216 -0.00011776364936544324 -0.0022274691004571241
decision_type=2 2 2 2 2 2 2 2 2 2 2 2 2 2
left_child=2 12 6 -4 5 -5 7 11 10 -10 -9 -1 13 -2
right_child=1 -3 3 4 -6 -7 -8 8 9 -11 -12 -13 -14 -15
leaf_value=-0.021709296243067312 -0.0013460429270752995 0.0026063503270525056 -0.015899389847963064 0.0094297261626876579 0.0030355393226087013 -0.01664821532335654 0.00047973197396720951 -0.0054972615784936842 0.0063706695932639898 -0.0023411764557910485 0.017210317959740148 0.0042073553832825327 7.5651404410178683e-05 -0.0096279022527652417
leaf_weight=92.696383133530617 4899.3523771464825 2272.2013207376003 165.83928605914116 53.655771672725677 409.37296326458454 154.23574522137642 7727.3817882686853 50.335006669163704 1132.2261038273573 618.99186307191849 317.71356871724129 49.927792489528656 8200.2227507159114 774.00982455909252
leaf_count=377 20329 9535 670 226 1673 644 31682 205 4574 2504 1283 202 33713 3228
internal_value=6.83646e-05 -0.000465754 0.000868847 -0.00445295 -0.00133624 -0.00989191 0.00128686 0.0040414 0.00517926 0.00329219 0.0140919 -0.0127041 -0.000969204 -0.00247892
internal_weight=26918.2 16145.8 10772.4 783.104 617.264 207.892 9989.27 2261.89 2119.27 1751.22 368.049 142.624 13873.6 5673.36
internal_count=110845 66805 44040 3213 2543 870 40827 9145 8566 7078 1488 579 57270 23557
is_linear=0
shrinkage=0.03


Tree=180
num_leaves=15
num_cat=0
split_feature=3 10 6 3 3 18 5 15 3 15 7 18 2 5
split_gain=13.7887 28.2128 62.4696 27.915 43.6448 24.0293 32.062 36.7667 33.1117 35.9874 43.2278 31.5349 28.8939 23.5304
threshold=0.069880017567633526 1.4230393074311409 0.010403182463290589 1.0000000180025095e-35 -0.21886630804937088 9.2519022163565463 0.015315862743154553 0.014957121535005504 0.12923502974855341 -0.003079860511940868 1.3070769107195379 10.515657073215642 -0.092972011616077474 -0.023925305225522272
decision_type=2 2 2 2 2 2 2 2 2 2 2 2 2 2
left_child=1 -1 -3 4 -4 12 13 8 -8 10 -10 -11 -2 -7
right_child=5 2 3 -5 -6 6 7 -9 9 11 -12 -13 -14 -15
leaf_value=2.5023515044676729e-05 -0.019407256123250324 -0.017303537510632874 -0.018260604130619851 -0.0081499450207892111 0.006121900647273539 -0.0072594734292033914 0.00079388249658399863 0.0064027592137359153 -0.0035951425327200043 -0.010596297568193355 0.019833864766829266 0.0086837551403010516 0.0048592876489940472 0.0097148047387644737
leaf_weight=20156.912049107254 43.347408682107925 272.01352718472481 73.979572802782059 310.74514397978783 506.43569695949554 86.564549833536148 1426.2255991846323 504.12404824793339 302.78770026564598 868.94300009310246 90.372791513800621 82.2008887976408 1779.7865577787161 441.81399677693844
leaf_count=82643 180 1108 316 1275 2066 366 5919 2047 1328 3927 376 373 7254 1807
internal_value=0.000111299 -0.000237343 -0.0047762 -0.000922226 0.00296208 0.00143208 7.4068e-05 -0.00103362 -0.00239038 -0.00576485 0.00186343 -0.00891533 0.00426168 0.00691701
internal_weight=26946.3 21320.1 1163.17 891.16 580.415 5626.17 3803.03 3274.65 2770.53 1344.3 393.16 951.144 1823.13 528.379
internal_count=110985 87408 4765 3657 2382 23577 16143 13970 11923 6004 1704 4300 7434 2173
is_linear=0
shrinkage=0.03


Tree=181
num_leaves=15
num_cat=0
split_feature=3 2 3 13 1 2 7 10 2 11 7 3 12 6
split_gain=15.4954 13.8994 12.4078 24.6382 16.5984 23.2249 13.2025 25.5432 42.618 30.3238 26.7344 22.6374 23.1156 21.5982
threshold=0.48279699589897046 0.14452280448133006 -0.33459809896203513 0.063956046744619202 -0.068688301240901847 -0.1483808932247139 0.69350245518616782 0.80337006854790427 0.048417047016529054 58.721965263481721 0.75559070234671954 0.048797400514537521 -0.01292004102342975 0.019054556680387195
decision_type=2 2 2 2 2 2 2 2 2 2 2 2 2 2
left_child=2 -2 3 -1 5 -4 13 8 11 -10 -11 -8 -13 -6
right_child=1 -3 4 -5 6 -7 7 -9 9 10 -12 12 -14 -15
leaf_value=0.014560165273956156 0.023827291546183488 0.00082531712192923212 0.0046198549478672956 -0.0077079690421654346 -0.0002928547537645569 -0.010158339403790944 0.0028020298484874181 -6.7369599782153615e-05 -0.018133908744364269 -0.020830661524411674 0.0024251616868291833 0.0066019466674668926 0.023216356435921126 -0.0048486218274316857
leaf_weight=136.77868017554283 44.776287615299225 48.109323024749756 135.6508042216301 64.458093911409378 5238.4008389115334 315.34171894192696 2875.5362392961979 15960.872276186943 127.86642523109913 50.429128542542458 291.9421404004097 411.66227062046528 91.172867685556412 1138.5480851829052
leaf_count=592 195 228 577 284 21360 1362 11787 65602 567 217 1226 1666 367 4896
internal_value=8.01666e-05 0.0121821 3.73784e-05 0.0074218 -1.89614e-05 -0.00571254 7.95243e-05 0.000461721 0.00265485 -0.00579001 -0.00110136 0.00383303 0.00969447 -0.00110751
internal_weight=26931.5 92.8856 26838.7 201.237 26637.4 450.993 26186.4 19809.5 3848.61 470.238 342.371 3378.37 502.835 6376.95
internal_count=110926 423 110503 876 109627 1939 107688 81432 15830 2010 1443 13820 2033 26256
is_linear=0
shrinkage=0.03


Tree=182
num_leaves=15
num_cat=0
split_feature=3 15 18 2 1 15 13 10 1 3 2 10 6 3
split_gain=15.9408 28.645 30.063 30.0247 28.6811 25.9315 25.5718 23.3546 22.6652 22.511 20.8806 20.8494 65.9443 29.838
threshold=0.069880017567633526 0.024369688748671074 9.2519022163565463 0.038130631858366744 0.064114391946235486 -0.00050931550861266206 0.31299164784337069 1.777213454558207 -0.0064556150855232799 0.10194833388302095 -0.087561855729080026 1.4387000380311317 0.010096984115558358 0.011044754935152225
decision_type=2 2 2 2 2 2 2 2 2 2 2 2 2 2
left_child=11 2 10 -4 6 -6 7 -5 -3 -8 -2 -1 -13 -14
right_child=1 8 3 4 5 -7 9 -9 -10 -11 -12 12 13 -15
leaf_value=-0.00027199462875596197 -0.015598912551259794 0.022906172186799651 0.0017764576680428157 -0.0033138051607123002 0.026385825082851349 0.00035826965142881181 0.0063220225215946182 0.013913111302981038 0.0053410393049447844 -0.011787795579412907 0.0045237572736862653 -0.019252123224438498 0.0026914872984732871 -0.0095118462940977574
leaf_weight=20208.810881666839 45.826357573270798 81.320211976766586 1817.9544457793236 819.1133721768856 47.049052312970161 115.94457076489925 68.317955747246742 75.540327936410904 330.53509993851185 548.58972871303558 1658.969003662467 216.88093884289265 622.19422389566898 251.60140290856361
leaf_count=82858 190 330 7478 3442 200 532 307 318 1343 2613 6758 885 2554 1035
internal_value=-0.000115541 0.00130705 0.000701909 -0.000892355 -0.00378837 0.00810004 -0.00507932 -0.00183146 0.00890318 -0.00976832 0.0039652 -0.000490264 -0.00452662 -0.000836047
internal_weight=26908.6 5609.16 5197.3 3492.51 1674.56 162.994 1511.56 894.654 411.855 616.908 1704.8 21299.5 1090.68 873.796
internal_count=110843 23511 21838 14890 7412 732 6680 3760 1673 2920 6948 87332 4474 3589
is_linear=0
shrinkage=0.03


Tree=183
num_leaves=15
num_cat=0
split_feature=6 12 13 18 18 10 13 1 6 18 10 14 18 18
split_gain=14.3048 32.0273 53.3409 29.0011 32.8403 34.5529 22.6441 16.5722 23.1995 16.4949 20.9641 19.297 19.2612 15.3876
threshold=0.030682095091406219 -0.2844757556504332 0.5708307405003924 9.9874038006599708 9.7664673120420957 0.58256933233106578 0.30295316809151679 0.069766974576500621 0.018437467650889477 9.3509026240178503 1.2853672780179071 -0.028161580523971882 8.994549451769343 8.9709805020261033
decision_type=2 2 2 2 2 2 2 2 2 2 2 2 2 2
left_child=7 3 9 4 5 -2 -7 -1 -9 11 -11 -3 -13 -4
right_child=1 2 13 -5 -6 6 -8 8 -10 10 -12 12 -14 -15
leaf_value=0.00016441210087908307 -0.01579931415729716 -0.021858230651340696 0.019465006516864964 0.015832368417539204 -0.017431190424448698 0.0078215462194242691 -0.013122157948525039 0.023975666054517192 0.0032113375674626848 -0.0018247401329698635 -0.015759882170889992 0.0037911535324532753 -0.017288436607832382 0.0018714297862078657
leaf_weight=24827.360961958766 78.247177585959435 172.46622325479984 54.316100805997849 116.82621876895428 85.114918321371078 415.95292358100414 50.446434989571571 56.921876907348633 276.89172029495239 315.31062540411949 138.84681415557861 74.390062257647514 78.679137706756592 220.29211857914925
leaf_count=101751 370 733 225 509 377 1781 225 236 1176 1400 613 312 340 1017
internal_value=6.90193e-05 -0.00251236 -0.00587453 0.00223856 -0.000325343 0.00240188 0.00550989 0.000253965 0.00687377 -0.00987277 -0.00613547 -0.0150174 -0.0071272 0.00546693
internal_weight=26962.1 1800.89 1054.3 746.588 629.761 544.647 466.399 25161.2 333.814 779.693 454.157 325.535 153.069 274.608
internal_count=111065 7902 4640 3262 2753 2376 2006 103163 1412 3398 2013 1385 652 1242
is_linear=0
shrinkage=0.03


Tree=184
num_leaves=15
num_cat=0
split_feature=5 18 4 10 10 14 11 1 6 10 15 6 15 16
split_gain=12.0025 19.0028 16.1315 12.6451 12.4852 17.9426 16.9636 14.9761 16.3016 21.7543 13.9223 34.5024 72.886 51.0965
threshold=-0.16157594545451018 9.4989358639893755 -0.090816168052899923 1.1742605029746616 2.4041185900921778 0.17727037577423979 69.767551822621513 0.028053604231286448 0.023242488687586615 1.4703352399650091 0.0050153993023482899 0.012381043532076081 0.02295819499303731 -0.85861643640126084
decision_type=2 2 2 2 2 2 2 2 2 2 2 2 2 2
left_child=1 -1 3 -2 5 7 -6 10 -9 -10 -4 12 13 -12
right_child=2 -3 4 -5 6 -7 -8 8 9 -11 11 -13 -14 -15
leaf_value=-0.00076445214114773835 -0.0023814756878327821 0.01810854953813637 -0.00069424132444123143 -0.019082041762243748 0.00033940107537129018 -0.0074101981321401771 0.018493693196203833 0.0042006802552903844 -0.0027513118418036578 0.011504514558929662 0.001442819181661312 -0.0014893797345749999 -0.0057089556288058901 0.0088770770694197084
leaf_weight=110.73951081931591 99.742108970880508 82.562629863619804 16306.916661515832 67.847739607095718 116.09519055485725 293.67668873071671 75.163534536957741 1491.6339130699635 763.7122427970171 108.21676348149776 2005.144868478179 3157.2438770979643 763.58232159912586 1421.4183891713619
leaf_count=475 417 373 66936 285 500 1356 342 6126 3249 462 8079 13227 3106 5728
internal_value=-1.06057e-05 0.00739942 -6.4863e-05 -0.0092879 -5.84491e-06 -6.16427e-05 0.00759148 2.18673e-05 0.00229779 -0.000959715 -0.00020572 0.000878407 0.00266238 0.0045301
internal_weight=26863.7 193.302 26670.4 167.59 26502.8 26311.5 191.259 26017.9 2363.56 871.929 23654.3 7347.39 4190.15 3426.56
internal_count=110661 848 109813 702 109111 108269 842 106913 9837 3711 97076 30140 16913 13807
is_linear=0
shrinkage=0.03


Tree=185
num_leaves=15
num_cat=0
split_feature=3 2 15 18 13 4 18 3 15 10 10 18 6 15
split_gain=11.0364 19.33 25.8865 38.3312 35.3725 21.653 19.8465 30.7949 22.1344 23.983 19.5647 18.7818 18.6664 29.5695
threshold=0.063475035575767183 0.039849169689021753 0.021151706938164597 9.5449312626070402 0.15792853497014717 0.013004532330766152 10.367018377268588 0.10412975741638021 -0.003079860511940868 1.4534891260780178 0.82790466852404188 9.9555854979613656 0.025801690188789504 -0.025240476479265524
decision_type=2 2 2 2 2 2 2 2 2 2 2 2 2 2
left_child=-1 12 3 4 -3 -5 7 -7 9 -9 -10 -4 13 -2
right_child=1 2 11 5 -6 6 -8 8 10 -11 -12 -13 -14 -15
leaf_value=-0.00030429958983998416 -0.017707976254665758 -0.009418326978080897 0.0039301334878253831 -0.017459887476068022 0.0032929277264670217 0.0030989276276701329 0.0054081631777524947 -0.011067073920122284 0.0051914646390232725 0.014525392351447109 -0.015771691722258497 0.022807014178414797 -0.0028247040704951014 0.0041226480079594244
leaf_weight=20769.180101342499 55.074244856834412 230.39859913289547 299.47134694457054 130.04250778257847 1293.6020080894232 218.07538251578808 151.92197974026203 69.976577639579773 43.905310079455376 58.791242882609367 373.10869024693966 54.676041439175606 462.84342135488987 2709.7861417084932
leaf_count=85184 233 935 1219 583 5421 929 693 321 191 253 1770 223 1981 10988
internal_value=2.6296e-05 0.00114218 -0.000624545 -0.00167385 0.00136141 -0.00609107 -0.00444214 -0.00641025 -0.0102072 0.000661069 -0.0135503 0.0069562 0.00274205 0.00367531
internal_weight=26920.9 6151.67 2923.97 2569.82 1524 1045.82 915.779 763.857 545.782 128.768 417.014 354.147 3227.7 2764.86
internal_count=110924 25740 12538 11096 6356 4740 4157 3464 2535 574 1961 1442 13202 11221
is_linear=0
shrinkage=0.03


Tree=186
num_leaves=15
num_cat=0
split_feature=14 4 15 18 15 7 13 6 18 1 15 6 5 5
split_gain=12.0079 25.9441 29.0839 21.289 37.6417 49.1094 47.3829 36.5505 30.4555 35.0808 28.9558 44.1497 32.0543 25.7671
threshold=0.073058574706758486 0.040272813529554148 0.010208930633791804 9.7186622950488211 -0.01812390067702507 0.9327889891647243 0.014655772774690991 0.0147649994039397 9.7997185912913558 -0.0091321325398827629 -0.022167203451169733 0.016932882038068631 -0.010768339529260705 0.017102980287152295
decision_type=2 2 2 2 2 2 2 2 2 2 2 2 2 2
left_child=3 2 -2 -1 5 -5 7 -6 9 -8 11 -7 -12 -10
right_child=1 -3 -4 4 6 10 8 -9 13 -11 12 -13 -14 -15
leaf_value=-0.00035944561126112127 -0.0085727461531464027 0.00039843383982948678 0.0041925958397253816 -0.019978891848221349 0.02076110832413585 -0.011733880096384418 -0.0030195868159847666 -0.00038444824891794687 0.0021625474630429103 0.010187105094721177 -0.023692245856113101 0.023424495281595108 0.0065269307272872341 -0.0033909278382753707
leaf_weight=19211.153980538249 767.06849913299084 1480.6306267678738 201.72303535044193 156.7510844618082 214.11084567010403 48.980339139699936 247.02953438460827 111.43189054727554 2495.1119260638952 667.59890781342983 63.743612200021744 86.358802899718285 59.497109115123749 1073.9451503753662
leaf_count=78514 3427 6504 839 663 867 205 1020 467 10235 2724 260 357 246 4458
internal_value=-9.84306e-05 -0.00210008 -0.00591157 0.000102369 0.00179999 -0.00684429 0.00254905 0.0135649 0.00174354 0.00662134 0.00121013 0.0107148 -0.00923203 0.000490519
internal_weight=26885.1 2449.42 968.792 24435.7 5224.56 415.331 4809.23 325.543 4483.69 914.628 258.58 135.339 123.241 3569.06
internal_count=110786 10770 4266 100016 21502 1731 19771 1334 18437 3744 1068 562 506 14693
is_linear=0
shrinkage=0.03


Tree=187
num_leaves=15
num_cat=0
split_feature=13 7 12 14 10 7 15 18 15 12 14 16 2 15
split_gain=11.9807 23.8189 25.0443 23.224 22.5185 21.072 19.1154 14.2707 13.7977 29.529 23.7772 13.5277 13.1868 43.0895
threshold=0.0086211552011880039 0.98674416254091668 -0.086242355321435801 -0.079869947111762526 1.0862536529537186 0.50955901251506408 0.0089045305594703823 9.3409649490484394 -0.0048921819747289588 -0.10416002335738771 -0.032627274441293867 -0.85861643640126084 0.027649622997430349 0.016597698005428544
decision_type=2 2 2 2 2 2 2 2 2 2 2 2 2 2
left_child=1 5 3 -3 -4 -1 8 -8 9 -7 11 -10 -2 -14
right_child=12 2 4 -5 -6 6 7 -9 10 -11 -12 -13 13 -15
leaf_value=0.011383382135459698 0.00063100624643673445 0.0079392090673281995 0.029258324737806526 -0.0066259310763135499 0.0012476007271353705 -0.01052239611283369 -0.0056690422607862659 0.015733600195529562 0.0019526495551704692 0.010842046910308769 -0.021540808090140039 -0.014902391218482009 -0.0020595470219957474 0.0036418592058932988
leaf_weight=56.287586450576782 18414.915789544582 157.93907229602337 50.489193215966225 254.65945810079575 51.22529311478138 203.98024508357048 60.02090947329998 49.413381412625313 95.491481766104698 79.340629205107689 166.16083309054375 75.157469853758812 5756.6288201287389 1502.8462702333927
leaf_count=229 75309 661 205 1033 208 833 247 202 388 324 681 306 24405 6140
internal_value=6.17695e-05 -0.00274553 0.00226865 -0.00103912 0.0154477 -0.00602456 -0.00739507 0.00410393 -0.00943096 -0.00450548 -0.0135232 -0.00555731 0.000204135 -0.000878572
internal_weight=26974.6 1300.17 514.313 412.599 101.714 785.853 729.565 109.434 620.131 283.321 336.81 170.649 25674.4 7259.48
internal_count=111171 5317 2107 1694 413 3210 2981 449 2532 1157 1375 694 105854 30545
is_linear=0
shrinkage=0.03


Tree=188
num_leaves=15
num_cat=0
split_feature=1 18 18 12 6 13 7 12 18 10 4 10 7 7
split_gain=14.5123 17.8788 16.7447 16.7633 45.4213 35.7901 34.1629 33.0588 28.5919 34.0039 26.1217 25.009 30.0842 49.6061
threshold=-0.014007676677787016 8.1756030975208382 7.9137693744205411 -0.16768601756996657 0.019054556680387195 0.015974257722870647 1.1583181370693132 -0.12139585977140936 9.1235043643445515 0.56559396391938022 -0.018790104768101164 0.73158604405344241 0.77279920698142524 0.98320176729444586
decision_type=2 2 2 2 2 2 2 2 2 2 2 2 2 2
left_child=1 -1 -2 4 5 10 8 -5 9 -6 -4 12 -9 -14
right_child=2 -3 3 7 6 -7 -8 11 -10 -11 -12 -13 13 -15
leaf_value=0.011572764498125608 -0.014237293777510105 -0.0014047996067883017 0.0031051227293226111 -0.0030490398842135794 -0.012733779072564637 0.0083569216976824741 0.0063100561681929818 0.0015771555601454697 -0.0055282830659387642 0.0059222076505015863 -0.017028377512166227 0.00026376384515255756 0.015314306233001515 -0.0057198837597182356
leaf_weight=95.258065983653069 66.778289198875427 5467.022576123476 163.3641814738512 2423.6486056745052 104.62285184860229 1293.6607730686665 518.80736954510212 1353.4970199763775 1036.6504830569029 500.86080525815487 87.511067569255829 13275.610540449619 396.29624137282372 133.95654222369194
leaf_count=393 284 22794 661 9949 487 5273 2168 5498 4471 2076 357 54387 1599 542
internal_value=0.000186154 -0.00117847 0.000541667 0.000589359 0.00242259 0.00634772 -0.000386185 0.00020279 -0.00250686 0.00266729 -0.00399704 0.000723019 0.00395588 0.00999896
internal_weight=26917.5 5562.28 21355.3 21288.5 3705.48 1544.54 2160.94 17583 1642.13 605.484 250.875 15159.4 1883.75 530.253
internal_count=110939 23187 87752 87468 15493 6291 9202 71975 7034 2563 1018 62026 7639 2141
is_linear=0
shrinkage=0.03


Tree=189
num_leaves=15
num_cat=0
split_feature=5 3 1 15 15 15 6 17 3 6 7 14 6 2
split_gain=13.7251 16.5285 13.2064 26.0796 24.8193 34.7944 20.6167 22.9964 20.1066 16.0896 24.2967 21.9065 21.9004 19.0529
threshold=-0.16157594545451018 -0.30458910198585482 -0.014973005399461002 0.029175507961626938 -0.019690559660491488 -0.010077416054897091 0.014435348061836642 1.0000000180025095e-35 0.099681366835002741 0.028883561754092787 1.5987991810339925 -0.045603912055190314 0.010403182463290589 -0.1669554793507044
decision_type=2 2 2 2 2 2 2 2 2 2 2 2 2 2
left_child=1 -1 3 4 6 8 -2 -8 -6 11 13 12 -7 -11
right_child=2 -3 -4 -5 5 9 7 -9 -10 10 -12 -13 -14 -15
leaf_value=0.015036629975492441 -0.0077876773612318559 -0.0025700278181650066 0.00025319808423245651 0.0098834461938623937 -0.0092800355616871159 0.015675531732604681 0.015992381827864856 -0.0034176245617770998 0.004138292129596737 0.0054724364992377551 0.014709213680861489 -0.0020706369080519707 0.0017351374408338721 -0.01028839354378854
leaf_weight=115.45986075699329 73.356713891029358 80.267640218138695 21677.495625421405 174.65293076634407 808.87293210625648 111.74910794198513 177.86380358040333 78.207284957170486 113.56347745656967 81.102023988962173 45.612318515777588 2065.6042036414146 943.38951969146729 423.05982293188572
leaf_count=509 313 355 89075 728 3323 452 737 324 486 341 193 8564 3852 1915
internal_value=-1.17591e-05 0.0078632 -6.99098e-05 -0.00144364 -0.00184939 -0.0024206 0.0060812 0.0100838 -0.00762269 -0.00110983 -0.00583223 -0.000274694 0.00323842 -0.00774142
internal_weight=26970.3 195.728 26774.5 5097.03 4922.38 4592.95 329.428 256.071 922.436 3670.52 549.774 3120.74 1055.14 504.162
internal_count=111167 864 110303 21228 20500 19126 1374 1061 3809 15317 2449 12868 4304 2256
is_linear=0
shrinkage=0.03


Tree=190
num_leaves=15
num_cat=0
split_feature=3 13 10 15 15 6 2 15 18 15 2 1 1 13
split_gain=14.0173 23.8011 29.6569 27.538 43.9884 50.1842 33.3805 26.9494 23.1201 31.582 25.9655 35.6905 23.8971 22.7494
threshold=0.069880017567633526 0.1548791467527291 2.0760951817355626 0.04235986628591127 0.02295819499303731 0.010654070918403322 -0.021535860293645289 0.021151706938164597 9.2966407715307309 0.024369688748671074 0.020118161974794106 0.064114391946235486 -0.0064556150855232799 0.31299164784337069
decision_type=2 2 2 2 2 2 2 2 2 2 2 2 2 2
left_child=1 2 3 4 7 -6 -7 -1 -2 10 -10 13 -11 -12
right_child=8 -3 -4 -5 5 6 -8 -9 9 12 11 -13 -14 -15
leaf_value=0.00048891649026665805 0.0039373783277235454 -0.0022473457398292421 -0.017169762811942636 0.014188418452018414 -0.014038376983088062 -0.014073485849745881 0.006809015977378311 0.020633599493624699 0.0025351355542889511 0.027712511921708646 -0.0015435381163991125 0.01043449975091958 0.0052967543323552638 -0.0083790289049975319
leaf_weight=15935.266303732991 2073.6833270341158 4325.3319555819035 85.554457008838654 126.16942821443081 403.09492288529873 90.997915387153625 263.91616733372211 57.994954511523247 1250.3400824368 51.971063762903214 1154.6819685250521 162.63709378242493 214.13401487469673 705.3611996024847
leaf_count=65017 8464 18119 353 508 1650 376 1081 241 5146 211 4821 728 868 3317
internal_value=9.0275e-05 -0.000261383 0.000245216 0.000335519 0.000229499 -0.00682236 0.001406 0.000564536 0.00142367 -5.05892e-05 -0.000860949 -0.0029607 0.00984869 -0.00414189
internal_weight=26901.1 21288.3 16963 16877.4 16751.3 758.009 354.914 15993.3 5612.81 3539.13 3273.02 2022.68 266.105 1860.04
internal_count=110900 87345 69226 68873 68365 3107 1457 65258 23555 15091 14012 8866 1079 8138
is_linear=0
shrinkage=0.03


Tree=191
num_leaves=15
num_cat=0
split_feature=18 6 18 6 7 4 10 7 2 6 5 3 1 12
split_gain=11.493 25.0644 17.9688 20.527 18.0936 11.4645 31.8954 42.0952 44.3344 19.2083 17.4884 47.7443 36.4395 32.7197
threshold=7.9137693744205411 0.021478013656115357 8.1756030975208382 0.019376860050665006 0.8298178651107414 -0.044558118702676779 1.1591942302509921 1.1056779852884391 -0.070408871026605521 0.03465851416741119 -0.052974131700672604 -0.081868714804872664 0.0025208741105053893 -0.18636052182055904
decision_type=2 2 2 2 2 2 2 2 2 2 2 2 2 2
left_child=1 -1 3 -2 -5 6 7 -4 -9 -8 -7 12 -12 -13
right_child=2 -3 5 4 -6 10 9 8 -10 -11 11 13 -14 -15
leaf_value=-0.025075804699267904 -0.0043766878436342846 0.0046367741574085746 -0.0029447425992974443 0.026784771374904755 0.0055752541325902703 0.0031578340842900983 -0.0048715023438566244 0.013302154743681533 -0.017177888211218902 -0.01807993993643138 -0.0080815095950031585 0.0048725205369778615 0.00036258619956320133 0.00011555845854803045
leaf_weight=48.124462649226189 72.205834522843361 51.052261546254158 1049.7293367832899 63.855506345629692 83.427588120102882 1716.7414182424545 321.09478831291199 302.30606333911419 48.243649989366531 142.85336665809155 1096.9651916921139 1391.3943942040205 790.72124528884888 19701.059407889843
leaf_count=213 295 209 4380 259 340 7150 1328 1288 199 626 4603 5816 3326 80786
internal_value=0.000100411 -0.00999162 0.000138528 0.00864797 0.0150064 6.75639e-05 -0.00219969 6.25941e-05 0.00903375 -0.00899863 0.00023887 2.0552e-05 -0.00454777 0.000429791
internal_weight=26879.8 99.1767 26780.6 219.489 147.283 26561.1 1864.23 1400.28 350.55 463.948 24696.9 22980.1 1887.69 21092.5
internal_count=110818 422 110396 894 599 109502 7821 5867 1487 1954 101681 94531 7929 86602
is_linear=0
shrinkage=0.03


Tree=192
num_leaves=15
num_cat=0
split_feature=2 3 18 12 15 13 13 3 3 18 10 2 6 4
split_gain=12.9929 16.1088 20.2606 19.8912 18.0869 22.6352 21.8683 30.1432 27.9159 22.298 24.4231 29.7581 29.5077 23.4861
threshold=0.18766460077501604 0.071299337051783609 8.2602686839860109 -0.27495246370191678 0.012422096268948747 0.5708307405003924 0.46885633674793786 0.25743881412920105 0.48279699589897046 8.5077427946721063 1.6596830823990225 0.039849169689021753 0.028883561754092787 0.030526420606818653
decision_type=2 2 2 2 2 2 2 2 2 2 2 2 2 2
left_child=1 -1 -3 -4 6 -6 7 9 -8 -5 11 12 -11 -13
right_child=-2 2 3 4 5 -7 8 -9 -10 10 -12 13 -14 -15
leaf_value=-0.00040830381896594725 -0.0056168419761771738 0.014354768373775121 0.019867556491533364 -0.016182929606693736 0.0037092800246952468 0.023251019823550208 -0.0063567900456746561 0.016919239235999983 0.016483646645384719 0.0035525707065484809 0.010370877760600325 -0.0074739330248812207 -0.012301174366336655 0.00087154407691742819
leaf_weight=21434.665668733418 380.07301498949528 105.30883970856667 48.762256801128387 67.187394767999649 745.74559745192528 55.602744534611702 642.08743660151958 104.01096273958683 50.148774072527885 1821.6037932932377 232.06631450355053 613.07202680408955 110.22175417840481 598.37548588216305
leaf_count=87926 1738 429 203 271 3034 236 2895 444 222 7376 977 2576 471 2567
internal_value=-0.000123872 -4.50549e-05 0.00145353 0.00118102 0.000992421 0.00511972 0.0002101 0.00116265 -0.0046594 0.000677041 0.00102203 0.000325653 0.00263624 -0.00335717
internal_weight=27008.9 26628.9 5194.19 5088.88 5040.12 801.348 4238.77 3546.54 692.236 3442.53 3375.34 3143.27 1931.83 1211.45
internal_count=111365 109627 21701 21272 21069 3270 17799 14682 3117 14238 13967 12990 7847 5143
is_linear=0
shrinkage=0.03


Tree=193
num_leaves=15
num_cat=0
split_feature=7 12 15 18 18 7 2 1 18 12 15 15 15 15
split_gain=11.745 40.068 33.57 30.5427 34.8338 28.7384 32.0708 36.1201 28.4426 25.6854 62.6171 24.7922 24.2519 26.621
threshold=1.1534076050465367 -0.29555970156219724 -0.01812390067702507 10.478678626728863 10.864699442002584 1.2234802534779279 -0.076123892105873101 0.016971751292220952 10.171742217120237 -0.11415792970310711 -0.025240476479265524 -0.029140330631812535 -0.0080443492539865585 0.0035924988525639638
decision_type=2 2 2 2 2 2 2 2 2 2 2 2 2 2
left_child=-1 -2 8 5 -5 -4 12 -8 9 10 -3 -11 -7 -14
right_child=1 2 3 4 -6 6 7 -9 -10 11 -12 -13 13 -15
leaf_value=-0.00035443000838934004 0.010533552651864302 0.021089721952336268 0.0032965546750875468 0.016401457997906495 -0.0079960459073676968 -0.0073940480529991835 -0.0052345638313037509 0.0019481652441043721 -0.010467615312540403 -0.003510894263596269 -0.018199920209540664 0.019583033173455704 0.016779095362676244 -0.00062009408457433599
leaf_weight=21117.397838950157 381.9538865685463 66.581040099263191 1156.452650859952 189.1725941747427 71.29759219288826 97.650783017277718 2226.4152987599373 877.28627376258373 64.509012565016747 49.737815514206886 76.061054900288582 244.17752899229527 188.23403519392014 135.28741627931595
leaf_count=87056 1652 278 4730 781 296 398 9144 3637 266 221 310 991 775 553
internal_value=-2.54488e-05 0.00116696 0.000506028 -0.000245452 0.00971317 -0.000803464 -0.00214972 -0.00320436 0.00788905 0.0106369 0.000177335 0.0156776 0.00560056 0.00954414
internal_weight=26942.2 5824.82 5442.86 4941.8 260.47 4681.33 3524.87 3103.7 501.066 436.557 142.642 293.915 421.172 323.521
internal_count=111088 24032 22380 20314 1077 19237 14507 12781 2066 1800 588 1212 1726 1328
is_linear=0
shrinkage=0.03


Tree=194
num_leaves=15
num_cat=0
split_feature=1 15 14 7 11 15 13 7 10 15 15 12 14 10
split_gain=12.5692 26.8671 18.5649 14.7917 10.8787 28.9493 20.6541 36.0214 24.306 19.7974 37.1031 36.6972 17.8252 17.4287
threshold=-0.059593190030816194 0.0030832101336715216 -0.11370926392127244 1.1997356504026608 32.82044709332574 -0.0082538746597311512 0.017351780177010116 0.60781604356421126 0.69562271611934168 0.0064523227443409334 0.0034516100052348624 -0.075237302004833681 -0.012219922201126996 1.4096501483059325
decision_type=2 2 2 2 2 2 2 2 2 2 2 2 2 2
left_child=1 2 -1 -4 5 13 7 -6 -9 10 12 -11 -10 -2
right_child=4 -3 3 -5 6 -7 -8 8 9 11 -12 -13 -14 -15
leaf_value=0.0062168903116447223 -0.00092318314731695242 -0.013494131867021303 -0.010394396159922374 0.0030744291210239253 0.0082819987362054183 0.0043521773937076165 0.00027477041142670279 0.012378099566061469 -0.0023717103891568035 -0.0067965975384976654 -0.026392695792946806 0.017705708032122118 -0.011702903400831783 -0.01568549953319771
leaf_weight=224.48138833045959 879.62203219532967 186.30860488116741 184.62752498686314 119.71727465093136 196.41553048789501 1751.8124718219042 22195.172094389796 62.484507620334625 414.59843032062054 177.43072006106377 94.024850562214851 77.340225011110306 331.51181112229824 76.426313474774361
leaf_count=963 3579 823 798 502 804 7136 91532 259 1685 722 383 312 1399 313
internal_value=0.000155354 -0.0037632 -0.000297007 -0.00511081 0.000262359 0.00206241 5.52161e-05 -0.00353939 -0.00555638 -0.00660057 -0.00881742 0.000721485 -0.00653795 -0.00213356
internal_weight=26972 715.135 528.826 304.345 26256.8 2707.86 23549 1353.81 1157.39 1094.91 840.135 254.771 746.11 956.048
internal_count=111210 3086 2263 1300 108124 11028 97096 5564 4760 4501 3467 1034 3084 3892
is_linear=0
shrinkage=0.03


Tree=195
num_leaves=15
num_cat=0
split_feature=13 6 2 10 13 6 12 14 10 10 18 10 13 3
split_gain=11.1873 14.846 11.5387 27.8044 26.7592 24.5842 45.1187 47.1452 32.1574 23.9882 24.1622 22.4214 21.1506 23.5585
threshold=1.2562105650091282 0.026295395004362728 -0.013375640551776423 2.0760951817355626 0.07199445764114866 0.0089112348765178501 -0.13590276347139599 -0.043071583653893956 1.4230393074311409 0.45765699378345964 8.8555556891006439 1.6933362053584846 0.022950326313511685 -0.0077809559328989577
decision_type=2 2 2 2 2 2 2 2 2 2 2 2 2 2
left_child=2 -2 3 5 -5 6 7 -1 -8 -4 -11 -7 13 -12
right_child=1 -3 9 4 -6 11 8 -9 -10 10 12 -13 -14 -15
leaf_value=0.014862826289373125 0.020476026910562915 -0.0021540891946595342 -0.018217879883981304 -0.03025942345685639 -0.00092884921050701539 -0.00014998168479769152 0.0057941982228779769 -0.017342007976698461 -0.013839935241469871 0.0033231123941306379 -0.0075670071703331961 0.009731834251561584 -0.00057002999260270446 0.0078850655483413291
leaf_weight=52.805974140763283 53.100027903914452 48.897931277751923 66.971208512783051 48.734047070145607 62.751924574375153 7935.9212466478348 1949.5151485651731 161.99858728051186 76.222084686160088 1369.2909684628248 692.6567298322916 210.17230747640133 14113.88533501327 100.16099871695042
leaf_count=214 222 215 304 201 259 32584 7882 661 310 5621 2885 863 58471 411
internal_value=-2.61283e-05 0.00979434 -6.41737e-05 0.000711834 -0.0140575 0.000873037 0.00365451 -0.00936093 0.00504251 -0.000562678 -0.000487803 0.000107299 -0.000838262 -0.00559993
internal_weight=26943.1 101.998 26841.1 10498.1 111.486 10386.6 2240.54 214.805 2025.74 16343 16276 8146.09 14906.7 792.818
internal_count=111103 437 110666 42974 460 42514 9067 875 8192 67692 67388 33447 61767 3296
is_linear=0
shrinkage=0.03


Tree=196
num_leaves=15
num_cat=0
split_feature=10 11 15 2 15 18 13 15 18 3 3 10 7 13
split_gain=10.2616 16.8366 13.7009 12.9451 14.9201 11.0727 25.2919 27.3084 23.1896 31.1619 21.8787 27.1357 23.576 25.1918
threshold=2.4041185900921778 65.341720121940241 -0.0032014644727582637 0.18766460077501604 0.025103934156767597 9.7046483464202442 0.015262040812724422 -0.01812390067702507 9.6130600525133421 0.12923502974855341 0.23092098607934777 1.4230393074311409 0.76108697398174729 0.043246669935239186
decision_type=2 2 2 2 2 2 2 2 2 2 2 2 2 2
left_child=3 2 -2 5 -5 8 7 -7 10 -10 11 12 -1 -14
right_child=1 -3 -4 4 -6 6 -8 -9 9 -11 -12 -13 13 -15
leaf_value=-0.0012542866788180797 0.010189802344572146 0.015917217105497164 -0.011472055542126632 -0.010711379002975099 0.0038567465856834461 -0.012148658797875004 0.00075405717963967318 0.011417703071630184 -0.002459499236645301 -0.018202123099690694 0.0074976428633973941 -0.0052071475050796436 -0.0013177990914427303 0.0018920710386290697
leaf_weight=6281.167459346354 46.634688436985016 94.373757153749466 55.214649453759193 201.0103447586298 90.677861258387566 48.86816069483757 5603.4446276649833 354.35117626190186 1434.748664110899 120.97108739614487 351.39910499751568 868.83044137060642 2995.5780923962593 8276.7558273971081
leaf_count=25844 195 429 243 964 372 205 23371 1453 5892 536 1480 3576 12227 33833
internal_value=0.000127103 0.0069276 -0.00154832 7.64733e-05 -0.00618713 0.000146311 0.00127775 0.00851571 -0.000188083 -0.00370543 0.000103752 -3.80826e-05 0.00021833 0.00103898
internal_weight=26824 196.223 101.849 26627.8 291.688 26336.1 6006.66 403.219 20329.5 1555.72 18773.7 18422.3 17553.5 11272.3
internal_count=110620 867 438 109753 1336 108417 25029 1658 83388 6428 76960 75480 71904 46060
is_linear=0
shrinkage=0.03


Tree=197
num_leaves=15
num_cat=0
split_feature=10 15 14 11 12 18 18 18 15 18 18 12 13 10
split_gain=14.6013 16.953 16.8771 14.9791 11.6086 16.717 12.1308 21.0529 15.5135 11.2928 15.0538 24.3068 15.6869 14.9503
threshold=2.4041185900921778 -0.003079860511940868 0.19559172626778534 69.767551822621513 -0.002424368972581969 9.2690935809548023 9.7384238702204708 9.5210940928848746 0.0030832101336715216 7.9137693744205411 8.1756030975208382 -0.24053846349838806 0.27504067889237854 0.91615973780460525
decision_type=2 2 2 2 2 2 2 2 2 2 2 2 2 2
left_child=2 -2 4 -3 9 -6 7 8 -7 13 11 -11 -13 -1
right_child=1 3 -4 -5 5 6 -8 -9 -10 10 -12 12 -14 -15
leaf_value=0.00056002932608744576 0.019655702490953608 -0.0083507134438898876 -0.0085270225401871836 0.012038582001658648 0.0027776171356162999 -0.015765040805043401 4.4729039662427461e-05 -0.027926134779426581 0.0056637915174707065 -0.010133354806578008 -3.9572427508440627e-06 0.019676463494961979 -0.00052362512381993141 -0.021877176055152613
leaf_weight=58.403962820768356 70.074005201458931 66.049723654985428 211.47508534789085 59.983271732926369 155.13125717639923 67.024444207549095 81.293073028326035 61.175541341304779 52.903572633862495 49.383635088801384 25809.057316355407 112.55333702266216 49.427056342363358 47.127796813845634
leaf_count=249 295 292 988 279 630 279 344 254 217 204 106265 456 201 201
internal_value=-6.5436e-05 0.00804915 -0.000125511 0.0013897 -5.79378e-05 -0.00500869 -0.00959821 -0.0138799 -0.00637434 2.15592e-05 6.16486e-05 0.00799754 0.0135814 -0.00968039
internal_weight=26951.1 196.107 26755 126.033 26543.5 417.528 262.397 181.104 119.928 26126 26020.4 211.364 161.98 105.532
internal_count=111154 866 110288 571 109300 1724 1094 750 496 107576 107126 861 657 450
is_linear=0
shrinkage=0.03


Tree=198
num_leaves=15
num_cat=0
split_feature=3 13 1 3 3 13 7 10 15 7 2 15 15 16
split_gain=13.5185 26.8465 18.2605 14.1262 10.4325 29.3924 18.7158 30.8835 16.4627 11.5801 11.0043 48.2549 35.8854 37.9192
threshold=-0.33459809896203513 0.043246669935239186 -0.082963107951089507 -0.014665055955200399 0.27496832316823477 0.48256967638805809 0.54561798891835045 1.6596830823990225 0.0053473262651859707 0.99021078036710086 0.027649622997430349 0.011542245002382769 -0.013692918770723315 -0.85861643640126084
decision_type=2 2 2 2 2 2 2 2 2 2 2 2 2 2
left_child=1 -1 3 -2 10 9 -7 -8 -9 -6 -4 12 13 -12
right_child=2 -3 4 -5 5 6 7 8 -10 -11 11 -13 -14 -15
leaf_value=0.018204678795536781 -0.0028477486230861437 -0.0037521867741188214 0.00033515104490639789 -0.01752733312946286 0.027801491624121488 0.018764834135213175 -0.011586941759208895 0.013756381825828837 -0.0050520558874950069 0.0075614623958651468 0.011584289488985143 0.0029520305981073853 -0.0035251199963709035 -0.0048822607299370026
leaf_weight=103.4967045634985 173.6301077157259 94.38418585062027 19098.428916960955 88.148002833127975 53.907319620251656 42.371411770582199 156.34520868957043 108.52850078046322 66.082990437746048 50.420086443424225 304.08519373834133 1928.5982774943113 4394.7764310389757 212.25471870601177
leaf_count=453 748 414 78011 395 232 185 735 490 318 218 1256 7911 18590 896
internal_value=2.62315e-05 0.00779906 -3.20037e-05 -0.00788619 4.64217e-05 0.00443043 0.000464657 -0.0019769 0.00666159 0.018346 -3.46459e-05 -0.00106702 -0.00264586 0.00482257
internal_weight=26875.5 197.881 26677.6 261.778 26415.8 477.656 373.328 330.957 174.611 104.327 25938.1 6839.71 4911.12 516.34
internal_count=110852 867 109985 1143 108842 2178 1728 1543 808 450 106664 28653 20742 2152
is_linear=0
shrinkage=0.03


Tree=199
num_leaves=15
num_cat=0
split_feature=3 15 13 2 13 18 13 13 18 10 14 3 18 10
split_gain=13.5804 23.6182 24.0611 18.0841 21.8633 19.4643 41.4832 31.2342 23.6182 34.6129 30.2155 24.2034 18.9992 16.5856
threshold=0.069880017567633526 0.024369688748671074 0.37747803619345816 0.036552762147223479 0.12414005237704807 9.5560879416003672 0.15345717541369966 0.27504067889237854 9.8075300018192859 1.4703352399650091 0.057678858810767515 0.12597325542288165 9.234110236393855 1.4387000380311317
decision_type=2 2 2 2 2 2 2 2 2 2 2 2 2 2
left_child=13 3 -3 4 12 6 -5 8 10 11 -7 -10 -2 -1
right_child=1 2 -4 5 -6 7 -8 -9 9 -11 -12 -13 -14 -15
leaf_value=-0.00020208828825516055 0.023597188725679147 0.0045890404620410451 0.022977873766492497 -0.011988549280181881 0.0016331066276574907 0.0078118479519926993 0.0028846454940282527 -0.0086581043056254449 -0.0080506531076625313 0.025862208147249068 -0.015009113566561844 0.017248860556885202 0.0050589758087699992 -0.0039973880348824114
leaf_weight=20206.637151569128 74.445958778262138 331.29474268853664 77.876095503568649 190.53324142098427 2397.2416712492704 89.834721073508263 1366.3372386693954 601.42145974189043 98.755683064460754 70.021505996584892 119.59754148125648 49.392809584736824 146.89238591492176 1090.3300152719021
leaf_count=82937 301 1347 320 773 9839 366 5725 2890 419 293 512 212 594 4479
internal_value=-5.07335e-05 0.00126166 0.00818367 0.000714522 0.00247097 -0.00106466 0.00105139 -0.00426198 0.00193267 0.00880208 -0.0052389 0.000501626 0.0114497 -0.000396751
internal_weight=26910.6 5613.65 409.171 5204.47 2618.58 2585.89 1556.87 1029.02 427.602 218.17 209.432 148.148 221.338 21297
internal_count=111007 23591 1667 21924 10734 11190 6498 4692 1802 924 878 631 895 87416
is_linear=0
shrinkage=0.03


Tree=200
num_leaves=15
num_cat=0
split_feature=13 15 6 7 1 2 4 6 6 5 15 15 3 0
split_gain=14.5446 22.6325 12.6295 10.0507 10.0447 18.8857 16.2991 14.4061 14.2117 14.0027 52.7739 43.8543 34.5912 32.3121
threshold=0.0038695134118742485 0.0064523227443409334 0.0088102977679961007 0.9754844723171997 -0.059593190030816194 -0.14090438021114113 -0.044558118702676779 0.035368142918505631 0.03465851416741119 -0.048419721341913906 0.0001425574247182482 -0.012545512034119353 -0.080159984502220713 0.0044445060090176911
decision_type=2 2 2 2 2 2 2 2 2 2 2 2 2 2
left_child=1 3 -3 -1 5 8 7 -7 -2 10 11 13 -11 -6
right_child=4 2 -4 -5 9 6 -8 -9 -10 12 -12 -13 -14 -15
leaf_value=-0.011887258143472275 0.013971879559840977 0.015190867870243596 -0.0039506448458667669 -0.0024416791634129988 0.0027706759091761035 -0.0070070034679443356 0.0007320240367462231 -0.021856048982939462 -0.0023118418655903757 -0.0042717378671180122 -0.0031459381802251682 0.0083152471203466125 0.00017102470283211988 -0.011866385872810815
leaf_weight=257.61789812147617 77.557717174291611 65.308643490076065 56.308497324585915 168.41091229021549 519.38218910992146 229.14886830747128 165.33694297075272 78.811002299189568 121.34522044658661 1704.1051518321037 1139.0110437721014 1258.1447586268187 20882.554132968187 181.53210869431496
leaf_count=1050 326 265 232 693 2130 966 731 358 528 7183 4868 5156 85759 746
internal_value=-0.000100635 -0.00493065 0.00640785 -0.00818224 8.97045e-08 -0.0036146 -0.00686597 -0.0109236 0.00411351 9.49644e-05 0.00198563 0.00496932 -0.000164519 -0.0010432
internal_weight=26904.6 547.646 121.617 426.029 26356.9 672.2 473.297 307.96 198.903 25684.7 3098.07 1959.06 22586.7 700.914
internal_count=110991 2240 497 1743 108751 2909 2055 1324 854 105842 12900 8032 92942 2876
is_linear=0
shrinkage=0.03


Tree=201
num_leaves=15
num_cat=0
split_feature=6 15 7 3 7 13 14 13 18 15 15 10 13 15
split_gain=11.7848 47.4259 40.554 37.5547 46.7959 37.4296 37.9187 32.2108 35.7912 25.9441 34.9893 19.0565 17.5323 22.0721
threshold=0.030682095091406219 -0.00011776364936544324 1.7020066473219277 0.023847109833165406 1.4554293624576862 0.5708307405003924 0.12266127381985049 0.30295316809151679 8.6909928883995846 -0.012545512034119353 -0.022167203451169733 1.5727626004412234 0.16719482199976435 -0.0038657178536141141
decision_type=2 2 2 2 2 2 2 2 2 2 2 2 2 2
left_child=-1 3 5 7 11 -3 -7 8 -2 10 -10 -5 13 -11
right_child=1 2 -4 4 -6 6 -8 -9 9 12 -12 -13 -14 -15
leaf_value=0.00015549582519693486 -0.014209050607362163 -0.013043392001726521 0.014549990686445706 -0.016262314250311272 0.017981575685239226 0.017504326255997103 -0.014521638943841954 -0.0097819540425334948 0.019257187063358664 0.026646880942260556 -0.0056225852426231232 0.0046439029648589194 0.00048062479353284227 0.0081391355391019996
leaf_weight=25065.001122057438 53.947282075881958 596.50758000463247 65.239387959241867 200.44739941507578 54.693273350596428 79.344917178153992 54.411973617970943 97.927921563386917 76.616062760353088 159.92676109075546 142.41704587638378 47.725518614053726 50.074671149253845 94.054080158472061
leaf_count=102885 225 2691 276 910 231 365 254 430 324 688 601 206 219 405
internal_value=-1.17916e-05 -0.00237381 -0.00780378 0.0020506 -0.00669772 -0.00983507 0.00445424 0.00598429 0.0086845 0.0110907 0.00317566 -0.0122369 0.0167344 0.0199102
internal_weight=26838.3 1773.33 795.504 977.83 302.866 730.264 133.757 674.964 577.036 523.089 219.033 248.173 304.056 253.981
internal_count=110710 7825 3586 4239 1347 3310 619 2892 2462 2237 925 1116 1312 1093
is_linear=0
shrinkage=0.03


Tree=202
num_leaves=15
num_cat=0
split_feature=5 4 10 12 10 6 5 3 15 3 3 7 7 7
split_gain=9.63087 15.3977 17.1963 20.3966 13.1727 29.8917 33.0012 41.4786 46.4335 31.7024 18.8621 36.2068 25.8105 18.5154
threshold=-0.16157594545451018 -0.090816168052899923 1.1792397362992253 -0.30126782356554993 1.6596830823990225 0.011005330194898714 -0.097440829527995862 -0.010757785595335799 -0.0055516984980288333 0.034414633573621962 0.15916123699419285 1.7020066473219277 1.3692648607850961 1.7020066473219277
decision_type=2 2 2 2 2 2 2 2 2 2 2 2 2 2
left_child=-1 2 3 -2 13 9 -7 -8 -9 -6 11 12 -10 -3
right_child=1 4 -4 -5 5 6 7 8 10 -11 -12 -13 -14 -15
leaf_value=0.0066490819130475554 -0.014201240372565219 -0.00018232810821851886 -0.02041764581602171 0.011735120081152406 -0.023646720455860783 -0.021398315846987523 0.019433436848987989 0.015864029988295357 -0.0082938037724693547 0.0074516488416351747 0.0036995828137199316 -0.027504545563443922 0.014791172725888353 0.0072083830260605587
leaf_weight=194.77471888065338 52.326436057686806 25129.916148073971 67.874745905399323 52.847544401884079 69.329385995864868 38.963438719511032 170.3990708142519 191.25877523422241 134.63301725685596 49.013637438416481 321.55502621084452 58.396639943122864 62.017267689108849 306.82189880311489
leaf_count=864 218 103462 287 224 283 160 696 800 561 205 1473 244 261 1263
internal_value=3.64378e-05 -1.22856e-05 -0.0088806 -0.00119302 4.62202e-05 0.0032641 0.00499288 0.00613202 0.00313743 -0.0108571 -0.00112423 -0.0071874 -0.000937914 -9.26205e-05
internal_weight=26900.1 26705.4 173.049 105.174 26532.3 1095.57 977.223 938.26 767.861 118.343 576.602 255.047 196.65 25436.7
internal_count=111001 110137 729 442 109408 4683 4195 4035 3339 488 2539 1066 822 104725
is_linear=0
shrinkage=0.03


Tree=203
num_leaves=15
num_cat=0
split_feature=13 18 4 2 10 13 13 7 1 5 7 10 18 10
split_gain=12.8044 17.6287 19.1021 14.3595 27.3468 23.92 23.5834 39.2097 26.6271 25.3721 20.711 27.294 26.0691 38.0357
threshold=0.0038695134118742485 9.3236320402131607 -0.015819575439927177 -0.013375640551776423 2.0760951817355626 0.075675717824979963 0.022950326313511685 0.61566557716388937 -0.005094683559827117 -0.017572509347522577 0.59981530384098947 0.50146843686857412 10.171742217120237 0.6848146055927381
decision_type=2 2 2 2 2 2 2 2 2 2 2 2 2 2
left_child=1 2 -1 4 -2 -6 7 9 -9 -5 12 -12 -8 -14
right_child=3 -3 -4 6 5 -7 10 8 -10 -11 11 -13 13 -15
leaf_value=-0.0050900271279435989 0.0011641345407285158 0.00052416030570419099 -0.023398976628727058 0.021270659740518363 -0.028724993659131514 -0.0013633974628020796 -0.0039529960447210544 -0.00028194735863822014 -0.013503593314882665 -0.0024119128506813552 -0.018563684598906428 0.00033967855318958154 0.028426298795241854 -0.00089493099651840897
leaf_weight=183.80342003703117 9865.6038722097874 288.98235358297825 70.039357736706734 67.188042283058167 49.496611818671227 65.593135640025139 1966.0289986431599 206.95942154526711 404.54740034043789 98.061075359582901 67.099121600389481 13365.929090663791 54.033109232783318 137.18514592945576
leaf_count=750 40419 1184 288 276 204 272 8130 868 1687 401 313 55371 223 570
internal_value=2.42554e-06 -0.00454985 -0.0102852 9.65513e-05 0.000993301 -0.0134204 -0.000450346 -0.00554529 -0.00904434 0.00735631 -0.000195821 0.000242505 -0.00292294 0.00759893
internal_weight=26890.6 542.825 253.843 26347.7 9980.69 115.09 16367 776.756 611.507 165.249 15590.3 13433 2157.25 191.218
internal_count=110956 2222 1038 108734 40895 476 67839 3232 2555 677 64607 55684 8923 793
is_linear=0
shrinkage=0.03


Tree=204
num_leaves=15
num_cat=0
split_feature=3 18 18 4 15 15 15 14 15 15 10 7 13 10
split_gain=10.552 60.6932 26.9081 13.0722 27.975 55.6787 41.0762 24.4236 14.807 16.2054 14.2305 17.6225 14.5065 13.6307
threshold=-0.33459809896203513 9.4856086622315399 9.1663677475708045 -0.051054182832799437 -0.0077741553916257358 0.0012707606293753673 -0.029140330631812535 -0.082193371350645514 -0.0038657178536141141 -0.0024776458695749955 0.75229443195206436 0.91388897720753015 0.086553519570999674 1.4534891260780178
decision_type=2 2 2 2 2 2 2 2 2 2 2 2 2 2
left_child=1 2 -1 4 6 7 -2 8 -6 -10 -7 -12 -13 -8
right_child=3 -3 -4 -5 5 10 13 -9 9 -11 11 12 -14 -15
leaf_value=0.0051730293910748392 0.016830053147936442 0.027541691371988402 -0.023127873998165398 0.00015442371235280971 0.020471617377989301 -0.01906204030600947 -0.0085078057080524867 -0.0074382115211690664 -0.0066654698638396806 0.012398281875201729 0.01054354930796212 -0.0022056641305673672 -0.018675376588086913 -0.024381177695405994
leaf_weight=74.223642095923424 54.269345015287399 76.348773524165154 48.374729052186012 25302.831777900457 121.8851094096899 76.154352411627769 496.78771759569645 66.896653607487679 54.278312355279922 141.26218684017658 54.220137521624565 128.45113269984722 75.585884213447571 52.951149687170982
leaf_count=323 230 338 215 104250 517 343 2067 278 228 583 234 531 327 221
internal_value=5.40312e-05 0.00690283 -0.0061859 2.34212e-06 -0.00290268 0.00109756 -0.00765063 0.00886499 0.0123259 0.00709264 -0.0078288 -0.00439533 -0.00842896 -0.0101196
internal_weight=26824.5 198.947 122.598 26625.6 1322.74 718.734 604.008 384.322 317.426 195.54 334.412 258.257 204.037 549.739
internal_count=110685 876 538 109809 5559 3041 2518 1606 1328 811 1435 1092 858 2288
is_linear=0
shrinkage=0.03


Tree=205
num_leaves=15
num_cat=0
split_feature=10 11 14 7 12 11 10 18 3 13 6 13 3 7
split_gain=10.692 17.5922 15.9111 12.8216 11.3595 19.7303 13.215 12.4559 15.8873 11.8738 10.3514 26.4402 52.5629 24.3125
threshold=2.4041185900921778 65.584420335150909 0.19559172626778534 1.5728684440039327 -0.0041785772204272478 67.11723337399782 0.80592943065101441 9.3168146066797117 0.068529191421120586 0.1268310842828986 0.0057721653040057157 0.081527206402140631 0.026344121042407135 0.73121459854297843
decision_type=2 2 2 2 2 2 2 2 2 2 2 2 2 2
left_child=2 3 4 -2 10 9 -7 8 -8 -6 11 12 13 -1
right_child=1 -3 -4 -5 5 6 7 -9 -10 -11 -12 -13 -14 -15
leaf_value=0.0096841517807265253 -0.011676239377379894 0.01652475925091576 -0.0084034166950816679 0.0087942415715193244 -0.0040324861253487835 -0.017514535106385974 -0.0099094373557263894 -0.008090470815544237 0.0076655954694345657 0.014395808177953689 -3.7208518302013525e-05 0.01368792156391796 -0.021924686203802418 -0.00075869033608383309
leaf_weight=317.58733475208282 52.611785843968391 89.95363911986351 202.97497174888849 53.583551943302155 52.111332029104233 77.107876300811768 69.238377287983894 304.06478828191757 130.31263293325901 74.785434067249298 24675.296477675438 171.33425508439541 80.625969350337982 538.43378281593323
leaf_count=1288 228 409 952 229 211 315 283 1278 530 304 101718 692 326 2192
internal_value=-2.567e-05 0.00691735 -7.72024e-05 -0.00137571 -1.27769e-05 -0.00375727 -0.00609796 -0.00428761 0.00152975 0.00688291 9.02741e-05 0.00292433 0.000930448 0.00312919
internal_weight=26890 196.149 26693.9 106.195 26490.9 707.62 580.724 503.616 199.551 126.897 25783.3 1107.98 936.647 856.021
internal_count=110955 866 110089 457 109137 2921 2406 2091 813 515 106216 4498 3806 3480
is_linear=0
shrinkage=0.03


Tree=206
num_leaves=15
num_cat=0
split_feature=3 13 15 6 15 14 15 6 15 15 18 13 11 15
split_gain=11.642 24.759 23.5086 48.5504 30.543 35.6697 24.2906 71.4667 50.4208 43.8123 30.9731 28.7259 38.5091 46.7229
threshold=0.063475035575767183 0.1564068167730164 0.02295819499303731 0.008761629513101438 0.036091970431443084 -0.023184587355303817 0.0054175995433696231 0.012748558334632712 0.0061232537599447143 0.020408927265713309 9.5162438841340222 0.054657041816104653 32.34094764884474 0.014856355070789641
decision_type=2 2 2 2 2 2 2 2 2 2 2 2 2 2
left_child=1 2 6 -4 5 -5 -1 8 -8 11 -9 12 -10 -14
right_child=-2 -3 3 4 -6 -7 7 10 9 -11 -12 -13 13 -15
leaf_value=-0.00027738265701894512 0.001121164879918211 -0.0024890385852213964 -0.014410454912057826 -0.014701097773699481 0.010154862436372975 0.0037336999423229471 0.021304241394257035 -0.0071609845690319002 0.011385436863173039 0.028862513654028088 0.0024301743288761934 0.0069202852474033434 0.0020811815669068501 -0.011570741700781305
leaf_weight=11916.377943202853 6120.1552297919989 3995.6939663738012 298.89340014755726 167.84776774048805 192.3187146037817 211.42878340184689 161.98233225941658 778.17919878661633 236.62894080579281 60.935245141386986 494.16362145543098 1173.0688125491142 768.03104838728905 317.21047765016556
leaf_count=48664 25665 16790 1226 703 776 859 656 3298 960 245 2046 4724 3093 1277
internal_value=-2.85757e-05 -0.000367392 0.000138144 -0.00465657 0.000476312 -0.00445889 0.000401087 0.0024264 0.00517225 0.004134 -0.00343792 0.00350741 0.000472831 -0.00192315
internal_weight=26892.9 20772.8 16777.1 870.489 571.595 379.277 15906.6 3990.2 2717.86 2555.87 1272.34 2494.94 1321.87 1085.24
internal_count=110982 85317 68527 3564 2338 1562 64963 16299 10955 10299 5344 10054 5330 4370
is_linear=0
shrinkage=0.03


Tree=207
num_leaves=15
num_cat=0
split_feature=13 3 18 10 18 12 6 10 18 12 3 12 1 10
split_gain=9.41795 34.8174 16.4187 16.1465 29.8741 25.9964 23.9361 22.46 57.951 16.9859 15.2457 31.9011 12.8686 14.8142
threshold=0.48256967638805809 0.27496832316823477 9.4107498084383696 1.0124337294887418 9.5721533341851686 -0.1072643036645388 0.027951929332012983 1.8274131118014603 9.9285343855306909 -0.10950732969724662 0.12597325542288165 -0.13186940515935677 -0.022390787538854259 1.549331204114043
decision_type=2 2 2 2 2 2 2 2 2 2 2 2 2 2
left_child=1 -1 -3 4 5 6 -2 10 -9 -6 11 -5 -12 -14
right_child=3 2 -4 7 9 -7 -8 8 -10 -11 12 -13 13 -15
leaf_value=0.00016930342720210414 -0.029753726590598009 0.029336196597299413 0.0056867802399961122 -0.019594936280173288 0.022531379694333907 0.0059596092524745303 -7.8118199176197426e-05 0.0146915135914077 -0.01921795775446224 0.002703753463475604 0.00096497906242382515 0.0090303310947477192 -0.015982947486385322 -0.0022128826834269914
leaf_weight=25635.021202847362 50.206556484103203 50.290621027350426 55.839158296585083 48.44242812693119 76.25497242808342 96.958468228578568 46.05076602101326 138.93083049356937 64.940572753548622 78.527452275156975 74.419730216264725 112.74387438595295 288.79021754860878 93.679032221436501
leaf_count=105351 213 209 250 219 332 409 207 613 329 360 343 492 1315 424
internal_value=0.000121244 0.000240971 0.0172286 -0.00250891 0.00289596 -0.00495523 -0.0158471 -0.00479871 0.00380833 0.0126348 -0.00764086 0.000292666 -0.0104288 -0.0126393
internal_weight=26911.1 25741.2 106.13 1169.94 347.998 193.216 96.2573 821.947 203.871 154.782 618.075 161.186 456.889 382.469
internal_count=111066 105810 459 5256 1521 829 420 3735 942 692 2793 711 2082 1739
is_linear=0
shrinkage=0.03


Tree=208
num_leaves=15
num_cat=0
split_feature=18 5 5 18 7 7 10 18 15 15 12 15 18 10
split_gain=9.96628 33.778 22.4748 15.7554 34.6789 37.1933 33.6348 27.8589 37.3785 29.8565 25.8383 26.8718 24.9718 32.0923
threshold=10.930347030416167 0.011373210418773929 -0.0030438066403652426 10.515657073215642 1.2234802534779279 1.7020066473219277 0.79316709835693722 10.12819483653783 0.011686093532313981 -0.01812390067702507 -0.014613174827612927 -0.0065165271799680893 10.333211858509435 0.66545000069698357
decision_type=2 2 2 2 2 2 2 2 2 2 2 2 2 2
left_child=3 2 -2 7 6 -6 -5 -1 9 -9 11 -8 -11 -14
right_child=1 -3 -4 4 5 -7 10 8 -10 12 -12 -13 13 -15
leaf_value=5.2852370479898721e-05 -0.0076394186689098184 -0.022834899552649841 0.016984143124215083 0.015854791837184135 0.022073364681732197 -0.0077947234949884417 -0.010636693451562094 -0.021902941631731784 -0.015846782978922499 -0.0051290512429665843 -0.018759816391077606 0.0049807013481094698 0.027135203127963987 0.0015788284202800987
leaf_weight=24577.925424955785 80.836248949170113 72.429240494966507 53.904621720314026 105.96087025105953 151.68542741239071 48.5012516528368 141.35139560699463 62.571746945381165 215.45619370043278 537.73387663811445 73.552315607666969 319.63129802048206 48.077624619007111 380.91044349223375
leaf_count=101285 335 322 219 433 626 205 589 262 905 2298 308 1334 200 1581
internal_value=-8.85208e-05 -0.00661143 0.00231585 -3.73468e-05 0.0039994 0.0148314 0.000578236 -0.000169067 -0.00454397 -0.00215188 -0.00249785 0.000166668 -0.000830895 0.00455562
internal_weight=26870.5 207.17 134.741 26663.4 840.683 200.187 640.496 25822.7 1244.75 1029.29 534.535 460.983 966.722 428.988
internal_count=110902 876 554 110026 3495 831 2664 106531 5246 4341 2231 1923 4079 1781
is_linear=0
shrinkage=0.03


Tree=209
num_leaves=15
num_cat=0
split_feature=10 11 14 15 4 7 7 10 18 6 3 11 11 2
split_gain=9.57576 16.8461 16.5223 15.9753 14.3613 16.5513 14.3205 37.4729 47.6785 30.9798 21.9748 23.5139 20.6317 19.5853
threshold=2.4041185900921778 65.584420335150909 0.17727037577423979 0.030326241315266959 0.071096742851081488 2.0018143688511256 1.5048544429041739 1.0295844563628991 9.3685065381137349 0.019529923091384353 -0.0047508067804475909 53.786749607530858 43.003986557031318 -0.070408871026605521
decision_type=2 2 2 2 2 2 2 2 2 2 2 2 2 2
left_child=2 -2 4 -4 5 6 -1 -8 -9 10 12 -12 13 -10
right_child=1 -3 3 -5 -6 -7 7 8 9 -11 11 -13 -14 -15
leaf_value=-0.00010287903627933467 -0.0015524474785019947 0.015969234869254639 -0.010302291268295566 0.0077663666169955304 0.0056606554006047331 -0.011760358050637425 0.018718791180066419 -0.012002554996530329 0.012744297414064572 0.015018724168958443 -0.018118240594732396 0.0014066178425031163 0.019377806258160882 -0.0077982203437485477
leaf_weight=24903.035659432411 105.30478328466415 90.467065885663033 241.26332769542933 52.226546287536621 406.20757612586021 105.44871979951859 125.98364347219467 187.28435960412025 71.428759142756462 195.87926840782166 83.830611392855644 156.42507234215736 81.250607341527939 94.910130262374878
leaf_count=102504 453 410 1159 215 1742 436 528 768 294 822 340 643 329 383
internal_value=4.70813e-05 0.00662401 -1.62573e-06 -0.00705617 7.72936e-05 -1.03476e-05 3.83955e-05 0.00356031 0.00132992 0.00500627 0.000941174 -0.00549938 0.00718494 0.0010697
internal_weight=26900.9 195.772 26705.2 293.49 26411.7 26005.5 25900 996.992 871.009 683.724 487.845 240.256 247.589 166.339
internal_count=111026 863 110163 1374 108789 107047 106611 4107 3579 2811 1989 983 1006 677
is_linear=0
shrinkage=0.03


Tree=210
num_leaves=15
num_cat=0
split_feature=18 6 18 10 12 3 12 14 7 7 6 13 10 4
split_gain=11.1111 36.5564 13.0442 20.3663 35.6236 14.8891 22.8262 23.7733 13.677 10.5481 32.7018 44.7329 32.4833 23.0766
threshold=7.9137693744205411 0.021478013656115357 8.3198869368249451 0.81820832977112345 -0.13862686751289718 -0.15025275403655811 -0.24053846349838806 0.0018332002931167326 0.81850468896886686 0.69350245518616782 0.019054556680387195 0.76874710607898333 0.60522444266876219 -0.023778677510854104
decision_type=2 2 2 2 2 2 2 2 2 2 2 2 2 2
left_child=1 -1 3 5 -5 -2 -7 -8 -6 10 -4 12 -12 -14
right_child=2 -3 9 4 8 6 7 -9 -10 -11 11 -13 13 -15
leaf_value=-0.028014450840416188 0.013691158153044692 0.0072524232338473452 -0.00010737529189236172 0.027670836270049199 0.013317076318902766 -0.019426142958919548 -0.011254691885942383 0.014698361539692196 -0.006862595514549639 0.00028543805568866006 -0.017426875245895174 0.01458363481615199 0.0023095771803508447 -0.0082899562199381226
leaf_weight=48.88805527985096 48.206202909350395 53.745967656373978 5152.3431209623814 78.372996747493744 50.89539361000061 60.953983932733536 57.1981121301651 66.649019926786423 68.622552588582039 20066.769513048232 228.34314412623644 88.04224693775177 280.61786000430584 535.64642381668091
leaf_count=218 200 221 21037 318 206 256 232 272 279 82833 1067 379 1179 2289
internal_value=-3.74809e-06 -0.00976076 3.43679e-05 0.00519971 0.0122254 -0.000820402 -0.00471186 0.00272371 0.00180844 -5.04829e-05 -0.00112276 -0.00573336 -0.00747033 -0.00464928
internal_weight=26885.3 102.634 26782.7 430.898 197.891 233.007 184.801 123.847 119.518 26351.8 6284.99 1132.65 1044.61 816.264
internal_count=110986 439 110547 1763 803 960 760 504 485 108784 25951 4914 4535 3468
is_linear=0
shrinkage=0.03


Tree=211
num_leaves=15
num_cat=0
split_feature=10 6 7 12 6 7 14 7 12 10 18 18 12 12
split_gain=11.493 43.0343 32.8892 31.6739 26.4065 25.6762 22.8836 22.1744 24.1519 25.3168 21.8923 27.4114 25.5322 21.8304
threshold=0.80337006854790427 0.022684948359755205 0.77279920698142524 -0.0041785772204272478 0.0062748885349874304 1.1056779852884391 -0.008091455609938512 0.99719199908322209 -0.08185405063631028 0.72551602073920796 7.9137693744205411 8.3198869368249451 -0.13862686751289718 -0.034600266403325024
decision_type=2 2 2 2 2 2 2 2 2 2 2 2 2 2
left_child=1 2 3 4 -1 -3 13 8 -8 -10 -2 12 -12 -4
right_child=10 5 6 -5 -6 -7 7 -9 9 -11 11 -13 -14 -15
leaf_value=0.007669833477843775 -0.016529316122159163 -0.0053168284434541753 0.0099294909479651795 -0.020753330127441943 -0.00013667109115250158 0.006866715164483065 -0.00071695236501995315 -0.0043537208768124804 0.016950054655918197 0.0033652259433925528 0.023406155281985135 -0.00050467464528087223 0.0018034641491311539 -0.0088317587363256431
leaf_weight=437.96735572814941 73.915219232439995 1232.3805036246777 835.47118075191975 60.646027579903603 3431.7338679581881 176.39738045632839 401.38070590794086 322.86042247712612 212.93254582583904 293.13226552307606 80.647201031446457 19039.332805939019 122.72762970626354 58.296563386917114
leaf_count=1776 316 5382 3375 248 14086 748 1649 1317 861 1185 328 78545 498 235
internal_value=-6.43025e-05 0.000935403 0.00203436 0.000408171 0.000750364 -0.00378372 0.00504022 0.00237989 0.00477995 0.00912542 -0.000450607 -0.000387134 0.0105144 0.00868879
internal_weight=26779.8 7463.2 6054.42 3930.35 3869.7 1408.78 2124.07 1230.31 907.446 506.065 19316.6 19242.7 203.375 893.768
internal_count=110549 30862 24732 16110 15862 6130 8622 5012 3695 2046 79687 79371 826 3610
is_linear=0
shrinkage=0.03


Tree=212
num_leaves=15
num_cat=0
split_feature=7 13 13 2 18 18 10 2 15 2 10 15 6 13
split_gain=13.0867 32.0216 25.9352 42.7324 25.6767 21.5662 42.8889 27.3743 24.0178 28.4376 30.9031 26.0023 20.4937 18.6248
threshold=0.59589031324436392 0.25551780582790323 0.025788582022290955 -0.03688968340706688 9.6184295983089338 9.691115994488154 0.6922981359367798 0.016007423227791587 -0.0011522121634661706 -0.0069476008234894407 0.73158604405344241 -0.015423420450252133 0.019212111213769967 0.046874426489362804
decision_type=2 2 2 2 2 2 2 2 2 2 2 2 2 2
left_child=1 2 3 -1 -5 8 -7 -8 11 10 -10 -3 -13 -4
right_child=-2 5 13 4 -6 6 7 -9 9 -11 -12 12 -14 -15
leaf_value=-0.010478515843810047 0.00026341231613916479 -0.010208016917131951 -0.011282781526395525 0.0054066209983831609 0.02814114919024131 0.030448925535731104 0.013283213759847689 -0.0085969339964503538 -0.0079584242279763413 -0.0094466075581895823 0.02521212046613543 0.022170095543176591 -0.0013836071131715774 -0.0034584407455415462
leaf_weight=140.97797255218029 23253.908588647842 49.087050154805183 316.57760758697987 272.09427562355995 51.890493854880333 68.905639976263046 110.70837733149529 92.856417089700699 47.424851477146149 269.74334654211998 50.388101428747177 101.30115962028503 48.69322644174099 1980.8510249778628
leaf_count=582 95998 207 1293 1113 211 291 466 406 204 1131 207 420 206 8127
internal_value=2.74708e-06 -0.00167951 -0.00323823 0.00321282 0.00919817 0.0034474 0.0103496 0.00331601 0.000103718 -0.00443662 0.00929209 0.00844712 0.0146062 -0.00454548
internal_weight=26855.4 3601.5 2762.39 464.963 323.985 839.108 272.47 203.565 566.638 367.556 97.813 199.081 149.994 2297.43
internal_count=110862 14864 11326 1906 1324 3538 1163 872 2375 1542 411 833 626 9420
is_linear=0
shrinkage=0.03


Tree=213
num_leaves=15
num_cat=0
split_feature=7 3 18 5 11 13 15 18 18 11 3 14 7 2
split_gain=11.5132 32.332 33.5427 33.7043 28.2466 19.4965 18.4315 15.2679 22.2676 14.525 11.6578 11.3679 9.54307 21.0216
threshold=1.5987991810339925 0.022195990413775849 9.6405757728658656 0.12303643427596268 45.598553710399848 0.40542117755927981 -0.0007506926367772947 9.8517632844134475 9.4682777051945788 57.357144222697237 0.48279699589897046 -0.063935858578355362 0.65538679673876088 0.014048138740632156
decision_type=2 2 2 2 2 2 2 2 2 2 2 2 2 2
left_child=10 4 3 6 7 9 -3 8 -2 -4 12 -10 13 -1
right_child=1 2 5 -5 -6 -7 -8 -9 11 -11 -12 -13 -14 -15
leaf_value=7.1538130823849101e-05 -0.0041573682283268755 -0.0067089103620426773 -0.0026274295101424449 0.0079659413399451491 0.017512962761660752 -0.0094452415841588602 -0.027507579030132488 -0.0076162441212697645 0.021131737655364358 0.01677920030054603 0.011995386996962842 0.0030215992861560917 0.00026981544309423791 -0.0040799442537752953
leaf_weight=3693.2091033011675 94.300651460886002 71.591427072882652 49.118946880102158 60.149334624409676 192.08308890461922 55.3564453125 84.960154131054878 87.175907671451569 86.464951992034912 112.44623732566833 70.864595204591751 49.352814301848412 20602.594411231577 1560.0000431239605
leaf_count=15191 387 292 203 261 791 269 350 364 363 472 319 200 84967 6514
internal_value=0.000131087 0.00338367 -0.00263174 -0.0109314 0.00849473 0.00568358 -0.0182009 0.00295979 0.00699741 0.0109192 1.25325e-05 0.0146903 -2.12349e-05 -0.00116238
internal_weight=26869.7 943 433.623 216.701 509.377 216.922 156.552 317.294 230.118 161.565 25926.7 135.818 25855.8 5253.21
internal_count=110943 3952 1847 903 2105 944 642 1314 950 675 106991 563 106672 21705
is_linear=0
shrinkage=0.03


Tree=214
num_leaves=15
num_cat=0
split_feature=3 18 18 1 2 10 6 10 6 15 3 18 11 18
split_gain=12.3009 49.7054 29.4267 14.6072 14.5823 11.3166 13.2509 10.942 37.2962 48.108 49.3122 34.3442 33.7953 33.2349
threshold=-0.33459809896203513 9.4811852210022334 9.1834926162559842 -0.075098804153169926 -0.15662576809619463 0.86384731613643229 0.037011709961972436 0.79823557535302081 0.022334391188659857 -0.0013613064800135353 0.059641290022209643 8.7522679420903327 49.128938711464691 10.631664380344125
decision_type=2 2 2 2 2 2 2 2 2 2 2 2 2 2
left_child=1 2 -1 4 -2 -6 -7 8 13 12 11 -11 -10 -5
right_child=3 -3 -4 7 5 6 -8 -9 9 10 -12 -13 -14 -15
leaf_value=0.0071803792984338052 0.0031740573110827456 0.026724614335764656 -0.022323013520545505 0.0017316577589832694 -0.021527346866790698 -0.0012602316639437857 -0.018477860933662098 -0.00040301199379351004 0.0062887005251724692 0.0017691799777265239 0.010225259599863382 -0.016362637799952513 -0.011097627968754166 0.022078992887247111
leaf_weight=77.818403840065002 104.91689844429493 72.729844406247139 47.269143536686897 5755.6212772578001 57.83706758916378 134.43891121447086 55.608617126941681 19177.248029917479 463.14202435314655 118.20369902253151 98.554826453328133 450.65394474565983 126.46307982504368 71.184958606958389
leaf_count=339 452 323 209 23511 253 578 262 79019 1914 526 415 2062 554 293
internal_value=-5.68523e-05 0.0073588 -0.00414446 -0.000112521 -0.00615894 -0.0101029 -0.00643814 -3.08279e-05 0.000976574 -0.00370626 -0.00921069 -0.012602 0.00253464 0.00198773
internal_weight=26811.7 197.817 125.088 26613.9 352.801 247.885 190.048 26261.1 7083.82 1257.02 667.412 568.858 589.605 5826.81
internal_count=110710 871 548 109839 1545 1093 840 108294 29275 5471 3003 2588 2468 23804
is_linear=0
shrinkage=0.03


Tree=215
num_leaves=15
num_cat=0
split_feature=14 3 13 10 7 6 13 15 7 4 7 7 11 10
split_gain=12.329 14.293 19.7072 29.1582 24.1331 24.3492 27.4977 23.6295 40.3459 23.329 24.3329 40.6293 23.1527 22.0053
threshold=0.19559172626778534 0.071299337051783609 0.1548791467527291 2.0760951817355626 0.58361856961185399 0.023242488687586615 0.025788582022290955 -0.025240476479265524 0.90186411168110259 0.022072148687648844 1.5048544429041739 1.0081858732343807 29.554687372893302 0.45765699378345964
decision_type=2 2 2 2 2 2 2 2 2 2 2 2 2 2
left_child=1 2 3 4 5 6 12 8 -4 -6 11 -11 -1 -9
right_child=-2 -3 7 -5 9 -7 -8 13 -10 10 -12 -13 -14 -15
leaf_value=-0.0097698212160224323 -0.0063718949229470915 0.0013825070810595929 -0.01072193917341562 -0.0171600226651898 0.00025643480013094543 -0.019588203314967398 -0.0043627586542131312 0.01543201412487662 0.023574833040269992 0.0093293478139823433 0.020385048967638184 -0.0031061307813011925 0.0082415192000375049 -0.0028265133071562923
leaf_weight=78.714491292834282 276.14956778287888 5228.9198696091771 48.625224694609642 85.71757897734642 14077.100696563721 74.978811256587505 1361.4031619280577 58.313852891325951 78.325831770896912 506.29027447104454 82.297285661101341 440.71804429590702 315.70764683187008 4132.182232350111
leaf_count=320 1300 21886 207 353 57513 341 5553 254 325 2066 338 1790 1290 17317
internal_value=-8.86519e-05 -2.28719e-05 -0.000367322 9.18752e-05 0.000181201 -0.00306975 -0.00234288 -0.00217706 0.0104758 0.000575551 0.00493092 0.00354778 0.00461586 -0.00256519
internal_weight=26845.4 26569.3 21340.4 17022.9 16937.2 1830.8 1755.83 4317.45 126.951 15106.4 1029.31 947.008 394.422 4190.5
internal_count=110853 109553 87667 69564 69211 7504 7163 18103 532 61707 4194 3856 1610 17571
is_linear=0
shrinkage=0.03


Tree=216
num_leaves=15
num_cat=0
split_feature=2 15 7 15 6 12 6 15 7 12 12 13 10 2
split_gain=11.9008 14.0156 12.3944 30.3511 22.696 32.1216 30.5432 33.6324 56.4594 35.0809 33.4461 24.8008 39.4268 24.7529
threshold=0.18766460077501604 0.030326241315266959 0.8298178651107414 -0.025240476479265524 0.023242488687586615 -0.17728985046858034 0.012381043532076081 0.0077361029719056349 0.55085990213888925 -0.13186940515935677 -0.16219334600543259 0.25176024799654978 0.73760940048854551 0.035765403509107292
decision_type=2 2 2 2 2 2 2 2 2 2 2 2 2 2
left_child=2 -2 3 -1 5 -5 -7 8 -8 -9 -10 12 -11 -13
right_child=1 -3 -4 4 -6 6 7 9 10 11 -12 13 -14 -15
leaf_value=-0.013571531597699218 -0.0084781357733396401 0.0056356287360994827 0.00052511060731366818 0.0038816914667728227 -0.0043669154447070965 0.00034070149321509523 0.0048088472920982794 -0.011204900736524843 0.0053131853043600916 0.022160261486969961 -0.0096265820276808921 0.026654179158763121 -0.0067024258733864358 0.005882982655045021
leaf_weight=162.69756366312504 290.55982421338558 79.298172801733017 15209.744756869972 1529.9860256463289 1271.1169065460563 5832.2905159145594 375.80948670208454 127.45846517384052 148.33143343031406 52.928925454616547 1367.4603720903397 81.078297451138496 187.70191292464733 140.57397761940956
leaf_count=730 1386 326 62614 6340 5603 23674 1553 534 605 214 5645 330 758 587
internal_value=-0.000108492 -0.00543809 -3.36666e-05 -0.000787242 -0.000597698 -0.000110187 -0.000845582 -0.00363192 -0.00558072 0.0026166 -0.00815954 0.00645925 -0.000223482 0.0136513
internal_weight=26857 369.858 26487.2 11277.4 11114.7 9843.62 8313.63 2481.34 1891.6 589.742 1515.79 462.283 240.631 221.652
internal_count=110899 1712 109187 46573 45843 40240 33900 10226 7803 2423 6250 1889 972 917
is_linear=0
shrinkage=0.03


Tree=217
num_leaves=15
num_cat=0
split_feature=13 15 11 15 15 4 18 4 14 18 15 14 2 6
split_gain=11.6385 18.5166 12.8471 19.0029 24.1817 19.2769 19.1248 16.458 21.939 15.5735 19.2192 17.8589 15.0704 14.7108
threshold=0.0038695134118742485 0.011199222550589917 32.82044709332574 -0.0082538746597311512 -0.0092471636342295032 -0.027754097596194068 9.0435307535895593 -0.065234375056601387 -0.12342957935872699 9.2109006287561623 0.016879310784821303 -0.028770224257959272 -0.030495879964052449 0.040392988416291582
decision_type=2 2 2 2 2 2 2 2 2 2 2 2 2 2
left_child=1 -1 3 4 5 6 -2 8 -4 -5 11 -11 -7 -9
right_child=2 -3 7 9 -6 12 -8 13 -10 10 -12 -13 -14 -15
leaf_value=-0.0064253181609921252 0.0085173111921440833 0.0098594614439429882 0.00024986993784563498 -0.00011448770413270011 -0.015069685901228536 0.012863461806728213 -0.0045269476617783612 -4.5580247913294454e-05 -0.022728936878419839 0.00866336153554737 -0.0056703857213202622 -0.0045142011883255685 -0.0057727097676978133 0.0078434030009878163
leaf_weight=468.32440377771854 122.61967606842518 70.713375255465508 84.666329011321068 538.02731385827065 99.081756249070168 157.92302872240543 536.75041264295578 23311.297849662602 64.91395902633667 927.85562083125114 111.63058261573315 101.56133858859539 50.368646249175072 212.69292908906937
leaf_count=1919 502 290 365 2207 406 638 2210 96261 291 3816 463 410 204 936
internal_value=9.5052e-05 -0.00426046 0.000184573 0.00216636 -0.00118286 0.000433944 -0.00208275 -3.70817e-05 -0.00989065 0.00409382 0.00607486 0.00735704 0.00834486 2.6409e-05
internal_weight=26858.4 539.038 26319.4 2645.82 966.744 867.662 659.37 23673.6 149.58 1679.07 1141.05 1029.42 208.292 23524
internal_count=110918 2209 108709 10856 3960 3554 2712 97853 656 6896 4689 4226 842 97197
is_linear=0
shrinkage=0.03


Tree=218
num_leaves=15
num_cat=0
split_feature=7 10 12 18 5 2 4 15 18 7 6 15 7 12
split_gain=11.323 29.1786 18.2945 20.0213 27.9426 24.038 27.5839 19.2525 19.6986 26.9849 17.1153 44.2501 32.2273 35.6443
threshold=1.5048544429041739 1.0295844563628991 -0.31327608886177638 9.4682777051945788 0.12303643427596268 0.15259092414794176 -0.0070670995238626957 0.0077361029719056349 9.7997185912913558 1.6640975019685331 0.030682095091406219 -0.025240476479265524 0.58802742655361018 -0.27495246370191678
decision_type=2 2 2 2 2 2 2 2 2 2 2 2 2 2
left_child=10 -2 -3 4 -4 6 7 8 9 -5 -1 -12 -13 -14
right_child=1 2 3 5 -6 -7 -8 -9 -10 -11 11 12 13 -15
leaf_value=2.1658122739631718e-06 0.015593767014523023 0.014833750546528548 -0.0092842820072098695 -0.012646236397501703 0.012646399936223926 -0.0099613858865615322 0.01036726314660159 0.012677896528754772 -0.014930805378755704 0.01489216524356325 0.014168559469054898 0.017799657533136289 -0.00038540635797342453 -0.010171931209417116
leaf_weight=23990.469085872173 137.78309410810471 79.856813848018646 307.2074805945158 56.92555658519268 61.117896348237991 110.95652478933334 376.67549620568752 62.812881276011467 109.81844435632229 68.219303235411644 118.57986631989479 52.810102984309196 618.72857726365328 728.70292506366968
leaf_count=98507 580 347 1255 233 259 521 1546 256 451 280 494 244 2732 3306
internal_value=-5.06328e-05 0.00260289 0.00112901 0.000156396 -0.00559658 0.00286168 0.00499446 -0.00182575 -0.0057773 0.00236369 -0.000193478 -0.00327971 -0.00477542 -0.00568528
internal_weight=26880.7 1371.37 1233.59 1153.73 368.325 785.408 674.452 297.776 234.963 125.145 25509.3 1518.82 1400.24 1347.43
internal_count=111011 5728 5148 4801 1514 3287 2766 1220 964 513 105283 6776 6282 6038
is_linear=0
shrinkage=0.03


Tree=219
num_leaves=15
num_cat=0
split_feature=11 15 15 15 18 12 15 18 4 15 4 18 15 18
split_gain=12.9399 23.4585 18.2685 23.1314 20.1695 19.4712 18.0578 20.1231 17.9663 23.6621 16.8881 16.3052 15.5653 14.5581
threshold=32.82044709332574 -0.0082538746597311512 -0.0092471636342295032 -0.010077416054897091 9.1834926162559842 -0.15370291031279756 0.020408927265713309 9.187789651749835 -0.051054182832799437 -0.019690559660491488 -0.049225270659615399 8.4659812108362509 -0.022167203451169733 10.109011406589619
decision_type=2 2 2 2 2 2 2 2 2 2 2 2 2 2
left_child=1 2 3 4 -1 -4 7 11 -6 -10 12 -3 -2 -9
right_child=10 6 5 -5 8 -7 -8 13 9 -11 -12 -13 -14 -15
leaf_value=0.0058565525789982037 0.0098049888958900294 0.015781536489081996 3.3664266920058289e-05 0.018887312811138847 -0.010146753250835831 -0.025471648840868746 -0.0093378969194153044 0.0076605121782620305 -0.014352780791048779 0.0032078833898116482 -4.2264704804473709e-05 -0.0017219579557198319 -0.0078303841877079734 -0.0021532424582956832
leaf_weight=251.0250014513731 48.961500123143196 50.588344931602478 51.455827593803406 51.390861392021179 265.06610535085201 54.525359764695168 87.453168570995331 1165.2769018411636 83.987646356225014 348.76595334708691 23294.597863741219 535.08571426570415 402.95753300189972 153.11997377872467
leaf_count=1024 205 208 214 209 1105 220 364 4773 354 1405 96219 2194 1757 642
internal_value=8.40065e-05 0.00190699 -0.00159403 -0.000327802 -0.00140606 -0.0133171 0.00385133 0.00446626 -0.00402789 -0.000250592 -0.000153943 -0.000161508 -0.00588496 0.0065192
internal_weight=26844.3 3097.74 1106.22 1000.24 948.845 105.981 1991.52 1904.07 697.82 432.754 23746.5 585.674 451.919 1318.4
internal_count=110893 12712 4531 4097 3888 434 8181 7817 2864 1759 98181 2402 1962 5415
is_linear=0
shrinkage=0.03


Tree=220
num_leaves=15
num_cat=0
split_feature=3 13 10 15 15 6 6 12 18 3 6 15 10 6
split_gain=13.9003 21.8001 27.2127 25.7744 53.1078 41.5362 25.5416 38.6548 38.8489 23.4806 24.6244 21.6233 23.4453 25.7711
threshold=0.071299337051783609 0.13456471829233743 2.0760951817355626 0.041271434368942657 0.02295819499303731 0.008761629513101438 0.0070124229370444645 -0.017915148989236792 9.2931498105521531 0.033411118772276101 0.017610273018304222 0.024369688748671074 0.85906265407903926 0.0068679051869183364
decision_type=2 2 2 2 2 2 2 2 2 2 2 2 2 2
left_child=1 2 3 4 -1 -6 7 -3 -9 10 -7 12 13 -2
right_child=11 6 -4 -5 5 9 -8 8 -10 -11 -12 -13 -14 -15
leaf_value=0.00047146596783169365 0.025940766680327628 0.018913698962121223 -0.017305096230799778 0.012636506743419838 -0.018071680958873539 -0.0099268266255474295 -0.002533340562239026 0.01117493666932232 -0.01687539695262923 0.016259167329334433 0.0079287211816991277 0.0079683141428171372 -0.00036633393545233212 0.0035529036348337876
leaf_weight=14884.380728639662 46.390537440776825 126.50371524691582 78.102089464664459 147.15978147089481 242.2823458313942 257.30434539914131 5267.0410067588091 87.697589382529259 86.140704363584518 51.028632462024689 93.281784683465958 398.65441055595875 3953.3355847150087 1100.6241974979639
leaf_count=60814 188 518 322 593 1001 1053 22037 355 350 206 393 1627 16810 4527
internal_value=-8.72554e-05 -0.000434121 0.000136213 0.00022531 0.000106078 -0.00831556 -0.00204742 0.00643455 -0.00275847 -0.0023696 -0.00515791 0.00125729 0.000729827 0.00450195
internal_weight=26819.9 21320.9 15753.5 15675.4 15528.3 643.897 5567.38 300.342 173.838 401.615 350.586 5499 5100.35 1147.01
internal_count=110794 87642 64382 64060 63467 2653 23260 1223 705 1652 1446 23152 21525 4715
is_linear=0
shrinkage=0.03


Tree=221
num_leaves=15
num_cat=0
split_feature=3 13 3 15 12 14 15 11 7 11 7 6 15 15
split_gain=9.2672 12.7159 28.5512 26.9102 45.5638 21.1747 20.4553 29.5348 27.3836 20.0422 17.6342 17.2775 14.0523 12.2888
threshold=0.48279699589897046 0.46885633674793786 0.27496832316823477 0.013262453840222845 -0.096957978435998002 0.16392537094180185 -0.0019412317571192437 72.935136933556308 1.270087653819904 63.340922741423306 0.56052232233690613 0.03240973725245868 0.0071332948572360175 0.0016419567095384837
decision_type=2 2 2 2 2 2 2 2 2 2 2 2 2 2
left_child=1 2 -1 6 -5 -6 8 10 9 11 -8 -3 -12 -2
right_child=13 3 -4 4 5 -7 7 -9 -10 -11 12 -13 -14 -15
leaf_value=4.8908460973867808e-05 0.020091495432620319 0.0037727982939614246 0.01663705536373699 -0.016426988334599914 0.023155150959968791 0.00070996282204556841 -0.00011132063511596904 0.0068788458609937795 0.015221386306862567 -0.018401683156870019 -0.019441337270354363 -0.011700327106919525 -0.0053015198075171749 -0.0015451176237062639
leaf_weight=25513.587400130928 45.715473264455795 221.05349547415972 91.726694211363792 55.961598888039589 97.673405140638351 61.174988806247711 80.392700418829918 81.655209049582481 78.525509789586067 69.078653365373611 244.44760180264711 89.637428507208824 87.631912961602211 46.268990457057953
leaf_count=104916 201 960 395 241 409 265 348 399 333 317 1144 411 412 223
internal_value=2.93832e-06 -3.00715e-05 0.000109627 -0.00308956 0.00646036 0.0146275 -0.00525248 -0.00947373 -0.000679801 -0.00403023 -0.0127285 -0.000737636 -0.0157641 0.00940681
internal_weight=26864.5 26772.5 25605.3 1167.23 214.81 158.848 952.423 494.127 458.295 379.77 412.472 310.691 332.08 91.9845
internal_count=110974 110550 105311 5239 915 674 4324 2303 2021 1688 1904 1371 1556 424
is_linear=0
shrinkage=0.03


Tree=222
num_leaves=15
num_cat=0
split_feature=18 5 18 3 3 15 4 10 13 3 18 6 13 6
split_gain=8.21201 25.6279 24.5371 22.9718 22.5882 22.5198 43.5963 27.9359 26.7954 27.6562 33.6261 25.6027 24.0636 18.5092
threshold=9.7046483464202442 0.068342631114631028 9.6076374348704654 0.48279699589897046 0.12923502974855341 -0.013443614575673111 0.0084495620704387892 1.1276835623483561 0.40542117755927981 -0.10634861260217042 9.8336580959146236 0.0090118261755512807 0.015262040812724422 0.0147649994039397
decision_type=2 2 2 2 2 2 2 2 2 2 2 2 2 2
left_child=2 5 3 -1 -4 6 8 -8 9 -2 11 -11 13 -7
right_child=1 -3 4 -5 -6 12 7 -9 -10 10 -12 -13 -14 -15
leaf_value=-8.8466838130400982e-05 0.0041247964289281057 -0.0041245339378086958 -0.0027365688737509787 0.01877385310709612 -0.01509897999402667 0.015525623193425972 -0.00020612603055451559 0.030250818861209436 0.010014573489417245 -0.0068098351564368845 -0.0063673128434792369 -0.034856909983062768 0.0018737608300372225 -0.00036281866698591978
leaf_weight=18850.768260858953 140.18518424034119 795.35873613506556 1535.4682945311069 56.289188325405121 143.84684248268604 209.302953094244 54.679326891899109 51.692014873027802 86.408075347542763 48.55529011785984 379.16790145635605 76.588017627596855 4330.7800580412149 95.823595806956291
leaf_count=77422 580 3661 6316 246 651 852 227 213 382 200 1569 313 17903 407
internal_value=-4.9682e-05 0.00090084 -0.000339175 -3.03311e-05 -0.00381221 0.00163236 -0.00289086 0.0148798 -0.00551064 -0.00761665 -0.0108839 -0.024253 0.00245018 0.0105661
internal_weight=26854.9 6268.54 20586.4 18907.1 1679.32 5473.18 837.276 106.371 730.904 644.496 504.311 125.143 4635.91 305.127
internal_count=110942 26307 84635 77668 6967 22646 3484 440 3044 2662 2082 513 19162 1259
is_linear=0
shrinkage=0.03


Tree=223
num_leaves=15
num_cat=0
split_feature=7 10 10 3 13 12 7 7 13 7 18 2 5 13
split_gain=12.7657 21.2613 23.828 37.2768 21.6186 19.9375 18.6059 27.7122 25.9266 16.952 21.3113 14.8299 28.2242 35.5823
threshold=0.77279920698142524 0.48163124428891263 0.74074659414586375 -0.064583337998094223 0.19722111864662242 -0.45225190586108133 1.1888481258043062 0.99719199908322209 0.058945201440120838 0.3849997292569724 8.9709805020261033 0.015014837002006677 0.02029325602396748 0.086553519570999674
decision_type=2 2 2 2 2 2 2 2 2 2 2 2 2 2
left_child=5 -2 3 4 6 -1 7 -3 -9 10 -7 -5 13 -13
right_child=1 2 -4 11 -6 9 -8 8 -10 -11 -12 12 -14 -15
leaf_value=0.01626688413162437 -0.018640763078845317 -0.001104478530973532 0.00021836625703467434 0.010227967490838463 0.017505230127564872 -0.013449418711531264 0.013633402473297595 -0.0060144443979426978 -0.033393755024168213 -0.0012586783002914851 0.0073367639975751506 0.011091600488734697 0.0093450634506864055 -0.018191325948886585
leaf_weight=58.777650095522404 49.968221597373486 407.44876442849636 15930.501842059195 651.86353245377541 46.550474405288696 48.500548735260963 51.155692219734192 79.916635394096375 50.191838562488556 8691.3703070729971 372.64825657010078 58.658622369170189 234.28235283493996 95.961039006710052
leaf_count=275 224 1724 65749 2638 213 199 222 334 212 35891 1539 237 968 401
internal_value=4.84431e-05 0.000520073 0.000576564 0.00397688 -0.00174686 -0.00085945 -0.00332327 -0.00498148 -0.0169222 -0.000973464 0.00489072 0.00746719 0.00281102 -0.00708238
internal_weight=26827.8 17656.5 17606.5 1676.03 635.263 9171.3 588.713 537.557 130.108 9112.52 421.149 1040.77 388.902 154.62
internal_count=110826 72922 72698 6949 2705 37904 2492 2270 546 37629 1738 4244 1606 638
is_linear=0
shrinkage=0.03


Tree=224
num_leaves=15
num_cat=0
split_feature=7 6 12 6 18 12 15 14 15 15 10 14 15 3
split_gain=10.4542 26.1939 25.49 43.7324 40.7783 36.8843 23.8083 23.6102 29.2965 31.994 31.0091 29.3176 23.795 21.965
threshold=0.7923819085421645 0.0063372506252343799 -0.16051768150211745 0.022684948359755205 9.9874038006599708 -0.40111575380832071 0.021151706938164597 -0.092605616133328614 0.0044816308948112402 -0.01812390067702507 0.72857243667931704 0.057678858810767515 -0.00023455458972509999 -0.097238784849341661
decision_type=2 2 2 2 2 2 2 2 2 2 2 2 2 2
left_child=1 -1 3 7 5 -5 -7 -3 9 -9 12 -10 -11 -14
right_child=-2 2 -4 4 -6 6 -8 8 11 10 -12 -13 13 -15
leaf_value=0.0035926504106253039 0.000438526879573067 -0.009901256632137919 -0.0023654476524512229 0.0064332835468505351 0.015234652062150411 -0.011684685954375476 0.0099755694061550767 -0.010302160618379181 -0.0039397533196520304 0.0087247064651507691 0.014332698930983538 0.0195953157510982 -0.015051587536391513 0.0043351833428600141
leaf_weight=1091.1899081170559 16908.529422201216 102.97342500090599 6249.9385656267405 154.10595827549696 83.641149595379829 558.12987776100636 48.22342050075531 83.456685587763786 434.7813968360424 358.89448642730713 490.41988034546375 51.476475283503532 89.410563290119171 122.32299098372459
leaf_count=4429 69828 419 25672 687 369 2460 214 354 1839 1460 1996 218 389 504
internal_value=-1.5043e-05 -0.000788161 -0.00133036 0.00117909 -0.00441431 -0.00660974 -0.00993491 0.00390429 0.00478709 0.00740434 0.0088138 -0.00137821 0.00403715 -0.00391568
internal_weight=26827.5 9918.96 8827.77 2577.84 844.1 760.459 606.353 1733.74 1630.76 1144.5 1061.05 486.258 570.628 211.734
internal_count=110838 41010 36581 10909 3730 3361 2674 7179 6760 4703 4349 2057 2353 893
is_linear=0
shrinkage=0.03


Tree=225
num_leaves=15
num_cat=0
split_feature=7 10 6 5 2 6 10 7 13 5 7 7 7 18
split_gain=9.47339 23.324 44.5651 24.0107 28.0574 23.0272 27.0436 26.2235 28.9346 28.9086 21.1565 20.5675 18.9566 18.6193
threshold=0.76978918465481483 0.74074659414586375 0.021815093956398329 0.045295665799718561 0.041593032192170483 0.0063372506252343799 0.59818513911960347 0.52799687747553736 0.014655772774690991 -0.0065173776920538487 0.74013343490149397 1.148162654496633 0.8895699826701039 9.3236320402131607
decision_type=2 2 2 2 2 2 2 2 2 2 2 2 2 2
left_child=5 2 3 4 -2 6 -1 9 13 -8 -10 12 -4 -9
right_child=1 -3 11 -5 -6 -7 7 8 10 -11 -12 -13 -14 -15
leaf_value=0.020248130436560458 0.0078583464293795462 -1.8675833722399681e-05 0.00084309946059647973 0.025812681186968667 -0.007644561484052217 -0.0013831230742033496 0.009225273493505862 -0.020876315142201236 0.0098865569386404287 -0.013829511294397039 -0.0061831721331515495 0.011250740151904902 -0.010401274813834498 0.0033836508148053046
leaf_weight=77.33478844165802 947.26820600032806 16007.805686630309 261.84227844327688 57.277733236551285 116.53978528082371 8080.7870732396841 68.827098414301872 56.211172237992287 500.15866231918335 158.30371721088886 85.027590200304985 79.299249827861786 275.80708077549934 54.791231885552406
leaf_count=317 3836 66075 1143 235 484 33497 280 230 2025 641 345 341 1186 224
internal_value=-6.34009e-05 0.000339883 0.00363854 0.00719768 0.00614885 -0.00085135 0.00343718 0.00198841 0.00487467 -0.00682371 0.00753852 -0.00283129 -0.00494229 -0.00905355
internal_weight=26827.3 17745.8 1738.03 1121.09 1063.81 9081.44 1000.65 923.319 696.189 227.131 585.186 616.949 537.649 111.002
internal_count=110859 73300 7225 4555 4320 37559 4062 3745 2824 921 2370 2670 2329 454
is_linear=0
shrinkage=0.03


Tree=226
num_leaves=15
num_cat=0
split_feature=5 15 10 15 14 3 1 15 10 15 10 15 6 7
split_gain=9.44451 45.3959 68.1557 54.3153 40.5953 37.9093 37.1326 35.9611 36.1369 38.35 38.4758 41.3371 159.13 35.0256
threshold=-0.048419721341913906 -0.00011776364936544324 0.70623637539817075 -0.012545512034119353 -0.0022260969351131084 -0.080159984502220713 0.002226936378443956 -0.00011776364936544324 0.74074659414586375 -0.0007506926367772947 1.6933362053584846 -0.0013613064800135353 0.010934539853284518 1.7460340809607944
decision_type=2 2 2 2 2 2 2 2 2 2 2 2 2 2
left_child=1 3 -3 -1 -5 6 -2 8 -7 10 11 13 -13 -10
right_child=5 2 -4 4 -6 7 -8 -9 9 -11 -12 12 -14 -15
leaf_value=-0.0019754205814411624 -0.0082967861647467722 -0.013443036309825048 0.0012337309633369683 0.0084572643247982256 -0.016392614888313051 0.0033461265359928721 0.00044075804849484532 0.0012534338375635753 -0.0024744913073729549 -0.011125540099461123 0.0081416322314369766 0.037730374913419878 -0.020292845685489766 0.020045177104722704
leaf_weight=878.16681790351868 989.4958588629961 392.83497043699026 1020.4426057189703 1423.2370040565729 59.922726064920425 1341.9907970875502 783.43371720612049 11575.202484838665 7408.5164550319314 389.14400115609169 353.72906868159771 95.925640612840652 73.503930449485779 60.705828949809074
leaf_count=3630 4185 1817 4250 5875 256 5483 3306 47510 30580 1617 1486 389 318 248
internal_value=3.22047e-07 0.00139106 -0.00285906 0.00393506 0.00743255 -0.000227308 -0.00443964 0.000123715 -0.00122112 -0.00195302 -0.00150375 -0.00195242 0.012615 -0.00228615
internal_weight=26846.3 3774.6 1413.28 2361.33 1483.16 23071.6 1772.93 21298.7 9723.52 8381.52 7992.38 7638.65 169.43 7469.22
internal_count=110950 15828 6067 9761 6131 95122 7491 87631 40121 34638 33021 31535 707 30828
is_linear=0
shrinkage=0.03


Tree=227
num_leaves=15
num_cat=0
split_feature=18 10 18 3 5 15 2 10 15 15 3 10 3 1
split_gain=14.1781 13.8894 12.9206 21.4156 16.1999 29.0576 11.9435 26.2197 24.6331 41.5286 26.122 31.6217 22.8456 26.1302
threshold=7.9137693744205411 0.91380376201664848 8.2602686839860109 0.075402395777347322 0.0041635113670129851 -0.0043074415532706736 -0.013375640551776423 2.0760951817355626 -0.029140330631812535 -0.018734256176159644 0.029014993405712456 1.0570569330964101 0.039062204345684755 0.021222936107066829
decision_type=2 2 2 2 2 2 2 2 2 2 2 2 2 2
left_child=1 -1 3 4 5 -2 7 -4 -8 10 -10 -12 13 -11
right_child=2 -3 6 -5 -6 -7 8 -9 9 12 11 -13 -14 -15
leaf_value=-0.00075553771798530297 -0.0067860479012807296 -0.022571756017185859 0.0011484784771240793 0.019419726389988724 -0.009260304759345311 0.018556179298384511 -0.016405356260300916 -0.012855320865657698 0.013187992671345967 -0.0021662632660746379 -0.014148836552397494 0.0098892995441275545 0.00078377636448209113 0.0027102374329760798
leaf_weight=57.657168954610825 72.903363406658173 46.460063517093658 10140.6860011518 80.41407935321331 79.432372719049454 87.983556121587753 83.296808451414108 119.78601640462875 328.68280711770058 7622.7881607636809 85.49738073348999 110.68682953715324 6795.8701656758785 1134.5794112533331
leaf_count=248 297 200 41608 329 322 365 412 495 1356 31400 356 463 28391 4709
internal_value=0.000211601 -0.0107325 0.000255009 0.00622131 0.00168111 0.00713043 0.000182119 0.000982517 -0.000326092 -0.00024076 0.00804273 -0.000623623 -0.000521296 -0.001534
internal_weight=26846.7 104.117 26742.6 320.733 240.319 160.887 26421.9 10260.5 16161.4 16078.1 524.867 196.184 15553.2 8757.37
internal_count=110951 448 110503 1313 984 662 109190 42103 67087 66675 2175 819 64500 36109
is_linear=0
shrinkage=0.03


Tree=228
num_leaves=15
num_cat=0
split_feature=14 4 14 10 15 15 15 15 13 18 6 18 18 7
split_gain=10.0624 13.5616 35.7546 23.5206 21.6993 21.2631 19.8001 29.5292 66.4449 45.7601 31.9972 24.003 25.1871 29.5068
threshold=0.17727037577423979 0.036805404207433064 0.077084174210933623 1.4881175956643566 0.0072509297312302054 -0.013443614575673111 0.04235986628591127 0.02295819499303731 0.27965460349353705 8.8924450136056397 0.0067683881486944623 9.3963084287104071 9.8429100137396492 0.78975863400096136
decision_type=2 2 2 2 2 2 2 2 2 2 2 2 2 2
left_child=1 2 6 4 5 -4 7 -1 9 -9 -11 -12 13 -13
right_child=-2 -3 3 -5 -6 -7 -8 8 -10 10 11 12 -14 -15
leaf_value=0.00019060012187426518 -0.0049133867941921448 0.0023680438399880312 -0.0022104424556839706 0.0038109533388819912 -0.00042286281081159178 -0.017970300782592305 0.010117863020278844 0.017140385861854374 0.019238387422017101 -0.024466473454756468 -0.012290928387713949 -0.011915728704137896 -0.012888380558228165 0.0081419755434610549
leaf_weight=22419.7254184708 373.691849373281 2058.6973661035299 107.35003632307053 144.58499296009541 158.96105585992336 276.62381855398417 171.81087397038937 63.841128930449486 92.453896388411522 102.17102056741714 385.07086201012135 90.215949490666389 135.07458408176899 230.64074029028416
leaf_count=91968 1757 8777 472 638 676 1289 696 263 390 422 1595 374 556 942
internal_value=-3.81842e-05 3.10935e-05 -0.000166433 -0.0069006 -0.00975663 -0.0135985 2.95602e-05 -4.49903e-05 -0.00484064 -0.00708508 -0.00875765 -0.00679571 -0.00212114 0.00246343
internal_weight=26810.9 26437.2 24378.5 687.52 542.935 383.974 23691 23519.2 1099.47 1007.01 943.173 841.002 455.931 320.857
internal_count=110815 109058 100281 3075 2437 1761 97206 96510 4542 4152 3889 3467 1872 1316
is_linear=0
shrinkage=0.03


Tree=229
num_leaves=15
num_cat=0
split_feature=18 12 3 18 7 13 13 18 10 14 14 10 4 10
split_gain=12.5087 31.3553 38.8055 19.9255 26.4122 19.1378 15.2463 36.0774 47.2635 25.0031 16.0571 31.7372 28.688 17.2761
threshold=8.8924450136056397 -0.02521227562351824 0.18897406350894078 8.7906735001012688 0.58802742655361018 0.46885633674793786 0.028878883090690758 9.3102290289933709 0.92606507104236113 0.0067843798225870619 0.095247499535042759 1.5080831099360494 0.034810538047801771 0.72857243667931704
decision_type=2 2 2 2 2 2 2 2 2 2 2 2 2 2
left_child=1 2 3 -1 -5 -4 7 8 -2 -9 -8 12 -12 -14
right_child=6 -3 5 4 -6 -7 10 9 -10 -11 11 -13 13 -15
leaf_value=0.00037390904170158193 -0.00060161463473946757 -0.0083303895767163731 0.028119244446906475 -0.0092522259739854194 0.0090681454445934017 0.0066378995072373008 0.00038434710426305685 0.0012434062468753802 -0.011102575987153982 -0.010530436975663669 -0.017408892676128548 0.0035287607088743669 0.013804658066606726 -0.004947872698598684
leaf_weight=1753.0220282375813 837.40268229693174 241.19191314280033 75.37014339864254 79.993536680936813 532.40106955170631 75.243627041578293 18865.717159971595 2274.9315887987614 713.61168599128723 172.79449038207531 169.27283039689064 433.45751192420721 45.568995341658592 640.73509923368692
leaf_count=7254 3436 984 306 331 2187 308 77551 9320 2926 727 816 1979 208 2896
internal_value=4.56897e-05 0.00195927 0.00295149 0.00200371 0.00665273 0.0176152 -0.000172898 -0.00186457 -0.00544112 0.000404326 0.000162884 -0.00307392 -0.00641945 -0.00366625
internal_weight=26910.7 2757.22 2516.03 2365.42 612.395 150.614 24153.5 3998.74 1551.01 2447.73 20154.8 1289.03 855.577 686.304
internal_count=111229 11370 10386 9772 2518 614 99859 16409 6362 10047 83450 5899 3920 3104
is_linear=0
shrinkage=0.03


Tree=230
num_leaves=15
num_cat=0
split_feature=3 18 18 1 6 13 18 6 3 4 5 6 14 6
split_gain=11.5582 43.8706 25.3418 13.1176 10.6331 10.292 22.389 18.2421 14.6765 14.3847 21.0592 14.6159 14.0581 13.1467
threshold=-0.33459809896203513 9.4989358639893755 9.1834926162559842 -0.082963107951089507 0.042173532382894792 0.0092469720086346702 9.7186622950488211 0.0086630080605553262 -0.017699581656266391 -0.017981500276198267 -0.040076569616837747 0.0089619399459321299 -0.040544322213857502 0.0060098687229346486
decision_type=2 2 2 2 2 2 2 2 2 2 2 2 2 2
left_child=1 2 -1 4 -2 6 8 -8 9 11 -11 12 -5 -12
right_child=3 -3 -4 5 -6 -7 7 -9 -10 10 13 -13 -14 -15
leaf_value=0.0071590588880665555 -0.0034138713248130273 0.025392679195438698 -0.020245817570978496 0.013135415510500469 -0.017905203766956746 0.00016560927861332102 0.019339308039009573 0.00035273438749703321 0.010339681529113401 -0.026153772940140863 0.00072685838302954942 -0.0049029780511816532 -0.0039717201866476285 -0.010429467223523933
leaf_weight=75.19566299021244 203.7128604799509 72.670982643961906 48.160559326410294 93.901292935013771 57.241708144545555 25051.409294739366 65.337287589907646 140.9509654045105 57.247709155082703 54.461008876562119 145.3363698720932 419.45002454519272 77.388803943991661 271.4841093569994
leaf_count=330 892 325 215 381 259 103496 268 581 235 224 596 1714 313 1119
internal_value=1.64225e-05 0.0072374 -0.00369262 -3.72557e-05 -0.00670463 2.92098e-05 -0.00254494 0.00649427 -0.00421953 -0.0050223 -0.00892042 -0.00189285 0.00544978 -0.0065546
internal_weight=26833.9 196.027 123.356 26637.9 260.955 26377 1325.56 206.288 1119.27 1062.02 471.281 590.74 171.29 416.82
internal_count=110948 870 545 110078 1151 108927 5431 849 4582 4347 1939 2408 694 1715
is_linear=0
shrinkage=0.03


Tree=231
num_leaves=15
num_cat=0
split_feature=0 15 15 15 1 4 11 15 4 18 7 2 15 6
split_gain=10.0702 28.2329 19.0913 17.5283 13.7902 13.3448 11.7252 26.1544 18.7646 19.5899 22.1915 17.8724 20.6713 27.593
threshold=-0.011910839274847483 -0.029140330631812535 0.029175507961626938 -0.033766404584339764 -0.043187050858193736 -0.034595969850352452 32.82044709332574 -0.0082538746597311512 -0.028382911076694658 9.1956095407559904 0.78124894844831039 -0.090149478562986149 0.0050153993023482899 0.0095362116072769468
decision_type=2 2 2 2 2 2 2 2 2 2 2 2 2 2
left_child=1 -1 4 -2 -3 -6 7 8 9 10 -5 -9 -13 -14
right_child=3 2 -4 6 5 -7 -8 11 -10 -11 -12 12 13 -15
leaf_value=0.016388847406958701 -0.013619481055660737 -0.0071019008681613488 0.010690728870540837 0.017135889337188594 0.0031049123301702731 -0.0031654014414711838 -2.3329842365787149e-06 0.0095908334815747037 0.0040014729409131233 -0.0091346884232247801 -0.0058256986402976906 -0.00068189067796024284 0.014397504487837475 -0.00079325448457155776
leaf_weight=71.85175085067749 80.697107523679733 555.7983141168952 93.397943735122681 61.812208145856857 401.50597077608109 1257.7124757915735 21929.929588235915 438.75894725322723 288.41806352138519 377.85615602135658 91.504687994718552 709.73975419998169 239.12943314015865 194.00339488685131
leaf_count=309 378 2400 391 252 1675 5290 90502 1836 1166 1550 374 2869 979 796
internal_value=-1.28474e-05 -0.00187462 -0.00245679 0.000168823 -0.00302031 -0.00164617 0.000215669 0.00220499 -0.00214099 -0.00547874 0.00353309 0.00445691 0.00247264 0.00762108
internal_weight=26792.1 2380.27 2308.41 24411.8 2215.02 1659.22 24331.2 2401.22 819.591 531.173 153.317 1581.63 1142.87 433.133
internal_count=110767 10065 9756 100702 9365 6965 100324 9822 3342 2176 626 6480 4644 1775
is_linear=0
shrinkage=0.03


Tree=232
num_leaves=15
num_cat=0
split_feature=3 10 6 3 11 10 14 18 18 10 18 10 18 13
split_gain=13.0326 17.9279 44.9105 34.5148 60.1347 25.5445 27.361 27.3625 18.7197 19.9952 17.4776 20.6642 32.1167 35.9362
threshold=0.071299337051783609 1.4230393074311409 0.010403182463290589 -0.010757785595335799 41.082620911523044 2.0760951817355626 -0.095481015176548376 9.4945106580258436 9.8705686917306767 1.732091070277237 8.8803600226464798 1.6596830823990225 9.3000920966227643 0.40542117755927981
decision_type=2 2 2 2 2 2 2 2 2 2 2 2 2 2
left_child=1 -1 -3 4 5 6 7 -4 9 -6 -2 -12 -13 -14
right_child=10 2 3 -5 8 -7 -8 -9 -10 -11 11 12 13 -15
leaf_value=-4.9075586015453388e-05 0.0060452535605760383 -0.014483011629186375 -0.0073660508234695441 -0.007983157074835651 0.0025818496598867414 -0.021154697959712428 -0.0088838883857664253 0.02120383553844702 0.031264659868212641 0.024344706867438431 4.1454273446181273e-05 0.020355693850934661 0.010221251925434964 -0.0065448170028227608
leaf_weight=20221.842688120902 637.78244204819202 272.62407247722149 47.71169151365757 345.13367819786072 99.782845437526703 61.010886430740356 141.140111759305 76.422733470797539 54.920335173606873 59.911447376012802 4229.6200829893351 112.12810400128365 249.53813306987286 210.20998884737492
leaf_count=83180 2601 1118 202 1422 411 253 576 322 225 245 17788 469 1058 1010
internal_value=7.63911e-05 -0.000257193 -0.00388309 -0.000596325 0.00412906 -0.00398413 9.36981e-05 0.0102802 0.0163867 0.0109466 0.00138724 0.000766262 0.00610814 0.00256018
internal_weight=26819.8 21380.5 1158.66 886.034 540.9 326.285 265.275 124.134 214.615 159.694 5439.28 4801.5 571.876 459.748
internal_count=110880 87954 4774 3656 2234 1353 1100 524 881 656 22926 20325 2537 2068
is_linear=0
shrinkage=0.03


Tree=233
num_leaves=15
num_cat=0
split_feature=13 15 18 3 18 18 12 2 10 15 6 15 15 15
split_gain=14.0942 18.0838 20.8391 11.2923 29.4998 20.8949 11.1257 12.5781 10.2525 9.43289 65.1977 89.2628 73.4786 70.854
threshold=0.0038695134118742485 0.0053473262651859707 9.4219469216500062 -0.30458910198585482 9.4945106580258436 9.1834926162559842 -0.1031308072565169 -0.087561855729080026 0.98580933697430118 -0.012545512034119353 0.010462872908027174 -0.025240476479265524 -0.01812390067702507 -0.014158825534137607
decision_type=2 2 2 2 2 2 2 2 2 2 2 2 2 2
left_child=1 6 -3 4 5 -2 7 -1 -8 10 11 -5 -13 -14
right_child=3 2 -4 9 -6 -7 8 -9 -10 -11 -12 12 13 -15
leaf_value=-0.0021620483424490398 0.0059685655168311069 -0.0049181889968126485 0.018728710677685941 -0.012130754763132499 0.017680389421797473 -0.015604438278002944 0.0095239619563655814 -0.015296462858453808 -0.0083842641759167297 -0.0002722633188611788 -0.0016632629342145976 0.020922265110213598 -0.0031879955803661405 0.013612080425290638
leaf_weight=98.552042543888092 108.43807519972324 82.199221059679985 53.953253760933876 200.89839862287045 113.35488258302212 61.762823581695557 52.753469720482826 198.88387271761894 58.634285300970078 22106.548869080842 2447.1657584607601 351.56936609745026 475.75516092777252 427.22797471284866
leaf_count=413 472 337 221 905 500 275 215 813 239 91377 10137 1423 1920 1720
internal_value=-6.61999e-05 -0.00483255 0.00458786 3.29536e-05 0.00596624 -0.0019502 -0.00797694 -0.010988 0.000115498 -3.21857e-05 0.00132719 0.00635065 0.00932478 0.00477313
internal_weight=26837.7 544.976 136.152 26292.7 283.556 170.201 408.824 297.436 111.388 26009.2 3902.62 1455.45 1254.55 902.983
internal_count=110967 2238 558 108729 1247 747 1680 1226 454 107482 16105 5968 5063 3640
is_linear=0
shrinkage=0.03


Tree=234
num_leaves=15
num_cat=0
split_feature=3 7 10 6 15 7 18 18 18 15 10 7 18 3
split_gain=10.003 24.4368 26.84 31.4726 34.5782 22.3057 33.9265 19.5076 45.5978 20.7435 28.2755 19.486 19.3845 19.2691
threshold=0.048797400514537521 1.6316789968227494 1.4387000380311317 0.010727524615814625 -0.0086140111370172062 2.0018143688511256 9.8336580959146236 10.109011406589619 10.399966969534722 -0.025240476479265524 1.0475829763218207 1.2113074298828597 9.3893207595681485 0.018163466087800954
decision_type=2 2 2 2 2 2 2 2 2 2 2 2 2 2
left_child=1 2 -1 -4 -5 -3 -7 9 -9 10 -2 -10 -6 -14
right_child=7 5 3 4 12 6 -8 8 11 -11 -12 -13 13 -15
leaf_value=-0.00020728232305359233 -0.024532085754788609 0.0093030486519954225 -0.015894852261149162 -0.016569310405295183 -0.0091401528762220362 0.0097477505134683038 -0.023996110317429622 -0.011703421083033324 -0.00065263464978836442 0.0017676338728928711 0.0059065488783204816 0.014034365097780147 0.010083044914772746 -0.0086639048713730397
leaf_weight=18101.078102275729 61.021465837955475 411.69720958173275 208.1340429931879 112.23023037612438 99.130050256848335 55.460690513253212 48.511197775602341 338.39995864778757 334.99499253928661 6636.2084059938788 47.546922951936722 105.28817933797836 229.02456197142601 61.087883874773979
leaf_count=74527 260 1703 858 462 409 230 201 1517 1447 27563 201 451 944 253
internal_value=0.000106229 -0.000255067 -0.000431981 -0.00614703 -0.00205417 0.00617515 -0.0061522 0.00103415 -0.00345602 0.00155341 -0.0113359 0.00290716 0.00219429 0.00610328
internal_weight=26849.8 19326.4 18810.7 709.607 501.473 515.669 103.972 7523.46 778.683 6744.78 108.568 440.283 389.242 290.112
internal_count=111026 79587 77453 2926 2068 2134 431 31439 3415 28024 461 1898 1606 1197
is_linear=0
shrinkage=0.03


Tree=235
num_leaves=15
num_cat=0
split_feature=7 18 10 2 13 7 10 2 15 4 12 3 1 18
split_gain=10.7202 21.3412 28.0861 16.8795 16.0888 13.5086 18.5657 34.7411 32.5174 37.8386 27.111 26.2091 24.6137 28.1768
threshold=0.36667273658520655 9.6654966895489789 0.65257453416742028 -0.0048221554131924185 0.22235208531677655 0.69350245518616782 0.80337006854790427 0.048417047016529054 0.011542245002382769 0.033015693096568051 -0.40111575380832071 0.048797400514537521 -0.052807078404889733 9.06850216328648
decision_type=2 2 2 2 2 2 2 2 2 2 2 2 2 2
left_child=1 3 -3 -1 -5 -2 7 11 9 -9 -8 12 -7 -14
right_child=5 2 -4 4 -6 6 10 8 -10 -11 -12 -13 13 -15
leaf_value=0.0092673038795917859 -0.0013576209259634694 0.032203784007879842 0.0016467068313376282 -0.020416065662242612 0.0019984382843846208 -0.0085125053264204671 0.012604620955386635 -0.020449689729823625 0.0058989459778924312 0.00018596828707460639 -0.0003142811389980434 0.0093891780975534946 0.0072561441115182104 0.00076012859837934195
leaf_weight=91.36263033747673 6111.114432066679 49.73773755133152 57.260324090719223 49.334959223866463 64.986161187291145 184.89066997170448 145.52659042179585 171.73667803406715 150.08526292443275 148.11615650355816 16221.093879893422 508.28590859472752 860.35035400092602 1984.3755506500602
leaf_count=376 25285 213 236 200 273 803 643 752 621 648 67010 2060 3544 8158
internal_value=-5.53699e-05 0.0054492 0.0161813 -0.000235793 -0.00785919 -0.000120762 0.000250318 0.00207981 -0.00556811 -0.010952 -0.000197884 0.00309825 0.00203731 0.00272848
internal_weight=26798.3 312.682 106.998 205.684 114.321 26485.6 20374.5 4007.84 469.938 319.853 16366.6 3537.9 3029.62 2844.73
internal_count=110822 1298 449 849 473 109524 84239 16586 2021 1400 67653 14565 12505 11702
is_linear=0
shrinkage=0.03


Tree=236
num_leaves=15
num_cat=0
split_feature=14 10 15 15 4 10 2 15 15 6 13 3 10 15
split_gain=8.88928 27.059 37.2582 37.0651 30.4581 24.2303 18.8652 21.453 23.9463 54.538 41.0194 28.7455 25.5803 19.9298
threshold=0.077084174210933623 1.4881175956643566 0.009985491005039206 -0.0026671606826411671 0.033917680675345181 1.2779696965575271 0.079193436800984354 0.047641025524824084 0.02295819499303731 0.0098603298356563385 0.11429595160195706 0.046704837271476236 0.86384731613643229 0.039842445997570593
decision_type=2 2 2 2 2 2 2 2 2 2 2 2 2 2
left_child=6 2 4 -3 -2 -4 7 8 -1 10 12 -11 -10 -8
right_child=1 3 5 -5 -6 -7 13 -9 9 11 -12 -13 -14 -15
leaf_value=0.00030062579320264007 -0.013999123364345382 0.014431625418942112 0.0053112399003295277 -0.0015018146107583282 -0.0033435252059118552 -0.011092567275761933 0.010352345343370841 0.018671062800190871 -0.028341654483885457 -0.0019046706813250973 0.0035633883936617363 0.012867983412060708 -0.011196825135608135 -0.0091014979402841197
leaf_weight=23028.499961674213 367.69123789668083 193.60981102287769 468.1649325042963 399.29584243148565 701.14039434492588 95.987879663705826 287.97830912470818 54.041949197649956 114.03550454974174 522.29573008418083 119.41508923470974 151.21638061106205 257.5060643106699 55.044489040970802
leaf_count=94546 1713 820 1947 1837 3191 408 1189 219 469 2183 483 613 1062 225
internal_value=6.59346e-05 -0.00174865 -0.00374077 0.00373218 -0.00702848 0.00249089 0.00023032 0.000131192 8.82375e-05 -0.00410526 -0.0116879 0.00144035 -0.0165826 0.00719595
internal_weight=26815.9 2225.89 1632.98 592.906 1068.83 564.153 24590 24247 24193 1164.47 490.957 673.512 371.542 343.023
internal_count=110905 9916 7259 2657 4904 2355 100989 99575 99356 4810 2014 2796 1531 1414
is_linear=0
shrinkage=0.03


Tree=237
num_leaves=15
num_cat=0
split_feature=2 13 15 3 7 13 14 15 3 13 15 3 18 10
split_gain=11.2688 13.7752 15.1822 13.4805 13.2596 19.8887 56.2178 29.0164 27.7594 19.5584 29.341 20.4188 19.4677 18.2102
threshold=0.18766460077501604 0.30769470168340124 0.026805159154343009 0.48279699589897046 0.65926344907820633 0.025067889056809459 -0.032627274441293867 0.030326241315266959 -0.06747921295916369 0.48256967638805809 0.010208930633791804 0.25743881412920105 9.7046483464202442 0.94041323771396546
decision_type=2 2 2 2 2 2 2 2 2 2 2 2 2 2
left_child=3 -2 -3 4 -1 6 7 12 -8 11 -11 -7 13 -6
right_child=1 2 -4 -5 5 9 8 -9 -10 10 -12 -13 -14 -15
leaf_value=-0.001300242706254296 -0.019363842477982268 -0.0063182696886963019 0.0092502412375926862 0.014906243113448603 0.0051039105684962793 0.00087430595291274798 -0.013035995875826054 -0.019936479532649466 -0.0036444754396898361 -0.0072644595461618727 0.0090430723822663966 0.014549056520519804 0.0086700192456170815 -0.0022656308762865943
leaf_weight=5356.1397407054901 51.020268589258194 248.06052701920271 70.891906306147575 52.954518929123878 524.56412078440189 17158.066808335483 376.73253403604031 50.587758034467697 1134.5689401626587 541.89034268260002 119.68316406011581 96.848576173186302 375.73752747476101 705.03425993025303
leaf_count=22178 229 1206 293 236 2159 70526 1570 209 4657 2478 522 414 1561 2874
internal_value=-9.55048e-06 -0.00519489 -0.00282186 6.32496e-05 3.23964e-05 0.000371033 -0.00181973 0.00199782 -0.0059997 0.000758469 -0.00429595 0.000952737 0.00271297 0.000881503
internal_weight=26862.8 369.973 318.952 26492.8 26439.9 21083.7 3167.23 1655.92 1511.3 17916.5 661.574 17254.9 1605.34 1229.6
internal_count=111112 1728 1499 109384 109148 86970 13030 6803 6227 73940 3000 70940 6594 5033
is_linear=0
shrinkage=0.03


Tree=238
num_leaves=15
num_cat=0
split_feature=7 6 15 15 15 18 15 15 13 3 12 3 7 2
split_gain=8.20551 28.6916 38.7513 41.6281 27.3365 33.5178 26.6642 42.2919 27.2788 26.4866 26.6763 24.0025 19.8014 19.2115
threshold=0.8298178651107414 0.0079257778924718813 0.030326241315266959 0.0030832101336715216 -0.01812390067702507 9.7522287552103588 -0.0091448297424610008 -0.0081709667943581348 0.049813106318739815 -0.009250071878163622 -0.0642907888291777 -1.0000000180025095e-35 0.53451134359691277 -0.022106708038393205
decision_type=2 2 2 2 2 2 2 2 2 2 2 2 2 2
left_child=1 2 3 6 5 -3 13 -8 9 -9 -11 -10 -13 -1
right_child=-2 4 -4 -5 -6 -7 7 8 11 10 -12 12 -14 -15
leaf_value=0.018139232733243769 0.00053864120834478334 -0.0042358318367413557 -0.016291137035102231 0.0071556486125546725 -0.0010504508574696488 -0.025121129701972281 -0.023227217679357568 -0.010250651418403173 0.012639737522310807 0.021539911502910642 -0.0050702140063354434 -0.010269947179352685 0.0031264271369310101 0.0028584421774616765
leaf_weight=90.647642344236374 15544.010837696493 288.11268982291222 98.696868523955345 1120.6397982388735 7958.1171992272139 89.482783883810043 80.632990434765816 383.57885910570621 169.07404874265194 52.005503803491592 89.579042851924896 131.8093009442091 383.10290199518204 374.33342550694942
leaf_count=366 64280 1230 406 4541 33070 385 330 1578 686 211 362 536 1550 1540
internal_value=9.13514e-05 -0.000523383 0.00200542 0.00264433 -0.0014259 -0.00929152 -0.000241594 -0.00246226 -0.00104147 -0.00617168 0.00486785 0.00290401 -0.000329298 0.00590235
internal_weight=26853.8 11309.8 2974.1 2875.4 8335.71 377.595 1754.76 1289.78 1209.15 525.163 141.585 683.986 514.912 464.981
internal_count=111071 46791 12106 11700 34685 1615 7159 5253 4923 2151 573 2772 2086 1906
is_linear=0
shrinkage=0.03


Tree=239
num_leaves=15
num_cat=0
split_feature=7 10 2 6 15 12 12 7 7 13 13 6 13 4
split_gain=9.71824 18.5903 23.0216 38.8198 18.3666 20.5485 13.3733 18.7144 20.6686 12.7138 11.9896 11.902 9.72054 30.1318
threshold=0.40161055153109854 0.45765699378345964 -0.01243141234994649 0.023631756405101914 -0.0007506926367772947 -0.040871226025573464 -0.45225190586108133 0.8298178651107414 1.0529533299655141 0.20427130846467237 0.46885633674793786 0.0072458449684004566 0.013958559743773248 -0.016179335428228189
decision_type=2 2 2 2 2 2 2 2 2 2 2 2 2 2
left_child=4 2 3 -2 5 9 7 -3 -9 -1 11 -6 13 -8
right_child=1 6 -4 -5 10 -7 12 8 -10 -11 -12 -13 -14 -15
leaf_value=0.0090411405733051998 0.015806802005758385 0.022233034131954387 -0.026166616435132867 -0.021034227053881475 0.0059902131625072493 -0.0051492240052575366 0.0010353195872132225 -0.012663293639309667 0.013560248496877177 0.027073327389853574 0.012888592245058584 -0.0069678572493669958 8.1767385164595196e-05 -0.0062883677870005789
leaf_weight=86.738953202962875 51.817481115460396 55.881105870008469 52.499241434037685 47.360605835914612 93.286744549870491 50.798158779740334 1195.1388588994741 50.201058268547058 54.154383033514023 61.151153206825256 50.404776513576508 191.82308852672577 23916.450772918761 873.73424451053143
leaf_count=356 223 244 249 229 385 209 4905 215 255 254 212 792 98856 3608
internal_value=-1.49918e-05 -9.65087e-05 -0.0105002 -0.00185396 0.00398324 0.0111623 -3.53557e-05 0.00855111 0.000944287 0.016759 -0.000309083 -0.00271584 -8.89575e-05 -0.00206073
internal_weight=26831.4 26297.2 151.677 99.1781 534.203 198.688 26145.6 160.237 104.355 147.89 335.515 285.11 25985.3 2068.87
internal_count=110992 108784 701 452 2208 819 108083 714 470 610 1389 1177 107369 8513
is_linear=0
shrinkage=0.03


Tree=240
num_leaves=15
num_cat=0
split_feature=14 15 10 15 4 6 10 18 18 14 1 16 15 15
split_gain=9.73557 22.3213 29.1396 57.8194 29.3174 25.1899 22.2332 15.657 14.4691 13.7643 12.5939 20.7156 14.5257 13.527
threshold=0.077084174210933623 0.013825891519516633 1.4881175956643566 -0.0026671606826411671 0.036805404207433064 0.020830932865521786 0.76652091225258789 9.1474955390641615 9.1750409832582687 0.10288725778420284 0.069766974576500621 -0.85861643640126084 0.0030832101336715216 -0.0007506926367772947
decision_type=2 2 2 2 2 2 2 2 2 2 2 2 2 2
left_child=-1 2 4 5 9 -4 -3 -7 -5 -2 11 13 -13 -6
right_child=1 6 3 8 10 7 -8 -9 -10 -11 -12 12 -14 -15
leaf_value=0.00011018093514115756 -0.0091197039641535173 0.020120958176686791 3.6013792998117789e-05 0.0055600429060382204 -0.008677216502796143 0.0087921448987457046 0.0010359866302879122 0.030723104756520032 -0.0097844534496933748 -0.021112208118480989 0.0058793357447124266 -0.01744111673259614 -0.0018473436055061331 0.0040933612913838071
leaf_weight=24578.488708771765 312.51151005923748 59.21483501791954 67.898159965872765 71.721097230911255 106.21084748208523 49.210476025938988 538.339474350214 79.067913696169853 224.46339492499828 120.79203313589096 126.676702439785 139.64396750926971 87.489267230033875 238.68744038045406
leaf_count=100965 1407 246 284 291 500 207 2226 340 1116 604 565 633 394 1087
internal_value=-6.17982e-05 -0.00196258 -0.00378519 0.00230094 -0.0064317 0.0148525 0.00298803 0.022574 -0.00605641 -0.0125445 -0.00261587 -0.00451107 -0.0115031 0.000133329
internal_weight=26800.4 2221.93 1624.37 492.361 1132.01 196.177 597.554 128.278 296.184 433.304 698.708 572.032 227.133 344.898
internal_count=110865 9900 7428 2238 5190 831 2472 547 1407 2011 3179 2614 1027 1587
is_linear=0
shrinkage=0.03


Tree=241
num_leaves=15
num_cat=0
split_feature=7 10 18 2 18 10 6 15 15 18 18 3 15 2
split_gain=9.40583 22.3744 34.4265 27.2531 17.9343 16.0198 36.3083 34.116 22.6729 19.3914 25.0356 20.6159 29.0345 17.6016
threshold=0.40161055153109854 0.61711287023796613 9.6711997502958376 0.021797632758212563 9.2411325897308618 0.56559396391938022 0.0083373946530693639 -0.00036133414801176039 -0.0048020152361112336 7.9137693744205411 8.3198869368249451 -0.031078557782608925 -0.005246342632983402 -0.038458504856889279
decision_type=2 2 2 2 2 2 2 2 2 2 2 2 2 2
left_child=1 2 4 -3 -1 6 -2 8 13 -7 11 12 -11 -8
right_child=5 3 -4 -5 -6 9 7 -9 -10 10 -12 -13 -14 -15
leaf_value=0.013917924170366462 0.012325762127220899 0.003532878912728514 0.033378044987829036 -0.017750296848415573 -0.0066555597890584229 -0.013534900763960318 0.0035758177166532118 -0.0124397517647017 0.014478404018531612 0.00026311226540709026 -2.0938078445851528e-05 0.00168976772884757 0.026269236714155313 -0.01456582337193774
leaf_weight=81.866083562374115 100.40331979095936 259.51672074198723 48.19974447786808 66.292986124753952 68.264178812503815 92.297503292560577 109.88614073395729 398.09104806929827 80.481832295656204 64.366460546851158 25041.876125335693 215.90654514729977 94.811538562178612 82.813682928681374
leaf_count=341 408 1067 208 272 282 397 451 1880 329 263 103390 879 389 356
internal_value=-5.25665e-06 0.00396634 0.0118563 -0.000879516 0.00459865 -8.47609e-05 -0.00433764 -0.00685922 0.00130426 4.42221e-05 9.45935e-05 0.00776706 0.015887 -0.00429018
internal_weight=26805.1 524.14 198.33 325.81 150.13 26280.9 771.676 671.273 273.182 25509.3 25417 375.085 159.178 192.7
internal_count=110912 2170 831 1339 623 108742 3424 3016 1136 105318 104921 1531 652 807
is_linear=0
shrinkage=0.03


Tree=242
num_leaves=15
num_cat=0
split_feature=13 12 14 12 3 15 14 15 6 12 6 3 4 14
split_gain=12.8288 14.8003 19.7579 14.5789 25.5875 12.738 11.9494 11.3366 12.8223 17.3028 10.303 13.8421 10.0533 13.5847
threshold=0.005223314651376155 -0.23322394564861751 -0.046593135572396964 -0.09369823723033259 -0.046456619417528648 0.0012707606293753673 0.17727037577423979 0.026805159154343009 0.03240973725245868 -0.07294581620357081 0.0093233149689647653 -0.099417492071456989 0.071096742851081488 0.14387471358857365
decision_type=2 2 2 2 2 2 2 2 2 2 2 2 2 2
left_child=1 -1 10 5 -5 -4 12 8 9 -8 -3 -12 13 -2
right_child=6 2 3 4 -6 -7 7 -9 -10 -11 11 -13 -14 -15
leaf_value=-0.01251450151348088 4.2334744307963866e-05 0.013703988018124389 -0.014725600221816288 0.016277079402226287 -0.0087525117443306814 0.00035964502693157553 -0.026063590727053044 0.0059648278659424729 0.0024322868887035223 -0.0066085711764812998 0.0099498419279974958 -0.0091692263021258876 0.0046984127298322406 -0.0087817992190826148
leaf_weight=145.38523022830486 25128.622799538076 80.908921837806702 172.80398580431938 60.279429152607918 87.748471140861511 70.643423244357109 53.596496120095253 63.675725400447845 79.867095470428467 167.0722714215517 64.905936494469643 67.466401591897011 412.3261616230011 156.00461757183075
leaf_count=613 103613 329 714 246 359 288 279 263 379 801 264 273 1776 739
internal_value=-0.000125004 -0.00398766 -0.00190329 -0.00589558 0.00152107 -0.0103809 -1.35246e-05 -0.00539443 -0.00782468 -0.0115255 0.00541122 0.00021396 6.31547e-05 -1.27999e-05
internal_weight=26811.3 750.142 604.757 391.475 148.028 243.447 26061.2 364.212 300.536 220.669 213.281 132.372 25697 25284.6
internal_count=110936 3086 2473 1607 605 1002 107850 1722 1459 1080 866 537 106128 104352
is_linear=0
shrinkage=0.03


Tree=243
num_leaves=15
num_cat=0
split_feature=10 15 3 18 15 13 18 4 2 11 18 18 15 18
split_gain=9.22628 38.8047 46.7191 35.5532 30.0502 25.4883 22.7113 24.7872 20.3393 17.8222 16.0287 14.3149 21.8362 22.3689
threshold=0.6112026111893839 -0.00036133414801176039 -0.089150423588678848 9.2556264520947362 -0.0092471636342295032 0.031897343400629448 9.5254334404161582 -0.0049555845523024935 -0.027345915040765331 44.092434081280679 9.2726671080821337 8.9629056351008796 0.029175507961626938 7.9137693744205411
decision_type=2 2 2 2 2 2 2 2 2 2 2 2 2 2
left_child=1 3 9 8 -5 -4 7 -7 -1 -3 -11 12 13 -2
right_child=11 2 5 4 -6 6 -8 -9 -10 10 -12 -13 -14 -15
leaf_value=0.0037238099099133532 -0.013596703553889509 -0.021524120522265509 0.019134257215488951 -1.006604264097417e-05 0.019410701675694836 0.005744580120456852 0.008138767178647411 -0.011029581939120573 -0.010802733554525459 0.0015517900798323154 -0.020890185031009829 -0.00022147946168890343 0.013221771628881353 0.0018588780819707611
leaf_weight=180.02462366223335 84.89840929210186 188.25975557416677 47.99975973367691 126.55900895595551 163.43861244618893 105.9966111779213 119.31103436648846 300.6932542771101 164.08540806174278 77.92084114253521 43.063395477831364 22292.963547058403 145.76991584897041 2811.4665134847164
leaf_count=736 367 924 198 531 680 441 498 1249 683 393 219 92119 599 11490
internal_value=-9.41666e-05 -0.00236486 -0.00642386 0.00329132 0.0109932 -0.00134402 -0.00327814 -0.00665097 -0.00322542 -0.0157836 -0.00664607 4.20041e-05 0.00197171 0.00139677
internal_weight=26852.5 1517.35 883.245 634.108 289.998 574.001 526.001 406.69 344.11 309.244 120.984 25335.1 3042.13 2896.36
internal_count=111127 6552 3922 2630 1211 2386 2188 1690 1419 1536 612 104575 12456 11857
is_linear=0
shrinkage=0.03


Tree=244
num_leaves=15
num_cat=0
split_feature=13 7 7 10 14 7 5 18 7 10 14 10 4 10
split_gain=9.59914 22.9875 27.4485 21.6542 18.4796 17.4546 11.7654 12.8826 12.1479 10.6643 10.5881 24.6708 26.6361 15.0918
threshold=0.0086211552011880039 1.0260428630510845 0.52799687747553736 0.94041323771396546 -0.032627274441293867 0.64098083234270686 -0.03699833877091873 9.1526095701119718 0.80929393120463755 1.1890912145260091 0.095247499535042759 1.5080831099360494 0.036805404207433064 1.1890912145260091
decision_type=2 2 2 2 2 2 2 2 2 2 2 2 2 2
left_child=1 2 -1 -3 9 -6 -7 -8 -9 -4 -2 12 -12 -14
right_child=10 3 4 -5 5 6 7 8 -10 -11 11 -13 13 -15
leaf_value=0.013495785801532642 0.00024358194809082919 0.015537704802331548 -0.0044083892529902542 -0.00052811448698980318 0.0027060239931363445 -0.024916049677411789 -0.020568874190612069 -0.015122861595119703 0.0016721522249351578 0.0098983061992687412 -0.013921042335008071 0.003209508821581906 0.00042946983790684984 -0.008250946448230323
leaf_weight=61.888193175196648 24039.812183216214 94.76435162127018 357.83258755505085 343.12727677822113 61.894436106085777 75.441811934113503 83.351088523864746 68.558507889509201 85.219912260770798 52.002069890499115 228.79855291545391 492.94342796504498 557.02193015813828 264.37937940657139
leaf_count=255 98901 397 1462 1413 256 312 345 285 352 212 1094 2227 2474 1188
internal_value=-3.82523e-05 -0.00256728 -0.00545038 0.00300353 -0.00697593 -0.0117764 -0.0146432 -0.0111938 -0.00591354 -0.00255382 8.88773e-05 -0.00231838 -0.00491423 -0.0023777
internal_weight=26867 1284.08 846.189 437.892 784.3 374.466 312.571 237.13 153.778 409.835 25583 1543.14 1050.2 821.401
internal_count=111173 5289 3479 1810 3224 1550 1294 982 637 1674 105884 6983 4756 3662
is_linear=0
shrinkage=0.03


Tree=245
num_leaves=15
num_cat=0
split_feature=11 18 10 15 5 15 15 15 15 12 15 15 17 14
split_gain=8.27341 28.0188 39.0798 24.5558 23.933 22.8913 66.0187 48.8857 35.5867 31.1242 28.6286 40.2211 28.0973 23.4562
threshold=57.687878342134333 10.109011406589619 1.4534891260780178 0.039842445997570593 0.16753950979575286 -0.0086140111370172062 -0.0038781087183492598 -0.0041787509467892106 -0.025240476479265524 -0.15713657150175639 -0.0025827560007241064 -0.00011776364936544324 -0.25660481229257054 0.19559172626778534
decision_type=2 2 2 2 2 2 2 2 2 2 2 2 2 2
left_child=3 5 -3 -1 -4 8 7 -7 12 -8 -11 -12 -2 -13
right_child=1 2 4 -5 -6 6 9 -9 -10 10 11 13 -14 -15
leaf_value=-0.00056380980851529364 -0.027435241686739845 -0.0083407474613796193 0.01584644501180086 0.010673032304899549 -0.0092844943322076771 -0.0057278900309091158 0.0080231933202840802 -0.035302404917107864 0.0065902284701147553 0.0095049741927965749 -0.0081161977748895366 0.0016174634796720967 0.0030107318157151209 -0.011724261353452276
leaf_weight=18670.335034832358 49.66513380408287 593.66523393243551 111.4152155816555 174.68745540082455 47.217911563813686 675.81061016023159 611.80661121755838 52.503085643053055 1116.2626024186611 317.58437159657478 465.11979456245899 3776.653855830431 57.050217002630234 120.45758676528931
leaf_count=77022 235 2529 494 710 248 2837 2585 217 4597 1322 1953 15549 243 557
internal_value=-0.000115462 0.000693067 -0.00480981 -0.000458526 0.00834364 0.0012658 0.000504935 -0.00795071 0.00500413 0.00167129 0.000837819 0.000202756 -0.0114028 0.00119928
internal_weight=26840.2 7995.21 752.298 18845 158.633 7242.91 6019.94 728.314 1222.98 5291.62 4679.82 4362.23 106.715 3897.11
internal_count=111098 33366 3271 77732 742 30095 25020 3054 5075 21966 19381 18059 478 16106
is_linear=0
shrinkage=0.03


Tree=246
num_leaves=15
num_cat=0
split_feature=7 15 18 7 13 14 15 18 18 6 13 11 10 15
split_gain=9.57647 17.6452 22.09 12.2736 28.5391 20.2168 22.7247 27.523 18.4006 23.1521 23.0664 24.4443 18.1118 16.1885
threshold=0.36667273658520655 0.009376401826134197 9.684272940080044 0.57002263729738134 0.25944565936192249 -0.004029861927055566 -0.0022274691004571241 9.684272940080044 8.3749742956381468 0.022684948359755205 0.018769784114929248 30.181728799984111 0.62266278153078691 -0.0083869076811864379
decision_type=2 2 2 2 2 2 2 2 2 2 2 2 2 2
left_child=1 2 -1 4 8 13 -7 -8 -2 10 11 -10 -11 -6
right_child=3 -3 -4 -5 5 6 7 -9 9 12 -12 -13 -14 -15
leaf_value=0.0020235125201634833 0.013900214848434679 -0.010269894360553911 0.020288494587146821 0.00022484977113990614 -0.0024970405777713675 0.011986957679989691 -0.012338532552847489 0.0089061426748988076 -0.010452576688571816 -0.032859795129108062 -0.0045211840666212416 0.011605491095182526 -0.0058259020798880137 0.015368435192912889
leaf_weight=169.25145180523396 50.949617803096771 52.759610012173653 90.412378430366516 23820.067525364459 61.068487107753754 90.359662219882011 166.47653758525848 79.687065556645393 60.26039782166481 41.412177003920078 1698.2309803217649 164.91254928708076 48.056707754731178 173.02975258231163
leaf_count=699 212 220 385 98590 256 385 697 346 245 205 6941 674 205 726
internal_value=7.17588e-05 0.00527652 0.00848966 9.89714e-06 -0.00193235 0.00399622 -0.000721148 -0.00544494 -0.00357381 -0.00402947 -0.00332436 0.0056623 -0.0187839 0.0107263
internal_weight=26766.9 312.423 259.664 26454.5 2634.44 570.622 336.523 246.164 2063.82 2012.87 1923.4 225.173 89.4689 234.098
internal_count=110786 1304 1084 109482 10892 2410 1428 1043 8482 8270 7860 919 410 982
is_linear=0
shrinkage=0.03


Tree=247
num_leaves=15
num_cat=0
split_feature=13 7 10 15 15 15 11 4 15 12 6 7 18 15
split_gain=9.13093 14.9266 21.7593 16.0775 15.4589 11.7618 11.3528 23.2591 31.0434 21.3685 36.7316 39.8629 43.2431 39.15
threshold=0.005223314651376155 1.0260428630510845 0.93797833550198872 0.010208930633791804 -0.013315498563776893 -0.0056878611657023006 32.34094764884474 -0.040660000040162896 -0.025240476479265524 -0.16768601756996657 0.017342378734798488 1.236248842226414 9.9163223673574574 0.029175507961626938
decision_type=2 2 2 2 2 2 2 2 2 2 2 2 2 2
left_child=1 3 -3 4 -1 -4 -2 8 -8 10 -9 12 13 -12
right_child=6 2 5 -5 -6 -7 7 9 -10 -11 11 -13 -14 -15
leaf_value=0.0030880740124720049 0.0020951103892077765 0.019758764654778729 -0.011591977341957081 0.0067700863569595589 -0.011373844900010423 0.0032645162793138419 0.013412245591568556 0.006415156503826569 -0.0068272163718674566 -0.00033428776455131652 -0.00096792925937386469 0.0088442342819490295 -0.011971896230703908 0.015514503654679011
leaf_weight=81.781491339206696 2325.5448391735554 50.749526768922806 70.508478969335556 70.611221611499786 338.03549547493458 139.91182705760002 73.068631544709206 1219.3590430766344 758.88199332356453 19029.411028981209 1808.3823957070708 398.5689610093832 300.91537192463875 137.70642964541912
leaf_count=337 9572 213 291 292 1390 575 305 4982 3282 78316 7824 1665 1320 577
internal_value=1.53197e-06 -0.00325396 0.00252697 -0.00633027 -0.00855534 -0.00177593 9.56959e-05 -0.000100438 -0.00502172 7.88183e-05 0.00211191 0.000125174 -0.00142788 0.000213108
internal_weight=26803.4 751.598 261.17 490.428 419.817 210.42 26051.8 23726.3 831.951 22894.3 3864.93 2645.57 2247 1946.09
internal_count=110941 3098 1079 2019 1727 866 107843 98271 3587 94684 16368 11386 9721 8401
is_linear=0
shrinkage=0.03


Tree=248
num_leaves=15
num_cat=0
split_feature=13 15 10 10 12 4 18 11 15 15 4 15 12 6
split_gain=11.1769 14.7871 25.9892 17.7986 17.9632 19.913 13.6961 13.1557 24.5317 30.2769 18.7081 18.4701 27.8645 22.3502
threshold=0.0072562905387577601 0.0053473262651859707 1.0151341160908984 0.91157177544517654 -0.10518317704438938 -0.0242906883486621 9.4642350884337052 33.05494515843759 -0.0082538746597311512 -0.0092471636342295032 -0.024776351785239622 -0.0038781087183492598 -0.12139585977140936 0.0099177204740482847
decision_type=2 2 2 2 2 2 2 2 2 2 2 2 2 2
left_child=1 3 -3 4 5 -1 -4 8 9 10 -2 12 -10 -13
right_child=7 2 6 -5 -6 -7 -8 -9 11 -11 -12 13 -14 -15
leaf_value=0.0035354890104243968 -0.0018337870944504567 -0.0064988742478586953 0.0037760000812428153 -0.0084977037788286289 0.01352816661119384 -0.014211486137801245 0.022804526517851472 -6.3440812864889049e-05 0.016714249657942416 -0.017245353905973173 0.010103663732683907 0.0094580863284350596 -0.0012794982398768515 0.00017881155357425281
leaf_weight=145.24285304546356 662.03120218217373 129.23584224283695 79.495008319616318 496.91155976057053 72.399755358695984 90.932513907551765 58.850376918911934 23337.394525974989 228.99354785680771 97.578265845775604 141.73006255924702 322.93687397241592 116.12420798838139 831.48535463213921
leaf_count=605 2725 535 325 2049 295 376 241 96685 956 400 574 1315 467 3451
internal_value=2.90116e-05 -0.00296794 0.00312523 -0.00499481 0.00066444 -0.00335943 0.0120801 0.00015418 0.00226782 -0.00164141 0.00029104 0.00461663 0.0106873 0.00278645
internal_weight=26811.3 1073.07 267.581 805.487 308.575 236.175 138.345 25738.3 2400.88 901.34 803.761 1499.54 345.118 1154.42
internal_count=110999 4426 1101 3325 1276 981 566 106573 9888 3699 3299 6189 1423 4766
is_linear=0
shrinkage=0.03


Tree=249
num_leaves=15
num_cat=0
split_feature=18 18 18 6 2 5 15 13 6 13 18 13 3 15
split_gain=8.09803 29.8631 28.7451 27.8912 29.4258 25.4217 34.6738 44.6051 33.1863 22.7996 57.6071 37.1644 32.4619 24.6104
threshold=10.12819483653783 10.227092344627321 9.7257115745960458 0.0089112348765178501 -0.02268655540509212 0.015315862743154553 -0.016925524266135025 0.048342109985689115 0.0093766819675926479 0.095626879343012186 10.399966969534722 0.13988180505153039 -0.081868714804872664 0.0063212306918152281
decision_type=2 2 2 2 2 2 2 2 2 2 2 2 2 2
left_child=2 -2 -1 4 -4 6 7 -3 -7 -8 11 -11 -12 -14
right_child=1 5 3 -5 -6 8 9 -9 -10 10 12 -13 13 -15
leaf_value=-0.00024133214204601322 -0.0090367587249860371 -0.027052707437728044 0.022109827796187986 0.0014750726241639558 0.0052751147157344526 -0.018819510249936805 0.0073762629540031193 0.0094118228559567554 -0.0016012666880600747 -0.03547318978791348 -0.015489623565207103 -0.00092518209185582295 0.015274074365038783 -0.0074156986941558006
leaf_weight=20931.659055657685 405.90153640508652 73.549669444561005 114.27181251347065 3047.2019973322749 487.59103614091873 122.02086716890335 706.45595856010914 48.939732611179352 539.27807633578777 59.573779940605164 52.71613684296608 51.632545173168182 186.04257333278656 54.451673597097397
leaf_count=86226 1760 305 464 12903 1984 499 2878 204 2370 243 228 223 763 227
internal_value=2.77468e-05 -0.00167348 0.000187092 0.00264339 0.00853405 -8.81525e-05 0.00245559 -0.0125664 -0.00482549 0.00413159 -0.00154478 -0.0197325 0.00544024 0.010118
internal_weight=26881.3 2300.56 24580.7 3649.06 601.863 1894.66 1233.36 122.489 661.299 1110.87 404.417 111.206 293.21 240.494
internal_count=111277 9700 101577 15351 2448 7940 5071 509 2869 4562 1684 466 1218 990
is_linear=0
shrinkage=0.03


Tree=250
num_leaves=15
num_cat=0
split_feature=10 2 15 3 15 12 3 3 15 13 10 2 18 13
split_gain=8.61572 25.1569 25.5478 23.367 23.4751 35.4851 21.7678 18.622 109.15 26.6633 22.0821 22.2524 20.0327 40.0873
threshold=0.85906265407903926 0.015514349981045507 -0.012545512034119353 0.067211586154560812 0.0030832101336715216 -0.23667837502684611 -0.30458910198585482 -0.13368385465809005 -0.0015540027496574458 0.36191031862993533 0.68859282457152116 -0.028534405801178494 8.5077427946721063 0.11553234349135001
decision_type=2 2 2 2 2 2 2 2 2 2 2 2 2 2
left_child=1 7 -3 4 5 -4 -2 8 -1 12 -10 -12 13 -9
right_child=6 2 3 -5 -6 -7 -8 9 10 -11 11 -13 -14 -15
leaf_value=0.0068782674556565832 0.012666436482503148 0.0079591734050880724 -0.023080920057568167 0.0021920992832043474 -0.0013638048661007264 -0.0055188472401661495 -0.0006169463089472307 0.0068772760549273386 -0.016094842833135958 0.012533571455406324 -0.009842999537450943 0.010124541073145484 0.0021968832866688004 -0.017567995771377989
leaf_weight=620.55990663170815 109.77425247430801 220.33722427487373 118.87864664196968 670.31559559702873 1088.0959297120571 740.7806598097086 16740.591613009572 108.09184083342552 339.4884129986167 215.29864057898521 176.096799492836 68.136637970805168 5504.7642405852675 132.40871879458427
leaf_count=2569 490 912 553 2783 4571 3053 69307 446 1576 905 738 289 22431 542
internal_value=-0.000114909 0.000582449 -0.00180698 -0.00263435 -0.0042959 -0.00799537 -0.000528917 0.00152928 -0.00187102 0.00221668 -0.0111642 -0.00423543 0.00182584 -0.00661508
internal_weight=26853.6 10003.3 2838.41 2618.07 1947.76 859.659 16850.4 7164.85 1204.28 5960.56 583.722 244.233 5745.26 240.501
internal_count=111165 41368 11872 10960 8177 3606 69797 29496 5172 24324 2603 1027 23419 988
is_linear=0
shrinkage=0.03


Tree=251
num_leaves=15
num_cat=0
split_feature=18 14 15 18 15 7 13 1 15 14 7 13 12 18
split_gain=10.0821 21.7629 30.9506 32.9387 32.4168 31.0202 31.0041 28.3962 26.797 29.8277 25.7196 26.079 25.5129 29.1439
threshold=9.7046483464202442 0.052972555882006896 -0.013443614575673111 9.8075300018192859 0.0082346518492228977 1.0843310087445066 0.41672299306670418 -0.0035401056789838843 0.011542245002382769 0.015718170046522765 0.83849931191541571 0.12947210551821112 -0.041518829896296953 10.367018377268588
decision_type=2 2 2 2 2 2 2 2 2 2 2 2 2 2
left_child=-1 2 5 4 7 6 -2 -4 12 10 -10 -12 13 -5
right_child=1 -3 3 8 -6 -7 -8 -9 9 -11 11 -13 -14 -15
leaf_value=-0.00023054616986423136 -0.011082307721043291 -0.0025356159468004533 -0.0018410674737985207 0.002004922462914008 0.016577442745212691 0.0040550016556056417 0.012634348405111186 0.009347989899707811 0.0014549849372547362 0.0060314598228824361 -0.0076514289269348579 -0.027756466526398248 -0.0033487757609928187 0.0098577490530199936
leaf_weight=20600.896256789565 417.84096698462963 1172.3922163173556 357.26843024790287 1540.4974530339241 264.85294702649117 295.99714218080044 54.569398269057274 472.50856354832649 144.26329132914543 173.55283018946648 181.37882387638092 85.119558066129684 499.16637407243252 586.36360064148903
leaf_count=84844 1728 5340 1477 6380 1087 1226 244 1927 598 710 740 368 2051 2413
internal_value=8.9584e-05 0.00114523 0.00199649 0.00298647 0.00747563 -0.0035432 -0.00830102 0.00453759 0.0014521 -0.0043485 -0.00874216 -0.0142319 0.00274511 0.00417713
internal_weight=26846.7 6245.77 5073.38 4304.97 1094.63 768.408 472.41 829.777 3210.34 584.315 410.762 266.498 2626.03 2126.86
internal_count=111133 26289 20949 17751 4491 3198 1972 3404 13260 2416 1706 1108 10844 8793
is_linear=0
shrinkage=0.03


Tree=252
num_leaves=15
num_cat=0
split_feature=7 12 10 18 14 6 4 2 1 5 18 12 6 3
split_gain=9.6214 24.583 16.8381 28.8699 24.8753 19.3165 15.1003 14.8569 12.1203 11.9403 11.4658 9.75446 15.1653 13.2265
threshold=1.5447231022085031 -0.31327608886177638 1.0236185696074915 9.4770156318442886 0.22038086231068424 0.012657506834446506 -0.0068603199683835428 -0.070408871026605521 -0.11449036021082891 -0.022417065011865685 9.8429100137396492 -0.06996831218123821 0.019685519275642705 0.14914359675755631
decision_type=2 2 2 2 2 2 2 2 2 2 2 2 2 2
left_child=8 7 -3 5 6 -4 9 -2 -1 10 -5 12 -8 -13
right_child=1 2 3 4 -6 -7 11 -9 -10 -11 -12 13 -14 -15
leaf_value=-0.012102374188870458 0.004420322865102258 0.015051070545428813 -0.018313855493125308 0.0096286659836611298 -0.015713005325209733 -0.0021267153701549075 0.025810813555168042 0.028543254188895195 3.2077678855310051e-05 -0.011516964260943173 -0.0049431641362722616 0.0014506954095407506 0.0050787937039762036 0.017862835370093238
leaf_weight=72.296877101063728 43.595998227596283 74.379348859190941 93.659671887755394 116.47353975474834 51.272737547755241 218.6198146045208 67.620342895388603 48.702110201120377 25645.723747752607 58.790790870785713 80.759769275784492 166.4986208230257 60.606031224131584 58.365899845957756
leaf_count=327 204 308 380 480 252 908 278 206 106088 243 331 688 255 258
internal_value=0.000116641 0.00281192 0.00148765 0.000421704 0.00397368 -0.00706725 0.00567682 0.0174845 -2.97236e-06 0.000122166 0.00367231 0.00968109 0.0162403 0.00583056
internal_weight=26857.4 1139.34 1047.05 972.667 660.388 312.279 609.115 92.2981 25718 256.024 197.233 353.091 128.226 224.865
internal_count=111206 4791 4381 4073 2785 1288 2533 410 106415 1054 811 1479 533 946
is_linear=0
shrinkage=0.03


Tree=253
num_leaves=15
num_cat=0
split_feature=18 6 3 7 3 3 15 12 15 15 6 7 3 18
split_gain=10.9933 22.7832 24.168 25.4311 38.4507 31.5478 33.6085 21.2248 29.8513 47.8187 76.4205 28.8933 18.5932 17.842
threshold=9.7046483464202442 0.0083835903288599477 -0.030203916882624689 0.63412440066035225 0.005531075058094804 0.029927939051471956 -1.0000000180025095e-35 -0.035232916943801977 -0.01812390067702507 -0.022167203451169733 0.015659542026534433 0.9327889891647243 0.48279699589897046 9.8605506374429073
decision_type=2 2 2 2 2 2 2 2 2 2 2 2 2 2
left_child=12 2 -2 5 -5 6 -4 8 9 10 -3 -12 -1 -9
right_child=1 7 3 4 -6 -7 -8 13 -10 -11 11 -13 -14 -15
leaf_value=-0.00052401009013148462 0.014463594991465621 -0.028072393236741214 -0.013477305777066847 -0.0038358291025664334 0.011598009426070624 -0.022893876866035959 0.018521464215158687 0.0020128016203215023 0.001837007187721854 -0.017911151816891784 -0.0047457546685563496 0.023340349127741179 0.016603937761909 -0.0068403450372206687
leaf_weight=20514.501671008766 197.55617335438728 49.914722874760628 56.78615415096283 234.004619166255 377.75238460302353 67.897866100072861 57.43555249273777 303.62828598916531 3923.4440836757421 182.86175434291363 48.105726718902588 98.809259966015816 55.20130680501461 623.13860177993774
leaf_count=84487 813 218 232 952 1534 277 236 1288 16533 773 200 413 244 2730
internal_value=-0.000142224 0.000962582 0.00512739 0.00277357 0.00570111 -0.00701543 0.00265488 0.000171401 0.00105868 -0.00695149 0.00330817 0.0142036 -0.000476435 -0.00394178
internal_weight=26791 6221.34 991.433 793.877 611.757 182.12 114.222 5229.9 4303.14 379.691 196.83 146.915 20569.7 926.767
internal_count=110930 26199 4044 3231 2486 745 468 22155 18137 1604 831 613 84731 4018
is_linear=0
shrinkage=0.03


Tree=254
num_leaves=15
num_cat=0
split_feature=18 18 5 13 15 13 18 15 3 6 18 6 5 14
split_gain=10.5165 34.0561 26.4342 34.5847 59.3741 40.2482 54.0716 35.0529 29.629 20.198 19.5726 34.0099 25.5927 20.9031
threshold=10.149257610109702 10.227092344627321 0.013997228507508399 0.22513947668917014 -0.016925524266135025 0.095626879343012186 10.399966969534722 0.00069594823611529588 -0.065974124032678091 0.0096413939587114226 9.7257115745960458 0.0088102977679961007 0.091960463441533205 0.13582826938278239
decision_type=2 2 2 2 2 2 2 2 2 2 2 2 2 2
left_child=10 -2 3 4 -3 -6 -7 -5 -8 -4 -1 -12 13 -13
right_child=1 2 9 7 5 6 8 -9 -10 -11 11 12 -14 -15
leaf_value=-0.00033531090985545445 -0.011476293686907483 -0.021657069623954292 -0.01556156208346951 0.028852732161772504 0.0065167660229787623 -0.027622209363875376 -0.018036624316663308 -0.0029903104645717846 0.0078679336312379444 -0.0027242166535798558 0.0086314813823776208 0.0019561888645110033 -0.0082088357717076815 -0.016574585498404307
leaf_weight=20902.795988149941 301.58111507445574 98.77763506770134 137.33318829536438 78.649993985891342 677.35366456210613 79.16884782910347 51.312278360128403 50.089104920625687 154.14653941988945 535.66452007740736 588.28063380718231 2818.0301104933023 259.33154171705246 53.886521607637405
leaf_count=86126 1315 411 562 334 2762 327 217 219 629 2359 2394 11775 1232 269
internal_value=-0.000154761 -0.00215882 -0.000639418 0.00204848 0.000253637 0.00254372 -0.00689077 0.0166072 0.00128689 -0.00538218 2.15388e-05 0.00202604 0.000780336 0.0015972
internal_weight=26786.4 2164.08 1862.5 1189.5 1060.76 961.981 284.628 128.739 205.459 672.998 24622.3 3719.53 3131.25 2871.92
internal_count=110931 9135 7820 4899 4346 3935 1173 553 846 2921 101796 15670 13276 12044
is_linear=0
shrinkage=0.03


Tree=255
num_leaves=15
num_cat=0
split_feature=13 15 7 10 15 1 5 15 10 15 11 10 6 2
split_gain=11.5272 13.6087 11.7927 11.9513 11.0404 9.8623 10.668 54.2841 52.0739 35.9745 37.9884 32.3076 30.5348 26.281
threshold=0.0031523550330482268 0.0054175995433696231 0.99021078036710086 1.0899190094808777 -0.013315498563776893 -0.11449036021082891 -0.048419721341913906 0.0001425574247182482 0.6848146055927381 -0.0086140111370172062 39.41943759432926 1.4096501483059325 0.027951929332012983 -0.01243141234994649
decision_type=2 2 2 2 2 2 2 2 2 2 2 2 2 2
left_child=1 2 4 -4 -1 -2 7 9 -9 10 11 -7 -10 -11
right_child=5 -3 3 -5 -6 6 -8 8 12 13 -12 -13 -14 -15
leaf_value=-0.00040634619176156353 -0.0095971815243102877 0.0042121238377536294 0.0077042568416581256 -0.010953296780778604 -0.016732252910508158 0.0001078427591802407 -0.00019159553188484018 -0.013810406021789987 0.0040886393169116114 0.0097039013058024121 0.012420738250923075 -0.019162358636612274 -0.0073249367129406325 -0.012640809851914141
leaf_weight=50.023429214954376 93.845419049263 107.20053599774837 66.748398184776306 54.134125366806984 145.50965629518032 900.79317174851894 22815.232544571161 318.84808702021837 616.58960238099098 957.19754505157471 210.36974516510963 83.754483312368393 318.13251295685768 48.162907600402832
leaf_count=206 422 442 278 223 598 3715 94217 1518 2523 3968 868 347 1389 206
internal_value=-7.04451e-05 -0.00496819 -0.00808537 -0.000693332 -0.012602 8.62587e-06 4.36703e-05 0.00159699 -0.00338237 0.00443439 0.000912252 -0.00156698 0.000196685 0.00861048
internal_weight=26786.5 423.616 316.416 120.883 195.533 26362.9 26269.1 3453.85 1253.57 2200.28 1194.92 984.548 934.722 1005.36
internal_count=110920 1747 1305 501 804 109173 108751 14534 5430 9104 4930 4062 3912 4174
is_linear=0
shrinkage=0.03


Tree=256
num_leaves=15
num_cat=0
split_feature=3 6 15 6 1 18 12 15 3 18 12 18 18 7
split_gain=9.83641 15.735 16.3617 26.2746 25.569 18.8382 26.3824 28.8238 30.8937 30.2044 26.5867 30.7242 29.0365 25.3556
threshold=0.069880017567633526 0.0062748885349874304 0.024369688748671074 0.010586296618234634 -0.0070046812918369552 9.2482075280461569 -0.19354148052125467 -0.0019412317571192437 0.12923502974855341 10.478678626728863 -0.084431890010020869 10.055646469783783 10.333211858509435 1.2113074298828597
decision_type=2 2 2 2 2 2 2 2 2 2 2 2 2 2
left_child=-1 -2 5 -4 -5 -3 -7 13 10 -10 -9 -12 -13 -8
right_child=1 2 3 4 -6 6 7 8 9 -11 11 12 -14 -15
leaf_value=-0.00033131891923453933 0.014793971491370107 0.0030795874644416114 -0.006327563986042473 0.027958444822555092 0.0065565872780411249 0.011483009767000523 -0.00036392757308329886 0.010298540669320714 -0.0091693791179281829 0.008900178075523936 2.9723160709538776e-05 -0.033146195866959528 -0.003268861971777537 0.0091600486421317823
leaf_weight=21172.306174300611 72.335023730993271 1647.3291404694319 102.30507881939411 62.461643889546394 237.29446333646774 148.27230437099934 978.51502918452024 182.53581856191158 879.60815674811602 90.355096131563187 741.44936890900135 50.241788595914841 67.715764850378036 336.58620700240135
leaf_count=87251 293 6746 413 257 974 642 4182 764 3991 409 3040 218 282 1401
internal_value=-3.56297e-05 0.00108262 0.000897807 0.00670989 0.0111719 0.00043919 -0.000813445 -0.00136802 -0.00362419 -0.00747129 -3.54047e-05 -0.00224912 -0.016335 0.00208384
internal_weight=26769.3 5597 5524.67 402.061 299.756 5122.61 3475.28 3327.01 2011.91 969.963 1041.94 859.407 117.958 1315.1
internal_count=110863 23612 23319 1644 1231 21675 14929 14287 8704 4400 4304 3540 500 5583
is_linear=0
shrinkage=0.03


Tree=257
num_leaves=15
num_cat=0
split_feature=7 13 2 15 15 3 3 6 15 10 5 5 1 13
split_gain=8.70189 23.9665 21.1366 21.0293 15.9103 23.0431 16.1985 15.2905 34.3521 27.7585 19.7336 17.1639 17.8203 16.3831
threshold=0.57002263729738134 0.25944565936192249 0.019557340714644326 0.0077361029719056349 -0.014900545002141994 -0.050672418331089812 0.025509179166588684 0.0063372506252343799 0.0030832101336715216 0.68859282457152116 -0.0053321835480193971 0.0018597481612250279 0.0060978683728183389 0.19968810188829392
decision_type=2 2 2 2 2 2 2 2 2 2 2 2 2 2
left_child=1 3 4 7 -3 -6 -7 8 9 -1 -11 12 -9 -13
right_child=-2 2 -4 -5 5 6 -8 11 -10 10 -12 13 -14 -15
leaf_value=0.012157056105514142 0.00011407144683317013 -0.0078950959024777726 -0.0032577011229868152 -0.0083926192839360765 -0.0058923738406930154 0.023030647882414546 0.0081874650166471104 -0.0023860983894172941 0.020360123429220913 0.0043880850752891802 -0.019430094756395799 -0.0040237080304907661 0.0082802961255187234 -0.01659272202957832
leaf_weight=76.508419394493103 23777.676589094102 52.204000443220139 274.12366685271263 520.90411548316479 69.545420870184898 98.339134827256203 206.29035042226315 799.50815768539906 86.346081152558327 49.62007911503315 80.017670333385468 341.89534260332584 169.05982168018818 127.43574666976929
leaf_count=312 98477 222 1171 2166 308 409 855 3292 352 201 324 1395 701 526
internal_value=-7.66946e-05 -0.00161241 0.00322732 -0.00311985 0.00739235 0.00955586 0.013098 -0.00152472 0.00470665 -0.00198258 -0.0103853 -0.00279706 -0.000511094 -0.00749245
internal_weight=26729.5 2951.8 700.503 2251.3 426.379 374.175 304.629 1730.39 292.492 206.146 129.638 1437.9 968.568 469.331
internal_count=110711 12234 2965 9269 1794 1572 1264 7103 1189 837 525 5914 3993 1921
is_linear=0
shrinkage=0.03


Tree=258
num_leaves=15
num_cat=0
split_feature=14 15 15 6 15 12 12 15 15 15 6 1 15 15
split_gain=9.76981 24.7245 36.5385 34.1203 28.0906 62.1358 46.6694 38.7444 34.6215 27.6632 31.7366 27.3358 22.8535 22.5632
threshold=-0.046593135572396964 -0.029140330631812535 -0.012545512034119353 0.012748558334632712 -0.0038657178536141141 -0.15206415784655916 -0.18178728316524198 -0.0048921819747289588 0.0030832101336715216 -0.0020785711424848858 0.014229637486568466 -0.0093492163053312521 0.0050153993023482899 -0.029140330631812535
decision_type=2 2 2 2 2 2 2 2 2 2 2 2 2 2
left_child=1 -1 3 -3 5 7 8 -4 -6 -8 11 12 -11 -2
right_child=13 2 4 -5 6 -7 9 -9 -10 10 -12 -13 -14 -15
leaf_value=0.016148248578477072 -0.011601815377944438 0.012175139646835059 0.0077276226423303746 -0.0066694376804917578 0.00097056680540212159 -0.0038633194487874218 -0.0074155234437398819 0.025259149028305491 -0.0088927885215263538 -0.003894289406554128 0.011173490191588658 -0.0024038032715908209 0.013618737022360647 -0.00026865143546818578
leaf_weight=94.653426319360733 157.26757815480232 95.076638966798782 627.08803674578667 799.98237363994122 663.95758478343487 381.30227123200893 169.65577501058578 137.57200585305691 616.14466333389282 92.933191031217575 522.5109030008316 530.23946441709995 232.09779293835163 21657.949560821056
leaf_count=404 741 384 2599 3322 2801 1544 689 586 2664 374 2150 2157 949 89571
internal_value=-7.80713e-05 0.00112301 0.000824382 -0.00464501 0.00205812 0.00601588 0.000450973 0.0109394 -0.00378337 0.00395416 0.00536291 0.00179526 0.0086182 -0.000351409
internal_weight=26778.4 4963.21 4868.56 895.059 3973.5 1145.96 2827.54 764.66 1280.1 1547.44 1377.78 855.27 325.031 21815.2
internal_count=110935 20623 20219 3706 16513 4729 11784 3185 5465 6319 5630 3480 1323 90312
is_linear=0
shrinkage=0.03


Tree=259
num_leaves=15
num_cat=0
split_feature=13 15 15 6 14 6 12 18 18 3 15 3 7 1
split_gain=9.63083 23.67 36.2627 48.9537 25.4202 22.0855 38.0771 30.009 31.7205 20.7611 23.535 25.2129 21.9732 20.495
threshold=0.13201948305575131 0.04235986628591127 0.02295819499303731 0.010793848088768746 -0.056142601702524157 0.0071994930881531622 -0.0206025410454681 9.2931498105521531 9.4901534946076556 0.058499748422282234 0.021151706938164597 0.14914359675755631 1.6316789968227494 0.010786021597820052
decision_type=2 2 2 2 2 2 2 2 2 2 2 2 2 2
left_child=1 2 -1 -4 -5 6 -2 -8 -9 12 -11 -12 -7 -13
right_child=5 -3 3 4 -6 9 7 8 -10 10 11 13 -14 -15
leaf_value=0.00070034570139640873 0.018000256938820777 0.0137776194886421 -0.012740098701499057 -0.010834521879117339 0.0086068353740652321 -0.0027573253285065142 0.0088166961833118004 -0.021028918896493713 0.0043277998589256678 -0.0002871420263071838 0.0028046441335914684 0.032622132419823452 0.010353679865885266 0.0060322199932576967
leaf_weight=15156.801740594208 150.18949268758297 117.72678382694721 421.21397912502289 82.321683183312416 213.18199276924133 4612.359769679606 172.82686956226826 89.197918593883514 85.422207027673721 5103.0666307285428 316.42261734604836 52.349591493606567 116.05786570906639 52.314077943563461
leaf_count=62079 617 476 1741 343 878 19404 700 364 347 21645 1289 219 482 218
internal_value=2.17201e-05 0.000488495 0.000388212 -0.00619623 0.00315442 -0.000672582 0.00548678 5.57331e-06 -0.00871615 -0.000972556 0.00027647 0.00707585 -0.00243128 0.019694
internal_weight=26741.5 15991.2 15873.5 716.718 295.504 10750.2 497.636 347.447 174.62 10252.6 5524.15 421.086 4728.42 104.664
internal_count=110802 65517 65041 2962 1221 45285 2028 1411 711 43257 23371 1726 19886 437
is_linear=0
shrinkage=0.03


Tree=260
num_leaves=15
num_cat=0
split_feature=10 13 18 15 4 7 10 12 10 7 10 3 15 14
split_gain=9.04507 19.737 35.4533 36.5411 30.1123 52.4421 29.7409 29.2046 29.9805 25.7749 23.2725 24.9942 22.2023 30.7363
threshold=0.85906265407903926 0.022950326313511685 9.3102290289933709 0.0064523227443409334 -0.026510726784787938 0.62669297075835761 0.92128002915290674 -0.087950579956621408 1.0354749001130286 1.0009372420263463 1.4096501483059325 -0.085471393771321832 0.0030078799927477644 -0.0013476836513137689
decision_type=2 2 2 2 2 2 2 2 2 2 2 2 2 2
left_child=-1 2 6 4 -4 -6 -2 8 -5 -10 11 -7 13 -13
right_child=1 -3 3 7 5 10 -8 -9 9 -11 -12 12 -14 -15
leaf_value=0.00071267745154263563 0.0028493990092252602 -1.0854711162840452e-05 0.0040134250597450988 -0.013539185780531184 0.019213120532139742 -0.0204633296029549 -0.010542876694970832 0.018167820666204832 0.022257990061340327 -0.00061584022886477607 -0.025875362613109423 0.0029540932250321319 -0.022963955186271482 -0.013916274614955048
leaf_weight=9919.9024035260081 188.64819926023483 14482.200216479599 366.02450197935104 80.779202744364738 63.296211197972298 102.51663413643837 699.34472890198231 145.39288271963596 69.802972972393036 115.63339287042618 64.387188985943794 317.44100822508335 49.627978309988976 137.77145826816559
leaf_count=41070 775 60089 1519 330 259 422 2887 592 285 473 266 1297 202 588
internal_value=-6.20275e-06 -0.000428631 -0.00294679 -0.000151319 -0.00300253 -0.00649765 -0.00769777 0.0074534 0.00150992 0.00814008 -0.00897013 -0.00709893 -0.00431501 -0.00219032
internal_weight=26802.8 16882.9 2400.67 1512.67 1101.06 735.04 887.993 411.608 266.216 185.436 671.744 607.357 504.84 455.212
internal_count=111054 69984 9895 6233 4553 3034 3662 1680 1088 758 2775 2509 2087 1885
is_linear=0
shrinkage=0.03


Tree=261
num_leaves=15
num_cat=0
split_feature=2 15 10 10 4 18 12 15 6 15 15 6 18 3
split_gain=10.123 38.7145 26.4463 23.4672 22.1964 21.2377 21.2572 24.8464 19.2767 18.6572 18.4722 48.2206 35.9552 45.1056
threshold=0.052999709655653822 0.014544422722209129 0.96973409216343065 0.71925064610070988 0.011267010019443415 9.4989358639893755 -0.19354148052125467 -0.014900545002141994 0.021815093956398329 0.009985491005039206 0.014876042202137897 0.0067683881486944623 9.9163223673574574 0.089672309821735588
decision_type=2 2 2 2 2 2 2 2 2 2 2 2 2 2
left_child=10 2 4 8 -2 -4 -7 -8 -3 -6 -1 -12 13 -13
right_child=1 3 5 -5 9 6 7 -9 -10 -11 11 12 -14 -15
leaf_value=0.00044773739857729565 -0.020759008907132174 0.02963486756685034 0.0018763187978396312 0.0017500819738571105 -0.007336577616237165 0.014785327448252028 0.013536875840000934 -0.0070127009342149833 0.0030600639485288687 0.007405336442379994 -0.014452535368480788 -0.00074660897976623554 -0.011777304419883323 0.017023237012937169
leaf_weight=20503.800733990967 99.35011824965477 49.821112349629402 928.93352037668228 1113.3966413289309 771.90013406425714 46.436138078570366 54.871604338288307 800.01079602539539 47.682616293430328 84.225410275161266 262.00489597022533 1654.487579010427 235.98056085407734 137.3800725787878
leaf_count=84253 448 204 3940 4570 3371 223 241 3743 213 359 1070 6835 982 559
internal_value=-8.19665e-05 -0.00147424 -0.00342024 0.00300089 -0.00746043 -0.00130524 -0.00458117 -0.00566519 0.0169616 -0.00587239 0.000162261 -0.00239211 -0.000821154 0.000633242
internal_weight=26790.3 3996.63 2785.73 1210.9 955.476 1830.25 901.319 854.882 97.5037 856.126 22793.7 2289.85 2027.85 1791.87
internal_count=111011 17312 12325 4987 4178 8147 4207 3984 417 3730 93699 9446 8376 7394
is_linear=0
shrinkage=0.03


Tree=262
num_leaves=15
num_cat=0
split_feature=14 11 6 4 14 10 10 13 6 15 10 2 15 13
split_gain=9.37077 9.16244 8.82002 7.61709 19.9098 16.6211 16.5256 14.5486 17.1386 11.319 19.1455 11.6452 14.5902 48.9726
threshold=0.19559172626778534 71.666916113721584 0.033430611947083549 0.058088998543301081 0.11719068756315566 0.73158604405344241 1.360735312520577 0.60461775276434671 0.023631756405101914 0.04235986628591127 1.0697694589277533 0.12465201951921091 0.02295819499303731 0.078577833138862144
decision_type=2 2 2 2 2 2 2 2 2 2 2 2 2 2
left_child=3 2 -2 4 9 -5 -7 8 -8 11 -11 12 -1 -14
right_child=1 -3 -4 5 -6 6 7 -9 -10 10 -12 -13 13 -15
leaf_value=0.00010761677992577095 -0.021760233154103782 -0.0016064339951039524 -0.0028252578456205366 0.016193642824176797 -0.0071096587781664137 -0.001472073010120128 0.0036934706194382727 -0.006198973388681684 0.021746949274333273 0.013932203909807882 -0.0044130938507975269 0.012947233613896646 -0.011877333768962649 0.00095812495543597456
leaf_weight=23847.856828741729 48.294401109218597 176.44356249272823 40.764573991298676 74.220194891095161 353.93025981634855 529.01678739488125 108.14336954057217 50.381483435630798 83.572737023234367 130.91559273004532 82.019012793898582 60.143584460020065 396.80741512775421 811.92508063465357
leaf_count=98318 245 840 193 320 1657 2282 467 231 360 531 334 248 1658 3351
internal_value=-2.76708e-05 -0.00561451 -0.0133456 2.86616e-05 -6.36627e-05 0.00282726 0.00150217 0.00796012 0.0117066 3.53443e-05 0.00689058 -2.3317e-05 -5.54813e-05 -0.00326821
internal_weight=26794.4 265.503 89.059 26528.9 25683.6 845.335 771.114 242.098 191.716 25329.7 212.935 25116.7 25056.6 1208.73
internal_count=111035 1278 438 109757 106097 3660 3340 1058 827 104440 865 103575 103327 5009
is_linear=0
shrinkage=0.03


Tree=263
num_leaves=15
num_cat=0
split_feature=6 15 12 13 15 18 10 14 18 15 15 13 10 12
split_gain=7.08973 37.7949 36.731 35.7729 22.6133 20.12 25.9706 21.3382 24.8631 18.6678 21.568 29.5002 15.4086 14.7956
threshold=0.031502745005371237 -0.029140330631812535 -0.27977529195504797 0.5708307405003924 -0.022167203451169733 9.3444224310798862 1.2779696965575271 -0.025373362202002921 8.994549451769343 -0.00013460034237899873 -0.012545512034119353 0.18007456102589295 0.90205214254916333 -0.33365500049773145
decision_type=2 2 2 2 2 2 2 2 2 2 2 2 2 2
left_child=13 -2 9 4 -4 7 -7 -6 -9 10 12 -12 -3 -1
right_child=1 2 3 -5 5 6 -8 8 -10 -11 11 -13 -14 -15
leaf_value=-0.0040529657502214713 0.023252206930141434 0.004826862809408263 0.0088998516539893213 0.0030808471280347376 -0.027272242933709962 -0.0013692477083528786 -0.018909728923689664 0.0049736781365892369 -0.023168694975220051 -0.0035312845864978915 0.01662327977290259 -0.009568597282556459 -0.015947789962704784 0.00024081989365713004
leaf_weight=742.24958754330873 49.715369120240211 83.405793413519859 47.433237120509148 231.87180329114199 127.98450240492821 217.03958981484175 115.16997770965099 55.686010599136353 54.165405839681625 271.14262398332357 207.09696912765503 46.102214202284813 49.621134266257286 24444.567644663155
leaf_count=3213 215 351 197 1065 557 995 526 236 239 1238 919 207 215 100655
internal_value=-7.51823e-06 -0.00197113 -0.00283312 -0.00694712 -0.0107106 -0.0123677 -0.00752693 -0.0190102 -0.00906888 0.00248732 0.00670899 0.0118167 -0.00304384 0.000113971
internal_weight=26743.3 1556.43 1506.72 849.351 617.479 570.045 332.21 237.836 109.851 657.369 386.226 253.199 133.027 25186.8
internal_count=110828 6960 6745 3815 2750 2553 1521 1032 475 2930 1692 1126 566 103868
is_linear=0
shrinkage=0.03


Tree=264
num_leaves=15
num_cat=0
split_feature=11 4 5 3 1 13 14 6 18 12 7 6 3 18
split_gain=9.85389 19.0247 15.6199 34.1004 27.4487 24.25 22.9973 23.7204 34.1288 21.0613 53.7781 34.1015 27.5586 31.5951
threshold=32.34094764884474 -0.040660000040162896 -0.049552671816901254 -0.081868714804872664 0.0052028738277400963 0.25551780582790323 -0.0022260969351131084 0.016144080003186113 9.4605041225020443 -0.18403081254929474 1.3404816875337153 0.018163004760282767 0.087799124194644543 9.9285343855306909
decision_type=2 2 2 2 2 2 2 2 2 2 2 2 2 2
left_child=-1 -2 -3 4 6 -6 -4 8 -8 10 11 -5 13 -13
right_child=1 2 3 9 5 -7 7 -9 -10 -11 -12 12 -14 -15
leaf_value=0.0016998816735037899 -0.0045992732832159759 0.0031918599468603722 -0.011356846782929416 0.0082162927930553749 0.0022695433662916504 -0.017305882601704032 -0.0050580937503385322 -0.0091118619493937465 0.020792208763769353 -0.0001206647796331061 0.021136614338646824 -0.0016308900854910295 0.010276369862864797 -0.019262858226219787
leaf_weight=2865.6747179850936 836.79465834051371 1300.143689699471 579.79100751876831 459.25181245803833 587.42223333567381 61.047990493476391 108.37391574680805 195.39888069778681 77.06135168671608 18756.889312215149 140.80235429108143 563.34024983644485 134.71082000434399 107.30588266253471
leaf_count=11816 3620 5515 2434 1864 2471 280 460 892 320 77250 585 2413 577 476
internal_value=3.81415e-05 -0.000161162 1.91333e-07 -0.000190684 -0.00439067 0.000379138 -0.00760463 -0.00186267 0.00579175 0.000144907 0.00368441 0.00171096 -0.00200984 -0.00450096
internal_weight=26774 23908.3 23071.5 21771.4 1609.1 648.47 960.625 380.834 185.435 20162.3 1405.41 1264.61 805.357 670.646
internal_count=110973 99157 95537 90022 6857 2751 4106 1672 780 83165 5915 5330 3466 2889
is_linear=0
shrinkage=0.03


Tree=265
num_leaves=15
num_cat=0
split_feature=15 6 1 1 2 10 16 12 15 15 3 10 15 6
split_gain=10.202 46.0979 32.4405 29.4442 27.0527 37.8571 28.3539 25.6058 50.7701 41.6579 43.0175 40.7838 38.8597 64.888
threshold=0.0048898286061258575 0.031502745005371237 -0.004446721226893712 0.035296832505163474 0.058220100062669651 0.85174090839692318 -0.85861643640126084 -0.16051768150211745 -0.012545512034119353 -0.0013613064800135353 -0.034603600948228667 0.7802281931888233 -0.012545512034119353 0.010462872908027174
decision_type=2 2 2 2 2 2 2 2 2 2 2 2 2 2
left_child=3 2 -2 4 7 -6 -7 8 -1 -10 11 -11 13 -9
right_child=1 -3 -4 -5 5 6 -8 12 9 10 -12 -13 -14 -15
leaf_value=-0.0037558130842797227 0.0041123439510877824 -0.0084087511021030022 0.00012451421064835569 0.0045488857089287793 -0.015834007097358029 0.001918272559173768 -0.0080378977829053452 0.0066453800310952845 0.0069578597541574607 -0.010284772506401639 0.0089853557082674139 0.0026931751060140681 -0.0018684936194089928 -0.002858121389547713
leaf_weight=1064.1771696656942 2754.2735596969724 447.56847143173218 5498.7187946662307 1057.9913413673639 227.77683609724045 595.31636235117912 450.78171117603779 1405.5251574516296 1675.1752026975155 437.16550530493259 320.03240674734116 431.29794763028622 9269.2113683819771 1194.4659913778305
leaf_count=4427 11425 2068 22643 4461 1035 2666 2029 5774 6942 1912 1311 1789 37807 4913
internal_value=0.000102452 0.000946773 0.00145605 -0.000302821 -0.000604009 -0.00480602 -0.00237916 -0.000264593 0.00183442 0.00391299 -0.000383197 -0.00384826 -0.000959406 0.00228052
internal_weight=26829.5 8700.56 8252.99 18128.9 17070.9 1273.87 1046.1 15797.1 3927.85 2863.67 1188.5 868.463 11869.2 2599.99
internal_count=111202 36136 34068 75066 70605 5730 4695 64875 16381 11954 5012 3701 48494 10687
is_linear=0
shrinkage=0.03


Tree=266
num_leaves=15
num_cat=0
split_feature=3 13 15 6 7 15 15 4 12 6 7 18 2 3
split_gain=10.3579 19.7705 18.6068 40.1115 21.7113 21.8813 21.1944 17.789 43.3122 25.8516 36.4931 24.8806 28.5415 23.329
threshold=0.069880017567633526 0.1548791467527291 0.02295819499303731 0.008761629513101438 0.94860619764516529 0.039842445997570593 0.021151706938164597 0.0014385983652727143 -0.16768601756996657 0.016661304550954627 1.3497836018464937 8.8251161962210958 0.012607284637555118 -0.06053936842434559
decision_type=2 2 2 2 2 2 2 2 2 2 2 2 2 2
left_child=1 2 6 -4 -5 -6 7 -1 9 -9 -11 12 -10 -13
right_child=-2 -3 3 4 5 -7 -8 8 11 10 -12 13 -14 -15
leaf_value=-0.00033867052058581746 0.0011949184967162494 -0.0020749761335288617 -0.012802581201700598 0.0068821295977812029 -0.0090595821330588192 0.010329575817471539 0.018496856709778128 0.015544239984617281 0.0059218907828800351 0.00091790725732481958 0.025635095424461476 0.0096909941151553762 -0.02007249497016677 0.00055235469662949358
leaf_weight=10642.304468661547 5579.0846609100699 4294.1242244541645 304.56841410696507 266.05967222899199 236.8521691262722 65.302384480834007 56.267734453082085 283.68000645935535 58.12174591422081 417.27797010540962 59.738686442375183 265.6278520077467 103.94805815815926 4153.5452193170786
leaf_count=43724 23573 18131 1267 1103 970 265 236 1151 236 1766 251 1086 423 16866
internal_value=4.49903e-05 -0.000257608 0.000203995 -0.00405671 0.000659622 -0.00482878 0.000436302 0.000370419 0.00178268 0.00840205 0.00410745 0.000680371 -0.0107918 0.0011058
internal_weight=26786.5 21207.4 16913.3 872.783 568.214 302.155 16040.5 15984.2 5341.94 760.697 477.017 4581.24 162.07 4419.17
internal_count=111048 87475 69344 3605 2338 1235 65739 65503 21779 3168 2017 18611 659 17952
is_linear=0
shrinkage=0.03


Tree=267
num_leaves=15
num_cat=0
split_feature=3 10 6 3 3 11 14 15 10 18 18 6 6 12
split_gain=8.60241 22.5197 56.0114 25.2372 37.5437 41.9287 25.8702 20.0599 19.2578 18.6717 16.837 24.0341 14.2044 50.8853
threshold=0.069880017567633526 1.4096501483059325 0.010403182463290589 -0.21886630804937088 -0.010757785595335799 42.063762616464018 -0.006727885696216295 0.0077361029719056349 1.6933362053584846 9.7046483464202442 9.8605506374429073 0.015085540207097839 0.01027599191313308 -0.12139585977140936
decision_type=2 2 2 2 2 2 2 2 2 2 2 2 2 2
left_child=1 12 8 -4 5 7 -6 -5 -3 -8 11 -7 13 -1
right_child=-2 2 3 4 6 10 9 -9 -10 -11 -12 -13 -14 -15
leaf_value=-0.0053190422565631895 0.0011881088824616812 -0.011866528267772127 -0.01619969367842311 -0.0053157724072951176 -0.015775072926112733 -0.0022278188107033203 -0.0073095394279015869 0.012562867253108302 -0.032448776401567944 0.010445021156706504 0.031879545393581232 0.022570933044814077 -0.00062253311679928876 0.0017890328259236249
leaf_weight=1019.9658271074295 5589.3006175979972 243.43146403133869 81.410532727837563 214.53615821897984 147.3765694051981 62.089082658290863 119.03512506186962 74.417105481028557 48.728500530123711 93.277984961867332 51.236808508634567 78.152574449777603 10897.951934367418 8018.1766405403614
leaf_count=4188 23604 1003 353 880 604 253 491 308 201 391 211 325 45411 32628
internal_value=0.000141608 -0.000135039 -0.00409908 -0.000459882 0.00110021 0.00657599 -0.00620962 -0.000656597 -0.0154967 0.000515459 0.0173844 0.0117148 0.000106675 0.000985878
internal_weight=26739.1 21149.8 1213.69 921.532 840.121 480.432 359.69 288.953 292.16 212.313 191.478 140.242 19936.1 9038.14
internal_count=110851 87247 5020 3816 3463 1977 1486 1188 1204 882 789 578 82227 36816
is_linear=0
shrinkage=0.03


Tree=268
num_leaves=15
num_cat=0
split_feature=10 11 7 6 15 12 13 7 15 11 14 10 10 15
split_gain=8.38468 13.002 9.82069 9.26708 33.1241 34.1324 28.1632 27.2766 20.1812 18.3456 23.2189 18.2724 18.0697 17.7524
threshold=2.4041185900921778 65.584420335150909 1.5728684440039327 0.031502745005371237 -0.029140330631812535 -0.27977529195504797 0.60461775276434671 1.0970014235523242 -0.022167203451169733 61.238557842794989 -0.16185302713083247 1.0731540082060775 0.90916139078508384 -0.00044398695601710608
decision_type=2 2 2 2 2 2 2 2 2 2 2 2 2 2
left_child=3 2 -2 -1 -5 7 8 13 -7 10 -10 -8 -12 -6
right_child=1 -3 -4 4 5 6 11 -9 9 -11 12 -13 -14 -15
leaf_value=9.0992222942651792e-05 -0.0099242885721213311 0.01478802577338334 0.0080014586240941994 0.021478941053136309 0.0019945269515791748 0.0073278908283333933 0.018205347429361866 0.0093444513776974932 0.0040111113852228522 0.00096037968076241034 -0.0071734750491174882 -0.0029130757176916186 -0.020852008874044151 -0.01116328635681599
leaf_weight=25037.404960274696 52.094400942325592 85.431722223758698 53.979037642478943 48.737367659807205 234.00713151693344 51.254446044564247 49.371550559997559 261.88774310052395 53.997311651706696 82.05388118326664 127.46921668946743 129.17992977052927 292.1957014426589 149.85536053776741
leaf_count=103207 228 396 233 211 993 213 217 1173 231 377 576 611 1325 728
internal_value=-3.93038e-08 0.0062221 -0.000822908 -4.54406e-05 -0.00235049 -0.00319076 -0.00738346 0.00191649 -0.0104566 -0.0121172 -0.0143772 0.00306339 -0.016751 -0.00317336
internal_weight=26708.9 191.505 106.073 26517.4 1480.01 1431.27 785.522 645.75 606.971 555.716 473.662 178.551 419.665 383.862
internal_count=110719 857 461 109862 6655 6444 3550 2894 2722 2509 2132 828 1901 1721
is_linear=0
shrinkage=0.03


Tree=269
num_leaves=15
num_cat=0
split_feature=14 7 18 6 4 14 12 10 6 14 10 6 11 18
split_gain=7.67111 10.8984 10.4856 11.5326 6.78168 21.295 17.473 16.0509 14.0491 13.3368 12.0236 50.1703 24.3696 26.271
threshold=0.19559172626778534 1.0718323421519269 9.6976372169081007 0.03240973725245868 0.035798629091043706 0.073058574706758486 -0.34002547564360963 1.4881175956643566 0.020172265915168627 0.015215615851256194 1.4096501483059325 0.011221471654621198 41.735560709983886 8.978948341764676
decision_type=2 2 2 2 2 2 2 2 2 2 2 2 2 2
left_child=4 -2 3 -3 5 10 -6 -7 -9 -8 -1 -12 -13 -14
right_child=1 2 -4 -5 6 7 9 8 -10 -11 11 12 13 -15
leaf_value=0.00018994088856654737 -0.015196105438178309 -0.0039021760274251509 -0.0087293076424053637 0.015721454455923229 0.016055266231826949 -0.0071318583665594204 -0.0087340490727351172 -0.0049888774452782987 0.012882120480171559 0.0016498105088159733 -0.011214553129570188 -0.0044200199217396489 0.023129569482088712 0.0025773282706672103
leaf_weight=21865.082029409707 68.894694544374943 58.617691829800606 92.924074590206146 46.940297320485115 70.554789006710052 630.08959241956472 115.75056177377701 80.93657474219799 74.046350851655006 2044.0658769235015 431.14303368330002 469.52437919378281 59.829487502574921 600.12313686311245
leaf_count=89888 343 261 476 204 316 2855 484 350 336 8763 1775 1962 245 2489
internal_value=-6.02512e-05 -0.00509722 -0.00147519 0.00495427 -8.93497e-06 -0.000154808 0.00157325 -0.00500855 0.00360471 0.00108575 8.27049e-06 -0.00253401 0.000793486 0.00450479
internal_weight=26708.5 267.377 198.482 105.558 26441.1 24210.8 2230.37 785.073 154.983 2159.82 23425.7 1560.62 1129.48 659.953
internal_count=110747 1284 941 465 109463 99900 9563 3541 686 9247 96359 6471 4696 2734
is_linear=0
shrinkage=0.03


Tree=270
num_leaves=15
num_cat=0
split_feature=11 15 15 18 6 15 18 4 4 2 12 7 6 3
split_gain=8.83433 31.2126 15.6216 19.6686 14.7238 17.7549 16.4381 14.4555 13.6258 18.7293 14.6614 39.0677 39.8082 36.7109
threshold=32.34094764884474 -0.0082538746597311512 0.020408927265713309 9.2186766529334587 0.039066605142211899 -0.0092471636342295032 9.4067739738574669 -0.026510726784787938 -0.051054182832799437 -0.11830327182248411 -0.17324661284622592 1.249897715657408 0.017610273018304222 -0.16575164396578554
decision_type=2 2 2 2 2 2 2 2 2 2 2 2 2 2
left_child=1 4 3 -3 5 6 7 -1 9 -2 11 12 -10 -13
right_child=8 2 -4 -5 -6 -7 -8 -9 10 -11 -12 13 -14 -15
leaf_value=0.00060934140907008716 0.00049713776439104832 0.0001162438902432507 -0.0087313556777405335 0.0068529229719687173 -0.016218264436216021 -0.013685206974329907 -0.004107457355743028 0.013126593693797083 0.0052582508842020049 -0.011815755784537908 -0.00038891926797696575 -0.0078290473912563732 -0.0016715940940153686 0.013714685568276697
leaf_weight=296.5754082351923 233.9313325881958 589.26102131605148 81.374442599713802 1152.2013504356146 64.378875851631165 96.451839342713356 463.63579455018044 113.43640686571598 1088.1233969032764 209.62865159660578 19540.55428776145 86.009257614612579 2361.8212938457727 381.81614725291729
leaf_count=1211 1009 2426 341 4767 281 393 1908 459 4451 937 80556 367 10282 1593
internal_value=3.67365e-05 0.00161268 0.00397318 0.00457617 -0.00254636 -0.00160754 -0.000245941 0.00411935 -0.000151777 -0.00534891 -5.30595e-05 0.00162144 0.000515881 0.00973742
internal_weight=26759.2 2857.32 1822.84 1741.46 1034.48 970.099 873.648 410.012 23901.9 443.56 23458.3 3917.77 3449.94 467.825
internal_count=110981 11786 7534 7193 4252 3971 3578 1670 99195 1946 97249 16693 14733 1960
is_linear=0
shrinkage=0.03


Tree=271
num_leaves=15
num_cat=0
split_feature=18 5 5 18 7 7 10 18 10 13 13 14 5 6
split_gain=9.41358 29.3965 24.4924 18.8642 37.1854 37.3632 26.4458 19.5758 29.4287 19.4369 19.172 18.5051 28.7672 39.1767
threshold=10.930347030416167 0.011835167139240823 -0.0030438066403652426 10.515657073215642 1.1888481258043062 1.7020066473219277 0.79316709835693722 10.149257610109702 0.66545000069698357 0.49809344557852436 0.087588208949885407 -0.047556177773468759 -0.0080296234658842596 0.0091658809785163681
decision_type=2 2 2 2 2 2 2 2 2 2 2 2 2 2
left_child=3 2 -2 7 6 -6 10 -1 -9 11 -5 -10 -13 -14
right_child=1 -3 -4 4 5 -7 -8 8 9 -11 -12 12 13 -15
leaf_value=0.00019034555052311808 -0.0082666560810664511 -0.021632371635403394 0.017859666926278269 0.0010161486500682101 0.021407524739368512 -0.0072561292979800686 -0.0021868284274250342 0.011405402223484127 -0.011986273553547653 -0.018624743639694904 0.026833870049822701 0.0062110517210440383 -0.01974065226435668 -0.00075666919401627219
leaf_weight=24563.985285453498 79.367973729968071 70.610729120671749 51.581093966960907 50.036835074424744 176.04664067924023 52.046972900629044 498.68512653559446 101.71912325918674 205.69687831401825 88.938233561813831 51.9995207041502 257.62032634019852 135.09763933718204 342.22191834449768
leaf_count=101700 333 318 210 203 735 221 2096 437 854 467 215 1055 548 1452
internal_value=0.000107055 -0.00631973 0.00213841 0.000156366 0.00460553 0.0148608 0.000675239 1.25082e-05 -0.00384243 -0.00536806 0.0144362 -0.00407777 -0.00183779 -0.00618973
internal_weight=26725.7 201.56 130.949 26524.1 828.815 228.094 600.721 25695.3 1131.29 1029.57 102.036 940.637 734.94 477.32
internal_count=110844 861 543 109983 3470 956 2514 106513 4813 4376 418 3909 3055 2000
is_linear=0
shrinkage=0.03


Tree=272
num_leaves=15
num_cat=0
split_feature=3 2 3 18 18 6 13 18 10 15 15 10 2 15
split_gain=8.6623 23.1025 30.554 20.037 29.6938 20.0423 20.6772 18.9075 24.8768 31.245 19.2557 44.0256 19.1467 24.6661
threshold=0.039062204345684755 -0.092972011616077474 0.18207017592380084 10.109011406589619 10.399966969534722 0.013711687316370099 0.42914624673051577 9.9874038006599708 1.0538760273190453 -0.003170167564938708 -0.022167203451169733 1.1010589579282584 0.042480013244732502 0.039842445997570593
decision_type=2 2 2 2 2 2 2 2 2 2 2 2 2 2
left_child=-1 2 -2 7 5 -5 -7 10 -9 -10 11 -3 13 -12
right_child=1 3 -4 4 -6 6 -8 8 9 -11 12 -13 -14 -15
leaf_value=-0.00043514262331805588 -0.015526505216906862 -0.024450066132011544 0.010081640857426851 -0.022952786065797742 0.0013373992812915584 0.001235023346278296 -0.01601304753407783 0.020548693125433004 0.016998343451632425 -0.0086622040060736084 0.0023604275480761899 0.01161403654131059 -0.00056553842062397823 0.022139208165399191
leaf_weight=18196.591954052448 159.96397666633129 75.950148046016693 55.022768333554268 82.616619929671288 475.39361095428467 148.35751110315323 105.82833185791969 104.28326310217381 71.240176722407341 100.50993990898132 4248.7702473402023 48.456046387553215 2785.8261244446039 55.551083818078041
leaf_count=75184 677 327 240 342 2051 639 544 454 305 451 17306 205 11846 226
internal_value=-6.55508e-05 0.000723928 -0.00893995 0.000976251 -0.00349386 -0.0102808 -0.00601503 0.00146174 0.00913913 0.00205467 0.00116555 -0.0104416 0.0013721 0.00262585
internal_weight=26714.4 8517.77 214.987 8302.78 812.196 336.802 254.186 7490.59 276.033 171.75 7214.55 124.406 7090.15 4304.32
internal_count=110797 35613 917 34696 3576 1525 1183 31120 1210 756 29910 532 29378 17532
is_linear=0
shrinkage=0.03


Tree=273
num_leaves=15
num_cat=0
split_feature=12 3 5 11 11 15 15 6 15 13 12 3 7 3
split_gain=8.34757 17.9552 12.2686 12.2495 9.29121 26.711 22.1417 45.5723 30.4753 24.7801 23.8414 23.3528 32.9346 20.2223
threshold=-0.0030017234665757893 0.029927939051471956 0.13053006174158036 66.863657946018705 57.687878342134333 0.036091970431443084 0.018078815681731534 0.013911187523424453 0.030326241315266959 0.013287201234842285 -0.083588185447227112 -0.068920579357294884 0.97224946446709315 0.011832167219942848
decision_type=2 2 2 2 2 2 2 2 2 2 2 2 2 2
left_child=4 -2 3 -3 5 6 -1 8 9 -8 -11 -9 -13 -12
right_child=1 2 -4 -5 -6 -7 7 11 -10 10 13 12 -14 -15
leaf_value=-5.011734237746501e-05 -0.020560558484294389 0.009423249934269429 0.011264451411283856 -0.0054158790098230054 0.0010972319001775227 0.0092590877990831356 0.01254416151975144 -0.0048645554429162328 -0.021073302252263861 -0.020288476705856175 0.0062147165146387339 0.020590445984790907 -0.0025779176464688115 -0.011470867687123115
leaf_weight=17559.774444594979 48.700833514332771 55.707605794072151 55.319519519805908 382.4944109171629 7408.8251687139273 265.27526639401913 55.686280265450478 185.3262033239007 163.76594577729702 107.40737494826317 107.2864453047514 113.64322327077389 104.92787823081017 122.75480464100838
leaf_count=72510 200 227 257 1582 30978 1086 231 838 689 443 436 469 433 498
internal_value=0.000121309 -0.00355617 -0.00180196 -0.00349517 0.000197698 -0.000157142 -0.000292999 -0.00472264 -0.0102723 -0.00568906 -0.00875411 0.00294221 0.00954565 -0.00324021
internal_weight=26736.9 542.222 493.522 438.202 26194.7 18785.8 18520.6 960.798 556.901 393.135 337.449 403.897 218.571 230.041
internal_count=110877 2266 2066 1809 108611 77633 76547 4037 2297 1608 1377 1740 902 934
is_linear=0
shrinkage=0.03


Tree=274
num_leaves=15
num_cat=0
split_feature=10 10 11 15 7 15 6 6 7 10 15 6 18 18
split_gain=7.58399 19.1236 21.395 38.2407 27.0597 24.7366 30.9518 25.434 32.5986 37.6319 25.9103 24.0034 29.9384 25.7116
threshold=0.9308818430286846 0.97516108476709473 47.260203315962855 -0.016925524266135025 1.249897715657408 0.0048898286061258575 0.031934322428327923 0.017342378734798488 0.90474474160893026 1.1840483129120394 0.0038281287854777806 0.0091658809785163681 9.6525202170544162 9.5162438841340222
decision_type=2 2 2 2 2 2 2 2 2 2 2 2 2 2
left_child=-1 -2 5 4 -4 7 -7 10 -9 -10 -3 12 -5 -13
right_child=1 2 3 11 -6 6 -8 8 9 -11 -12 13 -14 -15
leaf_value=0.00058563030990351449 -0.0032044938793346985 -0.0041113083042885606 0.0037848309378415465 -0.0048765099600326855 0.019334915702320623 0.0033505470467057809 -0.012566815681926764 -0.0071364803743836983 0.01039429265731281 -0.0018726248611652765 -0.020128640832975463 0.0036366171523170001 0.0044990354429134899 -0.00075837374746494878
leaf_weight=13063.345646068454 1913.9417934119701 2093.2402341365814 262.83910496532917 1252.5945310294628 162.58689633011818 1230.9136851280928 118.7480937987566 356.45746088027954 400.76033538579941 509.03704397380352 93.212736830115318 2579.1430316865444 403.91048836708069 2234.5422035306692
leaf_count=54027 7872 8543 1123 5092 680 5029 542 1502 1696 2147 378 10674 1640 9693
internal_value=6.93204e-05 -0.000426195 2.88411e-05 0.00109941 0.00979034 -0.00150818 0.00193356 -0.0028539 0.000529313 0.00354183 -0.00481193 0.000525117 -0.00258777 0.00159697
internal_weight=26675.3 13611.9 11698 6895.62 425.426 4802.37 1349.66 3452.71 1266.25 909.797 2186.45 6470.19 1656.51 4813.69
internal_count=110638 56611 48739 28902 1803 19837 5571 14266 5345 3843 8921 27099 6732 20367
is_linear=0
shrinkage=0.03


Tree=275
num_leaves=15
num_cat=0
split_feature=12 7 6 15 18 15 15 15 15 13 6 1 5 12
split_gain=6.34532 30.3648 31.5473 54.8843 60.0446 41.6322 32.8819 30.7983 26.3393 26.1195 31.9658 25.5391 25.4479 25.2191
threshold=-0.16219334600543259 1.3404816875337153 0.022684948359755205 -0.0013613064800135353 8.8555556891006439 -0.0074177268345336769 -0.022167203451169733 -0.0077741553916257358 -0.018734256176159644 0.020867176318190576 0.011373727530234962 -0.039384733834944445 -0.032754366587664001 -0.13862686751289718
decision_type=2 2 2 2 2 2 2 2 2 2 2 2 2 2
left_child=1 2 9 5 -5 6 -4 -3 -8 10 -1 -10 -13 -2
right_child=13 7 3 4 -6 -7 8 -9 11 -11 -12 12 -14 -15
leaf_value=-0.011636766050624792 -0.0037791896469918313 -0.0050700320284791829 0.010778708444820295 0.005876966954230383 -0.010197638865764551 0.0098974253419204516 -0.020165373589589985 0.010778207612860091 -0.012861354766293768 0.0037923047976869992 0.0021303120352686813 0.0049962482981699011 -0.010421983402164457 0.00014876237345495184
leaf_weight=240.3008297085762 1592.5355205982924 141.41663165390491 157.34629276394844 264.94302552193403 971.38105730712414 414.28704503923655 81.081555902957916 484.60395348072052 153.21471010148525 2344.0695411339402 405.0363093316555 374.828941360116 127.45474976301193 19000.940389968455
leaf_count=984 6593 604 659 1157 4401 1775 353 2063 659 9719 1659 1552 568 78215
internal_value=9.73726e-05 0.000941968 0.000232442 -0.00222174 -0.00674894 0.00206045 -0.00158555 0.00719338 -0.00424881 0.00232149 -0.00301618 -0.00222467 0.00105805 -0.000155332
internal_weight=26753.4 6159.96 5533.94 2544.54 1236.32 1308.21 893.926 626.021 736.58 2989.41 645.337 655.498 502.284 20593.5
internal_count=110961 26153 23486 11124 5558 5566 3791 2667 3132 12362 2643 2779 2120 84808
is_linear=0
shrinkage=0.03


Tree=276
num_leaves=15
num_cat=0
split_feature=10 5 5 12 7 10 3 14 4 7 10 18 10 5
split_gain=7.31447 26.8649 15.1722 17.4212 18.8766 13.1391 12.5823 10.0295 21.3484 17.8421 18.8429 19.2353 16.8967 16.8202
threshold=2.2065564219004568 -0.063198199458247548 0.058565867004986012 -0.050671656829958382 1.5048544429041739 2.0760951817355626 0.10412975741638021 0.052972555882006896 0.033917680675345181 0.6519837585997138 0.62799819903536214 9.289801382538224 0.75801450785155111 0.072546154293389079
decision_type=2 2 2 2 2 2 2 2 2 2 2 2 2 2
left_child=5 -2 -3 -4 -5 7 -7 -1 9 -9 -11 -12 -13 -10
right_child=1 2 3 4 -6 6 -8 8 13 10 11 12 -14 -15
leaf_value=0.00013949597746206217 -0.01767661535866951 0.019653996707530118 -0.0078273823139443643 0.024483043813811358 -5.7303467331582635e-07 -0.0203917648454741 0.00050705866866135318 0.0053120457452883454 0.0040855280236769221 -0.023173590051352964 0.00013780168943514938 -0.024107887686781914 -0.0059915346953787439 -0.0016253276975968774
leaf_weight=22747.888818524778 40.176618829369545 72.021472349762917 72.360159687697887 48.798604056239128 64.106444716453552 54.263685628771782 47.911102324724197 165.96382695436478 757.81058189272881 47.765425249934196 541.75817048549652 47.129765823483467 913.01532565802336 1191.0435108393431
leaf_count=93531 168 298 336 219 303 226 213 724 3226 224 2260 216 3991 5283
internal_value=-8.44817e-05 0.00457785 0.00816254 0.00353307 0.0108234 -0.000137129 -0.0107704 -9.51824e-05 -0.00155127 -0.0039897 -0.00499145 -0.00438315 -0.00692906 0.000597246
internal_weight=26812 297.463 257.287 185.265 112.905 26514.6 102.175 26412.4 3664.49 1715.63 1549.67 1501.9 960.145 1948.85
internal_count=111218 1324 1156 858 522 109894 439 109455 15924 7415 6691 6467 4207 8509
is_linear=0
shrinkage=0.03


Tree=277
num_leaves=15
num_cat=0
split_feature=15 15 6 17 2 10 15 1 13 10 6 1 6 15
split_gain=9.15901 34.6847 55.7151 140.653 30.1839 32.9072 44.7452 32.2896 28.8801 23.0987 20.8449 20.5753 19.7181 21.2216
threshold=0.010565811440149899 0.0097453931376261255 0.011221471654621198 -0.49572243068690514 0.042480013244732502 1.4703352399650091 -0.0026671606826411671 -0.029692580067675053 0.76874710607898333 0.53209133883043935 0.020830932865521786 0.064114391946235486 0.036137800415520303 0.014856355070789641
decision_type=2 2 2 2 2 2 2 2 2 2 2 2 2 2
left_child=1 4 3 -3 -1 7 10 -6 9 -2 -7 -9 13 -11
right_child=8 2 -4 -5 5 6 -8 11 -10 12 -12 -13 -14 -15
leaf_value=0.00039240251489261219 -0.016189895775158593 0.023273173813805614 0.0020861763548495325 -0.027883618654526904 -0.020428507693782693 0.0026375594125639698 -0.0031842562577480307 -0.0042452313405055512 0.020052166924766732 0.0051121210724298606 0.020446151216082568 0.0060989751908760827 -0.012048151390138068 0.00027640937149247321
leaf_weight=18235.546016454697 68.171542041003704 59.994291916489601 269.04023894667625 222.69933724403381 103.64876309782267 99.081430613994598 359.19596388190985 2379.5653238892555 69.912527203559875 1076.819900944829 147.28296961635351 184.8851897418499 97.585259824991226 3363.5467298030853
leaf_count=74956 347 243 1135 898 502 412 1663 10285 311 4448 628 806 452 13818
internal_value=-1.90469e-05 -0.000274702 -0.00768815 -0.0169397 -8.38421e-05 -0.00273533 0.00356957 -0.00416791 0.0011867 0.000891781 0.0133629 -0.00349529 0.00115541 0.00145088
internal_weight=26737 22060.9 551.734 282.694 21509.2 3273.66 605.56 2668.1 4676.04 4606.12 246.364 2564.45 4537.95 4440.37
internal_count=110904 91528 2276 1141 89252 14296 2703 11593 19376 19065 1040 11091 18718 18266
is_linear=0
shrinkage=0.03


Tree=278
num_leaves=15
num_cat=0
split_feature=14 12 13 6 3 15 15 3 7 7 18 10 6 11
split_gain=10.3713 14.3843 13.424 18.3098 12.2326 10.0345 9.33481 8.99656 21.7365 23.5452 24.6569 21.3957 32.3531 28.9486
threshold=0.16392537094180185 -0.065630794547730006 0.84586837135938886 0.018296023157724692 0.48279699589897046 -0.0026671606826411671 0.018494200671836939 0.049837715711067661 1.6316789968227494 2.0018143688511256 9.8429100137396492 1.4387000380311317 0.010654070918403322 41.247828345354684
decision_type=2 2 2 2 2 2 2 2 2 2 2 2 2 2
left_child=4 6 3 -3 7 -5 -2 8 11 -10 -11 -1 -13 -14
right_child=1 2 -4 5 -6 -7 -8 -9 9 10 -12 12 13 -15
leaf_value=-0.00029226458357341174 -0.016595767531693617 -0.014392336922037612 -0.014198851972029303 0.016688566467627328 0.014401950518562561 0.0019822131716322219 -0.0016066048679795797 0.00093571691313915496 0.0090667539174124033 0.0067591091897604419 -0.021895395600475452 -0.015991381394656522 -0.0093063003668839191 0.0051715137105850014
leaf_weight=18089.289394907653 108.60785365104675 44.980063274502754 50.814697846770287 58.06147463619709 51.252024695277214 139.18325892835855 57.192296206951141 6931.7428372949362 403.69935564696789 55.970722824335098 49.019618064165115 193.90009848773479 230.84920690953732 264.73683358728886
leaf_count=74672 567 213 250 254 230 659 238 28855 1682 234 203 807 959 1092
internal_value=-4.01854e-05 -0.00450175 -0.000487615 0.00248149 3.8077e-05 0.00643528 -0.0115061 8.90289e-06 -0.000324248 0.0057826 -0.00677878 -0.000490272 -0.0056693 -0.0015827
internal_weight=26729.3 458.84 293.039 242.225 26270.5 197.245 165.8 26219.2 19287.5 508.69 104.99 18778.8 689.486 495.586
internal_count=110915 2181 1376 1126 108734 913 805 108504 79649 2119 437 77530 2858 2051
is_linear=0
shrinkage=0.03


Tree=279
num_leaves=15
num_cat=0
split_feature=7 14 15 10 6 11 14 15 15 6 15 12 12 15
split_gain=8.89828 14.5854 15.5607 14.0688 13.141 11.2465 7.96196 26.8745 34.6477 43.2161 35.3149 57.4866 46.7568 37.9115
threshold=0.3849997292569724 0.028044287441175045 -0.0007506926367772947 0.72551602073920796 0.0085671836643781921 50.525315682739397 -0.046593135572396964 -0.029140330631812535 -0.012545512034119353 0.012657506834446506 -0.0038657178536141141 -0.16051768150211745 -0.18178728316524198 -0.0048921819747289588
decision_type=2 2 2 2 2 2 2 2 2 2 2 2 2 2
left_child=1 2 3 -1 5 -4 7 -2 9 -9 11 13 -12 -10
right_child=6 -3 4 -5 -6 -7 -8 8 10 -11 12 -13 -14 -15
leaf_value=0.022950995867234845 0.017033806953969163 -0.0081287107044543342 0.019730270364055905 0.0033655767895254519 -0.0050639613417202316 -0.00032381224474999993 -0.00028372030100184996 0.014834377274778114 0.0082428802765075714 -0.0068414785375680914 -0.0041814484184813086 -0.00226282639419412 0.0036549036928134023 0.026008414243538829
leaf_weight=77.342022195458412 90.967412978410721 68.423525795340538 48.388720527291298 57.880632653832436 115.30881659686565 50.157734721899033 21373.238583311439 90.474920526146889 586.75259923934937 796.03542901575565 1246.1840401738882 432.67266641557217 1517.4761783033609 131.69332620501518
leaf_count=326 391 281 203 238 485 207 88576 365 2439 3314 5352 1756 6204 565
internal_value=3.54234e-05 0.0043702 0.00685249 0.0147389 0.00177548 0.00971982 -3.38073e-05 0.00105768 0.000748022 -0.00460089 0.00196103 0.00637105 0.000120883 0.0115625
internal_weight=26683 417.501 349.078 135.223 213.855 98.5465 26265.5 4892.26 4801.29 886.51 3914.78 1151.12 2763.66 718.446
internal_count=110702 1740 1459 564 895 410 108962 20386 19995 3679 16316 4760 11556 3004
is_linear=0
shrinkage=0.03


Tree=280
num_leaves=15
num_cat=0
split_feature=18 5 5 18 6 10 10 7 5 3 15 3 15 6
split_gain=9.44846 30.5406 29.5896 10.9109 26.5014 39.5913 23.0333 30.2662 29.8911 28.042 16.8823 25.3034 45.5471 79.1679
threshold=10.930347030416167 0.010921544342343938 -0.0026438911233784275 9.7186622950488211 0.0083835903288599477 1.0124337294887418 0.66545000069698357 0.64845803654188106 -0.0019100216010869418 0.036261318055808463 -0.016925524266135025 -0.009250071878163622 -0.022167203451169733 0.010403182463290589
decision_type=2 2 2 2 2 2 2 2 2 2 2 2 2 2
left_child=3 2 -2 10 5 6 -5 8 -8 -9 11 -1 -13 -14
right_child=1 -3 -4 4 -6 -7 7 9 -10 -11 -12 12 13 -15
leaf_value=0.0070374078656161975 -0.009498793597699156 -0.021817366074576922 0.019135729098606006 0.019579087382111757 0.00034800873358485721 0.014691210346109485 0.0026516486544102707 -0.00087495615756229684 -0.022928970390132003 0.019376410706577221 -0.00051524932263223838 -0.010670608132429331 0.020021629104157303 -0.0065345546080301468
leaf_weight=677.28745441138744 77.288471713662148 72.142628334462643 53.050105467438698 52.748212277889252 4938.3827897310257 305.13712222874165 74.492203205823898 232.13069628179073 88.72415266931057 81.658771336078644 19419.599443130195 269.78113205730915 178.60552361607552 227.70096887648106
leaf_count=2827 325 329 216 225 20989 1243 305 942 362 331 80079 1164 725 948
internal_value=-1.8194e-05 -0.00644224 0.00226902 3.1287e-05 0.00118474 0.00612135 0.00114845 -0.000962887 -0.0113632 0.00448448 -0.000289367 0.0029478 -0.00115774 0.00517999
internal_weight=26748.7 202.481 130.339 26546.2 5773.27 834.891 529.754 477.006 163.216 313.789 20773 1353.38 676.088 406.306
internal_count=111010 870 541 110140 24397 3408 2165 1940 667 1273 85743 5664 2837 1673
is_linear=0
shrinkage=0.03


Tree=281
num_leaves=15
num_cat=0
split_feature=18 6 18 1 12 2 6 12 6 3 13 6 14 10
split_gain=9.20383 25.043 11.2768 13.4277 17.3574 9.86496 25.1579 61.1191 33.1246 32.5404 37.748 26.8333 26.258 26.0635
threshold=7.9137693744205411 0.021648404780337274 8.1756030975208382 -0.016794246341730542 -0.10620770092575087 -0.013375640551776423 0.0096413939587114226 -0.1345046135105373 0.014229637486568466 -0.16017749993084515 0.24432437354151917 0.01228838793454414 -0.042216044098960286 1.5283079370576422
decision_type=2 2 2 2 2 2 2 2 2 2 2 2 2 2
left_child=1 -1 3 -2 -5 6 7 12 9 -8 -11 -12 -4 -9
right_child=2 -3 5 4 -6 -7 8 13 -10 10 11 -13 -14 -15
leaf_value=-0.024088808057339782 0.019751862270877444 0.0059907508488745214 0.0037606451116048785 0.010426095674087164 -0.0095166724890976238 -0.00046426428292604244 0.015215064826228685 0.0053270972569645896 0.0011637053002693624 -0.00466747827831947 0.028708646826789381 -0.0013762061018104637 -0.014708498984920529 -0.014824134770996006
leaf_weight=47.876579895615578 52.635788276791573 48.493821069598198 99.073343470692635 96.328457623720169 63.4906015843153 16111.973209545016 81.976961180567741 2350.4003459066153 5213.6942953392863 2153.9780694246292 51.211604654788971 53.167970091104507 223.13709072768688 57.341005519032478
leaf_count=219 216 200 403 396 259 67141 337 9537 21809 8728 207 219 919 237
internal_value=2.08714e-05 -0.00913864 5.47297e-05 0.00690629 0.00248382 -9.3597e-07 0.000724912 0.00319203 -0.000167287 -0.00313087 -0.00380969 0.0136465 -0.00904144 0.00483529
internal_weight=26704.8 96.3704 26608.4 212.455 159.819 26396 10284 2729.95 7554.03 2340.33 2258.36 104.38 322.21 2407.74
internal_count=110827 419 110408 871 655 109537 42396 11096 31300 9491 9154 426 1322 9774
is_linear=0
shrinkage=0.03


Tree=282
num_leaves=15
num_cat=0
split_feature=2 4 14 10 14 18 3 12 7 2 18 18 18 6
split_gain=10.5354 9.68491 21.7418 16.3538 15.1953 12.0044 36.0662 13.6682 41.7158 23.8358 17.3725 18.255 16.3792 15.754
threshold=0.18766460077501604 0.035798629091043706 0.11185535777252432 1.4881175956643566 0.015718170046522765 10.109011406589619 0.11991192938316965 -0.03089588903742135 1.1434122039938595 0.051785471106947652 9.8336580959146236 9.5347190952385859 9.5073187524281497 0.011005330194898714
decision_type=2 2 2 2 2 2 2 2 2 2 2 2 2 2
left_child=1 2 -1 -4 -3 7 -7 -6 9 -9 11 13 -10 -11
right_child=-2 4 3 -5 5 6 -8 8 12 10 -12 -13 -14 -15
leaf_value=-1.5947765871659398e-05 -0.0049886178867949247 -0.0076274568748350416 -0.018928349913657688 0.0020270509681348313 0.0058749864636056838 -0.014311861141902291 0.0089888769067001124 0.011682826253870413 0.014311773580795205 0.0081209046315848885 0.0084080178540690328 -0.02508661482956704 0.0011095052312310681 -0.010673515724120923
leaf_weight=24130.482524052262 371.63132759928703 135.59912848472595 93.570206545293331 51.070377066731453 986.09180778264999 128.22183275222778 108.69974905997515 60.139913603663445 186.85052451491356 47.555355057120323 46.91691617667675 63.311963617801666 153.82427464425564 217.75755770504475
leaf_count=99537 1753 571 474 234 4204 558 506 248 771 198 217 291 663 917
internal_value=1.37397e-05 8.45032e-05 -8.59356e-05 -0.0116026 0.0020207 0.00268202 -0.00363571 0.00353445 0.000554155 -0.00558475 -0.00839725 -0.0108328 0.00839184 -0.0072692
internal_weight=26781.7 26410.1 24275.1 144.641 2134.97 1999.37 236.922 1762.45 776.357 435.682 375.542 328.625 340.675 265.313
internal_count=111142 109389 100245 708 9144 8573 1064 7509 3305 1871 1623 1406 1434 1115
is_linear=0
shrinkage=0.03


Tree=283
num_leaves=15
num_cat=0
split_feature=14 15 15 15 18 18 12 18 15 10 1 15 6 13
split_gain=8.51837 23.8262 38.1565 40.1024 31.6586 37.4496 26.115 23.2431 23.1626 26.6999 32.4246 30.7087 29.9085 34.117
threshold=1.0000000180025095e-35 0.014876042202137897 0.036091970431443084 0.030326241315266959 10.072560990441557 9.3650364171149096 -0.053270540134754733 9.2589697248861267 0.011542245002382769 1.0475829763218207 -0.014310558037336383 -0.016925524266135025 0.01639458043971204 0.29343943980424009
decision_type=2 2 2 2 2 2 2 2 2 2 2 2 2 2
left_child=1 -1 3 4 5 6 7 -3 9 10 -2 -11 -13 -14
right_child=8 2 -4 -5 -6 -7 -8 -9 -10 11 -12 12 13 -15
leaf_value=0.00096796675776487061 -0.0085869896307036939 -0.0064245683155979257 0.0063780761256301251 -0.015410101531361636 -0.019653026060860827 0.004520071689796526 0.002945962594102066 -0.023321702169393308 0.0022753585361462631 0.0088005060105666479 -0.0015969143218431498 -0.0022879187174612526 0.0091785847155525478 -0.00056063805089944896
leaf_weight=12101.562660396099 659.44667964428663 266.45103731006384 331.58526811003685 263.72142490744591 87.331269383430481 538.92730116099119 173.05402989685535 100.41651393473148 2128.5852574780583 391.0085883140564 6173.8456063643098 2094.7738511264324 548.87965272367001 784.50495319068432
leaf_count=49774 2829 1131 1354 1123 372 2212 700 419 8808 1660 25598 8654 2322 3623
internal_value=-2.16516e-05 0.000493368 -0.00276456 -0.00489063 -0.00248943 -0.00106627 -0.00663843 -0.0111509 -0.000580262 -0.00115119 -0.00227381 0.000857533 -5.30288e-05 0.0034562
internal_weight=26644.1 13863 1761.49 1429.9 1166.18 1078.85 539.922 366.868 12781 10652.5 6833.29 3819.17 3428.16 1333.38
internal_count=110579 57085 7311 5957 4834 4462 2250 1550 53494 44686 28427 16259 14599 5945
is_linear=0
shrinkage=0.03


Tree=284
num_leaves=15
num_cat=0
split_feature=18 18 10 3 12 7 12 7 12 3 7 15 10 10
split_gain=7.8557 20.7793 33.6247 27.3554 60.0739 26.9616 23.5828 22.4153 18.1298 37.0836 23.4276 19.7409 18.926 23.616
threshold=10.478678626728863 10.149257610109702 0.67317724948019764 -0.049568288899152872 -0.29555970156219724 0.76682647282192284 -0.1031308072565169 1.270087653819904 -0.062188282304966973 -0.031946204480050693 1.1888481258043062 -0.012545512034119353 0.79577919861569757 1.4881175956643566
decision_type=2 2 2 2 2 2 2 2 2 2 2 2 2 2
left_child=1 -1 -3 4 -4 -6 -5 -8 9 10 11 -2 -10 -14
right_child=8 2 3 6 5 -7 7 -9 12 -11 -12 -13 13 -15
leaf_value=1.7107289916003809e-05 -0.023520365329296928 0.011594152108905105 -0.024918393851702532 -0.017204791190942065 0.029316329484679104 0.0036305462062580524 -0.008561932622215546 0.0080764712663666076 0.01629048288589123 0.013113392392276636 0.0099399963605596251 -0.0020553927688485712 -0.006182067779521563 0.014039363770397072
leaf_weight=24566.420667596161 48.975681230425835 104.93154788017273 53.17993076145649 222.90022000670433 49.037581592798233 134.19828459620476 368.13493354618549 89.050490245223045 45.298416450619698 311.16277696192265 105.68596056103706 160.22351157665253 407.53344069421291 57.618923842906952
leaf_count=101773 204 451 222 954 201 557 1581 402 189 1310 448 675 1702 249
internal_value=-4.88987e-05 -0.000157378 -0.00434574 -0.00619199 0.00258252 0.0107469 -0.00924087 -0.00530005 0.00238945 0.0058031 -0.00145795 -0.00725571 -0.00180356 -0.00362784
internal_weight=26724.4 25587.9 1021.43 916.501 236.416 183.236 680.086 457.185 1136.5 626.048 314.885 209.199 510.451 465.152
internal_count=110918 106141 4368 3917 980 758 2937 1983 4777 2637 1327 879 2140 1951
is_linear=0
shrinkage=0.03


Tree=285
num_leaves=15
num_cat=0
split_feature=13 15 7 10 15 11 15 15 7 2 3 6 7 13
split_gain=8.02985 11.2507 12.609 12.9558 10.1622 9.25413 21.9483 19.4861 15.7765 18.191 13.3774 13.5889 13.3361 12.4471
threshold=0.0031523550330482268 0.0054175995433696231 0.99021078036710086 1.0899190094808777 -0.013315498563776893 32.82044709332574 -0.0082538746597311512 -0.0092471636342295032 1.4410655183939329 -0.080410766669873887 -0.029349712753341525 0.037980137635826451 0.77564962857193098 0.045363309377005841
decision_type=2 2 2 2 2 2 2 2 2 2 2 2 2 2
left_child=1 2 4 -4 -1 6 7 10 12 -10 11 -2 13 -8
right_child=5 -3 3 -5 -6 -7 8 -9 9 -11 -12 -13 -14 -15
leaf_value=0.00035454953504073471 0.0030391693753064942 0.0043252299416466494 0.0089061333178529229 -0.010076523833235186 -0.015376597513310887 -0.00012124821614143124 -0.0030841136685892828 -0.014378987881831085 0.0026861156637569389 -0.016561205258413415 -0.0065744025946166615 -0.012570534473055495 0.0070091640358745629 0.0055949870472464525
leaf_weight=48.848522260785103 609.26445652544498 107.17372368276119 71.464757934212685 55.837126314640045 148.70472668111324 23641.452838167548 296.00158203393221 97.995683953166008 118.90121603012085 67.913604572415352 232.40769773721695 52.712443619966507 937.67314817011356 295.03355310857296
leaf_count=202 2489 444 297 231 613 98177 1222 403 512 278 960 227 3883 1211
internal_value=2.41806e-06 -0.00404491 -0.00681589 0.00055289 -0.0115222 6.90807e-05 0.00172962 -0.00181918 0.00378222 -0.00441225 -0.000414018 0.00176207 0.00478808 0.00125259
internal_weight=26781.4 432.029 324.855 127.302 197.553 26349.4 2707.9 992.38 1715.52 186.815 894.385 661.977 1528.71 591.035
internal_count=111149 1787 1343 528 815 109362 11185 4079 7106 790 3676 2716 6316 2433
is_linear=0
shrinkage=0.03


Tree=286
num_leaves=15
num_cat=0
split_feature=3 18 18 3 12 13 12 18 18 12 3 2 15 12
split_gain=9.11577 18.2046 26.209 17.5747 11.2923 11.2771 26.6478 15.9049 29.4744 22.2877 16.2764 17.8776 23.3262 38.4792
threshold=-0.30458910198585482 9.4989358639893755 9.1284784683818945 -0.33459809896203513 -0.4139603543366917 0.042508138419049775 -0.016832041865961374 8.5515386892438254 8.6909928883995846 -0.24438517282180003 -0.0085229324059419281 -0.040986197779050652 -0.012545512034119353 -0.10950732969724662
decision_type=2 2 2 2 2 2 2 2 2 2 2 2 2 2
left_child=1 2 4 -3 -1 6 7 9 -9 -2 11 -10 13 -13
right_child=5 3 -4 -5 -6 -7 -8 8 10 -11 -12 12 -14 -15
leaf_value=0.017792026683147718 0.00010373609269089786 0.023112039177183054 -0.014025889003216181 -0.00013433688469436327 -0.0020892480400519151 0.00024597970492556129 -0.022782379563377111 -0.020252358062304691 0.00065199336901877985 0.024446122521154252 0.0027799834673797774 -0.0064342259203272797 -0.0041166492955625788 0.01125867877630584
leaf_weight=55.711791254580021 96.417275384068489 72.954012766480446 76.494283765554428 47.985230907797813 45.686543151736259 20347.088303253055 49.175311341881752 70.831970319151878 1833.5223870873451 50.181812539696693 851.85106678307056 199.57563288509846 2708.0418463349342 243.54122303426266
leaf_count=251 409 334 346 207 197 84588 200 301 7555 206 3465 827 11128 1004
internal_value=-3.42458e-05 0.00515854 -0.000965973 0.0140364 0.00896708 -9.32989e-05 -0.00122412 -0.00104154 -0.00128497 0.00865316 -0.00104793 -0.00170295 -0.00307273 0.00329686
internal_weight=26749.1 298.832 177.893 120.939 101.398 26450.2 6103.14 6053.96 5907.36 146.599 5836.53 4984.68 3151.16 443.117
internal_count=111018 1335 794 541 448 109683 25095 24895 24280 615 23979 20514 12959 1831
is_linear=0
shrinkage=0.03


Tree=287
num_leaves=15
num_cat=0
split_feature=3 15 15 10 10 6 7 15 5 14 3 10 5 6
split_gain=9.96318 23.8195 40.1041 34.7758 34.2394 33.5385 32.7277 27.8175 24.639 24.5949 23.5031 23.5394 23.0998 23.0731
threshold=0.032499225287391027 -0.00011776364936544324 -0.0020785711424848858 1.5080831099360494 1.2237867642842406 0.026800626222244991 1.2628316353342999 -0.022167203451169733 0.031073410773191926 0.13582826938278239 0.10412975741638021 0.74933598295665449 0.017102980287152295 0.020665418299121295
decision_type=2 2 2 2 2 2 2 2 2 2 2 2 2 2
left_child=-1 2 3 5 -3 7 -7 -2 -4 10 11 -9 -12 -5
right_child=1 4 8 13 -6 6 -8 9 -10 -11 12 -13 -14 -15
leaf_value=-0.00042023743915563992 -0.01253690409198845 0.0034793962014882719 -0.0015111177593359819 -0.00047780809452490052 -0.0020856086225405288 -0.014467132220281214 0.011575434329106411 0.0077808088616348548 -0.014880669644748568 -0.019183749213848508 0.019296932269977991 -0.0018077146854002324 0.0037506048380467993 0.014216639986949959
leaf_weight=17436.068923905492 145.06987588107586 4017.3507941439748 225.52968792617321 157.9266799390316 1320.9112831652164 261.19519450515509 50.451015964150429 267.2148775011301 275.10067567974329 51.8687614351511 99.796019554138184 1597.5258225798607 566.18291528522968 243.4300646930933
leaf_count=72134 624 16526 925 656 5741 1193 213 1084 1198 253 404 6533 2378 1036
internal_value=2.3984e-06 0.000796441 -0.00097219 0.000184055 0.00210211 -0.000913798 -0.0102043 0.000154378 -0.00888778 0.000876425 0.0013024 -0.000426828 0.006131 0.00846094
internal_weight=26715.6 9279.55 3941.29 3440.66 5338.26 3039.3 311.646 2727.66 500.63 2582.59 2530.72 1864.74 665.979 401.357
internal_count=110898 38764 16497 14374 22267 12682 1406 11276 2123 10652 10399 7617 2782 1692
is_linear=0
shrinkage=0.03


Tree=288
num_leaves=15
num_cat=0
split_feature=12 13 11 7 18 13 13 15 11 6 6 2 13 18
split_gain=8.55824 16.3438 18.7802 10.9472 19.065 18.3385 10.8133 9.19009 22.4264 16.3657 16.6676 10.3209 8.24918 13.5225
threshold=-0.0041785772204272478 0.10400727419749024 65.341720121940241 1.1291085818626969 9.2726671080821337 0.14509677719498229 0.26327621850942756 0.039842445997570593 69.767551822621513 0.0076090558169540383 0.013317717750733564 0.13722874260652843 0.0031523550330482268 9.3236320402131607
decision_type=2 2 2 2 2 2 2 2 2 2 2 2 2 2
left_child=7 -2 -3 5 -5 -4 -6 12 9 -9 -11 -10 13 -1
right_child=1 2 3 4 6 -7 -8 8 11 10 -12 -13 -14 -15
leaf_value=-0.0097456789489009429 -0.015040455917703602 0.015519949156229725 0.0054207522036495313 0.01800743786565976 -0.0095708052602516119 -0.0092444159654690317 0.0077378262129528435 -0.0071665021107427309 -0.01432782523793413 0.018824414910404316 0.0039177387000610192 0.0033247931482136527 2.7024988649367662e-05 0.00087694755462853753
leaf_weight=202.76693886518478 90.377208516001701 51.330243676900864 99.468285754323006 52.142017140984535 83.779656201601028 318.12052626907825 50.442562982439995 49.696504935622215 67.112581729888916 133.10111260414124 137.5934571325779 51.311854794621468 25145.940223075449 227.24522972106934
leaf_count=839 370 209 405 213 344 1341 229 201 273 540 567 212 104390 941
internal_value=-6.05156e-05 -0.00322504 -0.00155464 -0.00305225 0.00297174 -0.00574203 -0.00304788 3.043e-05 0.00432522 0.00843574 0.0113317 -0.00675097 -4.35897e-05 -0.00415395
internal_weight=26760.4 745.661 655.283 603.953 186.364 417.589 134.222 26014.8 438.816 320.391 270.695 118.424 25576 430.012
internal_count=111074 3111 2741 2532 786 1746 573 107963 1793 1308 1107 485 106170 1780
is_linear=0
shrinkage=0.03


Tree=289
num_leaves=15
num_cat=0
split_feature=18 18 10 10 12 13 7 10 7 13 7 12 7 13
split_gain=7.95255 24.4418 37.1011 20.1254 24.8277 28.1038 30.2814 27.7585 20.4305 22.7406 48.0429 20.0578 18.8612 18.5584
threshold=10.478678626728863 10.149257610109702 0.67317724948019764 1.4534891260780178 -0.062188282304966973 0.22235208531677655 0.91716296655960017 0.79823557535302081 1.0843310087445066 0.076635830693294396 0.73411272821328699 -0.14890840926192753 0.53451134359691277 0.07477167387698859
decision_type=2 2 2 2 2 2 2 2 2 2 2 2 2 2
left_child=1 -1 12 4 5 8 -7 -6 9 11 -11 -2 -3 -4
right_child=3 2 13 -5 7 6 -8 -9 -10 10 -12 -13 -14 -15
leaf_value=7.689593370441202e-06 0.0033951189784958606 0.023761943873923008 -0.0010987213097753013 0.013682448845625819 0.016844153836441174 0.026751511230572383 -0.0022329108645000517 -0.006870584417226564 0.010538603941716565 0.028961055882579544 -0.0074264933316690882 -0.019355999932223512 -0.00088649737819045376 -0.0099424067029933484
leaf_weight=24565.96601716429 53.178190186619759 54.785931766033173 338.67515756189823 124.01748714596033 47.982988759875298 91.03770274668932 49.362945795059204 402.60852071642876 141.88911555707455 48.316403463482857 91.394193157553673 96.492589056491852 54.731230273842812 578.60873620212078
leaf_count=101791 217 235 1378 531 200 397 216 1685 598 198 386 395 237 2545
internal_value=-7.24577e-05 -0.000182029 -0.00471219 0.00236997 0.000973543 0.00511641 0.0166727 -0.00428195 0.00129464 -0.00327907 0.00538862 -0.0113343 0.0116489 -0.00668668
internal_weight=26739 25592.8 1026.8 1146.28 1022.26 571.671 140.401 450.592 431.27 289.381 139.711 149.671 109.517 917.284
internal_count=111009 106186 4395 4823 4292 2407 613 1885 1794 1196 584 612 472 3923
is_linear=0
shrinkage=0.03


Tree=290
num_leaves=15
num_cat=0
split_feature=7 3 11 3 18 3 15 7 6 6 10 7 7 6
split_gain=7.24742 27.2428 24.7348 21.1108 20.9135 17.3399 9.51327 7.95576 18.9157 28.3754 25.8142 27.0545 24.1231 23.2815
threshold=0.40161055153109854 -0.15025275403655811 43.314057224957587 0.11991192938316965 9.6130600525133421 0.023029228996012122 0.00069594823611529588 0.69350245518616782 0.018296023157724692 0.01361294852363951 0.6112026111893839 0.50205987896191295 0.50955901251506408 0.0055908446970372632
decision_type=2 2 2 2 2 2 2 2 2 2 2 2 2 2
left_child=1 -1 -3 4 5 6 -4 8 9 12 -10 -12 -2 -14
right_child=7 2 3 -5 -6 -7 -8 -9 10 -11 11 -13 13 -15
leaf_value=-0.01809563987363837 -0.0059127332718453551 0.016379495645338409 0.0099647314850728388 0.018411493775477877 0.0095495350469913375 -0.017426947196596512 -0.0075418213110102807 0.00022386509129345962 -0.012533639979416046 0.0043418375233720396 0.010235655304600015 -0.0040220083652652023 0.008860060391511243 -0.00088960392044837527
leaf_weight=45.891799867153168 813.74032501876354 135.71932604908943 49.588200867176056 52.641314178705215 94.339493989944458 85.854360342025757 58.941129058599472 20260.416961811483 266.52898640185595 995.72339548170567 137.07972776889801 863.33329853415489 239.2553595751524 2551.9048514515162
leaf_count=193 3330 569 202 225 398 350 243 84111 1260 4107 578 3686 972 10420
internal_value=1.22484e-05 0.00350224 0.00564665 0.00130895 -0.00191447 -0.00751884 0.000492679 -5.78696e-05 -0.00103043 -0.00013595 -0.00427321 -0.00205185 -0.0013745 -4.81271e-05
internal_weight=26651 522.976 477.084 341.364 288.723 194.384 108.529 26128 5867.57 4600.62 1266.94 1000.41 3604.9 2791.16
internal_count=110644 2180 1987 1418 1193 795 445 108464 24353 18829 5524 4264 14722 11392
is_linear=0
shrinkage=0.03


Tree=291
num_leaves=15
num_cat=0
split_feature=14 15 12 15 18 6 12 10 13 1 15 15 11 3
split_gain=8.46207 30.5437 29.558 28.71 35.1918 28.6112 30.7615 30.3117 30.7962 26.7149 26.0177 37.2208 31.2437 34.366
threshold=1.0000000180025095e-35 0.011542245002382769 -0.2844757556504332 0.017368210866132831 8.7522679420903327 0.0067683881486944623 -0.1031308072565169 1.0505955144559163 0.10400727419749024 -0.02793192721715609 -0.012545512034119353 -0.012213151955966948 45.150246615775117 -0.0031873634117376422
decision_type=2 2 2 2 2 2 2 2 2 2 2 2 2 2
left_child=3 10 -3 -1 -5 -6 7 9 -9 -7 12 -12 -2 -14
right_child=1 2 -4 4 5 6 -8 8 -10 -11 11 -13 13 -15
leaf_value=0.0010326686826726914 -0.0060507701083531325 0.016811674874802913 0.0018823619162117147 0.020853666924095592 -0.014883556598752831 0.0062248959353857301 0.0012156132591340314 0.0077606032916682516 -0.019351049608912672 -0.018685536798951848 -0.02597604590106075 -0.0017009175907067059 0.010759980174818332 0.0010095809987403974
leaf_weight=12510.2554699108 357.71862874925137 124.93519470840693 2015.8748513460159 50.030235141515732 195.21078084409237 45.164927437901497 751.40524958074093 142.72174222767353 48.996496915817261 238.75994029641151 55.234189391136169 8656.9321143403649 448.95673288404942 1169.6145085990429
leaf_count=51467 1494 551 8306 212 805 212 3064 588 219 1029 231 36407 1870 4872
internal_value=5.57144e-05 -0.000500647 0.0027685 0.000566186 -0.00339361 -0.00427464 -0.00256539 -0.00851858 0.000703559 -0.0147071 -0.00115583 -0.00186075 0.00195045 0.00372407
internal_weight=26811.8 12829.3 2140.81 13982.5 1472.29 1422.26 1227.05 475.643 191.718 283.925 10688.5 8712.17 1976.29 1618.57
internal_count=111327 53731 8857 57596 6129 5917 5112 2048 807 1241 44874 36638 8236 6742
is_linear=0
shrinkage=0.03


Tree=292
num_leaves=15
num_cat=0
split_feature=7 6 14 15 15 15 15 16 15 15 11 15 15 16
split_gain=9.2949 26.0788 24.1164 31.513 34.4924 40.4028 30.9115 29.7888 22.2141 28.3688 17.3527 18.455 25.5734 26.0485
threshold=0.76978918465481483 0.0082482973551466793 -0.046593135572396964 0.018494200671836939 0.0030832101336715216 -0.0092471636342295032 0.0081577310189686631 -0.70105738464997769 -0.0081709667943581348 -0.0065165271799680893 65.584420335150909 -0.0013613064800135353 0.001023618946399907 -0.9576621969425485
decision_type=2 2 2 2 2 2 2 2 2 2 2 2 2 2
left_child=1 2 -1 4 5 -4 -6 -8 -7 -10 11 -11 -13 -14
right_child=-2 -3 3 -5 6 8 7 -9 9 10 -12 12 13 -15
leaf_value=0.017971978129385984 0.00029238290925770135 -0.0019347995026638373 0.0072951303421365495 -0.012723328735179678 0.01099694404696426 -0.01813038986207036 -0.0047118634590144265 0.015792644140225021 0.013827345731761103 -0.0079134978693320823 -0.015268473488817075 0.0072414144109793728 0.0055167783378590636 -0.014116099380560245
leaf_weight=76.521439611911774 17705.204282671213 6366.5296270400286 403.79265931248665 138.5487939119339 547.70952935516834 86.836010560393333 289.42594362795353 79.62861967086792 85.923178628087044 344.96379989385605 106.77318012714386 276.79291906952858 102.54787208139896 144.48079630732536
leaf_count=315 73485 26626 1664 573 2224 357 1171 323 353 1421 437 1124 415 586
internal_value=-0.000107397 -0.000889368 0.00159007 0.0010959 0.00188108 -0.000844978 0.00648817 -0.000226456 -0.00371506 -0.00250392 -0.00396765 -0.00254691 0.00100392 -0.00598714
internal_weight=26755.7 9050.47 2683.94 2607.42 2468.87 1552.11 916.764 369.055 1148.32 1061.48 975.559 868.785 523.822 247.029
internal_count=111074 37589 10963 10648 10075 6357 3718 1494 4693 4336 3983 3546 2125 1001
is_linear=0
shrinkage=0.03


Tree=293
num_leaves=15
num_cat=0
split_feature=14 12 18 18 7 10 5 10 5 6 15 7 11 2
split_gain=8.68645 15.7574 11.5557 26.7406 22.6486 29.6336 32.3818 25.4164 44.461 22.1971 19.3178 66.9234 27.8387 27.3227
threshold=0.15271304858984761 -0.065630794547730006 9.7046483464202442 9.6130600525133421 0.73121459854297843 0.87338798879540558 0.04086101791601094 0.66125054066101752 -0.0068904183818310196 0.016661304550954627 -0.012545512034119353 1.1056779852884391 53.786749607530858 -0.065284505417168667
decision_type=2 2 2 2 2 2 2 2 2 2 2 2 2 2
left_child=2 -2 3 -1 7 9 -7 -5 -9 -6 11 -4 -13 -12
right_child=1 -3 10 4 5 6 -8 8 -10 -11 13 12 -14 -15
leaf_value=0.00028502485145797524 -0.010188235772510294 0.00037053855758338523 -0.0081985082846384155 -0.01145678153368767 -0.023019778769860281 -0.00056003382493526759 -0.015419012073191284 0.018516147660277732 -0.003586275351264915 -0.0051425310772768183 0.0076166146529248078 0.0030215930270000874 0.021907037311600264 0.0013215836559003365
leaf_weight=18678.667738549411 198.87084325402975 346.48513030260801 638.85683212429285 95.35031633079052 139.27871386706829 691.74110098183155 161.17309564352036 142.20158858597279 188.40244823694229 114.71698403358459 724.57452396303415 283.99077381193638 91.707875028252602 4262.0284754782915
leaf_count=76969 971 1628 2694 410 566 2834 692 586 789 493 3065 1186 382 17847
internal_value=0.000237455 -0.00350301 0.000315537 -2.77317e-05 -0.00383422 -0.00609329 -0.0033974 0.00203737 0.00597474 -0.0150488 0.00147127 -0.002299 0.00772311 0.00223897
internal_weight=26758 545.356 26212.7 20211.5 1532.86 1106.91 852.914 425.954 330.604 253.996 6001.16 1014.56 375.699 4986.6
internal_count=111112 2599 108513 83339 6370 4585 3526 1785 1375 1059 25174 4262 1568 20912
is_linear=0
shrinkage=0.03


Tree=294
num_leaves=15
num_cat=0
split_feature=14 4 18 7 18 3 13 7 3 14 5 13 5 18
split_gain=7.39613 23.058 24.4568 21.1287 21.2738 30.6363 28.9245 21.8407 24.9946 20.8648 23.828 29.0313 21.6358 19.2787
threshold=0.00042715559635020389 0.0010229637666721028 8.9709805020261033 1.4015721581983469 9.3756740072559275 0.17547917065703092 0.60461775276434671 0.46605871632387452 0.087799124194644543 0.17727037577423979 0.022765672841408516 0.15951674419837572 0.0069410598616957983 9.3342605792246278
decision_type=2 2 2 2 2 2 2 2 2 2 2 2 2 2
left_child=13 2 -2 4 7 6 -6 8 -3 10 11 12 -9 -1
right_child=1 3 -4 -5 5 -7 -8 9 -10 -11 -12 -13 -14 -15
leaf_value=-0.00084272458517052455 0.0044464190549562653 -0.014420601568134461 -0.0042243548221481747 0.0044624193533191027 -0.0013550255325695502 -0.0093386654987024486 0.019724692279690925 0.0047290341142735282 0.0098486027796148515 -0.012664707256869346 0.0035679685199417302 -0.010269999391631575 -0.0024520043868463755 0.0013905651525695749
leaf_weight=6345.8253590241075 333.91575077921152 154.61528451740742 2293.1536335796118 882.96165879070759 3985.8401106745005 443.16943036019802 57.462437599897385 660.78803926706314 48.940520331263542 90.311357453465462 2623.2360582649708 254.14843256771564 875.68084166944027 7695.2843818441033
leaf_count=26146 1394 635 9632 3740 16668 2136 262 2719 204 405 10772 1091 3562 31703
internal_value=-9.32536e-05 -0.000617681 -0.00311971 3.50754e-05 -0.000390981 -0.0018688 -0.00104584 0.00101758 -0.00854655 0.00145341 0.00174788 -0.000919535 0.000638472 0.000381262
internal_weight=26745.3 12704.2 2627.07 10077.2 9194.19 4486.47 4043.3 4707.72 203.556 4504.16 4413.85 1790.62 1536.47 14041.1
internal_count=111069 53220 11026 42194 38454 19066 16930 19388 839 18549 18144 7372 6281 57849
is_linear=0
shrinkage=0.03


Tree=295
num_leaves=15
num_cat=0
split_feature=14 15 13 15 18 3 13 3 15 12 11 10 1 10
split_gain=10.3459 15.0382 10.7122 39.8109 27.0268 21.6216 19.3715 24.812 19.4714 16.32 15.8945 15.7081 14.8951 14.0071
threshold=0.17727037577423979 0.026805159154343009 0.76874710607898333 0.010208930633791804 9.8075300018192859 0.32382639471813773 0.48256967638805809 0.27496832316823477 -0.014900545002141994 -0.084431890010020869 69.767551822621513 0.91157177544517654 0.036647479140667023 0.74074659414586375
decision_type=2 2 2 2 2 2 2 2 2 2 2 2 2 2
left_child=2 -2 6 4 5 9 7 -1 -8 -4 11 13 -12 -10
right_child=1 -3 3 -5 -6 -7 8 -9 10 -11 12 -13 -14 -15
leaf_value=0.0001675638333792183 -0.0076464392760545383 0.0086184761905421983 0.0098622527505857743 0.028802574604504347 -0.016605574080816067 0.020849027008306861 0.0076935900138900516 0.016081935149384701 -0.011574863451838249 -0.010982474220726164 -0.0073334589426858297 -0.012690311548096267 0.016449440322901361 0.0076329361244198346
leaf_weight=25258.726816006005 302.71139433979988 59.74780148267746 64.863507978618145 53.199701055884361 59.859398201107979 59.588471487164497 92.056996732950211 86.480274975299835 57.809425607323647 66.378883868455887 46.813249513506889 339.42448656260967 44.314515024423599 77.715865775942802
leaf_count=104319 1505 248 288 229 302 266 406 368 258 282 216 1552 199 346
internal_value=8.71352e-05 -0.00493275 0.000156668 0.005738 0.000654178 0.00618425 9.10055e-05 0.00022313 -0.00498245 -0.000687052 -0.00706369 -0.0092601 0.00433682 -0.000609487
internal_weight=26669.7 362.459 26307.2 303.89 250.69 190.831 26003.3 25345.2 658.135 131.242 566.078 474.95 91.1278 135.525
internal_count=110784 1753 109031 1367 1138 836 107664 104687 2977 570 2571 2156 415 604
is_linear=0
shrinkage=0.03


Tree=296
num_leaves=15
num_cat=0
split_feature=7 6 15 15 15 15 3 2 16 14 18 13 15 5
split_gain=8.71984 25.1143 26.8059 37.0498 29.4708 22.2303 24.6953 22.5508 26.1505 21.4329 18.2749 32.8611 31.3075 27.6503
threshold=0.76978918465481483 0.0080163488418744811 0.017949274393924689 0.0034516100052348624 -0.013162407084583714 0.0077361029719056349 -0.037471654153326643 -0.018810129919029969 -0.70105738464997769 0.00363455739611851 9.5560879416003672 0.097687029991545118 -0.0043074415532706736 0.034152802431362657
decision_type=2 2 2 2 2 2 2 2 2 2 2 2 2 2
left_child=1 2 3 4 9 6 -5 -7 -9 -1 11 12 -3 -13
right_child=-2 10 -4 5 -6 7 -8 8 -10 -11 -12 13 -14 -15
leaf_value=0.024891317204669278 0.00051225637798959405 0.0057410685057081197 -0.0093122125909934853 -0.0043854953381240406 -0.0016732485456327237 0.015799537560815754 0.014902306172747969 -0.0065718290817757437 0.015272482481370109 0.0036219514202723117 0.00070213843636412912 -0.0068178252832872032 -0.0025643312962065593 -0.00018509257114691214
leaf_weight=63.346030324697495 17702.205564849079 643.06187775731087 176.03129710257053 69.118457525968552 1307.1614058762789 83.013833075761795 404.31918454170227 223.25995856523514 61.171732217073441 125.16422809660435 2078.875428147614 1858.3074172288179 1111.8029563724995 812.97950139641762
leaf_count=257 73508 2637 727 281 5340 342 1645 901 248 526 8758 7784 4661 3369
internal_value=0.000125469 -0.000633767 0.00191265 0.00276555 -6.90545e-05 0.00779563 0.0120798 0.00224011 -0.00180001 0.0109555 -0.00161761 -0.00270698 0.000482214 -0.00480087
internal_weight=26719.8 9017.61 2512.59 2336.55 1495.67 840.883 473.438 367.446 284.432 188.51 6505.03 4426.15 1754.86 2671.29
internal_count=110984 37476 10267 9540 6123 3417 1926 1491 1149 783 27209 18451 7298 11153
is_linear=0
shrinkage=0.03


Tree=297
num_leaves=15
num_cat=0
split_feature=6 15 7 4 7 12 13 13 3 15 15 12 12 12
split_gain=7.97556 33.1498 36.9248 35.646 34.2672 29.327 22.5082 19.2216 36.8359 19.0091 24.3914 18.6099 14.2066 17.6157
threshold=0.031502745005371237 -0.025240476479265524 1.5987991810339925 -0.065234375056601387 0.58802742655361018 -0.27495246370191678 0.14115053901358801 0.16719482199976435 -0.11998139928823946 -0.0038657178536141141 -0.007197454722895901 -0.31327608886177638 -0.45225190586108133 -0.34002547564360963
decision_type=2 2 2 2 2 2 2 2 2 2 2 2 2 2
left_child=12 3 4 -2 -3 7 -7 8 9 10 -6 -4 -1 -14
right_child=1 2 11 -5 5 6 -8 -9 -10 -11 -12 -13 13 -15
leaf_value=0.013935028807096541 -0.005040598103147104 0.020254955610262818 0.024433489744320986 0.02781183182656825 -0.0019334566343859583 -0.023564466787064996 -0.0079259885365639774 -0.010988688138558489 0.020338535772047448 -0.0083319019172585392 0.022940819961159188 0.0030651031578262673 -0.0048896576272012861 0.00029715169346691692
leaf_weight=65.686937443912029 52.755432605743408 44.682546228170395 51.988941803574562 64.563380405306816 121.68295688927174 96.527703210711479 554.09466425329447 132.14895689487457 78.508715823292732 198.05090872943401 47.926580756902695 116.62105466425419 601.82668232917786 24510.630414068699
leaf_count=294 224 209 235 272 520 421 2581 623 332 908 224 503 2602 101117
internal_value=8.0464e-05 -0.002 -0.00325318 0.013202 -0.00500232 -0.00595206 -0.0103113 -0.00102922 0.00195651 -0.00205752 0.00528072 0.00986299 0.000209478 0.000172469
internal_weight=26737.7 1559.55 1442.23 117.319 1273.62 1228.94 650.622 578.318 446.169 367.66 169.61 168.61 25178.1 25112.5
internal_count=111065 7052 6556 496 5818 5609 3002 2607 1984 1652 744 738 104013 103719
is_linear=0
shrinkage=0.03


Tree=298
num_leaves=15
num_cat=0
split_feature=18 15 7 18 12 13 13 6 13 18 3 10 7 6
split_gain=8.10435 22.7747 57.0563 38.0484 32.2902 27.8883 26.8231 23.53 19.2715 17.6003 17.941 69.2666 25.2355 18.9743
threshold=9.7186622950488211 -0.01812390067702507 0.9327889891647243 10.171742217120237 -0.13724372387838099 0.066455418526787838 0.014655772774690991 0.014649749489825973 0.31299164784337069 9.6076374348704654 -0.016941800127999947 0.6922981359367798 0.63412440066035225 0.016932882038068631
decision_type=2 2 2 2 2 2 2 2 2 2 2 2 2 2
left_child=9 2 8 4 -4 -5 7 -3 -2 -1 11 -11 -13 -12
right_child=1 6 3 5 -6 -7 -8 -9 -10 10 13 12 -14 -15
leaf_value=-7.3664289147319736e-06 -0.026878617244748586 0.015810746631572989 -0.0040350705269508154 -0.026827615978225774 0.021848460818432235 0.0044900524090856382 0.00097327713674253552 -0.0015808691065356188 -0.0038498604100108903 -0.021567819301784426 -0.0078101314744216535 0.018264199314922722 0.0017229332961939611 0.00088640805052986121
leaf_weight=18835.77159152925 108.70730742812157 207.28135822713375 74.042673960328102 52.024217396974564 100.92886111140251 47.683882877230644 5242.9432711303234 104.7029440253973 47.481984212994576 107.78711092472076 822.75394667685032 95.410474941134453 565.21850361675024 310.39435939490795
leaf_count=77740 465 849 318 218 422 202 22218 449 211 477 3379 392 2337 1349
internal_value=-4.49694e-06 0.000967731 -0.00566087 0.0025869 0.0109735 -0.0120566 0.00148373 0.0100012 -0.020015 -0.000285195 -0.0030343 0.000504319 0.0041598 -0.00543059
internal_weight=26723.1 5985.8 430.869 274.68 174.972 99.7081 5554.93 311.984 156.189 20737.3 1901.56 768.416 660.629 1133.15
internal_count=111026 25352 1836 1160 740 420 23516 1298 676 85674 7934 3206 2729 4728
is_linear=0
shrinkage=0.03


Tree=299
num_leaves=15
num_cat=0
split_feature=1 5 15 15 7 6 10 2 15 13 10 13 5 18
split_gain=11.1574 9.7153 13.8649 11.2721 9.09858 15.0922 31.1117 31.2985 18.4176 18.9067 23.0744 21.4003 16.9593 26.0001
threshold=-0.11449036021082891 -0.16157594545451018 -0.00036133414801176039 -0.012736402640715737 0.65538679673876088 0.022334391188659857 0.66545000069698357 -0.039287429258084032 -0.022167203451169733 0.36191031862993533 1.140630172702455 0.025788582022290955 -0.047462555791841658 8.9629056351008796
decision_type=2 2 2 2 2 2 2 2 2 2 2 2 2 2
left_child=-1 2 3 -2 5 8 -7 -8 -3 11 -11 -10 13 -13
right_child=1 4 -4 -5 -6 6 7 -9 9 10 -12 12 -14 -15
leaf_value=-0.010315621979088946 0.0025456747630507601 -0.015642695763878924 -0.0057780004561035474 0.021494036425584215 0.00029227324496919289 -0.01644799211840979 0.0099831061221968866 -0.0079027167820919664 0.0041897761215217164 0.0098693597698528233 -0.009195388241477441 -0.0096655220122260355 -0.002328608885256466 0.011979277959105994
leaf_weight=91.584119319915771 51.916510999202728 69.746624961495399 49.451045304536819 61.621837727725506 21193.747423879802 168.69321008771658 142.33445516228676 223.85357026010752 633.73600620031357 294.78794637322426 69.082934021949768 68.035693615674973 3378.1935371905565 173.91529908776283
leaf_count=419 224 323 215 301 87922 816 605 980 2597 1253 304 288 13845 717
internal_value=2.48018e-05 6.12055e-05 0.00731841 0.0130238 1.58773e-05 -0.00110549 -0.00587003 -0.000934171 -0.000559546 -0.000325056 0.00621933 -0.000887513 -0.00177816 0.0058635
internal_weight=26670.7 26579.1 162.989 113.538 26416.1 5222.38 534.881 366.188 4687.5 4617.75 363.871 4253.88 3620.14 241.951
internal_count=110809 110390 740 525 109650 21728 2401 1585 19327 19004 1557 17447 14850 1005
is_linear=0
shrinkage=0.03


end of trees

feature_importances:
btc_ret_24b=916
liquidity=480
atr_pct=395
volume_surge=379
vol_ratio=377
dist_low_168b=300
ret_72b=296
dist_high_168b=232
rel_strength_24b=197
ret_24b=179
ema72_dist=134
ret_4b=120
rsi_14=94
ema24_dist=78
hour_sin=14
hour_cos=6
ret_1b=3

parameters:
[boosting: gbdt]
[objective: binary]
[metric: binary_logloss]
[tree_learner: serial]
[device_type: cpu]
[data_sample_strategy: bagging]
[data: ]
[valid: ]
[num_iterations: 300]
[learning_rate: 0.03]
[num_leaves: 15]
[num_threads: 2]
[seed: 7]
[deterministic: 1]
[force_col_wise: 0]
[force_row_wise: 1]
[histogram_pool_size: -1]
[max_depth: -1]
[min_data_in_leaf: 200]
[min_sum_hessian_in_leaf: 0.001]
[bagging_fraction: 0.8]
[pos_bagging_fraction: 1]
[neg_bagging_fraction: 1]
[bagging_freq: 1]
[bagging_seed: 17422]
[bagging_by_query: 0]
[feature_fraction: 0.8]
[feature_fraction_bynode: 1]
[feature_fraction_seed: 7040]
[extra_trees: 0]
[extra_seed: 6516]
[early_stopping_round: 0]
[early_stopping_min_delta: 0]
[first_metric_only: 0]
[max_delta_step: 0]
[lambda_l1: 0]
[lambda_l2: 2]
[linear_lambda: 0]
[min_gain_to_split: 0]
[drop_rate: 0.1]
[max_drop: 50]
[skip_drop: 0.5]
[xgboost_dart_mode: 0]
[uniform_drop: 0]
[drop_seed: 15215]
[top_rate: 0.2]
[other_rate: 0.1]
[min_data_per_group: 100]
[max_cat_threshold: 32]
[cat_l2: 10]
[cat_smooth: 10]
[max_cat_to_onehot: 4]
[top_k: 20]
[monotone_constraints: ]
[monotone_constraints_method: basic]
[monotone_penalty: 0]
[feature_contri: ]
[forcedsplits_filename: ]
[refit_decay_rate: 0.9]
[cegb_tradeoff: 1]
[cegb_penalty_split: 0]
[cegb_penalty_feature_lazy: ]
[cegb_penalty_feature_coupled: ]
[path_smooth: 0]
[interaction_constraints: ]
[verbosity: -1]
[saved_feature_importance_type: 0]
[use_quantized_grad: 0]
[num_grad_quant_bins: 4]
[quant_train_renew_leaf: 0]
[stochastic_rounding: 1]
[linear_tree: 0]
[max_bin: 255]
[max_bin_by_feature: ]
[min_data_in_bin: 3]
[bin_construct_sample_cnt: 200000]
[data_random_seed: 61]
[is_enable_sparse: 1]
[enable_bundle: 1]
[use_missing: 1]
[zero_as_missing: 0]
[feature_pre_filter: 1]
[pre_partition: 0]
[two_round: 0]
[header: 0]
[label_column: ]
[weight_column: ]
[group_column: ]
[ignore_column: ]
[categorical_feature: ]
[forcedbins_filename: ]
[precise_float_parser: 0]
[parser_config_file: ]
[objective_seed: 15521]
[num_class: 1]
[is_unbalance: 0]
[scale_pos_weight: 1]
[sigmoid: 1]
[boost_from_average: 1]
[reg_sqrt: 0]
[alpha: 0.9]
[fair_c: 1]
[poisson_max_delta_step: 0.7]
[tweedie_variance_power: 1.5]
[lambdarank_truncation_level: 30]
[lambdarank_norm: 1]
[label_gain: ]
[lambdarank_position_bias_regularization: 0]
[eval_at: ]
[multi_error_top_k: 1]
[auc_mu_weights: ]
[num_machines: 1]
[local_listen_port: 12400]
[time_out: 120]
[machine_list_filename: ]
[machines: ]
[gpu_platform_id: -1]
[gpu_device_id: -1]
[gpu_device_id_list: ]
[gpu_use_dp: 0]
[num_gpu: 1]

end of parameters

pandas_categorical:[]
