tree
version=v4
num_class=1
num_tree_per_iteration=1
label_index=0
max_feature_idx=18
objective=binary sigmoid:1
feature_names=ret_1b ret_4b ret_24b ret_72b ema24_dist ema72_dist atr_pct vol_ratio buy_pressure_6b buy_pressure_24b volume_surge rsi_14 dist_high_168b dist_low_168b rel_strength_24b btc_ret_24b hour_sin hour_cos liquidity
feature_infos=[-0.52382573745638616:0.40984358351198935] [-0.88788314050228179:0.60315025083744267] [-0.74667829502490823:0.8863348803305896] [-1.0175710786649836:1.3454537880448614] [-0.39526747165569476:0.85208046799312953] [-0.33126510619064065:1.429850076786745] [0.0012219659317159648:0.2968067377961669] [0.11747404701015621:2.6024404064597833] [-0.44136479679167839:0.45627333821847071] [-0.33242466523399167:0.39232958606590262] [0.044219376087786144:6.7721839082233046] [6.7931332728296923:96.429565486743741] [-0.73158648023780692:0] [0:5.0015220700152208] [-0.74034620601130952:0.89445749174613554] [-0.042282617956956869:0.046098975000360198] [-1:1] [-1:1] [4.5828422826095894:9.4580268465454527]
tree_sizes=1744 1779 1765 1780 1792 1775 1786 1781 1793 1792 1804 1787 1768 1780 1790 1788 1770 1787 1801 1780 1775 1802 1782 1788 1781 1792 1796 1782 1794 1779 1778 1793 1793 1791 1770 1771 1780 1770 1782 1792 1787 1794 1799 1781 1777 1781 1782 1776 1776 1792 1789 1781 1789 1781 1779 1788 1803 1775 1772 1789 1780 1778 1781 1785 1772 1777 1791 1793 1774 1799 1779 1774 1792 1802 1793 1789 1769 1780 1778 1782 1780 1786 1784 1784 1773 1765 1797 1783 1774 1767 1784 1788 1774 1787 1797 1779 1785 1770 1755 1781 1769 1770 1792 1772 1794 1776 1795 1768 1788 1785 1793 1783 1788 1779 1782 1776 1786 1787 1781 1786 1771 1758 1785 1776 1793 1772 1769 1791 1785 1791 1776 1783 1780 1800 1798 1790 1776 1773 1775 1780 1766 1786 1782 1777 1774 1778 1791 1794 1756 1785 1770 1784 1769 1765 1789 1762 1785 1795 1784 1778 1790 1792 1793 1785 1796 1790 1770 1786 1788 1798 1781 1792 1765 1789 1792 1794 1794 1774 1775 1784 1780 1771 1773 1798 1787 1795 1773 1777 1801 1778 1786 1778 1790 1776 1780 1800 1770 1789 1769 1792 1782 1759 1786 1789 1773 1778 1782 1781 1779 1788 1785 1783 1776 1788 1788 1784 1754 1794 1793 1772 1770 1781 1792 1765 1768 1778 1774 1762 1781 1777 1774 1765 1778 1758 1780 1795 1776 1788 1793 1787 1766 1782 1776 1769 1775 1755 1774 1783 1778 1794 1792 1775 1770 1788 1772 1768 1782 1774 1770 1760 1776 1779 1787 1768 1770 1773 1764 1775 1795 1771 1782 1776 1783 1766 1778 1777 1780 1789 1784 1800 1789 1785 1784 1794 1799 1779 1773 1779 1786 1771 1798 1773 1772 1770 1795 1793 1781 1793 1776 1791

Tree=0
num_leaves=15
num_cat=0
split_feature=18 14 7 3 3 12 9 10 18 13 11 11 7 12
split_gain=363.388 157.485 102.159 156.849 69.912 65.9349 64.4272 64.0028 42.3818 41.6475 41.5052 42.284 37.3328 37.7057
threshold=6.2131409386837282 -0.036666289151582189 0.92406354853828832 0.055437993178359408 0.059547838379210967 -0.28868627450980383 0.074438493324358271 0.72636744825418387 6.7363328500245476 0.019820156731151454 64.35806133475252 46.543350293083776 1.5615483100944167 -0.025080990973044944
decision_type=2 2 2 2 2 2 2 2 2 2 2 2 2 2
left_child=6 2 7 8 5 -3 -1 -2 -4 -10 11 -6 13 -7
right_child=1 4 3 -5 10 12 -8 -9 9 -11 -12 -13 -14 -15
leaf_value=-0.44422988084047055 -0.44764303270784173 -0.48075853767324378 -0.42184256052022762 -0.46996136335403726 -0.45403178421804624 -0.45872178781590112 -0.46665044190845195 -0.46423167294857315 -0.46477852621485422 -0.43540971037024156 -0.45780671242941406 -0.46921846650294285 -0.43842367619887501 -0.44822984259940657
leaf_weight=2460.3162616491318 396.59538194537163 110.66673532128334 187.37350679934025 129.42783422768116 188.08595359325409 3988.2771523296833 119.45357911288738 438.86722505092621 49.871275573968887 288.30346927046776 567.10764795541763 1325.1510366797447 88.343402445316315 332.23768822848797
leaf_count=10360 1670 466 789 545 792 16794 503 1848 210 1214 2388 5580 372 1399
internal_value=-0.455076 -0.458202 -0.4494 -0.440549 -0.460191 -0.458094 -0.445276 -0.456358 -0.433277 -0.439771 -0.46474 -0.467332 -0.457514 -0.457912
internal_weight=10670.1 8090.31 1490.44 654.976 6599.87 4519.52 2579.77 835.463 525.548 338.175 2080.34 1513.24 4408.86 4320.51
internal_count=44930 34067 6276 2758 27791 19031 10863 3518 2213 1424 8760 6372 18565 18193
is_linear=0
shrinkage=1


Tree=1
num_leaves=15
num_cat=0
split_feature=18 2 6 6 6 3 15 7 5 7 5 6 6 18
split_gain=325.398 134.143 158.408 117.817 126.564 118.953 104.325 97.8249 79.7687 102.775 66.6222 56.0957 47.851 46.3789
threshold=6.251231540653241 -0.046845399552153076 0.014726493542037797 0.0094220761167633071 0.017502477418061081 0.05641965575211743 -0.0065652581458479622 0.50006809832474786 -0.0086034790392551224 0.90672514542844151 -0.03444305518765544 0.0057823244778716747 0.033229838014830808 6.8902901368877378
decision_type=2 2 2 2 2 2 2 2 2 2 2 2 2 2
left_child=10 2 -2 6 -5 7 11 -6 9 -4 -1 -3 -11 -9
right_child=1 3 8 4 5 -7 -8 13 -10 12 -12 -13 -14 -15
leaf_value=0.025176486752332188 -0.016449825294104724 0.0099402381640993232 0.0037294946693151808 -0.011245523463546453 -0.023645622051540492 -0.0078399479494643369 0.010693074747291866 0.011900648133318105 -0.0064817032404948004 0.026462721752951394 0.0076578805879091681 -0.02306827496188036 -0.0048215174404438559 0.00071119495121384831
leaf_weight=210.18751521408558 244.88420653343201 65.300203919410706 475.35287001729012 2592.6205124557018 104.43936082720757 1601.3781714886427 711.12064538896084 657.78521311283112 215.1391280144453 437.66178449988365 2550.1878867745399 149.99530954658985 48.270597651600838 674.44940614700317
leaf_count=883 1031 275 2002 10927 441 6757 2995 2771 907 1836 10717 632 203 2842
internal_value=0.000134668 -0.0029372 0.00541268 -0.00474822 -0.00637923 -0.00222176 0.00515735 0.0040427 0.00998377 0.0136746 0.00900909 -0.0130573 0.023348 0.0062455
internal_weight=10738.8 7978.4 1421.31 6557.09 5630.67 3038.05 926.416 1436.67 1176.42 961.285 2760.38 215.296 485.932 1332.23
internal_count=45219 33619 5979 27640 23738 12811 3902 6054 4948 4041 11600 907 2039 5613
is_linear=0
shrinkage=0.03


Tree=2
num_leaves=15
num_cat=0
split_feature=18 4 3 18 7 9 12 18 11 7 4 13 15 16
split_gain=302.04 195.933 88.3949 71.0394 65.4911 60.5049 49.6487 43.0943 41.168 36.7741 66.8775 56.1136 52.2788 46.2903
threshold=6.2131409386837282 -0.032531567094158269 0.047013283676839761 6.8527379554314525 0.92690583213180078 0.074438493324358271 -0.28868627450980383 7.040532386230602 32.450893854424287 0.99781622664791614 -0.011512449321949612 0.04363993804360778 -0.010115852788063149 -0.5
decision_type=2 2 2 2 2 2 2 2 2 2 2 2 2 2
left_child=5 3 6 4 -2 -1 -3 -4 -8 11 13 12 -10 -11
right_child=1 2 7 -5 -6 -7 8 -9 9 10 -12 -13 -14 -15
leaf_value=0.0099118733707367571 0.0098997871062483523 -0.018874817065376429 -0.0053129588207871219 0.0036091704307123027 0.037085612436868337 -0.011816028797272711 -0.015575765770545324 -0.013091867279329194 -0.009396759466598778 7.3798444389559006e-05 -0.00091432170924028613 -0.0045414948865875578 0.010460666426946758 0.021985054426513648
leaf_weight=2470.4081394225359 177.22658613324165 148.4064794331789 1440.046403080225 416.75640530884266 146.10641667246819 119.3582623898983 174.29356527328491 1160.0714675486088 157.83251161873341 135.50667071342468 912.13095286488533 2517.9149073809385 471.1447846442461 239.36471249163151
leaf_count=10357 746 628 6084 1753 611 503 736 4903 666 569 3841 10616 1984 1004
internal_value=-1.17355e-05 -0.00286433 -0.00434532 0.0118291 0.0223369 0.00890212 -0.00191248 -0.008791 -0.00135826 -0.000792608 0.00347614 -0.00253952 0.00546375 0.0141071
internal_weight=10686.6 8096.8 7356.71 740.089 323.333 2589.77 4756.59 2600.12 4608.19 4433.89 1287 3146.89 628.977 374.871
internal_count=45001 34141 31031 3110 1357 10860 20044 10987 19416 18680 5414 13266 2650 1573
is_linear=0
shrinkage=0.03


Tree=3
num_leaves=15
num_cat=0
split_feature=18 4 3 6 6 15 15 18 12 6 6 10 8 11
split_gain=293.751 185.201 80.3132 183.732 102.177 122.072 63.9105 62.4674 60.3875 52.0321 50.8421 58.3085 46.0145 42.0186
threshold=6.2131409386837282 -0.036022365720440645 0.053404515334724463 0.01736178779566969 0.0093264899633223337 -0.015628791860904375 -0.015628791860904375 6.8527379554314525 -0.10027317074210755 0.0089069841215754526 0.017905166096593993 1.4895335602139925 0.10452692410842009 65.558661889485492
decision_type=2 2 2 2 2 2 2 2 2 2 2 2 2 2
left_child=10 7 3 4 5 -3 -5 -2 -7 -4 12 -12 -1 -11
right_child=1 2 9 6 -6 8 -8 -9 -10 13 11 -13 -14 -15
leaf_value=0.0086619536545383437 0.024755774491578859 -0.022551653442767088 0.021915691981538605 0.01719843343547052 -0.0093104949802640165 -0.015989354540871935 0.0030069872470092126 0.0050285418811545027 0.010589624396057415 -0.011228607150406425 0.027982001353242355 -0.00743677788522174 -0.0065851776084844219 -0.0015105172921741003
leaf_weight=2130.1968245357275 248.01463343203068 143.38520236313343 47.66576087474823 355.68195095658302 2403.0298828184605 85.295168578624725 1423.6730787009001 345.34577782452106 657.57289600372314 1877.2167072743177 215.3853464871645 50.895568549633026 192.93900236487389 509.72110377252102
leaf_count=8915 1036 607 201 1493 10150 359 5994 1451 2764 7954 901 213 809 2156
internal_value=3.57349e-05 -0.00277737 -0.00405434 -0.00190179 -0.00610153 0.00260079 0.00585989 0.0133297 0.00750312 -0.00853052 0.00882714 0.0212073 0.00739109 -0.00915635
internal_weight=10686 8096.6 7503.24 5068.64 3289.28 886.253 1779.36 593.36 742.868 2434.6 2589.42 266.281 2323.14 2386.94
internal_count=45003 34165 31678 21367 13880 3730 7487 2487 3123 10311 10838 1114 9724 10110
is_linear=0
shrinkage=0.03


Tree=4
num_leaves=15
num_cat=0
split_feature=18 4 6 6 15 2 18 18 6 2 10 6 12 14
split_gain=247.709 187.524 72.5849 146.446 110.121 107.495 64.7601 62.5578 60.3978 57.3021 49.4791 51.9918 43.9677 47.4512
threshold=6.2601674140134955 -0.035118395816257579 0.0092282360040068529 0.016302285336656626 -0.015628791860904375 -0.011383552233488857 6.8527379554314525 6.8977620429063835 0.023272511361212934 0.0045225965211000982 1.4750506530710505 0.017905166096593993 -0.17142465324034153 -0.012309432159817722
decision_type=2 2 2 2 2 2 2 2 2 2 2 2 2 2
left_child=8 6 4 -4 -3 -5 -2 -7 10 -6 11 12 13 -1
right_child=1 2 3 5 9 7 -8 -9 -10 -11 -12 -13 -14 -15
leaf_value=0.0091687986682905346 0.023817844684900398 -0.020831504830242896 -0.011066977646502926 0.0054565103105357182 0.015362038518567848 -2.9105952122244589e-05 0.0045854963037822169 -0.0092451827822474519 0.039294103095650568 -0.0014422855281211906 -0.0068920335615859207 0.022452183078533423 0.0080659831765871604 -0.02146449570097789
leaf_weight=83.108991354703903 271.06403924524784 135.15147653222084 2420.248312741518 1277.3019221276045 438.8086641728878 1201.5351949185133 375.46436940133572 1476.6446037590504 51.275395825505257 311.27409309148788 211.19366340339184 208.81875225901604 2142.5860668420792 96.336036905646324
leaf_count=347 1127 575 10254 5377 1842 5078 1576 6257 214 1306 884 870 8960 403
internal_value=-4.75685e-05 -0.00276052 -0.00414004 -0.00525764 0.00390293 -0.00169927 0.0126975 -0.0051136 0.0076289 0.00840318 0.00700857 0.00817307 0.00687074 -0.00733217
internal_weight=10700.8 7907.49 7260.96 6375.73 885.234 3955.48 646.528 2678.18 2793.32 750.083 2742.04 2530.85 2322.03 179.445
internal_count=45070 33392 30689 26966 3723 16712 2703 11335 11678 3148 11464 10580 9710 750
is_linear=0
shrinkage=0.03


Tree=5
num_leaves=15
num_cat=0
split_feature=18 4 3 5 18 7 9 3 14 7 18 13 15 10
split_gain=231.363 179.67 85.1128 58.2983 54.4829 51.7963 49.2619 45.3807 41.4894 51.6056 40.4274 34.5892 34.2321 53.4802
threshold=6.2231967324372919 -0.028844665892651274 0.047013283676839761 -0.030842734398528689 6.8527379554314525 1.0710120612357208 0.074438493324358271 -0.076626618333157745 -0.036666289151582189 0.89547336441210101 7.040532386230602 0.2037038916025237 0.019177918442596645 1.0266211219816792
decision_type=2 2 2 2 2 2 2 2 2 2 2 2 2 2
left_child=3 4 7 -1 5 -2 -5 -3 9 11 -4 -9 -10 -14
right_child=1 2 10 6 -6 -7 -8 8 12 -11 -12 -13 13 -15
leaf_value=0.021302649013626426 0.0111381992650742 -0.0095631987486450923 -0.0052835173420581897 0.0071201125431478943 0.0033594475774908782 0.03503600063186868 -0.01236221367486986 -0.0089346780815362393 -0.0010329516207393738 0.01806615008263578 -0.012920292465952509 0.017561694157371105 -0.021771359799647495 0.013588722740912681
leaf_weight=250.16108703613281 284.67467977106571 593.48534749448299 1403.0157896131277 2259.1755326241255 514.21186758577824 114.36942851543427 121.38966166973114 170.96784996986389 3316.7493677288294 222.83748939633369 1128.5575206577778 57.651072934269905 160.83358225226402 48.908375799655914
leaf_count=1040 1187 2508 5950 9424 2159 473 512 723 14011 930 4803 243 680 206
internal_value=-0.000140119 -0.00267368 -0.00428467 0.00757624 0.00983806 0.0181281 0.00611713 -0.00183933 -0.000682754 0.00785987 -0.00869545 -0.0021587 -0.0017802 -0.0134755
internal_weight=10647 8016.26 7103.01 2630.73 913.256 399.044 2380.57 4571.43 3977.95 451.456 2531.57 228.619 3526.49 209.742
internal_count=44849 33873 30054 10976 3819 1660 9936 19301 16793 1896 10753 966 14897 886
is_linear=0
shrinkage=0.03


Tree=6
num_leaves=15
num_cat=0
split_feature=3 2 9 12 7 10 12 15 13 13 8 15 16 11
split_gain=123.837 83.9488 81.3293 74.1631 71.9422 100.437 78.7933 56.0566 63.4983 44.2722 47.6851 43.3512 43.0587 42.7383
threshold=0.053404515334724463 -0.04329500021574028 -0.025558351333482023 -0.28868627450980383 0.91232259555004169 0.99183457845505496 -0.098177652693551151 0.021865761350377436 0.12981970133802015 0.079078906445182021 0.058308131725080377 -0.0065652581458479622 -0.25881904510252113 35.452830869385629
decision_type=2 2 2 2 2 2 2 2 2 2 2 2 2 2
left_child=1 4 -2 -3 5 -1 9 11 -9 10 -6 -5 -13 -11
right_child=2 3 -4 7 6 -7 -8 8 -10 13 -12 12 -14 -15
leaf_value=0.006160816759429916 0.0084308544590252429 -0.021017541451573144 -0.0069255633557153409 -0.0031654189670621896 0.017864607854735461 -0.024036774360397178 -0.0014012381219206485 -0.023088542649895606 0.014500124770439986 0.047180454455723324 -0.0095408218275746231 -0.00019258042712479419 0.0057467889036420467 0.020187554645697593
leaf_weight=602.29801008105278 349.55784049630165 139.59456132352352 2665.1330476403236 1360.3113625794649 322.12919896841049 116.58205009996891 219.37866422533989 163.89800164103508 51.96943411231041 80.871723800897598 68.03847399353981 2071.0776374042034 2337.1824139803648 162.89479033648968
leaf_count=2526 1475 593 11306 5730 1340 492 918 691 219 334 284 8709 9832 676
internal_value=1.15236e-05 0.00203046 -0.00514056 0.000441969 0.00820954 0.00121052 0.0140893 0.000949394 -0.0139891 0.0194375 0.0130613 0.00151307 0.00295755 0.0294538
internal_weight=10710.9 7696.23 3014.69 6124.03 1572.19 718.88 853.313 5984.44 215.867 633.934 390.168 5768.57 4408.26 243.767
internal_count=45125 32344 12781 25774 6570 3018 3552 25181 910 2634 1624 24271 18541 1010
is_linear=0
shrinkage=0.03


Tree=7
num_leaves=15
num_cat=0
split_feature=3 6 7 9 11 15 6 6 15 3 10 7 10 7
split_gain=127.384 141.786 97.3131 86.0509 81.864 63.6586 112.269 90.0406 66.5877 56.257 53.6841 42.8706 40.3564 39.6371
threshold=0.05641965575211743 0.01736178779566969 0.98668590996610273 -0.025558351333482023 36.584581579310054 -0.010115852788063149 0.0097685520158686014 0.015072072260027776 0.021865761350377436 -0.032344517514200831 0.85833347964618456 0.72452321464439251 0.778790689526483 1.1808284145312278
decision_type=2 2 2 2 2 2 2 2 2 2 2 2 2 2
left_child=1 5 -3 -2 -4 7 -7 10 9 11 -1 -8 -6 -11
right_child=3 2 4 -5 12 6 8 -9 -10 13 -12 -13 -14 -15
leaf_value=-0.0023902906295060421 0.0089519855790251759 0.0027509513223005506 0.032370571683275381 -0.0072885745813629048 0.027239124995404713 0.0087830661192437372 -0.0030555862940910452 0.0065807662603209662 -0.021869996195133839 -0.002632128714466437 -0.01762315539357703 0.01143615144706097 0.0081695251705326266 -0.019791342217122015
leaf_weight=337.65097504854202 329.99036647379398 1387.4047060012817 194.24724048376083 2555.8082896023989 114.46621505916119 1184.8111119866371 300.05887055397034 327.26386298239231 144.37434032559395 1906.4549494385719 544.18564407527447 469.03571678698063 732.12728707492352 127.47772963345051
leaf_count=1423 1390 5829 801 10863 478 4959 1267 1370 612 8031 2301 1971 3062 537
internal_value=-4.65386e-05 0.00195261 0.00795999 -0.00542656 0.0148849 -0.000780397 0.000991886 -0.00682897 -0.00214388 -0.00111299 -0.0118092 0.005789 0.010806 -0.00372598
internal_weight=10655.4 7769.56 2428.25 2885.8 1040.84 5341.31 4132.21 1209.1 2947.4 2803.03 881.837 769.095 846.594 2033.93
internal_count=44894 32641 10170 12253 4341 22471 17377 5094 12418 11806 3724 3238 3540 8568
is_linear=0
shrinkage=0.03


Tree=8
num_leaves=15
num_cat=0
split_feature=4 3 5 9 6 6 9 6 15 6 3 15 13 7
split_gain=159.647 87.9347 56.2067 45.2194 42.1554 46.5011 40.36 36.0381 70.9061 77.2517 52.1152 52.0636 48.7846 45.8263
threshold=-0.028148134858948123 0.077277068870592283 -0.049164203561694257 0.0057673660591156537 0.012230770236458435 0.064902812133158669 -0.020272230492845763 0.017014963895758139 -0.010115852788063149 0.010020859180689025 -0.032344517514200831 -0.0060071440204030315 0.1037453314504886 0.58589391363037446
decision_type=2 2 2 2 2 2 2 2 2 2 2 2 2 2
left_child=4 2 -2 7 -1 -6 -3 8 -4 13 12 -9 -11 -10
right_child=1 6 3 -5 5 -7 -8 11 9 10 -12 -13 -14 -15
leaf_value=-0.013923049330271936 -0.017210238815492659 0.0037483840918299477 -0.0080010957479460139 -0.0020636202093185152 0.013704844314268482 -0.014231775476826579 -0.0084343208105675908 0.014889549618093498 0.0022754820951668589 0.015320417723274958 -0.0034674262437112899 0.0022719523898083425 -0.0090688312053800856 0.017188566568809731
leaf_weight=56.990669041872025 158.83549615740776 283.71745134890079 630.46045485138893 3061.1557808369398 997.10296855866909 55.091768056154251 1734.488556727767 467.25187467038631 313.68391154706478 288.53129257261753 1224.3811589479446 791.92623554170132 97.455562263727188 454.08570857346058
leaf_count=240 672 1198 2668 12898 4146 232 7397 1955 1311 1213 5162 3332 411 1898
internal_value=9.22309e-05 -0.00116528 0.000333208 0.000718008 0.0108521 0.0122179 -0.00671967 0.00271322 0.000928103 0.00330003 -0.000436173 0.00697024 0.00914751 0.0111173
internal_weight=10615.2 9505.97 7487.77 7328.93 1109.19 1052.19 2018.21 4267.78 3008.6 2378.14 1610.37 1259.18 385.987 767.77
internal_count=44733 40115 31520 30848 4618 4378 8595 17950 12663 9995 6786 5287 1624 3209
is_linear=0
shrinkage=0.03


Tree=9
num_leaves=15
num_cat=0
split_feature=4 3 6 15 6 3 15 6 9 6 15 11 6 6
split_gain=138.12 88.171 68.8756 71.5665 119.985 55.764 55.1569 64.1933 52.2647 51.8523 49.5737 43.0692 41.505 39.4936
threshold=-0.032531567094158269 0.073122264828962794 0.017502477418061081 -0.010115852788063149 0.010504519913685961 -0.032344517514200831 -0.015628791860904375 0.030024430435221482 -0.022485889987449572 0.01305235160901686 0.012932373174746383 64.630114004856594 0.064902812133158669 0.0060262938051628074
decision_type=2 2 2 2 2 2 2 2 2 2 2 2 2 2
left_child=12 2 3 9 10 -6 7 -4 -3 13 -5 -10 -1 -2
right_child=1 8 6 4 5 -7 -8 -9 11 -11 -12 -13 -14 -15
leaf_value=0.013296868255120406 0.0097941929137865622 0.0060197785869220708 0.019309270156442241 0.0096003967145624498 0.0040786266970967771 -0.0054852802159451562 0.0028051609648850249 -0.017142963565094017 -0.010867057871703945 -0.0015167737186731309 -0.005406748990153384 -0.00088946018999661752 -0.014517091402831174 -0.017445035358583362
leaf_weight=804.29286301136017 51.910184353590012 272.03101217746735 363.37211333215237 1292.4735922962427 731.89518365263939 2175.4754658192396 1730.6467486321926 47.787642866373062 1355.6696308255196 530.95163048803806 232.56294371187687 546.46389026939869 49.757375419139862 480.28885324299335
leaf_count=3331 221 1146 1513 5404 3079 9188 7277 201 5797 2238 974 2329 210 2043
internal_value=8.94453e-05 -0.000918695 0.000599064 -0.0011797 0.000498028 -0.00307653 0.00515994 0.0150101 -0.0062459 -0.00816214 0.00730777 -0.00800454 0.0116463 -0.0147614
internal_weight=10665.6 9811.53 7637.36 5495.56 4432.41 2907.37 2141.81 411.16 2174.16 1063.15 1525.04 1902.13 854.05 532.199
internal_count=44951 41410 32138 23147 18645 12267 8991 1714 9272 4502 6378 8126 3541 2264
is_linear=0
shrinkage=0.03


Tree=10
num_leaves=15
num_cat=0
split_feature=4 3 12 6 15 6 15 3 2 15 7 9 6 15
split_gain=128.53 91.9138 62.3977 75.2919 72.6421 69.1962 82.4026 71.239 52.3438 51.7879 47.7125 43.5814 40.8633 37.5075
threshold=-0.032531567094158269 0.073122264828962794 -0.28868627450980383 0.01736178779566969 -0.024548235649689328 0.010111160050840734 -0.0047732101713950916 -0.032344517514200831 -0.0065526806968799192 -0.012712747229504549 0.90965690894574103 -0.025558351333482023 0.064902812133158669 0.013435625794771868
decision_type=2 2 2 2 2 2 2 2 2 2 2 2 2 2
left_child=12 2 -2 4 -4 6 -6 10 -8 -5 -7 -3 -1 -10
right_child=1 11 3 9 5 7 8 -9 13 -11 -12 -13 -14 -15
leaf_value=0.01261338197153954 -0.016702173469474137 0.0057688512320481188 -0.01397876582410699 0.014756738955971854 -0.0086705526635854381 -0.00043496638987528571 0.019599501508432971 -0.0050126503415682125 0.0079327795670844983 0.0032177167048958798 0.013574867692157955 -0.0080232032324874577 -0.014777875770888025 -0.0078054624441297737
leaf_weight=807.13822114467621 184.85198867321014 229.17459711432457 360.59225146472454 446.16585238277912 306.19476211071014 606.82193879783154 297.42960220575333 2553.6744007021189 772.59584192931652 1607.3356997519732 340.02620945870876 1946.0521179586649 50.541251733899117 163.70028580725193
leaf_count=3335 786 963 1531 1854 1295 2562 1239 10798 3221 6748 1424 8329 214 686
internal_value=-0.000154468 -0.00112853 0.000421082 0.000850057 -0.00100932 -7.63074e-05 0.00521932 -0.00240757 0.00867507 0.00573673 0.00461417 -0.00656615 0.0109686 0.00517036
internal_weight=10672.3 9814.62 7639.39 7454.54 5401.04 5040.44 1539.92 3500.52 1233.73 2053.5 946.848 2175.23 857.679 936.296
internal_count=44985 41436 32144 31358 22756 21225 6441 14784 5146 8602 3986 9292 3549 3907
is_linear=0
shrinkage=0.03


Tree=11
num_leaves=15
num_cat=0
split_feature=18 4 3 6 7 6 15 12 13 18 6 5 2 15
split_gain=251.479 120.612 74.8199 132.414 79.5759 79.2378 100.617 61.8782 59.1907 55.5327 52.4814 49.9313 49.282 48.6702
threshold=6.251231540653241 -0.036022365720440645 0.057401233036928241 0.017502477418061081 0.50006809832474786 0.0094220761167633071 -0.01609481998683648 -0.11838474430402689 0.35595698820649962 6.7852162938715184 0.0093264899633223337 -0.03444305518765544 0.0069884854554980594 -0.01609481998683648
decision_type=2 2 2 2 2 2 2 2 2 2 2 2 2 2
left_child=8 9 3 5 -5 6 -3 -8 11 -2 -4 -1 -9 -6
right_child=1 2 10 4 13 -7 7 12 -10 -11 -12 -13 -14 -15
leaf_value=0.021200882377788215 0.021754103498483134 -0.021388688378985655 0.021874341512700089 -0.017740403146053782 0.016987189972957947 -0.0083061236007079698 -0.023344278953111225 0.014389388393874264 0.039642555090960985 0.0030571102207197615 -0.0090827458997093605 0.0059263106345254389 -0.0024947939664514977 0.0039815493762173646
leaf_weight=207.00887377560139 225.39694947004318 136.22373883426189 48.566190376877785 129.57269831001759 319.65967057645321 2360.0639126449823 56.176747679710388 473.38359339535236 49.357042193412781 387.23741553723812 2204.8438177108765 2524.7764689177275 230.49896416068077 1339.9161915332079
leaf_count=854 922 590 205 551 1323 10041 236 1971 206 1609 9458 10535 963 5617
internal_value=-5.24192e-05 -0.00278032 -0.00385417 -0.00182285 0.0047304 -0.00542412 0.00216627 0.00643303 0.00770408 0.00998441 -0.00839674 0.00709845 0.00886896 0.00650407
internal_weight=10692.7 7911.54 7298.91 5045.5 1789.15 3256.35 896.283 760.059 2781.14 612.634 2253.41 2731.79 703.883 1659.58
internal_count=45081 33486 30955 21292 7491 13801 3760 3170 11595 2531 9663 11389 2934 6940
is_linear=0
shrinkage=0.03


Tree=12
num_leaves=15
num_cat=0
split_feature=18 6 2 6 15 12 18 5 7 12 5 16 2 7
split_gain=228.155 107.418 146.331 127.303 107.843 67.2093 64.4611 56.7187 67.5064 97.5431 52.9497 51.725 40.9328 40.0501
threshold=6.2131409386837282 0.016499987507746016 -0.015684604636685969 0.0094220761167633071 -0.01609481998683648 -0.11838474430402689 6.8977620429063835 0.024871985951281265 0.92406354853828832 -0.23759120549006077 -0.019794467373268062 -0.5 -0.052795462701080924 0.35592414405841138
decision_type=2 2 2 2 2 2 2 2 2 2 2 2 2 2
left_child=13 3 7 4 -2 -6 -4 8 -3 -10 -11 -5 -13 -1
right_child=1 2 6 11 5 -7 -8 -9 9 10 -12 12 -14 -15
leaf_value=-0.0074228230342281059 -0.021072044749440036 0.0032444996459308922 0.0013287837628707733 -0.016221470392338837 -0.024143011702427299 0.0095467899425504162 -0.0078526426960339301 -0.0098772449672904061 -0.017977910003046823 0.025496778334557449 0.0079127937349642314 0.0059737740503875763 -0.0085539804559072591 0.008669424645780131
leaf_weight=146.10773830115795 140.63950651884079 815.30861429870129 1270.0177294462919 785.34705656766891 55.410315364599228 759.35232557356358 1498.9817724227905 152.15085153281689 68.477975830435753 431.97032321989536 242.78162376582623 194.03725785017014 1629.9108067601919 2445.246714040637
leaf_count=609 612 3413 5384 3353 234 3162 6413 651 285 1772 1014 817 6966 10172
internal_value=1.88773e-05 -0.00247515 0.000617499 -0.0063598 0.0030047 0.00720211 -0.00364361 0.00751092 0.00921891 0.0157464 0.019212 -0.00978831 -0.00700362 0.00775707
internal_weight=10635.7 8044.39 4479.69 3564.7 955.402 814.763 2769 1710.69 1558.54 743.23 674.752 2609.3 1823.95 2591.35
internal_count=44857 34076 18932 15144 4008 3396 11797 7135 6484 3071 2786 11136 7783 10781
is_linear=0
shrinkage=0.03


Tree=13
num_leaves=15
num_cat=0
split_feature=18 4 6 6 15 11 15 12 6 7 6 12 8 18
split_gain=207.687 107.102 61.3613 124.452 78.4098 75.1932 72.0345 56.805 55.8688 56.8471 44.6233 58.9274 44.2666 35.4348
threshold=6.3010607010745172 -0.035118395816257579 0.0092282360040068529 0.0153038395387377 -0.01609481998683648 47.860474347223921 -0.017457379556440774 -0.10027317074210755 0.018745820826834448 1.1293440491222202 0.01478485404764465 -0.13600441096659452 0.097696937403579279 6.5772162898112052
decision_type=2 2 2 2 2 2 2 2 2 2 2 2 2 2
left_child=8 10 4 -4 -3 6 -5 -6 12 -10 -2 13 -1 -12
right_child=1 2 3 5 7 -7 -8 -9 9 -11 11 -13 -14 -15
leaf_value=0.0066715613398275926 -0.018548012667379911 -0.017951627298065917 -0.011118564422864026 0.015799325881190495 -0.01696975133658422 -0.0046312235439268093 1.0268325574447982e-05 0.010187449644536911 0.029842423896538444 0.0017070941712881637 0.025668118836619336 0.025558906956037977 -0.0064100409050529706 0.0013232016578690387
leaf_weight=2501.6956270635128 46.411466717720032 125.80122041702271 1861.0156040936708 340.27643530070782 75.315957084298134 2861.2997533679008 1082.6398236453533 682.60022673010826 174.96069283783436 102.22053706645966 61.714655756950378 182.37501999735832 255.09719870984554 347.75818891823292
leaf_count=10418 193 551 7976 1416 318 12220 4563 2835 723 424 252 746 1068 1440
internal_value=0.000115799 -0.0025133 -0.00358241 -0.00464531 0.00380263 -0.00182952 0.00380294 0.00745121 0.00675711 0.0195531 0.00923489 0.0114687 0.0054573 0.00509933
internal_weight=10701.2 7667.21 7028.95 6145.23 883.717 4284.22 1422.92 757.916 3033.97 277.181 638.259 591.848 2756.79 409.473
internal_count=45143 32510 29879 26175 3704 18199 5979 3153 12633 1147 2631 2438 11486 1692
is_linear=0
shrinkage=0.03


Tree=14
num_leaves=15
num_cat=0
split_feature=18 4 3 6 7 6 9 6 12 18 4 18 10 3
split_gain=216.985 111.353 54.8589 116.596 76.0698 63.3483 49.3837 48.3024 50.0496 46.7348 45.1187 46.0702 38.9075 38.8046
threshold=6.191924643109858 -0.032531567094158269 0.045167992850425116 0.017502477418061081 0.50006809832474786 0.0095239482736763949 0.074438493324358271 0.0093264899633223337 -0.11838474430402689 7.3760858003615901 0.050120789584357957 6.9804493930170421 2.798478295575523 -0.003942972320840398
decision_type=2 2 2 2 2 2 2 2 2 2 2 2 2 2
left_child=6 9 3 7 -5 -4 -1 8 -3 -2 11 12 -7 -10
right_child=1 2 5 4 -6 10 -8 -9 13 -11 -12 -13 -14 -15
leaf_value=0.0087904450256412418 0.012650949178897119 -0.023235404860797861 0.018097613674062867 -0.017284913882868083 0.0071858983174583387 -0.0067934647674488778 -0.010825694299213373 -0.0069832364642402516 -0.0038525885327102649 -0.0053722171785214731 0.0012300624076882888 -0.014422442299434691 0.017169766240379875 0.0093725083296315632
leaf_weight=2418.6738778054714 594.08085156977177 66.876868665218353 87.03077220916748 122.17522618174553 1454.8020496815443 1105.4585090428591 119.64590404927731 2299.453594699502 362.24623292684555 164.18621672689915 425.92349047958851 936.7474749982357 62.650097772479057 440.60105788707733
leaf_count=10027 2443 287 364 522 6074 4734 505 9833 1524 682 1833 4050 268 1834
internal_value=0.000205422 -0.00218748 -0.00331522 -0.00139105 0.00527055 -0.00680006 0.00785803 -0.00470708 0.00131304 0.00874456 -0.00766988 -0.00947026 -0.00548108 0.00341057
internal_weight=10660.6 8122.23 7363.97 4746.16 1576.98 2617.81 2538.32 3169.18 869.724 758.267 2530.78 2104.86 1168.11 802.847
internal_count=44980 34448 31323 20074 6596 11249 10532 13478 3645 3125 10885 9052 5002 3358
is_linear=0
shrinkage=0.03


Tree=15
num_leaves=15
num_cat=0
split_feature=18 6 2 6 5 6 3 7 7 6 16 2 13 18
split_gain=193.907 98.1326 137.455 97.5298 62.6975 60.2624 59.9621 63.3563 52.1594 81.0749 48.8081 48.653 45.4876 44.4925
threshold=6.3010607010745172 0.01736178779566969 -0.014617005585436214 0.0092282360040068529 0.024871985951281265 0.024357255202295029 -0.003942972320840398 0.48851761825123113 0.92406354853828832 0.037377963802322216 1.0000000180025095e-35 -0.052795462701080924 0.33821562586961246 6.8977620429063835
decision_type=2 2 2 2 2 2 2 2 2 2 2 2 2 2
left_child=5 3 4 6 8 -1 -2 -8 12 -10 -5 -12 -3 -4
right_child=1 2 13 10 -6 -7 7 -9 9 -11 11 -13 -14 -15
leaf_value=0.0056960806578961118 -0.006544314316998711 -0.00041521461423468044 0.00085840632435268429 -0.013252478656361448 -0.01110654828916466 0.037537424832653869 -0.011191152561709208 0.014762623659872461 0.018531465510591837 -0.01888496383570077 0.0089546826593205429 -0.0073163970611112824 0.017506292626766919 -0.0074021441442688419
leaf_weight=2986.6320236325264 375.71964766085148 538.64777784049511 1022.1244880706072 1284.7491616904736 144.08877186477184 52.549423396587372 105.91029638051987 396.25713106989861 628.68783040344715 55.220177128911018 187.30087061226368 1320.9612592458725 164.94060337543488 1374.7446484863758
leaf_count=12409 1588 2248 4334 5522 620 216 441 1648 2582 232 786 5679 689 5906
internal_value=-0.000131121 -0.00269246 0.000603163 -0.00621771 0.00761774 0.00627096 0.00250005 0.00926613 0.00957541 0.0154641 -0.00895767 -0.00528662 0.0038238 -0.00388172
internal_weight=10638.5 7599.35 3928.45 3670.9 1531.59 3039.18 877.887 502.167 1387.5 683.908 2793.01 1508.26 703.588 2396.87
internal_count=44900 32275 16611 15664 6371 12625 3677 2089 5751 2814 11987 6465 2937 10240
is_linear=0
shrinkage=0.03


Tree=16
num_leaves=15
num_cat=0
split_feature=18 6 11 6 15 3 7 7 11 7 3 5 7 5
split_gain=181.528 98.0497 120.235 83.4045 96.6689 74.127 59.0316 53.3972 47.3393 46.1228 42.6093 53.1906 46.4383 41.6691
threshold=6.2131409386837282 0.01736178779566969 37.109534921040321 0.0094220761167633071 -0.015628791860904375 0.05641965575211743 0.50006809832474786 0.87611343639553996 53.834824782059272 0.58589391363037446 -0.003942972320840398 -0.004507632568315211 0.50006809832474786 -0.0351681892301881
decision_type=2 2 2 2 2 2 2 2 2 2 2 2 2 2
left_child=13 3 7 4 -2 6 -4 -3 10 -10 11 12 -6 -1
right_child=1 2 5 -5 8 -7 -8 -9 9 -11 -12 -13 -14 -15
leaf_value=0.020397272291396328 -0.01995344158456417 0.0041614938203869602 -0.015548171576801132 -0.0079682491553484478 0.036180769872540632 -0.0051590693682970323 0.0050633699176768502 0.023691824462093853 -0.017627554041083904 0.0058764666295631927 0.020287679891150014 -0.017654366274587587 0.0020373114963606106 0.005896589630278521
leaf_weight=191.15469820797443 148.81186074018478 233.52359859645367 133.38739462196827 2997.6897248625755 49.040457099676132 1772.2302240133286 1646.8384242504835 274.23355579376221 117.84468318521976 199.65728993713856 259.45587737858295 76.287323847413063 121.35422421991825 2406.7163413614035
leaf_count=782 654 964 571 12883 205 7643 6871 1116 493 828 1071 317 506 9971
internal_value=8.83434e-05 -0.00214183 0.00113605 -0.00549296 0.00213809 -0.000818613 0.00350329 0.0147612 0.00616816 -0.00290307 0.0118476 0.0028787 0.0121697 0.00697844
internal_weight=10628.2 8030.35 4060.21 3970.14 972.452 3552.46 1780.23 507.757 823.64 317.502 506.138 246.682 170.395 2597.87
internal_count=44875 34122 17165 16957 4074 15085 7442 2080 3420 1321 2099 1028 711 10753
is_linear=0
shrinkage=0.03


Tree=17
num_leaves=15
num_cat=0
split_feature=18 4 3 6 7 15 6 12 7 10 8 6 6 18
split_gain=177.953 116.558 57.2476 90.5614 67.5272 52.1312 55.5194 51.9258 57.2948 56.0679 46.2189 44.3409 46.0482 46.1273
threshold=6.2601674140134955 -0.035118395816257579 0.039210669257068183 0.016499987507746016 0.50006809832474786 -0.02403188588053062 0.0094220761167633071 -0.21418528988389238 0.89822067172822173 0.96853380214408225 0.10452692410842009 0.0089069841215754526 0.019895411486316985 6.9353862857146469
decision_type=2 2 2 2 2 2 2 2 2 2 2 2 2 2
left_child=10 7 3 5 -5 -3 -7 9 -9 -2 -1 -4 -13 -14
right_child=1 2 11 4 -6 6 -8 8 -10 -11 -12 12 13 -15
leaf_value=0.0076050005848936984 0.0098687844515435701 -0.017720424326535349 0.014696720850630196 -0.016223113793784862 0.005599854390918221 0.0030964770140358782 -0.0066477214420621296 0.0012734217971690377 0.024121195103095482 -0.020597495493157009 -0.0068353373002945717 -0.012086514751729529 0.0022228827227497574 -0.0083364131178739337
leaf_weight=2609.8618427813053 140.1631815135479 252.60545341670513 82.068423688411713 136.32414162158966 1656.768140733242 784.41686302423477 1591.0120171755552 154.171222910285 274.09707407653332 86.045728489756584 214.45455691218376 1119.4734358787537 621.56851601600647 923.98081783950329
leaf_count=10795 576 1100 340 587 6919 3273 6861 636 1114 361 896 4841 2657 4009
internal_value=5.23704e-05 -0.00227817 -0.00338541 -0.00127097 0.00392448 -0.00481609 -0.00343008 0.00982231 0.0159404 -0.00179898 0.00650446 -0.00678494 -0.00745698 -0.00409243
internal_weight=10647 7822.7 7168.22 4421.13 1793.09 2628.03 2375.43 654.477 428.268 226.209 2824.32 2747.09 2665.02 1545.55
internal_count=44965 33274 30587 18740 7506 11234 10134 2687 1750 937 11691 11847 11507 6666
is_linear=0
shrinkage=0.03


Tree=18
num_leaves=15
num_cat=0
split_feature=18 4 18 6 6 2 15 17 15 12 6 14 8 15
split_gain=175.583 93.7864 44.6136 44.0375 73.1247 81.6941 60.3419 75.2532 57.2337 50.5502 44.4717 38.7991 36.0923 38.9146
threshold=6.2131409386837282 -0.032531567094158269 6.8527379554314525 0.0081811989106395453 0.015539518571321067 -0.011383552233488857 0.00051872411982145661 -0.37940952255126015 -0.015628791860904375 -0.10027317074210755 0.010504519913685961 -0.016604247540414448 0.07051524492742102 0.0078939272922839993
decision_type=2 2 2 2 2 2 2 2 2 2 2 2 2 2
left_child=12 2 -2 8 6 -6 7 -5 -3 -10 -8 -11 -1 -14
right_child=1 3 -4 4 5 -7 10 -9 9 11 -12 -13 13 -15
leaf_value=0.0080200993171132377 0.015881478898953635 -0.017148683180960966 0.0012215819381946357 -0.0028472961233375958 0.004214900707736887 -0.0047064477305883102 0.0060028001192657596 -0.019153464898442531 -0.021987582834957158 0.030212829227345184 -0.0071798524793433008 0.0066800902857997177 -0.0071026836826191975 0.014232886096091182
leaf_weight=2227.4315160810947 329.97123320400715 99.25865826010704 428.16065549850464 391.65328675508499 1353.8577824831009 2897.7584455907345 307.89370003342628 730.78569483757019 47.069564029574394 71.05699260532856 897.40895231068134 477.76892171800137 302.64131021499634 100.9593825340271
leaf_count=9187 1343 439 1772 1692 5689 12431 1303 3165 200 293 3891 1974 1258 420
internal_value=-0.000197833 -0.00240109 0.00762719 -0.00344803 -0.00420679 -0.00186494 -0.00847889 -0.0134789 0.00372484 0.00724748 -0.00380799 0.00982553 0.00652552 -0.0017218
internal_weight=10663.7 8032.64 758.132 7274.51 6579.36 4251.62 2327.74 1122.44 695.154 595.895 1205.3 548.826 2631.03 403.601
internal_count=45057 34192 3115 31077 28171 18120 10051 4857 2906 2467 5194 2267 10865 1678
is_linear=0
shrinkage=0.03


Tree=19
num_leaves=15
num_cat=0
split_feature=18 4 13 18 9 13 7 9 10 7 18 7 18 13
split_gain=158.077 93.17 53.1063 52.3722 42.5128 56.4515 46.3226 40.7779 36.5778 35.0901 33.8358 52.219 54.8204 44.7861
threshold=6.3010607010745172 -0.032531567094158269 0.37119146496876293 6.8527379554314525 -0.017857443523816321 0.50848687339573051 0.66899437955823438 0.074438493324358271 0.67609252640604744 0.96617079330410205 7.1167600534169866 0.59581872970281313 6.6654492345650898 0.068655496984994083
decision_type=2 2 2 2 2 2 2 2 2 2 2 2 2 2
left_child=2 3 7 9 5 6 8 -1 -3 -2 11 12 -6 -14
right_child=1 4 -4 -5 10 -7 -8 -9 -10 -11 -12 -13 13 -15
leaf_value=0.0058787882568955424 0.0083471727468471119 -0.0037270128699985572 0.035794147694665213 0.00079714996387814715 -0.022112286181367725 0.031104019237358269 0.002457389269817944 -0.0099225599315458934 -0.023911614004778141 0.028837186567356978 -0.0079627118534372904 -0.0014956864952561733 0.022373741891604459 -0.010577479630876633
leaf_weight=2849.2682278007269 183.7063484787941 304.00551383197308 49.556640595197678 431.77520163357258 239.69352753460407 50.665518447756767 1237.2982301265001 153.20484298467636 108.5452216565609 128.30327849090099 2024.1761089712381 2734.3513654321432 53.621051147580147 109.62596055865288
leaf_count=11779 750 1296 205 1786 1030 216 5266 646 463 517 8704 11693 227 471
internal_value=-0.000176984 -0.0024914 0.00558848 0.00758059 -0.00358502 0.000528481 -0.000446992 0.00506644 -0.00912747 0.016903 -0.00493994 -0.00298583 -0.0130406 0.000385663
internal_weight=10657.8 7605.77 3052.03 743.785 6861.98 1700.51 1649.85 3002.47 412.551 312.01 5161.47 3137.29 402.941 163.247
internal_count=45049 32419 12630 3053 29366 7241 7025 12425 1759 1267 22125 13421 1728 698
is_linear=0
shrinkage=0.03


Tree=20
num_leaves=15
num_cat=0
split_feature=18 5 7 18 13 12 15 12 5 13 5 12 12 7
split_gain=141.559 65.6591 65.7571 103.668 62.1348 82.7797 92.9888 74.6411 41.6165 39.4399 34.5797 47.0888 42.8809 32.504
threshold=6.251231540653241 0.011498101495177606 0.92690583213180078 7.8726737247201894 0.098543032275251755 -0.19671185062250682 -0.01807854320704649 -0.10869346028740005 1.0000000180025095e-35 0.35595698820649962 -0.030842734398528689 -0.17142465324034153 -0.20135914174913663 1.4338459923850355
decision_type=2 2 2 2 2 2 2 2 2 2 2 2 2 2
left_child=9 2 -2 4 7 -6 -7 -4 -5 10 -1 12 -12 -13
right_child=1 -3 3 8 5 6 -8 -9 -10 -11 11 13 -14 -15
leaf_value=0.015581399032514849 -0.0027966096232949775 -0.0054669503804592682 0.010860222929833852 -0.020098082720877451 -0.01906359644695884 0.03413099776244298 0.0081409467807173445 -0.0055358740617048293 0.009243685762346094 0.031579344877659961 0.0031354431520521269 0.0058773151467158705 -0.025654273391276218 -0.014299001156461226
leaf_weight=257.46105168759823 2774.0106824785471 3258.5301734060049 511.89879252016544 190.30429317057133 55.136167749762535 213.47484940290451 295.56373046338558 484.63112932443619 54.928071066737175 49.883838295936584 97.937498643994331 2231.7452450245619 86.101444184780121 72.393394321203232
leaf_count=1050 11787 14062 2133 809 232 874 1233 2065 230 204 404 9219 357 300
internal_value=-0.000146061 -0.0022132 0.000103141 0.00455547 0.00740686 0.0153444 0.0191313 0.00289138 -0.0135044 0.00564752 0.00515374 0.0040631 -0.0104646 0.00523155
internal_weight=10634 7838.48 4579.95 1805.94 1560.7 564.175 509.039 996.53 245.232 2795.52 2745.64 2488.18 184.039 2304.14
internal_count=44959 33425 19363 7576 6537 2339 2107 4198 1039 11534 11330 10280 761 9519
is_linear=0
shrinkage=0.03


Tree=21
num_leaves=15
num_cat=0
split_feature=18 4 18 6 6 6 3 15 6 10 13 15 2 5
split_gain=139.901 92.0803 64.6743 66.8534 50.4491 50.2328 88.5076 58.4218 60.778 52.3375 42.9707 40.4559 40.0129 37.9304
threshold=6.9353862857146469 -0.032531567094158269 6.2131409386837282 0.019796966404206109 0.0060262938051628074 0.015539518571321067 0.047013283676839761 -0.0065652581458479622 0.010347233610507977 0.65307406934555468 0.12315519617997374 -0.0081026129599814905 -0.017687416392842988 0.0079358772964097674
decision_type=2 2 2 2 2 2 2 2 2 2 2 2 2 2
left_child=1 -1 -3 13 -2 7 12 -6 -9 -8 11 -5 -7 -4
right_child=4 2 3 10 5 6 9 8 -10 -11 -12 -13 -14 -15
leaf_value=0.015073437057500996 0.0082031581094742928 0.0052921666504694084 -0.00048117391388333711 0.035290708534421907 -0.020551886482515509 0.0081019366237852081 0.017557968684792785 0.0043966892387039044 -0.012431284574905435 -0.010177703304708184 0.0022529007580959961 0.0080945791132149281 -0.0029275359094984984 -0.0077364725812432951
leaf_weight=487.44163307547569 255.76839493215084 2515.1891180127859 1564.2293400019407 71.007147759199142 364.78874534368515 613.6095869243145 62.878224402666092 307.80680130422115 512.91578495502472 1153.5329360514879 891.59002196788788 156.51825557649136 568.71693965792656 1106.1428839415312
leaf_count=1980 1065 10364 6676 293 1596 2537 274 1289 2241 5031 3787 659 2419 4759
internal_value=-4.91195e-05 0.00253822 0.0015646 -0.000910978 -0.00462448 -0.00554391 -0.00304269 -0.0105912 -0.00612471 -0.00871753 0.00523834 0.0168156 0.00280061 -0.00349006
internal_weight=10632.1 6792.12 6304.68 3789.49 3840.02 3584.25 2398.74 1185.51 820.723 1216.41 1119.12 227.525 1182.33 2670.37
internal_count=44970 28518 26538 16174 16452 15387 10261 5126 3530 5305 4739 952 4956 11435
is_linear=0
shrinkage=0.03


Tree=22
num_leaves=15
num_cat=0
split_feature=9 6 3 6 7 10 7 7 4 3 7 11 7 7
split_gain=80.265 60.2778 53.4412 55.0334 88.7024 43.668 42.0413 47.6637 40.8893 47.1874 48.8111 35.2614 32.6165 29.183
threshold=-0.017857443523816321 0.022965402058314113 0.059547838379210967 0.015539518571321067 0.55389631232310566 0.57759194511105794 0.63296863439719242 0.87611343639553996 -0.0024368888871117984 -0.13665123082967898 0.90965690894574103 65.558661889485492 0.7902605582369292 0.78723596526794792
decision_type=2 2 2 2 2 2 2 2 2 2 2 2 2 2
left_child=1 -1 3 5 -5 12 -3 -8 9 -6 -11 -4 -2 -7
right_child=2 6 11 4 8 13 7 -9 -10 10 -12 -13 -14 -15
leaf_value=0.0023213891463460209 0.00028177027490944106 0.034538168515204831 -0.0078430300034778785 -0.014004970490865085 -0.013202097289137014 -0.00027720525348767658 -0.0090478298098817782 0.017697164811982032 0.00066189197582374956 0.0025766626168633555 0.015717312314501131 0.0010001759740513837 0.017314628371261302 -0.0080089096623856965
leaf_weight=2728.7910849899054 746.72225226461887 78.238011613488197 1717.6739549785852 243.2008343487978 79.118496507406235 652.60497163236141 83.708465158939362 200.71553407609463 1020.5378783941269 419.1521407365799 648.86563543975353 530.60352346301079 115.05442731082439 1343.5349749922752
leaf_count=11459 3146 327 7448 1029 328 2768 351 833 4307 1752 2664 2292 481 5703
internal_value=-0.000213503 0.00385411 -0.00188692 -0.000233957 0.00310288 -0.00304904 0.0153109 0.00981766 0.00503343 0.0089146 0.0105746 -0.00575696 0.00259063 -0.00548396
internal_weight=10608.5 3091.45 7517.07 5268.79 2410.87 2857.92 362.662 284.424 2167.67 1147.14 1068.02 2248.28 861.777 1996.14
internal_count=44888 12970 31918 22178 10080 12098 1511 1184 9051 4744 4416 9740 3627 8471
is_linear=0
shrinkage=0.03


Tree=23
num_leaves=15
num_cat=0
split_feature=18 13 4 12 7 10 3 12 9 7 12 13 12 16
split_gain=132.157 66.9439 63.896 46.8438 52.2284 44.143 42.1572 45.352 37.4538 37.2226 60.9757 59.4985 58.22 37.5104
threshold=6.3010607010745172 0.37119146496876293 -0.032531567094158269 -0.20992185421654699 0.90073032677290621 0.73787525994934133 0.047013283676839761 -0.28868627450980383 0.074438493324358271 0.99781622664791614 -0.11387614973445169 0.13925272210828224 -0.024492736575898452 -1.0000000180025095e-35
decision_type=2 2 2 2 2 2 2 2 2 2 2 2 2 2
left_child=1 8 3 5 -5 -2 7 -4 -1 -9 13 12 -12 -11
right_child=2 -3 6 4 -6 -7 -8 9 -10 10 11 -13 -14 -15
leaf_value=0.0053903204316119368 0.0091810197053665017 0.039262954135548957 -0.01819094458513807 -0.0013311726967880745 0.018586824697257476 -0.016118560089987667 -0.006293622512188392 -0.0026569700508635727 -0.0097966082462973628 0.0022931248860143224 -0.008044255520018093 0.012265885574523291 0.020936026748632357 0.02179710052286692
leaf_weight=2833.7844711393118 112.12772963941097 49.075801864266396 137.78943111002445 186.92902670800686 320.39282135665417 134.39464646577835 2428.1475088745356 3000.5053195506334 152.29602724313736 151.50222629308701 619.11082264780998 235.60295611619949 67.433562487363815 214.02589166164398
leaf_count=11688 459 201 597 771 1299 562 10582 12806 643 633 2648 983 281 890
internal_value=-9.51404e-05 0.00519552 -0.00220663 0.00607279 0.0112714 -0.00463007 -0.00311874 -0.0013749 0.00460972 -0.000826336 0.00343686 -0.000679871 -0.00514522 0.0137697
internal_weight=10643.1 3035.16 7607.96 753.844 507.322 246.522 6854.12 4425.97 2986.08 4288.18 1287.68 922.147 686.544 365.528
internal_count=45043 12532 32511 3091 2070 1021 29420 18838 12331 18241 5435 3912 2929 1523
is_linear=0
shrinkage=0.03


Tree=24
num_leaves=15
num_cat=0
split_feature=18 2 18 13 13 12 7 15 7 18 10 7 3 13
split_gain=114.18 60.764 56.4481 54.8129 42.8631 39.9569 39.6877 39.2443 39.2371 34.7664 34.7017 61.3894 60.8678 67.2772
threshold=6.3076463407471195 -0.039953975772369914 6.5210190556125758 0.37119146496876293 0.046823135943340539 -0.024492736575898452 0.35592414405841138 -0.005557494984520516 0.67607817356086997 6.8067566225435856 0.73383443592335318 0.92690583213180078 0.12559740733454033 0.070926691804273925
decision_type=2 2 2 2 2 2 2 2 2 2 2 2 2 2
left_child=3 2 8 6 5 7 -1 9 -2 -3 -4 -12 13 -13
right_child=1 4 10 -5 -6 -7 -8 -9 -10 -11 11 12 -14 -15
leaf_value=-0.010426757786377916 -0.0030941968382930066 0.0053488587195713241 0.0097260858526240189 0.035031009674183614 -0.0047086668173967868 0.02022508673700819 0.0048909501160998899 0.0048777971465003549 0.023123971639927188 -0.017458948924500284 -0.011113280537962815 -0.0041389727320256817 -0.022787310912060169 0.016001558417240762
leaf_weight=158.79307894408703 70.49842144548893 92.323865130543709 287.45370417833328 50.461564406752586 4993.2930946350098 98.915951609611511 2909.0631133615971 525.31725816428661 183.17121481895447 166.58483885228634 407.81448608636856 275.72362720966339 68.309033334255219 321.76384583115578
leaf_count=658 295 400 1202 206 21540 409 12006 2217 762 724 1729 1154 296 1319
internal_value=-0.000207338 -0.00221525 0.00293649 0.00461462 -0.00363137 0.00245655 0.00409182 0.000169617 0.0158704 -0.00934729 0.000506176 -0.0019759 0.00363746 0.00672447
internal_weight=10609.5 7491.17 1614.73 3118.32 5876.44 883.142 3067.86 784.226 253.67 258.909 1361.06 1073.61 665.797 597.487
internal_count=44917 32047 6757 12870 25290 3750 12664 3341 1057 1124 5700 4498 2769 2473
is_linear=0
shrinkage=0.03


Tree=25
num_leaves=15
num_cat=0
split_feature=18 4 18 3 10 4 12 11 2 12 11 12 13 12
split_gain=116.876 92.0665 45.7582 44.3937 44.3428 37.6611 36.1457 33.2773 35.1726 58.4173 32.047 31.7714 41.8919 37.2908
threshold=6.9353862857146469 -0.032531567094158269 6.2131409386837282 0.071787229276993228 0.65307406934555468 0.055981428270875273 -0.28868627450980383 25.347451803580309 -0.0459593543081162 -0.16034389327747253 50.291672279220229 -0.16368051856787177 0.071672803616732353 -0.0458521720042449
decision_type=2 2 2 2 2 2 2 2 2 2 2 2 2 2
left_child=1 -1 -3 7 -5 -6 -4 -2 -9 -10 11 12 -8 -13
right_child=3 2 6 4 5 -7 10 8 9 -11 -12 13 -14 -15
leaf_value=0.014827137389046799 -0.022766004281528234 0.0044580831591865605 -0.018077870613075479 0.014741249522682515 -0.013903954216685648 -0.00023208750374346002 0.024089970183817092 0.0052922073507498286 -0.016408018207710678 -0.0014700402796947322 -0.0028799368777858024 -0.00066961297984998011 0.0014741821933441277 0.016182577579485401
leaf_weight=489.09434513747692 66.91315084695816 2535.1552582979202 103.3253245651722 63.211030662059784 801.49550694227219 234.27434514462948 131.91049066185951 525.32855640351772 267.82311581075191 1862.6937631070614 1955.4111008346081 1297.3082337528467 164.60247525572777 128.00686046481133
leaf_count=1982 286 10423 448 277 3538 1029 554 2191 1149 7963 8396 5521 697 545
internal_value=-4.28546e-05 0.0023148 0.00134145 -0.0042398 -0.00932378 -0.010818 -0.000749746 -0.00218243 -0.00164709 -0.00336149 -0.000253288 0.00272957 0.0116293 0.000864429
internal_weight=10626.6 6804.81 6315.72 3821.74 1098.98 1035.77 3780.56 2722.76 2655.85 2130.52 3677.24 1721.83 296.513 1425.32
internal_count=44999 28566 26584 16433 4844 4567 16161 11589 11303 9112 15713 7317 1251 6066
is_linear=0
shrinkage=0.03


Tree=26
num_leaves=15
num_cat=0
split_feature=18 4 18 6 6 9 15 6 6 10 5 12 7 12
split_gain=110.574 72.2196 53.1333 50.7623 54.687 71.8723 50.478 66.081 46.8172 39.7732 39.0519 42.3546 39.0646 38.1708
threshold=6.9804493930170421 -0.028148134858948123 6.2131409386837282 0.0067065701302764713 0.015595462894553184 -0.017857443523816321 -0.0065652581458479622 0.0096000718611251677 0.019895411486316985 1.0467645626158839 -0.049164203561694257 -0.15576400949721889 0.6040807085361638 -0.16761326236985999
decision_type=2 2 2 2 2 2 2 2 2 2 2 2 2 2
left_child=1 -1 -3 -2 6 9 -5 -8 10 -6 -4 12 -12 -7
right_child=3 2 8 4 5 13 7 -9 -10 -11 11 -13 -14 -15
leaf_value=0.011666509373787824 0.0075030791017755361 0.0047729190894509445 -0.027769083489637986 -0.020091147645636676 0.015363029601483993 -0.014362204446394104 0.0082600191469220895 -0.011723706329543769 0.004300423337901654 -0.0027927867947612353 -0.0058428901682447913 -0.0036939251674553693 0.017720644320006151 -0.003093219399815733
leaf_weight=673.21026496589184 308.28701856732368 2478.946731865406 53.970839783549309 347.84785640239716 272.11337101459503 331.16222175955772 203.68108160793781 540.25788798928261 1124.2788269668818 178.94827422499657 100.33390834927559 2424.6855271756649 166.04113231599331 1448.9821131527424
leaf_count=2743 1285 10187 235 1536 1140 1424 847 2375 4778 752 434 10416 703 6277
internal_value=0.000140541 0.00233842 0.00134584 -0.00410824 -0.00518933 -0.00249296 -0.0106851 -0.00624494 -0.000851109 0.0081796 -0.00296261 -0.00244485 0.00886771 -0.00520337
internal_weight=10652.7 7021.47 6348.26 3631.28 3322.99 2231.21 1091.79 743.939 3869.31 451.062 2745.03 2691.06 266.375 1780.14
internal_count=45132 29496 26753 15636 14351 9593 4758 3222 16566 1892 11788 11553 1137 7701
is_linear=0
shrinkage=0.03


Tree=27
num_leaves=15
num_cat=0
split_feature=18 4 4 6 6 2 15 7 3 7 18 3 11 7
split_gain=102.123 58.435 41.1642 37.2786 82.0575 70.636 69.5979 36.7911 35.1343 50.5561 34.6253 33.986 41.4916 44.2487
threshold=6.3010607010745172 -0.036022365720440645 -0.030947611654867754 0.0093264899633223337 0.015072072260027776 -0.014617005585436214 -0.01609481998683648 0.50006809832474786 0.042624495727359164 0.91849478051088573 7.3760858003615901 0.002785794287667787 53.925101956552403 0.47347245688025785
decision_type=2 2 2 2 2 2 2 2 2 2 2 2 2 2
left_child=2 10 -1 6 -5 8 -3 -7 9 -6 -2 -8 -13 -14
right_child=1 3 -4 4 5 7 11 -9 -10 -11 -12 12 13 -15
leaf_value=0.020025900882675415 0.011149401094230554 -0.017455573204520649 0.0039156267491957733 -0.0089741916400670613 0.00075955581493056972 -0.021295085339725895 0.00017187170755405843 -0.0031718734328672043 -0.0030144689507666448 0.014475551868693868 -0.0057662147670358406 0.023192136733868739 -0.021313826596254266 0.011080320289081159
leaf_weight=148.28650565445423 460.01026068627834 125.04322066903114 2911.3829681873322 1708.7776517421007 491.20511893928051 102.57062880694866 384.49071745574474 2873.251188352704 402.72532507777214 474.90067321062088 141.11304533481598 180.29360140860081 47.542474672198296 160.61883124709129
leaf_count=599 1875 566 11999 7501 2067 453 1602 12440 1733 1946 587 741 200 665
internal_value=8.7067e-05 -0.0017861 0.00470898 -0.00256264 -0.00340878 -0.00121675 0.00313617 -0.00381043 0.00441921 0.00751779 0.00717253 0.00650385 0.0127382 0.00354932
internal_weight=10612.2 7552.54 3059.67 6951.42 6053.43 4344.65 897.989 2975.82 1368.83 966.106 601.123 772.946 388.455 208.161
internal_count=44974 32376 12598 29914 26140 18639 3774 12893 5746 4013 2462 3208 1606 865
is_linear=0
shrinkage=0.03


Tree=28
num_leaves=15
num_cat=0
split_feature=18 4 6 6 3 15 6 12 7 18 6 12 14 13
split_gain=97.1243 62.4851 41.7124 47.1106 67.24 53.1656 60.6372 42.5562 40.5573 45.0033 48.4331 44.6592 35.1453 33.0073
threshold=6.9804493930170421 -0.028148134858948123 0.0060262938051628074 0.015657644555616582 0.047013283676839761 -0.005327033835309968 0.010347233610507977 -0.15874326649180701 0.42482897057193197 6.0689115527627626 0.019089778633983135 -0.14838584863859597 -0.016604247540414448 0.07490111955864244
decision_type=2 2 2 2 2 2 2 2 2 2 2 2 2 2
left_child=1 -1 -2 5 7 -4 -7 12 -3 -10 11 -11 -5 -12
right_child=2 8 3 4 -6 6 -8 -9 9 10 13 -13 -14 -15
leaf_value=0.010753938114873723 0.0075702717136272935 -0.0083298141052971612 -0.019025764563087896 0.0012032246434231662 -0.0075432042304926271 0.0052981137779607359 -0.011874669871447047 0.0070419618413708552 0.0057737462024021477 0.0082968588585280896 0.0198896133189682 -0.0035163614702383118 -0.01908319413406866 0.0032707381269280302
leaf_weight=668.88860766589642 257.42679068446159 381.66812548041344 377.3089075833559 222.6729177236557 1094.3003820031881 298.23810617625713 481.66513104736805 737.88475251197815 1749.0823327749968 323.17793135344982 116.02703560888767 2523.3927900195122 115.19939374923706 1231.6718888282776
leaf_count=2721 1070 1601 1676 924 4831 1249 2133 3087 7174 1374 480 10803 499 5226
internal_value=-9.59836e-06 0.00204826 -0.00402347 -0.00492447 -0.00231374 -0.00980779 -0.00531097 0.00300999 0.0011245 0.00173423 4.77308e-05 -0.00217029 -0.00578513 0.00472885
internal_weight=10578.6 6993.91 3584.7 3327.27 2170.06 1157.21 779.903 1075.76 6325.02 5943.35 4194.27 2846.57 337.872 1347.7
internal_count=44848 29379 15469 14399 9341 5058 3382 4510 26658 25057 17883 12177 1423 5706
is_linear=0
shrinkage=0.03


Tree=29
num_leaves=15
num_cat=0
split_feature=18 4 18 13 5 10 3 3 18 10 15 10 10 13
split_gain=95.2311 65.8128 45.1515 40.7927 41.7299 42.0102 35.1504 35.8708 32.7312 39.6102 32.4751 36.1435 32.032 32.2458
threshold=6.2601674140134955 -0.040492802355994 7.386801196202625 0.35595698820649962 -0.0351681892301881 0.22805189460922495 0.047013283676839761 -0.068308719208429611 7.0705733249352294 0.66856582345522053 0.029285656538318609 1.6322228588466168 1.7288037583435001 0.18693334855055935
decision_type=2 2 2 2 2 2 2 2 2 2 2 2 2 2
left_child=3 2 -2 4 -1 -6 7 -3 12 -10 11 -7 13 -8
right_child=1 6 -4 -5 5 10 8 -9 9 -11 -12 -13 -14 -15
leaf_value=0.017230341821885951 0.014359524728922886 -0.0063802298288965194 -0.0074275179781994596 0.031052425658659476 -0.012675010650955228 0.005627476508970301 -0.011389248074028916 0.00044804040780087946 0.010647067852164804 -0.010718176835255253 -0.016405022811799036 -0.010957894866115054 0.0056147682139211993 -0.00074151533654989135
leaf_weight=207.1672337949276 362.15606895089149 838.48369427025318 110.53482933342457 50.450606405735016 138.36967541277409 2282.7473510801792 406.71668870747089 3928.8970042914152 83.111101686954498 1001.3853854686022 65.069906085729599 122.8945487588644 356.51140621304512 685.78723531961441
leaf_count=838 1474 3580 461 204 573 9374 1770 16743 365 4451 269 509 1547 2973
internal_value=0.000153513 -0.00157008 0.00925498 0.0048252 0.00433366 0.00329722 -0.00227329 -0.000755083 -0.00512729 -0.00906425 0.00420126 0.0047718 -0.00217229 -0.00471902
internal_weight=10640.3 7773.58 472.691 2866.7 2816.25 2609.08 7300.89 4767.38 2533.51 1084.5 2470.71 2405.64 1449.02 1092.5
internal_count=45131 33364 1935 11767 11563 10725 31429 20323 11106 4816 10152 9883 6290 4743
is_linear=0
shrinkage=0.03


Tree=30
num_leaves=15
num_cat=0
split_feature=18 4 18 9 10 10 9 18 12 7 4 10 18 14
split_gain=91.1711 70.1565 49.0907 38.0274 37.2276 32.8168 56.7261 47.4426 43.2457 31.0556 33.4838 32.5889 36.6622 31.0782
threshold=7.1257877042398592 -0.040492802355994 6.2131409386837282 -0.018600760611606256 1.4750506530710505 0.6608634470347039 0.028909943413066411 7.8193579895299292 -0.069750761066818254 0.59581872970281313 -0.0011555314429751438 1.7288037583435001 6.5210190556125758 -0.091411589275605873
decision_type=2 2 2 2 2 2 2 2 2 2 2 2 2 2
left_child=1 -1 4 -2 -3 6 7 8 -5 -4 13 -12 -13 -11
right_child=3 2 9 5 -6 -7 -8 -9 -10 10 11 12 -14 -15
leaf_value=0.015549310088573777 0.0014406533823287536 0.0055799773144035317 -0.0064903830039106901 -0.017680328810821433 -0.0076837495016053173 -0.0079693346307637188 0.028165306677932191 0.019005844558688097 0.012886826705977716 -0.01822530776662078 -0.0037092043259613714 -0.009891170130846224 0.011282890277959787 0.0041164053778373969
leaf_weight=319.50267668068409 750.0334231108427 2406.3790342956781 684.05257430672646 165.62296783924103 205.07636491954327 1841.2470562458038 59.840415209531784 63.100896716117859 53.817448243498802 55.910253554582596 1846.7731676846743 97.162608116865158 285.77418945729733 1774.8646075874567
leaf_count=1292 3197 9852 2943 717 847 8019 257 270 232 233 7961 417 1239 7528
internal_value=0.000112161 0.00183152 0.00123163 -0.00438446 0.0045333 -0.00638476 0.00213348 -0.00353911 -0.0101351 -0.0005868 0.000410457 -0.00205734 0.00588692 0.00341497
internal_weight=10609.2 7675.5 7355.99 2933.66 2611.46 2183.63 342.382 282.541 219.44 4744.54 4060.48 2229.71 382.937 1830.77
internal_count=45004 32312 31020 12692 10699 9495 1476 1219 949 20321 17378 9617 1656 7761
is_linear=0
shrinkage=0.03


Tree=31
num_leaves=15
num_cat=0
split_feature=18 6 2 6 18 3 7 12 15 9 6 16 15 15
split_gain=73.2002 60.1457 90.1333 83.3296 68.712 55.1106 58.4357 48.7221 63.5435 40.7488 39.244 38.4095 44.7018 34.013
threshold=6.3540751126841224 0.017430001455616958 -0.014617005585436214 0.0093264899633223337 6.4934991613953814 -0.0045705661113232257 0.42482897057193197 -0.15874326649180701 -0.017925318242955509 0.074438493324358271 0.024563200756427091 1.0000000180025095e-35 -0.019982114150984383 -0.025538145197604219
decision_type=2 2 2 2 2 2 2 2 2 2 2 2 2 2
left_child=9 3 4 5 -3 -2 -7 -6 -9 10 -1 13 -13 -5
right_child=1 2 -4 11 7 6 -8 8 -10 -11 -12 12 -14 -15
leaf_value=0.0038421436818104285 -0.0056865070508919325 0.026680460018686607 -0.0029456115870195149 -0.026778318653716923 -0.0021283375961234485 -0.015303587314642736 0.013720420089975351 0.02013673604139242 0.0025781573989025765 -0.010854816822473624 0.027331430668349813 0.010261082054777437 -0.0059780094318346647 -0.0096188770452800641
leaf_weight=3108.575313821435 354.47392944991589 136.3819846957922 2268.6077200621367 114.13401290774345 577.57398845255375 70.946914792060852 441.96570010483265 300.11036130785942 482.37496443092823 165.59297971427441 63.429955020546913 172.20490427315235 1233.7417919188738 1075.0726362317801
leaf_count=12802 1518 561 9839 501 2406 297 1833 1230 2017 699 259 737 5405 4728
internal_value=-0.000103998 -0.00180084 0.000823602 -0.0046534 0.00653404 0.00339084 0.00966192 0.00447762 0.00934665 0.00356941 0.00432878 -0.0073426 -0.00397724 -0.0113079
internal_weight=10565.2 7227.59 3765.05 3462.54 1496.44 867.387 512.913 1360.06 782.485 3337.6 3172.01 2595.15 1405.95 1189.21
internal_count=44832 31072 16053 15019 6214 3648 2130 5653 3247 13760 13061 11371 6142 5229
is_linear=0
shrinkage=0.03


Tree=32
num_leaves=15
num_cat=0
split_feature=4 12 10 3 6 15 15 6 12 17 15 12 10 6
split_gain=53.2777 40.4664 45.816 37.3655 60.9211 70.9186 61.9267 53.7068 50.0303 49.9278 42.581 41.5221 39.0081 38.4451
threshold=-0.040492802355994 -0.21418528988389238 0.96853380214408225 0.073122264828962794 0.015657644555616582 -0.0020413174218436576 0.019974007644369077 0.010770307567765746 -0.029333604943301502 -0.37940952255126015 -0.00089738728038479809 -0.27085956605845457 0.5236536691772703 0.0099347754135284353
decision_type=2 2 2 2 2 2 2 2 2 2 2 2 2 2
left_child=1 2 -1 4 5 8 7 -7 9 13 -9 -5 -6 -2
right_child=3 -3 -4 11 12 6 -8 10 -10 -11 -12 -13 -14 -15
leaf_value=0.010215695589178279 -0.014507268385770954 0.01579374395053014 -0.019178962888494952 0.020264318729463639 -0.0044602694367496878 0.0073396851082210661 -0.01183888153135482 -0.01832184609162783 0.0081994770331597355 -0.01192496526507736 0.00033395248192598229 -0.0045996784651511106 0.0050686494868397609 0.0037695282436096106
leaf_weight=118.98414440453053 135.68878874182701 329.44758608937263 76.820905566215515 60.298768848180771 447.42560340464115 1215.6897225230932 290.48357938230038 118.17344027757645 189.16403950750828 1038.86180151999 1314.2644008696079 2089.2123479992151 2781.6578019708395 416.21323531866074
leaf_count=484 589 1335 327 263 1887 5044 1237 507 798 4462 5601 9128 11656 1773
internal_value=0.00010863 0.00940542 -0.00139413 -0.000376755 0.00057255 -0.00160009 0.00126251 0.0027075 -0.00632226 -0.00805723 -0.00122852 -0.003884 0.00374637 -0.000760101
internal_weight=10622.4 525.253 195.805 10097.1 7947.62 4718.54 2938.61 2648.13 1779.93 1590.76 1432.44 2149.51 3229.08 551.902
internal_count=45091 2146 811 42945 33554 20011 12389 11152 7622 6824 6108 9391 13543 2362
is_linear=0
shrinkage=0.03


Tree=33
num_leaves=15
num_cat=0
split_feature=9 13 3 6 7 12 7 12 15 15 13 4 12 4
split_gain=62.4314 86.0911 46.2707 50.9208 87.0744 58.3658 55.8517 44.4866 43.9682 34.1112 29.1168 28.1887 27.1074 27.1234
threshold=-0.017857443523816321 0.54639025100036398 0.059547838379210967 0.014726493542037797 0.51276084945225731 -0.038994282060196277 0.78723596526794792 -0.30732007139109274 -0.017925318242955509 0.020083730278030568 0.069374591012887246 -0.053343439530131868 -0.18258387225524417 0.002039354530679272
decision_type=2 2 2 2 2 2 2 2 2 2 2 2 2 2
left_child=1 11 3 5 -5 6 10 -6 12 -8 -2 -1 -9 -14
right_child=2 -3 -4 4 7 -7 9 8 -10 -11 -12 -13 13 -15
leaf_value=0.022597661168557697 0.0047999502581810962 0.037749059702758735 -0.0050270712937949104 -0.016515364698656842 -0.014450156198770726 0.005237935378247187 -0.0094933056708740512 -0.0070852957032219912 0.0032510652403521609 -0.034207343063663985 -0.0052309006791390377 0.0024909263659348619 0.019134046425706722 -0.0008715710220088068
leaf_weight=62.150397539138794 465.28692215681076 63.26053449511528 2232.0675142854452 190.02233110368252 105.61905075609684 598.68351848423481 831.16762433946133 51.166910216212273 1948.7307986617088 51.940049916505814 586.4327847212553 2970.0222192853689 360.3307423889637 73.134853005409241
leaf_count=252 1966 264 9776 815 448 2503 3561 210 8198 223 2501 12474 1469 306
internal_value=7.06412e-05 0.00365343 -0.00140971 0.000125897 0.00296821 -0.00293566 -0.00546757 0.00443825 0.00526928 -0.0110209 -0.000792506 0.00291768 0.0133379 0.0157702
internal_weight=10590 3095.43 7494.58 5262.52 2729 2533.51 1934.83 2538.98 2433.36 883.108 1051.72 3032.17 484.633 433.466
internal_count=44966 12990 31976 22200 11446 10754 8251 10631 10183 3784 4467 12726 1985 1775
is_linear=0
shrinkage=0.03


Tree=34
num_leaves=15
num_cat=0
split_feature=18 6 2 6 15 6 10 6 12 12 16 14 10 18
split_gain=89.075 64.1543 66.5915 57.2791 61.8566 44.0789 47.3708 46.7015 44.5231 42.3978 41.7691 35.9848 38.4021 34.3554
threshold=6.3010607010745172 0.01736178779566969 -0.018224002348491194 0.0095239482736763949 -0.01609481998683648 0.02344291819103381 1.4750506530710505 0.015072072260027776 -0.16761326236985999 -0.11691665328408533 -0.5 -0.082064371740874817 0.74138437446928906 6.8977620429063835
decision_type=2 2 2 2 2 2 2 2 2 2 2 2 2 2
left_child=5 3 11 4 -2 6 7 -1 -9 -6 -5 12 -3 -4
right_child=1 2 13 10 9 -7 -8 8 -10 -11 -12 -13 -14 -15
leaf_value=0.0023262388405889465 -0.017517445735092802 0.012553591357950386 0.001851747249709621 -0.012654369867499096 -0.019838680213801554 0.028507642431303964 -0.00927573608421659 -0.0049334133514568309 0.014066725864263642 0.0066545195536048185 -0.0044728197050567051 0.0084638897684877878 -0.008670934577478067 -0.005318127251386048
leaf_weight=1992.7992654591799 128.23008252680302 107.20264701545238 1060.1318247765303 802.0528818666935 56.65761387348175 63.936350405216217 231.82144466042519 132.10237276554108 665.07220537960529 753.01093383133411 1876.3090728223324 1129.1612704247236 256.23174540698528 1385.8057264983654
leaf_count=8194 587 439 4521 3545 246 259 962 542 2719 3114 8226 4676 1069 6087
internal_value=-5.93524e-05 -0.00181357 0.000835438 -0.00469753 0.00168023 0.0042339 0.00370179 0.00478598 0.0109137 0.00475631 -0.00693045 0.00582485 -0.00237587 -0.00221155
internal_weight=10640.5 7554.79 3938.53 3616.26 937.899 3085.73 3021.8 2789.97 797.175 809.669 2678.36 1492.6 363.434 2445.94
internal_count=45186 32510 16792 15718 3947 12676 12417 11455 3261 3360 11771 6184 1508 10608
is_linear=0
shrinkage=0.03


Tree=35
num_leaves=15
num_cat=0
split_feature=18 6 11 6 3 12 7 3 10 5 6 10 7 6
split_gain=85.8652 45.1561 73.541 60.0425 56.7781 45.3322 44.8608 41.9955 40.1488 46.3567 38.9537 42.8787 40.5152 49.9278
threshold=6.3540751126841224 0.017221161413023111 36.857237432281785 0.0094220761167633071 0.002785794287667787 -0.074346732851398631 0.98668590996610273 0.046060394026474334 0.6608634470347039 -0.0010817917100007788 0.025962055177080907 1.4750506530710505 0.39254883623050557 0.015788616236714497
decision_type=2 2 2 2 2 2 2 2 2 2 2 2 2 2
left_child=10 3 6 4 8 -6 -3 -4 9 -2 11 12 -1 -14
right_child=1 2 7 -5 5 -7 -8 -9 -10 -11 -12 -13 13 -15
leaf_value=-0.0075749754197849285 0.016950875642204759 0.0037419575299239508 0.0024291252510032862 -0.0068277464750697856 -0.015602139594047139 0.014111662259433624 0.022645461510954475 -0.004284049158286893 -0.01141776667806085 -0.016267789447959518 0.029795651039379891 -0.0077084262701486361 0.0032365683876394514 0.012429743188114491
leaf_weight=226.51732538640499 119.49433207511902 276.8072846531868 1558.8157779872417 2444.6536418050528 51.23913049697876 362.39347435534 190.06481726467609 1810.9396525919437 300.03078576922417 53.058260694146156 49.7446668446064 277.03747247159481 2101.5373990386724 710.84218674898148
leaf_count=941 501 1130 6514 10780 215 1499 769 7960 1295 223 202 1155 8656 2914
internal_value=6.41105e-06 -0.00184964 0.00036924 -0.00440411 0.00228187 0.0103735 0.0115014 -0.001179 -0.00481424 0.0066671 0.00395777 0.00355243 0.00458341 0.00556737
internal_weight=10533.2 7167.5 3836.63 3330.87 886.216 413.633 466.872 3369.76 472.583 172.553 3365.68 3315.93 3038.9 2812.38
internal_count=44754 30886 16373 14513 3733 1714 1899 14474 2019 724 13868 13666 12511 11570
is_linear=0
shrinkage=0.03


Tree=36
num_leaves=15
num_cat=0
split_feature=18 6 2 6 7 6 3 10 7 3 7 10 10 6
split_gain=76.4036 44.2642 89.702 65.3538 45.8463 41.2296 35.6239 57.5524 53.841 35.3983 69.0801 58.2661 34.6403 35.6974
threshold=6.3010607010745172 0.015539518571321067 -0.010929070532190303 0.0094220761167633071 0.50006809832474786 0.02344291819103381 -0.003942972320840398 0.6608634470347039 0.48851761825123113 0.040847899823426743 0.92406354853828832 0.86653075280488523 1.4750506530710505 0.01572287501330432
decision_type=2 2 2 2 2 2 2 2 2 2 2 2 2 2
left_child=5 3 9 6 -4 12 7 -2 -8 10 -3 -11 13 -1
right_child=1 2 4 -5 -6 -7 8 -9 -10 11 -12 -13 -14 -15
leaf_value=0.0026038044273462351 0.010176660242894583 0.0012161495705293028 -0.024535216604145555 -0.0077319775365518907 -0.0025914521340699172 0.027600621470505664 -0.011694934481003619 -0.013433758522146991 0.011870799781320118 0.012125963343888012 0.014633184145427133 -0.0082424349771409184 -0.0074969200596708956 0.010759667017312667
leaf_weight=2138.3546924591064 144.71251092851162 715.41665302217007 86.600821286439896 1905.9865740388632 2647.9101932793856 63.371434718370438 108.10601980984211 252.02767509222031 422.61422674357891 190.47488258779049 666.41922272741795 366.25875853002071 235.39417570829391 622.73785775899887
leaf_count=8784 608 2978 389 8467 11531 256 452 1097 1746 810 2709 1574 980 2538
internal_value=2.94884e-05 -0.00159924 0.000194911 -0.00455631 -0.00330383 0.00402357 0.00197246 -0.00481392 0.00704465 0.00512849 0.00769859 -0.00125535 0.00350687 0.00444974
internal_weight=10566.4 7506.53 4673.08 2833.45 2734.51 3059.86 927.46 396.74 530.72 1938.57 1381.84 556.734 2996.49 2761.09
internal_count=44919 32361 19991 12370 11920 12558 3903 1705 2198 8071 5687 2384 12302 11322
is_linear=0
shrinkage=0.03


Tree=37
num_leaves=15
num_cat=0
split_feature=18 6 6 2 16 12 8 18 7 12 3 11 9 7
split_gain=77.9541 46.8713 65.7856 58.5481 54.3067 43.9824 39.6902 37.0257 38.3998 38.4384 35.8364 34.8698 36.8022 35.06
threshold=6.251231540653241 0.01736178779566969 0.0092282360040068529 -0.013248142477050527 -0.5 -0.11838474430402689 0.10452692410842009 6.8902901368877378 1.0710120612357208 -0.064543483304116286 0.086871907206925073 65.558661889485492 -0.0030019642191294878 1.2186616806559749
decision_type=2 2 2 2 2 2 2 2 2 2 2 2 2 2
left_child=6 2 5 -3 -4 -2 -1 8 -5 10 -10 13 -13 -9
right_child=1 3 4 7 -6 -7 -8 11 9 -11 -12 12 -14 -15
leaf_value=0.0050745012968869165 -0.021396872430217855 0.0048848808608016317 -0.012781782032030904 -0.0030091463027642328 -0.0037330257588730031 0.0045713471327055938 -0.0081910351089042859 -0.0043084584243037764 0.02640429187438283 0.00039508240275327111 -0.0027333775860674974 0.023533932708023338 -0.0021764082219236122 -0.015762914643977416
leaf_weight=2588.1366777569056 61.049650013446808 1609.5823073238134 851.47059780359268 614.01362207531929 1995.0814849287271 853.72096410393715 218.47004200518131 694.85157732665539 139.44903661310673 227.47102692723274 51.458022251725197 61.8634352684021 231.36049769818783 367.67929148674011
leaf_count=10578 270 6668 3781 2622 8773 3572 908 3043 583 977 223 271 1026 1638
internal_value=-0.000246026 -0.00179585 -0.00419876 0.000465933 -0.0064468 0.00279539 0.0040368 -0.00251398 0.00176502 0.0087526 0.0186035 -0.00577019 0.00337056 -0.00829434
internal_weight=10565.7 7759.05 3761.32 3997.73 2846.55 914.771 2806.61 2388.15 1032.39 418.378 190.907 1355.75 293.224 1062.53
internal_count=44933 33447 16396 17051 12554 3842 11486 10383 4405 1783 806 5978 1297 4681
is_linear=0
shrinkage=0.03


Tree=38
num_leaves=15
num_cat=0
split_feature=18 4 7 18 6 13 7 10 9 10 13 9 18 3
split_gain=68.8344 55.4248 34.4495 35.5336 55.914 40.206 34.0331 35.8501 32.1663 31.4745 49.9493 67.0955 53.0629 43.2158
threshold=6.9353862857146469 -0.030947611654867754 0.42482897057193197 6.0575994314441584 0.019993228052067467 0.11712172991353965 0.83654387645676931 0.30524135688240334 0.037236660851832366 1.0831699858167765 0.2231149041536358 -0.019034964940813717 7.7164579775680124 0.088527711196814032
decision_type=2 2 2 2 2 2 2 2 2 2 2 2 2 2
left_child=1 -1 -3 6 8 -6 7 -4 -5 10 -2 -12 -13 -14
right_child=9 2 3 4 5 -7 -8 -9 -10 -11 11 12 13 -15
leaf_value=0.010968298807426256 -0.0036064971380801564 -0.0077403240112525447 -0.012416017598270108 -0.0005533903510261584 0.018400916425023745 0.0032328471390751655 0.0014129186803125439 0.011722180049259472 -0.0085116297460213486 -0.0064431546606951067 0.025488066644634374 -0.0048572261163760278 0.034845439027025193 -0.0033118812279221825
leaf_weight=545.71308985352516 1599.0796052962542 377.96042908728123 58.415706276893616 2480.9282380491495 189.25947415828705 892.96878261864185 962.48532481491566 713.17058733105659 558.4292605817318 1591.2485086768866 129.92641140520573 332.24316522479057 62.879310563206673 44.864739015698433
leaf_count=2209 6908 1590 239 10635 782 3791 3936 2907 2398 6982 548 1453 269 203
internal_value=1.28679e-05 0.00181836 0.00101408 0.00158159 6.51016e-05 0.00591448 0.0051818 0.00986734 -0.00202021 -0.00324148 -0.000888854 0.00672233 0.00109063 0.0191859
internal_weight=10539.6 6779.33 6233.62 5855.66 4121.59 1082.23 1734.07 771.586 3039.36 3760.24 2168.99 569.914 439.987 107.744
internal_count=44850 28487 26278 24688 17606 4573 7082 3146 13033 16363 9381 2473 1925 472
is_linear=0
shrinkage=0.03


Tree=39
num_leaves=15
num_cat=0
split_feature=18 6 18 5 6 13 18 18 12 12 13 12 14 12
split_gain=83.1034 48.1758 45.7525 45.0389 43.0761 37.9956 45.5936 34.0904 33.2938 52.8621 51.098 37.4772 33.1538 31.1884
threshold=6.9353862857146469 0.019895411486316985 6.2231967324372919 0.0079358772964097674 0.0060262938051628074 0.14898036195610323 6.8746977876313613 8.6109170058139899 -0.26374093036320939 -0.16562764980214809 0.075684420626188201 -0.044222129098569977 1.0000000180025095e-35 -0.16203227868162481
decision_type=2 2 2 2 2 2 2 2 2 2 2 2 2 2
left_child=1 2 -1 8 -2 6 -3 13 -4 10 -10 -11 -13 -6
right_child=4 5 3 -5 7 -7 -8 -9 9 11 -12 12 -14 -15
leaf_value=0.0036237066946295327 0.0083407692522180655 0.017269288290135982 -0.022199214211691444 -0.0066831512069806418 -0.010051523962124243 0.0035338375870831757 -0.012216500279562954 -0.022685928409171281 0.026219807651972286 -0.0016667018793654392 -0.0050649609425850268 0.028038294098041799 -0.0039231067776649888 -0.0025591154653092181
leaf_weight=2564.3587336689234 256.38472874462605 413.79803822934628 51.277025416493416 1088.7123073935509 605.09843145310879 973.1723081022501 51.809035077691078 87.061081826686859 139.95745949447155 1302.6473966985941 69.384536743164062 73.348794490098953 46.980715692043304 2850.4304570704699
leaf_count=10482 1063 1704 224 4753 2614 4098 216 375 587 5588 297 307 202 12494
internal_value=6.01538e-05 0.00205143 0.000736926 -0.00193401 -0.00349049 0.00691937 0.0139501 -0.00435097 0.00114136 0.00190084 0.0159009 -0.000178223 0.0156994 -0.00387617
internal_weight=10574.4 6775.45 5336.67 2772.31 3798.97 1438.78 465.607 3542.59 1683.6 1632.32 209.342 1422.98 120.33 3455.53
internal_count=45004 28458 22440 11958 16546 6018 1920 15483 7205 6981 884 6097 509 15108
is_linear=0
shrinkage=0.03


Tree=40
num_leaves=15
num_cat=0
split_feature=18 13 6 6 15 3 12 12 15 18 11 16 15 13
split_gain=62.6827 48.0404 46.214 52.6091 56.3147 47.7831 58.3138 47.3975 46.3443 37.4961 47.2416 36.983 36.8383 35.8749
threshold=6.3010607010745172 0.36430903247674035 0.017502477418061081 0.0095239482736763949 -0.01609481998683648 0.045167992850425116 -0.13504792290831738 -0.11691665328408533 -0.017925318242955509 7.4134714756732745 37.361153405321808 0.25881904510252091 -0.019982114150984383 0.061662446617824614
decision_type=2 2 2 2 2 2 2 2 2 2 2 2 2 2
left_child=1 -1 3 4 -2 6 13 -6 -8 10 -7 -5 -13 -4
right_child=2 -3 5 11 7 9 8 -9 -10 -11 -12 12 -14 -15
leaf_value=0.0031823271641513193 -0.015956622539917066 0.03060350773542693 0.0070307850630655826 -0.0091120271508985766 -0.020885441701724499 0.027639013195382419 0.020891329862590072 0.00729775653248002 0.0056631664615325291 -0.0095750498714036597 -0.0010586585511820964 0.011923122135218952 -0.0039828129727390764 -0.0052435797272982936
leaf_weight=3019.4101808667183 128.39497293531895 56.65472899377346 322.30867882072926 1476.1372326910496 55.921483784914017 51.644441485404968 234.90625266730785 749.3215524405241 758.01182241737843 491.7140359133482 1370.5332886278629 146.92076198756695 1092.1752526462078 629.95233759284019
leaf_count=12376 595 229 1326 6575 246 210 952 3094 3155 2210 5994 629 4831 2641
internal_value=0.000101429 0.00370693 -0.00137637 -0.00379595 0.00234341 0.000912211 0.0042214 0.00529363 0.00930063 -0.00245197 2.08087e-05 -0.00590716 -0.00208066 -0.00108309
internal_weight=10584 3076.06 7507.94 3648.87 933.638 3859.07 1945.18 805.243 992.918 1913.89 1422.18 2715.23 1239.1 952.261
internal_count=45063 12605 32458 15970 3935 16488 8074 3340 4107 8414 6204 12035 5460 3967
is_linear=0
shrinkage=0.03


Tree=41
num_leaves=15
num_cat=0
split_feature=18 6 15 6 6 15 6 7 18 4 16 15 11 3
split_gain=53.4308 41.1518 51.1778 87.2019 49.3082 82.4774 53.4865 41.0386 44.6011 43.1445 40.1369 41.823 37.4168 36.2743
threshold=6.251231540653241 0.01736178779566969 -0.017457379556440774 0.035080590691023962 0.010504519913685961 -0.005327033835309968 0.0057823244778716747 0.76667768680130888 7.7347933389356465 -0.0089609370952086192 1.0000000180025095e-35 -0.017925318242955509 53.834824782059272 -0.0015854147706031438
decision_type=2 2 2 2 2 2 2 2 2 2 2 2 2 2
left_child=-1 4 3 7 5 6 -2 -3 9 -9 -6 -12 13 -7
right_child=1 2 -4 -5 10 12 -8 8 -10 -11 11 -13 -14 -15
leaf_value=0.0035147964387185048 0.012158792808707401 -0.0035828792869324203 -0.00084319602157807043 -0.015352070665751357 -0.010128081390073521 0.0034366807774384015 -0.017231000588853171 0.025407911201016285 -0.010412416508452449 0.0059686889650276609 0.0091243744795415777 -0.0048826590340084325 -0.0013133340228361689 0.019153748947773764
leaf_weight=2803.7878234982491 68.575846895575523 118.21455161273479 3222.4837978333235 120.67286862432957 1146.2839866280556 269.28264501690865 269.64681941270828 306.10515980422497 50.724744260311127 156.4474378824234 229.41947390139103 1122.2525099366903 361.45371130108833 259.57580748200417
leaf_count=11455 294 490 13842 527 5127 1131 1213 1243 212 658 985 4971 1521 1074
internal_value=-2.96233e-05 -0.00132063 0.000802729 0.00783787 -0.00358461 0.00133479 -0.0112357 0.0123037 0.0159624 0.0188871 -0.00600318 -0.00249527 0.00612469 0.0111941
internal_weight=10504.9 7701.14 3974.65 752.165 3726.49 1228.53 338.223 631.492 513.277 462.553 2497.96 1351.67 890.312 528.858
internal_count=44743 33288 16972 3130 16316 5233 1507 2603 2113 1901 11083 5956 3726 2205
is_linear=0
shrinkage=0.03


Tree=42
num_leaves=15
num_cat=0
split_feature=18 6 6 15 2 11 14 10 15 17 9 9 10 12
split_gain=55.3182 42.6292 63.3777 63.5841 61.2424 38.9661 35.0958 40.7893 31.2367 62.8652 33.024 30.8627 30.5006 30.0725
threshold=6.191924643109858 0.016302285336656626 0.0094220761167633071 -0.015628791860904375 -0.015684604636685969 53.834824782059272 -0.082064371740874817 0.74513919278516272 0.00051872411982145661 -0.37940952255126015 -0.020272230492845763 0.074438493324358271 0.39767461047315561 -0.20992185421654699
decision_type=2 2 2 2 2 2 2 2 2 2 2 2 2 2
left_child=11 2 3 -2 6 -5 7 -3 9 -4 -10 -1 -7 -8
right_child=1 4 8 5 -6 12 13 -9 10 -11 -12 -13 -14 -15
leaf_value=0.0045520982755243222 -0.016442196595541993 0.011761300661277389 -0.00070198425762239901 0.010871844750802835 -0.0020846992015487661 -0.023302556645000291 -0.0029243961422169939 -0.0098348403630512827 0.0060578568293311839 -0.014618997301635617 -0.0055709959680507017 -0.011260209632026719 0.0016623780074576679 0.0090795997760991214
leaf_weight=2458.450397208333 131.83024920523167 111.64787201583385 458.47118455171585 519.67952144145966 2788.66287368536 50.69497974216938 222.05678881704807 254.51299974322319 285.7236076593399 804.10851511359215 930.93986195325851 114.4752494096756 266.99907065927982 1187.5474618971348
leaf_count=10010 613 456 2014 2143 12152 217 926 1065 1256 3594 4162 482 1103 4913
internal_value=1.49699e-05 -0.00121401 -0.00373046 0.00277018 0.000687972 0.00582681 0.00503962 -0.00322174 -0.00627192 -0.00957452 -0.00283459 0.00384037 -0.00244218 0.00718713
internal_weight=10585.8 8012.87 3448.45 969.204 4564.43 837.374 1775.77 366.161 2479.24 1262.58 1216.66 2572.93 317.694 1409.6
internal_count=45106 34614 15102 4076 19512 3463 7360 1521 11026 5608 5418 10492 1320 5839
is_linear=0
shrinkage=0.03


Tree=43
num_leaves=15
num_cat=0
split_feature=18 4 12 6 6 3 15 12 11 18 14 13 15 14
split_gain=62.9008 39.5717 27.4649 27.3485 48.8231 46.2882 29.4743 27.1265 27.8932 25.6941 29.2462 26.659 30.3683 25.4127
threshold=7.1257877042398592 -0.040492802355994 -0.21418528988389238 0.0064889460460525695 0.015595462894553184 0.041755468258986246 -0.02573562617644853 -0.16034389327747253 42.067552122312343 5.5180566960817599 0.014955311836917897 0.068655496984994083 0.0084210226954590812 0.011059010468064888
decision_type=2 2 2 2 2 2 2 2 2 2 2 2 2 2
left_child=1 2 -1 -2 6 7 -5 8 -6 10 11 -3 -13 -9
right_child=3 9 -4 4 5 -7 -8 13 -10 -11 -12 12 -14 -15
leaf_value=-0.00028726373267794268 0.0051055890667565593 0.012478448554058139 0.01801458290125096 -0.028786408704355049 0.0044739836900245531 -0.0065711781955103011 -0.0088986251279543193 0.01113641145783298 -0.015155581968876406 0.0004421733681502667 0.020951432921216762 -0.013203711474950124 0.013287825061985987 -0.0022272351235977472
leaf_weight=113.54195210337639 276.04823477566242 150.19543631374836 208.48023210465908 71.911162883043289 135.41167685389519 913.74011102318764 794.61920574307442 390.15368361771107 122.33647105097771 6941.9308298677206 112.70370347797871 118.38830676674843 55.70191302895546 189.30927510559559
leaf_count=462 1144 611 842 337 560 4113 3543 1616 530 29417 459 484 227 808
internal_value=-7.87422e-05 0.00133825 0.0115996 -0.0038483 -0.00479578 -0.00190879 -0.0106115 0.00318332 -0.00488787 0.000887417 0.00792623 0.00329871 -0.00467283 0.00677789
internal_weight=10594.5 7700.94 322.022 2893.53 2617.48 1750.95 866.53 837.211 257.748 7378.92 436.989 324.286 174.09 579.463
internal_count=45153 32502 1304 12651 11507 7627 3880 3514 1090 31198 1781 1322 711 2424
is_linear=0
shrinkage=0.03


Tree=44
num_leaves=15
num_cat=0
split_feature=18 4 10 13 15 13 12 15 5 13 18 3 3 15
split_gain=63.9454 41.7979 34.1843 54.918 46.174 35.0523 61.9909 32.5505 29.4356 35.1769 29.3264 33.2832 39.0817 27.8972
threshold=6.9353862857146469 -0.04307009474267081 1.0831699858167765 0.22071129707112971 0.019177918442596645 0.057735344974086507 -0.16562764980214809 -0.0046169957204078562 0.14659746555193234 0.21616999474138135 7.8726737247201894 0.19681662338541503 0.1167992677462505 0.015476835688748915
decision_type=2 2 2 2 2 2 2 2 2 2 2 2 2 2
left_child=1 -1 3 4 5 7 -7 -2 9 -4 11 12 -5 -11
right_child=2 -3 8 10 -6 6 -8 -9 -10 13 -12 -13 -14 -15
leaf_value=0.014642472847664815 -0.0053175132037942188 0.0012690372237167231 -0.0037833415735844199 0.0058308371017965592 -0.02389776051873747 -0.026920053814459586 -0.0031318838245512192 0.0085265254040963103 0.0044082892198678125 -0.015545875216570547 0.024662825684736042 0.028188644799455452 -0.017832906238539198 0.0054843810432148908
leaf_weight=215.32487685978413 252.19796016812325 6568.6865280866623 772.15132088959217 389.82151713967323 93.068904355168343 111.53677414357662 755.12131454050541 381.99216464161873 192.87499551475048 552.63640193641186 72.970772802829742 46.46431377530098 72.826017811894417 62.249379202723503
leaf_count=869 1111 27644 3349 1680 411 487 3303 1610 872 2479 316 208 327 282
internal_value=-4.08717e-05 0.0016977 -0.00318035 -0.000740005 -0.00361995 -0.00233238 -0.0062483 0.00302177 -0.00653624 -0.00806229 0.00713155 0.00453213 0.00204517 -0.013406
internal_weight=10539.9 6784.01 3755.91 2176 1593.92 1500.85 866.658 634.19 1579.91 1387.04 582.083 509.112 462.648 614.886
internal_count=44948 28513 16435 9453 6922 6511 3790 2721 6982 6110 2531 2215 2007 2761
is_linear=0
shrinkage=0.03


Tree=45
num_leaves=15
num_cat=0
split_feature=9 6 3 6 7 10 5 11 6 7 3 8 11 6
split_gain=45.5444 39.2756 34.9812 35.6877 77.061 68.5265 48.3753 28.9683 27.6087 35.2415 32.8823 27.4196 26.9686 25.9357
threshold=-0.017857443523816321 0.01970685084849046 0.037669827300517857 0.014251455296980435 0.55389631232310566 0.57759194511105794 -0.011489878931707496 66.554286727750878 0.010347233610507977 0.78723596526794792 -0.003942972320840398 -0.063581224154041008 53.509603062034039 0.033229838014830808
decision_type=2 2 2 2 2 2 2 2 2 2 2 2 2 2
left_child=1 -1 3 5 12 -2 -7 -4 10 -10 -8 -3 -5 -6
right_child=2 11 7 4 13 6 8 -9 9 -11 -12 -13 -14 -15
leaf_value=0.0011538853307876628 0.0051110790636037413 -0.0021949674051824982 -0.0053208809451705703 -0.01792878920427303 0.0052698758015630011 -0.014907961995671537 -0.008057429620898008 0.0023910660592366927 0.0034191560381034622 -0.013460112088220044 0.008501152891757147 0.012476421781922363 0.0054975420468745158 -0.00981057668523771
leaf_weight=2394.6168780773878 685.70211531221867 145.32706725597382 2410.9506318122149 199.60395069420338 2094.8436991423368 422.6801889538765 167.25260359048843 534.45847778022289 168.4907092154026 322.22771137952805 296.27111119031906 531.64147593080997 55.635589718818665 106.12139296531677
leaf_count=10112 2893 597 10574 853 8774 1853 703 2340 732 1396 1226 2203 243 450
internal_value=-0.00011294 0.0029607 -0.00137822 0.000280081 0.00272219 -0.00262785 -0.00648363 -0.00392084 -0.0027287 -0.00767417 0.0025174 0.00932968 -0.0128194 0.00453451
internal_weight=10535.8 3071.59 7464.24 4518.83 2456.2 2062.62 1376.92 2945.41 954.242 490.718 463.524 676.969 255.24 2200.97
internal_count=44949 12912 32037 19123 10320 8803 5910 12914 4057 2128 1929 2800 1096 9224
is_linear=0
shrinkage=0.03


Tree=46
num_leaves=15
num_cat=0
split_feature=18 4 9 10 10 10 9 15 12 12 11 9 6 12
split_gain=53.2224 41.5153 34.1628 39.4391 32.0877 53.8362 47.6046 36.6992 30.8063 33.1995 28.2556 28.8079 55.1904 29.9753
threshold=6.9804493930170421 -0.029531364948416846 0.019694162456036727 2.798478295575523 0.6608634470347039 0.3449974694484727 0.03115856335638895 0.011162368560885485 -0.069750761066818254 -0.041668402922465868 25.347451803580309 -0.017857443523816321 0.025962055177080907 -0.026264856007123912
decision_type=2 2 2 2 2 2 2 2 2 2 2 2 2 2
left_child=1 -1 3 -3 5 -2 7 8 -7 -10 -6 12 13 -12
right_child=4 2 -4 -5 10 6 -8 -9 9 -11 11 -13 -14 -15
leaf_value=0.0089136434918642565 -0.025961040394717683 0.0019512208328713696 -0.0025238530288437945 0.028734723120789472 -0.024287256397986755 0.00086717747603032508 0.02917275866082247 -0.016694011527613101 0.031831517428428421 0.0011684696125708065 -0.0042771527745439266 -0.0056207335475794264 0.02253052000165966 0.016030858835716331
leaf_weight=622.88684546947479 50.746986284852028 4418.7148547917604 1928.2907462567091 48.055144131183624 60.399736166000366 322.96940657496452 66.62321525812149 74.147936597466469 69.658584415912628 57.386993274092674 559.04549746215343 2132.3850249648094 93.691862359642982 72.070104598999023
leaf_count=2529 219 18600 8196 206 269 1412 286 321 300 243 2417 9430 392 307
internal_value=1.77044e-05 0.00153311 0.000811676 0.0022521 -0.00296958 0.00309782 0.00567306 0.00258662 0.00582326 0.0182137 -0.00430492 -0.00386581 0.00129844 -0.00191477
internal_weight=10577.1 7017.95 6395.06 4466.77 3559.13 641.533 590.786 524.163 450.015 127.046 2917.59 2857.19 724.807 631.116
internal_count=45127 29531 27002 18806 15596 2781 2562 2276 1955 543 12815 12546 3116 2724
is_linear=0
shrinkage=0.03


Tree=47
num_leaves=15
num_cat=0
split_feature=18 9 4 12 6 6 9 15 9 18 14 5 6 7
split_gain=47.7131 37.4383 37.8424 28.9851 27.4821 40.6872 37.7471 29.5867 27.613 26.417 28.9352 24.0555 22.5681 21.0186
threshold=7.1257877042398592 0.016901970343637111 -0.040492802355994 -0.27085956605845457 0.0060262938051628074 0.015011470498888306 -0.019034964940813717 -0.02403188588053062 0.03115856335638895 5.4940110914621174 0.013172240107805601 0.10403268990522198 0.018346049314917959 1.0591789619409935
decision_type=2 2 2 2 2 2 2 2 2 2 2 2 2 2
left_child=1 2 -1 -3 -2 7 -7 -6 -8 10 -4 -11 -10 -14
right_child=4 3 9 -5 5 6 8 -9 12 11 -12 -13 13 -15
leaf_value=0.013752265782470102 0.006233814403335319 -0.021677653421370052 0.0051497803469205076 -0.0013377079225356369 -0.026831764221191167 0.0072235676278960036 -0.0052373837255384904 -0.0077985014298001072 -0.010304202716459522 0.0012275810943451512 0.026863889222822981 0.017902541818911977 0.026997145115002986 0.002608848602939451
leaf_weight=259.76406611502171 247.35459789633751 62.816954851150513 212.00809063017368 2340.7794075012207 80.142212495207787 344.88612119853497 1320.6611195057631 746.87282292544842 45.655670210719109 4630.5825211703777 73.352482914924622 77.210391044616699 57.562063902616501 69.270556405186653
leaf_count=1052 1021 265 861 9952 385 1446 5848 3330 204 19555 297 335 251 306
internal_value=-2.99132e-05 0.0012133 0.00263204 -0.00188686 -0.00329684 -0.00418543 -0.00169488 -0.00970321 -0.00376176 0.00204824 0.0108796 0.00150855 0.0074669 0.0139246
internal_weight=10568.9 7656.51 5252.92 2403.6 2912.41 2665.05 1838.04 827.015 1493.15 4993.15 285.361 4707.79 172.488 126.833
internal_count=45108 32317 22100 10217 12791 11770 8055 3715 6609 21048 1158 19890 761 557
is_linear=0
shrinkage=0.03


Tree=48
num_leaves=15
num_cat=0
split_feature=18 3 10 6 4 7 12 13 12 6 5 13 9 10
split_gain=50.5688 35.2087 35.4171 39.5468 34.1908 34.0789 40.4883 30.6877 29.7389 29.0377 28.0341 23.4982 31.8319 22.4643
threshold=6.251231540653241 -1.0000000180025095e-35 1.3390858492834214 0.019167553746918274 -0.046158564380430749 0.43492487689285364 -0.028107602598519573 0.095410868429870579 -0.1395651111950704 0.014136264854772458 0.013944402383728629 0.21421442679670413 0.0042517789413308313 0.90672780220740046
decision_type=2 2 2 2 2 2 2 2 2 2 2 2 2 2
left_child=1 -1 3 5 8 10 9 -4 13 -7 -3 12 -9 -2
right_child=4 2 7 -5 -6 6 -8 11 -10 -11 -12 -13 -14 -15
leaf_value=0.0070537863424104553 0.012181860898714763 -0.0016581703906672844 -0.030456442680877199 0.021857419089319007 -0.0018730493258658073 -0.0045515515256670342 0.012796571468643736 -0.015209465315114285 0.023916247223567038 0.0069283238667255864 -0.029129258714981218 -0.020322333260315347 0.01451109332374834 -0.0058074989670856211
leaf_weight=1228.3280582278967 118.32889547944069 79.574414074420929 51.120443627238274 84.072410404682159 7367.5817853063345 570.48264375329018 263.84491008520126 52.57935956120491 78.218707516789436 301.40936878323555 55.983817055821419 56.714820519089699 78.016662567853928 128.15490460395813
leaf_count=4998 480 328 212 339 32025 2330 1075 215 318 1227 233 235 324 540
internal_value=-0.000192208 0.00324127 0.00029784 0.00217728 -0.00145239 0.000843518 0.00254746 -0.0103151 0.0080455 -0.000576234 -0.0132619 -0.0045545 0.00249635 0.00285715
internal_weight=10514.4 2822.13 1593.8 1355.37 7692.28 1271.3 1135.74 238.431 324.703 871.892 135.558 187.311 130.596 246.484
internal_count=44879 11516 6518 5532 33363 5193 4632 986 1338 3557 561 774 539 1020
is_linear=0
shrinkage=0.03


Tree=49
num_leaves=15
num_cat=0
split_feature=4 6 7 5 12 10 3 12 6 9 6 3 16 5
split_gain=35.1065 32.9204 27.8792 30.9912 35.726 24.8743 52.3186 32.2805 47.4277 45.8054 38.6682 64.7686 34.5974 30.4602
threshold=-0.028148134858948123 0.012230770236458435 0.39254883623050557 0.0019655481790122891 -0.14838584863859597 0.6608634470347039 0.14462224285166964 -0.019693240622812688 0.011801540182876649 0.050979816002832253 0.014726493542037797 0.073122264828962794 0.25881904510252091 0.14659746555193234
decision_type=2 2 2 2 2 2 2 2 2 2 2 2 2 2
left_child=1 -1 3 4 -2 6 -4 10 9 -9 -7 12 -12 -13
right_child=2 -3 5 -5 -6 7 -8 8 -10 -11 11 13 -14 -15
leaf_value=-0.017587667742766634 -0.012161126215147502 0.0060974195389403955 0.0015306217736124959 -0.018020890115712659 0.012115952464325933 -0.0052420824045791318 0.030931256113301643 0.022725513004430598 -0.0010090920498304476 -0.0069838722272044821 -0.00022728681926125665 -0.0072459714126193401 0.007164647315485489 0.0059600254904966978
leaf_weight=53.688714668154716 116.3339876383543 1054.8790248036385 2392.0672933012247 171.4864965826273 99.230759650468826 2172.8560055792332 53.753595024347305 184.12399332225323 454.63184082508087 61.295131593942642 1393.9073911607265 1159.2620530277491 961.80915080010891 180.25973564386368
leaf_count=232 501 4336 10113 726 411 9400 233 763 1987 256 5887 5167 4054 813
internal_value=-0.000123594 0.00492073 -0.00071934 -0.00858228 -0.000977031 -0.000379884 0.00220153 -0.00134152 0.00473888 0.0153089 -0.00206826 -0.000200181 0.00279426 -0.0054626
internal_weight=10509.6 1108.57 9401.02 387.051 215.565 9013.97 2445.82 6568.15 700.051 245.419 5868.09 3695.24 2355.72 1339.52
internal_count=44879 4568 40311 1638 912 38673 10346 28327 3006 1019 25321 15921 9941 5980
is_linear=0
shrinkage=0.03


Tree=50
num_leaves=15
num_cat=0
split_feature=18 6 12 3 6 16 10 6 13 18 12 18 10 2
split_gain=47.2747 44.5923 42.9975 31.6206 34.4629 44.5282 35.6563 32.4102 30.0868 48.1631 28.7253 37.0319 36.6929 35.4523
threshold=6.9353862857146469 0.019895411486316985 -0.28868627450980383 -0.04086436296341011 0.010504519913685961 -1.0000000180025095e-35 0.29318323706083166 0.0099347754135284353 0.13925272210828224 6.8746977876313613 -0.13164834707013748 6.4214866849320931 0.59185764577274746 -0.0082235525913011403
decision_type=2 2 2 2 2 2 2 2 2 2 2 2 2 2
left_child=1 2 -1 7 6 -6 -5 -4 9 -3 12 13 -7 -12
right_child=-2 8 3 4 5 10 -8 -9 -10 -11 11 -13 -14 -15
leaf_value=-0.02480721326029189 -0.0026906582238076602 0.016423345629436696 -0.010779846991782003 -0.011375941585397767 -0.006199751484423064 0.00015457561078509815 0.0059980130483430682 0.0068368023367391872 0.0033640305551416549 -0.014827722736186492 -0.0061850374102620717 -0.0065210763888844071 0.024036876767341699 0.0067510180078387228
leaf_weight=59.056622907519341 3758.9231621026993 378.50856433808804 102.34461905062199 118.03399074077606 1404.463396191597 130.7195445895195 936.24856168031693 962.51022210717201 1043.9299881607294 48.673929005861282 263.29355987906456 575.82324723899364 101.9716415554285 677.32871037721634
leaf_count=256 16514 1554 436 495 5952 546 3885 4025 4392 203 1085 2526 428 2814
internal_value=8.62199e-06 0.00150045 0.000223866 0.000513523 -0.000655754 -0.0022255 0.00403503 0.00512661 0.00612064 0.01281 0.000969056 -0.000541817 0.0107361 0.00312459
internal_weight=10561.8 6802.91 5331.79 5272.74 4207.88 3153.6 1054.28 1064.85 1471.11 427.182 1749.14 1516.45 232.691 940.622
internal_count=45111 28597 22448 22192 17731 13351 4380 4461 6149 1757 7399 6425 974 3899
is_linear=0
shrinkage=0.03


Tree=51
num_leaves=15
num_cat=0
split_feature=9 13 13 12 12 6 7 7 12 12 9 13 7 4
split_gain=35.3654 35.8757 64.172 56.8745 36.6639 64.9419 45.6557 39.9324 29.3328 43.7512 31.7184 28.3574 67.43 41.4454
threshold=0.0061058039585136789 0.24209106693355167 0.1639300778362395 -0.25444789273574886 -0.11768506598004501 0.012155689354186114 0.60028735648117726 0.99044529172150464 -0.26374093036320939 -0.13600441096659452 0.03115856335638895 0.36430903247674035 0.59085726740916011 -0.053343439530131868
decision_type=2 2 2 2 2 2 2 2 2 2 2 2 2 2
left_child=11 2 3 -2 5 -5 -6 -7 -3 -10 -11 13 -13 -1
right_child=1 8 -4 4 6 7 -8 -9 9 10 -12 12 -14 -15
leaf_value=0.019177201524548347 -0.028977885860815584 0.012288985516140178 0.0072855936059639326 -0.014552934521737972 0.0079264840673341115 0.0030666589591339466 -0.0058746129256014544 0.02078454056436083 -0.021997928625652228 -0.0092930280751524486 0.0029755389681778918 0.028223016076330838 0.002676876600833664 0.00056886710881751297
leaf_weight=107.89668469130993 69.81784051656723 66.997640788555145 754.91516475379467 129.10216297209263 247.34269559383392 336.3493016064167 1607.7160256206989 172.24039505422115 165.12143395841122 562.92966483533382 284.31070257723331 115.45171011984348 449.0527445524931 5454.1328166276217
leaf_count=440 298 295 3246 565 1037 1426 6885 715 722 2505 1244 485 1968 23121
internal_value=0.000115129 -0.00193728 -0.000390245 -0.00265541 -0.00189552 0.0043008 -0.0040279 0.00912496 -0.00668269 -0.00795998 -0.00517872 0.00158824 0.00798273 0.00093661
internal_weight=10523.4 4396.84 3317.48 2562.57 2492.75 637.692 1855.06 508.59 1079.36 1012.36 847.24 6126.53 564.504 5562.03
internal_count=44952 18938 14172 10926 10628 2706 7922 2141 4766 4471 3749 26014 2453 23561
is_linear=0
shrinkage=0.03


Tree=52
num_leaves=15
num_cat=0
split_feature=9 13 13 6 12 15 10 10 13 12 15 6 2 9
split_gain=37.5197 65.4113 30.5372 45.085 55.3668 49.7472 37.9904 37.1155 58.6519 56.3542 32.6941 32.3358 27.4941 27.3409
threshold=-0.017857443523816321 0.54639025100036398 0.24209106693355167 0.015127776778867967 -0.20535986182889679 -0.012712747229504549 0.3449974694484727 0.60887935032068685 0.087058823529411758 -0.038994282060196277 0.013165921028590157 0.013441372558097421 -0.079884792962971116 -0.0079691110422826766
decision_type=2 2 2 2 2 2 2 2 2 2 2 2 2 2
left_child=1 -1 3 7 6 13 -5 8 10 -9 -2 -11 -8 -6
right_child=2 -3 -4 4 5 -7 12 9 -10 11 -12 -13 -14 -15
leaf_value=0.0020400085297491914 0.012171517035344087 0.032519451328776386 -0.0045334084082918735 0.01525291393822293 -0.00062138293097382155 0.0019174082826351965 -0.031144911261427675 -0.0085979541790645216 -0.005768556479566601 0.0053017562790262226 -0.010355439091869806 -0.01127659815778061 -0.0080533334707053646 0.015785285377167241
leaf_weight=3033.7675152122974 436.83349454402924 62.736688777804375 1897.4506670385599 48.869484081864357 115.86803674697876 1730.2632721215487 57.468805208802223 1317.5468005537987 438.8944888561964 541.27616439759731 65.254639446735382 129.56930044293404 222.9123293608427 428.54062244296074
leaf_count=12755 1832 259 8351 206 475 7394 238 5753 1874 2277 278 572 950 1769
internal_value=-9.5273e-05 0.00267813 -0.0012514 -0.00012472 0.00274639 0.00441189 -0.00871708 -0.00267698 0.00222856 -0.00499838 0.0092143 0.00207576 -0.0129734 0.0123039
internal_weight=10527.3 3096.5 7430.75 5533.3 2603.92 2274.67 329.251 2929.37 940.983 1988.39 502.088 670.845 280.381 544.409
internal_count=44983 13014 31969 23618 11032 9638 1394 12586 3984 8602 2110 2849 1188 2244
is_linear=0
shrinkage=0.03


Tree=53
num_leaves=15
num_cat=0
split_feature=18 9 6 6 15 2 10 6 7 11 7 3 18 10
split_gain=45.7381 40.3488 36.3445 64.4301 80.3931 46.8253 39.5847 36.3653 33.0698 30.4201 33.3028 29.941 34.0714 29.0932
threshold=6.191924643109858 0.074438493324358271 0.015539518571321067 0.010504519913685961 -0.005327033835309968 -0.014617005585436214 1.7580221275302967 0.0057823244778716747 0.50006809832474786 53.834824782059272 0.44450898600477146 0.002785794287667787 7.8726737247201894 1.4750506530710505
decision_type=2 2 2 2 2 2 2 2 2 2 2 2 2 2
left_child=1 13 3 4 7 -4 -5 -2 -7 11 -11 12 -6 -1
right_child=2 -3 5 6 9 8 -8 -9 -10 10 -12 -13 -14 -15
leaf_value=0.0054385008144319409 0.0084160889860222451 -0.013189755374460417 0.0043384461137134823 -0.0078368844849524208 0.0097355163272942087 -0.01808959044602803 0.019614948446597162 -0.015424066859897174 -0.0010503023531611836 -0.018430486763488411 0.0041279355302061361 0.019341189807077639 -0.014541181805887433 -0.0069269276942153183
leaf_weight=2283.661507114768 71.193654909729958 119.65805026888847 1928.3038060516119 1755.6265923529863 265.96057826280594 104.31697082519531 46.722486808896065 276.78275622427464 2876.5544762760401 71.195867732167244 299.54690298438072 220.42775243520737 62.699038803577423 183.42443931102753
leaf_count=9280 305 507 8015 7908 1114 473 208 1268 12592 305 1256 910 261 756
internal_value=0.000220716 0.00368577 -0.000903229 -0.00346236 0.00171815 0.000697987 -0.00710429 -0.0105263 -0.00165833 0.00636308 -0.000279735 0.010833 0.00504426 0.00451428
internal_weight=10566.1 2586.74 7979.33 3070.16 1267.81 4909.18 1802.35 347.976 2980.87 919.83 370.743 549.087 328.66 2467.09
internal_count=45158 10543 34615 13535 5419 21080 8116 1573 13065 3846 1561 2285 1375 10036
is_linear=0
shrinkage=0.03


Tree=54
num_leaves=15
num_cat=0
split_feature=18 9 9 7 4 10 7 12 3 10 3 7 10 15
split_gain=41.4305 33.292 28.5231 28.7792 28.2369 27.7269 30.8901 27.5797 31.895 30.0338 29.3414 29.6723 28.1888 27.8062
threshold=6.9804493930170421 0.065284071846037309 0.016479958335961612 0.6040807085361638 -0.053343439530131868 2.6934304668178561 1.6083670471269438 -0.011529651916017845 0.031410583094707227 0.78639926932700444 0.13469199716151417 0.66899437955823438 1.5058082290249339 -0.014238741729282188
decision_type=2 2 2 2 2 2 2 2 2 2 2 2 2 2
left_child=2 -2 4 -4 -1 6 7 8 12 10 11 -10 -6 -11
right_child=1 -3 3 -5 5 -7 -8 -9 9 13 -12 -13 -14 -15
leaf_value=0.021255010424235894 -0.0029473544367668637 0.01684827970585542 -0.0088034534266923006 0.00022182098890116022 0.0044267821257004576 0.023960286174115112 -0.018962916143889737 0.016879533636736856 -0.0068207050547601728 0.0068335227219611982 0.021868871262879338 0.0073249289742641629 -0.010570900012115556 -0.0078825946802113869
leaf_weight=71.300003558397293 3463.6429493576288 76.220256581902504 382.51814503967762 1837.074119463563 2955.8401586860418 51.516349136829376 59.072040975093842 115.31940938532352 236.64309948682785 137.90684558451176 67.089198231697083 300.85773952305317 115.40456642210484 670.81054618954659
leaf_count=290 15257 331 1621 7809 12337 219 247 484 1000 573 282 1265 483 2867
internal_value=0.000132361 -0.00251184 0.0014696 -0.00134009 0.00277381 0.00248517 0.00223753 0.00251791 0.00214124 -0.00158682 0.00346461 0.0010949 0.00385672 -0.00536246
internal_weight=10541.2 3539.86 7001.35 2219.59 4781.76 4710.46 4658.94 4599.87 4484.55 1413.31 604.59 537.501 3071.24 808.717
internal_count=45065 15588 29477 9430 20047 19757 19538 19291 18807 5987 2547 2265 12820 3440
is_linear=0
shrinkage=0.03


Tree=55
num_leaves=15
num_cat=0
split_feature=9 13 12 13 12 4 3 13 4 9 10 6 13 7
split_gain=31.3309 67.1433 33.48 39.8795 30.7228 30.2072 28.1429 37.3543 26.029 25.7378 24.9849 44.1578 40.9891 41.1735
threshold=-0.017857443523816321 0.54639025100036398 -0.16203227868162481 0.063226755104187085 -0.25444789273574886 -0.050286099765245999 0.037669827300517857 0.028249347760074931 -0.053343439530131868 0.023309218073020391 0.55882848182296019 0.014313363985710802 0.066286713423517565 0.41547298199046884
decision_type=2 2 2 2 2 2 2 2 2 2 2 2 2 2
left_child=1 8 3 4 -2 -4 7 -7 -1 -6 12 -12 -9 -14
right_child=2 -3 5 -5 9 6 -8 10 -10 -11 11 -13 13 -15
leaf_value=0.020815562883179477 -0.010886730693447078 0.032466142438747486 0.021777255661530225 -0.0091357717371636608 0.0025975900647857817 -0.0066710518266352948 -0.002623621363263873 0.019065077491616164 0.0016111758833091999 0.024920202798437652 -0.0033061484699748226 0.0046158371307267769 -0.020949936185903656 0.0062871043248443085
leaf_weight=62.9200579226017 90.159937262535095 64.631216689944267 54.477071449160576 815.004229798913 144.01731225848198 446.69713854789734 2636.4325159490108 200.11750024557114 2987.9908846765757 67.031953886151314 1095.4718467742205 1495.4164534062147 55.708287164568901 370.61945153772831
leaf_count=256 384 266 222 3517 606 1913 11620 831 12569 280 4714 6285 237 1567
internal_value=0.000146308 0.00267262 -0.000907621 -0.00569453 0.00361553 -6.52972e-05 -0.00026101 0.0014395 0.00202061 0.00985492 0.00256902 0.00126632 0.00793561 0.00264683
internal_weight=10586.7 3115.54 7471.15 1116.21 301.209 6354.94 6300.46 3664.03 3050.91 211.049 3217.33 2590.89 626.445 426.328
internal_count=45267 13091 32176 4787 1270 27389 27167 15547 12825 886 13634 10999 2635 1804
is_linear=0
shrinkage=0.03


Tree=56
num_leaves=15
num_cat=0
split_feature=18 6 12 3 10 6 6 9 12 10 14 11 9 12
split_gain=43.093 33.1301 39.9127 30.284 29.8119 36.9444 62.4126 46.0323 46.8338 54.3438 43.1005 32.4975 29.2695 32.0945
threshold=6.9353862857146469 0.020185341973144592 -0.28868627450980383 0.0081151868517133092 1.0831699858167765 0.016302285336656626 0.0094220761167633071 -0.020272230492845763 -0.13841378137890767 0.69200824009222117 -0.026613866716906461 65.558661889485492 -0.020727726001449755 -0.046935382764970106
decision_type=2 2 2 2 2 2 2 2 2 2 2 2 2 2
left_child=1 2 -1 -4 5 6 -2 -7 -9 -10 -11 -6 -5 -14
right_child=4 -3 3 12 11 7 -8 8 9 10 -12 -13 13 -15
leaf_value=-0.022249121819399861 0.0050802291484377858 0.0056638220208826227 0.0028896253198916768 0.0037036928213894402 -0.0075660634358531891 0.015043153425737452 -0.0093116124752022199 -0.0089053528177025897 0.027737659320237824 0.023142094019679243 -0.0032887347231285702 0.0040037248455553264 -0.0072004669359054321 0.00063612675916602072
leaf_weight=66.939334884285927 432.6190078407526 1361.6959342360497 2785.4045616090298 679.99900811910629 1319.0360924005508 250.22337035834789 720.27691613137722 301.58366239070892 84.227315336465836 65.332479745149612 314.86234533786774 260.48066420853138 1006.8292412310839 880.61784310638905
leaf_count=293 1814 5698 11661 2825 5872 1037 3297 1298 365 273 1386 1171 4305 3741
internal_value=5.74084e-05 0.00148416 0.000432338 0.000724182 -0.00252307 -0.000239047 -0.00391169 0.00392701 0.000266095 0.00623444 0.00135046 -0.00565542 -0.00162551 -0.00354738
internal_weight=10530.1 6781.49 5419.79 5352.85 3748.64 2169.13 1152.9 1016.23 766.006 464.422 380.195 1579.52 2567.45 1887.45
internal_count=45036 28523 22825 22532 16513 9470 5111 4359 3322 2024 1659 7043 10871 8046
is_linear=0
shrinkage=0.03


Tree=57
num_leaves=15
num_cat=0
split_feature=18 10 7 12 5 13 18 13 17 13 7 18 10 13
split_gain=46.6284 30.0899 24.644 28.9003 33.4809 31.4396 29.4431 45.7301 28.6508 26.9782 26.1161 33.36 30.0368 25.8874
threshold=6.9620727611598747 2.9266881979313846 0.32359527485200618 -0.023827326783842081 0.0075856392335167397 0.068655496984994083 5.5380222183673196 0.11458333333333338 -0.9159756150367534 0.065537166156423257 1.0088293315620114 6.4295203484336083 0.35283088983095129 0.12576250962310512
decision_type=2 2 2 2 2 2 2 2 2 2 2 2 2 2
left_child=1 2 9 4 8 -6 7 -7 -4 -1 12 -12 -10 -13
right_child=-2 -3 3 -5 5 6 -8 -9 10 -11 11 13 -14 -15
leaf_value=0.0058505154797141318 -0.0027627330567299474 0.017515056369248942 0.010024143016316257 0.0076245563276535555 -0.017215217790752083 -0.0044854239159910578 -0.0019833558601924798 0.032460871923485901 0.0099676784546203108 -0.019977224256755795 0.0007889576217379766 0.0074389199515872088 -0.0011915015353386987 0.024008802891058223
leaf_weight=56.179138496518135 3593.7953735738993 101.36773608624935 416.01214250922203 622.53067488968372 113.54975333809853 61.954888239502907 2114.2008416950703 55.96318630874157 240.31203773617744 97.629844605922699 520.60738159716129 305.94368951022625 2083.2334171235561 117.17512214183807
leaf_count=236 15856 430 1735 2625 479 252 9019 227 998 415 2135 1294 8740 480
internal_value=7.77385e-06 0.00144976 0.00120538 0.00148123 0.000844569 -0.00195586 -0.00116489 0.013298 0.0026281 -0.0105896 0.00168082 0.00588366 -2.97867e-05 0.012119
internal_weight=10500.5 6906.66 6805.29 6651.48 6028.95 2345.67 2232.12 117.918 3683.28 153.809 3267.27 943.726 2323.55 423.119
internal_count=44921 29065 28635 27984 25359 9977 9498 479 15382 651 13647 3909 9738 1774
is_linear=0
shrinkage=0.03


Tree=58
num_leaves=15
num_cat=0
split_feature=3 6 7 12 6 7 13 7 11 13 7 6 9 2
split_gain=21.677 42.1577 48.1675 37.1601 29.4611 30.1863 44.8585 33.8074 31.3845 31.1764 43.283 29.395 28.292 27.8501
threshold=0.074507365203881695 0.015127776778867967 0.67253861091686018 -0.037343085246073764 0.024357255202295029 0.84185447472040031 0.22071129707112971 1.0088293315620114 68.487908460821856 0.25460424011684429 0.64099925479536557 0.022665923935395776 0.0079346213404467587 0.027310412051657854
decision_type=2 2 2 2 2 2 2 2 2 2 2 2 2 2
left_child=1 3 11 -1 5 9 7 -7 -8 10 -2 13 -13 -3
right_child=4 2 -4 -5 -6 6 8 -9 -10 -11 -12 12 -14 -15
leaf_value=-0.002549352102212315 -0.02453622226369238 -0.010855856802118166 0.0047841161478628111 0.0040705134675375438 0.0017019974135687498 -0.012576176413729781 -0.01935896264536844 0.0070649849820044177 0.00073995611443584844 0.0082711753571765856 0.0014222574750960783 0.010890286105355109 -0.01265043101279454 0.0095244200530872278
leaf_weight=3426.9755674898624 81.851662367582321 420.17474526166916 3194.253974199295 979.73880432546139 905.7592336088419 128.30507415533066 350.79558625817299 197.83345620334148 87.02570304274559 234.944217056036 185.49681170284748 176.9775996953249 59.97244581580162 68.824569702148438
leaf_count=14761 360 1782 13343 4095 4053 568 1559 870 377 1032 811 751 256 297
internal_value=0.000240519 0.000936784 0.00319919 -0.00107639 -0.00242718 -0.00537884 -0.00912685 -0.000691535 -0.0153787 0.000335267 -0.00664839 -0.00376862 0.00487608 -0.00796031
internal_weight=10498.9 8326.92 3920.2 4406.71 2172.01 1266.25 763.96 326.139 437.821 502.293 267.348 725.949 236.95 488.999
internal_count=44915 35285 16429 18856 9630 5577 3374 1438 1936 2203 1171 3086 1007 2079
is_linear=0
shrinkage=0.03


Tree=59
num_leaves=15
num_cat=0
split_feature=4 12 14 8 7 11 7 13 17 7 14 15 11 5
split_gain=21.2325 28.2371 25.3426 21.6718 21.4959 20.6003 28.7413 26.8586 46.8445 42.4872 43.6951 40.0326 21.7409 30.0806
threshold=-0.044479886452410793 -0.20535986182889679 -0.11573092084846036 -0.021292145597635755 0.90377534101898982 27.044229352277963 0.77002601046544106 0.065537166156423257 -0.78656609248549325 0.39254883623050557 -0.017379293279821791 0.012932373174746383 65.558661889485492 0.044601441435242813
decision_type=2 2 2 2 2 2 2 2 2 2 2 2 2 2
left_child=1 3 -2 -1 -3 6 -4 8 11 10 -9 -7 13 -11
right_child=2 4 5 -5 -6 7 -8 9 -10 12 -12 -13 -14 -15
leaf_value=0.010913962448591941 -0.020094752752562031 7.0705989922496048e-05 0.0069649405296855031 -0.010731275135397731 0.020537627202571258 0.014149036349339601 -0.021250461470776631 0.0083800592644111809 0.00078425218965719949 -0.00017751683013843666 -0.020911623062711989 -0.01236393596858763 0.0041151600446059384 -0.0060646615232749397
leaf_weight=67.188383609056473 55.209559068083763 66.971176460385323 48.76391227543354 102.6423377841711 146.89423836767673 431.22935724258423 90.815935537219048 60.659360438585281 2218.1452699452639 5248.1087186187506 174.54637540876865 56.577415525913239 829.05631975829601 915.74126122891903
leaf_count=276 234 272 208 434 600 1818 401 255 9406 22357 754 243 3600 4125
internal_value=7.88068e-05 0.00698733 -0.000184226 -0.00214063 0.0141885 -7.11374e-05 -0.0114339 9.07864e-05 0.00263915 -0.000863697 -0.0133504 0.011036 -0.000440012 -0.00105383
internal_weight=10512.5 383.696 10128.9 169.831 213.865 10073.6 139.58 9934.06 2705.95 7228.11 235.206 487.807 6992.91 6163.85
internal_count=44983 1582 43401 710 872 43167 609 42558 11467 31091 1009 2061 30082 26482
is_linear=0
shrinkage=0.03


Tree=60
num_leaves=15
num_cat=0
split_feature=18 6 13 6 15 6 15 6 9 13 2 16 18 18
split_gain=52.535 39.0752 53.0416 43.9051 73.475 44.5644 43.0902 56.4508 31.5796 29.5018 25.8659 35.8856 33.1259 26.4022
threshold=6.191924643109858 0.016302285336656626 0.060113331023088919 0.010347233610507977 -0.010115852788063149 0.0057823244778716747 -0.017457379556440774 0.035080590691023962 0.074438493324358271 0.3176960873363957 0.020628094923026866 0.25881904510252091 5.9064529865560571 5.5380222183673196
decision_type=2 2 2 2 2 2 2 2 2 2 2 2 2 2
left_child=8 3 -3 4 5 -2 7 9 10 -4 -1 12 13 -12
right_child=1 2 6 -5 -6 -7 -8 -9 -10 -11 11 -13 -14 -15
leaf_value=0.0026384367391816613 0.012357399205298549 0.0093954331066501019 0.013469610495378734 -0.0061796301201655314 0.0044950664178166821 -0.020453398181653027 -0.0020073320800658707 -0.012949353617162511 -0.011532808807200914 -0.002970973229236422 0.012358721502574896 0.017475827395795052 0.013655487241223037 -0.011937063378942618
leaf_weight=1819.034098342061 44.828858360648155 543.39245989918709 458.62045665085316 2182.0462952703238 990.05617552995682 189.3949618935585 3304.7107757776976 114.08234170079231 114.54695470631123 124.04762277007103 54.444048851728439 287.10465976595879 148.80749705433846 139.39983728528023
leaf_count=7393 196 2238 1890 9825 4137 894 14343 509 488 526 220 1169 606 569
internal_value=2.08625e-06 -0.00120203 0.000618721 -0.0036303 0.000916075 -0.0141222 -0.000577241 0.00619206 0.00373516 0.00997129 0.00445818 0.00968945 0.00310176 -0.00505669
internal_weight=10514.5 7951.18 4544.85 3406.33 1224.28 234.224 4001.46 696.75 2563.34 582.668 2448.79 629.756 342.651 193.844
internal_count=45003 34558 19506 15052 5227 1090 17268 2925 10445 2416 9957 2564 1395 789
is_linear=0
shrinkage=0.03


Tree=61
num_leaves=15
num_cat=0
split_feature=18 13 6 18 13 10 10 13 18 18 10 12 13 15
split_gain=40.1826 42.7316 35.3995 35.4277 38.1602 33.3446 32.32 55.4343 45.2518 46.49 33.8655 28.506 31.1589 58.9849
threshold=6.3010607010745172 0.37119146496876293 0.01970685084849046 6.8527379554314525 0.089091637819867744 0.80908100843030295 0.94917637301619873 0.19679567175218263 7.6256146430630647 7.1801079975898583 0.59645235000082419 -0.26374093036320939 0.065537166156423257 -0.024548235649689328
decision_type=2 2 2 2 2 2 2 2 2 2 2 2 2 2
left_child=1 -1 11 4 -4 -6 7 10 9 -9 -5 -2 13 -13
right_child=2 -3 3 6 5 -7 -8 8 -10 -11 -12 12 -14 -15
leaf_value=0.0025062056641379222 -0.025748192660585468 0.029951304692723415 0.018710375539685405 -0.030030815861506042 -0.0050496423640266222 0.0072359457056972755 -0.0036600613818135968 0.018113478680508013 0.030277783532104086 -0.0065424517962055046 -0.00078068859312560666 -0.014042202177560938 -0.0045214950926459616 0.0027225488800830758
leaf_weight=3014.150837123394 46.128895089030266 49.961268186569214 170.49072659015656 45.683001697063446 290.73008893430233 619.2282682955265 1291.0695734769106 134.67555151879787 88.461170271039009 137.08110444247723 141.30892787873745 213.8509183973074 2730.1694705039263 1509.8989818990231
leaf_count=12335 210 202 697 201 1219 2616 5708 576 382 592 587 977 12082 6509
internal_value=8.39668e-05 0.00297295 -0.00110972 0.00146282 0.00576873 0.00330826 -0.0010715 0.00502697 0.0118843 0.00571945 -0.00816881 -0.00277819 -0.00252884 0.000628826
internal_weight=10482.9 3064.11 7418.78 2918.73 1080.45 909.958 1838.28 547.21 360.218 271.757 186.992 4500.05 4453.92 1723.75
internal_count=44893 12537 32356 12578 4532 3835 8046 2338 1550 1168 788 19778 19568 7486
is_linear=0
shrinkage=0.03


Tree=62
num_leaves=15
num_cat=0
split_feature=18 10 9 13 13 7 3 18 18 6 13 3 6 15
split_gain=33.8654 32.6197 53.4734 42.1985 69.472 30.1899 54.3871 36.1318 32.0032 32.1476 41.7854 34.9249 30.9632 46.1583
threshold=6.9804493930170421 0.6608634470347039 0.035131974092244729 0.21616999474138135 0.035687628326676053 0.59581872970281313 0.1167992677462505 6.3010607010745172 5.4465394376878438 0.015011470498888306 0.23727653721209277 0.069129428523151695 0.010504519913685961 -0.0065652581458479622
decision_type=2 2 2 2 2 2 2 2 2 2 2 2 2 2
left_child=5 2 3 4 -2 6 7 -1 -7 12 11 -11 13 -10
right_child=1 -3 -4 -5 -6 8 -8 -9 9 10 -12 -13 -14 -15
leaf_value=0.00031352333067307975 0.019873697441707205 -0.0037541781180072905 0.030275376277870802 0.013730770765758162 -0.010385217995311339 0.013411684528950809 0.026957200473756507 -0.010214386180485159 -0.0083732943468820663 0.0075455471288827175 -0.0018309453794327355 -0.00233774222902524 -0.0030981250147173105 0.009315215714842744
leaf_weight=662.25953528285027 83.981646597385406 2888.3457822799683 59.729058012366295 163.07028771936893 330.75109162926674 215.60546764731407 50.153379395604134 524.58528822660446 180.57857684791088 1864.3007464259863 889.94121867418289 387.85567690432072 1705.5015539675951 486.47418451309204
leaf_count=2719 353 12813 254 710 1454 873 211 2293 790 7713 3797 1678 7270 2006
internal_value=-3.74571e-06 -0.00239872 0.00373475 0.000896206 -0.00419194 0.0012086 -0.0030384 -0.00434917 0.00212615 0.00168022 0.00366966 0.00584293 -0.000955377 0.00451602
internal_weight=10493.1 3525.88 637.532 577.803 414.733 6967.26 1237 1186.84 5730.26 5514.65 3142.1 2252.16 2372.55 667.053
internal_count=44934 15584 2771 2517 1807 29350 5223 5012 24127 23254 13188 9391 10066 2796
is_linear=0
shrinkage=0.03


Tree=63
num_leaves=15
num_cat=0
split_feature=9 13 13 6 16 11 7 7 6 10 13 7 6 5
split_gain=21.4554 22.9353 50.6687 29.7804 34.9911 27.6729 25.3982 57.0063 26.9712 24.712 24.9352 37.639 24.7174 42.4823
threshold=0.0042517789413308313 0.24209106693355167 0.1639300778362395 0.016634795450167338 -0.37940952255126059 77.596107970244802 0.90965690894574103 0.64099925479536557 0.026557423210355747 0.60887935032068685 0.066286713423517565 0.44450898600477146 0.014313363985710802 -0.0063873264285890232
decision_type=2 2 2 2 2 2 2 2 2 2 2 2 2 2
left_child=-1 2 9 4 -4 6 7 -3 -9 10 -2 -12 13 -11
right_child=1 5 3 -5 -6 -7 -8 8 -10 12 11 -13 -14 -15
leaf_value=0.0011614002497077971 0.0096316478536465095 -0.014685138389795054 -0.015110059581139533 0.011193391962534095 0.0060561385737645307 0.013020961328639356 -0.010378527228760738 0.0019385381635871372 0.023451719651638697 -0.016027998813695099 -0.022191180884198226 0.0022582166309466378 -0.00067985323501686796 -0.0029182841478211192
leaf_weight=5858.0748999863863 273.82667464017868 172.97710406780243 101.17393690347672 463.56942467391491 218.5908732265234 68.443044930696487 618.88569691777229 227.86420205235481 66.29823462665081 332.05715483427048 67.464298874139786 306.14199171960354 1035.6383228302002 669.53261844813824
leaf_count=24905 1139 757 440 1982 951 302 2787 996 292 1474 292 1308 4409 2874
internal_value=-4.41827e-05 -0.00157187 -0.000351627 0.00635177 -0.000693163 -0.00523049 -0.00640254 -0.00111321 0.0069128 -0.00231083 0.00278862 -0.00225141 -0.00393258 -0.00728783
internal_weight=10480.5 4622.46 3468 783.334 319.765 1154.47 1086.03 467.14 294.162 2684.66 647.433 373.606 2037.23 1001.59
internal_count=44908 20003 14869 3373 1391 5134 4832 2045 1288 11496 2739 1600 8757 4348
is_linear=0
shrinkage=0.03


Tree=64
num_leaves=15
num_cat=0
split_feature=18 6 12 13 18 16 12 10 6 15 13 4 10 12
split_gain=36.3995 38.8681 41.573 27.6495 41.6756 26.7763 26.4861 41.6488 40.1087 33.5709 29.1007 36.5712 31.9816 26.0943
threshold=6.9353862857146469 0.020494876021043443 -0.28868627450980383 0.1337042063969304 6.7852162938715184 -0.5 -0.16203227868162481 0.6608634470347039 0.018498959543003353 0.012932373174746383 0.28445218879921746 -0.0021231462488396908 0.72636744825418387 -0.023827326783842081
decision_type=2 2 2 2 2 2 2 2 2 2 2 2 2 2
left_child=1 2 -1 4 -3 -4 10 8 9 -8 11 -2 -12 -7
right_child=6 3 5 -5 -6 13 7 -9 -10 -11 12 -13 -14 -15
leaf_value=-0.022332089000149019 -0.0075893156990877566 0.019602868544906667 -0.0022345313088656996 0.0036961591412700981 -0.0044911561470458551 0.0014352892455690022 0.0068965459868715918 -0.0023828507985910637 0.029930827987063369 -0.019723294567871356 0.015731372799987736 -0.029598686195738421 -0.0081682678408558727 0.0096396467403367051
leaf_weight=68.420948266983032 299.68909659981728 257.69458939135075 1714.7620561718941 949.2843227237463 85.140593737363815 3344.2610656172037 373.09959027171135 2657.8478694707155 59.110352471470833 46.160046949982643 81.123437613248825 86.797471389174461 126.00726312398911 387.70547702908516
leaf_count=303 1287 1054 7235 3993 356 14081 1613 11830 250 203 350 393 578 1626
internal_value=0.000364205 0.00166922 0.000571068 0.00634833 0.013628 0.000866866 -0.00201718 -0.000915144 0.00721548 0.003886 -0.00781686 -0.0126591 0.00125304 0.00229233
internal_weight=10537.1 6807.27 5515.15 1292.12 342.835 5446.73 3729.84 3136.22 478.37 419.26 593.617 386.487 207.131 3731.97
internal_count=45152 28648 23245 5403 1410 22942 16504 13896 2066 1816 2608 1680 928 15707
is_linear=0
shrinkage=0.03


Tree=65
num_leaves=15
num_cat=0
split_feature=18 6 16 15 6 4 13 5 5 18 13 9 13 15
split_gain=35.8225 32.1795 35.8783 51.4068 31.7262 38.7477 31.7242 30.6179 29.1371 27.1001 37.4244 27.6261 39.6907 31.4816
threshold=6.2601674140134955 0.019089778633983135 -0.5 -0.02403188588053062 0.0092282360040068529 -0.0040431956870941579 0.35595698820649962 0.012229642927933828 -0.030842734398528689 6.8599106008785951 0.12315519617997374 -0.017857443523816321 0.44372177451527978 0.0085332971871672231
decision_type=2 2 2 2 2 2 2 2 2 2 2 2 2 2
left_child=6 2 3 -2 5 -5 8 -4 -1 10 -3 12 13 -11
right_child=1 9 7 4 -6 -7 -8 -9 -10 11 -12 -13 -14 -15
leaf_value=0.011654933482068365 -0.024721787883728391 0.013335741176715106 0.0010160759998128488 0.023007678935981258 -0.0074941785994128759 -0.0027274818228491967 0.025599316551403399 -0.0054039766481417681 0.0013459861411239116 0.0065022151812788751 0.0015382608826254851 -0.0028427451956804938 0.030366616614712755 -0.018001675875188146
leaf_weight=271.28323796391487 129.38088892400265 321.81648701429367 2108.6091479361057 70.112014293670654 954.60334733128548 193.88182218372822 51.832754716277122 976.6259219199419 2550.6743667125702 270.07333679497242 960.42323866486549 1573.4843645393848 50.61952830851078 55.11396712064743
leaf_count=1095 604 1321 9190 290 4282 800 209 4360 10420 1120 4053 6976 210 233
internal_value=-7.3815e-05 -0.00114483 -0.00280392 -0.00688312 -0.00495175 0.00422892 0.00278151 -0.00101837 0.00234457 0.00113155 0.00451535 -0.00109665 0.00619049 0.00226455
internal_weight=10538.5 7664.74 4433.21 1347.98 1218.6 263.994 2873.79 3085.24 2821.96 3231.53 1282.24 1949.29 375.807 325.187
internal_count=45163 33439 19526 5976 5372 1090 11724 13550 11515 13913 5374 8539 1563 1353
is_linear=0
shrinkage=0.03


Tree=66
num_leaves=15
num_cat=0
split_feature=18 6 6 6 15 11 6 4 6 15 12 16 11 2
split_gain=28.8504 29.571 27.7504 30.4727 63.8073 35.3006 30.3037 39.3659 28.6458 28.5117 40.5312 40.2372 28.37 25.2996
threshold=6.2231967324372919 0.022965402058314113 0.01970685084849046 0.010347233610507977 -0.0049012426417167623 55.003422490425436 0.013648443398313946 -0.0060287523995928285 0.0057823244778716747 -0.017925318242955509 -0.11977964383826832 -0.25881904510252113 37.607893731354004 -0.11426199100120692
decision_type=2 2 2 2 2 2 2 2 2 2 2 2 2 2
left_child=1 -1 3 4 8 -6 -5 9 -2 10 11 -8 -4 -14
right_child=2 -3 12 6 5 -7 7 -9 -10 -11 -12 -13 13 -15
leaf_value=0.0023168379281923472 0.0076865039391047366 0.025221162261989491 0.008937335544378611 -0.0080998225424648192 0.01062314973612993 -0.0020282773587287778 -0.021074957096606874 -0.0048946632780402415 -0.013906096635579892 -0.00051765006537556578 0.022603158100193008 0.010567793973590846 -0.015624470026939055 0.00085560822702239372
leaf_weight=2664.8808756172657 68.819632530212402 49.744863048195839 392.89178930222988 983.49951489269733 561.47087968885899 305.57619324326515 51.51995638012886 1593.7788732498884 258.1987507045269 749.03223113715649 132.98869988322258 109.55548225343227 84.777738273143768 2472.901851862669
leaf_count=10856 293 201 1609 4501 2331 1286 220 7083 1201 3217 557 454 367 10742
internal_value=9.37784e-05 0.00275481 -0.000836982 -0.00224062 0.00191293 0.00616996 -0.00361084 -0.00193167 -0.00934292 0.00259628 0.0104779 0.000312521 0.0014533 0.000297572
internal_weight=10479.6 2714.63 7765.01 4814.44 1194.07 867.047 3620.37 2636.88 327.018 1043.1 294.064 161.075 2950.57 2557.68
internal_count=44918 11057 33861 21143 5111 3617 16032 11531 1494 4448 1231 674 12718 11109
is_linear=0
shrinkage=0.03


Tree=67
num_leaves=15
num_cat=0
split_feature=18 4 3 15 18 10 13 12 13 12 3 18 16 3
split_gain=27.4568 23.9332 31.6874 28.7489 48.4117 36.2657 31.7511 30.209 52.7047 27.9356 24.4355 24.7927 23.8371 22.9402
threshold=6.2131409386837282 -0.0014538628237391047 -0.068308719208429611 -0.017925318242955509 7.7541145639267866 0.73009761868930789 0.32264974484593717 -0.18258387225524417 0.057735344974086507 -0.056275656210973128 0.040847899823426743 7.1335369654719578 1.0000000180025095e-35 0.0016257963505597053
decision_type=2 2 2 2 2 2 2 2 2 2 2 2 2 2
left_child=13 2 -2 4 7 6 9 -4 12 -5 11 -7 -9 -1
right_child=1 -3 3 5 -6 10 -8 8 -10 -11 -12 -13 -14 -15
leaf_value=0.005802923008461274 -0.0042571545111833708 -0.0024083448195618496 -0.0082570505820584519 0.0010242015644960449 -0.011187772712116892 0.0043945302270170022 0.021595710425268654 -0.013337337460295643 0.019513160768424583 0.018440410995395333 -0.0077611041811783852 -0.0051453468570982486 0.0087095668866896889 0.00019787387014524963
leaf_weight=1191.8414991348982 832.93068763613701 4067.6424751132727 65.623376622796059 565.61867302656174 104.10368394851685 605.94815503060818 99.835418939590454 72.6833136677742 369.89568299055099 95.177875205874443 462.0604949593544 408.89826357364655 105.91301609575748 1462.2505052536726
leaf_count=4834 3568 17955 280 2445 475 2571 418 328 1547 406 2052 1766 464 5971
internal_value=8.04359e-05 -0.00081085 0.00090463 0.00236111 0.0075744 0.000682451 0.00599577 0.0107809 0.0130804 0.00358082 -0.00205841 0.000548197 -0.000311196 0.00271734
internal_weight=10510.4 7856.33 3788.69 2955.76 718.219 2237.54 760.632 614.115 548.492 660.797 1476.91 1014.85 178.596 2654.09
internal_count=45080 34275 16320 12752 3094 9658 3269 2619 2339 2851 6389 4337 792 10805
is_linear=0
shrinkage=0.03


Tree=68
num_leaves=15
num_cat=0
split_feature=18 9 7 3 12 5 6 18 12 18 6 18 7 12
split_gain=30.3235 30.7422 29.6447 50.9834 35.7226 47.8709 41.0277 45.1629 33.7819 66.2908 40.3651 34.4428 32.0317 31.6881
threshold=6.9804493930170421 0.065284071846037309 0.59581872970281313 0.11417682638897643 -0.09349916584952854 -0.004507632568315211 0.0073009159797119598 6.1479677970287456 -0.11313211226185914 6.7852162938715184 0.030024430435221482 5.3815744803939554 1.0088293315620114 -0.14838584863859597
decision_type=2 2 2 2 2 2 2 2 2 2 2 2 2 2
left_child=2 -2 3 4 -1 -6 -7 -8 9 12 -11 -10 13 -4
right_child=1 -3 8 -5 5 6 7 -9 11 10 -12 -13 -14 -15
leaf_value=-0.0079833358889435883 -0.002774241613002779 0.015947038127918832 0.011031188328351607 0.02568808243936338 0.022790236517074711 -0.019318970123374059 0.020306924252661628 -0.007451902702228866 0.01465542592678697 -0.0002021607376218777 -0.024091763496167616 4.382098716696261e-06 0.015593200725758226 -0.00043065210123253522
leaf_weight=807.2403179705143 3439.223815113306 78.828088790178299 444.21845564246178 50.939150348305702 84.395533367991447 89.526235058903694 91.701190248131752 118.99643194675446 147.83269301056862 257.60598039627075 82.561286211013794 3991.8114741146564 415.59400779008865 422.47385370731354
leaf_count=3425 15271 342 1841 213 349 372 372 521 597 1088 353 16915 1717 1765
internal_value=-7.42656e-05 -0.00234594 0.00106697 -0.00313193 -0.00440464 0.00310877 -0.00253806 0.00470682 0.00197339 0.0056397 -0.00610728 0.000534417 0.00876062 0.00545592
internal_weight=10522.9 3518.05 7004.9 1242.8 1191.86 384.619 300.224 210.698 5762.1 1622.45 340.167 4139.64 1282.29 866.692
internal_count=45141 15613 29528 5252 5039 1614 1265 893 24276 6764 1441 17512 5323 3606
is_linear=0
shrinkage=0.03


Tree=69
num_leaves=15
num_cat=0
split_feature=9 13 4 7 13 13 8 6 15 6 13 3 6 15
split_gain=25.6118 47.3727 26.3848 25.0164 31.008 24.4739 29.427 27.1845 34.9435 74.6144 40.9346 41.5002 36.1034 35.6706
threshold=-0.017857443523816321 0.54639025100036398 -0.053343439530131868 0.38116142924620766 0.068655496984994083 0.24209106693355167 -0.052790980884397674 0.015072072260027776 -0.0065652581458479622 0.010191620026182334 0.20582701115885907 -0.032344517514200831 0.010843159849652033 0.013435625794771868
decision_type=2 2 2 2 2 2 2 2 2 2 2 2 2 2
left_child=1 2 -1 4 -2 6 -5 8 12 13 11 -11 -8 -10
right_child=3 -3 -4 5 -6 -7 7 -9 9 10 -12 -13 -14 -15
leaf_value=0.020648295970925913 0.0030815714032308246 0.028263693843498867 0.0016063526697387392 0.0070424447766659556 -0.01879651234508091 -0.0033708358062818156 -0.020407602385663529 0.0021554091695421482 0.010503482290003512 0.0055150198543514328 0.016613309870093664 -0.0091957077831590333 -0.0035509957870809654 -0.0086425219795304709
leaf_weight=65.009378120303154 95.685208171606064 61.293901175260544 2930.9154230505228 577.76971942186356 145.28125192224979 1814.6208755224943 172.85851852595806 2362.4334110468626 563.20126517117023 211.68986813724041 72.24993534386158 905.76555608212948 333.6657989025116 102.07125496864319
leaf_count=266 400 251 12353 2447 634 8053 794 10041 2323 920 316 3988 1468 427
internal_value=0.000270103 0.00257708 0.00203305 -0.000688968 -0.0101551 -0.000365671 0.000663793 -0.00011901 -0.00239422 -0.000483777 -0.00498068 -0.00640405 -0.00936119 0.00754885
internal_weight=10414.5 3057.22 2995.92 7357.29 240.966 7116.33 5301.71 4723.94 2361.5 1854.98 1189.71 1117.46 506.524 665.273
internal_count=44681 12870 12619 31811 1034 30777 22724 20277 10236 7974 5224 4908 2262 2750
is_linear=0
shrinkage=0.03


Tree=70
num_leaves=15
num_cat=0
split_feature=4 18 12 8 5 3 5 7 15 2 15 8 18 15
split_gain=27.9604 34.7472 31.7174 27.3889 22.1993 26.1957 29.6411 31.1385 33.2085 30.4381 30.2951 28.9905 28.7577 28.5385
threshold=-0.028148134858948123 6.5002731504387219 -0.15576400949721889 -0.063581224154041008 -0.049164203561694257 0.045167992850425116 0.14659746555193234 0.83387456015402195 0.012932373174746383 0.017396556475752337 0.0049646625875219294 -0.0038911015534274225 6.5646800439671118 0.021865761350377436
decision_type=2 2 2 2 2 2 2 2 2 2 2 2 2 2
left_child=1 2 -1 -3 -2 13 7 10 -9 -10 -7 -8 -11 -6
right_child=4 3 -4 -5 5 6 11 8 9 12 -12 -13 -14 -15
leaf_value=0.026554748516855853 -0.011981662552795093 -0.012767878542410028 0.0060433823010796117 0.003262143621214852 0.0010271417019551519 0.0048084016263780921 0.025676229373958734 -0.0075410676887025683 -0.014403820495104367 0.02804602229259049 -0.0056605740716720301 0.0013458934980259388 0.0022122309041340497 -0.010438565737056517
leaf_weight=100.75234143435955 151.44860418140888 108.85593870282173 204.76170012354851 710.94396144151688 5951.9839499741793 611.7980367988348 57.203716263175011 1563.4133210480213 55.091494053602219 56.332115858793259 416.33955803513527 173.45678274333477 116.86126013100147 200.01180948317051
leaf_count=409 673 452 831 2973 25292 2675 259 6931 243 239 1815 786 531 867
internal_value=-0.000127078 0.00433635 0.0129363 0.00110773 -0.000664858 -0.00047605 -0.00274813 -0.00359516 -0.0059811 0.00467507 0.000566279 0.00754866 0.0108391 0.000651101
internal_weight=10479.3 1125.31 305.514 819.8 9353.94 9202.49 3050.5 2819.84 1791.7 228.285 1028.14 230.66 173.193 6152
internal_count=44976 4665 1240 3425 40311 39638 13479 12434 7944 1013 4490 1045 770 26159
is_linear=0
shrinkage=0.03


Tree=71
num_leaves=15
num_cat=0
split_feature=18 10 10 9 13 13 9 10 7 15 7 13 7 6
split_gain=26.1043 33.5749 39.3445 37.8941 33.6477 54.7114 30.461 39.1411 27.6546 24.8341 22.7565 22.913 23.8471 43.1036
threshold=7.1257877042398592 0.3601295804200258 0.62817561428720514 0.029490578900139178 0.038062336014017102 0.2231149041536358 0.016479958335961612 2.6934304668178561 0.6040807085361638 -0.0074262766855426312 1.5826866382563063 0.63115190024699241 0.66899437955823438 0.034062516240695603
decision_type=2 2 2 2 2 2 2 2 2 2 2 2 2 2
left_child=6 -2 3 4 -3 -6 7 10 9 -8 11 12 -1 -14
right_child=1 2 -4 -5 5 -7 8 -9 -10 -11 -12 -13 13 -15
leaf_value=-0.0015492228743588968 -0.027265841323568921 0.025074739906436994 -0.0033178380620546796 0.031622687278553573 -0.010638944883689128 0.017738076205607002 -0.02878193374134726 0.02251864720086693 -0.000349094961808445 -0.006122352902333505 -0.014539894790978319 0.01899882054418308 0.0036532935061280494 -0.01884904016193158
leaf_weight=1296.6261702030897 45.929020345211029 51.641597777605057 2438.8016684055328 47.513317808508873 176.96393772959709 90.891167029738426 47.996359020471573 82.672764778137207 1993.9631531387568 354.07509000599384 72.256189242005348 69.995380014181137 3614.3358029723167 76.312465533614159
leaf_count=5486 201 217 10889 205 784 394 207 357 8524 1516 304 294 15194 329
internal_value=8.14514e-05 -0.00236549 -0.00193876 0.00719362 0.00338657 -0.000949683 0.000999002 0.00228576 -0.00179972 -0.00895636 0.00195102 0.00219229 0.00194889 0.00317805
internal_weight=10460 2851.74 2805.81 367.01 319.497 267.855 7608.23 5212.2 2396.03 402.071 5129.53 5057.27 4987.27 3690.65
internal_count=44901 12690 12489 1600 1395 1178 32211 21964 10247 1723 21607 21303 21009 15523
is_linear=0
shrinkage=0.03


Tree=72
num_leaves=15
num_cat=0
split_feature=4 18 18 13 6 6 15 6 16 15 15 3 10 13
split_gain=29.5839 24.4511 24.4323 41.3052 23.6131 37.0012 46.8581 35.4844 32.2102 31.2937 29.9358 33.3828 28.3056 40.9606
threshold=-0.040492802355994 7.386801196202625 6.3010607010745172 0.37119146496876293 0.01736178779566969 0.010504519913685961 -0.010115852788063149 0.0057823244778716747 1.0000000180025095e-35 -0.017925318242955509 -0.025538145197604219 -0.016737637874605051 1.3390858492834214 0.18318641917779846
decision_type=2 2 2 2 2 2 2 2 2 2 2 2 2 2
left_child=1 -1 3 -2 5 6 7 -4 10 -10 -7 -12 -11 -14
right_child=2 -3 4 -5 -6 8 -8 -9 9 12 11 -13 13 -15
leaf_value=0.010124416677612217 0.0013023520727814056 -0.0055711957343079566 0.012557715544756943 0.027969539412987236 0.00029072732550972059 -0.025233729101390174 0.0039952675096364063 -0.017138272872097557 0.0088692747549674357 -0.0059470275009711176 0.00041129128840434835 -0.011502695047080092 -0.0046555361757492841 0.031671132017647943
leaf_weight=417.03724013268948 2977.0896225422621 112.13174618780613 43.742840602993965 51.217599853873253 3474.248932749033 94.420892328023911 956.41141457855701 178.60085183382034 194.25782872736454 919.6334248483181 312.7175784856081 652.15677808225155 69.337104797363281 44.304980739951134
leaf_count=1713 12177 475 192 207 15023 441 4013 871 844 4166 1409 3022 312 202
internal_value=-0.000108592 0.00679004 -0.000476101 0.00177153 -0.00145712 -0.0032085 0.00110806 -0.0112362 -0.00543251 -0.00211942 -0.00926056 -0.00764849 -0.00419846 0.00980974
internal_weight=10497.3 529.169 9968.14 3028.31 6939.83 3465.58 1178.76 222.344 2286.83 1227.53 1059.3 964.874 1033.28 113.642
internal_count=45067 2188 42879 12384 30495 15472 5076 1063 10396 5524 4872 4431 4680 514
is_linear=0
shrinkage=0.03


Tree=73
num_leaves=15
num_cat=0
split_feature=5 7 7 15 12 14 15 10 7 12 12 10 10 15
split_gain=19.2377 36.3354 37.6749 45.6839 33.837 33.6841 28.9345 26.2253 24.1348 46.8826 52.8696 32.0689 28.0093 28.3668
threshold=0.014287795392313953 0.39254883623050557 0.86526703001808103 0.0055678427050143151 -0.025080990973044944 0.042774779362735167 0.0098388700928904189 1.7941567377648056 1.0088293315620114 -0.078703050723501963 -0.27812376924887727 1.4598910073161853 0.98298744949033112 -0.0065652581458479622
decision_type=2 2 2 2 2 2 2 2 2 2 2 2 2 2
left_child=4 -2 3 5 8 -3 -4 -8 12 10 -10 -11 -1 -14
right_child=1 2 6 -5 -6 -7 7 -9 9 11 -12 -13 13 -15
leaf_value=0.00027948168284253321 -0.022785454753973197 0.0027513739954150912 -0.0055290922702021066 -0.0043274335952437791 0.013583443349156919 0.015425078663576262 -0.0017696668586969198 0.012732411299082078 -0.023109700290801879 -0.00036057795779376531 0.0077110858735486452 -0.018533404527848098 -0.01307983277070235 -0.00062221345070566109
leaf_weight=3907.518491640687 70.955172047019005 622.36128242313862 1840.4835010617971 556.89925672113895 180.46071055531502 269.62785793840885 400.79873788356781 153.6691682189703 50.282963797450066 436.20904171466827 1245.2069068104029 107.31647565960884 304.5914058983326 355.42665806412697
leaf_count=16593 311 2703 8117 2425 740 1173 1744 691 223 1878 5194 459 1334 1522
internal_value=-0.000145436 -0.00181047 -0.00141163 0.00240483 0.000844373 0.00660828 -0.00372057 0.00228086 0.00048141 0.00338132 0.00648103 -0.00400351 -0.000687142 -0.00639342
internal_weight=10501.8 3914.79 3843.84 1448.89 6587.01 891.989 2394.95 554.468 6406.55 1839.02 1295.49 543.526 4567.54 660.018
internal_count=45107 17164 16853 6301 27943 3876 10552 2435 27203 7754 5417 2337 19449 2856
is_linear=0
shrinkage=0.03


Tree=74
num_leaves=15
num_cat=0
split_feature=18 6 6 15 6 4 15 7 6 14 13 13 13 9
split_gain=23.6966 26.1874 51.7852 64.9098 47.1392 35.5014 36.9697 33.3244 39.0999 36.726 32.4576 32.0671 42.9407 43.1659
threshold=6.2131409386837282 0.015127776778867967 0.010504519913685961 -0.010115852788063149 0.0057823244778716747 -0.0013109692344681065 -0.017925318242955509 0.82304946109107935 0.035080590691023962 -0.062341609086051346 0.070066119791793016 0.065537166156423257 0.33821562586961246 -0.018241345201001648
decision_type=2 2 2 2 2 2 2 2 2 2 2 2 2 2
left_child=-1 2 3 4 -2 6 7 9 10 -3 -9 -8 -13 -14
right_child=1 5 -4 -5 -6 -7 11 8 -10 -11 -12 12 13 -15
leaf_value=0.0026085540414799522 0.013411320728220346 -0.02086869665133298 -0.0066762508152336331 0.0048428873304379085 -0.019446950827056844 -0.0018019866244575549 0.0074993444063905339 0.0033656636573690378 -0.011047233775373116 0.0076349820400261684 0.021684930722519778 -0.0044761370614794316 0.029565279329461219 0.0021846255967445491
leaf_weight=2660.6998271048069 48.159997999668121 58.212090194225311 1539.9051231890917 1011.6446873545647 185.8222499191761 2612.2124229073524 487.59161727130413 123.09515284001827 50.945501565933228 123.49577948451042 302.22272077202797 992.30991713702679 66.085339650511742 218.47324612736702
leaf_count=10831 210 240 7073 4237 907 11551 2027 505 229 513 1244 4221 273 967
internal_value=0.000164109 -0.000668032 -0.00300088 0.00154622 -0.0126275 0.000623346 0.00323802 0.00929553 0.0134511 -0.00162426 0.0164236 0.000971187 -0.00152952 0.00870542
internal_weight=10480.9 7820.18 2785.53 1245.63 233.982 5034.64 2422.43 657.971 476.263 181.708 425.318 1764.46 1276.87 284.559
internal_count=45028 34197 12427 5354 1117 21770 10219 2731 1978 753 1749 7488 5461 1240
is_linear=0
shrinkage=0.03


Tree=75
num_leaves=15
num_cat=0
split_feature=18 5 5 7 18 13 15 3 10 13 12 10 14 16
split_gain=21.3788 23.086 28.0915 35.3974 61.0121 36.0665 58.7926 31.9895 37.9645 34.5335 31.4484 30.2238 26.6925 25.9549
threshold=6.191924643109858 0.14659746555193234 0.011498101495177606 0.92690583213180078 8.0431102847822427 0.098543032275251755 -0.01807854320704649 -0.063964266381362198 0.78639926932700444 0.045251029211173195 -0.32292192299467776 1.1015034138132249 -0.035924859616204223 -0.25881904510252113
decision_type=2 2 2 2 2 2 2 2 2 2 2 2 2 2
left_child=-1 2 3 7 5 11 -7 8 -2 -9 -11 12 -5 -3
right_child=1 13 -4 4 -6 6 -8 9 -10 10 -12 -13 -14 -15
leaf_value=0.0022757702816864722 -0.0027423376814112938 0.020149734331593453 -0.0033947839018218539 0.017445598439691037 -0.013591765027091177 0.022966718943953163 0.0035035922978035186 0.0069694293493200747 -0.01777074029121143 0.019470809997785995 -0.0028418242743427249 -0.0036648572012513221 0.0028259640438883893 -0.00012310771269218642
leaf_weight=2596.5625905543566 513.27164368331432 96.434617295861244 3020.4118075072765 148.85453535616398 166.52923935651779 232.75311061739922 347.08333449065685 500.68849176168442 213.07829776406288 57.016337707638741 1559.9622336030006 463.90521235764027 445.10139836370945 134.44054444134235
leaf_count=10566 2217 437 13485 617 740 963 1453 2130 940 239 6783 2002 1931 608
internal_value=-8.47567e-05 -0.000861038 -0.00114334 0.000320475 0.00360514 0.00536826 0.0113684 -0.00176437 -0.00718768 0.00010083 -0.00203198 0.0020642 0.00653612 0.00844502
internal_weight=10496.1 7899.53 7668.66 4648.24 1804.23 1637.7 579.836 2844.02 726.35 2117.67 1616.98 1057.86 593.956 230.875
internal_count=45111 34545 33500 20015 7706 6966 2416 12309 3157 9152 7022 4550 2548 1045
is_linear=0
shrinkage=0.03


Tree=76
num_leaves=15
num_cat=0
split_feature=18 10 9 14 18 18 4 12 7 9 13 13 12 4
split_gain=21.2417 28.162 21.8807 17.8282 32.2078 42.9902 20.4244 17.0857 17.9517 16.8682 16.8895 16.6878 17.9378 16.6229
threshold=6.2131409386837282 1.4750506530710505 0.074438493324358271 0.01674231721722275 5.8936463438501088 5.4465394376878438 -0.028148134858948123 -0.062125553145558669 0.87890184884746769 0.0042517789413308313 0.095410868429870579 0.11458333333333338 -0.06079953676896354 -0.040492802355994
decision_type=2 2 2 2 2 2 2 2 2 2 2 2 2 2
left_child=1 2 3 6 5 -5 -1 -6 -9 -3 -11 12 -7 -2
right_child=13 9 -4 4 7 11 -8 8 -10 10 -12 -13 -14 -15
leaf_value=0.013634166625265072 0.004636825369140108 -0.017934960155324264 -0.010308741843870848 0.024365248517107457 0.023044403090020763 0.00087333100011662999 0.0012736186727319839 0.017481007624281397 -0.0047710889565941743 -0.014586833544765358 0.0076290282564696645 0.0027328747657627693 -0.023551065203104252 -0.0012063336503791745
leaf_weight=128.11080446839333 464.00598466396332 89.262482777237892 102.07565024495125 60.990061983466148 140.62024284899235 50.079223856329918 1607.0922284275293 72.719765767455101 56.69279670715332 48.229874566197395 77.640789479017258 171.41417077183723 56.529222950339317 7348.4614502340555
leaf_count=516 1927 367 434 245 570 203 6521 295 230 201 323 696 230 32289
internal_value=-6.96166e-05 0.00224408 0.00316091 0.0037557 0.00816386 0.00198158 0.00220085 0.0158538 0.0078086 -0.00811439 -0.000978434 -0.00306769 -0.0122729 -0.000858193
internal_weight=10473.9 2661.46 2446.32 2344.25 609.045 339.013 1735.2 270.033 129.413 215.133 125.871 278.023 106.608 7812.47
internal_count=45047 10831 9940 9506 2469 1374 7037 1095 525 891 524 1129 433 34216
is_linear=0
shrinkage=0.03


Tree=77
num_leaves=15
num_cat=0
split_feature=18 10 13 12 13 12 13 18 1 4 16 5 13 13
split_gain=21.9187 46.0413 28.0273 56.213 22.4016 19.5436 65.9265 31.0346 19.2784 21.8432 23.283 27.2643 35.3159 29.5572
threshold=7.3995875360315617 0.62817561428720514 0.10605432954231632 -0.044222129098569977 0.2231149041536358 -0.025080990973044944 0.04610520094562643 8.7813958486298702 0.039991640778068056 -0.040492802355994 -0.60355339059327362 -0.055245046734403662 0.065537166156423257 0.37119146496876293
decision_type=2 2 2 2 2 2 2 2 2 2 2 2 2 2
left_child=8 2 3 -2 -4 7 -7 -3 9 -1 11 -11 -13 -14
right_child=1 5 4 -5 -6 6 -8 -9 -10 10 -12 12 13 -15
leaf_value=0.0070553601073097029 0.037463629217461124 -0.0050870746777126391 -0.014371336093836604 -0.0042440604856238606 0.012580106393049545 0.026912856340498195 -0.0066727830144039952 -0.025536662050546319 0.0073242356913426881 -0.021468839150960053 0.0010261121200546681 0.0039232248118335981 -0.0057812253090575123 0.0087484296539278705
leaf_weight=413.09964764118195 66.474034115672112 1289.7828488200903 55.334677368402481 49.912678077816963 51.820221796631813 71.45153571665287 183.48332840204239 68.634214207530022 370.72331529855728 64.844715058803558 5603.1250333786011 636.05289295315742 1396.1582970023155 136.71742098033428
leaf_count=1701 290 5804 251 204 226 291 831 302 1602 287 23923 2690 5974 603
internal_value=1.6321e-05 -0.00295722 0.00974567 0.0198077 -0.0013459 -0.00472718 0.00287661 -0.00615632 0.000650458 0.000348861 -6.36254e-06 -0.00259479 -0.00201125 -0.00447561
internal_weight=10457.6 1836.89 223.542 116.387 107.155 1613.35 254.935 1358.42 8620.72 8250 7836.9 2233.77 2168.93 1532.88
internal_count=44979 8199 971 494 477 7228 1122 6106 36780 35178 33477 9554 9267 6577
is_linear=0
shrinkage=0.03


Tree=78
num_leaves=15
num_cat=0
split_feature=9 13 18 18 10 13 3 10 14 5 6 4 15 6
split_gain=25.5282 51.9568 23.1058 31.791 33.7198 28.5871 50.3619 42.399 34.1411 25.5878 24.1519 20.771 22.4719 38.3299
threshold=-0.017857443523816321 0.5685408602150539 7.1257877042398592 7.7164579775680124 0.61690642031331688 0.18128099534226785 0.071787229276993228 1.0410471089465443 0.014537167916072848 0.14659746555193234 0.0069161875250894379 -0.053343439530131868 -0.00089738728038479809 0.015482863703821969
decision_type=2 2 2 2 2 2 2 2 2 2 2 2 2 2
left_child=1 11 -2 -4 -5 8 7 -7 10 -8 -6 -1 13 -13
right_child=2 -3 3 4 5 6 9 -9 -10 -11 -12 12 -14 -15
leaf_value=0.01833057379226229 0.00017509220248737602 0.030840868301958514 -0.006288140704232727 0.019024093380228604 0.013272189484462652 0.041566577880370395 -0.0098908946309590514 0.0030760880428151011 -0.022263722818728425 0.014146870896642735 -0.0067967190168857841 -0.0055491358256801971 0.004121714962240737 0.0040172397537013389
leaf_weight=65.229165136814117 5298.3835273385048 54.647016629576683 1345.9357345849276 84.918622374534607 73.621761113405228 51.143230453133583 137.99765196442604 50.650357708334923 90.797035485506058 53.780763670802116 186.55708318948746 807.89159972965717 1456.0515073537827 703.24599194526672
leaf_count=269 22621 223 6094 365 308 217 657 219 417 249 839 3510 6108 2901
internal_value=8.26785e-05 0.00237224 -0.00087624 -0.00355781 0.00148332 -0.000879363 0.00600652 0.0228428 -0.00664043 -0.0030735 -0.00105998 0.00183922 0.00146458 -0.00109776
internal_weight=10460.9 3087.07 7373.79 2075.4 729.467 644.548 293.572 101.794 350.976 191.778 260.179 3032.42 2967.19 1511.14
internal_count=44997 13011 31986 9365 3271 2906 1342 436 1564 906 1147 12788 12519 6411
is_linear=0
shrinkage=0.03


Tree=79
num_leaves=15
num_cat=0
split_feature=18 8 6 7 13 9 12 18 6 15 18 2 13 13
split_gain=24.5737 24.1182 31.1116 26.7317 24.6138 27.2195 25.8593 45.8401 23.8117 21.8248 20.6244 31.3985 30.1918 19.3355
threshold=7.3995875360315617 -0.02075902529537876 0.019895411486316985 1.5112922282686061 0.21616999474138135 -0.017857443523816321 -0.19671185062250682 6.772008281664184 0.02344291819103381 -0.0076390318158638939 5.4695670626554502 0.013526776298201761 0.066286713423517565 0.54639025100036398
decision_type=2 2 2 2 2 2 2 2 2 2 2 2 2 2
left_child=1 13 3 10 6 -6 7 -4 -7 -8 11 12 -3 -1
right_child=-2 2 4 -5 5 8 9 -9 -10 -11 -12 -13 -14 -15
leaf_value=0.0024291828678922305 -0.0031497162938315931 0.014708861653492573 0.011022838530181276 -0.020267434578315955 0.016510179460320511 -0.0096644444911461822 0.018580863035886883 -0.018610761564128154 0.0014895482680222403 0.0057286922121259579 -0.0021074312381852874 0.023586982532591064 -0.014275221629359763 0.018453419707905077
leaf_weight=3054.4558456391096 1824.836956217885 57.083579674363136 103.42105688154697 68.315968960523605 77.608716979622841 244.30564415454865 197.27202321588993 82.784464433789253 571.57366564869881 301.80520455539227 3684.9020464867353 70.288552224636078 69.489860266447067 67.370990961790085
leaf_count=12903 8156 231 427 290 322 1058 816 360 2530 1268 15848 284 284 288
internal_value=1.19185e-05 0.000679431 -0.000510939 -0.00193352 0.0030463 -0.000236393 0.00731459 -0.00220963 -0.00186585 0.0108627 -0.00160059 0.00781239 -0.00117817 0.00278659
internal_weight=10475.5 8650.68 5528.85 3950.08 1578.77 893.488 685.283 186.206 815.879 499.077 3881.76 196.862 126.573 3121.83
internal_count=45065 36909 23718 16937 6781 3910 2871 787 3588 2084 16647 799 515 13191
is_linear=0
shrinkage=0.03


Tree=80
num_leaves=15
num_cat=0
split_feature=18 10 10 9 13 13 12 10 9 9 12 18 0 10
split_gain=25.9976 26.4954 44.324 36.6166 32.363 44.8644 27.7263 22.3941 25.4031 21.4536 45.0093 45.8462 25.0452 21.2736
threshold=7.1257877042398592 0.70750842749313791 0.36754093891703571 0.030015204773964136 0.037219614700288346 0.28828443499102191 -0.16761326236985999 2.9266881979313846 0.019694162456036727 -0.017857443523816321 -0.025080990973044944 8.3290862474165639 -0.0083485926615240996 0.76050664657066003
decision_type=2 2 2 2 2 2 2 2 2 2 2 2 2 2
left_child=7 2 -2 4 -4 6 -6 -1 -9 10 11 12 -3 -11
right_child=1 9 3 -5 5 -7 -8 8 -10 13 -12 -13 -14 -15
leaf_value=0.00039341569586081812 -0.023611427190055913 0.016520804662875817 0.020076797632564616 0.026435423269416031 -0.024030122353017901 0.016533088154065879 -0.0019317102422863146 0.024606331673382047 0.0001312953307292359 -0.019161049404789871 0.025742964886561529 -0.022106239947568863 -0.0016546415429640482 -0.0050802137682201412
leaf_weight=7486.495713815093 50.510920390486717 83.253928512334824 77.108809292316437 62.781889081001282 61.514633536338806 100.24868066608906 263.59892304241657 72.069553360342979 78.783722326159477 101.29976980388165 56.439093038439751 83.428125217556953 340.36870512366295 1568.3738511055708
leaf_count=31727 221 354 324 272 275 433 1161 309 340 453 237 372 1497 7149
internal_value=-0.00028679 -0.00273146 0.00277143 0.00520394 0.00245686 -0.000816259 -0.0062343 0.000625613 0.0119931 -0.00424994 0.000809682 -0.00205584 0.0019782 -0.00595641
internal_weight=10486.3 2848.93 615.764 565.253 502.471 425.362 325.114 7637.35 150.853 2233.16 563.49 507.051 423.623 1669.67
internal_count=45124 12748 2686 2465 2193 1869 1436 32376 649 10062 2460 2223 1851 7602
is_linear=0
shrinkage=0.03


Tree=81
num_leaves=15
num_cat=0
split_feature=9 13 18 7 6 6 18 18 6 12 12 15 6 7
split_gain=22.2483 54.6433 23.7231 28.3249 29.4934 42.1425 35.7857 27.6135 33.3913 42.8616 41.4603 32.1899 33.5009 30.5269
threshold=-0.017857443523816321 0.5685408602150539 7.1257877042398592 0.59581872970281313 0.014439920256918435 0.024986023681098337 6.3237794475926226 5.4465394376878438 0.014313363985710802 -0.040029085435176019 -0.14566795201472207 -0.015628791860904375 0.028700157429916977 1.4489225905012235
decision_type=2 2 2 2 2 2 2 2 2 2 2 2 2 2
left_child=1 -1 3 4 -2 6 -6 -5 9 10 -9 12 13 -10
right_child=2 -3 -4 7 5 -7 -8 8 11 -11 -12 -13 -14 -15
leaf_value=0.001549478567738679 -0.0003814509240049036 0.032208844616560324 -0.0036653591769057695 0.014852757409901553 -0.0049631352703808813 0.0051039466787771116 -0.028032298054777204 0.020051322420516323 0.014645224305297595 0.0048378009404242608 -0.0079445687893566572 0.00097406595865466615 -0.010359361589446194 -0.0075602315549650008
leaf_weight=3018.2128195166588 531.99402239918709 51.250058889389038 2085.1946983039379 125.27859488129616 107.162922129035 96.485692903399467 140.15990476310253 48.26881305873394 424.14079964160919 425.22656951844692 938.18598763644695 2352.4741070270538 68.937806904315948 62.84137649834156
leaf_count=12729 2270 209 9437 506 446 409 627 208 1751 1796 4063 10082 297 261
internal_value=-6.47285e-05 0.00208203 -0.000954746 0.000108437 -0.00481644 -0.0116371 -0.0181566 0.00108044 0.000674369 -0.00310861 -0.00653689 0.00251143 0.00899025 0.0117606
internal_weight=10475.8 3069.46 7406.35 5321.16 875.803 343.809 247.323 4445.35 4320.08 1411.68 986.455 2908.39 555.92 486.982
internal_count=45091 12938 32153 22716 3752 1482 1073 18964 18458 6067 4271 12391 2309 2012
is_linear=0
shrinkage=0.03


Tree=82
num_leaves=15
num_cat=0
split_feature=9 7 18 10 3 12 3 18 18 7 15 8 8 15
split_gain=26.7127 25.1906 24.2444 36.1839 29.4208 23.7281 22.3704 25.0442 26.8852 21.4879 20.8748 23.8869 22.5516 20.6631
threshold=-0.017857443523816321 0.38116142924620766 6.0575994314441584 0.31600977367763022 -0.069730876887222334 -0.029333604943301502 0.0069437189867720414 5.8128637627467681 5.6504386662037174 0.82047178894912554 1.0000000180025095e-35 -0.12192488087997221 0.042998779949971651 0.00031849900080782595
decision_type=2 2 2 2 2 2 2 2 2 2 2 2 2 2
left_child=10 -2 4 -4 -3 6 7 8 -6 -9 11 -1 -12 -7
right_child=1 2 3 -5 5 13 -8 9 -10 -11 12 -13 -14 -15
leaf_value=-0.012198096640885328 -0.010488795544925354 0.022826100949788385 0.01960557439167384 -0.0016286314664856545 0.006384148070644852 0.022297896868560735 -0.0052903617295312405 0.0014295540133647652 -0.011518030760530391 0.021738045541787241 0.0039264987490119979 0.0011727546214347459 0.017573486025506322 0.0036997522239677308
leaf_weight=128.48994952440262 236.71912348270416 63.816579252481461 71.137350052595139 5840.1382391899824 179.38797807693481 85.136081889271736 399.9188786149025 84.435416802763939 127.35259515047073 104.29857029020786 1321.9461604356766 1530.3192563205957 117.08140586316586 143.01498875021935
leaf_count=537 1024 258 307 25705 726 346 1636 342 519 423 5539 6487 486 581
internal_value=8.33435e-05 -0.000903152 -0.000580634 -0.00136655 0.00332777 0.00218168 -2.66198e-05 0.00422616 -0.00107495 0.0127627 0.00241834 0.000123618 0.00505969 0.0107732
internal_weight=10433.2 7335.36 7098.64 5911.28 1187.36 1123.54 895.393 495.475 306.741 188.734 3097.84 1658.81 1439.03 228.151
internal_count=44916 31867 30843 26012 4831 4573 3646 2010 1245 765 13049 7024 6025 927
is_linear=0
shrinkage=0.03


Tree=83
num_leaves=15
num_cat=0
split_feature=18 12 9 7 5 1 2 6 17 6 7 12 7 18
split_gain=24.4643 25.9476 33.4823 24.1084 26.5702 20.3816 19.5663 19.5026 19.3134 22.7935 29.6931 25.6551 31.5855 22.7328
threshold=6.9353862857146469 -0.15716039189968703 -0.021160633375461559 0.42482897057193197 0.003150347264877174 -0.019636102619488668 -0.034978476082252456 0.010111160050840734 -0.78656609248549325 0.020494876021043443 1.5361834215340087 -0.15576400949721889 0.6040807085361638 5.4465394376878438
decision_type=2 2 2 2 2 2 2 2 2 2 2 2 2 2
left_child=3 2 6 4 7 -4 -2 -1 -5 10 11 12 -10 -13
right_child=1 -3 5 8 -6 -7 -8 -9 9 -11 -12 13 -14 -15
leaf_value=0.010854026242208522 0.012110444385936571 -0.00071764555997084556 -0.0028327825541984404 0.0048460127524247781 -0.015523239260726879 -0.015637691113559671 -0.010563317396696288 -0.0065137988880436155 -0.0048560717012076388 0.0048477092754681565 -0.01868748388972918 0.0089121059607536 0.013378181578020409 -0.0012508201011111144
leaf_weight=93.679886475205421 104.52140724658966 3044.0740165710449 173.67338611185551 1312.3566969186068 156.68684436380863 317.75819255411625 48.686417385935783 146.5095082372427 125.504384547472 987.65632230043411 74.945953488349915 208.32994128763676 260.60378743708134 3403.8685463070869
leaf_count=388 434 13620 773 5525 677 1434 214 628 537 4136 319 839 1079 14432
internal_value=8.75521e-05 -0.0018775 -0.00733534 0.00115845 -0.00599731 -0.0111422 0.0048619 0.000293782 0.0016058 0.000763985 -0.000228104 0.000127076 0.00745666 -0.000660076
internal_weight=10458.9 3688.71 644.639 6770.14 396.876 491.432 153.208 240.189 6373.27 5060.91 4073.25 3998.31 386.108 3612.2
internal_count=45035 16475 2855 28560 1693 2207 648 1016 26867 21342 17206 16887 1616 15271
is_linear=0
shrinkage=0.03


Tree=84
num_leaves=15
num_cat=0
split_feature=16 13 3 10 13 12 6 15 15 15 12 9 14 3
split_gain=18.919 40.4295 26.2542 35.5151 45.8793 31.3093 32.9939 55.7684 50.8937 34.6892 45.2008 33.6029 31.8189 31.117
threshold=-0.5 0.36430903247674035 0.10139353864012569 0.67609252640604744 0.30427590409960065 -0.025080990973044944 0.014726493542037797 0.021865761350377436 0.00041296212129360304 -0.017925318242955509 -0.20135914174913663 0.0064263605090625906 0.014068347164503838 0.034539971502086993
decision_type=2 2 2 2 2 2 2 2 2 2 2 2 2 2
left_child=1 -1 5 4 -4 6 7 8 11 10 -8 -2 -7 -10
right_child=2 -3 3 -5 -6 12 9 -9 13 -11 -12 -13 -14 -15
leaf_value=-0.0027338949676880314 -0.0012097444505887792 0.0080078639006840591 -0.0066824437741422917 -0.0053317439684503302 0.030505892237713415 0.01704477880369026 -0.01053518237629412 -0.021395839381464086 0.0061892852507533453 0.0016247057187513821 0.012738557563007631 -0.01182362763723545 0.002145579008346487 -0.0057435508504513587
leaf_weight=3083.6851333975792 822.23242583870888 349.30134308338165 58.034524902701378 912.97392649948597 58.232635974884033 233.21161444485188 85.41545082628727 116.26119194924831 1023.0943168401718 2201.6983987540007 548.7141971886158 396.97798730432987 287.1756554543972 241.69711673259735
leaf_count=13258 3594 1552 252 4139 245 967 359 513 4331 9384 2257 1759 1234 1043
internal_value=0.000186124 -0.00163691 0.00108223 -0.00333786 0.0121443 0.00184686 0.00117226 -0.00126807 -0.000309559 0.0034092 0.00958038 -0.00467936 0.00886235 0.0039035
internal_weight=10418.7 3432.99 6985.72 1029.24 116.267 5956.48 5436.09 2600.26 2484 2835.83 634.13 1219.21 520.387 1264.79
internal_count=44887 14810 30077 4636 497 25441 23240 11240 10727 12000 2616 5353 2201 5374
is_linear=0
shrinkage=0.03


Tree=85
num_leaves=15
num_cat=0
split_feature=9 7 18 10 18 10 9 5 18 10 18 6 7 7
split_gain=18.8548 24.9042 25.3754 28.8347 51.8927 24.2745 23.4864 21.1155 20.8284 20.9649 19.8196 19.3448 24.1792 35.9519
threshold=-0.017857443523816321 0.38116142924620766 7.1335369654719578 0.6608634470347039 7.6792121735963415 2.9266881979313846 0.020098320003813733 0.009883761051867614 5.7327782964418592 0.24565034842128006 6.6784110224403124 0.022965402058314113 0.58589391363037446 0.83929395447376032
decision_type=2 2 2 2 2 2 2 2 2 2 2 2 2 2
left_child=11 8 5 4 7 -3 -7 -4 -2 -10 -11 -1 -13 -14
right_child=1 2 3 -5 -6 6 -8 -9 9 10 -12 12 13 -15
leaf_value=0.0010352057328956237 -0.026509767343238906 0.0002062829447953154 -0.0091960752046073135 -0.0048973303786630567 0.023801374436115161 0.024791957406213091 0.00065426217801481227 0.012642976003572748 0.008421684587196351 -0.024225952087501713 -0.00075569482250963213 0.024122145863808946 -0.01213775367507417 0.011064178700283821
leaf_weight=2708.6834875494242 53.27776637673378 4958.0518914312124 145.62809275090694 1716.5092075616121 91.04833959043026 70.148739829659462 73.20037254691124 52.661556348204613 63.386898785829544 62.566558197140694 65.228669583797455 69.003797754645348 81.764329493045807 211.77277563512325
leaf_count=11433 229 21169 649 7839 395 302 316 237 274 276 281 287 338 875
internal_value=-6.41918e-05 -0.000888883 -0.000563612 -0.00342055 0.00531398 0.000560623 0.0126448 -0.00332775 -0.0102642 -0.00550943 -0.0124426 0.0019092 0.00839761 0.00456291
internal_weight=10422.9 7351.71 7107.25 2005.85 289.338 5101.4 143.349 198.29 244.46 191.182 127.795 3071.22 362.541 293.537
internal_count=44900 31967 30907 9120 1281 21787 618 886 1060 831 557 12933 1500 1213
is_linear=0
shrinkage=0.03


Tree=86
num_leaves=15
num_cat=0
split_feature=4 7 15 3 7 15 15 6 13 7 13 10 10 15
split_gain=21.9051 23.4896 23.5594 23.8134 22.9556 35.0041 34.0026 22.4841 40.5305 37.2433 21.9707 37.0603 20.947 21.3922
threshold=-0.028148134858948123 0.39254883623050557 -0.02573562617644853 0.074507365203881695 0.8597564786017452 0.012932373174746383 0.0055678427050143151 0.024357255202295029 0.22071129707112971 1.0278697812589181 0.36430903247674035 0.50790261734796682 2.9266881979313846 0.021865761350377436
decision_type=2 2 2 2 2 2 2 2 2 2 2 2 2 2
left_child=-1 -2 -3 10 6 7 -5 8 9 -6 12 -12 13 -4
right_child=1 2 3 4 5 -7 -8 -9 -10 -11 11 -13 -14 -15
leaf_value=0.0038187180532909407 -0.0078492834357777232 -0.0070142976694650703 0.00078718440901441534 0.0072312280783093114 -0.014891848431556698 0.0083745606621697371 -0.0073430217338591279 -0.0023825845030226115 -0.017441522549810403 0.0078277742962378719 -0.0069165257936903814 0.01968603871752022 0.019476654768853286 -0.008282126235994865
leaf_weight=1124.1457886993885 384.73712810873985 444.55616381764412 6105.4336028546095 388.86855290830135 111.19104479253292 149.88938017189503 226.26052451133728 523.01561439037323 353.67556144297123 150.39587442576885 70.776403948664665 134.27427873015404 50.451820507645607 241.40595132112503
leaf_count=4677 1657 1963 26051 1721 498 677 1003 2402 1595 667 304 574 212 1056
internal_value=-0.000133786 -0.000610477 -0.000297622 5.49986e-05 -0.00289969 -0.00517384 0.00186401 -0.00696946 -0.0108483 -0.00186923 0.000907386 0.0105256 0.000595901 0.000439727
internal_weight=10459.1 9334.93 8950.19 8505.64 1903.3 1288.17 615.129 1138.28 615.262 261.587 6602.34 205.051 6397.29 6346.84
internal_count=45057 40380 38723 36760 8563 5839 2724 5162 2760 1165 28197 878 27319 27107
is_linear=0
shrinkage=0.03


Tree=87
num_leaves=15
num_cat=0
split_feature=12 6 9 7 6 6 15 15 3 13 15 6 11 12
split_gain=17.7331 32.7761 52.1166 42.0432 28.1324 25.038 46.0761 58.504 50.6888 34.4471 27.5822 51.715 27.745 26.5141
threshold=-0.023827326783842081 0.01305235160901686 0.077868984807544742 1.2124520957382143 0.0041966063288453948 0.014726493542037797 -0.0020413174218436576 0.019974007644369077 0.053404515334724463 0.11712172991353965 -0.017925318242955509 0.035080590691023962 47.971283066031667 -0.20535986182889679
decision_type=2 2 2 2 2 2 2 2 2 2 2 2 2 2
left_child=5 2 3 4 -2 6 -1 8 -8 -9 11 12 13 -7
right_child=1 -3 -4 -5 -6 10 7 9 -10 -11 -12 -13 -14 -15
leaf_value=-0.006793020470674249 -0.01116262013764267 -0.0015509531804692037 -0.018994594342518448 0.038259763695037287 0.012293143414141908 -0.0066087166226285769 0.0031379315398265542 -0.021168433616419499 -0.011229583461776266 0.0080070976333525262 -0.00035205856492314134 -0.01445850940824667 -0.0016951209721213594 0.012215393905566158
leaf_weight=1408.7857932001352 51.704538241028786 540.73928214609623 51.078377366065979 48.784933537244797 334.90973635017872 74.033788770437241 1939.301418274641 166.89089244604111 247.41787268221378 45.281588897109032 4528.725275427103 107.86634588241577 231.9873996078968 635.59678994119167
leaf_count=6245 212 2395 217 200 1395 306 8236 734 1092 201 19557 490 982 2616
internal_value=-0.000206259 0.00353205 0.00916524 0.0125405 0.00911494 -0.000616056 -0.00249083 3.92541e-05 0.00150353 -0.0149252 0.000664095 0.00504132 0.00730102 0.0102385
internal_weight=10413.1 1027.22 486.478 435.399 386.614 9385.89 3807.68 2398.89 2186.72 212.172 5578.21 1049.48 941.618 709.631
internal_count=44878 4419 2024 1807 1607 40459 16508 10263 9328 935 23951 4394 3904 2922
is_linear=0
shrinkage=0.03


Tree=88
num_leaves=15
num_cat=0
split_feature=9 6 7 7 14 12 7 10 6 12 4 7 10 6
split_gain=21.6868 25.144 25.3045 46.7596 20.363 20.7975 21.2844 18.3577 27.4728 17.9472 23.4325 23.2901 37.4508 38.2862
threshold=-0.017857443523816321 0.023929185959707926 0.62037044584490253 0.87611343639553996 0.062916612558921489 -0.023827326783842081 1.3358535571056904 0.78639926932700444 0.010111160050840734 -0.16034389327747253 -0.050286099765245999 0.61220923471340283 0.31600977367763022 0.023603427990014091
decision_type=2 2 2 2 2 2 2 2 2 2 2 2 2 2
left_child=1 4 -3 -4 5 6 -1 -7 -9 11 -11 12 -2 -14
right_child=9 2 3 -5 -6 7 -8 8 -10 10 -12 -13 13 -15
leaf_value=0.0016268422955040681 0.0035885283416042905 0.026584237279717756 -0.013886804751201394 0.014721784466755103 -0.015943950231560269 -0.0038508170195550493 -0.013382179801230583 0.03124702518721521 0.0037153435536319769 0.019450926444919022 -0.00020537505167444027 -0.00068046561062224721 -0.024198265621515218 -0.002889165185437732
leaf_weight=2478.9117062538862 136.94797158241272 66.553419724106789 73.060224309563637 162.07212252914906 57.430853247642517 49.222709313035011 86.065215334296227 63.605670496821404 66.098426014184952 53.067052230238914 6208.7829126268625 696.78469504415989 177.83826081454754 132.32924319803715
leaf_count=10474 591 276 303 669 244 202 364 258 280 221 27025 3010 801 570
internal_value=0.000217878 0.00232245 0.0105225 0.00579039 0.00143248 0.00180752 0.0011132 0.0116386 0.0174861 -0.00066433 -3.26372e-05 -0.0041162 -0.00944357 -0.0151838
internal_weight=10508.8 3103.02 301.686 235.132 2801.33 2743.9 2564.98 178.927 129.704 7405.75 6261.85 1143.9 447.115 310.168
internal_count=45288 13070 1248 972 11822 11578 10838 740 538 32218 27246 4972 1962 1371
is_linear=0
shrinkage=0.03


Tree=89
num_leaves=15
num_cat=0
split_feature=18 6 12 13 18 5 13 13 10 18 13 6 6 3
split_gain=26.1669 72.1106 30.6095 31.141 51.7329 36.3292 35.6589 29.0054 26.1502 51.181 66.2344 40.3152 25.3748 38.2853
threshold=6.5588391944078532 0.02720427392252403 -0.15874326649180701 0.067067807881245015 6.8067566225435856 -0.046726997729345181 0.68419294046439993 1.0490979984061017 0.6608634470347039 6.6977727819087143 0.10972493268539953 0.01900273292434786 0.019089778633983135 0.047013283676839761
decision_type=2 2 2 2 2 2 2 2 2 2 2 2 2 2
left_child=1 -1 3 4 5 -2 -5 -8 9 10 -4 -11 -10 -14
right_child=2 -3 8 6 -6 -7 7 -9 12 11 -12 -13 13 -15
leaf_value=0.0010724085421379892 0.0026603916618150587 0.026636647029742354 0.010854609547486996 -0.013353325472890136 -0.0068022037652677144 0.03588757919469783 0.018067568621764368 -0.0093105234408160827 -0.0035295047117925348 0.0051132935043366008 -0.027144105093583761 0.025872509509001326 0.0066083829752407149 -0.0022496445892127913
leaf_weight=4445.4465443491936 69.006763696670532 99.582834929227829 72.64285035431385 536.02559381723404 250.21384580433369 50.3453429043293 64.670228600502014 71.084100067615509 2212.6276240646839 548.0082038640976 91.117955654859543 97.861667618155479 722.38971330225468 1113.4277428388596
leaf_count=18555 292 413 319 2350 1076 211 285 325 9953 2384 407 410 2988 5051
internal_value=-6.63702e-05 0.001644 -0.00138418 -0.00604638 0.000946921 0.0170368 -0.009885 0.00380473 -0.000382745 0.00453241 -0.0103606 0.00832887 -0.00136746 0.00123937
internal_weight=10444.5 4545.03 5899.42 1041.35 369.566 119.352 671.78 135.754 4858.08 809.631 163.761 645.87 4048.45 1835.82
internal_count=45019 18968 26051 4539 1579 503 2960 610 21512 3520 726 2794 17992 8039
is_linear=0
shrinkage=0.03


Tree=90
num_leaves=15
num_cat=0
split_feature=18 13 3 12 13 6 8 18 7 3 13 12 6 18
split_gain=20.3479 26.6954 29.8859 28.6027 31.978 27.3047 26.4308 32.1078 19.6946 39.8452 33.0207 29.6062 51.827 68.3039
threshold=6.9804493930170421 0.41315130645201642 0.071787229276993228 -0.14314693695853162 0.04363993804360778 0.020494876021043443 -0.019581352761565942 8.0431102847822427 0.64516757288818039 0.12559740733454033 0.246631410396873 -0.083159377708227664 0.012379719826636796 6.0237931696130538
decision_type=2 2 2 2 2 2 2 2 2 2 2 2 2 2
left_child=8 2 3 4 -2 -6 -3 -8 9 10 -1 12 13 -10
right_child=1 6 -4 -5 5 -7 7 -9 11 -11 -12 -13 -14 -15
leaf_value=-0.0011453185853615175 0.0032288207002093639 0.016404897852272688 -0.0094076481762200414 3.9364010359471857e-05 -0.022674253281625749 -0.0052042309552579281 -0.0025451593779237881 0.021044961192386878 0.010048491338671584 0.021543247487077904 -0.013408621610373038 -0.00035394188350943882 0.0057614809217677891 -0.017925483933676267
leaf_weight=1274.1793119907379 150.02197825908661 119.77936838567257 546.768967628479 1873.5469247102737 151.70322163403034 172.40227089822292 385.16649244725704 57.972058176994324 127.26430281996727 59.735334426164627 231.99134537577629 2860.2172858864069 2196.1412193030119 199.06933631002903
leaf_count=5417 649 539 2584 8268 688 740 1770 269 517 254 986 12145 9156 885
internal_value=-6.14155e-05 -0.00194145 -0.00310404 -0.00162919 -0.00819504 -0.0134703 0.00402623 0.000621625 0.000874311 -0.00208504 -0.00304948 0.00173569 0.0041035 -0.00702138
internal_weight=10406 3457.36 2894.44 2347.67 474.127 324.105 562.918 443.139 6948.6 1565.91 1506.17 5382.69 2522.47 326.334
internal_count=44867 15507 12929 10345 2077 1428 2578 2039 29360 6657 6403 22703 10558 1402
is_linear=0
shrinkage=0.03


Tree=91
num_leaves=15
num_cat=0
split_feature=3 7 11 12 12 6 18 15 13 17 13 7 6 15
split_gain=26.3086 24.4201 34.6394 29.9927 29.5064 39.5171 34.7671 24.2484 67.84 26.5121 25.4462 20.336 20.1824 49.3258
threshold=0.037669827300517857 0.83132195953691179 66.554286727750878 -0.30732007139109274 -0.048108304083935009 0.016701131077682837 6.4671285021925105 0.021865761350377436 0.11339372077380429 -0.78656609248549325 0.12576250962310512 1.2968627147481377 0.015539518571321067 -0.0020413174218436576
decision_type=2 2 2 2 2 2 2 2 2 2 2 2 2 2
left_child=7 3 -3 -2 5 -5 -7 9 -9 10 11 -1 13 -11
right_child=1 2 -4 4 -6 6 -8 8 -10 12 -12 -13 -14 -15
leaf_value=0.0089932358482791575 0.023655626587366051 -0.0057304802229637408 0.0033983500741041985 -0.010730682015591337 0.0062324606319937043 0.017562173972814905 -0.002226105103604568 -0.020776548932596183 0.018715659319496276 -0.0057341704486439781 -0.001102264041860618 -0.0097324510515437012 0.0025222163300402476 0.0020613167836459356
leaf_weight=871.08616970479488 49.531536802649498 1883.9922548532486 465.23406222462654 349.55195765197277 464.39828613400459 106.30585786700249 303.4224246442318 134.56631451845169 53.105446442961693 1258.813524082303 408.07547917962074 53.914555624127388 2289.7641444653273 1735.1220405101776
leaf_count=3697 210 8405 2055 1546 2025 442 1331 597 228 5562 1723 227 9561 7359
internal_value=-4.44161e-05 -0.00210907 -0.00392128 0.00123557 0.000290941 -0.00334989 0.00296842 0.00105503 -0.00952193 0.00135781 0.00513504 0.00788315 0.000403232 -0.00121797
internal_weight=10426.9 3622.44 2349.23 1273.21 1223.68 759.28 409.728 6804.45 187.672 6616.78 1333.08 925.001 5283.7 2993.94
internal_count=44968 16014 10460 5554 5344 3319 1773 28954 825 28129 5647 3924 22482 12921
is_linear=0
shrinkage=0.03


Tree=92
num_leaves=15
num_cat=0
split_feature=18 3 7 12 18 2 12 7 16 14 10 10 7 18
split_gain=19.343 22.3232 27.0614 24.9241 29.4975 31.1499 25.6277 40.5088 20.1388 19.6392 26.4832 20.5139 18.8944 17.7803
threshold=6.191924643109858 0.0016257963505597053 1.0910847196076909 -0.026264856007123912 5.9845945251001007 -0.026536497384177113 -0.10508559223110846 0.82849245643320291 0.12940952255126045 0.010604621857723153 0.46579084013675293 0.77106373081572588 0.9444624177748745 5.8128637627467681
decision_type=2 2 2 2 2 2 2 2 2 2 2 2 2 2
left_child=1 13 3 4 5 -3 -7 -8 -5 10 -6 -12 -9 -1
right_child=-2 2 -4 8 9 6 7 12 -10 -11 11 -13 -14 -15
leaf_value=0.0014019812451441477 -0.00081220466790913389 -0.023802751938812445 -0.0089302872730210852 0.0020101568568658659 0.016930838422559186 -0.014488510199318806 0.0091967018370699375 -0.016236011290939607 0.018957496849736469 0.016772451849958708 -0.018769757719985562 0.0066082699389009934 0.0034340790610438653 0.0088515184661100196
leaf_weight=555.68132685124874 7851.9512742608786 64.315167784690857 265.76375755667686 135.59422937035561 57.98120254278183 115.22010377049446 249.33639788627625 119.8783988058567 116.92293566465378 114.29777757823467 63.137372300028801 49.773102000355721 67.795815542340279 599.37882241606712
leaf_count=2251 34504 261 1092 553 238 478 1013 488 476 467 258 204 277 2429
internal_value=-7.22052e-05 0.00218309 -0.000336837 0.00165381 -0.000684767 -0.00437235 -0.00203167 0.00130368 0.00994458 0.00726228 0.000781125 -0.00766233 -0.00916906 0.00527628
internal_weight=10427 2575.08 1420.02 1154.25 901.735 616.546 552.231 437.011 252.517 285.189 170.892 112.91 187.674 1155.06
internal_count=44989 10485 5805 4713 3684 2517 2256 1778 1029 1167 700 462 765 4680
is_linear=0
shrinkage=0.03


Tree=93
num_leaves=15
num_cat=0
split_feature=9 13 14 12 7 13 6 7 13 3 9 9 12 14
split_gain=15.6039 21.727 53.826 28.5302 22.8873 25.3019 32.8569 19.7398 22.4527 19.2876 21.1648 19.825 21.5822 23.6308
threshold=-0.02419690410010011 0.2231149041536358 -0.0032366297696269915 -0.023210057717477691 1.2968627147481377 0.12445125781921486 0.015482863703821969 0.38116142924620766 0.068655496984994083 -0.08088895047338017 -0.056308341690642409 -0.096556055831806251 -0.041169889077264092 -0.0028701043009267675
decision_type=2 2 2 2 2 2 2 2 2 2 2 2 2 2
left_child=1 3 -3 4 5 9 -7 8 -2 10 -1 -11 -13 -14
right_child=7 2 -4 -5 -6 6 -8 -9 -10 11 -12 12 13 -15
leaf_value=-0.022616942524525948 0.0018045479467756419 0.018576152228819427 -0.0037558646275631415 0.014779250510465459 -0.012600445314954918 -0.016408173982332033 0.0016298097972159047 -0.00038904085340513264 -0.015900599599545612 0.017095284803963089 -0.00040853528162704803 0.0044138490231176294 0.0064873090511185175 -0.017859373276221495
leaf_weight=49.428929701447487 108.18152309954166 214.00890785455704 175.47356215119362 122.21426053345203 120.55520768463612 158.95677076280117 208.02272184193134 7728.9064011275768 156.1670837700367 93.56820897758007 155.38378980755806 1017.2268909662962 59.541354387998581 85.245720475912094
leaf_count=208 456 886 740 503 509 680 860 33593 694 392 661 4312 246 364
internal_value=-2.2839e-05 0.0020657 0.00854712 0.000839196 -4.96728e-05 0.000791195 -0.00622991 -0.000665865 -0.00869584 0.00256162 -0.00593514 0.00395486 0.00286921 -0.00789522
internal_weight=10452.9 2459.63 389.482 2070.14 1947.93 1827.37 366.979 7993.26 264.349 1460.39 204.813 1255.58 1162.01 144.787
internal_count=45104 10361 1626 8735 8232 7723 1540 34743 1150 6183 869 5314 4922 610
is_linear=0
shrinkage=0.03


Tree=94
num_leaves=15
num_cat=0
split_feature=9 4 3 9 6 15 12 15 15 15 12 7 13 16
split_gain=18.867 18.3499 21.4949 30.4354 29.7741 43.8253 38.6376 34.961 30.404 30.3743 33.8418 27.7717 27.5358 24.8436
threshold=-0.12689575870448819 0.10945100570595125 0.059547838379210967 -0.025558351333482023 0.015539518571321067 -0.02403188588053062 -0.21418528988389238 0.021865761350377436 -0.017925318242955509 0.00041296212129360304 -0.029333604943301502 0.50630223013881637 0.36430903247674035 0.91597561503675362
decision_type=2 2 2 2 2 2 2 2 2 2 2 2 2 2
left_child=-1 2 4 -4 5 -2 -6 9 -8 10 13 -10 -13 -7
right_child=1 -3 3 -5 6 7 8 -9 11 -11 -12 12 -14 -15
leaf_value=0.014076901990381516 -0.011513504904284133 0.011824536552414128 0.0064594684599416407 -0.0038105045427383089 -0.0048600341983220871 -0.0023596923119771737 0.0098282094239592506 -0.014563438845999713 -0.015719449103046301 0.0027372908768616179 0.0088303102517892484 0.0022404923997736731 0.017553088236601504 -0.012401686833133436
leaf_weight=83.986251294612885 329.90757176280022 114.12278105318546 292.75320662558079 2191.2580067068338 513.76910705864429 1238.3289560079575 637.71835446357727 144.35467529296875 71.582055225968361 2159.9855893850327 203.00820955634117 2075.356424883008 109.44408808648586 268.49958242475986
leaf_count=356 1521 511 1235 9888 2192 5400 2615 640 317 9162 850 8696 456 1188
internal_value=8.22603e-05 -3.39975e-05 -0.000168495 -0.00259591 0.000609808 -0.0010368 0.00270815 -0.000170462 0.00405411 0.00037368 -0.00261191 0.00241492 0.0030229 -0.00416313
internal_weight=10434.1 10350.1 10236 2484.01 7751.95 4344.08 3407.87 4014.18 2894.1 3869.82 1709.84 2256.38 2184.8 1506.83
internal_count=45027 44671 44160 11123 33037 18761 14276 17240 12084 16600 7438 9469 9152 6588
is_linear=0
shrinkage=0.03


Tree=95
num_leaves=15
num_cat=0
split_feature=18 6 10 6 15 15 18 12 7 13 12 3 7 3
split_gain=18.3761 35.1955 28.0954 25.9593 36.03 32.7439 32.6452 28.4083 49.2414 24.8146 20.8251 34.9674 16.8171 16.687
threshold=6.3010607010745172 0.024357255202295029 1.4750506530710505 0.012853588337501434 0.019974007644369077 -0.014238741729282188 5.8128637627467681 -0.15576400949721889 0.83654387645676931 0.04610520094562643 -0.023827326783842081 0.059547838379210967 0.78723596526794792 -0.068308719208429611
decision_type=2 2 2 2 2 2 2 2 2 2 2 2 2 2
left_child=1 2 3 4 5 9 7 -5 -9 -1 11 -7 -12 -2
right_child=13 -3 -4 6 -6 10 -8 8 -10 -11 12 -13 -14 -15
leaf_value=-0.0022852207971221675 -0.0042609374400689034 0.025709658175343937 -0.0080737096744418844 -0.02260099046390358 -0.018736738826139673 0.002404943937901625 0.0082434326577419028 0.018368027958014843 -0.0056156202307783383 -0.029861363932978884 0.0015134168059243651 -0.019203662590292929 0.020991876724345153 -3.4077156844655664e-05
leaf_weight=70.022192686796188 966.49093598127365 54.1127949655056 240.315713301301 49.216626435518265 88.226449310779572 908.57561641931534 1027.0095123201609 105.69654342532158 268.76205225288868 49.042508065700531 71.796083480119705 70.789610996842384 88.716755643486977 6365.3513161092997
leaf_count=289 4205 221 1005 203 368 3707 4198 427 1088 202 296 295 358 28134
internal_value=0.00022578 0.00216453 0.00172853 0.00257564 -0.000423431 0.000887645 0.00535746 -0.00164414 0.00121574 -0.0139494 0.00245916 0.000807096 0.0124052 -0.000592276
internal_weight=10424.1 3092.28 3038.17 2797.85 1347.17 1258.94 1450.68 423.675 374.459 119.065 1139.88 979.365 160.513 7331.84
internal_count=44996 12657 12436 11431 5515 5147 5916 1718 1515 491 4656 4002 654 32339
is_linear=0
shrinkage=0.03


Tree=96
num_leaves=15
num_cat=0
split_feature=6 11 12 9 10 13 18 18 9 2 6 6 13 4
split_gain=19.0037 29.8739 28.4687 32.0069 31.5253 52.4798 30.6064 28.3598 22.5446 22.17 21.7358 25.3405 26.331 19.2563
threshold=0.015072072260027776 36.314587771485186 -0.023827326783842081 0.082209239590387631 0.60467171519726437 0.097511153791501451 7.1257877042398592 7.386801196202625 -0.056308341690642409 -0.11426199100120692 0.0041966063288453948 0.011728968879055111 0.20582701115885907 -0.0045417190267584831
decision_type=2 2 2 2 2 2 2 2 2 2 2 2 2 2
left_child=2 -2 4 8 5 7 -6 -1 -4 -3 -10 -12 -13 -11
right_child=1 9 3 -5 6 -7 -8 -9 10 13 11 12 -14 -15
leaf_value=0.0040404304073169443 0.0069923949820970711 -0.013727364890955268 0.026313172662143676 -0.016639730994590516 -0.0025124899296139996 -0.005646215111188734 -0.010111972036993017 0.021630177547638869 -0.012885934435674432 0.0031258682608831783 0.012745115161567573 -0.011290504329707858 0.012825079404242247 -0.00077072861519688067
leaf_weight=751.33974169194698 680.15825858712196 97.31161841750145 46.960710600018501 55.735868573188782 1965.4114084988832 593.15992151200771 628.749063834548 90.930769518017769 53.097430840134621 1749.3263468444347 272.15704925358295 103.84117236733437 64.294862911105156 3275.9105418324471
leaf_count=3152 2807 426 193 239 8473 2565 2954 382 218 7385 1125 451 275 14387
internal_value=-4.85125e-05 0.00109474 -0.00148253 0.00462645 -0.00238806 0.00117816 -0.00436075 0.00598615 0.00687328 0.000309247 0.00492423 0.00712062 -0.0020264 0.000586413
internal_weight=10428.4 5802.71 4625.68 596.087 4029.59 1435.43 2594.16 842.271 540.351 5122.55 493.391 440.293 168.136 5025.24
internal_count=45032 25005 20027 2501 17526 6099 11427 3534 2262 22198 2069 1851 726 21772
is_linear=0
shrinkage=0.03


Tree=97
num_leaves=15
num_cat=0
split_feature=16 4 6 15 11 12 18 6 7 6 3 10 14 15
split_gain=17.4358 34.1174 22.3281 31.3892 50.6183 29.3518 26.8291 30.4691 24.4311 32.4618 22.0419 32.2058 27.2284 26.4755
threshold=-0.5 0.04750151867729125 0.0092282360040068529 -0.0049012426417167623 48.904863849649459 -0.059080841094639062 6.3010607010745172 0.020494876021043443 0.86787117573629569 0.01572287501330432 0.10139353864012569 0.89867891303922065 0.01627129704626579 0.012802063445764846
decision_type=2 2 2 2 2 2 2 2 2 2 2 2 2 2
left_child=1 2 3 -1 -5 6 7 -4 9 -7 -2 -12 -13 -14
right_child=10 -3 5 4 -6 8 -8 -9 -10 -11 11 12 13 -15
leaf_value=-0.017234201189680998 0.0014410353717388316 0.010959894711242774 0.0016308269951546394 0.019301460674405576 -0.0035712178787935716 -0.0091219482765396345 -0.0037869314272744796 0.025788330269674316 -0.013170750233821108 0.010968476336170112 0.0058520829274518182 -0.015618187205854546 -0.0057012925865373701 0.012406174518058297
leaf_weight=51.994401499629021 5934.2918602228165 175.02962811291218 544.84080524742603 164.6664904654026 181.26315750181675 208.0509929805994 1519.9363803714514 49.463025897741318 435.05778859555721 108.49642111361027 255.45538020133972 208.17083066701889 469.77103346586227 83.978110194206238
leaf_count=247 25398 779 2229 668 750 919 6663 201 1934 474 1114 952 2161 382
internal_value=-0.000122912 -0.00186959 -0.0025639 0.00408048 0.00736481 -0.00348868 -0.00167491 0.00372117 -0.00857276 -0.00221034 0.000741411 -0.00333428 -0.00642153 -0.00292046
internal_weight=10390.5 3438.8 3263.77 397.924 345.93 2865.85 2114.24 594.304 751.605 316.547 6951.67 1017.38 761.92 553.749
internal_count=44871 14864 14085 1665 1418 12420 9093 2430 3327 1393 30007 4609 3495 2543
is_linear=0
shrinkage=0.03


Tree=98
num_leaves=15
num_cat=0
split_feature=18 6 10 6 15 15 12 3 16 18 3 6 3 9
split_gain=20.4421 32.4056 25.6428 22.6925 30.5254 30.381 21.4095 33.6382 24.6271 20.2527 23.68 19.1138 19.3454 25.8365
threshold=6.3010607010745172 0.02344291819103381 1.4750506530710505 0.012853588337501434 0.020763307469766627 -0.014238741729282188 -0.023827326783842081 0.060746953355339757 -0.5 5.8128637627467681 0.040847899823426743 0.01736178779566969 0.055437993178359408 0.02416533701954449
decision_type=2 2 2 2 2 2 2 2 2 2 2 2 2 2
left_child=1 2 3 4 5 -1 7 -7 -8 10 -5 12 13 -4
right_child=-2 -3 11 9 -6 6 8 -9 -10 -11 -12 -13 -14 -15
leaf_value=-0.013539671721512164 -0.00084555796722642843 0.023361124372815446 -0.02202659867115964 -0.0044307202552761179 -0.021000525569906885 0.001930104562655463 -0.0045034288087827407 -0.019682593673443206 0.020183111359600353 0.0073425711882846422 0.012182585320427519 -0.020930785003799291 0.012793990467020728 0.0065906743562142373
leaf_weight=121.61895951628685 7329.7822194695473 60.981619223952293 60.991989865899086 322.33874054253101 59.525501176714897 962.56035293638706 53.12908573448658 67.482126891613007 109.11479762196541 1012.616356253624 99.347338154911995 68.993310689926147 50.817483127117157 50.37165492773056
leaf_count=502 32360 249 254 1307 250 3928 218 283 443 4137 404 288 214 213
internal_value=1.81668e-05 0.0020597 0.00161716 0.00240954 -0.000347049 0.000619137 0.00208366 0.000478773 0.0121428 0.00504595 -0.000477669 -0.00794484 -0.00223283 -0.00919461
internal_weight=10429.7 3099.89 3038.91 2807.73 1373.43 1313.91 1192.29 1030.04 162.244 1434.3 421.686 231.174 162.181 111.364
internal_count=45050 12690 12441 11472 5624 5374 4872 4211 661 5848 1711 969 681 467
is_linear=0
shrinkage=0.03


Tree=99
num_leaves=15
num_cat=0
split_feature=6 18 7 16 7 6 5 17 15 15 8 5 9 8
split_gain=18.0388 29.4478 28.7506 25.8656 29.2088 28.9511 27.5188 25.1718 50.6868 46.7193 22.3917 22.1029 21.996 21.7857
threshold=0.01970685084849046 6.8599106008785951 1.6383315735282671 -0.5 0.64933370623437947 0.015657644555616582 -0.051773576862858654 -0.37940952255126015 0.019177918442596645 0.00041296212129360304 -0.0038911015534274225 0.0025638471497316799 -0.022485889987449572 -0.017943930992265735
decision_type=2 2 2 2 2 2 2 2 2 2 2 2 2 2
left_child=2 -2 3 6 5 -5 -1 8 11 -9 -7 -6 13 -11
right_child=1 -3 -4 4 7 10 -8 9 -10 12 -12 -13 -14 -15
leaf_value=-0.020896410647392963 0.0052896751594680149 -0.00064601957869803823 -0.022257684910097712 -0.0013843272910731663 0.0097618431629307272 -0.0030583992520832066 -0.0027592462223386591 -0.0044768409089016867 -0.013425530924834214 0.0052508603547706655 -0.022233845162896438 0.0025456347137651548 0.0019337097351204383 0.024434906994090171
leaf_weight=76.036090046167374 1290.7902779281139 1798.1296798437834 54.276163145899773 950.53825245797634 741.07163435220718 102.45702996850014 2194.6846469193697 1161.6518175899982 128.68876057863235 143.01027430593967 117.68968290090561 790.14113272726536 773.7111669331789 84.346919924020767
leaf_count=342 5402 7979 234 4068 3155 438 9503 5041 571 597 515 3412 3355 352
internal_value=-8.55657e-05 0.00183619 -0.000896984 -0.000731296 0.000476097 -0.00366617 -0.00338443 0.00174593 0.00452234 -0.000387198 -0.0134174 0.00604629 0.00435794 0.0125189
internal_weight=10407.2 3088.92 7318.3 7264.03 4993.31 1170.68 2270.72 3822.62 1659.9 2162.72 220.147 1531.21 1001.07 227.357
internal_count=44964 13381 31583 31349 21504 5021 9845 16483 7138 9345 953 6567 4304 949
is_linear=0
shrinkage=0.03


Tree=100
num_leaves=15
num_cat=0
split_feature=18 10 14 7 6 10 18 18 6 6 3 18 7 13
split_gain=16.2645 36.8015 42.065 30.0458 26.7179 30.3536 23.7088 33.7435 30.7846 23.1108 26.7633 31.2576 31.092 29.6708
threshold=6.0575994314441584 0.30524135688240334 -0.015388864330410977 0.83387456015402195 0.012379719826636796 0.53390796628712456 5.8936463438501088 5.3815744803939554 0.014614795328184348 0.017430001455616958 0.05641965575211743 7.4134714756732745 0.8597564786017452 0.2037038916025237
decision_type=2 2 2 2 2 2 2 2 2 2 2 2 2 2
left_child=1 2 -1 4 -3 -6 7 -5 -8 -2 -11 12 13 -12
right_child=9 3 -4 6 5 -7 8 -9 -10 10 11 -13 -14 -15
leaf_value=0.013846374263239918 -0.0020947411687025873 0.0035791605510611195 -0.017450982503540345 0.01360668110572506 0.0056223679258879519 0.023964987267652088 -0.0054545803581094532 -0.0049186268952397701 0.015073057588426305 0.0032008790780479503 -0.010281293058967364 -0.0085258059348091112 -0.0022219895689086231 0.011876044736182041
leaf_weight=49.899885132908821 4299.3588055074215 484.63297465443611 152.33305141329765 100.37473613023758 166.53785416483879 159.49146261811256 101.14400705695152 652.3946038633585 181.52591797709465 2292.4878755360842 64.463614791631699 448.89475400745869 967.92883934080601 305.46870401501656
leaf_count=205 19094 1962 640 405 675 646 415 2658 737 9567 280 2123 4328 1318
internal_value=2.54754e-05 0.00242047 -0.00966856 0.0037538 0.00807157 0.0146869 0.000364308 -0.00241894 0.00774121 -0.000560471 0.00105682 -0.0016946 0.000606786 0.00798043
internal_weight=10426.9 2048.33 202.233 1846.1 810.662 326.029 1035.44 752.769 282.67 8378.6 4079.24 1786.76 1337.86 369.932
internal_count=45053 8343 845 7498 3283 1321 4215 3063 1152 36710 17616 8049 5926 1598
is_linear=0
shrinkage=0.03


Tree=101
num_leaves=15
num_cat=0
split_feature=5 16 14 4 15 18 6 14 4 12 11 15 18 9
split_gain=26.3175 21.9393 20.0384 19.9168 25.8059 32.1346 21.8197 52.5015 24.6358 25.0203 23.6237 22.5859 16.591 16.4393
threshold=0.17972482284609884 -0.5 0.22920892603826462 -0.039404296133664578 -0.02403188588053062 6.4740129853741406 0.0092282360040068529 -0.0085603393384319198 0.060144974976986017 -0.059080841094639062 43.890744185565168 0.0046391140855384103 7.4701254909123325 -0.12689575870448819
decision_type=2 2 2 2 2 2 2 2 2 2 2 2 2 2
left_child=1 3 -2 12 5 -5 7 10 9 -8 -6 -11 -1 -3
right_child=2 13 -4 4 6 -7 8 -9 -10 11 -12 -13 -14 -15
leaf_value=0.010651054333652724 0.026790820931754507 0.01625306296754702 0.0041041736052645703 0.003139077837631594 0.033308178102185372 -0.020015106278320101 -0.0015894760586501252 -0.0029547702509229979 0.01338303137746254 -0.0047932242539472534 0.0060631763856025299 -0.016089937189579125 -0.0085483803661142357 0.00053063741551145048
leaf_weight=175.02399660646915 52.602792218327522 58.386671215295792 100.34757576882839 80.21290534734726 63.199102431535721 159.73783995211124 1698.9354043006897 256.36506745219231 77.118239477276802 550.20275039970875 52.998679429292679 223.88639886677265 50.885615289211273 6816.3150348216295
leaf_count=728 238 247 456 336 257 756 7321 1063 340 2450 217 989 214 29421
internal_value=-0.000119757 -0.000304967 0.0121517 -0.00227988 -0.00289557 -0.0123129 -0.00211453 0.00465001 -0.00310566 -0.00363024 0.0211944 -0.00809357 0.00628936 0.000668856
internal_weight=10416.2 10263.3 152.95 3388.57 3162.66 239.951 2922.71 372.563 2550.14 2473.02 116.198 774.089 225.91 6874.7
internal_count=45033 44339 694 14671 13729 1092 12637 1537 11100 10760 474 3439 942 29668
is_linear=0
shrinkage=0.03


Tree=102
num_leaves=15
num_cat=0
split_feature=9 13 7 13 13 8 7 15 15 12 12 12 15 15
split_gain=15.027 36.921 23.5212 34.357 20.6853 35.9576 30.6311 31.3939 27.3434 22.2778 17.1552 16.9916 32.5951 17.0646
threshold=-0.017857443523816321 0.54639025100036398 0.45231174690682924 0.068655496984994083 0.065537166156423257 -0.07619964438156214 0.60028735648117726 -0.024548235649689328 0.006870160371204471 -0.12656954298304116 -0.18018825678202446 -0.059644354946079108 -0.01665643744079048 0.01380094532332077
decision_type=2 2 2 2 2 2 2 2 2 2 2 2 2 2
left_child=1 4 3 -2 6 8 9 -8 -6 -1 -5 -7 -13 -14
right_child=2 -3 -4 10 5 11 7 -9 -10 -11 -12 12 13 -15
leaf_value=0.0044056690886431354 0.0036326752681252491 0.024381368873597115 -0.00034377337932986739 -0.0056704957463141132 -0.013414566734015882 0.0038843940798577079 -0.0055570068635406034 0.0092615223169179289 0.0043838850429990675 -0.014291575018544713 -0.020970294340227687 -0.024837401663631273 -0.0025324693408867358 0.014682588257217168
leaf_weight=107.63774089515209 154.37941886484623 61.47619691491127 6888.9716029316187 122.80001766979694 290.93348909914494 931.83762764930725 152.81688190996647 774.8961435854435 104.60417844355106 119.01146587729454 145.66169166564941 52.5692388266325 397.01683029532433 57.558927923440933
leaf_count=454 650 253 30077 548 1214 3901 694 3259 434 495 641 238 1696 242
internal_value=-2.84751e-05 0.00173961 -0.000766364 -0.00761723 0.00125792 -0.000722137 0.00440044 0.00681385 -0.0087092 -0.00545122 -0.0140655 0.00148233 -0.00292918 -0.00029791
internal_weight=10362.2 3050.36 7311.81 422.841 2988.88 1834.52 1154.36 927.713 395.538 226.649 268.462 1438.98 507.145 454.576
internal_count=44796 12880 31916 1839 12627 7725 4902 3953 1648 949 1189 6077 2176 1938
is_linear=0
shrinkage=0.03


Tree=103
num_leaves=15
num_cat=0
split_feature=5 18 10 10 13 18 13 12 7 18 15 13 18 18
split_gain=14.9081 17.6816 30.7557 27.4266 33.6206 41.4374 34.4492 79.214 39.3983 39.826 27.0654 28.1641 24.9127 35.7619
threshold=0.17972482284609884 6.9804493930170421 2.9266881979313846 1.0831699858167765 0.2231149041536358 7.8726737247201894 0.044449872442056122 -0.16940525263417508 0.9799256406518807 7.6126544985409934 0.019177918442596645 0.2231149041536358 8.0431102847822427 7.2245985028455593
decision_type=2 2 2 2 2 2 2 2 2 2 2 2 2 2
left_child=1 2 -1 4 6 -6 -3 -8 -9 -10 11 12 13 -5
right_child=-2 3 -4 10 5 -7 7 8 9 -11 -12 -13 -14 -15
leaf_value=0.00049891237763913753 0.0091558480165008765 0.0047263481262488838 0.017583556687121474 -0.008512373318119118 0.0033507767826043262 0.027508301140055064 -0.026806008283109389 -0.0051720793973774656 0.020782018762111231 -0.0067647019691741989 0.011539974065184621 -0.011479223358083709 -0.015563096179341112 0.0065842292671632946
leaf_weight=6818.0555289536715 156.05291195213795 467.88655439019203 94.173238605260849 243.89089009165764 450.20803172886372 72.63542777299881 129.7087914198637 712.6211659014225 118.13490028679371 76.552262052893639 78.718662321567535 545.49850203096867 105.7410032749176 329.76831007003784
leaf_count=28864 706 2035 397 1080 1984 315 597 3206 520 349 360 2578 485 1485
internal_value=1.24738e-05 -0.000128578 0.000736695 -0.00192329 0.000260027 0.00679887 -0.00201775 -0.00506383 -0.00190344 0.00999182 -0.00531459 -0.00641481 -0.00232677 0.000158642
internal_weight=10399.6 10243.6 6912.23 3331.36 2027.75 522.843 1504.9 1037.02 907.308 194.687 1303.62 1224.9 679.4 573.659
internal_count=44961 44255 29261 14994 9006 2299 6707 4672 4075 869 5988 5628 3050 2565
is_linear=0
shrinkage=0.03


Tree=104
num_leaves=15
num_cat=0
split_feature=4 18 12 6 12 15 15 9 3 6 6 18 15 15
split_gain=16.4295 27.3191 36.8559 21.8501 23.511 27.385 20.9827 19.9301 19.0466 25.7307 17.8866 32.7043 32.2156 34.5017
threshold=-0.028148134858948123 6.5002731504387219 -0.15576400949721889 0.01478485404764465 -0.1395651111950704 -0.017925318242955509 -0.024548235649689328 -0.0026963300259314478 0.34375298588291098 0.051309347991995345 0.010111160050840734 5.3815744803939554 -0.0047732101713950916 0.013165921028590157
decision_type=2 2 2 2 2 2 2 2 2 2 2 2 2 2
left_child=1 2 -1 -3 -5 7 -2 -6 9 10 12 -12 -8 -14
right_child=6 3 -4 4 5 -7 8 -9 -10 -11 11 -13 13 -15
leaf_value=0.026308170419514949 -0.0060779231128560195 -0.014150883554321965 0.0037877787188685939 -0.0018481078553531953 0.0081843772821878612 -0.0023286925838580347 -0.0061130326646874362 0.030454532422707396 0.011624022035475145 -0.019115549850764711 0.016729740967365861 -0.0010420996837887566 0.0069399904338496117 -0.0064538925931493813
leaf_weight=95.142749279737473 566.06190213561058 80.346272587776184 202.76952278614044 466.78917118906975 89.086195096373558 104.73709097504616 298.87755334377289 61.434047698974609 120.38012257218361 62.88464367389679 92.470040380954742 6913.412280112505 1077.2530777901411 204.51496480405331
leaf_count=389 2519 367 828 1958 368 433 1325 257 552 297 372 30184 4432 859
internal_value=-8.14485e-05 0.00338237 0.0111075 0.000493707 0.00215788 0.00944105 -0.000490324 0.017554 -0.000128359 -0.000294575 -0.000152318 -0.000802823 0.00272828 0.00479618
internal_weight=10436.2 1100.31 297.912 802.393 722.047 255.257 9335.85 150.52 8769.79 8649.41 8586.53 7005.88 1580.65 1281.77
internal_count=45140 4600 1217 3383 3016 1058 40540 625 38021 37469 37172 30556 6616 5291
is_linear=0
shrinkage=0.03


Tree=105
num_leaves=15
num_cat=0
split_feature=4 14 3 8 18 7 5 5 13 7 11 18 3 11
split_gain=14.0567 26.8901 15.3046 15.9909 17.6952 14.1797 31.1347 28.63 24.7459 30.7578 18.1708 19.2041 18.1195 24.5504
threshold=-0.044479886452410793 -0.10565101184051405 -0.14772562412116216 -0.064710579524122305 7.3995875360315617 0.42482897057193197 0.0010992909413364285 -0.04160378898043187 0.04363993804360778 0.32359527485200618 27.044229352277963 6.5210190556125758 0.037669827300517857 66.554286727750878
decision_type=2 2 2 2 2 2 2 2 2 2 2 2 2 2
left_child=2 -2 -1 -4 -5 6 7 -3 -9 -10 11 -7 -12 -14
right_child=1 5 3 4 -6 10 -8 8 9 -11 12 -13 13 -15
leaf_value=-0.007272643124923598 -0.017284399032170654 -0.017041352246311911 -0.0071806869663806104 0.015989435678859645 -0.0017894662794848944 0.004216073594838542 -0.013122551450225371 0.023542683243231048 -0.016047043024560354 0.010218839889128875 0.0013558209167660741 -0.019774349253666185 -0.0025371481897715296 0.0042898669531299775
leaf_weight=65.798390671610832 80.251946553587914 56.23477877676487 48.031111970543861 193.36768501996994 67.386834159493446 46.503320291638374 227.77332283556461 55.531410157680511 60.691933214664459 109.48151150345802 5937.5655291676521 79.774486362934113 2823.29459887743 567.77091382443905
leaf_count=274 346 252 200 810 290 192 996 226 260 468 25314 380 12556 2494
internal_value=1.17224e-05 -0.000201571 0.00570211 0.00849588 0.0114162 -6.05504e-05 -0.00492459 0.00174416 0.00653317 0.000773589 0.000202655 -0.0110116 0.000356786 -0.00139224
internal_weight=10419.5 10044.9 374.584 308.786 260.755 9964.62 509.713 281.94 225.705 170.173 9454.91 126.278 9328.63 3391.07
internal_count=45058 43484 1574 1300 1100 43138 2202 1206 954 728 40936 572 40364 15050
is_linear=0
shrinkage=0.03


Tree=106
num_leaves=15
num_cat=0
split_feature=12 16 4 2 3 15 6 13 6 13 13 17 6 15
split_gain=16.7606 15.6771 12.3056 24.3727 23.5808 13.709 25.0612 18.0233 17.1301 20.656 15.213 35.9613 43.1044 37.5845
threshold=-0.0050874216800946828 0.25881904510252091 -0.050286099765245999 -0.12204153155043505 -0.19304614274706164 -0.025538145197604219 0.012594840709740091 0.030839340465501523 0.026225157353945459 0.096470588235294211 0.065537166156423257 -0.37940952255126015 0.017982756133165165 0.011301331082762546
decision_type=2 2 2 2 2 2 2 2 2 2 2 2 2 2
left_child=2 -2 4 -4 -1 6 7 -5 9 -8 11 13 -13 -7
right_child=1 -3 3 5 -6 10 8 -9 -10 -11 -12 12 -14 -15
leaf_value=-0.012616657715158981 -0.00020527154834913488 0.020540882394615864 -0.018734426713143543 -0.0072933557122941634 0.010689409602590622 0.0097572485607169534 -0.0058871406869907342 -0.029455068084746447 -0.013095113520018183 0.0070167983728356151 -0.00076060581033831698 -0.0024170391340143089 0.011246146379190058 -0.0078840584083748732
leaf_weight=46.482458993792534 63.335842549800873 65.86722993850708 63.05894061923027 92.785587310791016 203.18219456076622 707.29094523191452 206.34258304536343 50.983031749725342 91.400609105825424 238.61377412080765 6725.4759946018457 1489.9539797902107 239.43934164941311 126.80589646100998
leaf_count=195 273 282 271 464 864 2977 891 243 407 989 29276 6378 986 549
internal_value=-0.000131799 0.0105229 -0.000267708 -0.00043199 0.00628451 -0.000312484 -0.0044174 -0.0154486 -0.00141411 0.0010332 -1.10421e-05 0.00195454 -0.000514527 0.00706284
internal_weight=10411 129.203 10281.8 10032.2 249.665 9969.09 680.126 143.769 536.357 444.956 9288.97 2563.49 1729.39 834.097
internal_count=45045 555 44490 43431 1059 43160 2994 707 2287 1880 40166 10890 7364 3526
is_linear=0
shrinkage=0.03


Tree=107
num_leaves=15
num_cat=0
split_feature=16 13 6 14 6 15 13 6 10 14 2 2 3 10
split_gain=13.6742 40.8296 21.0954 29.5998 26.7819 25.2389 21.8431 20.9034 20.6405 18.346 21.1846 23.3957 17.615 25.7951
threshold=-0.5 0.35595698820649962 0.01099270702449979 -0.0071662596523827107 0.01478485404764465 0.0024179252260516653 0.21006123687781189 0.0089069841215754526 1.9004849065187959 0.11189478250327635 -0.01518410893906008 -0.058537762617377136 0.077277068870592283 2.6934304668178561
decision_type=2 2 2 2 2 2 2 2 2 2 2 2 2 2
left_child=1 2 3 7 -4 8 -7 -1 -6 10 11 -3 13 -2
right_child=12 9 4 -5 5 6 -8 -9 -10 -11 -12 -13 -14 -15
leaf_value=0.01855191751967265 0.0012557191638229172 4.4120789086643633e-05 -0.008965775899477885 -0.0029708398707930937 0.0017979467994676691 -0.0031455048900508732 -0.015817321622816693 0.0013991880999126751 -0.01204049408230308 0.019193529658422085 -0.0023228647285300414 0.029666941577648369 -0.0022715468231260033 0.018883585121633701
leaf_weight=127.01088854670525 5489.6353324055672 46.928891226649284 692.03390449285507 405.93154273927212 1061.3973259329796 387.12351301312447 177.99325211346149 127.48034742474556 104.74450626969337 93.959817796945572 174.82398606836796 47.114014327526093 1395.3051978200674 73.755519807338715
leaf_count=534 23457 200 3095 1720 4500 1664 792 561 467 425 792 200 6300 312
internal_value=-2.51245e-05 -0.00156992 -0.00269118 0.0020571 -0.00398586 -0.0019872 -0.00717842 0.0100376 0.000536472 0.00792237 0.00387084 0.0151934 0.00074022 0.00149612
internal_weight=10405.2 3446.54 3083.72 660.423 2423.29 1731.26 565.117 254.491 1166.14 362.827 268.867 94.0429 6958.7 5563.39
internal_count=45019 14950 13333 2815 10518 7423 2456 1095 4967 1617 1192 400 30069 23769
is_linear=0
shrinkage=0.03


Tree=108
num_leaves=15
num_cat=0
split_feature=9 1 3 12 15 13 10 17 4 13 10 10 7 3
split_gain=14.4838 12.7851 17.3772 24.7039 28.137 49.3039 27.6401 27.4586 25.8023 24.4068 22.6822 25.2863 19.6695 32.7341
threshold=-0.12689575870448819 0.039991640778068056 0.045167992850425116 -0.28868627450980383 0.019177918442596645 0.15038926224248908 0.33649976647107366 -0.78656609248549325 0.012381468345039283 0.082677437059498052 0.90305184644691028 0.56358057419047813 0.83387456015402195 0.15652769101587796
decision_type=2 2 2 2 2 2 2 2 2 2 2 2 2 2
left_child=-1 2 3 6 7 8 -2 9 10 -5 11 -6 13 -4
right_child=1 -3 12 4 5 -7 -8 -9 -10 -11 -12 -13 -14 -15
leaf_value=0.01223381365765071 0.0085959041292586122 0.0047110020531553757 -0.001182573219561408 0.0094269023155551506 0.002014076633486244 0.017302516635391653 -0.014141400422185797 0.00029499699150734829 -0.024748918263750221 0.0011460316966948199 0.01105220257280371 -0.022929406874485834 -0.0041965900869461292 0.013971102845896075
leaf_weight=84.405536592006683 62.188201919198036 472.25457505881786 909.20606803894043 626.88755334913731 64.922822415828705 58.793082609772682 194.81570845842361 5082.6750285774469 98.733002677559853 654.18247723579407 50.471189558506012 80.901970967650414 1808.4263946861029 147.32842272520065
leaf_count=357 268 2063 3988 2654 284 253 858 21674 443 2765 216 356 8153 653
internal_value=2.30573e-06 -0.000100166 -0.000331992 0.000476107 0.000826406 -0.00738387 -0.00861568 0.00128507 -0.0123867 0.00520663 -0.00598188 -0.0119473 -0.00229822 0.000952935
internal_weight=10396.2 10311.8 9839.53 6974.57 6717.57 353.822 257.004 6363.75 295.029 1281.07 196.296 145.825 2864.96 1056.53
internal_count=44985 44628 42565 29771 28645 1552 1126 27093 1299 5419 856 640 12794 4641
is_linear=0
shrinkage=0.03


Tree=109
num_leaves=15
num_cat=0
split_feature=18 9 7 6 15 15 18 9 10 15 2 3 9 12
split_gain=15.9445 20.1409 17.7124 18.4893 31.2525 20.0971 16.9542 14.9696 30.1794 27.8795 18.2017 20.5008 16.725 22.4678
threshold=6.191924643109858 0.068150197322039432 1.3840028308846419 0.012786313301137721 0.019974007644369077 0.0086884505003039809 5.4940110914621174 -0.057983484504717984 1.0889834777770162 -0.0025705685539296748 -0.0017391321881624481 -0.036980611690710312 -0.02419690410010011 -0.045266982859947673
decision_type=2 2 2 2 2 2 2 2 2 2 2 2 2 2
left_child=1 2 3 4 5 -1 -7 8 10 -10 11 -2 13 -9
right_child=7 -3 -4 -5 -6 6 -8 12 9 -11 -12 -13 -14 -15
leaf_value=-0.00031776514610284544 -0.020604580510359859 -0.008866929580194258 -0.0099914011598413056 0.0057171394131035986 -0.018958111819829728 0.02509807859536908 0.0049762918244439305 0.0045331969833935313 -0.0080048115963675809 0.019886702603866342 -0.028366062962616585 0.00037353688299827475 -0.0010860378146610367 -0.0057193248445222842
leaf_weight=853.68257488310337 69.878605604171753 142.97850707173347 93.992104962468147 1217.3594321161509 68.535767495632172 49.697810798883438 144.43333633244038 1054.5406259894371 68.160533413290977 57.908306047320366 53.297773212194443 100.44238317012787 6185.4048072844744 233.39763019979
leaf_count=3470 307 610 388 4945 285 200 586 4527 306 243 230 429 27436 1014
internal_value=-4.94851e-05 0.00199936 0.0026461 0.00316321 0.000372942 0.00167106 0.0103309 -0.000723083 -0.00677188 0.00491733 -0.013347 -0.00837253 -0.000438316 0.00266927
internal_weight=10393.7 2570.68 2427.7 2333.71 1116.35 1047.81 194.131 7823.03 349.688 126.069 223.619 170.321 7473.34 1287.94
internal_count=44976 10484 9874 9486 4541 4256 786 34492 1515 549 966 736 32977 5541
is_linear=0
shrinkage=0.03


Tree=110
num_leaves=15
num_cat=0
split_feature=12 18 5 8 1 18 5 12 13 10 14 13 13 13
split_gain=15.6543 18.1642 13.7481 19.5154 16.3209 14.717 16.9141 23.7982 16.0962 13.797 21.7838 23.9771 33.9478 16.3089
threshold=-0.0050874216800946828 6.590970979599172 0.14659746555193234 -0.0059470984642240035 -0.0016155092366544018 6.0575994314441584 -0.03444305518765544 -0.16562764980214809 0.0069109211447708771 1.0709780293873326 0.026831982924097001 0.04363993804360778 0.18693334855055935 0.11211081878508357
decision_type=2 2 2 2 2 2 2 2 2 2 2 2 2 2
left_child=2 -2 4 -4 5 6 -1 -8 -7 10 11 -10 13 -13
right_child=1 -3 3 -5 -6 8 7 -9 9 -11 -12 12 -14 -15
leaf_value=0.015356073371657923 0.021532005309672243 -0.0010125640935839796 0.022980087877275096 0.0022233186503251216 -0.0013810407762983941 -0.012394635243006838 -0.014895346474409378 0.0045448633055054114 0.0064515542639545969 -0.0019288242988190099 0.0099057241599359493 -0.0013351284171995922 0.005053906205353469 -0.0090585726958915726
leaf_weight=112.22860430181026 63.437793642282486 62.919277563691139 52.122987300157547 167.3101571649313 5307.5847145020962 86.464715704321861 59.852483987808228 681.48812538385391 526.25905786454678 1313.5778305381536 268.72434520721436 722.29916919767857 568.15450471639633 371.8771605193615
leaf_count=453 262 279 234 758 23009 390 248 2768 2256 5827 1187 3133 2428 1632
internal_value=5.33784e-05 0.0104651 -7.71425e-05 0.0073168 -0.000240518 0.0010445 0.00460413 0.00293949 0.000254832 0.000551295 0.00187755 0.000883677 -0.000884631 -0.00397183
internal_weight=10364.3 126.357 10237.9 219.433 10018.5 4710.93 853.569 741.341 3857.36 3770.89 2457.31 2188.59 1662.33 1094.18
internal_count=44864 541 44323 992 43331 20322 3469 3016 16853 16463 10636 9449 7193 4765
is_linear=0
shrinkage=0.03


Tree=111
num_leaves=15
num_cat=0
split_feature=18 15 13 13 7 12 12 12 3 8 11 13 10 12
split_gain=14.74 23.3739 34.9463 21.4728 25.8971 25.7938 42.7239 24.1451 23.2575 22.581 21.0201 20.9435 20.4781 19.512
threshold=6.9620727611598747 -0.02573562617644853 0.056959869701338935 0.038062336014017102 0.78723596526794792 -0.12312265037593982 -0.025080990973044944 -0.13841378137890767 -0.030720036175712628 -0.04284589617161854 33.586170257741678 0.41315130645201642 1.1080932551264389 -0.10936304759261649
decision_type=2 2 2 2 2 2 2 2 2 2 2 2 2 2
left_child=-1 2 -2 4 9 -6 12 10 13 -3 -5 -12 -7 -9
right_child=1 3 -4 7 5 6 -8 8 -10 -11 11 -13 -14 -15
leaf_value=0.00082085162625064113 -0.025173518262605266 0.030490903540340192 -0.0019589344240080672 0.010498288367901877 0.013598470993154766 -0.0062325608698971524 0.014954515824769886 0.01846622389044851 -0.0015430105774826039 0.0070149107853970383 -0.013020235348042988 -1.8593508713469413e-05 -0.028971486806596919 0.0011216146393222353
leaf_weight=6842.3907337188721 89.435292482376099 50.616135224699974 162.38374558091164 52.462831631302834 83.916323199868202 108.81926561892033 62.815010145306587 98.029986754059792 1963.3615200221539 129.34625647962093 370.30175693333149 159.18820577859879 52.157552599906921 140.84219026565552
leaf_count=28982 442 214 724 219 356 492 255 415 8964 549 1671 731 241 630
internal_value=9.0841e-06 -0.0015668 -0.0103371 -0.000885891 0.00490859 -0.000394258 -0.00571516 -0.00190363 -0.000465098 0.0138803 -0.00732711 -0.00912614 -0.0138652 0.00833384
internal_weight=10366.1 3523.68 251.819 3271.86 487.671 307.708 223.792 2784.19 2202.23 179.962 581.953 529.49 160.977 238.872
internal_count=44885 15903 1166 14737 2107 1344 988 12630 10009 763 2621 2402 733 1045
is_linear=0
shrinkage=0.03


Tree=112
num_leaves=15
num_cat=0
split_feature=13 17 12 15 7 6 9 15 18 6 12 15 18 12
split_gain=16.5174 33.0419 27.9198 33.5421 25.3734 24.9726 28.7931 25.2606 32.0351 40.8481 30.8727 22.7891 23.6792 20.4349
threshold=0.065537166156423257 -0.37940952255126015 -0.27085956605845457 0.011301331082762546 0.32359527485200618 0.016701131077682837 -0.067694107927580502 -0.0020413174218436576 6.0237931696130538 0.0071224826904834849 -0.10732517527375988 -0.02578564544310424 6.927206494656482 -0.07113230774735789
decision_type=2 2 2 2 2 2 2 2 2 2 2 2 2 2
left_child=1 2 -1 11 -2 6 13 8 10 -10 -8 12 -4 -3
right_child=4 5 3 -5 -6 -7 7 -9 9 -11 -12 -13 -14 -15
leaf_value=-0.014883675384731579 -0.015030683375954796 0.00078642388730093625 0.0075463047913777491 -0.0075414322490761606 -0.00064769978984989453 0.0057446303450075335 0.023356420852987173 0.00024450081738167865 0.0077230965863136526 -0.015106410562258674 -0.0056795140514794709 0.011592328711327978 -0.017789589069152758 0.025608928727923776
leaf_weight=51.974976286292076 110.09284837543964 68.467665314674377 89.857292175292969 118.38085263967514 7288.4555307179689 441.1905061006546 49.457628145813942 728.74100367724895 83.152384743094444 426.33675312995911 90.082741111516953 707.26269160211086 50.011105164885521 51.099000930786133
leaf_count=225 491 292 384 513 31701 1821 200 3078 357 1982 368 2970 242 215
internal_value=-0.000108373 0.0017865 0.00615873 0.0073199 -0.000865728 -0.000512361 -0.00236119 -0.0035915 -0.00788614 -0.0113648 0.00479638 0.00940954 -0.00163583 0.0116416
internal_weight=10354.6 2956.01 1017.49 965.512 7398.55 1938.53 1497.34 1377.77 649.03 509.489 139.54 847.131 139.868 119.567
internal_count=44839 12647 4334 4109 32192 8313 6492 5985 2907 2339 568 3596 626 507
is_linear=0
shrinkage=0.03


Tree=113
num_leaves=15
num_cat=0
split_feature=18 2 13 6 12 10 13 9 7 6 11 10 12 12
split_gain=15.9475 25.2016 39.032 16.5449 31.8055 44.575 57.9362 32.8281 28.1061 24.6048 36.5469 35.5234 22.9661 22.5211
threshold=5.6003357610740752 -0.006144412572340884 0.077475863682760396 0.014726493542037797 -0.023827326783842081 0.56770800452328818 0.097511153791501451 0.077868984807544742 1.234863247408847 0.0090114441726752131 51.562854646414173 0.42217069529306828 -0.069750761066818254 -0.0975503592051951
decision_type=2 2 2 2 2 2 2 2 2 2 2 2 2 2
left_child=1 2 -1 4 5 6 9 8 -6 10 13 -11 -12 -2
right_child=3 -3 -4 -5 7 -7 -8 -9 -10 11 12 -13 -14 -15
leaf_value=0.0061428883934566501 -0.0029677062875118009 0.0085817684723264905 -0.022120556163675215 0.00057606734316615444 0.0051471655036288951 -0.0052481894306570243 -0.0058253669813776044 -0.01707418648087097 0.028915671053390369 0.02732057159615664 -0.022742813962409895 0.0062617159558423655 0.0040092212929728824 0.020538106332560806
leaf_weight=113.32998222112656 59.213943928480148 424.97464835643768 69.220913201570511 5975.7837255001068 379.87642942368984 2348.0811098217964 446.04077500104904 50.927793100476265 49.011211037635803 115.62900678813457 62.76827684044838 190.50195702910423 51.189944922924042 92.518570899963379
leaf_count=458 248 1729 282 25847 1603 10469 1943 219 201 493 270 824 211 374
internal_value=-0.000119553 0.00458916 -0.00469782 -0.000411692 -0.00194604 -0.00297653 0.00226392 0.00526531 0.00798492 0.00857216 0.0018671 0.0143416 -0.0108639 0.0114456
internal_weight=10429.1 607.526 182.551 9821.54 3845.76 3365.94 1017.86 479.815 428.888 571.822 265.691 306.131 113.958 151.733
internal_count=45171 2469 740 42702 16855 14832 4363 2023 1804 2420 1103 1317 481 622
is_linear=0
shrinkage=0.03


Tree=114
num_leaves=15
num_cat=0
split_feature=4 3 14 18 11 18 7 18 10 10 7 18 3 13
split_gain=15.0252 20.1542 16.9825 14.9354 14.2612 19.7024 18.6962 14.0306 34.658 20.7826 25.6481 23.4618 32.4904 21.708
threshold=-0.050286099765245999 -0.16423230605088154 -0.11573092084846036 7.3995875360315617 27.044229352277963 6.7177231794290835 0.35592414405841138 6.0575994314441584 0.30524135688240334 0.30524135688240334 0.83654387645676931 5.8936463438501088 -0.0033108121378170592 0.065537166156423257
decision_type=2 2 2 2 2 2 2 2 2 2 2 2 2 2
left_child=1 -1 -2 -3 5 -4 -6 9 -9 -8 -11 13 -13 -12
right_child=2 3 4 -5 6 -7 7 8 -10 10 11 12 -14 -15
leaf_value=-0.0090894439971078052 -0.014842524050327575 0.016734531205646264 0.00061612791449680321 -0.0012185516277912541 -0.007640577857646446 -0.020135284217111939 -0.010541246384650007 0.017632388882289511 -0.00048330385709623164 0.0074744556008434354 0.0039509972822808857 0.020693892777714516 -0.00034918790661404435 -0.0066273401971456338
leaf_weight=52.411987528204918 68.402064800262451 141.78289480507374 90.778100028634071 58.378868833184242 271.76265946030617 73.190170079469681 100.17919473350048 94.247245579957962 7618.8724209666252 775.20889203250408 281.26873651146889 104.20537313818932 174.42212468385696 453.89226318895817
leaf_count=220 297 600 378 253 1183 356 411 405 33506 3137 1142 421 715 1853
internal_value=2.16732e-05 0.00721987 -0.000159613 0.0115381 -5.66223e-05 -0.00877766 8.99471e-05 0.000310281 -0.000257433 0.00262596 0.00337424 0.000230401 0.00761222 -0.00258038
internal_weight=10359 252.574 10106.4 200.162 10038 163.968 9874.06 9602.3 7713.12 1889.18 1789 1013.79 278.627 735.161
internal_count=44877 1073 43804 853 43507 734 42773 41590 33911 7679 7268 4131 1136 2995
is_linear=0
shrinkage=0.03


Tree=115
num_leaves=15
num_cat=0
split_feature=18 2 13 7 13 6 6 12 18 13 13 12 9 15
split_gain=15.2366 24.263 24.304 21.1568 20.8275 14.9393 13.1571 31.0149 21.7214 23.8566 21.343 32.5872 27.6671 27.4043
threshold=5.4940110914621174 0.013526776298201761 0.064753898432865956 0.82615195617750525 0.11458333333333338 0.010020859180689025 0.01970685084849046 -0.28868627450980383 6.8902901368877378 0.17777486912436716 0.36430903247674035 -0.25444789273574886 -0.019830020941293987 -0.0014061334895743014
decision_type=2 2 2 2 2 2 2 2 2 2 2 2 2 2
left_child=1 2 5 -4 -3 -1 7 -2 9 -8 11 -10 -12 -13
right_child=6 4 3 -5 -6 -7 8 -9 10 -11 12 13 -14 -15
leaf_value=0.00030621810038181888 -0.021936462668006591 0.006114773411783775 0.00067720411007579965 -0.023184736213553093 0.030701096350013241 0.021554343652659812 0.0089489865401930664 -0.00074870059086596416 -0.020065145736190889 0.00089840876090243932 0.023145916164513843 0.0027924476608519591 0.0014446919847326775 -0.0074934096429306526
leaf_weight=61.399261444807053 60.755171939730644 75.980701640248299 96.396123021841049 49.116466730833054 51.947515830397606 55.936987832188606 564.68082810938358 6816.166048631072 95.393719255924225 798.71834388375282 55.745715364813805 517.55329619348049 631.053297534585 421.05723936855793
leaf_count=248 278 307 394 201 211 225 2338 29593 428 3378 230 2229 2913 1887
internal_value=1.63815e-05 0.00581195 0.000565304 -0.00758232 0.0164174 0.0106272 -0.000212101 -0.00094221 0.0014154 0.00424095 -0.000825626 -0.00354587 0.00326822 -0.00182787
internal_weight=10351.9 390.777 262.849 145.513 127.928 117.336 9961.12 6876.92 3084.2 1363.4 1720.8 1034 686.799 938.611
internal_count=44860 1586 1068 595 518 473 43274 29871 13403 5716 7687 4544 3143 4116
is_linear=0
shrinkage=0.03


Tree=116
num_leaves=15
num_cat=0
split_feature=18 6 6 3 10 15 11 9 15 12 11 18 15 6
split_gain=14.5851 15.476 33.903 45.5106 33 31.2783 27.2036 25.3202 31.5505 64.835 48.4339 27.0364 25.317 24.2019
threshold=6.191924643109858 0.015011470498888306 0.010504519913685961 0.002785794287667787 0.69200824009222117 0.0084210226954590812 55.003422490425436 -0.061269160684875916 -0.017925318242955509 -0.20135914174913663 47.175515265592388 7.7750738922846647 0.0065055865634278129 0.026557423210355747
decision_type=2 2 2 2 2 2 2 2 2 2 2 2 2 2
left_child=-1 2 3 4 5 -2 -5 -3 9 -9 11 -11 -8 -12
right_child=1 7 -4 6 -6 -7 12 8 -10 10 13 -13 -14 -15
leaf_value=0.0017640513416937662 0.0091037723868810493 -0.013289993991917756 -0.0056790283941682883 0.013325100794700461 -0.0097113176321807475 -0.015503081657675858 -0.0088402124389790285 -0.015069392745118568 -0.00061649325678211897 0.016755894739820421 0.0055387724119856201 -0.0060590457310395248 0.0095513333270002988 -0.013470242672488605
leaf_weight=2586.9735719263554 213.24030989408493 121.14413447678089 1501.1299920082092 304.65441259741783 401.05434420704842 57.377762675285339 134.96355766057968 115.21631050109863 4094.6175258755684 442.79062350094318 154.68712444603443 51.226337745785713 130.55912573635578 96.017070218920708
leaf_count=10554 905 507 7021 1286 1836 243 571 501 17969 1835 654 214 556 440
internal_value=-0.000187701 -0.000833765 -0.00264848 0.00101805 -0.00426799 0.00381105 0.0072382 0.000147587 0.000481381 0.00569824 0.00894297 0.0143752 0.000206822 -0.00179047
internal_weight=10405.7 7818.68 2742.98 1241.85 671.672 270.618 570.177 5075.7 4954.55 859.937 744.721 494.017 265.523 250.704
internal_count=45092 34538 12418 5397 2984 1148 2413 22120 21613 3644 3143 2049 1127 1094
is_linear=0
shrinkage=0.03


Tree=117
num_leaves=15
num_cat=0
split_feature=18 6 15 8 12 6 15 12 6 7 17 5 15 7
split_gain=15.816 67.3563 22.7436 28.253 27.512 25.4485 36.6866 25.0923 27.906 26.6748 30.9636 24.6257 29.1362 27.6605
threshold=6.5463523790821876 0.02720427392252403 0.0086884505003039809 0.07051524492742102 -0.011529651916017845 0.012155689354186114 0.013435625794771868 -0.083159377708227664 0.010191620026182334 0.56473083780013267 -0.60355339059327384 0.0082285655442257983 0.0027888937511004745 1.0910847196076909
decision_type=2 2 2 2 2 2 2 2 2 2 2 2 2 2
left_child=1 2 3 7 5 6 -4 9 -9 -1 -11 -10 13 -13
right_child=-2 -3 4 -5 -6 -7 -8 8 11 10 -12 12 -14 -15
leaf_value=-0.0034014699714547663 -0.0012053585309077413 0.025830197574854313 0.0075858160760765856 -0.0070686851370869285 0.024253199805244027 0.0073915458217820628 -0.012454700535212136 0.0056322454632143845 -0.01089867360301767 0.014086140848112444 0.0027100029024082336 0.0076637673549975558 -0.0095253353653671127 -0.0077163159602357178
leaf_weight=397.02207581698895 5893.4912025034428 95.437601536512375 151.2155831605196 502.72698931396008 59.061869233846664 539.73450446128845 175.63406175374985 312.58876226842403 361.2707517594099 287.70404314994812 844.2010385543108 338.85823526978493 256.15120804309845 150.39916716516018
leaf_count=1683 26231 398 622 2126 245 2263 740 1283 1512 1185 3496 1424 1090 632
internal_value=-0.000184738 0.00116024 0.000610721 -0.000510004 0.00478101 0.0034011 -0.00319329 0.000612417 -0.00225855 0.00327694 0.0056213 -0.0044935 -0.0013683 0.00292372
internal_weight=10365.5 4472.01 4376.57 3450.92 925.646 866.584 326.85 2948.2 1419.27 1528.93 1131.91 1106.68 745.409 489.257
internal_count=44930 18699 18301 14431 3870 3625 1362 12305 5941 6364 4681 4658 3146 2056
is_linear=0
shrinkage=0.03


Tree=118
num_leaves=15
num_cat=0
split_feature=5 18 5 12 12 18 2 17 7 3 13 12 7 12
split_gain=13.5292 14.7575 23.2088 43.3041 42.7579 29.6546 28.8955 25.3361 21.2688 28.4984 64.6508 24.4646 36.7291 29.3311
threshold=0.17972482284609884 6.0575994314441584 -0.020847469320278863 -0.15419155371552748 -0.12566600201060904 5.7860022530582844 -0.023989822503338584 0.37940952255126048 0.83387456015402195 0.10139353864012569 0.20582701115885907 -0.061485163761569032 0.99781622664791614 -0.033411608743667658
decision_type=2 2 2 2 2 2 2 2 2 2 2 2 2 2
left_child=1 2 4 5 -1 -4 -5 -6 -8 10 11 12 -10 -13
right_child=-2 -3 3 6 7 -7 8 -9 9 -11 -12 13 -14 -15
leaf_value=0.023282595303652856 0.0085235859156015566 -0.00077089465225340325 -0.027700703073474907 -0.010665635785782706 0.0089228332164772509 0.00026986942393824118 0.0069849463341531354 -0.012865255844736171 -0.0055467672723311613 -0.021816818951647603 0.027589345845325769 -0.014877097135999945 0.01628182353355126 0.0030624772657966174
leaf_weight=121.97272709012032 160.49830310046673 8205.7195505946875 75.626095131039619 143.68682587146759 128.32466700673103 60.791435226798058 724.34561525285244 74.078997001051903 146.13228483498096 49.348945394158363 73.255076259374619 192.54882431030273 128.81372210383415 140.81167674064636
leaf_count=493 721 36098 321 587 519 252 2945 301 593 203 298 792 523 574
internal_value=-6.50365e-05 -0.000200952 0.00206817 0.000686976 0.00940784 -0.0154124 0.00207807 0.000900617 0.00334925 -0.000263014 0.00135687 -0.00188222 0.00472378 -0.00732634
internal_weight=10426 10265.5 2059.74 1735.36 324.376 136.418 1598.94 202.404 1455.26 730.911 681.562 608.307 274.946 333.361
internal_count=45220 44499 8401 7088 1313 573 6515 820 5928 2983 2780 2482 1116 1366
is_linear=0
shrinkage=0.03


Tree=119
num_leaves=15
num_cat=0
split_feature=12 15 6 9 7 6 6 15 15 3 17 10 6 9
split_gain=14.2933 30.2843 26.7823 36.9291 29.5541 31.4501 23.1329 40.9676 41.6696 31.574 25.9615 27.2647 39.9461 30.905
threshold=-0.023827326783842081 0.021865761350377436 0.013249917938148581 0.077868984807544742 1.1343376476237095 0.0051342551332567614 0.014726493542037797 0.021865761350377436 0.00041296212129360304 0.057401233036928241 -0.37940952255126015 0.778790689526483 0.0087864126220162063 -0.067694107927580502
decision_type=2 2 2 2 2 2 2 2 2 2 2 2 2 2
left_child=6 2 3 4 5 -2 7 8 10 -10 -1 12 -12 -13
right_child=1 -3 -4 -5 -6 -7 -8 -9 9 -11 11 13 -14 -15
leaf_value=-0.00010328451425451153 -0.010570254135172022 0.024567312539714777 -0.0026822505201096795 -0.015850649248130372 0.030248776585889901 0.011514244515747061 0.00089525400535562301 -0.020130858843373962 0.002698101005941362 -0.01009693028926951 0.01639609606715834 0.0087207449581727953 -0.0063285578712969403 -0.013937334523545562
leaf_weight=625.44002446532249 71.077897667884827 55.471097528934479 498.83674225211143 53.024514481425285 55.986696347594261 284.80596083402634 5585.5492213368416 108.66194996237755 1740.8849484473467 190.8050604313612 82.845611765980721 58.478098452091217 386.51954220235348 572.79408787190914
leaf_count=2754 291 236 2221 229 229 1192 24103 498 7410 855 345 258 1694 2659
internal_value=3.8028e-05 0.00340803 0.00214178 0.00730733 0.0103509 0.00706906 -0.000329894 -0.00214628 -0.0016013 0.00142512 -0.00498596 -0.00775533 -0.00226498 -0.0118175
internal_weight=10371.2 1019.2 963.732 464.895 411.871 355.884 9351.98 3766.43 3657.77 1931.69 1726.08 1100.64 469.365 631.272
internal_count=44974 4398 4162 1941 1712 1483 40576 16473 15975 8265 7710 4956 2039 2917
is_linear=0
shrinkage=0.03


Tree=120
num_leaves=15
num_cat=0
split_feature=18 14 15 1 6 18 5 10 6 16 15 3 6 14
split_gain=17.2147 33.3206 20.628 19.3384 13.8562 25.6267 34.2156 29.1948 24.9227 20.2579 20.4765 24.5702 23.0023 41.3766
threshold=5.4695670626554502 0.014955311836917897 0.0081570040028857722 -0.0061883663030737326 0.01970685084849046 6.5002731504387219 0.062362216550208023 1.8631883493763051 0.022965402058314113 -0.5 -0.02403188588053062 -0.031556827909288925 0.010191620026182334 -0.0071662596523827107
decision_type=2 2 2 2 2 2 2 2 2 2 2 2 2 2
left_child=1 2 3 -1 9 6 7 8 -6 10 -2 -12 13 -13
right_child=4 -3 -4 -5 5 -7 -8 -9 -10 -11 11 12 -14 -15
leaf_value=0.010566320902475685 -0.012950524742065548 0.02323165106697456 0.01522488623105185 -0.0097817659693507104 0.0077540350333275007 0.00049974209256986948 -0.012105335559292687 -0.0095180412320466489 0.023453217251686941 0.00039648691302600814 0.004044299692450324 0.015764612778484614 -0.0061797424088289206 -0.0045329047145970082
leaf_weight=58.949175104498863 172.86078357696533 82.492585688829422 70.464694648981094 134.07800640165806 246.5478857010603 2588.659534946084 65.761061370372772 54.371087566018105 145.37358267605305 4756.7777806073427 435.73822221159935 132.34261700510979 1144.4116659611464 274.46375317871571
leaf_count=238 818 332 286 548 1017 11347 279 226 603 20619 1863 545 5085 1149
internal_value=0.000277206 0.00683678 0.00156763 -0.00352297 4.93276e-05 0.00171511 0.00783346 0.0108123 0.0136668 -0.000697722 -0.00310574 -0.00223711 -0.00400449 0.00211512
internal_weight=10363.3 345.984 263.492 193.027 10017.3 3100.71 512.054 446.293 391.921 6916.59 2159.82 1986.96 1551.22 406.806
internal_count=44955 1404 1072 786 43551 13472 2125 1846 1620 30079 9460 8642 6779 1694
is_linear=0
shrinkage=0.03


Tree=121
num_leaves=15
num_cat=0
split_feature=7 9 18 13 10 18 2 13 13 7 7 5 10 6
split_gain=13.8234 19.779 11.1561 11.6737 20.1108 10.6692 20.277 32.0735 23.0808 38.8671 22.9457 30.5429 18.2274 21.3162
threshold=0.35592414405841138 -0.035571417991378688 5.7327782964418592 0.1639300778362395 0.3449974694484727 5.6003357610740752 -0.0041732506179288356 0.074068716481561894 0.11458333333333338 0.83929395447376032 0.61609486831659799 0.01467851723945335 0.32662398350078531 0.01970685084849046
decision_type=2 2 2 2 2 2 2 2 2 2 2 2 2 2
left_child=1 -1 -3 4 -4 6 7 -2 10 -10 -8 -12 13 -7
right_child=5 2 3 -5 -6 12 8 -9 9 -11 11 -13 -14 -15
leaf_value=0.011060171432865718 0.0063289697430223496 -0.022857858687696058 -0.019418454292716641 0.0062676161341301819 0.0031232612788255811 0.0029002551004190321 -0.011432631558081066 -0.018167372875434976 0.034790799509162577 0.0017200597045194741 0.016604492229187594 -0.01064985032241767 -0.00039849759120043354 0.024159597174658973
leaf_weight=46.092740312218666 115.23693312704563 47.23453976213932 90.819566488265991 46.035008937120438 57.005109399557114 173.28699541091919 71.153527915477753 79.712185427546501 62.824580997228622 63.567094504833221 122.69919466972351 51.020209342241287 9301.8914082795382 54.520319014787674
leaf_count=191 465 210 398 208 244 733 289 326 253 258 495 207 40541 229
internal_value=-0.000139536 -0.0066066 -0.0100474 -0.0067245 -0.0108001 4.56976e-05 0.00403923 -0.00377004 0.00813806 0.0184442 0.00271221 0.00856997 -0.000192378 0.00815416
internal_weight=10383.1 287.187 241.094 193.86 147.825 10095.9 566.214 194.949 371.265 126.392 244.873 173.719 9529.7 227.807
internal_count=45047 1251 1060 850 642 43796 2293 791 1502 511 991 702 41503 962
is_linear=0
shrinkage=0.03


Tree=122
num_leaves=15
num_cat=0
split_feature=12 18 5 14 16 3 7 18 3 12 14 6 9 6
split_gain=12.5483 13.4292 11.0001 24.1301 14.177 11.9442 38.7359 43.6545 28.3522 26.0454 24.4228 24.3314 22.9629 21.8551
threshold=-0.0050874216800946828 6.5134539919421828 0.17972482284609884 0.22920892603826462 -1.0000000180025095e-35 0.10532149573335133 0.81551690846932534 7.4134714756732745 0.12559740733454033 -0.28868627450980383 -0.049404636235951142 0.019895411486316985 0.00062963329276399815 0.024357255202295029
decision_type=2 2 2 2 2 2 2 2 2 2 2 2 2 2
left_child=2 -2 5 -4 -5 9 7 8 -7 10 12 -11 -1 -8
right_child=1 -3 3 4 -6 6 13 -9 -10 11 -12 -13 -14 -15
leaf_value=0.0096063834566327121 0.019683102659498991 0.00053322999223526007 0.024312937555733806 0.011746755282519823 -0.010316332928851956 -0.0030702248234245767 -0.011347944889831143 -0.01360336677857692 0.018109887562246314 -8.947977401605416e-05 -0.016328707489746942 0.003885715474382032 -0.015416173366354809 -0.0018536748775281318
leaf_weight=91.837215319275856 59.647050052881241 71.066381633281708 51.828406989574432 45.262417405843735 56.854867219924927 81.378600925207138 390.02419543266296 78.587168037891388 183.04195769131184 6810.2362157851458 157.11088460683823 1737.7708934992552 48.921746030449867 494.29805180430412
leaf_count=383 246 314 231 202 257 360 1785 369 790 29438 722 7330 211 2310
internal_value=0.000271079 0.00943662 0.000152112 0.00805883 -0.000499306 2.97003e-05 -0.00274117 0.00579361 0.0116173 0.00041468 -0.00827578 0.000719379 0.000815485 -0.00605721
internal_weight=10357.9 130.713 10227.2 153.946 102.117 10073.2 1227.33 343.008 264.421 8845.88 297.87 8548.01 140.759 884.322
internal_count=44948 560 44388 690 459 43698 5614 1519 1150 38084 1316 36768 594 4095
is_linear=0
shrinkage=0.03


Tree=123
num_leaves=15
num_cat=0
split_feature=16 4 3 18 7 15 7 12 6 12 15 15 7 15
split_gain=13.741 42.6584 16.4288 26.7895 35.4827 28.366 23.0137 20.3079 21.0877 53.246 48.0504 30.8917 30.4335 29.9774
threshold=-0.5 0.060144974976986017 0.10139353864012569 7.4134714756732745 0.81813420758547994 0.012932373174746383 0.64933370623437947 -0.28868627450980383 0.014313363985710802 -0.028701604243572151 0.019177918442596645 -0.017925318242955509 1.3052807053437581 0.0042442970489080531
decision_type=2 2 2 2 2 2 2 2 2 2 2 2 2 2
left_child=1 -1 6 4 -4 -6 -2 -8 9 10 13 12 -10 -9
right_child=2 -3 3 -5 5 -7 7 8 11 -11 -12 -13 -14 -15
leaf_value=-0.0022803382401216576 -0.0021419401107031768 0.015375592958938165 0.01059094637505905 -0.010976061242876043 -0.0066613688609929332 0.012764919396815677 -0.014139143590239361 -0.0033643583258668318 0.014096845527626621 0.010158456241990878 -0.020360709817044301 0.0025928383541947795 -0.0029829904344746104 0.0064220159055636593
leaf_weight=3294.6763748973608 1345.9935237616301 125.95661917328835 207.31817364692688 265.15942980349064 473.99878039956093 76.965808615088463 64.564118295907974 1050.7157063782215 446.00686863064766 384.30870755016804 119.99071754515171 2024.0780194252729 118.00054197013378 382.65174888074398
leaf_count=14340 5787 555 894 1283 2148 345 286 4663 1845 1600 545 8641 490 1628
internal_value=-6.52139e-05 -0.0016216 0.000699975 -0.00280688 7.11134e-05 -0.0039113 0.00130531 0.00231662 0.00255752 0.000190244 -0.00228583 0.00432836 0.0105255 -0.00074648
internal_weight=10380.4 3420.63 6959.75 1023.44 758.283 550.965 5936.31 4590.32 4525.75 1937.67 1553.36 2588.09 564.007 1433.37
internal_count=45050 14895 30155 4670 3387 2493 25485 19698 19412 8436 6836 10976 2335 6291
is_linear=0
shrinkage=0.03


Tree=124
num_leaves=15
num_cat=0
split_feature=18 4 3 3 14 9 18 6 3 6 12 6 6 9
split_gain=12.1147 17.1289 24.3364 19.947 29.099 22.0335 24.0202 19.6826 17.9319 20.2713 28.1375 31.9333 32.9183 20.375
threshold=7.3995875360315617 -0.040492802355994 0.047013283676839761 -0.08088895047338017 -0.091411589275605873 -0.049359345451889823 6.0237931696130538 0.012520968106443145 -0.032344517514200831 0.019895411486316985 -0.044222129098569977 0.013188117087524912 0.0046855120230307789 0.033714660344285781
decision_type=2 2 2 2 2 2 2 2 2 2 2 2 2 2
left_child=1 2 -1 5 -5 -3 -7 -8 -6 10 -10 12 -12 -11
right_child=-2 3 -4 4 8 6 7 -9 9 13 11 -13 -14 -15
leaf_value=0.0029644609199665065 -0.0023876922413399206 -0.022587704329222295 0.02245675020035896 -0.018990591723592101 0.0038625368819932811 0.017080279470651914 -0.019983945744207726 -0.0028538296823985487 -0.0027022275413695982 0.001259275499397779 -0.015299971615238831 -0.0027131103760192855 0.0076519973935798681 0.0099437975195888935
leaf_weight=329.31136704981327 1774.3362487703562 56.461957231163979 68.104299291968346 66.507121205329895 1291.6989089995623 46.126732215285301 67.307627007365227 476.56488937139511 3048.9223783165216 1307.7107050269842 58.602747663855553 652.3997877240181 806.88380345702171 296.89039918780327
leaf_count=1374 8072 239 290 287 5489 186 337 2061 13126 5668 247 2872 3389 1283
internal_value=-0.000132774 0.000334344 0.00640054 3.79902e-05 0.00047267 -0.00501076 -0.00325805 -0.00503924 0.000651158 -2.20294e-05 -0.00104128 0.00229418 0.00606621 0.0028765
internal_weight=10347.8 8573.49 397.416 8176.08 7529.62 646.461 589.999 543.873 7463.11 6171.41 4566.81 1517.89 865.487 1604.6
internal_count=44920 36848 1664 35184 32361 2823 2584 2398 32074 26585 19634 6508 3636 6951
is_linear=0
shrinkage=0.03


Tree=125
num_leaves=15
num_cat=0
split_feature=16 13 4 3 10 13 12 6 9 6 3 11 2 9
split_gain=13.6553 30.2493 20.0361 19.4117 52.8271 20.2931 19.5024 27.1935 32.9344 25.1616 33.5707 26.7795 26.9773 31.3947
threshold=-0.5 0.35595698820649962 -0.053343439530131868 0.1710921882503115 0.74138437446928906 1.0490979984061017 -0.016830307757952242 0.013376089093332348 0.050979816002832253 0.012379719826636796 -0.069730876887222334 55.58378409123813 -0.026536497384177113 0.0057673660591156537
decision_type=2 2 2 2 2 2 2 2 2 2 2 2 2 2
left_child=1 2 -1 6 -5 -6 9 8 -8 10 -2 12 13 -12
right_child=3 -3 -4 4 5 -7 7 -9 -10 -11 11 -13 -14 -15
leaf_value=0.013824402700813308 -0.019542650635165134 0.0068499096817005991 -0.0026278692778245526 0.02403761333390949 -0.011294587162619956 0.0088941586868056897 0.022017810432164959 -0.00079743782392355819 -0.0056990766973509192 0.0022726573858162244 -0.00081733256554939989 -0.0071974610563977949 0.0034621210847104057 -0.024672860456439259
leaf_weight=66.18411360681057 90.613793417811394 365.61958305537701 2975.6753506436944 48.046161577105522 343.14965994656086 49.983203426003456 156.6619975566864 171.50399002432823 50.043052673339844 4349.3186896890402 172.62443245947361 455.45240464806557 1000.604816198349 67.77847258746624
leaf_count=283 423 1625 12944 205 1599 235 644 763 214 18750 781 1955 4254 320
internal_value=0.00027541 -0.00128001 -0.00226106 0.00103752 -0.00503856 -0.00869575 0.00145043 0.00804408 0.0153173 0.00104155 -0.00195388 -0.000992497 0.00129265 -0.00769117
internal_weight=10363.3 3407.48 3041.86 6955.78 441.179 393.133 6514.6 378.209 206.705 6136.39 1787.07 1696.46 1241.01 240.403
internal_count=44995 14852 13227 30143 2039 1834 28104 1621 858 26483 7733 7310 5355 1101
is_linear=0
shrinkage=0.03


Tree=126
num_leaves=15
num_cat=0
split_feature=1 5 14 18 2 13 13 7 17 6 12 7 7 14
split_gain=14.1754 13.5691 18.4168 13.8711 21.2967 19.6594 15.2965 17.4431 15.9631 12.3444 27.8781 33.8145 27.2281 28.9629
threshold=-0.066121304725627925 0.17972482284609884 0.22920892603826462 5.4940110914621174 0.012336638520325406 0.11458333333333338 0.067931111099355138 0.80692481415405493 0.25881904510252057 0.01489593485913873 -0.029333604943301502 0.45954982776540693 1.32512721246134 0.011915128728867687
decision_type=2 2 2 2 2 2 2 2 2 2 2 2 2 2
left_child=-1 3 -3 4 6 -6 8 -8 -2 10 -5 -12 13 -13
right_child=1 2 -4 9 5 -7 7 -9 -10 -11 11 12 -14 -15
leaf_value=0.01013694965467192 0.01666535387430745 0.022579294390020373 0.00069049323782970182 -0.0029888548249320502 0.0049431275060149377 0.02817315258768761 0.0013285076812038711 -0.020921258813590717 -0.0045612470951450724 0.00032263172566319119 -0.020560418384555617 0.0099650393739509121 0.026542947192318617 -0.0028731732641077289
leaf_weight=117.94258332252502 71.455047830939293 52.800144195556641 94.184435412287712 3377.8132175505161 79.566376343369484 55.076659142971039 84.719172969460487 48.473224624991417 55.115406081080437 5593.4729570448399 47.141772121191025 312.5459795743227 47.981363162398338 316.68732376396656
leaf_count=522 288 232 423 14927 322 224 347 200 223 24186 200 1303 198 1361
internal_value=-0.000116605 -0.000236695 0.00875099 -0.00036933 0.00513136 0.0147188 8.74096e-05 -0.00695865 0.00749501 -0.000594103 -0.00184366 0.00349015 0.00521996 0.00351505
internal_weight=10355 10237 146.985 10090 394.406 134.643 259.763 133.192 126.57 9695.64 4102.17 724.356 677.215 629.233
internal_count=44956 44434 655 43779 1604 546 1058 547 511 42175 17989 3062 2862 2664
is_linear=0
shrinkage=0.03


Tree=127
num_leaves=15
num_cat=0
split_feature=17 5 18 12 9 18 10 12 7 9 15 9 12 18
split_gain=13.239 17.968 20.4434 28.6223 16.8866 22.2931 20.7245 18.0278 15.6603 17.9051 14.6688 30.4362 28.8873 19.1994
threshold=-0.60355339059327384 0.0010992909413364285 6.7238289157415032 -0.17142465324034153 0.016479958335961612 7.3449058932554978 2.6934304668178561 -0.090870685363943257 0.42482897057193197 0.029490578900139178 -0.00089738728038479809 -0.029670228212523211 -0.083159377708227664 6.831098948537103
decision_type=2 2 2 2 2 2 2 2 2 2 2 2 2 2
left_child=1 2 -1 -4 5 6 10 -8 -6 -10 11 -2 -13 -14
right_child=4 -3 3 -5 8 -7 7 -9 9 -11 -12 12 13 -15
leaf_value=0.0078133803178808605 -0.0066253257160707631 -0.00038721513617904113 -0.011709029048629306 0.0038581913326232371 -0.0134689162975283 -0.0036842219712223795 0.0019060011590190215 0.027597563583683836 -0.0060779749094028853 -0.0002234866969186414 0.0026193239870337106 0.0045898620052799875 -0.0083869202143514489 0.004710635388303977
leaf_weight=685.56350027024746 601.67422008514404 1735.1576173305511 137.13230784237385 448.43294875323772 119.53192876279354 1074.6338724344969 49.72443725168705 47.238572150468826 741.19975113123655 1280.1621326953173 2034.2843304425478 906.50952373445034 336.97471322119236 141.79122234880924
leaf_count=2855 2551 7584 600 1960 529 4882 224 210 3284 5582 8698 3863 1437 646
internal_value=-7.76381e-05 0.00159835 0.0043051 0.00018509 -0.000764918 0.000159653 0.001164 0.0147272 -0.00300556 -0.00237412 0.000829799 -0.00100315 0.00144479 -0.00450449
internal_weight=10340 3006.29 1271.13 585.565 7333.72 5192.83 4118.2 96.963 2140.89 2021.36 4021.23 1986.95 1385.28 478.766
internal_count=44905 12999 5415 2560 31906 22511 17629 434 9395 8866 17195 8497 5946 2083
is_linear=0
shrinkage=0.03


Tree=128
num_leaves=15
num_cat=0
split_feature=17 13 18 2 7 2 7 15 15 13 11 15 16 9
split_gain=13.196 22.0007 16.942 15.2611 18.1744 14.282 27.0422 30.4664 28.1206 24.5246 32.732 18.816 18.7927 15.336
threshold=-0.78656609248549325 0.065537166156423257 6.1479677970287456 0.0073671194865885256 1.0910847196076909 0.027310412051657854 0.87890184884746769 0.014735725474825935 0.00087452546138244724 0.23727653721209277 67.662413318850056 0.0034475152262238855 -0.37940952255126059 -0.020727726001449755
decision_type=2 2 2 2 2 2 2 2 2 2 2 2 2 2
left_child=1 3 -3 4 -1 13 8 9 -7 11 -11 -8 -12 -2
right_child=5 2 -4 -5 -6 6 7 -9 -10 10 12 -13 -14 -15
leaf_value=0.012457815568305948 0.00073471520235362533 0.0059937410925588021 -0.0015275555785607617 -0.0042456575531697712 -0.0016901239681290151 0.013696232781711887 -0.0022207023740678021 0.011274946480812939 0.0013975103206650176 -0.01223596856967883 0.013233437242702029 0.0084977711302845638 -0.0055761016882691595 -0.0024995508383489546
leaf_weight=356.67518053948879 1927.6230401545763 342.17754551768303 1240.9390865564346 88.978666931390762 105.25848463177681 271.8949076384306 449.39233395457268 158.37259167432785 431.34665420651436 380.2163046002388 85.679590404033661 216.93943384289742 103.36201958358288 4175.108467310667
leaf_count=1511 8188 1398 5479 378 455 1181 1952 698 1900 1774 375 943 462 18183
internal_value=-0.000197266 0.00190307 0.000103622 0.00705494 0.00924061 -0.000744208 0.00139063 -0.00102991 0.00617793 -0.00262276 -0.00718413 0.00128393 0.00299826 -0.00147806
internal_weight=10334 2134.03 1583.12 550.912 461.934 8199.94 2097.2 1393.96 703.242 1235.59 569.258 666.332 189.042 6102.73
internal_count=44877 9221 6877 2344 1966 35656 9285 6204 3081 5506 2611 2895 837 26371
is_linear=0
shrinkage=0.03


Tree=129
num_leaves=15
num_cat=0
split_feature=13 8 12 12 6 11 15 12 6 6 11 3 18 6
split_gain=11.0286 22.3174 21.4886 29.2741 30.7349 21.4412 18.6838 26.96 20.8855 17.2125 17.1101 17.0922 15.1243 29.8509
threshold=0.065537166156423257 0.0086291232414916225 -0.25444789273574886 -0.12962562562562555 0.011501309858094515 53.834824782059272 -0.0025511708705625575 -0.091444515147659486 0.0094220761167633071 0.0055120955827895968 48.377506258054559 0.016187369634256269 6.3475855219622792 0.012915298243430145
decision_type=2 2 2 2 2 2 2 2 2 2 2 2 2 2
left_child=1 5 -3 4 -4 -1 -5 -8 10 -2 -9 -7 13 -11
right_child=9 2 3 6 -6 11 7 8 -10 12 -12 -13 -14 -15
leaf_value=0.0045859000883610151 -0.018794351687298594 -0.020393765189137811 -0.012979642497648618 -0.0091490288866385092 0.012292453528287903 -0.010771449505498415 -0.010744613308794044 0.02352906815908308 -0.0049478004220306956 -0.0030141931028149762 0.0046016585725026085 0.0091786628614430998 -0.0015453861688203643 0.0041170421235802923
leaf_weight=1626.4654701501131 45.357820972800255 52.054295867681503 51.99397785961628 344.85107585787773 221.33602966368198 150.87705723941326 138.30852840840816 64.318418875336647 114.33363942801952 850.29903569817543 125.91725151240826 50.024200707674026 5142.1431238055229 1388.175897538662
leaf_count=6984 195 232 240 1530 935 646 591 260 497 3515 516 210 22956 5739
internal_value=-0.000149671 0.00140476 -0.00194179 -0.000999888 0.00742573 0.00344315 -0.00393485 0.000148098 0.00513243 -0.000765394 0.0111792 -0.00576238 -0.000649535 0.00140792
internal_weight=10366.5 2940.48 1113.11 1061.06 273.33 1827.37 787.729 442.878 304.569 7425.98 190.236 200.901 7380.62 2238.47
internal_count=45046 12641 4801 4569 1175 7840 3394 1864 1273 32405 776 856 32210 9254
is_linear=0
shrinkage=0.03


Tree=130
num_leaves=15
num_cat=0
split_feature=18 10 10 9 13 13 6 12 3 13 6 9 9 13
split_gain=11.0709 30.2724 39.0362 36.1544 24.6161 35.3887 20.5051 40.4853 33.311 29.5244 22.5005 25.7691 19.5509 19.2695
threshold=7.1257877042398592 0.3601295804200258 0.60467171519726437 0.028372987494411809 0.038062336014017102 0.23259846831017864 0.015850641658089092 -0.024492736575898452 0.041755468258986246 0.046823135943340539 0.024357255202295029 -0.017000832597192702 0.03115856335638895 0.68419294046439993
decision_type=2 2 2 2 2 2 2 2 2 2 2 2 2 2
left_child=13 -2 3 4 -3 -6 7 -4 -8 -9 -10 -12 -13 -1
right_child=1 2 6 -5 5 -7 8 9 10 -11 11 12 -14 -15
leaf_value=0.00047384835339957959 -0.025365925553773476 0.023906056103198736 -0.0095205770495318375 0.032304105682689981 -0.0083238223069343059 0.016309469912653113 0.0043185070786660694 0.018896539839016385 -0.010755784184086572 -0.0050157213731311032 0.020960251442332482 -0.0046771422479473489 0.015137837150571232 0.01490411508739802
leaf_weight=7480.7063171118498 45.32143634557724 45.837003648281097 682.1780101954937 47.293747007846832 149.19459389150143 78.400013282895088 720.73545768857002 86.087869212031364 316.02129638195038 96.982208654284477 43.417900785803795 437.63571846485138 47.946375727653503 82.225815311074257
leaf_count=31937 205 190 3265 204 677 339 3044 350 1507 439 186 2096 225 348
internal_value=3.82241e-05 -0.00157371 -0.00116371 0.00864125 0.00434358 0.000229817 -0.00246333 -0.00616396 -0.000413086 0.0063116 -0.00444942 -0.000655721 -0.00266654 0.000634636
internal_weight=10360 2797.05 2751.73 320.725 273.432 227.595 2431 865.248 1565.76 183.07 845.021 529 485.582 7562.93
internal_count=45012 12727 12522 1410 1206 1016 11112 4054 7058 789 4014 2507 2321 32285
is_linear=0
shrinkage=0.03


Tree=131
num_leaves=15
num_cat=0
split_feature=9 17 13 10 13 10 3 15 6 14 12 9 10 6
split_gain=12.7481 21.4344 16.7576 37.0579 33.8739 25.2348 23.4342 21.6256 25.7873 15.0725 14.2714 15.1515 14.1575 22.0978
threshold=0.016901970343637111 -0.60355339059327384 0.12445125781921486 0.48217383297389332 0.23727653721209277 0.57270762461140146 0.0044417958559881407 -0.0081026129599814905 0.032492926531777391 0.081370508948529277 -0.079379133014139111 0.037236660851832366 2.6934304668178561 0.051309347991995345
decision_type=2 2 2 2 2 2 2 2 2 2 2 2 2 2
left_child=12 -2 5 -4 9 6 -3 -6 -9 10 11 -5 -1 -14
right_child=1 2 3 4 7 -7 -8 8 -10 -11 -12 -13 13 -15
leaf_value=0.0006518825700593566 0.0025104379578881186 0.010173030909848038 -0.015528761756908803 0.0071002259453394993 -0.018425093402510105 -0.0083251801567203881 -0.010139876981897434 -0.0055219839303364809 0.014521304526570399 -0.007753257851744663 0.0047241037723808011 0.026232732898809129 0.01600756033635202 -0.0047255393267319895
leaf_weight=7180.5632317066193 868.08056363463402 144.40655779838562 128.00602576136589 84.095917105674744 81.367578655481339 798.40240813046694 76.642853066325188 279.33496260643005 70.715377256274223 57.05163249373436 320.14614175260067 68.014126390218735 129.0327308177948 70.358426302671432
leaf_count=31042 3791 609 564 361 368 3501 331 1261 326 252 1408 287 580 331
internal_value=0.000203704 -0.00145312 -0.00308601 -0.000495559 0.00153555 -0.00584611 0.00310232 -0.00469215 -0.00141345 0.00661005 0.00837061 0.0158845 0.000872096 0.00871727
internal_weight=10356.2 2976.26 2108.18 1088.73 960.726 1019.45 221.049 431.418 350.05 529.308 472.256 152.11 7379.95 199.391
internal_count=45012 13059 9268 4827 4263 4441 940 1955 1587 2308 2056 648 31953 911
is_linear=0
shrinkage=0.03


Tree=132
num_leaves=15
num_cat=0
split_feature=18 7 6 9 7 5 15 12 18 7 6 5 6 5
split_gain=11.2841 22.8067 18.9555 16.6931 14.9006 45.4863 18.7877 14.2369 30.5756 35.3576 39.9462 29.5841 26.0568 28.9031
threshold=6.251231540653241 1.3696468229614964 0.020287998815543131 0.010039811549197588 1.8256600406723504 0.033466681455440413 0.0060294471581752171 -0.13600441096659452 6.7852162938715184 0.59581872970281313 0.025452989699197712 -0.039876695341454597 0.024357255202295029 -0.0089340097546388147
decision_type=2 2 2 2 2 2 2 2 2 2 2 2 2 2
left_child=1 2 -1 -3 7 -6 -7 8 9 10 11 -2 -9 -14
right_child=4 3 -4 -5 5 6 -8 12 -10 -11 -12 -13 13 -15
leaf_value=0.001952082443746668 -0.031512055221505464 -0.020879090147763943 0.01493198401070892 0.00095658365185622525 0.031605562066948756 -0.0067948037738812103 0.01482515521446612 -0.00061202046630016071 -0.006327453661243744 0.0058634301086738531 0.014044441633757652 -0.0060979491755937592 0.023874466288034388 0.0035340374923766354
leaf_weight=2591.9998499453068 60.086967572569847 64.800897195935249 103.45039862394333 59.325687780976295 50.85333676636219 118.34046745300293 49.723662227392197 4813.3384508639574 1013.7091282531619 536.27898965775967 55.716845348477364 126.58991482853889 67.914606839418411 637.26296073198318
leaf_count=10606 273 267 425 249 216 542 230 21481 4482 2240 232 573 283 2877
internal_value=0.000261061 0.00187916 0.00246095 -0.0105932 -0.000345184 0.00733116 -0.000299173 -0.000576987 -0.00289833 0.00157062 -0.00789718 -0.0145255 0.000177749 0.00555497
internal_weight=10349.4 2819.58 2695.45 124.127 7529.82 218.917 168.064 7310.9 1792.38 778.673 242.394 186.677 5518.52 705.178
internal_count=44976 11547 11031 516 33429 988 772 32441 7800 3318 1078 846 24641 3160
is_linear=0
shrinkage=0.03


Tree=133
num_leaves=15
num_cat=0
split_feature=7 13 12 3 12 14 13 6 15 15 10 10 6 12
split_gain=12.9507 16.0479 12.1864 11.3267 24.5026 18.3614 18.5802 19.7791 21.2383 41.5282 24.6943 21.6555 18.0904 30.2343
threshold=0.32359527485200618 0.067931111099355138 -0.18258387225524417 0.037669827300517857 -0.32292192299467776 -0.053934911787622546 0.13498508867506623 0.010111160050840734 0.012932373174746383 0.0052454863032558316 0.85013007896982806 0.63274332877818162 0.015127776778867967 -0.13600441096659452
decision_type=2 2 2 2 2 2 2 2 2 2 2 2 2 2
left_child=1 -1 -3 12 -5 -6 -7 -8 9 11 -10 -9 -2 -14
right_child=3 2 -4 4 5 6 7 8 10 -11 -12 -13 13 -15
leaf_value=0.0013247187894315738 -0.0004421648674795533 -0.0056859472231301647 -0.026254313664780791 0.017078617394113912 -0.0099832344532450098 -0.0053938371150107798 0.015137834791802125 0.010526325941702068 -0.0090533832967099742 -0.0077314161892503052 0.01233517004821017 5.4847521548215679e-05 -0.00074214356583708336 0.0052888048794344595
leaf_weight=99.731297820806503 3538.0037640482187 57.03921315073967 47.831818982958794 63.630852788686752 209.90860417485237 652.22635263204575 75.999092295765877 200.6499354839325 60.892337769269943 624.56116139888763 216.45250700414181 1446.4160088151693 1306.7670435011387 1746.6036883592606
leaf_count=419 15435 260 218 285 918 2867 317 865 267 2822 967 6523 5520 7297
internal_value=0.000130759 -0.00730499 -0.015383 0.000282176 -0.0010834 -0.00142441 -0.000870456 0.000256719 -0.00019849 -0.00115745 0.00760802 0.00134173 0.00101791 0.00270891
internal_weight=10346.7 204.602 104.871 10142.1 3550.74 3487.11 3277.2 2624.97 2548.97 2271.63 277.345 1647.07 6591.37 3053.37
internal_count=44980 897 478 44083 15831 15546 14628 11761 11444 10210 1234 7388 28252 12817
is_linear=0
shrinkage=0.03


Tree=134
num_leaves=15
num_cat=0
split_feature=17 9 18 10 4 4 15 9 18 12 9 6 18 12
split_gain=15.2455 13.4998 16.9392 40.5663 16.7248 16.0173 16.1802 32.8011 18.3348 29.6296 15.7069 23.4906 23.2482 17.3449
threshold=-0.78656609248549325 0.016479958335961612 7.1167600534169866 2.798478295575523 0.10945100570595125 -0.053343439530131868 -0.00089738728038479809 -0.029670228212523211 6.7787084447893742 -0.083661993426590683 0.030600351030480036 0.0153038395387377 6.2231967324372919 -0.20535986182889679
decision_type=2 2 2 2 2 2 2 2 2 2 2 2 2 2
left_child=-1 2 3 5 10 -2 7 -7 9 -9 12 -12 -3 -13
right_child=1 4 -4 -5 -6 6 -8 8 -10 -11 11 13 -14 -15
leaf_value=0.0025338935144444325 0.015889058762490197 0.0031503198888636814 -0.0020520124506378965 0.025419863128608028 0.014983913035245286 -0.006947662582673899 0.0027296117583818337 0.0034080349950749004 0.0076511317429186904 -0.0073547606164782765 -0.0042927901884131639 -0.013312071107894542 -0.0081909058994846153 0.0047917764142086572
leaf_weight=2138.2792500406504 63.19999685883522 209.40173465013504 1694.3213263303041 60.895087763667107 47.902307659387589 592.0933241546154 2076.9380770921707 631.90197579562664 329.1002980619669 359.49246160686016 735.97289374470711 49.599801078438759 713.00580210983753 629.26786042749882
leaf_count=9243 270 859 7700 257 212 2499 8825 2656 1440 1528 3243 215 3243 2723
internal_value=0.000279329 -0.000309554 0.000470912 0.00151055 -0.00220883 0.00113893 0.000897425 -0.00109298 0.00153873 -0.000501644 -0.0025737 -0.000585788 -0.00561501 0.00343385
internal_weight=10331.4 8193.09 5807.94 4113.62 2385.15 4052.73 3989.53 1912.59 1320.49 991.394 2337.25 1414.84 922.408 678.868
internal_count=44913 35670 25175 17475 10495 17218 16948 8123 5624 4184 10283 6181 4102 2938
is_linear=0
shrinkage=0.03


Tree=135
num_leaves=15
num_cat=0
split_feature=18 10 2 9 14 7 15 12 9 7 15 12 3 5
split_gain=15.583 21.1092 16.8 13.1284 18.3018 16.8484 20.9613 20.6501 18.683 17.8239 17.2217 16.9368 16.7514 17.164
threshold=5.6003357610740752 0.29318323706083166 -0.020923416700185934 -0.017857443523816321 0.046971348463773273 1.0240403595235248 -0.0016120793448957114 -0.074925287568965757 0.0073028877978948423 0.90965690894574103 0.011162368560885485 -0.032166488791567131 -0.23999298073874384 0.013598894450847611
decision_type=2 2 2 2 2 2 2 2 2 2 2 2 2 2
left_child=1 -1 -3 -2 12 6 9 -8 -7 -6 -10 -9 -5 -14
right_child=3 2 -4 4 5 8 7 11 10 -11 -12 -13 13 -15
leaf_value=-0.011286755357245406 0.0014898001431667253 -0.0046443332492821648 0.0090322758305107671 -0.018554665917668401 0.018317383424942123 0.0061904048683319741 -0.010205324214877569 0.014005621072557529 -0.0057727880254872964 0.00055944394889852699 0.009392501719345546 -0.0024627120557347741 -0.00036719948349048378 -0.0039307657380296089
leaf_weight=64.683921739459038 2823.3784886002541 97.047288954257965 451.70814402401447 50.586962878704071 164.30012822151184 249.40242719650269 97.963101208209991 116.18287375569344 479.48698940873146 73.473844707012177 76.518450498580933 106.19730313122272 3700.6426165401936 1810.4450837522745
leaf_count=277 12030 396 1827 226 721 1143 432 512 2180 328 344 473 16044 8128
internal_value=5.84942e-05 0.0046883 0.00660549 -0.000233743 -0.000936652 0.00217591 0.00617195 0.00114353 -0.000601623 0.0128805 -0.00365953 0.00618934 -0.00170025 -0.00153887
internal_weight=10362 613.439 548.755 9748.58 6925.2 1363.53 558.117 320.343 805.408 237.774 556.005 222.38 5561.67 5511.09
internal_count=45061 2500 2223 42561 30531 6133 2466 1417 3667 1049 2524 985 24398 24172
is_linear=0
shrinkage=0.03


Tree=136
num_leaves=15
num_cat=0
split_feature=5 16 15 6 6 18 12 12 9 12 7 7 5 9
split_gain=12.8023 19.0284 15.4605 12.9096 14.1359 36.6326 27.3118 26.0005 31.8388 52.4617 30.1183 23.4049 22.5986 19.3097
threshold=0.14659746555193234 -0.25881904510252113 0.0086884505003039809 0.051309347991995345 0.023929185959707926 6.4740129853741406 -0.28868627450980383 -0.13600441096659452 0.006672010679922514 -0.36730133195713588 1.1343376476237095 0.66899437955823438 -0.016357564789253539 0.033714660344285781
decision_type=2 2 2 2 2 2 2 2 2 2 2 2 2 2
left_child=3 -2 -3 4 6 -6 -1 8 9 -7 11 -11 -9 -14
right_child=1 2 -4 -5 5 7 -8 12 -10 10 -12 -13 13 -15
leaf_value=-0.016391501569480316 0.01630219317206406 -0.0073813237907682837 0.013497165221651675 -0.0094003358287926969 0.018460175652950411 0.024646668932734032 -0.00028248250992612224 0.023594577998939614 -0.014378845716113945 0.002555265022708233 0.011166843878982912 -0.017691668392391946 0.0010714597439901463 0.015151554602009617
leaf_weight=93.779679968953133 104.86702400445938 94.65524497628212 45.662528157234192 131.86842595040798 121.10299018025398 68.312144801020622 8595.0329052954912 53.475298449397087 167.8331390619278 82.135676816105843 81.777791872620583 133.25287479162216 497.16631761193275 104.52265201508999
leaf_count=428 464 434 203 620 503 300 37243 224 740 352 347 562 2251 461
internal_value=1.86952e-05 0.0067643 -0.000492803 -0.000145873 -2.19607e-05 0.00288116 -0.000460082 0.00126535 -0.0036453 0.00133514 -0.00415263 -0.0100183 0.0052616 0.00355948
internal_weight=10375.4 245.185 140.318 10130.3 9998.39 1309.58 8688.81 1188.48 533.312 365.478 297.166 215.389 655.164 601.689
internal_count=45132 1101 637 44031 43411 5740 37671 5237 2301 1561 1261 914 2936 2712
is_linear=0
shrinkage=0.03


Tree=137
num_leaves=15
num_cat=0
split_feature=6 12 7 12 10 16 17 15 10 15 6 14 14 1
split_gain=15.2761 24.706 18.9008 30.2952 19.8036 15.6912 18.219 30.7406 40.4523 28.2446 24.7933 22.0131 20.5651 19.7563
threshold=0.01970685084849046 -0.28868627450980383 1.2875964490526639 -0.025666502138861565 2.1345481049866568 -0.5 0.25881904510252057 0.019177918442596645 1.148650810272543 -0.0025705685539296748 0.0071224826904834849 -0.013133290447037592 0.021705138281347017 -0.01733787725688923
decision_type=2 2 2 2 2 2 2 2 2 2 2 2 2 2
left_child=1 -1 5 4 -4 -3 7 13 11 10 -8 -9 -12 -7
right_child=-2 2 3 -5 -6 6 9 8 -10 -11 12 -13 -14 -15
leaf_value=-0.019906029330993245 0.0017713742307145887 -0.0023344530641200307 -0.013758931321225316 0.009158346131419361 0.0068619519222716668 0.011476733819097945 0.012887000882870207 -0.004745110031976316 0.015455438645277597 0.0015492529932850726 -0.0095557320474945993 -0.027168928027013997 0.0030202855034367295 0.0024556054316652418
leaf_weight=58.079160839319229 3088.5509679168463 2129.5097626820207 287.01888455450535 84.342089533805847 47.772070080041885 241.09688676893711 58.152544245123863 80.482935398817062 46.374358758330345 1200.2420949935913 609.4827852845192 77.172304064035416 143.71417929232121 2183.6135971695185
leaf_count=272 13444 9321 1261 361 208 1022 250 367 200 5167 2691 353 627 9407
internal_value=5.34525e-06 -0.000747582 -0.00058731 -0.00675394 -0.0107932 -0.00020364 0.000774802 0.0024184 -0.00871123 -0.00137332 -0.0056899 -0.0159244 -0.00715451 0.00336133
internal_weight=10335.6 7247.05 7188.97 419.133 334.791 6769.84 4640.33 2628.74 204.03 2011.59 811.35 157.655 753.197 2424.71
internal_count=44951 31507 31235 1830 1469 29405 20084 11349 920 8735 3568 720 3318 10429
is_linear=0
shrinkage=0.03


Tree=138
num_leaves=15
num_cat=0
split_feature=18 7 9 9 13 13 12 12 14 12 13 14 18 12
split_gain=9.45623 17.7006 26.1681 18.1836 12.7135 28.1571 14.8136 18.8376 25.8561 21.7994 28.2 16.3603 27.0351 24.5158
threshold=6.2131409386837282 1.3052807053437581 -0.0020923548756357764 0.077868984807544742 0.33821562586961246 0.28097225973831591 -0.26374093036320939 -0.17142465324034153 -0.011961407966160379 -0.1395651111950704 0.07996983084911892 0.0097553644605461471 6.0790841944482015 -0.061485163761569032
decision_type=2 2 2 2 2 2 2 2 2 2 2 2 2 2
left_child=1 3 -3 4 5 6 -1 8 -8 10 -9 12 -11 -13
right_child=-2 2 -4 -5 -6 -7 7 9 -10 11 -12 13 -14 -15
leaf_value=0.016747063973880202 -0.00074622228475992403 -0.02274433324735925 0.0017241021302561157 -0.011010237417558164 0.017126024115888365 -0.018508831838901663 0.0044077925204568701 0.02534237359843855 -0.021494564643761902 0.0019889324607563295 -0.0010260834526559209 0.01227589502119854 -0.009957827653453169 0.0010755657459350779
leaf_weight=63.370371043682098 7691.2386333420873 64.387525513768196 95.910355746746063 91.599690109491348 50.166124761104584 55.972282201051712 68.662730604410172 82.982093870639801 66.944183394312859 998.38872011005878 63.723160803318024 295.46100604534149 203.49798445403576 431.38604444265366
leaf_count=265 34135 265 401 399 208 232 281 336 279 4060 261 1197 832 1757
internal_value=-0.000215047 0.00133628 -0.0082634 0.00196491 0.00247299 0.00214314 0.00266719 0.00224888 -0.00850581 0.00295909 0.0140292 0.00210341 -4.7021e-05 0.00564966
internal_weight=10323.7 2632.45 160.298 2472.15 2380.55 2330.39 2274.42 2211.05 135.607 2075.44 146.705 1928.73 1201.89 726.847
internal_count=44908 10773 666 10107 9708 9500 9268 9003 560 8443 597 7846 4892 2954
is_linear=0
shrinkage=0.03


Tree=139
num_leaves=15
num_cat=0
split_feature=5 15 9 12 13 13 12 9 18 7 6 13 18 12
split_gain=15.7462 14.744 12.1723 21.4908 26.17 49.556 37.1172 30.2958 28.5523 28.4011 26.8635 23.4491 21.2848 21.1314
threshold=0.17972482284609884 -0.0016567919154999442 0.0069930369655843436 -0.3429919702045004 0.24209106693355167 0.1639300778362395 -0.12312265037593982 0.034435823744539081 6.9988359513888065 0.87890184884746769 0.01656452578309784 0.18693334855055935 6.7852162938715184 -0.23072741036732372
decision_type=2 2 2 2 2 2 2 2 2 2 2 2 2 2
left_child=2 -2 -1 -4 5 -5 13 9 -9 -8 11 -7 -12 -6
right_child=1 -3 3 4 6 10 7 8 -10 -11 12 -13 -14 -15
leaf_value=0.0006117404119860264 -0.0021742039685205745 0.016168012147416155 -0.019390738548652163 -0.0019897919363111474 0.00083345162519488211 -0.0099327304080196709 0.0031782607806128921 0.00030900001400017079 0.024947764278474668 -0.012125470295720343 0.01767988399689251 0.0071136046191854685 0.0037093102482783479 -0.022126043693579633
leaf_weight=6117.0132299810648 63.632375985383987 99.945828631520271 57.59378956258297 2409.7538748607039 46.438614189624786 120.58601331710815 169.04077124595642 157.97265726327896 55.849870473146439 302.45368453860283 241.35109616816044 176.21602262556553 166.6706922352314 157.53220704197884
leaf_count=26378 288 441 270 10496 209 530 756 693 258 1418 1018 787 743 712
internal_value=-8.43239e-05 0.00909276 -0.000233566 -0.00150637 -0.00123956 5.75398e-05 -0.00577235 -0.00240846 0.00691613 -0.00664851 0.00704308 0.000167818 0.012019 -0.0169415
internal_weight=10342.1 163.578 10178.5 4061.46 4003.87 3114.58 889.288 685.317 213.823 471.494 704.824 296.802 408.022 203.971
internal_count=44997 729 44268 17890 17620 13574 4046 3125 951 2174 3078 1317 1761 921
is_linear=0
shrinkage=0.03


Tree=140
num_leaves=15
num_cat=0
split_feature=4 16 16 13 6 15 6 1 18 1 1 8 13 15
split_gain=10.1448 23.2144 11.7553 19.8054 21.9133 31.7949 24.7044 26.6432 23.7027 18.2236 16.8893 16.4426 16.3763 14.0228
threshold=0.10945100570595125 -0.25881904510252113 -0.5 0.35595698820649962 0.01099270702449979 0.0046391140855384103 0.015788616236714497 0.015111552299963528 7.5451760071307747 -0.0063492276786586413 0.024097551579060687 -0.063581224154041008 0.11339372077380429 0.011409553623331627
decision_type=2 2 2 2 2 2 2 2 2 2 2 2 2 2
left_child=2 -2 3 4 8 6 7 -6 9 -1 11 -7 -9 -13
right_child=1 -3 -4 -5 5 10 -8 12 -10 -11 -12 13 -14 -15
leaf_value=0.016500969420308972 0.023389801564981043 -0.0026943812836775424 0.00079200964042489225 0.0055773491135601046 -0.008607316158709322 0.0025906883387250145 0.00093871773041580926 0.021373823644491818 -0.008965591053881599 0.0026861253824153469 0.0030321257027782589 -0.018795679061192415 -0.0037050445032611756 -0.006664293201255939
leaf_weight=107.08682690560818 52.444200783967972 69.598647877573967 6850.9984412938356 330.46678431332111 579.87224568426609 57.475286245346069 1200.354103654623 44.295178815722466 122.84670965373516 410.34161860495806 75.055767744779587 245.79701472818851 46.438722163438797 135.93291726708412
leaf_count=457 226 308 29740 1475 2631 247 5134 201 541 1758 325 1098 211 594
internal_value=0.000183148 0.0087109 7.94964e-05 -0.00137466 -0.00213719 -0.00345953 -0.00163893 -0.00624187 0.00278434 0.00559777 -0.0100511 -0.0122906 0.00873507 -0.014533
internal_weight=10329 122.043 10207 3355.96 3025.5 2385.22 1870.96 670.606 640.275 517.428 514.261 439.205 90.7339 381.73
internal_count=44946 534 44412 14672 13197 10441 8177 3043 2756 2215 2264 1939 412 1692
is_linear=0
shrinkage=0.03


Tree=141
num_leaves=15
num_cat=0
split_feature=13 17 6 9 15 12 10 15 6 11 3 10 13 11
split_gain=13.423 24.7054 26.4827 22.6534 19.7589 31.0895 22.5968 18.7747 32.1732 35.5513 26.685 24.8934 39.7749 24.5339
threshold=0.065537166156423257 -0.37940952255126015 0.017982756133165165 -0.096556055831806251 0.011301331082762546 -0.25444789273574886 1.0950924738313559 0.00041296212129360304 0.0080565721222901569 38.480875224609576 -0.0033108121378170592 0.8909900389130081 0.026515208635448654 55.58378409123813
decision_type=2 2 2 2 2 2 2 2 2 2 2 2 2 2
left_child=1 4 3 -3 5 -1 -7 8 9 -5 -11 12 -9 -14
right_child=-2 2 -4 7 -6 6 -8 11 -10 10 -12 -13 13 -15
leaf_value=-0.016112236047556197 -0.00062853513481375255 0.017070494786936459 0.0077908157236331287 0.029500204180118925 -0.0054746281260392915 0.011010572543246102 -0.00084346339055370301 -0.018824730627317439 -0.0080468935187869035 -0.016295363146135836 0.012636479954654875 0.011536391740830943 0.0059389025722221406 -0.011326759511273574
leaf_weight=47.322951436042786 7425.9617840051651 53.374875664710999 307.61068248748779 42.988665223121643 127.0906208306551 662.73294304311275 184.66391514241695 99.110130324959755 716.49589266628027 56.297552078962326 54.537304893136024 160.06741744279861 330.96422851085663 93.310681819915771
leaf_count=208 32452 225 1272 202 555 2798 806 415 3217 245 225 675 1400 402
internal_value=5.04637e-05 0.00176677 -0.000244399 -0.00179012 0.00552858 0.00710026 0.00843145 -0.00245913 -0.00537651 0.00700554 -0.00208754 0.00126075 -0.00191382 0.00210634
internal_weight=10362.5 2936.57 1914.76 1607.15 1021.81 894.72 847.397 1553.77 870.319 153.824 110.835 683.452 523.385 424.275
internal_count=45097 12645 8278 7006 4367 3812 3604 6781 3889 672 470 2892 2217 1802
is_linear=0
shrinkage=0.03


Tree=142
num_leaves=15
num_cat=0
split_feature=9 10 3 15 14 15 9 7 5 7 12 11 9 7
split_gain=11.3154 11.2981 29.2335 23.3361 25.1886 21.2796 18.1866 17.1639 23.4182 35.9418 19.5071 24.4627 34.5693 28.2072
threshold=-0.12689575870448819 0.95836583098285943 0.17703793105245813 0.02469511312130113 -0.029290095565427384 0.012380118861515578 0.0036327894458563219 0.67253861091686018 0.044601441435242813 0.83387456015402195 -0.053534972542893293 45.491924689878516 -0.031969876180304412 0.39254883623050557
decision_type=2 2 2 2 2 2 2 2 2 2 2 2 2 2
left_child=-1 2 3 7 -5 -3 -4 10 -9 -10 -2 -12 -13 -14
right_child=1 5 6 4 -6 -7 -8 8 9 -11 11 12 13 -15
leaf_value=0.01069848778695871 -0.0027019967654824707 -0.0021340427097005879 0.027489270314300391 0.0064125033336729339 -0.01970484523199004 0.0044062852449797043 0.0021241885456272603 0.0026325965932672305 0.0068285968693248093 -0.017331183168499673 0.021104352611322201 -0.018313319813500928 -0.011427172415577107 0.010837440624784474
leaf_weight=85.849427431821823 1795.8528138697147 3617.3524367660284 56.745274916291237 48.113143369555473 99.971830323338509 509.02892151474953 45.508605986833572 3385.2232294678688 93.322184637188911 131.43050511181355 65.019394516944885 63.82808430492878 64.596555486321449 222.21711231768131
leaf_count=364 7806 16033 244 213 457 2239 203 14454 404 577 268 269 283 941
internal_value=-2.22492e-05 -0.000114577 0.000708515 0.000433323 -0.0112469 -0.00132549 0.0164577 0.0007342 0.00200876 -0.00732777 -0.00134627 0.00449599 0.00131408 0.00577857
internal_weight=10284.1 10198.2 6071.83 5969.57 148.085 4126.38 102.254 5821.49 3609.98 224.753 2211.51 415.661 350.642 286.814
internal_count=44755 44391 26119 25672 670 18272 447 25002 15435 981 9567 1761 1493 1224
is_linear=0
shrinkage=0.03


Tree=143
num_leaves=15
num_cat=0
split_feature=9 13 9 3 2 18 9 13 8 10 18 7 3 18
split_gain=13.3847 33.1543 14.546 19.8299 21.9703 18.0433 18.037 39.8752 29.3094 18.492 16.7433 19.9118 18.1599 18.5005
threshold=-0.096556055831806251 0.094182291315204517 -0.061269160684875916 -0.003942972320840398 -0.0021092604735741534 5.7860022530582844 -0.017857443523816321 0.38647895758062362 -0.15140434698556904 1.8287064610297983 8.3290862474165639 0.93840376547843685 0.045167992850425116 6.4462103045774626
decision_type=2 2 2 2 2 2 2 2 2 2 2 2 2 2
left_child=1 -1 3 4 -2 -5 7 8 -4 10 11 -10 13 -13
right_child=2 -3 6 5 -6 -7 -8 -9 9 -11 -12 12 -14 -15
leaf_value=0.017051836661367701 -0.0066138815120623867 -0.011369586915330767 -0.019862050489199441 0.015511655060883379 -0.029164325017483235 -0.0050232303630887059 -0.00080582728180004408 0.018372248359950143 0.00067298288060565104 -0.013559260100791689 -0.010276490084210822 0.0027695041341271221 -0.0032159455973391729 0.013270641452142148
leaf_weight=115.97065109014511 173.46032273769379 52.129196673631668 55.705117166042328 55.512325510382652 48.851202070713043 114.69085645675659 7281.4916476607323 127.24004331231117 1414.6295121759176 66.663174211978912 90.260060608386993 261.76761627197266 135.42642050981522 359.02031797170639
leaf_count=489 743 221 231 225 207 484 32024 528 6018 285 399 1071 582 1553
internal_value=-0.000137962 0.00820806 -0.000277298 -0.00592517 -0.011785 0.00177666 -4.97428e-05 0.00214193 0.0012608 0.00178291 0.00224682 0.00277649 0.00669932 0.00886574
internal_weight=10352.8 168.1 10184.7 392.515 222.312 170.203 9792.2 2510.71 2383.47 2327.77 2261.1 2170.84 756.214 620.788
internal_count=45060 710 44350 1659 950 709 42691 10667 10139 9908 9623 9224 3206 2624
is_linear=0
shrinkage=0.03


Tree=144
num_leaves=15
num_cat=0
split_feature=18 9 7 13 10 9 7 3 6 3 13 9 3 12
split_gain=10.7633 29.5301 32.0853 63.8054 21.2917 21.7696 17.3678 41.4371 27.7605 30.0864 29.6554 26.641 24.6323 21.2816
threshold=6.9804493930170421 0.034435823744539081 0.64099925479536557 0.13236299625146811 2.9266881979313846 0.02416533701954449 0.59581872970281313 0.1167992677462505 0.014614795328184348 -0.13665123082967898 0.034115734844473729 -0.014121099312540989 0.053404515334724463 -0.083159377708227664
decision_type=2 2 2 2 2 2 2 2 2 2 2 2 2 2
left_child=4 -2 -3 -4 6 -6 7 8 10 -10 -1 -11 -12 -8
right_child=1 2 3 -5 5 -7 13 -9 9 11 12 -13 -14 -15
leaf_value=-0.016963338530578794 -0.0022665067090322749 0.02513404218359255 -0.014898748281606934 0.015247468516346955 0.02791989037593683 0.0010069108749805472 0.0031477198005779709 0.02405794590856784 0.0087339179328419503 -0.0024801772525426605 0.0035328242116838926 -0.019696363212779774 -0.015357986279498085 -0.00056829459732566561
leaf_weight=85.112091913819313 3109.3592283651233 68.627428069710732 109.21909475326538 144.3746145516634 49.840286731719971 56.891965851187706 2627.7950224429369 47.817262381315231 63.190971404314041 126.83677434921265 612.10532389581203 224.49534232914448 67.131745025515556 2934.0668004304171
leaf_count=367 14141 295 507 661 207 241 11073 204 275 536 2606 984 303 12547
internal_value=3.03278e-06 -0.0013694 0.00724805 0.00224895 0.000686252 0.0138567 0.00047516 -0.0027531 -0.00387951 -0.0101106 -0.000482691 -0.0135303 0.00162616 0.0011879
internal_weight=10326.9 3431.58 322.221 253.594 6895.28 106.732 6788.55 1226.69 1178.87 414.523 764.349 351.332 679.237 5561.86
internal_count=44947 15604 1463 1168 29343 448 28895 5275 5071 1795 3276 1520 2909 23620
is_linear=0
shrinkage=0.03


Tree=145
num_leaves=15
num_cat=0
split_feature=7 13 8 12 18 7 13 15 15 13 15 12 7 7
split_gain=11.2515 25.2643 14.0234 13.1606 11.6243 21.0922 18.4766 17.8485 23.264 27.0828 21.3946 19.0427 46.463 35.5958
threshold=0.32359527485200618 0.068655496984994083 -0.023000411895615771 -0.16761326236985999 6.251231540653241 1.3576878269094459 0.34904040188114577 0.02469511312130113 0.0089893754059104953 0.060113331023088919 0.012802063445764846 -0.061485163761569032 1.0910847196076909 1.0014456042321762
decision_type=2 2 2 2 2 2 2 2 2 2 2 2 2 2
left_child=1 2 -1 -3 5 6 7 8 11 10 -10 13 -13 -2
right_child=4 3 -4 -5 -6 -7 -8 -9 9 -11 -12 12 -14 -15
leaf_value=0.014756756968220829 0.00015682885898855858 -0.0074434581564722735 -0.0074695343824775747 -0.028996833507232752 -0.0004913199931511859 -0.0099319807659831848 0.019905055058988232 -0.012670578918800685 0.0079932920996471837 0.012515807801544371 -0.017991866819855849 0.00085426927502416485 -0.018428975211942873 0.011452082506542288
leaf_weight=50.152926191687584 906.34998032450676 59.811669185757637 48.316742107272148 45.095009878277779 7438.4438193663955 129.12976297736168 51.201646745204926 70.219686523079872 58.227007612586021 354.47023612260818 52.365245461463928 591.70634578168392 136.8010967373848 345.35711964964867
leaf_count=209 3696 276 204 209 33084 539 212 297 236 1444 215 2415 567 1404
internal_value=-2.04649e-05 -0.00697224 0.00391925 -0.0170775 0.000120393 0.00180737 0.00240525 0.00203352 0.00246577 0.00848878 -0.00441167 0.00104411 -0.00280733 0.00328659
internal_weight=10337.6 203.376 98.4697 104.907 10134.3 2695.83 2566.7 2515.5 2445.28 465.062 110.592 1980.21 728.507 1251.71
internal_count=45007 898 413 485 44109 11025 10486 10274 9977 1895 451 8082 2982 5100
is_linear=0
shrinkage=0.03


Tree=146
num_leaves=15
num_cat=0
split_feature=15 6 15 12 14 3 7 12 7 14 11 7 3 3
split_gain=10.3027 11.1124 45.9159 38.4717 22.4388 34.0537 21.7196 19.7707 40.7173 44.9453 43.7852 32.9188 47.998 45.9589
threshold=0.04411599467980399 0.0096796598928621976 -0.015628791860904375 -0.09688711258297826 -0.00091969285625226316 -0.012002065071085697 0.45954982776540693 -0.059080841094639062 0.81813420758547994 0.018625304609527164 65.558661889485492 0.93550348590961052 0.12829046548692583 0.12559740733454033
decision_type=2 2 2 2 2 2 2 2 2 2 2 2 2 2
left_child=1 2 -1 -4 -5 -6 -7 11 9 -9 -10 13 -13 -3
right_child=-2 7 3 4 5 6 -8 8 10 -11 -12 12 -14 -15
leaf_value=-0.013063398855504435 0.012992837649510961 -0.00224946558200111 -0.00774364291273766 0.01045791490226743 -0.015238335070370344 -0.0089205651268572453 0.0084258978825025466 -0.0034400249412199066 -0.0076465248412678332 0.011642313396514075 0.0027932742864942529 0.0045639656833639927 -0.0075079067398545977 0.012137336307717765
leaf_weight=152.69739058613777 52.993040218949318 3353.4431224018335 202.45754452049732 583.41436582803726 85.221749752759933 77.616159677505493 356.55059841275215 386.91906471550465 1392.8071836829185 325.97796945273876 486.90380707383156 2312.9356182068586 338.12186004221439 210.51757499575615
leaf_count=769 230 14588 864 2402 359 330 1469 1720 6273 1421 2149 9824 1604 925
internal_value=4.24644e-05 -2.69059e-05 0.00239724 0.00422314 0.0064301 0.001883 0.00529818 -0.000428637 -0.00262824 0.00346977 -0.0049422 0.000489483 0.00301979 -0.00139333
internal_weight=10318.6 10265.6 1457.96 1305.26 1102.8 519.389 434.167 8807.63 2592.61 712.897 1879.71 6215.02 2651.06 3563.96
internal_count=44927 44697 6193 5424 4560 2158 1799 38504 11563 3141 8422 26941 11428 15513
is_linear=0
shrinkage=0.03


Tree=147
num_leaves=15
num_cat=0
split_feature=3 6 18 3 9 9 7 6 6 12 12 18 16 13
split_gain=9.38186 34.6051 33.8223 24.0824 16.3169 24.2989 22.4103 15.9298 26.9927 23.7363 19.9548 24.7632 24.0577 18.4951
threshold=-0.068308719208429611 0.0098577442477866244 6.0237931696130538 -0.033251952193183547 0.0076120138728053019 -0.061269160684875916 0.95068527030653049 0.0096796598928621976 0.015072072260027776 -0.11691665328408533 -0.028107602598519573 6.3475855219622792 0.25881904510252091 0.18318641917779846
decision_type=2 2 2 2 2 2 2 2 2 2 2 2 2 2
left_child=1 -1 -3 4 5 6 -2 9 10 -5 -9 12 -12 -14
right_child=3 2 -4 7 -6 -7 -8 8 -10 -11 11 -13 13 -15
leaf_value=-0.026469893808331285 -0.019558746351553365 0.015193602344741946 -0.0031500707320219171 -0.010648815800821448 -0.00073250870677308525 0.0082710592562365327 0.0076142373942310569 -0.0048977895059941429 0.00037735004006307074 0.0038321097626354082 -0.0006036598833644353 -0.0076495072317349193 0.0071575199404670525 0.031411887982827257
leaf_weight=50.483884111046791 56.600658804178238 97.172911494970322 1029.942423760891 109.49200932681561 438.92466129362583 751.58328974246979 49.620178207755089 1921.7167870998383 4244.7734712511301 1187.5748279839754 130.39286015927792 134.84653408825397 64.937738195061684 50.401487618684769
leaf_count=253 247 393 4482 474 1892 3197 213 8570 18578 4982 532 642 264 205
internal_value=-0.000138172 -0.00265611 -0.00154448 0.000186718 0.00397069 0.00637334 -0.00695898 -0.00043967 -0.00104153 0.00259519 -0.00365559 0.00260968 0.00825576 0.0181111
internal_weight=10318.5 1177.6 1127.12 9140.86 1296.73 857.804 106.221 7844.14 6547.07 1297.07 2302.3 380.579 245.732 115.339
internal_count=44924 5128 4875 39796 5549 3657 460 34247 28791 5456 10213 1643 1001 469
is_linear=0
shrinkage=0.03


Tree=148
num_leaves=15
num_cat=0
split_feature=18 10 7 18 4 5 14 7 16 12 7 10 9 12
split_gain=12.1751 45.0152 23.0239 44.8964 14.541 15.9975 15.8117 15.7978 20.1866 17.9016 14.1806 25.1613 22.2031 13.6129
threshold=7.4134714756732745 0.60467171519726437 0.45231174690682924 7.6599080222405975 -0.040492802355994 -0.045615541645248774 -0.091411589275605873 0.86787117573629569 -0.5 -0.14444813516915997 2.2162349504240297 2.9266881979313846 0.020538848340870278 -0.16034389327747253
decision_type=2 2 2 2 2 2 2 2 2 2 2 2 2 2
left_child=4 2 -2 -4 -1 7 -7 -6 -9 -10 11 -8 -13 -3
right_child=1 13 3 -5 5 6 10 8 9 -11 -12 12 -14 -15
leaf_value=0.0059524827817602844 -0.0044253181141428498 -0.011726226807402883 -0.0036953743400745752 0.0314047498876142 -0.01074986982135925 -0.014469217844174325 0.00037353207849580251 -0.012043376635106556 0.022540098503516137 -0.0023800693628543601 -0.014901892698088504 0.022362776625264504 -0.00030459490337001155 -0.0030501149534882706
leaf_weight=397.90242034196854 58.78985407948494 183.27060009539127 52.854925736784935 82.799181669950485 233.00419934093952 61.90081325173378 7528.8719574511051 60.629083976149559 47.615486100316048 53.657890602946281 51.326318308711052 87.07777102291584 68.935440391302109 1368.0735605508089
leaf_count=1676 250 828 242 356 1036 270 32446 277 200 230 232 388 303 6313
internal_value=-9.77007e-05 -0.00238017 0.0111552 0.0178737 0.000366573 9.39012e-05 0.000392838 -0.00578136 0.00141305 0.0095462 0.000515465 0.000622286 0.01247 -0.00408886
internal_weight=10336.7 1745.79 194.444 135.654 8590.92 8193.02 7798.11 394.907 161.902 101.273 7736.21 7684.89 156.013 1551.34
internal_count=45047 7989 848 598 37058 35382 33639 1743 707 430 33369 33137 691 7141
is_linear=0
shrinkage=0.03


Tree=149
num_leaves=15
num_cat=0
split_feature=9 3 7 5 14 10 4 11 5 13 3 10 15 13
split_gain=14.0354 12.957 17.368 29.3303 22.1022 20.9445 22.1503 20.8779 19.2947 31.0852 19.6655 24.1638 17.9151 17.3699
threshold=-0.12689575870448819 0.037669827300517857 0.93550348590961052 -0.043480360328241312 0.045925308124858961 0.78639926932700444 -0.028148134858948123 65.865086793202266 0.04362042765787056 0.12843037215772338 -0.030720036175712628 1.3625991305293157 -0.0016567919154999442 0.17043040139475055
decision_type=2 2 2 2 2 2 2 2 2 2 2 2 2 2
left_child=-1 2 3 5 7 6 13 -5 9 10 -4 -12 -6 -2
right_child=1 -3 8 4 12 -7 -8 -9 -10 -11 11 -13 -14 -15
leaf_value=0.01213240565997145 0.0092105789427815807 -0.0016471920995079993 0.0044695710253162902 0.00014319488430614971 0.020318700223124733 -0.016142198649541896 -0.012861798653613773 -0.014148408855567462 -0.013697770257393632 0.0092653360956598627 0.00081421833605878693 -0.01026747776565975 0.002223524450953552 -0.010808811108583668
leaf_weight=82.024271205067635 134.55235813558102 3535.7259600758553 871.80944819003344 3416.8001965880394 84.213562712073326 165.49572566896677 120.44948625564575 92.540002301335335 61.968086630105972 549.5679462403059 790.88525556027889 226.09354129433632 116.13996028900146 52.724454492330551
leaf_count=347 555 15812 3731 14710 360 743 548 403 261 2291 3438 967 506 218
internal_value=-7.86681e-05 -0.000179037 0.000597941 -0.000584492 0.00031425 -0.0076016 -0.00293388 -0.000241513 0.00257498 0.00299942 0.0011684 -0.00166477 0.00995503 0.00351982
internal_weight=10301 10219 6683.24 4182.92 3709.69 473.222 307.726 3509.34 2500.32 2438.36 1888.79 1016.98 200.354 187.277
internal_count=44890 44543 28731 18043 15979 2064 1321 15113 10688 10427 8136 4405 866 773
is_linear=0
shrinkage=0.03


Tree=150
num_leaves=15
num_cat=0
split_feature=9 3 7 18 10 11 9 7 18 18 17 7 18 18
split_gain=12.2349 10.3633 28.205 40.1826 35.7185 28.0769 18.8967 19.0987 25.5475 23.9888 23.2194 21.46 18.5174 23.5032
threshold=-0.12689575870448819 -0.031556827909288925 0.91232259555004169 7.8439769862691513 0.35283088983095129 55.003422490425436 -0.061269160684875916 0.56473083780013267 6.0356735676269411 6.4611951235238498 -0.37940952255126015 0.43492487689285364 7.8726737247201894 7.2540589966233231
decision_type=2 2 2 2 2 2 2 2 2 2 2 2 2 2
left_child=-1 2 3 4 -2 6 -6 9 -9 -8 -10 -11 13 -4
right_child=1 -3 12 -5 5 -7 7 8 10 11 -12 -13 -14 -15
leaf_value=0.011122752475648885 0.0098749397018344769 -0.00069147556492954595 0.0043887960852442877 0.022464532496246387 -0.021283439762549618 0.0093488228598459042 -0.026304525288117463 0.012935136889685997 0.0029118870639014906 0.011114125186906472 -0.0082570021160536366 -0.013580290803758405 -0.011242944855201099 0.017870554801972961
leaf_weight=85.425601735711098 188.47639720141888 7733.0742941647768 858.71656300127506 60.03449484705925 63.486008003354073 123.59600885212421 73.093844130635262 84.007459461688995 256.5247056260705 46.631781294941902 476.36267261952162 89.508926570415497 55.957201674580574 133.14601312577724
leaf_count=362 801 33802 3624 266 276 537 326 339 1106 207 2109 411 263 573
internal_value=-5.2497e-05 -0.000147854 0.00152651 -0.00116629 -0.00220897 -0.00409941 -0.00563919 -0.00463177 -0.00254554 -0.0126756 -0.00435039 -0.00508335 0.00527808 0.00623089
internal_weight=10328 10242.6 2509.54 1461.72 1401.69 1213.21 1089.62 1026.13 816.895 209.235 732.887 136.141 1047.82 991.863
internal_count=45002 44640 10838 6378 6112 5311 4774 4498 3554 944 3215 618 4460 4197
is_linear=0
shrinkage=0.03


Tree=151
num_leaves=15
num_cat=0
split_feature=18 10 7 15 12 13 12 12 12 3 7 3 13 14
split_gain=11.3491 29.4754 19.8646 21.305 19.111 37.2294 21.4562 23.0169 20.1679 16.7985 24.6672 16.4398 30.3254 23.2614
threshold=7.4134714756732745 0.70750842749313791 0.65737544811189896 0.00051872411982145661 -0.025080990973044944 0.046823135943340539 -0.046935382764970106 -0.16203227868162481 -0.20535986182889679 -0.0045705661113232257 0.79305029767598068 0.039210669257068183 0.099523225021878284 0.017246226369452614
decision_type=2 2 2 2 2 2 2 2 2 2 2 2 2 2
left_child=-1 2 -2 -4 6 -6 7 8 -3 -8 -11 12 -9 -14
right_child=1 4 3 -5 5 -7 9 11 -10 10 -12 -13 13 -15
leaf_value=0.00041141228336021837 3.2594377607846521e-05 -0.0024746060578369282 0.02871641039570505 0.0037025435312582644 0.021608727328470342 -0.0041588588021803782 -0.02538688523360956 -0.0044323353563114534 -0.023723132756373784 0.011041396904460373 -0.013858747849255858 -0.0069293536579642934 0.017885659572770621 -0.0038165540288214667
leaf_weight=8612.6452606916428 197.86358019709587 77.22282974421978 55.586293458938599 66.975223794579506 70.412824049592018 164.92635338008404 70.854664325714111 261.86030285060406 83.048487469553947 44.188839673995972 161.92510169744492 276.10286927223206 137.16703090071678 64.410395175218582
leaf_count=37140 869 363 242 296 286 768 319 1248 367 199 779 1333 584 281
internal_value=-3.43775e-05 -0.00224836 0.00594113 0.0153262 -0.00411242 0.00366786 -0.00567194 -0.00340938 -0.0136417 -0.0129454 -0.00846559 -0.00116104 0.00229057 0.0109817
internal_weight=10345.2 1732.54 320.425 122.562 1412.12 235.339 1176.78 899.812 160.271 276.969 206.114 739.541 463.438 201.577
internal_count=45074 7934 1407 538 6527 1054 5473 4176 730 1297 978 3446 2113 865
is_linear=0
shrinkage=0.03


Tree=152
num_leaves=15
num_cat=0
split_feature=16 13 3 12 7 15 8 4 17 4 12 15 13 15
split_gain=9.76023 21.7685 17.2492 19.9118 15.3521 17.506 15.3461 15.3033 14.8245 14.6832 14.4806 19.8067 83.1246 16.1319
threshold=-0.5 0.35595698820649962 0.10139353864012569 -0.28868627450980383 0.81813420758547994 0.012932373174746383 -0.052790980884397674 -0.053343439530131868 0.25881904510252057 0.0022199862469786118 -0.024492736575898452 0.021865761350377436 0.16086337208184001 0.00051872411982145661
decision_type=2 2 2 2 2 2 2 2 2 2 2 2 2 2
left_child=1 7 3 -2 8 6 -6 -1 -4 -10 11 -5 -13 -12
right_child=2 -3 4 10 5 -7 -8 -9 9 -11 13 12 -14 -15
leaf_value=0.012005906046238203 -0.007972125552548108 0.0056701672413492585 -0.002621303005712968 0.0016049458781186245 -0.021337313250518585 0.0059286523885188902 -0.0054300751882940083 -0.0023931454407763292 0.023461707875409847 0.0016879687659265303 0.01361023741419466 -0.018754752061722134 0.020424338131551794 0.0024698891044059846
leaf_weight=65.998809993267059 197.2196166664362 364.6414675116539 158.66131556034088 4977.5132253468037 58.625662356615067 110.01571045815945 586.25963246822357 2955.6566136702895 49.173097386956215 61.96124005317688 181.95570968091488 164.5310837328434 67.041850581765175 324.51908062398434
leaf_count=286 882 1623 698 21399 265 498 2752 12915 213 278 776 758 292 1366
internal_value=8.53719e-05 -0.00123448 0.000729785 0.00135266 -0.00286 -0.00505189 -0.00693768 -0.00207091 0.00326507 0.0115665 0.00167709 0.00120488 -0.00733439 0.00650995
internal_weight=10323.8 3386.3 6937.48 5912.78 1024.7 754.901 644.885 3021.66 269.796 111.134 5715.56 5209.09 231.573 506.475
internal_count=45001 14824 30177 25473 4704 3515 3017 13201 1189 491 24591 22449 1050 2142
is_linear=0
shrinkage=0.03


Tree=153
num_leaves=15
num_cat=0
split_feature=18 10 18 7 10 3 3 5 18 9 3 10 18 2
split_gain=9.90046 39.1321 17.9964 25.0118 22.5822 25.2965 27.2095 32.39 25.1579 34.462 19.5698 46.8683 16.1601 19.2752
threshold=7.4134714756732745 0.60467171519726437 7.4986788469985699 1.8256600406723504 1.0584176678060981 0.12237154937673179 -1.0000000180025095e-35 0.0028646082422768564 8.0119061624158068 0.0094379851953622657 0.025656601532868754 0.9328154170243812 8.1485013757016684 -0.011837376920337593
decision_type=2 2 2 2 2 2 2 2 2 2 2 2 2 2
left_child=-1 -2 10 4 5 6 7 12 9 -8 11 -3 -4 -14
right_child=1 2 3 -5 -6 -7 8 -9 -10 -11 -12 -13 13 -15
leaf_value=0.00032450366026745759 0.010428250024063897 -0.023019412865161785 -0.0026164140632773513 0.01632986255118821 -0.0075945913260922725 -0.020710487394711506 0.011269933390719133 0.016094951701477716 0.020295228460514923 -0.016300417864847337 -0.021566958027766422 0.018148077373232343 -0.0035798406818955135 -0.029887618362556809
leaf_weight=8560.9617890045047 195.19849157333374 47.868498891592026 191.00688529014587 58.525001659989357 608.68774221837521 45.729597255587578 117.4592100828886 59.95929491519928 105.32710362970829 59.992080464959145 97.867425963282585 47.718319475650787 48.400445848703384 51.399128213524818
leaf_count=36939 850 222 844 275 2865 224 533 268 461 282 472 206 221 232
internal_value=-9.44375e-05 -0.00215943 -0.00376647 -0.00252742 -0.00340828 0.000354297 0.00193515 -0.00364024 0.00882802 0.00187126 -0.0122765 -0.00251726 -0.00779144 -0.01745
internal_weight=10296.1 1735.14 1539.94 1346.49 1287.96 679.274 633.544 350.766 282.778 177.451 193.454 95.5868 290.806 99.7996
internal_count=44894 7955 7105 6205 5930 3065 2841 1565 1276 815 900 428 1297 453
is_linear=0
shrinkage=0.03


Tree=154
num_leaves=15
num_cat=0
split_feature=8 5 4 12 12 11 10 3 9 12 3 2 1 15
split_gain=11.1848 19.9743 18.9173 17.4906 17.3603 19.5964 16.8228 32.3619 22.7492 22.4935 18.8456 26.7169 21.2027 20.3941
threshold=0.0045589041919751336 0.14659746555193234 0.017913154042720428 -0.009579228711405317 -0.016033914471778595 62.69666870081123 1.0584176678060981 0.15652769101587796 -0.057983484504717984 -0.078703050723501963 0.028542583634633915 0.031491593801925351 -0.0024192319066840269 0.012633703799664
decision_type=2 2 2 2 2 2 2 2 2 2 2 2 2 2
left_child=1 2 4 -4 5 6 7 8 9 -1 13 12 -12 -8
right_child=-2 -3 3 -5 -6 -7 10 -9 -10 -11 11 -13 -14 -15
leaf_value=-0.010582722295233347 -0.0011804751707134469 0.015223734761661029 -0.0058877802445364193 0.011659798343514988 0.013598792221869098 -0.017904517443141876 0.00020059247934333185 0.022033392341311905 0.0026767994907905329 0.0049722823326943657 -0.0043401536224412143 0.0041680970040075069 -0.017962566722134771 0.020007520715896353
leaf_weight=240.07386046648026 4673.1860344558954 83.15013775229454 570.00865577161312 54.286256611347198 97.678092658519745 47.118739441037178 669.69538868963718 70.839813843369484 3019.8290753662586 126.3843021094799 272.11310045421124 179.13617266714573 165.08384849131107 48.303156241774559
leaf_count=1014 20503 372 2535 236 405 203 2924 309 12973 531 1213 826 746 203
internal_value=-9.52267e-05 0.000803498 0.000582467 -0.00432955 0.0012052 0.00094949 0.00114229 0.00224632 0.00181962 -0.00522023 -0.00171722 -0.0055568 -0.0095423 0.00158497
internal_weight=10316.9 5643.7 5560.55 624.295 4936.26 4838.58 4791.46 3457.13 3386.29 366.458 1334.33 616.333 437.197 717.999
internal_count=44993 24490 24118 2771 21347 20942 20739 14827 14518 1545 5912 2785 1959 3127
is_linear=0
shrinkage=0.03


Tree=155
num_leaves=15
num_cat=0
split_feature=12 18 18 7 13 10 6 18 13 11 10 3 4 13
split_gain=11.252 40.1724 38.6085 25.9361 41.0968 37.3933 41.2922 33.4521 23.9078 29.182 23.2082 20.7276 17.9012 17.8028
threshold=-0.16761326236985999 6.7852162938715184 5.7752188881966999 0.60028735648117726 0.07490111955864244 0.31600977367763022 0.022795948833570407 6.5346291509613419 0.28445218879921746 50.291672279220229 0.78243135467392344 -0.08088895047338017 -0.053343439530131868 0.10163134417876631
decision_type=2 2 2 2 2 2 2 2 2 2 2 2 2 2
left_child=1 2 -1 5 11 -4 -7 -6 9 13 -9 -5 -2 -3
right_child=12 8 3 4 7 6 -8 10 -10 -11 -12 -13 -14 -15
leaf_value=-0.01841979149345465 0.016341026360776913 -0.0028427463082721584 0.012099203322829377 0.0093375311111421194 0.012721137850358161 -0.019034030110841177 0.0075687845630400125 -0.026436765404532468 -2.1421714984340268e-05 -0.02741578138668304 0.0026789662562875238 0.030542019185517594 0.00018459430376467661 -0.01682935024412853
leaf_weight=72.571431428194046 60.157510608434677 220.05784359574318 113.62379451096058 82.040056571364403 95.499201655387878 136.05513933300972 83.332502543926239 47.896809861063957 224.86432865262032 87.112156599760056 48.015446409583092 87.485423862934113 8801.2490931525826 129.44570726156235
leaf_count=309 261 955 490 343 394 618 350 201 1027 415 201 359 38344 588
internal_value=-0.000100485 -0.00256985 0.00210334 0.00429636 0.00984461 -0.00174002 -0.00895209 0.0002853 -0.00797513 -0.0120526 -0.0121039 0.0205089 0.000297938 -0.00808925
internal_weight=10289.4 1428 766.52 693.948 360.937 333.011 219.388 191.411 661.48 436.616 95.9123 169.525 8861.41 349.504
internal_count=44855 6250 3265 2956 1498 1458 968 796 2985 1958 402 702 38605 1543
is_linear=0
shrinkage=0.03


Tree=156
num_leaves=15
num_cat=0
split_feature=5 16 3 15 7 17 15 10 2 18 6 6 7 18
split_gain=10.5247 14.7977 12.3986 24.0782 30.5482 21.7519 21.5392 22.644 21.7658 18.8158 17.4829 14.0069 24.6414 30.9148
threshold=0.14659746555193234 -1.0000000180025095e-35 0.074507365203881695 0.0055678427050143151 0.8098480361737036 -0.37940952255126015 0.0089893754059104953 0.78243135467392344 0.010043218032404157 7.040532386230602 0.016763893216754696 0.015850641658089092 0.66099860519247733 7.6792121735963415
decision_type=2 2 2 2 2 2 2 2 2 2 2 2 2 2
left_child=2 -2 11 4 5 -4 7 -5 -8 -7 -10 -1 13 -13
right_child=1 -3 3 6 -6 9 8 -9 10 -11 -12 12 -14 -15
leaf_value=-0.00057611614651379328 0.014177542191397569 -0.0009266476250127429 -0.0026687344513846353 -0.00185131299764773 -0.002882148051808676 0.017574742268958984 -0.013963455941692109 -0.021154883338450767 0.012888596093462422 -0.00075498304270911107 -0.003066443762894494 -0.0055729413612325609 0.0030961433153188162 0.019287109006394465
leaf_weight=4707.2714998573065 111.7164128869772 119.48579353094101 128.35050071775913 86.667759448289871 859.19246901571751 179.15598423779011 110.65515960752964 148.17469403147697 84.550476312637329 69.610116824507713 214.45117938518524 554.86277975142002 2863.5116935670376 47.02847994863987
leaf_count=20585 492 544 566 385 3979 772 501 696 373 325 992 2408 12027 206
internal_value=0.000130094 0.00643066 -1.60514e-05 -0.00221085 0.000242064 0.00733768 -0.00690234 -0.0141068 -0.00272381 0.0124806 0.00150092 0.000489463 0.0019364 -0.00357307
internal_weight=10284.7 231.202 10053.5 1880.81 1236.31 377.117 644.499 234.842 409.657 248.766 299.002 8172.67 3465.4 601.891
internal_count=44851 1036 43815 8589 5642 1663 2947 1081 1866 1097 1365 35226 14641 2614
is_linear=0
shrinkage=0.03


Tree=157
num_leaves=15
num_cat=0
split_feature=11 10 16 13 7 3 10 14 13 13 11 14 7 12
split_gain=12.164 12.6344 12.2381 22.5401 17.3789 25.8824 19.0012 16.9822 16.8125 16.291 21.8407 21.0656 21.4745 22.3832
threshold=25.347451803580309 1.2179321637115008 -0.37940952255126059 0.37119146496876293 0.64933370623437947 0.16557153438674502 0.60467171519726437 0.022799947970819471 0.5685408602150539 0.068655496984994083 35.452830869385629 0.0081858037206789542 0.81551690846932534 -0.11838474430402689
decision_type=2 2 2 2 2 2 2 2 2 2 2 2 2 2
left_child=1 -1 3 9 6 -6 -4 -8 -7 -2 -11 -12 13 -13
right_child=2 -3 4 -5 5 8 7 -9 -10 10 11 12 -14 -15
leaf_value=-0.0027039367409699227 0.00095015048040270761 -0.021335894944268265 0.00020458035499372771 0.0057117998004001681 0.0024149197825486441 -0.009957907821216928 -0.010523339656112551 0.0065663059769102651 0.0029320458353475271 0.007197200805305737 -0.0075473405577308706 -0.0087648217783396591 -0.0043931192830335532 0.0085220993204531813
leaf_weight=113.63124290853739 1148.6417432129383 44.438973560929298 947.78026548027992 382.96661274135113 4676.5126969367266 261.95082001388073 316.70932270586491 61.197929233312607 137.89513950049877 159.24356703460217 951.54065535962582 86.602953910827637 746.53069515526295 282.14644105732441
leaf_count=508 4959 206 4089 1701 20237 1235 1397 271 640 682 4152 389 3310 1239
internal_value=6.24456e-05 -0.00814316 0.00019169 -0.00116699 0.000989282 0.00178798 -0.00206721 -0.00773586 -0.00552007 -0.00195053 -0.00344678 -0.00427304 -0.00147094 0.00443678
internal_weight=10317.8 158.07 10159.7 3757.67 6402.05 5076.36 1325.69 377.907 399.846 3374.71 2226.06 2066.82 1115.28 368.749
internal_count=45015 714 44301 16432 27869 22112 5757 1668 1875 14731 9772 9090 4938 1628
is_linear=0
shrinkage=0.03


Tree=158
num_leaves=15
num_cat=0
split_feature=18 15 14 18 18 3 18 6 5 3 18 14 15 6
split_gain=12.4443 23.9608 27.8855 13.2925 23.4087 26.6155 26.4249 22.4531 20.1521 18.2622 17.32 24.7938 22.8364 13.8838
threshold=5.6003357610740752 0.0081570040028857722 -0.011961407966160379 5.8128637627467681 6.0575994314441584 0.011827120172935164 5.9319261242941321 0.01610627601716846 -0.023960606820918048 -0.037948349077807968 5.9583291565361938 -0.027674227700530404 -0.0028344969248959013 0.019089778633983135
decision_type=2 2 2 2 2 2 2 2 2 2 2 2 2 2
left_child=1 -1 -3 7 5 10 -7 8 -2 -10 11 -5 -13 -6
right_child=3 2 -4 4 13 6 -8 -9 9 -11 -12 12 -14 -15
leaf_value=0.00082554395468471538 0.014888356926661604 -0.0034596162861647607 0.023706808502876334 0.031033744627898468 -0.0013711940481091853 -0.0085910571994382637 0.0069065340379804493 -0.019903337449537015 -0.020064102785417537 -0.0020735505721838701 0.0032944556636253989 -0.0052375336118919095 0.017138163869050618 0.0011379593427288922
leaf_weight=458.86757484078407 53.05382764339447 50.595408335328102 98.915217712521553 64.338562563061714 4969.1314765959978 193.98083452880383 198.16727188229561 72.650242552161217 56.016110152006149 412.67770700156689 195.39649976789951 61.978054493665695 115.27381046116352 3301.818142876029
leaf_count=1875 215 206 403 261 22211 799 814 298 228 1706 795 252 468 14417
internal_value=8.99268e-05 0.00424472 0.0145892 -0.000171629 0.000112702 0.00491208 -0.000764232 -0.00451045 -0.00229927 -0.00429982 0.00998622 0.015327 0.00934311 -0.00036949
internal_weight=10302.9 608.378 149.511 9694.48 9100.08 829.135 392.148 594.398 521.748 468.694 436.987 241.59 177.252 8270.95
internal_count=44948 2484 609 42464 40017 3389 1613 2447 2149 1934 1776 981 720 36628
is_linear=0
shrinkage=0.03


Tree=159
num_leaves=15
num_cat=0
split_feature=18 10 14 7 18 3 12 13 6 2 12 6 6 18
split_gain=11.6254 18.6388 38.9504 24.7397 27.6919 26.5967 26.1731 40.4566 25.1531 24.0415 23.8329 22.7307 20.8719 20.3809
threshold=6.0575994314441584 0.31600977367763022 -0.012309432159817722 0.83929395447376032 5.8936463438501088 0.011827120172935164 -0.028701604243572151 0.065537166156423257 0.011660302275568532 -0.0090485693781934256 -0.14838584863859597 0.014840132728830986 0.013583334360406011 5.7162170663726402
decision_type=2 2 2 2 2 2 2 2 2 2 2 2 2 2
left_child=1 2 -1 -3 6 -6 7 12 -8 -9 -4 -11 13 -5
right_child=-2 3 10 4 5 -7 8 9 -10 11 -12 -13 -14 -15
leaf_value=0.014162601564896918 -0.00029594443124929227 0.0071825278442630104 -0.026668347373702689 0.017354498471117006 0.017416992208416263 -0.00099643863502145392 0.02514714981150443 -0.024485888358099998 -0.0012564050747757858 -0.013805526896205331 -0.0031575381042769609 0.0069187488452655882 -0.0073832627739855239 -0.0035702304548984472
leaf_weight=59.946125864982605 8260.1508080139756 796.38395847380161 70.00708270072937 104.09113216400146 137.77761682868004 142.23540772497654 50.863147675991058 105.85293307900429 83.719833835959435 141.87611363828182 85.495017945766449 69.707765534520149 112.22139176726341 68.263796955347061
leaf_count=248 36577 3230 305 423 560 586 206 438 342 586 364 283 455 280
internal_value=0.000203915 0.00223771 -0.00606701 0.0032302 0.000126039 0.00812297 -0.00292772 -0.00560262 0.00894444 -0.0129322 -0.0139463 -0.00697692 0.00260654 0.00912105
internal_weight=10288.6 2028.44 215.448 1812.99 1016.61 280.013 736.596 602.013 134.583 317.437 155.502 211.584 284.576 172.355
internal_count=44883 8306 917 7389 4159 1146 3013 2465 548 1307 669 869 1158 703
is_linear=0
shrinkage=0.03


Tree=160
num_leaves=15
num_cat=0
split_feature=9 13 15 3 7 10 7 10 7 2 7 3 3 7
split_gain=9.07481 14.3133 23.2071 26.243 19.7368 25.8196 18.5783 17.5581 24.3061 21.1686 16.9882 16.4748 21.1671 15.9475
threshold=0.0064263605090625906 0.067067807881245015 0.012909388735582008 -0.003942972320840398 0.58589391363037446 1.0831699858167765 0.32359527485200618 0.78639926932700444 1.0550337201098252 -0.034978476082252456 0.69917951946149237 -0.031556827909288925 -0.058298051212190664 1.0670476664228217
decision_type=2 2 2 2 2 2 2 2 2 2 2 2 2 2
left_child=1 2 3 7 -5 -6 -3 8 9 -1 -9 12 -8 -12
right_child=-2 6 -4 4 5 -7 11 10 -10 -11 13 -13 -14 -15
leaf_value=0.011627083240842889 -0.0011209583243864513 -0.018273687816533293 -0.0085738789433983387 -0.0018890124800770081 0.018329103279352402 7.268578523022157e-05 -0.00050670890681150471 -0.018708034950345898 0.023777925767134667 -0.00053113434596178282 0.0040060538017382841 -0.00097396896331316271 0.010051195058029915 -0.0049916461994328441
leaf_weight=189.59301486611366 4235.1235968694091 49.270300075411797 148.11376744508743 97.53757007420063 252.72935803234577 96.016850292682648 390.99190604686737 46.019103795289993 56.371419578790665 393.26397189497948 371.35033506155014 3339.5720547437668 301.36153572797775 335.59572124481201
leaf_count=796 18733 224 650 404 1064 416 1672 212 233 1665 1625 14522 1272 1474
internal_value=-5.55336e-05 0.000688223 0.00277525 0.0036979 0.0100116 0.0133318 -0.000328535 0.0016625 0.00531118 0.00344995 -0.00144091 -0.000100293 0.00410456 -0.000267294
internal_weight=10302.9 6067.79 1986.59 1838.48 446.284 348.746 4081.2 1392.19 639.228 582.857 752.965 4031.93 692.353 706.946
internal_count=44962 26229 8539 7889 1884 1480 17690 6005 2694 2461 3311 17466 2944 3099
is_linear=0
shrinkage=0.03


Tree=161
num_leaves=15
num_cat=0
split_feature=13 17 15 12 12 15 11 14 9 5 7 12 12 13
split_gain=10.027 24.3685 21.208 24.4437 26.0212 25.3475 29.1183 23.1998 21.0842 19.6775 19.5424 18.448 22.1244 26.0316
threshold=0.065537166156423257 -0.60355339059327384 -0.024548235649689328 -0.13064112037314982 -0.09279438875018918 -0.0020413174218436576 54.389913154386896 -0.020331685852045919 -0.033126555282935392 -0.013469633490240494 0.83929395447376032 -0.16940525263417508 -0.26374093036320939 0.15038926224248908
decision_type=2 2 2 2 2 2 2 2 2 2 2 2 2 2
left_child=1 -1 7 10 9 8 -7 -3 -6 -5 -4 12 13 -2
right_child=11 2 3 4 5 6 -8 -9 -10 -11 -12 -13 -14 -15
leaf_value=0.0062037592368505935 -0.013017536615988085 -0.017784187547573809 0.0011387063967826744 -0.0023971592118733611 0.0066499903744159363 0.01023017455516867 -0.0055082763244671522 0.0056189017207947224 -0.0097537708539076496 -0.014846651132813157 0.011781359129545947 0.00015774448305784478 -0.0077578409112675183 0.0066737767270217581
leaf_weight=777.88584404438734 77.691963821649551 113.6580943390727 358.96995861828327 323.71782891452312 100.13549526035786 379.63737200200558 144.9128061234951 55.69133959710598 227.55447389185429 175.42920672893524 272.30876450240612 6417.9658940881491 602.79314789175987 248.20348326861858
leaf_count=3326 351 543 1554 1398 433 1587 612 277 1019 758 1141 28094 2660 1104
internal_value=0.000177227 0.00166049 1.40099e-05 0.000888261 -0.00138901 0.0017971 0.00587785 -0.0101122 -0.00473118 -0.00681442 0.00575224 -0.000414602 -0.0043618 0.00192869
internal_weight=10276.6 2929.9 2152.02 1982.67 1351.39 852.24 524.55 169.349 327.69 499.147 631.279 7346.65 928.689 325.895
internal_count=44857 12648 9322 8502 5807 3651 2199 820 1452 2156 2695 32209 4115 1455
is_linear=0
shrinkage=0.03


Tree=162
num_leaves=15
num_cat=0
split_feature=4 12 18 10 6 15 2 6 15 12 10 3 3 7
split_gain=8.52217 15.5839 28.4048 48.4501 15.175 38.9391 26.3507 26.1909 23.6531 34.8331 26.0366 31.5389 23.7183 23.3541
threshold=-0.0014538628237391047 -0.16368051856787177 5.8128637627467681 0.31600977367763022 0.0084255654454735603 -0.016479919178496335 -0.014617005585436214 0.015127776778867967 -0.015628791860904375 -0.21418528988389238 0.79790689038362606 0.040847899823426743 0.12559740733454033 0.87037115389814368
decision_type=2 2 2 2 2 2 2 2 2 2 2 2 2 2
left_child=4 2 -2 -4 5 -1 -7 -6 9 -9 12 -12 -10 -11
right_child=1 -3 3 -5 7 6 -8 8 10 13 11 -13 -14 -15
leaf_value=-0.014432886409708945 -0.028902959894416907 -0.00026482988642699057 0.022521789916529221 -0.0078471847199300861 -0.0024874317009303194 0.023659630678535722 0.0050679484207036204 -0.0083107731536283761 0.0027988133248005227 0.00030427377173456268 0.0010992177649917286 -0.010010040419972031 0.022057275184281123 0.011829337829557017
leaf_weight=63.162892058491707 42.545993074774742 5128.4360829591751 53.101809054613113 332.43901832401752 1641.0583583265543 99.729285091161728 215.53926849365234 125.70949150621891 765.65764318406582 219.86803618073463 630.29199481010437 359.83231465518475 60.333736479282379 563.54631993174553
leaf_count=338 189 22468 238 1507 7340 417 884 547 3238 912 2630 1643 256 2358
internal_value=7.23024e-05 -0.000724944 -0.0062102 -0.00356972 0.00100586 0.00675251 0.0110612 0.000504934 0.00230735 0.00625182 0.000328094 -0.00295016 0.00425541 0.0086038
internal_weight=10301.3 5556.52 428.087 385.541 4744.73 378.431 315.269 4366.3 2725.24 909.124 1816.12 990.124 825.991 783.414
internal_count=44965 24402 1934 1745 20563 1639 1301 18924 11584 3817 7767 4273 3494 3270
is_linear=0
shrinkage=0.03


Tree=163
num_leaves=15
num_cat=0
split_feature=6 5 16 13 7 17 6 15 6 18 12 12 15 10
split_gain=10.8413 11.6287 17.0668 8.63671 21.1861 20.7549 28.8 25.9801 32.009 32.786 24.5751 16.7647 22.8664 26.925
threshold=0.072545201307994842 0.17972482284609884 -1.0000000180025095e-35 0.065537166156423257 0.32359527485200618 -0.37940952255126015 0.016701131077682837 -0.0020413174218436576 0.0069161875250894379 6.0237931696130538 -0.11313211226185914 -0.27085956605845457 0.012932373174746383 1.0950924738313559
decision_type=2 2 2 2 2 2 2 2 2 2 2 2 2 2
left_child=1 3 -3 5 -5 11 7 8 -7 10 -10 -1 13 -13
right_child=-2 2 -4 4 -6 6 -8 -9 9 -11 -12 12 -14 -15
leaf_value=-0.011855240015982585 -0.011264085552461896 0.02057761148634275 -0.0009748483824608391 -0.013765209506876605 -0.00035859400981918166 0.0098015309696671965 0.0062974690555929235 0.0012985407451498135 0.019504651095542003 -0.01324629269196371 -0.0054541717570825406 0.0099926973021686565 -0.0088538906658429152 -0.002730881504090797
leaf_weight=49.481171056628227 73.866945028305054 59.164552614092827 71.610439628362656 105.71451650559902 7026.2143688350916 90.999864980578423 437.06524533033371 785.65057924389839 50.197203621268272 449.8961775302887 109.22800734639168 680.26507061719894 86.129380598664284 190.80702719092369
leaf_count=221 354 255 319 491 30763 395 1814 3334 203 2151 448 2869 383 835
internal_value=3.4538e-05 0.000118616 0.00893889 2.22156e-06 -0.00056112 0.00137303 -0.00045463 -0.0024464 -0.00663938 -0.0091188 0.00254874 0.00485834 0.00574524 0.00720575
internal_weight=10266.3 10192.4 130.775 10061.6 7131.93 2929.72 1923.04 1485.97 700.321 609.321 159.425 1006.68 957.201 871.072
internal_count=44835 44481 574 43907 31254 12653 8345 6531 3197 2802 651 4308 4087 3704
is_linear=0
shrinkage=0.03


Tree=164
num_leaves=15
num_cat=0
split_feature=3 10 18 3 10 7 10 12 18 10 18 12 3 2
split_gain=8.40302 26.3863 24.0071 19.6879 17.1961 21.0134 34.6443 26.2124 26.0032 29.1791 24.5031 23.9436 23.3167 23.0222
threshold=-0.068308719208429611 0.31600977367763022 5.9583291565361938 -0.032344517514200831 0.30524135688240334 0.83929395447376032 1.4750506530710505 -0.076872632606293498 6.4611951235238498 0.63713183256346562 6.6920175750844546 -0.091444515147659486 0.019941725580128526 -0.027180599156684051
decision_type=2 2 2 2 2 2 2 2 2 2 2 2 2 2
left_child=1 -1 -3 -2 -5 6 7 8 -6 10 -10 -7 -12 -9
right_child=3 2 -4 4 5 11 -8 13 9 -11 12 -13 -14 -15
leaf_value=0.015497716313804239 0.0036769420384476221 0.013835143808859945 -0.004598420728707019 -0.0079621286066859798 0.0033351872326076756 0.0020940555163598573 0.025510191257279456 -0.010170215802164701 -0.009284677974441196 -0.010174737312754643 -0.00087227923160324711 -0.0027549331789534864 0.017583212962325817 0.0048494620163588168
leaf_weight=68.006505191326141 1328.4622947275639 65.748513609170914 1052.2822520658374 251.14443230628967 573.50845910608768 1291.821613624692 52.809302657842636 95.674197047948837 132.93870356678963 445.26948174834251 153.69622878730297 3142.3816428929567 100.63448385894299 1578.0535586625338
leaf_count=292 5694 266 4637 1102 2394 5624 237 425 596 1968 687 13951 444 6804
internal_value=-4.91144e-06 -0.00237853 -0.00349162 0.000303335 -0.000270719 -1.34023e-05 0.00186685 0.00144514 -0.00157342 -0.00495469 0.00106859 -0.00134196 0.00651047 0.00397979
internal_weight=10332.4 1186.04 1118.03 9146.39 7817.93 7566.79 3132.58 3079.78 1406.05 832.539 387.269 4434.2 254.331 1673.73
internal_count=45121 5195 4903 39926 34232 33130 13555 13318 6089 3695 1727 19575 1131 7229
is_linear=0
shrinkage=0.03


Tree=165
num_leaves=15
num_cat=0
split_feature=5 8 9 13 11 8 12 7 4 12 10 9 13 12
split_gain=9.31366 11.6593 12.8991 10.683 20.3575 19.9874 26.3541 19.9045 17.4781 17.4188 31.8157 22.9072 33.4947 21.2814
threshold=0.17972482284609884 0.0045589041919751336 0.016142670334898804 0.065537166156423257 27.044229352277963 0.014429284449957282 -0.12962562562562555 0.71681614503892288 0.005875344229763658 -0.1328118661195907 0.29318323706083166 -0.017857443523816321 0.43303094252747559 -0.091444515147659486
decision_type=2 2 2 2 2 2 2 2 2 2 2 2 2 2
left_child=3 -2 -3 4 7 8 -7 -1 -6 11 -11 12 -5 -12
right_child=1 2 -4 9 5 6 -8 -9 -10 10 13 -13 -14 -15
leaf_value=0.0087971353529129135 0.018999994083197566 -0.010468647695038705 0.010076311729166993 -0.00090848521661669442 0.0046674923705482046 0.006472481341217395 -0.0046764597045852747 -0.014001675325695453 -0.0058309621207689811 -0.019595452665573998 0.003405480170201342 -0.0059860461177913679 0.02502104178382919 -0.0009168881462331606
leaf_weight=44.233486831188202 48.164972260594368 45.365105897188187 63.649056807160378 367.27744588255882 1636.9790458083153 261.17432364821434 692.61985377967358 137.65069933980703 154.64014358818531 72.663344487547874 1345.6366633176804 1113.4170358031988 49.051926091313362 4282.4988412708044
leaf_count=194 211 201 284 1545 7027 1138 2990 632 673 324 5771 4940 205 18922
internal_value=-0.000172086 0.00702847 0.00149217 -0.000284867 0.00124363 0.00188963 -0.00161643 -0.00842172 0.00375585 -0.000903854 -0.000140653 -0.00374412 0.00225155 0.000117394
internal_weight=10315 157.179 109.014 10157.8 2927.3 2745.41 953.794 181.884 1791.62 7230.55 5700.8 1529.75 416.329 5628.14
internal_count=45057 696 485 44361 12654 11828 4128 826 7700 31707 25017 6690 1750 24693
is_linear=0
shrinkage=0.03


Tree=166
num_leaves=15
num_cat=0
split_feature=1 18 10 7 13 13 10 12 13 18 18 3 10 10
split_gain=9.23822 9.40234 25.0317 18.7722 21.086 50.9561 21.7104 15.0212 47.0818 18.5157 18.5735 20.029 30.4552 14.4918
threshold=-0.066121304725627925 7.4134714756732745 0.70750842749313791 0.40573223996220903 0.11101221639106397 0.23019674308055207 0.58745605444202464 -0.025080990973044944 0.04610520094562643 8.7813958486298702 7.4986788469985699 0.04348511193973837 0.93695966373628903 2.9266881979313846
decision_type=2 2 2 2 2 2 2 2 2 2 2 2 2 2
left_child=-1 13 3 -3 6 -6 -5 9 -9 10 11 12 -4 -2
right_child=1 2 7 4 5 -7 -8 8 -10 -11 -12 -13 -14 -15
leaf_value=0.0080655926855368962 -0.00011831958301868558 -0.011635347725909451 -0.022367215789674676 0.028922438548581744 -0.017317609531389177 0.017817765500870181 0.0043465253963524677 0.023266328462181907 -0.0059553570384575424 -0.02112880843472421 -0.0029922424149377994 -0.02708418953419086 0.011922882663732261 0.0077285019579428375
leaf_weight=117.52600854635239 8286.7022435441613 49.126120805740356 43.772685319185257 64.623754650354385 72.175881549715996 72.421803072094917 64.507229745388031 68.634964600205421 165.01680254936218 63.154867261648178 912.67004853487015 62.189076229929924 45.676377043128014 215.38095830380917
leaf_count=527 35788 209 203 274 338 312 281 279 772 298 4281 308 199 958
internal_value=-0.000226353 -0.000323589 -0.00237018 0.005118 0.00818732 0.00028296 0.0168991 -0.00415127 0.00275309 -0.00558446 -0.00462417 -0.0142795 -0.00497947 8.22327e-05
internal_weight=10303.6 10186.1 1683.97 322.855 273.729 144.598 129.131 1361.11 233.652 1127.46 1064.31 151.638 89.4491 8502.08
internal_count=45027 44500 7754 1414 1205 650 555 6340 1051 5289 4991 710 402 36746
is_linear=0
shrinkage=0.03


Tree=167
num_leaves=15
num_cat=0
split_feature=16 6 6 14 15 11 11 15 3 18 11 14 6 14
split_gain=10.0579 14.8208 18.6771 41.4268 19.3358 17.0601 14.2877 13.8971 13.2722 19.3903 22.3969 17.3225 17.7258 23.4782
threshold=-0.60355339059327362 0.02344291819103381 0.0092282360040068529 -0.010398054283314194 0.0046391140855384103 64.073850033115676 36.02308309007843 0.003291163812482623 0.077277068870592283 7.4134714756732745 41.599139571226722 -0.022579677008043472 0.023929185959707926 0.11189478250327635
decision_type=2 2 2 2 2 2 2 2 2 2 2 2 2 2
left_child=1 2 3 -1 -4 6 -3 -5 -2 10 -10 -12 -13 -14
right_child=8 5 4 7 -6 -7 -8 -9 9 -11 11 12 13 -15
leaf_value=0.020270325251449457 0.0011570645574904299 0.011702618970746122 -0.002008389167210019 -0.011153021747459305 -0.0087714899971824117 0.013906207083632804 -0.0018946610653012769 0.0033647168689839749 0.016196446894717588 -0.0084581437282213821 -0.011230452777917977 -0.0028154410407189964 0.012917069920015721 -0.0032468953453744561
leaf_weight=96.713589116930962 5859.7976197898388 81.517892628908157 1519.8613883107901 101.0844478905201 506.35160502791405 99.074142381548882 413.94343316555023 138.26519799232483 68.512483507394791 326.22861367464066 134.773761972785 609.68960985541344 182.26090474426746 142.9636919349432
leaf_count=408 25247 346 6693 436 2241 431 1837 578 293 1616 601 2715 827 651
internal_value=-7.75912e-05 -0.00155381 -0.0026191 0.00391408 -0.00370547 0.00267354 0.000380545 -0.00280817 0.000518623 -0.00203415 -0.000181307 -0.00125856 0.000199861 0.00583522
internal_weight=10281 2956.81 2362.28 336.063 2026.21 594.535 495.461 239.35 7324.23 1464.43 1138.2 1069.69 934.914 325.225
internal_count=44920 12970 10356 1422 8934 2614 2183 1014 31950 6703 5087 4794 4193 1478
is_linear=0
shrinkage=0.03


Tree=168
num_leaves=15
num_cat=0
split_feature=6 12 18 6 12 14 9 4 11 3 9 6 9 12
split_gain=11.3006 24.7406 17.8806 27.0779 25.0602 22.2355 21.4403 19.7103 17.8693 17.8482 30.5117 21.1284 22.4145 21.2429
threshold=0.01970685084849046 -0.28868627450980383 6.4740129853741406 0.026870148410177389 -0.14566795201472207 0.058048146128704604 0.033714660344285781 0.017913154042720428 37.109534921040321 -0.031556827909288925 -0.061269160684875916 0.0097685520158686014 -0.096556055831806251 -0.098177652693551151
decision_type=2 2 2 2 2 2 2 2 2 2 2 2 2 2
left_child=1 -1 3 5 -4 -2 8 -8 -6 10 -3 12 -11 -14
right_child=2 9 4 -5 6 -7 7 -9 -10 11 -12 -13 13 -15
leaf_value=-0.019964661667099072 0.0072544452455843922 -0.010798565647567645 -0.0035042865722475433 0.023786660241757459 0.012754795718033443 -0.011560431920982666 0.019636468147387495 0.0033097630836787621 0.00035779304857019742 0.020845155389902607 0.0033390746565693068 -0.00233642480699896 -0.0091418663466477732 0.0026953756597506103
leaf_weight=56.619337394833565 310.59816229343414 147.78536020219326 865.21773514151573 71.632799685001373 111.31800627708435 67.136323392391205 116.97851637005806 153.28794160485268 1368.9665177464485 52.732965514063835 1665.1467324048281 4047.2284134030342 153.80370077490807 1097.4839454889297
leaf_count=275 1290 647 3799 299 472 285 504 674 6086 216 7242 17882 664 4617
internal_value=9.38443e-05 -0.000554033 0.00161947 0.00713379 0.000667429 0.00386712 0.00273096 0.0104687 0.001306 -0.000395099 0.00217598 -0.00126664 0.00205211 0.00122812
internal_weight=10285.9 7220.8 3065.14 449.367 2615.77 377.734 1750.55 270.266 1480.28 7164.18 1812.93 5351.25 1304.02 1251.29
internal_count=44952 31543 13409 1874 11535 1575 7736 1178 6558 31268 7889 23379 5497 5281
is_linear=0
shrinkage=0.03


Tree=169
num_leaves=15
num_cat=0
split_feature=5 5 2 8 7 7 15 3 15 9 13 15 12 12
split_gain=12.7634 13.4543 17.4776 19.5022 28.1081 19.0352 24.9308 33.6811 22.4603 40.3954 21.0237 29.2112 25.4607 20.1769
threshold=0.17972482284609884 0.014287795392313953 0.021162463328138929 -0.015347651211240486 1.0910847196076909 0.83929395447376032 0.014079023469438569 0.026434209638658061 0.0018555408847173995 0.01395480969937374 0.23259846831017864 0.0060294471581752171 -0.06079953676896354 -0.089119940586706289
decision_type=2 2 2 2 2 2 2 2 2 2 2 2 2 2
left_child=1 -1 3 4 -3 8 10 -8 9 -4 12 -12 13 -7
right_child=-2 2 5 -5 -6 6 7 -9 -10 -11 11 -13 -14 -15
leaf_value=0.00058155977951728345 0.0081775123873352399 0.0041785759387842798 0.00050659715128066303 -0.0073647742125030778 -0.01371893320934995 -0.00085350435185993034 -0.015683592078133628 0.012967570308122218 -0.00082487997113538276 0.021873117987240003 -0.0035180295185914963 -0.017742163837801108 -0.0039740153741663221 0.015511554402661835
leaf_weight=6474.9820142835379 162.69738744199276 366.93571662902832 184.61217923462391 802.74645298719406 98.485746562480927 134.42853973805904 44.394030004739761 182.06521980464458 410.24180510640144 138.17736382782459 489.66648279130459 175.59139430522919 514.51237787306309 134.40801848471165
leaf_count=27937 720 1605 800 3622 439 579 197 807 1818 599 2279 826 2270 578
internal_value=-0.000107019 -0.000241383 -0.00169035 -0.00453775 0.000348869 -0.000188319 -0.0019525 0.0072628 0.00383739 0.00973139 -0.00340114 -0.00731434 -6.77025e-05 0.00738253
internal_weight=10313.9 10151.2 3676.27 1268.17 465.421 2408.1 1675.07 226.459 733.031 322.79 1448.61 665.258 783.349 268.837
internal_count=45076 44356 16419 5666 2044 10753 7536 1004 3217 1399 6532 3105 3427 1157
is_linear=0
shrinkage=0.03


Tree=170
num_leaves=15
num_cat=0
split_feature=18 2 9 13 13 7 6 12 12 7 12 13 6 18
split_gain=10.0246 15.7189 26.4312 21.1495 14.9746 26.8564 10.786 18.4853 16.8583 14.7834 47.4242 25.807 15.2855 13.5288
threshold=5.5180566960817599 0.013118821327878784 -0.067694107927580502 0.12315519617997374 0.063226755104187085 0.77598304206069646 0.019089778633983135 -0.28868627450980383 -0.23072741036732372 1.2875964490526639 -0.026264856007123912 0.1337042063969304 0.003502502467046708 6.5002731504387219
decision_type=2 2 2 2 2 2 2 2 2 2 2 2 2 2
left_child=1 2 -1 -3 -4 -6 7 -2 -9 12 11 -11 -10 -8
right_child=6 3 4 -5 5 -7 13 8 9 10 -12 -13 -14 -15
leaf_value=0.019175017692660223 -0.018174003120274472 0.003159816914178042 0.0050011975123302804 0.026265346998323169 0.00093048946696183015 -0.025318159756418237 0.0052958017161615877 0.012179508211378108 -0.012220914751835586 -0.017525750564832854 0.013144154977032828 0.003213235399562571 -0.0004341639781961082 0.00026179652862242617
leaf_weight=52.475831642746925 53.680167973041534 91.890295565128326 97.928833395242691 56.934352621436119 82.943292587995529 58.62297123670578 578.60140965878963 86.657997980713844 98.720860078930855 218.89344897866249 81.938061594963074 70.738773435354233 5891.532753072679 2787.6658616960049
leaf_count=212 260 373 396 235 344 243 2416 386 409 974 351 318 25867 12297
internal_value=-5.02254e-05 0.00436572 0.000301103 0.0122301 -0.00395892 -0.0101404 -0.000248318 -0.000961858 -0.000812986 -0.000993736 -0.006784 -0.0124732 -0.000632427 0.00112968
internal_weight=10309.2 440.796 291.971 148.825 239.495 141.566 9868.43 6502.16 6448.48 6361.82 371.57 289.632 5990.25 3366.27
internal_count=45081 1803 1195 608 983 587 43278 28565 28305 27919 1643 1292 26276 14713
is_linear=0
shrinkage=0.03


Tree=171
num_leaves=15
num_cat=0
split_feature=12 18 18 6 15 15 10 13 6 6 12 13 3 12
split_gain=8.81575 11.6485 7.6646 16.1426 26.9148 25.9846 20.3907 19.5549 22.0504 18.1677 30.7967 21.4268 16.1046 16.0978
threshold=-0.0050874216800946828 6.590970979599172 6.2934592410375876 0.012301048300262418 0.019974007644369077 -0.014238741729282188 1.4598910073161853 0.067931111099355138 0.0074688336100918766 0.0073009159797119598 -0.043689320388349488 0.11339372077380429 0.015554827374897809 -0.081299602454035322
decision_type=2 2 2 2 2 2 2 2 2 2 2 2 2 2
left_child=2 -2 3 4 5 -1 -5 8 -7 -9 12 -12 13 -11
right_child=1 -3 -4 6 -6 7 -8 9 -10 10 11 -13 -14 -15
leaf_value=-0.014288061764363405 0.016357343648511366 -0.0014783784845393345 -0.00061392596097723396 0.0041370253720849261 -0.018223923063629022 0.019424119827139621 -0.0059290393481657303 -0.019723400256688665 0.0025716889260176223 0.0086050244897089567 -0.0027956862923523757 0.014971835590523298 -0.014219346777588097 -0.010556793999199504
leaf_weight=105.90599119663239 66.052640959620476 63.309784844517708 7180.7555466219783 1589.2270366251469 78.818528652191162 86.927493512630463 202.6030190885067 47.401185140013695 330.0596539080143 82.368925243616104 108.39031879603863 136.39184792339802 145.75632892549038 72.127917066216469
leaf_count=444 274 282 32154 6527 338 353 859 208 1342 344 440 555 612 295
internal_value=1.69855e-05 0.00773895 -8.27723e-05 0.00119412 -0.00150638 -0.000294475 0.00299351 0.00119904 0.00616079 -0.00230227 -0.000720596 0.00714542 -0.00713824 -0.000361391
internal_weight=10296.1 129.362 10166.7 2985.98 1194.15 1115.33 1791.83 1009.42 416.987 592.437 545.035 244.782 300.253 154.497
internal_count=45027 556 44471 12317 4931 4593 7386 4149 1695 2454 2246 995 1251 639
is_linear=0
shrinkage=0.03


Tree=172
num_leaves=15
num_cat=0
split_feature=3 17 13 4 3 14 13 12 10 18 3 15 13 13
split_gain=9.81493 17.7059 14.0365 17.548 12.9056 11.7577 10.421 8.8145 8.48992 29.9965 22.3116 20.3366 57.6752 17.6211
threshold=0.34375298588291098 -0.5 0.9280835992508728 -0.053343439530131868 -0.0082101058389287534 -0.11573092084846036 0.9280835992508728 -0.23072741036732372 1.0410471089465443 8.0119061624158068 0.18950471493724699 0.020763307469766627 0.12445125781921486 0.23259846831017864
decision_type=2 2 2 2 2 2 2 2 2 2 2 2 2 2
left_child=2 -2 3 4 7 -5 -3 -1 10 13 11 -7 -13 -10
right_child=1 6 -4 5 -6 8 -8 -9 9 -11 -12 12 -14 -15
leaf_value=-0.0042807990659574748 0.021593123901038135 -0.0097401963084580642 -0.013033813241761276 -0.012839537571921196 0.022399021055159962 0.00075888323983939489 0.0087939041929603907 0.011502335538873972 0.0010444289416014986 -0.012097896842587186 0.016721202847667264 -0.01765805217757736 0.014428435690720625 -0.0039759502451574341
leaf_weight=57.484833106398582 51.376330226659775 47.918178409337997 71.834347248077393 62.49320250749588 48.093658745288849 6329.9458471685648 58.269225925207138 67.211293190717697 2071.862754330039 212.42137709259987 74.587465539574623 167.35061268508434 70.05129286646843 901.31794045865536
leaf_count=246 235 220 323 273 212 27308 267 289 9048 1015 331 778 306 4150
internal_value=0.000115101 0.00749764 -1.13185e-06 9.44746e-05 0.00951713 -7.20406e-05 0.000404751 0.0042736 1.17437e-05 -0.00126101 0.000622376 0.000434502 -0.0081487 -0.000479146
internal_weight=10292.2 157.564 10134.7 10062.8 172.79 9890.03 106.187 124.696 9827.54 3185.6 6641.94 6567.35 237.402 2973.18
internal_count=45001 722 44279 43956 747 43209 487 535 42936 14213 28723 28392 1084 13198
is_linear=0
shrinkage=0.03


Tree=173
num_leaves=15
num_cat=0
split_feature=3 18 18 12 10 4 15 2 10 8 15 7 15 5
split_gain=10.2827 15.8958 29.7313 23.8626 17.2728 18.6392 16.1819 20.7735 28.7586 26.0213 44.6256 29.2 20.9498 19.7318
threshold=0.037669827300517857 7.4134714756732745 7.8193579895299292 -0.30732007139109274 0.72305149575254279 0.026574360849752846 -0.013373695437368658 0.021616899384173764 0.78639926932700444 -0.0090139265148845831 0.0052045151470920823 0.66899437955823438 0.012380118861515578 0.034737461676718658
decision_type=2 2 2 2 2 2 2 2 2 2 2 2 2 2
left_child=-1 3 4 -2 -3 -6 13 8 9 10 -8 -11 -9 -5
right_child=1 2 -4 6 5 -7 7 12 -10 11 -12 -13 -14 -15
leaf_value=0.00051152610549301265 0.018551496562554625 0.0058597978864089271 0.0019517952777479519 0.010143895238036072 -0.018580213930112562 -0.0036470467439074427 0.01849503874678925 -0.0010386388723623919 -0.0092723014451316314 -0.015526685751239278 -0.0067363131107114763 0.0031387693629376188 0.0084947058290466091 -0.0052180712259969663
leaf_weight=6754.3149678036571 55.802982315421104 46.414256289601326 266.65725608170033 230.90038274228573 218.48118177056313 115.9441759288311 139.78926186263561 1092.0434357821941 596.62161280214787 141.66087347269058 112.19937911629677 157.65734197199345 254.02386412024498 109.66936364769936
leaf_count=29103 244 212 1273 975 1094 563 600 4861 2671 634 480 685 1109 497
internal_value=-0.000174749 -0.0014845 -0.00572547 -0.00053114 -0.0110831 -0.0134554 -0.000919628 -0.00175818 -0.00471937 0.000223502 0.00729606 -0.00573961 0.000770385 0.00519549
internal_weight=10292.2 3537.87 647.497 2890.37 380.84 334.425 2834.57 2494 1147.93 551.307 251.989 299.318 1346.07 340.57
internal_count=45001 15898 3142 12756 1869 1657 12512 11040 5070 2399 1080 1319 5970 1472
is_linear=0
shrinkage=0.03


Tree=174
num_leaves=15
num_cat=0
split_feature=1 13 17 6 15 6 7 11 15 12 10 12 18 9
split_gain=9.48403 8.43018 19.9779 24.7956 20.7521 25.8854 19.0454 18.9254 18.4079 27.0045 23.5932 17.4253 15.8395 15.1686
threshold=-0.075277010487979787 0.065537166156423257 -0.37940952255126015 0.018745820826834448 -0.0020413174218436576 0.0069161875250894379 0.32359527485200618 53.606915805025984 0.011301331082762546 -0.25444789273574886 1.0950924738313559 -0.14067261153150726 6.8527379554314525 -0.065466935524717537
decision_type=2 2 2 2 2 2 2 2 2 2 2 2 2 2
left_child=-1 2 8 4 5 -4 -3 13 9 -2 11 -11 -7 -6
right_child=1 6 3 -5 7 12 -8 -9 -10 10 -12 -13 -14 -15
leaf_value=0.010068304325209968 -0.016024761789767413 -0.013272268503798475 0.0096483638040854667 0.0083513013898733179 0.019598259071374854 -0.0044118251507956584 -0.00059939273439726557 -0.0067706930728837619 -0.0061099327056905487 0.019005509899390906 -0.0022286419370262951 0.0072642558994931734 -0.014181148387448651 0.0024060556532665626
leaf_weight=78.877096250653267 45.3520497828722 106.3345977216959 88.997147455811501 236.52986781299114 48.08736053109169 499.91664990782738 7233.5527744442225 200.30537658929825 126.33397442102432 146.84312051534653 182.31466230750084 507.52636729180813 212.95331828296185 607.02952596545219
leaf_count=357 202 501 387 981 198 2171 31749 861 559 617 800 2141 1060 2572
internal_value=-0.000164625 -0.000245382 0.00112289 -0.000693847 -0.00199329 -0.00545448 -0.000786553 0.00125637 0.00452951 0.00606377 0.00729643 0.00994892 -0.00736169 0.00372382
internal_weight=10321 10242.1 2902.19 1893.82 1657.29 801.867 7339.89 855.422 1008.37 882.036 836.684 654.369 712.87 655.117
internal_count=45156 44799 12549 8230 7249 3618 32250 3631 4319 3760 3558 2758 3231 2770
is_linear=0
shrinkage=0.03


Tree=175
num_leaves=15
num_cat=0
split_feature=2 7 13 9 2 13 9 7 6 18 12 12 10 5
split_gain=12.2419 22.4262 24.196 21.726 14.694 18.5839 23.9144 15.3581 43.7341 36.6658 27.3876 31.989 26.9747 22.5226
threshold=0.026786166057252262 0.79888331872865948 0.49176167209554827 0.0082212315873306813 -1.0000000180025095e-35 0.33821562586961246 -0.0051381798923163515 0.92406354853828832 0.0076283874388585714 8.0431102847822427 -0.11387614973445169 -0.23759120549006077 0.78639926932700444 -0.053373705524764385
decision_type=2 2 2 2 2 2 2 2 2 2 2 2 2 2
left_child=4 2 3 -2 5 7 -7 8 -1 10 11 -9 -10 -14
right_child=1 -3 -4 -5 -6 6 -8 9 12 -11 -12 -13 13 -15
leaf_value=0.010267352317274521 0.002601979706256842 0.00018399940996082626 -0.012199787717693037 0.014133762569687206 -0.0024328975569524788 0.013986081245531037 -0.00066044185529836393 -0.014771492718884295 -0.00061774342364246738 -0.01492525454877929 -0.00014874100363702469 0.00914642112863066 -0.020859264117592733 -0.0054798268500045435
leaf_weight=247.55345422029495 294.84957174956799 2034.0077722817659 54.548983320593834 293.51977197825909 2646.67054669559 194.86468841135502 204.25576986372471 52.619599312543869 1574.9959366545081 108.85752275586128 1093.9733322113752 670.35936500132084 95.552409887313843 734.96558584272861
leaf_count=1034 1286 9099 246 1291 11555 833 927 232 6794 527 4713 2836 427 3275
internal_value=-1.48319e-05 0.00172978 0.00660443 0.00838323 -0.000627635 0.000332767 0.00652459 -0.000209559 -0.00168931 0.00182864 0.00284771 0.00736969 -0.00292729 -0.00729512
internal_weight=10301.6 2676.93 642.918 588.369 7624.67 4978 399.12 4578.88 2653.07 1925.81 1816.95 722.979 2405.51 830.518
internal_count=45075 11922 2823 2577 33153 21598 1760 19838 11530 8308 7781 3068 10496 3702
is_linear=0
shrinkage=0.03


Tree=176
num_leaves=15
num_cat=0
split_feature=6 5 12 13 6 15 15 2 11 6 15 12 15 13
split_gain=9.22173 15.3026 12.8569 36.6857 16.1012 14.5836 17.7689 16.9954 13.6591 12.8672 23.9139 27.1241 25.5883 27.7614
threshold=0.0041966063288453948 0.0022792679995223834 -0.024492736575898452 0.044449872442056122 0.013188117087524912 0.015037939852986073 0.00023321927504316167 0.037065831990878324 74.702387907216675 0.015072072260027776 0.00051872411982145661 -0.028701604243572151 0.021865761350377436 0.083622012448951191
decision_type=2 2 2 2 2 2 2 2 2 2 2 2 2 2
left_child=1 -1 9 -4 -5 6 7 -6 -8 10 11 -2 -12 -14
right_child=2 -3 3 4 5 -7 8 -9 -10 -11 12 -13 13 -15
leaf_value=0.00011602209203415388 -0.0045679490542588604 -0.018311930888552777 0.028929129530678721 0.0068377870595178044 -0.011664430261588046 0.013294879220525808 -0.011544169442483584 0.0077558095836733048 0.0054292941042973549 0.00090071112498782803 0.0016654293927722164 0.015900743683621751 -0.0262303583543066 0.003333802614642209
leaf_weight=110.14032691717148 1747.9301252290606 62.17015178501606 46.75129508972168 392.01414461433887 50.674736723303795 54.556934222579002 207.85600300133228 175.40642243623734 52.278067827224731 5303.0463121533394 1927.3060770630836 58.350370705127716 61.278917327523232 51.402664378285408
leaf_count=454 7927 268 189 1648 230 239 944 782 231 23037 8332 253 301 238
internal_value=0.000175055 -0.00666666 0.000292738 0.00355567 0.00222478 -0.00113214 -0.00279879 0.00333877 -0.00811768 -5.7296e-05 -0.00137793 -0.00388987 0.000847864 -0.0129209
internal_weight=10301.2 172.31 10128.9 979.538 932.786 540.772 486.215 226.081 260.134 9149.31 3846.27 1806.28 2039.99 112.682
internal_count=45073 722 44351 4263 4074 2426 2187 1012 1175 40088 17051 8180 8871 539
is_linear=0
shrinkage=0.03


Tree=177
num_leaves=15
num_cat=0
split_feature=3 6 18 10 18 12 14 12 12 18 4 12 10 8
split_gain=9.4201 29.2138 28.1776 20.4523 13.1646 13.1854 32.4656 22.4731 28.4574 15.3572 12.3208 18.7728 39.2935 14.3034
threshold=-0.068308719208429611 0.010020859180689025 5.9583291565361938 0.30524135688240334 7.4134714756732745 -0.27812376924887727 -0.049404636235951142 -0.18018825678202446 -0.21953679407520973 6.5284329228414988 -0.019689593212136976 -0.13713625518589326 0.76383949815626873 -0.043678899476331794
decision_type=2 2 2 2 2 2 2 2 2 2 2 2 2 2
left_child=1 -1 -3 -4 5 6 -5 8 9 -7 13 -12 -13 -9
right_child=-2 2 3 4 -6 7 -8 10 -10 -11 11 12 -14 -15
leaf_value=-0.024923661393817069 0.0003538859385526255 0.016338745494887473 0.016300633481135231 -0.00041742471160023675 0.0044768909081552583 0.0054540112092496106 -0.027327100556877218 -0.012175483459849689 0.015601244652870735 -0.017434012909240761 -0.018878025804718413 0.013030004176997014 -0.017390283284522121 0.0048389808285953882
leaf_weight=48.100213892757893 9084.7691379636526 72.416070073843002 46.344610050320625 87.603474870324135 149.46544960141182 49.878025099635124 72.907029807567596 65.75037993490696 106.42858898639679 52.32248418033123 134.67069755494595 68.783241838216782 81.177042365074158 127.45669891685247
leaf_count=245 39751 294 200 374 667 211 357 280 457 223 587 298 360 552
internal_value=2.82361e-05 -0.00251115 -0.00150158 -0.00276941 -0.00368723 -0.0051351 -0.0128262 -0.00330472 0.00487827 -0.00637344 -0.00688294 -0.0108301 -0.00344936 -0.00101664
internal_weight=10248.1 1163.3 1115.2 1042.79 996.443 846.978 160.511 686.467 208.629 102.201 477.838 284.631 149.96 193.207
internal_count=44856 5105 4860 4566 4366 3699 731 2968 891 434 2077 1245 658 832
is_linear=0
shrinkage=0.03


Tree=178
num_leaves=15
num_cat=0
split_feature=16 1 13 15 13 12 3 10 3 10 7 7 10 12
split_gain=11.4307 18.3152 13.6532 13.6041 21.0067 12.7271 12.9723 29.3076 22.3545 17.2385 15.9684 19.1188 28.1061 24.1868
threshold=-0.5 0.042012295319360023 0.37119146496876293 0.0046391140855384103 0.17599076997906496 -0.0050874216800946828 0.10139353864012569 0.67609252640604744 0.13788447227675479 2.6934304668178561 1.3052807053437581 0.99781622664791614 1.3521031872398031 -0.075603563344406918
decision_type=2 2 2 2 2 2 2 2 2 2 2 2 2 2
left_child=1 2 3 -1 -5 6 9 8 -8 10 11 13 -13 -2
right_child=5 -3 -4 4 -6 -7 7 -9 -10 -11 -12 12 -14 -15
leaf_value=-0.001165680714924007 -0.0014256039524059398 0.0092545601799756873 0.004538172505477534 -0.0029854695748892271 -0.015199238273649145 0.011892392470822171 -0.0031882945315766507 -0.0043125327162283561 0.023146104071124499 0.014421478603639383 -0.0049049624774527819 0.0068682235835590749 -0.0035425306219331399 0.0033273676586816439
leaf_weight=2278.8440506085753 2414.8605425804853 142.08190026879311 288.03984996676445 519.7866628319025 166.23021107912064 91.714422076940536 50.783675000071526 869.04008850455284 64.350459143519402 86.726430848240852 371.40589076280594 1060.7633616179228 297.69974671304226 1600.5403506159782
leaf_count=10024 10473 617 1288 2255 754 393 220 4063 278 369 1603 4540 1302 6927
internal_value=0.00021098 -0.00121397 -0.00167662 -0.00228305 -0.00598059 0.00091144 0.000760241 -0.00242242 0.0116743 0.00129797 0.00109492 0.00151127 0.00458491 0.000469646
internal_weight=10302.9 3394.98 3252.9 2964.86 686.017 6907.88 6816.17 984.174 115.134 5832 5745.27 5373.86 1358.46 4015.4
internal_count=45106 14938 14321 13033 3009 30168 29775 4561 498 25214 24845 23242 5842 17400
is_linear=0
shrinkage=0.03


Tree=179
num_leaves=15
num_cat=0
split_feature=18 13 12 10 15 18 3 10 18 18 12 12 12 4
split_gain=9.12769 24.1128 42.2193 40.3349 23.4127 9.34072 7.02564 28.2835 27.6522 14.4376 14.4426 19.2591 19.2237 26.6321
threshold=8.1485013757016684 0.37861803526485466 -0.029333604943301502 0.8166845634133324 0.0046391140855384103 8.0431102847822427 -0.068308719208429611 0.31600977367763022 5.9583291565361938 7.7164579775680124 -0.30732007139109274 -0.36730133195713588 -0.18018825678202446 -0.04307009474267081
decision_type=2 2 2 2 2 2 2 2 2 2 2 2 2 2
left_child=5 2 3 -2 -4 6 7 -1 -9 10 11 -10 -12 -14
right_child=1 -3 4 -5 -6 -7 -8 8 9 -11 12 -13 13 -15
leaf_value=0.015818042814815057 0.0031846629270335298 0.013516262004426403 0.023842994796035352 -0.021818485422328251 -0.0041050891245305162 0.010158207849919934 0.00030393688005604045 0.015150223971349576 -0.0058877164507332999 0.010431387266924372 0.0027568801156420109 -0.029794274833844166 0.014680129602326794 -0.0089614658786049493
leaf_weight=71.579976350069046 85.601106002926826 56.617000803351402 47.512539759278297 175.55832326412201 58.189150050282478 80.310063943266869 8619.8700457960367 65.861063957214355 84.811963185667992 52.413498044013977 259.70649608969688 46.385894641280174 44.875488847494125 527.27852068096399
leaf_count=307 370 265 200 854 246 362 37610 267 393 234 1114 219 189 2353
internal_value=-9.13877e-05 -0.00439352 -0.0072158 -0.0136612 0.00866695 9.43685e-05 9.60507e-06 -0.00218771 -0.00340662 -0.00463759 -0.00547762 -0.0146605 -0.00399765 -0.00706252
internal_weight=10276.6 423.478 366.861 261.159 105.702 9853.09 9772.78 1152.91 1081.33 1015.47 963.058 131.198 831.861 572.154
internal_count=44983 1935 1670 1224 446 43048 42686 5076 4769 4502 4268 612 3656 2542
is_linear=0
shrinkage=0.03


Tree=180
num_leaves=15
num_cat=0
split_feature=5 7 7 15 9 15 13 18 13 13 2 15 18 5
split_gain=8.18752 20.6417 26.6893 33.0347 22.5038 21.0021 19.2118 26.029 32.3231 40.2872 21.1987 17.8563 17.6074 17.5687
threshold=0.014287795392313953 0.41547298199046884 0.86526703001808103 0.0049646625875219294 0.01395480969937374 0.0089893754059104953 0.54639025100036398 6.6654492345650898 0.25460424011684429 0.12981970133802015 0.018248095951088675 0.0055678427050143151 5.6160685469866118 0.039549242735504093
decision_type=2 2 2 2 2 2 2 2 2 2 2 2 2 2
left_child=-1 -2 3 4 -3 11 7 8 9 -7 -9 -4 -5 -6
right_child=1 2 5 12 13 6 -8 10 -10 -11 -12 -13 -14 -15
leaf_value=0.00064676585288841288 -0.015953868147187241 0.0025276826872890215 -0.0032228227769004981 0.013368170648243966 0.007069638281347124 -0.0030244969406381895 0.019743405414718734 -0.022041398738188979 -0.013808670396452024 0.02355396261117049 -0.0016841430103237552 -0.012255346959914209 -0.0046272096649223656 0.02197259892659105
leaf_weight=6443.3937801197171 80.444777309894562 515.57121616601944 1518.1697723269463 51.975666716694832 189.61366485059261 86.930508524179459 48.817692846059799 55.117090493440628 50.409030839800835 121.89481003582478 239.41151529550552 224.92566755414009 528.26885779201984 115.04129834473133
leaf_count=27845 379 2249 6859 212 833 374 219 258 219 510 1112 1035 2358 500
internal_value=-5.94908e-06 -0.00110478 -0.000777573 0.00249737 0.00636637 -0.00273332 0.00208963 0.000467884 0.00737095 0.0125661 -0.0056167 -0.00440107 -0.00297488 0.0128038
internal_weight=10270 3826.59 3746.15 1400.47 820.226 2345.68 602.581 553.763 259.234 208.825 294.529 1743.1 580.245 304.655
internal_count=44962 17117 16738 6152 3582 10586 2692 2473 1103 884 1370 7894 2570 1333
is_linear=0
shrinkage=0.03


Tree=181
num_leaves=15
num_cat=0
split_feature=6 18 12 12 9 9 6 3 13 15 7 8 9 6
split_gain=12.4016 27.2579 32.5563 25.6232 19.482 26.2683 21.8743 16.459 23.2604 15.5552 15.0926 17.3364 14.6065 16.6464
threshold=0.023929185959707926 6.5002731504387219 -0.13841378137890767 -0.28868627450980383 0.033714660344285781 0.0061058039585136789 0.025962055177080907 0.20491894879539332 0.5685408602150539 0.014449768572923462 0.84774938983654569 0.00096919475071699523 0.0073028877978948423 0.045431258890229698
decision_type=2 2 2 2 2 2 2 2 2 2 2 2 2 2
left_child=3 -2 9 -1 5 7 -6 10 -9 12 -4 -12 -3 -14
right_child=1 2 4 -5 6 -7 -8 8 -10 -11 11 -13 13 -15
leaf_value=-0.016524939307654918 0.014572682009688686 -0.0018699538710481903 -0.0027578373795961392 -0.00025773205074104032 0.031775760121484163 -0.0031998547594080805 0.0066172194865202986 -0.015288005433035176 0.012184507595199692 0.011830459223337083 0.0095409441495681625 0.027361733690738271 -0.018262506000088937 -0.00036118587958995678
leaf_weight=86.0469154343009 148.69810973107815 414.98702771961689 49.34439805150032 8532.0642093345523 45.952665761113167 326.01618860661983 92.684002533555031 53.657410323619843 53.319953992962837 51.162692710757256 154.73181654512882 72.759985610842705 126.0189141780138 73.774808764457703
leaf_count=408 621 1828 215 37206 200 1514 408 257 238 225 675 321 562 356
internal_value=3.39041e-05 0.00240412 0.00119166 -0.000423947 0.00508328 0.00305253 0.0152896 0.00835245 -0.00162276 -0.00376697 0.0121911 0.0154295 -0.00509916 -0.0117214
internal_weight=10281.2 1663.11 1514.41 8618.11 848.466 709.83 138.637 383.814 106.977 665.943 276.836 227.492 614.781 199.794
internal_count=45034 7420 6799 37614 3828 3220 608 1706 495 2971 1211 996 2746 918
is_linear=0
shrinkage=0.03


Tree=182
num_leaves=15
num_cat=0
split_feature=18 7 2 7 6 12 11 6 6 11 7 15 18 13
split_gain=7.99354 29.2137 31.065 24.2218 16.6022 27.6265 15.7726 12.4015 9.61738 20.9326 29.2596 20.6485 17.4318 16.5658
threshold=8.1485013757016684 0.94150464158635672 -0.017198001238938884 0.65737544811189896 0.02344291819103381 -0.028701604243572151 54.048026552988411 0.072545201307994842 0.017982756133165165 36.857237432281785 1.0014456042321762 -0.0046169957204078562 7.6792121735963415 0.060113331023088919
decision_type=2 2 2 2 2 2 2 2 2 2 2 2 2 2
left_child=7 2 -2 -4 5 -3 -5 8 -1 10 11 -10 13 -11
right_child=1 4 3 6 -6 -7 -8 -9 9 12 -12 -13 -14 -15
leaf_value=-0.00025521080201846387 -0.015632405242039085 -0.023616613108053099 -0.0078134495017878475 0.026839476984297148 0.0047016866915768826 0.0039060250314430075 0.0046903887502349794 -0.012530830765569184 -0.0048104798907665138 0.0083900263511772974 0.017103323168268989 0.012407050170492607 0.0081833984104066337 -0.00040722670183257286
leaf_weight=6020.7203505560756 53.67379455268383 118.74341710656881 46.650228172540665 66.596954569220543 42.304586589336395 44.375024229288101 51.788021132349968 64.328130289912224 170.62838931381702 204.87376837432384 178.45777863264084 96.469018429517746 265.98042526841164 2799.4035504609346
leaf_count=26363 244 592 196 286 196 194 231 310 707 846 774 400 1214 12223
internal_value=0.000222765 -0.00379965 0.00381929 0.0102569 -0.01187 -0.0161727 0.0173892 0.000397574 0.000485546 0.00168528 0.00777047 0.00145406 0.000851969 0.000197876
internal_weight=10225 424.132 218.709 165.035 205.423 163.118 118.385 9800.86 9736.53 3715.81 445.555 267.097 3270.26 3004.28
internal_count=44776 1939 957 713 982 786 517 42837 42527 16164 1881 1107 14283 13069
is_linear=0
shrinkage=0.03


Tree=183
num_leaves=15
num_cat=0
split_feature=18 14 12 15 9 15 15 18 6 6 15 7 14 14
split_gain=11.5925 23.4718 27.2234 12.5028 9.82154 23.5265 21.2457 23.542 19.4098 15.6075 20.1157 21.4408 18.732 14.1051
threshold=5.4465394376878438 0.010604621857723153 -0.060215607169934508 0.0058619146176459589 -0.02419690410010011 -0.00089738728038479809 -0.0047732101713950916 6.7996056721722082 0.003502502467046708 0.0071224826904834849 0.0098388700928904189 0.83132195953691179 0.0040215959083438344 0.021705138281347017
decision_type=2 2 2 2 2 2 2 2 2 2 2 2 2 2
left_child=1 2 -1 -4 5 6 -2 -8 -6 10 11 12 -10 -11
right_child=4 -3 3 -5 8 -7 7 -9 9 13 -12 -13 -14 -15
leaf_value=0.011735282575308413 0.00070661715840875908 0.017975693865491735 -0.019157843071468905 0.00034515696130527616 -0.01537843457477113 0.0047185309016373501 -0.015957957831364448 0.0027225869781890592 0.023302680173558597 -0.0017875096066681541 -0.0084824166596619462 -0.0049308658780538445 0.0022527282640781477 0.0009918454175419319
leaf_weight=97.023054718971252 950.47893914580345 94.336665794253349 58.249782085418701 57.984820485115051 78.489731773734093 1083.7117509841919 160.42390528321266 96.140129402279854 106.84110714495182 4813.8203933313489 63.440790832042694 59.291708320379257 59.208527073264122 2493.0469898283482
leaf_count=395 4126 384 242 239 326 4569 678 420 442 21256 269 256 252 11151
internal_value=-3.14466e-05 0.0056856 0.000132454 -0.00958731 -0.000209025 0.00151401 -0.00136614 -0.00899104 -0.000723615 -0.000568171 0.00624818 0.0104334 0.015913 -0.000839203
internal_weight=10272.5 307.594 213.258 116.235 9964.89 2290.75 1207.04 256.564 7674.14 7595.65 288.782 225.341 166.05 7306.87
internal_count=45005 1260 876 481 43745 9793 5224 1098 33952 33626 1219 950 694 32407
is_linear=0
shrinkage=0.03


Tree=184
num_leaves=15
num_cat=0
split_feature=7 13 8 13 8 15 9 18 15 6 13 18 18 15
split_gain=10.6077 14.3623 10.1785 8.96064 8.00152 24.859 19.3731 23.3388 15.8182 27.0214 38.0258 18.848 18.4929 15.5284
threshold=0.32359527485200618 0.067931111099355138 -0.023000411895615771 0.15800756227882864 -0.079731300377646988 0.0089893754059104953 -0.021160633375461559 8.3290862474165639 -0.00089738728038479809 0.015482863703821969 0.095410868429870579 6.0237931696130538 6.9193149896861712 0.0015162918709563657
decision_type=2 2 2 2 2 2 2 2 2 2 2 2 2 2
left_child=1 2 -1 -3 5 -2 7 8 9 10 -6 -12 -11 -10
right_child=4 3 -4 -5 6 -7 -8 -9 13 12 11 -13 -14 -15
leaf_value=0.011080860970686746 -0.0047708920875661684 -0.024756848587057019 -0.0079405241001578759 -0.0067171544049233062 0.00092982333463082238 0.0078582090373855093 -0.00028554098099946811 -0.012776547902446412 0.014316394399266286 0.0014794455702389049 -0.032042100204187206 -0.0083213215007985203 0.013029370032100435 0.0045695551519550088
leaf_weight=48.370158895850182 760.85421819984913 42.218549430370331 48.959496572613716 61.297909691929817 388.87746572494507 169.99397133290768 7025.3321166709065 78.966531589627266 181.93213894963264 328.52238093316555 49.229373157024384 78.202758178114891 199.75200580060482 755.42763145267963
leaf_count=202 3232 203 209 289 1742 715 31088 364 767 1371 204 354 837 3194
internal_value=5.5892e-05 -0.00673611 0.00154536 -0.0144043 0.000193391 -0.00245263 0.000464945 0.00302104 0.00366271 0.00112007 -0.00375344 -0.0178386 0.00587939 0.00648777
internal_weight=10217.9 200.846 97.3297 103.516 10017.1 930.848 9086.24 2060.91 1981.94 1044.58 516.31 127.432 528.274 937.36
internal_count=44771 903 411 492 43868 3947 39921 8833 8469 4508 2300 558 2208 3961
is_linear=0
shrinkage=0.03


Tree=185
num_leaves=15
num_cat=0
split_feature=13 17 6 10 11 18 12 6 18 2 12 2 7 13
split_gain=9.09437 17.9235 17.7308 19.2358 31.4096 17.8383 23.3978 25.239 23.3964 21.6136 16.1558 15.6808 21.9037 16.6121
threshold=0.065537166156423257 -0.12940952255126037 0.016432757107854929 0.59645235000082419 53.039381635809825 5.6657979559222893 -0.075603563344406918 0.013188117087524912 6.4611951235238498 -0.027802331120685694 -0.25444789273574886 0.021162463328138929 0.83929395447376032 0.33821562586961246
decision_type=2 2 2 2 2 2 2 2 2 2 2 2 2 2
left_child=1 10 3 4 -3 -5 7 -7 -9 -10 -1 13 -13 -2
right_child=11 2 -4 5 -6 6 -8 8 9 -11 -12 12 -14 -15
leaf_value=-0.010399079623691109 -0.0024415246718948553 0.0088118431628596023 0.0046912654897983833 0.0097400732787608513 -0.012490649007376618 -0.016625978013806525 3.0981162679167731e-05 -0.013655981664656128 -0.0064795035216367401 0.016872819219688463 0.0048218092700446913 0.0049464836908456626 -0.00066545242359486413 0.0032482198341726139
leaf_weight=64.370308183133602 3875.9719859659672 255.05722196400166 411.4818839430809 69.279112309217453 80.320379421114922 255.18316473066807 351.60916268825531 105.5558467656374 71.661441579461098 67.492861896753311 1201.4004100933671 903.60762892663479 2025.6772603094578 522.51225329935551
leaf_count=288 16873 1065 1714 281 347 1219 1549 441 337 315 5158 3966 9072 2327
internal_value=-6.71694e-05 0.00134387 -0.000699292 -0.00246973 0.00366626 -0.00470776 -0.00590332 -0.0100608 -0.00313538 0.00492547 0.00403257 -0.000632241 0.00106788 -0.00176445
internal_weight=10261.2 2933.41 1667.64 1256.16 335.378 920.782 851.502 499.893 244.71 139.154 1265.77 7327.77 2929.28 4398.48
internal_count=44952 12714 7268 5554 1412 4142 3861 2312 1093 652 5446 32238 13038 19200
is_linear=0
shrinkage=0.03


Tree=186
num_leaves=15
num_cat=0
split_feature=16 4 15 8 18 13 13 14 7 16 12 15 4 18
split_gain=6.89162 27.8004 12.9397 19.0367 13.6794 13.2241 15.5788 11.591 14.547 14.0124 13.2053 10.0284 19.395 20.6934
threshold=-0.5 0.04750151867729125 0.0046391140855384103 -0.058956325378665818 8.3290862474165639 0.34904040188114577 0.23481233544238592 0.12676694496159849 1.8256600406723504 0.37940952255126054 -0.0050874216800946828 -0.02403188588053062 -0.040492802355994 6.0116149242737542
decision_type=2 2 2 2 2 2 2 2 2 2 2 2 2 2
left_child=1 2 4 -4 11 6 -5 8 10 -9 -2 12 -1 -14
right_child=7 -3 3 5 -6 -7 -8 9 -10 -11 -12 -13 13 -15
leaf_value=0.0087401456393598996 0.00047636680737073124 0.010349563205633591 0.0063191452579940037 -0.0065604330051482898 -0.013055323468897146 0.0057398927658615954 -0.020769616729046713 0.0023229839943535893 0.012949732092180673 -0.012791414583100388 0.012723079766123434 0.00044329618012504902 0.0091440259935042841 -0.014012242395823549
leaf_weight=64.910694569349289 6487.1570331305265 179.01912833750248 108.87906369566917 495.05250263214111 75.895261473953724 62.988947376608849 79.709601327776909 97.55259795486927 85.36157600581646 123.59568063914776 78.226274892687798 2097.6310670673847 41.337691158056259 182.08745069056749
leaf_count=282 28294 782 464 2172 358 287 369 449 377 577 333 9163 169 876
internal_value=1.68195e-05 -0.00109024 -0.00173458 -0.0051885 -0.000683714 -0.00716674 -0.00859619 0.000562704 0.000788134 -0.00616311 0.000626116 -0.000279581 -0.00550531 -0.0096848
internal_weight=10259.4 3387.51 3208.49 746.63 2461.86 637.751 574.762 6871.89 6650.74 221.148 6565.38 2385.97 288.336 223.425
internal_count=44952 14922 14140 3292 10848 2828 2541 30030 29004 1026 28627 10490 1327 1045
is_linear=0
shrinkage=0.03


Tree=187
num_leaves=15
num_cat=0
split_feature=6 15 11 7 18 18 7 6 6 15 10 18 13 10
split_gain=7.66519 36.4131 23.2844 23.0014 23.6832 43.9039 25.3382 21.9265 20.534 25.0925 20.6542 18.488 18.753 36.1562
threshold=0.010504519913685961 -0.012712747229504549 38.261249503284347 0.64516757288818039 7.8988885797169175 6.5210190556125758 0.50006809832474786 0.0060262938051628074 0.012379719826636796 0.020083730278030568 1.148650810272543 5.4695670626554502 0.097511153791501451 0.57759194511105794
decision_type=2 2 2 2 2 2 2 2 2 2 2 2 2 2
left_child=1 -1 -3 4 5 6 -4 -7 9 10 11 -2 13 -13
right_child=8 2 3 -5 -6 7 -8 -9 -10 -11 -12 12 -14 -15
leaf_value=-0.0090736628717529647 0.0098908598830035593 0.016924564013162242 0.00035717038608049377 0.0056808461134347449 -0.020472221800745344 0.027981967641513509 -0.015488903778619752 0.005331460840454761 0.00022177058136292242 -0.022375764017093003 0.0077856519589339706 0.011602380095502641 -0.012028168860812647 -0.0077278504678923998
leaf_weight=239.20029035955667 67.437593206763268 105.36062890291214 209.72513049840927 861.06786558032036 53.749348863959312 46.79060485959053 158.06587167084217 188.75342504680157 7431.4278383404016 63.169460400938988 132.45576392114162 119.65262869000435 301.64552539587021 304.82810294628143
leaf_count=1202 276 440 893 3595 223 191 650 817 32613 300 593 519 1344 1403
internal_value=6.61811e-05 0.00180657 0.0034188 0.00246046 -0.00176409 -3.53051e-05 -0.00649995 0.0100287 -0.000319145 -0.0043751 -0.00310159 -0.00493381 -0.00633401 -0.00225019
internal_weight=10283.3 1862.71 1623.51 1518.15 657.084 603.335 367.791 235.544 8420.62 989.189 926.02 793.564 726.126 424.481
internal_count=45059 8011 6809 6369 2774 2551 1543 1008 37048 4435 4135 3542 3266 1922
is_linear=0
shrinkage=0.03


Tree=188
num_leaves=15
num_cat=0
split_feature=12 18 6 15 15 3 10 10 14 7 15 6 7 18
split_gain=9.10205 21.7986 15.6225 28.1388 31.9041 27.0227 20.8157 23.3994 19.9269 34.6964 18.1749 17.0113 28.0802 16.9957
threshold=-0.024492736575898452 8.7813958486298702 0.014726493542037797 0.021865761350377436 -0.0020413174218436576 0.05641965575211743 0.56358057419047813 0.75661565437224432 -1.0000000180025095e-35 0.75753886897758138 -0.0032947713439828159 0.010678432056741049 0.57604575165882899 6.5210190556125758
decision_type=2 2 2 2 2 2 2 2 2 2 2 2 2 2
left_child=2 -2 3 4 10 6 -6 11 -9 -10 -1 12 -8 -4
right_child=1 -3 13 -5 5 -7 7 8 9 -11 -12 -13 -14 -15
leaf_value=-0.0038248746455893951 0.0017664137340950897 0.022216436679200452 0.0032747954334937457 -0.017017278809935688 0.0055592052211242051 -0.0088560241383753967 -0.016164353878547876 0.0078309349366108057 0.017660199724046435 -0.0074834058312529227 -0.016190034452977915 -0.010203553418937193 0.0080919938331164565 -0.00032618013109479265
leaf_weight=1245.0874495506287 1007.1125128418207 47.238173574209213 1713.9477697461843 103.17263241112232 859.45109523832798 226.62646809220314 58.474466890096664 360.37688502669334 59.567810922861099 248.3153368383646 115.3963303565979 288.64484741538763 146.29472033679485 3773.0754863470793
leaf_count=5750 4388 192 7171 496 3659 1040 243 1551 262 1089 515 1271 600 16702
internal_value=8.55244e-05 0.00272297 -0.000217313 -0.00172009 -0.0012735 0.000921417 0.00202542 -0.000594069 0.00306126 -0.00253615 -0.00489591 -0.00553707 0.00107593 0.000799418
internal_weight=10252.8 1054.35 9198.43 3711.41 3608.24 2247.75 2021.13 1161.67 668.26 307.883 1360.48 493.414 204.769 5487.02
internal_count=44929 4580 40349 16476 15980 9715 8675 5016 2902 1351 6265 2114 843 23873
is_linear=0
shrinkage=0.03


Tree=189
num_leaves=15
num_cat=0
split_feature=1 10 3 15 13 6 12 13 6 6 12 13 3 11
split_gain=9.14901 13.2257 24.6421 22.258 19.3489 27.3711 33.0621 19.2744 19.1632 20.3304 19.1442 17.7758 19.4241 16.6577
threshold=0.039991640778068056 1.0831699858167765 0.1710921882503115 0.011162368560885485 0.23259846831017864 0.019089778633983135 -0.21953679407520973 0.83162820645487689 0.020494876021043443 0.030573518062217118 -0.014373582476681633 0.17043040139475055 0.0069437189867720414 67.264533119551018
decision_type=2 2 2 2 2 2 2 2 2 2 2 2 2 2
left_child=1 2 7 4 5 -3 -7 -1 10 -10 11 12 -5 -6
right_child=-2 3 -4 8 13 6 -8 -9 9 -11 -12 -13 -14 -15
leaf_value=0.00037572193632801775 0.0039966115283247387 -0.0041961079138723581 0.013730242224504439 0.01311376581391191 -0.0088612100734784451 -0.020152649505398367 0.0054509354615040993 -0.017511910704801029 -0.011102556124534407 0.010131755752971287 0.025029382892750227 0.01640058119738096 -0.010822650008445234 0.0040085387883020537
leaf_weight=6715.5433577597141 478.59447394311428 1090.8445484638214 121.94128389656544 47.112388759851456 641.62341630458832 47.087607204914093 607.6277479082346 52.656186029314995 109.0868998169899 62.05948893725872 54.320199906826019 76.203092366456985 78.63739649951458 104.13977564871311
leaf_count=29117 2086 4904 540 200 3050 210 2596 232 489 287 230 342 345 468
internal_value=-4.48192e-05 -0.000242783 0.000474241 -0.00193459 -0.00301995 -0.0012886 0.00355374 0.000231425 0.00437628 -0.00337468 0.00953864 0.00516744 -0.00178992 -0.00705814
internal_weight=10287.5 9808.88 6890.14 2918.74 2491.32 1745.56 654.715 6768.2 427.419 171.146 256.273 201.953 125.75 745.763
internal_count=45096 43010 29889 13121 11228 7710 2806 29349 1893 776 1117 887 545 3518
is_linear=0
shrinkage=0.03


Tree=190
num_leaves=15
num_cat=0
split_feature=9 6 13 13 2 7 13 7 2 16 10 2 6 18
split_gain=10.6712 16.4182 14.1652 33.0779 29.8727 23.8726 23.6252 23.7904 33.1335 20.936 20.0651 20.9176 17.5597 35.4295
threshold=0.0064263605090625906 0.003502502467046708 0.25198944591029021 0.18693334855055935 0.060732543502615262 0.51276084945225731 0.41315130645201642 1.1545664179103259 0.054138343665274043 1.0000000180025095e-35 1.5404342002664662 0.039250852527917608 0.014726493542037797 6.0689115527627626
decision_type=2 2 2 2 2 2 2 2 2 2 2 2 2 2
left_child=-1 -2 3 12 10 -4 7 8 -7 -8 11 -5 -3 -14
right_child=1 2 5 4 -6 6 9 -9 -10 -11 -12 -13 13 -15
leaf_value=0.00082422688702466146 -0.016103853958887738 -0.0035641073957031794 -0.020754092546255321 0.010716575007556827 -0.0065205141528421849 -0.0085166663630134466 0.010167144834085701 -0.015803709112673748 0.011672299345175606 -0.0041733614896661796 0.024763128737436389 -0.0086588187237371904 0.015232704499939484 -0.00056783212726023988
leaf_weight=6021.8821447268128 63.034348100423813 1444.1190043017268 69.918378189206123 293.87994374334812 117.4760889261961 231.47440424561501 183.24765677750111 175.13136558234692 104.59985062479973 179.65051566064358 71.688712298870087 58.809288650751114 143.32750879228115 1053.2610353529453
leaf_count=26165 268 6437 324 1291 522 1037 829 837 473 838 320 255 586 4591
internal_value=1.54104e-05 -0.00114697 -0.000910808 4.72269e-05 0.00678491 -0.00413388 -0.00276011 -0.00690462 -0.00220117 0.003084 0.0104814 0.00745521 -0.00133939 0.00134702
internal_weight=10211.5 4189.62 4126.58 3182.56 541.854 944.022 874.104 511.206 336.074 362.898 424.378 352.689 2640.71 1196.59
internal_count=44773 18608 18340 14002 2388 4338 4014 2347 1510 1667 1866 1546 11614 5177
is_linear=0
shrinkage=0.03


Tree=191
num_leaves=15
num_cat=0
split_feature=5 8 15 6 4 12 2 16 7 13 13 13 6 4
split_gain=9.73767 20.6597 16.6732 10.4366 13.0413 15.3679 12.8709 10.499 14.0365 18.5899 14.0268 12.3243 14.1364 14.0711
threshold=0.14659746555193234 -0.0038911015534274225 -0.0016567919154999442 0.064902812133158669 -0.053343439530131868 -0.19366579457113328 -0.12204153155043505 -0.5 0.78723596526794792 0.34904040188114577 0.46654417097412088 0.24209106693355167 0.01970685084849046 0.025202507288678126
decision_type=2 2 2 2 2 2 2 2 2 2 2 2 2 2
left_child=3 -2 -3 4 5 -1 -6 8 9 -8 -11 13 -13 -10
right_child=1 2 -4 -5 6 -7 7 -9 11 10 -12 12 -14 -15
leaf_value=-0.00050195277601150945 0.020992609786334614 -0.0099795134077439469 0.0084973080474274962 -0.012128358316594099 -0.013600374258139817 0.017691765505421668 -0.00012321417606793258 0.00065977088626697198 -0.0027303626973687184 0.022001876061808385 0.0009924325825177644 -0.018417698139024406 -0.0046448995466231834 0.0073874110027553758
leaf_weight=85.7848010212183 59.950341016054153 73.027759745717049 104.15624251961708 61.934573113918304 61.244671061635017 79.266716361045837 1098.4150604829192 6567.7227872759104 1426.1425895094872 61.432995244860649 52.443163111805916 86.455444186925888 287.03976912796497 133.52141855657101
leaf_count=365 265 333 461 302 268 349 4831 28677 6252 266 228 401 1311 588
internal_value=9.67348e-05 0.00607943 0.000855555 -4.63027e-05 3.14075e-05 0.00834286 -0.000110618 -2.27788e-05 -0.00144746 0.00108219 0.0125106 -0.00303329 -0.0079141 -0.00185584
internal_weight=10238.5 237.134 177.184 10001.4 9939.47 165.052 9774.42 9713.17 3145.45 1212.29 113.876 1933.16 373.495 1559.66
internal_count=44897 1059 794 43838 43536 714 42822 42554 13877 5325 494 8552 1712 6840
is_linear=0
shrinkage=0.03


Tree=192
num_leaves=15
num_cat=0
split_feature=9 6 9 12 6 2 10 3 12 6 8 12 16 13
split_gain=8.09707 18.7132 16.3677 20.4276 27.2945 34.8158 19.0799 14.5424 23.8188 24.7736 13.9393 15.273 13.4756 11.6331
threshold=0.016901970343637111 0.0041966063288453948 0.030600351030480036 -0.19671185062250682 0.020894825278825236 0.062318764399258243 0.87925968962660028 0.060746953355339757 -0.038461538461538373 0.014949971774477605 -0.036520285119796735 -0.21953679407520973 0.37940952255126054 0.11823702905146673
decision_type=2 2 2 2 2 2 2 2 2 2 2 2 2 2
left_child=-1 -2 10 -4 6 -6 7 8 9 13 12 -12 -3 -5
right_child=1 2 3 4 5 -7 -8 -9 -10 -11 11 -13 -14 -15
leaf_value=0.00040017019914949636 -0.016874442337035837 0.01354240663582543 -0.012166625803039371 0.00037243248015059161 0.01796568117060696 -0.00089612217786710305 -0.0041557190221889976 -0.0078521287485492832 0.019378960946778375 0.012138387661141926 0.0083924814430364689 -0.0060481899255773706 -0.0064254097967041176 -0.013904826139347064
leaf_weight=7341.7851089835167 67.213185772299767 73.820784166455269 102.09994958341122 272.95443293452263 181.9764906167984 168.61446867883205 640.32753191143274 92.271654516458511 84.541699662804604 154.61018976569176 69.132326722145081 944.48945488780737 49.226433455944061 61.240272179245949
leaf_count=32057 288 322 461 1186 780 746 2851 422 352 656 312 4252 218 279
internal_value=-0.000134063 -0.00145739 -0.00108809 0.000725534 0.00153385 0.00894059 -0.000465176 0.00308695 0.00486861 0.00229022 -0.00389044 -0.0050487 0.00557905 -0.00231099
internal_weight=10304.3 2962.52 2895.31 1758.64 1656.54 350.591 1305.95 665.618 573.347 488.805 1136.67 1013.62 123.047 334.195
internal_count=45182 13125 12837 7733 7272 1526 5746 2895 2473 2121 5104 4564 540 1465
is_linear=0
shrinkage=0.03


Tree=193
num_leaves=15
num_cat=0
split_feature=9 17 13 10 10 9 12 10 5 13 13 13 9 12
split_gain=8.67309 17.838 19.0903 33.7271 22.2393 21.823 18.973 17.5145 21.8496 24.6962 17.1395 21.9625 21.2588 16.4532
threshold=0.017299226723209608 -0.9159756150367534 0.12843037215772338 0.553479166277285 0.57270762461140146 0.045268858795180784 -0.06580505967915927 1.2264606533686417 0.17972482284609884 0.23019674308055207 0.037219614700288346 0.068655496984994083 0.045268858795180784 -0.14838584863859597
decision_type=2 2 2 2 2 2 2 2 2 2 2 2 2 2
left_child=-1 -2 4 -4 10 7 -7 -5 9 -9 -3 12 -12 -6
right_child=1 2 3 5 13 6 -8 8 -10 -11 11 -13 -14 -15
leaf_value=0.00050719123956929142 0.0047551039652192822 -0.013545629967921318 -0.011390865860026248 0.0036986756138975185 0.0023384483211363136 0.017297261624920759 0.0028514481406265112 0.0015156638706975631 0.012449074522279099 -0.015536378892114736 0.0031206338671805217 -0.0026373813866940208 0.030215898897944068 -0.0085814125456701151
leaf_weight=7376.225465901196 366.18701462447643 46.087527498602867 189.36812998354435 405.90275879204273 144.48174551874399 132.81548324227333 210.70600628852844 131.61596976220608 51.342927351593971 179.26032468676567 54.902916565537453 118.07449822127819 48.5157450735569 850.40584208071232
leaf_count=32221 1609 193 851 1800 640 568 933 576 228 861 232 517 205 3771
internal_value=-4.1299e-05 -0.00142167 -0.00230703 0.000243872 -0.00493204 0.00224274 0.00850442 -0.000572432 -0.00535266 -0.0083535 0.00272977 0.00620721 0.0161637 -0.00699407
internal_weight=10305.9 2929.67 2563.48 1301.01 1262.47 1111.64 343.521 768.122 362.219 310.876 267.581 221.493 103.419 994.888
internal_count=45205 12984 11375 5817 5558 4966 1501 3465 1665 1437 1147 954 437 4411
is_linear=0
shrinkage=0.03


Tree=194
num_leaves=15
num_cat=0
split_feature=9 13 18 10 12 9 18 7 10 7 9 12 6 13
split_gain=8.78895 15.6651 14.5953 26.1103 18.983 25.8831 18.0653 24.4553 14.3788 20.7515 27.9544 16.4942 41.7413 38.0851
threshold=0.016479958335961612 0.02556364362474595 7.3449058932554978 2.6934304668178561 -0.13600441096659452 -0.020727726001449755 7.8193579895299292 0.82615195617750525 0.68398440572712804 0.64516757288818039 -0.012753062349788844 -0.024492736575898452 0.014313363985710802 0.044449872442056122
decision_type=2 2 2 2 2 2 2 2 2 2 2 2 2 2
left_child=2 -2 3 -1 5 -4 7 -7 9 10 -6 12 -10 -13
right_child=1 -3 4 -5 8 6 -8 -9 11 -11 -12 13 -14 -15
leaf_value=0.00083253225486364536 -0.0095160633449721203 -0.00088165849535795475 0.0040874877328526873 0.014052875537719268 -0.014298974904452352 -0.030979264890037776 0.00093617383197335967 -0.0075842379554856877 -0.01235756682035841 0.019644483265914007 0.01586099914639863 0.026321982761629101 0.0014290405263187532 -0.0039555799374649163
leaf_weight=5657.7773634642363 200.89866989850998 2792.8712269812822 96.515526458621025 135.74018466472626 60.661159485578537 80.270426213741302 51.504729017615318 82.030974946916103 304.61246804147959 71.41056515276432 47.521073937416077 56.466557338833809 555.16406738758087 102.53496995568275
leaf_count=24315 909 12374 416 603 261 380 234 378 1509 314 206 231 2558 479
internal_value=-9.86875e-05 -0.00146704 0.00046256 0.00114702 -0.00216388 -0.00875129 -0.0145311 -0.0193911 -0.000446311 0.00733276 -0.00100322 -0.00182931 -0.0034728 0.00699036
internal_weight=10296 2993.77 7302.21 5793.52 1508.69 310.322 213.806 162.301 1198.37 179.593 108.182 1018.78 859.777 159.002
internal_count=45167 13283 31884 24918 6966 1408 992 758 5558 781 467 4777 4067 710
is_linear=0
shrinkage=0.03


Tree=195
num_leaves=15
num_cat=0
split_feature=9 6 13 13 12 12 9 12 2 2 1 6 12 6
split_gain=10.5183 17.4198 13.95 35.3201 31.8597 47.2118 31.0913 26.7139 27.3363 18.806 16.5458 16.2026 20.1767 27.313
threshold=0.0064263605090625906 0.003502502467046708 0.25198944591029021 0.18693334855055935 -0.26374093036320939 -0.14566795201472207 0.031771951394546145 -0.27085956605845457 -0.085953722520819495 0.065652824064672446 0.012293173329076397 0.0071224826904834849 -0.086154701753866789 0.012155689354186114
decision_type=2 2 2 2 2 2 2 2 2 2 2 2 2 2
left_child=-1 -2 3 7 -4 -6 -7 -3 -9 -5 -11 -10 13 -13
right_child=1 2 4 9 5 6 -8 8 11 10 -12 12 -14 -15
leaf_value=0.00070493478219253356 -0.016920963216948963 -0.020599861433693273 0.017143478628721207 0.0095829560295526556 -0.02246795446001839 -0.0070724583091815755 0.0056512273376012638 0.019045466344589212 0.0075684407051150584 -0.01653331995941262 0.0066847850717269884 -0.0076157270266855896 -0.0047199700271546852 0.0034692291860064926
leaf_weight=6034.9109590798616 60.886539995670319 62.295186169445515 57.199116423726082 441.36258338391781 125.97247788310051 509.42544502019882 259.29793341457844 57.696845263242722 163.96453373134136 50.473107531666756 56.639580607414246 260.41131277382374 1259.6213748902082 840.04449187964201
leaf_count=26216 260 298 263 1937 591 2376 1152 250 684 230 247 1192 5586 3642
internal_value=-9.75903e-05 -0.00124906 -0.00101077 -5.95663e-05 -0.00419415 -0.00559349 -0.00277711 -0.00149788 -0.00102138 0.00685437 -0.00435845 -0.0014948 -0.00213034 0.000837033
internal_weight=10240.2 4205.29 4144.4 3192.51 951.895 894.696 768.723 2644.03 2581.74 548.475 107.113 2524.04 2360.08 1100.46
internal_count=44924 18708 18448 14066 4382 4119 3528 11652 11354 2414 477 11104 10420 4834
is_linear=0
shrinkage=0.03


Tree=196
num_leaves=15
num_cat=0
split_feature=16 6 1 7 4 14 10 8 6 2 13 8 13 8
split_gain=11.3896 15.7771 15.0938 13.6895 19.2693 16.0399 15.8474 11.0256 11.9144 24.5613 14.6755 20.6851 19.5679 22.657
threshold=-0.5 0.058495308360312949 0.039991640778068056 0.78723596526794792 -0.053343439530131868 0.018625304609527164 0.56358057419047813 0.10452692410842009 0.0092282360040068529 -0.0090485693781934256 0.19083649633507396 -0.015347651211240486 0.115883253265207 1.0000000180025095e-35
decision_type=2 2 2 2 2 2 2 2 2 2 2 2 2 2
left_child=2 -2 3 5 -5 7 -7 8 9 -1 12 -12 13 -10
right_child=1 -3 -4 4 -6 6 -8 -9 10 -11 11 -13 -14 -15
leaf_value=0.023951405661832761 0.0011158289912269709 -0.011000215859536869 0.0081122053288912033 0.013248342038992514 -0.0037120425691327635 -0.0022606403955962914 0.013150758974343729 -0.014707734355145611 -0.0074736648880587252 0.00019694652791593412 0.014112092623332293 -0.0038990116645093434 -0.013493387697617574 0.008019071366919605
leaf_weight=50.2963587641716 6761.0041693598032 96.143057689070702 148.02175951004028 60.330095484852791 1906.6898858472705 94.046553328633308 161.62711310386658 47.431921377778053 194.70746895670891 156.26265731453896 103.25221116840839 124.74434415996075 158.28165510296822 147.55444476008415
leaf_count=207 29531 463 639 271 8449 419 711 214 864 652 443 551 717 658
internal_value=0.000242193 0.000942794 -0.00119019 -0.00162458 -0.00317893 0.000845807 0.00750831 -0.000899637 -0.00016934 0.00615529 -0.00197447 0.00430942 -0.00484253 -0.000786721
internal_weight=10210.4 6857.15 3353.25 3205.22 1967.02 1238.2 255.674 982.531 935.099 206.559 728.54 227.997 500.544 342.262
internal_count=44789 29994 14795 14156 8720 5436 1130 4306 4092 859 3233 994 2239 1522
is_linear=0
shrinkage=0.03


Tree=197
num_leaves=15
num_cat=0
split_feature=7 7 12 7 12 6 5 12 3 13 18 18 13 12
split_gain=8.38815 18.1709 17.5929 30.949 26.3427 23.6927 21.1144 16.7965 23.6246 28.449 18.5121 43.5544 39.6054 43.7534
threshold=0.79610149313364886 0.76667768680130888 -0.11467240323493715 0.89259034635530365 -0.28868627450980383 0.024357255202295029 0.030557276433025752 -0.054074073162743035 0.12559740733454033 0.10483463480446011 6.3924337605572017 6.6977727819087143 0.19489205874697438 -0.081299602454035322
decision_type=2 2 2 2 2 2 2 2 2 2 2 2 2 2
left_child=1 7 3 -2 -5 -4 -6 8 9 -1 -11 -12 13 -13
right_child=2 -3 5 4 6 -7 -8 -9 -10 10 11 12 -14 -15
leaf_value=0.0014511974151394712 -0.0053441856626316054 0.0069044016350536981 -0.0026484890608972234 -0.013438606752858165 0.0067508445361135847 0.0035070158506146144 -0.0041477805798286723 0.003891795608561858 0.011042680569521733 -0.00025158564408851616 -0.018373236075014638 -0.021945285868162676 0.0037433391812779285 0.011235210034118242
leaf_weight=1311.3381720408797 414.83915363252163 409.86983959376812 3987.0452827885747 71.322182685136795 1041.5620358586311 653.42982587218285 187.55877365171909 856.104282528162 138.36472690105438 466.11647793650627 238.52139730751514 140.1840346455574 311.10598874092102 46.390317797660828
leaf_count=5724 1793 1773 17591 340 4432 2951 888 3672 607 1980 1079 660 1367 217
internal_value=-0.000148207 0.000943301 -0.000821151 0.00177354 0.0040488 -0.00178059 0.00508372 0.000243303 -0.00093652 -0.00160417 -0.00493346 -0.00788902 -0.00281086 -0.0136635
internal_weight=10273.8 3918 6355.76 1715.28 1300.44 4640.48 1229.12 3508.13 2652.02 2513.66 1202.32 736.202 497.68 186.574
internal_count=45074 17079 27995 7453 5660 20542 5320 15306 11634 11027 5303 3323 2244 877
is_linear=0
shrinkage=0.03


Tree=198
num_leaves=15
num_cat=0
split_feature=3 10 6 18 7 3 9 10 6 9 7 10 18 9
split_gain=10.3229 31.3032 37.6632 29.8445 19.6021 16.032 19.6629 23.836 24.1278 23.0158 16.1246 20.3941 16.5439 13.1
threshold=-0.068308719208429611 0.31600977367763022 0.010265994390075592 5.9583291565361938 0.93840376547843685 -0.033251952193183547 0.0073028877978948423 1.1278931272709143 0.012725388598868745 -0.061269160684875916 0.99781622664791614 0.96853380214408225 6.7238289157415032 0.031771951394546145
decision_type=2 2 2 2 2 2 2 2 2 2 2 2 2 2
left_child=1 -1 -3 -4 -5 6 7 9 -9 -2 11 -8 13 -12
right_child=5 2 3 4 -6 -7 10 8 -10 -11 12 -13 -14 -15
leaf_value=0.016794842074064221 -0.011559972916806518 -0.028842268398679059 0.016851757025430576 -0.0069881675715764563 0.002042613583700675 -0.00029611367951635874 -0.0023596178781806541 0.034970673052236251 0.0083028656828001406 0.0056977951005745949 0.0012906827940808649 -0.023724790682677299 -0.0078021312219965135 0.022535528465197425
leaf_weight=67.21990604698658 76.508525714278221 50.377616301178932 63.531999856233597 664.88007654249668 319.06041124463081 7794.2312759906054 244.46698544919491 44.863329730927944 92.887309357523918 614.86991719901562 48.505461990833282 46.265421137213707 50.736175417900085 55.264352262020111
leaf_count=287 334 269 258 2964 1367 34292 1056 213 389 2610 201 213 228 234
internal_value=-0.000127532 -0.00278329 -0.00401039 -0.00276342 -0.00406157 0.000214199 0.00333092 0.00605673 0.0173643 0.0037602 -0.00174949 -0.00589841 0.00603309 0.0128172
internal_weight=10233.7 1165.07 1097.85 1047.47 983.94 9068.6 1274.37 829.129 137.751 691.378 445.238 290.732 154.506 103.77
internal_count=44915 5145 4858 4589 4331 39770 5478 3546 602 2944 1932 1269 663 435
is_linear=0
shrinkage=0.03


Tree=199
num_leaves=15
num_cat=0
split_feature=16 1 15 8 5 4 8 18 11 13 13 15 15 12
split_gain=13.9409 15.661 16.8411 28.2954 16.1566 14.766 23.9085 18.2984 23.795 25.6478 18.4267 15.7722 20.1847 21.733
threshold=-0.37940952255126059 0.039991640778068056 0.0046391140855384103 -0.097595778273967052 0.018761017587290211 -0.005296269617854509 -0.12192488087997221 6.1479677970287456 49.116800222157842 0.046823135943340539 0.28445218879921746 0.0012783265949449787 -0.017925318242955509 -0.048601221322858816
decision_type=2 2 2 2 2 2 2 2 2 2 2 2 2 2
left_child=1 2 -1 -4 -5 6 -2 8 -7 -10 -11 12 -8 -14
right_child=5 -3 3 4 -6 7 11 -9 9 10 -12 -13 13 -15
leaf_value=-0.00077140341039711043 -0.010463649423453097 0.0072765234463821465 0.014825399840799867 -0.0039076227999394874 -0.012751260460856546 -0.0074597949268540064 0.0060822451535825824 -0.0014187750720717016 -0.012192423375810229 0.0076597887108547152 -0.010684694410432101 0.007979299150687999 -0.0018693810504920906 0.017746337724033934
leaf_weight=2751.4722555279732 115.10180547833443 172.21902537345886 55.745508402585983 551.3033605068922 280.78768023848534 160.01307418942451 644.39047294855118 3151.2727209478617 69.847161516547203 778.292804017663 50.889697954058647 522.9682030826807 907.6451585739851 51.846285045146942
leaf_count=12141 488 743 233 2396 1289 655 2804 14132 286 3205 216 2257 3980 230
internal_value=-7.44851e-05 -0.00151257 -0.00193226 -0.00552 -0.00691531 0.000775236 0.00274078 -0.0002722 0.00313578 0.00503399 0.00651093 0.00346454 0.00198433 -0.000774733
internal_weight=10263.8 3811.53 3639.31 887.837 832.091 6452.27 2241.95 4210.32 1059.04 899.03 829.183 2126.85 1603.88 959.491
internal_count=45055 16802 16059 3918 3685 28253 9759 18494 4362 3707 3421 9271 7014 4210
is_linear=0
shrinkage=0.03


Tree=200
num_leaves=15
num_cat=0
split_feature=9 6 18 12 13 15 12 11 10 18 9 14 8 10
split_gain=11.093 8.50694 35.0724 18.9298 18.7787 17.5152 17.2288 16.7722 16.2714 22.6554 24.8669 17.615 21.9864 17.8855
threshold=-0.12689575870448819 0.024138821340893474 6.4740129853741406 -0.13600441096659452 0.59698912834870577 -0.025538145197604219 -0.28868627450980383 51.354206952048905 0.87077422466392818 7.4287023999524679 -0.0014605499943264875 0.10551888441487468 0.0040433671485364817 1.8631883493763051
decision_type=2 2 2 2 2 2 2 2 2 2 2 2 2 2
left_child=-1 6 -3 4 5 -4 -2 -7 -5 10 -10 12 13 -12
right_child=1 2 3 8 -6 7 -8 -9 9 -11 11 -13 -14 -15
leaf_value=0.01091632368702459 -0.013435928016314259 0.01741028249667782 -0.021031531091501351 0.015371518687226344 0.0057164568748007717 -0.00083503429637222495 -0.00032399571811188586 -0.014837813574952386 0.017133023620858473 -0.0056684663632701193 -0.016190831419537192 -0.0054438243171635028 0.016252295144372136 0.0092154763360305873
leaf_weight=81.149577081203461 89.164796732366085 119.47072467207909 58.645153105258942 93.223436579108238 164.67795665562153 359.78840297460556 8465.1773322671652 96.035247996449471 126.17662073671818 226.62267075479031 46.03930951654911 166.18321332335472 115.42127095162868 49.980766832828522
leaf_count=346 422 501 261 394 757 1581 36998 447 547 1073 206 749 513 224
internal_value=3.19748e-06 -8.59531e-05 0.00190445 0.000650249 -0.00305277 -0.00587101 -0.000463774 -0.00383714 0.00370361 0.00217654 0.00571388 0.00182822 0.00754116 -0.00304804
internal_weight=10257.8 10176.6 1622.26 1502.79 679.147 514.469 8554.34 455.824 823.647 730.424 503.801 377.625 211.441 96.0201
internal_count=45019 44673 7253 6752 3046 2289 37420 2028 3706 3312 2239 1692 943 430
is_linear=0
shrinkage=0.03


Tree=201
num_leaves=15
num_cat=0
split_feature=4 16 0 16 13 13 10 12 1 5 2 11 6 6
split_gain=7.86117 20.6149 7.5953 8.45058 14.6697 13.8626 14.564 14.4312 13.775 13.4039 12.9636 14.5101 11.249 21.793
threshold=0.10945100570595125 -0.25881904510252113 0.015139513036162873 -0.5 0.37119146496876293 0.24209106693355167 1.0709780293873326 -0.11768506598004501 0.022482020264058881 0.022386405139754876 -0.01518410893906008 59.895146177600843 0.01099270702449979 0.015011470498888306
decision_type=2 2 2 2 2 2 2 2 2 2 2 2 2 2
left_child=2 -2 3 4 5 8 7 -7 12 -9 -6 -12 -1 -14
right_child=1 -3 -4 -5 10 6 -8 9 -10 -11 11 -13 13 -15
leaf_value=0.0020606418756790408 0.021677065726765522 -0.0028346884707510676 -0.0030377884958351893 0.00089847678692922658 0.015540214599931918 -0.01168832685220386 -0.014651523315898154 0.017008182370203767 0.008232425190102954 -0.0032048912850836352 -0.0053273897469087788 0.011979056364246477 -0.0071415436121494398 -0.00014496011832137694
leaf_weight=621.85412133485079 51.665595933794975 71.789318755269051 667.76185600459576 6322.0385094508529 81.361932754516602 82.415644988417625 139.81212270259857 45.138189628720284 139.62419067323208 77.691494673490524 113.28722842037678 68.146189421415329 619.741216622293 1127.0930006504059
leaf_count=2701 218 320 2940 27641 349 360 661 198 609 350 524 302 2871 4859
internal_value=0.000141974 0.00760546 4.93126e-05 0.000268325 -0.00100987 -0.0016357 -0.0072556 -0.00212475 -0.000857429 0.00437662 0.0057462 0.00123263 -0.00139973 -0.00263253
internal_weight=10229.4 123.455 10106 9438.2 3116.17 2853.37 345.057 205.245 2508.31 122.83 262.795 181.433 2368.69 1746.83
internal_count=44903 538 44365 41425 13784 12609 1569 908 11040 548 1175 826 10431 7730
is_linear=0
shrinkage=0.03


Tree=202
num_leaves=15
num_cat=0
split_feature=6 12 15 15 9 13 9 10 3 7 10 6 6 6
split_gain=9.12747 20.9587 25.0418 26.2108 25.3964 27.3518 37.7834 30.4561 24.8131 24.1193 24.0006 26.1393 24.8922 23.6394
threshold=0.015011470498888306 -0.0367892976588629 0.00041296212129360304 0.021865761350377436 0.006672010679922514 0.097511153791501451 -0.030242902444717081 0.76747083486136469 0.053404515334724463 1.3463147523232268 1.3521031872398031 0.0055120955827895968 0.01330741619121922 0.012915298243430145
decision_type=2 2 2 2 2 2 2 2 2 2 2 2 2 2
left_child=1 2 4 8 5 7 -7 -1 -4 10 11 -3 -13 -6
right_child=-2 9 3 -5 13 6 -8 -9 -10 -11 -12 12 -14 -15
leaf_value=0.0074921933129416642 0.00094210434097491424 -0.0068381920970740266 0.0024707087912581435 -0.014726139330529346 -0.015457889177252996 -0.026311684877826987 -0.0014034285000879331 -0.004190483112160164 -0.0094088160492189557 0.022849297071043599 -0.010533104365044729 0.0082965080922690945 -0.005888804119779276 -0.002144226188100892
leaf_weight=325.17758072912693 5722.3691395521164 180.65421564877033 1527.8258759528399 95.811197623610497 309.92055547982454 89.470194891095161 137.3550761193037 518.07141993194818 174.52724824845791 49.016284808516502 124.77820740640163 628.71327863633633 133.69203229248524 196.29050549864769
leaf_count=1393 24986 763 6582 468 1463 401 624 2442 803 204 544 2664 598 910
internal_value=0.00014773 -0.00086435 -0.00204319 0.000376888 -0.0048009 -0.00217371 -0.0113725 0.000321713 0.00124319 0.00269467 0.00172854 0.00336977 0.00580014 -0.0103241
internal_weight=10213.7 4491.3 3374.45 1798.16 1576.29 1070.07 226.825 843.249 1702.35 1116.85 1067.84 943.06 762.405 506.211
internal_count=44845 19859 15086 7853 7233 4860 1025 3835 7385 4773 4569 4025 3262 2373
is_linear=0
shrinkage=0.03


Tree=203
num_leaves=15
num_cat=0
split_feature=13 17 5 2 10 12 12 13 9 2 9 18 4 18
split_gain=9.20138 22.9101 17.8577 16.2509 19.9288 15.086 26.3627 28.702 18.7646 18.0453 15.748 14.6205 14.1846 14.0867
threshold=0.065537166156423257 -0.37940952255126015 0.0037308190264109258 0.0073671194865885256 1.0950924738313559 -0.074925287568965757 -0.11387614973445169 0.042018253881424446 -0.067694107927580502 -0.019247444004490296 -0.057983484504717984 6.8599106008785951 -0.0014538628237391047 8.6109170058139899
decision_type=2 2 2 2 2 2 2 2 2 2 2 2 2 2
left_child=1 3 5 4 -1 6 10 -8 -7 -9 -3 -6 -11 -2
right_child=13 2 -4 -5 11 8 7 9 -10 12 -12 -13 -14 -15
leaf_value=0.009168773895788818 -0.00060554938731339515 -0.010682762077162551 -0.0098153060107093494 -0.0033081634113993493 0.0058976830357549224 0.021683550022671073 -0.012339598992860653 -0.0087305509986285567 0.0027468186869222542 0.020930338061761321 0.0034398210952782159 -0.010896035014730417 0.00035873056752649696 -0.01561548084714378
leaf_weight=644.46004780381918 7301.9322216361761 76.8258186429739 172.27642087638378 176.26352709531784 97.341100990772247 52.068939357995987 310.01889752596617 79.919958218932152 372.18708954751492 52.159468337893486 723.95851615071297 86.07537803798914 68.254977941513062 54.713855475187302
leaf_count=2747 32167 329 746 758 415 222 1395 354 1625 226 3158 397 292 267
internal_value=-0.000156434 0.00127045 -0.00066078 0.00493344 0.00669191 0.000258263 -0.00133385 -0.00664896 0.00516176 0.00219227 0.00206169 -0.00201595 0.00946603 -0.000721397
internal_weight=10268.5 2911.81 1907.67 1004.14 827.877 1735.39 1311.14 510.353 424.256 200.334 800.784 183.416 120.414 7356.65
internal_count=45098 12664 8347 4317 3559 7601 5754 2267 1847 872 3487 812 518 32434
is_linear=0
shrinkage=0.03


Tree=204
num_leaves=15
num_cat=0
split_feature=9 6 18 7 6 11 9 9 7 9 6 3 7 15
split_gain=12.0402 9.52074 24.6323 15.6183 24.7965 21.1401 17.7194 15.176 28.2626 22.4325 28.0774 21.2205 17.2019 24.3495
threshold=-0.15775646232701276 0.023929185959707926 6.4671285021925105 0.39254883623050557 0.015595462894553184 56.317071007598877 0.026210111076313606 0.006672010679922514 0.6081465033394946 0.03115856335638895 0.02756828598878831 0.34375298588291098 1.1443894918651549 -0.019728057666833717
decision_type=2 2 2 2 2 2 2 2 2 2 2 2 2 2
left_child=-1 3 -3 4 5 6 -2 12 -9 11 -11 -10 13 -4
right_child=1 2 7 -5 -6 -7 -8 8 9 10 -12 -13 -14 -15
leaf_value=0.015064881231977075 0.0088628961866317087 0.015337003982687902 -0.013157933504237353 -0.00019740702925472346 -0.023226134926315457 -0.013990973979370448 -0.011584243630621265 -0.025552526816027318 -0.0071987714432896373 0.019604522993236031 -0.003105481838719349 0.010410388065757089 0.008988477477439678 0.0033802195121453616
leaf_weight=45.601750120520592 134.15273760259151 114.29588159918785 96.677388325333595 8184.0282284468412 64.119671776890755 96.925056710839272 51.080568566918373 42.038754463195801 379.60750487446785 92.009968712925911 101.34996464848518 71.620190888643265 332.83134619891644 424.13602125644684
leaf_count=193 577 479 423 35790 295 449 232 192 1782 396 451 329 1494 1858
internal_value=1.21727e-05 -5.81688e-05 0.00202308 -0.000462235 -0.00668418 -0.00278805 0.00316081 0.00101652 -0.00230012 -0.000709295 0.0077911 -0.00437019 0.00368338 0.000271689
internal_weight=10230.5 10184.9 1654.57 8530.31 346.278 282.158 185.233 1540.27 686.626 644.588 193.36 451.228 853.645 520.813
internal_count=44940 44747 7404 37343 1553 1258 809 6925 3150 2958 847 2111 3775 2281
is_linear=0
shrinkage=0.03


Tree=205
num_leaves=15
num_cat=0
split_feature=7 7 13 10 11 7 14 11 5 7 13 10 15 6
split_gain=6.51205 11.5852 22.9073 11.6374 19.1646 18.9173 8.43586 15.3774 7.99561 17.9367 26.3916 26.7685 25.728 35.9979
threshold=2.2162349504240297 1.8256600406723504 0.3176960873363957 2.9266881979313846 54.63724969646389 1.6749971174724869 -0.10565101184051405 34.904577656798502 0.015406535730425943 1.0088293315620114 0.097511153791501451 0.8322326787158042 -0.01807854320704649 0.017085745347533463
decision_type=2 2 2 2 2 2 2 2 2 2 2 2 2 2
left_child=1 3 -3 5 -5 6 7 -1 9 -8 11 -11 -12 -14
right_child=-2 2 -4 4 -6 -7 8 -9 -10 10 12 -13 13 -15
leaf_value=0.0040702087190016513 -0.0087278855305671799 0.018303743928726808 -0.0043142107657164926 -0.0052963620592320305 0.018057967025592748 -0.014273054975631265 -0.00032453793342487929 -0.014107180351346581 -0.0011575443455151327 0.0091806344499189372 0.015254073518329506 -0.0018152241196618384 0.019632275192539215 -0.0036531468319007995
leaf_weight=69.808526664972305 74.911303982138634 86.263925403356552 73.005927547812462 51.360378742218018 77.336037084460258 83.365130022168159 4566.3757385537028 100.06545597314835 3338.3352180868387 254.4665060788393 268.33882880210876 891.34630531072617 79.212611019611359 224.446533203125
leaf_count=294 348 377 335 242 347 381 19861 448 14935 1069 1140 3947 338 928
internal_value=-3.13121e-05 3.44902e-05 0.00801122 -9.40744e-05 0.00879926 -0.000211726 -8.91287e-05 -0.00667687 2.85332e-05 0.000658778 0.00327002 0.00063852 0.00852079 0.00250981
internal_weight=10238.6 10163.7 159.27 10004.5 128.696 9875.76 9792.4 169.874 9622.52 6284.19 1717.81 1145.81 571.998 303.659
internal_count=44990 44642 712 43930 589 43341 42960 742 42218 27283 7422 5016 2406 1266
is_linear=0
shrinkage=0.03


Tree=206
num_leaves=15
num_cat=0
split_feature=6 12 3 9 6 10 12 10 13 10 6 10 3 8
split_gain=7.21869 21.9718 13.5866 32.6725 25.527 40.4966 27.0029 23.3818 20.6056 25.2387 20.4187 34.0432 23.1057 21.8611
threshold=0.01970685084849046 -0.28868627450980383 -0.031556827909288925 -0.061269160684875916 0.010191620026182334 0.30524135688240334 -0.20535986182889679 0.76050664657066003 0.11823702905146673 0.9878638626102958 0.010191620026182334 0.39054121117121005 -0.05581921580952031 0.032633497725594658
decision_type=2 2 2 2 2 2 2 2 2 2 2 2 2 2
left_child=1 -1 3 7 5 -4 -6 -3 -7 -10 11 -5 -13 -12
right_child=-2 2 4 10 6 8 -8 -9 9 -11 13 12 -14 -15
leaf_value=-0.018601603387741274 0.0013223699734825343 -0.027088620196680742 -0.013826803567175895 0.016934844777654487 0.01563576535319796 0.0024331758870461914 -0.0026607844367268299 -0.0023353159412090804 0.022853965698078953 -0.00017961945919849247 0.0066696038506201131 -0.024816630139587445 -0.0021172114850072496 -0.0016357187132976262
leaf_weight=57.322558961808681 3051.3681740909815 52.792880713939667 125.0472297668457 45.38119949400425 72.050971612334251 1148.6376757323742 3778.1589487791061 93.168728448450565 102.68105472624302 72.390471696853638 1061.3197025507689 69.315328605473042 93.926395192742348 388.865065574646
leaf_count=286 13410 226 561 189 323 4857 16789 420 429 309 4593 363 414 1691
internal_value=0.000100981 -0.000419684 -0.000267774 0.00197898 -0.00103345 0.00235881 -0.00231045 -0.0115335 0.00390638 0.0134353 0.00318042 -0.00555737 -0.0119395 0.00444336
internal_weight=10212.4 7161.06 7103.74 1804.77 5298.97 1448.76 3850.21 145.962 1323.71 175.072 1658.81 208.623 163.242 1450.18
internal_count=44860 31450 31164 7896 23268 6156 17112 646 5595 738 7250 966 777 6284
is_linear=0
shrinkage=0.03


Tree=207
num_leaves=15
num_cat=0
split_feature=9 14 7 9 12 12 12 11 11 7 7 10 16 8
split_gain=8.59334 6.10381 23.4322 22.0607 17.9893 17.4495 22.9733 20.127 19.866 18.1756 16.5951 16.2583 15.1511 14.4421
threshold=-0.12689575870448819 0.019154773860230793 0.8045074113856151 0.012581729690193945 -0.15419155371552748 -0.06079953676896354 -0.14444813516915997 68.052193004493901 67.662413318850056 1.6749971174724869 1.4874384365051936 0.9103656599865203 -0.25881904510252113 0.0040433671485364817
decision_type=2 2 2 2 2 2 2 2 2 2 2 2 2 2
left_child=-1 13 3 -3 -5 6 -4 -8 9 10 12 -10 -7 -2
right_child=1 2 5 4 -6 8 7 -9 11 -11 -12 -13 -14 -15
leaf_value=0.0094963051621914027 0.0006269610457746731 0.001168051156828527 -0.0072588992758780228 -0.0044637900594502846 0.01402878523109507 -0.010206204060334487 0.0063429666113674708 -0.011661584484643286 -0.013497425451325765 -0.02151171649659744 0.011053548896331089 0.0050581807079633874 -0.0017476627779849704 -0.002111036001259785
leaf_weight=83.58057077229023 4096.5494930669665 475.64127399027348 170.31706613302231 55.380936354398727 293.80888618528843 324.80062256753445 687.97439712285995 58.979190737009048 46.419920220971107 55.915032833814621 58.527267634868622 348.57830263674259 459.7356141358614 3003.316452331841
leaf_count=356 17797 2077 790 256 1278 1487 3015 254 201 265 273 1535 2066 13244
internal_value=2.98127e-05 -5.01056e-05 0.00107526 0.00538394 0.0110872 -0.000535358 0.00262658 0.00489399 -0.00277738 -0.00523782 -0.00411012 0.00282053 -0.00526657 -0.000531508
internal_weight=10219.5 10135.9 3036.08 824.831 349.19 2211.25 917.271 746.954 1293.98 898.979 843.064 394.998 784.536 7099.87
internal_count=44894 44538 13497 3611 1534 9886 4059 3269 5827 4091 3826 1736 3553 31041
is_linear=0
shrinkage=0.03


Tree=208
num_leaves=15
num_cat=0
split_feature=18 10 6 13 13 12 13 12 5 9 10 18 15 9
split_gain=8.70168 15.6425 15.9356 15.5971 17.393 17.1318 27.4859 24.106 20.5347 12.9907 26.3799 19.5513 15.9668 15.6347
threshold=6.251231540653241 1.6322228588466168 0.016432757107854929 0.34904040188114577 0.28445218879921746 -0.21418528988389238 0.085228648470173987 -0.17142465324034153 -0.0086034790392551224 -0.057983484504717984 0.91895372704355116 7.1702465478960953 0.0028936829714512062 -0.025558351333482023
decision_type=2 2 2 2 2 2 2 2 2 2 2 2 2 2
left_child=1 3 -3 4 5 6 -1 8 -7 10 11 -2 -12 -11
right_child=9 2 -4 -5 -6 7 -8 -9 -10 13 12 -13 -14 -15
leaf_value=-0.0032053006828196696 -0.023542981305526053 0.00095257238265205604 -0.0190395397478344 0.018014872939604822 -0.013923735781240404 0.0017521597212995939 0.026752803851972328 0.0020117904857965413 -0.024295566509247218 0.0028777515334428901 -0.0042908199802601209 -0.00066929523203781581 0.01581407364379538 -0.00098837540408081839
leaf_weight=49.079015105962753 96.653400912880898 77.060262948274612 64.86019104719162 50.570079460740089 62.161001905798912 49.750221312046051 59.763222277164459 2332.9534433782101 57.531707376241684 1114.8457158654928 121.13773506879807 51.208186417818069 48.004637569189072 5992.092706374824
leaf_count=208 423 332 275 213 261 204 253 9588 249 4868 548 231 202 27084
internal_value=-0.000109468 0.00131387 -0.0083218 0.00183349 0.00150656 0.00189346 0.01343 0.00136832 -0.0124054 -0.000647218 -0.0065698 -0.0157359 0.00153331 -0.000381268
internal_weight=10227.7 2803.73 141.92 2661.81 2611.24 2549.08 108.842 2440.24 107.282 7423.94 317.004 147.862 169.142 7106.94
internal_count=44939 11583 607 10976 10763 10502 461 10041 453 33356 1404 654 750 31952
is_linear=0
shrinkage=0.03


Tree=209
num_leaves=15
num_cat=0
split_feature=16 13 18 4 1 5 7 3 10 13 10 12 7 13
split_gain=7.75864 18.1437 16.1112 16.0573 17.0058 15.5609 15.0376 13.761 22.1131 26.0487 20.1885 19.2106 17.2563 22.3544
threshold=-0.37940952255126059 0.37119146496876293 8.1485013757016684 -0.034205406479254845 0.046551142542141578 -0.0036088602096080997 1.6749971174724869 0.10139353864012569 0.8909900389130081 0.26025393566604965 2.6934304668178561 -0.025080990973044944 1.32512721246134 0.13236299625146811
decision_type=2 2 2 2 2 2 2 2 2 2 2 2 2 2
left_child=1 2 3 -1 6 -4 -5 10 9 -9 11 12 -2 -14
right_child=7 -3 5 4 -6 -7 -8 8 -10 -11 -12 -13 13 -15
leaf_value=0.0055354677051950912 0.00092860105130653794 0.0051622419196143349 -0.024470553209215755 -0.0019536461067765258 0.012425971311198309 -0.0033307671466173941 -0.017002242395050809 -0.0071271288502280658 -0.005299462950301129 0.012990962825218491 0.015959714428916884 0.0066468009266908903 -0.014201600383459922 0.0032983360673861759
leaf_weight=283.18837608397007 4653.1342269852757 386.35793302953243 51.413847342133522 2870.5735212340951 70.673233315348625 77.650066763162613 59.079485520720482 93.005691111087799 703.29376383125782 147.2781947478652 81.274930715560913 502.9449301213026 154.85975961387157 111.94978594779968
leaf_count=1214 20226 1714 252 12665 305 351 271 414 3329 644 345 2132 675 485
internal_value=9.21459e-05 -0.00098301 -0.00168137 -0.00126884 -0.00191433 -0.0119969 -0.00226851 0.000725724 -0.00261801 0.00520938 0.00129968 0.00107416 0.000502027 -0.00688895
internal_weight=10246.7 3798.94 3412.58 3283.51 3000.33 129.064 2929.65 6447.74 943.578 240.284 5504.16 5422.89 4919.94 266.81
internal_count=45022 16772 15058 14455 13241 603 12936 28250 4387 1058 23863 23518 21386 1160
is_linear=0
shrinkage=0.03


Tree=210
num_leaves=15
num_cat=0
split_feature=4 7 6 15 2 6 10 5 18 15 13 15 13 18
split_gain=7.31105 16.0094 16.5721 27.6609 19.1408 17.2684 26.414 26.7101 20.0088 18.7266 27.161 34.2086 28.0714 25.8667
threshold=-0.0043829727347348127 1.8256600406723504 0.0081811989106395453 -0.016479919178496335 -0.014617005585436214 0.012379719826636796 0.41035281609034197 -0.005386552213490269 5.9583291565361938 -0.017925318242955509 0.33821562586961246 -0.0037222271624068877 0.065537166156423257 6.5284329228414988
decision_type=2 2 2 2 2 2 2 2 2 2 2 2 2 2
left_child=1 2 3 -1 -5 6 -4 8 -8 -7 12 -12 -11 -14
right_child=-2 -3 5 4 -6 9 7 -9 -10 10 11 -13 13 -15
leaf_value=-0.011519263196860353 -0.0009195696787295853 0.015905960958527109 0.012544175769909039 0.025934598749935655 0.0047371607094202767 0.0046141829161783022 0.0026396106728038804 0.0059625518780039724 -0.01289218959146717 0.0027459593098601901 -0.010457475507083385 0.015112574448917051 0.0013690113283910026 -0.0078568132709052399
leaf_weight=44.685071133077145 6236.8511823713779 59.525767266750336 71.913812786340714 72.174279168248177 81.644802376627922 899.55197184532881 92.650420278310776 121.12995104491711 369.64988438785076 774.02655228227377 61.091515615582466 187.34589007496834 423.17867131531239 768.63062858581543
leaf_count=251 27510 269 303 303 337 3867 380 528 1797 3291 277 830 1785 3400
internal_value=-0.0002763 0.000719882 0.000484151 0.0088883 0.0148885 3.7065e-05 -0.00438155 -0.00650354 -0.00978147 0.000969234 -0.00051436 0.00879152 -0.00169815 -0.00458417
internal_weight=10264.1 4027.2 3967.67 198.504 153.819 3769.17 655.344 583.43 462.3 3113.83 2214.27 248.437 1965.84 1191.81
internal_count=45128 17618 17349 891 640 16458 3008 2705 2177 13450 9583 1107 8476 5185
is_linear=0
shrinkage=0.03


Tree=211
num_leaves=15
num_cat=0
split_feature=13 17 6 9 10 10 3 3 7 6 4 2 9 5
split_gain=9.43236 21.5587 16.1647 14.356 24.3855 17.9123 19.3213 19.0533 14.083 13.9088 26.1909 13.3081 20.8989 13.1684
threshold=0.065537166156423257 -0.78656609248549325 0.017905166096593993 -0.067694107927580502 0.75661565437224432 0.73787525994934133 -0.065433996530791502 -0.093989305830015843 0.39254883623050557 0.0085478915427458675 0.002039354530679272 -0.0021092604735741534 -0.010664475081872736 -0.056970075644560851
decision_type=2 2 2 2 2 2 2 2 2 2 2 2 2 2
left_child=1 -1 3 4 -3 6 -5 -7 11 10 -8 12 -2 -4
right_child=8 2 13 5 -6 7 9 -9 -10 -11 -12 -13 -14 -15
leaf_value=0.0070129724233290325 0.014786920062650349 -0.0069835725610649718 -0.0013211374728608336 0.011605003357465744 0.017099667079904925 -0.019539731737361198 0.011748654027494265 -0.0029583436939654953 -0.00013169626371859944 -0.0038279320289030046 -0.0092434475061873144 -0.014101729979323603 -0.011547545476747457 0.0103263545610139
leaf_weight=545.44955327361822 47.181483000516891 59.72806678712368 136.64526842534542 149.33214500546455 97.23183585703373 64.797462448477745 169.9888104647398 966.4461147710681 7088.8780589178205 391.04059049487114 75.898631736636162 126.37211714684963 58.467633843421936 238.19092971086502
leaf_count=2340 201 250 580 654 421 334 694 4349 31225 1674 320 606 268 983
internal_value=0.000202499 0.00165157 0.000401879 -0.000684146 0.00796269 -0.00143882 0.00196923 -0.00403603 -0.000370771 -0.000319203 0.00524668 -0.00761161 0.0002693 0.00609582
internal_weight=10215.6 2894.75 2349.3 1974.46 156.96 1817.5 786.26 1031.24 7320.9 636.928 245.887 232.021 105.649 374.836
internal_count=44899 12599 10259 8696 671 8025 3342 4683 32300 2688 1014 1075 469 1563
is_linear=0
shrinkage=0.03


Tree=212
num_leaves=15
num_cat=0
split_feature=9 17 13 10 18 12 7 18 18 12 12 12 18 13
split_gain=7.97167 19.3941 14.0134 26.0244 18.8407 18.534 13.5918 14.941 15.2545 13.116 12.129 23.7799 19.412 27.8709
threshold=0.016901970343637111 -0.78656609248549325 0.12445125781921486 0.50790261734796682 6.0116149242737542 -0.032166488791567131 0.8447267684232268 6.685277616017081 6.4295203484336083 -0.13064112037314982 -0.083661993426590683 -0.11911601664129522 7.3144545707026909 0.21848654886843991
decision_type=2 2 2 2 2 2 2 2 2 2 2 2 2 2
left_child=-1 -2 6 -4 5 -5 7 8 -3 -8 11 12 13 -6
right_child=1 2 3 4 10 -7 9 -9 -10 -11 -12 -13 -14 -15
leaf_value=0.00063547279814174279 0.0034780809834566253 -0.0018682462208007159 -0.011558128907670497 0.026168208325305704 0.0071591286297157707 0.00056769939577245611 0.0013477771389759567 0.0048871359616586832 -0.016863141273620846 -0.010301442887058383 -0.0021625194322676998 0.014009630575219308 0.014044803205554976 -0.020981389925557023
leaf_weight=7271.5719220340252 625.23743316531181 267.74103752523661 157.20181223750114 50.316807582974434 55.343129932880402 49.740621343255043 106.48250023275614 204.43485886603594 77.342293962836266 462.85104192793369 656.35815668106079 141.33785760402679 44.55069138109684 69.693956717848778
leaf_count=31814 2750 1141 715 207 240 204 473 928 357 2074 2989 615 208 318
internal_value=0.000100672 -0.00120885 -0.00246126 -0.000242294 0.00144284 0.0137022 -0.00488508 -0.00151043 -0.0053068 -0.0081256 0.00014906 0.00501139 -0.0025638 -0.00860939
internal_weight=10240.2 2968.63 2343.39 1224.54 1067.34 100.057 1118.85 549.518 345.083 569.334 967.284 310.926 169.588 125.037
internal_count=45033 13219 10469 5496 4781 411 4973 2426 1498 2547 4370 1381 766 558
is_linear=0
shrinkage=0.03


Tree=213
num_leaves=15
num_cat=0
split_feature=16 4 15 8 6 3 12 18 13 15 12 7 6 13
split_gain=7.59975 19.953 17.1705 23.3386 16.5495 19.705 14.7123 15.595 15.2626 19.3778 14.076 14.6621 24.0156 15.518
threshold=-0.37940952255126059 0.060144974976986017 0.00456560415290408 -0.097595778273967052 0.031143887546373993 0.047013283676839761 -0.13600441096659452 8.3290862474165639 0.04363993804360778 -0.017925318242955509 -0.084334132395361791 0.82849245643320291 0.015657644555616582 0.12843037215772338
decision_type=2 2 2 2 2 2 2 2 2 2 2 2 2 2
left_child=1 2 6 -4 5 -5 8 10 9 -1 -8 12 13 -12
right_child=-2 -3 3 4 -6 -7 7 -9 -10 -11 11 -13 -14 -15
leaf_value=-0.013078836475654136 0.0007668463843605466 0.0098230069934587289 0.01337657621630408 -0.0041056075001599775 0.0095978394040725848 -0.014204240555130119 0.0046353418592064164 -0.01211727400099776 -0.0068858992970038365 0.0089287050675981427 0.0036579730537272654 -0.0033043207991708787 0.014352277660497159 -0.010244666787447919
leaf_weight=46.638225853443146 6444.0465948805213 147.41432748734951 57.841709792613983 604.49478732794523 55.782599478960037 243.70876882970333 820.51451795548201 75.055543877184391 471.64291170239449 137.31969584524632 227.62290532886982 681.27945564687252 131.37488132715225 103.44717973470688
leaf_count=226 28266 636 242 2627 256 1134 3568 367 2081 580 986 3067 567 469
internal_value=0.000139235 -0.000923756 -0.00136213 -0.00479865 -0.00598855 -0.00703377 -0.000132956 0.00112432 -0.00403534 0.00326855 0.00164211 -0.000509597 0.00360412 -0.00072152
internal_weight=10248.2 3804.14 3656.72 961.828 903.986 848.204 2694.9 2039.29 655.601 183.958 1964.24 1143.72 462.445 331.07
internal_count=45072 16806 16170 4259 4017 3761 11911 9024 2887 806 8657 5089 2022 1455
is_linear=0
shrinkage=0.03


Tree=214
num_leaves=15
num_cat=0
split_feature=1 15 7 6 15 15 8 6 10 15 4 12 3 12
split_gain=7.71679 14.1616 10.8624 10.2484 24.0949 42.5684 23.8201 18.2787 35.0724 18.1993 20.1098 16.6801 15.9519 13.8978
threshold=-0.0048504541337494591 0.015312418099776794 0.69917951946149237 0.010504519913685961 0.0062516679796376104 0.012844824732842321 0.060672850616791681 0.012301048300262418 1.148650810272543 0.019974007644369077 0.00047259878345051748 -0.07748196711628895 -0.009448014044671103 -0.019027477640984277
decision_type=2 2 2 2 2 2 2 2 2 2 2 2 2 2
left_child=1 -1 -3 4 6 11 -2 8 9 10 -5 -6 -12 -7
right_child=3 2 -4 7 5 13 -8 -9 -10 -11 12 -13 -14 -15
leaf_value=0.00049201437704734727 0.0012462194771189312 0.021256604130348661 0.0047198964742980317 -0.01524511015878801 0.002148857470137387 -0.0071218480019630921 -0.010269092166437935 -0.00071987383448720763 0.010936178130493636 -0.026922110966836749 0.0084130737308847747 0.019555726887258821 -0.0066801868087673173 0.010220399311984051
leaf_weight=3627.6976972073317 716.21340265870094 45.4730394333601 152.18998983502388 181.29964628815651 67.210032403469086 164.86947521567345 206.68219086527824 4350.5251449272037 91.151297464966774 44.89632074534893 83.071172833442688 192.39250293374062 242.16690950095654 53.488186284899712
leaf_count=15934 3113 202 675 837 281 715 896 19222 407 221 361 799 1075 224
internal_value=-0.000145106 0.00092041 0.00869904 -0.000782668 0.00148339 0.00693579 -0.00134926 -0.00141877 -0.00613359 -0.00898452 -0.00729502 0.0151 -0.00279726 -0.00281954
internal_weight=10219.3 3825.36 197.663 6393.97 1400.86 477.96 922.896 4993.11 642.585 551.434 506.538 259.603 325.238 218.358
internal_count=44962 16811 877 28151 6028 2019 4009 22123 2901 2494 2273 1080 1436 939
is_linear=0
shrinkage=0.03


Tree=215
num_leaves=15
num_cat=0
split_feature=8 6 9 18 3 16 9 10 18 2 13 6 9 18
split_gain=8.45467 26.2612 14.2066 18.7832 14.4068 13.1257 12.0796 10.6663 9.42747 17.8946 12.6602 9.14024 8.76911 20.0694
threshold=-0.077814458968608849 0.010425532623872196 -0.019416692609639154 6.2422991208465346 -0.0064041487372595842 0.60355339059327384 -0.04504590878070374 0.68008156658450702 5.4695670626554502 0.013118821327878784 0.067067807881245015 0.012983042009941785 -0.020727726001449755 8.3290862474165639
decision_type=2 2 2 2 2 2 2 2 2 2 2 2 2 2
left_child=1 5 3 6 -4 -1 11 -5 9 10 -2 -3 13 -10
right_child=8 2 4 7 -6 -7 -8 -9 12 -11 -12 -13 -14 -15
leaf_value=0.0085919902035040806 0.0085619930372695819 -0.0070760790543716494 0.008565858923203367 -0.0020376931141912894 -0.0060833193654966176 -0.0050115098369667094 -0.011504330316774765 -0.01839300296552835 0.0023811641545758394 0.016241112451107983 -0.0078732541851326467 0.0090299034117375873 -0.00046578888730086594 -0.012886672536300959
leaf_weight=215.39797048270702 77.892423510551453 49.33555693924427 99.188122302293777 45.325164198875427 147.96797958016396 88.831269323825836 84.025922000408173 180.74852074682713 1949.2517363354564 92.635593056678772 87.367399752140045 81.410189494490623 6923.5336047485471 78.719432026147842
leaf_count=905 317 203 424 201 652 380 344 791 8358 381 366 332 30854 370
internal_value=-7.76885e-05 -0.00270594 -0.00594637 -0.00916227 -0.000182777 0.00461314 -0.00276669 -0.0151606 0.000206008 0.00583855 -0.000117027 0.00293743 4.24648e-05 0.0017764
internal_weight=10201.6 992.231 688.001 440.845 247.156 304.229 214.772 226.074 9209.4 257.895 165.26 130.746 8951.5 2027.97
internal_count=44878 4232 2947 1871 1076 1285 879 992 40646 1064 683 535 39582 8728
is_linear=0
shrinkage=0.03


Tree=216
num_leaves=15
num_cat=0
split_feature=12 18 7 6 10 14 10 5 7 16 6 11 9 6
split_gain=8.83105 37.2449 40.0188 29.6535 32.0725 23.3901 20.1219 15.2621 22.6739 21.6922 19.6263 14.9812 19.9028 19.4467
threshold=-0.16761326236985999 6.7298157540471353 0.60028735648117726 0.022795948833570407 0.47107849898103138 -0.041283067278735423 0.45940736500038126 -0.0076230391030893121 0.67999223222946037 -0.5 0.019613087524005476 40.273306996142544 0.00092796551488089085 0.019435872447037639
decision_type=2 2 2 2 2 2 2 2 2 2 2 2 2 2
left_child=1 2 3 4 -1 -5 -3 8 -4 -10 -11 13 -13 -8
right_child=-2 6 7 5 -6 -7 11 -9 9 10 -12 12 -14 -15
leaf_value=-0.0045018804283490166 0.00055085576526155676 -0.017499102972960371 0.031187176821390772 0.024392578371688713 -0.032133115679391741 -0.00468511505341774 0.018123298526614855 0.00015993701363848931 -0.0045523066198815661 0.027467039043293499 0.0036684578089138703 -0.015430581884189424 -0.0012848472484771835 -0.0031045590631206656
leaf_weight=217.24450671672821 8827.62181789428 129.15816026926041 53.082195192575455 47.873706735670567 44.01881331205368 48.638126581907272 48.495307259261608 98.082386523485184 66.808442622423172 65.863581910729408 59.014990299940109 173.15414495766163 183.901790112257 166.53492112457752
leaf_count=965 38762 605 225 202 213 209 216 414 277 271 246 789 876 715
internal_value=0.000199488 -0.00201072 0.00287782 -0.00413157 -0.00936606 0.00994097 -0.00688924 0.0101739 0.0141528 0.00916223 0.0164554 -0.00444127 -0.00819256 0.00180581
internal_weight=10229.5 1401.87 700.627 357.775 261.263 96.5118 701.244 342.852 244.769 191.687 124.879 572.086 357.056 215.03
internal_count=44985 6223 3022 1589 1178 411 3201 1433 1019 794 517 2596 1665 931
is_linear=0
shrinkage=0.03


Tree=217
num_leaves=15
num_cat=0
split_feature=15 6 1 15 7 9 15 15 16 6 15 10 16 6
split_gain=10.4929 23.9954 8.42752 14.7134 16.6686 9.9396 9.49756 11.7678 13.5057 22.7716 25.314 11.5081 11.3869 11.1313
threshold=-0.0266886996163711 0.012786313301137721 -0.0044923501621680897 0.019289961580581941 0.7547324872460851 0.0033368276073299512 -0.019982114150984383 -0.0093655285519664826 0.37940952255126054 0.010020859180689025 -0.00089738728038479809 0.50290227375119623 0.12940952255126045 0.015011470498888306
decision_type=2 2 2 2 2 2 2 2 2 2 2 2 2 2
left_child=1 -1 3 6 -5 -6 -2 12 9 10 -9 -12 -8 -11
right_child=2 -3 -4 4 5 -7 7 8 -10 13 11 -13 -14 -15
leaf_value=-0.018811571997166921 0.0055348713983519905 -0.0011938164216180271 -0.00049874434354262335 0.025018207185070508 -0.0063889740210815093 0.012509100947391808 0.0034170911528878119 0.027256520444045175 0.0047224529728518956 -0.005186417673759448 0.01450769910702147 -0.002912670342955369 -0.005565055368997319 0.0003381296716315478
leaf_weight=83.280067667365074 360.22167356312275 379.62445044517517 6117.7483081519604 46.619063973426819 46.860302001237869 49.662989616394043 171.28704808652401 50.766398131847382 743.58848108351231 466.78030824661255 49.669378519058228 99.057932376861572 477.35015746206045 1094.1709481626749
leaf_count=436 1570 1650 26896 206 207 224 733 211 3254 2122 204 404 2126 4803
internal_value=-2.71865e-05 -0.00443068 0.000182235 0.00132139 0.0106823 0.00339098 0.00093409 0.000405233 0.00133831 -9.48448e-05 0.00939724 0.00302039 -0.00318991 -0.00131843
internal_weight=10236.7 462.905 9773.78 3656.03 143.142 96.5233 3512.89 3152.67 2504.03 1760.44 199.494 148.727 648.637 1560.95
internal_count=45046 2086 42960 16064 637 431 15427 13857 10998 7744 819 608 2859 6925
is_linear=0
shrinkage=0.03


Tree=218
num_leaves=15
num_cat=0
split_feature=4 15 1 13 6 6 8 13 12 7 15 18 9 13
split_gain=9.47832 12.8877 6.63144 9.25723 15.6424 9.81485 12.3479 14.5543 14.9411 14.4464 22.1556 12.2893 10.6716 13.6016
threshold=0.10945100570595125 0.00087452546138244724 -0.0051619941080751621 0.010528447758790251 0.014949971774477605 0.0076283874388585714 -0.087463178161370572 0.057735344974086507 -0.11691665328408533 0.67607817356086997 0.014312763720043089 6.1580261406391736 -0.021160633375461559 0.21616999474138135
decision_type=2 2 2 2 2 2 2 2 2 2 2 2 2 2
left_child=2 -2 3 4 -1 -5 7 8 -7 10 11 -8 13 -11
right_child=1 -3 -4 5 -6 6 9 -9 -10 12 -12 -13 -14 -15
leaf_value=-0.013221528098192671 -0.0025212182253273752 0.017176678211665908 -0.00082539562138908074 0.010652966351864338 0.0065384873014015287 -0.0067455660841471698 0.0042348457038494138 -0.0093853344476888378 0.016196309577891161 0.0038435690582366328 0.017216450190090569 -0.0062117536871307503 0.0013469954488976577 0.015974759386725681
leaf_weight=101.26069339364767 53.979763150215149 63.762229681015015 6358.1482171937823 91.822799637913704 53.884323135018349 50.595531269907951 126.04462262243032 207.91929914057255 47.970575913786888 474.13822351396084 45.399712309241295 491.15748294442892 1956.8581306487322 99.504616841673851
leaf_count=482 239 273 28016 387 227 212 522 886 202 2022 200 2202 8702 420
internal_value=-0.000136154 0.00825474 -0.00023554 0.000765388 -0.00636269 0.00107668 0.000819478 -0.00491307 0.00451994 0.00137244 -0.00256555 -0.00407157 0.0024048 0.00599605
internal_weight=10222.4 117.742 10104.7 3746.56 155.145 3591.41 3499.59 306.485 98.5661 3193.1 662.602 617.202 2530.5 573.643
internal_count=44992 512 44480 16464 709 15755 15368 1300 414 14068 2924 2724 11144 2442
is_linear=0
shrinkage=0.03


Tree=219
num_leaves=15
num_cat=0
split_feature=6 12 15 2 3 6 18 18 18 8 11 7 3 10
split_gain=6.75248 30.6536 20.9217 31.5491 26.1847 19.9593 19.6203 18.5038 18.127 22.213 21.3421 17.7406 17.1459 16.5087
threshold=0.0097685520158686014 -0.075603563344406918 -0.017457379556440774 -0.0099533494090481272 -0.012002065071085697 0.0055120955827895968 5.3815744803939554 8.3290862474165639 8.3290862474165639 -0.01480428642461437 52.685009019990083 0.90073032677290621 0.0062862539731468889 1.0169377275563218
decision_type=2 2 2 2 2 2 2 2 2 2 2 2 2 2
left_child=1 11 -3 -4 -5 7 -2 12 -8 -10 -11 -1 -6 -7
right_child=6 2 3 4 5 13 8 -9 9 10 -12 -13 -14 -15
leaf_value=-0.0026217355607943854 0.012102497209027898 -0.01030818798642351 0.016920965404968558 -0.0096473550579790884 0.0039405297866424455 0.012238405098735586 -0.00028260347233410507 0.013075778404735986 -0.028234423229814912 0.012615568300200813 -0.016702279931512916 -0.021709603926415761 -0.017023372193296003 7.1300449233345779e-05
leaf_weight=386.26338478177786 111.47690705955029 76.180447570979595 185.12437036633492 119.09457837045193 59.666063711047173 344.3577172011137 8512.416187658906 47.533187627792358 44.303912132978439 41.89593106508255 43.573785647749901 47.558227479457855 81.19286023080349 141.3468923419714
leaf_count=1658 456 399 776 503 246 1421 37604 195 217 200 210 255 353 590
internal_value=2.67755e-05 0.0018935 0.00465286 0.00583652 0.00321344 0.00550742 -0.000290969 -0.00276031 -0.000453597 -0.0114953 -0.00237127 -0.00480429 -0.00821248 0.00871242
internal_weight=10242 1488.32 1054.5 978.316 793.191 674.097 8753.67 188.392 8642.19 129.774 85.4697 433.822 140.859 485.705
internal_count=45083 6396 4483 4084 3308 2805 38687 794 38231 627 410 1913 599 2011
is_linear=0
shrinkage=0.03


Tree=220
num_leaves=15
num_cat=0
split_feature=18 7 14 8 12 14 12 13 15 15 18 13 18 17
split_gain=7.06946 12.7665 12.4895 12.0929 9.89197 34.8993 25.7206 17.1237 31.6584 19.8271 16.5663 13.7516 43.6578 18.4032
threshold=6.1479677970287456 1.3576878269094459 -0.0012866886059607061 -0.16227342692813437 -0.16940525263417508 -0.015388864330410977 -0.12226154923450959 0.088041381201245064 0.001656539328479312 0.0012783265949449787 5.7982414751792231 0.042753260363297636 5.9201312793942558 1.0000000180025095e-35
decision_type=2 2 2 2 2 2 2 2 2 2 2 2 2 2
left_child=1 3 -3 -1 5 -5 7 9 -9 -6 -7 12 13 -8
right_child=-2 2 -4 4 6 10 11 8 -10 -11 -12 -13 -14 -15
leaf_value=-0.0092366908760713427 -0.00029526782771680269 -0.017027699976530166 0.0031851569393661775 0.010191121361913042 0.027145568447207866 -0.02629070127055725 0.012353643405429077 -0.014795879511541023 0.018592661708373343 0.0057278583834777233 -0.0032775909965402496 0.0028773736730099845 -0.027370668050062365 -0.006242179321321384
leaf_weight=80.401377171278 7872.855717331171 61.842822581529617 47.395043164491653 87.536532625555992 89.443225830793381 55.004708185791969 85.839130967855453 48.93797555565834 49.325889632105827 70.007488936185837 56.910809114575386 1491.2376129329205 56.656828641891479 103.46990698575974
leaf_count=331 35311 261 201 365 365 245 348 206 204 286 242 6130 231 422
internal_value=0.000138209 0.00156875 -0.00835835 0.00205239 0.00247405 -0.00386842 0.00311141 0.0119182 0.00200085 0.0179295 -0.0148512 0.00179272 -0.0047535 0.00223079
internal_weight=10256.9 2384.01 109.238 2274.77 2194.37 199.452 1994.92 257.715 98.2639 159.451 111.916 1737.2 245.966 189.309
internal_count=45148 9837 462 9375 9044 852 8192 1061 410 651 487 7131 1001 770
is_linear=0
shrinkage=0.03


Tree=221
num_leaves=15
num_cat=0
split_feature=13 9 7 5 15 3 7 9 4 13 7 3 12 14
split_gain=8.08242 18.0377 32.5184 25.6133 20.8906 20.2167 18.3959 16.2454 17.2907 14.4675 18.3928 25.3727 14.7325 36.6452
threshold=0.36430903247674035 -0.0051381798923163515 0.50006809832474786 0.052641267108782037 -0.0089352710208334667 0.086871907206925073 0.67999223222946037 0.034435823744539081 0.04750151867729125 0.30877995580569056 0.89547336441210101 0.099510209421411103 -0.28868627450980383 -0.039706384466321236
decision_type=2 2 2 2 2 2 2 2 2 2 2 2 2 2
left_child=9 3 -3 4 -2 6 -4 8 -7 12 11 -11 13 -1
right_child=1 2 5 -5 -6 7 -8 -9 -10 10 -12 -13 -14 -15
leaf_value=0.0035975706115557969 -0.00057592753324733795 -0.023235785134889615 -0.0043679523114849503 -0.0027958156602112907 0.020365378315323729 -0.0084409483913502545 0.01832485097204551 0.011269642550373542 0.0036491818309922711 -0.0070912170767677366 -0.012213982093008908 0.015943434698130997 0.00016905004762766623 -0.02077439808986464
leaf_weight=119.4496453627944 59.345585815608501 49.161760717630386 45.692394897341728 119.48899379372597 151.45495970547199 257.36178836226463 101.42695185542107 77.311983779072762 179.06644539535046 123.20846302807331 200.13874337077141 63.584518402814865 8544.9251646324992 100.95144559442997
leaf_count=523 253 230 200 537 646 1249 442 342 808 532 937 277 37416 494
internal_value=4.46628e-06 0.00250756 -0.00019173 0.00827645 0.0145199 0.00158747 0.0113129 -0.00123065 -0.00348635 -0.000280539 -0.00594232 0.000835635 -2.93103e-05 -0.00765208
internal_weight=10192.6 1040.31 710.021 330.29 210.801 660.86 147.119 513.74 436.428 9152.26 386.932 186.793 8765.33 220.401
internal_count=44886 4707 3271 1436 899 3041 642 2399 2057 40179 1746 809 38433 1017
is_linear=0
shrinkage=0.03


Tree=222
num_leaves=15
num_cat=0
split_feature=15 6 12 7 13 15 6 6 4 17 6 12 15 14
split_gain=8.8623 17.4994 16.5921 19.9535 15.3524 12.1044 25.314 21.2134 15.7484 14.2631 11.3774 25.4912 21.6441 17.0771
threshold=-0.02578564544310424 0.012786313301137721 -0.13600441096659452 1.3576878269094459 0.030839340465501523 -0.01807854320704649 0.034062516240695603 0.013376089093332348 0.0054935333435810483 -0.12940952255126037 0.010504519913685961 -0.074925287568965757 0.01380094532332077 -0.016225829134108635
decision_type=2 2 2 2 2 2 2 2 2 2 2 2 2 2
left_child=1 4 -3 -4 -1 6 7 9 -9 -2 11 -7 13 -13
right_child=5 2 3 -5 -6 10 -8 8 -10 -11 -12 12 -14 -15
leaf_value=-0.0054458448350471608 0.0021720974382101457 -0.0087226714715555737 0.0065225837250631694 -0.011114277897941687 -0.028158671945158809 -0.0036827180564628368 -0.014654223066992609 0.0097549778005329504 -0.0036459588274011081 -0.014582403663558162 -0.00087774735053543955 0.016124421620784146 -0.0064243891027771036 0.0043765450219491108
leaf_weight=71.018478214740753 131.82072682678699 175.08882820606232 259.41845631599426 72.16923163831234 42.266731038689613 516.5380912348628 62.894887611269951 503.18285730481148 92.455242484807968 67.678684026002884 7070.9571333006024 125.66780324280262 146.39819417893887 901.16667047142982
leaf_count=387 596 771 1115 317 218 2230 298 2132 401 352 31333 520 625 3789
internal_value=-0.000240287 -0.00371091 -0.00130515 0.00264034 -0.0142615 -1.58693e-05 0.00338042 0.00484014 0.00766964 -0.00360007 -0.0003492 0.00186096 0.00430379 0.00584284
internal_weight=10238.7 619.962 506.677 331.588 113.285 9618.76 858.032 795.138 595.638 199.499 8760.73 1689.77 1173.23 1026.83
internal_count=45084 2808 2203 1432 605 42276 3779 3481 2533 948 38497 7164 4934 4309
is_linear=0
shrinkage=0.03


Tree=223
num_leaves=15
num_cat=0
split_feature=15 4 15 3 12 16 18 18 18 11 7 13 10 18
split_gain=8.38009 12.4695 9.72725 13.3154 15.5951 15.4959 17.8527 18.4653 13.6792 12.8215 20.0655 18.974 12.5793 11.1254
threshold=-0.02578564544310424 -0.032531567094158269 -0.01807854320704649 0.1167992677462505 -0.19671185062250682 -0.9159756150367534 6.332038710682383 7.7750738922846647 6.1256961625754247 53.272361991520363 0.80173157003815854 0.10163134417876631 1.1080932551264389 5.7615376102421978
decision_type=2 2 2 2 2 2 2 2 2 2 2 2 2 2
left_child=1 -1 3 4 -2 -6 8 9 13 10 -8 12 -12 -7
right_child=2 -3 -4 -5 5 6 7 -9 -10 -11 11 -13 -14 -15
leaf_value=0.0034649643697675738 -0.0086410990453059475 -0.0060334459979916478 -7.9430261006411569e-05 -0.0087038407382336296 -0.006179174231846247 -0.0049874028468404399 0.0010197053830129162 -0.0045967802088227299 -0.013009161311519269 -0.00065623711473563533 0.01912446460051177 0.027973655093523994 0.00070449014422192986 0.012727386425909716
leaf_weight=170.99774579703808 72.176976934075356 443.95586677640676 8742.6417792662978 74.031001791357994 83.3259621784091 55.877780482172966 68.832682475447655 59.721747890114784 52.875229611992836 51.488802060484886 76.987630441784859 119.2509126663208 58.04594811052084 69.859557792544365
leaf_count=744 317 2044 38425 348 387 232 299 284 222 225 343 506 262 288
internal_value=-5.49528e-07 -0.00338959 0.000217543 0.00329223 0.00446751 0.00584725 0.00749695 0.0107674 -0.000486988 0.0132283 0.0154312 0.0192939 0.0113322 0.00490009
internal_weight=10200.1 614.954 9585.12 842.474 768.443 696.266 612.94 434.328 178.613 374.606 323.117 254.284 135.034 125.737
internal_count=44926 2788 42138 3713 3365 3048 2661 1919 742 1635 1410 1111 605 520
is_linear=0
shrinkage=0.03


Tree=224
num_leaves=15
num_cat=0
split_feature=5 16 9 5 7 10 12 13 6 10 13 13 18 9
split_gain=9.7667 14.0347 13.714 9.42979 14.208 14.8853 12.8131 11.9493 18.8831 13.6199 11.4523 23.0376 11.3398 12.3251
threshold=0.17972482284609884 0.60355339059327384 0.015771538799519872 0.062362216550208023 0.97618081454258487 1.7003728340633033 -0.052950169115890948 0.46654417097412088 0.017430001455616958 1.0017496164507838 0.9280835992508728 0.68419294046439993 7.6417206011047059 -0.0030019642191294878
decision_type=2 2 2 2 2 2 2 2 2 2 2 2 2 2
left_child=3 2 -2 10 7 6 -6 8 -5 -10 11 -1 13 -7
right_child=1 -3 -4 4 5 12 -8 -9 9 -11 -12 -13 -14 -15
leaf_value=0.00017371801794684679 0.0032214133810390339 -0.0059495824332233514 0.024457678553410758 -0.00836506709457999 -0.024919841461772518 0.014195327198609706 -0.00774543028277063 -0.0063544873879357641 0.0020472203590820074 0.023122108767011946 -0.012762171072670912 0.019700957150304784 -0.014758381410243288 -0.0022713339086947145
leaf_weight=9167.7453993111849 58.751273661851883 47.835107058286667 50.415592074394226 45.40281268954277 49.977049469947815 47.310924023389816 172.18145787715912 80.878471210598946 48.264040514826775 63.798941493034363 58.905862838029861 52.699582010507584 49.463771402835846 238.17713852226734
leaf_count=40158 255 215 219 202 234 214 795 373 210 288 267 235 258 1140
internal_value=5.14147e-05 0.00742865 0.0132923 -6.5001e-05 -0.00319554 -0.00581179 -0.0117969 0.00291721 0.00769936 0.0142405 0.000203989 0.000289574 -0.00179569 0.000537282
internal_weight=10231.8 157.002 109.167 10074.8 795.455 557.11 222.159 238.344 157.466 112.063 9279.35 9220.44 334.952 285.488
internal_count=45063 689 474 44374 3714 2641 1029 1073 700 498 40660 40393 1612 1354
is_linear=0
shrinkage=0.03


Tree=225
num_leaves=15
num_cat=0
split_feature=3 15 15 10 7 3 9 9 6 8 13 6 13 15
split_gain=6.29164 14.2501 13.893 25.0242 19.043 23.2618 18.8462 24.4291 30.7061 18.7921 18.0462 16.8455 15.1192 14.3544
threshold=0.053404515334724463 0.021865761350377436 0.0052454863032558316 1.8287064610297983 0.90965690894574103 0.17703793105245813 -0.03625418769470156 0.010361177220518049 0.020494876021043443 0.077129158920761623 0.22071129707112971 0.010843159849652033 0.34904040188114577 0.0017245525072855374
decision_type=2 2 2 2 2 2 2 2 2 2 2 2 2 2
left_child=-1 2 4 9 5 6 -2 13 -9 11 -5 -4 -12 -8
right_child=1 -3 3 10 -6 -7 7 8 -10 -11 12 -13 -14 -15
leaf_value=0.00042760127690080708 0.016177607667835204 0.0086932382862599227 0.0068872975029768951 0.021131663113615327 -0.0028135940401701389 0.016740833025393739 -0.0094191690987636256 0.00043280943205579656 0.024233094888102335 0.0081941390027464103 -0.011714168332245558 -0.010467405421889717 0.0076862740636126151 0.004006459846366944
leaf_weight=7414.0374591127038 67.111172713339329 122.30235223472118 53.775392577052116 44.385236799716949 1045.0589953809977 100.19173254072666 244.68168693780899 183.18147128820419 64.534456118941307 61.598161369562149 59.759584352374077 576.41901226341724 85.202454641461372 99.698668673634529
leaf_count=32204 289 541 229 196 4841 444 1090 840 279 276 290 2666 397 448
internal_value=-3.0453e-05 -0.00123935 -0.00169782 -0.00478098 -0.000188641 0.00342163 0.00135276 -0.000376371 0.00677764 -0.00742192 0.00484458 -0.0089694 -0.000362 -0.00553174
internal_weight=10221.9 2807.9 2685.6 881.14 1804.46 759.399 659.207 592.096 247.716 691.793 189.347 630.194 144.962 344.38
internal_count=45030 12826 12285 4054 8231 3390 2946 2657 1119 3171 883 2895 687 1538
is_linear=0
shrinkage=0.03


Tree=226
num_leaves=15
num_cat=0
split_feature=9 3 13 11 7 4 7 3 18 13 6 5 14 15
split_gain=7.16942 19.7321 42.3293 22.3293 17.346 14.8253 14.3707 13.6712 13.2839 12.7809 12.3478 9.91014 6.77787 6.64779
threshold=-0.057983484504717984 -0.003942972320840398 0.12315519617997374 51.464297359099454 0.6081465033394946 -0.0017797162292807476 0.8597564786017452 0.059547838379210967 6.136967500594368 0.019820156731151454 0.003502502467046708 -0.025096019573102309 -0.027096523856966422 0.0060294471581752171
decision_type=2 2 2 2 2 2 2 2 2 2 2 2 2 2
left_child=1 3 4 6 -3 -6 8 -4 -1 -8 -2 -10 -11 -12
right_child=10 2 7 -5 5 -7 9 -9 11 12 13 -13 -14 -15
leaf_value=0.0012467452765709383 -0.01007288986014601 -0.0031684282669608987 -0.020278303000734438 -0.026546837194822721 0.0066543178016973455 0.027194022254561592 0.014568758653628869 0.00059671292125127839 -0.028057620164705675 0.0027611832082214188 0.00074734501444651837 -0.0079355506952832663 -0.012220860832955351 -0.0010402447690396302
leaf_weight=46.491852149367332 103.10974019765854 50.754851475358009 65.996303960680962 48.292408779263496 62.764102205634117 65.450319707393646 45.161866739392281 48.095865458250046 45.174934670329094 57.889563202857971 6952.9155344292521 45.454078450798988 48.260955139994621 2560.1585886329412
leaf_count=190 440 211 277 208 265 276 204 205 208 242 30662 203 201 11331
internal_value=-5.01391e-05 -0.00314586 0.00253879 -0.00807915 0.0115934 0.017396 -0.00482558 -0.0116197 -0.0117864 0.00155385 0.000153219 -0.0183548 -0.00415038 0.000266151
internal_weight=10246 629.787 293.061 336.726 178.969 128.214 288.433 114.092 137.121 151.312 9616.18 90.629 106.151 9513.07
internal_count=45123 2690 1234 1456 752 541 1248 482 601 647 42433 411 443 41993
is_linear=0
shrinkage=0.03


Tree=227
num_leaves=15
num_cat=0
split_feature=12 13 13 6 18 18 7 18 10 9 18 7 6 7
split_gain=8.23315 24.3837 17.9169 18.5638 15.7742 14.402 14.1941 12.8603 11.3969 11.0294 9.40472 14.9635 14.0439 10.0836
threshold=-0.023827326783842081 0.077475863682760396 0.11823702905146673 0.01330741619121922 7.0892755716647331 8.7813958486298702 0.87611343639553996 6.4532216002520917 0.82820482668878148 0.047371923641646115 7.4415988582979677 0.86787117573629569 0.02344291819103381 1.1995394041198046
decision_type=2 2 2 2 2 2 2 2 2 2 2 2 2 2
left_child=5 4 7 9 -2 -1 -6 -3 -5 -4 11 -10 13 -13
right_child=1 2 3 8 6 -7 -8 -9 10 -11 -12 12 -14 -15
leaf_value=-0.00016491267378198498 0.026161708728114279 -0.019473068079295573 0.012851856077477571 -0.011531179912947956 -0.0056173829661584039 -0.01331950321475228 0.015921198004449591 0.00090711969300019332 0.014951490825885271 -0.0019887528584235157 -0.00771910040553523 0.00029136664749423053 0.01064064097316476 -0.014289542686471741
leaf_weight=9145.5674364045262 53.809967428445816 61.874573513865471 176.81671187281609 76.579950019717216 48.371173799037933 73.524244837462902 59.580980703234673 49.127941250801086 73.520780757069588 59.606194764375687 88.373871818184853 130.04728038609028 75.263264268636703 61.487709522247314
leaf_count=40307 222 258 745 331 199 352 246 215 320 260 433 586 330 275
internal_value=9.77459e-06 0.0025722 0.000534657 0.0022246 0.013175 -0.00027269 0.00634357 -0.0105967 -0.00102742 0.00912499 0.000893764 0.00316238 -0.000173385 -0.00448878
internal_weight=10233.6 1014.46 852.698 741.696 161.762 9219.09 107.952 111.003 505.273 236.423 428.693 340.319 266.798 191.535
internal_count=45079 4420 3753 3280 667 40659 445 473 2275 1005 1944 1511 1191 861
is_linear=0
shrinkage=0.03


Tree=228
num_leaves=15
num_cat=0
split_feature=3 6 3 10 14 6 10 7 18 10 4 12 8 8
split_gain=7.20099 29.7091 18.9621 18.0744 17.9685 17.8663 26.2194 21.1535 23.2402 14.5123 13.9015 13.7302 12.7586 13.2598
threshold=-0.076626618333157745 0.012451710578310283 -0.032344517514200831 0.77106373081572588 -0.064116182166903166 0.01489593485913873 0.32662398350078531 0.9629449516272176 6.9988359513888065 0.74138437446928906 -0.01679222654102985 -0.21418528988389238 -0.12192488087997221 0.034611800422698576
decision_type=2 2 2 2 2 2 2 2 2 2 2 2 2 2
left_child=1 3 4 -1 -2 9 -7 8 10 -3 11 -8 -6 -14
right_child=2 5 -4 -5 12 6 7 -9 -10 -11 -12 -13 13 -15
leaf_value=-0.0040018575359696568 -0.0084110051629219043 0.016720443255119816 -0.00028758951447208385 -0.030302641847756075 -0.0086792230024720224 0.019175780213059875 -0.015016182979174862 0.0040286715634255373 0.0010707083761823276 -0.0026039034337325857 -0.019077362277189879 0.003124886527580752 0.0066038107499546339 -0.00026033997991978009
leaf_weight=44.397498942911625 106.39087064564228 84.916625827550888 7745.4042773470283 49.725211478769779 63.569607555866241 44.685576438903809 73.256283044815063 201.6960888504982 176.59549291431904 57.72857166826725 148.67188182473183 73.800999283790588 1013.7478666380048 337.22510841488838
leaf_count=210 447 375 34204 283 269 195 314 852 788 277 650 306 4394 1457
internal_value=5.81767e-05 -0.00241872 0.000314042 -0.018238 0.00337423 -0.000651851 -0.00258154 -0.00407645 -0.00753996 0.008972 -0.0126545 -0.00599228 0.00427124 0.00489255
internal_weight=10221.8 955.474 9266.34 94.1227 1520.93 861.352 718.706 674.021 472.325 142.645 295.729 147.057 1414.54 1350.97
internal_count=45021 4250 40771 493 6567 3757 3105 2910 2058 652 1270 620 6120 5851
is_linear=0
shrinkage=0.03


Tree=229
num_leaves=15
num_cat=0
split_feature=11 13 7 7 11 9 16 13 9 11 14 8 17 3
split_gain=9.49239 15.7583 9.94826 8.22737 12.5431 11.6369 19.0549 16.8635 7.1189 6.94225 13.1092 11.9422 9.88268 8.92192
threshold=27.044229352277963 0.072593197511976473 0.76667768680130888 0.35592414405841138 61.903259723369651 -0.030242902444717081 -0.60355339059327362 0.069374591012887246 0.0054626586366113847 35.452830869385629 -0.096985691770632473 0.023306016327436067 -0.12940952255126037 -0.068308719208429611
decision_type=2 2 2 2 2 2 2 2 2 2 2 2 2 2
left_child=1 2 -1 4 5 -2 -7 -8 -4 11 -11 13 -13 -5
right_child=3 -3 8 9 -6 6 7 -9 -10 10 -12 12 -14 -15
leaf_value=0.0011330378001248931 0.011069261148259745 0.0083698485638120275 -0.0091831002909028014 -0.00094154094579404946 -0.019323608336621244 -0.020121409999597457 0.012568213794463472 -0.0092305150016290718 -0.024208260409463882 -0.009335901227446949 0.00017102081725408496 0.0038449482436676745 -0.010546183133122448 0.0073797004919976409
leaf_weight=51.487940713763237 45.900791883468628 52.297249995172024 89.865965090692043 159.57569777220488 43.983524963259697 53.904268480837345 57.865930795669556 66.485769912600517 42.928519122302532 130.49037575721741 8859.5207202583551 78.176364004611969 91.175591468811035 418.29859761893749
leaf_count=227 195 230 412 703 211 248 246 316 214 593 38943 343 417 1842
internal_value=-2.20027e-05 -0.00593593 -0.010042 0.000118992 -0.0050454 -0.00209765 -0.00557332 0.0009517 -0.0143274 0.000262214 3.09817e-05 0.0030367 -0.0039356 0.00508653
internal_weight=10242 236.58 184.282 10005.4 268.14 224.157 178.256 124.352 132.794 9737.24 8990.01 747.226 169.352 577.874
internal_count=45140 1083 853 44057 1216 1005 810 562 626 42841 39536 3305 760 2545
is_linear=0
shrinkage=0.03


Tree=230
num_leaves=15
num_cat=0
split_feature=18 10 12 18 3 10 18 7 10 12 4 12 12 2
split_gain=8.02682 26.5837 20.375 24.8893 13.2303 24.9587 26.4434 13.8654 15.5255 21.238 17.4017 18.7197 32.1771 16.9457
threshold=7.3995875360315617 0.62817561428720514 -0.040628447412594741 7.8193579895299292 -0.066928002372656933 0.31600977367763022 5.9583291565361938 0.92153572598062206 0.80529342133485338 -0.12863632629027613 -0.027462531125856778 -0.27085956605845457 -0.18500243427458615 -0.01518410893906008
decision_type=2 2 2 2 2 2 2 2 2 2 2 2 2 2
left_child=4 2 3 -2 5 -1 -7 8 9 10 -8 -12 13 -13
right_child=1 -3 -4 -5 -6 6 7 -9 -10 -11 11 12 -14 -15
leaf_value=0.014557214855611591 0.0042785684061743033 -0.003334512055491688 -0.00775060968077606 0.028266254099422232 0.00076347666458105145 0.013461328044656195 0.0016598131748085132 -0.00035381585880774866 -0.016696796746675298 0.011506756418908115 -0.026181967542350679 -0.0071782596239618234 -0.018176372822845947 0.018204429645822976
leaf_weight=67.201352655887604 111.10568800568581 1525.4386630803347 56.587362110614777 58.679600864648819 7424.6755251809955 69.631372347474098 118.33374705910683 309.6053469106555 144.07000041753054 56.644624575972557 63.0350706204772 45.514148116111755 112.12520533800125 45.558232516050339
leaf_count=289 501 7171 240 248 32243 284 494 1360 686 250 316 200 494 201
internal_value=-6.20504e-05 -0.00190912 0.00764114 0.0128015 0.000320946 -0.002859 -0.00410006 -0.00549349 -0.00820184 -0.00536513 -0.00789695 -0.0121254 -0.00755214 0.00563757
internal_weight=10208.2 1751.81 226.373 169.785 8456.39 1031.72 964.518 894.886 585.281 441.211 384.566 266.233 203.198 91.0724
internal_count=44977 8160 989 749 36817 4574 4285 4001 2641 1955 1705 1211 895 401
is_linear=0
shrinkage=0.03


Tree=231
num_leaves=15
num_cat=0
split_feature=4 15 16 7 1 1 18 15 2 2 6 12 18 10
split_gain=6.67098 10.0617 6.985 14.6147 13.254 13.6777 12.9335 22.454 26.5378 18.7729 18.145 23.5227 10.9785 10.5812
threshold=0.10945100570595125 0.00075111709607433863 -0.5 0.7902605582369292 -0.017719530654102918 0.036782137245829703 6.251231540653241 -0.02403188588053062 -0.044964176084063771 -0.040811047626753298 0.010843159849652033 -0.058515498771929901 6.7499404646748022 0.5236536691772703
decision_type=2 2 2 2 2 2 2 2 2 2 2 2 2 2
left_child=2 -2 3 13 -5 6 10 9 12 -8 -6 -12 -9 -1
right_child=1 -3 -4 4 5 -7 7 8 -10 -11 11 -13 -14 -15
leaf_value=-0.002195470342099545 -0.0023033630699314097 0.014714536146013667 0.00030294744325921744 0.0013511277497534396 0.013846683716705757 0.005313201417618053 -0.027012716919061517 0.018726751121077721 -0.0072425306186282906 -0.0022062510475589197 0.0028930182259403752 -0.013278964342380789 0.00047276410294554643 0.0034246341554744477
leaf_weight=501.21722009778023 58.158480018377304 64.4605513215065 6779.4467424303293 492.39242603629827 64.101778224110603 121.48171402513981 81.52355432510376 47.050936013460159 790.56301315128803 41.467691898345947 209.28788909316063 129.4414666891098 75.254638656973839 750.69947493076324
leaf_count=2206 257 275 29753 2161 262 531 429 200 3648 209 860 548 323 3321
internal_value=-0.000163123 0.00673548 -0.000248328 -0.00137882 -0.00293588 -0.00428886 -0.0051059 -0.00687682 -0.00523034 -0.0188181 -0.000540612 -0.00332859 0.00768339 0.00117466
internal_weight=10206.5 122.619 10083.9 3304.48 2052.57 1560.17 1438.69 1035.86 912.869 122.991 402.831 338.729 122.306 1251.92
internal_count=44983 532 44451 14698 9171 7010 6479 4809 4171 638 1670 1408 523 5527
is_linear=0
shrinkage=0.03


Tree=232
num_leaves=15
num_cat=0
split_feature=13 17 6 12 7 2 6 11 11 12 18 9 12 7
split_gain=6.61781 19.2456 18.6114 14.4039 14.6609 13.6759 13.1838 42.1086 13.1663 12.9069 25.1336 12.7679 21.3032 12.4846
threshold=0.065537166156423257 -0.37940952255126015 0.017982756133165165 -0.27085956605845457 0.41547298199046884 0.022147866298897371 0.0079100468750067637 40.831098993474519 34.61897181420494 -0.14186477191936456 6.9193149896861712 0.0048779434168875211 -0.12962562562562555 1.1995394041198046
decision_type=2 2 2 2 2 2 2 2 2 2 2 2 2 2
left_child=1 3 6 -1 -5 9 7 -3 -8 10 -6 13 -13 -10
right_child=-2 2 -4 4 5 -7 8 -9 11 -11 -12 12 -14 -15
leaf_value=-0.011087193463947617 -0.00047684979585762709 0.023922459247622509 0.0060883387629753717 0.021154375063355633 0.021145776177701723 -0.0096535127917100234 -0.010316722410106859 -0.0019062721502367595 0.0022678490156698493 0.0034567846369996276 -0.001156386097790474 0.0051604426910667129 -0.010425671400947571 -0.010855555149023376
leaf_weight=48.618884488940239 7337.3933253288269 68.576550118625164 312.53407873213291 48.267688974738121 112.95374920964241 56.006952822208405 203.62943965941668 289.95996822416782 546.28318527340889 672.36565899848938 74.919368371367455 107.13522023707628 287.24628472328186 72.06046387553215
leaf_count=223 32459 312 1306 198 474 248 952 1215 2404 2899 329 485 1295 325
internal_value=2.71571e-06 0.00121534 -0.000575607 0.00454637 0.00535573 0.0044792 -0.0019041 0.00313924 -0.0033934 0.00541958 0.0123337 -0.00198373 -0.00618697 0.000708407
internal_weight=10238 2900.56 1887.43 1013.13 964.513 916.246 1574.89 358.537 1216.35 860.239 187.873 1012.73 394.382 618.344
internal_count=45124 12665 8294 4371 4148 3950 6988 1527 5461 3702 803 4509 1780 2729
is_linear=0
shrinkage=0.03


Tree=233
num_leaves=15
num_cat=0
split_feature=12 7 5 18 13 18 16 5 7 13 18 10 11 10
split_gain=7.46635 19.0051 18.1914 18.6722 20.0251 16.52 16.4099 27.2941 12.0743 15.0298 10.9987 19.4094 10.7957 10.2266
threshold=-0.025080990973044944 0.50006809832474786 0.022879493908933627 6.590970979599172 0.12699454081153619 8.7813958486298702 0.25881904510252091 0.054974429247800612 1.1043279268552364 0.11458333333333338 5.9201312793942558 1.0017496164507838 65.558661889485492 0.97856324895341695
decision_type=2 2 2 2 2 2 2 2 2 2 2 2 2 2
left_child=5 -2 8 4 -4 -1 10 -8 9 13 -6 -12 -5 -3
right_child=1 2 3 12 6 -7 7 -9 -10 -11 11 -13 -14 -15
leaf_value=5.291801623283893e-05 -0.014764099130336591 0.0084498657576766428 -0.011162816953084333 -0.0089776364299853934 -0.0077053019047372924 -0.014195354229798186 0.02698831596390432 0.00097949650137525842 0.023229808429496877 0.020188240443648361 -0.0055234847800722268 0.020296996063138902 0.00082051048068513296 -0.007351808411923161
leaf_weight=9056.2473688200116 52.165205419063568 87.433136969804764 49.754680618643761 166.96381275355816 59.647584170103073 71.833534672856331 85.538505092263222 62.322499096393585 50.96062807738781 54.372272416949272 47.896843090653419 54.079976096749306 251.62318123877048 60.793998837471008
leaf_count=39935 233 361 205 799 245 347 354 267 211 229 206 235 1132 251
internal_value=0.000217411 0.00256948 0.00347305 0.00118826 0.00618821 -6.22939e-05 0.00903143 0.0161851 0.0104178 0.00699956 0.00236907 0.00829657 -0.00311183 0.00195736
internal_weight=10211.6 1083.55 1031.39 777.827 359.24 9128.08 309.485 147.861 253.56 202.599 161.624 101.977 418.587 148.227
internal_count=45010 4728 4495 3443 1512 40282 1307 621 1052 841 686 441 1931 612
is_linear=0
shrinkage=0.03


Tree=234
num_leaves=15
num_cat=0
split_feature=8 6 3 18 12 1 6 6 12 12 12 6 7 3
split_gain=8.36946 21.2674 13.2274 12.8293 15.5632 14.5914 13.623 10.83 8.97013 8.75685 12.4775 8.64798 7.60485 11.3429
threshold=-0.079731300377646988 0.010191620026182334 0.016797083030404284 6.8230516486805266 -0.060215607169934508 -0.026080171797702386 0.01736178779566969 0.018582193907507157 -0.076872632606293498 -0.075603563344406918 -0.043197833698699388 0.012915298243430145 0.32359527485200618 -1.0000000180025095e-35
decision_type=2 2 2 2 2 2 2 2 2 2 2 2 2 2
left_child=1 2 9 4 5 -3 -5 8 -7 -1 -11 -6 13 -2
right_child=12 3 -4 6 11 7 -8 -9 -10 10 -12 -13 -14 -15
leaf_value=-0.0081145891512455319 0.0015959221393201046 -0.01499916323758268 0.014504440749141629 -0.0030646687719992666 -0.018701596554124449 -0.0028893998998724638 -0.021454851684337136 0.013922771489269648 0.011100867996723742 0.016210734355494087 -0.0028341483625178312 -0.0046482479697734259 0.00034389779724651194 -0.014011805175054336
leaf_weight=72.058657258749008 84.212386406958103 48.477457582950592 78.732369467616081 65.715005189180374 72.170869067311287 216.52738651633263 81.024190098047256 57.358638912439346 48.844270631670952 49.796239331364632 75.763081535696983 87.943132996559143 9066.9679602310061 80.704143896698952
leaf_count=312 377 204 327 313 306 913 346 237 206 215 315 381 40070 380
internal_value=-4.955e-05 -0.00272099 0.00427262 -0.00557548 -0.00338046 6.21549e-06 -0.013371 0.00233868 -0.000250578 9.17121e-05 0.00485471 -0.0111353 0.000227158 -0.0061183
internal_weight=10186.3 954.411 276.35 678.061 531.322 371.208 146.739 322.73 265.372 197.618 125.559 160.114 9231.88 164.917
internal_count=44902 4075 1169 2906 2247 1560 659 1356 1119 842 530 687 40827 757
is_linear=0
shrinkage=0.03


Tree=235
num_leaves=15
num_cat=0
split_feature=13 2 6 17 9 10 15 12 6 13 6 9 15 18
split_gain=6.87472 17.754 14.8724 14.45 17.6814 16.3555 22.0647 19.0875 14.7603 13.404 21.5927 24.6055 21.8665 41.0681
threshold=0.065537166156423257 0.020628094923026866 0.0057823244778716747 -0.12940952255126037 -0.089450905550283275 1.0768157945235188 0.015312418099776794 -0.25444789273574886 0.018271127952740353 0.083622012448951191 0.0095239482736763949 -0.078667647089077267 -0.01807854320704649 5.8936463438501088
decision_type=2 2 2 2 2 2 2 2 2 2 2 2 2 2
left_child=3 2 -2 5 -5 6 7 -1 -6 -4 -11 -12 13 -13
right_child=1 -3 9 4 8 -7 -8 -9 -10 10 11 12 -14 -15
leaf_value=-0.010154062290369522 -0.018103242283539218 0.0012970758819150015 -0.0054906275389793677 0.015360211119840792 -0.002505776010797346 -0.0027489294051052811 -0.012611858473760784 0.0076348238822129709 0.0054823086974865329 0.0082752316123172517 -0.019557097507003025 -0.017480295895382438 -0.0022618684417934276 0.0062483211200462909
leaf_weight=56.180583029985428 47.311373993754387 2932.208458378911 651.51216935366392 57.818100035190582 1328.6784048676491 281.23530773818493 55.655293583869934 873.85410752147436 244.8685956299305 218.52698700129986 63.946290209889412 71.539885833859444 2716.9320710226893 613.78474745154381
leaf_count=256 213 13112 2852 247 5902 1256 265 3711 1026 928 276 300 12033 2639
internal_value=-1.95e-05 -0.000509384 -0.00171779 0.00121655 -0.000650285 0.00361762 0.005436 0.00654077 -0.00125732 -0.00153075 -0.000827983 -0.00140634 -0.0010539 0.00372767
internal_weight=10214.1 7315.76 4383.55 2898.29 1631.37 1266.93 985.69 930.035 1573.55 4336.24 3684.73 3466.2 3402.26 685.325
internal_count=45016 32353 19241 12663 7175 5488 4232 3967 6928 19028 16176 15248 14972 2939
is_linear=0
shrinkage=0.03


Tree=236
num_leaves=15
num_cat=0
split_feature=5 8 5 7 13 18 7 12 7 14 12 6 7 3
split_gain=8.01356 20.8845 7.32024 10.6011 13.5605 18.7343 10.2401 14.6587 10.4201 12.6057 16.2249 24.4379 22.1426 19.7774
threshold=0.14659746555193234 -0.0085343697550614144 0.065876227065912354 1.0240403595235248 0.46654417097412088 6.7298157540471353 1.8256600406723504 -0.12054561946182284 1.6749971174724869 0.043814024287912152 -0.092137344455892764 0.025214864474341177 0.7061498742001947 0.021283848067866488
decision_type=2 2 2 2 2 2 2 2 2 2 2 2 2 2
left_child=2 -2 6 4 5 -4 8 -8 9 -1 -11 12 -12 -14
right_child=1 -3 3 -5 -6 -7 7 -9 -10 10 11 -13 13 -15
leaf_value=-0.00034024306062339834 0.022419058920906374 0.00081812588588805134 -0.0057653400656560655 -0.0062759818610482031 -0.0087477464810240598 0.01490378725003687 0.019850565830603861 -0.0027704060198710861 -0.012122270712984709 -0.0033101561306119682 0.023066435960967125 0.026292170861090942 0.012023695551824729 -0.0013050460849471212
leaf_weight=8318.3148843199015 48.88156370818615 194.18250317871571 64.640818759799004 397.24814641475677 73.810325160622597 96.01739913225174 53.805238127708435 47.11607314646244 62.15927129983902 224.12832632660866 49.295354679226875 47.696047753095627 136.0666565746069 364.06407417356968
leaf_count=36491 215 866 277 1906 345 441 239 202 277 990 213 208 577 1629
internal_value=-4.95464e-05 0.00530971 -0.000181714 -0.00330151 0.00174845 0.00661893 3.08069e-05 0.00944114 -7.44315e-05 1.01415e-05 0.00355134 0.00612923 0.00428986 0.00235465
internal_weight=10177.4 243.064 9934.36 631.717 234.469 160.658 9302.65 100.921 9201.72 9139.57 821.25 597.122 549.426 500.131
internal_count=44876 1081 43795 2969 1063 718 40826 441 40385 40108 3617 2627 2419 2206
is_linear=0
shrinkage=0.03


Tree=237
num_leaves=15
num_cat=0
split_feature=6 5 7 12 18 13 7 10 18 12 12 15 18 13
split_gain=7.77075 6.72468 15.5417 11.462 26.3303 25.6747 18.6019 23.2451 32.8668 23.0565 26.6462 19.7858 19.435 17.9147
threshold=0.072545201307994842 0.015406535730425943 0.43492487689285364 -0.03566543879980321 8.3826092221426922 0.11458333333333338 0.93550348590961052 0.63713183256346562 7.6792121735963415 -0.11235359616060202 -0.23759120549006077 -0.005557494984520516 5.3815744803939554 0.098543032275251755
decision_type=2 2 2 2 2 2 2 2 2 2 2 2 2 2
left_child=1 3 -3 4 6 -5 7 8 11 10 -8 -1 -13 -11
right_child=-2 2 -4 5 -6 -7 9 -9 -10 13 -12 12 -14 -15
leaf_value=-0.0048436756551203906 -0.0096585386359896996 -0.013297005623348471 -0.00062092205004384341 0.0025123146121643308 -0.013343215767104512 0.023737698119055847 -0.012636936506059912 -0.0030706237130335122 0.021090027716012111 -0.0024167981611015045 0.0079500664783815102 -0.014089126857469061 0.0033211616362850459 0.004940447860703333
leaf_weight=418.86291962116957 72.001768544316292 87.241066992282867 3562.2643587440252 400.46313644945621 122.14067561179399 56.9415233284235 58.974861666560173 1835.5738028883934 73.291981905698776 817.68948273360729 824.53658010810614 58.347510173916817 1339.1885976791382 465.89853483438492
leaf_count=1808 352 416 15984 1679 600 245 265 8134 313 3629 3507 238 5814 1953
internal_value=2.75942e-05 9.8394e-05 -0.00093106 0.000679011 0.000330026 0.00524646 0.000617885 -0.000667796 0.001667 0.00282656 0.00655044 0.000860942 0.00257518 0.000257162
internal_weight=10193.4 10121.4 3649.51 6471.91 6014.5 457.405 5892.36 3725.26 1889.69 2167.1 883.511 1816.4 1397.54 1283.59
internal_count=44937 44585 16400 28185 26261 1924 25661 16307 8173 9354 3772 7860 6052 5582
is_linear=0
shrinkage=0.03


Tree=238
num_leaves=15
num_cat=0
split_feature=16 13 4 18 6 2 6 13 9 12 5 18 5 12
split_gain=8.45637 16.5488 15.373 14.1408 17.3849 22.9151 17.4324 11.8495 19.7577 11.0116 18.9803 17.5444 13.0119 17.5576
threshold=-0.60355339059327362 0.35595698820649962 -0.053343439530131868 7.9531267269284251 0.01099270702449979 -0.0099533494090481272 0.0096796598928621976 0.067931111099355138 -0.027486224713845733 -0.059080841094639062 0.038122275076397212 6.3010607010745172 -0.0027022559493746763 -0.084947037802669809
decision_type=2 2 2 2 2 2 2 2 2 2 2 2 2 2
left_child=1 2 -1 4 5 6 -4 8 -7 11 -11 12 13 -6
right_child=-2 -3 3 -5 9 7 -8 -9 -10 10 -12 -13 -14 -15
leaf_value=0.012815101828784268 0.00057575945221939834 0.0050857397952466486 0.021909211257618886 -0.011611069991884214 0.0026162903642572401 0.019980455928707532 0.00060415072442315365 -0.007251235400865778 -0.0019414599403009612 -0.011517259063900599 7.7531093210433662e-06 -0.0040391724172485063 0.0093944555078459748 -0.017022982424079125
leaf_weight=58.698622703552246 7285.8527481630445 320.6660146266222 83.01446346193552 141.71248935908079 217.63027480244637 48.747174069285393 58.442225359380245 151.35939227044582 135.51446270942688 315.65642394125462 216.08955511450768 975.03800456225872 177.27845869958401 48.372647553682327
leaf_count=265 32048 1427 360 670 897 202 276 659 568 1453 991 4387 743 200
internal_value=2.71954e-05 -0.00132793 -0.00211392 -0.00246476 -0.00192161 0.00320208 0.0132383 -0.00108131 0.00401034 -0.00317711 -0.00685127 -0.00179191 0.00314711 -0.0010555
internal_weight=10234.1 2948.22 2627.55 2568.86 2427.14 477.078 141.457 335.621 184.262 1950.07 531.746 1418.32 443.281 266.003
internal_count=45146 13098 11671 11406 10736 2065 636 1429 770 8671 2444 6227 1840 1097
is_linear=0
shrinkage=0.03


Tree=239
num_leaves=15
num_cat=0
split_feature=16 6 18 3 7 7 18 5 14 6 12 12 6 5
split_gain=7.24519 12.7368 14.6774 12.0478 22.7298 18.8709 18.19 17.1619 27.6968 19.9992 28.6111 16.0167 19.4544 24.0783
threshold=-0.37940952255126059 0.025452989699197712 6.5772162898112052 0.16125444722059437 0.92988335987528437 0.64933370623437947 7.3539007813401875 -0.0048132241857473659 0.022799947970819471 0.023929185959707926 -0.090332429720675053 -0.011529651916017845 0.012155689354186114 0.016056192434171227
decision_type=2 2 2 2 2 2 2 2 2 2 2 2 2 2
left_child=1 -1 -3 5 6 7 -5 9 -9 10 -2 12 13 -7
right_child=3 2 -4 4 -6 11 -8 8 -10 -11 -12 -13 -14 -15
leaf_value=-0.0016239481102423275 -0.0039534228174407104 0.016296320049765785 0.0014615727563191891 0.013703664230720135 -0.0083246031744007611 0.00023819417009806964 -0.0092780234301337184 -0.0081825093025798684 0.0055296399093835713 0.015056332328597991 0.015497692330978578 0.010590853061714799 0.0027715524806838435 -0.011441564152115684
leaf_weight=3197.7540133818984 385.313331566751 66.013255223631859 515.84148199856281 92.552213527262211 317.01093333959579 892.88414287567139 44.434251427650452 574.08252747356892 170.65830835700035 85.972553178668022 80.570778802037239 186.36937464773655 3410.3950984328985 191.21345247328281
leaf_count=14181 1709 279 2320 407 1528 3983 212 2507 751 380 340 803 14813 825
internal_value=0.000161292 -0.000880844 0.00319468 0.000773813 -0.0039271 0.00113205 0.00622286 -0.00206844 -0.00503396 0.0019373 -0.000537648 0.00201909 0.0016591 -0.00183916
internal_weight=10211.1 3779.61 581.855 6431.46 453.997 5977.46 136.986 1296.6 744.741 551.857 465.884 4680.86 4494.49 1084.1
internal_count=45038 16780 2599 28258 2147 26111 619 5687 3258 2429 2049 20424 19621 4808
is_linear=0
shrinkage=0.03


Tree=240
num_leaves=15
num_cat=0
split_feature=11 7 18 18 6 18 12 12 12 6 7 18 3 10
split_gain=6.97883 16.5423 9.8281 7.02958 6.47821 26.2645 18.9298 15.4915 19.9134 24.1485 21.3836 32.5217 19.6123 18.3101
threshold=27.044229352277963 0.73165208399420945 6.7852162938715184 7.2336656338865124 0.024563200756427091 6.4740129853741406 -0.28868627450980383 -0.13600441096659452 -0.36730133195713588 0.051309347991995345 1.5361834215340087 7.6417206011047059 0.16557153438674502 0.8388985345168295
decision_type=2 2 2 2 2 2 2 2 2 2 2 2 2 2
left_child=1 -1 -3 -4 6 -6 -2 8 9 -7 11 -10 -12 -9
right_child=4 2 3 -5 5 7 -8 13 10 -11 12 -13 -14 -15
leaf_value=0.0074903865665915939 -0.014275288351215202 -0.0027911275456607909 -0.026036967264464368 -0.0080522157251438266 0.016253916914978607 0.017135890044164253 2.1424347096809577e-05 0.017829452839031364 -0.011718847104789166 -0.0083145214314946213 0.021870202932173309 0.013795152857497859 -0.0050246115916600855 0.0022382192140249372
leaf_weight=66.280516132712364 82.190031573176384 85.039495714008808 40.323949828743935 41.202042303979397 106.21850846707821 85.35984106361866 8374.2479289248586 73.255636945366859 346.71263037621975 52.92120061814785 42.757136151194572 49.90751713514328 52.354300960898399 693.49552465975285
leaf_count=290 401 377 196 210 448 385 36711 307 1546 251 189 222 267 3161
internal_value=8.13523e-05 -0.00503032 -0.0100424 -0.0173582 0.000201846 0.00201535 -0.000120871 0.000910864 -0.00257013 0.00741615 -0.00539706 -0.00845526 0.0072673 0.00377032
internal_weight=10192.3 232.846 166.565 81.526 9959.42 1502.98 8456.44 1396.76 630.013 138.281 491.732 396.62 95.1114 766.751
internal_count=44961 1073 783 406 43888 6776 37112 6328 2860 636 2224 1768 456 3468
is_linear=0
shrinkage=0.03


Tree=241
num_leaves=15
num_cat=0
split_feature=1 15 18 16 18 13 9 13 18 2 12 15 7 2
split_gain=6.63198 8.62862 11.3127 29.9094 22.9097 20.9544 18.8816 10.5707 9.24767 7.90848 21.8869 26.4417 22.5212 25.2851
threshold=-0.066121304725627925 -0.02578564544310424 6.9713479247110302 0.60355339059327384 6.7787084447893742 0.030839340465501523 0.0027112022047523503 0.089091637819867744 6.4740129853741406 -0.037258567361153093 -0.32292192299467776 0.00098878646260924818 0.90073032677290621 -0.083900097197695797
decision_type=2 2 2 2 2 2 2 2 2 2 2 2 2 2
left_child=-1 2 4 7 5 -2 8 -4 -7 10 11 -3 13 -12
right_child=1 9 3 -5 -6 6 -8 -9 -10 -11 12 -13 -14 -15
leaf_value=0.0070346491908920544 0.0092908913707241102 0.0024048551491705249 -0.024565429567489441 0.0071781152649236799 0.016628296370102349 -0.0083946947658362688 0.0028170162566522883 -0.0075458441668903031 -0.023622840479670639 -0.00031298528043361139 -0.0141771560351823 0.030092550690882444 0.0045350782615791166 -5.3496647732503841e-05
leaf_weight=115.2342529296875 82.026810556650162 75.664943367242813 76.417918033897877 65.439222395420074 56.787221394479275 98.087536320090294 90.626721933484077 60.781720578670502 58.306597456336021 7910.3105759173632 140.5346288383007 51.095913887023926 763.25178102403879 571.5480839163065
leaf_count=527 373 343 416 297 252 411 394 280 252 34940 600 220 3280 2488
internal_value=-5.96791e-05 -0.00014199 -0.00366095 -0.00936295 -0.000633443 -0.00369494 -0.00804706 -0.0172422 -0.0142986 7.643e-05 0.00199715 0.0138595 0.000960553 -0.0028728
internal_weight=10216.1 10100.9 588.474 202.639 385.835 329.048 247.021 137.2 156.394 9512.41 1602.1 126.761 1475.33 712.083
internal_count=45073 44546 2675 993 1682 1430 1057 696 663 41871 6931 563 6368 3088
is_linear=0
shrinkage=0.03


Tree=242
num_leaves=15
num_cat=0
split_feature=6 4 3 14 9 6 18 5 12 5 6 14 13 12
split_gain=6.2101 6.94204 26.956 11.8864 9.46663 7.21832 24.4076 20.9795 16.1384 19.595 21.6526 19.3952 19.7501 18.9712
threshold=0.072545201307994842 -0.053343439530131868 -0.13665123082967898 -0.11573092084846036 -0.0051381798923163515 0.023929185959707926 6.5404909210247908 -0.0083091896704356443 -0.13600441096659452 0.09395283200656869 0.031816251357375334 0.027426584857484618 0.30011888181386154 -0.058515498771929901
decision_type=2 2 2 2 2 2 2 2 2 2 2 2 2 2
left_child=1 2 -1 -3 -4 -5 7 -7 -8 10 11 -10 -13 -14
right_child=-2 3 4 5 -6 6 8 -9 9 -11 -12 12 13 -15
leaf_value=-0.013320790623438642 -0.0083208172465968171 -0.012287510380458375 0.0056945317591240727 -6.3771589081115739e-05 0.022576914791223295 0.028837394817132798 -0.0038249456712954356 0.0058009277503297116 -0.0024612857287332878 -0.0024697448163339144 0.020369903905028373 0.019680295717819762 -0.01289121770259404 0.014039037672747119
leaf_weight=44.236047342419624 74.093590900301933 66.355340659618378 66.687565885484219 8492.3009586557746 55.048691555857658 49.967044480144978 437.80793303251266 117.35321700572968 200.79429434239864 315.80872039496899 88.464204862713814 102.54991380870342 45.356155037879944 44.820525750517845
leaf_count=191 362 299 296 37326 244 210 1979 490 882 1452 410 449 207 206
internal_value=0.000217597 0.000281695 0.00632977 0.000179676 0.0135702 0.000265745 0.00225765 0.0129397 0.000792561 0.00332975 0.00712423 0.00405864 0.010807 0.000508118
internal_weight=10201.6 10127.6 165.972 9961.58 121.736 9895.22 1402.92 167.32 1235.6 797.794 481.985 393.521 192.727 90.1767
internal_count=45003 44641 731 43910 540 43611 6285 700 5585 3606 2154 1744 862 413
is_linear=0
shrinkage=0.03


Tree=243
num_leaves=15
num_cat=0
split_feature=16 7 14 11 9 8 6 6 1 13 14 15 6 11
split_gain=6.69558 11.0848 12.9024 19.3507 16.8782 13.8057 13.3712 20.3129 13.0906 12.2023 11.5206 11.2745 9.76283 16.3416
threshold=-0.5 0.66099860519247733 0.021149876307809515 46.543350293083776 0.042213675992648976 -0.0019867696310438827 0.015916596989632371 0.019895411486316985 0.01060430878701746 0.10163134417876631 0.11975068355345998 -0.0017368480618271673 0.02344291819103381 64.073850033115676
decision_type=2 2 2 2 2 2 2 2 2 2 2 2 2 2
left_child=12 2 3 5 -5 -2 9 -8 -4 -7 -3 -12 -1 -14
right_child=1 10 8 4 -6 6 7 -9 -10 -11 11 -13 13 -15
leaf_value=-0.0017909976098760118 0.0051516342116866981 0.0015932596105269123 0.011025749552996704 -0.0079026833188431869 0.0058299062438740123 -0.0049404778658158274 -0.026354456645686544 0.00045016060217027411 -0.0034435749756288763 0.013412654361640583 -0.012338650022872877 0.00051050310914186681 0.00013639935326655305 0.012649598677775029
leaf_weight=2683.0549399852753 339.3944151327014 5128.399631485343 131.29250401258469 614.12491354346275 91.188090264797211 86.375249557197094 47.169735163450241 52.596564754843712 96.082461789250374 49.71429543197155 105.47411416471004 143.19627556204796 550.08526173233986 111.28152339160442
leaf_count=11962 1462 22451 581 2701 405 382 212 225 427 224 501 664 2463 477
internal_value=0.000114555 0.000649442 -0.00162217 -0.00279228 -0.00611577 0.00128971 -0.00426416 -0.012492 0.00493469 0.00186118 0.00128686 -0.00499446 -0.000986324 0.00227366
internal_weight=10229.4 6885.01 1507.94 1280.56 705.313 575.25 235.856 99.7663 227.375 136.09 5377.07 248.67 3344.42 661.367
internal_count=45137 30235 6619 5611 3106 2505 1043 437 1008 606 23616 1165 14902 2940
is_linear=0
shrinkage=0.03


Tree=244
num_leaves=15
num_cat=0
split_feature=3 10 6 18 3 9 10 18 14 6 6 13 18 12
split_gain=6.25201 22.1518 29.746 20.7601 13.9097 17.3455 19.8625 20.6152 16.0342 14.7768 13.6208 19.7779 25.6599 12.4671
threshold=-0.068308719208429611 0.31600977367763022 0.010425532623872196 5.9583291565361938 -0.031556827909288925 0.0073028877978948423 1.1080932551264389 5.8128637627467681 0.01583993258712663 0.01330741619121922 0.012915298243430145 0.053611646916030049 6.4532216002520917 -0.21953679407520973
decision_type=2 2 2 2 2 2 2 2 2 2 2 2 2 2
left_child=1 -1 -3 -4 5 6 7 -2 10 -8 -9 -12 -13 -5
right_child=4 2 3 13 -6 -7 9 8 -10 -11 11 12 -14 -15
leaf_value=0.014364673245926666 -0.0080808810693566279 -0.025033376349067316 0.014900426392307767 -0.0082459816771385756 -4.2237573898709719e-05 -0.0014247796880755116 0.027429866751979573 -0.0038041938844227971 0.016755128932989388 0.0081171097704785828 0.015456578377053127 0.015616113890056224 -0.0054486315974762705 -0.00075154898559280029
leaf_weight=68.932782053947449 113.05385817587376 50.232410207390785 60.813829496502876 277.84170614182949 7714.108008377254 470.62929289788008 56.206274800002575 155.05279633402824 98.181231617927551 98.867970481514931 142.2719279229641 74.690378561615944 160.03461763262749 699.83202832937241
leaf_count=296 459 284 249 1261 34119 2053 267 700 417 415 605 310 682 3077
internal_value=0.000187877 -0.00188652 -0.00293992 -0.00182518 0.000452619 0.00323708 0.00567706 0.00361747 0.0057349 0.0153771 0.00364616 0.00671427 0.00132955 -0.00289385
internal_weight=10240.7 1157.65 1088.72 1038.49 9083.1 1368.99 898.359 743.285 630.231 155.074 532.05 376.997 234.725 977.674
internal_count=45194 5167 4871 4587 40027 5908 3855 3173 2714 682 2297 1597 992 4338
is_linear=0
shrinkage=0.03


Tree=245
num_leaves=15
num_cat=0
split_feature=8 9 13 3 10 11 13 16 15 3 10 7 18 12
split_gain=7.1533 15.2976 15.0786 36.0119 14.9833 15.4498 10.9128 13.3898 10.4921 9.77035 15.0182 21.0603 31.6944 15.7655
threshold=-0.079731300377646988 -0.019416692609639154 0.063226755104187085 -0.033251952193183547 0.45940736500038126 51.658642213460269 0.23727653721209277 -0.5 0.0044342193235689118 -0.032344517514200831 0.35283088983095129 0.91232259555004169 7.8439769862691513 -0.17142465324034153
decision_type=2 2 2 2 2 2 2 2 2 2 2 2 2 2
left_child=1 2 3 -1 -4 -6 7 -3 -7 10 13 12 -12 -2
right_child=9 6 4 -5 5 8 -8 -9 -10 -11 11 -13 -14 -15
leaf_value=-0.012194130218377185 0.0036810632711259728 -0.0051261430093980766 0.0042759581622327436 0.01064994996782145 -0.017098223458107544 -0.011475259661915763 -0.0104257307574579 0.008686875049192435 0.0074452519978330835 -0.0003176898531306968 -0.002569655337329787 0.0046407827339198758 0.019782170478311392 0.023128539099975413
leaf_weight=111.59118796885014 106.03052742779255 87.995230466127396 59.35129189491272 135.03085081279278 191.72627048194408 54.09643666446209 48.629202008247375 212.3456171900034 47.924067556858063 7013.7744689583778 1105.9141082465649 923.80275601148605 58.206375360488892 56.885083958506584
leaf_count=483 464 381 248 569 815 230 218 912 201 31139 4932 3998 255 237
internal_value=-1.99466e-05 -0.0024982 -0.00539759 0.000298549 -0.00935534 -0.0121198 0.00248688 0.00463274 -0.0026151 0.00023431 0.00195313 0.00126345 -0.00142005 0.0106697
internal_weight=10213.3 948.69 599.72 246.622 353.098 293.747 348.97 300.341 102.021 9264.61 2250.84 2087.92 1164.12 162.916
internal_count=45082 4057 2546 1052 1494 1246 1511 1293 431 41025 9886 9185 5187 701
is_linear=0
shrinkage=0.03


Tree=246
num_leaves=15
num_cat=0
split_feature=6 18 13 10 13 13 10 18 18 8 9 13 9 2
split_gain=6.80224 15.9013 20.4986 20.9139 21.9403 19.2042 27.7015 35.5148 41.9561 23.0991 22.5594 18.0837 16.5279 15.2329
threshold=0.01970685084849046 6.8599106008785951 0.11712172991353965 1.0114499150685103 0.049770404428216904 0.14614099548313988 0.94917637301619873 7.6256146430630647 7.1801079975898583 -0.052790980884397674 -0.010319748004362498 0.19679567175218263 -0.0035809399689101236 0.024636273857502559
decision_type=2 2 2 2 2 2 2 2 2 2 2 2 2 2
left_child=-1 2 3 4 -2 9 7 8 13 -3 -10 12 -8 -7
right_child=1 5 -4 -5 -6 6 11 -9 10 -11 -12 -13 -14 -15
leaf_value=-0.00055747941552974369 0.018401645456879171 -0.024691769073146092 0.0016160962509101332 0.021909036441629514 -0.0026042284243906707 0.020697376509316422 -0.0051914957422790472 0.022655047457992041 0.0075227609991041101 -0.0036230363009202011 -0.016984199236633919 -0.0033368124687612462 0.017074278762211372 0.00054049482800102471
leaf_weight=7168.136133491993 67.302537336945534 53.882416561245918 993.89098846167326 96.751722931861877 125.16686150431633 93.490006268024445 46.768791124224663 101.58026428520679 49.15621180832386 295.80038572847843 99.978283509612083 875.74924936890602 78.085474848747253 52.350751578807831
leaf_count=31627 282 227 4239 411 523 399 201 441 210 1276 451 4137 347 228
internal_value=-5.37569e-05 0.00113751 0.00367059 0.0106711 0.0048548 -0.00072519 0.000850893 0.00754023 0.00221764 -0.00699146 -0.00891381 -0.00180995 0.00878346 0.0135671
internal_weight=10198.1 3029.95 1283.11 289.221 192.469 1746.84 1397.16 396.556 294.975 349.683 149.134 1000.6 124.854 145.841
internal_count=44999 13372 5455 1216 805 7917 6414 1729 1288 1503 661 4685 548 627
is_linear=0
shrinkage=0.03


Tree=247
num_leaves=15
num_cat=0
split_feature=7 7 13 7 13 18 13 5 8 5 13 12 12 13
split_gain=9.09116 6.97236 21.0151 14.1173 16.0653 8.56111 28.0387 15.1924 15.5276 19.8967 14.1752 21.5949 22.3554 21.9506
threshold=2.2162349504240297 1.8256600406723504 0.3176960873363957 1.6749971174724869 0.28097225973831591 6.3010607010745172 0.36430903247674035 0.062362216550208023 0.095063410502390991 0.028422645287565333 0.27217617502848396 -0.21953679407520973 -0.17142465324034153 0.091156969332912965
decision_type=2 2 2 2 2 2 2 2 2 2 2 2 2 2
left_child=1 3 -3 5 -5 6 7 8 9 10 11 13 -13 -1
right_child=-2 2 -4 4 -6 -7 -8 -9 -10 -11 -12 12 -14 -15
leaf_value=-4.3296226004381368e-05 -0.010607583360328712 0.016159829334878029 -0.0058092560299231946 -0.0200675153320128 0.0030153026270850706 -0.00067776942208211421 0.022362201659691799 -0.014772487761703007 -0.0057620856458952098 0.0083025377848005601 -0.014679361720573573 -0.012287566782605145 0.0012209576278532635 0.026827364128959343
leaf_weight=51.894633308053017 72.873259350657463 83.838373482227325 70.635135412216187 65.319292545318604 44.683986768126488 6852.4721881076694 53.545443207025528 53.014511823654175 264.16758699715137 366.85091345012188 50.125309765338898 114.76190529763699 1978.1929773837328 55.859884813427925
leaf_count=222 341 366 327 297 212 30976 228 221 1125 1526 212 485 8161 237
internal_value=-0.00019244 -0.000115249 0.00616831 -0.000214012 -0.0108047 -9.34559e-05 0.00124594 0.000845717 0.00114307 0.00184379 0.000784674 0.00114991 0.000469228 0.0141215
internal_weight=10178.2 10105.4 154.474 9950.89 110.003 9840.89 2988.41 2934.87 2881.85 2617.69 2250.83 2200.71 2092.95 107.755
internal_count=44936 44595 693 43902 509 43393 12417 12189 11968 10843 9317 9105 8646 459
is_linear=0
shrinkage=0.03


Tree=248
num_leaves=15
num_cat=0
split_feature=3 1 14 18 10 18 5 7 6 10 18 10 7 7
split_gain=11.0044 12.6538 12.9739 28.9378 34.7219 21.7519 22.9281 22.5164 19.288 24.6033 19.9934 24.1725 19.8315 18.7347
threshold=0.037669827300517857 -0.034079433970644495 -0.013495168699506272 5.9319261242941321 0.5387156494961487 6.3540751126841224 0.062362216550208023 0.48079697570299745 0.0077623385138668967 1.7003728340633033 6.6977727819087143 0.68008156658450702 1.0391425671895977 0.85683153132860279
decision_type=2 2 2 2 2 2 2 2 2 2 2 2 2 2
left_child=-1 -2 3 -3 -5 6 7 -4 -7 10 13 -12 -11 -10
right_child=1 2 5 4 -6 8 -8 -9 9 12 11 -13 -14 -15
leaf_value=0.00082830861592515163 0.0053336075124063732 -0.024336181647238834 -0.013208559453750914 0.014038684676873742 -0.0062648307418535689 0.016555040259475989 -0.011261024230956252 0.0071871289458337049 -0.018287311949573969 0.021282197988939596 0.0087870501530788424 -0.0048996854430474069 0.00056312531818555639 -0.0051051886725247955
leaf_weight=6679.9836434051394 243.19128961861134 63.780638620257378 51.228026449680328 86.456638298928738 530.77371674776077 44.813110560178757 80.633594930171967 593.684724599123 171.16998374462128 43.11800791323185 136.30086158216 725.69147393852472 531.44937485456467 225.79874555766582
leaf_count=29078 1117 265 242 379 2399 188 340 2484 795 196 608 3484 2474 1030
internal_value=0.000112537 -0.00124238 -0.00173217 -0.00541246 -0.00338472 -0.000766231 0.00363916 0.00553119 -0.00246996 -0.00295248 -0.00529752 -0.00272017 0.0021864 -0.0108524
internal_weight=10208.1 3528.09 3284.9 681.011 617.23 2603.89 725.546 644.913 1878.34 1833.53 1258.96 861.992 574.567 396.969
internal_count=45079 16001 14884 3043 2778 11841 3066 2726 8775 8587 5917 4092 2670 1825
is_linear=0
shrinkage=0.03


Tree=249
num_leaves=15
num_cat=0
split_feature=3 10 6 12 18 18 12 3 8 15 14 7 10 12
split_gain=6.42647 22.5756 26.9052 21.4601 16.5031 16.0006 19.7144 14.3657 14.8542 13.7355 12.3673 11.4049 26.3426 19.4916
threshold=-0.068308719208429611 0.3449974694484727 0.010425532623872196 -0.24493284747527319 7.1801079975898583 6.0237931696130538 -0.18018825678202446 -0.031556827909288925 -0.12192488087997221 -0.0019921590672780094 -0.064116182166903166 0.81813420758547994 1.4750506530710505 -0.06079953676896354
decision_type=2 2 2 2 2 2 2 2 2 2 2 2 2 2
left_child=1 -1 -3 4 -4 -5 9 8 -2 -7 -10 12 -9 -13
right_child=7 2 3 5 -6 6 -8 11 10 -11 -12 13 -14 -15
leaf_value=0.012009613806520788 -0.011038327807384909 -0.024386792918847874 -0.014807415482425377 0.013698956931234119 0.0053973194812807837 0.014842667042638662 -0.0041170680211792075 0.00077437376567069066 -0.007053794301068359 -0.0017363167537020469 0.0045422551351659689 0.00074022656209399567 0.022701076118759721 -0.0031562091448514074
leaf_weight=91.355837106704712 62.189130678772926 50.202310346066952 172.07034040987492 67.890514448285103 44.875653803348541 96.565312251448631 553.87702737003565 3062.8106145486236 87.072837650775909 82.024344876408577 1212.0164595842361 2294.2742578834295 48.124072059988976 2324.538577504456
leaf_count=393 264 286 798 278 206 412 2446 13373 368 361 5243 10116 212 10504
internal_value=-4.3412e-05 -0.00214538 -0.00337694 -0.00229432 -0.0106169 -1.75447e-05 -0.00132273 0.000224945 0.00306433 0.00729322 0.00375537 -0.000275759 0.00112793 -0.00122127
internal_weight=10249.9 1158.86 1067.51 1017.3 216.946 800.357 732.467 9091.03 1361.28 178.59 1299.09 7729.75 3110.93 4618.81
internal_count=45260 5180 4787 4501 1004 3497 3219 40080 5875 773 5611 34205 13585 20620
is_linear=0
shrinkage=0.03


Tree=250
num_leaves=15
num_cat=0
split_feature=6 3 11 3 12 6 6 16 15 11 15 10 8 14
split_gain=7.13239 6.84329 11.9869 6.16445 9.99557 30.5034 14.4257 17.4815 13.4915 17.9895 15.3055 13.4067 14.7381 13.254
threshold=0.072545201307994842 0.34375298588291098 68.052193004493901 0.053404515334724463 -0.029333604943301502 0.012915298243430145 0.013249917938148581 0.25881904510252091 0.014735725474825935 77.596107970244802 0.0042442970489080531 0.778790689526483 -0.060006965235293939 0.013172240107805601
decision_type=2 2 2 2 2 2 2 2 2 2 2 2 2 2
left_child=1 3 -3 -1 5 -5 7 -6 9 10 -8 12 -7 -13
right_child=-2 2 -4 4 6 11 8 -9 -10 -11 -12 13 -14 -15
leaf_value=0.00021614978296542492 -0.0095977261014584415 0.015984137142777199 -0.0035938531366039241 -0.015485102482401777 -0.00091020710826267054 0.017783916807763769 0.0002677180433397817 0.017241531020045945 0.012283015321591385 0.013741920838776261 -0.01146235133673819 -0.0065810365206870934 0.00098800421392956851 -0.00048265726055863462
leaf_weight=7389.4006207883358 70.351456001400948 60.500502094626427 50.093610018491745 150.16024485230446 90.661038249731064 51.312062881886959 226.08273246884346 98.443824112415314 58.504266768693924 50.543177425861359 177.54970394074917 546.12355236709118 400.84502178430557 774.04056657850742
leaf_count=32156 346 280 216 688 403 221 1039 420 260 219 835 2519 1778 3634
internal_value=-0.000211949 -0.000144847 0.00720997 -0.000227499 -0.00147594 -0.00259389 0.00158526 0.00862074 -0.00103323 -0.00279488 -0.00492318 -0.00148545 0.00296397 -0.00301156
internal_weight=10194.6 10124.3 110.594 10013.7 2624.27 1922.48 701.785 189.105 512.68 454.176 403.632 1772.32 452.157 1320.16
internal_count=45014 44668 496 44172 12016 8840 3176 823 2353 2093 1874 8152 1999 6153
is_linear=0
shrinkage=0.03


Tree=251
num_leaves=15
num_cat=0
split_feature=12 13 6 7 7 13 6 13 4 8 16 6 13 14
split_gain=7.91183 17.1086 21.2118 15.5311 11.8086 15.5881 16.5838 12.3822 11.2746 18.0229 10.5407 8.63913 11.5254 16.0013
threshold=-0.025080990973044944 0.077475863682760396 0.0041966063288453948 0.57067200434229315 0.82615195617750525 0.11823702905146673 0.010425532623872196 0.23019674308055207 0.04750151867729125 -0.034467278584199255 -0.37940952255126059 0.018912362693519206 0.19083649633507396 0.032138503902892086
decision_type=2 2 2 2 2 2 2 2 2 2 2 2 2 2
left_child=-1 2 -2 -3 5 -5 -7 -8 9 -6 -11 12 -12 -14
right_child=1 3 -4 4 8 6 7 -9 -10 10 11 -13 13 -15
leaf_value=-1.7126776902699967e-05 -0.0024297339461173445 -0.016126047187587284 0.018923715008777944 -0.006640773522080267 0.0094321502283148083 0.026467765215647351 -0.0037482693967812284 0.014218708925850362 0.0057229582761037902 -0.01363403357028479 -0.0061136565850553101 -0.014099386594375126 0.020574551397656109 -0.0044981594329267819
leaf_weight=9117.2442111894488 65.329220041632652 43.244003757834435 112.56366018950939 52.542157992720604 83.639896988868713 48.081078410148621 61.734989747405052 74.418271496891975 194.23543737828732 107.86383178830147 110.53980185091496 44.193448185920715 44.428229779005051 44.057810768485069
leaf_count=40316 272 196 465 221 356 198 274 318 862 503 478 208 202 199
internal_value=0.000271529 0.00268851 0.0111421 0.00101326 0.00190458 0.00758452 0.0116692 0.00613575 -0.000250945 -0.00293409 -0.00591688 -0.00241117 0.000298643 0.00826718
internal_weight=10204.1 1086.87 177.893 908.979 865.735 236.776 184.234 136.153 628.958 434.723 351.083 243.219 199.026 88.486
internal_count=45068 4752 737 4015 3819 1011 790 592 2808 1946 1590 1087 879 401
is_linear=0
shrinkage=0.03


Tree=252
num_leaves=15
num_cat=0
split_feature=12 10 15 15 7 18 18 18 13 7 18 5 5 6
split_gain=8.42362 25.6296 20.8665 21.2585 22.8127 13.3661 12.8871 10.05 30.6847 29.3163 10.4328 10.2475 10.1686 27.0928
threshold=-0.019693240622812688 0.76747083486136469 0.01261683568865646 0.00051872411982145661 0.88460303684675823 6.4740129853741406 6.3540751126841224 8.1485013757016684 0.36430903247674035 0.83654387645676931 8.3826092221426922 0.010210764616540137 0.01644564506951263 0.012379719826636796
decision_type=2 2 2 2 2 2 2 2 2 2 2 2 2 2
left_child=7 5 3 4 -3 -2 -6 12 9 10 -9 -11 -1 -14
right_child=1 2 -4 -5 6 -7 -8 8 -10 11 -12 -13 13 -15
leaf_value=0.00075928892031186133 -0.00050890032976715288 0.019721961923569762 0.016244320078711488 -0.0034940317053097397 0.01494153493607054 -0.019509577056367633 -0.0035517440395356099 -0.0058992755164202233 0.01595367248873291 -0.011488562330514641 0.012409686225206877 -0.027854611712250621 -0.010031116659173044 -0.00041014893055144297
leaf_weight=6255.5519693940878 77.47200345993042 101.81064055860043 130.59914813935757 244.73628708720207 45.342890948057175 56.613063722848892 117.76353238523006 51.312910676002502 51.657265409827232 152.0024601444602 57.397760935127735 45.33523128926754 291.7788133919239 2551.6211136728525
leaf_count=27232 336 434 560 1079 187 248 536 217 242 751 252 228 1301 11578
internal_value=0.000135359 0.00313945 0.00563833 0.00286767 0.00872689 -0.00870014 0.00170803 -0.000111236 -0.0050295 -0.0086518 0.00381716 -0.0154902 8.31776e-05 -0.00140377
internal_weight=10231 774.338 640.252 509.653 264.917 134.085 163.106 9456.66 357.706 306.048 108.711 197.338 9098.95 2843.4
internal_count=45181 3380 2796 2236 1157 584 723 41801 1690 1448 469 979 40111 12879
is_linear=0
shrinkage=0.03


Tree=253
num_leaves=15
num_cat=0
split_feature=7 7 15 5 10 7 6 15 13 8 4 18 6 2
split_gain=5.71206 14.3351 16.6976 24.379 10.239 13.9693 12.6759 7.54369 7.12948 17.0128 17.095 14.8932 32.512 35.9006
threshold=2.2162349504240297 1.8256600406723504 0.0050140955890514158 0.041890711711679469 2.9266881979313846 1.6749971174724869 0.032492926531777391 0.039721923343194916 0.065537166156423257 0.014429284449957282 0.0072699298555722889 6.3475855219622792 0.0079100468750067637 -0.0099533494090481272
decision_type=2 2 2 2 2 2 2 2 2 2 2 2 2 2
left_child=1 4 3 -3 5 7 -6 8 9 10 -1 12 -10 -14
right_child=-2 2 -4 -5 6 -7 -8 -9 11 -11 -12 -13 13 -15
leaf_value=0.0034367302703441779 -0.0082008748242682478 0.018715704391841923 0.023448122660357541 -0.0095253566980127435 0.018710145142810903 -0.012468428534111333 -5.6533109795625664e-05 0.0090928768653642574 -0.016927927019193378 -0.0021701307713223915 -0.0084080568785831877 -0.0017099897701908281 -0.0045358293985233765 0.0043595222012860254
leaf_weight=1769.3010317161679 74.838608637452126 45.417673826217651 47.351076290011406 63.60583259165287 55.740930646657944 81.41913765668869 73.760020673274994 77.009218528866768 82.736544907093048 976.24385868757963 115.01765309274197 4612.8998684957623 551.87590180337429 1553.5014480799437
leaf_count=7715 350 196 211 291 243 378 353 334 367 4300 508 20933 2306 6498
internal_value=-5.22706e-05 9.68419e-06 0.00896436 0.00236469 -0.000132828 -0.000244135 0.00818289 -0.000139395 -0.000214849 0.00104126 0.00270558 -0.000743331 0.00129424 0.00202572
internal_weight=10180.7 10105.9 156.375 109.024 9949.51 9820 129.501 9738.59 9661.58 2860.56 1884.32 6801.01 2188.11 2105.38
internal_count=44983 44633 698 487 43935 43339 596 42961 42627 12523 8223 30104 9171 8804
is_linear=0
shrinkage=0.03


Tree=254
num_leaves=15
num_cat=0
split_feature=12 13 10 18 18 18 11 7 18 7 9 6 13 18
split_gain=7.50472 14.7661 20.4329 12.2791 12.2249 11.1699 9.68541 13.5457 9.34165 19.3852 9.13107 10.7055 8.62443 10.8482
threshold=-0.024492736575898452 0.047567919411385391 0.94517692207437798 8.7813958486298702 6.0689115527627626 8.4940213629461834 66.91575890711924 0.77598304206069646 8.3290862474165639 0.93550348590961052 0.024671402852369965 0.012725388598868745 0.20787077421528125 5.7752188881966999
decision_type=2 2 2 2 2 2 2 2 2 2 2 2 2 2
left_child=3 2 -2 5 12 8 7 -6 -1 -10 11 -9 13 -3
right_child=1 4 -4 -5 6 -7 -8 10 9 -11 -12 -13 -14 -15
leaf_value=-0.00026172766384932307 -0.0018757789144635845 0.0075391964776246774 0.024052819460339096 -0.012826305666590092 0.0049827662005712987 0.012597851999229786 0.0027950279459201034 3.3268522020082028e-05 0.0051850937560773422 -0.020683453709719649 0.00026166955908352851 -0.016224659547897563 0.013933159368282065 -0.0087890475563210703
leaf_weight=8884.1877844259143 48.35957083106041 116.11463969945908 60.172506883740425 68.762801438570023 99.594669163227081 58.212134785950184 315.50555495917797 50.491987958550453 45.634912714362144 56.842774115502834 83.864092126488686 129.01532548666 91.031148724257946 51.17339663207531
leaf_count=39205 200 477 248 334 436 275 1394 217 208 291 383 619 386 212
internal_value=-0.000101605 0.00230351 0.0126747 -0.000377913 0.00107751 -0.000280461 -0.00104017 -0.00437093 -0.000366666 -0.00928505 -0.00791896 -0.0117016 0.00660483 0.00249956
internal_weight=10159 1045.32 108.532 9113.64 936.791 9044.88 678.472 362.966 8986.67 102.478 263.371 179.507 258.319 167.288
internal_count=44885 4572 448 40313 4124 39979 3049 1655 39704 499 1219 836 1075 689
is_linear=0
shrinkage=0.03


Tree=255
num_leaves=15
num_cat=0
split_feature=7 5 12 7 12 6 12 5 9 6 7 16 18 7
split_gain=7.20592 28.4794 21.1046 16.899 18.8911 14.5232 17.9696 7.72597 6.98239 21.9642 43.2745 12.7906 12.6461 13.0299
threshold=0.42482897057193197 0.0010992909413364285 -0.09688711258297826 0.37101332288269023 -0.12566600201060904 0.024986023681098337 -0.24493284747527319 -0.10283057604657851 -0.061269160684875916 0.013711324769845041 0.61220923471340283 0.78656609248549325 6.4740129853741406 0.95681979827425823
decision_type=2 2 2 2 2 2 2 2 2 2 2 2 2 2
left_child=1 2 5 4 -3 6 -1 -2 9 10 -9 -12 13 -11
right_child=7 3 -4 -5 -6 -7 -8 8 -10 12 11 -13 -14 -15
leaf_value=-0.017843588404787513 -0.010432834021508696 0.0094386923686906998 0.016776475811519753 -0.022701322701422312 -0.013789413772049766 0.012447746264975338 0.001513227207836794 -0.019447751457891217 0.00030351745194495287 0.0081646726301318803 0.013287248780825036 -0.0031901110170142418 -0.01748762507609819 -0.01223401204468434
leaf_weight=68.033260472118855 60.901362359523773 48.364114478230476 68.218302682042122 79.795374631881714 82.896313458681107 47.228476628661156 111.76742559671402 61.337302595376968 9120.9051272571087 49.41581854224205 153.17742695659399 57.416385114192963 109.68423669040203 60.589144915342331
leaf_count=319 275 237 279 358 388 209 486 265 40319 206 676 250 474 252
internal_value=-0.000135986 -0.00361763 0.00239972 -0.0119788 -0.0052176 -0.00202902 -0.00592676 4.69514e-05 0.000115504 -0.00335976 0.00233843 0.00880711 -0.0103704 -0.00308846
internal_weight=10179.7 506.303 295.247 211.056 131.26 227.029 179.801 9673.43 9612.53 491.62 271.931 210.594 219.689 110.005
internal_count=44993 2276 1293 983 625 1014 805 42717 42442 2123 1191 926 932 458
is_linear=0
shrinkage=0.03


Tree=256
num_leaves=15
num_cat=0
split_feature=15 6 9 12 13 18 16 13 1 18 6 7 9 14
split_gain=6.34028 12.7529 11.1083 22.7758 19.4335 14.6465 12.1772 11.2082 10.8287 9.50478 16.7789 7.74239 18.7844 30.0302
threshold=-0.02578564544310424 0.012594840709740091 0.0021041896654986907 -0.091444515147659486 0.10716167323773453 6.4740129853741406 -0.25881904510252113 0.18523303597943466 -0.0041539604006521061 6.7787084447893742 0.024986023681098337 0.63729187891298322 -0.0517524511653265 -0.00032102479906237486
decision_type=2 2 2 2 2 2 2 2 2 2 2 2 2 2
left_child=1 8 4 7 5 -3 -7 -4 -1 -6 -11 12 13 -2
right_child=11 2 3 -5 9 6 -8 -9 -10 10 -12 -13 -14 -15
leaf_value=-0.022308406404870636 -0.0024521111680164934 0.0014089423979797204 0.019778765554329166 -0.011152903648480549 -0.0048399706676499404 -0.029802202651274982 -0.0079078267464149851 0.00075783090600714423 -0.0030827204610921286 0.019094680477945325 -0.0048858931995435688 0.00068329019806302868 -0.00042921263353521512 -0.027587411560394098
leaf_weight=49.051907747983932 142.37171276658773 45.490552350878716 71.891327895224094 50.597588881850243 93.116189450025558 46.596316754817963 46.891030132770538 45.041278019547462 56.083410449326038 55.845744103193283 46.878650933504105 7623.4993983432651 1751.5811720639467 59.434565126895905
leaf_count=265 606 194 321 224 391 221 199 205 309 235 211 33591 7773 257
internal_value=6.27199e-05 -0.00290417 -0.000896412 0.0053708 -0.00404555 -0.0125409 -0.0192161 0.012588 -0.0123017 0.00204898 0.00826675 0.000251484 -0.00143271 -0.0100529
internal_weight=10184.4 607.484 502.349 167.53 334.818 138.978 93.4873 116.933 105.135 195.841 102.724 9576.89 1953.39 201.806
internal_count=45002 2775 2201 750 1451 614 420 526 574 837 446 42227 8636 863
is_linear=0
shrinkage=0.03


Tree=257
num_leaves=15
num_cat=0
split_feature=18 12 12 3 1 12 6 9 7 15 18 7 12 18
split_gain=6.55414 13.8042 35.9055 28.062 21.5088 17.1724 11.3978 11.1716 10.1724 17.9712 15.8761 22.9589 12.8949 12.2031
threshold=7.3995875360315617 -0.16034389327747253 -0.20992185421654699 -0.037948349077807968 -0.0039974418294526073 -0.11152572968657419 0.051309347991995345 -0.018241345201001648 1.1084334426325293 -0.016479919178496335 7.9848460139117767 1.1995394041198046 -0.023827326783842081 7.7347933389356465
decision_type=2 2 2 2 2 2 2 2 2 2 2 2 2 2
left_child=-1 2 6 4 5 -3 -2 -4 9 -5 11 -10 -13 -11
right_child=1 3 7 8 -6 -7 -8 -9 10 13 -12 12 -14 -15
leaf_value=0.00031625806807118506 0.013448362659350201 0.01196853478080913 -0.0066950488938495771 -0.015939647587594974 0.019874055318665842 -0.013772088746656641 -0.005919766199808385 -0.025475705378410506 0.022566224697173357 -0.0067750141669326068 -0.0062996670171458656 -0.0026702796742077094 0.015239534157156487 0.00065999336645941207
leaf_weight=8418.7095649242401 56.44277349114418 46.426837727427483 45.715193942189217 98.155627675354481 96.472804985940456 43.00381064414978 49.756429716944695 82.69851265847683 57.281812101602554 340.2887004762888 140.64098419994116 159.86345207691193 44.61506561934948 472.77942721545696
leaf_count=36754 249 199 196 481 437 217 253 390 269 1613 685 772 210 2146
internal_value=-2.97809e-05 -0.00170812 -0.00844263 -0.000644611 0.0102013 -0.000439658 0.00443232 -0.018995 -0.00219269 -0.00394438 0.00177385 0.00612654 0.00134722 -0.00246073
internal_weight=10152.9 1734.14 234.613 1499.53 185.903 89.4306 106.199 128.414 1313.63 911.224 402.401 261.76 204.479 813.068
internal_count=44871 8117 1088 7029 853 416 502 586 6176 4240 1936 1251 982 3759
is_linear=0
shrinkage=0.03


Tree=258
num_leaves=15
num_cat=0
split_feature=3 7 10 7 9 18 18 3 10 9 9 9 10 6
split_gain=6.46014 16.0503 16.4498 30.0975 18.863 16.3917 26.7228 34.3662 28.4834 19.0931 28.7309 23.7533 19.0771 17.0193
threshold=0.037669827300517857 0.83387456015402195 1.7003728340633033 1.0430414386431244 -0.044165881480864054 7.9848460139117767 7.4134714756732745 0.12559740733454033 0.73383443592335318 0.010706957917445083 -0.020272230492845763 0.038008801756970252 0.54357177146279956 0.011364698123111512
decision_type=2 2 2 2 2 2 2 2 2 2 2 2 2 2
left_child=-1 5 4 -4 -3 6 7 9 -8 10 -2 12 -11 -13
right_child=1 2 3 -5 -6 -7 8 -9 -10 11 -12 13 -14 -15
leaf_value=0.00067239547665847159 0.0052050657615416353 0.009758791776051965 0.021602738978826991 -0.00063566822728902217 -0.0051957779912939466 0.017015136133213905 0.0081426690848038254 0.013372986111328627 -0.021237765849995059 -0.0020200436583668897 -0.0090694155807259959 0.0088885366017089733 0.018530689145147296 -0.013240992635505809
leaf_weight=6654.0174917727709 205.17698627710342 78.595409482717514 56.982183218002319 766.21121540665627 1356.400463655591 58.706201791763306 42.959146156907082 211.60757104307413 88.222752764821053 57.669887557625771 326.34463042020798 50.711292259395123 132.884078130126 75.383451297879219
leaf_count=28987 873 337 263 3565 6211 262 198 920 439 261 1456 226 586 343
internal_value=0.000123248 -0.000918215 -0.00242705 0.000952321 -0.00436427 0.00180782 0.00103093 0.00261815 -0.0116385 -9.01847e-05 -0.00356035 0.00572057 0.0123548 -0.00434138
internal_weight=10161.9 3507.86 2258.19 823.193 1435 1249.67 1190.96 1059.78 131.182 848.17 531.522 316.649 190.554 126.095
internal_count=44927 15940 10376 3828 6548 5564 5302 4665 637 3745 2329 1416 847 569
is_linear=0
shrinkage=0.03


Tree=259
num_leaves=15
num_cat=0
split_feature=2 7 9 9 18 10 18 13 15 12 7 16 18 4
split_gain=7.59715 17.4453 20.1387 17.8501 14.651 30.0277 23.6364 16.5704 10.7473 13.9649 13.9617 9.75434 9.2408 8.91777
threshold=0.026786166057252262 0.68763923964552554 0.017299226723209608 0.0073028877978948423 7.4835028111074031 2.9266881979313846 7.9531267269284251 0.32264974484593717 0.0098388700928904189 -0.18500243427458615 0.59085726740916011 0.60355339059327384 6.7298157540471353 0.011046087137127404
decision_type=2 2 2 2 2 2 2 2 2 2 2 2 2 2
left_child=-1 2 8 4 5 11 7 -6 9 -2 -11 -3 -4 -13
right_child=1 3 12 -5 6 -7 -8 -9 -10 10 -12 13 -14 -15
leaf_value=-0.00026422579002120848 -0.0088059408354572381 -0.001746767225805248 0.010751926343655233 -0.0015891283126090493 0.029666677621110318 0.023846640742854374 -0.0042876948036202926 0.007380904608056872 -0.0098536389132894142 0.020029752820512225 -0.00044960063845948925 0.015196233446099192 0.027717862457757644 0.0018694261669145525
leaf_weight=7530.8304853960872 41.534219026565552 531.84539037942886 84.12565752863884 1336.3147697895765 60.942636385560036 50.835529372096062 57.689469575881958 60.792459264397621 49.417021781206131 66.276462703943253 53.233943074941635 61.97080884873867 46.171894177794456 156.30711720883846
leaf_count=33114 199 2326 370 6039 295 225 272 291 221 285 234 267 207 680
internal_value=0.000222484 0.00160091 0.00791798 0.000665712 0.00373616 0.00198703 0.0114363 0.0188367 0.00213085 0.00588408 0.0110503 0.000446144 0.0170921 0.00575663
internal_weight=10188.3 2657.46 340.759 2316.7 980.383 800.959 179.425 121.735 210.462 161.045 119.51 750.123 130.298 218.278
internal_count=45025 11911 1516 10395 4356 3498 858 586 939 718 519 3273 577 947
is_linear=0
shrinkage=0.03


Tree=260
num_leaves=15
num_cat=0
split_feature=6 12 4 10 10 1 14 10 9 12 12 4 14 6
split_gain=6.24868 13.1537 25.2552 19.1217 14.2643 14.0908 12.2401 11.8627 14.6885 14.2475 11.3829 13.0482 11.106 17.4274
threshold=0.024357255202295029 -0.13600441096659452 -0.036022365720440645 0.62431755148369972 0.87077422466392818 -0.016002466528144296 -0.055207393098704809 1.5404342002664662 -0.005444163329562767 -0.19366579457113328 -0.28868627450980383 -0.018334296556707205 0.028038640326153001 0.02756828598878831
decision_type=2 2 2 2 2 2 2 2 2 2 2 2 2 2
left_child=10 3 -3 6 -4 -5 -2 8 -7 -9 11 -1 -6 -14
right_child=1 2 4 5 12 7 -8 9 -10 -11 -12 -13 13 -15
leaf_value=0.0013878601047694558 0.01549237409716734 0.026001295142026863 0.013950520531031818 0.0012217620863035606 -0.0046912058352533556 -0.0035513942201718315 0.00055539167058876575 -0.012760102744831154 -0.021334952116262684 0.0083032649924698037 -5.0549816891351512e-05 -0.021465239340022375 0.011942814435329258 0.00014331359650490095
leaf_weight=41.88374375551939 82.654218278825283 44.32439012825489 95.361564680933952 245.00089271366596 180.30525155365467 75.598075389862061 118.84772296249866 49.795306071639061 94.182284221053123 63.412432163953781 8560.5015509724617 45.98351875692606 163.7286275178194 351.92574761807919
leaf_count=191 355 200 399 1116 811 328 534 246 429 291 37640 237 730 1621
internal_value=0.000153744 0.00189676 0.00446191 -0.00104583 0.00319291 -0.00404466 0.00677444 -0.00858072 -0.01355 -0.0010223 -0.000162063 -0.0107834 0.00168313 0.00392151
internal_weight=10213.5 1565.14 835.646 729.491 791.321 527.989 201.502 282.988 169.78 113.208 8648.37 87.8673 695.96 515.654
internal_count=45128 7060 3761 3299 3561 2410 889 1294 757 537 38068 428 3162 2351
is_linear=0
shrinkage=0.03


Tree=261
num_leaves=15
num_cat=0
split_feature=18 13 12 15 10 14 18 7 10 7 18 7 9 13
split_gain=5.84215 30.2411 26.9846 21.7247 17.9719 8.07681 14.1886 8.35437 11.7638 15.1011 13.7442 13.1309 10.1989 7.84976
threshold=8.1485013757016684 0.40412477346175385 -0.032776646185312612 0.0027888937511004745 0.80908100843030295 -0.12857785866296503 7.040532386230602 2.2162349504240297 2.9266881979313846 1.8256600406723504 7.4287023999524679 1.6749971174724869 0.020538848340870278 0.068655496984994083
decision_type=2 2 2 2 2 2 2 2 2 2 2 2 2 2
left_child=5 2 4 -4 -2 6 -1 8 9 11 12 13 -10 -7
right_child=1 -3 3 -5 -6 7 -8 -9 10 -11 -12 -13 -14 -15
leaf_value=-0.020321918302116566 0.00013571226750092808 0.018027917161104048 0.020000318794427364 -0.0053396248024881222 -0.017829872489470083 0.0016113977858596205 0.0010846008754852997 -0.0097536190324383262 0.017914021265630443 0.017151915475978493 -0.0055737752102725073 -0.012109792928591195 0.0027534067166984739 -0.00028973305233276922
leaf_weight=44.992921859025955 71.864860594272614 49.960052967071533 48.817680761218071 74.424157351255417 163.34040804952383 2802.1614241600037 68.003624096512794 71.050266295671463 94.365991562604904 45.44213442504406 54.867677256464958 75.553133219480515 69.635154038667679 6450.9075316786766
leaf_count=201 316 234 211 319 833 12216 314 333 416 202 261 351 307 28496
internal_value=0.000112456 -0.00339407 -0.00646331 0.00485695 -0.0123858 0.000259596 -0.00764423 0.000353574 0.000430451 0.00026915 0.00727389 0.000183251 0.0115875 0.000286221
internal_weight=10185.4 408.407 358.447 123.242 235.205 9776.98 112.997 9663.98 9592.93 9374.06 218.869 9328.62 164.001 9253.07
internal_count=45010 1913 1679 530 1149 43097 515 42582 42249 41265 984 41063 723 40712
is_linear=0
shrinkage=0.03


Tree=262
num_leaves=15
num_cat=0
split_feature=9 12 13 7 18 11 18 15 6 3 15 14 15 6
split_gain=6.54693 19.5517 28.5924 20.1424 21.7785 19.0225 18.1414 18.8111 14.6079 10.5473 12.6334 25.6914 25.5659 25.3801
threshold=-0.057983484504717984 -0.07748196711628895 0.12068965517241383 0.94746471723179759 6.4671285021925105 46.651749974794662 6.5284329228414988 -0.0019921590672780094 0.003502502467046708 0.036105344245145672 0.012932373174746383 0.0013027347962745186 0.0052454863032558316 0.010191620026182334
decision_type=2 2 2 2 2 2 2 2 2 2 2 2 2 2
left_child=1 3 6 4 5 -1 7 -3 -2 -10 12 -12 -11 -14
right_child=8 2 -4 -5 -6 -7 -8 -9 9 10 11 -13 13 -15
leaf_value=0.0061870504163182823 -0.010768335125592424 -0.011194551320712228 -0.012525597763947302 0.0028029308561341626 -0.023562409887198859 -0.016386600980621439 0.020458564952830719 0.01137903260380391 0.0012834455912428195 0.00020195410331168168 -0.0040206614470129076 0.01108423202710021 0.010756807337730816 -0.0076188971331093694
leaf_weight=68.280266240239143 102.35704085230827 54.745826289057732 75.882124990224838 110.62732097506523 94.762740820646286 62.683459937572479 74.127784065902233 78.249696314334869 5965.1387513801455 2255.0629537627101 185.51261854171753 219.25326961278915 72.596716374158859 749.14556699991226
leaf_count=288 439 229 328 464 431 263 343 320 26014 10233 835 976 303 3486
internal_value=0.000200489 -0.00278346 0.00301701 -0.00765291 -0.0127569 -0.00470139 0.00877657 0.00205873 0.000394573 0.000517779 -0.000794058 0.00417562 -0.00145013 -0.00597332
internal_weight=10168.4 619.359 283.005 336.354 225.726 130.964 207.123 132.996 9549.07 9446.71 3481.57 404.766 3076.81 821.742
internal_count=44952 2666 1220 1446 982 551 892 549 42286 41847 15833 1811 14022 3789
is_linear=0
shrinkage=0.03


Tree=263
num_leaves=15
num_cat=0
split_feature=4 15 8 8 18 18 17 11 13 18 14 13 18 3
split_gain=5.46954 13.8737 11.7512 17.9346 12.8607 11.2561 14.5645 9.53 10.08 8.11781 9.81701 7.65962 10.8359 8.89196
threshold=-0.032531567094158269 -0.02573562617644853 -0.063581224154041008 0.023306016327436067 6.5002731504387219 6.5522266614356424 1.0000000180025095e-35 37.361153405321808 0.34904040188114577 7.5451760071307747 0.0043392856805409838 0.12068965517241383 5.9845945251001007 0.012439841047456214
decision_type=2 2 2 2 2 2 2 2 2 2 2 2 2 2
left_child=2 9 4 5 -1 6 -4 -7 -9 10 11 12 -2 -13
right_child=1 -3 3 -5 -6 7 -8 8 -10 -11 -12 13 -14 -15
leaf_value=0.0060980206364531575 0.0031277446854289363 -9.0544575315705577e-05 0.023118712854649066 -0.0052437260417938242 -0.013054740183646085 0.006570273912462214 0.0027497326238326561 -0.012215528234442281 0.0059655968722938813 -0.014518334292275411 0.004115517745446752 0.0090070332970016275 -0.014061482552316769 -0.0075931535917429637
leaf_weight=48.749482184648514 41.924207881093025 8857.1295794248581 69.490441009402275 153.50202512741089 82.770488351583481 304.4463427811861 57.699336364865303 56.92927311360836 49.668700829148293 71.574330508708954 106.51626588404179 49.886870488524437 142.7532311975956 63.960940390825272
leaf_count=208 177 39113 301 671 353 1301 245 247 231 379 470 208 714 276
internal_value=-0.000152489 -0.000359402 0.00218859 0.00375263 -0.00597053 0.00632826 0.014064 0.00387808 -0.00379029 -0.00533443 -0.00364819 -0.0064273 -0.0101676 -0.000289214
internal_weight=10157 9333.75 823.256 691.736 131.52 538.234 127.19 411.044 106.598 476.616 405.042 298.525 184.677 113.848
internal_count=44894 41337 3557 2996 561 2325 546 1779 478 2224 1845 1375 891 484
is_linear=0
shrinkage=0.03


Tree=264
num_leaves=15
num_cat=0
split_feature=13 15 7 3 18 18 5 10 18 18 9 3 6 7
split_gain=7.01747 27.2775 22.2148 33.9116 48.6299 40.0536 29.51 26.0959 20.2465 17.9441 17.7218 19.7436 22.7076 20.3066
threshold=0.24209106693355167 0.019974007644369077 0.90965690894574103 0.12829046548692583 6.772008281664184 6.4214866849320931 -0.032290747123502044 0.62817561428720514 6.9353862857146469 7.4134714756732745 0.048549439706710225 -0.003942972320840398 0.024357255202295029 1.1000742736326263
decision_type=2 2 2 2 2 2 2 2 2 2 2 2 2 2
left_child=-1 2 3 4 5 -2 -6 -5 -8 -9 11 -4 -13 -14
right_child=1 -3 10 7 6 -7 8 9 -10 -11 -12 12 13 -15
leaf_value=0.00029943708071280325 -0.0014878940986221454 0.012845474706052617 0.0091313648523925189 0.026735972222717678 -0.013529198278031996 -0.020941225887897277 0.02103300423755327 0.010311407937829305 0.0040745365419630154 -0.008723323794719318 0.0081735283365844957 -0.013655887229356341 -0.014194167812580776 -0.00075224555787338965
leaf_weight=7925.8690354898572 215.3782222121954 109.8556589782238 65.734885632991791 61.190130554139614 66.491194292902946 169.27019789814949 80.495884478092194 147.77508470416069 279.49760456383228 61.700430780649185 77.905711129307747 351.28393529355526 130.39707469940186 429.60974970459938
leaf_count=34775 927 487 280 267 292 751 339 648 1252 299 345 1670 604 2050
internal_value=-0.000120143 -0.00159936 -0.00235333 0.000667648 -0.00240375 -0.0101127 0.0045637 0.00982215 0.00796177 0.0046753 -0.00544664 -0.00654716 -0.00769563 -0.00392156
internal_weight=10172.5 2246.59 2136.73 1081.8 811.133 384.648 426.485 270.666 359.993 209.476 1054.93 977.026 911.291 560.007
internal_count=44986 10211 9724 4775 3561 1678 1883 1214 1591 947 4949 4604 4324 2654
is_linear=0
shrinkage=0.03


Tree=265
num_leaves=15
num_cat=0
split_feature=6 10 6 15 6 10 1 10 8 7 10 12 6 6
split_gain=7.1651 7.11375 15.1801 15.0135 13.3227 9.33853 12.8059 9.27766 10.4096 9.25871 28.165 20.2677 28.652 16.0407
threshold=0.072545201307994842 2.9266881979313846 0.029118743230493793 -0.011556989006344052 0.043444207879013 2.4509830329673714 0.016058252470358528 2.1345481049866568 0.013869559242887521 1.2269354021620045 0.87925968962660028 -0.025666502138861565 0.013124222464176985 0.019613087524005476
decision_type=2 2 2 2 2 2 2 2 2 2 2 2 2 2
left_child=1 5 -3 -4 -5 7 -7 9 -9 -1 -11 13 -13 -12
right_child=-2 2 3 4 -6 6 -8 8 -10 10 11 12 -14 -15
leaf_value=0.00032836454149035509 -0.0091673338805225175 0.01544610798704062 -0.014937635713165774 -0.0035909361304517096 0.014151396375046858 -0.011139361372830444 0.0072032066384835865 0.00046232476427197206 0.016206162286363065 0.014946119221120061 -0.010543230861530832 0.023712629666277858 -0.0040947097724418563 -0.0018710714440776997
leaf_weight=8539.6589044928551 73.071620419621468 82.835562244057655 43.31114549934864 79.999405056238174 69.626190647482872 138.16761852800846 43.797677174210548 85.368817135691643 66.000553876161575 72.913073763251305 373.85679490119219 51.003035292029381 88.661660119891167 394.4940712749958
leaf_count=37616 361 353 208 364 319 639 201 398 303 310 1686 214 407 1747
internal_value=6.67191e-05 0.000135126 0.00486979 0.000217068 0.00474297 1.66045e-06 -0.00669413 0.000128991 0.00744882 1.10718e-05 -0.00274623 -0.00419664 0.00625144 -0.00610711
internal_weight=10202.8 10129.7 275.772 192.937 149.626 9853.92 181.965 9671.96 151.369 9520.59 980.929 908.016 139.665 768.351
internal_count=45126 44765 1244 891 683 43521 840 42681 701 41980 4364 4054 621 3433
is_linear=0
shrinkage=0.03


Tree=266
num_leaves=15
num_cat=0
split_feature=8 6 9 10 8 6 6 18 16 0 3 9 7 10
split_gain=7.65157 14.2462 14.2031 11.8879 20.0082 17.3952 12.6375 16.1069 10.7556 10.1522 12.8161 9.95484 9.90641 14.0569
threshold=-0.079731300377646988 0.010425532623872196 -0.017000832597192702 1.1015034138132249 -0.14165808050394146 0.016499987507746016 0.012725388598868745 6.2601674140134955 0.60355339059327384 -0.003386853145004642 0.016797083030404284 0.011020451575159131 0.35592414405841138 0.33649976647107366
decision_type=2 2 2 2 2 2 2 2 2 2 2 2 2 2
left_child=1 8 3 4 -3 -5 -6 -8 9 -1 -11 -4 13 -2
right_child=12 2 11 5 6 -7 7 -9 -10 10 -12 -13 -14 -15
leaf_value=0.017750267616482362 -0.010655493195507355 -0.019337959859912532 0.0064188067693537838 -0.0048545787551511899 -0.012442850140183257 -0.028470395853086326 0.011620226111138094 -0.0052366886636416258 -0.005820329226150717 -0.0030014852261604635 0.01518350105742035 -0.0068933829282675947 0.00060679782756686558 0.0049504766211752168
leaf_weight=53.442804969847202 158.3727737814188 67.159145355224609 135.61488761007786 59.816824808716774 65.72414530813694 52.618918284773827 92.314323104918003 109.33122016489506 85.205851033329964 108.57093913853168 49.050855070352554 77.982120022177696 8993.3290544077754 75.397181987762451
leaf_count=223 741 283 590 262 291 223 378 478 364 463 203 343 39844 341
internal_value=0.00018282 -0.00236794 -0.00481506 -0.00784527 -0.0049539 -0.016211 -0.0012241 0.00251882 0.00308382 0.00669927 0.0027769 0.0015398 0.000447785 -0.00562285
internal_weight=10183.9 956.832 660.562 446.965 334.529 112.436 267.37 201.646 296.27 211.065 157.622 213.597 9227.1 233.77
internal_count=45027 4101 2848 1915 1430 485 1147 856 1253 889 666 933 40926 1082
is_linear=0
shrinkage=0.03


Tree=267
num_leaves=15
num_cat=0
split_feature=6 18 12 14 6 5 12 7 9 10 13 7 5 6
split_gain=5.11023 23.9332 14.847 18.3699 18.6735 18.5803 12.2645 12.1973 15.1094 15.0939 13.9798 17.8761 18.3404 17.3862
threshold=0.024563200756427091 6.4671285021925105 -0.13600441096659452 0.11975068355345998 0.031816251357375334 0.090040101340416415 -0.28868627450980383 0.69162532072799265 0.0069930369655843436 0.68008156658450702 0.83162820645487689 1.5615483100944167 0.040308154291065608 0.030573518062217118
decision_type=2 2 2 2 2 2 2 2 2 2 2 2 2 2
left_child=6 -2 7 4 -4 -6 -1 8 -3 -9 11 13 -13 -11
right_child=1 2 3 -5 5 -7 -8 9 -10 10 -12 12 -14 -15
leaf_value=-0.011126550099415565 0.015359485530863424 0.0080428444633672252 0.0034076340830006364 -0.0032139563745403597 0.025307652598594795 0.0011665843777165662 -0.00012481021689671065 -0.022188674999196294 -0.011499165554693233 -0.00076118084902920076 0.010654425884215207 0.01962171318620072 -0.0078484187740567243 -0.016134162271587243
leaf_weight=90.178382620215416 104.50526778399944 149.90357187390327 391.25867135822773 250.97792820632458 78.907959491014481 44.772267580032349 8552.9718923643231 41.975928798317909 44.618923127651215 116.12918302416801 51.685085073113441 42.477828830480576 41.428215220570564 152.67419923841953
leaf_count=442 441 667 1745 1145 362 214 37646 181 204 497 255 188 214 715
internal_value=3.93811e-05 0.00164761 0.000608657 0.00342378 0.00665888 0.0167262 -0.000242144 -0.00275581 0.00348895 -0.00548063 -0.00364568 -0.00578944 0.00619151 -0.00954736
internal_weight=10154.5 1511.32 1406.81 765.917 514.939 123.68 8643.15 640.893 194.522 446.37 404.395 352.709 83.906 268.803
internal_count=44916 6828 6387 3466 2321 576 38088 2921 871 2050 1869 1614 402 1212
is_linear=0
shrinkage=0.03


Tree=268
num_leaves=15
num_cat=0
split_feature=13 15 15 3 15 6 3 18 18 14 3 17 6 13
split_gain=5.79209 28.8483 16.8242 16.2272 16.0534 17.6287 27.8313 17.4221 31.2895 20.5201 18.8373 16.0324 15.4516 14.8676
threshold=0.24209106693355167 0.012932373174746383 0.0055678427050143151 0.094013811090816649 -0.0034410485220153215 0.026870148410177389 -0.0015854147706031438 6.772008281664184 7.2022776301734188 -0.059191143707138176 0.12559740733454033 -0.9159756150367534 0.025214864474341177 0.18693334855055935
decision_type=2 2 2 2 2 2 2 2 2 2 2 2 2 2
left_child=13 2 4 -3 7 6 -6 10 -9 -10 -2 -4 -5 -1
right_child=1 3 11 12 5 -7 -8 8 9 -11 -12 -13 -14 -15
leaf_value=-0.0002392302313755457 -0.013870659902492775 0.016955257569817771 0.0030385324096830562 -0.012343273351072265 -0.0088066920502672032 -0.0038515752684287535 0.0098562249001547877 0.0081911069540536747 -0.025113339970888972 -0.0034069613477579795 0.0028111207909188867 -0.01048208613533191 0.0095599185536359259 0.0036506118665535631
leaf_weight=6910.2078703418374 229.33020965754986 107.78199864923954 99.444766879081726 46.051917612552643 89.167440176010132 261.76200294494629 343.17104586958885 215.76698110997677 44.011391773819923 271.18769729137421 81.892552301287651 366.79424238950014 71.079025089740753 1012.0894861370325
leaf_count=30325 997 468 456 211 389 1203 1542 960 206 1291 362 1721 324 4452
internal_value=-0.000121577 -0.00147241 -0.00261884 0.00866805 -0.00109996 0.00227453 0.00598427 -0.00387989 -0.000567554 -0.00657707 -0.00949123 -0.00759759 0.000885677 0.000258501
internal_weight=10149.7 2227.44 2002.53 224.913 1536.29 694.1 432.338 842.189 530.966 315.199 311.223 466.239 117.131 7922.3
internal_count=44907 10130 9127 1003 6950 3134 1931 3816 2457 1497 1359 2177 535 34777
is_linear=0
shrinkage=0.03


Tree=269
num_leaves=15
num_cat=0
split_feature=8 6 8 18 9 10 9 16 15 10 16 15 18 8
split_gain=6.37158 16.5398 13.9998 26.4497 12.1704 11.7517 16.0649 14.8672 14.2482 13.3478 11.578 16.7445 11.0269 14.2294
threshold=-0.079731300377646988 0.010191620026182334 -0.030706683193709196 8.1485013757016684 -0.019416692609639154 1.1919863866452673 -0.057983484504717984 -0.5 0.0081570040028857722 0.94152358396032365 0.25881904510252091 0.0047796347393376246 6.2323113656860416 -0.15140434698556904
decision_type=2 2 2 2 2 2 2 2 2 2 2 2 2 2
left_child=1 10 3 5 12 6 -2 -7 -8 -10 11 -1 13 -3
right_child=2 4 -4 -5 -6 7 8 -9 9 -11 -12 -13 -14 -15
leaf_value=0.0022160521475568453 -0.006003518144726311 -0.016758472942249379 -0.00061587332996585571 -0.012946533549313346 0.0003486312828583991 -0.0090600931949395835 0.006764242961560047 0.0027951191310144575 -0.0040335393094785461 0.013169031150834934 -0.0035985762291495128 0.023006882989386468 -0.012766913186062025 0.0009454907714737834
leaf_weight=111.4862969815731 123.75230827927589 51.606894433498383 7249.2317991033196 96.287251494824886 241.25589394569397 146.53553302586079 1077.316342741251 263.39025655388832 222.69801750779152 47.554067194461823 115.60855093598366 49.059300497174263 219.31186310946941 171.02431543171406
leaf_count=473 536 213 32267 458 1055 656 4663 1179 973 205 494 202 977 702
internal_value=-0.000247609 -0.00257185 -5.44118e-06 0.00223064 -0.00507216 0.00302037 0.00427066 -0.00146616 0.00522168 -0.000932038 0.00360586 0.0087742 -0.0080196 -0.00327104
internal_weight=10186.1 959.353 9226.77 1977.53 683.199 1881.25 1471.32 409.926 1347.57 270.252 276.154 160.546 441.943 222.631
internal_count=45053 4116 40937 8670 2947 8212 6377 1835 5841 1178 1169 675 1892 915
is_linear=0
shrinkage=0.03


Tree=270
num_leaves=15
num_cat=0
split_feature=12 14 4 14 13 11 7 13 16 14 12 15 13 7
split_gain=6.17666 20.494 14.5445 16.9316 11.2199 10.3623 19.0956 11.4407 10.1188 9.47361 21.2974 25.8998 10.5617 36.3224
threshold=-0.16940525263417508 -0.016225829134108635 -0.053343439530131868 -0.086637168207421386 0.40412477346175385 27.827048213790977 0.7547324872460851 0.021704132210014219 0.78656609248549325 -0.066173464203671636 -0.3429919702045004 -0.0037222271624068877 0.17227405828002842 0.60028735648117726
decision_type=2 2 2 2 2 2 2 2 2 2 2 2 2 2
left_child=1 9 -2 -4 8 6 -5 -8 -3 10 11 -1 13 -11
right_child=2 4 3 5 -6 -7 7 -9 -10 12 -12 -13 -14 -15
leaf_value=-0.008551612448592311 0.014488309232782399 -0.010587785686649143 -0.013026042779752847 0.0097061574807203316 0.0033470446639062555 0.00027648350035884578 -0.02070261953666595 -0.0014304166885125251 -6.4873210653817429e-05 -0.011731959239521783 -0.0079793905965411145 0.021538062370447867 0.010702744532235542 0.0086815938630026117
leaf_weight=44.23707702755928 60.813287883996964 369.05228497833014 86.88812193274498 41.710764966905117 87.889159217476845 8523.9928754866123 72.895170621573925 44.514277674257755 105.695670992136 125.46603952348232 225.31752002239227 56.889458328485489 137.39222395420074 202.01577791571617
leaf_count=208 277 1694 374 188 419 37562 365 199 479 587 987 249 594 866
internal_value=-0.000185663 -0.00207087 0.000103783 7.56774e-07 -0.00643731 0.00013408 -0.00740315 -0.0135422 -0.00825511 0.00104213 -0.00286469 0.00846497 0.00378611 0.000836938
internal_weight=10184.8 1353.96 8830.81 8770 562.637 8683.11 159.12 117.409 474.748 791.318 326.444 101.127 464.874 327.482
internal_count=45048 6083 38965 38688 2592 38314 752 564 2173 3491 1444 457 2047 1453
is_linear=0
shrinkage=0.03


Tree=271
num_leaves=15
num_cat=0
split_feature=4 12 10 14 7 6 18 9 10 9 7 7 6 7
split_gain=5.62643 14.5673 7.99495 7.95354 6.98632 7.15374 15.4812 14.6848 19.0728 18.0512 18.7403 20.5282 19.9772 18.0377
threshold=-0.053343439530131868 -0.23072741036732372 0.83556498759025832 -0.11573092084846036 2.2162349504240297 0.024357255202295029 6.480719029097993 0.033714660344285781 1.8287064610297983 0.0064263605090625906 1.1808284145312278 0.64933370623437947 0.030573518062217118 0.8597564786017452
decision_type=2 2 2 2 2 2 2 2 2 2 2 2 2 2
left_child=1 2 -1 -2 5 -5 -7 9 -9 10 11 -8 13 -13
right_child=3 -3 -4 4 -6 6 7 8 -10 -11 -12 12 -14 -15
leaf_value=0.0052915098378212636 -0.010418733943534094 0.013358977952699712 -0.011080535027398144 -0.00031555381056501354 -0.0096741358369457475 0.012853687851016794 0.010775007068177233 -0.00076735432800327421 0.021748353848440594 -0.004919067854942955 0.0098891062302376223 -0.011397385303314531 -0.015215025754942661 0.0079150507033214253
leaf_weight=52.732537612318993 65.268296629190445 94.191419526934624 50.906614676117897 8538.6447512507439 65.672699555754662 107.9181112870574 99.085547119379044 68.206352457404137 64.983720257878304 420.22566545009613 229.15608331561089 65.66836453974247 105.23664343357086 120.04443874955177
leaf_count=224 299 425 244 37637 310 453 445 294 284 1975 1025 286 483 520
internal_value=-3.79396e-05 0.00494621 -0.00280782 -0.00013801 -6.80336e-05 -1.82894e-06 0.00208734 0.00107629 0.0103773 -0.000133179 0.00312023 -0.000886822 -0.00490481 0.00103747
internal_weight=10147.9 197.831 103.639 9950.11 9884.84 9819.17 1280.52 1172.61 133.19 1039.42 619.191 390.035 290.949 185.713
internal_count=44904 893 468 44011 43712 43402 5765 5312 578 4734 2759 1734 1289 806
is_linear=0
shrinkage=0.03


Tree=272
num_leaves=15
num_cat=0
split_feature=4 12 8 5 9 7 15 2 10 12 13 6 9 10
split_gain=5.04453 12.4475 10.6004 9.71762 19.9541 15.3007 22.9629 11.0551 6.94931 6.90061 33.3838 9.02639 8.65027 6.45486
threshold=-0.053343439530131868 -0.17559152027759703 -0.025320914095243698 -0.053373705524764385 -0.033708684881603217 0.53734931761028781 -0.0047732101713950916 -0.11426199100120692 0.79004715497914491 -0.26374093036320939 0.18523303597943466 0.024777304111138748 0.010361177220518049 1.1145673065284412
decision_type=2 2 2 2 2 2 2 2 2 2 2 2 2 2
left_child=1 2 -1 4 -2 -6 8 -5 -7 10 11 -9 -12 -10
right_child=3 -3 -4 7 5 6 -8 9 13 -11 12 -13 -14 -15
leaf_value=0.010545851966994851 -0.017973149312154678 0.015006903565723385 -0.0069469988227719593 -0.013227221892550805 -0.015006696540558639 0.004765150128314989 0.017273782978461584 0.0002959644989297904 -0.015179244607745055 -0.00010209845632473006 0.0092241267874768051 -0.017173315363109481 0.025784853005015061 -0.00057045685048238536
leaf_weight=46.235403783619404 80.964942827820778 65.987824440002441 86.19473560154438 54.982233792543411 55.833984695374966 55.721048824489117 63.55098469555378 61.738214418292046 54.500486060976982 9310.611561216414 82.148704633116722 44.709646716713905 44.826971516013145 52.840532824397087
leaf_count=200 357 302 393 257 267 242 278 284 247 41091 372 206 203 247
internal_value=-0.000140561 0.00457185 -0.000773675 -0.000235315 -0.00503704 -0.00122853 0.00226778 -5.25143e-05 -0.00371902 2.61393e-05 0.0050986 -0.00722278 0.0153798 -0.00812978
internal_weight=10160.8 198.418 132.43 9962.43 363.412 282.447 226.613 9599.02 163.062 9544.04 233.424 106.448 126.976 107.341
internal_count=44946 895 593 44051 1638 1281 1014 42413 736 42156 1065 490 575 494
is_linear=0
shrinkage=0.03


Tree=273
num_leaves=15
num_cat=0
split_feature=13 18 18 13 15 11 18 10 18 11 5 4 13 15
split_gain=5.93715 20.7422 21.825 20.2787 23.8801 17.2473 18.9697 27.1616 25.3304 22.7062 15.8162 11.175 11.6681 25.7947
threshold=0.37119146496876293 6.3010607010745172 6.8388142826473244 0.46654417097412088 -0.0025511708705625575 49.214810520279833 7.8193579895299292 1.3521031872398031 7.4415988582979677 63.339934006999044 -0.0016332037677216913 -0.053343439530131868 0.25198944591029021 0.019974007644369077
decision_type=2 2 2 2 2 2 2 2 2 2 2 2 2 2
left_child=11 -2 3 4 -3 10 8 -8 -7 -10 -4 -1 -13 -14
right_child=1 2 5 -5 -6 6 7 -9 9 -11 -12 12 13 -15
leaf_value=0.0082076950510077146 0.021371900306558941 -0.014010410201333364 0.0021411715170301182 -0.016938211043597468 0.014061526743240401 0.002476663372675705 0.02802681776702869 -0.0015565644536318778 -0.023648267685540666 0.0022542271859588041 0.018242234967761853 1.0815486212730266e-05 -0.0044388878335025759 0.016262005429283452
leaf_weight=136.30288572609425 46.20025821775198 46.752547472715378 105.24958816170692 100.2437499910593 59.940865352749825 304.80162172019482 48.306018203496933 62.357811391353607 75.201885521411896 49.771539941430092 114.1815437078476 7926.4315600693226 1007.7887481302023 55.3035748898983
leaf_count=613 199 200 470 436 261 1391 225 296 374 234 534 34810 4591 243
internal_value=-1.31819e-05 0.00216343 0.0012033 -0.00738924 0.00172908 0.00355658 0.000664773 0.0116252 -0.00219823 -0.0134594 0.0106085 -0.000255216 -0.000385332 -0.00333348
internal_weight=10138.8 1013.01 966.807 206.937 106.693 759.87 540.439 110.664 429.775 124.973 219.431 9125.83 8989.52 1063.09
internal_count=44877 4620 4421 897 461 3524 2520 521 1999 608 1004 40257 39644 4834
is_linear=0
shrinkage=0.03


Tree=274
num_leaves=15
num_cat=0
split_feature=12 18 3 12 14 15 11 6 7 12 9 14 6 11
split_gain=6.23286 10.4942 7.55845 14.1938 21.3645 14.0508 26.772 13.6788 12.4298 20.0588 32.8191 32.9353 19.3073 24.4872
threshold=-0.0050874216800946828 6.590970979599172 0.037669827300517857 -0.32292192299467776 -0.053934911787622546 0.021865761350377436 54.63724969646389 0.015417842065920572 0.59581872970281313 -0.09688711258297826 -0.013408211818952629 -0.016225829134108635 0.0090114441726752131 55.482946853483575
decision_type=2 2 2 2 2 2 2 2 2 2 2 2 2 2
left_child=2 -2 5 -4 -5 8 7 -7 9 12 11 -11 -1 -14
right_child=1 -3 3 4 -6 6 -8 -9 -10 10 -12 -13 13 -15
leaf_value=-0.015035380670119355 0.014969061840374597 -0.0019009439994660175 0.013321246211500125 -0.010752005298427809 -0.00076397282696437027 -0.0084057126440180568 -0.019754355350546853 0.01447134609308757 0.001501509120119427 0.013288641355578303 0.0098044965887802843 -0.01411398934373803 -0.0050610819315062283 0.010541164244350415
leaf_weight=132.77037644386292 64.695828676223755 65.257666647434235 58.156837344169617 203.52560005337 3106.5835298225284 43.288047060370445 83.73856309056282 47.153066083788872 5183.8011838123202 53.36943992972374 272.45703595876694 136.81628602743149 566.20772435516119 105.76908478140831
leaf_count=576 270 290 274 926 14162 201 408 203 22489 224 1163 578 2557 476
internal_value=0.0001197 0.00659718 3.41666e-05 -0.00112256 -0.00138422 0.000622394 -0.00773686 0.00357668 0.000850419 -0.0018108 0.00315822 -0.00636607 -0.0046682 -0.0025813
internal_weight=10123.6 129.953 9993.64 3368.27 3310.11 6625.37 174.18 90.4411 6451.19 1267.39 462.643 190.186 804.747 671.977
internal_count=44797 560 44237 15362 15088 28875 812 404 28063 5574 1965 802 3609 3033
is_linear=0
shrinkage=0.03


Tree=275
num_leaves=15
num_cat=0
split_feature=3 10 6 7 3 12 12 18 12 18 6 10 5 14
split_gain=7.48451 22.936 29.8841 16.4868 15.6844 13.2925 28.1053 16.9019 16.3636 19.3252 21.1441 28.8717 18.0615 16.1613
threshold=-0.068308719208429611 0.31600977367763022 0.011865922623437651 1.2269354021620045 -0.031556827909288925 -0.21953679407520973 -0.18018825678202446 7.1914371485671804 -0.16940525263417508 7.3995875360315617 0.01656452578309784 0.77106373081572588 -0.029491871598687266 -0.0016176519363828021
decision_type=2 2 2 2 2 2 2 2 2 2 2 2 2 2
left_child=1 -1 -3 5 -2 7 -7 -4 -8 10 11 13 -12 -10
right_child=4 2 3 -5 -6 6 8 -9 9 -11 12 -13 -14 -15
leaf_value=0.014328309203037706 0.0032346504711922167 -0.019213776559774118 -0.012629251348382315 0.012249343607964392 -0.00026402092994132518 0.012501695319599099 -0.018020388102799326 0.006275550385184357 0.0026054970630586425 0.011917917905433289 -0.0031055799726522944 -0.0094248543260758485 -0.021812213225900334 0.025310232626653148
leaf_weight=68.068571925163269 1355.8105695471168 95.692798398435116 200.7533130645752 67.826833888888359 7651.0658130124211 118.23018446564674 60.134112760424614 52.545542374253273 66.5479506701231 77.147771239280701 103.16178917884827 101.72772739082575 83.691188484430313 47.659792721271515
leaf_count=293 5850 517 916 296 33958 512 265 238 288 340 431 473 354 207
internal_value=-2.71609e-05 -0.0023116 -0.00338976 -0.0018077 0.000263237 -0.00287813 -0.000622659 -0.00868911 -0.00353132 -0.00164865 -0.00429315 0.00210101 -0.0116265 0.0123529
internal_weight=10150.1 1143.19 1075.12 979.426 9006.88 911.599 658.301 253.299 540.07 479.936 402.788 215.935 186.853 114.208
internal_count=44938 5130 4837 4320 39808 4024 2870 1154 2358 2093 1753 968 785 495
is_linear=0
shrinkage=0.03


Tree=276
num_leaves=15
num_cat=0
split_feature=1 2 3 18 11 10 15 18 15 4 17 4 7 18
split_gain=6.01035 8.8239 14.8352 12.8115 12 11.224 22.013 17.6805 14.226 9.19712 11.1184 10.0932 8.7649 15.8154
threshold=-0.0051619941080751621 -0.01618672807754273 -0.093989305830015843 8.1485013757016684 48.161019509222278 1.2089619630679493 0.0078939272922839993 6.6977727819087143 0.0060294471581752171 -0.012038893375851177 -0.60355339059327384 0.0088009143229984561 0.86269554713228536 5.8128637627467681
decision_type=2 2 2 2 2 2 2 2 2 2 2 2 2 2
left_child=1 3 -3 4 12 7 9 -4 -9 -7 -11 -12 -1 -14
right_child=-2 2 5 -5 -6 6 -8 8 -10 10 11 -13 13 -15
leaf_value=-0.0018465234201291241 -0.00053340309120879995 -0.010495377606642292 0.001428322511772679 -0.015200302513097933 -0.014320825038106376 0.0042861720758265495 0.010037129129976658 0.011577055553313032 0.00062899810678309156 0.0022787249460788327 -0.014865183006198567 -0.0028013626212650064 -0.0098526272564858387 0.0037003296312875722
leaf_weight=845.76384783536196 6431.2324720099568 75.220081530511379 712.51843163371086 49.92176179587841 49.740561202168465 101.61943347752094 136.23917253315449 393.93602815270424 146.61373367905617 105.27602748572826 133.67471416294575 117.69341422617435 83.752198964357376 809.28778562694788
leaf_count=3691 28488 345 3028 249 221 454 622 1780 677 487 617 562 344 3554
internal_value=2.36761e-05 0.000975982 0.00239576 -0.000509905 -8.33465e-05 0.00293138 -0.000462741 0.00453984 0.00862087 -0.00361434 -0.0058768 -0.00928346 0.000339919 0.00241011
internal_weight=10192.5 3761.26 1922.79 1838.47 1788.54 1847.57 594.503 1253.07 540.55 458.264 356.644 251.368 1738.8 893.04
internal_count=45119 16631 8572 8059 7810 8227 2742 5485 2457 2120 1666 1179 7589 3898
is_linear=0
shrinkage=0.03


Tree=277
num_leaves=15
num_cat=0
split_feature=13 5 11 17 12 12 7 7 6 7 17 12 9 7
split_gain=5.81151 19.4975 22.1918 21.7023 15.1758 14.4297 20.0856 14.1998 12.656 15.2377 16.4432 11.6093 17.2966 14.7107
threshold=0.065537166156423257 0.0037308190264109258 27.827048213790977 -0.12940952255126037 -0.27812376924887727 -0.18500243427458615 0.59581872970281313 0.50006809832474786 0.012155689354186114 0.91849478051088573 1.0000000180025095e-35 -0.074925287568965757 -0.063396001607523414 0.93840376547843685
decision_type=2 2 2 2 2 2 2 2 2 2 2 2 2 2
left_child=1 2 -1 4 -4 6 -5 -7 9 10 -3 13 -13 -9
right_child=-2 8 3 5 -6 7 -8 11 -10 -11 -12 12 -14 -15
leaf_value=-0.0077324578270061188 -0.00054714655642996643 0.00067307585294127509 -0.010061879141914172 -0.0047548250178251041 0.0069734442045034095 0.0096832837160313583 0.01596601542382264 -0.0078889440454370657 -0.018966730355713914 0.0079471057198574405 -0.018025943742234408 0.0197522467141561 6.726640948429874e-05 0.00032002346896563858
leaf_weight=197.0831831023097 7264.0197738260031 89.132186636328697 47.855829998850822 66.048032529652119 929.17930664867163 102.79157735407352 110.61125396192074 397.3855979591608 54.759377524256706 74.643670752644539 78.356888458132744 44.774483099579811 284.74082347005606 386.40806864947081
leaf_count=933 32271 377 225 314 3978 426 467 1782 250 323 341 194 1253 1712
internal_value=-9.59378e-05 0.00104815 0.00189124 0.00269744 0.00612019 0.000291004 0.00825256 -0.000877198 -0.00620496 -0.0031871 -0.00818442 -0.00186786 0.00284508 -0.00385143
internal_weight=10127.8 2863.77 2566.88 2369.79 977.035 1392.76 176.659 1216.1 296.892 242.133 167.489 1113.31 329.515 783.794
internal_count=44846 12575 11284 10351 4203 6148 781 5367 1291 1041 718 4941 1447 3494
is_linear=0
shrinkage=0.03


Tree=278
num_leaves=15
num_cat=0
split_feature=16 13 13 1 12 12 7 5 4 4 7 7 15 6
split_gain=6.85686 15.2253 12.4114 15.425 12.4828 23.2906 20.8404 9.64548 18.0445 10.3369 17.8196 8.64891 8.63128 22.6606
threshold=-0.60355339059327362 0.35595698820649962 0.23481233544238592 0.039991640778068056 -0.11768506598004501 -0.085536790843437668 0.86787117573629569 -0.010816320758721519 -0.009692139433129186 0.060144974976986017 0.7902605582369292 0.78723596526794792 0.0046391140855384103 0.010111160050840734
decision_type=2 2 2 2 2 2 2 2 2 2 2 2 2 2
left_child=1 2 3 12 11 -6 -7 -3 -9 10 -10 -4 -1 -14
right_child=-2 7 4 -5 5 6 -8 8 9 -11 -12 -13 13 -15
leaf_value=-0.00045119910972846785 0.00054290966398699077 -0.0079856945055471126 -0.0073500419197112202 0.015254134874979926 0.012093672931309996 0.0054526692722253987 -0.016013584541248332 0.022982460292841306 0.010337155042532022 0.012591851349607849 -0.009646807979311332 -0.024440761057911747 0.0057864953248433571 -0.0085440893175469032
leaf_weight=1680.5587169900537 7241.5197869986296 43.340031936764717 59.572487875819206 48.626983478665352 63.250532984733582 60.12916125357151 118.88752740621567 49.766769349575043 69.189843893051147 72.277836471796036 90.151454150676727 50.227217808365822 131.99721595644951 385.08081036061049
leaf_count=7491 31953 190 266 209 277 273 575 220 304 308 429 232 556 1738
internal_value=4.78723e-05 -0.00117806 -0.00194428 -0.00112032 -0.00716528 -0.00330767 -0.00882279 0.00492732 0.00695855 0.00334831 -0.000948715 -0.0154655 -0.00149618 -0.00487765
internal_weight=10164.6 2923.06 2598.33 2246.26 352.067 242.267 179.017 324.726 281.386 231.619 159.341 109.8 2197.64 517.078
internal_count=45021 13068 11617 9994 1623 1125 848 1451 1261 1041 733 498 9785 2294
is_linear=0
shrinkage=0.03


Tree=279
num_leaves=15
num_cat=0
split_feature=15 8 18 8 13 18 13 18 5 15 10 18 14 9
split_gain=6.23071 16.1872 11.2225 26.7931 23.7025 22.9404 21.1008 21.2109 19.3203 19.9193 27.0095 17.015 21.4441 17.9122
threshold=-0.0065652581458479622 0.15641869775212172 6.3475855219622792 0.12804653738375385 0.038062336014017102 6.4873156867717663 0.067067807881245015 7.5298305436518822 -0.015085664919736006 0.0055678427050143151 1.7580221275302967 6.5522266614356424 -0.021649083181560887 -0.019830020941293987
decision_type=2 2 2 2 2 2 2 2 2 2 2 2 2 2
left_child=1 -1 4 5 -2 -4 7 -7 -8 -10 11 -11 13 -13
right_child=2 -3 3 -5 -6 6 8 -9 9 10 -12 12 -14 -15
leaf_value=-0.0010807632037553711 -0.006690956163909972 -0.01886112548637325 -0.0069501828251348138 0.015706147713373288 0.0029524467760984377 0.0066735217600389666 -0.0080037533276390085 -0.0028574445306627119 0.0015772941409258432 0.0088468002188441218 0.0060770946088465408 0.01792875587069458 -0.0092063246140461959 -0.0032254231356929771
leaf_weight=2925.4998614490032 254.63651676476002 44.831249661743641 499.41615094989538 87.241212278604507 2165.8821628317237 670.67038869857788 346.83056174218655 304.268145814538 1669.0496013760567 65.529396444559097 212.83507525920868 46.707087710499763 697.17860278487206 136.69659489393234
leaf_count=13050 1050 205 2241 384 9070 2936 1534 1329 7668 297 988 200 3258 638
internal_value=-0.000207059 -0.00136163 0.000272368 -0.00057689 0.00193328 -0.000889061 -0.00015662 0.00369925 -0.00134228 -0.000520225 -0.00353847 -0.00570982 -0.00681065 0.00229716
internal_weight=10127.3 2970.33 7156.94 4736.42 2420.52 4649.18 4149.77 974.939 3174.83 2828 1158.95 946.112 880.582 183.404
internal_count=44848 13255 31593 21473 10120 21089 18848 4265 14583 13049 5381 4393 4096 838
is_linear=0
shrinkage=0.03


Tree=280
num_leaves=15
num_cat=0
split_feature=5 14 9 16 3 10 18 7 3 17 10 6 9 6
split_gain=8.42416 9.31807 10.2761 6.57862 16.3223 37.5892 19.0732 16.6422 17.2528 14.6544 16.6064 12.0792 21.9686 18.6916
threshold=0.17972482284609884 0.22920892603826462 0.018458539686231793 -0.37940952255126059 0.1710921882503115 0.74513919278516272 7.3995875360315617 0.66099860519247733 0.055437993178359408 -0.37940952255126015 2.9266881979313846 0.022248074804721848 -0.0047990236039000536 0.016302285336656626
decision_type=2 2 2 2 2 2 2 2 2 2 2 2 2 2
left_child=3 -2 -3 -1 7 -6 -7 8 11 -9 -11 13 -13 -5
right_child=1 2 -4 4 5 6 -8 9 -10 10 -12 12 -14 -15
leaf_value=-0.0016047440855580094 0.015664484236095746 -0.0081285088026970698 0.010571208170572969 -0.00051322007595745039 0.019021437760717796 -0.005029863673311822 -0.022147079480239171 0.0032528438741873831 -0.011289266173670915 -0.00050606296528697573 0.016211176239698342 0.019036692197428314 -0.0053463832191873659 -0.011016312308540515
leaf_weight=3669.8263646438718 58.148118391633034 53.721750169992447 48.356804877519608 882.70730533450842 41.564828261733055 166.75098499655724 89.732736885547638 1854.9350074455142 175.91688545793295 2755.7334319278598 52.537645861506462 66.803192421793938 63.032303288578987 182.39717745035887
leaf_count=16385 251 239 216 3856 180 798 477 8084 801 12109 230 295 279 812
internal_value=-0.000484597 0.00629728 0.000762862 -0.000594477 -8.64662e-06 -0.00683803 -0.0111435 0.00033084 -0.00257265 0.00118512 -0.000181999 -0.00127269 0.00729771 -0.00232913
internal_weight=10162.2 160.227 102.079 10001.9 6332.11 298.049 256.484 6034.06 1370.86 4663.21 2808.27 1194.94 129.835 1065.1
internal_count=45012 706 455 44306 27921 1455 1275 26466 6043 20423 12339 5242 574 4668
is_linear=0
shrinkage=0.03


Tree=281
num_leaves=15
num_cat=0
split_feature=9 9 14 18 10 18 16 10 3 10 3 13 13 10
split_gain=4.42149 8.43251 21.0048 24.8326 15.084 10.5514 9.08412 5.93336 5.488 17.6634 17.2238 18.2259 19.1502 16.4232
threshold=-0.12689575870448819 -0.061269160684875916 -0.00091969285625226316 6.0575994314441584 0.69598368373671049 7.2022776301734188 0.25881904510252091 0.98298744949033112 -0.031556827909288925 0.31600977367763022 -0.059697084248550532 0.12981970133802015 0.44372177451527978 0.778790689526483
decision_type=2 2 2 2 2 2 2 2 2 2 2 2 2 2
left_child=-1 2 3 6 -4 7 -2 -5 9 -3 11 13 -13 -11
right_child=1 8 4 5 -6 -7 -8 -9 -10 10 -12 12 -14 -15
leaf_value=0.0069166238165193168 0.016949856008016146 0.012348390686573649 -0.026392125952751391 -0.016117847517150202 -0.0054666991923466709 0.0039575550468469861 0.0013249944324661316 -0.00294116111969084 -0.00032042974322727443 0.0045302968984768568 0.0036874345295780844 -0.011295442824796199 0.0073597964968317034 -0.0034643602123619623
leaf_weight=79.417815908789635 71.541339889168739 122.38907940685749 52.249592080712318 85.683664366602898 75.566149562597275 55.493552297353745 62.160048648715019 48.99045430123806 7301.2992056012154 459.16461893171072 985.42936364561319 259.09561748802662 59.643698677420616 461.91670833528042
leaf_count=342 293 524 227 372 330 270 254 210 32474 2015 4233 1147 266 2125
internal_value=-4.64951e-05 -0.000102602 -0.00409971 -1.28344e-05 -0.0142956 -0.00695075 0.00981218 -0.0114377 8.53206e-05 0.00134643 0.000730773 -0.00162138 -0.00778048 0.000522205
internal_weight=10180 10100.6 451.685 323.869 127.816 190.168 133.701 134.674 9648.94 2347.64 2225.25 1239.82 318.739 921.081
internal_count=45082 44740 1956 1399 557 852 547 582 42784 10310 9786 5553 1413 4140
is_linear=0
shrinkage=0.03


Tree=282
num_leaves=15
num_cat=0
split_feature=9 13 2 17 10 15 12 12 6 13 15 13 6 13
split_gain=6.1524 14.693 11.577 11.3159 15.0008 18.0502 11.3333 11.0291 10.9668 12.1864 10.7555 20.9359 14.0892 10.7238
threshold=0.016479958335961612 0.02270717048845217 0.1739578332435521 -0.60355339059327384 0.58745605444202464 -0.0036556280627806355 -0.042701223524230662 -0.089119940586706289 0.010678432056741049 0.014864918581703581 -0.0081026129599814905 0.26339786112641289 0.020494876021043443 0.083622012448951191
decision_type=2 2 2 2 2 2 2 2 2 2 2 2 2 2
left_child=-1 8 3 4 13 6 7 -6 9 -2 11 12 -5 -3
right_child=1 2 -4 10 5 -7 -8 -9 -10 -11 -12 -13 -14 -15
leaf_value=0.00042971314945976528 -0.0064789671002825448 0.021588635792634748 0.0099402193883975937 -0.0073739712009782054 0.0097326806024476617 -0.0036644531889739695 0.016680981258927589 -0.00604969634645293 -0.00086279882254315947 -0.028092646847774332 -0.0011994343041555498 -0.022322832307898444 0.007643243601775096 0.0046117563486686268
leaf_weight=7217.991447262466 53.980959095060825 49.775457575917244 87.577730625867844 214.69408107548952 81.677801966667175 421.89644093811512 69.742843478918076 74.231352284550667 72.218232721090317 41.861220173537731 1561.7051095366478 63.441825896501541 74.12604296207428 99.11247394233942
leaf_count=31828 267 209 396 984 359 1865 308 328 329 190 6977 304 317 443
internal_value=-4.29732e-05 -0.00119279 -0.000671911 -0.00102188 0.00197974 -5.19569e-06 0.00680852 0.00223694 -0.00975484 -0.0163005 -0.00227168 -0.0069917 -0.00349373 0.0104983
internal_weight=10184 2966.04 2797.98 2710.4 796.436 647.548 225.652 155.909 168.06 95.8422 1913.97 352.262 288.82 148.888
internal_count=45104 13276 12490 12094 3512 2860 995 687 786 457 8582 1605 1301 652
is_linear=0
shrinkage=0.03


Tree=283
num_leaves=15
num_cat=0
split_feature=9 13 17 12 13 18 12 15 18 10 13 12 13 12
split_gain=7.58679 15.3865 11.7385 16.0802 14.1315 20.9217 13.5431 21.136 13.3353 13.1273 12.8127 11.8017 11.6463 19.0465
threshold=0.016479958335961612 0.02270717048845217 1.0000000180025095e-35 -0.089119940586706289 0.26617203204172696 7.0501116529143539 -0.064543483304116286 -0.0036556280627806355 6.3401935394404605 0.51282246738858739 0.24932581205559148 -0.16034389327747253 0.075684420626188201 -0.21953679407520973
decision_type=2 2 2 2 2 2 2 2 2 2 2 2 2 2
left_child=-1 -2 3 4 -3 -6 8 -8 -5 -9 -11 12 -4 -14
right_child=1 2 11 6 5 -7 7 9 -10 10 -12 -13 13 -15
leaf_value=0.00033546283005544503 -0.010164769765960906 0.0077180514965107284 0.00086592085953824673 0.0026580918275839909 -0.019923699470098057 0.0087130896352727687 0.0097763190005675255 0.011616676969758179 -0.012639390185300938 -0.0068160356663582696 0.0048879512241453505 -0.0018483666377362097 -0.0019802152965294017 -0.026670351880856574
leaf_weight=7156.424339428544 170.56191102415323 404.80646469444036 56.354998208582401 75.478538140654564 43.165012165904045 44.997617334127426 172.47329814732075 52.415764547884464 154.11196406185627 344.22885033488274 109.62587453424931 1210.2903785556555 50.85932245850563 61.859564855694771
leaf_count=31539 798 1783 254 314 193 216 766 234 710 1518 505 5422 236 296
internal_value=-0.00019239 -0.00147174 -0.000931598 0.00100173 0.00535264 -0.00543861 -0.00136616 0.000769086 -0.00763077 -0.00232584 -0.00397997 -0.00289428 -0.0102722 -0.0157588
internal_weight=10107.7 2951.23 2780.67 1401.3 492.969 88.1626 908.334 678.744 229.591 506.27 453.855 1379.36 169.074 112.719
internal_count=44784 13245 12447 6239 2192 409 4047 3023 1024 2257 2023 6208 786 532
is_linear=0
shrinkage=0.03


Tree=284
num_leaves=15
num_cat=0
split_feature=6 15 13 3 10 17 6 3 15 15 13 13 13 14
split_gain=6.68532 18.9359 20.1277 20.2146 24.5021 19.7183 27.1586 19.5034 18.7067 21.5174 23.6803 18.8412 21.7041 17.3968
threshold=0.015072072260027776 -0.0020413174218436576 0.21616999474138135 0.085218003072647167 0.44052122885452322 -0.60355339059327384 0.0057823244778716747 0.035313863950705245 0.0050140955890514158 0.012844824732842321 0.14614099548313988 0.19679567175218263 0.3947990943678415 0.018625304609527164
decision_type=2 2 2 2 2 2 2 2 2 2 2 2 2 2
left_child=1 5 -3 4 -4 7 -7 -1 -2 11 -11 13 -13 -10
right_child=8 2 3 -5 -6 6 -8 -9 9 10 -12 12 -14 -15
leaf_value=-0.00041241732134728845 0.0017540388834287109 -7.507020896635908e-05 0.0016502350456418049 -0.0053251940098797482 0.027443205065339659 0.012427281194459691 -0.006714220537796519 0.018943222464149569 -0.0042586057363011671 -0.0059805259810535583 0.0070994804309395003 -0.013069536512175997 -0.00061547445646029184 0.00847826681033295
leaf_weight=374.14311499893665 4111.3196690604091 2730.1066024675965 58.996338412165642 53.909988701343536 74.451865673065186 69.286059737205505 1079.6130731031299 51.547591082751751 297.99676571786404 187.81294606626034 361.09440088272095 343.06546460837126 198.64572912454605 140.29031635820866
leaf_count=1679 17994 11927 263 247 328 300 5081 226 1297 828 1596 1605 920 615
internal_value=1.30096e-05 -0.000850268 0.000580898 0.0100392 0.0162331 -0.00349936 -0.00554027 0.00200901 0.000700609 -0.00213072 0.00261859 -0.00479077 -0.00852169 -0.000161696
internal_weight=10132.3 4492.05 2917.46 187.358 133.448 1574.59 1148.9 425.691 5640.23 1528.91 548.907 979.998 541.711 438.287
internal_count=44906 20051 12765 838 591 7286 5381 1905 24855 6861 2424 4437 2525 1912
is_linear=0
shrinkage=0.03


Tree=285
num_leaves=15
num_cat=0
split_feature=7 13 10 3 4 15 18 7 3 14 5 13 11 7
split_gain=7.96585 13.0412 7.61697 30.0549 14.3201 13.4254 11.0296 7.87324 25.2052 24.0891 27.0112 13.8129 15.4864 11.6322
threshold=0.32359527485200618 0.070066119791793016 0.32662398350078531 -0.031556827909288925 -0.0027938979143247162 0.0018555408847173995 5.9583291565361938 0.64516757288818039 0.15652769101587796 0.018134959385755382 0.015734501255003312 0.12699454081153619 59.238412560408619 0.37101332288269023
decision_type=2 2 2 2 2 2 2 2 2 2 2 2 2 2
left_child=1 -1 3 5 -5 -2 -6 8 9 10 13 -11 -13 -4
right_child=2 -3 7 4 6 -7 -8 -9 -10 11 -12 12 -14 -15
leaf_value=0.0012786743380130382 0.0054963696741987464 -0.014189341466663789 0.010747991244377607 0.0098030811189989062 -0.017140419288471702 0.027141482206174117 -0.00013922217538923578 8.4370170956449159e-05 0.018067561863312345 0.012714045590757119 -0.016166261652210794 -0.0092764760540291012 0.0086180147425298798 -0.0036716584960288083
leaf_weight=100.1052013784647 48.773374646902084 93.629945769906044 50.915672332048416 58.364953830838203 59.872075095772743 55.897199422121048 77.263204351067543 8034.8570393696427 51.42250320315361 118.0697115957737 158.52257895469666 87.370953559875488 82.860340461134911 1074.3262000977993
leaf_count=428 208 472 227 252 266 233 343 35601 233 520 717 401 360 4735
internal_value=-0.000271979 -0.00626544 -0.000154147 0.00453617 -0.00242929 0.0173477 -0.00770149 -0.000300825 -0.00220497 -0.0028902 -0.00464954 0.00492197 -0.000567376 -0.00300128
internal_weight=10152.3 193.735 9958.52 300.171 195.5 104.671 137.135 9658.34 1623.49 1572.07 1283.76 288.301 170.231 1125.24
internal_count=44996 900 44096 1302 861 441 609 42794 7193 6960 5679 1281 761 4962
is_linear=0
shrinkage=0.03


Tree=286
num_leaves=15
num_cat=0
split_feature=4 8 9 10 7 7 6 3 6 7 3 13 3 10
split_gain=6.20828 17.5624 17.269 13.2456 41.1115 22.407 22.1008 17.8242 16.9059 17.1786 31.3469 18.0726 23.2672 17.4499
threshold=-0.0043829727347348127 -0.15140434698556904 -0.056308341690642409 0.94917637301619873 0.92690583213180078 1.1868036828399562 0.0076283874388585714 0.12559740733454033 0.01208816080415792 1.2124520957382143 0.04348511193973837 0.1005544342420104 -0.046766440050217233 1.5225803820442823
decision_type=2 2 2 2 2 2 2 2 2 2 2 2 2 2
left_child=1 2 -1 5 -5 6 -3 -8 -6 10 -10 12 -11 -12
right_child=-2 3 -4 4 8 -7 7 -9 9 11 13 -13 -14 -15
leaf_value=0.0010076352091834494 -0.00074867011133993629 0.018242354475919285 -0.02321931005656748 -0.0094941774080105849 -0.0074251356508069398 0.018188158935030278 0.00088798423754767606 0.015027745849462624 0.010685990123010471 0.0049800135755574551 -0.013164655581435081 0.0039341581865718848 -0.015672490336681472 0.0093694396435541755
leaf_weight=51.880398586392403 6165.4713341519237 70.838983848690987 51.746934235095978 386.45460639894009 155.71845946460962 77.645594552159309 2070.5019681081176 81.489545561373234 424.15935364365578 78.448740750551224 91.752363041043282 277.84108503162861 125.83506934344769 44.443720877170563
leaf_count=223 27366 297 224 1791 808 331 9024 357 1818 341 417 1243 546 213
internal_value=-0.000152113 0.000769906 -0.0113008 0.00109751 -0.00101231 0.00255046 0.00198836 0.00143687 0.0017346 0.00311442 0.00667704 -0.00103676 -0.00777016 -0.00578212
internal_weight=10154.2 3988.76 103.627 3885.13 1584.65 2300.48 2222.83 2151.99 1198.2 1042.48 560.355 482.125 204.284 136.196
internal_count=44999 17633 447 17186 7177 10009 9678 9381 5386 4578 2448 2130 887 630
is_linear=0
shrinkage=0.03


Tree=287
num_leaves=15
num_cat=0
split_feature=6 9 12 12 13 10 18 3 15 2 10 18 3 6
split_gain=6.15815 21.7875 17.4051 7.45136 18.9666 12.9838 11.3612 15.5227 12.5266 10.7276 8.9034 8.35884 9.41245 18.4638
threshold=0.0041966063288453948 -0.03625418769470156 -0.02745648344528084 -0.019693240622812688 0.081782415121981936 0.70750842749313791 6.590970979599172 0.094013811090816649 0.0090910597823290491 0.026786166057252262 1.0709780293873326 8.7813958486298702 0.053404515334724463 0.012451710578310283
decision_type=2 2 2 2 2 2 2 2 2 2 2 2 2 2
left_child=1 -1 -3 11 -5 -6 7 8 9 -7 -9 12 -2 -14
right_child=3 2 -4 4 5 6 -8 10 -10 -11 -12 -13 13 -15
leaf_value=0.010710555813430316 0.00034969639539561873 -0.00026217154449974077 -0.023304638523105822 0.018078086365986616 -0.01117032656154065 -0.014043312975440227 -0.0011341867880571767 0.0066607101354328666 0.013191293564703938 0.0045786782666990397 0.02482986163177843 -0.010391240865911072 -0.011709245414245442 -0.0011304369916694387
leaf_weight=48.698761910200119 6908.778478063643 54.227746888995171 62.826588556170464 65.201485112309456 65.175972625613213 51.133768677711487 307.39265102148056 47.297764375805855 53.179833233356476 56.95856799185276 52.549677073955536 71.086406871676445 157.50100083649158 2161.4012934416533
leaf_count=206 30193 229 275 269 283 212 1416 200 220 240 225 348 715 10024
internal_value=-0.000156454 -0.00585676 -0.0128135 -6.07952e-05 0.00292211 0.00131071 0.00277572 0.00735213 0.00154142 -0.00432566 0.0165229 -0.000285569 -0.000205484 -0.00185843
internal_weight=10163.4 165.753 117.054 9997.66 698.89 633.688 568.512 261.12 161.272 108.092 99.8474 9298.77 9227.68 2318.9
internal_count=45055 710 504 44345 3065 2796 2513 1097 672 452 425 41280 40932 10739
is_linear=0
shrinkage=0.03


Tree=288
num_leaves=15
num_cat=0
split_feature=18 13 7 2 9 6 6 4 3 5 15 9 2 9
split_gain=5.79303 26.1723 26.0453 17.8802 13.1624 8.24935 7.82337 8.81726 17.3834 8.8833 9.58328 8.86428 8.1257 6.56709
threshold=8.1485013757016684 0.40412477346175385 0.95985233726043562 -0.017687416392842988 0.0061058039585136789 0.0093264899633223337 0.072545201307994842 -0.053343439530131868 -0.13665123082967898 0.17972482284609884 -0.0016567919154999442 -0.0058342790582327489 -0.12204153155043505 0.018884103491369656
decision_type=2 2 2 2 2 2 2 2 2 2 2 2 2 2
left_child=6 2 3 -2 -5 -4 7 8 -1 12 -11 -10 -9 -14
right_child=1 -3 5 4 -6 -7 -8 9 11 10 -12 -13 13 -15
leaf_value=-0.0080221457069954531 -0.014209911869077748 0.015862464629717517 -0.0078362150581102914 0.012553479243407474 -0.0060591931183843831 -0.021677545198913115 -0.010138803875894874 -0.010710023778440606 0.0055731135091797593 -0.0025833241368714496 0.01444030696972104 0.022419848655695677 0.00044227337269628434 -0.0013488796026110317
leaf_weight=47.576101943850517 50.715647123754025 52.277156755328178 75.696543209254742 96.252055615186691 50.951299920678139 85.646077781915665 65.538659915328026 62.735002070665359 64.341116696596146 47.451865687966347 75.50099766254425 50.555653020739555 6778.8890505507588 2527.4749036058784
leaf_count=207 241 243 378 412 232 437 327 286 291 212 320 231 29791 11318
internal_value=-0.000111873 -0.00358939 -0.00649203 0.000817723 0.00611624 -0.0153591 3.60698e-05 0.000107226 0.00699392 -1.20998e-05 0.0079341 0.0132426 -0.000118051 -4.43634e-05
internal_weight=10131.6 411.539 359.262 197.919 147.203 161.343 9720.06 9654.52 162.473 9492.05 122.953 114.897 9369.1 9306.36
internal_count=44926 1943 1700 885 644 815 42983 42656 729 41927 532 522 41395 41109
is_linear=0
shrinkage=0.03


Tree=289
num_leaves=15
num_cat=0
split_feature=7 7 13 7 6 7 13 3 6 7 12 3 13 12
split_gain=5.51733 5.76428 18.8539 7.96063 23.2639 7.04811 16.4866 16.1657 10.5731 7.03709 22.3133 15.5468 29.2727 23.7357
threshold=2.2162349504240297 1.8256600406723504 0.3176960873363957 1.6749971174724869 0.031816251357375334 1.5112922282686061 0.34904040188114577 0.099510209421411103 0.021003926851152058 1.1995394041198046 -0.14971769004027061 -0.046766440050217233 0.12981970133802015 -0.02687471389738166
decision_type=2 2 2 2 2 2 2 2 2 2 2 2 2 2
left_child=1 3 -3 5 -5 9 7 8 -7 -1 -11 -12 13 -13
right_child=-2 2 -4 4 -6 6 -8 -9 -10 10 11 12 -14 -15
leaf_value=0.00021261834394893688 -0.0079486852137766809 0.014941205681739369 -0.005506543614862594 -0.01818979020547044 0.0092226607195922666 -0.00142418819718438 0.018205586845083856 -0.014444640344452704 0.016262503434135295 -0.015670768585567544 0.0092208994316537608 -0.011864633632052106 0.0021849907766178013 0.010717953404439543
leaf_weight=8448.2060933560133 76.359613642096519 87.02415543794632 73.096894010901451 71.285320192575455 43.375174522399902 71.851571395993233 61.726659402251244 46.286910355091095 50.385617390275002 100.43393436074257 116.90742044150829 313.53949917852879 525.38319303095341 46.711455538868904
leaf_count=37338 357 377 338 332 204 315 290 223 215 457 518 1399 2381 198
internal_value=-1.90281e-05 4.27525e-05 0.00565382 -4.916e-05 -0.00783954 4.37448e-05 0.00520746 0.000288849 0.00601062 -8.18013e-05 -0.0023332 -0.000968514 -0.00233131 -0.00889349
internal_weight=10132.6 10056.2 160.121 9896.09 114.66 9781.43 230.251 168.524 122.237 9551.18 1102.98 1002.54 885.634 360.251
internal_count=44942 44585 715 43870 536 43334 1043 753 530 42291 4953 4496 3978 1597
is_linear=0
shrinkage=0.03


Tree=290
num_leaves=15
num_cat=0
split_feature=14 7 15 15 18 12 12 8 6 9 13 15 9 8
split_gain=6.09583 16.548 17.5392 12.846 11.7697 13.8746 12.7863 10.7874 10.8697 19.4012 15.6791 15.545 28.8688 20.7326
threshold=0.046971348463773273 1.0468938516756292 -0.0016120793448957114 0.0098388700928904189 7.580288559081553 -0.073753087050312124 -0.030450639334505532 0.0040433671485364817 0.019993228052067467 0.037236660851832366 0.28097225973831591 0.0085332971871672231 -0.02908690374503661 0.048222390856882964
decision_type=2 2 2 2 2 2 2 2 2 2 2 2 2 2
left_child=7 2 -2 -3 5 -4 -7 -1 10 -10 11 -9 -13 -14
right_child=1 3 4 -5 -6 6 -8 8 9 -11 -12 12 13 -15
leaf_value=0.00076821782694294562 0.011032912041542707 -0.0025894416006521626 -0.010016301069355155 0.0068692217247830279 0.014149180597884009 0.0099103526266818773 -0.0044809541004842603 -0.0029105238116670451 -0.00026417444661237804 0.012818355439751558 -0.011680742339998154 0.022040957612180646 -0.0044874689598313347 0.0064308080081218015
leaf_weight=4841.8303165510297 285.33782038092613 701.77649545669556 102.26505906879902 156.31522561609745 51.872680529952049 117.82152056694031 101.96059319376945 2195.479203671217 622.90004532039165 119.98469068109989 146.36381386220455 58.521363839507103 351.48742519319057 278.92561018466949
leaf_count=21268 1244 3240 455 709 238 516 450 9793 2762 520 676 246 1589 1228
internal_value=0.000140106 0.00189214 0.00545885 -0.000854427 0.00116923 -0.000995902 0.00325378 -0.000168828 -0.00137088 0.00187755 -0.00216783 -0.00167736 0.00224951 0.000348372
internal_weight=10132.8 1517.35 659.258 858.092 373.92 322.047 219.782 8615.49 3773.66 742.885 3030.78 2884.41 688.934 630.413
internal_count=44934 6852 2903 3949 1659 1421 966 38082 16814 3282 13532 12856 3063 2817
is_linear=0
shrinkage=0.03


Tree=291
num_leaves=15
num_cat=0
split_feature=3 2 10 8 13 17 9 18 2 7 13 3 18 13
split_gain=7.0765 11.1831 17.5163 18.658 25.9959 15.4709 14.838 15.6441 19.6331 14.5931 21.9012 18.6204 10.9135 16.9457
threshold=0.037669827300517857 0.020628094923026866 0.78639926932700444 -0.021292145597635755 0.30427590409960065 0.37940952255126048 0.0039528505890104601 6.3924337605572017 -0.036486686554377805 0.69541176965458151 0.12445125781921486 0.083411281228712705 6.8388142826473244 0.26919996493629456
decision_type=2 2 2 2 2 2 2 2 2 2 2 2 2 2
left_child=-1 2 3 5 9 -2 -4 -8 -9 11 -11 -5 -10 -14
right_child=1 -3 6 4 -6 -7 7 8 12 10 -12 -13 13 -15
leaf_value=0.00059589790460404224 0.0009103524403631186 0.00053120054909325785 -0.0083402163619010414 -0.0063673617407944355 0.01131754085940264 0.01631089807242975 0.009585733709853406 0.0078710191299067936 -0.015393883678280706 -0.014540361752427277 0.0088589003210716583 -0.028039055252338636 0.0082744092217762379 -0.014885116724957083
leaf_weight=6666.8297719582915 134.65374799072742 1854.2987875193357 597.82691119611263 126.73007486760616 89.124093681573868 102.43361325562 95.559691786766052 85.95234052836895 111.82817721366882 55.578697353601456 94.062008962035179 48.65948710590601 61.550950393080711 49.512385308742523
leaf_count=29108 580 8498 2728 578 388 446 403 405 522 251 414 235 303 257
internal_value=2.20489e-05 -0.00106832 -0.00286059 0.000968682 -0.00287159 0.00764494 -0.00534579 -0.000899902 -0.00418507 -0.00680771 9.09299e-05 -0.0126282 -0.00886285 -0.00213085
internal_weight=10174.6 3507.77 1653.47 651.242 414.154 237.087 1002.23 404.404 308.844 325.03 149.641 175.39 222.892 111.063
internal_count=45116 16008 7510 2892 1866 1026 4618 1890 1487 1478 665 813 1082 560
is_linear=0
shrinkage=0.03


Tree=292
num_leaves=15
num_cat=0
split_feature=11 18 13 2 10 7 11 10 14 13 7 13 18 1
split_gain=7.48862 12.4382 9.54231 8.06345 20.1227 30.5933 26.678 25.425 24.3633 21.6755 15.0241 14.7431 14.1481 21.3943
threshold=27.044229352277963 6.8673276669248162 0.020653781790956342 -0.04329500021574028 0.74513919278516272 0.90073032677290621 42.067552122312343 0.96853380214408225 -0.066173464203671636 0.10483463480446011 1.2424690261521765 0.10271482344270279 7.0989310905238989 0.0064965526565946155
decision_type=2 2 2 2 2 2 2 2 2 2 2 2 2 2
left_child=1 -1 -3 4 -2 7 10 8 -6 -10 -7 -12 13 -8
right_child=3 2 -4 -5 5 6 12 -9 9 -11 11 -13 -14 -15
leaf_value=0.00052366128913729313 0.0074701601587808262 -0.022562557628011664 -0.0030049801639879395 -2.3776386530594984e-05 -0.014948168012634702 0.010457652519392966 -0.019356649915050615 -0.018852322335902786 -0.0060693170956040857 0.018570090499909452 -0.0089944456958312869 0.010123410157496364 0.005180033031092963 0.001149649591744596
leaf_weight=139.68931396305561 473.74083326011896 47.884823955595493 42.108771897852421 8387.0975412353873 71.558659210801125 368.8075905367732 90.009179756045341 115.75991642475128 60.592674754559994 64.656620964407921 83.895196691155434 60.89424367249012 92.017843000590801 90.731521934270859
leaf_count=618 2025 265 195 37242 310 1608 385 543 278 275 372 275 422 389
internal_value=0.000222085 -0.00510991 -0.0136757 0.000346048 0.00231586 8.43345e-05 0.00324034 -0.00782563 -0.00121546 0.00674208 0.00725741 -0.000925649 -0.00432149 -0.0091626
internal_weight=10189.4 229.683 89.9936 9959.76 1572.66 1098.92 786.356 312.568 196.808 125.249 513.597 144.789 272.759 180.741
internal_count=45202 1078 460 44124 6882 4857 3451 1406 863 553 2255 647 1196 774
is_linear=0
shrinkage=0.03


Tree=293
num_leaves=15
num_cat=0
split_feature=17 7 3 10 7 12 18 10 10 14 10 4 3 18
split_gain=5.81753 8.48891 12.1535 11.7955 9.17406 14.1999 13.435 10.0006 12.8795 8.22484 8.37833 7.90248 24.9858 14.397
threshold=-0.78656609248549325 0.64933370623437947 -0.089098094258945867 0.50290227375119623 0.56473083780013267 -0.14971769004027061 6.480719029097993 0.57270762461140146 0.39054121117121005 -0.075444785727234551 0.61296007484246495 0.0028591457217018727 0.075786096038330489 6.7112450334732348
decision_type=2 2 2 2 2 2 2 2 2 2 2 2 2 2
left_child=1 2 -1 -3 5 -4 -6 8 -7 -5 -11 12 13 -12
right_child=-2 3 4 9 6 7 -8 -9 -10 10 11 -13 -14 -15
leaf_value=0.011637168563347183 -0.0002142203064669579 0.014111774090019869 -0.010930960329160957 -0.0086429057357383706 0.0014396024897095371 -0.0011459675241909954 -0.017397680662727576 -0.0063507896293869869 0.018666869358568285 -0.0050898167276389522 0.01221551307235378 0.00092769320124657078 -0.0090320007881200173 0.0027508582546559878
leaf_weight=48.804495863616467 8046.4596993550658 73.545187175273895 77.28150150179863 61.179950281977654 55.587878167629242 55.730560824275017 84.895032480359077 51.779574781656265 60.288362190127373 121.7314887046814 302.55103926360607 747.0018574744463 91.369011640548706 278.3181340098381
leaf_count=220 35799 310 353 274 233 239 383 223 255 516 1269 3310 426 1240
internal_value=0.000153542 0.00155483 -0.00217533 0.00252319 -0.00397474 -0.000451653 -0.0100283 0.00444662 0.00929149 0.0019743 0.00240648 0.00305571 0.00541063 0.00770561
internal_weight=10156.5 2110.06 434.367 1675.7 385.563 245.08 140.483 167.798 116.019 1602.15 1540.97 1419.24 672.238 580.869
internal_count=45050 9251 1906 7345 1686 1070 616 717 494 7035 6761 6245 2935 2509
is_linear=0
shrinkage=0.03


Tree=294
num_leaves=15
num_cat=0
split_feature=9 9 14 12 13 6 1 3 17 14 10 3 15 6
split_gain=6.65584 7.90054 14.0575 14.3073 12.84 9.86362 12.2001 9.17963 7.29327 7.30954 6.76371 18.3495 13.278 17.3108
threshold=-0.12689575870448819 -0.061269160684875916 -0.0019392733995960974 -0.076872632606293498 0.074068716481561894 0.003502502467046708 0.00049251432720071053 0.019301356801016304 0.25881904510252057 -0.037379752004592419 1.0410471089465443 0.21282476310689782 0.0089893754059104953 0.015072072260027776
decision_type=2 2 2 2 2 2 2 2 2 2 2 2 2 2
left_child=-1 2 3 8 -5 6 -3 -4 9 -2 11 -7 13 -12
right_child=1 5 7 4 -6 10 -8 -9 -10 -11 12 -13 -14 -15
leaf_value=0.0086297427114504759 -0.017930750087159754 -0.018501905259182116 -0.018475416233700272 0.017635894609081697 -0.0029478715893625708 0.0006093537964802499 0.0019015259212196911 -0.0020966950850421573 0.0017269118629852759 -0.0033922206609369068 -0.0059170392312064765 0.01612472063492959 0.0030523065700960674 -0.00038187479559651769
leaf_weight=77.668444409966469 52.279289841651917 54.59478522092104 78.976057559251785 57.878599338233471 49.17854055762291 6222.9792113080621 48.759644165635109 50.611861035227776 85.644151255488396 75.766172371804714 687.95481758564711 67.372551411390305 615.5602500885725 1934.8223858326674
leaf_count=334 229 232 349 252 210 27262 213 219 370 329 3259 298 2762 8739
internal_value=-7.41209e-06 -7.56457e-05 -0.0039505 -0.000559478 0.00829973 0.000106301 -0.00902279 -0.0122076 -0.00503369 -0.00951258 0.000207194 0.000780603 -0.000906427 -0.00183715
internal_weight=10160 10082.4 450.335 320.747 107.057 9632.04 103.354 129.588 213.69 128.045 9528.69 6290.35 3238.34 2622.78
internal_count=45057 44723 1958 1390 462 42765 445 568 928 558 42320 27560 14760 11998
is_linear=0
shrinkage=0.03


Tree=295
num_leaves=15
num_cat=0
split_feature=9 9 14 7 9 13 3 6 1 14 10 7 5 15
split_gain=6.38016 7.17062 19.7802 15.33 10.7008 11.7467 24.1497 9.01358 6.97946 6.06112 14.3561 26.4715 17.4098 14.6836
threshold=-0.12689575870448819 -0.061269160684875916 -0.0019392733995960974 0.69162532072799265 -0.070727721790199302 0.083622012448951191 -0.028285465831928366 0.003502502467046708 0.00049251432720071053 0.044901104386767983 0.50790261734796682 0.69162532072799265 0.038797122523335455 -0.012119032739786205
decision_type=2 2 2 2 2 2 2 2 2 2 2 2 2 2
left_child=-1 2 4 -4 5 6 -2 8 -3 -9 -11 -12 -13 -14
right_child=1 7 3 -5 -6 -7 -8 9 -10 10 11 12 13 -15
leaf_value=0.0082539558160530154 -0.0024315807813115515 -0.015877715458900762 -0.027129189057340287 -0.0058158300719909472 -0.006965708917037885 -0.0060986505518649172 0.022208543778849683 -8.7888395336452657e-05 -9.8507981879603161e-05 -0.012682343009592312 0.018841401233063593 0.0077817745893156492 -0.010072616253327164 0.00098750243383974659
leaf_weight=82.542303532361984 74.784071393311024 53.669728085398674 45.117013052105904 89.770467013120651 112.07751465588808 63.494695171713829 66.054847747087479 7940.2212026044726 46.18336920440197 56.060582920908928 82.471174359321594 311.8509863615036 119.36002124845982 981.81262099742889
leaf_count=356 329 228 202 391 488 271 280 35157 202 252 360 1353 572 4465
internal_value=4.70426e-05 -2.20396e-05 -0.00370911 -0.0132369 0.000410263 0.00448431 0.00927403 0.000152179 -0.00872487 0.000247384 0.00196107 0.0025262 0.00154868 -0.000227431
internal_weight=10125.5 10042.9 451.299 134.887 316.411 204.334 140.839 9591.63 99.8531 9491.78 1551.56 1495.49 1413.02 1101.17
internal_count=44906 44550 1961 593 1368 880 609 42589 430 42159 7002 6750 6390 5037
is_linear=0
shrinkage=0.03


Tree=296
num_leaves=15
num_cat=0
split_feature=10 13 9 13 10 16 6 13 13 9 3 9 12 12
split_gain=4.74075 14.6619 30.2484 17.3438 14.0092 12.4027 10.9188 6.18577 22.8479 30.5589 25.7936 27.9711 24.2832 56.2589
threshold=2.6934304668178561 0.22071129707112971 0.046347982578861031 0.50848687339573051 2.5278832623787859 1.0000000180025095e-35 0.032492926531777391 0.18693334855055935 0.24209106693355167 -0.0051381798923163515 0.10139353864012569 0.0082212315873306813 -0.26374093036320939 -0.12863632629027613
decision_type=2 2 2 2 2 2 2 2 2 2 2 2 2 2
left_child=4 2 -2 6 7 -5 -3 -1 10 -10 -9 -12 -11 -14
right_child=1 3 -4 5 -6 -7 -8 8 9 12 11 -13 13 -15
leaf_value=-0.00034060463698900489 0.021874610848306619 0.00230966474425018 -0.0077623336609683041 0.017158104996529647 -0.012793177540764637 -0.0019078993551942714 -0.014982460980442539 0.0074124653163345992 0.0042257642108726344 0.011181827009216102 -0.015509875907183474 0.0084241239035478498 -0.018763941539366259 -0.0014963168733022833
leaf_weight=6773.4959463551641 85.594246387481689 53.756630048155785 46.675144970417023 58.013968139886856 73.764263942837715 62.147059455513954 80.680758088827133 786.10747490823269 746.32613877952099 92.058754786849022 100.22768387198448 75.377345249056816 206.45651057362556 918.3128640204668
leaf_count=29820 368 249 203 265 346 295 401 3418 3270 427 462 347 947 4259
internal_value=0.000186217 0.00343462 0.0114565 -0.000789725 5.694e-05 0.00742741 -0.00813547 0.000157294 0.00130979 -0.0005468 0.00509293 -0.00525718 -0.00347612 -0.00469355
internal_weight=10159 386.868 132.269 254.598 9772.13 120.161 134.437 9698.36 2924.87 1963.15 961.713 175.605 1216.83 1124.77
internal_count=45077 1781 571 1210 43296 560 650 42950 13130 8903 4227 809 5633 5206
is_linear=0
shrinkage=0.03


Tree=297
num_leaves=15
num_cat=0
split_feature=6 12 15 15 13 10 4 15 6 15 10 8 18 14
split_gain=7.89217 28.1959 22.1533 22.5969 19.8375 18.8816 17.158 17.4163 16.6696 22.8674 15.6425 15.7409 18.7699 22.5304
threshold=0.010504519913685961 -0.074925287568965757 0.01380094532332077 0.0061676569291959646 0.02556364362474595 0.87925968962660028 -0.0017797162292807476 -0.017925318242955509 0.012379719826636796 0.020083730278030568 1.1207305949580706 -0.064710579524122305 7.1914371485671804 -0.027096523856966422
decision_type=2 2 2 2 2 2 2 2 2 2 2 2 2 2
left_child=1 4 3 6 -1 -4 7 -3 9 10 11 -2 13 -13
right_child=8 2 5 -5 -6 -7 -8 -9 -10 -11 -12 12 -14 -15
leaf_value=-0.012522666782023092 -0.013982862130823184 -0.0066469850874873596 -0.015573861178184673 0.013032732198680529 -0.00018977203230783945 0.0056056947105324736 -0.00039145639888274171 0.01134304369840031 0.00014103051554541481 -0.021846919134664515 0.0061070527744085607 -0.014839606830859463 -0.013869399463142628 0.0023591279124656316
leaf_weight=161.12247971445322 130.11117352545261 56.772775419056416 85.102389425039291 286.1312086507678 418.83351281285286 65.608512818813324 482.56254287064075 287.73791272938251 7358.5086482539773 58.864424988627434 145.83740009367466 78.790779732167721 107.96278680860996 450.52904696017504
leaf_count=790 578 317 370 1193 1805 279 2056 1223 32667 289 669 359 549 1992
internal_value=4.60521e-05 0.00182092 0.00433186 0.00579383 -0.00364734 -0.00640117 0.00326408 0.00835717 -0.000347134 -0.00403512 -0.00284178 -0.0045539 -0.0025911 -0.000247176
internal_weight=10174.5 1843.87 1263.92 1113.2 579.956 150.711 827.073 344.511 8330.6 972.096 913.231 767.394 637.283 529.32
internal_count=45136 8033 5438 4789 2595 649 3596 1540 37103 4436 4147 3478 2900 2351
is_linear=0
shrinkage=0.03


Tree=298
num_leaves=15
num_cat=0
split_feature=18 10 13 12 13 12 12 3 5 12 13 18 18 3
split_gain=7.2867 17.774 16.3404 39.8676 24.1492 11.5723 19.6868 15.7525 23.4079 11.922 27.5908 17.0322 19.2228 11.9592
threshold=7.4134714756732745 0.65307406934555468 0.10271482344270279 -0.042216060005061833 0.23019674308055207 -0.16203227868162481 -0.20135914174913663 -0.037948349077807968 -0.022925330027529663 -0.025080990973044944 0.044449872442056122 7.4986788469985699 8.7813958486298702 0.058398155682694138
decision_type=2 2 2 2 2 2 2 2 2 2 2 2 2 2
left_child=-1 2 3 -2 -4 6 -3 8 -7 11 -11 -9 -13 -12
right_child=1 5 4 -5 -6 7 -8 9 -10 10 13 12 -14 -15
leaf_value=0.00035978052286989124 0.025974425851178949 -0.00011463925856614332 -0.015240927142438736 -0.0081067592454192126 0.011068588971121925 -0.0042932666038161703 -0.020618133852587133 -0.016025048290617953 0.019576739949485663 0.018913428624747271 -0.014523998497873876 -0.0019887240242331943 -0.019717106795528395 0.0021237149057511035
leaf_weight=8456.1436264738441 78.651159584522247 83.56073585152626 61.601633206009865 48.825098022818565 60.07348345220089 76.114668868482113 83.084574103355408 106.14163346588612 68.846186250448227 65.707235291600227 57.963983625173569 737.67831221967936 57.552839852869511 109.03760444372892
leaf_count=37050 335 402 295 205 259 368 381 522 305 273 258 3560 287 537
internal_value=-1.59428e-07 -0.00179433 0.00557655 0.0129973 -0.00228245 -0.00307059 -0.0104604 -0.00209295 0.00715544 -0.00328562 0.00275009 -0.0048465 -0.00331802 -0.00375798
internal_weight=10151 1694.84 249.151 127.476 121.675 1445.69 166.645 1279.04 144.961 1134.08 232.709 901.373 795.231 167.002
internal_count=45037 7987 1094 540 554 6893 783 6110 673 5437 1068 4369 3847 795
is_linear=0
shrinkage=0.03


Tree=299
num_leaves=15
num_cat=0
split_feature=9 3 13 11 15 16 13 14 14 6 7 10 15 3
split_gain=6.09768 19.6257 30.837 20.3144 18.3303 13.2249 8.05074 16.5208 12.8104 8.0161 6.59103 6.55266 20.6166 13.3554
threshold=-0.057983484504717984 -0.003942972320840398 0.11211081878508357 51.354206952048905 0.0061676569291959646 -1.0000000180025095e-35 0.029010308831425528 -0.017379293279821791 -0.024560855955745916 0.003502502467046708 0.57604575165882899 1.0410471089465443 0.011162368560885485 0.17703793105245813
decision_type=2 2 2 2 2 2 2 2 2 2 2 2 2 2
left_child=1 3 4 6 -3 -4 8 -8 -1 10 -2 13 -13 -11
right_child=9 2 5 -5 -6 -7 7 -9 -10 11 -12 12 -14 -15
leaf_value=-0.0080011360045202581 -0.00030393489948108923 0.0045727366473946977 -0.018882915700778651 -0.025678887807114057 0.026366814201737785 0.0005973344497513085 -0.0015636099414285138 -0.020611148078600785 0.012640549152372192 0.00059732749597714817 -0.015717073329266317 -0.0018709714225118874 0.0049082562716128248 0.01061497530664045
leaf_weight=55.320485807955265 48.216780297458172 116.19799283146858 56.685473024845123 47.584192827343941 48.240009784698486 67.118349552154541 110.00493811070919 63.662831678986549 49.307931989431381 6091.5777940005064 49.969479128718376 2741.6539671495557 471.44606958329678 120.18981547653675
leaf_count=249 212 495 245 210 203 287 473 279 228 26694 212 12558 2101 536
internal_value=-5.1112e-05 -0.00294351 0.00275043 -0.00796587 0.0112063 -0.00848039 -0.00477562 -0.00870119 0.00178125 0.000135992 -0.00830524 0.000225674 -0.000873846 0.00079451
internal_weight=10137.2 614.122 288.242 325.88 164.438 123.804 278.296 173.668 104.628 9523.05 98.1863 9424.87 3213.1 6211.77
internal_count=44982 2669 1230 1439 698 532 1229 752 477 42313 424 41889 14659 27230
is_linear=0
shrinkage=0.03


end of trees

feature_importances:
atr_pct=489
liquidity=467
dist_high_168b=419
dist_low_168b=410
vol_ratio=391
btc_ret_24b=341
volume_surge=314
buy_pressure_24b=263
ret_72b=258
ema72_dist=130
ema24_dist=128
rel_strength_24b=124
rsi_14=108
ret_24b=97
hour_sin=87
buy_pressure_6b=83
hour_cos=50
ret_4b=38
ret_1b=3

parameters:
[boosting: gbdt]
[objective: binary]
[metric: binary_logloss]
[tree_learner: serial]
[device_type: cpu]
[data_sample_strategy: bagging]
[data: ]
[valid: ]
[num_iterations: 300]
[learning_rate: 0.03]
[num_leaves: 15]
[num_threads: 2]
[seed: 7]
[deterministic: 1]
[force_col_wise: 0]
[force_row_wise: 1]
[histogram_pool_size: -1]
[max_depth: -1]
[min_data_in_leaf: 200]
[min_sum_hessian_in_leaf: 0.001]
[bagging_fraction: 0.8]
[pos_bagging_fraction: 1]
[neg_bagging_fraction: 1]
[bagging_freq: 1]
[bagging_seed: 17422]
[bagging_by_query: 0]
[feature_fraction: 0.8]
[feature_fraction_bynode: 1]
[feature_fraction_seed: 7040]
[extra_trees: 0]
[extra_seed: 6516]
[early_stopping_round: 0]
[early_stopping_min_delta: 0]
[first_metric_only: 0]
[max_delta_step: 0]
[lambda_l1: 0]
[lambda_l2: 2]
[linear_lambda: 0]
[min_gain_to_split: 0]
[drop_rate: 0.1]
[max_drop: 50]
[skip_drop: 0.5]
[xgboost_dart_mode: 0]
[uniform_drop: 0]
[drop_seed: 15215]
[top_rate: 0.2]
[other_rate: 0.1]
[min_data_per_group: 100]
[max_cat_threshold: 32]
[cat_l2: 10]
[cat_smooth: 10]
[max_cat_to_onehot: 4]
[top_k: 20]
[monotone_constraints: ]
[monotone_constraints_method: basic]
[monotone_penalty: 0]
[feature_contri: ]
[forcedsplits_filename: ]
[refit_decay_rate: 0.9]
[cegb_tradeoff: 1]
[cegb_penalty_split: 0]
[cegb_penalty_feature_lazy: ]
[cegb_penalty_feature_coupled: ]
[path_smooth: 0]
[interaction_constraints: ]
[verbosity: -1]
[saved_feature_importance_type: 0]
[use_quantized_grad: 0]
[num_grad_quant_bins: 4]
[quant_train_renew_leaf: 0]
[stochastic_rounding: 1]
[linear_tree: 0]
[max_bin: 255]
[max_bin_by_feature: ]
[min_data_in_bin: 3]
[bin_construct_sample_cnt: 200000]
[data_random_seed: 61]
[is_enable_sparse: 1]
[enable_bundle: 1]
[use_missing: 1]
[zero_as_missing: 0]
[feature_pre_filter: 1]
[pre_partition: 0]
[two_round: 0]
[header: 0]
[label_column: ]
[weight_column: ]
[group_column: ]
[ignore_column: ]
[categorical_feature: ]
[forcedbins_filename: ]
[precise_float_parser: 0]
[parser_config_file: ]
[objective_seed: 15521]
[num_class: 1]
[is_unbalance: 0]
[scale_pos_weight: 1]
[sigmoid: 1]
[boost_from_average: 1]
[reg_sqrt: 0]
[alpha: 0.9]
[fair_c: 1]
[poisson_max_delta_step: 0.7]
[tweedie_variance_power: 1.5]
[lambdarank_truncation_level: 30]
[lambdarank_norm: 1]
[label_gain: ]
[lambdarank_position_bias_regularization: 0]
[eval_at: ]
[multi_error_top_k: 1]
[auc_mu_weights: ]
[num_machines: 1]
[local_listen_port: 12400]
[time_out: 120]
[machine_list_filename: ]
[machines: ]
[gpu_platform_id: -1]
[gpu_device_id: -1]
[gpu_device_id_list: ]
[gpu_use_dp: 0]
[num_gpu: 1]

end of parameters

pandas_categorical:[]
