tree
version=v4
num_class=1
num_tree_per_iteration=1
label_index=0
max_feature_idx=18
objective=binary sigmoid:1
feature_names=ret_1b ret_4b ret_24b ret_72b ema24_dist ema72_dist atr_pct vol_ratio buy_pressure_6b buy_pressure_24b volume_surge rsi_14 dist_high_168b dist_low_168b rel_strength_24b btc_ret_24b hour_sin hour_cos liquidity
feature_infos=[-0.010165602219443848:0.010165602219443848] [-0.024303323444823555:0.024303323444823555] [-0.039319363601440394:0.039319363601440394] [-0.060715509915052479:0.060715509915052479] [-0.021216348890276238:0.021589075453707363] [-0.030541434560178438:0.031146843627645415] [0.00017365165813747972:0.0065729702095165222] [0.21637715980097627:2.4530561714427179] [0:0] [0:0] [0.21524177956464047:2.4769032926672292] [7.5475579905514252:92.505942527029077] [-0.075438375414532799:0] [0:0.081593669268239521] none none [-1:1] [-1:1] [0:8.6248054180479894]
tree_sizes=1787 1796 1796 1788 1804 1800 1793 1795 1794 1795 1801 1801 1809 1800 1791 1801 1779 1792 1795 1809 1805 1813 1796 1798 1799 1817 1801 1800 1807 1812 1814 1808 1789 1794 1791 1799 1801 1799 1806 1806 1815 1802 1784 1784 1807 1813 1802 1785 1787 1801 1802 1797 1785 1819 1781 1797 1797 1789 1800 1808 1785 1798 1818 1782 1798 1798 1773 1786 1793 1805 1785 1780 1808 1805 1781 1795 1796 1815 1793 1809 1804 1793 1799 1800 1788 1783 1784 1819 1800 1791 1792 1826 1794 1791 1803 1782 1814 1793 1786 1797 1793 1778 1781 1779 1796 1792 1795 1789 1804 1771 1806 1803 1801 1806 1789 1792 1784 1802 1807 1806 1804 1773 1800 1797 1790 1783 1810 1791 1780 1795 1789 1801 1765 1811 1788 1788 1789 1785 1777 1823 1795 1765 1816 1791 1791 1814 1795 1791 1796 1797 1810 1806 1807 1813 1804 1783 1784 1792 1773 1795 1800 1800 1814 1819 1802 1797 1793 1795 1779 1805 1798 1805 1795 1808 1800 1794 1801 1815 1801 1799 1801 1786 1802 1796 1823 1803 1801 1775 1791 1799 1780 1803 1788 1786 1796 1794 1792 1789 1783 1812 1786 1789 1780 1802 1798 1799 1794 1794 1794 1797 1781 1804 1784 1817 1802 1808 1791 1807 1792 1793 1787 1790 1799 1790 1795 1805 1795 1792 1788 1788 1813 1794 1804 1798 1803 1808 1776 1781 1805 1787 1800 1805 1775 1801 1776 1788 1779 1796 1802 1796 1782 1790 1802 1806 1797 1770 1793 1795 1808 1796 1784 1786 1825 1798 1781 1793 1786 1780 1793 1799 1786 1783 1809 1784 1794 1781 1776 1785 1803 1787 1794 1800 1791 1802 1793 1806 1815 1806 1799 1806 1800 1811 1795 1795 1789 1785 1802 1791 1795 1791

Tree=0
num_leaves=15
num_cat=0
split_feature=11 16 5 2 16 12 5 17 3 17 11 16 16 13
split_gain=232.562 229.753 280.145 93.1044 102.809 53.609 58.822 62.9071 49.0547 44.6582 41.935 56.4016 36.4851 35.677
threshold=55.924741092929501 -0.55557023301960229 -0.00035801416064307196 0.0039223306083041041 0.5277851165098012 -0.0027444282775612723 -0.0031266417968452416 -0.44228869021900119 -0.0086033395344449187 -0.68322629814330815 44.092101863157005 -0.9103761370219875 1.0000000180025095e-35 0.0080501131309689295
decision_type=2 2 2 2 2 2 2 2 2 2 2 2 2 2
left_child=1 2 10 4 9 6 7 -3 -9 -2 -1 -12 -7 -11
right_child=3 5 -4 -5 -6 12 -8 8 -10 13 11 -13 -14 -15
leaf_value=-0.017384178856221212 -0.040317302268830534 -0.018193388230052211 -0.038012426961833677 -0.054789001634564051 -0.035205933061918881 -0.028052913755940372 -0.040730770818670034 -0.055729423848705079 -0.02829370090377583 -0.046258012365524098 -0.018007510853400806 -0.034816020894000002 -0.036777838244430636 -0.05756036417866435
leaf_weight=1135.6008443832397 925.67463195323944 223.17155678570271 1633.6757745891809 569.79971945285797 1362.5210835337639 621.78144824504852 5050.9746183604002 102.71389679610729 131.45379492640495 1173.8374045044184 345.87842619419098 373.11885137856007 1399.5080828666687 320.88721042871475
leaf_count=4544 3704 893 6537 2280 5452 2488 20211 411 526 4697 1384 1493 5600 1284
internal_value=-0.0376343 -0.0353148 -0.0289524 -0.0435037 -0.0417956 -0.0382638 -0.0397971 -0.0295168 -0.0403804 -0.045504 -0.0209797 -0.0266985 -0.0340872 -0.048708
internal_weight=15370.6 11017.9 3488.27 4352.72 3782.92 7529.6 5508.31 457.339 234.168 2420.4 1854.6 718.997 2021.29 1494.72
internal_count=61504 44087 13958 17417 15137 30129 22041 1830 937 9685 7421 2877 8088 5981
is_linear=0
shrinkage=1


Tree=1
num_leaves=15
num_cat=0
split_feature=4 7 7 11 5 13 13 11 5 2 17 17 17 13
split_gain=207.638 130.859 90.5502 89.3686 83.4326 45.6566 44.0212 42.477 38.7238 37.9618 76.1631 46.0161 36.3356 34.5502
threshold=0.00026070559722346515 0.94278733156607553 0.64491212143668986 44.092101863157005 0.0030009810531225205 0.0027893900372726326 0.0020122211260908966 24.574278240431564 0.011445063985708661 -0.0039166653805540177 1.0000000180025095e-35 -0.47114434510950048 0.22695468355932433 0.013030647421285903
decision_type=2 2 2 2 2 2 2 2 2 2 2 2 2 2
left_child=1 7 -2 9 6 -5 -4 -1 -6 10 -3 -11 -8 -7
right_child=2 3 4 5 8 13 12 -9 -10 11 -12 -13 -14 -15
leaf_value=-0.020914268321236051 0.0044023777702675492 0.027509448743400135 -0.017611127608441163 -0.0022289448184876471 -0.018585943736075292 0.0073289854152650937 -0.0018088581970048452 6.4879876289522444e-05 0.0072165859599666697 0.0041639926425187275 -0.00088395473845114014 0.014265357199121535 -0.0082237971018107991 -0.017221488643876841
leaf_weight=86.22163288295269 850.60410302877426 293.45091696083546 219.16314949095249 999.16814994812012 582.36892405152321 1234.8358112573624 2532.1846964359283 5627.8082111179829 56.458381488919258 827.49750836193562 119.21153184771538 799.03824140131474 1157.2229078263044 51.980296015739441
leaf_count=345 3404 1174 877 3998 2331 4941 10133 22519 226 3311 477 3197 4631 208
internal_value=0.00017019 0.00272133 -0.00457367 0.00665681 -0.00625386 0.00258025 -0.00460601 -0.000258891 -0.0162902 0.0112197 0.0193424 0.00913773 -0.00382434 0.0063121
internal_weight=15437.2 10039.2 5398 4325.18 4547.4 2285.98 3908.57 5714.03 638.827 2039.2 412.662 1626.54 3689.41 1286.82
internal_count=61772 40170 21602 17306 18198 9147 15641 22864 2557 8159 1651 6508 14764 5149
is_linear=0
shrinkage=0.03


Tree=2
num_leaves=15
num_cat=0
split_feature=4 16 4 5 16 7 5 7 7 5 16 12 13 12
split_gain=210.479 309.281 99.5711 89.8056 83.9765 82.4564 73.1426 57.0458 54.516 54.2975 49.2951 41.1533 40.6271 40.311
threshold=2.6217765064173729e-05 -0.55557023301960229 0.0017736589151263751 -0.00035801416064307196 0.5277851165098012 0.94278733156607553 -0.00020311347078294514 0.70435757092808327 0.86290480359325328 -0.0027705187981064134 -0.81241147629689037 -0.011763522912618228 0.0091631933270145422 -0.0018196866661892572
decision_type=2 2 2 2 2 2 2 2 2 2 2 2 2 2
left_child=1 3 4 -1 -2 6 -3 12 -4 -7 -5 -10 -6 -12
right_child=2 5 8 10 7 9 -8 -9 11 -11 13 -13 -14 -15
leaf_value=0.01633211344226879 -0.0046706003094194913 -0.0063555666798283455 0.0010401794184619027 -0.001725280644550997 0.0066018127708987089 0.014518868049634617 0.003784822810074891 -0.00090050476618712047 0.0071240341982380488 0.0018794253612210579 0.0068129456587715754 -0.021101116812325189 0.027568274397747485 0.031206961018156447
leaf_weight=1657.0983721464872 4559.9790134578943 2317.5358379632235 165.61151847243309 498.08869707584381 613.54969498515129 363.93681283295155 882.69488483667374 1450.3747590333223 50.206074014306068 1869.4532932937145 225.17615069448948 507.24466587603092 94.718717396259308 82.474595621228218
leaf_count=6629 18249 9274 663 1993 2455 1456 3532 5804 201 7480 901 2031 379 330
internal_value=0.000115391 0.00352656 -0.00350422 0.0123407 -0.00236361 -0.000471576 -0.003558 0.00250955 -0.0140669 0.0039502 0.00411165 -0.0185427 0.00947545 0.0135118
internal_weight=15338.1 7896.46 7441.68 2462.84 6718.62 5433.62 3200.23 2158.64 723.062 2233.39 805.739 557.451 708.268 307.651
internal_count=61377 31595 29782 9853 26887 21742 12806 8638 2895 8936 3224 2232 2834 1231
is_linear=0
shrinkage=0.03


Tree=3
num_leaves=15
num_cat=0
split_feature=11 16 7 5 16 17 5 11 6 7 5 16 6 16
split_gain=181.904 324.048 104.092 97.6703 70.3326 58.2993 57.037 55.6098 54.8002 48.738 45.6113 45.1014 44.5912 38.1411
threshold=48.354970138699976 -0.55557023301960229 0.94278733156607553 0.0031302188056558937 0.5277851165098012 0.88144907265856365 -0.00035801416064307196 55.924741092929501 0.0011347313410338502 0.67402074841245796 -0.0026663539562151168 0.88144907265856365 0.0002500972777590604 -0.72947329433276231
decision_type=2 2 2 2 2 2 2 2 2 2 2 2 2 2
left_child=1 6 5 4 7 12 8 -2 -1 -6 11 -4 -3 -8
right_child=3 2 10 -5 9 -7 13 -9 -10 -11 -12 -13 -14 -15
leaf_value=0.019627044450022675 -0.0011347377115209004 0.018941560699324247 0.01952129434415309 -0.013869625486013932 0.0086448109002254889 0.0031784450199216882 0.00016810631846361009 -0.007246269700413227 0.0064106910563197696 -0.00045698192020273711 0.0024051192656666673 -0.0054899585580370875 -0.0077274633283859273 0.019343137054675798
leaf_weight=1186.216413885355 3030.2811206281185 56.226678922772408 292.71803294122219 663.21953447163105 744.09158603847027 677.91765420138836 382.87910707294941 2401.4774365723133 373.72833231091499 1823.19313326478 1563.3436833769083 82.24029628932476 1976.7461965829134 121.48156750202179
leaf_count=4745 12126 225 1171 2657 2977 2713 1532 9613 1495 7296 6255 329 7911 486
internal_value=4.84022e-05 0.0037543 -0.000638775 -0.00282398 -0.00190492 -0.00443317 0.0136394 -0.00383843 0.016473 0.00218572 0.00466713 0.0140355 -0.00697198 0.00484481
internal_weight=15375.8 6713.5 4649.19 8662.26 7999.04 2710.89 2064.31 5431.76 1559.94 2567.28 1938.3 374.958 2032.97 504.361
internal_count=61531 26862 18604 34669 32012 10849 8258 21739 6240 10273 7755 1500 8136 2018
is_linear=0
shrinkage=0.03


Tree=4
num_leaves=15
num_cat=0
split_feature=5 2 16 7 3 16 1 16 5 3 16 3 16 16
split_gain=145.007 98.6344 70.3572 73.7942 63.9763 40.4977 38.2869 85.7476 201.351 113.445 92.3851 37.1381 41.8943 36.0414
threshold=0.0030009810531225205 -0.0024192760955532573 1.0000000180025095e-35 0.85995946725673755 0.02227112568179113 0.88144907265856365 0.00012141237451786248 -0.47114434510950048 -0.00035801416064307196 -0.00063731764301361282 -0.93540483100319605 -0.0020656030429086476 -0.93540483100319605 -0.41248606129204551
decision_type=2 2 2 2 2 2 2 2 2 2 2 2 2 2
left_child=1 2 -1 -4 -2 -5 7 8 -3 -9 -10 12 -8 -13
right_child=4 6 3 5 -6 -7 11 9 10 -11 -12 13 -14 -15
leaf_value=0.014793264404051728 -0.015730078112896333 0.01532597814151665 -0.01097119129478665 0.013131680367844626 0.015889190680116991 -0.0037361786168519178 0.018756994675870116 -0.0064229811565366191 -0.011136992442878076 0.002736435525800962 0.0041335408531648389 -0.0069929242573439484 0.0007093106237903295 -0.0013303569567699848
leaf_weight=702.82739615440369 668.34199602901936 1100.5912688970566 269.04810631275177 410.63725499808788 61.410162538290024 184.6954538077116 132.96162112057209 2107.961139947176 562.4304876178503 2873.8259347975254 966.32939513027668 1529.6820603758097 814.84430207312107 2983.1438164412975
leaf_count=2812 2679 4403 1077 1643 246 739 532 8436 2251 11500 3867 6123 3261 11939
internal_value=-1.40904e-07 0.000651243 0.0077581 0.00201686 -0.0130331 0.00790362 -0.000201873 0.00117325 0.00555413 -0.00114024 -0.0014917 -0.00211828 0.00327527 -0.00325201
internal_weight=15368.7 14639 1567.21 864.381 729.752 595.333 13071.8 7611.14 2629.35 4981.79 1528.76 5460.63 947.806 4512.83
internal_count=61508 58583 6271 3459 2925 2382 52312 30457 10521 19936 6118 21855 3793 18062
is_linear=0
shrinkage=0.03


Tree=5
num_leaves=15
num_cat=0
split_feature=11 7 11 4 6 7 7 17 11 2 12 17 1 12
split_gain=189.352 93.0819 118.031 73.7434 49.4728 45.1737 44.1814 53.1712 41.6045 32.3906 31.042 31.6635 30.9917 28.8204
threshold=55.924741092929501 0.86876969058449982 44.328437048185002 0.0017736589151263751 0.0012703204130613762 0.86584145835785264 0.57408046741269181 -0.3520614488341256 26.987123847590478 -0.0031074828638803643 -0.0019502253918599053 -0.3520614488341256 -0.00022926342337682701 -0.0016408423590060226
decision_type=2 2 2 2 2 2 2 2 2 2 2 2 2 2
left_child=1 4 9 6 8 -5 -2 12 -1 -3 11 -11 -8 -4
right_child=3 2 13 5 -6 -7 7 -9 -10 10 -12 -13 -14 -15
leaf_value=-0.018632181571385454 0.0050999472434059686 0.015220964439603515 -0.00016138093751491447 -0.00018268203476792593 -0.008053136906192606 -0.018203222915862956 0.011166483178658948 -0.0084864812071021815 0.00083624937656648791 0.0028330818413201809 0.025168970406528466 0.010973527775565912 -0.0022554064027490699 0.0071824239078879196
leaf_weight=99.140733882784843 464.77576516568661 684.98345533013344 2838.5601520985365 162.25573237240314 728.33780154585838 546.75429382920265 173.36140935122967 1658.6450795084238 4253.4171184748411 916.70329059660435 83.981422781944275 811.22072845697403 1320.9339097887278 577.04434408247471
leaf_count=397 1860 2741 11359 650 2915 2193 694 6641 17022 3668 336 3246 5288 2309
internal_value=5.76438e-05 0.00215003 0.0047084 -0.00525725 -0.000827755 -0.0140914 -0.00351908 -0.00479205 0.000384452 0.00966321 0.00754765 0.0066631 -0.000685415 0.00108278
internal_weight=15320.1 10993.4 5912.49 4326.73 5080.9 709.01 3617.72 3152.94 4352.56 2496.89 1811.91 1727.92 1494.3 3415.6
internal_count=61319 43993 23659 17326 20334 2843 14483 12623 17419 9991 7250 6914 5982 13668
is_linear=0
shrinkage=0.03


Tree=6
num_leaves=15
num_cat=0
split_feature=4 16 11 16 7 11 12 7 12 12 11 5 13 7
split_gain=153.199 102.341 243.224 59.7725 74.3724 59.0104 57.1769 58.695 59.4347 49.2638 48.8776 38.4201 32.7998 33.3118
threshold=0.00089458747358173174 -0.41248606129204551 44.092101863157005 -0.55557023301960229 0.8454372650119012 49.814522523680964 -0.0052876467044706268 1.188353609324224 -0.012521235866174206 -0.0085351647416906911 73.083267240447938 0.00050855659068294045 0.0027893900372726326 1.6296967798384323
decision_type=2 2 2 2 2 2 2 2 2 2 2 2 2 2
left_child=1 2 9 -2 10 -4 7 -3 -9 -1 -5 -6 -8 -14
right_child=3 6 5 4 11 -7 12 8 -10 -11 -12 -13 13 -15
leaf_value=0.024014797709841006 -0.015512993103757269 -0.0061833739108684812 0.005374951830939818 0.00055065880872860165 0.015278970790775635 -0.0028657894005843991 -0.0021060456036180253 0.025715651150376564 8.0918368349160188e-05 0.011508895701745294 0.024313027104630333 -0.010409719799713613 0.0022016366944627155 0.018659868863868889
leaf_weight=387.02135382592678 600.68556244671345 2418.4284486621618 1242.1860870420933 406.38461945950985 53.709039852023125 2103.5301774442196 1955.7768793553114 96.683308586478233 464.84875427186489 1082.2758525013924 94.412477090954781 954.83927041292191 3406.7175559699535 112.45478019118309
leaf_count=1549 2408 9680 4970 1627 215 8421 7827 387 1860 4331 378 3827 13633 450
internal_value=-1.87791e-05 0.00117548 0.00466565 -0.00752345 -0.00432746 0.000195188 -0.000812783 -0.0041553 0.00457025 0.0148312 0.00510934 -0.00901417 0.00100737 0.00273786
internal_weight=15380 13269.9 4815.01 2110.03 1509.35 3345.72 8454.91 2979.96 561.532 1469.3 500.797 1008.55 5474.95 3519.17
internal_count=61563 53108 19271 8455 6047 13391 33837 11927 2247 5880 2005 4042 21910 14083
is_linear=0
shrinkage=0.03


Tree=7
num_leaves=15
num_cat=0
split_feature=11 16 7 4 5 11 16 12 12 6 5 7 7 11
split_gain=166.77 263.088 87.4444 80.4139 66.8133 58.932 55.4873 45.4635 43.8781 52.0467 43.0837 41.6028 40.0864 38.6187
threshold=48.875768242938797 -0.55557023301960229 0.86876969058449982 0.0018552639412023899 -0.00035801416064307196 26.987123847590478 0.5277851165098012 -0.0018433205769778358 -0.0053309510805848994 0.0005232958164396764 -0.0029955796270547115 1.6525682227851455 0.86290480359325328 55.924741092929501
decision_type=2 2 2 2 2 2 2 2 2 2 2 2 2 2
left_child=1 4 5 6 -1 -3 11 -6 9 -7 -4 13 -5 -2
right_child=3 2 10 12 7 8 -8 -9 -10 -11 -12 -13 -14 -15
leaf_value=0.015316360655908448 -0.0017651076634985852 -0.026206035531258508 0.013266274987583379 0.00077613813721151559 -0.0012192543075544022 0.0074564686273739765 0.0017744377203291199 0.0192528458454863 0.00029109697354753785 -0.010928456776635759 0.0019258311230457743 0.012843550701908129 -0.016869480208374796 -0.0070217299583955912
leaf_weight=1587.6188281178474 2773.5630300939083 105.52672742307186 349.99203506112099 149.54117004573345 442.14694137871265 163.10701274871826 2424.3517916798592 123.22086587548256 1259.5713602751493 875.65510065853596 2109.6620421558619 131.13418716192245 509.97684641182423 2302.4802739918232
leaf_count=6355 11100 423 1401 599 1769 653 9702 493 5041 3506 8441 525 2049 9223
internal_value=3.64136e-05 0.00343975 -0.000426385 -0.00284388 0.0121655 -0.00449357 -0.00197357 0.00329474 -0.00347474 -0.00803286 0.00354897 -0.00371857 -0.0128782 -0.00415132
internal_weight=15307.5 7016.5 4863.51 8291.05 2152.99 2403.86 7631.53 565.368 2298.33 1038.76 2459.65 5207.18 659.518 5076.04
internal_count=61280 28082 19465 33198 8617 9623 30550 2262 9200 4159 9842 20848 2648 20323
is_linear=0
shrinkage=0.03


Tree=8
num_leaves=15
num_cat=0
split_feature=5 5 7 16 6 13 12 13 17 16 2 6 17 13
split_gain=118.101 74.6501 73.3713 64.6975 59.1066 57.8481 40.3003 36.601 36.9989 36.0672 34.5103 39.8312 33.9905 32.2655
threshold=0.0031302188056558937 -0.0024930049947290973 0.86290480359325328 -0.2901292552028415 0.0011828476359319752 0.037217549076633778 -0.00056549188802362804 0.012701200332112196 -0.63405362205439475 0.93540483100319638 -0.0024192760955532573 0.00052643452071795855 -0.097964660725097366 0.004808969097113148
decision_type=2 2 2 2 2 2 2 2 2 2 2 2 2 2
left_child=1 2 3 -1 10 7 -6 8 -2 -4 11 -3 -13 -14
right_child=5 4 9 -5 6 -7 -8 -9 -10 -11 -12 12 13 -15
leaf_value=0.020502352025596596 0.0078395207706371765 0.030286237855442415 0.015484814706918707 -0.013546202341206643 -0.0038766016466898925 0.0095214595507653078 -0.029212970374963572 -0.022510704563219009 -0.015825857794747031 -0.0056431719585014082 0.00052155281766678692 -0.0010112991735216576 0.0047142408745192623 0.030948863661607033
leaf_weight=64.944401189684868 92.256691455841064 63.443038761615753 672.61647297441959 199.84194901585579 2052.5120528787374 93.010229304432869 56.168518289923668 321.43385940790176 160.39499349892139 80.484691515564919 10963.901122763753 292.06464074552059 102.13453584909439 70.955639719963074
leaf_count=260 371 254 2694 801 8217 373 225 1292 645 322 43888 1169 409 284
internal_value=5.89281e-05 0.000622944 0.00845109 -0.00510399 3.59432e-05 -0.0122661 -0.00457852 -0.0158168 -0.00719066 0.0132179 0.00088327 0.00835557 0.00524756 0.0156994
internal_weight=15286.2 14619.1 1017.89 264.786 13601.2 667.096 2108.68 574.086 252.652 753.101 11492.5 528.598 465.155 173.09
internal_count=61204 58523 4077 1061 54446 2681 8442 2308 1016 3016 46004 2116 1862 693
is_linear=0
shrinkage=0.03


Tree=9
num_leaves=15
num_cat=0
split_feature=11 16 5 7 5 16 5 10 6 7 11 5 16 4
split_gain=135.789 267.759 71.3456 65.0349 63.8997 62.9334 61.926 40.464 43.4398 50.4692 39.8099 39.1346 40.3604 38.3664
threshold=49.814522523680964 -0.55557023301960229 0.0031302188056558937 0.87535276231048409 -0.00020311347078294514 0.5277851165098012 -0.00035801416064307196 0.47474078922773005 0.0012587096620816965 0.67402074841245796 26.987123847590478 -0.0024930049947290973 0.91037613702198772 0.00085520567548924575
decision_type=2 2 2 2 2 2 2 10 2 2 2 2 2 2
left_child=1 6 5 4 10 13 -1 8 9 -7 -3 12 -5 -2
right_child=2 3 -4 11 -6 7 -8 -9 -10 -11 -12 -13 -14 -15
leaf_value=0.014327279459416748 -0.002627204677693866 -0.024774001016273941 -0.012446459002256421 0.014353597195518162 0.0038491362721484461 0.010242905334140916 0.0035926273976817696 0.027726628429674004 -0.0099595321297828651 -0.00017705558002969904 -0.0060254964293345531 0.00054759098775675663 -0.0072435814928157073 -0.0091777318160459771
leaf_weight=1643.6684177070856 3792.8608740866184 106.1054105758667 647.48127283155918 384.00225573778152 638.53318281471729 590.43948675692081 687.31756085157394 51.694483369588852 266.5625401288271 1423.4138522595167 1873.105989381671 2126.9373703598976 96.231464862823486 1020.4924820363522
leaf_count=6583 15185 426 2605 1538 2555 2362 2750 207 1067 5697 7500 8510 385 4090
internal_value=-0.000147863 0.00271742 -0.00292598 -0.00105538 -0.004394 -0.00206005 0.0111678 0.0019836 0.00137625 0.00288509 -0.0070546 0.00229757 0.0100138 -0.00401924
internal_weight=15348.8 7555.9 7792.94 5224.92 2617.74 7145.46 2330.99 2332.11 2280.42 2013.85 1979.21 2607.17 480.234 4813.35
internal_count=61460 30247 31213 20914 10481 28608 9333 9333 9126 8059 7926 10433 1923 19275
is_linear=0
shrinkage=0.03


Tree=10
num_leaves=15
num_cat=0
split_feature=11 16 5 7 13 13 16 13 11 11 16 11 12 16
split_gain=135.162 239.129 79.0684 69.2325 49.0496 48.8572 48.4247 57.6525 51.9438 45.4664 40.6096 37.9118 37.2037 41.5287
threshold=47.734516866857369 -0.55557023301960229 0.0031302188056558937 0.94278733156607553 0.0023331876070123996 0.037217549076633778 0.5277851165098012 0.010214746905528595 56.038830825662792 24.574278240431564 0.44228869021900152 42.097248859899672 -0.0016153765630932402 -0.88144907265856332
decision_type=2 2 2 2 2 2 2 2 2 2 2 2 2 2
left_child=1 11 6 9 -5 -4 8 -8 12 -3 -11 -1 -2 -14
right_child=2 3 5 4 -6 -7 7 -9 -10 10 -12 -13 13 -15
leaf_value=0.016434238517171806 -0.0022085615110510391 -0.025724263946829085 -0.015423495592564137 3.7741836667854854e-05 0.0099677339757302079 0.0091053523180296674 0.00054851722198381717 0.016283065432752566 -0.0064090324248878118 0.0016818477492830722 -0.0060778700299172466 0.0079966152369440185 -0.0069322128233111633 0.0098982685083039423
leaf_weight=981.13213455677032 2638.3809547424316 78.585613891482353 566.89109781384468 1105.3452112227678 750.47389481961727 82.51509003341198 2431.3349334448576 227.36862261593342 2352.4900058060884 1044.8428600877523 1444.1101132184267 949.42689853906631 175.63888843357563 514.329041197896
leaf_count=3933 10560 316 2284 4424 3003 331 9730 910 9428 4183 5783 3801 703 2058
internal_value=0.000145229 0.00349373 -0.00222194 -0.000352376 0.00405973 -0.0122884 -0.00143529 0.00190534 -0.00299887 -0.00354213 -0.00282167 0.0122973 -0.000586158 0.00560623
internal_weight=15342.9 6353.92 8988.95 4423.36 1855.82 649.406 8339.54 2658.7 5680.84 2567.54 2488.95 1930.56 3328.35 689.968
internal_count=61447 25443 36004 17709 7427 2615 33389 10640 22749 10282 9966 7734 13321 2761
is_linear=0
shrinkage=0.03


Tree=11
num_leaves=15
num_cat=0
split_feature=11 16 11 7 3 17 6 6 16 2 3 7 12 17
split_gain=134.851 151.387 143.881 80.7172 65.0621 52.4178 55.1643 50.2861 49.9108 47.9162 47.1918 62.5836 73.4644 46.3041
threshold=55.924741092929501 -0.55557023301960229 44.092101863157005 0.62552433669270213 3.4868975883312066e-05 0.68322629814330826 0.00058795830354658053 0.00095820742285998768 -0.13052619222005171 0.00080670028925844417 -0.00067010481501111874 1.0694313492297645 -0.012521235866174206 -0.3520614488341256
decision_type=2 2 2 2 2 2 2 2 2 2 2 2 2 2
left_child=1 2 -1 8 5 6 -4 13 -2 -10 11 -3 -13 -5
right_child=3 10 4 7 -6 -7 -8 -9 9 -11 -12 12 -14 -15
leaf_value=0.014803740715616307 -0.0075506820138039046 -0.0054766456371337516 0.022082678883913395 0.00019968837714294088 -0.0029954072790517286 -0.011024771838652133 0.005570957831721378 -0.01177831281838829 -0.0019954709999740849 0.016868272869928591 0.0017557570885532183 0.022589610869294834 -4.3571559307918027e-05 -0.0078669912646041392
leaf_weight=1297.9920990169048 211.90863992273808 2697.698802486062 239.83996602892876 1220.0542087554932 1089.0584354102612 122.92979475855827 746.45595815777779 1069.3973732441664 194.88622863590717 316.81153628230095 3693.2111532837152 146.64124901592731 980.25758674740791 1345.8264716565609
leaf_count=5206 849 10804 960 4889 4359 492 2988 4298 780 1268 14780 588 3923 5395
internal_value=-3.13432e-05 0.00173627 0.00689178 -0.00449652 0.0022109 0.00731874 0.00962272 -0.00631752 0.00464406 0.00970399 -0.000662577 -0.00299753 0.00293645 -0.00403419
internal_weight=15373 11014.1 3496.28 4358.88 2198.28 1109.23 986.296 3635.28 723.606 511.698 7517.81 3824.6 1126.9 2565.88
internal_count=61579 44100 14005 17479 8799 4440 3948 14582 2897 2048 30095 15315 4511 10284
is_linear=0
shrinkage=0.03


Tree=12
num_leaves=15
num_cat=0
split_feature=4 16 5 3 12 2 3 16 6 16 4 3 2 4
split_gain=124.745 73.8122 235.668 83.5582 58.1046 55.8729 53.6577 45.371 43.9063 40.7639 39.8839 35.4984 34.2488 30.9843
threshold=0.00093884927544829477 -0.52778511650980109 -0.00035801416064307196 -1.0000000180025095e-35 -0.0055916575351929168 -0.0028498906923791058 0.0023605476261042706 -0.70710678118654735 0.00076663977119800634 -0.77259657388510594 -0.00013121630484913546 0.0044590511928413326 -0.0018239121551224533 -0.00057160374213743859
decision_type=2 2 2 2 2 2 2 2 2 2 2 2 2 2
left_child=1 2 9 5 6 -3 -5 -2 11 -1 -11 12 -6 -4
right_child=7 3 13 4 8 -7 -8 -9 -10 10 -12 -13 -14 -15
leaf_value=0.014941848628126224 -0.015656406976214982 0.0049012001711546587 0.0137682138558048 0.00088545744291987556 0.028452164089910723 -0.0044697364163941052 -0.018496568751477347 -0.004688819922987978 -0.00054007339853091158 0.0092461830069385 -0.010477076596388003 -0.010409001529265277 0.0066220514190808598 -0.0027671000444018544
leaf_weight=1328.824081748724 432.88772647082806 659.51644569635391 104.71383684873581 335.44624568521976 64.964219152927399 4272.9875864088535 206.25186994671822 1562.6210188120604 1239.4372486770153 469.94832615554333 112.93186612427235 105.17073109745979 2107.9357701539993 2317.8811268210411
leaf_count=5330 1742 2644 419 1343 260 17108 826 6274 4961 1885 452 421 8436 9283
internal_value=-8.99381e-05 0.000957895 0.00417279 -0.000592372 0.00259485 -0.00321529 -0.00653515 -0.00708132 0.00400379 0.0120419 0.00540208 0.00647429 0.00730028 -0.00204161
internal_weight=15321.5 13326 4334.3 8991.71 4059.21 4932.5 541.698 1995.51 3517.51 1911.7 582.88 2278.07 2172.9 2422.59
internal_count=61384 53368 17369 35999 16247 19752 2169 8016 14078 7667 2337 9117 8696 9702
is_linear=0
shrinkage=0.03


Tree=13
num_leaves=15
num_cat=0
split_feature=11 16 16 13 11 3 5 13 4 16 3 2 6 5
split_gain=110.904 219.125 68.9366 56.652 46.345 43.2077 42.5744 50.3295 38.8761 35.2733 32.9988 45.089 35.2054 35.9736
threshold=49.814522523680964 -0.52778511650980109 0.5277851165098012 0.012406335944248338 42.931728698322722 0.0067681758466736639 0.0031302188056558937 0.010214746905528595 0.0020639324283204812 0.5277851165098012 -0.00046059345360004161 -0.0046118676425757057 0.00051633965299957877 -0.00044976159061488325
decision_type=2 2 2 2 2 2 2 2 2 2 2 2 2 2
left_child=1 4 3 5 -1 8 7 -4 -2 10 11 -3 13 -13
right_child=2 9 6 -5 -6 -7 -8 -9 -10 -11 -12 12 -14 -15
leaf_value=0.014424025130023301 -0.0035422065098194701 0.017782263186063029 0.0013163378200756241 -0.01456133937188463 0.0060790230808187729 0.01650397111769419 -0.010833579635813662 0.016996851706424142 -0.021374248501448534 -0.0034932503834544317 0.0058314707129922989 0.012568635022991857 -0.0044823984630054155 -0.013682678078074871
leaf_weight=1129.3729861527681 4540.4948831349611 104.64376293122768 2137.9725285023451 461.59755048155785 1283.7630030810833 92.659618407487869 228.93612870573997 199.64577594399452 110.86883251368999 2518.166541531682 978.93865159153938 225.28847536444664 1287.0268126428127 57.458733946084976
leaf_count=4537 18192 420 8557 1858 5141 373 924 799 447 10085 3917 902 5154 230
internal_value=-4.78821e-05 0.00253253 -0.00256604 -0.00454935 0.00999328 -0.00356945 0.00145701 0.00266893 -0.00397625 -0.000951319 0.00146191 -0.00109663 -0.00237616 0.00717532
internal_weight=15356.8 7584.66 7772.18 5205.62 2413.14 4744.02 2566.55 2337.62 4651.36 5171.52 2653.36 1674.42 1569.77 282.747
internal_count=61536 30386 31150 20870 9678 19012 10280 9356 18639 20708 10623 6706 6286 1132
is_linear=0
shrinkage=0.03


Tree=14
num_leaves=15
num_cat=0
split_feature=11 16 5 16 7 3 10 12 7 16 1 7 17 3
split_gain=106.552 121.274 121.496 62.2072 65.5998 45.1753 53.9928 51.1222 56.8239 41.782 78.3372 37.2349 41.1749 35.1754
threshold=55.702078957896504 -0.52778511650980109 -0.00035801416064307196 0.5277851165098012 0.9585456660243441 -1.0000000180025095e-35 0.53669549870041344 -0.013537066740319291 1.2203539047543488 -0.9103761370219875 2.3364008333484624e-05 1.5700185010033123 0.84874750804349197 0.0039895569710513288
decision_type=2 2 2 2 2 2 10 2 2 2 2 2 2 2
left_child=1 2 9 -2 -5 7 11 8 -3 -1 -11 12 13 -7
right_child=3 5 -4 4 -6 6 -8 -9 -10 10 -12 -13 -14 -15
leaf_value=0.016234855163235203 -0.0066244296921646444 0.00240727644832115 9.7408724686557169e-05 0.0051386405187169408 -0.007477347405738459 0.001287357508301818 -0.018135541298013466 -0.003453731607349552 0.032720649380168845 0.012732077590729852 -0.0047612849547454331 0.02018479871849577 0.0081812469244042577 -0.013048368253322461
leaf_weight=839.83025966584682 2853.703858718276 274.5780583769083 1639.7629820257425 1058.0473002195358 568.62689734995365 1631.1061310619116 109.54794660210609 4152.9628154188395 67.92522893846035 735.65527456998825 333.759451597929 108.97792875766754 779.73591861128807 168.08670318126678
leaf_count=3374 11459 1101 6564 4236 2284 6527 439 16631 273 2955 1338 436 3120 673
internal_value=-6.63953e-05 0.00154183 0.00608845 -0.00395705 0.000724778 -0.000671787 0.00232034 -0.00253394 0.00857408 0.0112284 0.00727378 0.00316691 0.00243269 -6.49361e-05
internal_weight=15322.3 10841.9 3549.01 4480.38 1626.67 7292.92 2797.45 4495.47 342.503 1909.24 1069.41 2687.91 2578.93 1799.19
internal_count=61410 43431 14231 17979 6520 29200 11195 18005 1374 7667 4293 10756 10320 7200
is_linear=0
shrinkage=0.03


Tree=15
num_leaves=15
num_cat=0
split_feature=11 7 5 13 11 6 13 2 17 11 7 13 17 5
split_gain=97.6483 89.1231 48.4244 40.8665 33.317 29.7563 35.2387 27.8882 66.7322 36.6036 27.8052 26.6447 31.5595 30.1111
threshold=49.814522523680964 0.90758242372628672 0.0030009810531225205 0.037217549076633778 24.574278240431564 0.00037251502083030338 0.0022011612670257423 -0.0039166653805540177 -0.19509032201612839 26.987123847590478 0.68541667849473875 0.0026364221666574932 -0.3520614488341256 -0.00049272583907083989
decision_type=2 2 2 2 2 2 2 2 2 2 2 2 2 2
left_child=1 4 5 10 -1 -2 -7 8 -3 -10 -4 12 -9 -14
right_child=2 7 3 -5 -6 6 -8 11 9 -11 -12 -13 13 -15
leaf_value=-0.019905486685037561 0.005495449505918815 0.021532673705814746 0.0072418724452823022 0.0093817023167155726 -0.00041091889422629238 -0.0080693952652071098 -0.0013420915690823105 -0.0011559364354762208 -0.022644595438605548 0.0067549769341568198 -0.014586225044865937 0.0080116978154181426 0.0090521721956079281 -0.0046875943271946488
leaf_weight=78.618180841207504 489.33210977911949 286.20185631513596 56.731375008821487 85.628494024276733 3709.69496935606 795.79969729483128 5774.3393167108297 1021.5221725553274 51.166054710745811 132.69587498903275 560.83902716636658 1315.6900603026152 759.07519434392452 175.59505942463875
leaf_count=317 1959 1152 228 344 14865 3187 23135 4093 205 533 2270 5268 3046 703
internal_value=-1.56827e-05 0.00241793 -0.00237645 -0.00987277 -0.000825776 -0.00162715 -0.00215914 0.00570051 0.0125231 -0.00158212 -0.0125641 0.00471327 0.00248891 0.00646641
internal_weight=15292.9 7530.26 7762.67 703.199 3788.31 7059.47 6570.14 3741.95 470.064 183.862 617.57 3271.88 1956.19 934.67
internal_count=61305 30182 31123 2842 15182 28281 26322 15000 1890 738 2498 13110 7842 3749
is_linear=0
shrinkage=0.03


Tree=16
num_leaves=15
num_cat=0
split_feature=11 16 7 4 7 11 16 6 6 16 6 13 3 5
split_gain=97.0557 178.568 70.5471 63.4581 48.2234 40.148 31.7841 30.8015 30.2838 27.6216 29.626 25.0277 24.8232 26.7726
threshold=44.328437048185002 0.0327015646150716 0.87172025623112603 0.0018552639412023899 0.86290480359325328 26.987123847590478 0.22695468355932452 0.00035830904552211414 0.00026470507610846313 -0.63405362205439475 0.00054262841970532905 0.0018828168146213244 -0.00289317299149025 -0.0017175657058315361
decision_type=2 2 2 2 2 2 2 2 2 2 2 2 2 2
left_child=1 9 5 7 6 -3 -5 -2 -7 11 -11 12 -1 -14
right_child=3 2 -4 4 -6 8 -8 -9 -10 10 -12 -13 13 -15
leaf_value=0.022573184251924273 0.0054334082541588648 -0.025357031767447167 0.0032754206614392218 -0.014754455317401018 -0.01513604390487509 0.016599095803604958 0.014004835428469501 -0.001539463070223786 -0.0065031877944543969 0.017955547929447178 0.0033259625674139219 0.0083727314479990853 -0.0075534885886041903 0.015059890595854599
leaf_weight=340.78679847717285 604.32126967608929 97.123087823390961 1158.8157149851322 50.720820978283882 507.03150607645512 51.717832371592522 98.899392127990723 9570.5920476168394 1080.0598015934229 149.36068062484264 712.61710095405579 572.39248825609684 57.846775695681572 229.33714734017849
leaf_count=1374 2419 392 4640 204 2054 207 397 38341 4328 598 2856 2302 233 923
internal_value=-0.00017632 0.00355273 -0.00203224 -0.00170874 -0.0107333 -0.00703439 0.0041895 -0.00112434 -0.00542008 0.0100145 0.00589663 0.0129569 0.0170955 0.0104842
internal_weight=15281.6 4450.06 2387.72 10831.6 656.652 1228.9 149.62 10174.9 1131.78 2062.34 861.978 1200.36 627.971 287.184
internal_count=61268 17853 9567 43415 2655 4927 601 40760 4535 8286 3454 4832 2530 1156
is_linear=0
shrinkage=0.03


Tree=17
num_leaves=15
num_cat=0
split_feature=11 16 5 16 12 7 5 2 7 16 3 17 3 7
split_gain=95.952 99.3601 144.836 65.9945 57.12 54.1015 42.0728 36.8593 35.8737 35.1021 30.5864 45.4295 44.2743 35.3961
threshold=55.924741092929501 -0.63405362205439475 -0.00035801416064307196 0.58216583101416164 -0.0027444282775612723 0.96505222747219832 -0.0031266417968452416 0.0010595754797893822 0.78994500042500937 -0.097964660725097255 -0.005831920509537499 -0.32143946530316164 -0.0094662133060938718 1.1440069060818969
decision_type=2 2 2 2 2 2 2 2 2 2 2 2 2 2
left_child=1 2 -1 -2 6 -5 10 8 -4 -6 11 12 -3 -12
right_child=3 4 7 5 9 -7 -8 -9 -10 -11 13 -13 -14 -15
leaf_value=0.01191970525807645 -0.0064730209099902059 0.024486863918358557 -0.010083572477401891 0.005433846262083113 0.0098911731127600371 -0.0066681379082621723 -0.0027105917606641576 0.0090957444300219358 0.0006813795872353816 0.0013630879492566041 0.0036815456247902834 -0.011255514374672015 -0.0085760591102939931 0.030451093180487596
leaf_weight=1690.5437254756689 2864.7468260973692 94.592357665300369 430.9640184789896 977.57151526212692 611.74231220781803 501.3182025551796 5217.6622408330441 268.14034676551819 780.84268654882908 1489.1770428419113 94.658515393733978 144.82188464701176 57.226284727454185 82.884892106056213
leaf_count=6802 11514 381 1725 3914 2448 2017 20898 1074 3126 5959 380 581 230 333
internal_value=-4.50858e-05 0.00145 0.00592573 -0.00381759 -0.000372004 0.00132802 -0.00193242 -0.000928025 -0.00315735 0.00385333 0.00660554 0.00068564 0.0120747 0.0163787
internal_weight=15306.9 10963.3 3170.49 4343.64 7792.77 1478.89 5691.85 1479.95 1211.81 2100.92 474.184 296.641 151.819 177.543
internal_count=61382 43937 12727 17445 31210 5931 22803 5925 4851 8407 1905 1192 611 713
is_linear=0
shrinkage=0.03


Tree=18
num_leaves=15
num_cat=0
split_feature=11 16 5 16 7 3 7 6 17 17 2 17 5 11
split_gain=115.807 92.666 99.6302 53.5662 57.8808 41.0174 49.609 56.3828 49.1947 42.6179 66.536 41.4674 40.721 38.7801
threshold=55.924741092929501 -0.52778511650980109 -0.00022924580037403383 -0.55557023301960229 0.87172025623112603 -0.00067010481501111874 1.0694313492297645 0.00077631558765671948 0.25881904510252057 0.93540483100319638 0.00045587357407288204 -0.16280825711808986 0.0032737764123453865 71.33756565004181
decision_type=2 2 2 2 2 2 2 2 2 2 2 2 2 2
left_child=1 2 -1 -2 13 6 -3 8 -8 -7 -11 -9 -6 -5
right_child=3 5 -4 4 12 9 7 11 -10 10 -12 -13 -14 -15
leaf_value=0.0097070517356684909 -0.0094618975233977057 -0.0048308190241441893 -0.0004169912415504704 0.0004836119790358049 -0.003957083035756051 0.00028466803551124848 -0.014397291501327084 0.012518867711762459 0.011687940205445644 0.012702635688188246 -0.012189515934747349 -0.0020232761722033662 -0.016791828553878754 0.016685453252644027
leaf_weight=2082.2551066726446 1270.3364304304123 2656.5440424978733 1507.370563775301 1351.7635298073292 1293.4653809815645 2982.9524368941784 244.57288379967213 484.9006392210722 86.702378556132317 575.28189378976822 114.41593699157238 276.03118106722832 267.28099551796913 145.48200769722462
leaf_count=8378 5114 10648 6035 5416 5189 11940 979 1945 347 2302 458 1105 1087 583
internal_value=-0.000132206 0.00150213 0.00545786 -0.00428864 -0.0021348 -0.000412156 -0.00261901 0.00275969 -0.00754101 0.00184063 0.0085499 0.00725217 -0.00617374 0.00207805
internal_weight=15339.4 11011 3589.63 4328.33 3057.99 7421.4 3748.75 1092.21 331.275 3672.65 689.698 760.932 1560.75 1497.25
internal_count=61526 44137 14413 17389 12275 29724 15024 4376 1326 14700 2760 3050 6276 5999
is_linear=0
shrinkage=0.03


Tree=19
num_leaves=15
num_cat=0
split_feature=4 16 7 5 16 12 1 7 6 12 3 12 5 7
split_gain=81.7482 158.175 52.7203 54.4868 49.4127 45.6003 45.1866 43.1206 37.9207 37.7389 42.9699 35.2793 35.0202 33.2085
threshold=2.6217765064173729e-05 -0.55557023301960229 0.87172025623112603 -0.00020311347078294514 0.5277851165098012 -0.0038650271279685451 0.0007715411715240873 0.93301338748899176 0.00051978080785790228 -0.0019502253918599053 0.0020697894232284968 -0.0022163032826678637 0.0020652169324795193 1.6525682227851455
decision_type=2 2 2 2 2 2 2 2 2 2 2 2 2 2
left_child=1 5 3 8 6 -1 13 -6 11 -7 -11 -3 -9 -2
right_child=4 2 -4 -5 7 9 -8 12 -10 10 -12 -13 -14 -15
leaf_value=0.011485826190769046 -0.0028439006598007547 0.0026184872005333699 0.0022163925094232078 0.0030433999789269256 0.0042426489243769898 -0.0010818981372594269 -0.0090156063409494985 7.6732445069265645e-05 -0.0089672298516419134 0.021026598950576989 -0.0041811146471225722 -0.023318844729267783 -0.012556739095936719 0.014379017232554338
leaf_weight=1569.2628282904625 3646.9686462283134 513.29170513153076 2711.8325196355581 776.65954099595547 1545.4311540722847 621.89099542796612 1219.4761260598898 610.57707020640373 1404.561511695385 174.745585039258 91.941337376832962 49.955612227320671 289.85990370810032 101.6587983071804
leaf_count=6322 14630 2057 10859 3108 6186 2496 4908 2445 5635 700 368 200 1173 408
internal_value=-2.25976e-05 0.00209765 -0.000749415 -0.00367943 -0.00228584 0.00841349 -0.00400377 0.00120407 -0.00633321 0.00297402 0.0123697 0.000243681 -0.00400893 -0.00236941
internal_weight=15328.1 7914.14 5456.3 2744.47 7413.97 2457.84 4968.1 2445.87 1967.81 888.578 266.687 563.247 900.437 3748.63
internal_count=61495 31745 21859 11000 29750 9886 19946 9804 7892 3564 1068 2257 3618 15038
is_linear=0
shrinkage=0.03


Tree=20
num_leaves=15
num_cat=0
split_feature=4 11 16 17 12 16 12 6 6 3 12 6 16 3
split_gain=87.7067 63.607 134.477 35.7381 36.9101 35.5406 34.3035 34.4459 26.497 40.4728 40.0604 91.113 31.1336 22.8091
threshold=0.0018552639412023899 44.328437048185002 -0.63405362205439475 0.63405362205439486 -0.0097400289053806693 0.68322629814330837 -0.0084358786440215643 0.0014881943926257715 0.00074658531133958239 -0.0036626815657069818 -0.0058320437678489592 0.00047954438285426195 -0.72947329433276231 0.00060941004446973823
decision_type=2 2 2 2 2 2 2 2 2 2 2 2 2 2
left_child=1 2 6 4 -2 -4 -1 -8 9 -3 11 -11 -13 -12
right_child=3 8 5 -5 -6 -7 7 -9 -10 10 13 12 -14 -15
leaf_value=0.020202862967309429 0.0026111724501911675 0.013370669536293393 0.0027343795535683321 0.0034767291046792566 -0.01798081247210576 -0.0036362337217641168 0.010522088735848211 -0.011190413249426059 -0.0026448135316636443 0.015838046495345093 -0.0014406700045039545 0.00084956898326178664 -0.018681567682050003 0.0026901256485343627
leaf_weight=325.01569764316082 94.984501227736473 207.32271112501621 1956.6068181693554 125.48817332088947 432.8797719925642 1316.8467919379473 810.26535999774933 69.938723012804985 4607.5645831525326 113.09266696870327 2230.7499429583549 94.502552673220634 325.16347335278988 2606.9673267602921
leaf_count=1318 384 831 7845 508 1760 5280 3270 282 18473 453 8936 379 1303 10445
internal_value=-0.00013138 0.000348447 0.00332724 -0.010869 -0.0142796 0.00017095 0.0118855 0.00877541 -0.000961776 0.000428955 -7.54408e-05 -0.00786728 -0.0143003 0.000785541
internal_weight=15317.4 14664 4478.67 653.352 527.864 3273.45 1205.22 880.204 10185.4 5577.8 5370.48 532.759 419.666 4837.72
internal_count=61467 58815 17995 2652 2144 13125 4870 3552 40820 22347 21516 2135 1682 19381
is_linear=0
shrinkage=0.03


Tree=21
num_leaves=15
num_cat=0
split_feature=4 16 11 3 12 16 12 10 3 17 13 17 12 16
split_gain=78.0218 50.5504 135.959 69.7243 57.095 47.5458 44.8543 42.9925 40.1806 76.4826 39.2116 43.9674 83.2409 29.4674
threshold=0.00089458747358173174 -0.2901292552028415 44.328437048185002 0.00060941004446973823 -0.0055916575351929168 -0.70710678118654735 -0.0084358786440215643 0.54566309231912735 -0.0018387150575476794 0.63405362205439486 0.0018828168146213244 -0.47114434510950048 -0.002348882606206359 -0.84874750804349175
decision_type=2 2 2 2 2 2 2 10 2 2 2 2 2 2
left_child=1 2 6 -3 7 -2 -1 -5 9 -4 13 12 -12 -10
right_child=5 3 8 4 -6 -7 -8 -9 10 -11 11 -13 -14 -15
leaf_value=0.018307164473860705 -0.014214712467435513 -0.0029891790415832241 0.010846884402828655 -0.0033878666335039071 0.0046575065810701326 -0.0032686762545631868 0.0070353174614733831 -0.030706503321934444 -0.0011799377896593273 -0.011553386792959449 -0.0048496743297345218 -0.0031137476415230136 0.015642364320521549 -0.018948617541537465
leaf_weight=434.89261005818844 453.3293305337429 5174.9918631464243 596.89320008456707 312.42680460214615 2359.4898642748594 1665.5879800617695 1184.664103910327 60.324917152523994 145.62266491353512 176.1611366122961 346.94592024385929 1855.0087493807077 363.6761487275362 197.40758004784584
leaf_count=1763 1835 20739 2394 1252 9445 6710 4775 242 584 706 1390 7436 1457 791
internal_value=-0.000280577 0.000576972 0.00284304 -0.000942609 0.00293304 -0.00562171 0.0100809 -0.00794931 -0.000344602 0.00572574 -0.00196078 -0.000683311 0.00565204 -0.011456
internal_weight=15327.4 13208.5 5301.27 7907.23 2732.24 2118.92 1619.56 372.752 3681.72 773.054 2908.66 2565.63 710.622 343.03
internal_count=61519 52974 21296 31678 10939 8545 6538 1494 14758 3100 11658 10283 2847 1375
is_linear=0
shrinkage=0.03


Tree=22
num_leaves=15
num_cat=0
split_feature=4 16 16 11 3 10 7 3 17 6 7 13 7 16
split_gain=75.7287 55.0619 50.3124 129.327 52.6509 45.8006 40.3294 38.1896 89.1814 88.8602 53.3053 37.3115 36.0047 43.3663
threshold=0.0008749472604464571 -0.70710678118654735 -0.41248606129204551 44.092101863157005 0.00060941004446973823 0.53669549870041344 1.5700185010033123 -0.0007625576701804081 0.68322629814330826 0.00053310649133506789 0.80667871594772012 0.0019356686137073089 0.8454372650119012 -1.0000000180025095e-35
decision_type=2 2 2 2 2 10 2 2 2 2 2 2 2 2
left_child=2 -2 3 -1 -4 6 -6 8 9 -5 -9 -12 13 -3
right_child=1 12 4 7 5 -7 -8 10 -10 -11 11 -13 -14 -15
leaf_value=0.010866541671780083 -0.014309220083197332 -0.013112966456691806 -0.0021859869847097564 0.028099078937845766 0.0027350615700955944 -0.018992774989889227 0.021077487256426049 -0.0088678963164538372 -0.013937851492827169 0.0040941868120249513 -0.014273671467437521 0.0025958137697514134 -0.0056783976000232056 0.0077314372924680852
leaf_weight=1454.882445499301 458.41729985177517 110.16565780341625 5443.3412020504475 166.2664433568716 2703.2509755045176 82.171732172369957 110.44098299741745 717.97702659666538 193.55365639925003 798.00794665515423 127.45631849765778 1332.4777119606733 1132.9873317629099 450.58607284724712
leaf_count=5884 1858 443 21816 667 10822 330 442 2878 776 3201 511 5341 4574 1806
internal_value=0.000104871 -0.00510864 0.000960083 0.00340956 -0.000447549 0.00281944 0.00346949 0.00015264 0.0045506 0.00828286 -0.00218745 0.00110555 -0.00260452 0.00360428
internal_weight=15282 2152.16 13129.8 4790.62 8339.2 2895.86 2813.69 3335.74 1157.83 964.274 2177.91 1459.93 1693.74 560.752
internal_count=61349 8681 52668 19258 33410 11594 11264 13374 4644 3868 8730 5852 6823 2249
is_linear=0
shrinkage=0.03


Tree=23
num_leaves=15
num_cat=0
split_feature=4 16 11 3 12 16 3 17 6 7 13 12 6 7
split_gain=79.9052 42.3416 93.2687 49.1554 60.5789 40.5759 38.0575 78.3999 66.6794 41.8294 46.7799 35.5874 38.4188 35.3004
threshold=0.00093884927544829477 -0.2901292552028415 44.328437048185002 0.00060941004446973823 -0.01009278125278573 -0.70710678118654735 -0.0018762986956465941 0.63405362205439486 0.00054262841970532905 0.80315732485047142 0.0019356686137073089 -0.0084358786440215643 0.0011051453843930815 1.6823437279751272
decision_type=2 2 2 2 2 2 2 2 2 2 2 2 2 2
left_child=1 2 11 -3 -5 -2 7 8 -4 -8 -11 -1 -13 -6
right_child=5 3 6 4 13 -7 9 -9 -10 10 -12 12 -14 -15
leaf_value=0.016385217423953602 -0.013681229897758584 -0.002112456440585401 0.034638074522551833 -0.016869919104897727 0.0032395509468702874 -0.0032153613755718227 -0.0061996893286889281 -0.010823534194838082 0.0072050172266425625 -0.0098859304959123626 0.0032592407004542502 0.0086949421410989821 -0.0058944017160953103 0.024552583356807791
leaf_weight=433.4842071980238 423.65944741666317 5207.4693329185247 93.361662194132805 131.82474918663502 2576.1238970011473 1547.8383243083954 973.6598944067955 181.2870969325304 498.51246331632137 282.25062674283981 1704.9853467643261 1005.4291787445545 192.21632471680641 69.95908123254776
leaf_count=1763 1721 20872 375 529 10313 6241 3904 727 2000 1132 6834 4059 775 280
internal_value=0.000158568 0.000991326 0.00305195 -0.000393577 0.00282784 -0.00547598 0.000436326 0.0063542 0.0116344 -0.00111222 0.00138415 0.00903189 0.0063475 0.00382116
internal_weight=15322.1 13350.6 5365.19 7985.38 2777.91 1971.5 3734.06 773.161 591.874 2960.9 1987.24 1631.13 1197.65 2646.08
internal_count=61525 53563 21569 31994 11122 7962 14972 3102 2375 11870 7966 6597 4834 10593
is_linear=0
shrinkage=0.03


Tree=24
num_leaves=15
num_cat=0
split_feature=4 16 16 12 7 11 7 12 13 3 4 7 3 13
split_gain=64.4803 104.701 50.1761 42.9331 39.497 44.5605 37.437 37.2564 33.6902 43.2367 46.878 31.1632 30.0894 30.0266
threshold=2.6217765064173729e-05 -0.55557023301960229 0.5277851165098012 -0.0090697743380060408 0.86876969058449982 26.987123847590478 0.96818780500274182 -0.0052876467044706268 0.012406335944248338 0.0067681758466736639 0.0020639324283204812 1.4239137697439936 0.002316721044927209 0.0063191177116455064
decision_type=2 2 2 2 2 2 2 2 2 2 2 2 2 2
left_child=1 3 8 -1 5 -3 -4 12 9 10 11 -2 13 -7
right_child=2 4 6 -5 -6 7 -8 -9 -10 -11 -12 -13 -14 -15
leaf_value=0.015814487093997354 -0.0035123388567753892 -0.022065724131065927 0.0042090489257228993 0.0053177457190355919 0.002224377479138292 -0.006681362545681308 -0.0037105837949199453 0.0010390543083381402 -0.01159030907364114 0.017170968999665259 -0.022393152699853244 0.0061793444150980738 -0.021726231146773408 0.0081092461801635148
leaf_weight=423.70405143499374 4015.001272559166 102.88409924507141 1641.2774453014135 2018.4708935618401 2721.5756348669529 894.30361951887608 796.28480860590935 1468.1379621624947 434.90681159496307 92.965686082839966 110.73258739709854 320.76915802061558 100.2939271479845 141.54372797906399
leaf_count=1723 16114 417 6571 8133 10900 3589 3205 5880 1764 376 452 1287 403 568
internal_value=0.000103596 0.00199433 -0.00190421 0.00715032 -0.000326933 -0.00289158 0.001621 -0.00211773 -0.00363161 -0.00286435 -0.00329077 -0.00279281 -0.00619164 -0.00464856
internal_weight=15282.9 7870.91 7411.94 2442.17 5428.74 2707.16 2437.56 2604.28 4974.38 4539.47 4446.5 4335.77 1136.14 1035.85
internal_count=61382 31613 29769 9856 21757 10857 9776 10440 19993 18229 17853 17401 4560 4157
is_linear=0
shrinkage=0.03


Tree=25
num_leaves=15
num_cat=0
split_feature=11 6 12 12 13 12 13 12 5 12 6 13 13 13
split_gain=72.6674 36.26 33.7329 30.9519 29.2863 25.6066 26.1384 35.8333 25.5448 40.8153 31.5142 42.9066 41.0792 33.4385
threshold=49.814522523680964 0.00094996951951311758 -0.00083038492091064276 -0.0016663751155707727 0.0035498437719366786 -0.010283031999705315 0.0092764300560671548 -0.0043702224614420851 -0.0032713963849796408 -0.035567884880774274 0.0011051453843930815 0.0045799015016183562 0.00047369829765875343 0.016857264377126095
decision_type=2 2 2 2 2 2 2 2 2 2 2 2 2 2
left_child=8 3 -3 5 -5 -2 -7 -8 9 -1 -10 12 -12 -13
right_child=1 2 -4 4 -6 6 7 -9 10 -11 11 13 -14 -15
leaf_value=-0.011256471340137672 0.015109150897686847 -0.004095982722732058 -0.016716378912658196 0.009400859160439588 0.00037596652525348896 -0.0037075288718882208 0.026921193562203821 -0.0011792286332073828 0.0025397096399668172 0.011336912788929119 0.018160461811221714 0.0074461254971088728 -0.0093912798129775626 -0.012066844669351439
leaf_weight=82.328393861651421 69.583232641220093 1951.8240166604519 209.65627382695675 385.63780698180199 1960.3508687764406 3028.7331742495298 58.172979086637497 126.64114040136337 5683.5896491706371 500.94503362476826 50.643473923206329 424.96341593563557 675.73848053812981 95.111517950892448
leaf_count=333 279 7861 850 1545 7872 12142 233 508 22823 2029 204 1706 2713 382
internal_value=-3.58323e-06 -0.00203344 -0.00533444 -0.000764472 0.00186624 -0.00264426 -0.00303783 0.00785932 0.00210117 0.00812031 0.00159236 -0.00272449 -0.00742578 0.00384503
internal_weight=15303.9 7790.6 2161.48 5629.12 2345.99 3283.13 3213.55 184.814 7513.32 583.273 6930.05 1246.46 726.382 520.075
internal_count=61480 31290 8711 22579 9417 13162 12883 741 30190 2362 27828 5005 2917 2088
is_linear=0
shrinkage=0.03


Tree=26
num_leaves=15
num_cat=0
split_feature=13 4 16 6 12 12 11 13 12 4 2 17 13 12
split_gain=59.0541 60.0026 75.13 39.1063 37.6601 43.7246 37.2596 30.8894 30.1826 30.0528 29.5835 36.8273 27.1678 26.2524
threshold=0.012406335944248338 -0.00093715356343709855 -0.70710678118654735 0.001005005519292772 -0.0060360053981372 -0.00083038492091064276 23.010833360605563 0.010408664308508066 -0.0092978629827565312 0.00040299526570497518 0.0016372938746853085 -0.72947329433276253 0.037217549076633778 -0.013537066740319291
decision_type=2 2 2 2 2 2 2 2 2 2 2 2 2 2
left_child=1 2 -1 -3 8 7 -4 10 -5 -10 -6 -12 -2 -8
right_child=12 3 6 4 5 -7 13 -9 9 -11 11 -13 -14 -15
leaf_value=0.017069574046845018 -0.0095867696075748257 0.00049347539657957143 -0.014405362921967682 -0.0030069773475901907 -0.0030860111333786502 -0.017623332811992229 0.013345597341524754 0.016088875016842662 -0.0098128641035208752 -0.028290711882638202 0.023586903379127305 0.00039853340089407094 0.0057342329289515222 0.0018816085305379609
leaf_weight=393.08390495181084 770.19392900168896 10187.288002222776 108.85116152465343 403.74789220094681 1028.1505383849144 128.38483695685863 211.4903150498867 104.25850297510624 323.57312731444836 104.82682140171528 88.996857479214668 191.2953879237175 119.05143256485462 1144.8700125813484
leaf_count=1605 3119 40874 440 1623 4122 519 853 420 1299 423 358 772 480 4596
internal_value=-3.314e-05 0.000430026 0.00545837 -0.000314654 -0.00378111 -0.00100054 0.00232432 0.000532899 -0.00891579 -0.0144447 -0.000729286 0.00787612 -0.00752734 0.00368615
internal_weight=15308.1 14418.8 1858.3 12560.5 2373.23 1541.09 1465.21 1412.7 832.148 428.4 1308.44 280.292 889.245 1356.36
internal_count=61503 57904 7494 50410 9536 6191 5889 5672 3345 1722 5252 1130 3599 5449
is_linear=0
shrinkage=0.03


Tree=27
num_leaves=15
num_cat=0
split_feature=4 16 3 16 4 7 7 13 17 2 11 13 4 7
split_gain=64.1853 96.3763 61.866 58.7992 44.3117 43.5904 39.3907 52.2664 48.0313 50.3649 44.7694 41.7567 36.1237 32.5707
threshold=0.00017340149589961665 -0.52778511650980109 -0.0021480421041911164 0.5277851165098012 -0.00015792604868908319 0.96818780500274182 0.94278733156607553 0.0027000248687455435 0.88144907265856365 0.00010617440540772184 44.913491545114674 0.012701200332112196 -0.00033780391712406871 1.6525682227851455
decision_type=2 2 2 2 2 2 2 2 2 2 2 2 2 2
left_child=1 2 -1 13 -4 -5 8 10 12 -10 -8 -9 -3 -2
right_child=3 6 4 5 -6 -7 7 11 9 -11 -12 -13 -14 -15
leaf_value=0.011839350860060946 -0.0050143767517001406 -0.0079825695894099741 0.0065984731747272297 0.0048960101109066815 -0.0026163528439635429 -0.0042846020338912641 0.002255476595232946 0.0088657621700671176 0.006805795339554028 -0.0081231003009029669 -0.0092835523732314375 -0.018302010245408951 -0.0010892847051437902 0.010296498224053235
leaf_weight=1050.5286258459091 3894.4191498756409 1383.4804255068302 1136.101924046874 1340.8428949862719 798.19674235582352 710.57365223765373 956.77135026454926 990.36284109950066 784.22072066366673 272.49649986624718 440.23340697586536 51.838799268007278 1353.1721064150333 127.37832288444042
leaf_count=4266 15675 5555 4580 5369 3197 2864 3834 3965 3142 1092 1763 208 5420 513
internal_value=-2.30295e-05 0.00155458 0.00598541 -0.00241712 0.00279716 0.00171494 -0.000568617 0.00240442 -0.00248059 0.002948 -0.00138885 0.00748198 -0.00457738 -0.00452457
internal_weight=15290.6 9217.4 2984.83 6073.21 1934.3 2051.42 6232.58 2439.21 3793.37 1056.72 1397 1042.2 2736.65 4021.8
internal_count=61443 37022 12043 24421 7777 8233 24979 9770 15209 4234 5597 4173 10975 16188
is_linear=0
shrinkage=0.03


Tree=28
num_leaves=15
num_cat=0
split_feature=13 2 3 17 11 16 3 3 16 16 2 12 3 12
split_gain=65.5308 52.4986 48.5369 43.2898 36.2476 50.424 64.8516 57.3703 46.0002 43.3425 39.804 39.1903 37.7405 40.9264
threshold=0.012406335944248338 -0.0039166653805540177 0.02227112568179113 1.0000000180025095e-35 55.924741092929501 -0.52778511650980109 -0.00060694925578423295 3.4868975883312066e-05 -0.55557023301960229 -0.79335334029123528 0.0010595754797893822 -0.002136488856609164 0.00073123987094448489 -0.0053748100117906308
decision_type=2 2 2 2 2 2 2 2 2 2 2 2 2 2
left_child=1 3 -2 -1 5 7 -7 -3 -6 10 -9 -11 -10 -14
right_child=2 4 -4 -5 8 6 -8 9 12 11 -12 -13 13 -15
leaf_value=0.015532638557914036 -0.0096600148511858802 0.0073796259163988942 0.018110227045635589 -0.0018991472158974073 -0.0074154567247150258 -0.0032964370104637138 0.0025884716560799796 -0.0074838457852281354 -0.005077611046655571 -0.00080783100873016325 0.010165293709071812 0.017603146604452544 -0.015629499332331136 0.0035398347880288006
leaf_weight=367.04408623278141 842.8894789069891 1970.048647865653 58.896059662103653 195.86717087030411 1127.35814255476 3396.3576155304909 3341.4290107786655 718.14903818070889 931.69475315511227 243.55342355370522 135.06140208244324 179.45850533246994 104.7261920273304 1655.2209947705269
leaf_count=1492 3415 7957 238 790 4550 13619 13377 2881 3738 978 541 719 421 6650
internal_value=2.51971e-05 0.000518066 -0.00781026 0.00948193 0.000151184 0.00110199 -0.000378068 0.00417226 -0.0023338 -0.000782602 -0.00467279 0.00704892 -0.000201485 0.00238271
internal_weight=15267.8 14366 901.786 562.911 13803.1 9984.06 6737.79 3246.27 3819 1276.22 853.21 423.012 2691.64 1759.95
internal_count=61366 57713 3653 2282 55431 40072 26996 13076 15359 5119 3422 1697 10809 7071
is_linear=0
shrinkage=0.03


Tree=29
num_leaves=15
num_cat=0
split_feature=4 16 5 17 16 12 3 12 7 4 16 3 7 16
split_gain=52.2607 37.052 92.789 53.5581 50.0372 58.6457 45.6792 52.3165 45.5357 37.221 33.9461 36.0277 35.9593 34.3002
threshold=0.00093884927544829477 -0.41248606129204551 -0.00010408020981483855 0.72947329433276265 -0.9103761370219875 -0.0018433205769778358 0.0006731839193123702 -0.0055916575351929168 0.96505222747219832 -0.00031978467594961918 -0.70710678118654735 -0.0038958776377607247 0.8454372650119012 -1.0000000180025095e-35
decision_type=2 2 2 2 2 2 2 2 2 2 2 2 2 2
left_child=1 2 3 -1 -4 -6 -3 -8 -7 -5 -2 -12 13 -13
right_child=10 6 4 9 5 8 7 -9 -10 -11 11 12 -14 -15
leaf_value=0.0080876002037424954 -0.012257211166373065 -0.0022610631135693195 -0.0072496901715066375 0.0064412672866745579 -0.0032974519628899742 0.00088238417006770574 -0.0076038200373889182 0.0039782042857692086 0.017847456821811693 -0.015317679318056507 0.018601601682516924 -0.013022087552842407 -0.0067911415154261225 0.0074233120934694011
leaf_weight=2264.8037257641554 421.09535700082779 5602.0502439290285 904.09771284461021 125.289660140872 826.07229571044445 290.56387341022491 405.97933673858643 2515.6951631754637 277.64051538705826 158.00168186426163 66.619024962186813 90.45508199930191 1012.2287281751633 366.28864367306232
leaf_count=9169 1719 22464 3629 506 3314 1166 1630 10072 1113 634 268 365 4100 1469
internal_value=-0.000154815 0.000515564 0.00260941 0.00654958 -0.00176077 0.00180372 -0.000675298 0.00236473 0.00920552 -0.00571678 -0.00473141 -0.0026544 -0.00364236 0.00333512
internal_weight=15326.9 13370.2 4846.47 2548.1 2298.37 1394.28 8523.72 2921.67 568.204 283.291 1956.69 1535.59 1468.97 456.744
internal_count=61618 53697 19531 10309 9222 5593 34166 11702 2279 1140 7921 6202 5934 1834
is_linear=0
shrinkage=0.03


Tree=30
num_leaves=15
num_cat=0
split_feature=11 16 7 2 6 3 17 12 7 12 16 2 12 12
split_gain=53.8221 83.3216 63.0929 40.1725 39.5766 39.8036 41.2901 39.402 34.8628 33.8746 59.6971 31.4771 27.9587 27.1573
threshold=46.116905789470856 0.25881904510252091 0.88809713441065696 -0.00080623437489249483 0.00094996951951311758 -0.0038958776377607247 0.68322629814330826 -0.00077764177797329237 0.4910571786030275 -0.0017150192051044175 -0.93540483100319605 0.0001791830879871448 -0.0048879294168237544 -0.0084358786440215643
decision_type=2 2 2 2 2 2 2 2 2 2 2 2 2 2
left_child=1 13 3 12 5 6 -2 -6 11 -10 -11 -7 -3 -1
right_child=4 2 -4 -5 7 8 -8 -9 9 10 -12 -13 -14 -15
leaf_value=0.010811833562562601 0.020382674378659354 -0.014335357354688657 0.0035902696834934932 0.00055200164483564277 -0.0033986668768822732 -0.0025160208049250185 -0.0080582530990421161 -0.017300192732574621 -0.0028380937290650482 -0.010189592979768519 0.0033908794586183181 0.013995392141611133 -0.0028815814389729836 0.0041336486412228337
leaf_weight=723.95760062336922 158.70876359939575 524.99435694515705 1104.6294916421175 507.87784138321877 2487.9210006594658 168.2691299021244 63.059968143701553 196.33566406369209 3973.9663213044405 333.69739146530628 2203.1362681388855 267.45964062213898 303.46051280200481 2259.1201035231352
leaf_count=2947 637 2114 4426 2037 10024 674 253 800 15937 1344 8841 1072 1218 9107
internal_value=-7.58887e-07 0.00239867 -0.00171116 -0.00609221 -0.00132192 -0.000158046 0.0122958 -0.0044276 -0.000559059 -0.00110973 0.00159787 0.00763668 -0.0101569 0.00576052
internal_weight=15276.6 5424.04 2440.96 1336.33 9852.55 7168.3 221.769 2684.26 6946.53 6510.8 2536.83 435.729 828.455 2983.08
internal_count=61431 21849 9795 5369 39582 28758 890 10824 27868 26122 10185 1746 3332 12054
is_linear=0
shrinkage=0.03


Tree=31
num_leaves=15
num_cat=0
split_feature=4 4 17 3 17 12 6 3 13 12 16 16 3 6
split_gain=56.61 40.3977 32.2576 31.4556 29.2594 29.9809 26.202 34.7229 32.0764 27.522 62.6675 33.3587 147.623 64.935
threshold=0.0018552639412023899 -0.0018513009036270065 -0.19509032201612839 -0.0078841421792068527 0.60876142900872032 -0.010983011148587461 0.00098812270363956537 -0.0042653786442374822 0.00080525819048515867 -0.0017415677448896492 -0.95642797789208689 -0.77259657388510594 -0.00018605012093320103 0.00058521748351323245
decision_type=2 2 2 2 2 2 2 2 2 2 2 2 2 2
left_child=1 2 -1 -4 5 -2 7 -3 -8 11 -11 12 13 -9
right_child=4 6 3 -5 -6 -7 8 9 -10 10 -12 -13 -14 -15
leaf_value=0.013492149498645184 0.0055061290123210723 0.007819496216891552 -0.014117347377113247 0.0069275870189170006 0.0037062672972138044 -0.015013579055870727 0.013353494558619797 0.021081014368042675 -0.0030710885299038084 -0.010051964186065134 0.0043790654871054754 -0.0016938943771987107 -0.0077002420747331402 0.0048355006926229663
leaf_weight=367.47406859695911 74.071426168084145 581.17454168200493 92.684613615274429 194.73973137140274 133.76563511788845 433.78535462915897 109.16849599778652 342.74737530946732 2894.0291318893433 301.59788210690022 2513.5031486898661 5923.3609491735697 666.66326569020748 623.82634992897511
leaf_count=1496 301 2349 375 785 544 1782 441 1386 11639 1215 10077 23756 2680 2522
internal_value=-2.53669e-05 0.000358154 0.00762863 9.0649e-05 -0.00873285 -0.0120109 1.59376e-05 0.00069667 -0.00246555 0.000296114 0.00282695 -0.00064721 0.0031463 0.0106278
internal_weight=15252.6 14611 654.898 287.424 641.622 507.857 13956.1 10952.9 3003.2 10371.7 2815.1 7556.6 1633.24 966.574
internal_count=61348 58721 2656 1160 2627 2083 56065 43985 12080 41636 11292 30344 6588 3908
is_linear=0
shrinkage=0.03


Tree=32
num_leaves=15
num_cat=0
split_feature=11 16 4 12 17 11 16 12 5 17 3 2 13 13
split_gain=55.6081 87.3713 35.0307 26.9103 29.5314 24.2884 22.3736 21.6447 48.4477 23.7873 36.8811 21.1464 21.0186 19.9276
threshold=43.981268619184327 -0.55557023301960229 0.0018552639412023899 -0.010983011148587461 0.63405362205439486 73.083267240447938 0.5277851165098012 -0.0060360053981372 -0.0020614932471838539 -0.44228869021900119 -0.005831920509537499 -0.0046118676425757057 0.00056935405389735305 0.037217549076633778
decision_type=2 2 2 2 2 2 2 2 2 2 2 2 2 2
left_child=1 12 5 -4 13 -2 11 8 9 -8 -11 -3 -1 -5
right_child=2 6 3 4 -6 -7 7 -9 -10 10 -12 -13 -14 -15
leaf_value=0.017702887048972105 -0.0010131697780867872 0.014929519468343691 0.0063420764335947984 -0.016247714222584905 0.0035368812536390611 0.012664751562835013 0.010736235281875556 0.00070476760130679344 -0.015572654535476481 -0.017701818482824348 0.0044816107956596124 0.0016042093690995893 0.0075819227479563918 0.003700591201567416
leaf_weight=226.40513893961906 10253.70880459249 114.5223536491394 98.115002810955048 394.36076368391514 106.40360260009766 116.19711345434189 131.67856574058533 857.76458439230919 296.25919471681118 112.70211733877659 162.25837206840515 1347.7805353701115 1012.032668530941 50.10283562541008
leaf_count=930 41149 463 398 1627 433 467 531 3440 1191 453 652 5403 4131 203
internal_value=-0.000155983 0.0027534 -0.00128144 -0.00803217 -0.010606 -0.000857493 2.35068e-06 -0.00249436 -0.00638926 0.000344829 -0.00467321 0.00266677 0.00945775 -0.0139925
internal_weight=15280.3 4261.4 11018.9 648.982 550.867 10369.9 3022.97 1560.66 702.898 406.639 274.96 1462.3 1238.44 444.464
internal_count=61471 17194 44277 2661 2263 41616 12133 6267 2827 1636 1105 5866 5061 1830
is_linear=0
shrinkage=0.03


Tree=33
num_leaves=15
num_cat=0
split_feature=2 11 16 7 11 6 18 7 10 17 2 17 17 7
split_gain=52.2291 34.9245 83.2223 51.0439 33.7707 30.3816 28.3946 24.0152 23.7855 22.9073 23.0045 54.4104 44.0482 26.8314
threshold=0.0039223306083041041 44.328437048185002 0.0327015646150716 0.9585456660243441 26.987123847590478 0.00026470507610846313 5.4268653006803564 0.4910571786030275 0.62881857368292626 0.32143946530316164 0.00053806301498049447 0.91037613702198772 0.72947329433276265 0.94894459097727413
decision_type=2 2 2 2 2 2 2 2 10 2 2 2 2 2
left_child=1 2 -1 4 -4 -6 -2 -3 -8 -9 12 13 -11 -12
right_child=6 7 3 -5 5 -7 8 9 -10 10 11 -13 -14 -15
leaf_value=0.0073339927524820863 -0.013350843641283411 0.0055403334149113003 -0.019538424309835413 0.004786274264044388 0.018963840695049299 -0.0038548093626178345 0.014962638446944407 0.00044978772818892961 -0.0056102086310518828 -0.0062997719589823736 0.0023650063671404372 -0.013865895580987579 0.0026321248531181525 -0.0079254586087179803
leaf_weight=2030.4741586744785 376.81225755810738 590.78264176845551 118.327522367239 884.28619690239429 52.703365460038185 1331.3187040537596 64.71734930574894 6019.5237423181534 207.12298817932606 777.50308744609356 613.80208601057529 469.72232100367546 1368.7936790734529 360.25403136014938
leaf_count=8246 1545 2368 481 3545 211 5345 262 24171 847 3119 2464 1888 5486 1449
internal_value=0.000274883 0.000644986 0.00287272 -0.000925761 -0.00428977 -0.00295977 -0.0080418 -0.00032007 -0.000638898 -0.000681436 -0.00257737 -0.00550258 -0.000606337 -0.00144936
internal_weight=15266.1 14617.5 4417.11 2386.64 1502.35 1384.02 648.653 10200.4 271.84 9609.6 3590.08 1443.78 2146.3 974.056
internal_count=61427 58773 17828 9582 6037 5556 2654 40945 1109 38577 14406 5801 8605 3913
is_linear=0
shrinkage=0.03


Tree=34
num_leaves=15
num_cat=0
split_feature=13 2 3 5 12 12 3 16 17 6 3 3 4 12
split_gain=51.7548 64.1521 36.9834 32.5764 30.3443 31.9612 32.6965 27.775 25.7515 24.0245 32.451 29.9737 27.9157 31.7077
threshold=0.012406335944248338 -0.0039166653805540177 0.02227112568179113 0.0032737764123453865 -0.035567884880774274 -0.015499181667559035 -0.006078921519549473 0.19509032201612822 -0.81241147629688992 0.0010764784566947457 -0.0042653786442374822 0.0063909033153957693 -0.001557675497987687 -0.0062071630436260619
decision_type=2 2 2 2 2 2 2 2 2 2 2 2 2 2
left_child=1 4 3 -2 -1 -6 7 -7 -5 10 -3 12 -11 -14
right_child=2 9 -4 8 5 6 -8 -9 -10 11 -12 -13 13 -15
leaf_value=-0.009753377457352972 -0.003563650418069983 0.0073147376588854921 0.015135674280869727 -0.029693580841271387 0.025955027907447619 0.0081772474007351693 0.01455260878038689 -0.019962974235838329 -0.01069074521090245 0.010212923362178291 0.00036185100077121941 0.018626344610439809 -0.0087209720747704247 -0.0011892989758643246
leaf_weight=58.27212855219841 485.39961768686771 637.74448019266129 62.012704715132713 86.372396066784859 124.42609393596649 70.835021436214447 256.33008934557438 53.845493778586388 251.63041692972183 131.60210189223289 10861.8182156533 56.595432966947556 787.45546580851078 1388.8613063395023
leaf_count=237 1955 2581 251 356 507 294 1040 217 1038 532 43633 230 3174 5585
internal_value=0.000153938 0.000586372 -0.006878 -0.00856856 0.0104889 0.0128519 0.00845962 -0.00409891 -0.0156928 0.000182284 0.00074865 -0.00257048 -0.00310595 -0.00391998
internal_weight=15313.2 14427.8 885.415 823.402 563.709 505.437 381.011 124.681 338.003 13864.1 11499.6 2364.51 2307.92 2176.32
internal_count=61630 58030 3600 3349 2295 2058 1551 511 1394 55735 46214 9521 9291 8759
is_linear=0
shrinkage=0.03


Tree=35
num_leaves=15
num_cat=0
split_feature=11 16 4 17 11 12 3 13 16 17 2 3 5 17
split_gain=48.81 84.7579 29.5579 31.4297 28.4181 28.0823 24.2345 32.7315 32.1495 31.0373 27.2916 21.0153 22.6073 35.6511
threshold=44.328437048185002 -0.63405362205439475 0.0020639324283204812 0.60876142900872032 73.083267240447938 -0.0095885209529929499 0.0041706987575140389 0.0042302014223477577 0.68322629814330837 -0.32143946530316164 -0.0020903472957674858 -0.00094258978644533298 -0.0021120651361954397 -0.44228869021900119
decision_type=2 2 2 2 2 2 2 2 2 2 2 2 2 2
left_child=1 -1 4 5 -2 -4 7 8 -3 -9 -11 12 13 -10
right_child=2 6 3 -5 -6 -7 -8 9 11 10 -12 -13 -14 -15
leaf_value=0.0095454630989776461 -0.00084899386708575588 0.001772015202018847 0.0039066357857602549 0.0060759481905221843 0.012729939168943263 -0.015581812448775344 -0.01895146545771385 -0.001570951052060048 0.016471788711648144 0.022998210417870608 0.0062695449793285299 0.0011666609308302203 -0.012569568043874558 -0.007740862951863707
leaf_weight=1193.5501359403133 10118.379847094417 1499.014070674777 82.156392902135849 112.17697705328465 138.64189356565475 333.16221180558205 56.395872995257378 264.32459028065205 71.622685611248016 127.70701068639755 278.85607570409775 324.13326588273048 409.29289157688618 211.40875418484211
leaf_count=4893 40617 6022 335 457 558 1381 227 1062 289 513 1118 1300 1645 850
internal_value=6.96605e-05 0.00271774 -0.00101995 -0.00793195 -0.000663005 -0.0117265 0.000200342 0.000550988 -0.00102036 0.00642824 0.0116111 -0.0051338 -0.00807842 -0.00154113
internal_weight=15220.8 4436.31 10784.5 527.496 10257 415.319 3242.76 3186.36 2515.47 670.888 406.563 1016.46 692.324 283.031
internal_count=61267 17919 43348 2173 41175 1716 13026 12799 10106 2693 1631 4084 2784 1139
is_linear=0
shrinkage=0.03


Tree=36
num_leaves=15
num_cat=0
split_feature=4 7 7 13 13 6 2 17 13 13 17 11 3 11
split_gain=49.4683 47.885 47.6015 40.1766 41.5767 36.9374 36.3177 66.3154 34.5222 32.3545 29.6342 30.9435 27.677 26.666
threshold=0.00017340149589961665 0.67402074841245796 0.94583013764446167 0.0027590290446629644 0.012152698574117939 0.0011051453843930815 -0.0039166653805540177 -0.097964660725097366 0.0020122211260908966 0.00083666747926369755 -0.29012925520284105 49.390067210286567 -0.0042653786442374822 59.986582207943819
decision_type=2 2 2 2 2 2 2 2 2 2 2 2 2 2
left_child=2 -2 5 6 -5 12 7 -4 -3 -7 -8 -12 -1 -10
right_child=1 8 3 4 -6 9 10 -9 13 -11 11 -13 -14 -15
leaf_value=0.0092147626253059767 0.0033049070099940236 -0.013216965522814794 0.0217910982352158 0.008667144887046006 -0.010879370141077897 0.014076464918908066 -0.0034037907050073115 -0.010068804434583276 -0.00064296565610618382 -0.0076915645400612992 0.0061524556506057622 -0.0093715305211799355 4.0350988821814331e-05 -0.0052680751413598948
leaf_weight=317.27757516503334 1208.4439702928066 298.51941099762917 182.6548433303833 1577.1541294306517 102.74522916972637 64.68627268075943 1084.4866105616093 84.845044940710068 2506.5628594607115 806.73879706859589 791.65045772492886 133.42510665953159 4049.081411704421 2029.8558025211096
leaf_count=1285 4849 1199 751 6340 414 262 4364 343 10068 3245 3200 535 16263 8229
internal_value=7.5296e-05 -0.0020327 0.00146095 0.00394351 0.00746013 -0.000415328 0.00134485 0.0116861 -0.00336759 -0.00604718 -4.19646e-05 0.00389802 0.000710915 -0.00271392
internal_weight=15238.1 6043.38 9194.75 3956.96 1679.9 5237.78 2277.06 267.5 4834.94 871.425 2009.56 925.076 4366.36 4536.42
internal_count=61347 24345 37002 15947 6754 21055 9193 1094 19496 3507 8099 3735 17548 18297
is_linear=0
shrinkage=0.03


Tree=37
num_leaves=15
num_cat=0
split_feature=13 3 2 3 2 12 5 6 12 13 3 13 2 17
split_gain=44.3051 38.5025 37.4561 33.4656 32.1349 31.9339 27.9402 27.7734 27.4907 40.235 32.0058 30.0693 26.972 27.1248
threshold=0.012406335944248338 0.02227112568179113 -0.003315425887037995 0.0067681758466736639 0.0043618608238762966 -0.0017415677448896492 0.0034291308881014841 0.0012457229467540585 -0.0017150192051044175 0.0035177403614291562 -0.0039818337015962149 0.001346829677955186 -0.00029181248812076838 0.68322629814330826
decision_type=2 2 2 2 2 2 2 2 2 2 2 2 2 2
left_child=2 6 -1 4 7 -5 -2 8 10 11 12 -10 -4 -14
right_child=1 -3 3 5 -6 -7 -8 -9 9 -11 -12 -13 13 -15
leaf_value=0.0068688790911310303 -0.003831908738298619 0.016210021382961515 0.0019550462314825959 0.030744606548380699 -0.012685146557544047 0.0017559103655173883 -0.015230537276655213 -0.0034802383645502655 -0.011477540290844532 0.0014151741285210197 -0.000738685567770007 0.01248282801673291 0.021762249570815368 0.00011982864630448819
leaf_weight=776.46213458478451 513.973104134202 60.998909994959831 524.43814769387245 60.132346913218498 176.70576706528664 76.65450519323349 310.32740470767021 1681.0006379336119 50.280921712517738 2256.7668016254902 8038.7913475632668 518.56089785695076 148.74051143229008 79.697171494364738
leaf_count=3163 2072 247 2127 242 723 313 1287 6765 202 9063 32299 2078 599 320
internal_value=6.76175e-05 -0.00643848 0.000468773 0.000102734 -4.82119e-05 0.0147589 -0.00814967 0.000121588 0.000643276 0.00321634 -0.000184242 0.0103321 0.00572207 0.0142782
internal_weight=15273.5 885.299 14388.2 13611.8 13475 136.787 824.301 13298.3 11617.3 2825.61 8791.67 568.842 752.876 228.438
internal_count=61500 3606 57894 54731 54176 555 3359 53453 46688 11343 35345 2280 3046 919
is_linear=0
shrinkage=0.03


Tree=38
num_leaves=15
num_cat=0
split_feature=13 4 16 7 4 6 12 6 12 12 13 13 4 7
split_gain=39.9801 38.9143 56.301 30.557 26.6465 23.0785 35.5651 21.7119 31.3181 30.3946 32.4495 29.4287 25.998 32.0752
threshold=0.012406335944248338 -0.00093715356343709855 -0.70710678118654735 0.84285215570681082 0.0032971635929325287 0.0015152194883928433 -0.015499181667559035 0.001005005519292772 -0.0061459679484803789 -0.00083038492091064276 0.010214746905528595 0.0011156745029884398 0.00018037186486741244 0.94583013764446167
decision_type=2 2 2 2 2 2 2 2 2 2 2 2 2 2
left_child=1 2 5 -4 7 -1 -7 -3 -9 10 11 -10 13 -13
right_child=-2 4 3 -5 -6 6 -8 8 9 -11 -12 12 -14 -15
leaf_value=0.018903834998566158 -0.0061915104085607867 0.00045180160182176229 -0.0049412295559403191 0.0045269718416997649 -0.021546273527920067 0.019097539706954169 -0.014804217069312122 -0.0075773225138943334 0.021779332767408687 -0.014987387541760358 0.017348719763595935 -0.012563792308270778 0.0030426423083845956 0.000942426680905704
leaf_weight=285.40753194689751 887.86731289327145 10123.218978092074 435.91483707726002 1023.1099691540003 50.605172753334045 54.946652501821518 52.548802226781845 796.3938502818346 50.205946147441864 114.49018527567387 98.919675067067146 301.08826264739037 642.74500903487206 330.61291600763798
leaf_count=1183 3620 40669 1759 4122 211 229 217 3209 202 465 398 1208 2589 1325
internal_value=-2.09217e-05 0.000361404 0.00441759 0.00169525 -0.00023975 0.0144671 0.00255708 -0.000149754 -0.00275652 -0.000253751 0.00095056 -0.000298296 -0.00120079 -0.00551439
internal_weight=15248.1 14360.2 1851.93 1459.02 12508.3 392.903 107.495 12457.7 2334.46 1538.06 1423.57 1324.65 1274.45 631.701
internal_count=61406 57786 7510 5881 50276 1629 446 50065 9396 6187 5722 5324 5122 2533
is_linear=0
shrinkage=0.03


Tree=39
num_leaves=15
num_cat=0
split_feature=11 7 16 3 6 3 13 16 2 7 17 2 6 13
split_gain=46.2804 54.8745 46.5574 55.6597 45.141 32.9825 34.691 44.0101 39.8885 49.2191 34.164 54.606 34.2707 30.282
threshold=55.924741092929501 0.6298503358432116 -0.41248606129204551 -0.0022315490357535379 0.0011347313410338502 -0.00063731764301361282 0.006380969290918804 0.88144907265856365 -0.0034522453030643159 1.188353609324224 0.93540483100319638 0.00023320114542775552 0.00026470507610846313 0.00069360172124977037
decision_type=2 2 2 2 2 2 2 2 2 2 2 2 2 2
left_child=2 -2 3 4 -1 6 7 8 9 -4 12 -12 -7 -10
right_child=1 -3 5 -5 -6 10 -8 -9 13 -11 11 -13 -14 -15
leaf_value=0.012378847010403782 0.0048287384339676847 -0.0041536640132926357 -0.0027147085955021868 0.0012279803497139536 -0.00037092057126184789 0.019668472818748624 0.0068677263258098281 -0.0097682794337492686 0.0044181368003781149 0.022506030917320202 0.012572263605468498 -0.0070460791328576721 -0.00042077830470301246 -0.0045254194536850792
leaf_weight=904.98846177756786 736.18692557513714 3587.7121261805296 146.47566302120686 2736.2008149921894 344.8301488161087 76.720611572265625 324.23672316968441 747.87908013164997 419.26921711862087 130.10369963943958 509.75015510618687 168.68860854208469 2619.4136830121279 1785.6095614731312
leaf_count=3694 2954 14507 591 11015 1411 307 1302 3004 1682 529 2041 676 10496 7164
internal_value=3.20653e-06 -0.0026228 0.00104385 0.00362618 0.00886616 -0.000442482 -0.00245893 -0.00339903 -0.00147311 0.0092256 0.00168113 0.00768794 0.000165033 -0.00282229
internal_weight=15238.1 4323.9 10914.2 3986.02 1249.82 6928.15 3553.57 3229.34 2481.46 276.579 3374.57 678.439 2696.13 2204.88
internal_count=61373 17461 43912 16120 5105 27792 14272 12970 9966 1120 13520 2717 10803 8846
is_linear=0
shrinkage=0.03


Tree=40
num_leaves=15
num_cat=0
split_feature=4 16 5 16 2 7 7 5 13 11 16 6 13 7
split_gain=31.5956 63.3556 74.0319 48.8251 45.0228 34.7687 34.2453 51.6559 51.5138 41.2483 33.8544 33.8202 30.7401 30.5997
threshold=0.00017340149589961665 -0.63405362205439475 -0.00019178869276842422 0.5277851165098012 -0.00011850543932456768 1.0809833958794708 0.87535276231048409 -0.00017945586881179529 0.0025500661154652664 44.79446600143617 -0.79335334029123528 0.00051978080785790228 0.0018282314923455669 1.3251830483913962
decision_type=2 2 2 2 2 2 2 2 2 2 2 2 2 2
left_child=1 2 4 12 -1 -5 7 11 9 -8 -4 -3 -2 -14
right_child=3 6 10 5 -6 -7 8 -9 -10 -11 -12 -13 13 -15
leaf_value=0.0063051101207828031 -0.015628344914035475 0.00057906884514915906 -0.0053866111768817943 0.0042552283346533448 0.018844216366064492 -0.0048629883002016868 0.0014805179835136227 0.002479854333171082 0.0058969714547317028 -0.0083839315817111574 0.0084487738789948471 -0.0076062653938705899 -0.0041591083337735851 0.0035748663868406701
leaf_weight=1436.903975173831 182.15405669808388 634.84715893864632 669.08229942619801 1550.1984503418207 313.33114810287952 495.01107752323151 1158.1685427576303 1181.5881875902414 1453.1067714691162 566.57063594460487 206.74955277144909 1593.0935212224722 3272.4114429354668 534.17952087521553
leaf_count=5888 733 2547 2681 6217 1267 2007 4652 4732 5826 2271 829 6410 13201 2166
internal_value=-3.44757e-05 0.00107061 0.00500879 -0.00172166 0.00856884 0.00204571 -0.000500394 -0.00258793 0.00173955 -0.00176588 -0.00210881 -0.00527544 -0.00365342 -0.00307249
internal_weight=15247.4 9213.44 2626.07 6033.95 1750.24 2045.21 6587.37 3409.53 3177.85 1724.74 875.832 2227.94 3988.75 3806.59
internal_count=61427 37103 10665 24324 7155 8224 26438 13689 12749 6923 3510 8957 16100 15367
is_linear=0
shrinkage=0.03


Tree=41
num_leaves=15
num_cat=0
split_feature=11 16 5 7 13 16 3 3 6 7 3 2 2 11
split_gain=43.2494 39.3888 69.0484 37.2298 47.4324 34.1297 33.6933 33.2569 33.4125 43.1436 32.6016 27.8144 26.4126 24.5797
threshold=55.924741092929501 -0.63405362205439475 -0.00022924580037403383 0.96505222747219832 0.0065631374820757102 0.58216583101416164 0.0013234890092655857 -0.00021345305297060244 0.00078316802793560218 0.81627318506568758 0.0044590511928413326 -0.00047012696201198517 -0.0020392359426047025 23.010833360605563
decision_type=2 2 2 2 2 2 2 2 2 2 2 2 2 2
left_child=1 2 11 6 -5 -2 -4 12 9 10 -9 -1 13 -3
right_child=5 7 3 4 -6 -7 -8 8 -10 -11 -12 -13 -14 -15
leaf_value=0.005134922445594374 -0.0044944381371382807 -0.011962954719973558 0.00083781736968730988 -0.0013440607399496664 0.016948900485872078 0.0011389544852139204 -0.012136014708032944 0.0018567120951342735 -0.0014581816582284169 0.0096670127164140765 -0.02160239709149123 0.013181525987113411 -0.0031597238175844582 0.0035757587306991081
leaf_weight=1271.4278023391962 2816.5343095064163 98.774939030408859 341.76863554120064 430.9094707518816 179.0669015198946 1473.1046671867371 378.41390308737755 981.3862189501524 1347.9506929516792 861.72690743207932 54.373786270618439 556.85939759016037 3363.3783629983664 1011.2286044955254
leaf_count=5220 11402 401 1370 1727 719 5931 1518 3930 5406 3451 218 2254 13500 4073
internal_value=-9.933e-06 0.000996113 0.00381715 -0.00138247 0.00406393 -0.00256025 -0.0059939 -0.000158912 0.00215223 0.00471586 0.000585931 0.00759748 -0.00183586 0.002174
internal_weight=15166.9 10877.3 3158.45 1330.16 609.976 4289.64 720.183 7718.82 3245.44 1897.49 1035.76 1828.29 4473.38 1110
internal_count=61120 43787 12808 5334 2446 17333 2888 30979 13005 7599 4148 7474 17974 4474
is_linear=0
shrinkage=0.03


Tree=42
num_leaves=15
num_cat=0
split_feature=12 6 3 4 7 3 7 16 4 17 5 12 12 12
split_gain=37.5322 38.8645 37.633 42.1779 49.5949 37.2107 37.7142 30.6269 31.0028 30.0002 27.1802 25.4465 23.6558 23.4092
threshold=-0.012234789512329645 0.00094279521357958009 -0.006078921519549473 -0.00060765850438604374 0.84806251475841654 -0.022249111513130245 1.1976952956268161 -0.13052619222005171 0.0010322366169658317 -0.5 -0.0034250204734255214 -0.00056549188802362804 -0.0085351647416906911 -0.0065677822313826009
decision_type=2 2 2 2 2 2 2 2 2 2 2 2 2 2
left_child=5 -2 -3 4 -4 -1 7 -7 10 -8 -9 13 -6 -5
right_child=1 2 3 11 12 6 9 8 -10 -11 -12 -13 -14 -15
leaf_value=-0.017038178755295032 0.00044171328434075612 -0.020268306305721243 -0.009129803890474639 -0.008766988921337671 0.020248159456412809 0.011960713201537508 0.02823580921999528 0.0054232327198871846 0.01717845832953414 0.0049996305014790195 -0.012395859526705836 -0.016846876705560638 0.0050769027549238312 -0.0020570596713969094
leaf_weight=57.776329398155212 10815.776032537222 110.28611919283867 195.43285042047501 613.70143613219261 117.34306935966015 249.45673859119415 119.04543641209602 125.98406536877155 64.284216418862343 86.951416239142418 192.6911049336195 137.12530821561813 421.7153854072094 1958.2720821946859
leaf_count=236 43507 451 790 2484 478 1016 490 508 259 359 776 566 1703 7909
internal_value=-8.09153e-05 -0.000452728 -0.00317357 -0.00261463 0.00375445 0.00586853 0.00748385 0.00382554 -0.00150825 0.0185702 -0.00536143 -0.00434291 0.00844204 -0.00366369
internal_weight=15265.8 14369.7 3553.88 3443.59 734.491 896.189 838.413 632.416 382.959 205.997 318.675 2709.1 539.058 2571.97
internal_count=61532 57888 14381 13930 2971 3644 3408 2559 1543 849 1284 10959 2181 10393
is_linear=0
shrinkage=0.03


Tree=43
num_leaves=15
num_cat=0
split_feature=11 7 3 5 6 13 3 12 13 3 17 17 11 17
split_gain=48.6998 49.4817 30.3067 38.9868 28.2125 37.6005 25.5776 24.5543 21.7434 33.1339 23.89 23.8223 19.5689 18.7251
threshold=44.328437048185002 0.57408046741269181 0.02227112568179113 0.0032737764123453865 0.00057429973147916198 0.0064981592826618426 -0.002747996406624625 -0.0019502253918599053 0.013030647421285903 0.0058420192113829436 -0.77259657388510616 -0.44228869021900119 20.025302954077173 0.22695468355932433
decision_type=2 2 2 2 2 2 2 2 2 2 2 2 2 2
left_child=1 4 3 -2 6 -6 -1 12 9 -5 -10 -11 -3 -14
right_child=2 7 -4 8 5 -7 -8 -9 10 11 -12 -13 13 -15
leaf_value=0.019852978853788228 -0.00089774321222212908 -0.014959251318897505 0.019562394119762128 -0.015597715973974682 -0.018697132708576522 0.0089099036715089772 -0.0036965973210653898 0.015478703674939941 -0.027766239088956077 0.023173081866582863 -0.0090466824589178711 -0.0028969825069029382 0.0020209873866982573 0.006600339041157424
leaf_weight=49.72331514954567 10275.56156206131 50.585482716560364 61.007929563522339 91.966653883457184 209.77745644748211 54.881059646606445 208.26413431763649 151.39029701054096 85.288564085960388 51.402207463979721 218.59297813475132 76.139385104179382 2523.9657785892487 1179.0951256752014
leaf_count=201 41278 206 247 383 848 221 837 609 356 212 910 314 10244 4762
internal_value=-0.000103527 0.00254758 -0.00118467 -0.00130548 -0.0061055 -0.0129485 0.000960047 0.00370824 -0.00927664 -0.00205202 -0.0144478 0.00780541 0.00322553 0.00348188
internal_weight=15287.6 4427.68 10860 10799 522.646 264.659 257.987 3905.04 523.39 219.508 303.882 127.542 3753.65 3703.06
internal_count=61628 17928 43700 43453 2107 1069 1038 15821 2175 909 1266 526 15212 15006
is_linear=0
shrinkage=0.03


Tree=44
num_leaves=15
num_cat=0
split_feature=13 4 6 12 11 12 13 10 4 10 6 12 13 6
split_gain=34.3065 38.6704 30.5445 24.3021 23.1036 22.4744 22.5291 24.5506 30.2834 26.2433 23.2964 20.6203 34.214 36.9495
threshold=0.012406335944248338 -0.0019444528928577174 0.0011661418646798153 -0.00056549188802362804 23.010833360605563 -0.0052066012132688235 0.00069360172124977037 0.46473666088918136 0.00020233224089760696 0.64826273783629051 0.001285874641275253 -0.001925328602323195 0.0043970498397883926 0.0013197342539652583
decision_type=2 2 2 2 2 2 2 10 2 10 2 2 2 2
left_child=1 4 -3 5 -1 6 -4 8 10 -9 -8 12 -7 -14
right_child=-2 2 3 -5 -6 11 7 9 -10 -11 -12 -13 13 -15
leaf_value=-0.0058548972630722345 -0.0057391326365303277 0.00063909372195593696 0.012366271285963621 -0.02201899117117638 0.011322163270637084 -0.0035765598587007117 0.0069956447365288913 0.019169668969985676 -0.020103452308805551 -0.0044059018029495908 -0.0090860056657370708 -0.006000429454549241 -0.0071520950430186579 0.014789836620068006
leaf_weight=83.225911691784859 884.11422094702721 11738.531678333879 55.011126533150673 58.657979145646095 421.88391311466694 350.11761775612831 98.470997393131256 55.340124040842056 186.82517874240875 162.29397168755531 425.5534588098526 318.26924787461758 89.983346283435822 281.36720158159733
leaf_count=340 3614 47237 223 240 1729 1408 398 223 758 656 1717 1284 362 1131
internal_value=-1.0728e-05 0.000343558 4.50024e-05 -0.00330212 0.00848001 -0.00273827 -0.00598439 -0.00709588 -0.00978878 0.00170888 -0.00604895 0.000337857 0.00314279 0.00946317
internal_weight=15209.6 14325.5 13820.4 2081.89 505.11 2023.23 983.495 928.484 710.85 217.634 524.024 1039.74 721.468 371.351
internal_count=61320 57706 55637 8400 2069 8160 3975 3752 2873 879 2115 4185 2901 1493
is_linear=0
shrinkage=0.03


Tree=45
num_leaves=15
num_cat=0
split_feature=11 7 16 11 13 16 3 2 2 3 13 7 12 13
split_gain=35.3551 46.7872 34.1107 54.3656 35.844 31.1455 37.2931 31.8291 30.5734 35.1073 27.7948 27.5668 27.3776 26.4355
threshold=55.924741092929501 0.60557100038301459 -0.55557023301960229 48.665496676702183 0.0026065572456375201 0.91037613702198772 -0.0025713297776069062 -0.0039166653805540177 0.00086906226188701596 -0.00088196910478042557 0.0019356686137073089 0.57408046741269181 -0.0019502253918599053 0.0019854655105924217
decision_type=2 2 2 2 2 2 2 2 2 2 2 2 2 2
left_child=2 -2 3 10 5 7 -7 -4 9 -5 -1 -11 -12 -3
right_child=1 13 4 8 -6 6 -8 -9 -10 11 12 -13 -14 -15
leaf_value=0.010276528667938156 0.0051682498091190267 -0.016123459288017825 0.011011432313403288 0.0037914578420586748 0.0016598236113814777 -0.018196879164269184 -0.003209627018792514 -0.0019550618843780163 0.0061944167892820359 -0.025764363555164697 0.0015183948731740907 -0.0058554418581795581 0.015459201376888717 -0.0031059886405321751
leaf_weight=927.93443064391613 637.37962678074837 144.40650217235088 180.42753520607948 345.77891877293587 4055.5951374322176 225.22023594379425 439.73538373410702 2581.5838731080294 361.45674635469913 68.296231314539909 1001.966801404953 597.06557512283325 143.25297813117504 3516.7813265472651
leaf_count=3821 2558 582 736 1387 16267 906 1766 10360 1450 274 4076 2395 576 14242
internal_value=-1.75863e-05 -0.00232188 0.000889049 0.00335798 -0.000248497 -0.00250652 -0.00832515 -0.00110067 -0.00127233 -0.00394846 0.00642189 -0.00797009 0.00328613 -0.00362795
internal_weight=15226.9 4298.57 10928.3 3445.75 7482.56 3426.97 664.956 2762.01 1372.6 1011.14 2073.15 665.362 1145.22 3661.19
internal_count=61396 17382 44014 13979 30035 13768 2672 11096 5506 4056 8473 2669 4652 14824
is_linear=0
shrinkage=0.03


Tree=46
num_leaves=15
num_cat=0
split_feature=13 3 2 3 16 5 16 4 6 13 3 4 12 12
split_gain=32.4881 44.2163 31.356 35.6761 66.9137 31.1873 24.7412 39.1585 23.3363 26.1833 26.7734 24.8238 25.5539 30.1218
threshold=0.012406335944248338 0.02227112568179113 -0.0043486595637056763 -0.005831920509537499 0.88144907265856365 0.0034291308881014841 0.16280825711809011 -0.00066297686536409539 0.0010906668496179553 0.00047369829765875343 0.0060844416248225239 -0.0019444528928577174 -0.0055916575351929168 -0.00083038492091064276
decision_type=2 2 2 2 2 2 2 2 2 2 2 2 2 2
left_child=2 5 3 4 -1 6 -2 -8 -4 -10 11 -11 -13 -14
right_child=1 -3 8 -5 -6 -7 7 -9 9 10 -12 12 13 -15
leaf_value=0.0081701225281983324 -0.0088674327303747882 0.018763100583407442 0.00062680122772716923 0.01745567464725039 -0.030663569191762694 -0.014977504318310618 -0.014530739761627859 0.012356444802198498 0.017431127013833324 0.011271667915403339 0.01449223406115493 -0.008281438422763715 -0.00021398468289931461 -0.016958341815173198
leaf_weight=199.19461937248707 278.14780767261982 60.342169165611267 11574.915704041719 200.53283555805683 47.823203027248383 307.47407062351704 67.482085004448891 161.98180766403675 55.097072273492813 93.201685950160027 73.065892904996872 887.54139992594719 1146.7852741330862 103.59961175918579
leaf_count=827 1125 244 46583 822 193 1288 273 652 224 380 297 3588 4614 423
internal_value=-1.78438e-05 -0.00562212 0.000324027 0.00812228 0.00046594 -0.0074689 -0.00287981 0.00439207 7.24262e-05 -0.00264562 -0.00314039 -0.00373029 -0.00439422 -0.00162619
internal_weight=15257.2 875.428 14381.8 447.551 247.018 815.086 507.612 229.464 13934.2 2359.29 2304.19 2231.13 2137.93 1250.38
internal_count=61533 3582 57951 1842 1020 3338 2050 925 56109 9526 9302 9005 8625 5037
is_linear=0
shrinkage=0.03


Tree=47
num_leaves=15
num_cat=0
split_feature=11 16 7 2 11 12 6 12 13 13 3 3 3 7
split_gain=33.1317 65.0833 29.9078 38.2259 28.0476 26.657 38.6097 27.529 24.6083 21.9441 33.3673 31.2822 30.646 23.8226
threshold=44.328437048185002 0.0327015646150716 0.57408046741269181 -0.000891221839883105 24.574278240431564 -0.0085351647416906911 0.0011051453843930815 -0.0019757941298503274 0.0048432186784714846 0.012406335944248338 0.02227112568179113 0.0067681758466736639 -0.0040670053528675384 1.2028965966731946
decision_type=2 2 2 2 2 2 2 2 2 2 2 2 2 2
left_child=1 5 3 -3 -4 -1 7 -7 -8 11 12 -2 -11 -14
right_child=9 2 4 -5 -6 6 8 -9 -10 10 -12 -13 13 -15
leaf_value=0.011760260970131556 -0.00093946279853539131 -0.018587431730230287 -0.014161016265112705 0.0013328562421686247 0.00086473546235462469 0.0047606148633103336 -0.014362524607859757 0.023146603100624625 0.0068758216427384326 0.014027310256942999 0.015590475506425909 0.01351628391007457 -0.0061124565410857305 -0.019092790963884439
leaf_weight=520.92106266319752 9912.3850051313639 187.81945431232452 116.62026979029179 159.12596143782139 1944.2835351675749 1203.4615593850613 151.61476050317287 76.269637897610664 70.717536255717278 52.259584829211235 57.940919369459152 134.58981609344482 499.44345879554749 170.43251231312752
leaf_count=2161 39841 759 474 639 7813 4900 615 309 287 211 234 546 2039 716
internal_value=-0.000225828 0.00195891 -0.00137364 -0.00949575 1.56906e-06 0.00592291 0.00388555 0.00589079 -0.00760614 -0.0011201 -0.0059606 -0.000743161 -0.00772805 -0.00946197
internal_weight=15257.9 4430.83 2407.85 346.945 2060.9 2022.98 1502.06 1279.73 222.332 10827.1 780.076 10047 722.136 669.876
internal_count=61544 17957 9685 1398 8287 8272 6111 5209 902 43587 3200 40387 2966 2755
is_linear=0
shrinkage=0.03


Tree=48
num_leaves=15
num_cat=0
split_feature=11 7 17 13 2 7 7 11 7 6 2 12 3 16
split_gain=33.9922 35.9998 35.1399 32.001 37.5863 31.4909 29.2043 27.7137 27.3313 25.5298 25.0487 25.0224 41.9788 25.6013
threshold=55.924741092929501 0.57408046741269181 -0.3520614488341256 0.0019854655105924217 0.0037408646889547374 1.0427009381125176 1.6823437279751272 73.083267240447938 1.0235344621883575 0.00056016282512851728 0.00020897076316950261 -0.012234789512329645 -0.006078921519549473 -0.77259657388510594
decision_type=2 2 2 2 2 2 2 2 2 2 2 2 2 2
left_child=5 10 3 -3 -5 -1 7 9 -9 -4 -2 -7 13 -13
right_child=1 2 6 4 -6 11 -8 8 -10 -11 -12 12 -14 -15
leaf_value=-0.00020864584699186413 -0.013573886359449743 -0.02163512485452954 -0.0015442030382645177 0.0024317904201315225 -0.0091779562579834863 0.011332934322728822 0.016122825995897285 0.017831937906574974 -0.010520225819776503 -0.0097457675311067773 0.0076893098047810231 0.0021127239928277019 0.0031179274148839344 -0.025973927552559815
leaf_weight=7383.5653561651707 54.302890598773956 58.978830114006996 462.77703100442886 1480.052406206727 300.14202554523945 310.92831772565842 50.231485575437546 76.957936838269234 48.277399063110352 1311.5385811328888 443.60940510034561 47.965850263834 3115.6518559902906 71.583584859967232
leaf_count=29717 218 238 1860 5967 1250 1283 206 311 202 5316 1780 202 12550 291
internal_value=1.94664e-05 -0.00224397 -0.00324095 -0.000265206 0.000466276 0.000907485 -0.00604473 -0.00664726 0.0069088 -0.00761078 0.00532529 0.00323024 0.00244499 -0.0148556
internal_weight=15216.6 4286.87 3788.96 1839.17 1780.19 10929.7 1949.78 1899.55 125.235 1774.32 497.912 3546.13 3235.2 119.549
internal_count=61391 17348 15350 7455 7217 44043 7895 7689 513 7176 1998 14326 13043 493
is_linear=0
shrinkage=0.03


Tree=49
num_leaves=15
num_cat=0
split_feature=13 3 4 17 3 6 3 3 13 13 7 4 13 3
split_gain=30.6672 37.4703 25.5734 36.6058 26.8939 28.4987 25.5719 24.8251 22.662 32.003 21.7435 20.7855 19.6717 26.2197
threshold=0.012406335944248338 0.02227112568179113 -0.0019444528928577174 -0.19509032201612839 0.0067681758466736639 0.0012457229467540585 -0.0049536329922166408 -0.006756730834562851 0.00083666747926369755 0.0045799015016183562 0.60959469968186986 0.0017736589151263751 0.0019107979120905896 -0.0014546565119259445
decision_type=2 2 2 2 2 2 2 2 2 2 2 2 2 2
left_child=2 7 3 -1 5 6 -4 -2 -7 10 -10 -11 13 -12
right_child=1 -3 4 -5 -6 8 -8 -9 9 11 12 -13 -14 -15
leaf_value=0.014057863459694422 0.013102571480203088 0.016706955635762424 0.0077669742646166023 -0.0021297095410553919 0.013192179720827991 0.012408065286623514 0.00046008434782779709 -0.0082514290227543481 -0.021026079293105304 0.0014484030086174765 0.0095322410906842209 -0.013068041489405796 -0.0095473060316022852 -0.013053744178801481
leaf_weight=292.78851996362209 50.564558774232864 63.418285593390465 445.95075638592243 218.41495577991009 143.00296135246754 76.921788722276688 11445.889751389623 768.17307460308075 104.41533780097961 804.21658386290073 128.95315811038017 97.758119657635689 508.67652867734432 69.54671037197113
leaf_count=1216 204 256 1822 888 580 312 46053 3157 422 3239 521 406 2050 280
internal_value=0.000249991 -0.00517257 0.000584327 0.00716027 0.000340175 0.000203942 0.000735357 -0.00690391 -0.00332243 -0.00404221 -0.00835647 -0.000150355 -0.00643177 0.0015677
internal_weight=15218.7 882.156 14336.5 511.203 13825.3 13682.3 11891.8 818.738 1790.49 1713.57 811.592 901.975 707.176 198.5
internal_count=61406 3617 57789 2104 55685 55105 47875 3361 7230 6918 3273 3645 2851 801
is_linear=0
shrinkage=0.03


Tree=50
num_leaves=15
num_cat=0
split_feature=11 16 7 11 6 12 6 5 13 13 5 13 12 16
split_gain=29.0829 60.0391 41.615 37.134 26.7651 26.7388 38.8766 27.8607 23.9514 29.9844 21.8069 36.8164 21.8037 60.9257
threshold=44.328437048185002 0.0327015646150716 0.88809713441065696 25.877044225367481 0.00026470507610846313 -0.0085351647416906911 0.0011203239907113989 -0.0015801314081121396 0.006439637106318564 0.00033111470489710643 0.0030009810531225205 0.037217549076633778 -0.0017150192051044175 -0.95642797789208689
decision_type=2 2 2 2 2 2 2 2 2 2 2 2 2 2
left_child=1 5 3 -3 -5 -1 -7 -8 9 -6 12 -12 -2 -14
right_child=10 2 -4 4 8 6 7 -9 -10 -11 11 -13 13 -15
leaf_value=0.011780236927697356 -0.0013076506284650995 -0.02399704233944145 0.0031730669282595747 0.016456380209751736 0.0098465837945297587 0.0058924998966529678 -0.020483914951870897 0.00099681102498669046 0.0064851046259192567 -0.0077222512174516629 -0.0085292017240328494 0.011979425801501681 -0.010610143156997508 0.0032284484199233054
leaf_weight=518.97856025397778 7138.8337177485228 82.09923067688942 1117.5264589488506 56.416766628623009 94.929247841238976 1292.6117804795504 88.528203442692757 135.51291799545288 156.87331208586693 915.24510951340199 607.43575069308281 88.691251054406166 318.77718612551689 2666.6685594469309
leaf_count=2160 28687 338 4490 226 382 5265 361 548 631 3682 2536 360 1288 10705
internal_value=7.90777e-05 0.00211749 -0.00107334 -0.00470743 -0.00337597 0.00591297 0.0038924 -0.00759728 -0.00436121 -0.00605506 -0.000761117 -0.00588943 -0.00040741 0.00174469
internal_weight=15279.1 4458.72 2423.09 1305.56 1223.46 2035.63 1516.65 224.041 1167.05 1010.17 10820.4 696.127 10124.3 2985.45
internal_count=61659 18083 9749 5259 4921 8334 6174 909 4695 4064 43576 2896 40680 11993
is_linear=0
shrinkage=0.03


Tree=51
num_leaves=15
num_cat=0
split_feature=11 7 12 6 12 12 6 11 3 13 6 12 7 7
split_gain=29.9645 45.3451 35.0594 25.6335 46.9362 26.4924 24.461 29.9982 26.7405 22.9389 31.1333 26.1286 39.5035 26.4609
threshold=46.232597017692342 0.67402074841245796 -0.0019502253918599053 0.00054534951771732679 -0.0028057487373602803 -0.001925328602323195 0.00072731636610532042 73.083267240447938 -0.0036626815657069818 0.0017506951549246532 0.00050316427978351901 -0.0053309510805848994 0.97119400742598905 1.4731042069526017
decision_type=2 2 2 2 2 2 2 2 2 2 2 2 2 2
left_child=1 3 -3 5 -5 -1 7 8 -2 10 -10 12 -11 -13
right_child=6 2 -4 4 -6 -7 -8 -9 9 11 -12 13 -14 -15
leaf_value=0.0050334242062888834 0.012263540405838269 0.0025312345693462991 0.01504398545590427 -0.009951466345497097 0.012971993539978686 -0.015299586975547017 -0.002546662773164165 0.015218571134888472 0.0016367127346104938 -0.0027148048390047905 -0.011366625588613628 0.00082861655958533489 -0.02906467469414193 0.014196706031977722
leaf_weight=390.46716013550758 154.67336003482342 4051.3133028894663 210.21580174565315 626.42377534508705 90.426209554076195 65.633762493729591 4933.9516879469156 118.76816748082638 302.19832034409046 330.9825667142868 363.7216215133667 3375.7350979298353 58.697336122393608 136.75833994150162
leaf_count=1573 622 16434 846 2536 363 263 19945 479 1213 1329 1462 13546 236 549
internal_value=-6.77799e-05 0.00171772 0.00315524 -0.00350151 -0.00703177 0.00205345 -0.00106054 0.000454375 7.68e-05 -0.000341023 -0.0054784 0.000538047 -0.00681202 0.00135688
internal_weight=15210 5434.48 4261.53 1172.95 716.85 456.101 9775.49 4841.53 4722.77 4568.09 665.92 3902.17 389.68 3512.49
internal_count=61396 22015 17280 4735 2899 1836 39381 19436 18957 18335 2675 15660 1565 14095
is_linear=0
shrinkage=0.03


Tree=52
num_leaves=15
num_cat=0
split_feature=3 3 13 2 3 3 18 3 2 17 13 16 7 2
split_gain=19.4317 23.6315 23.504 34.9738 35.3076 26.5723 25.7897 25.7022 23.9841 20.4194 15.2689 49.8999 17.3847 15.1455
threshold=-0.022249111513130245 -0.01040715113678836 0.012406335944248338 -0.0039166653805540177 0.0067681758466736639 -0.0072749934413112441 7.9183047750828282 0.02227112568179113 0.0043618608238762966 0.22695468355932433 0.010408664308508066 0.097964660725097366 0.71459052401483536 -0.0054018947811872156
decision_type=2 2 2 2 2 2 2 2 2 2 2 2 2 2
left_child=-1 9 3 5 8 -3 13 -4 10 -2 -5 -12 -13 -7
right_child=1 2 7 4 -6 6 -8 -9 -10 -11 11 12 -14 -15
leaf_value=-0.016696406707860427 0.019071086445997306 -0.0058398388522068519 -0.0062187251075120102 -8.1412693929400879e-05 0.014918121378291455 0.026728780391472355 -0.0071036526593720927 0.014006656038869834 -0.011234319260281837 -0.0020384788413709749 -0.0051296265010083242 0.030667442937782351 0.010291657739420626 0.011443991975239537
leaf_weight=59.57330484688282 107.58948004245758 85.960564836859703 789.20869727432728 13081.029685154557 141.09204655885696 85.500348135828972 48.886583253741264 59.030264124274254 168.76765444874763 65.553909540176392 166.4091654419899 60.371163174510002 103.80188013613224 195.03933274745941
leaf_count=245 448 357 3250 52674 572 355 200 238 697 266 672 242 417 798
internal_value=0.000122612 0.000190906 6.28477e-05 0.000354158 9.39155e-05 0.00890909 0.0127697 -0.00478157 -6.22732e-05 0.0111468 7.99665e-05 0.00642778 0.0180633 0.0162586
internal_weight=15217.8 15158.2 14985.1 14136.9 13721.5 415.387 329.426 848.239 13580.4 173.143 13411.6 330.582 164.173 280.54
internal_count=61431 61186 60472 56984 55274 1710 1353 3488 54702 714 54005 1331 659 1153
is_linear=0
shrinkage=0.03


Tree=53
num_leaves=15
num_cat=0
split_feature=11 16 3 3 6 2 16 3 17 12 6 16 13 12
split_gain=25.798 38.0806 38.435 34.6636 55.5751 34.6398 34.3154 53.0481 41.4253 35.2512 34.3036 31.9988 29.5019 28.1574
threshold=55.924741092929501 -0.55557023301960229 -0.0040670053528675384 0.00060941004446973823 0.00075247359977097499 0.00063878598727199279 -0.63405362205439475 3.4868975883312066e-05 -0.29012925520284105 -0.0027444282775612723 0.00059710161256282767 -0.097964660725097255 0.006439637106318564 -0.0043702224614420851
decision_type=2 2 2 2 2 2 2 2 2 2 2 2 2 2
left_child=6 5 -3 -4 -5 -2 7 10 12 -8 -1 -11 -9 -10
right_child=1 2 3 4 -6 -7 9 8 13 11 -12 -13 -14 -15
leaf_value=0.013400613311283588 -0.016088280607820745 0.023705307384019856 -0.0055396512144523218 0.0063484772256469082 -0.0033675676817243989 -0.0037367616195893134 -0.0014303983642267597 0.00048654698035495062 0.0046433735448875224 0.0088919462753287836 0.0042436571726848617 0.00074628003350240299 0.017905611468407232 -0.0078538380335179889
leaf_weight=498.96046555042267 254.599060729146 58.063567951321602 877.14996810257435 1069.8831341415644 1045.9448722600937 1014.0069426745176 5692.9894265532494 230.32988655567169 212.66076491773129 609.66465865075588 1402.4918241202831 1496.0280883163214 139.2364357560873 667.71992336213589
leaf_count=2038 1031 234 3531 4294 4266 4142 22897 927 861 2444 5747 5991 564 2683
internal_value=8.95487e-05 -0.00187321 -5.58651e-05 -0.000532352 0.00154677 -0.00623703 0.000864031 0.00350485 -0.00129491 -0.000203734 0.00665809 0.00311091 0.00711034 -0.00483139
internal_weight=15269.7 4319.65 3051.04 2992.98 2115.83 1268.61 10950.1 3151.4 1249.95 7798.68 1901.45 2105.69 369.566 880.381
internal_count=61650 17498 12325 12091 8560 5173 44152 12820 5035 31332 7785 8435 1491 3544
is_linear=0
shrinkage=0.03


Tree=54
num_leaves=15
num_cat=0
split_feature=4 5 3 5 12 3 6 7 7 7 12 7 0 6
split_gain=28.176 24.7105 24.005 33.6055 24.0091 44.6246 25.9425 23.3844 22.6812 21.6246 36.3478 21.9864 18.2792 15.7968
threshold=0.0020639324283204812 0.011445063985708661 -0.022249111513130245 -0.0031266417968452416 -0.013175145759164507 -0.006078921519549473 0.0019624543949241951 1.4239137697439936 1.1440069060818969 0.85697974008315458 -0.011249261146419996 1.5344182263789699 0.0010444952129059495 0.00068568650028187964
decision_type=2 2 2 2 2 2 2 2 2 2 2 2 2 2
left_child=2 9 -1 4 6 7 -4 -6 -7 -2 -11 12 -12 -5
right_child=1 -3 3 13 5 8 -8 -9 -10 10 11 -13 -14 -15
leaf_value=-0.019134353520198419 0.003138427162573306 0.011458828151404796 0.021798509208617957 0.0010199697139294018 -8.0787676532182947e-05 -0.00040300390648138527 0.0043530432577043865 -0.02466709720889956 0.024089912150640828 0.011043863847259564 -0.026414314043786871 -0.0026552790817169899 -0.0076728356869103708 -0.00099681012813748618
leaf_weight=55.946307241916656 98.096323594450951 56.413079932332039 150.77844475209713 6410.468741491437 77.923860460519791 62.221930548548698 156.60844838619232 60.954951003193855 72.921900674700737 48.792637929320335 164.77243311703205 78.744060397148132 68.067454352974892 7681.7154788821936
leaf_count=230 399 231 624 25791 321 254 647 255 301 201 702 333 289 30980
internal_value=-0.000104931 -0.00698946 0.000136641 0.000212714 0.00726827 0.000795614 0.0129959 -0.0110689 0.0129716 -0.00929936 -0.0126836 -0.016446 -0.0210475 -7.93719e-05
internal_weight=15244.4 514.886 14729.5 14673.6 581.41 274.023 307.387 138.879 135.144 458.473 360.377 311.584 232.84 14092.2
internal_count=61558 2155 59403 59173 2402 1131 1271 576 555 1924 1525 1324 991 56771
is_linear=0
shrinkage=0.03


Tree=55
num_leaves=15
num_cat=0
split_feature=4 16 6 3 7 17 10 7 7 4 3 16 3 3
split_gain=25.317 50.3213 23.1607 22.4719 22.0026 30.7098 31.6321 31.9106 32.7497 28.2899 23.6871 20.9667 104.491 59.2795
threshold=0.00089458747358173174 -0.70710678118654735 0.0015374869442671068 -0.0038958776377607247 0.60239126223146833 -0.097964660725097366 0.48800953397654795 0.79327225161674286 1.5344182263789699 0.0024052898455307896 0.0039014706367588689 -0.77259657388510594 0.00018639472709874874 0.00088601892899831125
decision_type=2 2 2 2 2 2 10 2 2 2 2 2 2 2
left_child=11 2 -2 -3 -5 9 7 -7 -9 10 -6 12 -1 -13
right_child=1 3 -4 4 5 6 -8 8 -10 -11 -12 13 -14 -15
leaf_value=0.0076222530788088222 -0.016723304398737471 0.015802728426170077 -0.0015271601307848444 0.01050976251288268 -0.00012813813632883456 0.0025836491795648178 0.012452986367733541 -0.019394474396332347 0.0061801821906402651 -0.010603023591706539 0.011672692945874523 -0.0017976273896003841 -0.0036780831259463184 0.0031237258211041057
leaf_weight=1654.525742828846 304.93074050545692 68.504232376813889 128.48410408198833 124.07997037470341 549.60390874743462 116.3348346054554 56.697271391749382 293.90163941681385 52.182782307267189 161.2735937088728 210.16206125915051 7044.2582280486822 1324.2278782874346 3202.6763373464346
leaf_count=6774 1259 276 538 499 2218 468 234 1199 215 682 858 28349 5339 12851
internal_value=-9.76307e-05 -0.00318429 -0.0122462 -0.000766757 -0.00151165 -0.00256053 -0.00838067 -0.0109777 -0.015525 0.000730876 0.00315822 0.000384985 0.0025995 -0.000259151
internal_weight=15291.8 2066.16 433.415 1632.74 1564.24 1440.16 519.117 462.419 346.084 921.04 759.766 13225.7 2978.75 10246.9
internal_count=61759 8446 1797 6649 6373 5874 2116 1882 1414 3758 3076 53313 12113 41200
is_linear=0
shrinkage=0.03


Tree=56
num_leaves=15
num_cat=0
split_feature=13 2 3 16 3 12 12 3 3 2 17 12 16 13
split_gain=30.6451 31.1662 29.9536 47.4537 28.0518 22.7444 35.2432 21.2383 17.8769 23.9584 16.3322 15.0989 44.5945 28.9922
threshold=0.012406335944248338 -0.003315425887037995 -0.0063783403345994963 0.88144907265856365 0.02227112568179113 -0.011763522912618228 -0.035567884880774274 -0.0063783403345994963 0.0067681758466736639 0.0043618608238762966 -0.097964660725097366 -0.0016153765630932402 -0.95642797789208689 0.003718181189585779
decision_type=2 2 2 2 2 2 2 2 2 2 2 2 2 2
left_child=1 2 3 5 7 6 -1 -2 9 11 -10 -3 -13 -14
right_child=4 8 -4 -5 -6 -7 -8 -9 10 -11 -12 12 13 -15
leaf_value=-0.012097595728150565 0.010184719955346342 -0.00048262309656349527 0.010576399511279106 -0.027307306892138949 0.013873256404363085 -0.013417389110397105 0.017326163091132919 -0.0082314907222663432 0.021815187204951479 -0.011216592465062569 0.0011565656590538742 -0.0090730527582229895 0.0093507256822742638 0.0015788885119355004
leaf_weight=49.135812193155289 59.180483981966972 10420.893915235996 498.21343201398849 50.846889719367027 61.272646889090538 49.531323000788689 129.65291079878807 760.71419028937817 62.216634288430214 170.16381587088108 74.794345512986183 292.81821456551552 548.39208592474461 2013.7408478856087
leaf_count=202 239 41992 2042 206 247 206 547 3144 253 706 303 1187 2199 8100
internal_value=1.46667e-05 0.000348197 0.00618229 -0.00167908 -0.00540936 0.00421589 0.00919537 -0.00688065 1.34405e-05 -9.71985e-05 0.0107165 4.69929e-05 0.00197914 0.00324835
internal_weight=15241.6 14360.4 777.38 279.167 881.167 228.32 178.789 819.895 13583 13446 137.011 13275.8 2854.95 2562.13
internal_count=61573 57943 3203 1161 3630 955 749 3383 54740 54184 556 53478 11486 10299
is_linear=0
shrinkage=0.03


Tree=57
num_leaves=15
num_cat=0
split_feature=11 7 11 7 17 6 16 7 6 6 16 7 2 16
split_gain=27.4563 42.8467 33.0436 26.0554 28.7078 33.876 32.9281 40.0963 24.2751 26.2505 23.9295 23.8658 37.0632 25.8415
threshold=55.924741092929501 0.62552433669270213 58.826338754928727 1.6525682227851455 -0.3520614488341256 0.0011828476359319752 0.68322629814330837 1.0773579006994747 0.00056016282512851728 0.0018560653208725437 -0.065403129230142812 0.58231574751520021 -0.000891221839883105 0.35206144883412582
decision_type=2 2 2 2 2 2 2 2 2 2 2 2 2 2
left_child=11 2 -2 4 5 6 7 -3 -6 -10 -4 12 13 -1
right_child=1 3 10 -5 8 -7 -8 -9 9 -11 -12 -13 -14 -15
leaf_value=-0.0034574445443417241 -0.0051492710367742498 -0.0060584190945310989 -0.0018531793454738578 0.0085575842254578798 -0.00040218548856654188 -0.0095037699850866967 0.010851595698966411 0.005701929009279183 -0.0099449465344503499 0.0055061110469676235 0.01299457668383726 0.0012847678718959242 6.9145575408610953e-05 -0.019241039146861767
leaf_weight=197.93480947613716 213.38767039775848 635.75494362413883 133.70049755275249 154.35287854075432 420.75650428235531 345.05518782138824 247.23438237607479 439.6428686529398 1205.4571817517281 106.54456280171871 356.18233399093151 9567.0375443994999 1008.8078289926052 176.54092080891132
leaf_count=799 857 2562 539 633 1693 1431 994 1785 4901 446 1429 38608 4052 716
internal_value=-4.27737e-05 -0.00208633 0.00467035 -0.00342493 -0.00397355 -0.00116148 0.00102596 -0.00124891 -0.00667555 -0.00868373 0.00895122 0.000752106 -0.00292841 -0.0109611
internal_weight=15208.4 4258.07 703.271 3554.8 3400.45 1667.69 1322.63 1075.4 1732.76 1312 489.883 10950.3 1383.28 374.476
internal_count=61445 17270 2825 14445 13812 6772 5341 4347 7040 5347 1968 44175 5567 1515
is_linear=0
shrinkage=0.03


Tree=58
num_leaves=15
num_cat=0
split_feature=4 16 7 5 7 16 3 4 2 3 6 7 3 7
split_gain=22.0246 37.2023 37.6754 29.0909 26.0289 20.0225 106.454 64.1475 60.3183 53.4704 41.395 32.6235 31.5714 31.4015
threshold=0.0008749472604464571 -0.55557023301960229 0.85073311172096766 0.0003839049613124646 0.80315732485047142 -0.77259657388510594 0.00018639472709874874 -0.0010068697669319835 0.00086906226188701596 -1.0000000180025095e-35 0.00059710161256282767 1.6823437279751272 -0.00097361744861081112 0.78994500042500937
decision_type=2 2 2 2 2 2 2 2 2 2 2 2 2 2
left_child=5 4 -3 -4 -2 6 10 -8 13 -7 12 -11 -1 -9
right_child=1 2 3 -5 -6 9 7 8 -10 11 -12 -13 -14 -15
leaf_value=0.020607196572728411 -0.023476389350625203 0.0062962818668102598 0.018722030536858648 -0.0047251886377053139 -0.0061986184866813128 -0.0018883505393817001 0.026225594354847861 -0.017702305703053808 0.0042763575107948332 0.0021315118043980326 0.0049717259574314672 0.020248509705130219 0.0032999859965718715 -0.0054128290176126675
leaf_weight=324.59608456492424 91.536132454872131 536.26658506691456 48.191833540797234 946.30463810265064 506.50587499141693 5594.90452465415 60.26685605943203 284.5605036765337 420.06073769927025 4428.7039982974529 1197.6670443713665 89.337033450603485 134.91048821806908 547.58951832354069
leaf_count=1332 374 2160 194 3879 2103 22540 251 1146 1694 17770 4913 358 547 2204
internal_value=0.000247233 -0.00258122 -9.92633e-05 -0.00355368 -0.00891258 0.000707803 0.00287271 -0.0035069 -0.00497742 7.16384e-05 0.00792349 0.00249855 0.0155621 -0.00964768
internal_weight=15211.4 2128.81 1530.76 994.496 598.042 13082.6 2969.65 1312.48 1252.21 10112.9 1657.17 4518.04 459.507 832.15
internal_count=61465 8710 6233 4073 2477 52755 12087 5295 5044 40668 6792 18128 1879 3350
is_linear=0
shrinkage=0.03


Tree=59
num_leaves=15
num_cat=0
split_feature=4 12 11 4 12 16 13 16 13 1 1 16 16 3
split_gain=20.8095 25.5905 20.106 23.2419 20.6913 59.8206 31.4384 27.9665 69.5982 53.7785 28.4674 31.5469 24.5018 22.9592
threshold=0.0026089334196161 -0.0095885209529929499 20.025302954077173 -0.0019444528928577174 -0.0016153765630932402 -0.95642797789208689 0.0034824860978157628 -0.93540483100319605 0.0021187108069282705 9.5095371497506284e-05 -0.00086434667184154257 -0.41248606129204551 -0.55557023301960229 -0.00021345305297060244
decision_type=2 2 2 2 2 2 2 2 2 2 2 2 2 2
left_child=2 -2 -1 -4 7 -6 12 8 -5 -10 11 -9 -7 -14
right_child=1 -3 3 4 5 6 -8 10 9 -11 -12 -13 13 -15
leaf_value=-0.01665629962012127 0.0071215587147721981 -0.011706113076363656 0.0064614825439359425 0.012620393022865724 -0.010454839736447718 0.023145226767880493 0.00220842558756778 0.010864274957565048 -0.0079958352436464274 0.0072851742810847832 -0.0016893398331254816 0.00024388807466866897 -0.011439766760620501 0.010013588337911671
leaf_weight=61.140269190073013 84.348236665129662 265.19804121553898 530.66383549571037 483.3861219137907 297.95360061526299 108.32675859332085 2287.2751198112965 342.78416220843792 494.53224554657936 353.86946094036102 8593.1620294898748 932.93612790107727 50.928666710853577 302.94791536033154
leaf_count=252 350 1128 2193 1996 1213 436 9215 1397 2005 1433 34604 3752 204 1214
internal_value=6.58554e-05 -0.00714818 0.000236719 0.00030885 7.88234e-05 0.00226973 0.00365526 -0.000517569 0.0035599 -0.00161996 -0.00106843 0.00311011 0.0107747 0.00687916
internal_weight=15189.5 349.546 14839.9 14778.8 14248.1 3047.43 2749.48 11200.7 1331.79 848.402 9868.88 1275.72 462.203 353.877
internal_count=61392 1478 59914 59662 57469 12282 11069 45187 5434 3438 39753 5149 1854 1418
is_linear=0
shrinkage=0.03


Tree=60
num_leaves=15
num_cat=0
split_feature=13 4 13 7 12 4 7 6 5 6 17 6 4 11
split_gain=19.4794 24.851 26.6471 23.5455 29.6565 21.762 19.9849 27.8534 23.7862 19.0973 17.8224 21.0636 17.807 23.3201
threshold=0.012406335944248338 -0.00093715356343709855 0.0042302014223477577 0.82231440989797344 -0.012521235866174206 -0.0014010717119004033 1.2253509206630839 0.0014628307628900205 0.011445063985708661 0.0017165997924498018 -0.5277851165098012 0.0017539127641192495 0.0032971635929325287 73.083267240447938
decision_type=2 2 2 2 2 2 2 2 2 2 2 2 2 2
left_child=1 2 3 4 -1 -6 8 -8 9 -2 11 -4 13 -3
right_child=6 12 10 -5 5 -7 7 -9 -10 -11 -12 -13 -14 -15
leaf_value=0.013544533723902786 0.0021316608265391597 -0.00026983308059740785 -0.0057106192864644564 0.0036270568136772649 -0.022081358543930438 -0.0036350358896498542 -0.024955971118425933 -0.0018603466531145155 0.01726617675783133 -0.0083445850496828219 0.014779158665157246 0.017041204105632899 -0.017693864460257665 0.010231409331103451
leaf_weight=56.718473538756371 287.65025502443314 12280.840906307101 105.18317736685276 1089.2600529044867 87.243560701608658 164.97954905033112 88.670442268252373 98.29220062494278 51.619378715753555 340.02582265436649 268.8502609282732 53.667869076132774 50.032294154167175 191.31898824870586
leaf_count=232 1171 49465 427 4461 358 671 381 413 211 1398 1099 221 214 779
internal_value=3.27325e-05 0.00029674 0.00356435 0.00155391 -0.00573188 -0.0101391 -0.00433071 -0.0129621 -0.00192402 -0.00355203 0.0100989 0.0020924 -0.000180215 -0.000107133
internal_weight=15214.4 14348.1 1825.9 1398.2 308.942 252.223 866.258 186.963 679.295 627.676 427.701 158.851 12522.2 12472.2
internal_count=61501 57927 7469 5722 1261 1029 3574 794 2780 2569 1747 648 50458 50244
is_linear=0
shrinkage=0.03


Tree=61
num_leaves=15
num_cat=0
split_feature=3 12 3 2 16 7 4 13 4 6 13 3 12 16
split_gain=26.213 36.3033 36.1777 35.1895 28.6301 39.3252 37.0778 25.1616 23.6125 24.5192 26.3904 27.6921 25.9176 40.6551
threshold=-0.022249111513130245 -0.012234789512329645 -0.006756730834562851 0.0043618608238762966 -0.13052619222005171 1.188353609324224 0.000708393172516253 0.037217549076633778 -0.0020604949029357496 0.0011828476359319752 0.0010030718971929533 -0.0023565486011634935 -0.0017415677448896492 -0.93540483100319605
decision_type=2 2 2 2 2 2 2 2 2 2 2 2 2 2
left_child=-1 4 -3 8 -2 6 -6 -5 -4 12 11 -11 -10 -14
right_child=1 2 3 7 5 -7 -8 -9 9 10 -12 -13 13 -15
leaf_value=-0.019378973455854379 0.012724934389685317 -0.015088410062558158 0.010867020949602939 -0.011203215353816973 -0.0070824614154730093 0.019484677816129604 0.016026421908947347 0.009619672421608225 -2.9759539175143281e-05 0.025410295646446149 -0.0037172051364467123 -0.0046930589935701272 -0.0063160363920141543 0.0045273990916899565
leaf_weight=58.741751134395599 364.2415314912796 139.40538176894188 190.2388082742691 368.66956296563148 314.57290610671043 87.71739986538887 75.893304258584976 59.221066743135452 8635.6703993678093 57.052972882986069 1814.7738093733788 50.480241075158119 351.81880064308643 2593.0455443710089
leaf_count=242 1511 574 782 1566 1271 364 306 241 34810 232 7342 204 1428 10421
internal_value=0.000289333 0.000368388 1.04946e-05 0.00016167 0.00641235 0.00157096 -0.0025321 -0.00828993 0.000426943 0.000278268 -0.00285768 0.011451 0.000799222 0.00322854
internal_weight=15161.5 15102.8 14260.4 14121 842.425 478.184 390.466 427.891 13693.1 13502.8 1922.31 107.533 11580.5 2944.86
internal_count=61294 61052 57600 57026 3452 1941 1577 1807 55219 54437 7778 436 46659 11849
is_linear=0
shrinkage=0.03


Tree=62
num_leaves=15
num_cat=0
split_feature=11 7 2 7 2 17 13 11 17 13 3 6 3 13
split_gain=24.9098 30.2883 32.7695 23.9216 29.1057 69.0772 27.4981 24.0358 24.4544 23.5393 23.3344 44.7654 25.6037 23.1669
threshold=55.924741092929501 0.57408046741269181 0.00020897076316950261 0.86876969058449982 -0.00038212750442917493 0.91037613702198772 0.0027590290446629644 38.917705241760125 0.68322629814330826 0.0039226596575462356 0.00060941004446973823 0.00075247359977097499 -0.0035300162727853602 0.00094909658529052099
decision_type=2 2 2 2 2 2 2 2 2 2 2 2 2 2
left_child=3 2 -2 4 5 13 7 8 -5 -6 12 -12 -3 -1
right_child=1 10 -4 6 9 -7 -8 -9 -10 -11 11 -13 -14 -15
leaf_value=0.00081628539678481327 -0.01645975696751769 0.0077585863930310639 0.0075147985225491867 0.0020037485672511103 0.0042532018242052569 0.0076983742893585796 0.0040538413599389301 -0.0019388144257624304 0.016392090281713498 -0.0016141328766105642 0.0026365311916781257 -0.0051274273846261161 -0.0081156572016627196 -0.0069138690553727658
leaf_weight=438.63490271568298 55.961257219314575 99.106023088097572 451.39532515406609 857.4208218306303 1292.2731608003378 440.45360390841961 2861.3624808490276 2007.8507266789675 119.49878343939781 1171.6970747560263 1262.6068653613329 1415.9329333305359 995.00333760678768 1696.6485928893089
leaf_count=1788 225 406 1813 3521 5195 1768 11529 8106 482 4703 5086 5825 4025 6851
internal_value=-0.000114283 -0.00205276 0.00481617 0.000648108 -0.000866388 -0.00309511 0.00195354 -6.12854e-05 0.00379365 0.00146405 -0.00297857 -0.00146843 -0.00666621 -0.00532664
internal_weight=15165.8 4280.01 507.357 10885.8 5039.71 2575.74 5846.13 2984.77 976.92 2463.97 3772.65 2678.54 1094.11 2135.28
internal_count=61323 17380 2038 43943 20305 10407 23638 12109 4003 9898 15342 10911 4431 8639
is_linear=0
shrinkage=0.03


Tree=63
num_leaves=15
num_cat=0
split_feature=12 3 3 4 16 7 6 17 7 7 16 4 11 17
split_gain=22.7257 33.8004 30.2829 29.3197 28.2617 40.3033 31.7555 32.5699 28.7898 27.2928 27.1656 40.9485 26.9138 23.7425
threshold=-0.012234789512329645 -0.006756730834562851 -0.022249111513130245 0.00096081593997843228 -0.41248606129204551 0.87172025623112603 0.0012180071455546819 -0.29012925520284105 1.485677203698504 1.1976952956268161 -0.13052619222005171 0.000708393172516253 71.33756565004181 -0.47114434510950048
decision_type=2 2 2 2 2 2 2 2 2 2 2 2 2 2
left_child=2 -2 -1 -3 -5 12 7 -7 -9 10 -4 -12 -6 -11
right_child=1 3 9 4 5 6 -8 8 -10 13 11 -13 -14 -15
leaf_value=-0.015384041647471295 -0.01456976658902991 0.00055212965952652546 0.010868848776783308 -0.0091688482842096266 0.0014458466611123272 0.0043276303771428931 -0.015415032639818782 -0.015856131989744743 0.0094537387310571139 0.024202184018654222 -0.0066146210721831156 0.018308718301723911 0.017867298441061795 0.002987462208949659
leaf_weight=60.205068811774254 141.99387402832508 12399.434851273894 250.42807634174824 555.81962305307388 297.68150508403778 344.78941224515438 196.60200540721416 178.16935251653194 50.696328103542328 120.72217258810997 306.63035222887993 71.464827835559845 126.89191873371601 78.462427228689194
leaf_count=248 584 49964 1030 2312 1202 1404 828 730 209 509 1240 288 511 331
internal_value=0.000181291 -0.000108322 0.00483276 3.88345e-05 -0.00359319 -0.000988484 -0.00507511 -0.00149019 -0.0102164 0.00633681 0.00324679 -0.00183224 0.00641447 0.0159581
internal_weight=15180 14292.1 887.913 14150.1 1750.65 1194.83 770.257 573.655 228.866 827.708 628.523 378.095 424.573 199.185
internal_count=61390 57744 3646 57160 7196 4884 3171 2343 939 3398 2558 1528 1713 840
is_linear=0
shrinkage=0.03


Tree=64
num_leaves=15
num_cat=0
split_feature=11 16 17 7 11 17 6 1 2 16 5 2 12 16
split_gain=26.0928 26.7999 31.9996 29.8013 34.7848 33.489 53.4723 35.223 34.0656 26.4268 59.0736 41.1581 35.4958 35.2467
threshold=55.924741092929501 -0.55557023301960229 0.68322629814330826 0.87535276231048409 73.083267240447938 0.16280825711809005 0.0012180071455546819 0.0023133855176351585 0.0046162689401853538 -0.68322629814330782 -0.00010408020981483855 0.00079019130544731597 -0.0027444282775612723 -0.19509032201612828
decision_type=2 2 2 2 2 2 2 2 2 2 2 2 2 2
left_child=9 2 -2 4 -3 6 8 -7 -5 10 -1 -12 -11 -14
right_child=1 3 -4 5 -6 7 -8 -9 -10 12 11 -13 13 -15
leaf_value=0.00657052810288086 -0.0039539691115605558 0.0012735120946001073 -0.019263723345162152 0.0042236323504485085 0.018743793786982137 -0.013475419637622965 -0.014343528002014208 0.012569906390816375 -0.018519300838204265 -0.0013017160051504019 -0.0058566237826915288 0.0069357543407521519 0.0095112184076118645 0.00087982632512010217
leaf_weight=1816.5453031510115 1109.2875799834728 1397.6263341158628 136.49091389775276 829.71052581071854 108.73414190113544 386.58680339157581 204.11218313872814 51.52770459651947 61.853129282593727 5855.9783883392811 792.61899234354496 314.64029082655907 579.07127112150192 1595.2074434608221
leaf_count=7480 4552 5618 556 3344 438 1575 855 216 263 23581 3184 1263 2324 6390
internal_value=2.65242e-05 -0.00195745 -0.00565954 -0.000437705 0.00255776 -0.0033791 -0.000570343 -0.010369 0.0026079 0.000802998 0.00324395 -0.00221557 -8.63348e-05 0.00318524
internal_weight=15240 4285.93 1245.78 3040.15 1506.36 1533.79 1095.68 438.115 891.564 10954.1 2923.8 1107.26 8030.26 2174.28
internal_count=61639 17417 5108 12309 6056 6253 4462 1791 3607 44222 11927 4447 32295 8714
is_linear=0
shrinkage=0.03


Tree=65
num_leaves=15
num_cat=0
split_feature=11 7 11 6 7 17 17 12 2 2 12 12 13 13
split_gain=22.0224 26.5623 29.8378 25.2897 20.2007 24.0885 24.9063 20.0228 18.5407 25.2016 27.4384 19.9036 25.0144 18.4292
threshold=43.981268619184327 0.86584145835785264 24.574278240431564 0.0012703204130613762 1.6296967798384323 -0.097964660725097366 -0.70710678118654757 -0.00883704101840521 -0.0024192760955532573 -0.00080623437489249483 -0.0050038862098862871 -0.0066973518489314978 0.00056935405389735305 0.00044329916418139886
decision_type=2 2 2 2 2 2 2 2 2 2 2 2 2 2
left_child=1 2 -1 8 -3 6 -6 -5 -4 10 11 12 -10 -11
right_child=-2 4 3 7 5 -7 -8 -9 9 13 -12 -13 -14 -15
leaf_value=-0.019714435234550531 -0.00082515403960324292 0.0046478080321686946 0.010248500516220123 -0.00083101281080322296 -0.012322765863095475 -0.022419296528064403 0.01374612019931193 -0.017212875024528347 0.012713907202733708 0.02191516311396997 0.0024648359821614193 -0.016078976431338984 -0.0084610992206420894 0.0033228638096452242
leaf_weight=71.148990780115128 11028.085075393319 2171.4238724410534 181.64575535058975 140.89196169376373 61.012863636016846 52.659710943698883 67.23811049759388 126.66694650053978 65.762023955583572 51.471404492855072 406.43721196055412 176.07174974679947 192.43377555906773 480.64749294519424
leaf_count=296 44507 8871 739 572 247 214 281 513 268 208 1640 713 782 1939
internal_value=-0.000118357 0.00171713 -0.00092759 -0.000173165 0.00384461 -0.00574143 0.00134558 -0.00865664 0.00129628 9.85743e-05 -0.00313287 -0.00835912 -0.00301159 0.00519661
internal_weight=15273.6 4245.51 1893.18 1822.03 2352.33 180.911 128.251 267.559 1554.47 1372.82 840.705 434.268 258.196 532.119
internal_count=61790 17283 7670 7374 9613 742 528 1085 6289 5550 3403 1763 1050 2147
is_linear=0
shrinkage=0.03


Tree=66
num_leaves=15
num_cat=0
split_feature=13 3 17 3 2 3 12 12 17 2 16 6 5 5
split_gain=19.5105 25.9193 23.0522 29.7389 18.6609 25.8505 39.2227 37.292 22.4401 17.679 17.6715 17.5541 16.5836 16.117
threshold=0.012406335944248338 0.0067681758466736639 -0.5 0.0058420192113829436 -0.0031074828638803643 -0.006078921519549473 -0.012521235866174206 -0.035567884880774274 -0.44228869021900119 -0.0049802258506930199 -0.25881904510252113 0.00063354200484273013 0.0079011394255809071 0.00020440120372700046
decision_type=2 2 2 2 2 2 2 2 2 2 2 2 2 2
left_child=1 4 3 -2 5 6 7 -1 -9 -7 -8 -11 -5 -4
right_child=2 -3 13 12 -6 9 10 8 -10 11 -12 -13 -14 -15
leaf_value=-0.0136903828991951 -0.0028043343862537875 0.012984971212280757 -0.011821199437701073 -0.027836340068316017 -0.00010823539356638071 0.018069824791342282 -0.0052477809720264702 0.025197381638458596 0.001817608556270966 0.020211522497758861 -0.029738155052672497 0.0029071996427670012 -0.0062997706030828498 0.0021029075392700329
leaf_weight=64.467649132013321 203.01477120816708 141.53473350405693 88.500979825854301 94.767295092344284 13293.289832025766 125.96581834554672 56.130063563585281 71.191740840673447 75.290893822908401 59.531612187623978 50.11211159825325 377.69523549079895 50.358440831303596 429.70361302793026
leaf_count=266 834 576 359 404 53623 528 238 305 314 244 203 1542 213 1778
internal_value=3.58385e-05 0.000300657 -0.00433056 -0.0102771 0.000172181 0.00439695 -0.00244371 0.00504699 0.0133667 0.00824465 -0.0171354 0.00534461 -0.0205504 -0.000311411
internal_weight=15181.6 14315.2 866.345 348.141 14173.7 880.385 317.192 210.95 146.483 563.193 106.242 437.227 145.126 518.205
internal_count=61427 57839 3588 1451 57263 3640 1326 885 619 2314 441 1786 617 2137
is_linear=0
shrinkage=0.03


Tree=67
num_leaves=15
num_cat=0
split_feature=3 13 3 4 16 12 3 3 16 2 16 2 5 16
split_gain=18.7949 28.9481 23.3117 22.67 24.1296 23.7738 28.2041 23.2179 26.4106 50.5204 20.4879 20.7397 34.7166 17.5388
threshold=0.02227112568179113 0.012406335944248338 0.0067681758466736639 0.0018552639412023899 0.097964660725097366 -0.012234789512329645 -0.006756730834562851 -0.022249111513130245 -0.13052619222005171 -0.0024806757435985589 0.16280825711809011 -0.00358291109212816 0.0032737764123453865 0.19509032201612822
decision_type=2 2 2 2 2 2 2 2 2 2 2 2 2 2
left_child=1 2 3 5 -5 7 -7 -1 -9 -10 -3 -12 -13 -4
right_child=-2 10 13 4 -6 6 -8 8 9 -11 11 12 -14 -15
leaf_value=-0.01257300042067702 0.017068431787176604 -0.0099663357290335295 0.019439891533006164 -0.019278915896697325 -0.0011998418340100135 -0.013458681374915946 0.00020383570689337676 0.014237499152706523 0.012300888922476758 -0.010364770709242827 -0.018543535573718541 0.011331882387737323 -0.008277927339606396 -0.0023168552980616622
leaf_weight=55.244625180959702 56.209683686494827 432.52317591011524 96.791872933506966 107.37076796591282 170.0083976238966 135.40909580886364 13126.558165729046 280.76723098754883 191.01370763778687 161.50904008746147 47.063330590724945 175.76181930303574 147.75678735971451 49.747690737247467
leaf_count=228 227 1802 393 457 703 557 52927 1177 785 652 192 709 632 203
internal_value=5.42086e-05 -1.10439e-05 0.000298967 0.000175508 -0.00828599 0.000344912 6.23285e-05 0.00577186 0.0074067 0.00191668 -0.00554674 -0.000362625 0.0023799 0.0121221
internal_weight=15233.7 15177.5 14374.4 14227.9 277.379 13950.5 13262 688.535 633.29 352.523 803.105 370.582 323.519 146.54
internal_count=61644 61417 58082 57486 1160 56326 53484 2842 2614 1437 3335 1533 1341 596
is_linear=0
shrinkage=0.03


Tree=68
num_leaves=15
num_cat=0
split_feature=11 16 16 7 10 17 4 13 13 13 17 16 6 6
split_gain=20.9511 42.043 38.9163 31.071 28.9144 35.3181 31.3013 33.6962 27.0993 26.4227 38.5529 29.9867 31.9726 46.9739
threshold=49.814522523680964 0.5277851165098012 0.5277851165098012 1.6525682227851455 0.4395210689045716 -0.29012925520284105 0.0026089334196161 0.010214746905528595 0.0018282314923455669 0.0038566187917166155 0.68322629814330826 -0.70710678118654735 0.00051331407948942466 0.00076354023717421879
decision_type=2 2 2 2 10 2 2 2 2 2 2 2 2 2
left_child=1 -1 3 8 6 -6 7 -4 -2 10 -10 -11 -13 -14
right_child=2 -3 4 -5 5 -7 -8 -9 9 11 -12 12 13 -15
leaf_value=0.0028709878005620639 -0.010521150616533437 -0.0018964000041786918 0.00084617264873069987 0.011363449193713548 -0.0023899813708385871 0.028481425480583987 -0.016580237224863383 0.013471047919137721 0.0050354856369106043 -0.0072334985628074028 -0.0056338002918256257 -0.011699507385416918 0.0063456365528260488 -0.0036813959086533384
leaf_weight=4985.5739421248436 379.01112322509289 2497.3474871963263 2121.8722816556692 140.86554890871048 57.055824100971222 77.315244615077972 82.770466834306717 207.05135758221149 880.14312408864498 1278.1741601377726 463.81157103180885 236.59790714085102 660.78349374234676 1148.2190220206976
leaf_count=20252 1527 10061 8518 571 235 316 358 837 3540 5215 1869 949 2655 4676
internal_value=0.000148333 0.00127984 -0.000946535 -0.00243713 0.00209008 0.0155302 0.001329 0.00197917 -0.00282668 -0.00219767 0.00135051 -0.00363231 -0.00137727 -1.58081e-05
internal_weight=15216.6 7482.92 7733.67 5187.61 2546.07 134.371 2411.69 2328.92 5046.74 4667.73 1343.95 3323.77 2045.6 1809
internal_count=61579 30313 31266 21002 10264 551 9713 9355 20431 18904 5409 13495 8280 7331
is_linear=0
shrinkage=0.03


Tree=69
num_leaves=15
num_cat=0
split_feature=3 5 6 7 1 5 2 3 2 6 13 0 17 2
split_gain=17.5226 21.812 17.0842 16.9661 15.5676 15.6663 15.8335 15.0173 32.8206 17.0953 19.9467 16.6948 22.8162 52.7049
threshold=-0.022249111513130245 -0.0032713963849796408 0.0010136595287702646 1.5502461782681858 -0.00097660486620421128 -0.0047430691413697925 -0.0067198891269097385 -0.0042653786442374822 -0.0012274535596056982 0.00073033388728172314 0.0022295797964869695 -4.9424091509514538e-05 0.81241147629689003 0.00053806301498049447
decision_type=2 2 2 2 2 2 2 2 2 2 2 2 2 2
left_child=-1 3 7 4 5 6 -2 8 -3 -10 -11 12 -9 -14
right_child=1 2 -4 -5 -6 -7 -8 11 9 10 -12 -13 13 -15
leaf_value=-0.016430243921077118 0.00015716631783583058 -0.0030789775242255394 -0.0023664748027688257 -0.0071944700353795939 0.013910561809926069 -0.0052832670899865021 0.02179529537564023 -0.00054413422020208318 0.017095060371245176 -0.0077437575713390589 0.016640791042488237 0.00084897337573773047 -0.001937555817676617 -0.020146937268194397
leaf_weight=58.420377820730209 66.168530389666557 254.57240164279938 3270.3814655691385 75.811533316969872 210.07558013498783 113.6654169857502 54.404706060886383 3670.4917761832476 186.3891553580761 69.806293874979019 50.15964175760746 6231.6013276576996 627.03674414753914 183.54035690426826
leaf_count=241 277 1047 13334 321 879 468 229 14806 757 284 202 25114 2516 739
internal_value=-0.000306656 -0.000241954 -0.000458173 0.00578262 0.00801917 0.00266248 0.010117 9.57324e-05 0.0048718 0.0114558 0.00255749 -0.000155211 -0.00155144 -0.00610018
internal_weight=15122.5 15064.1 14544 520.126 444.314 234.239 120.573 11273.6 560.927 306.355 119.966 10712.7 4481.07 810.577
internal_count=61214 60973 58799 2174 1853 974 506 45465 2290 1243 486 43175 18061 3255
is_linear=0
shrinkage=0.03


Tree=70
num_leaves=15
num_cat=0
split_feature=5 13 13 17 17 7 12 3 5 17 16 6 6 13
split_gain=16.2948 29.8692 16.6444 28.7709 25.7996 13.8282 21.0298 28.4538 32.2626 27.5053 23.768 20.927 15.8249 19.9209
threshold=0.0032737764123453865 0.037217549076633778 0.013030647421285903 -0.68322629814330815 -0.77259657388510616 1.1683771814512258 -0.012832221916880491 -0.006078921519549473 -0.0024930049947290973 -0.47114434510950048 -0.77259657388510594 0.0015152194883928433 0.0011661418646798153 0.0011636615660685081
decision_type=2 2 2 2 2 2 2 2 2 2 2 2 2 2
left_child=5 2 3 -2 -4 12 9 10 -9 11 -8 -7 -1 -14
right_child=1 -3 4 -5 -6 6 7 8 -10 -11 -12 -13 13 -15
leaf_value=0.00016538771270128489 0.015094152965746835 0.011008039192311213 -0.027502120243879196 -0.0087353104019246598 -0.0068899404324028355 0.034347224138058949 0.0022516899118746351 0.014777091550814093 0.0010783934580427287 -0.0021286222622490928 -0.02424978924188986 0.0089184884058309058 0.0078017446827545094 -0.0036640282691464418
leaf_weight=9680.3541616499424 62.6208526045084 86.6053786277771 76.073489874601364 153.04470129311085 189.20632289350033 51.825785487890244 53.174064874649048 163.00144211947918 2494.7331602871418 81.810679107904434 68.321971863508224 67.765820130705833 145.68424890935421 1799.9385930448771
leaf_count=39016 262 353 332 646 817 223 226 671 10073 345 279 286 595 7301
internal_value=-5.7642e-05 -0.00503587 -0.00795857 -0.00174105 -0.0129624 0.000136454 0.00195874 0.00127629 0.00192903 0.0112711 -0.0128025 0.0203219 -0.000330996 -0.00279836
internal_weight=15174.2 567.551 480.945 215.666 265.28 14606.6 2980.63 2779.23 2657.73 201.402 121.496 119.592 11626 1945.62
internal_count=61425 2410 2057 908 1149 59015 12103 11249 10744 854 505 509 46912 7896
is_linear=0
shrinkage=0.03


Tree=71
num_leaves=15
num_cat=0
split_feature=3 11 16 7 11 6 17 7 7 10 6 7 11 7
split_gain=19.8898 21.407 47.8783 34.4819 42.5538 25.1895 23.1865 22.9664 19.8769 17.4101 17.4075 17.2956 19.8083 17.1068
threshold=-0.022249111513130245 44.328437048185002 0.0327015646150716 0.87172025623112603 26.987123847590478 0.00026470507610846313 0.91037613702198772 1.6103119539632982 0.53837535285599347 0.42624392446574083 0.00035830904552211414 0.43981403826592619 58.360271129234732 1.6525682227851455
decision_type=2 2 2 2 2 2 2 2 2 10 2 2 2 2
left_child=-1 2 7 4 -4 -6 8 -2 -7 10 -10 12 -3 -13
right_child=1 11 3 -5 5 6 -8 -9 9 -11 -12 13 -14 -15
leaf_value=-0.016763643241875521 0.0060054156334991742 0.0017989767425034314 -0.024454818926868689 0.0028494529845650416 0.016928894233459873 -0.015485910629375545 0.0065516631912986758 -0.01086505696291978 -0.018715183158484083 -0.020416936053128165 -0.0011109002814297195 -0.0009493051621012569 0.017998236883756537 0.0061186387701325897
leaf_weight=60.403715148568153 1936.2655502855778 262.99895490705967 86.608651041984558 1125.3358372747898 53.168666228652 153.73533128201962 161.72834175825119 73.670366749167442 52.791820615530014 50.292161375284195 657.97235624492168 10074.148360684514 89.850448906421661 315.94139595329762
leaf_count=249 7974 1056 359 4535 213 622 649 309 212 204 2651 40675 361 1284
internal_value=0.000138272 0.000208121 0.00198274 -0.000932711 -0.00443096 -0.0028553 -0.00386201 0.00537687 -0.00571335 -0.00370385 -0.0024673 -0.000510947 0.00600219 -0.000733247
internal_weight=15154.9 15094.5 4351.57 2341.63 1216.3 1129.69 1076.52 2009.94 914.792 761.056 710.764 10742.9 352.849 10390.1
internal_count=61353 61104 17728 9445 4910 4551 4338 8283 3689 3067 2863 43376 1417 41959
is_linear=0
shrinkage=0.03


Tree=72
num_leaves=15
num_cat=0
split_feature=4 17 13 17 2 0 1 16 16 13 13 12 12 12
split_gain=20.7094 23.1791 25.1078 15.8452 15.3995 14.7284 22.4219 12.5201 13.158 15.8644 15.2279 14.3934 14.0399 13.7623
threshold=-0.0019444528928577174 -0.19509032201612839 0.0097043625406614282 -0.91037613702198728 -0.0076793740071763308 -5.7202151604429645e-05 0.00086576747689885724 0.99465189230620699 0.91037613702198772 0.0011396583339643442 0.00036647005559820039 -0.0065677822313826009 -0.0077080276481927825 -0.0043702224614420851
decision_type=2 2 2 2 2 2 2 2 2 2 2 2 2 2
left_child=1 2 3 -1 -3 6 7 8 10 -10 12 -11 -2 -13
right_child=5 4 -4 -5 -6 -7 -8 -9 9 11 -12 13 -14 -15
leaf_value=0.0014264893732744473 0.016874328087862666 -0.013289621287092698 -0.0063918938774874656 0.018943437953879462 0.0032955473529719822 0.00067077331939004105 -0.0083224099225066989 0.006823764127739892 -0.016072493245061961 -0.012779373755119432 -0.00092572349789766953 0.0098050021306446116 0.0017984942061569718 -0.0033951427679803094
leaf_weight=60.609920471906662 79.383869737386703 66.57082237303257 59.875476002693176 202.24775873124599 188.11733250319958 8606.5517316758633 377.5081522166729 186.01294450461864 98.9237220287323 105.76890835165977 4584.6829354017973 89.606617614626884 177.24983894824982 315.350282356143
leaf_count=251 327 275 248 864 769 34817 1545 749 399 427 18524 360 722 1266
internal_value=9.52776e-05 0.00565776 0.010972 0.0149456 -0.00110928 -0.000125142 -0.00126392 -0.000788428 -0.0010506 -0.0051967 -0.000526565 -0.00303567 0.00655629 -0.000440456
internal_weight=15198.5 577.421 322.733 262.858 254.688 14621 6014.49 5636.98 5450.97 609.65 4841.32 510.726 256.634 404.957
internal_count=61543 2407 1363 1115 1044 59136 24319 22774 22025 2452 19573 2053 1049 1626
is_linear=0
shrinkage=0.03


Tree=73
num_leaves=15
num_cat=0
split_feature=11 16 16 3 13 13 17 6 17 3 3 12 17 17
split_gain=20.6858 33.3559 28.063 29.4067 37.4993 31.6888 34.7144 25.4698 30.698 37.4624 23.9439 31.9772 37.4745 33.3197
threshold=55.924741092929501 0.58216583101416164 -0.55557023301960229 0.00060941004446973823 0.0113953070060846 0.0059274467587169264 0.63405362205439486 0.00059710161256282767 0.63405362205439486 -0.00097361744861081112 -0.00060694925578423295 -0.012521235866174206 -0.29012925520284105 0.16280825711809005
decision_type=2 2 2 2 2 2 2 2 2 2 2 2 2 2
left_child=2 -2 3 4 7 6 -5 8 9 -1 11 12 -4 -13
right_child=1 -3 10 5 -6 -7 -8 -9 -10 -11 -12 13 -14 -15
leaf_value=0.019910603855180356 -0.0037002127945598242 0.001886419311237677 0.013221530059961087 -0.0088990153121779984 -0.020393519549731218 0.004290420099416054 0.010112141659692302 0.0035107591165520809 -0.0032500832496461522 0.0023767592658186058 0.0013983807212520154 -0.0055522756040206804 -0.0043035963292173927 0.00042298813604893385
leaf_weight=322.77407255768776 2806.5410772413015 1461.3401327580214 249.21030668914318 506.56117384135723 49.724788010120392 539.06362897157669 102.40487712621689 1635.8526470959187 114.02111318707466 166.48563089966774 3617.5128744244576 1947.8123662769794 193.73440201580524 1475.0154293775558
leaf_count=1337 11453 5915 1031 2039 203 2181 413 6727 462 676 14516 7838 785 5934
internal_value=-1.68435e-05 -0.00178734 0.000675312 0.00291854 0.00488248 -0.00099871 -0.00567943 0.00546149 0.010722 0.0139781 -0.000355451 -0.00199653 0.00557153 -0.00297858
internal_weight=15188.1 4267.88 10920.2 3436.89 2288.86 1148.03 608.966 2239.13 603.281 489.26 7483.29 3865.77 442.945 3422.83
internal_count=61510 17368 44142 14038 9405 4633 2452 9202 2475 2013 30104 15588 1816 13772
is_linear=0
shrinkage=0.03


Tree=74
num_leaves=15
num_cat=0
split_feature=3 12 3 7 17 16 6 13 3 2 13 6 6 13
split_gain=19.5612 22.2973 29.3884 20.5058 28.2913 27.1566 32.4966 23.1807 20.9588 20.0278 20.0221 18.6144 15.9197 19.8213
threshold=-0.022249111513130245 -0.012234789512329645 -0.006756730834562851 1.188353609324224 -0.47114434510950048 -0.13052619222005171 0.0016567159749024411 0.003718181189585779 -0.004452943027440078 -0.0054018947811872156 0.0019597293286985899 0.0015152194883928433 0.00097264802412327152 0.00080525819048515867
decision_type=2 2 2 2 2 2 2 2 2 2 2 2 2 2
left_child=-1 3 -3 5 11 7 -7 10 -8 -4 -2 -5 -11 -14
right_child=1 2 9 4 -6 6 8 -9 -10 12 -12 -13 13 -15
leaf_value=-0.016649455687635699 0.0066834641249410723 -0.01368989963222036 0.016171036844970701 0.034035942434666545 -0.00028808516175470213 -0.012831758880064525 0.013243514152286478 0.0021573077304196816 -0.0051484106135159117 0.00062714229634160286 0.033749708639190967 0.010087860926169168 0.0098081204215906687 -0.0022688294644696324
leaf_weight=59.504087463021278 47.458091855049133 137.17832696437836 67.993609234690666 60.488904282450676 81.527936950325966 158.9110776335001 119.9900141954422 133.69370119273663 101.18906696140766 10924.392683893442 51.947515845298767 59.33742418885231 125.46486960351467 3049.1749319136143
leaf_count=246 201 565 286 263 345 643 485 550 411 44068 213 251 512 12437
internal_value=0.000235018 0.000303665 2.84163e-05 0.0051254 0.0133834 0.00237901 -0.00256603 0.0103956 0.00485851 0.000163163 0.0212145 0.0225373 8.36817e-05 -0.00178566
internal_weight=15178.3 15118.7 14304.2 814.544 201.354 613.189 380.09 233.099 221.179 14167 99.4056 119.826 14099 3174.64
internal_count=61476 61230 57868 3362 859 2503 1539 964 896 57303 414 514 57017 12949
is_linear=0
shrinkage=0.03


Tree=75
num_leaves=15
num_cat=0
split_feature=11 16 12 12 3 11 12 17 11 5 12 1 13 0
split_gain=21.1043 41.55 19.3239 24.2847 21.0639 20.0645 19.6515 17.9396 16.8125 18.2197 23.0103 18.3124 26.9162 16.7036
threshold=44.328437048185002 0.0327015646150716 -0.0019502253918599053 -0.0085351647416906911 -0.006756730834562851 34.81832717206791 -0.014064886863031366 0.68322629814330826 24.574278240431564 -0.0031266417968452416 -0.010730458984431033 -0.00086434667184154257 0.0066280254283370707 -0.00010772378612826371
decision_type=2 2 2 2 2 2 2 2 2 2 2 2 2 2
left_child=1 2 3 4 5 -1 -6 -5 -3 -10 -11 -12 -13 -2
right_child=13 8 -4 7 6 -7 -8 -9 9 10 11 12 -14 -15
leaf_value=0.015687004554923136 -0.002578983550640243 -0.01127297623425666 0.019463948819361993 0.00060356851170525539 -0.0015096907252211426 -0.0058531924969822671 0.017385664630267351 0.0090398790376132257 0.0073809345274889462 -0.012974943622468418 0.004756098291876407 -0.0032563954843250671 0.012438775665263722 1.8084541652663397e-05
leaf_weight=56.083249673247337 3147.8056029826403 132.04474595189095 76.806273475289345 1149.124092489481 59.531389281153679 116.02733482420444 284.34697777032852 280.76172326505184 243.47449244558811 138.7355110347271 464.99559423327446 1318.0098332613707 104.29590567946434 7623.2039843797684
leaf_count=243 12706 546 314 4723 253 495 1191 1135 1002 563 1869 5298 419 30798
internal_value=-2.4698e-05 0.00171931 0.00488499 0.00429015 0.00985688 0.00126538 0.0141247 0.00227037 -0.0009488 -0.000338722 -0.00127278 -0.000399728 -0.00208964 -0.000741241
internal_weight=15195.2 4424.24 2022.68 1945.87 515.989 172.111 343.878 1429.89 2401.56 2269.51 2026.04 1887.3 1422.31 10771
internal_count=61555 18051 8354 8040 2182 738 1444 5858 9697 9151 8149 7586 5717 43504
is_linear=0
shrinkage=0.03


Tree=76
num_leaves=15
num_cat=0
split_feature=12 6 3 4 12 7 12 12 11 3 16 3 7 16
split_gain=20.1012 21.6501 26.1377 28.6019 31.8606 31.0041 21.5087 27.2986 20.9464 33.2152 18.9481 18.0075 19.9992 21.3302
threshold=-0.012234789512329645 0.00094279521357958009 -0.006078921519549473 -0.00070610316531005679 -0.0079702778741822505 0.67772963599780389 -0.0063840577859558536 -0.00056549188802362804 52.942499588825541 -0.00023881109290008193 -0.47114434510950048 -0.022249111513130245 1.1976952956268161 -0.13052619222005171
decision_type=2 2 2 2 2 2 2 2 2 2 2 2 2 2
left_child=11 -2 -3 4 10 -6 8 -8 9 -5 -4 -1 13 -13
right_child=1 2 3 6 5 -7 7 -9 -10 -11 -12 12 -14 -15
leaf_value=-0.011262086604243254 0.00029983982671629442 -0.016527671275037872 0.025289523520467802 -0.0084928903782174568 -0.022831070642154633 0.0021078247565994952 -0.00083597405895492261 -0.014558334768560041 -0.014400311468020953 0.01128680402286932 0.0064532803496998728 0.009780382022235792 0.013808141103606595 -0.001546985289187967
leaf_weight=60.496685102581978 10760.49285055697 112.25600868463516 74.68597511947155 304.01946531236172 49.200019598007202 360.79984840750694 1974.3542320281267 137.7340284883976 266.76490104198456 99.949987828731537 134.19362564384937 241.85287648439407 194.78598627448082 385.9943133443594
leaf_count=250 43415 462 318 1229 201 1466 8031 585 1108 403 543 1001 836 1565
internal_value=-9.59303e-05 -0.000367908 -0.0024117 -0.00193644 0.00388806 -0.000981148 -0.00323363 -0.00174377 -0.00790594 -0.00356751 0.0133642 0.00429107 0.0054594 0.00283363
internal_weight=15157.6 14274.5 3513.96 3401.7 618.879 410 2782.82 2112.09 670.734 403.969 208.88 883.13 822.633 627.847
internal_count=61413 57761 14346 13884 2528 1667 11356 8616 2740 1632 861 3652 3402 2566
is_linear=0
shrinkage=0.03


Tree=77
num_leaves=15
num_cat=0
split_feature=3 12 3 4 13 3 17 3 18 12 12 6 6 13
split_gain=13.939 19.4246 27.6976 24.9857 20.4506 26.3107 24.4268 31.5733 23.8648 22.0468 18.9372 40.8601 35.3213 49.2496
threshold=-0.022249111513130245 -0.012234789512329645 -0.006756730834562851 -0.0018513009036270065 0.012701200332112196 0.0067681758466736639 -0.47114434510950048 0.010414490110217301 5.9078137167508311 -0.0013119323560233374 -0.0052876467044706268 0.0013024399379190108 0.00082057028255004972 0.0082411102646886576
decision_type=2 2 2 2 2 2 2 2 2 2 2 2 2 2
left_child=-1 -2 -3 -4 5 10 -6 -8 -9 -7 11 12 13 -5
right_child=1 2 3 4 6 9 7 8 -10 -11 -12 -13 -14 -15
leaf_value=-0.014366219970510625 0.0046277388619621459 -0.013432993624141451 0.0089306362132586872 -0.003695831420895843 -0.012412278242352782 0.022065597497349931 -0.0063776008281037772 0.026830775022009333 -0.00082956607682891357 -0.0010436246529603648 0.00062419859552562433 -0.0095316343378581119 0.0038717713565696709 0.023689617853725389
leaf_weight=58.058106407523155 810.34360536932945 137.72081816196442 273.82775749266148 1991.1175952553749 262.71781474351883 87.155589953064919 243.71137964725494 53.433671191334724 56.640139400959015 63.405239775776863 9461.9086280912161 538.71272183954716 1051.3678860217333 58.932219639420509
leaf_count=240 3355 567 1133 8070 1113 353 1012 224 236 262 38130 2193 4261 237
internal_value=5.78815e-05 0.00011527 -0.000141398 -1.00864e-05 -0.000187872 6.09697e-05 -0.00551997 -0.000360798 0.0128369 0.0124476 -8.32479e-05 -0.00192147 -0.000594302 -0.00288627
internal_weight=15149.1 15091 14280.7 14142.9 13869.1 13252.6 616.503 353.785 110.074 150.561 13102 3640.13 3101.42 2050.05
internal_count=61386 61146 57791 57224 56091 53506 2585 1472 460 615 52891 14761 12568 8307
is_linear=0
shrinkage=0.03


Tree=78
num_leaves=15
num_cat=0
split_feature=4 11 16 12 13 6 16 11 16 13 13 12 16 13
split_gain=18.0358 20.6741 19.1972 15.6568 19.2236 15.3026 14.5415 13.7585 41.3563 18.9453 18.8439 18.1688 52.2914 33.7427
threshold=0.0020639324283204812 73.083267240447938 0.16280825711809011 -0.0095885209529929499 0.037217549076633778 0.0011051453843930815 0.22695468355932452 43.981268619184327 0.58216583101416164 0.0042960119788425519 0.01004708175134872 -0.0017150192051044175 -0.93540483100319605 0.0035498437719366786
decision_type=2 2 2 2 2 2 2 2 2 2 2 2 2 2
left_child=1 7 -3 6 5 -5 -2 8 -1 -10 -11 -9 -13 -14
right_child=3 2 -4 4 -6 -7 -8 11 9 10 -12 12 13 -15
leaf_value=0.0037092813254852165 -0.0058672055123937163 -0.0032097485202838617 0.01911660089903577 -0.0035782978768743008 0.0075354457367463219 -0.01636878238037634 0.016274945726406021 -0.0012969069730960501 -0.0043001038591855435 0.0072627335594820418 -0.012567512430299126 -0.0087806198502387578 0.010429443734163431 0.001437121292457559
leaf_weight=2749.7803544253111 54.01073582470417 52.813865408301353 96.085565000772476 149.11214709281921 58.298452094197273 195.58499556779861 49.338822856545448 7317.3687396496534 1153.0807602703571 260.85126774013042 49.710397347807884 386.7761345654726 453.78598313033581 2138.9169505834579
leaf_count=11293 228 215 387 629 238 867 202 29477 4666 1050 203 1576 1820 8610
internal_value=2.03648e-05 0.000212981 0.01126 -0.00553495 -0.00819904 -0.0108883 0.0048117 9.80841e-05 0.00154179 -0.00252983 0.00402848 -0.000492859 0.00148136 0.00301782
internal_weight=15165.5 14659.2 148.899 506.345 402.996 344.697 103.35 14510.3 4213.42 1463.64 310.562 10296.8 2979.48 2592.7
internal_count=61461 59297 602 2164 1734 1496 430 58695 17212 5919 1253 41483 12006 10430
is_linear=0
shrinkage=0.03


Tree=79
num_leaves=15
num_cat=0
split_feature=1 16 16 17 16 3 12 12 13 5 2 13 11 3
split_gain=16.3034 27.7141 41.8856 45.981 23.6142 37.8827 33.5436 28.9908 28.7961 25.5698 24.2006 25.7123 23.6699 20.955
threshold=0.00038951699829414826 -0.9733555533461492 -0.55557023301960229 0.68322629814330826 -0.41248606129204551 -0.00060694925578423295 -0.01009278125278573 -0.0090697743380060408 0.0054536833958459549 0.0032737764123453865 -0.0024806757435985589 0.0094007148065570218 23.010833360605563 -0.00094258978644533298
decision_type=2 2 2 2 2 2 2 2 2 2 2 2 2 2
left_child=4 -2 3 -3 7 10 -7 8 -1 -8 12 -12 -6 -10
right_child=1 2 -4 -5 5 6 9 -9 13 -11 11 -13 -14 -15
leaf_value=0.014096301368103206 0.0084585873659280518 -0.0049351032057745369 -0.00045717027628337109 -0.0236516520441152 -0.012731353450289617 -0.012639905687616632 0.0025187286227840206 0.0015043136460871349 -0.013121991787593445 -0.012557916752835782 -0.0048004290696075083 0.010626607334835282 0.0045580668151224196 0.0091550404262522676
leaf_weight=339.17297595739365 231.04979161918163 784.60080403089523 2970.0657738447189 137.48561123013496 79.741724863648415 142.30628295242786 3643.3570876568556 3513.263819694519 72.136534616351128 102.17510710656643 2423.434640571475 99.45454578101635 556.31367345154285 76.021056517958641
leaf_count=1438 951 3223 12034 561 331 578 14618 14295 299 433 9751 401 2267 313
internal_value=1.70622e-05 -0.00159228 -0.00219297 -0.00777094 0.000617896 -0.000427228 0.00155519 0.00245811 0.00929994 0.00210097 -0.0028665 -0.00418435 0.00235739 -0.00172174
internal_weight=15170.6 4123.2 3892.15 922.086 11047.4 7046.78 3887.84 4000.59 487.331 3745.53 3158.94 2522.89 636.055 148.158
internal_count=61493 16769 15818 3784 44724 28379 15629 16345 2050 15051 12750 10152 2598 612
is_linear=0
shrinkage=0.03


Tree=80
num_leaves=15
num_cat=0
split_feature=4 16 12 6 7 13 13 4 12 12 7 12 6 12
split_gain=14.1356 23.248 40.0538 29.8923 26.739 35.8459 34.9969 25.6814 27.8168 27.3479 26.1266 24.2714 31.5658 39.2795
threshold=0.00089458747358173174 -0.41248606129204551 -0.00883704101840521 0.0010906668496179553 0.93301338748899176 0.0058774762538662548 0.009046652268683732 3.2807936258039134e-05 -0.0050415101864716974 -0.0019001950501127405 1.3546589289677471 -0.0054126751784177576 0.00041303693728086466 -0.0065039228605083812
decision_type=2 2 2 2 2 2 2 2 2 2 2 2 2 2
left_child=1 2 3 -1 6 7 -4 9 -9 -6 -10 12 13 -3
right_child=-2 11 4 -5 5 -7 -8 8 10 -11 -12 -13 -14 -15
leaf_value=0.015295332325096488 -0.002379891444112275 0.024317130029457304 -0.00027694158544220107 0.0021033770974775573 0.0023977003703785716 0.010810564771453517 -0.013511743888397558 -0.017142017766255398 -0.0039103506560729988 0.017601662548160608 0.012440593691515518 0.00050122351650148781 -0.0036030541636787195 -0.0089771342572752197
leaf_weight=326.1076962351799 2055.0271867364645 79.667763039469719 1775.6221304833889 293.70836661756039 933.1477709710598 442.01359125971794 198.09367004036903 108.59517070651054 437.20183496177197 118.34567354619503 107.9779230505228 5546.5202088952065 2712.8072740733624 50.946927785873413
leaf_count=1367 8476 320 7192 1235 3830 1791 802 437 1761 479 434 22257 10982 205
internal_value=-6.75139e-05 0.000294692 0.00197352 0.00907101 0.000902146 0.00321757 -0.0016176 0.00123907 -0.00342353 0.00413907 -0.000638259 -0.000654191 -0.00290677 0.011391
internal_weight=15185.8 13130.8 4740.81 619.816 4121 2147.28 1973.72 1705.27 653.775 1051.49 545.18 8389.94 2843.42 130.615
internal_count=61568 53092 19328 2602 16726 8732 7994 6941 2632 4309 2195 33764 11507 525
is_linear=0
shrinkage=0.03


Tree=81
num_leaves=15
num_cat=0
split_feature=3 12 3 4 6 7 17 17 13 3 3 7 16 6
split_gain=14.3212 22.5657 23.6148 22.6854 19.4331 19.3328 31.9369 18.999 16.3034 22.6788 20.9973 19.9639 47.6297 42.6399
threshold=-0.022249111513130245 -0.012234789512329645 -0.006756730834562851 -0.0020604949029357496 0.00085369060204276205 1.2028965966731946 -0.47114434510950048 0.60876142900872032 0.012406335944248338 0.02227112568179113 0.0067681758466736639 1.1341937340660431 -1.0000000180025095e-35 0.0014379456387741383
decision_type=2 2 2 2 2 2 2 2 2 2 2 2 2 2
left_child=-1 5 4 7 -3 -2 -7 -4 10 11 -5 12 -10 -14
right_child=1 2 3 8 -6 6 -8 -9 9 -11 -12 -13 13 -15
leaf_value=-0.014851229053392161 0.0023004149289455171 0.0029007955993727197 0.015299322533982775 -0.00020804910476353926 -0.020249333600914812 0.023252371031606742 -0.0019683988766728525 -0.0057857111924512648 -0.014676767405805482 0.013565679462927508 0.011458830895118352 -0.014610526817353621 0.019594419311317272 -0.0054806041343857604
leaf_weight=56.794390007853508 631.4877665489912 48.901601403951645 146.62129911780357 13163.180067583919 93.446277871727943 111.88345800340176 74.427724957466125 50.684349283576012 176.27228331565857 53.102077081799507 138.3139290958643 188.58037301898003 107.94939313828945 135.71036066114902
leaf_count=235 2586 202 615 53166 386 487 318 206 732 215 563 828 438 565
internal_value=-7.37382e-05 -1.62757e-05 -0.000293681 -0.00017059 -0.0123664 0.00482424 0.0132633 0.00987924 -0.000313994 -0.00490313 -8.50281e-05 -0.00655397 -0.00288388 0.00569755
internal_weight=15177.4 15120.6 14302.8 14160.4 142.348 817.799 186.311 197.306 13963.1 661.614 13301.5 608.512 419.932 243.66
internal_count=61542 61307 57916 57328 588 3391 805 821 56507 2778 53729 2563 1735 1003
is_linear=0
shrinkage=0.03


Tree=82
num_leaves=15
num_cat=0
split_feature=3 5 7 12 11 2 4 11 13 6 16 13 16 7
split_gain=14.8438 15.9642 15.1985 23.6008 41.7872 24.5094 20.782 19.3111 31.8847 34.4111 22.4373 25.3245 22.7616 30.6389
threshold=0.02227112568179113 0.0032737764123453865 1.0694313492297645 -0.0014152296070257251 58.220701535829342 0.0030168344642776128 0.0016239221295760722 48.56133389077258 0.0041961634475987672 0.00081074464252719873 -0.88144907265856332 0.0018282314923455669 1.0000000180025095e-35 1.5700185010033123
decision_type=2 2 2 2 2 2 2 2 2 2 2 2 2 2
left_child=1 2 -1 4 5 7 -5 8 10 -10 11 -4 13 -12
right_child=-2 -3 3 6 -6 -7 -8 -9 9 -11 12 -13 -14 -15
leaf_value=-0.00050511674999618029 0.014779028119761391 -0.0052566836328312499 0.014194044726006026 0.0082878049159639897 -0.0090962412485173279 0.01691523109211035 -0.0078319285268448786 -0.0020106683224321506 0.025398605631290993 0.0053754116779345775 -0.0023414750866404049 -0.0036789063576501435 0.0027183314200282535 -0.022086994833183722
leaf_weight=10357.034585550427 58.835773810744286 513.77149638533592 208.92741352319717 651.83520495891571 356.86807735264301 90.604327619075775 79.29771026968956 1064.6564844846725 101.41086293756962 311.83455109596252 454.30724404752254 106.77167016267776 721.69489964842796 81.909890919923782
leaf_count=41817 238 2215 885 2630 1461 366 326 4280 409 1282 1866 444 2922 338
internal_value=-1.00534e-05 -6.96237e-05 0.000113764 0.00162856 0.000602718 0.00170937 0.00652288 0.0012471 0.00299304 0.0103878 0.00104039 0.00816418 -0.000757598 -0.00542857
internal_weight=15159.8 15100.9 14587.2 4230.12 3498.99 3142.12 731.133 3051.51 1986.86 413.245 1573.61 315.699 1257.91 536.217
internal_count=61479 61241 59026 17209 14253 12792 2956 12426 8146 1691 6455 1329 5126 2204
is_linear=0
shrinkage=0.03


Tree=83
num_leaves=15
num_cat=0
split_feature=3 5 7 12 3 4 12 17 4 17 2 6 6 11
split_gain=13.804 17.6704 15.784 19.6228 33.7238 27.9992 25.1219 39.074 30.3404 21.949 41.0304 20.4042 19.0391 18.5904
threshold=0.02227112568179113 0.0032737764123453865 1.0651206640171 -0.011988665315623424 -0.0063783403345994963 0.0017736589151263751 -0.0014152296070257251 -0.58216583101416131 -0.00013768187751295177 0.38268343236508956 0.00047136661508726392 0.00098812270363956537 0.0015152194883928433 23.010833360605563
decision_type=2 2 2 2 2 2 2 2 2 2 2 2 2 2
left_child=1 2 13 12 -5 6 8 -8 -6 -10 -11 -12 -4 -1
right_child=-2 -3 3 4 5 -7 7 -9 9 10 11 -13 -14 -15
leaf_value=-0.015945204680749406 0.01429571559939115 -0.0056426060365725936 0.017902213116985321 -0.016656269125393253 0.0035601684878407537 -0.012325024039849636 0.014860220046763675 0.00047789115126924787 -0.00018800029163063489 0.0016435236558390257 -0.024887304281829378 -0.0037976696838018472 0.0027919008820922143 -0.00042435406559967543
leaf_weight=67.930448621511459 58.33189557492733 495.55477066338062 123.66134598851204 92.381089061498642 1660.0586488395929 125.68140450119972 315.75439767539501 365.93204963207245 1052.0587273538113 179.76667827367783 130.15291930735111 61.235687837004662 188.59176045656204 10253.725015848875
leaf_count=286 236 2137 536 382 6756 526 1269 1481 4238 723 526 248 792 41392
internal_value=-2.56827e-05 -8.28454e-05 0.000106392 0.00163416 0.00106417 0.00149327 0.00196085 0.00716371 0.00080664 -0.00240561 -0.00865683 -0.0182486 0.00885188 -0.000529572
internal_weight=15170.8 15112.5 14616.9 4295.27 3983.02 3890.64 3764.96 681.686 3083.27 1423.21 371.155 191.389 312.253 10321.7
internal_count=61528 61292 59155 17477 16149 15767 15241 2750 12491 5735 1497 774 1328 41678
is_linear=0
shrinkage=0.03


Tree=84
num_leaves=15
num_cat=0
split_feature=13 3 2 16 3 17 3 1 7 2 16 16 10 12
split_gain=13.6354 24.9263 19.5136 23.6905 45.0774 17.8121 22.8784 22.4556 31.002 17.4195 16.4892 21.3596 16.4325 15.3345
threshold=0.012701200332112196 0.0067681758466736639 -0.0039166653805540177 0.88144907265856365 -0.0056089989124017406 -0.47114434510950048 0.0060844416248225239 0.0025588416138519758 0.5990130658535574 0.0054105055872997751 0.25881904510252091 -0.79335334029123528 2.049581019552368 -0.035567884880774274
decision_type=2 2 2 2 2 2 2 2 2 2 2 2 8 2
left_child=1 2 3 13 -5 6 -2 8 -7 -4 11 -3 -8 -1
right_child=5 10 9 4 -6 7 12 -9 -10 -11 -12 -13 -14 -15
leaf_value=-0.0066613608597526379 -0.0023796835484077889 0.0034892457789792979 -0.00025614985119335175 -0.025338732809161997 0.012232046522887207 0.013510524979159562 -0.0095150029658568735 0.014471169338688793 -0.0073843499796885153 -0.015032309242348328 -0.0025944302908564752 0.030137230671524153 -0.030264575299518873 0.010747029017945785
leaf_weight=50.390918135643005 191.97113433480263 49.764720007777214 13563.452082321048 55.918536186218262 55.303936541080475 78.41896116733551 86.799882620573044 76.398176223039627 310.32070949673653 70.188043758273125 48.935324713587761 58.941374778747559 58.143876224756241 377.43499939143658
leaf_count=208 796 204 54800 230 223 318 369 321 1295 301 201 240 261 1619
internal_value=-0.00019325 2.00456e-05 -0.00011272 0.00547486 -0.00677108 -0.00399479 -0.00922577 -0.000182537 -0.00312173 -0.000334413 0.0118082 0.0182214 -0.0181373 0.00867515
internal_weight=15132.4 14330.3 14172.7 539.048 111.222 802.053 336.915 465.138 388.74 13633.6 157.641 108.706 144.944 427.826
internal_count=61386 58026 57381 2280 453 3360 1426 1934 1613 55101 645 444 630 1827
is_linear=0
shrinkage=0.03


Tree=85
num_leaves=15
num_cat=0
split_feature=13 2 10 7 16 13 16 7 6 5 7 6 12 12
split_gain=17.2898 16.297 16.9761 23.3182 24.0663 15.1865 15.2969 34.0325 29.9466 17.7298 14.0283 12.9191 24.0679 27.1059
threshold=0.012406335944248338 -0.0043486595637056763 1.3639335561634598 1.5502461782681858 -0.77259657388510594 0.010408664308508066 0.065403129230143103 0.71459052401483536 0.0010553633557489896 0.0018323459927224175 1.0357783389225725 0.0010764784566947457 -0.0065677822313826009 -0.012234789512329645
decision_type=2 2 10 2 2 2 2 2 2 2 2 2 2 2
left_child=1 2 3 4 -1 11 8 -8 9 -7 -9 -3 13 -13
right_child=-2 5 -4 -5 -6 6 7 10 -10 -11 -12 12 -14 -15
leaf_value=0.027964699850835554 -0.0041313413787222655 0.00030035038961598049 -0.010796681583682279 -0.0081699494875645175 0.007229945586105322 -0.022679167794989536 0.027276881985718385 0.0094731153220587502 0.010909350084679055 0.00083890036533876766 -0.0090952644277569276 0.002193972881723186 0.00014248598391706813 -0.0099725386441711188
leaf_weight=60.976598396897316 856.80494201183319 11203.189480558038 46.941231235861778 65.472898066043854 265.2094574868679 55.413473874330521 74.319815665483475 98.647762060165405 110.08942744135857 57.712161138653755 55.667310431599617 232.66054382920265 1405.0168445855379 557.90332065522671
leaf_count=273 3585 45238 205 278 1110 223 299 397 450 235 230 953 5690 2280
internal_value=2.90779e-06 0.000251348 0.00593141 0.00798097 0.0112529 7.06498e-05 0.00546776 0.0108861 -0.00012954 -0.0108751 0.00274413 -0.000112147 -0.00221532 -0.00639547
internal_weight=15146 14289.2 438.6 391.659 326.186 13850.6 451.85 228.635 223.215 113.126 154.315 13398.8 2195.58 790.564
internal_count=61446 57861 1866 1661 1383 55995 1834 926 908 458 627 54161 8923 3233
is_linear=0
shrinkage=0.03


Tree=86
num_leaves=15
num_cat=0
split_feature=11 17 4 16 3 13 7 17 16 10 13 11 16 3
split_gain=12.4279 17.2647 17.1613 30.9156 16.2678 18.6017 20.6437 15.698 14.7768 14.1585 26.1052 14.0988 14.0065 13.3095
threshold=23.010833360605563 -0.097964660725097366 -0.00093715356343709855 -0.70710678118654735 0.0022742111480215589 0.0013969471098039812 0.84285215570681082 0.83146961230254512 0.35206144883412582 1.3268494662437791 0.0032161321378630929 36.285169829952366 0.88144907265856365 -0.00289317299149025
decision_type=2 2 2 2 2 2 2 2 2 10 2 2 2 2
left_child=1 -1 3 9 5 8 -7 -8 11 10 13 -5 -10 -2
right_child=2 -3 -4 4 -6 6 7 -9 12 -11 -12 -13 -14 -15
leaf_value=0.0018147976920414861 0.012074164801159293 -0.021240777457787022 -0.00031060348897850673 -0.0040234464333074333 -0.01027692110753416 -0.0018273801472545499 0.0062829663362111493 0.022537962984498623 0.0067163217390940541 -0.002627395863309589 0.025881627716033129 -0.021110432470610421 -0.0062347748780906117 -0.0033780686697957763
leaf_weight=57.704610541462898 156.68436513841152 56.644350156188011 13213.495135813951 190.57080905139446 108.91114576160908 282.78231880068779 443.38206893205643 59.435011759400368 195.80852954089642 63.228219076991081 95.015060231089592 54.851536840200424 119.30679321289062 72.286268293857574
leaf_count=248 683 235 53475 780 443 1145 1812 240 799 272 406 223 483 305
internal_value=-7.74699e-06 -0.0097749 6.77233e-05 0.00277864 0.000768661 0.00167624 0.00465025 0.00828605 -0.00249358 0.0102889 0.0128102 -0.00798214 0.00180447 0.00720887
internal_weight=15170.1 114.349 15055.8 1842.26 1455.05 1346.14 785.599 502.817 560.538 387.214 323.986 245.422 315.115 228.971
internal_count=61549 483 61066 7591 5925 5482 3197 2052 2285 1666 1394 1003 1282 988
is_linear=0
shrinkage=0.03


Tree=87
num_leaves=15
num_cat=0
split_feature=12 2 13 12 13 16 16 5 1 16 17 2 1 11
split_gain=16.5237 14.1139 22.4904 16.0441 44.6224 40.476 25.6734 57.389 25.0919 34.8882 41.4294 54.0536 25.0498 24.1177
threshold=-0.012234789512329645 0.0043618608238762966 0.037217549076633778 -0.0017150192051044175 0.0034824860978157628 -0.93540483100319605 -0.93540483100319605 -6.5372708179356462e-05 7.7193889753968139e-05 -0.41248606129204551 0.55557023301960229 0.0010823713432614459 -0.00016700781965095499 64.617032934295125
decision_type=2 2 2 2 2 2 2 2 2 2 2 2 2 2
left_child=-1 3 -3 6 -5 13 7 12 -8 -10 -11 -12 -2 -6
right_child=1 2 -4 4 5 -7 8 -9 9 10 11 -13 -14 -15
leaf_value=0.0039588652239809959 0.0019194613644071172 -0.0082864939075001642 0.011515145294101055 0.0094687730023104311 -0.013018529289492474 0.0015490378518890713 5.4085699169430557e-05 -0.0049219744697630713 -0.007779380821331703 -0.0040709786777715804 0.0075054786675274191 -0.0092786906187890452 0.013153649961470556 0.0079442935684162237
leaf_weight=871.44855649769306 301.6781153678894 376.52280193567276 57.987986892461777 553.18888844549656 286.07749001681805 2309.4997594356537 5631.0396701991558 454.95030339062214 1039.5938220769167 1756.0935532301664 747.99228106439114 222.50635112822056 438.77342623472214 58.205959901213646
leaf_count=3623 1259 1637 237 2224 1164 9311 22751 1839 4221 7070 3008 903 1806 242
internal_value=-4.63628e-05 -0.000292095 -0.0056032 -0.000124075 0.00173436 0.00011618 -0.000686947 0.00345045 -0.00121388 -0.00310871 -0.00132348 0.0036462 0.00859407 -0.00944906
internal_weight=15105.6 14234.1 434.511 13799.6 3206.97 2653.78 10592.6 1195.4 9397.23 3766.19 2726.59 970.499 740.452 344.283
internal_count=61295 57672 1874 55798 12941 10717 42857 4904 37953 15202 10981 3911 3065 1406
is_linear=0
shrinkage=0.03


Tree=88
num_leaves=15
num_cat=0
split_feature=12 12 5 16 6 4 16 6 2 3 13 11 6 12
split_gain=16.7166 24.3077 25.5747 33.9265 22.3548 19.8877 30.7592 19.9788 18.5461 18.2245 15.3631 13.4205 21.3184 21.6142
threshold=-0.012234789512329645 -0.010500048367443558 3.9898548260031148e-05 0.13052619222005182 0.0010649802416038852 0.00096081593997843228 -0.70710678118654735 0.0015152194883928433 -0.0049802258506930199 -0.022249111513130245 0.0016238730216032728 74.181520947487712 0.00077631558765671948 -0.00071942331128632675
decision_type=2 2 2 2 2 2 2 2 2 2 2 2 2 2
left_child=9 2 3 4 -2 8 7 -7 -3 -1 -5 -8 -13 -14
right_child=1 5 -4 10 -6 6 11 -9 -10 -11 -12 12 13 -15
leaf_value=-0.011726950178388368 0.0084697574262043371 0.014657971569231321 0.0065657120027772676 -0.007650320484650263 -0.01377169549978092 -0.01505591730001051 -0.0022379339843385851 0.0011323581390525863 0.00026735890831417212 0.0051904804796973217 -0.02691544522424786 0.016635670234129891 0.010092815941103901 -0.017109806347846895
leaf_weight=59.793013632297516 90.751516059041023 79.139993920922279 91.777801543474197 58.465452343225479 70.453915327787399 264.85404162108898 1156.8411071747541 92.003068968653679 12148.407924324274 809.69546973705292 111.80125072598457 91.236048772931099 52.141085922718048 49.201317235827446
leaf_count=248 376 340 379 238 289 1115 4759 399 49028 3369 453 370 220 214
internal_value=-3.14575e-05 -0.000276306 -0.00734181 -0.0112088 -0.00130039 -6.06634e-05 -0.00309274 -0.0108993 0.000362881 0.00400286 -0.0204659 -0.00101521 0.00627734 -0.00318948
internal_weight=15226.6 14357.1 423.25 331.472 161.205 13933.8 1706.28 356.857 12227.5 869.488 170.267 1349.42 192.578 101.342
internal_count=61797 58180 1735 1356 665 56445 7077 1514 49368 3617 691 5563 804 434
is_linear=0
shrinkage=0.03


Tree=89
num_leaves=15
num_cat=0
split_feature=1 16 16 12 2 17 11 16 7 11 5 17 6 7
split_gain=13.2699 26.4874 44.5117 21.1717 18.5304 18.1993 43.4831 28.3255 27.6921 24.8197 22.3871 22.2858 20.7968 18.0838
threshold=0.00045971815991896486 -0.41248606129204551 -0.9733555533461492 -0.0019502253918599053 0.0039223306083041041 0.55557023301960229 52.624150456333787 0.5277851165098012 1.0582268154981935 66.514949096125207 0.00030699959498237123 0.32143946530316164 0.00079853943859378056 0.87535276231048409
decision_type=2 2 2 2 2 2 2 2 2 2 2 2 2 2
left_child=4 2 3 -2 -1 10 -7 8 9 -8 12 13 -3 -12
right_child=1 5 -4 -5 -6 6 7 -9 -10 -11 11 -13 -14 -15
leaf_value=0.0006997319110103508 0.013677745511479641 -0.012469674328096989 -0.0076701447998472156 -0.0088295202330098532 -0.0071427781201839112 0.017412321456796716 -0.0047108926618573341 0.009073724786860653 -0.019268390316473736 0.016085301671555984 0.0070525755911948441 -0.014921508124226711 -0.0010890131351555456 -0.0011107311455549012
leaf_weight=11220.070180952549 144.74377542734146 262.68295565247536 1023.4427959471941 49.026857405900955 275.87837129831314 168.81442990899086 236.27743089199066 209.77505531907082 86.892840296030045 63.944960385560989 407.93547786772251 71.47226382791996 319.22869029641151 603.07684609293938
leaf_count=45433 597 1055 4209 203 1160 679 955 851 357 260 1644 292 1294 2479
internal_value=1.00734e-05 -0.00156606 -0.00517441 0.00795105 0.000510319 0.000244094 0.00406574 0.000245474 -0.00456054 -0.000204336 -0.00151682 0.00103524 -0.00625152 0.00219052
internal_weight=15143.3 3647.31 1217.21 193.771 11495.9 2430.1 765.705 596.89 387.115 300.222 1664.4 1082.48 581.912 1011.01
internal_count=61468 14875 5009 800 46593 9866 3102 2423 1572 1215 6764 4415 2349 4123
is_linear=0
shrinkage=0.03


Tree=90
num_leaves=15
num_cat=0
split_feature=12 6 2 13 13 12 12 12 7 7 4 16 16 7
split_gain=13.2297 19.1885 27.3656 21.7139 39.1447 28.9242 33.9533 24.185 24.0123 22.4517 29.5912 20.0184 18.0603 17.8483
threshold=-0.012234789512329645 0.0012457229467540585 0.0046162689401853538 0.0046181668790636907 0.0019107979120905896 -0.0019001950501127405 -0.0052066012132688235 -0.0066973518489314978 0.66725329232708674 0.96505222747219832 0.00069254476334779113 -0.63405362205439475 -0.63405362205439475 0.61748932003325774
decision_type=2 2 2 2 2 2 2 2 2 2 2 2 2 2
left_child=-1 2 -2 4 8 6 -5 -6 -3 11 -11 -8 -12 -7
right_child=1 3 -4 5 7 13 9 -9 -10 10 12 -13 -14 -15
leaf_value=0.003560357446477203 0.00036448735102615111 -0.016641269941104347 -0.012894742016411586 -0.0035617248528385416 -0.021491958756969107 0.0089832182324932185 -0.012131095379360735 -0.00739549742133001 0.0050206663074702567 0.025877363562486936 0.017502058252841401 0.0070778914305502857 -0.0067666875080903237 -0.010600859138719717
leaf_weight=870.18249395489693 12026.800401449203 53.038051500916481 139.7425684928894 428.44372566044331 155.50256675481796 47.366414248943329 65.410932704806328 372.70231638848782 280.55301210284233 110.17836460471153 46.810457125306129 175.34912799298763 61.760697066783905 288.61227788031101
leaf_count=3620 48596 217 605 1785 636 191 266 1506 1143 443 203 711 260 1207
internal_value=-2.63641e-05 -0.000245823 0.0002101 -0.00290298 -0.00654489 -0.000332146 0.00250584 -0.0116109 0.00149796 0.00815412 0.0150656 0.00180215 0.0038241 -0.00780307
internal_weight=15122.5 14252.3 12166.5 2085.73 861.796 1223.93 887.953 528.205 333.591 459.51 218.75 240.76 108.571 335.979
internal_count=61389 57769 49201 8568 3502 5066 3668 2142 1360 1883 906 977 463 1398
is_linear=0
shrinkage=0.03


Tree=91
num_leaves=15
num_cat=0
split_feature=0 1 16 12 17 12 3 17 2 2 5 4 6 3
split_gain=11.9504 17.9659 9.8282 12.0186 10.4604 16.7273 14.3526 9.51299 51.2812 21.3838 19.4686 18.8406 14.4615 18.0196
threshold=-4.2722779322712505e-05 0.00086576747689885724 0.99465189230620699 -0.0068345399907115958 -0.99465189230620676 -0.0056831308331665711 0.00097583674215956384 0.83146961230254512 0.00051972301411380717 -0.00069085469347784912 -0.00065658212708358244 7.1245069960368404e-05 0.0011661418646798153 0.0023605476261042706
decision_type=2 2 2 2 2 2 2 2 2 2 2 2 2 2
left_child=1 7 4 -4 5 -2 -7 12 9 10 -9 -11 13 -1
right_child=2 -3 3 -5 -6 6 -8 8 -10 11 -12 -13 -14 -15
leaf_value=0.0018213428899137355 0.0070527150195681633 -0.0068738130978849609 -0.017678467163659339 -0.0016079777316052955 0.0013297111789669304 -0.017388060755600846 -0.0010181557871740297 0.00050530417525420106 -0.015347508134342141 -0.0065694057285234503 0.014979641738203844 0.0078369230524217882 -0.0030733576197211907 -0.0033841138051315732
leaf_weight=3511.6705575883389 76.519594758749008 403.49671052396297 49.620392128825188 224.73119868338108 7899.1541519463062 96.794603154063225 94.649333164095879 213.39657779037952 232.06528963148594 383.52876977622509 135.69019593298435 101.86382265388966 999.77691139280796 719.47846084833145
leaf_count=14239 312 1662 201 907 32066 389 385 861 938 1539 545 409 4115 2908
internal_value=0.000192737 -0.000753061 0.000943526 -0.00462146 0.00113155 -0.00467646 -0.00938903 -0.000358829 -0.00293825 0.000541159 0.00618477 -0.00352636 0.000168016 0.000935009
internal_weight=15142.4 6700.97 8441.47 274.352 8167.12 267.964 191.444 6297.47 1066.54 834.479 349.087 485.393 5230.93 4231.15
internal_count=61476 27216 34260 1108 33152 1086 774 25554 4292 3354 1406 1948 21262 17147
is_linear=0
shrinkage=0.03


Tree=92
num_leaves=15
num_cat=0
split_feature=11 4 17 7 16 6 12 7 2 2 1 1 17 12
split_gain=15.0967 13.4936 18.0603 17.2017 13.7642 13.1311 36.606 47.4156 39.3469 30.2048 24.8831 18.6649 20.6408 17.9535
threshold=20.025302954077173 -0.0019444528928577174 -0.19509032201612839 0.94278733156607553 0.35206144883412582 0.00049550527251201678 -0.0061459679484803789 0.80997339878087204 -0.0020392359426047025 -0.00080623437489249483 -0.00070403747711450515 -0.00086434667184154257 0.97335555334614943 -0.001925328602323195
decision_type=2 2 2 2 2 2 2 2 2 2 2 2 2 2
left_child=-1 2 3 -2 -5 6 7 9 -8 -3 -10 12 -7 -13
right_child=1 5 -4 4 -6 11 8 -9 10 -11 -12 13 -14 -15
leaf_value=-0.015215412939726216 -0.00330962416143231 0.002652386544527428 -0.0017720784033805738 0.0081406979666991969 0.023700310167102223 0.0036856042918981223 0.021507240389515094 -0.010342344324795801 -0.013414342530225125 0.028330193718805661 0.0006658914426003477 -0.0016931499462617442 -0.012557552565276643 0.0010736464960118914
leaf_weight=56.535905972123146 72.213163062930107 61.250874280929565 221.90732863545418 159.15768402814865 76.139441683888435 1276.2983417958021 76.466191723942757 59.409603834152222 117.68063485622406 126.99474249780178 2009.8523689806461 7831.0700290799141 72.579282149672508 2887.7701487243176
leaf_count=238 295 249 915 698 326 5187 312 241 475 512 8087 31762 292 11735
internal_value=-9.62856e-06 4.95114e-05 0.00474479 0.0094286 0.0133329 -0.000122322 0.00187839 0.012766 0.000644529 0.0200909 -0.000124798 -0.000529027 0.00279431 -0.000947684
internal_weight=15105.3 15048.8 529.418 307.51 235.297 14519.4 2451.65 247.655 2204 188.246 2127.53 12067.7 1348.88 10718.8
internal_count=61324 61086 2234 1319 1024 58852 9876 1002 8874 761 8562 48976 5479 43497
is_linear=0
shrinkage=0.03


Tree=93
num_leaves=15
num_cat=0
split_feature=3 13 3 13 16 7 3 7 4 11 4 17 7 11
split_gain=11.7526 17.7057 22.1206 13.9216 22.7257 29.1888 21.7211 18.2322 16.6134 16.4457 20.7618 27.4431 25.9266 16.0242
threshold=0.02227112568179113 0.012406335944248338 -0.006756730834562851 0.010408664308508066 0.065403129230143103 1.0325207850689708 0.0054307083855553726 1.188353609324224 0.00047317556912318542 24.574278240431564 -0.00093715356343709855 -0.16280825711808986 0.82501211056999824 73.083267240447938
decision_type=2 2 2 2 2 2 2 2 2 2 2 2 2 2
left_child=1 3 -3 7 6 -6 8 9 -5 -1 11 -11 -13 -12
right_child=-2 2 -4 4 5 -7 -8 -9 -10 10 13 12 -14 -15
leaf_value=-0.011608872738081867 0.012906452347913376 0.014158668270597422 -0.0057470104639879239 -8.5773701560135134e-05 0.017597524740819038 -0.0065803199044109639 0.012690275817843761 0.0022177020451906722 -0.019589477663602771 -0.00045082006930036996 -0.0010006150015919194 0.0010067842373586611 0.015730644977590118 0.0087325195543599497
leaf_weight=117.57046443223953 60.996413171291351 51.971709817647934 746.68147374689579 107.94137009978294 180.62027744948864 58.424716994166374 67.816106736660004 2667.6033016592264 59.833615034818649 632.25194388628006 9796.5473639219999 191.13127188384533 245.23478774726391 152.65331144630909
leaf_count=494 247 211 3149 440 727 243 277 10895 246 2593 39533 777 1007 625
internal_value=-2.4322e-05 -7.8343e-05 -0.00441953 0.000165077 0.0052059 0.0116827 -0.00140886 -8.98829e-06 -0.00719021 -0.000542719 -0.000422547 0.00354718 0.00931551 -0.000849552
internal_weight=15137.3 15076.3 798.653 14277.6 474.636 239.045 235.591 13803 167.775 11135.4 11017.8 1068.62 436.366 9949.2
internal_count=61464 61217 3360 57857 1933 970 963 55924 686 45029 44535 4377 1784 40158
is_linear=0
shrinkage=0.03


Tree=94
num_leaves=15
num_cat=0
split_feature=3 4 17 11 12 12 18 4 17 12 16 7 16 16
split_gain=15.9839 15.0778 22.9991 21.195 20.6767 13.4163 20.857 13.0644 29.7335 17.8028 39.2514 36.672 33.8315 30.3602
threshold=-0.022249111513130245 0.0020639324283204812 0.60876142900872032 73.083267240447938 -0.0095885209529929499 -0.022344683503090653 5.8565094417107746 0.0010859803800251646 -0.63405362205439475 -0.0017150192051044175 -0.95642797789208689 0.77228600293323602 -0.1628082571180898 -0.77259657388510594
decision_type=2 2 2 2 2 2 2 2 2 2 2 2 2 2
left_child=-1 3 4 5 -3 6 -2 9 -9 13 -11 -12 -13 -7
right_child=1 2 -4 -5 -6 7 -8 8 -10 10 11 12 -14 -15
leaf_value=-0.015864852130701754 -0.0038152772835922982 0.0050814012049231914 0.0072468114302136491 0.011636642862067524 -0.011879224551179849 0.002594509246524468 0.018593887859491839 0.0029891980276403225 -0.0080111032623452431 -0.0079597771672149653 -0.001228639483656356 0.011578400017062975 0.0024343462088056941 -0.0012420062109403331
leaf_weight=55.771138936281204 65.043082311749458 79.938791543245316 104.72016859054565 140.45409666001797 316.80004411935806 2383.8698419779539 84.092901617288589 370.66524988412857 543.17710414528847 292.84621934592724 869.38651356101036 659.1740715354681 813.6974655687809 8363.7639114111662
leaf_count=232 266 336 437 569 1395 9802 352 1512 2233 1193 3490 2656 3264 33758
internal_value=-0.000114976 -5.46616e-05 -0.00515901 0.000121505 -0.00845349 7.94883e-06 0.00889936 -8.60345e-05 -0.00355247 0.000151167 0.00235997 0.00365591 0.00653686 -0.000390727
internal_weight=15143.4 15087.6 501.459 14586.2 396.739 14445.7 149.136 14296.6 913.842 13382.7 2635.1 2342.26 1472.87 10747.6
internal_count=61495 61263 2168 59095 1731 58526 618 57908 3745 54163 10603 9410 5920 43560
is_linear=0
shrinkage=0.03


Tree=95
num_leaves=15
num_cat=0
split_feature=12 3 2 6 7 3 10 6 12 18 13 13 4 7
split_gain=14.9479 19.3678 22.9966 19.7512 18.8971 18.055 14.6041 17.8264 21.2889 14.7755 22.9005 22.0658 12.3978 24.2474
threshold=-0.013537066740319291 -0.006756730834562851 -0.0043486595637056763 0.0011498515821924953 0.53837535285599347 0.00496010191950197 0.66854156144822541 0.0024628858370599927 -0.035567884880774274 5.6197881749646212 0.0036173849374864235 0.0015217987193868467 0.0026089334196161 1.1240029739985538
decision_type=2 2 2 2 2 2 10 2 2 2 2 2 2 2
left_child=4 3 -3 -2 -1 6 9 -8 -9 10 11 -6 -4 -14
right_child=1 2 12 -5 5 -7 7 8 -10 -11 -12 -13 13 -15
leaf_value=-0.012401976774274829 -0.0020098510256188911 0.010220568548701663 -8.436862713125932e-05 -0.021091511295876119 0.0049423782286952978 -0.010490968327262165 -0.0074330680362649088 -0.0055120038139726971 0.017278811841416747 0.024449311773830532 -0.0035660167779086945 0.030069041309765725 0.0036749464172985496 -0.013955586989700905
leaf_weight=52.793727055191994 128.67058528959751 190.75427857041359 13819.50261926651 77.145563989877701 70.595188647508621 52.346589013934135 98.590139210224152 57.802452698349953 96.281797379255295 67.624937862157822 85.818612530827522 56.16226626932621 121.84005174040794 161.50920440256596
leaf_count=216 538 807 55904 322 309 215 413 239 405 274 349 242 524 728
internal_value=-5.73122e-06 -0.000203755 -7.15468e-05 -0.00929633 0.00448108 0.00604118 0.00769836 0.00243789 0.00876809 0.0123912 0.00836307 0.0163694 -0.000212187 -0.00640184
internal_weight=15137.4 14499.4 14293.6 205.816 638.016 585.222 532.875 252.674 154.084 280.201 212.576 126.757 14102.9 283.349
internal_count=61485 58823 57963 860 2662 2446 2231 1057 644 1174 900 551 57156 1252
is_linear=0
shrinkage=0.03


Tree=96
num_leaves=15
num_cat=0
split_feature=0 1 1 16 16 5 16 16 2 3 6 17 13 17
split_gain=12.7951 16.7219 16.0752 24.5271 15.7356 19.3082 21.9764 16.8531 19.1934 13.6578 22.5442 37.0219 25.126 19.1958
threshold=-4.9424091509514538e-05 0.00011638284780543172 -0.00045929532466591755 -0.47114434510950048 -0.35206144883412566 -0.00022924580037403383 -0.9733555533461492 -0.70710678118654735 -0.00063787850614539776 -0.00057545226593364019 0.00078633391446804508 0.13052619222005152 0.0075477561262314872 0.956427977892087
decision_type=2 2 2 2 2 2 2 2 2 2 2 2 2 2
left_child=1 4 3 -2 5 7 -7 8 -1 -6 11 -11 -13 -12
right_child=2 -3 -4 -5 9 6 -8 -9 -10 10 13 12 -14 -15
leaf_value=0.0041140062402185828 0.010308136087883848 -0.0035632104973383253 0.00023017066997624863 0.0010083271201695215 -0.003436812902744777 -0.010756072903054022 0.0012828473283439529 -0.00020656698146482569 0.01533266959552396 0.0097061989907825889 -0.0058595867882028996 0.00041745872319385208 -0.019717613569301254 0.0096329098495067985
leaf_weight=394.48054046928883 375.53296814858913 1709.8065081983805 7402.9329185038805 789.47502684593201 1517.8693129569292 170.6509282886982 649.60016097128391 350.73732833564281 210.32983277738094 448.35955765843391 548.3868932723999 434.52327498793602 61.978902831673622 80.970796927809715
leaf_count=1675 1555 6956 30035 3193 6144 693 2623 1434 870 1799 2220 1743 249 326
internal_value=-1.78245e-05 -0.00101283 0.000746111 0.00401859 -0.000115936 0.00213337 -0.00124189 0.00502726 0.0080531 -0.00140827 0.000549549 0.00347675 -0.00216505 -0.00384218
internal_weight=15145.6 6577.69 8567.94 1165.01 4867.89 1775.8 820.251 955.548 604.81 3092.09 1574.22 944.862 496.502 629.358
internal_count=61515 26732 34783 4748 19776 7295 3316 3979 2545 12481 6337 3791 1992 2546
is_linear=0
shrinkage=0.03


Tree=97
num_leaves=15
num_cat=0
split_feature=3 13 16 7 4 12 3 5 2 13 16 12 13 17
split_gain=12.9161 17.402 24.6855 50.8574 32.3469 37.071 21.4652 18.9779 12.6603 17.094 29.396 47.7145 46.3668 28.688
threshold=0.02227112568179113 0.012406335944248338 0.0327015646150716 1.188353609324224 -0.00043027323078231866 -0.0012394714133079352 0.0067681758466736639 0.0034291308881014841 0.0043618608238762966 0.0060851585383916449 0.84874750804349197 -0.0069667542247480166 0.00083666747926369755 -0.81241147629688992
decision_type=2 2 2 2 2 2 2 2 2 2 2 2 2 2
left_child=1 6 -3 4 -4 7 8 -6 9 10 -1 -12 -13 -11
right_child=-2 2 3 -5 5 -7 -8 -9 -10 13 11 12 -14 -15
leaf_value=0.0004050126205646195 0.014005022248722359 -0.0096480065412296589 -0.01158180854630954 -0.022053185865133468 0.023834356714851561 -0.012087726496157082 0.011725017269400432 0.0051008168626129917 -0.007983141443485553 -0.003660291342034187 -0.012598129885631019 -0.016718030192429231 0.00048008549237757881 0.0037173264243765716
leaf_weight=8980.1283894777298 57.469559207558632 392.48889017105103 72.179332584142685 69.137969791889191 123.83688323199749 49.203718289732933 142.88631536066532 81.541949406266212 169.48010900616646 591.39053621888161 418.48311902582645 154.59552773833275 1423.6679235845804 2367.451508268714
leaf_count=36437 233 1664 296 315 500 204 584 346 720 2385 1700 625 5720 9588
internal_value=5.15545e-05 -3.63129e-06 -0.00433653 0.000951212 0.00592315 0.0109378 0.000236696 0.0165175 0.000118673 0.000218335 -0.00032726 -0.00361768 -0.00122355 0.00224127
internal_weight=15093.9 15036.5 788.389 395.9 326.762 254.583 14248.1 205.379 14105.2 13935.7 10976.9 1996.75 1578.26 2958.84
internal_count=61317 61084 3325 1661 1346 1050 57759 846 57175 56455 44482 8045 6345 11973
is_linear=0
shrinkage=0.03


Tree=98
num_leaves=15
num_cat=0
split_feature=3 5 2 6 7 10 16 5 4 0 1 16 16 16
split_gain=11.1681 11.0626 8.25781 9.64793 24.0212 21.5568 17.2344 11.9129 10.8056 7.58449 11.4837 14.659 26.3253 12.9334
threshold=0.02227112568179113 0.0032737764123453865 0.0028516571324708269 0.0014881943926257715 1.039308245086916 1.5913048390035951 -0.1628082571180898 0.0042605933767946311 0.004586655466053303 -6.1988832694953575e-05 0.00022513937759169325 -0.41248606129204551 -0.98611507088852024 -0.52778511650980109
decision_type=2 2 2 2 2 8 2 2 2 2 2 2 2 2
left_child=1 9 -3 4 -4 8 -6 -8 -5 10 13 12 -12 -1
right_child=-2 2 3 5 6 -7 7 -9 -10 -11 11 -13 -14 -15
leaf_value=0.0020929448139366982 0.012922562415063074 -0.013009564785318523 0.010675233744684392 -0.011549152743084375 -0.0007534230750620458 0.01733056661090043 -0.0096372775021342783 -0.030110284268424187 0.0059786230389547368 0.0005485127371305051 0.010115176867547874 -0.0010343596781868286 -0.011070913542046078 -0.0012252813614915903
leaf_weight=1529.381847217679 56.716170400381088 84.441236272454262 52.576543167233467 76.79887455701828 72.477769240736961 56.92745415866375 55.857134491205215 50.035309508442879 51.28076907992363 8427.798218280077 60.242245301604271 781.01582941412926 358.05292524397373 3411.9710196554661
leaf_count=6299 230 360 221 332 317 258 243 232 225 34121 248 3152 1460 13758
internal_value=-0.000135813 -0.00018667 -0.00456356 -0.00279492 -0.00685942 0.00229794 -0.012089 -0.0196898 -0.00454733 -3.57277e-05 -0.00083749 -0.00346825 -0.00798611 -0.000197837
internal_weight=15125.6 15068.9 500.395 415.954 230.947 185.007 178.37 105.892 128.08 14568.5 6140.66 1199.31 418.295 4941.35
internal_count=61456 61226 2188 1828 1013 815 792 475 557 59038 24917 4860 1708 20057
is_linear=0
shrinkage=0.03


Tree=99
num_leaves=15
num_cat=0
split_feature=11 16 12 7 13 6 6 7 16 3 12 13 6 12
split_gain=12.5073 33.6661 21.9098 23.8713 19.3823 29.4795 25.4981 20.3761 20.0681 19.7305 19.4905 18.5572 20.2419 18.7753
threshold=46.232597017692342 0.5277851165098012 -0.0060897207291513702 0.60557100038301459 0.00086483016475447105 0.00056882403882662659 0.00028944192871585155 0.93619184598829774 0.93540483100319638 -0.0013530123900934719 -0.0044031570961453595 0.00056935405389735305 0.00049182154110190323 -0.0043011174600332538
decision_type=2 2 2 2 2 2 2 2 2 2 2 2 2 2
left_child=1 11 3 -3 5 9 -6 8 -8 -4 -10 12 -1 -14
right_child=-2 2 4 -5 6 -7 7 -9 10 -11 -12 -13 13 -15
leaf_value=0.019365415692304367 -0.00076170735826426171 -0.017707419277725771 -0.027366932338698836 -0.003653140120704554 0.021700042719439424 0.0050465933743782214 -0.00687169526214904 0.0074391600278703278 0.019559858550222527 -0.0027613491064765808 -0.0006624243763689255 0.0018770132264123772 0.0076212793174896586 -0.010168145530588571
leaf_weight=109.60685077309608 9719.8831356316805 128.53249365091324 69.695696622133255 663.51833073794842 56.109710216522217 93.530272036790848 333.2789798527956 297.81418798863888 56.994911909103394 50.468929603695869 156.72798071801662 2972.0011749863625 344.44248953461647 61.335555836558342
leaf_count=450 39375 530 282 2704 225 377 1343 1195 230 203 630 12182 1439 252
internal_value=-0.000118858 0.00103939 -0.00216449 -0.0059727 0.000547479 -0.0075332 0.00247662 0.00115163 -0.00228624 -0.017247 0.00486173 0.00279129 0.00803588 0.00489563
internal_weight=15113.9 5394.06 1906.67 792.051 1114.62 213.695 900.926 844.816 547.002 120.165 213.723 3487.39 515.385 405.778
internal_count=61417 22042 7719 3234 4485 862 3623 3398 2203 485 860 14323 2141 1691
is_linear=0
shrinkage=0.03


Tree=100
num_leaves=15
num_cat=0
split_feature=3 13 6 7 11 17 7 7 17 7 2 4 17 2
split_gain=15.2606 20.3609 36.2445 29.0304 25.2131 23.0289 25.2759 21.1084 20.8505 20.3596 58.3454 34.8858 20.0063 40.207
threshold=-0.002399255715810684 0.0020122211260908966 0.00051633965299957877 0.527209570038079 57.365472635052953 -0.29012925520284105 0.64156763827707597 1.1240029739985538 0.06540312923014284 1.6525682227851455 -0.00034953139856816815 0.00069254476334779113 0.88144907265856365 -0.00036414207479258659
decision_type=2 2 2 2 2 2 2 2 2 2 2 2 2 2
left_child=12 2 -2 -4 5 7 -7 -5 -8 -3 -11 -12 13 -1
right_child=1 9 3 4 -6 6 8 -9 -10 10 11 -13 -14 -15
leaf_value=0.00052905284578275971 0.0023504356925246653 -9.0703459117316297e-05 -0.026315976055967964 -0.0042935221907540195 -0.024475436741209947 0.015395020802498251 0.0074513394795894007 -0.015406413893240229 -0.005294111574322591 -0.020011383148990237 0.028482096815518363 0.0048522816875546096 -0.0041145749237680379 0.0085663631508952048
leaf_weight=1954.5290309935808 762.42907622456551 9393.0889894813299 56.913892403244972 486.71095143258572 54.543711006641388 80.666828453540802 150.03426711261272 224.61337687075138 480.02062341570854 52.620216012001038 93.107889860868454 140.08301945030689 429.97512781620026 783.38567747175694
leaf_count=8088 3078 38062 232 1966 222 327 613 908 1939 211 374 583 1735 3192
internal_value=3.73203e-05 -0.000452574 -0.00299117 -0.00564652 -0.00481532 -0.00402792 -0.000205346 -0.00783597 -0.00224508 0.0001501 0.00800967 0.0144491 0.00188827 0.0028333
internal_weight=15142.7 11974.8 2295.93 1533.5 1476.59 1422.05 710.722 711.324 630.055 9678.9 285.811 233.191 3167.89 2737.91
internal_count=61530 48515 9285 6207 5975 5753 2879 2874 2552 39230 1168 957 13015 11280
is_linear=0
shrinkage=0.03


Tree=101
num_leaves=15
num_cat=0
split_feature=5 13 7 3 3 3 12 13 13 18 16 7 5 6
split_gain=17.5602 17.1655 20.474 35.1421 24.1254 16.3382 14.4097 14.1951 21.1807 14.9575 13.0749 16.46 13.0427 13.2192
threshold=0.011445063985708661 0.012406335944248338 0.60239126223146833 0.0056167930951488984 -0.0049536329922166408 0.0067681758466736639 -0.0021078529998323488 0.037217549076633778 0.022920678710499635 8.011974489739865 -0.47114434510950048 1.2542048984917822 0.0034291308881014841 0.0016840203016167731
decision_type=2 2 2 2 2 2 2 2 2 2 2 2 2 2
left_child=1 5 3 -3 -4 -1 -7 8 9 10 11 -6 13 -12
right_child=-2 2 4 -5 7 6 -8 -9 -10 -11 12 -13 -14 -15
leaf_value=0.00017822372400697504 0.016526273689457339 -0.0062394884087513596 0.011854521751081405 0.025283948748907457 -0.0096074246869384452 0.023078741178159154 0.0030769897235815771 0.006367159438412158 -0.024243000182230291 0.0041113295877224275 -0.0012082648857190609 0.011978465547473387 -0.022083980508074169 -0.01854269586894668
leaf_weight=14144.700187340379 56.37270088493824 76.577164024114609 58.072198644280434 51.745145171880722 87.897386699914932 49.585182055830956 89.243466973304749 54.208637848496437 74.427551046013832 85.809966027736664 99.289620086550713 47.229960724711418 98.129325345158577 64.191518053412437
leaf_count=57351 233 311 236 210 369 202 366 223 319 370 405 211 450 262
internal_value=0.00010364 4.00693e-05 -0.00423746 0.00666508 -0.00634153 0.000279482 0.0104473 -0.00810347 -0.00952959 -0.00716952 -0.00961783 -0.00199802 -0.0135086 -0.00815654
internal_weight=15137.5 15081.1 797.578 128.322 669.256 14283.5 138.829 611.184 556.975 482.548 396.738 135.127 261.61 163.481
internal_count=61518 61285 3366 521 2845 57919 568 2609 2386 2067 1697 580 1117 667
is_linear=0
shrinkage=0.03


Tree=102
num_leaves=15
num_cat=0
split_feature=12 3 17 4 17 7 17 2 3 7 2 18 3 5
split_gain=12.1703 22.5912 16.899 15.346 18.2402 15.1989 26.3303 20.7063 27.1868 24.193 14.5045 12.8752 14.7501 12.488
threshold=-0.012234789512329645 -0.006756730834562851 0.097964660725097283 0.0022062765146455558 0.63405362205439486 1.2140335773317144 -0.47114434510950048 -0.00026492998141923457 -0.0045666116359569285 0.74281633689685878 -0.0049802258506930199 7.9384691396555729 0.0067681758466736639 -0.0078944347457927649
decision_type=2 2 2 2 2 2 2 2 2 2 2 2 2 2
left_child=5 2 -2 10 11 7 -7 8 13 -9 -3 12 -5 -1
right_child=1 3 -4 4 -6 6 -8 9 -10 -11 -12 -13 -14 -15
leaf_value=-0.0061999828847827954 -0.02191998115665213 0.0117814894131747 -0.0010211306912621038 -0.019555504738284515 0.0073844640261981221 0.019623221137622063 -0.0028625235882305628 -0.002681476352382672 -0.010765375541074828 0.017145036622749518 0.00011034943996731564 0.0030575253795164779 -0.0047123047274553161 0.0080867687724325808
leaf_weight=75.661272019147873 72.046941757202148 94.514641642570496 66.122931152582169 121.37122006714344 73.018613368272781 118.50380013883114 75.954972669482231 94.631710901856422 192.44157791137695 129.97308576107025 13588.610270112753 61.188601776957512 121.04168747365475 189.0794974565506
leaf_count=317 300 406 273 540 307 527 327 384 792 532 54971 272 542 782
internal_value=0.000120354 -9.16267e-05 -0.0120758 2.78471e-05 -0.00593002 0.0035475 0.0109006 0.00142449 -0.00224207 0.00884168 0.000192677 -0.00915963 -0.0122432 0.00398783
internal_weight=15074.2 14197.9 138.17 14059.7 376.62 876.246 194.459 681.787 457.182 224.605 13683.1 303.602 242.413 264.741
internal_count=61272 57611 573 57038 1661 3661 854 2807 1891 916 55377 1354 1082 1099
is_linear=0
shrinkage=0.03


Tree=103
num_leaves=15
num_cat=0
split_feature=3 13 3 2 12 16 6 3 17 2 3 16 10 12
split_gain=10.9446 15.11 22.7898 18.4118 14.3616 14.3357 25.6516 18.0254 23.7819 14.2613 24.4017 38.7422 14.5687 15.2183
threshold=0.02227112568179113 0.012406335944248338 0.0067681758466736639 0.0043618608238762966 -0.0021078529998323488 0.0327015646150716 0.00088236743287652792 -0.0034664200223643578 0.60876142900872032 -0.0043486595637056763 -0.006078921519549473 0.84874750804349197 0.43564221164303346 -0.0099240529002523874
decision_type=2 2 2 2 2 2 2 2 2 2 2 2 10 2
left_child=1 2 3 9 -4 -3 -7 -8 -9 10 11 -1 13 -12
right_child=-2 5 4 -5 -6 6 7 8 -10 -11 12 -13 -14 -15
leaf_value=0.005778858302884651 0.012664214394754878 -0.0080631537485327427 0.024557307704604004 -0.0096407768387817769 0.0047606496221046218 0.019494581326188993 0.014261572992090181 -0.010331298210360643 0.0088529280883468085 0.0001091114460410296 0.031064283888233523 -0.023066781464484806 -0.0011219046586475078 0.010722675767395421
leaf_weight=175.96129490435123 60.22856467962265 389.03016777336597 51.254761666059494 168.41923753917217 89.987854331731796 50.857572942972183 45.774811267852783 230.4011052697897 75.864119574427605 13517.552231952548 50.28721871972084 52.81595841050148 47.690549924969673 100.43460974097252
leaf_count=766 244 1652 209 718 369 206 186 994 313 54675 219 221 200 431
internal_value=0.000108812 5.6878e-05 0.00028119 0.000160327 0.0121871 -0.00397119 2.48312e-07 -0.00291022 -0.00555262 0.000280066 0.00566387 -0.00102269 0.013307 0.0178274
internal_weight=15106.6 15046.3 14254.4 14113.2 141.243 791.928 402.898 352.04 306.265 13944.7 427.19 228.777 198.412 150.722
internal_count=61403 61159 57808 57230 578 3351 1699 1493 1307 56512 1837 987 850 650
is_linear=0
shrinkage=0.03


Tree=104
num_leaves=15
num_cat=0
split_feature=3 13 2 11 4 11 7 1 16 12 4 12 7 3
split_gain=12.6255 15.2109 13.0911 12.3373 11.9657 14.43 20.2089 13.2775 12.2478 31.4195 20.2983 37.7002 23.4927 23.0413
threshold=0.02227112568179113 0.022920678710499635 0.0046162689401853538 46.872349113998304 0.0032971635929325287 73.083267240447938 0.8454372650119012 0.0029308758462613942 -0.22695468355932472 -0.0090697743380060408 -6.4841769478185532e-06 -0.0018433205769778358 1.3989709470433473 0.0011045999960641597
decision_type=2 2 2 2 2 2 2 2 2 2 2 2 2 2
left_child=1 4 3 -3 5 8 -7 -6 9 -1 11 -11 -12 -13
right_child=-2 2 -4 -5 7 6 -8 -9 -10 10 12 13 -14 -15
leaf_value=0.0069309319795873578 0.013455266788104756 -0.0052300558029750917 0.00070210497765769389 -0.026386428949628591 -0.020069397994175956 0.016777933818240942 -0.0017342863438111716 -0.00085498247114538606 -0.00078566144382816541 0.00087493968182502529 -0.002450108477499898 0.022615396035228282 0.0069448210246804793 0.0048930533935950069
leaf_weight=703.23540669679642 59.89119116961956 50.987282320857048 73.724436655640602 48.713448956608772 54.136226966977119 107.69545172154903 102.15661229193211 76.885050296783447 8511.8599671423435 2295.8887334465981 2543.5666775554419 116.8895273655653 262.49647861719131 151.75538459420204
leaf_count=2965 243 209 319 204 251 436 425 345 34350 9395 10324 475 1071 611
internal_value=-6.68195e-05 -0.000122227 -0.00890469 -0.0158826 -1.90082e-05 6.1517e-05 0.00783483 -0.0089765 -5.13807e-05 0.000977559 0.000195724 0.0021241 -0.00156693 0.0127143
internal_weight=15159.9 15100 173.425 99.7007 14926.6 14795.5 209.852 131.021 14585.7 6073.83 5370.6 2564.53 2806.06 268.645
internal_count=61623 61380 732 413 60648 60052 861 596 59191 24841 21876 10481 11395 1086
is_linear=0
shrinkage=0.03


Tree=105
num_leaves=15
num_cat=0
split_feature=0 1 1 16 16 7 16 16 6 3 3 2 6 16
split_gain=9.8317 13.8356 12.5547 10.4525 13.3736 9.81776 8.79445 16.7923 16.4841 15.2321 11.7544 14.6576 9.37876 8.4405
threshold=-6.1988832694953575e-05 0.00060113233413822402 -0.00092654714856636722 -0.5 -0.93540483100319605 0.82501211056999824 0.99465189230620699 0.91037613702198772 0.00090185121912638572 -0.0013212180766784167 -0.0022705957566619968 -3.4369165702152753e-05 0.0003261091856053341 0.68322629814330837
decision_type=2 2 2 2 2 2 2 2 2 2 2 2 2 2
left_child=1 6 5 4 -3 -2 7 12 9 -9 -8 -12 -1 -7
right_child=2 3 -4 -5 -6 13 10 8 -10 -11 11 -13 -14 -15
leaf_value=0.0073864740452689141 -0.0021805512856861273 0.0016251201846836723 0.00042623362339758359 -0.0026116203238975102 -0.01640448524466637 0.010484040273821155 -0.0064992762075485556 -0.016525569384427185 0.0025339890861592676 -0.0045540539612528522 0.018333957164133375 -0.0006945577010056686 -0.00024669569087919853 0.0002513128005350611
leaf_weight=147.42228923738003 116.74733212590218 51.645437359809875 8320.2074331194162 447.32356123626232 125.85914830863476 270.70367462933064 50.318269357085228 137.11177419126034 176.50853827595711 314.10093624889851 82.054316148161888 64.057548940181732 4752.963655591011 98.980484694242477
leaf_count=594 476 215 33781 1831 523 1119 205 555 720 1262 331 258 19343 404
internal_value=5.20284e-05 -0.000847698 0.000700753 -0.00507914 -0.0111991 0.00537533 -0.000384227 -0.000606757 -0.00521835 -0.00824876 0.00582138 0.0100949 -1.41411e-05 0.00776039
internal_weight=15156 6349.37 8806.64 624.828 177.505 486.431 5724.54 5528.11 627.721 451.213 196.43 146.112 4900.39 369.684
internal_count=61617 25837 35780 2569 738 1999 23268 22474 2537 1817 794 589 19937 1523
is_linear=0
shrinkage=0.03


Tree=106
num_leaves=15
num_cat=0
split_feature=11 5 12 12 17 7 7 18 6 2 2 12 2 5
split_gain=14.4084 15.4951 16.4817 14.7102 19.7945 15.0467 13.1092 9.51881 9.41718 18.2402 16.0268 22.0513 13.5659 33.908
threshold=20.025302954077173 -0.0032713963849796408 -0.035567884880774274 -0.013175145759164507 -0.68322629814330815 1.5001667015267883 1.188353609324224 5.8092254447005933 0.00066559682279859354 0.0024217893084365065 -0.0024192760955532573 -0.005932797082193241 -0.00080623437489249483 -0.00060989344307577065
decision_type=2 2 2 2 2 2 2 2 2 2 2 2 2 2
left_child=-1 2 -2 6 -5 -6 7 -4 9 10 11 -3 -12 -14
right_child=1 8 3 4 5 -7 -8 -9 -10 -11 12 -13 13 -15
leaf_value=-0.014708531292513373 -0.0073648380003890207 -0.0012520887021954439 0.013780738169008955 -0.012241715090487281 0.014156303906073062 -0.0060256063711723006 0.021079915134923407 -0.001388577009979381 -0.0009230473966725664 -0.0079893213438089351 -0.002159821411570304 0.019276471163751412 0.0083694486630376541 0.00042329605510754232
leaf_weight=59.065628901124001 81.414992496371269 89.123479872941971 75.95600837469101 64.452891632914543 97.637939095497131 48.508240580558777 91.292236298322678 70.625179290771484 8626.0906788706779 211.08209574222565 1202.5015529245138 97.316918715834618 552.19366772472858 3781.0178188532591
leaf_count=251 337 367 313 271 416 206 419 297 35134 856 4880 398 2244 15203
internal_value=-0.00016553 -0.000106661 0.00492278 0.00717625 0.0013766 0.00746669 0.0122566 0.00655161 -0.000290359 0.000629483 0.000950098 0.00955414 0.000656972 0.00143929
internal_weight=15148.3 15089.2 529.887 448.472 210.599 146.146 237.873 146.581 14559.3 5933.24 5722.15 186.44 5535.71 4333.21
internal_count=61592 61341 2259 1922 893 622 1029 610 59082 23948 23092 765 22327 17447
is_linear=0
shrinkage=0.03


Tree=107
num_leaves=15
num_cat=0
split_feature=6 2 12 2 7 2 5 7 3 6 7 7 13 7
split_gain=12.6122 19.6444 14.8414 20.3743 16.9658 22.7219 9.75434 20.9985 9.1976 24.4402 44.4532 31.6212 23.2726 25.0908
threshold=0.0003261091856053341 -0.00090918736874467932 -0.0021078529998323488 0.00082988046523593828 0.516289152390906 0.00020897076316950261 -5.225886781362598e-05 0.68541667849473875 -0.002399255715810684 0.00066029544021761787 0.53316415027958974 0.55730940982954713 0.0019597293286985899 1.6525682227851455
decision_type=2 2 2 2 2 2 2 2 2 2 2 2 2 2
left_child=1 -1 6 4 -4 -6 7 -3 9 11 -11 -2 -10 -14
right_child=8 2 3 -5 5 -7 -8 -9 12 10 -12 -13 13 -15
leaf_value=-0.010465079132185475 0.018780603427484263 0.02170376713629146 -0.014408127447454388 0.017682837127015766 0.012615147219050663 -0.011393760823759758 0.0028143159974204309 -0.00054099142431405427 -0.0034990922123771103 -0.018393804138248641 0.00067213612325420658 0.0030594531542695049 -0.00020344912354991162 0.0087557236537121174
leaf_weight=70.285532623529434 137.42057874798775 126.82645945250988 73.259800851345062 52.229310899972916 87.474323034286499 56.876905992627144 86.534116476774216 54.150083363056183 1986.5710942596197 113.83185395598412 2206.8484033644199 668.36234050989151 9123.0135195404291 288.28304721415043
leaf_count=286 559 509 294 210 352 228 347 218 8043 466 9107 2734 37000 1181
internal_value=2.25441e-05 0.00424976 0.00620613 0.00122306 -0.00285255 0.00312879 0.0111862 0.0151147 -0.000154866 0.00128606 -0.000278102 0.00578045 -0.000550272 7.27866e-05
internal_weight=15132 607.637 537.351 269.84 217.611 144.351 267.511 180.977 14524.3 3126.46 2320.68 805.783 11397.9 9411.3
internal_count=61534 2444 2158 1084 874 580 1074 727 59090 12866 9573 3293 46224 38181
is_linear=0
shrinkage=0.03


Tree=108
num_leaves=15
num_cat=0
split_feature=4 16 12 6 12 13 12 7 5 3 13 12 11 12
split_gain=11.5241 36.6732 27.5249 19.055 20.0363 19.6035 25.1117 18.6408 31.8329 24.7836 20.5455 19.1112 24.9634 22.7567
threshold=-0.00015792604868908319 0.0327015646150716 -0.0020020023354452294 0.0011498515821924953 -0.0085351647416906911 0.0045799015016183562 -0.0084358786440215643 0.88809713441065696 -0.00038260020186503535 0.0021523516459091567 0.0064981592826618426 -0.014733998929222223 26.987123847590478 -0.010983011148587461
decision_type=2 2 2 2 2 2 2 2 2 2 2 2 2 2
left_child=1 2 3 4 -1 6 -5 8 9 10 11 -3 -13 -14
right_child=-2 7 -4 5 -6 -7 -8 -9 -10 -11 -12 12 13 -15
leaf_value=0.010500092382478452 -0.00066502241248767968 0.009589657410149088 0.013730806672926739 0.0021203070040077664 0.0026704827609703567 0.0037308268774467477 -0.013883720699638497 0.001190646580845778 0.0038226447036827905 -0.026345879821860634 0.0076336077818577441 -0.023374241749893741 -0.021417627856944035 -0.0043992615548062667
leaf_weight=352.52980987727642 9029.1600300073624 63.33506852388382 213.83484081923962 160.48562720417976 1743.5332991033792 302.81246341764927 192.75491824746132 1483.870372146368 406.21070311963558 48.99002842605114 104.65993800759315 77.287031158804893 75.279900670051575 863.89822356402874
leaf_count=1497 36608 261 868 689 7132 1257 784 6000 1632 201 423 326 307 3489
internal_value=1.51243e-05 0.0010235 0.00341158 0.0026004 0.00399607 -0.0018573 -0.00664171 -0.00124484 -0.00344769 -0.00584433 -0.00495339 -0.00618524 -0.00718507 -0.00580598
internal_weight=15118.6 6089.48 2965.95 2752.12 2096.06 656.053 353.241 3123.53 1639.66 1233.45 1184.46 1079.8 1016.47 939.178
internal_count=61474 24866 12227 11359 8629 2730 1473 12639 6639 5007 4806 4383 4122 3796
is_linear=0
shrinkage=0.03


Tree=109
num_leaves=15
num_cat=0
split_feature=3 13 6 16 5 13 6 16 7 7 6 17 6 13
split_gain=7.8722 13.6351 23.6166 18.3624 12.3353 9.55581 39.2933 40.8069 43.6536 40.2331 58.5204 36.3672 31.04 30.5989
threshold=0.02227112568179113 0.022920678710499635 0.0022031242242127554 1.0000000180025095e-35 0.005427334158688569 0.0060851585383916449 0.00042298437763089476 0.19509032201612822 1.0138843994466471 0.63390486468782059 0.0014628307628900205 -0.5 0.00074658531133958239 0.010634012684592188
decision_type=2 2 2 2 2 2 2 2 2 2 2 2 2 2
left_child=1 4 -3 -4 5 -1 -7 8 -8 10 13 -11 -10 -9
right_child=-2 2 3 -5 -6 6 7 9 12 11 -12 -13 -14 -15
leaf_value=-0.00034997872139751803 0.010427817763883188 -0.024727689209329117 -0.013556153992550148 0.0098267768033655865 -0.011056065980117678 -0.01444855034037615 -0.0044973604449708394 0.015078171523638396 0.015720510720399757 -0.004505167442028734 -0.0085330928837524054 0.0065454421940310406 0.0014992354522647985 0.038629483075296171
leaf_weight=11013.998623073101 62.593330875039101 52.773856893181801 53.652999624609947 64.167403280735016 87.79424262046814 133.80945745110512 1198.6693309247494 214.41827583312988 170.73176553845406 392.23386435210705 77.036053717136383 836.70192213356495 692.19856758415699 65.0635646879673
leaf_count=44678 254 224 229 269 413 537 4874 862 691 1597 311 3397 2881 262
internal_value=-2.28958e-05 -6.77307e-05 -0.00845138 -0.000869871 2.94905e-05 9.67588e-05 0.00139764 0.00198664 -0.000796494 0.00560204 0.0144467 0.00301688 0.00434278 0.0207964
internal_weight=15115.8 15053.2 170.594 117.82 14882.7 14794.9 3780.86 3647.05 2061.6 1585.45 356.518 1228.94 862.93 279.482
internal_count=61479 61225 722 498 60503 60090 15412 14875 8446 6429 1435 4994 3572 1124
is_linear=0
shrinkage=0.03


Tree=110
num_leaves=15
num_cat=0
split_feature=3 13 6 16 4 6 0 1 16 16 2 4 1 16
split_gain=9.89032 12.7034 29.4367 18.2186 13.8599 14.3325 9.46426 12.5353 12.8127 15.019 16.6583 13.2766 10.017 17.5277
threshold=0.02227112568179113 0.022920678710499635 0.0022031242242127554 1.0000000180025095e-35 0.0032971635929325287 0.0015152194883928433 3.9695009120183096e-05 0.00045971815991896486 -0.41248606129204551 -0.9733555533461492 0.00073000798430011848 0.00029761789785676124 -0.00045929532466591755 -0.47114434510950048
decision_type=2 2 2 2 2 2 2 2 2 2 2 2 2 2
left_child=1 4 -3 -4 6 -6 7 -1 9 -9 11 -11 13 -8
right_child=-2 2 3 -5 5 -7 12 8 -10 10 -12 -13 -14 -15
leaf_value=-7.1674124512828452e-05 0.012040034139975633 -0.026503629965215485 -0.012470405480589539 0.010956360276018672 -0.021471813712511705 -0.0014211749008571615 0.010514172336818485 0.0050238271980894691 -0.0011427313016204258 -0.011030618912140393 -0.0031021551042426094 -0.029353862299549064 0.00054951317836669171 0.0011780334412821122
leaf_weight=7166.0988188832998 59.356548339128494 51.907300069928169 52.815427124500275 63.670980378985405 52.076685205101967 79.657611280679703 259.06433023512363 64.323236912488937 695.16135130822659 113.77170452475548 140.4997307062149 53.070607259869576 5637.6285511851311 591.96887664496899
leaf_count=29106 241 221 226 267 245 357 1078 266 2818 464 580 217 22858 2397
internal_value=1.98595e-05 -2.92332e-05 -0.00817398 0.000303362 6.41927e-05 -0.00955009 0.00015151 -0.000523728 -0.00355446 -0.00803507 -0.010783 -0.0171377 0.00100816 0.00403805
internal_weight=15081.1 15021.7 168.394 116.486 14853.3 131.734 14721.6 8232.93 1066.83 371.665 307.342 166.842 6488.66 851.033
internal_count=61341 61100 714 493 60386 602 59784 33451 4345 1527 1261 681 26333 3475
is_linear=0
shrinkage=0.03


Tree=111
num_leaves=15
num_cat=0
split_feature=1 16 16 4 12 16 16 5 13 17 2 1 7 1
split_gain=9.37323 16.7808 30.0002 12.6258 13.3646 43.0827 32.4182 34.984 31.2694 30.8023 26.9607 25.4128 24.0456 22.2155
threshold=-0.00086434667184154257 -0.70710678118654735 -0.98611507088852024 -0.0019444528928577174 -0.0016153765630932402 -0.95642797789208689 -0.95642797789208689 2.6374471702395045e-05 0.0035177403614291562 0.83146961230254512 -0.00013532839144447803 0.00022513937759169325 0.88189214534013238 -4.265552442323655e-05
decision_type=2 2 2 2 2 2 2 2 2 2 2 2 2 2
left_child=1 2 -1 -2 6 -6 7 10 9 -7 12 -9 -5 -14
right_child=3 -3 -4 4 5 8 -8 11 -10 -11 -12 -13 13 -15
leaf_value=-0.011186251729799658 0.00819216187955445 0.00068096890302647576 0.012201705229000999 -0.0043479239613975337 -0.009454713295368334 0.013231717249955567 -0.0014590508815381052 -0.0094713471281429075 0.0011046752739419662 -0.0067329620357281985 0.018725693771611939 0.0067012021088675182 0.001366520168188078 0.017661773849131833
leaf_weight=58.351782202720642 155.43179707229137 1524.4077669233084 276.35932622849941 167.36010694503784 297.22628566622734 380.35032188892365 8983.6703328192234 222.20102253556252 2334.7182912826538 83.706635519862175 167.64171887934208 141.56709089875221 146.236209243536 154.01590307056904
leaf_count=244 671 6217 1174 693 1223 1530 36389 903 9492 336 684 582 618 643
internal_value=2.72413e-05 0.00202071 0.00808215 -0.000253063 -0.000354666 0.00136679 -0.000888719 0.00423264 0.00252195 0.00961705 0.00847132 -0.00317527 0.00473097 0.00978681
internal_weight=15093.2 1859.12 334.711 13234.1 13078.7 3096 9982.69 999.022 2798.78 464.057 635.254 363.768 467.612 300.252
internal_count=61399 7635 1418 53764 53093 12581 40512 4123 11358 1866 2638 1485 1954 1261
is_linear=0
shrinkage=0.03


Tree=112
num_leaves=15
num_cat=0
split_feature=11 3 16 4 2 5 16 10 11 12 16 1 16 3
split_gain=10.8885 12.5482 22.8041 29.3221 28.5429 21.6502 22.3088 21.3339 20.5605 19.0961 37.8453 24.1268 18.3761 15.1152
threshold=20.025302954077173 -0.0029409795063551343 -0.77259657388510594 0.00057325395219420827 -0.0007895308638125319 0.00014261828930905998 0.88144907265856365 0.99269496806945479 41.508815597046542 -0.0050415101864716974 -0.93540483100319605 -0.00017154592860890713 0.47114434510950087 -0.006078921519549473
decision_type=2 2 2 2 2 2 2 8 2 2 2 2 2 2
left_child=-1 2 3 4 8 6 12 -8 -2 10 11 -3 -4 -9
right_child=1 9 5 -5 -6 -7 7 13 -10 -11 -12 -13 -14 -15
leaf_value=-0.012758086612048436 0.0095732051250613688 -0.0030638970172815394 -0.00091356574786317923 -0.014596952576825039 0.018101322151264643 0.014932102602254428 0.01017068441627381 -0.025722281753062726 -0.0049347576710752688 0.00036775923901971732 -0.0034917182147650837 0.012984369983146024 0.006813786731895667 -0.0074421052151532295
leaf_weight=57.782062336802483 226.07337681949139 135.11192058026791 1003.5449536442757 50.005997851490974 198.22791793942451 84.986440494656563 49.085080459713936 49.455574959516525 141.45952321588993 9454.6167392581701 2807.6921185702085 219.42560239136219 380.35728351771832 210.88291865587234
leaf_count=246 999 561 4102 212 824 346 200 203 589 38281 11424 906 1551 853
internal_value=1.97317e-05 7.06108e-05 0.00206086 0.00702646 0.00898238 0.000335491 -0.000413851 -0.00766892 0.00399276 -0.000307312 -0.00232463 0.0068856 0.00121702 -0.0110844
internal_weight=15068.7 15010.9 2394.08 615.767 565.761 1778.31 1693.33 309.424 367.533 12616.8 3162.23 354.538 1383.9 260.338
internal_count=61297 61051 9879 2624 2412 7255 6909 1256 1588 51172 12891 1467 5653 1056
is_linear=0
shrinkage=0.03


Tree=113
num_leaves=15
num_cat=0
split_feature=4 16 6 11 2 18 6 13 5 5 12 16 6 11
split_gain=9.71459 27.6429 25.5814 20.3914 16.7977 14.6512 14.155 18.4638 26.7372 28.8242 17.8246 26.0165 26.9855 28.2257
threshold=-0.00093715356343709855 -0.70710678118654735 0.0015374869442671068 23.010833360605563 -0.003315425887037995 5.9078137167508311 0.00098812270363956537 0.00083666747926369755 -0.001161997555252092 -0.0027705187981064134 -0.0017415677448896492 -0.95642797789208689 0.00050647616157720491 54.771181113457367
decision_type=2 2 2 2 2 2 2 2 2 2 2 2 2 2
left_child=1 2 4 -3 -1 -4 10 -8 9 -9 -2 -12 -13 -14
right_child=6 3 5 -5 -6 -7 7 8 -10 -11 11 12 13 -15
leaf_value=0.023718210139741489 -0.00064329576271639286 -0.012627713295226998 -0.01548216427859913 0.00099422448930582366 0.0082760773767197489 0.0055890720833442955 0.014394573050495674 0.006766771600897223 -0.0014196816688463061 -0.013963343441097559 -0.0062293386783733263 -0.0015702528874850894 0.010483314336136352 0.0025141272515703111
leaf_weight=98.436819046735764 7272.6543625295162 104.22437523305416 46.504260390996933 1433.0714081823826 182.14305253326893 74.800020754337311 57.265940681099892 73.765456512570381 2568.5003558248281 306.39394789934158 298.66310113668442 782.91937373578548 588.31702424585819 1246.5321052223444
leaf_count=451 29386 441 200 5859 783 326 234 304 10575 1245 1223 3146 2364 5044
internal_value=-9.10138e-05 0.00189053 0.00887495 5.54878e-05 0.0138232 -0.00260907 -0.000382471 -0.00219078 -0.00252242 -0.00992655 0.000151332 0.00213196 0.00308994 0.00507796
internal_weight=15134.2 1939.18 401.884 1537.3 280.58 121.304 13195 3005.93 2948.66 380.159 10189.1 2916.43 2617.77 1834.85
internal_count=61581 8060 1760 6300 1234 526 53521 12358 12124 1549 41163 11777 10554 7408
is_linear=0
shrinkage=0.03


Tree=114
num_leaves=15
num_cat=0
split_feature=11 4 0 1 12 0 10 7 16 10 13 13 10 7
split_gain=10.7651 11.6452 11.5974 12.7286 12.1504 10.6578 12.5541 11.0444 13.7146 9.18833 8.84314 8.45585 8.4452 8.307
threshold=20.025302954077173 -0.0019444528928577174 -6.3721083243997709e-05 0.00086576747689885724 -0.0090697743380060408 -0.0012001713507170662 1.6612876831799539 1.1240029739985538 -0.25881904510252113 0.54566309231912735 0.00036647005559820039 0.0030473266755096655 1.3864995291340045 1.5344182263789699
decision_type=2 2 2 2 2 2 8 2 2 10 2 2 8 2
left_child=-1 5 3 12 -5 6 -2 8 -7 -10 -4 -6 -3 -9
right_child=1 2 10 4 11 7 -8 13 9 -11 -12 -13 -14 -15
leaf_value=-0.012591853453619999 0.0052804112815203787 -0.0077486653104718133 0.0089432498772151672 0.0037099954508569644 -0.020565308424924898 0.015129012449220113 -0.012963632922752016 0.015618172324335553 0.0034078647936789876 -0.01216148585684251 0.00061294917794385269 -0.0068651212367489868 -0.00044503298173463954 0.0024083902740068821
leaf_weight=57.561017408967018 76.085662588477135 144.42320531606674 114.26777695119381 82.122386187314987 48.132258281111717 47.972142085433006 58.18702994287014 146.08381804823875 78.962143197655678 57.20792992413044 8535.5485485941172 237.70211997628212 5319.4262456744909 61.446953624486923
leaf_count=247 316 598 470 338 195 209 249 645 323 236 34656 989 21573 263
internal_value=0.000137067 0.00018756 2.80058e-05 -0.00100574 -0.00639122 0.00456404 -0.00269987 0.00705531 0.0016755 -0.0032145 0.000725038 -0.00929899 -0.000640851 0.0117673
internal_weight=15065.1 15007.6 14481.6 5831.81 367.957 525.946 134.273 391.673 184.142 136.17 8649.82 285.834 5463.85 207.531
internal_count=61307 61060 58819 23693 1522 2241 565 1676 768 559 35126 1184 22171 908
is_linear=0
shrinkage=0.03


Tree=115
num_leaves=15
num_cat=0
split_feature=4 16 7 16 2 3 11 6 12 7 12 12 12 7
split_gain=11.1418 33.6158 29.4783 27.8999 27.565 22.297 17.9727 20.7954 20.9113 20.2439 30.1041 26.2047 16.044 53.6259
threshold=2.6217765064173729e-05 0.5277851165098012 1.6525682227851455 -0.55557023301960229 0.00011888478571681073 -0.0038189787910984509 42.931728698322722 0.0010553633557489896 -0.0084358786440215643 0.84019586237304222 -0.0089493942566749012 -0.0069667542247480166 -0.010500048367443558 1.1683771814512258
decision_type=2 2 2 2 2 2 2 2 2 2 2 2 2 2
left_child=3 2 -2 4 6 -3 7 -1 -9 10 -8 -11 13 -5
right_child=1 5 -4 12 -6 -7 9 8 -10 11 -12 -13 -14 -15
leaf_value=0.007176630963088966 -0.002839827552418473 0.015726131104174177 0.011056080385824625 -0.009573280087563316 0.010140019326683224 0.0012813214705758435 0.014233458722644358 0.0057383687899319287 -0.011060164479620127 -0.0086898032014239585 -0.010551857398382183 0.0058067859420787831 3.6887793844938672e-05 0.010887149476384665
leaf_weight=735.45421724021435 4758.0898758620024 98.364550873637199 139.54406216740608 508.67047938704491 434.60297559201717 2321.8646342903376 49.95497427880764 132.24601528048515 130.72999003529549 147.81242033839226 296.79472030699253 446.01427127420902 4716.448498532176 147.10195967555046
leaf_count=3124 19377 397 569 2079 1768 9403 206 595 545 610 1199 1810 18989 638
internal_value=-0.000171257 -0.00101053 -0.00243955 0.000621701 0.00332895 0.0018809 0.00179346 0.0045928 -0.00263293 -0.0011815 -0.00691998 0.00218131 -0.000575236 -0.00496448
internal_weight=15063.7 7317.86 4897.63 7745.83 2373.61 2420.23 1939.01 998.43 262.976 940.576 346.75 593.827 5372.22 655.772
internal_count=61309 29746 19946 31563 9857 9800 8089 4264 1140 3825 1405 2420 21706 2717
is_linear=0
shrinkage=0.03


Tree=116
num_leaves=15
num_cat=0
split_feature=3 12 3 6 16 10 10 7 18 2 3 16 2 6
split_gain=10.6713 13.6858 18.1179 19.8778 12.6244 19.8261 18.6917 35.3733 14.6159 13.6384 16.1347 12.4325 11.873 10.9636
threshold=-0.022249111513130245 -0.012234789512329645 -0.006756730834562851 0.00085369060204276205 0.16280825711809011 1.1250153164824401 0.6979109357555644 1.1933050061913451 7.8388005484171668 -0.0008291342079948526 -0.0048033625398034565 -0.58216583101416164 -0.0054018947811872156 0.0010553633557489896
decision_type=2 2 2 2 2 8 8 2 2 2 2 2 2 2
left_child=-1 4 3 -3 5 -2 8 13 -6 10 11 -7 -4 -8
right_child=1 2 12 -5 6 9 7 -9 -10 -11 -12 -13 -14 -15
leaf_value=-0.012829958502143975 -0.0047011932088282561 0.0036885857622827706 0.012750844673673101 -0.019568932524643284 0.00085228170777477746 0.0052717356678450168 -0.0052457086493992444 0.012407852850972897 0.019050086850146957 0.018218365470351792 -0.0045354845018014582 0.024787263793743033 -0.00017457825984438461 -0.022163873565689208
leaf_weight=56.627683475613594 96.216097459197044 51.844018042087555 62.253482848405838 86.734441220760345 122.25249093770981 82.859339982271194 64.094732135534286 60.726826339960098 56.983560308814049 129.85271175205708 81.695568650960922 44.824113830924034 14057.119875848293 76.837338745594025
leaf_count=238 395 216 272 361 499 382 262 270 231 538 344 194 57074 313
internal_value=-5.56769e-05 -5.99378e-06 -0.000222509 -0.0109393 0.00376688 0.00724385 -0.000225151 -0.00646055 0.00678419 0.0106395 0.00581135 0.0123994 -0.000115791 -0.0146507
internal_weight=15130.9 15074.3 14258 138.578 816.343 435.448 380.895 201.659 179.236 339.232 209.379 127.683 14119.4 140.932
internal_count=61589 61351 57923 577 3428 1853 1575 845 730 1458 920 576 57346 575
is_linear=0
shrinkage=0.03


Tree=117
num_leaves=15
num_cat=0
split_feature=3 6 13 12 3 16 7 13 6 17 3 16 12 7
split_gain=12.7681 12.2009 65.2134 45.2263 25.534 27.5499 35.2181 14.4871 32.1444 60.5438 42.4405 28.8915 47.8178 28.4058
threshold=-0.022249111513130245 0.00041771701983947925 0.0065631374820757102 -0.0065039228605083812 -0.00048980257667227678 0.72947329433276253 0.62552433669270213 0.0060851585383916449 0.00074939591018269758 -0.81241147629688992 -0.0011604960107298721 0.88144907265856365 -0.0069667542247480166 1.0502746164173926
decision_type=2 2 2 2 2 2 2 2 2 2 2 2 2 2
left_child=-1 2 3 -2 5 -5 -7 11 10 -10 -9 -3 -13 -12
right_child=1 7 -4 4 -6 6 -8 8 9 -11 13 12 -14 -15
leaf_value=-0.013658988137888562 0.022935388545713527 -9.7146838336036802e-05 -0.020152695865844238 0.0029207199066679256 0.0061824373986472904 0.0010147825529196028 -0.026051382666297931 0.025826746929081764 -0.0086428243619244369 0.001983065826804561 0.0016091005827799242 -0.014469564643558535 -0.0016158540290237761 0.013932599466696361
leaf_weight=58.71091715991497 108.14658163487911 8197.6559832245111 101.96051682531834 288.92269986867905 774.54868324100971 88.359745442867279 82.511204928159714 83.749358177185059 620.1934779137373 2148.9716746509075 905.20951575040817 341.9867837280035 1075.6014774143696 204.99228082597256
leaf_count=247 437 33345 409 1173 3113 355 333 338 2564 8880 3649 1393 4329 831
internal_value=7.11943e-05 0.000126665 0.00274596 0.00451248 0.00286387 -0.002729 -0.0122053 -0.000152337 0.00137357 -0.000401272 0.0054838 -0.000781425 -0.00473277 0.00390552
internal_weight=15081.5 15022.8 1444.45 1342.49 1234.34 459.794 170.871 13578.4 3963.12 2769.17 1193.95 9615.24 1417.59 1110.2
internal_count=61396 61149 5820 5411 4974 1861 688 55329 16262 11444 4818 39067 5722 4480
is_linear=0
shrinkage=0.03


Tree=118
num_leaves=15
num_cat=0
split_feature=6 12 13 13 12 16 11 13 17 17 12 7 6 12
split_gain=9.92404 54.1954 40.6869 20.5497 19.8307 20.3023 17.8083 16.6152 16.0794 16.7317 12.124 32.3942 31.1263 21.8432
threshold=0.00042298437763089476 -0.0062071630436260619 0.0065631374820757102 0.0016019182412473356 -0.0050415101864716974 0.63405362205439497 46.872349113998304 0.00080525819048515867 -0.84874750804349197 0.68322629814330826 -0.0060897207291513702 0.62552433669270213 0.00053959038988713056 -0.0080650033522869351
decision_type=2 2 2 2 2 2 2 2 2 2 2 2 2 2
left_child=1 -1 3 4 -3 6 7 -6 -5 -10 11 12 13 -2
right_child=10 2 -4 8 5 -7 -8 -9 9 -11 -12 -13 -14 -15
leaf_value=0.020877612900658621 0.020939512161412592 -0.020538623524484816 -0.016661883861576441 -0.0075976434905628424 0.021596009317154167 -0.010108230685039464 -0.0059547122110650257 -0.00025141276336927254 0.0090991105385327901 -3.3526271617659855e-06 0.0003934834442243675 -0.00028921578704652957 -0.0098956396552026035 -0.0063074375670242834
leaf_weight=128.36016875505447 52.782490864396095 51.62104195356369 110.3937923014164 85.206153050065041 69.122198268771172 129.31241983175278 80.456954747438431 55.913050934672356 528.84306402504444 276.36286754906178 9724.7051979005337 3193.5836161226034 613.72367852926254 49.867488861083984
leaf_count=519 217 211 443 342 283 520 324 228 2130 1110 39434 13210 2505 202
internal_value=8.23273e-05 0.00238363 0.00064479 0.00216482 -0.00359979 -0.000881663 0.00496591 0.0119762 0.00466904 0.00598269 -0.000173791 -0.00158418 -0.00734021 0.00783534
internal_weight=15150.3 1515.59 1387.23 1276.84 386.426 334.805 205.492 125.035 890.412 805.206 13634.7 3909.96 716.374 102.65
internal_count=61678 6110 5591 5148 1566 1355 835 511 3582 3240 55568 16134 2924 419
is_linear=0
shrinkage=0.03


Tree=119
num_leaves=15
num_cat=0
split_feature=6 3 3 7 12 16 6 7 3 6 12 17 12 16
split_gain=9.45131 28.9214 19.3586 24.1003 15.5915 54.4962 33.6047 25.8477 15.1534 15.0586 17.2246 25.0264 23.2563 20.3636
threshold=0.00066029544021761787 -0.0035300162727853602 0.0035374534401628748 1.0616789115320311 -0.0053309510805848994 -0.81241147629689037 0.00052643452071795855 0.85995946725673755 0.0006731839193123702 0.0005799322610990017 -0.0026485182050544061 -0.91037613702198728 -0.0044031570961453595 -0.55557023301960229
decision_type=2 2 2 2 2 2 2 2 2 2 2 2 2 2
left_child=1 -1 4 -4 5 -3 7 -7 -8 -6 11 -11 -13 -14
right_child=-2 2 3 -5 9 6 8 -9 -10 10 -12 12 13 -15
leaf_value=0.0089075514260474505 -0.00051025544936307327 0.014146981047661124 -0.009461113233610834 0.0091990781268008349 0.00058843392746030991 0.0051938086261663664 -0.010081071964798984 -0.017761685636354222 -0.027704046386394437 -0.018334300590699674 0.0080497857235505028 0.012452383643043363 -0.0099743930677537486 0.0047591390498653999
leaf_weight=389.44065475463867 9277.5717270970345 136.84311796724796 322.10468608140945 75.417136952280998 3085.0154773592949 238.8096724152565 303.90002977848053 52.061262413859367 50.696564972400665 53.726811647415161 611.56378874182701 154.28733050823212 144.87483873963356 196.68698006868362
leaf_count=1602 37951 566 1301 305 12434 964 1230 210 205 216 2463 625 590 790
internal_value=8.40805e-05 0.0010321 0.000463776 -0.00589261 0.000968418 -0.00291848 -0.00656899 0.000991905 -0.0127419 0.00168558 0.00459454 0.000734313 0.00286581 -0.00151183
internal_weight=15093 5815.43 5425.99 397.522 5028.47 782.311 645.468 290.871 354.597 4246.16 1161.14 549.576 495.849 341.562
internal_count=61452 23501 21899 1606 20293 3175 2609 1174 1435 17118 4684 2221 2005 1380
is_linear=0
shrinkage=0.03


Tree=120
num_leaves=15
num_cat=0
split_feature=6 12 3 5 6 12 3 12 7 1 12 5 3 6
split_gain=11.0524 18.0464 18.274 18.9968 17.63 15.6505 11.942 11.7213 13.332 11.3757 11.2905 22.1698 21.0268 18.7799
threshold=0.00092421926256282922 -0.012234789512329645 -0.006078921519549473 -0.0022804891582115512 0.0010448417626733055 -0.0079702778741822505 -0.004452943027440078 -0.00056549188802362804 0.9585456660243441 0.0029308758462613942 -0.0017150192051044175 0.00045150647929737003 -0.00055238853589822934 0.00059074541355829335
decision_type=2 2 2 2 2 2 2 2 2 2 2 2 2 2
left_child=10 4 -3 5 -2 -4 -5 -8 -9 -6 -1 12 -12 -13
right_child=1 2 3 6 9 -7 7 8 -10 -11 11 13 -14 -15
leaf_value=-0.00016366392304429839 0.018879610878848766 -0.014222622056420657 0.015249614815473603 -0.013146321731973266 0.00028107723257332076 -0.0017381450603917896 -0.0017076075295691365 -0.021942555211602193 -0.0029210520250433991 0.01337608216855752 -0.011070376671436262 -0.0026440634174230799 0.0089107806277429393 0.0030095883929241868
leaf_weight=7944.7054884433746 55.45951634645462 109.00628416240215 101.39152951538563 88.393283039331436 610.86190558969975 91.754792243242264 3136.0964475572109 53.94111430644989 83.243326872587204 64.183989062905312 50.220654636621475 904.52765835821629 543.3896514326334 1267.1587202548981
leaf_count=32189 235 454 430 365 2571 379 12854 224 371 263 203 3640 2189 5133
internal_value=-0.000108716 -0.00137528 -0.00223375 -0.00185833 0.0029247 0.00724442 -0.00238533 -0.00208688 -0.0106082 0.001562 0.000411117 0.00206139 0.00718884 0.000654523
internal_weight=15104.3 4394.33 3663.83 3554.82 730.505 193.146 3361.67 3273.28 137.184 675.046 10710 2765.3 593.61 2171.69
internal_count=61500 18146 15077 14623 3069 809 13814 13449 595 2834 43354 11165 2392 8773
is_linear=0
shrinkage=0.03


Tree=121
num_leaves=15
num_cat=0
split_feature=12 7 5 13 10 5 13 7 4 1 10 10 13 18
split_gain=8.69752 19.2194 17.6659 14.1336 25.2085 14.4136 12.4907 15.6412 11.6232 14.852 12.6562 10.8065 12.6211 15.2263
threshold=-0.013537066740319291 0.53837535285599347 -0.011416649863420723 0.003718181189585779 1.5624234771587913 -0.0034250204734255214 0.015016326090406264 0.75230656701078613 0.0026089334196161 0.0015079193563471013 0.47474078922773005 1.3864995291340045 0.022920678710499635 8.046795000981275
decision_type=2 2 2 2 8 2 2 2 2 2 8 8 2 2
left_child=1 -1 -3 5 6 -4 7 -5 10 -10 -2 12 13 -12
right_child=8 2 3 4 -6 -7 -8 -9 9 -11 11 -13 -14 -15
leaf_value=-0.01353846434022366 0.014709462032316939 -0.010711336150460986 0.019802737847519274 -0.0017462086899566894 -0.012682113903486071 0.0021132987424876144 -0.0018220847851760141 0.017342246114945635 -0.015928325531434681 -0.0013720207637237551 -0.012133524792620544 -0.00010795858683584084 -0.017989374042838787 0.0078648868849861015
leaf_weight=53.757477685809135 49.379655256867409 56.900839984416962 113.6220920830965 54.50099803507328 70.721962839365005 65.443338617682457 91.87799833714962 127.9045435488224 93.455817893147469 187.29208381474018 64.43811146914959 13923.722702905536 63.105160593986511 68.827422276139259
leaf_count=222 201 242 509 221 297 277 377 529 426 836 263 56482 264 285
internal_value=-0.000122015 0.00330947 0.00490951 0.00663982 0.00305716 0.0134325 0.00717784 0.0116817 -0.000273181 -0.00629594 -0.000152977 -0.000207029 -0.00715973 -0.00184141
internal_weight=15085 634.729 580.972 524.071 345.006 179.065 274.284 182.406 14450.2 280.748 14169.5 14120.1 196.371 133.266
internal_count=61431 2674 2452 2210 1424 786 1127 750 58757 1262 57495 57294 812 548
is_linear=0
shrinkage=0.03


Tree=122
num_leaves=15
num_cat=0
split_feature=5 2 4 17 13 17 10 2 16 13 5 13 6 17
split_gain=9.34803 12.9059 8.78117 14.1727 17.9412 15.7593 12.233 16.5947 9.63938 9.31967 24.6989 9.39352 37.6897 39.4103
threshold=0.011445063985708661 0.0093855128858812992 -0.0019444528928577174 -0.19509032201612839 0.0097043625406614282 -0.70710678118654757 0.53281814174738951 -0.0076793740071763308 0.16280825711809011 0.022920678710499635 0.005427334158688569 0.0060851585383916449 0.00041771701983947925 -0.91037613702198728
decision_type=2 2 2 2 2 2 8 2 2 2 2 2 2 2
left_child=1 2 3 4 5 8 -5 -8 -1 11 -11 -4 -13 -14
right_child=-2 -3 9 6 -6 -7 7 -9 -10 10 -12 12 13 -15
leaf_value=-0.0015312301048323307 0.011825017557339619 -0.013412974937296498 -0.00058772003281267761 0.011445561384612883 -0.0068878309288809758 0.019217697384135493 -0.019711050872521885 1.0104073799677803e-06 0.014975931836521015 -0.020325785935883273 0.0071293941376441112 -0.014456017476780275 -0.0059396472007772188 0.0030307632481427985
leaf_weight=90.263844892382622 57.237505093216896 63.406955540180206 10587.740898638964 48.871565788984299 59.111746713519096 117.93250189721584 49.550259456038475 151.09902192652225 46.918592482805252 66.477257668972015 50.389382973313332 132.04097324609756 512.56887583434582 3075.7600909471512
leaf_count=389 237 282 42907 200 250 532 211 628 204 280 213 530 2095 12577
internal_value=-6.90567e-05 -0.00011585 -5.78174e-05 0.00360854 0.00782737 0.011264 -0.00172432 -0.00501337 0.00424856 -0.000201584 -0.00856716 -0.000132067 0.00116429 0.0017468
internal_weight=15109.4 15052.1 14988.7 563.748 314.227 255.115 249.521 200.649 137.182 14425 116.867 14308.1 3720.37 3588.33
internal_count=61535 61298 61016 2414 1375 1125 1039 839 593 58602 493 58109 15202 14672
is_linear=0
shrinkage=0.03


Tree=123
num_leaves=15
num_cat=0
split_feature=6 2 13 17 16 12 2 13 16 12 3 3 10 2
split_gain=9.25877 15.0155 14.8996 24.1798 26.4583 15.6407 15.3452 23.7595 23.4594 17.3665 28.4968 28.2472 45.698 20.0828
threshold=0.0011661418646798153 0.0037408646889547374 0.0011930196819432972 -0.44228869021900119 0.16280825711809011 -0.0077968904483421411 0.002302797938485542 0.0076251449685148529 0.88144907265856365 -0.0018196866661892572 0.0015893347676035759 0.0024872626047796058 0.53281814174738951 -0.0076793740071763308
decision_type=2 2 2 2 2 2 2 2 2 2 2 2 10 2
left_child=1 -1 3 4 -2 -5 9 -8 -9 11 -11 13 -13 -4
right_child=2 -3 6 5 -6 -7 7 8 -10 10 -12 12 -14 -15
leaf_value=0.00057420861654936158 0.0010001147100676963 -0.006454779287503265 0.0088740432974865214 -0.012871031553732693 0.030623451203206847 0.0090162776348823633 0.014190384307061737 -0.0037596110688292183 0.013413325613894408 0.0031185629594654078 -0.017317574807064164 0.014022925859403517 -0.0083012499242575699 -0.0049312034484217497
leaf_weight=11880.047956809402 53.346135377883911 277.97676546871662 99.876691162586212 66.372046902775764 53.524065971374512 49.685630947351456 116.37214684486389 409.10321100056171 84.695852160453796 92.468770951032639 177.71227794885635 213.29498326778412 132.13689036667347 1406.5506026893854
leaf_count=48121 225 1178 429 278 228 203 481 1774 358 373 725 879 550 5748
internal_value=4.63445e-05 0.000412465 -0.00145921 0.00596495 0.0161265 -0.00350682 -0.00206888 0.00211875 -0.000771902 -0.00327386 -0.0103518 -0.00223115 0.00548471 -0.00400536
internal_weight=15113.2 12158 2955.14 222.928 106.87 116.058 2732.21 610.171 493.799 2122.04 270.181 1851.86 345.432 1506.43
internal_count=61550 49299 12251 934 453 481 11317 2613 2132 8704 1098 7606 1429 6177
is_linear=0
shrinkage=0.03


Tree=124
num_leaves=15
num_cat=0
split_feature=3 4 17 13 11 13 11 16 7 6 6 11 2 2
split_gain=12.4255 11.0633 19.5367 28.0771 14.4276 11.7552 34.3996 11.3522 15.8539 12.2771 10.7603 20.5057 18.5357 15.6402
threshold=0.02227112568179113 -0.0019444528928577174 -0.065403129230142923 0.0097043625406614282 24.574278240431564 0.00036647005559820039 36.285169829952366 0.84874750804349197 1.0851963640330504 0.00067343944763066134 0.0011661418646798153 33.847995732373214 0.0054105055872997751 0.002302797938485542
decision_type=2 2 2 2 2 2 2 2 2 2 2 2 2 2
left_child=1 2 3 -1 -4 6 7 8 9 -3 12 -12 -7 -13
right_child=-2 5 4 -5 -6 10 -8 -9 -10 -11 11 13 -14 -15
leaf_value=0.012947797575405011 0.013637268607731253 -2.5262900508823952e-05 -0.015516678985216423 -0.0089570500095309692 0.0017638509034392797 0.00021969565399609657 0.017042560939946837 -0.013428330304348987 -0.011010429902434423 0.017451073408858767 -0.020050253883967778 -0.0029247306239371788 -0.016535146530417634 0.0027594813471635846
leaf_weight=271.41610883176327 58.823764219880104 89.594778001308441 56.184594869613647 63.715721666812897 170.80790738761425 11474.302042141557 136.6313416659832 53.935389652848244 59.933158382773399 58.672456935048103 53.602625012397766 1899.686832562089 57.734675362706184 563.39409802854061
leaf_count=1198 239 370 235 268 710 46436 559 222 249 244 221 7737 262 2420
internal_value=0.000105242 5.03997e-05 0.00417194 0.00875479 -0.00261155 -0.000110517 0.00495572 -0.00142557 0.00178199 0.00703071 -0.000255005 -0.00203145 0.000132961 -0.00162337
internal_weight=15068.4 15009.6 562.124 335.132 226.993 14447.5 398.767 262.136 208.2 148.267 14048.7 2516.68 11532 2463.08
internal_count=61370 61131 2411 1466 945 58720 1644 1085 863 614 57076 10378 46698 10157
is_linear=0
shrinkage=0.03


Tree=125
num_leaves=15
num_cat=0
split_feature=11 6 12 6 4 17 12 12 10 10 11 6 5 11
split_gain=8.43836 20.9373 17.8129 16.4708 11.71 18.2937 23.3371 19.3812 17.2544 16.123 21.0434 13.2627 22.4559 19.2121
threshold=73.083267240447938 0.00073033388728172314 -0.00056549188802362804 0.0006281055335542057 0.00093884927544829477 -0.5277851165098012 -0.013537066740319291 -0.0065039228605083812 0.43564221164303346 1.4547225870590597 61.711910150847864 0.0015601502371096071 0.0031302188056558937 65.216498386436811
decision_type=2 2 2 2 2 2 2 2 10 8 2 2 2 2
left_child=4 3 -3 -2 -1 9 -7 8 -8 -6 -11 12 13 -9
right_child=1 2 -4 -5 5 6 7 11 -10 10 -12 -13 -14 -15
leaf_value=-8.2830685290325769e-06 0.004775932254447746 0.0057446540892733666 -0.013852755091967419 0.027191637450810741 -0.01067052353489562 0.011347776600234479 -0.024749196264792297 -0.011050270103232646 -0.0033669126570635803 0.012279249157917501 -0.00048855733941874596 0.0039688378240994174 -0.020036471177425321 0.0012715521540450098
leaf_weight=13154.28126449883 71.279720559716225 104.93970569968224 66.519866764545441 49.66081403195858 94.760817021131516 65.93072535097599 90.585941672325134 197.99696457386017 54.765754461288452 148.87322102487087 504.60018822550774 124.86422216892242 93.691996186971664 263.65761063992977
leaf_count=53390 289 455 294 202 410 269 380 810 236 611 2086 533 406 1076
internal_value=-0.000206399 0.00482291 -0.00193046 0.0142729 -0.00030644 -0.00269541 -0.00559348 -0.00697059 -0.0168478 0.000763252 0.00244877 -0.00481677 -0.00679928 -0.00403797
internal_weight=15086.4 292.4 171.46 120.941 14794 1639.73 891.493 825.562 145.352 748.234 653.473 680.211 555.347 461.655
internal_count=61447 1240 749 491 60207 6817 3710 3441 616 3107 2697 2825 2292 1886
is_linear=0
shrinkage=0.03


Tree=126
num_leaves=15
num_cat=0
split_feature=0 1 13 16 12 6 4 2 6 13 5 7 0 12
split_gain=7.89497 10.0781 10.1639 9.93464 15.9503 21.2443 32.0176 16.9322 12.6325 10.8803 14.3595 13.3296 10.2607 15.3783
threshold=-6.1988832694953575e-05 0.00057427375041653472 0.0023058327608149747 -0.2901292552028415 -0.00883704101840521 0.00098812270363956537 -0.00064901717191706554 -0.0013885602730109856 0.0021013883922856133 0.00044329916418139886 -0.0019600495077468634 1.0809833958794708 -0.00061654578062581001 -0.0029975962279171204
decision_type=2 2 2 2 2 2 2 2 2 2 2 2 2 2
left_child=1 3 -3 4 5 7 8 -1 -7 11 -11 -6 13 -12
right_child=-2 2 -4 -5 9 6 -8 -9 -10 10 12 -13 -14 -15
leaf_value=0.0049597474278353015 0.00052836126028548574 -0.013775381514205331 -0.0028867171439055012 -0.0014574090728308505 0.02030508362879016 0.018562547365498817 -0.016005635778175695 0.027164567808637019 -0.00076604661830536518 -0.012466869541105432 -0.00015231937597423605 -0.0015508207375899326 -0.00073634964937851935 0.016232672758373128
leaf_weight=59.018090203404427 8777.5394215583801 87.903336748480797 558.65908160805702 3466.3458190858364 49.693057745695114 66.146611958742142 63.680526480078697 65.490244939923286 54.711872175335884 83.284745588898659 131.84611803293228 48.331558525562286 1496.0262913405895 82.615983411669731
leaf_count=262 35712 359 2309 14025 211 292 262 274 237 351 542 205 6088 337
internal_value=-5.35516e-05 -0.000862453 -0.004405 -0.000456877 0.00111886 0.00741447 0.000912797 0.0168841 0.00994258 8.36562e-05 -0.000452813 0.00971338 0.000146036 0.00625124
internal_weight=15091.3 6313.75 646.562 5667.19 2200.85 309.047 184.539 124.508 120.858 1891.8 1793.77 98.0246 1710.49 214.462
internal_count=61466 25754 2668 23086 9061 1327 791 536 529 7734 7318 416 6967 879
is_linear=0
shrinkage=0.03


Tree=127
num_leaves=15
num_cat=0
split_feature=1 17 17 13 2 16 16 4 3 16 18 13 16 16
split_gain=10.5356 23.4875 15.5008 19.2089 16.4681 12.8725 17.7894 11.6059 12.8384 11.2329 14.6473 11.0906 13.7236 15.9526
threshold=-0.00086434667184154257 0.97335555334614943 0.88144907265856365 0.0094007148065570218 -0.0024806757435985589 -0.70710678118654735 -0.9103761370219875 -0.0019444528928577174 -0.0078841421792068527 -0.47114434510950048 5.3919122096384617 0.0010829607314104541 0.68322629814330837 0.44228869021900152
decision_type=2 2 2 2 2 2 2 2 2 2 2 2 2 2
left_child=1 2 3 5 -5 6 -1 8 -2 -6 -11 12 13 -7
right_child=7 -3 -4 4 9 11 -8 -9 -10 10 -12 -13 -14 -15
leaf_value=0.00094239694902568472 -0.0025090113524896245 -0.012014001850586853 0.012154974101523315 -0.017061726569134635 0.0083380957659339016 -0.0029985392504612318 0.016765190134629293 -0.00054964817612945956 0.015115370800786735 -0.015594991729505382 0.0041966654330440204 0.0039292651924156194 -0.010218525599593358 0.015953438789102589
leaf_weight=119.47218632698059 62.983648613095284 100.55584068596363 143.04289618134499 74.698917806148529 75.223921567201614 140.33841551840305 136.23065601289272 13031.945960476995 87.135882124304771 67.433267429471016 64.002943873405457 770.22186127305031 128.28732846677303 53.640809327363968
leaf_count=506 277 406 580 312 313 579 590 52961 380 278 266 3131 533 221
internal_value=-0.000154327 0.00194975 0.00275453 0.00191547 -0.00518965 0.00340375 0.00943699 -0.000453563 0.00778518 -0.000775992 -0.00603898 0.00197697 -0.00268449 0.00235155
internal_weight=15055.2 1873.15 1772.59 1629.55 281.359 1348.19 255.703 13182.1 150.12 206.66 131.436 1092.49 322.267 193.979
internal_count=61333 7715 7309 6729 1169 5560 1096 53618 657 857 544 4464 1333 800
is_linear=0
shrinkage=0.03


Tree=128
num_leaves=15
num_cat=0
split_feature=12 11 7 13 11 7 6 11 7 2 11 7 13 3
split_gain=10.0602 24.7494 22.7943 16.7107 13.9653 18.7388 9.07202 9.03473 13.2972 11.8649 8.19013 31.7577 15.2401 15.6802
threshold=-0.00036228818069317098 63.509117306570388 0.65252727804569477 0.0045799015016183562 74.181520947487712 1.1341937340660431 0.00098812270363956537 24.574278240431564 1.1391986300579864 -0.0093539401273847727 63.734299405177332 0.67772963599780389 0.0046960192919498498 0.0034130748709785695
decision_type=2 2 2 2 2 2 2 2 2 2 2 2 2 2
left_child=4 3 -3 -2 7 -6 -4 8 -1 -9 -11 12 -12 -14
right_child=1 2 6 -5 5 -7 -8 9 -10 10 11 -13 13 -15
leaf_value=-0.012868656264283698 -0.0028848643696425293 0.018503163880555562 -0.00091240526655192694 -0.024378419346475659 0.016564699234706076 -0.0060194770182408546 -0.015038939007428658 0.010902638747931525 0.0047889959960626229 0.00028627495988074779 -0.0030589649283429194 -0.0054298874008907308 0.020291819631508341 0.00040193145885819191
leaf_weight=109.55848476290703 57.718509882688522 49.06703220307827 262.48993229866028 74.50136399269104 99.931909739971161 47.676588863134384 46.537579566240311 89.860674679279327 57.20535697042942 13142.919977679849 83.990999981760979 777.04126121103764 92.777764156460762 57.333418324589729
leaf_count=468 232 199 1073 302 410 219 210 384 248 53372 339 3243 375 234
internal_value=2.60608e-05 -0.0041917 -7.3242e-05 -0.0151785 0.000168669 0.0092872 -0.0031228 7.3992e-05 -0.00682654 0.000155729 8.59683e-05 -0.00251306 0.00713258 0.0128003
internal_weight=15048.6 490.314 358.095 132.22 14558.3 147.608 309.028 14410.7 166.764 14243.9 14154.1 1011.14 234.102 150.111
internal_count=61308 2016 1482 534 59292 629 1283 58663 716 57947 57563 4191 948 609
is_linear=0
shrinkage=0.03


Tree=129
num_leaves=15
num_cat=0
split_feature=3 11 7 17 11 6 6 13 2 12 13 16 12 12
split_gain=7.96953 8.62083 19.0852 21.3135 25.6529 21.393 19.0478 34.2699 14.2243 28.9641 17.381 13.2268 12.2956 13.8213
threshold=0.02227112568179113 43.981268619184327 0.57787171872699328 0.22695468355932433 24.574278240431564 0.00035219880804193763 0.00056306294059860218 0.0064981592826618426 -0.0022997864268992914 -0.0055019582335731889 0.0055439807408196326 -0.52778511650980109 -0.0020804076934287092 -0.0035635268771245228
decision_type=2 2 2 2 2 2 2 2 2 2 2 2 2 2
left_child=1 2 6 5 -5 -4 -1 -8 9 -6 11 -10 13 -7
right_child=-2 -3 3 4 8 12 7 -9 10 -11 -12 -13 -14 -15
leaf_value=0.0021124655702883942 0.010708472916503411 -0.00028639983572806087 -0.015710059114271455 -0.013741868094727435 0.0063313857194972701 0.001503090532978165 -0.015074510961351168 0.011739458191865792 0.012425037772263052 0.028445398795636803 -0.0061871569651640434 0.0035575594076121776 0.011489362238838011 -0.0049575043523240074
leaf_weight=227.88721494376659 62.722664400935173 10864.886637359858 69.197967737913132 57.973433405160904 197.12322221696377 1999.5304993242025 210.5789497345686 52.151407793164253 215.01402640342712 71.962095245718956 116.58325998485088 509.51151423156261 94.122092753648758 348.17610973119736
leaf_count=924 255 44070 282 242 814 8325 870 212 904 294 472 2048 383 1411
internal_value=0.000203906 0.000158664 0.00131791 0.00205945 0.00540342 0.000500727 -0.00422881 -0.00970352 0.00642609 0.0124116 0.00448631 0.00621608 0.000972598 0.000541549
internal_weight=15097.4 15034.7 4169.81 3679.19 1168.17 2511.03 490.618 262.73 1110.19 269.085 841.109 724.526 2441.83 2347.71
internal_count=61506 61251 17181 15175 4774 10401 2006 1082 4532 1108 3424 2952 10119 9736
is_linear=0
shrinkage=0.03


Tree=130
num_leaves=15
num_cat=0
split_feature=6 12 13 13 16 17 17 17 1 12 17 12 5 12
split_gain=9.05494 55.4969 38.3742 18.4774 25.5658 13.5967 12.6142 12.0177 14.3386 14.7779 13.0047 19.2975 11.8232 12.3882
threshold=0.00042298437763089476 -0.0062678543771265685 0.0065631374820757102 0.0016019182412473356 0.68322629814330837 0.38268343236508956 -0.84874750804349197 0.68322629814330826 0.00011638284780543172 -0.0015939860750638355 0.29012925520284116 -0.0017415677448896492 -0.00049272583907083989 -0.0043702224614420851
decision_type=2 2 2 2 2 2 2 2 2 2 2 2 2 2
left_child=1 5 3 4 12 -1 -5 8 10 -10 -8 -12 13 -3
right_child=-2 2 -4 6 -6 -7 7 -9 9 -11 11 -13 -14 -15
leaf_value=0.0087697077865426867 -0.0002533029489700428 -0.0033612674358393727 -0.016397958624851983 -0.0064532514145438759 -0.013028217025823532 0.029316197891299998 0.0072812572925308816 0.00045675124365685969 -0.0051999692675836458 0.010328076900635261 0.030590663378031156 0.0060890435973228619 -0.0047113930218917527 0.015488926367239003
leaf_weight=50.713319972157478 13569.595508739352 48.686783626675606 109.79985217750072 86.434294879436493 151.92016610503197 73.76920560002327 185.71462926268578 277.63373662531376 113.1892835944891 103.99972388148308 66.319073021411896 52.288035675883293 107.52847439050674 83.244313985109329
leaf_count=206 55359 200 441 347 613 298 749 1115 455 419 268 210 434 340
internal_value=-7.87131e-06 0.00219331 0.000457573 0.00193028 -0.00348611 0.0212167 0.0043265 0.00550563 0.00818145 0.00226194 0.0123638 0.0200692 0.00262545 0.00858629
internal_weight=15080.8 1511.24 1386.76 1276.96 391.38 124.483 885.579 799.144 521.511 217.189 304.322 118.607 239.46 131.931
internal_count=61454 6095 5591 5150 1587 504 3563 3216 2101 874 1227 478 974 540
is_linear=0
shrinkage=0.03


Tree=131
num_leaves=15
num_cat=0
split_feature=6 12 13 13 6 3 16 11 13 6 3 12 4 12
split_gain=10.2658 21.0734 14.9151 21.1079 19.547 25.1593 21.1223 25.0817 25.5151 18.5906 31.8046 21.871 35.5727 23.9476
threshold=0.0010553633557489896 -0.00036228818069317098 0.0046600418087628945 0.0019107979120905896 0.0011828476359319752 -0.0020656030429086476 0.84874750804349197 41.657816692491565 0.0010030718971929533 0.0012703204130613762 0.00079420644354612224 -0.0044031570961453595 0.00011765192037849205 -0.013175145759164507
decision_type=2 2 2 2 2 2 2 2 2 2 2 2 2 2
left_child=-1 2 3 4 -2 6 7 8 -6 10 -5 13 -13 -11
right_child=1 -3 -4 9 5 -7 -8 -9 -10 11 -12 12 -14 -15
leaf_value=0.00047539785288736692 -0.010868721674083011 -0.01902241113941458 0.00062480118862271892 0.0057584783659460712 0.017546704786971391 -0.0062712565757751092 -0.0079115181098077924 0.025781018317826601 -0.0056760091829431165 -0.00051973027207227089 -0.019671695774020073 -0.013463192523635259 0.010702790342988147 -0.017211988958814844
leaf_weight=11630.99688757956 96.595407918095589 57.920346722006798 1966.3359463065863 209.84443295001984 80.800373986363411 146.78414142131805 54.563537552952766 82.642239883542061 86.156594589352608 103.07944275438786 53.954005137085915 106.52206607162952 108.80954256653786 309.4648971259594
leaf_count=47144 404 255 8174 859 349 598 229 336 367 438 218 430 441 1267
internal_value=4.84446e-05 -0.00138479 -0.00107383 -0.00339224 0.00124192 0.00387262 0.00877689 0.0124589 0.00563751 -0.0062343 0.000448428 -0.00903452 -0.00126573 -0.0130638
internal_weight=15094.5 3463.47 3405.55 1439.22 547.542 450.947 304.163 249.599 166.957 891.674 263.798 627.876 215.332 412.544
internal_count=61509 14365 14110 5936 2283 1879 1281 1052 716 3653 1077 2576 871 1705
is_linear=0
shrinkage=0.03


Tree=132
num_leaves=15
num_cat=0
split_feature=11 3 12 7 17 7 2 2 5 3 7 13 17 12
split_gain=9.09856 8.70108 7.59069 22.6768 25.1351 14.7385 17.2121 8.24387 10.2946 9.39439 23.1777 40.3139 14.3219 8.69945
threshold=80.029514482728786 -0.022249111513130245 -0.016524653457119783 1.1976952956268161 -0.63405362205439475 0.76252762641799043 -0.0022468748621698171 0.0054105055872997751 0.0039346379158011766 0.0067681758466736639 0.69337628828427855 0.012152698574117939 -0.5 -0.0020020023354452294
decision_type=2 2 2 2 2 2 2 2 2 2 2 2 2 2
left_child=1 -1 3 4 -3 -6 -7 9 -9 -4 -11 -12 -13 -10
right_child=-2 2 7 -5 5 6 -8 8 13 10 11 12 -14 -15
leaf_value=-0.011477774108073902 0.011947011281217352 -0.014229524097411817 9.3089053627742373e-05 0.021907236696200087 -0.0043337565523376134 0.0023285009578153325 0.023153848810020763 -0.015029113174034197 0.0033934364987209288 0.020664042345275649 0.015906782244144421 -0.020742573580643457 -0.0015018346906072954 -0.0096548290230445005
leaf_weight=55.496820017695427 57.276946529746056 69.92104372382164 14062.14070558548 54.96235927939415 76.977267310023308 79.14699749648571 63.858043253421783 67.858583599328995 119.67613576352596 67.276496902108192 95.713910222053528 54.866597801446915 90.686204746365547 71.998844370245934
leaf_count=235 247 291 57098 250 313 331 262 294 528 275 391 244 383 336
internal_value=0.000216644 0.00017036 0.000215054 0.00460131 0.00119268 0.00617864 0.011819 0.000111046 -0.00516744 0.000207081 0.00536829 0.000968299 -0.00893754 -0.00155697
internal_weight=15087.9 15030.6 14975.1 344.866 289.903 219.982 143.005 14630.2 259.534 14370.7 308.543 241.267 145.553 191.675
internal_count=61478 61231 60996 1447 1197 906 593 59549 1158 58391 1293 1018 627 864
is_linear=0
shrinkage=0.03


Tree=133
num_leaves=15
num_cat=0
split_feature=4 16 6 13 12 6 13 12 3 13 6 6 3 12
split_gain=8.14824 24.4071 20.9253 20.7657 17.7663 16.7281 17.9732 15.7553 19.2173 22.917 31.1979 14.9546 33.0044 14.0895
threshold=-0.00015792604868908319 -0.55557023301960229 0.0010553633557489896 0.00083666747926369755 -0.0042368584137473788 0.00036508861369838406 0.0059274467587169264 -0.0046655803019523536 -0.0013530123900934719 0.0019107979120905896 0.0017343526578628614 0.00073033388728172314 0.00069893942810539411 -0.0076312230337355893
decision_type=2 2 2 2 2 2 2 2 2 2 2 2 2 2
left_child=1 2 11 4 -2 6 -5 8 9 -4 -11 12 -1 -10
right_child=3 -3 7 5 -6 -7 -8 -9 13 10 -12 -13 -14 -15
leaf_value=0.0065405473845605595 0.0018599377642268477 -0.00031567290698862735 0.0068815262882154756 0.006296744164559347 -0.020208134780383573 -0.0006514678642165414 -0.012214549426273589 -0.012743097786957359 0.020198646123913554 -0.028080611946017905 -0.00048895226910743161 0.0096079910599080054 -0.0073421346926710145 -0.00092589551607315322
leaf_weight=632.46874257922173 51.989529699087143 4260.8104009032249 113.49008287489414 522.54711250960827 85.669322311878204 8253.9024584442377 50.025379478931427 90.261374369263649 65.12601138651371 56.576641038060188 99.777918547391891 534.02141495049 201.75706347823143 48.983008995652199
leaf_count=2672 210 17269 489 2099 344 33547 201 365 281 240 432 2239 817 203
internal_value=8.68692e-05 0.000932189 0.00381516 -0.00048875 -0.0119664 -0.000307073 0.00464253 -0.00161047 0.0010591 -0.00331029 -0.0107015 0.00569521 0.0031735 0.0112709
internal_weight=15067.4 6103.27 1842.46 8964.13 137.659 8826.47 572.572 474.215 383.954 269.845 156.355 1368.25 834.226 114.109
internal_count=61408 25007 7738 36401 554 35847 2300 2010 1645 1161 672 5728 3489 484
is_linear=0
shrinkage=0.03


Tree=134
num_leaves=15
num_cat=0
split_feature=12 11 7 11 4 12 12 16 10 5 7 7 17 17
split_gain=8.32316 21.8276 15.0476 10.7205 12.7662 13.4395 23.6141 16.9457 16.5491 12.8898 58.3357 26.2067 22.743 25.95
threshold=-0.00036228818069317098 62.349729313350501 0.6375366350229682 75.469485596546335 0.0010859803800251646 -0.0091715846337891965 -0.0072586576935985683 0.44228869021900152 1.2502783477155772 0.00082222820732347224 1.6525682227851455 0.6298503358432116 -0.41248606129204529 -0.95642797789208678
decision_type=2 2 2 2 2 2 2 2 8 2 2 2 2 2
left_child=3 -2 -3 4 9 7 -7 8 -6 -1 11 -11 13 -13
right_child=1 2 -4 -5 5 6 -8 -9 -10 10 -12 12 -14 -15
leaf_value=0.00010978264280946024 -0.015341549168815071 0.015261167338116721 -0.0024810679474767641 0.0098896094208606802 -0.014311129013459618 -0.020888654804253913 -0.0028202682102241483 0.017028811484259741 0.007070037656317401 0.0088269307238420958 0.025695890496007255 -0.004991716745466509 -0.0027520666451110068 0.0070077977714760832
leaf_weight=10884.41170604527 108.78053505718708 47.319732621312141 334.95871943235397 103.1979596465826 53.087073490023613 68.08445905148983 933.76159080862999 63.019278645515442 77.815781056880951 374.06988523900509 92.138118207454681 218.37485364079475 1061.9661630392075 615.42379882931709
leaf_count=44264 440 192 1390 443 222 297 3907 259 329 1509 371 883 4300 2480
internal_value=0.000217432 -0.00361597 -0.000216876 0.000347329 0.000277783 -0.00268827 -0.00408735 0.00450762 -0.00168588 0.000545898 0.00255381 0.00159262 0.000157357 0.00386066
internal_weight=15036.4 491.059 382.278 14545.4 14442.2 1195.77 1001.85 193.922 130.903 13246.4 2361.97 2269.83 1895.76 833.799
internal_count=61286 2022 1582 59264 58821 5014 4204 810 551 53807 9543 9172 7663 3363
is_linear=0
shrinkage=0.03


Tree=135
num_leaves=15
num_cat=0
split_feature=3 3 13 6 7 3 16 6 13 16 13 6 10 13
split_gain=7.91186 7.26153 12.272 14.5413 8.35036 6.84629 36.8603 38.4035 38.2953 36.6974 32.7652 24.2251 26.2438 23.8523
threshold=-0.022249111513130245 0.02227112568179113 0.022920678710499635 0.0022031242242127554 0.98418499048859531 -0.002399255715810684 -0.72947329433276231 0.00049182154110190323 0.0072504813414238098 0.91037613702198772 0.001422850852891844 0.00094996951951311758 0.4031444952429411 0.0014966883722365989
decision_type=2 2 2 2 2 2 2 2 2 2 2 2 10 2
left_child=-1 2 5 -4 -5 6 7 -2 9 -8 -9 -10 -13 -7
right_child=1 -3 3 4 -6 13 8 10 11 -11 -12 12 -14 -15
leaf_value=-0.010941747051536178 0.02796086362357806 0.010462563283822491 -0.020868924425955206 0.0050177401321943359 -0.010908470884098352 -0.0038131479607929298 -0.00012885062420339249 0.012168180770046924 0.029716818260112247 -0.01104478613019629 -0.00043746743636283327 -0.010334378055926881 0.014727775589918508 0.00027548734645216517
leaf_weight=57.224678039550781 68.3827815502882 57.977601051330566 52.017916545271873 65.660809531807899 50.810907512903214 1465.4188206940889 1715.5475944429636 314.29990091919899 48.419328272342682 328.5997429639101 448.70646125078201 57.008391931653023 102.46119529008865 10280.666772603989
leaf_count=241 292 236 224 273 222 5945 7005 1372 196 1338 1891 232 421 41720
internal_value=1.76813e-06 4.48099e-05 3.14851e-06 -0.00799977 -0.00199695 9.51424e-05 0.00135276 0.00674305 -0.000641402 -0.00189268 0.00477333 0.0115631 0.00575134 -0.000235165
internal_weight=15113.2 15056 14998 168.49 116.472 14829.5 3083.43 831.389 2252.04 2044.15 763.006 207.889 159.47 11746.1
internal_count=61608 61367 61131 719 495 60412 12747 3555 9192 8343 3263 849 653 47665
is_linear=0
shrinkage=0.03


Tree=136
num_leaves=15
num_cat=0
split_feature=7 11 11 17 12 2 16 2 3 6 6 6 13 16
split_gain=7.80905 23.1868 21.4548 50.3767 23.8495 27.0613 22.988 18.9724 33.3854 32.1172 20.3413 15.7454 23.5387 15.7165
threshold=1.0694313492297645 75.469485596546335 60.917097283580624 0.83146961230254512 -0.0014152296070257251 0.0030168344642776128 -0.95642797789208689 0.0039223306083041041 0.0044590511928413326 0.0011347313410338502 0.0014881943926257715 0.00076063490238684227 0.0055861404113072286 -0.93540483100319605
decision_type=2 2 2 2 2 2 2 2 2 2 2 2 2 2
left_child=1 -1 4 7 5 13 -6 8 9 -4 -9 -8 -13 -2
right_child=2 -3 3 -5 6 -7 11 10 -10 -11 -12 12 -14 -15
leaf_value=-0.00057487277043825143 0.0054235705922608176 0.01372994716435052 0.002120210959712801 -0.029471329217775958 -0.0058541097199800215 0.012895745197249677 0.016372158500001944 -0.013146536147576085 0.018493416784701681 -0.022404660574542438 0.006562228365598389 0.01680199741720681 -0.0086981971570747503 -0.00041082272069817424
leaf_weight=10469.127578482032 489.21270637214184 100.98552833497524 305.08683106303215 60.040973305702209 80.517637014389038 164.48587240278721 232.27281558513641 177.96038410067558 90.232769638299942 54.988301157951355 62.456880182027817 58.90734726190567 68.189594760537148 2695.6911576986313
leaf_count=42468 2053 414 1241 250 328 680 935 806 379 232 286 237 275 11024
internal_value=1.13312e-05 -0.000435635 0.00105169 -0.00357524 0.00196982 0.00110486 0.00852101 -0.00124565 0.00238772 -0.00172813 -0.00801459 0.0117564 0.00319792 0.000488202
internal_weight=15110.2 10570.1 4540.04 750.766 3789.28 3349.39 439.887 690.725 450.308 360.075 240.417 359.37 127.097 3184.9
internal_count=61608 42882 18726 3194 15532 13757 1775 2944 1852 1473 1092 1447 512 13077
is_linear=0
shrinkage=0.03


Tree=137
num_leaves=15
num_cat=0
split_feature=5 5 7 7 11 3 6 16 2 3 7 6 13 12
split_gain=13.1515 11.3028 24.2138 12.9013 10.629 8.61633 14.8716 9.07079 13.6984 11.8834 8.2153 7.85772 37.7702 29.2975
threshold=0.011445063985708661 0.0030009810531225205 0.60557100038301459 1.6525682227851455 73.083267240447938 0.0094737889947262306 0.0014881943926257715 -0.84874750804349175 0.0049890185009102703 0.0054307083855553726 0.85073311172096766 0.00047526668375595774 0.0084359036541511462 -0.0081570856737322433
decision_type=2 2 2 2 2 2 2 2 2 2 2 2 2 2
left_child=1 4 -3 5 11 7 -7 -4 9 -9 -6 12 13 -1
right_child=-2 2 3 -5 10 6 -8 8 -10 -11 -12 -13 -14 -15
leaf_value=0.020341271222644553 0.013754634940291095 0.016658998615902629 -0.014697381067101511 0.0079081660302547409 0.014458640310051353 -0.024585836250668992 -0.0053711996758858899 -0.0051442303923241719 -0.011079617596114836 0.0098249853488980455 -0.00030000378700947877 -0.00037313316353307575 -0.020048516015779429 0.0016260398768318731
leaf_weight=76.284144207835197 59.320936933159828 44.49904291331768 65.51953649520874 53.525550916790962 78.681179255247116 60.718970701098442 89.469083324074745 93.21193939447403 104.15342997014523 93.910746604204178 58.46110363304615 12142.688592597842 68.144346326589584 1981.5420624166727
leaf_count=312 246 182 290 236 320 281 395 398 472 397 240 49398 274 8000
internal_value=-0.000110392 -0.00016701 -0.0041771 -0.00588464 1.96026e-06 -0.00736618 -0.0133604 -0.00478258 -0.00246733 0.00239278 0.00825343 -7.84938e-05 0.00160314 0.0023389
internal_weight=15070.1 15010.8 605.008 560.509 14405.8 506.984 150.188 356.796 291.276 187.123 137.142 14268.7 2125.97 2057.83
internal_count=61441 61195 2651 2469 58544 2233 676 1557 1267 795 560 57984 8586 8312
is_linear=0
shrinkage=0.03


Tree=138
num_leaves=15
num_cat=0
split_feature=11 7 16 16 2 7 11 13 11 12 7 17 16 0
split_gain=7.52666 22.8515 36.3211 11.1243 8.48691 7.10189 13.039 15.8921 19.1505 20.9732 19.0546 19.0214 15.0494 12.4386
threshold=73.083267240447938 1.1391986300579864 0.0327015646150716 0.68322629814330837 0.0093855128858812992 1.1683771814512258 26.987123847590478 0.00044329916418139886 36.515599182721857 -0.0076312230337355893 0.74908479647401549 -0.41248606129204529 0.0327015646150716 5.7248652879482449e-05
decision_type=2 2 2 2 2 2 2 2 2 2 2 2 2 2
left_child=4 2 -2 -4 5 6 12 8 9 -8 -10 -11 -1 -7
right_child=1 -3 3 -5 -6 13 7 -9 10 11 -12 -13 -14 -15
leaf_value=0.0057170518701459179 -0.010717118641513068 -0.0077363931493868747 0.027562180904645548 0.010400599800564236 -0.0097086570263194786 -0.00047921229746938882 0.012075563661019169 -0.00048542828501840253 0.027318212591692974 0.0039540585137751855 0.0054181662481940836 -0.017740403859823284 -0.012950116833059407 0.0033391317948842695
leaf_weight=51.56072273850441 51.779180780053139 88.340050593018532 63.030418545007706 79.780735298991203 80.656534254550934 1742.050219103694 82.429102703928947 11002.465312615037 57.166161611676216 72.760022088885307 93.681034341454506 69.568020924925804 144.70927585661411 1370.3801078647375
leaf_count=221 217 401 258 326 349 7178 349 44606 234 295 383 289 612 5648
internal_value=-2.94548e-05 0.00480007 0.0105122 0.018251 -0.000122622 -6.86623e-05 -0.000410782 -0.000277824 0.00577382 0.000200606 0.0139664 -0.00674879 -0.00803799 0.00120304
internal_weight=15050.4 282.93 194.59 142.811 14767.4 14686.8 11574.3 11378.1 375.604 224.757 150.847 142.328 196.27 3112.43
internal_count=61366 1202 801 584 60164 59815 46989 46156 1550 933 617 584 833 12826
is_linear=0
shrinkage=0.03


Tree=139
num_leaves=15
num_cat=0
split_feature=0 1 17 12 0 3 17 1 4 11 3 1 16 3
split_gain=8.84429 21.2127 11.9913 12.9661 10.419 9.80886 9.33062 17.6818 19.9819 17.0219 17.0178 16.7266 14.5439 17.5605
threshold=2.3344263933633428e-05 0.00057427375041653472 -0.99465189230620676 -0.0063233505552948146 0.0001877220791038359 0.0015893347676035759 -0.41248606129204529 -0.003473315833324941 -0.00095880320210189874 24.574278240431564 -0.0094662133060938718 -8.4024286225781162e-05 -0.68322629814330782 1.0000000180025095e-35
decision_type=2 2 2 2 2 2 2 2 2 2 2 2 2 2
left_child=1 6 3 -2 -5 -6 10 -8 9 -9 -1 -10 13 -13
right_child=2 -3 -4 4 5 -7 7 8 11 -11 -12 12 -14 -15
leaf_value=0.017725944582259692 0.0066755202038618917 -0.0052027042426286974 0.00096677864982534431 1.2186410685918243e-05 -0.022135110615431962 -0.0044729413314351964 -0.016277412347616187 -0.010456177057007066 -0.0032230537616171322 0.0061292876287028586 0.00087717704673026726 0.009866127164515898 -0.0013506047588483397 -0.00040193034781521602
leaf_weight=53.121228694915771 55.407915040850639 849.7751444876194 6745.7949856966734 64.603451371192932 68.462647005915642 49.356321066617966 65.273316651582718 60.457466676831245 2277.2481385022402 524.29645971953869 2566.1706057488918 282.81906116008759 1087.2395814359188 316.12829685211182
leaf_count=239 228 3502 27499 261 276 203 272 260 9244 2178 10436 1165 4382 1287
internal_value=-4.91648e-05 -0.000724727 0.000732683 -0.00585986 -0.00969839 -0.0149343 -0.000197317 -0.00100908 -0.000782895 0.00438473 0.00123215 -0.00154714 0.000717375 0.00446328
internal_weight=15066.2 8082.53 6983.63 237.83 182.422 117.819 7232.75 4613.46 4548.19 584.754 2619.29 3963.44 1686.19 598.947
internal_count=61432 32965 28467 968 740 479 29463 18788 18516 2438 10675 16078 6834 2452
is_linear=0
shrinkage=0.03


Tree=140
num_leaves=15
num_cat=0
split_feature=1 16 16 13 6 3 3 17 17 11 5 6 5 7
split_gain=10.2474 15.8851 28.5846 27.3183 17.3336 22.5135 19.9863 15.7232 14.0901 65.3035 23.5165 26.1643 18.7307 15.2905
threshold=-0.00038877418828296701 -0.9733555533461492 -0.41248606129204551 0.0026065572456375201 0.0011203239907113989 -0.00289317299149025 -0.00021345305297060244 0.68322629814330826 0.55557023301960229 47.400954467506629 -0.00082060509395487358 0.00098067547781372877 0.0027738336950298152 1.039308245086916
decision_type=2 2 2 2 2 2 2 2 2 2 2 2 2 2
left_child=1 3 4 -1 5 -3 -6 -7 10 -10 11 -4 -12 -13
right_child=-2 2 8 -5 6 7 -8 -9 9 -11 12 13 -14 -15
leaf_value=0.0082619830201463729 -0.00037265412376978038 0.01751389148750138 -0.0054674187906206331 -0.013670026512220953 -0.0069848481787477502 0.0031027850525824109 0.0078868776348742804 0.014991016205688644 0.0015228565646714046 -0.018137401177728892 0.006140748789540052 -0.00086376379807589923 -0.01079733624514242 0.012048737561260119
leaf_weight=75.423715308308601 10981.307201296091 179.48314481973648 598.94803151488304 149.85068915784359 171.89219342172146 504.20478793978691 150.79133795201778 123.47384284436703 658.49014134705067 195.60831147432327 869.05343756079674 180.56533524394035 61.208729237318039 149.64353553950787
leaf_count=325 44711 777 2428 619 736 2065 627 504 2661 790 3495 746 267 630
internal_value=0.000103866 0.00138955 0.00184443 -0.00631892 0.00584933 0.00819379 -2.94563e-05 0.00548157 0.000173798 -0.00301165 0.00163865 -0.00173571 0.0050055 0.00502521
internal_weight=15049.9 4068.64 3843.36 225.274 1129.85 807.162 322.684 627.679 2713.52 854.098 1859.42 929.157 930.262 330.209
internal_count=61381 16670 15726 944 4709 3346 1363 2569 11017 3451 7566 3804 3762 1376
is_linear=0
shrinkage=0.03


Tree=141
num_leaves=15
num_cat=0
split_feature=13 3 17 7 17 5 4 17 11 12 13 11 7 12
split_gain=10.1918 16.0444 14.2021 13.2255 28.128 15.6229 13.14 21.7043 12.2742 12.436 19.2658 13.0162 13.081 11.452
threshold=0.012406335944248338 0.0067681758466736639 -0.097964660725097366 1.2253509206630839 -0.5 0.000424304426009603 0.0020639324283204812 -0.16280825711808986 71.33756565004181 -0.00036228818069317098 0.0079627785177256456 64.033851392033981 0.90451296009098547 -0.010983011148587461
decision_type=2 2 2 2 2 2 2 2 2 2 2 2 2 2
left_child=1 6 -3 5 -5 -2 8 -8 9 -1 11 12 -11 -7
right_child=3 2 -4 4 -6 13 7 -9 -10 10 -12 -13 -14 -15
leaf_value=0.00028171780310928173 -0.0099221817001019525 0.020095535000027868 0.0012883279606255395 -0.020270015867329755 0.0041811536934187061 0.011048138345509818 -0.016654133051084097 0.0038756011208230519 0.0074631579514258268 -0.01926686078133976 -0.018326087251249384 0.0052485018282672092 0.00088406599876501076 -0.00078977364910241593
leaf_weight=13382.431054070592 144.28054033219814 66.513984069228172 77.091407775878906 103.32381452620029 69.831447869539261 85.782011792063713 104.46534100174904 80.964608758687973 207.24614763259888 52.985033243894577 79.209986969828606 125.00953754782677 60.979735136032104 452.29761405289173
leaf_count=54380 593 274 317 472 318 355 461 344 844 214 325 506 246 1909
internal_value=5.6916e-05 0.000248199 0.0101557 -0.00311944 -0.010474 -0.00122799 0.000145819 -0.00774449 0.000252117 0.000141963 -0.00570097 -0.00139891 -0.00865531 0.00113138
internal_weight=15092.4 14236.9 143.605 855.515 173.155 682.36 14093.3 185.43 13907.9 13700.6 318.184 238.974 113.965 538.08
internal_count=61558 57911 591 3647 790 2857 57320 805 56515 55671 1291 966 460 2264
is_linear=0
shrinkage=0.03


Tree=142
num_leaves=15
num_cat=0
split_feature=0 17 2 0 17 6 2 11 3 2 16 3 6 17
split_gain=6.95141 13.3051 66.9064 17.4315 16.2788 15.9156 14.4373 15.7863 14.0077 17.3449 17.049 16.4914 14.0592 12.2665
threshold=-3.9603492645007281e-05 0.72947329433276265 0.00048903207678527305 -0.00041547998983487705 0.68322629814330826 0.00028944192871585155 -0.00070977514815881426 49.078620013192428 -0.002747996406624625 -0.00010605577968339495 0.88144907265856365 0.0025743841224072019 0.00086539555583671046 0.83146961230254512
decision_type=2 2 2 2 2 2 2 2 2 2 2 2 2 2
left_child=1 3 6 4 -1 -5 -3 -8 10 11 -7 -10 -13 -2
right_child=13 2 -4 5 -6 8 7 -9 9 -11 -12 12 -14 -15
leaf_value=0.0019853302468542341 -8.8128930668451457e-06 0.0045699069419930871 -0.01464170925722859 0.01095578266738719 0.019238471042494161 0.0047214589483035229 -0.0061718793193786111 0.0035520430605006786 -0.0037905103178006178 -0.00029669810588582509 -0.0088944027548628381 -0.021842378631832922 -0.0017487596712096158 0.0029886301733939259
leaf_weight=1553.2694393247366 6842.0895972698927 438.28337517380714 352.28108674287796 92.168076395988464 48.873061701655388 519.20897427201271 394.86275134980679 240.15420664846897 1195.485216319561 1596.8868661522865 96.489725053310394 87.232540100812912 48.877021580934525 1495.7092960327864
leaf_count=6411 27940 1776 1435 372 202 2174 1589 966 4863 6483 395 352 204 6038
internal_value=-4.78005e-05 -0.000770015 -0.00333744 -7.03181e-05 0.00253496 -0.00121894 0.000393199 -0.00249483 -0.00154155 -0.00240626 0.00256575 -0.00493186 -0.0147566 0.000529483
internal_weight=15001.9 6664.07 1425.58 5238.49 1602.14 3636.35 1073.3 635.017 3544.18 2928.48 615.699 1331.59 136.11 8337.8
internal_count=61200 27222 5766 21456 6613 14843 4331 2555 14471 11902 2569 5419 556 33978
is_linear=0
shrinkage=0.03


Tree=143
num_leaves=15
num_cat=0
split_feature=3 4 17 2 11 11 6 12 2 17 12 12 3 16
split_gain=8.75443 7.96956 28.0844 12.604 9.46363 7.55203 8.05121 22.6973 15.9501 24.3627 36.3554 16.3466 17.25 14.7384
threshold=0.02227112568179113 -0.0029241387929881397 -0.19509032201612839 -0.0060190397704384243 24.574278240431564 80.029514482728786 0.0011661418646798153 -0.00083038492091064276 -0.0024192760955532573 0.16280825711809005 -0.0060360053981372 -0.012234789512329645 -0.006078921519549473 0.68322629814330837
decision_type=2 2 2 2 2 2 2 2 2 2 2 2 2 2
left_child=1 2 -1 -4 -3 6 8 -8 9 11 -11 -6 -13 -14
right_child=-2 4 3 -5 5 -7 7 -9 -10 10 -12 12 13 -15
leaf_value=0.012960259448296183 0.011011459872592543 -0.0095814005169515271 -0.014192841629052218 0.0052502940275390266 0.015133937856608508 0.011238617418046199 -0.0011601666459739189 -0.014317411014950028 -0.00024010039130428984 0.0022573384267922728 0.027688294193578801 -0.017444279790738169 0.0043305477595513564 -0.0074338634817305059
leaf_weight=159.76362515985966 60.865143030881882 96.271568968892097 69.880688533186913 50.087109670042992 63.515650704503059 49.402033105492592 2534.404599621892 121.79878437519073 11136.689483106136 120.66726589202881 85.610561832785606 48.421524569392204 337.99385899305344 131.49170356988907
leaf_count=717 248 409 296 207 286 215 10456 530 45107 498 351 206 1405 530
internal_value=-0.000160382 -0.000207157 0.00479102 -0.00612226 -0.000302737 -0.000240378 -0.000280808 -0.0017738 5.20047e-05 0.004172 0.0129764 0.0010146 -0.000768535 0.00101806
internal_weight=15066.9 15006 279.731 119.968 14726.3 14630 14580.6 2656.2 11924.4 787.701 206.278 581.423 517.907 469.486
internal_count=61461 61213 1220 503 59993 59584 59369 10986 48383 3276 849 2427 2141 1935
is_linear=0
shrinkage=0.03


Tree=144
num_leaves=15
num_cat=0
split_feature=2 12 13 1 12 13 6 17 11 3 7 6 17 17
split_gain=8.09549 21.4604 15.4329 14.6902 12.5436 9.76239 15.0849 9.67846 12.5736 9.12006 43.8488 36.5417 23.6314 41.1337
threshold=0.0039223306083041041 -0.0091715846337891965 0.037217549076633778 0.00013998108483991026 -0.0065677822313826009 0.013747559542189093 0.0013024399379190108 -0.63405362205439475 73.083267240447938 0.00085511409776262159 1.6103119539632982 0.0007700506046923049 0.93540483100319638 -0.065403129230142923
decision_type=2 2 2 2 2 2 2 2 2 2 2 2 2 2
left_child=9 3 4 -2 -3 6 7 -6 -9 -1 12 -12 13 -11
right_child=1 2 -4 -5 5 -7 -8 8 -10 10 11 -13 -14 -15
leaf_value=-0.0003922359878779176 -0.0044651571644101634 -0.023442856810001956 0.0076991973264897255 0.015401145570148208 0.0021162612702974285 -0.014071352949173631 0.0117444252139521 -0.017507751608129337 0.001227489736598023 0.0024764760751768947 0.033934000397043612 0.0058829817399707329 0.0062899700806444605 -0.0032809117060889517
leaf_weight=9145.9152060598135 56.252993911504745 42.935899123549461 59.786086723208427 78.262638479471207 72.89514684677124 107.91489839553833 46.727305963635445 94.191113188862801 48.116846963763237 2502.0144934356213 61.458763033151627 125.67033718526363 588.5621238052845 2014.012877613306
leaf_count=37291 236 196 247 329 311 511 203 401 212 10151 248 511 2372 8159
internal_value=3.83867e-05 -0.00334954 -0.00635563 0.00714957 -0.0084186 -0.0065577 -0.00337892 -0.00674058 -0.0112438 0.000181289 0.00117231 0.0153572 0.000646496 -9.14621e-05
internal_weight=15044.7 607.083 472.567 134.516 412.781 369.845 261.93 215.203 142.308 14437.6 5291.72 187.129 5104.59 4516.03
internal_count=61378 2646 2081 565 1834 1638 1127 924 613 58732 21441 759 20682 18310
is_linear=0
shrinkage=0.03


Tree=145
num_leaves=15
num_cat=0
split_feature=13 16 6 1 0 2 16 1 17 17 2 13 7 7
split_gain=7.67806 67.8207 31.9897 30.3068 21.451 17.0161 16.196 35.3707 34.9405 17.2484 32.2682 22.7225 19.3121 20.9655
threshold=0.0023058327608149747 -0.93540483100319605 0.00051331407948942466 -0.00019241677182163516 -0.00029200433631887396 0.00062129482500758459 -0.93540483100319605 0.00020858108323806859 -0.032701564615071448 0.25881904510252057 -0.001908425370321362 0.012406335944248338 0.47176774471543742 1.039308245086916
decision_type=2 2 2 2 2 2 2 2 2 2 2 2 2 2
left_child=1 -1 4 -4 -3 -5 7 -2 -9 11 -11 12 -8 -14
right_child=6 2 3 5 -6 -7 9 8 -10 10 -12 -13 13 -15
leaf_value=0.0091406148536320921 -0.006729357480085664 -0.0094019846532917162 -0.00084251085909911767 -0.0056059616524936299 0.0036712676913639927 -0.015278113416836544 0.017783523367045119 -0.0042998809664381889 0.012582260783866712 0.0089582545928722432 -0.0012753909494348094 -0.0042003469671348581 0.00086907272504256139 0.0050136260512886636
leaf_weight=531.89703617990017 745.7710624486208 125.78806649148464 1546.9607751816511 1324.1039302349091 975.54316917061806 186.04971031844616 73.627972081303596 223.31571540236473 214.64306284487247 297.69502663612366 3710.5400258004665 464.91725361347198 2804.7683405578136 1804.7892697900534
leaf_count=2250 3066 511 6375 5379 3942 754 298 930 883 1217 15024 2005 11322 7360
internal_value=8.06087e-05 -0.0009259 -0.00221726 -0.00379592 0.00216378 -0.00681619 0.00053726 -0.002762 0.00399362 0.000964299 -0.000511241 0.00211288 0.00274115 0.00249327
internal_weight=15030.4 4690.34 4158.45 3057.11 1101.33 1510.15 10340.1 1183.73 437.959 9156.34 4008.24 5148.1 4683.19 4609.56
internal_count=61316 19211 16961 12508 4453 6133 42105 4879 1813 37226 16241 20985 18980 18682
is_linear=0
shrinkage=0.03


Tree=146
num_leaves=15
num_cat=0
split_feature=6 12 13 3 16 16 12 3 16 11 13 6 17 3
split_gain=8.38548 50.6172 38.8613 26.3845 43.197 17.0659 19.0306 14.1668 24.8269 17.9216 13.7308 32.3243 54.2624 48.457
threshold=0.00041771701983947925 -0.0065039228605083812 0.006380969290918804 0.0011639101670002929 0.91037613702198772 -0.72947329433276231 -0.0022946042445146637 -0.0011935534188086958 0.88144907265856365 54.771181113457367 0.0060851585383916449 0.00075247359977097499 -0.81241147629688992 -0.0011604960107298721
decision_type=2 2 2 2 2 2 2 2 2 2 2 2 2 2
left_child=1 -1 3 5 -5 6 -3 8 -7 -9 -2 13 -13 -12
right_child=10 2 -4 4 -6 7 -8 9 -10 -11 11 12 -14 -15
leaf_value=0.021607922929666488 -0.00091115929625255974 0.01810135177894431 -0.015921011455607571 0.0039957544759088009 0.032646369120596826 -0.0024703606832379523 -0.0037697377520023931 0.0040410516206419904 -0.025046892341756128 -0.00762658313447254 0.02673344674506788 -0.0084214981307342892 0.0016436111979812797 0.0035846756386478389
leaf_weight=108.62556874752045 9647.0592070072889 83.830818340182304 116.39317774772644 226.2109556645155 58.154275134205818 165.39072129130363 60.427430912852287 381.01986077427864 57.908615499734879 169.55433514714241 85.83862578868866 618.56480085849762 2158.0701470822096 1125.1161054819822
leaf_count=441 39282 351 468 910 234 666 247 1531 235 681 347 2570 8953 4546
internal_value=-6.99789e-05 0.002116 0.00048033 0.00209166 0.010042 -0.000387218 0.00901364 -0.00215835 -0.00849554 0.000433299 -0.000299122 0.00118128 -0.000603091 0.00526695
internal_weight=15062.2 1427.52 1318.89 1202.5 284.365 918.132 144.258 773.874 223.299 550.574 13634.6 3987.59 2776.63 1210.95
internal_count=61462 5764 5323 4855 1144 3711 598 3113 901 2212 55698 16416 11523 4893
is_linear=0
shrinkage=0.03


Tree=147
num_leaves=15
num_cat=0
split_feature=5 4 3 1 13 3 3 5 7 0 7 17 6 13
split_gain=7.64893 12.8394 17.3583 11.7667 9.33354 27.3815 6.76631 8.7701 12.985 8.81057 7.90858 10.6437 7.68124 44.8824
threshold=0.011445063985708661 0.0032971635929325287 0.0029447443656698273 0.0029308758462613942 0.022920678710499635 0.0086122538827030932 -0.022249111513130245 -0.0032713963849796408 1.5344182263789699 0.0013112666744978659 1.2203539047543488 -0.91037613702198728 0.00041771701983947925 0.0065631374820757102
decision_type=2 2 2 2 2 2 2 2 2 2 2 2 2 2
left_child=1 4 -3 -4 6 -6 -1 8 10 12 11 -8 13 -9
right_child=-2 2 3 -5 5 -7 7 9 -10 -11 -12 -13 -14 -15
leaf_value=-0.01013228300718029 0.010806636896954935 0.0074510316270257337 -0.023444338230181654 -0.0045827297936372764 -0.020813309542322887 0.0060330604637555433 -0.0088108105279161991 0.0035164292827891638 -0.0071221227293755832 0.0072947910723250228 0.011940757602481545 0.0060405603372069242 -0.00026425781150953232 -0.016680762811689107
leaf_weight=55.375730603933334 57.011659115552902 44.461727201938629 59.49490424990654 60.038648799061775 68.058196246623993 65.420318126678467 51.886818766593933 1348.6356132179499 76.426432773470879 147.58889377117157 140.70553797483444 224.32163438200951 12533.765411943197 104.88105563819408
leaf_count=236 237 198 285 279 287 274 217 5449 338 610 646 950 50944 422
internal_value=2.71294e-05 -1.533e-05 -0.00831244 -0.014202 7.76119e-05 -0.00776058 0.000149911 0.000190214 0.00411388 5.27064e-05 0.00619778 0.00320739 -2.47416e-05 0.00203815
internal_weight=15038.1 14981.1 163.995 119.534 14817.1 133.479 14683.6 14628.2 493.34 14134.9 416.914 276.208 13987.3 1453.52
internal_count=61372 61135 762 564 60373 561 59812 59576 2151 57425 1813 1167 56815 5871
is_linear=0
shrinkage=0.03


Tree=148
num_leaves=15
num_cat=0
split_feature=3 16 12 6 5 7 1 13 16 3 7 11 6 5
split_gain=8.17003 22.4239 34.1409 35.8728 32.4467 23.4394 23.3244 16.0753 17.0774 28.5232 27.6647 23.166 16.9861 15.3898
threshold=0.0029447443656698273 -0.72947329433276231 -0.0013387613415148378 0.00059074541355829335 -0.00016630839261300154 1.3251830483913962 0.00046882910846840492 0.012701200332112196 0.29012925520284133 0.0067681758466736639 1.0809833958794708 71.33756565004181 0.00054534951771732679 0.0079011394255809071
decision_type=2 2 2 2 2 2 2 2 2 2 2 2 2 2
left_child=-1 2 3 -2 -3 -5 -4 8 9 12 11 -10 -6 -9
right_child=1 4 6 5 7 -7 -8 13 10 -11 -12 -13 -14 -15
leaf_value=0.00021843630141355811 -0.023756366410998857 -0.018290321162945409 -0.0078423163874592298 -0.0016312151344115367 -0.0089229141832354308 0.016437789446533294 -0.026337655888631538 -0.0074412173188399744 0.00082716908984342501 0.027484540832438051 -0.0092256905965489525 0.020482259623092754 0.0062159336852942657 0.0071489127587636148
leaf_weight=12614.959378436208 51.790377452969551 80.10021236538887 172.68711689114571 283.1826243698597 75.018403187394142 81.603484839200974 95.560334280133247 303.16642911732197 370.56181783974171 49.870407357811928 225.30157636106014 61.207211956381798 504.90145030617714 80.984635278582573
leaf_count=51339 209 329 710 1185 302 345 410 1318 1491 204 933 250 2047 349
internal_value=-8.87806e-05 -0.00167864 -0.00627273 -0.000881085 0.000123128 0.00247845 -0.0145772 0.00102659 0.00263415 0.00615595 -0.000749868 0.00369505 0.00423364 -0.00434431
internal_weight=15050.9 2435.94 684.824 416.576 1751.11 364.786 268.247 1671.01 1286.86 629.79 657.071 431.769 579.92 384.151
internal_count=61421 10082 2859 1739 7223 1530 1120 6894 5227 2553 2674 1741 2349 1667
is_linear=0
shrinkage=0.03


Tree=149
num_leaves=15
num_cat=0
split_feature=3 12 6 2 12 6 12 7 6 12 7 3 7 7
split_gain=9.38002 14.9931 14.8164 10.043 6.74128 20.575 43.9023 26.9595 28.0246 21.3634 16.8683 32.9854 25.1459 15.0087
threshold=-0.022249111513130245 -0.022344683503090653 0.0022031242242127554 -0.0041209938678060092 -0.0053748100117906308 0.00039008557378271321 -0.0065039228605083812 0.64156763827707597 0.00054262841970532905 -0.0079702778741822505 1.5700185010033123 -0.0094662133060938718 1.7926935697047319 1.6525682227851455
decision_type=2 2 2 2 2 2 2 2 2 2 2 2 2 2
left_child=-1 2 -2 -4 5 6 -3 8 9 -7 11 -9 -12 -6
right_child=1 4 3 -5 13 7 -8 10 -10 -11 12 -13 -14 -15
leaf_value=-0.011563245179435112 0.022602929235025694 0.023945107736399445 -0.0049959755712198593 0.012139970621332836 0.00017045902876653213 0.01740573631881288 -0.011150588633578463 0.017119937205059759 -0.0085853413491154707 -0.0039461902780151643 -0.014507912050277972 -0.00018758930238047742 0.0070277746138955729 0.006915617331189291
leaf_weight=60.959587171673775 48.141041740775108 81.713925242424011 63.582913085818291 56.238378271460533 9809.2227236777544 69.763476401567459 50.480840086936951 100.14445213973522 722.88912408053875 100.89176195859909 160.08318968117237 3329.121280387044 68.385175257921219 304.16514092683792
leaf_count=259 200 331 274 231 39795 289 205 445 2955 409 669 13731 285 1248
internal_value=-7.95929e-06 4.06504e-05 0.00890018 0.00311408 -6.11053e-05 -0.00100182 0.0105768 -0.00134263 -0.00600792 0.00488294 -0.000200291 0.000327525 -0.0080568 0.00037465
internal_weight=15025.8 14964.8 167.962 119.821 14796.9 4683.47 132.195 4551.28 893.544 170.655 3657.73 3429.27 228.468 10113.4
internal_count=61326 61067 705 505 60362 19319 536 18783 3653 698 15130 14176 954 41043
is_linear=0
shrinkage=0.03


Tree=150
num_leaves=15
num_cat=0
split_feature=4 7 13 7 17 2 6 10 13 13 7 6 16 13
split_gain=6.98244 22.9963 17.6889 20.8375 19.413 28.0051 17.9899 17.6117 17.0429 16.2732 16.2843 20.4597 15.6442 19.7956
threshold=-0.00015792604868908319 0.86290480359325328 0.0027590290446629644 1.6296967798384323 0.16280825711809005 -0.0043486595637056763 0.00075247359977097499 1.4764651592895981 0.00078244283191475372 0.00086483016475447105 0.4910571786030275 0.001231606849458454 0.44228869021900152 0.00097658071022621606
decision_type=2 2 2 2 2 2 2 10 2 2 2 2 2 2
left_child=1 12 3 4 5 -3 -5 -4 -6 -2 11 -11 13 -1
right_child=9 2 7 6 8 -7 -8 -9 -10 10 -12 -13 -14 -15
leaf_value=0.0079473677846275369 -0.010377924520899487 0.013453744827617053 0.0058671995629093606 -0.023004216273748896 -0.0020421046575947537 -0.0016511056057432205 -0.0026298875620903673 -0.0089974244306361782 0.0095603751284554592 0.0068664227092199506 -0.00072936249146636392 -0.010409894629468586 -0.004007064726869943 -0.0010050866353865622
leaf_weight=271.90260201692581 147.61204880475998 118.91948367655277 1271.3104446232319 55.223935946822166 158.32026858627796 1276.5492578148842 124.45407128334045 74.276026546955109 398.91411431133747 472.3132087290287 8306.3432264477015 69.106834292411804 1143.8727061748505 1178.0836821496487
leaf_count=1132 595 543 5193 227 655 5252 517 319 1627 1904 33799 281 4662 4790
internal_value=-3.58266e-05 0.000750097 0.00234394 0.000642972 0.00154566 -0.000346484 -0.00907623 0.00503454 0.00626839 -0.000566369 -0.000400369 0.00463108 -0.00138716 0.000682319
internal_weight=15067.2 6071.83 3477.97 2132.38 1952.7 1395.47 179.678 1345.59 557.234 8995.38 8847.76 541.42 2593.86 1449.99
internal_count=61496 24917 14333 8821 8077 5795 744 5512 2282 36579 35984 2185 10584 5922
is_linear=0
shrinkage=0.03


Tree=151
num_leaves=15
num_cat=0
split_feature=4 16 12 5 12 2 17 3 3 16 18 7 12 4
split_gain=8.07722 25.0626 17.0218 29.9611 16.3318 14.6372 17.4647 38.2258 24.9588 13.9574 19.0771 17.267 38.0093 27.6053
threshold=-0.00015792604868908319 0.44228869021900152 -0.0060897207291513702 -0.0020614932471838539 -0.01009278125278573 -0.0024192760955532573 0.72947329433276265 -0.00037684267603943494 -0.0024842801515651265 0.41248606129204562 7.923081952153983 0.67402074841245796 -0.0085351647416906911 0.00033050794565181457
decision_type=2 2 2 2 2 2 2 2 2 2 2 2 2 2
left_child=1 -1 3 -3 -5 -4 8 -8 -7 -2 11 12 -11 -14
right_child=9 2 5 4 -6 6 7 -9 -10 10 -12 -13 13 -15
leaf_value=0.0021530975014584057 -0.0016467514585638743 0.00060551335172254292 0.0084628287507119114 -0.019843950699417714 -0.0069277106551168931 -0.011635027339977531 0.0055100277078450237 -0.026929195347585165 0.0022479164488870837 -0.018468598858988498 0.01514018201792796 -0.00094931581328815042 0.001053435302479645 0.011975125834609142
leaf_weight=3816.364545494318 5700.6731760501862 462.86182376742363 172.9199874997139 114.94590477645397 375.83856183290482 131.82110811769962 62.510067954659462 65.26293919980526 901.03809453547001 61.704274564981461 79.487545296549797 2297.823950946331 505.7442380040884 352.63887076079845
leaf_count=15748 23222 1924 701 475 1529 534 251 262 3629 249 333 9331 2031 1425
internal_value=-0.000176995 0.000665285 -0.00181695 -0.00487288 -0.0100211 0.000372412 -0.000845446 -0.0112187 0.000457011 -0.000748351 0.000804895 0.000441606 0.00390982 0.00555766
internal_weight=15101.6 6103.56 2287.2 953.646 490.784 1333.55 1160.63 127.773 1032.86 8998.07 3297.4 3217.91 920.087 858.383
internal_count=61644 25053 9305 3928 2004 5377 4676 513 4163 36591 13369 13036 3705 3456
is_linear=0
shrinkage=0.03


Tree=152
num_leaves=15
num_cat=0
split_feature=0 1 12 16 3 7 4 13 7 7 2 13 17 17
split_gain=7.83557 12.7527 10.5391 11.5851 33.3756 26.7458 31.9287 26.3354 25.6512 25.7971 20.2363 21.2458 23.4131 20.0283
threshold=-6.1988832694953575e-05 -0.00086434667184154257 -0.0092978629827565312 -0.55557023301960229 0.00063940608951210131 1.3546589289677471 0.00063640364631478718 0.010214746905528595 1.0651206640171 1.6296967798384323 0.00063878598727199279 0.0088219131249656097 0.63405362205439486 0.13052619222005152
decision_type=2 2 2 2 2 2 2 2 2 2 2 2 2 2
left_child=-1 -2 -3 5 7 6 -4 13 -6 -10 -8 12 -12 -5
right_child=1 2 3 4 8 -7 10 -9 9 -11 11 -13 -14 -15
leaf_value=-0.00089588489207757642 0.0050104294382098905 0.0037466073134992547 -0.0010024294659957027 -0.0045241394169768419 0.0050999719148361374 0.0074224278740588892 -0.025062214893581385 0.017360645320258793 -0.0046517239045981585 0.011702542098790578 0.00020512723961271581 -0.020303062403728388 -0.021438650461228274 0.00062965864411838489
leaf_weight=6309.0183319747448 526.00844079256058 689.00168834626675 1647.2720678597689 1393.97960460186 1773.9410148411989 247.63122029602528 66.080992713570595 62.623632535338402 523.92077897489071 102.00760416686535 258.3190643042326 85.873442426323891 52.456546202301979 1319.7854184657335
leaf_count=25798 2178 2870 6722 5618 7161 1028 273 257 2165 424 1069 374 217 5318
internal_value=-9.01593e-05 0.000490939 0.000200684 -0.000124512 0.000669441 -0.00186675 -0.00296293 -0.00156977 0.00325911 -0.00195768 -0.00990777 -0.00726999 -0.0035619 -0.00201907
internal_weight=15057.9 8748.9 8222.89 7533.89 5176.26 2357.63 2110 2776.39 2399.87 625.928 462.73 396.649 310.776 2713.77
internal_count=61472 35674 33496 30626 20943 9683 8655 11193 9750 2589 1933 1660 1286 10936
is_linear=0
shrinkage=0.03


Tree=153
num_leaves=15
num_cat=0
split_feature=11 4 13 11 12 17 13 16 6 16 3 6 13 3
split_gain=9.48686 9.90734 9.95069 34.1751 19.0692 17.1947 12.1547 60.1728 55.0537 21.8457 25.5089 65.5984 47.9082 31.8217
threshold=20.025302954077173 -0.0018513009036270065 0.00036647005559820039 36.515599182721857 -0.0077080276481927825 -0.47114434510950048 0.0023058327608149747 -0.93540483100319605 0.00051633965299957877 -0.70710678118654735 0.0010686154450881269 0.00054867131707391707 0.0057244730265362262 -0.0015145072625850351
decision_type=2 2 2 2 2 2 2 2 2 2 2 2 2 2
left_child=-1 -2 3 4 -3 -6 7 -4 -9 10 11 13 -12 -8
right_child=1 2 6 -5 5 -7 9 8 -10 -11 12 -13 -14 -15
leaf_value=-0.012275989387988752 0.0038532550611489152 0.010579780303120947 0.0081534849015068959 0.016964110348432815 0.0021995391244857268 -0.016241663863334466 0.033895968592076449 0.002965201982980171 -0.0054351992203427743 0.0010592806426680235 -0.011614618599705109 -0.0021748970325986294 -0.00027960809489864985 0.0082529319806329913
leaf_weight=55.050970122218132 569.90066534280777 76.15581788122654 486.50963255763054 130.02158489823341 89.082488372921944 90.133686602115631 63.786623358726501 972.82894253730774 2511.6322092264891 7534.9609591513872 563.272261723876 925.3772981017828 826.17091625928879 134.57026933133602
leaf_count=241 2458 322 2044 535 362 378 263 3928 10210 30570 2285 3795 3429 546
internal_value=-6.57212e-05 -1.91988e-05 -0.000172922 0.00457012 -0.00182302 -0.00715204 -0.000303945 -0.00170866 -0.00308953 0.000251422 -0.0021696 0.00119038 -0.00488485 0.0167551
internal_weight=15029.5 14974.4 14404.5 385.394 255.372 179.216 14019.1 3970.97 3484.46 10048.1 2513.18 1123.73 1389.44 198.357
internal_count=61366 61125 58667 1597 1062 740 57070 16182 14138 40888 10318 4604 5714 809
is_linear=0
shrinkage=0.03


Tree=154
num_leaves=15
num_cat=0
split_feature=3 1 13 6 4 6 17 3 16 16 6 2 7 3
split_gain=7.77546 6.63146 11.9046 17.3288 12.6282 8.648 8.64626 7.92397 44.1423 43.7327 43.5441 35.1895 32.6849 32.5457
threshold=0.02227112568179113 0.004245156397614914 0.022920678710499635 0.0023326609163621258 0.0032971635929325287 0.0015814934047939876 -0.44228869021900119 0.00085511409776262159 -0.77259657388510594 -0.79335334029123528 0.00053310649133506789 0.00086906226188701596 0.78994500042500937 -0.00082054203994766362
decision_type=2 2 2 2 2 2 2 2 2 2 2 2 2 2
left_child=1 2 4 -4 7 -6 -3 8 10 11 13 12 -9 -1
right_child=-2 6 3 -5 5 -7 -8 9 -10 -11 -12 -13 -14 -15
leaf_value=0.01960629001270256 0.010508026827610751 -0.0011556036354346297 -0.021904272027691289 -0.00038556972850665642 -0.020876572915784593 -0.0019240287979960674 0.016468424334895249 -0.018055949443682034 -0.0016926990601465058 0.0022516856831660205 0.0012385542188507687 0.0014266848367547778 -0.0040433098208769438 0.001011661975365348
leaf_weight=227.94126819074154 59.543817311525345 50.440166682004929 53.779192805290222 85.197456538677216 42.064678341150284 43.513254433870316 47.301562830805779 225.02675503492355 7245.4398448616266 4279.5865413695574 1572.5024418532848 552.68282543122768 445.3360695540905 134.49156053364277
leaf_count=965 243 229 233 361 207 199 202 913 29398 17349 6560 2286 1820 549
internal_value=-0.000133531 -0.000177154 -0.000228707 -0.00890519 -0.000145864 -0.0115039 0.00753264 -7.81073e-05 -0.000617623 0.000821897 0.00340563 -0.00417662 -0.00878678 0.0127496
internal_weight=15064.8 15005.3 14907.6 138.977 14768.6 85.5779 97.7417 14683 9180.38 5502.63 1934.94 1223.05 670.363 362.433
internal_count=61514 61271 60840 594 60246 406 431 59840 37472 22368 8074 5019 2733 1514
is_linear=0
shrinkage=0.03


Tree=155
num_leaves=15
num_cat=0
split_feature=12 3 6 4 17 13 6 16 18 13 3 18 18 2
split_gain=6.51745 17.9695 16.7791 11.648 18.4185 9.31168 39.5268 18.2638 15.4339 19.5255 18.1966 17.1249 14.5573 24.7089
threshold=-0.012234789512329645 -0.006756730834562851 0.00085369060204276205 -0.0020604949029357496 -0.19509032201612839 0.0055439807408196326 0.0016991294079483508 0.88144907265856365 5.6585163399655167 0.0016741513112766839 -0.005091666953681794 8.1364319178948321 5.6045218926572851 -0.00076913595988795092
decision_type=2 2 2 2 2 2 2 2 2 2 2 2 2 2
left_child=5 2 -2 4 -3 7 -7 8 9 10 -1 -10 -8 -14
right_child=1 3 -4 -5 -6 6 12 -9 11 -11 -12 -13 13 -15
leaf_value=0.01195002256571359 0.0028237598019310172 0.015671234733265659 -0.01896806526452675 -0.00021469056827643523 -0.0033377394375987421 -0.024673516799203616 -0.0075277307017175875 -0.0082815155342601497 -0.010390534913730825 0.018873574455318478 -0.010403359290014265 0.011480816605178582 -0.0027038351188162888 0.016461009932662366
leaf_weight=80.407716184854507 49.327834337949753 102.58907423913479 85.179265081882477 13811.425461634994 80.665454044938087 52.681233629584312 86.861808136105537 74.754709556698799 72.83088518679142 150.75403086841106 52.52306242287159 54.59419073164463 122.82002758979797 116.49337647855282
leaf_count=376 207 450 358 56226 332 214 356 313 306 647 223 240 517 480
internal_value=-6.52922e-05 -0.000220164 -0.0110521 -0.000114491 0.00735812 0.00245991 -0.0010636 0.00520049 0.00768023 0.0115532 0.00309456 -0.000987331 0.00287682 0.00668437
internal_weight=14993.9 14129.2 134.507 13994.7 183.255 864.721 378.856 485.865 411.11 283.685 132.931 127.425 326.175 239.313
internal_count=61245 57573 565 57008 782 3672 1567 2105 1792 1246 599 546 1353 997
is_linear=0
shrinkage=0.03


Tree=156
num_leaves=15
num_cat=0
split_feature=6 3 2 5 16 16 2 2 6 16 17 10 11 18
split_gain=8.96524 15.6228 23.807 25.6024 18.7416 18.0596 15.2539 7.76782 18.6028 22.0755 19.6216 17.2419 10.5459 9.52605
threshold=0.0003261091856053341 0.00088601892899831125 -0.00090918736874467932 -0.00044976159061488325 0.77259657388510639 0.13052619222005182 -0.00027975299580351715 -0.0034522453030643159 0.00063354200484273013 0.68322629814330837 -0.29012925520284105 1.4764651592895981 26.987123847590478 5.4744614898949484
decision_type=2 2 2 2 2 2 2 2 2 2 2 10 2 2
left_child=1 2 -1 -4 5 -3 -5 8 -2 11 -11 -10 -9 -12
right_child=7 4 3 6 -6 -7 -8 12 9 10 13 -13 -14 -15
leaf_value=-0.017092711991946775 0.020925550813931472 0.014979943327757385 0.0186061066211393 0.013608862454775794 0.023259294274226877 -0.0089427453219182752 -0.0040235343357658809 -0.0091644998594232908 0.0071312365390002377 0.0052053036678810964 -0.0071175578769715484 -0.01000092583251129 -0.00032775545591549513 -0.023331135845361967
leaf_weight=58.423324435949326 45.190150856971741 55.450966477394104 75.047868758440018 51.971879407763481 66.552607968449593 54.303882941603661 240.9506758004427 120.65221136808395 438.96745105087757 88.450924932956696 104.02644126117229 58.298655182123184 13526.168640747666 47.566268816590309
leaf_count=241 189 223 304 209 269 218 968 508 1911 378 429 255 55094 202
internal_value=-9.04505e-05 0.00348821 0.000368208 0.00321792 0.0109451 0.0031954 -0.000824028 -0.000240391 0.00266261 0.00148969 -0.00595042 0.00509067 -0.000407213 -0.0124426
internal_weight=15032 602.701 426.394 367.97 176.307 109.755 292.923 14429.3 782.5 737.31 240.044 497.266 13646.8 151.593
internal_count=61398 2432 1722 1481 710 441 1177 58966 3364 3175 1009 2166 55602 631
is_linear=0
shrinkage=0.03


Tree=157
num_leaves=15
num_cat=0
split_feature=11 4 12 17 12 11 13 2 17 13 7 13 12 13
split_gain=7.25684 8.67327 12.4267 13.6032 7.55429 15.3552 12.4547 26.6337 22.5711 11.8806 11.7228 10.2703 9.59733 32.9967
threshold=80.029514482728786 0.002926119681662787 -0.0092978629827565312 0.032701564615071219 -0.00036228818069317098 62.349729313350501 0.0077064344550167316 0.0024217893084365065 -0.44228869021900119 0.0056773156252595278 1.0357783389225725 0.0046181668790636907 -0.0017150192051044175 0.0035498437719366786
decision_type=2 2 2 2 2 2 2 2 2 2 2 2 2 2
left_child=1 4 -3 -4 12 11 8 -8 10 -10 -7 -6 -1 -14
right_child=-2 2 3 -5 5 6 7 -9 9 -11 -12 -13 13 -15
leaf_value=-0.00038204215136691908 0.01055207544479066 0.0043431926629720211 -0.016459989152445825 0.002538359947178158 -0.0034355761227051278 -0.014284584579400997 -0.024602162733522656 0.0034363260659870691 0.0031138020574935444 0.023550489549423327 0.0050101605471112179 -0.021926845434749775 0.0082873033550612835 1.1127881751427832e-05
leaf_weight=11501.0915350914 54.647387683391571 70.96980108320713 108.61825028061867 48.224516481161118 50.215514808893204 61.267181634902954 50.333873495459557 72.050518304109573 50.463912218809128 51.471364855766296 49.897788435220718 58.842780664563179 531.7198154181242 2310.4390438050032
leaf_count=46950 238 302 513 213 202 247 207 305 206 211 203 240 2146 9372
internal_value=-0.000165343 -0.000205748 -0.00598908 -0.0106601 -0.000115855 -0.00395849 -0.000753086 -0.00830542 0.00362115 0.0136877 -0.00568841 -0.0136278 3.7758e-06 0.0015642
internal_weight=15070.3 15015.6 227.813 156.843 14787.8 444.543 335.485 122.384 213.1 101.935 111.165 109.058 14343.3 2842.16
internal_count=61555 61317 1028 726 60289 1821 1379 512 867 417 450 442 58468 11518
is_linear=0
shrinkage=0.03


Tree=158
num_leaves=15
num_cat=0
split_feature=4 16 7 3 11 7 3 4 18 12 7 12 11 11
split_gain=9.02687 19.4049 33.7143 23.2274 22.6435 21.836 15.0361 13.2829 11.1414 10.8359 10.7732 21.9671 14.6311 13.2213
threshold=0.0015028807209857 0.0327015646150716 1.1341937340660431 0.0020697894232284968 75.469485596546335 1.0265618214015169 0.0041706987575140389 0.0032971635929325287 7.9321235023322867 -0.00097039555412775636 1.1147593416881405 -0.0011849447511984022 60.531670330986252 24.574278240431564
decision_type=2 2 2 2 2 2 2 2 2 2 2 2 2 2
left_child=10 5 4 -4 8 -2 -7 -8 -3 -5 13 12 -12 -1
right_child=1 2 3 9 -6 6 7 -9 -10 -11 11 -13 -14 -15
leaf_value=-0.010544227721443197 -0.018408285157777871 -0.00046438611672781752 0.01040240246272278 -0.021332119595477237 0.021967214597301096 -0.011646127411755866 0.01073913715869688 -0.0081070764196649273 0.014828048834602613 -0.0057562465195720672 0.0014141104694104308 0.0084330441604484573 -0.00884279149398399 2.1173656681614873e-05
leaf_weight=105.67865134775639 120.42722472548485 203.50854383409023 44.382972732186317 81.474298074841499 68.652324616909027 98.071115761995316 86.094030141830444 52.654777944087982 52.284931048750877 81.440818354487419 2883.7521954476833 400.47075754404068 128.86126710474491 10612.165070354939
leaf_count=458 518 845 185 359 282 428 377 242 223 370 11869 1622 531 43042
internal_value=0.00019797 -0.00273079 0.00090501 -0.00849743 0.00692776 -0.0081174 -0.00277396 0.00357348 0.00275222 -0.01371 0.000382582 0.00184992 0.000969807 -8.49497e-05
internal_weight=15019.9 888.991 531.744 207.298 324.446 357.247 236.82 138.749 255.793 162.915 14130.9 3413.08 3012.61 10717.8
internal_count=61351 3829 2264 914 1350 1565 1047 619 1068 729 57522 14022 12400 43500
is_linear=0
shrinkage=0.03


Tree=159
num_leaves=15
num_cat=0
split_feature=3 6 12 3 13 12 2 7 12 12 12 13 3 2
split_gain=7.45965 7.81126 18.0555 22.6803 36.7889 34.8519 31.7805 23.5569 19.9506 19.3623 17.1354 22.7142 23.7685 16.712
threshold=0.02227112568179113 0.0012703204130613762 -0.00094217704111931855 0.0024464316232720167 0.015800278302719243 -0.001925328602323195 -0.0016040553708178138 0.55282983073488978 -0.015499181667559035 -0.035567884880774274 -0.0052066012132688235 0.0020122211260908966 -0.0021480421041911164 7.7761127134173838e-05
decision_type=2 2 2 2 2 2 2 2 2 2 2 2 2 2
left_child=1 -1 3 7 5 6 -5 -3 9 -9 11 12 -10 -8
right_child=-2 2 -4 4 -6 -7 13 8 10 -11 -12 -13 -14 -15
leaf_value=0.00038425410832773713 0.010625453540985213 -0.01411113873759628 -0.013512042398464976 -0.0061097695635269405 -0.0056078381183893387 -0.0045135465696207267 0.03312695940472371 -0.006443769500409458 0.007493968387705688 0.0095873273843619863 0.00072132463876357542 -0.0099956263487858705 -0.013498975214004874 0.014585468955626525
leaf_weight=12490.43471480906 58.605201303958893 146.82680460810661 105.04585234820843 52.572976246476173 231.87152169644833 116.39912444353104 59.483406811952591 93.781072095036507 164.72673335671425 232.41390666365623 536.57740594446659 490.16041612625122 66.492426559329033 179.56260956823826
leaf_count=50812 240 606 462 228 1007 483 241 390 690 994 2175 2038 273 746
internal_value=0.000121609 7.90638e-05 -0.00145962 -0.000914676 0.00390346 0.0093096 0.0148202 -0.00269824 -0.00162398 0.0049672 -0.00333828 -0.00635155 0.00139297 0.0194358
internal_weight=15025 14966.3 2475.91 2370.87 639.89 408.018 291.619 1730.98 1584.15 326.195 1257.96 721.38 231.219 239.046
internal_count=61385 61145 10333 9871 2705 1698 1215 7166 6560 1384 5176 3001 963 987
is_linear=0
shrinkage=0.03


Tree=160
num_leaves=15
num_cat=0
split_feature=3 16 6 13 13 16 16 17 6 7 2 12 12 13
split_gain=6.26393 24.8513 45.7621 52.2467 33.1213 33.0524 27.565 25.8881 25.3916 24.6732 19.641 19.5954 24.6104 18.7414
threshold=-0.0022315490357535379 -0.77259657388510594 0.00051978080785790228 0.0023868528753608902 0.0085191198959849741 0.065403129230143103 0.88144907265856365 0.84874750804349197 0.00050647616157720491 0.76552622376923207 -0.00097090124636584052 -0.0090697743380060408 -0.0062071630436260619 0.0014750051580840753
decision_type=2 2 2 2 2 2 2 2 2 2 2 2 2 2
left_child=1 2 -1 10 6 -6 7 -3 -9 -7 11 -4 -13 -2
right_child=13 4 3 -5 5 9 -8 8 -10 -11 -12 12 -14 -15
leaf_value=0.025550336549665469 -0.0034735761686200944 0.0024412628011295729 0.014644240730784741 -0.0069415866842086338 -0.007791585967276568 0.030941597386893928 -0.0079920058080752213 0.0085784300085172231 -0.0088710087064985382 0.0061040107811731739 0.017338373036160905 -0.010829846799429816 0.011076936851357629 0.00030774088718703302
leaf_weight=91.991502121090889 1329.8511971235275 1424.2128366082907 107.92814013361931 278.08958370983601 56.42310294508934 73.705911815166473 429.52692855894566 90.942123427987099 393.49107962846756 70.950236156582832 174.83908900618553 104.52919542789459 79.45842057466507 10321.915181159973
leaf_count=400 5401 5859 499 1176 234 300 1761 366 1598 291 731 449 341 41997
internal_value=0.000205392 0.00134283 0.00581971 0.00332099 -0.000135984 0.0114859 -0.00114441 0.000403347 -0.00557344 0.0190088 0.0094389 0.00462183 -0.00135162 -0.000124354
internal_weight=15027.9 3376.09 836.836 744.844 2539.25 201.079 2338.17 1908.65 484.433 144.656 466.755 291.916 183.988 11651.8
internal_count=61403 14005 3596 3196 10409 825 9584 7823 1964 591 2020 1289 790 47398
is_linear=0
shrinkage=0.03


Tree=161
num_leaves=15
num_cat=0
split_feature=12 12 6 6 6 2 13 13 11 11 10 7 4 13
split_gain=7.45956 11.4862 46.5881 22.3805 43.2788 17.2156 14.0352 29.0122 21.3136 15.3836 13.914 13.042 12.6171 11.9123
threshold=-0.012234789512329645 -0.0060897207291513702 0.00038378525996990762 0.0013197342539652583 0.00079853943859378056 0.0018255367960773319 0.0020122211260908966 0.0062001308104679973 42.525404938013338 43.981268619184327 0.61320422900462379 0.58638902345991573 -0.0017705553903664681 0.001246761146620923
decision_type=2 2 2 2 2 2 2 2 2 2 8 2 2 2
left_child=-1 2 -2 4 5 13 8 -8 -5 -9 -11 -6 -3 -4
right_child=1 12 3 6 11 -7 7 9 -10 10 -12 -13 -14 -15
leaf_value=0.0027707665118104356 0.019662061898427386 0.011630557881495706 -0.0003241193571745833 -0.0083957304528827839 -0.0075903894950004004 -0.020258597976083377 -0.01985725573376311 0.0074544125974312404 0.013406950857414288 0.0053513926308824296 -0.011878385322575536 0.0043902589874949948 0.00025303347604782849 -0.0062215839288311528
leaf_weight=853.34644424915314 87.27834440767765 86.434872955083847 513.57962891459465 99.294670343399048 87.184992775321007 58.539469793438911 167.58704708516598 73.462205857038498 65.075120225548744 52.959309935569763 187.80146341025829 1006.5551588088274 10906.886108592153 769.89273837208748
leaf_count=3627 354 358 2137 411 355 238 693 312 267 222 805 4139 44309 3136
internal_value=5.01095e-05 -0.000114188 -0.0017048 -0.00232226 -0.00100301 -0.00461004 -0.00727669 -0.0098498 0.000293503 -0.00442061 -0.00807555 0.00342314 0.000344588 -0.0038659
internal_weight=15015.9 14162.5 3169.21 3081.93 2435.75 1342.01 646.18 481.81 164.37 314.223 240.761 1093.74 10993.3 1283.47
internal_count=61363 57736 13069 12715 10005 5511 2710 2032 678 1339 1027 4494 44667 5273
is_linear=0
shrinkage=0.03


Tree=162
num_leaves=15
num_cat=0
split_feature=17 13 3 12 13 17 16 3 10 12 10 3 12 3
split_gain=8.57835 15.9226 16.0143 14.5601 12.1789 17.4319 18.5372 26.1459 44.8805 23.3061 29.5685 18.6722 18.5109 28.3855
threshold=-0.98611507088852035 0.0057244730265362262 0.00085511409776262159 -0.0047010022488732086 0.0057244730265362262 -0.77259657388510616 -0.52778511650980109 -0.002313066515009204 0.53669549870041344 -0.0060897207291513702 0.53281814174738951 0.0015530976219201161 -0.0022716445711336015 0.00060941004446973823
decision_type=2 2 2 2 2 2 2 2 8 2 8 2 2 2
left_child=1 2 3 -1 -2 -6 -7 8 -8 10 -9 -12 -11 -14
right_child=4 -3 -4 -5 5 6 7 9 -10 12 11 -13 13 -15
leaf_value=0.0018023399047642143 -0.00044126868630712309 -0.0094220240481120172 0.0085484384508141605 -0.0089243408050886548 -0.0026066959103518347 -0.00034784712027120514 -0.0083791780471209644 0.011178738676142315 0.021756948110540512 0.0085652297643071234 0.00031005664440004874 -0.016044747342663892 -0.013200630960334636 0.0036609565345726669
leaf_weight=251.21521909534931 9901.2196929603815 242.94146616756916 138.03986522555351 205.50912356376648 769.70646837353706 1368.9096676558256 59.410137504339218 83.609085828065872 164.86834302544594 615.59463272988796 108.14023804664612 147.69169315695763 98.482602939009666 849.80429472029209
leaf_count=1025 40362 1003 555 827 3173 5693 242 346 672 2493 439 611 396 3486
internal_value=-3.84808e-05 -0.00298465 -0.000332426 -0.00304214 0.00013612 0.00147573 0.00237539 0.00412621 0.0137706 0.00297651 -0.00413136 -0.00918279 0.00452258 0.00188573
internal_weight=15005.1 837.706 594.764 456.724 14167.4 4266.22 3496.51 2127.6 224.278 1903.32 339.441 255.832 1563.88 948.287
internal_count=61323 3410 2407 1852 57913 17551 14378 8685 914 7771 1396 1050 6375 3882
is_linear=0
shrinkage=0.03


Tree=163
num_leaves=15
num_cat=0
split_feature=12 3 2 7 6 6 6 6 12 5 2 4 0 5
split_gain=9.41416 18.0072 23.7524 23.3362 20.8488 16.5696 16.1317 15.1725 25.7597 20.0583 14.7164 26.568 14.0061 17.377
threshold=-0.0016153765630932402 0.0029447443656698273 0.00079019130544731597 0.6298503358432116 0.00050316427978351901 0.00036508861369838406 0.00083830241225015813 0.00049916033143356344 -0.0033942544795521608 0.00046691823770261825 -0.0024192760955532573 -0.00050305997643734768 -0.00027608754965337262 -0.00060989344307577065
decision_type=2 2 2 2 2 2 2 2 2 2 2 2 2 2
left_child=7 4 -3 -4 5 -2 -5 8 9 10 -1 -12 -13 -14
right_child=1 2 3 6 -6 -7 -8 -9 -10 -11 11 12 13 -15
leaf_value=0.021912979187025627 0.0044692614766029147 -0.0089754677047908724 0.016436624106109111 0.0030935567512341052 0.0051849347593171773 -0.0055538166099344715 -0.0056452291446279813 -0.00084688351208832876 -0.0017969022372361942 -0.0093837084379467493 -0.0035903911238607551 -0.0059781639971650336 0.016733123345451031 0.0060038282797691732
leaf_weight=52.075703978538513 249.22664865851402 288.01508854329586 77.549088165163994 444.93929751217365 1392.5324844866991 361.06543046236038 328.88594874739647 10092.405185103416 806.14796794950962 73.901833459734917 207.03001661598682 51.995114877820015 219.07974284887314 362.52751111984253
leaf_count=216 1005 1164 317 1817 5628 1455 1435 41330 3250 298 853 210 898 1460
internal_value=-1.04897e-05 0.00144906 -0.0015602 0.000963497 0.00316085 -0.00145944 -0.000625521 -0.000397197 0.00216096 0.00545869 0.00670563 0.00571379 0.00875567 0.0100888
internal_weight=15007.4 3142.21 1139.39 851.374 2002.82 610.292 773.825 11865.2 1772.76 966.61 892.708 840.632 633.602 581.607
internal_count=61336 12821 4733 3569 8088 2460 3252 48515 7185 3935 3637 3421 2568 2358
is_linear=0
shrinkage=0.03


Tree=164
num_leaves=15
num_cat=0
split_feature=11 2 17 17 17 3 3 17 2 6 3 17 17 12
split_gain=7.99535 12.5219 27.4217 12.7704 17.9963 16.3275 12.0804 29.3715 32.6864 23.1523 22.3416 18.0785 17.7844 14.9128
threshold=49.814522523680964 -0.00039613257313603206 0.84874750804349197 0.32143946530316164 -0.44228869021900119 -0.00046059345360004161 0.00088601892899831125 0.91037613702198772 0.00055593929734455716 0.00036508861369838406 -0.0023565486011634935 -0.98611507088852035 0.83146961230254512 -0.0064424982990584625
decision_type=2 2 2 2 2 2 2 2 2 2 2 2 2 2
left_child=-1 2 3 4 -2 -5 7 10 -9 12 13 -12 -8 -3
right_child=1 6 -4 5 -6 -7 9 8 -10 -11 11 -13 -14 -15
leaf_value=0.00073445519102889037 -0.010228535437254174 0.0011907302101701531 0.0086916047767388732 -0.0016470800715871416 0.0022083112325259804 -0.021345234891755181 0.016913737921668687 0.00012857734300355988 -0.015837980230668007 0.00032410425924823814 -0.01332430330037853 -0.0011101307380414734 -0.0038593602421456807 0.011917416116684237
leaf_weight=7413.7662961781025 218.38851265609264 304.9216156154871 116.6258352547884 59.754076421260834 198.38329309225082 103.12752361595631 132.27680820226669 210.6608684360981 253.08616274595261 3745.069507971406 113.49224673211575 1970.9099932312965 50.35413883626461 187.42684924602509
leaf_count=30382 885 1258 470 241 803 417 534 849 1031 15373 460 7968 202 758
internal_value=3.21527e-05 -0.000647191 -0.00447726 -0.0071476 -0.00432633 -0.0142265 -0.000263306 -0.00168244 -0.00861563 0.000835563 -0.00042893 -0.00178731 0.0112065 0.00530585
internal_weight=15078.2 7664.48 696.279 579.653 416.772 162.882 6968.2 3040.5 463.747 3927.7 2576.75 2084.4 182.631 492.348
internal_count=61631 31249 2816 2346 1688 658 28433 12324 1880 16109 10444 8428 736 2016
is_linear=0
shrinkage=0.03


Tree=165
num_leaves=15
num_cat=0
split_feature=1 16 16 13 12 16 16 13 12 3 6 6 13 16
split_gain=11.1938 24.4967 35.911 23.3475 16.7987 14.6686 16.4429 15.0292 13.6961 16.6193 17.6648 13.0579 12.7425 26.797
threshold=-0.00045929532466591755 -0.9733555533461492 -0.41248606129204551 0.0024962834136130767 -0.0022163032826678637 0.16280825711809011 0.0327015646150716 0.009046652268683732 -0.0091715846337891965 -0.0029409795063551343 0.00099657600744142692 0.00071934498496672311 0.0011396583339643442 0.81241147629689026
decision_type=2 2 2 2 2 2 2 2 2 2 2 2 2 2
left_child=1 3 4 -1 -3 6 7 -4 9 -7 -11 -6 13 -10
right_child=-2 2 5 -5 11 8 -8 -9 12 10 -12 -13 -14 -15
leaf_value=0.0065442162819113825 -0.00050429735410772471 0.0051302666529393758 0.00088387915736849731 -0.015857432754036553 0.0062073431747186455 0.0013239377410361707 -0.012247960097453534 -0.013663142036133865 0.0051235265323432057 -0.026049115711084467 -0.0034417766973531294 0.023894503189443514 0.0043022057715221785 -0.013220629432335597
leaf_weight=59.371921926736832 11456.744396388531 824.29325726628304 456.4897900223732 132.96058675646782 70.904199182987213 214.64733275771141 153.63498891890049 72.290676891803741 165.25962641835213 48.936757266521454 81.780460476875305 82.624527335166931 1103.1924386918545 123.54174548387527
leaf_count=259 46745 3471 1848 549 290 904 624 300 670 201 337 336 4464 507
internal_value=-4.62373e-05 0.00141506 0.0020065 -0.00894599 0.00685197 4.44279e-05 -0.00367614 -0.00114886 0.00150837 -0.00382418 -0.0121703 0.0159109 0.00283501 -0.00276058
internal_weight=15046.7 3589.93 3397.6 192.333 977.822 2419.77 682.415 528.78 1737.36 345.365 130.717 153.529 1391.99 288.801
internal_count=61505 14760 13952 808 4097 9855 2772 2148 7083 1442 538 626 5641 1177
is_linear=0
shrinkage=0.03


Tree=166
num_leaves=15
num_cat=0
split_feature=11 7 13 17 2 16 13 16 6 13 16 17 11 4
split_gain=9.69565 18.1466 29.4548 27.9807 22.9693 29.7721 22.1905 21.4303 31.6295 20.399 24.8045 26.9111 19.4834 20.8702
threshold=55.924741092929501 0.6298503358432116 0.0020122211260908966 0.38268343236508956 0.00089170020679629075 -0.065403129230142812 0.0085191198959849741 0.81241147629689026 0.00059074541355829335 0.003447649775218387 -0.68322629814330782 -0.032701564615071448 75.469485596546335 0.00033932937079572684
decision_type=2 2 2 2 2 2 2 2 2 2 2 2 2 2
left_child=-1 4 -3 9 -2 6 -6 -7 -9 -4 11 -11 13 -5
right_child=1 2 3 12 5 7 -8 8 -10 10 -12 -13 -14 -15
leaf_value=0.00052647666530260034 -0.003167174215043637 -0.015447649094737153 0.006670208591147018 0.0095120044371498295 0.0053153235117327762 0.021470146943679064 -0.019398389169586645 -0.010195193747720091 0.017953534115856162 -0.0094441478500972252 0.0011933382950228618 0.0039208785593743672 0.011588061097941346 -0.008535910135664404
leaf_weight=10807.122248917818 298.52073734998703 139.75323207676411 364.38369692862034 60.69844950735569 88.29150179028511 140.56079562008381 49.372994184494019 65.528329893946648 75.040518626570702 487.37674053013325 1472.8643696159124 186.26598131656647 51.094293594360352 768.87038341164589
leaf_count=44064 1205 570 1472 244 358 568 202 266 306 2060 6075 778 219 3157
internal_value=4.91384e-05 -0.00116473 -0.00204848 -0.00148757 0.0031795 0.00769702 -0.00369904 0.0132642 0.00487263 0.000127459 -0.000988391 -0.00574798 -0.00608209 -0.00719567
internal_weight=15055.7 4248.62 3531.31 3391.55 717.315 418.794 137.664 281.13 140.569 2510.89 2146.51 673.643 880.663 829.569
internal_count=61544 17480 14575 14005 2905 1700 560 1140 572 10385 8913 2838 3620 3401
is_linear=0
shrinkage=0.03


Tree=167
num_leaves=15
num_cat=0
split_feature=12 11 13 7 12 13 13 7 17 3 13 7 13 17
split_gain=6.13604 15.4358 15.5329 12.0574 10.7297 21.0805 21.8926 14.4639 38.8554 17.4587 21.4635 19.4907 17.2039 15.2597
threshold=-0.00040339195563215963 63.044036189412289 0.0042619411110116365 0.63390486468782059 -0.0017150192051044175 0.0035177403614291562 0.0013969471098039812 1.0012490945061889 -0.63405362205439475 0.0028991568539062517 0.0057244730265362262 1.2401212873284193 0.0080501131309689295 0.81241147629689003
decision_type=2 2 2 2 2 2 2 2 2 2 2 2 2 2
left_child=4 2 -2 -3 -1 6 -6 13 12 -10 -11 -12 -9 -7
right_child=1 3 -4 -5 5 7 -8 8 9 10 11 -13 -14 -15
leaf_value=-0.00027574139839228008 0.0010563845391256697 0.013681733551682044 -0.018950023424450214 -0.0020148806840404802 -0.011256387277929266 -0.0030029816867232287 0.0094331159487955861 0.0068945766003475489 0.0035250716487004526 -0.024786584073821217 0.0059065997717905961 -0.011785729328430826 0.02135709723031225 0.0046186960804458239
leaf_weight=11660.661815434694 55.910099864006042 48.487720593810081 90.173812732100487 343.06756733357906 49.539440765976906 1092.3758814185858 451.65504820644855 263.72140987217426 297.72373217344284 47.805132403969765 110.46913434565067 109.9125874042511 102.85461688041687 299.67447492480278
leaf_count=47701 225 199 368 1433 202 4423 1823 1064 1209 195 457 477 443 1205
internal_value=9.25655e-06 -0.00313178 -0.0113822 -1.14607e-05 0.000126247 0.00178412 0.0073515 0.000578442 0.00346588 -0.0014661 -0.00699205 -0.00294386 0.0110464 -0.00135795
internal_weight=15024 537.639 146.084 391.555 14486.4 2825.73 501.194 2324.54 932.487 565.911 268.187 220.382 366.576 1392.05
internal_count=61424 2225 593 1632 59199 11498 2025 9473 3845 2338 1129 934 1507 5628
is_linear=0
shrinkage=0.03


Tree=168
num_leaves=15
num_cat=0
split_feature=11 3 5 3 12 6 17 17 10 7 11 13 13 6
split_gain=8.5687 9.80085 11.5782 7.51645 26.3665 17.9979 14.6057 14.3257 10.9542 7.40844 20.7276 8.15953 11.2554 13.1545
threshold=20.025302954077173 -0.022249111513130245 -0.0031266417968452416 -0.0056089989124017406 -0.012234789512329645 0.0010649802416038852 -0.5277851165098012 -0.72947329433276253 0.36056518290998796 0.43981403826592619 58.360271129234732 0.0012680869254001472 0.0078771491472620098 0.00082781217849022806
decision_type=2 2 2 2 2 2 2 2 10 2 2 2 2 2
left_child=-1 -2 3 4 7 -5 -6 -3 -9 10 11 -4 13 -13
right_child=1 2 9 5 6 -7 -8 8 -10 -11 -12 12 -14 -15
leaf_value=-0.011463817959202238 -0.012668794189455674 0.018812720191674029 -0.01015210519903581 0.021081927536911915 -0.021989971219680219 0.0018114021910331343 -0.0004186746116121102 -0.0066126761111213773 0.0091035677249994892 -4.4396400846925158e-05 0.016741016585597839 0.0085220388839846017 -0.0082019422752182478 -0.0084479679763805569
leaf_weight=54.95107302069664 51.117260053753853 70.780197411775589 51.517338961362839 70.927824944257736 47.931201562285423 109.58232493698597 65.239267393946648 65.406605631113052 96.223943397402763 13938.912844032049 87.871358081698418 212.9081367701292 68.479317903518677 49.131252750754356
leaf_count=242 215 323 212 304 200 478 282 299 412 56837 356 859 277 202
internal_value=0.000150835 0.000194948 0.000240667 0.00460353 0.00198948 0.00953141 -0.009778 0.0077541 0.00274063 8.0754e-05 0.00377756 0.000724201 0.00247034 0.00530035
internal_weight=15041 14986 14934.9 526.091 345.581 180.51 113.17 232.411 161.631 14408.8 469.907 382.036 330.519 262.039
internal_count=61498 61256 61041 2298 1516 782 482 1034 711 58743 1906 1550 1338 1061
is_linear=0
shrinkage=0.03


Tree=169
num_leaves=15
num_cat=0
split_feature=1 13 11 17 7 7 13 3 17 7 17 3 7 13
split_gain=6.92652 15.4651 12.3965 35.8837 16.9826 15.9061 17.2218 14.0534 11.3883 15.5272 14.6827 18.8789 22.875 15.3394
threshold=0.00038951699829414826 0.0019854655105924217 53.908516690787629 -0.097964660725097366 1.5700185010033123 0.78994500042500937 0.0071053339206328401 -0.0035300162727853602 0.32143946530316164 0.80315732485047142 0.032701564615071219 0.00049114583504733533 1.2330227759403543 0.0044313533079534126
decision_type=2 2 2 2 2 2 2 2 2 2 2 2 2 2
left_child=-1 -2 3 4 -3 6 -5 -4 10 -10 11 12 -9 -13
right_child=1 2 7 5 -6 -7 -8 8 9 -11 -12 13 -14 -15
leaf_value=0.00034000324444813124 -0.0058715114791962177 -0.00097006903252403788 0.0092471560327266507 -0.0065530850489207947 -0.018551722003290003 0.013011399527850085 0.013633510467324366 -0.010937572171716462 -0.00056375058464804213 -0.0087645614896108056 0.0086530358406182901 0.0074150064066796891 0.0080814421548205603 -0.0012104800297901965
leaf_weight=10994.627528473735 531.21679216623306 456.81025972962379 103.7097972035408 98.2636908441782 53.485017567873001 283.23658692836761 59.300651058554649 293.70414428412914 404.19263952970505 426.26341596245766 142.62059533596039 230.81629264354706 68.930258974432945 912.39136277139187
leaf_count=44866 2169 1866 433 397 218 1150 240 1196 1642 1769 589 932 282 3823
internal_value=-5.12218e-05 -0.00110903 -0.000390184 0.00253449 -0.00287807 0.00878506 0.00111997 -0.00146837 -0.00192377 -0.00478408 -0.000478761 -0.00135398 -0.0072979 0.000540934
internal_weight=15059.6 4064.94 3533.72 951.096 510.295 440.801 157.564 2582.63 2478.92 830.456 1648.46 1505.84 362.634 1143.21
internal_count=61572 16706 14537 3871 2084 1787 637 10666 10233 3411 6822 6233 1478 4755
is_linear=0
shrinkage=0.03


Tree=170
num_leaves=15
num_cat=0
split_feature=3 13 17 2 12 18 17 11 13 12 17 12 3 7
split_gain=8.3922 24.3389 20.6251 37.4555 21.85 20.9381 21.4714 19.1459 17.57 17.1356 16.8518 15.2671 18.1316 14.5916
threshold=-0.0029409795063551343 0.0011930196819432972 0.84874750804349197 -0.00038212750442917493 -0.012234789512329645 5.9779983757477515 -0.72947329433276253 41.951732862508528 0.0016019182412473356 -0.0073270549103726093 0.60876142900872032 -0.0031990415640878451 -0.00057545226593364019 0.62552433669270213
decision_type=2 2 2 2 2 2 2 2 2 2 2 2 2 2
left_child=1 7 3 4 5 6 -3 -1 11 13 -6 -2 -13 -4
right_child=8 2 9 -5 10 -7 -8 -9 -10 -11 -12 12 -14 -15
leaf_value=0.0036998030620839189 -0.0014886641077643751 0.021976716342167687 -0.014013939750757803 0.0074954784228106969 -0.0080967456373356363 -0.0067219266339713412 0.00073897502734897791 0.015531886290666283 0.00024984069555743221 -0.018973393829366535 0.0085831044139227462 -0.014484436256847854 -0.0017580319914416607 0.0039077993250632957
leaf_weight=683.31667903065681 1558.0952198505402 76.72499880194664 62.494133457541466 500.17524953186512 496.38923932611942 100.37232422828674 94.317499980330467 148.75145120918751 10670.119462862611 86.05193193256855 59.565609157085419 197.12279358506203 205.23244173824787 110.03058721125126
leaf_count=2914 6357 334 255 2064 2044 432 409 613 43444 348 243 801 829 449
internal_value=8.01277e-05 0.00169847 -0.000482568 0.00103065 -0.00288623 0.0040713 0.0104095 0.00584723 -0.000229932 -0.00819977 -0.00628529 -0.00283878 -0.00803378 -0.00267025
internal_weight=15048.8 2418.19 1586.12 1327.54 827.37 271.415 171.042 832.068 12630.6 258.577 555.955 1960.45 402.355 172.525
internal_count=61536 10105 6578 5526 3462 1175 743 3527 51431 1052 2287 7987 1630 704
is_linear=0
shrinkage=0.03


Tree=171
num_leaves=15
num_cat=0
split_feature=3 1 17 12 0 3 17 2 17 3 7 5 12 3
split_gain=10.5779 7.66137 13.6996 12.3992 11.8706 11.0072 11.1375 16.8206 10.0948 9.93051 9.4306 8.70474 9.14832 7.95838
threshold=0.02227112568179113 -0.00045929532466591755 0.97335555334614943 -0.0065039228605083812 -2.3294996822992294e-05 0.0015893347676035759 -0.032701564615071448 0.0013029420533086091 -0.99892946161930163 -0.00046059345360004161 0.6375366350229682 0.0022852235816288595 -0.002244186526439151 -0.00048980257667227678
decision_type=2 2 2 2 2 2 2 2 2 2 2 2 2 2
left_child=1 2 4 -4 5 13 7 -7 -3 -5 -8 12 -6 -1
right_child=-2 8 3 9 11 6 10 -9 -10 -11 -12 -13 -14 -15
leaf_value=2.5967388209838076e-05 0.011783300682916486 -0.0094343465832501389 0.0025223229728623311 -0.020592498484657638 0.0034726128950308085 -0.0056328610765252066 0.0027324425500284714 0.0087960466085131861 -0.00060373131679303444 -0.004184424084100663 -0.011998436745936246 -0.0073722243279174997 0.011500960060725211 0.0043720337711179117
leaf_weight=1293.6780387014151 63.328853577375412 115.73734048008919 86.157225504517555 61.953110024333 801.15047346055508 179.45812745392323 49.623893737792969 119.33606496453285 11273.662262111902 71.732019871473312 171.86868940293789 54.560740053653717 150.89709614217281 534.46522362530231
leaf_count=5376 260 471 350 249 3304 735 201 496 46010 289 701 234 609 2165
internal_value=-0.000262277 -0.000314821 0.000896463 -0.00632485 0.00137313 0.000203854 -0.00363774 0.0001501 -0.000695107 -0.0119798 -0.00870317 0.00409526 0.00476653 0.00129995
internal_weight=15027.6 14964.3 3574.88 219.842 3355.04 2348.43 520.287 298.794 11389.4 133.685 221.493 1006.61 952.048 1828.14
internal_count=61450 61190 14709 888 13821 9674 2133 1231 46481 538 902 4147 3913 7541
is_linear=0
shrinkage=0.03


Tree=172
num_leaves=15
num_cat=0
split_feature=11 7 3 3 12 7 6 12 16 2 6 6 3 7
split_gain=8.43565 9.67632 7.41695 8.59278 8.51703 8.25468 14.0731 8.17772 22.3812 25.1631 21.5138 41.5139 35.8412 43.3076
threshold=23.010833360605563 1.0265618214015169 -0.022249111513130245 -0.01040715113678836 -0.026558355277350395 0.79327225161674286 0.0019624543949241951 -0.0053748100117906308 -0.9103761370219875 0.0020397284590398389 0.00079541903596384151 0.0010553633557489896 -0.0039818337015962149 1.0325207850689708
decision_type=2 2 2 2 2 2 2 2 2 2 2 2 2 2
left_child=1 -1 -2 5 -5 -4 -7 8 9 -6 12 -12 13 -10
right_child=2 -3 3 4 7 6 -8 -9 10 -11 11 -13 -14 -15
leaf_value=-0.016193770193056945 -0.01147119223447734 0.0013114660903655983 -0.0038977568752558331 0.010532229680662003 0.0057280670985709161 0.023041601526829419 0.0012615622121080984 0.00015865574951282686 0.0089509670943295188 -0.012667222584250631 0.0046327056821366891 -0.003774212007242159 -0.0070925689676633588 -0.014427507499486993
leaf_weight=61.74193000793457 50.690645441412926 50.781395807862282 43.956242606043816 63.415044143795967 597.04685032367706 47.989891111850739 57.839465945959091 10105.34869235754 292.08702246844769 73.444220095872879 906.0113193243742 1263.3072857409716 1327.5382040739059 92.211858436465263
leaf_count=274 211 222 179 264 2537 229 255 41055 1200 314 3697 5258 5395 380
internal_value=-0.000297741 -0.00840878 -0.000235454 -0.000195615 -0.000268804 0.00690587 0.0113822 -0.000316966 -0.00137253 0.0036814 -0.00224707 -0.000262048 -0.00475933 0.00329569
internal_weight=15033.4 112.523 14920.9 14870.2 14720.4 149.786 105.829 14657 4551.65 670.491 3881.16 2169.32 1711.84 384.299
internal_count=61470 496 60974 60763 60100 663 484 59836 18781 2851 15930 8955 6975 1580
is_linear=0
shrinkage=0.03


Tree=173
num_leaves=15
num_cat=0
split_feature=13 6 6 3 12 16 13 12 16 2 4 16 12 13
split_gain=7.11822 27.1553 25.7581 30.6854 19.1989 23.2087 21.8799 19.4386 15.3257 15.0373 18.1179 13.5472 35.0274 36.944
threshold=0.0060851585383916449 0.00041303693728086466 0.0007700506046923049 -0.0021912262456680455 -0.0060897207291513702 -0.68322629814330782 0.0091631933270145422 -0.0040339638232257382 0.88144907265856365 9.2092135548393919e-05 0.00081851422714873678 0.88144907265856365 -0.0069667542247480166 0.00083666747926369755
decision_type=2 2 2 2 2 2 2 2 2 2 2 2 2 2
left_child=11 -2 3 -3 -5 6 9 -7 -4 -6 -11 -1 -13 -14
right_child=1 2 8 4 5 7 -8 -9 -10 10 -12 12 13 -15
leaf_value=3.3359277928378435e-05 -0.012707708021969496 0.02776331446667921 -0.0011471537358041339 -0.013740389973941038 -0.0083354089194264906 0.020928928591527261 -0.012040565454377747 0.0058625107416751107 0.0053781803703705552 0.015224899320761586 -0.0063633675548152666 -0.011127789082853149 -0.015657688227998401 0.00092587076685628775
leaf_weight=9178.7302509099245 123.40236353874207 48.899509757757187 2286.1225591897964 50.835430011153221 64.701486125588417 84.085764840245247 120.22926834225655 779.93860504031181 375.3598347902298 111.21783448755741 49.294787988066673 362.08003351092339 131.77627694606781 1254.5626721829176
leaf_count=37459 497 200 9535 206 262 339 496 3145 1552 449 203 1493 540 5054
internal_value=-2.81335e-05 0.00103848 0.00147187 0.0049135 0.00398435 0.0047508 -0.00181431 0.0073737 -0.000223512 0.00370284 0.00859824 -0.000427879 -0.00284653 -0.000670739
internal_weight=15021.2 4094.09 3970.69 1309.2 1260.3 1209.47 345.443 864.024 2661.48 225.214 160.513 10927.1 1748.42 1386.34
internal_count=61430 16884 16387 5300 5100 4894 1410 3484 11087 914 652 44546 7087 5594
is_linear=0
shrinkage=0.03


Tree=174
num_leaves=15
num_cat=0
split_feature=12 16 6 6 6 13 13 7 13 7 16 7 4 2
split_gain=8.88965 23.0109 25.0082 35.1595 30.7476 27.2536 28.6497 26.0193 24.1176 26.1425 27.2471 21.0923 21.3553 18.1298
threshold=-0.0053748100117906308 -0.77259657388510594 0.00081074464252719873 0.0010448417626733055 0.00052643452071795855 0.0024664722407355959 0.0050380245855412573 0.8454372650119012 0.0078771491472620098 0.60239126223146833 0.35206144883412582 0.98418499048859531 -0.00087349123256236217 -0.00034953139856816815
decision_type=2 2 2 2 2 2 2 2 2 2 2 2 2 2
left_child=1 11 4 5 7 -4 -7 -3 9 10 -6 13 -13 -1
right_child=-2 2 3 -5 8 6 -8 -9 -10 -11 -12 12 -14 -15
leaf_value=0.0016917865685605834 0.0006239195778745064 0.0065508478778172523 -0.000325152359145883 -0.002750650505571666 -0.0069141136328266985 0.018587968444926304 0.0017945101559228155 -0.012863508177697642 0.013065416137592227 -0.0058206344772494256 -0.028201983144447201 0.0064733783781492438 -0.0057034677281062917 0.012421005942179932
leaf_weight=293.28629270195961 10156.998439311981 306.02174380421638 379.37867115437984 1368.5517513006926 113.74514155089855 203.5833423435688 165.50014568865299 75.884365200996399 49.797473832964897 1008.0299744307995 104.31794698536396 200.96269454061985 356.89353857934475 273.64995165169239
leaf_count=1245 41276 1240 1554 5713 462 826 670 307 203 4098 434 920 1498 1132
internal_value=0.00011766 -0.000931655 -0.00205383 0.000107617 -0.00481081 0.00532732 0.0111079 0.00264632 -0.00704357 -0.00788024 -0.0172616 0.00283134 -0.00130941 0.00689605
internal_weight=15056.6 4899.6 3774.81 2117.01 1657.8 748.462 369.083 381.906 1275.89 1226.09 218.063 1124.79 557.856 566.936
internal_count=61578 20302 15507 8763 6744 3050 1496 1547 5197 4994 896 4795 2418 2377
is_linear=0
shrinkage=0.03


Tree=175
num_leaves=15
num_cat=0
split_feature=12 13 2 4 17 13 12 16 16 7 1 17 4 5
split_gain=6.90963 14.8048 28.7617 15.1133 11.7876 11.0699 9.7863 41.8194 26.0977 37.399 21.5832 28.5069 16.933 23.5319
threshold=-0.00036228818069317098 0.0074747520913298624 0.0022496470067238654 0.00062238504528000515 -0.3520614488341256 0.0062604316428886983 -0.0017150192051044175 -0.93540483100319605 -0.1628082571180898 0.78315884169155503 0.00056650242581884902 -0.63405362205439475 0.00012483477713265414 0.00065810537031885119
decision_type=2 2 2 2 2 2 2 2 2 2 2 2 2 2
left_child=6 3 -3 -2 -4 -5 -1 -8 9 -9 -11 -12 13 -10
right_child=1 2 4 5 -6 -7 7 8 12 10 11 -13 -14 -15
leaf_value=-0.00020157700160791414 -0.008673026013509515 -0.026621372775166813 0.0069875985022483274 0.0005963446076699408 -0.01213594210570022 0.015598395520621172 -0.0078119303456820315 -0.0035551425777150501 -0.00064308244436802231 0.013743399902703218 0.012159193699242227 -0.011372779332932185 0.0027126617128046988 -0.017585701919062977
leaf_weight=11669.312983945012 105.10788352787495 61.080288141965866 64.72871321439743 144.96548955142498 49.349671974778175 61.835500404238701 359.22243247926235 221.6036124676466 362.21649011969566 509.00124730169773 102.41701291501522 81.321841388940811 1180.3889670073986 90.705879211425781
leaf_count=47766 424 253 282 590 215 254 1481 895 1456 2063 424 340 4806 364
internal_value=6.88076e-05 -0.00343871 -0.0103646 0.000491939 -0.0013517 0.00518855 0.000186468 0.0017433 0.00309567 0.00714795 0.0105722 0.00173376 0.00082119 -0.00409854
internal_weight=15063.3 487.068 175.159 311.909 114.078 206.801 14576.2 2906.88 2547.66 914.344 692.74 183.739 1633.31 452.922
internal_count=61613 2018 750 1268 497 844 59595 11829 10348 3722 2827 764 6626 1820
is_linear=0
shrinkage=0.03


Tree=176
num_leaves=15
num_cat=0
split_feature=3 16 6 4 3 3 6 4 12 1 3 7 7 3
split_gain=8.25156 16.716 53.7187 26.985 24.5836 16.8188 21.191 16.6388 14.0599 13.3274 11.9405 21.8551 19.1745 20.508
threshold=-0.0020262320810605912 -0.77259657388510594 0.00060330595157401495 0.00075287782292077232 -0.0041633218264743857 -0.0029409795063551343 0.0010448417626733055 0.0011437718392388609 -0.0090697743380060408 0.00018708344706146188 -0.0014834365926651714 1.4731042069526017 1.6525682227851455 1.0000000180025095e-35
decision_type=2 2 2 2 2 2 2 2 2 2 2 2 2 2
left_child=1 2 4 5 -1 6 8 -3 -4 -7 11 -2 -12 -14
right_child=10 7 3 -5 -6 9 -8 -9 -10 -11 12 -13 13 -15
leaf_value=-0.00025493745969737923 -0.0024278051511170541 -0.00032145978845776572 0.019781758825446312 -0.020446074553089583 0.024743468011833546 -0.0099332582421078827 -0.0021489543743519021 0.012128389618762826 0.0057449234729955211 0.0077655870555779936 -0.00027994478574341224 -0.021377164081827722 -0.010155740147032166 0.011280099432321616
leaf_weight=46.448709860444069 839.22787921130657 2669.7142321318388 98.918440237641335 47.233478561043739 146.36453510820866 134.98403942584991 190.36271399259567 98.238124668598175 183.73966586589813 51.454336643218994 10232.440319642425 56.679258018732071 46.810170352458954 233.18908958137035
leaf_count=208 3416 10951 445 209 627 563 824 405 781 211 41652 230 188 966
internal_value=4.7011e-05 0.00128449 0.00483247 0.000984631 0.0187806 0.00257678 0.00557876 0.000128839 0.0107617 -0.00501805 -0.000350959 -0.00367158 -6.73194e-05 0.00764985
internal_weight=15075.8 3667.46 899.506 706.693 192.813 659.459 473.021 2767.95 282.658 186.438 11408.3 895.907 10512.4 279.999
internal_count=61676 15224 3868 3033 835 2824 2050 11356 1226 774 46452 3646 42806 1154
is_linear=0
shrinkage=0.03


Tree=177
num_leaves=15
num_cat=0
split_feature=17 13 3 12 3 12 1 13 1 1 0 0 16 1
split_gain=6.15928 14.4273 12.4779 12.9779 11.3425 13.761 15.3762 10.6957 8.33486 7.62849 5.87457 5.58327 14.9756 8.81212
threshold=-0.98611507088852035 0.0050758232345456964 0.0033456475500118527 -0.0036638178514378779 0.00091535189117453186 -0.0056831308331665711 -6.6701278204295264e-05 0.0098564131317124843 -0.00062596476031329107 0.00012806879832706622 -0.00014486202919783417 -6.9605884563395102e-05 0.99465189230620699 0.00051036063392773123
decision_type=2 2 2 2 2 2 2 2 2 2 2 2 2 2
left_child=1 4 3 -3 5 8 10 -4 -1 -6 -7 12 13 -2
right_child=11 2 7 -5 9 6 -8 -9 -10 -11 -12 -13 -14 -15
leaf_value=-0.0052365420006923406 -0.00055223142145721421 -0.001143929925549067 0.0093430378891629692 -0.018059621068536407 0.017153911671486447 0.0079600806449690916 -0.01400862615038854 -0.0094182419630904103 0.0083009907130015687 0.0009968877573681657 -0.0048150423244471535 0.00052598855238409465 0.0072825238319022554 -0.004316871163329644
leaf_weight=57.166384771466255 4902.8293963670731 60.528809949755669 54.530285269021988 125.19401332736015 50.926675409078598 56.022374153137207 121.35432247817516 50.978613525629044 132.85649752616882 52.799349322915077 71.392164796590805 8409.6731047034264 202.62860623002052 629.83842459321022
leaf_count=236 20075 249 221 506 205 225 490 224 542 212 287 34363 826 2612
internal_value=-0.000114035 -0.00261659 -0.00797801 -0.0126176 0.00028024 -0.00183745 -0.00645833 0.000271598 0.00421624 0.00910399 0.000838209 3.38228e-05 -0.000687772 -0.000982203
internal_weight=14978.7 833.749 291.232 185.723 542.518 438.792 248.769 105.509 190.023 103.726 127.415 14145 5735.3 5532.67
internal_count=61273 3397 1200 755 2197 1780 1002 445 778 417 512 57876 23513 22687
is_linear=0
shrinkage=0.03


Tree=178
num_leaves=15
num_cat=0
split_feature=4 16 6 16 17 1 3 6 7 6 10 16 7 17
split_gain=7.7905 17.6075 18.1937 17.3267 32.1351 38.4189 25.3576 30.1753 50.6343 38.8597 37.286 35.5985 28.0282 26.3146
threshold=2.6217765064173729e-05 -0.55557023301960229 0.0002500972777590604 -0.55557023301960229 0.68322629814330826 0.00011334892350663152 0.00088601892899831125 0.00082057028255004972 0.91137587302146705 0.001285874641275253 0.42624392446574083 0.41248606129204562 0.68541667849473875 0.84874750804349197
decision_type=2 2 2 2 2 2 2 2 2 2 10 2 2 2
left_child=1 -1 -3 4 -2 -6 7 8 11 13 -11 -5 -8 -9
right_child=3 2 -4 6 5 -7 12 9 -10 10 -12 -13 -14 -15
leaf_value=0.002640836391757577 -0.0018256782387867879 0.012575862347850953 -0.00069666541122134556 -0.0086634337172342146 0.0063348085344315658 -0.020590601523590043 0.0075930793847624346 0.012748324572219732 -0.012558722931746921 -0.011433954076353524 0.0097032922724015567 0.0030370743452926663 0.00038625611570297153 -0.00481861151825555
leaf_weight=2364.5713971108198 2000.4978086650372 92.61527456343174 5291.3903141766787 350.87219731509686 64.094381913542747 175.83333490788937 628.25553032755852 326.74741989374161 492.75055530667305 238.25044456124306 107.49063566327095 692.96885418891907 2118.285563364625 98.941287815570831
leaf_count=9912 8234 373 21478 1417 259 725 2541 1320 1993 975 444 2789 8688 402
internal_value=-0.000178282 0.000484077 -0.000463767 -0.000881764 -0.00307654 -0.0134048 9.18993e-05 -0.00222503 -0.00465351 0.00261173 -0.00484439 -0.00090493 0.0020391 0.00866187
internal_weight=15043.6 7748.58 5384.01 7294.99 2240.43 239.928 5054.56 2308.02 1536.59 771.43 345.741 1043.84 2746.54 425.689
internal_count=61550 31763 21851 29787 9218 984 20569 9340 6199 3141 1419 4206 11229 1722
is_linear=0
shrinkage=0.03


Tree=179
num_leaves=15
num_cat=0
split_feature=4 17 12 17 16 2 17 7 16 17 2 3 3 1
split_gain=7.56362 13.9835 17.7935 11.1014 10.5649 8.4849 59.8701 30.7137 36.2798 29.8631 42.4322 36.0809 31.5844 26.144
threshold=0.0018552639412023899 0.63405362205439486 -0.0095885209529929499 -0.95642797789208678 0.47114434510950087 0.00089170020679629075 0.72947329433276265 1.004109934117033 0.35206144883412582 0.88144907265856365 0.00027989096484383474 0.0038265420167914459 0.0019191228640712545 -0.00012791707605734612
decision_type=2 2 2 2 2 2 2 2 2 2 2 2 2 2
left_child=5 2 -2 -4 -3 9 -7 8 -8 11 13 -1 -12 -11
right_child=1 4 3 -5 -6 6 7 -9 -10 10 12 -13 -14 -15
leaf_value=-0.00039131274228981978 0.0065191072939405183 -0.0017627129097769747 0.0054135638040611091 -0.010127604141811781 0.015772450122635923 0.0031993709150836772 -0.0079403765996277215 -0.018897692214867777 0.013636736909176158 0.0018250118501195987 -0.009844602303160364 -0.0092144162520195732 0.0085896004982894542 0.010178674746200942
leaf_weight=8581.5321894139051 88.822634354233742 71.146994113922119 45.797444835305214 339.51774966716766 52.219423547387123 3059.4869889765978 310.67057198286057 152.22737853229046 88.481310784816742 671.07274782657623 307.04329387843609 436.46225318312645 112.95643152296543 677.84175054728985
leaf_count=35096 376 301 205 1538 219 12440 1267 625 359 2708 1241 1793 455 2729
internal_value=0.000162964 -0.00313873 -0.00547724 -0.00826201 0.00579291 0.0003004 0.00155872 -0.00752358 -0.00311317 -0.000121027 0.00344075 -0.000820291 -0.00486962 0.00603166
internal_weight=14995.3 597.504 474.138 385.315 123.366 14397.8 3610.87 551.379 399.152 10786.9 1768.91 9017.99 420 1348.91
internal_count=61352 2639 2119 1743 520 58713 14691 2251 1626 44022 7133 36889 1696 5437
is_linear=0
shrinkage=0.03


Tree=180
num_leaves=15
num_cat=0
split_feature=3 0 16 17 2 13 7 2 7 7 12 17 10 12
split_gain=7.05862 6.20369 19.6481 12.0128 56.0294 23.0923 19.7922 17.9741 27.8651 24.3923 17.2121 20.917 19.7226 17.0701
threshold=0.02227112568179113 -4.9424091509514538e-05 0.99465189230620699 0.83146961230254512 0.00041122582520830569 0.0053263969151058363 1.0651206640171 -3.4369165702152753e-05 1.6525682227851455 0.5221390439107475 -0.0092978629827565312 -0.47114434510950048 0.39731089536134695 -0.0077968904483421411
decision_type=2 2 2 2 2 2 2 2 2 2 2 2 10 2
left_child=1 2 -1 7 -5 -6 -7 -3 9 -9 11 -11 -13 -12
right_child=-2 3 -4 4 5 6 -8 8 -10 10 13 12 -14 -15
leaf_value=-0.0011044008681793138 0.0098705675886926175 -0.00179912548185117 0.0079548353964135256 0.007369003997641105 -0.0096667300086764347 0.0065548664843612424 -0.014484838354757433 0.0096250847816518222 0.01478575137117364 0.019824456756298823 -0.011885043411055696 -0.0096414640924585154 0.014775209203856429 8.0923309847751607e-06
leaf_weight=6264.0219477117062 62.242060944437981 3078.1524384021759 221.15595383942127 940.29434721171856 329.58352428674698 201.08080704510212 48.223981693387032 259.68243998289108 130.62276740372181 84.076326131820679 110.47289770841599 70.424048855900764 48.560102209448814 3165.8562646657228
leaf_count=25678 256 12635 900 3788 1339 817 201 1056 543 349 464 291 202 12934
internal_value=-5.23873e-05 -9.50085e-05 -0.000793108 0.00043975 0.00285444 -0.00447874 0.00240219 -8.8904e-05 0.00127172 0.000791961 0.000127555 0.00855932 0.000403046 -0.000399932
internal_weight=15014.4 14952.2 6485.18 8467.03 1519.18 578.888 249.305 6947.85 3869.69 3739.07 3479.39 203.06 118.984 3276.33
internal_count=61453 61197 26578 34619 6145 2357 1018 28474 15839 15296 14240 842 493 13398
is_linear=0
shrinkage=0.03


Tree=181
num_leaves=15
num_cat=0
split_feature=3 13 3 16 2 7 2 13 16 6 11 2 3 16
split_gain=6.44163 7.30063 16.6626 15.1956 24.9975 27.2365 13.1354 14.0573 31.5636 22.0366 13.7774 11.7905 26.0719 25.443
threshold=0.02227112568179113 0.012406335944248338 0.0067681758466736639 0.19509032201612822 -0.0032062431996431324 1.1014653756210857 0.0043618608238762966 0.010408664308508066 0.097964660725097366 0.00099657600744142692 47.201345716843356 -0.0043486595637056763 -0.005831920509537499 0.84874750804349197
decision_type=2 2 2 2 2 2 2 2 2 2 2 2 2 2
left_child=1 2 6 -3 -5 -6 7 11 9 -9 -10 12 13 -1
right_child=-2 3 -4 4 5 -7 -8 8 10 -11 -12 -13 -14 -15
leaf_value=0.0038086972221115837 0.0096344421355067326 -0.0066909531771477881 0.010085779142568529 -0.018099347209217787 0.0096186707910836493 -0.011482376478031062 -0.0084649523305035026 -0.013738214942796628 0.0013068007774393331 0.0066299704110345317 0.019925594366622064 -0.00028857654485840885 0.013783893088826956 -0.01997405984554175
leaf_weight=170.31493899226189 59.06098547577858 433.67091074585915 144.68535974621773 47.735708579421043 238.6638275384903 69.556761875748634 164.077163413167 86.39960965514183 49.723120287060738 102.27643230557442 128.20317335426807 13117.343738213181 169.1124547123909 50.936128869652748
leaf_count=767 243 1880 598 201 991 334 714 352 202 423 521 53330 746 220
internal_value=-8.97748e-05 -0.000129414 2.70758e-05 -0.00293322 0.00165674 0.00481343 -7.80152e-05 2.23742e-05 0.00580263 -0.00274341 0.0147948 -0.000135339 0.0049891 -0.00179643
internal_weight=15031.8 14972.7 14183.1 789.627 355.956 308.221 14038.4 13874.3 366.602 188.676 177.926 13507.7 390.364 221.251
internal_count=61522 61279 57873 3406 1526 1325 57275 56561 1498 775 723 55063 1733 987
is_linear=0
shrinkage=0.03


Tree=182
num_leaves=15
num_cat=0
split_feature=13 16 6 6 2 2 6 12 3 13 16 13 6 17
split_gain=8.15309 33.8743 12.2488 11.8712 11.8381 10.5205 9.17501 20.4114 22.3164 10.5682 12.5025 8.71965 35.1889 28.1905
threshold=0.00050854598415861496 0.88144907265856365 0.00084215662468032227 0.00045762499859580973 -0.0024192760955532573 -0.0012523303938500594 0.00028944192871585155 -0.0034274440042206806 -0.00043445713872712963 0.0021761510208329064 0.58216583101416164 0.0060851585383916449 0.00042786330376816227 -0.81241147629688992
decision_type=2 2 2 2 2 2 2 2 2 2 2 2 2 2
left_child=1 2 3 5 -4 -1 7 -2 -9 -10 -11 -8 -13 -14
right_child=6 -3 4 -5 -6 -7 11 8 9 10 -12 12 13 -15
leaf_value=0.0010965470545059785 0.017938422488861974 -0.011562657019588212 0.0055942370572201654 0.00081753800412723483 0.023946421086320429 0.019343932328033591 -0.00084220369647111009 -0.014203188630118761 0.016061414103917267 -0.0099344010535286388 0.0085086374580450562 -0.014930265640703282 -0.0036154260417565866 0.0026124769373924318
leaf_weight=48.498946145176888 77.462242439389229 116.60114480555058 70.215168610215187 338.21227964758873 58.107378453016281 67.621120452880859 9900.0665833801031 66.312021091580391 59.116672202944756 54.027680367231369 78.80349300801754 121.95786339044571 826.37892498075962 3109.6297657191753
leaf_count=201 312 487 309 1417 241 281 40320 268 238 217 319 492 3421 12844
internal_value=-8.91083e-05 0.00306915 0.00602681 0.00368209 0.0141445 0.0118703 -0.000244019 0.00464206 0.000546753 0.00573632 0.000971038 -0.000362188 0.000808725 0.00130373
internal_weight=14993 699.256 582.655 454.332 128.323 116.12 14293.8 335.722 258.26 191.948 132.831 13958 4057.97 3936.01
internal_count=61367 2936 2449 1899 550 482 58431 1354 1042 774 536 57077 16757 16265
is_linear=0
shrinkage=0.03


Tree=183
num_leaves=15
num_cat=0
split_feature=4 11 16 6 10 12 5 0 2 5 12 5 16 5
split_gain=8.19407 16.9021 16.6371 17.6189 25.9504 13.8604 11.5083 11.4254 11.3162 11.2636 12.8489 18.1378 14.941 20.0639
threshold=0.00089458747358173174 64.916334226502684 -0.55557023301960229 0.0014379456387741383 1.6086890273717678 -0.0030290377987327029 0.00093596278313401459 0.00055096078566153905 0.002768018317347493 0.00070568285005412356 -0.0017666305567757832 0.0079011394255809071 0.41248606129204562 0.0017920212299286089
decision_type=2 2 2 2 8 2 2 2 2 2 2 2 2 2
left_child=1 -1 3 5 -5 -2 -3 -7 -6 -4 11 12 13 -11
right_child=2 6 9 4 8 7 -8 -9 -10 10 -12 -13 -14 -15
leaf_value=3.7443340443167185e-06 -0.019060582005047212 -0.00087819160805607636 0.0086862695414472221 -0.015867529209030423 -0.0023499225155574209 -0.0030617857959218996 0.014446631044362302 -0.017991034800397317 0.016120026422750205 -0.0019771778144221752 0.001744533373425695 0.012512719692676328 -0.0017793997888773574 -0.019797376353209932
leaf_weight=12815.601806759834 106.30966503918171 68.28817880153656 115.08358050882816 52.033778995275497 47.919354885816574 215.97806264460087 121.4065598398447 57.090406745672226 75.245489537715912 106.06735411286354 716.20679381489754 52.333872213959694 358.048244997859 121.81195828318596
leaf_count=52246 457 276 469 230 204 912 491 245 336 435 2991 225 1477 526
internal_value=-0.000140441 0.000136006 -0.00191503 -0.00633234 0.00152659 -0.00995061 0.00897825 -0.00629116 0.00901126 -0.000241697 -0.00101196 -0.00410086 -0.00562227 -0.0115923
internal_weight=15029.4 13005.3 2024.13 554.577 175.199 379.378 189.695 273.068 123.165 1469.55 1354.47 638.261 585.928 227.879
internal_count=61520 53013 8507 2384 770 1614 767 1157 540 6123 5654 2663 2438 961
is_linear=0
shrinkage=0.03


Tree=184
num_leaves=15
num_cat=0
split_feature=6 2 12 5 5 2 12 6 13 6 16 13 6 13
split_gain=9.02142 16.724 13.1438 16.7923 12.9359 12.8023 17.6516 18.0077 17.4236 24.2859 30.5257 22.3934 16.7987 20.2754
threshold=0.0010553633557489896 -0.0043486595637056763 -0.00083038492091064276 0.00085924766805045582 0.0026713578639339102 0.0024217893084365065 -0.0017415677448896492 0.00023580680942394416 0.0034824860978157628 0.00058795830354658053 -0.70710678118654735 0.0014750051580840753 0.00060613123765939638 0.0057244730265362262
decision_type=2 2 2 2 2 2 2 2 2 2 2 2 2 2
left_child=1 -1 3 -2 -5 6 7 -3 11 -10 -11 -8 13 -7
right_child=2 5 -4 4 -6 12 8 -9 9 10 -12 -13 -14 -15
leaf_value=0.011686234237964754 -0.0023433188070223297 0.014648806596635786 -0.010056784646434613 0.0052062069174690943 -0.0016330420880364144 -0.022932675383553036 -0.010361177640599127 -0.00019312159010433238 -0.0024211399473577418 -0.0034516623315613026 0.0075707549223148389 0.0094857878755823244 -0.0012485993157572831 -0.00067535459635866641
leaf_weight=116.15699480473995 2255.341132029891 72.252791345119476 145.54284863173962 583.29513365030289 431.74302376806736 76.097798153758049 55.285733580589294 8038.9824896007776 822.04868602752686 316.5651963353157 781.08316367864609 502.95179028809071 666.36477150022984 69.955612942576408
leaf_count=508 9339 291 644 2392 1903 308 225 32697 3315 1290 3146 2032 2763 285
internal_value=5.60426e-05 0.00045762 -0.00129746 -0.000901736 0.00229966 0.000341195 0.000619852 -5.7335e-05 0.00283481 0.00147464 0.00439136 0.00749025 -0.00328346 -0.0124252
internal_weight=14933.7 11517.7 3415.92 3270.38 1015.04 11401.6 10589.2 8111.24 2477.93 1919.7 1097.65 558.238 812.418 146.053
internal_count=61138 46860 14278 13634 4295 46352 42996 32988 10008 7751 4436 2257 3356 593
is_linear=0
shrinkage=0.03


Tree=185
num_leaves=15
num_cat=0
split_feature=11 3 16 1 6 6 13 3 11 6 13 6 16 16
split_gain=6.13745 15.4608 17.3858 23.9162 20.4309 17.5631 17.0571 13.585 13.4092 13.0351 12.6778 14.4751 21.0968 19.2946
threshold=55.924741092929501 0.00085511409776262159 -0.70710678118654735 0.0004894009989540039 0.001615303905465009 0.00074939591018269758 0.010408664308508066 0.0025743841224072019 62.565346720864149 0.00023580680942394416 0.0068281063675424978 0.00080518570293780262 -0.79335334029123528 0.41248606129204562
decision_type=2 2 2 2 2 2 2 2 2 2 2 2 2 2
left_child=9 6 3 8 7 -4 10 -5 -3 -1 11 12 -2 -14
right_child=1 2 5 4 -6 -7 -8 -9 -10 -11 -12 -13 13 -15
leaf_value=0.012027946079217786 0.0048386835185433253 -0.0033110366813230234 0.004573747125024172 -0.0043685147387289187 0.0058336629113594956 -0.00089806838946591408 0.0092195498905806219 -0.021489461206165496 0.0080563221035757828 0.00038693966612423183 -0.012629395452837002 0.0019955224723043289 -0.01326740677748898 -0.0032277098931312509
leaf_weight=85.280980005860329 150.85096161067486 274.94921872019768 1025.5982485115528 63.910660743713379 48.309730008244514 1084.6154729574919 88.528330191969872 125.05154746770859 138.92623384296894 10703.122192800045 143.02926525473595 341.04991838335991 296.9990209788084 410.70203892886639
leaf_count=344 613 1133 4137 265 218 4552 373 537 584 43696 601 1401 1212 1656
internal_value=0.000102647 -0.00087116 0.000440683 -0.00383735 -0.0113875 0.00176314 -0.00339939 -0.0158052 0.000525057 0.000481173 -0.00424391 -0.00322475 -0.00529826 -0.00746656
internal_weight=14980.9 4192.52 2761.36 651.147 237.272 2110.21 1431.16 188.962 413.875 10788.4 1342.63 1199.6 858.552 707.701
internal_count=61322 17282 11426 2737 1020 8689 5856 802 1717 44040 5483 4882 3481 2868
is_linear=0
shrinkage=0.03


Tree=186
num_leaves=15
num_cat=0
split_feature=11 3 12 16 6 6 13 3 2 6 7 12 12 3
split_gain=8.58674 7.05115 7.32068 21.1136 23.2458 29.128 27.3235 26.0803 26.4772 26.0104 30.385 32.9104 22.2397 22.0201
threshold=20.025302954077173 0.02227112568179113 -0.0052876467044706268 -0.93540483100319605 0.00078928560719606494 0.0010553633557489896 0.0078771491472620098 0.0027520574683308767 0.0023617687665560853 0.00049916033143356344 0.84285215570681082 -0.0062071630436260619 -0.0091715846337891965 0.0012919677729730796
decision_type=2 2 2 2 2 2 2 2 2 2 2 2 2 2
left_child=-1 2 3 -2 6 7 9 8 -6 10 11 -5 -7 -11
right_child=1 -3 -4 4 5 12 -8 -9 -10 13 -12 -13 -14 -15
leaf_value=-0.011793470882261164 0.004269170127045703 0.010463585763449723 0.00043308840296186969 0.014039689048325069 0.0039588046042166912 0.00073826296950819568 0.017298493304828765 -0.015767491693902798 0.025006047397178051 -0.0056480511357868473 -0.015049097763248434 -0.008143646522934438 -0.0065291836373671287 -0.019362717523993836
leaf_weight=53.721417978405952 603.20019969344139 55.794826656579971 9948.5887369811535 185.52676099538803 904.53184317052364 854.49250414967537 49.119570970535278 54.48995316028595 55.325107291340828 1277.5410963892937 69.21099965274334 87.062924310564995 678.48668655753136 113.40032717585564
leaf_count=238 2582 230 40451 756 3700 3608 201 222 226 5227 283 354 2825 463
internal_value=-3.86594e-05 5.19103e-06 -3.54226e-05 -0.000980198 -0.00171324 0.000125855 -0.00433959 0.0040651 0.00522142 -0.00497222 0.00243123 0.0069468 -0.00248258 -0.00679237
internal_weight=14990.5 14936.8 14881 4932.39 4329.19 2547.33 1781.86 1014.35 959.857 1732.74 341.801 272.59 1532.98 1390.94
internal_count=61366 61128 60898 20447 17865 10581 7284 4148 3926 7083 1393 1110 6433 5690
is_linear=0
shrinkage=0.03


Tree=187
num_leaves=15
num_cat=0
split_feature=11 12 5 13 2 17 7 11 13 16 16 1 5 2
split_gain=7.74847 7.17856 16.456 14.3912 34.0208 21.8031 11.9306 10.9452 7.67404 48.5894 25.2595 36.3867 22.4097 23.1752
threshold=80.029514482728786 -0.00036228818069317098 0.00084034719780734523 0.0079627785177256456 0.0021908082409924094 -0.5 1.0582268154981935 67.659585597564984 0.0027590290446629644 -0.9103761370219875 -0.9103761370219875 8.4500268132281522e-05 0.00028058770857664067 0.0018692023543056687
decision_type=2 2 2 2 2 2 2 2 2 2 2 2 2 2
left_child=1 8 -3 5 -5 6 -4 -7 9 -1 11 -10 -13 -14
right_child=-2 2 3 4 -6 7 -8 -9 10 -11 -12 12 13 -15
leaf_value=0.0064358515940527144 0.011213898584938837 -0.020111830593436766 -0.014705090652081598 -0.02712020165716425 0.0021973236796816184 0.0026956923153143948 0.0037868759555731574 0.019271465311184632 -0.0078779986684772655 -0.0018018158068166552 0.00134740188172581 0.011249934813408077 -0.0070971998957217773 0.0085263769735207696
leaf_weight=740.89531950652599 54.081710204482079 46.8041712641716 70.00749783217907 56.025769174098969 91.568360522389412 78.812372818589211 54.495462268590927 64.968782305717468 684.718322083354 4860.8831253349781 7672.2773611396551 175.58288340270519 244.49753108620644 128.83962044119835
leaf_count=3141 237 189 283 233 399 321 222 269 2825 19863 31264 726 1001 548
internal_value=8.36015e-05 4.18998e-05 -0.00362853 -0.00168608 -0.00914522 0.00245481 -0.00667918 0.0103472 0.000159442 -0.000710388 0.000706598 -0.00327444 0.00247575 -0.00168876
internal_weight=15024.5 14970.4 462.682 415.878 147.594 268.284 124.503 143.781 14507.7 5601.78 8905.92 1233.64 548.92 373.337
internal_count=61521 61284 1916 1727 632 1095 505 590 59368 23004 36364 5100 2275 1549
is_linear=0
shrinkage=0.03


Tree=188
num_leaves=15
num_cat=0
split_feature=4 17 10 12 11 7 16 0 17 4 17 16 12 6
split_gain=6.95891 15.3878 19.718 15.0323 11.7264 9.19848 7.08537 4.80084 6.05443 5.70499 16.5756 11.1722 10.9693 9.67249
threshold=0.002926119681662787 0.032701564615071219 0.47681524494303357 -0.0091715846337891965 73.083267240447938 0.85073311172096766 0.25881904510252091 0.0014493891226204927 -0.44228869021900119 0.0010859803800251646 -0.29012925520284105 -0.70710678118654735 -0.0012130460269679786 0.0012180071455546819
decision_type=2 2 10 2 2 2 2 2 2 2 2 2 2 2
left_child=4 3 -3 -2 7 -6 -5 9 -9 -1 11 12 -11 -13
right_child=1 2 -4 6 5 -7 -8 8 -10 10 -12 13 -14 -15
leaf_value=6.2784908924137453e-05 0.0046838258740382705 -0.0077022725798104857 0.018438477633684211 -0.008857130451719401 0.013524324709973784 0.00038987765357298919 -0.023528132444142424 -0.0016257986568724448 0.010978729847408854 0.0018863291638402102 -0.0066582953257527076 0.0054272505466808826 -0.016500468312299881 -0.0043828540315213535
leaf_weight=13350.41429181397 43.858791917562485 54.455182731151581 46.286892518401146 70.909638494253159 100.86572940647602 90.181041270494461 54.477015227079391 59.971827000379562 76.715086221694946 57.537358060479164 438.84840768575668 363.96575240790844 56.536256730556488 118.48428392410278
leaf_count=54439 190 243 200 340 415 375 257 254 318 246 1843 1492 242 504
internal_value=-4.0447e-05 -0.00479533 0.00443347 -0.0102763 4.74433e-05 0.00739266 -0.0155006 -5.01895e-05 0.00550476 -0.000103728 -0.00224678 0.00101008 -0.00735368 0.00300985
internal_weight=14983.5 269.988 100.742 169.245 14713.5 191.047 125.387 14522.5 136.687 14385.8 1035.37 596.524 114.074 482.45
internal_count=61358 1230 443 787 60128 790 597 59338 572 58766 4327 2484 488 1996
is_linear=0
shrinkage=0.03


Tree=189
num_leaves=15
num_cat=0
split_feature=3 12 17 17 12 6 16 13 3 7 13 16 12 3
split_gain=5.14096 7.86382 12.9913 10.093 6.25311 33.8929 27.886 27.1797 19.1574 15.7515 26.86 36.0763 24.244 17.8988
threshold=-0.022249111513130245 -0.022344683503090653 -0.68322629814330815 0.41248606129204551 -0.0060897207291513702 0.00042298437763089476 0.88144907265856365 0.0066280254283370707 -0.0015494787309526523 0.62552433669270213 0.0078771491472620098 0.065403129230143103 -0.0089493942566749012 -0.01040715113678836
decision_type=2 2 2 2 2 2 2 2 2 2 2 2 2 2
left_child=-1 2 -2 -4 5 -3 9 -8 -9 10 11 12 -7 -11
right_child=1 4 3 -5 -6 6 7 8 -10 13 -12 -13 -14 -15
leaf_value=-0.0090080991222625424 -0.0070410613310315819 0.013810185358952523 0.01811478540296866 0.0012496890543350916 0.00026574753192900176 0.0077783359805585484 -0.011244494137872213 0.016329578424393643 -0.005987444767277794 0.015472419216541095 0.0093799439018503097 -0.019043363659977497 -0.009681240116518032 3.3715628634389862e-05
leaf_weight=55.490494549274445 47.208098635077477 129.66023993492126 74.78153732419014 55.21991491317749 11039.872903928161 131.51567307114601 447.42916248738766 60.460084348917007 75.981867790222168 67.489675804972649 93.142095804214478 169.21765640377998 152.37345078587532 2465.0184949338436
leaf_count=238 202 531 319 227 44923 546 1843 248 316 321 381 696 621 10282
internal_value=-5.41396e-05 -1.98406e-05 0.00622685 0.0110786 -9.53033e-05 -0.00114596 -0.00168267 -0.00768184 0.0039947 -0.000540704 -0.00515118 -0.00816634 -0.00159501 0.000457032
internal_weight=15064.9 15009.4 177.21 130.001 14832.2 3792.29 3662.63 583.871 136.442 3078.76 546.249 453.107 283.889 2532.51
internal_count=61694 61456 748 546 60708 15785 15254 2407 564 12847 2244 1863 1167 10603
is_linear=0
shrinkage=0.03


Tree=190
num_leaves=15
num_cat=0
split_feature=11 16 2 3 6 1 17 1 2 2 13 13 6 6
split_gain=5.84687 12.2539 18.0358 25.4238 27.5155 21.7989 16.79 15.6372 16.6028 15.2299 12.6362 16.042 11.7263 22.4805
threshold=59.454374528563498 0.63405362205439497 0.002768018317347493 0.001990830770282379 0.00049550527251201678 0.0011878147253217011 -0.16280825711808986 0.00026738905723816547 0.0039223306083041041 0.0018692023543056687 0.0056773156252595278 0.003447649775218387 0.00064678622859209404 0.0008734328763322824
decision_type=2 2 2 2 2 2 2 2 2 2 2 2 2 2
left_child=-1 7 3 -3 -5 6 -4 8 10 -9 11 -2 -6 -14
right_child=1 2 5 4 12 -7 -8 9 -10 -11 -12 -13 13 -15
leaf_value=0.00025871203522993786 0.010839885364941154 -0.00021436148719962728 0.00018865258937337455 0.031098052383361 -0.0055217020093104533 0.0054021664356408133 -0.018076910053104595 -0.0079455469951143706 -0.010770924866707535 -0.0013610564454216015 0.0094776014814646811 -0.0064244461246397077 0.021145080890782018 -0.0039791187016294015
leaf_weight=12248.789689913392 69.304625317454338 405.00337506830692 74.967851832509041 51.622943490743637 50.978013455867767 120.9613178819418 112.26374794542789 607.29636780917645 78.354384288191795 659.20484107732773 202.0435486137867 149.1134624928236 78.891446277499199 52.178052470088005
leaf_count=50013 280 1636 314 210 205 532 472 2488 354 2808 828 607 320 215
internal_value=-2.04054e-05 -0.00128022 0.00147114 0.00434335 0.0121777 -0.00447063 -0.0108387 -0.00275596 0.0017381 -0.00452592 0.00410915 -0.000897777 0.0065328 0.0112338
internal_weight=14961 2712.18 946.867 638.674 233.67 308.193 187.232 1765.32 498.816 1266.5 420.462 218.418 182.048 131.069
internal_count=61282 11269 3904 2586 950 1318 786 7365 2069 5296 1715 887 740 535
is_linear=0
shrinkage=0.03


Tree=191
num_leaves=15
num_cat=0
split_feature=6 3 12 7 2 6 3 12 7 7 5 16 4 3
split_gain=5.16594 12.8396 10.5903 25.0717 8.91059 25.0887 18.4645 11.6371 21.8744 25.3347 25.4259 25.4302 23.7812 27.2125
threshold=0.00094279521357958009 0.0079013492476498141 -0.00083038492091064276 0.92111353437448484 0.0024217893084365065 0.00060028780106953169 0.0058420192113829436 -0.0014898430693534024 0.7866776591144492 0.49828625694470285 0.00045150647929737003 -0.35206144883412566 0.00020233224089760696 0.001990830770282379
decision_type=2 2 2 2 2 2 2 2 2 2 2 2 2 2
left_child=1 4 -2 -4 6 -6 7 -1 9 -9 -11 -12 -13 -14
right_child=2 -3 3 -5 5 -7 -8 8 -10 10 11 12 13 -15
leaf_value=-4.112704650980433e-05 -0.00070388113365190232 0.014443606414819303 -0.022059502995148465 -7.7041095084982243e-05 -0.014446825190709913 -0.00025085843050526465 -0.014092429722165643 0.011219301454508997 0.0049812999573913561 0.0074884910817726779 -0.019490626206139769 -0.017603967211269399 -0.0086308842712478403 0.010712103482469855
leaf_weight=8073.0532283186913 3976.4858878403902 54.608501970767975 69.349800288677216 135.1763644516468 139.49640637636185 538.6492535918951 77.122563153505325 112.5024788826704 1217.2200002670288 128.30846340954304 116.78662094473839 77.99663108587265 128.09048788249493 129.77887316048145
leaf_count=32843 16542 230 291 609 567 2217 314 456 4918 516 475 313 516 525
internal_value=-0.000153245 0.000193579 -0.00104826 -0.0076722 0.00011844 -0.0032049 0.000343041 0.000457352 0.00256138 -0.00168837 -0.00421784 -0.00755445 -0.00331322 0.00111145
internal_weight=14974.6 10793.6 4181.01 204.526 10739 678.146 10060.9 9983.74 1910.68 693.464 580.961 452.653 335.866 257.869
internal_count=61332 43890 17442 900 43660 2784 40876 40562 7719 2801 2345 1829 1354 1041
is_linear=0
shrinkage=0.03


Tree=192
num_leaves=15
num_cat=0
split_feature=3 16 13 17 2 6 13 5 6 3 5 4 4 3
split_gain=10.975 21.8549 40.6881 24.6731 34.285 30.2036 28.211 26.4218 20.0068 22.1162 23.7972 18.2831 15.4371 18.3734
threshold=-0.002399255715810684 0.88144907265856365 0.0072504813414238098 0.84874750804349197 -0.0007895308638125319 0.0006546707004074987 0.0097043625406614282 -0.00078738001491368548 0.00067833687266968378 -0.003600964144585272 -0.0019600495077468634 -0.0029241387929881397 -0.00079907912763577105 -0.005831920509537499
decision_type=2 2 2 2 2 2 2 2 2 2 2 2 2 2
left_child=1 3 12 4 6 -6 11 8 -5 10 -10 -1 13 -3
right_child=-2 2 -4 7 5 -7 -8 -9 9 -11 -12 -13 -14 -15
leaf_value=0.012770941355712221 -0.00047076307368763132 -0.014690386168034083 0.016991387609234437 0.010926041964970636 0.017952393812568673 0.0050849685099469142 -0.020273244747143333 -0.013970097445143348 0.00079125742191795377 0.010972838275088562 -0.021951471338373881 0.0008171565052451892 -0.013789700544054234 0.0050613127538307297
leaf_weight=125.15863782167435 11927.782371103764 63.052155092358589 65.589259579777718 119.10065956413746 232.54524558782578 556.02987658977509 51.481203466653824 148.78672252595425 87.924803853034973 61.245062619447708 76.043324932456017 1223.7813355773687 207.315504103899 119.79047091305256
leaf_count=575 48628 269 270 481 968 2298 217 605 362 249 310 5146 849 491
internal_value=-5.5424e-05 0.00152268 -0.00453784 0.00255512 0.00392039 0.0089153 0.00109907 -0.00349704 0.00108317 -0.00417244 -0.00989354 0.00194353 -0.0082253 -0.00183519
internal_weight=15065.6 3137.84 455.747 2682.1 2189 788.575 1400.42 493.101 344.314 225.213 163.968 1348.94 390.158 182.843
internal_count=61718 13090 1879 11211 9204 3266 5938 2007 1402 921 672 5721 1609 760
is_linear=0
shrinkage=0.03


Tree=193
num_leaves=15
num_cat=0
split_feature=11 7 17 13 16 13 4 3 7 17 12 11 11 4
split_gain=7.06418 19.0363 19.5042 19.5073 21.2265 23.6378 21.3786 21.7385 16.9229 16.5634 16.9661 15.2127 14.7327 14.0153
threshold=56.038830825662792 0.43981403826592619 0.32143946530316164 0.0020917041981740607 -0.70710678118654735 0.0037848920017163894 0.0026089334196161 0.0039014706367588689 0.75230656701078613 0.032701564615071219 -0.00056549188802362804 75.469485596546335 61.506623127528115 0.0003488905813439081
decision_type=2 2 2 2 2 2 2 2 2 2 2 2 2 2
left_child=-1 -2 3 -3 5 -5 7 13 -9 10 -7 -4 -11 -6
right_child=1 2 11 4 6 9 -8 8 -10 12 -12 -13 -14 -15
leaf_value=0.00048435967697744683 0.010696332297437161 -0.011136977813619638 -0.0051116181894213493 0.0078788379456323759 -0.011453986168636564 -0.005814648103433428 -0.0080926032852905953 -0.0040182763773764915 0.01337226621670542 -0.0045030414343569612 -0.019670707354078023 0.010036486133688695 0.015954125280270636 0.0023211975671646248
leaf_weight=10876.072453394532 120.27923578023911 130.4866601973772 1220.0525360256433 127.79657164216042 67.904689222574234 356.2746170014143 161.17157766222954 60.834753319621086 269.91479888558388 84.653565376996994 101.60525292158127 60.913782209157944 48.052817389369011 1364.3544019460678
leaf_count=44427 489 532 5004 519 273 1521 742 249 1120 351 436 260 204 5533
internal_value=8.17084e-05 -0.000967124 -0.00131827 9.66822e-05 0.00065939 -0.00373446 0.00230199 0.00326034 0.0101687 -0.00626556 -0.00896153 -0.00437676 0.00303137 0.00165304
internal_weight=15050.4 4174.3 4054.02 2773.05 2642.56 718.383 1924.18 1763.01 330.75 590.586 457.88 1280.97 132.706 1432.26
internal_count=61660 17233 16744 11480 10948 3031 7917 7175 1369 2512 1957 5264 555 5806
is_linear=0
shrinkage=0.03


Tree=194
num_leaves=15
num_cat=0
split_feature=0 17 11 7 17 12 16 13 13 11 6 1 12 6
split_gain=6.44069 8.06507 7.1595 14.3373 26.484 27.1764 21.6416 27.2643 27.2018 27.1892 23.4681 22.0421 21.6224 19.184
threshold=0.0014493891226204927 -0.41248606129204529 53.908516690787629 0.87535276231048409 0.77259657388510627 -0.0023207302988134666 0.25881904510252091 0.0080501131309689295 0.0095288748250191863 68.491598263782024 0.0014379456387741383 -0.00031276830872294358 -0.0027444282775612723 0.0013404442166437501
decision_type=2 2 2 2 2 2 2 2 2 2 2 2 2 2
left_child=2 -2 -1 6 5 -5 7 10 9 11 -4 -8 13 -10
right_child=1 -3 3 4 -6 -7 8 -9 12 -11 -12 -13 -14 -15
leaf_value=0.00044124650158547071 -0.00077334054035991281 0.010721741436523803 -0.00090052840463637123 -0.0054337526531965507 -0.010252013427936519 0.0011314699456089158 0.01771940046476329 -0.010001443944212126 0.036071306494012904 0.013194570922469135 0.018103400676479687 -0.0016606333409729991 0.0039617492320186895 0.0093682550191569163
leaf_weight=9656.8657424598932 106.46731707453728 110.9341813325882 784.75095623731613 902.40374709665775 338.47252890467644 1521.7239799052477 54.273684933781624 298.79032118618488 50.029704719781876 150.94026246666908 61.181732460856438 858.58309364318848 108.87442913651466 48.826625809073448
leaf_count=39490 462 466 3190 3748 1398 6294 218 1237 207 616 252 3457 444 201
internal_value=3.40943e-05 0.00513656 -4.13591e-05 -0.000941084 -0.00241655 -0.00131496 0.000746478 -0.00224381 0.00343785 0.00148809 0.000513381 -0.00047218 0.0133132 0.0233296
internal_weight=15053.1 217.401 14835.7 5178.85 2762.6 2424.13 2416.25 1144.72 1271.53 1063.8 845.933 912.857 207.731 98.8563
internal_count=61680 928 60752 21262 11440 10042 9822 4679 5143 4291 3442 3675 852 408
is_linear=0
shrinkage=0.03


Tree=195
num_leaves=15
num_cat=0
split_feature=11 16 2 6 2 3 3 6 16 12 2 10 6 6
split_gain=7.59846 12.9827 21.8021 17.9347 15.1759 14.544 14.379 27.0922 9.70879 9.3011 9.18265 9.65757 8.57679 13.4083
threshold=59.792959024561782 0.63405362205439497 0.0027019213523210299 0.00066559682279859354 0.00079019130544731597 0.001136255186965335 0.0009452337471872464 0.00049550527251201678 0.81241147629689026 -0.00080211348506892255 0.0030168344642776128 1.6759130862453315 0.00061388540672401438 0.00097264802412327152
decision_type=2 2 2 2 2 2 2 2 2 2 2 10 2 2
left_child=10 4 6 -4 -2 -5 8 -8 -3 -7 11 -1 -9 -14
right_child=1 2 3 5 -6 9 7 12 -10 -11 -12 -13 13 -15
leaf_value=0.00045531399962442392 -0.010007166634604398 0.0098585942378254191 -0.020164862181864668 0.01309094643027672 -0.0016904011608985339 -0.0094569585647677843 0.023053762094695247 -0.005321671817642243 -0.0037942929485276478 0.0032052633590429975 0.0058402246438503357 -0.011423262777159299 0.012177347767985123 -0.0050811756066908888
leaf_weight=12049.587296947837 226.11641006171703 59.986997961997986 53.601481959223747 48.618948891758919 1480.1845816671848 137.48416705429554 88.769561186432838 65.381850689649582 190.3450231552124 82.154653817415237 283.27535790205002 59.918825387954712 135.66805697977543 56.089879080653191
leaf_count=49166 928 243 219 201 6205 588 362 263 769 366 1177 262 549 231
internal_value=0.000209491 -0.00125633 0.00161792 -0.00465605 -0.00280295 -0.00143089 0.00500894 0.00895424 -0.000470446 -0.00473454 0.000520059 0.000394661 0.00394645 0.00712883
internal_weight=15017.2 2624.4 918.101 321.859 1706.3 268.258 596.241 345.909 250.332 219.639 12392.8 12109.5 257.14 191.758
internal_count=61529 10924 3791 1374 7133 1155 2417 1405 1012 954 50605 49428 1043 780
is_linear=0
shrinkage=0.03


Tree=196
num_leaves=15
num_cat=0
split_feature=11 17 7 13 2 4 4 16 2 7 3 16 16 16
split_gain=6.44883 13.0291 20.7262 33.2724 20.816 15.2639 16.715 16.2479 15.8333 15.4517 29.828 21.8133 15.0869 24.7216
threshold=55.924741092929501 0.32143946530316164 0.90758242372628672 0.0057244730265362262 0.0014539310879625458 0.0026089334196161 0.00029051476183694641 0.77259657388510639 0.00082988046523593828 1.1440069060818969 0.0021956358222255117 0.95642797789208711 0.84874750804349197 0.41248606129204562
decision_type=2 2 2 2 2 2 2 2 2 2 2 2 2 2
left_child=-1 5 12 4 -4 6 -2 8 -8 10 -9 -12 13 -3
right_child=1 2 3 -5 -6 -7 7 9 -10 -11 11 -13 -14 -15
leaf_value=0.00042294190749922825 -0.012859180334345598 -0.0026466465034700026 -0.0094878650668163804 -0.00013622711419292378 -0.027951249872494949 -0.0074367093864795442 -0.0058077104045289735 0.0024444898844704376 0.0011875306945006991 -0.0044729981908837825 0.027243119227435636 0.0062353357892964744 -0.0098665369834269202 0.0089458347120647541
leaf_weight=10749.074162438512 75.714847192168236 535.58685751259327 159.30604343116283 225.95800518989563 84.866677328944206 214.98540093004704 359.04110088944435 360.36501801013947 1503.7018455117941 117.81113144755363 93.695230856537819 85.974980995059013 135.22014883160591 237.27273201942444
leaf_count=43905 306 2189 653 962 354 1002 1467 1458 6194 484 380 350 548 960
internal_value=3.38045e-05 -0.000964338 -0.00335147 -0.00845007 -0.0160801 0.000207484 0.000845693 0.00126724 -0.000165575 0.00531256 0.00745595 0.0173699 -0.000699055 0.000926222
internal_weight=14938.6 4189.5 1378.21 470.131 244.173 2811.29 2596.3 2520.59 1862.74 657.846 540.035 179.67 908.08 772.86
internal_count=61212 17307 5666 1969 1007 11641 10639 10333 7661 2672 2188 730 3697 3149
is_linear=0
shrinkage=0.03


Tree=197
num_leaves=15
num_cat=0
split_feature=3 11 12 10 16 3 3 10 16 2 10 12 13 17
split_gain=8.23136 7.22489 7.19943 11.3025 15.7783 8.39575 7.04348 11.14 10.1093 8.69194 37.739 11.0172 10.5088 8.49144
threshold=-0.022249111513130245 20.025302954077173 -0.022344683503090653 1.170243921481452 0.44228869021900152 -0.01040715113678836 -0.006756730834562851 0.39118514143906585 -0.88144907265856332 -0.0043486595637056763 0.42624392446574083 -0.01009278125278573 7.0138376382034031e-05 -0.29012925520284105
decision_type=2 2 2 10 2 2 2 10 2 2 10 2 2 2
left_child=-1 -2 3 4 -3 -4 7 8 -7 10 11 -8 -11 -10
right_child=1 2 5 -5 -6 6 9 -9 13 12 -12 -13 -14 -15
leaf_value=-0.011226463542638745 -0.011176277505570417 -0.010177908135989911 0.009267679494857288 0.018241759561344099 0.010958921982080623 0.0036586324288172393 0.026343025701625836 0.0066211063978791106 -0.0039033895576589448 0.011799471015352614 -0.0095922481547747948 0.0088598781850749778 -0.00016944499443019695 -0.018411443105378521
leaf_weight=57.190620616078377 50.033541470766068 56.926088824868202 84.533278807997704 47.367211565375328 67.040534660220146 46.61503966152668 48.378421694040298 55.542053490877151 65.294550940394402 64.332063898444176 89.996323689818382 101.19087940454483 14105.452039569616 83.735511288046837
leaf_count=246 220 237 391 210 277 212 221 232 279 271 377 447 57597 350
internal_value=-6.10844e-05 -1.69243e-05 2.20004e-05 0.00610043 0.00124529 -4.9447e-05 -0.000104427 -0.00506477 -0.00841572 -1.7266e-05 0.0056255 0.0147878 -0.000113448 -0.0121909
internal_weight=15023.6 14966.4 14916.4 171.334 123.967 14745.1 14660.5 251.187 195.645 14409.3 239.566 149.569 14169.8 149.03
internal_count=61567 61321 61101 724 514 60377 59986 1073 841 58913 1045 668 57868 629
is_linear=0
shrinkage=0.03


Tree=198
num_leaves=15
num_cat=0
split_feature=3 1 4 16 11 6 7 13 11 17 3 7 3 5
split_gain=6.807 6.67628 7.00497 18.5797 10.634 19.8265 20.6271 12.6479 10.118 9.43011 7.74261 14.6947 28.984 19.6825
threshold=-0.022249111513130245 -0.0054043171445399265 -0.0019444528928577174 -0.70710678118654735 30.559777199104044 0.00069784382185998867 0.83174089384195105 0.00033111470489710643 36.515599182721857 -0.47114434510950048 -0.0021912262456680455 1.0357783389225725 -0.0052548352631460729 -0.0042525155211606261
decision_type=2 2 2 2 2 2 2 2 2 2 2 2 2 2
left_child=-1 -2 3 -3 5 6 -4 8 9 -6 11 13 -13 -5
right_child=1 2 4 10 7 -7 -8 -9 -10 -11 -12 12 -14 -15
leaf_value=-0.010330082054679245 -0.010821546455810366 0.01645673873262616 -0.0081295288289195775 0.0069822282823040864 0.0094458302475385943 -0.014311676379799573 0.011994493396469604 -9.1630818179123832e-05 0.013745137525645847 -0.005816894378322033 -0.0064603184285036541 -0.0028426067716513306 0.021412860116072869 -0.01795563156075964
leaf_weight=55.782995536923409 49.260298535227776 81.605951532721519 100.20107816159725 56.919848918914795 67.681184098124504 131.65987642109394 81.138197273015976 13840.607620239258 104.22130051255226 74.437679812312126 95.812694370746613 92.649284303188324 82.31537227332592 53.463639721274376
leaf_count=241 214 399 421 236 277 551 334 56527 431 316 398 416 352 224
internal_value=-5.32479e-05 -1.3424e-05 2.38491e-05 0.00364886 -9.31374e-05 -0.0055446 0.000907356 2.8759e-05 0.00673912 0.00148188 0.000835129 0.00331267 0.00868186 -0.00520088
internal_weight=14967.8 14912 14862.7 462.767 14399.9 312.999 181.339 14086.9 246.34 142.119 381.161 285.348 174.965 110.383
internal_count=61337 61096 60882 2025 58857 1306 755 57551 1024 593 1626 1228 768 460
is_linear=0
shrinkage=0.03


Tree=199
num_leaves=15
num_cat=0
split_feature=4 13 12 6 16 12 10 12 3 6 13 4 12 16
split_gain=5.94326 19.5821 11.6429 11.3721 11.03 22.5385 14.9369 15.1953 24.8857 17.6335 15.0318 14.6437 20.6724 15.1812
threshold=-0.00015792604868908319 0.00086483016475447105 -0.0041691945237857788 0.00026470507610846313 0.0327015646150716 -0.0019502253918599053 0.43564221164303346 -0.010500048367443558 -0.00289317299149025 0.00090730439639527896 0.006380969290918804 -0.0012777560697082022 -0.0036638178514378779 0.84874750804349197
decision_type=2 2 2 2 2 2 8 2 2 2 2 2 2 2
left_child=3 2 -2 -1 5 -5 -6 8 -8 -10 -9 -12 -13 -14
right_child=1 -3 -4 4 6 -7 7 10 9 -11 11 12 13 -15
leaf_value=0.013276850719107102 -0.0010351243563778837 -0.00041649628992530607 -0.018105804990088858 0.0010807853102504004 0.015160005066331762 0.011454003585111632 -0.0008713796454209847 -0.0010713465431695236 -0.030338221399380409 -0.0083249471531350924 -0.0079487875157519296 0.016706984881822391 -0.0082285818135786077 0.012431810204405232
leaf_weight=61.196675807237625 60.000808760523796 8806.3572245687246 88.700973033905029 2726.8300795853138 50.03735339641571 200.57117539644241 258.61260268092155 2281.2827170789242 50.552701950073242 93.059011355042458 55.813355162739754 138.28197292983532 77.672812312841415 51.504586845636368
leaf_count=249 244 35966 357 11385 206 822 1108 9242 211 391 229 560 312 207
internal_value=-0.000109506 -0.00060009 -0.011323 0.000617153 0.000483298 0.00179884 -0.000776902 -0.00105202 -0.00646376 -0.0163841 -0.000211958 0.00582191 0.00873324 7.29136e-05
internal_weight=15000.5 8955.06 148.702 6045.42 5984.22 2927.4 3056.82 3006.78 402.224 143.612 2604.56 323.273 267.459 129.177
internal_count=61489 36567 601 24922 24673 12207 12466 12260 1710 602 10550 1308 1079 519
is_linear=0
shrinkage=0.03


Tree=200
num_leaves=15
num_cat=0
split_feature=12 11 13 17 2 7 7 12 16 6 2 7 13 7
split_gain=8.63817 10.7698 10.6024 23.7106 16.9039 11.1935 8.90439 7.88595 32.6235 19.72 22.7138 16.0012 18.1169 15.0973
threshold=-0.00036228818069317098 62.349729313350501 0.0079627785177256456 -0.47114434510950048 0.0024217893084365065 0.85697974008315458 1.0138843994466471 -0.0016153765630932402 -0.95642797789208689 0.00050316427978351901 0.0041294226001935734 0.516289152390906 0.0036852014472917864 0.81925218496096852
decision_type=2 2 2 2 2 2 2 2 2 2 2 2 2 2
left_child=7 -2 3 6 -4 -5 -3 -1 -9 13 11 -11 -13 -10
right_child=1 2 4 5 -6 -7 -8 8 9 10 -12 12 -14 -15
leaf_value=-0.00028676534634718891 -0.012474162360559182 -0.015995358075042956 -0.021736915194153144 0.02169218044204213 -0.00037614127973302546 0.0031775133617154812 0.00081114775067414754 -0.0082791051887152935 -0.0061485398392825252 0.019377670763515292 -0.0074148911743364106 0.012185921335904142 0.0032062401631155492 0.0036307361576400788
leaf_weight=11848.363844230771 104.30517533421516 54.116831243038177 49.752584993839264 52.497411951422691 93.929839804768562 65.561805754899979 57.014647856354713 272.66826811432838 345.36199589073658 66.386861503124237 138.69825230538845 235.73510685563087 1374.3899092227221 238.6888178139925
leaf_count=48585 426 219 208 216 416 272 232 1131 1393 269 626 952 5568 965
internal_value=-8.5482e-05 -0.00404857 -0.00163767 0.00236648 -0.00796956 0.0116346 -0.00751108 4.5296e-05 0.0015169 0.00263615 0.00417782 0.00514458 0.00453442 -0.00215321
internal_weight=14997.5 477.178 372.873 229.191 143.682 118.059 111.131 14520.3 2671.93 2399.26 1815.21 1676.51 1610.13 584.051
internal_count=61478 1989 1563 939 624 488 451 59489 10904 9773 7415 6789 6520 2358
is_linear=0
shrinkage=0.03


Tree=201
num_leaves=15
num_cat=0
split_feature=3 13 6 10 2 11 17 4 4 17 7 17 18 3
split_gain=9.25586 7.15804 15.7121 11.0926 7.5762 5.94221 18.1283 20.0407 10.2939 14.7843 15.0804 13.4899 16.8454 14.8258
threshold=0.02227112568179113 0.022920678710499635 0.0022031242242127554 1.0457088748603904 0.0076828556062579151 26.987123847590478 -0.065403129230142923 -0.0026066976887954003 -0.00093715356343709855 -0.29012925520284105 1.485677203698504 0.97335555334614943 5.4555438750221308 -0.0048033625398034565
decision_type=2 2 2 10 2 2 2 2 2 2 2 2 2 2
left_child=1 4 -3 -4 5 6 7 -1 9 -7 11 12 13 -11
right_child=-2 2 3 -5 -6 8 -8 -9 -10 10 -12 -13 -14 -15
leaf_value=0.016378487587824835 0.011867528042080976 -0.019455371404286669 0.0076006798379639924 -0.01099956972963801 -0.0090882664393926397 -5.6707976925151126e-06 -0.013487600046255903 -0.0054083364636130296 -6.4450490555111446e-05 -0.00031389867045985279 -0.0063745032095423445 -0.005102593568976921 -0.0012527947554755855 0.014438017218904534
leaf_weight=55.947913229465485 57.515049740672112 52.108634501695633 69.722100540995598 46.281460180878639 78.610949605703354 907.5399948656559 110.7054101973772 108.53273673355579 12806.711975827813 74.410714954137802 78.675275504589081 66.841221824288368 111.82864631712437 344.16728404164314
leaf_count=268 237 231 295 204 369 3812 470 462 52192 323 331 271 475 1428
internal_value=6.02058e-05 1.30803e-05 -0.00610563 0.000119161 8.36651e-05 0.000134062 -0.00421675 0.00211016 0.000217838 0.00249813 0.00584999 0.00747622 0.00907461 0.0118265
internal_weight=14969.6 14912.1 168.112 116.004 14744 14665.4 275.186 164.481 14390.2 1583.46 675.923 597.248 530.407 418.578
internal_count=61368 61131 730 499 60401 60032 1200 730 58832 6640 2828 2497 2226 1751
is_linear=0
shrinkage=0.03


Tree=202
num_leaves=15
num_cat=0
split_feature=1 17 10 2 4 17 7 7 11 3 3 7 7 17
split_gain=8.06908 15.6341 13.0817 9.23688 8.22715 18.9615 9.98532 8.42104 10.9173 8.88605 19.6862 35.311 17.1566 18.4185
threshold=0.0029308758462613942 -0.3520614488341256 0.46972456080451286 0.0049890185009102703 0.0024052898455307896 0.60876142900872032 0.98418499048859531 1.1683771814512258 75.469485596546335 0.0040756294214285846 0.0079013492476498141 0.72098262455354523 0.93619184598829774 0.25881904510252057
decision_type=2 2 10 2 2 2 2 2 2 2 2 2 2 2
left_child=4 3 -3 -2 7 6 -6 8 9 -1 12 -12 -11 -14
right_child=1 2 -4 -5 5 -7 -8 -9 -10 10 11 -13 13 -15
leaf_value=-0.00018841395591933166 -0.0092037095973659944 0.0029437337176329457 0.024762966919423545 0.0076499749432380028 0.00083127704809060783 0.011496874851727104 -0.014757380836651698 0.0014351858766564799 0.011024306501642609 -0.0087866431272710654 0.02544558873276272 -0.0053764805587168613 0.0066251270904150511 -0.0104631398507243
leaf_weight=10613.357710584998 64.026897713541985 47.839077070355415 50.584854021668434 50.637393414974213 52.060818389058113 43.800176948308945 123.96600235998631 2992.5938799232244 73.449711099267006 462.13922446966171 53.820197850465775 82.123045042157173 168.31665895879269 83.161131471395493
leaf_count=43213 280 204 214 240 228 188 594 12380 304 1894 222 345 701 340
internal_value=1.42412e-05 0.00578299 0.0144275 -0.00175733 -6.98776e-05 -0.00580376 -0.0101894 1.76644e-05 -0.000350233 -0.000425027 -0.00337359 0.00701804 -0.00536727 0.000936243
internal_weight=14961.9 213.088 98.4239 114.664 14748.8 219.827 176.027 14529 11536.4 11462.9 849.56 135.943 713.617 251.478
internal_count=61347 938 418 520 60409 1010 822 59399 47019 46715 3502 567 2935 1041
is_linear=0
shrinkage=0.03


Tree=203
num_leaves=15
num_cat=0
split_feature=4 16 5 12 4 11 5 7 3 12 5 0 12 5
split_gain=6.60541 9.86076 14.7213 15.1313 9.68373 11.5432 9.0309 10.3219 19.4397 18.4775 21.0914 12.0154 10.9949 11.5591
threshold=-0.00093715356343709855 -0.70710678118654735 -0.0019600495077468634 -0.0044725746454493667 -0.0016213785383655253 36.003347845758618 -0.00041036213543255146 0.8454372650119012 -0.0052548352631460729 -0.012234789512329645 -0.0021120651361954397 -0.00019117331790965668 -0.013537066740319291 -0.0078944347457927649
decision_type=2 2 2 2 2 2 2 2 2 2 2 2 2 2
left_child=1 2 4 -4 5 -1 7 9 12 -3 -11 -10 13 -9
right_child=-2 6 3 -5 -6 -7 -8 8 11 10 -12 -13 -14 -15
leaf_value=0.014060371254522485 -0.0002490806792598903 0.0075939834620337363 0.020499622105758571 -6.469433159341317e-05 -0.0049639735786762692 -0.0043841794521408597 -0.0094476517042008622 -0.0082201708430711586 0.0017619398881849849 -0.016993285869916223 -0.00095124576402674235 0.0093829193703632765 -0.010872061373277774 0.010629549158421452
leaf_weight=77.721666127443314 13101.379173904657 114.76848724484444 93.074406027793884 48.677683338522911 112.8818381279707 48.255113989114761 75.097525060176849 52.199126392602921 421.27855810523033 108.53022450208664 222.50846882164478 333.32218386232853 122.06808814406395 61.784721031785011
leaf_count=385 53497 479 403 208 504 220 309 231 1721 456 914 1369 509 280
internal_value=-9.70709e-06 0.00164623 0.00594868 0.0135352 0.00137142 0.00703713 0.000556442 0.00109186 0.00279624 -0.00269111 -0.00628106 0.00514418 -0.00468973 0.00200439
internal_weight=14993.5 1892.17 380.611 141.752 238.859 125.977 1511.56 1436.46 990.653 445.807 331.039 754.601 236.052 113.984
internal_count=61485 7988 1720 611 1109 605 6268 5959 4110 1849 1370 3090 1020 511
is_linear=0
shrinkage=0.03


Tree=204
num_leaves=15
num_cat=0
split_feature=0 17 12 16 16 7 6 12 11 3 6 16 4 6
split_gain=8.01924 15.7263 6.65681 28.0258 26.9649 39.0635 21.4307 20.8708 16.7839 16.9476 16.7005 21.9115 27.063 21.711
threshold=0.0014493891226204927 -0.41248606129204529 -0.0017150192051044175 -0.93540483100319605 -0.1628082571180898 0.78315884169155503 0.00095820742285998768 -0.0011341886945816502 48.875768242938797 0.00046226364816392978 0.00050316427978351901 0.72947329433276253 0.00030516518735290715 0.0011828476359319752
decision_type=2 2 2 2 2 2 2 2 2 2 2 2 2 2
left_child=2 -2 -1 -4 5 7 8 -5 -7 -10 11 -6 -13 -12
right_child=1 -3 3 4 10 6 -8 -9 9 -11 13 12 -14 -15
leaf_value=-0.00062883748843776206 -0.0024346071529613295 0.013651704716718739 -0.0064925729515598746 0.0046420789072153523 -0.010409142469473227 0.024530895223135969 -0.0015394233599006152 -0.012889197506157395 -0.0055328761128344145 0.011458141530972615 0.0032037972144818012 -0.006170418560114836 0.013166749871867191 -0.0073217695722185899
leaf_weight=11420.259660452604 109.86961732804775 105.91659677028656 403.70354330539703 114.83165620267391 280.5332587659359 77.425148889422417 136.31564602255821 126.7539791315794 57.982680290937424 491.01905931532383 1159.8934955745935 161.23910158872604 106.42421470582485 206.00168716907501
leaf_count=46826 478 445 1679 464 1129 321 576 517 234 1994 4712 649 434 872
internal_value=-0.000200634 0.00551406 -0.000285017 0.000896579 0.00192246 0.00589813 0.00922225 -0.00458645 0.0115615 0.00965007 -0.000167558 -0.00458125 0.00155876 0.00160797
internal_weight=14958.2 215.786 14742.4 3322.12 2918.42 1004.33 762.743 241.586 626.427 549.002 1914.09 548.197 267.663 1365.9
internal_count=61330 923 60407 13581 11902 4106 3125 981 2549 2228 7796 2212 1083 5584
is_linear=0
shrinkage=0.03


Tree=205
num_leaves=15
num_cat=0
split_feature=0 1 17 12 0 12 17 17 17 16 3 6 11 3
split_gain=5.99837 12.057 8.43871 16.9681 9.92771 9.67008 8.07025 7.35233 13.6324 9.47568 10.9571 7.27877 6.13646 7.06202
threshold=-6.1988832694953575e-05 0.00057427375041653472 -0.99465189230620676 -0.0029377874180308568 0.00012799185574025043 -0.0058814248908027325 -0.91037613702198728 -0.16280825711808986 0.29012925520284116 -0.22695468355932472 0.0012919677729730796 0.00084215662468032227 55.81321029713456 0.0016558386944176275
decision_type=2 2 2 2 2 2 2 2 2 2 2 2 2 2
left_child=1 -1 3 4 -2 -6 11 12 -9 -10 -11 -3 -8 -14
right_child=2 6 -4 -5 5 -7 7 8 9 10 -12 -13 13 -15
leaf_value=-8.9557181522856923e-05 0.012807037789031668 -0.0058644903820527661 0.00084787923584617457 -0.013114842788288511 0.0059751335835175872 -0.011967275124901795 -0.014511525604266672 0.0083247327006115632 -0.016217971971299538 0.0067624793101461484 -0.010701307380636203 0.0092297011999334915 0.0035059523397743112 -0.010001803379677774
leaf_weight=5613.4182930588722 49.423170566558838 48.517642125487328 8461.1142476946115 115.48087917268276 51.033727511763573 53.412690848112106 118.49398139119148 74.667770266532898 60.692520201206207 63.468163192272186 61.978790253400803 65.101391568779945 52.323773682117462 97.492276057600975
leaf_count=23015 201 197 34656 473 211 217 488 310 254 260 260 275 217 421
internal_value=0.000173052 -0.000535856 0.000681054 -0.00452706 0.00200375 -0.00325286 -0.00442129 -0.00597539 -0.0023608 -0.00669012 -0.00189828 0.00279422 -0.00944544 -0.00530014
internal_weight=14986.6 6256.15 8730.46 269.35 153.87 104.446 642.736 529.117 260.807 186.139 125.447 113.619 268.31 149.816
internal_count=61455 25697 35758 1102 629 428 2682 2210 1084 774 520 472 1126 638
is_linear=0
shrinkage=0.03


Tree=206
num_leaves=15
num_cat=0
split_feature=4 17 13 6 5 11 3 13 11 12 17 7 0 17
split_gain=6.29503 14.3534 11.155 12.7268 16.2995 14.1466 10.5987 8.70573 22.8202 13.1763 21.6965 8.52162 8.48844 13.4349
threshold=-0.0019444528928577174 -0.19509032201612839 0.0097043625406614282 0.0024628858370599927 -0.0036291309140112356 29.957247612360664 -0.0078841421792068527 0.00036647005559820039 36.285169829952366 -0.0078818181717821827 -0.47114434510950048 0.80667871594772012 3.9695009120183096e-05 0.81241147629689003
decision_type=2 2 2 2 2 2 2 2 2 2 2 2 2 2
left_child=1 2 3 4 5 -1 -3 8 9 -2 -11 -10 -9 -14
right_child=7 6 -4 -5 -6 -7 -8 12 11 10 -12 -13 13 -15
leaf_value=0.0086168380382474104 0.009202228989347078 -0.010833761957581144 -0.0043901560130122268 0.02341006708750144 0.016484651318244826 -0.012129565556322754 0.0022400462887726662 -0.00098061982312488863 0.023754847111403399 0.0047351585773821531 -0.015552259994281746 0.0080765884639272378 -0.00013694419172474083 0.0034385193189713525
leaf_weight=63.571882382035255 78.032975003123283 84.115246519446373 57.677317321300507 49.835156559944153 83.976926654577255 51.90165539085865 157.0934059470892 7561.0249582380056 49.554657727479935 94.445911750197411 91.908843919634819 87.939683452248573 5305.5784947276115 1148.9813166260719
leaf_count=304 334 364 246 224 370 243 660 30872 205 385 391 365 21758 4661
internal_value=-5.33455e-05 0.00309615 0.00737949 0.0101159 0.00659476 -0.000755756 -0.0023707 -0.000173506 0.00416892 -0.00100352 -0.00532935 0.0139868 -0.000298598 0.000500395
internal_weight=14965.6 548.172 306.963 249.286 199.45 115.474 241.209 14417.5 401.882 264.388 186.355 137.494 14015.6 6454.56
internal_count=61382 2411 1387 1141 917 547 1024 58971 1680 1110 776 570 57291 26419
is_linear=0
shrinkage=0.03


Tree=207
num_leaves=15
num_cat=0
split_feature=4 17 2 11 6 3 16 2 0 16 6 4 3 11
split_gain=8.40379 17.9622 8.70626 6.49408 7.79423 6.19673 26.2837 32.4602 27.5076 26.1304 37.4192 23.7937 22.4969 26.0349
threshold=-0.0029241387929881397 0.032701564615071219 -0.0067198891269097385 26.987123847590478 0.0024628858370599927 0.00085511409776262159 -0.79335334029123528 0.00056930354029799412 0.00027160887129568106 -0.77259657388510594 0.00053959038988713056 0.0010598460760372632 -0.00094258978644533298 44.682352361180655
decision_type=2 2 2 2 2 2 2 2 2 2 2 2 2 2
left_child=1 3 -3 -1 -5 9 7 8 -7 10 12 -12 13 -2
right_child=5 2 -4 4 -6 6 -8 -9 -10 -11 11 -13 -14 -15
leaf_value=0.020233185215372484 0.0048155032814638996 -0.013083182597332548 0.0040537317239668887 -0.0015313061339690094 0.013790426495966715 -0.010861920598163717 0.0017845688658093373 0.0013132843904599513 0.0077698829868275985 -0.0014042427255448495 0.0012471553102267386 -0.017996890731937096 0.0018572363373031973 0.025683457050820903
leaf_weight=49.202434107661247 92.951043903827667 51.458279624581337 51.82715217769146 51.779304355382919 67.500274688005447 506.45006537437439 4441.8759274035692 691.79192787408829 81.481222882866859 7093.4867935627699 1460.5329094529152 58.206130832433701 143.83128148317337 129.48571927845478
leaf_count=240 418 220 216 233 298 2070 18151 2885 339 28837 6099 260 589 539
internal_value=1.87059e-05 0.00522659 -0.00457047 0.0112157 0.00722369 -7.82726e-05 0.000693173 -0.0030919 -0.00826216 -0.000569926 0.00256786 0.000486923 0.011147 0.0170839
internal_weight=14971.9 271.767 103.285 168.482 119.28 14700.1 5721.6 1279.72 587.931 8978.49 1885.01 1518.74 366.268 222.437
internal_count=61394 1207 436 771 531 60187 23445 5294 2409 36742 7905 6359 1546 957
is_linear=0
shrinkage=0.03


Tree=208
num_leaves=15
num_cat=0
split_feature=13 4 5 13 12 16 6 4 13 16 2 13 6 17
split_gain=6.87129 8.69706 15.3033 7.11208 17.0074 14.5687 16.7872 13.9919 7.23281 16.6295 8.72177 20.9515 11.8739 12.0619
threshold=0.012152698574117939 0.002926119681662787 0.0036376058872932275 0.010408664308508066 -0.00094217704111931855 0.19509032201612822 0.00096546076429152407 -0.00018681810320836376 0.0098564131317124843 0.065403129230143103 -0.003315425887037995 0.0071053339206328401 0.00062248616060494742 -0.2269546835593246
decision_type=2 2 2 2 2 2 2 2 2 2 2 2 2 2
left_child=1 2 3 8 5 6 -5 -7 10 -10 11 12 -1 -14
right_child=-2 -3 -4 4 -6 7 -8 -9 9 -11 -12 -13 13 -15
leaf_value=0.016500195403186563 -0.0023766112414741517 -0.010322227207426076 0.015067248525794559 -0.0097113680296578471 -0.010872979818885487 0.0018510941843742114 0.0093364493250919882 0.021740429012113458 -0.0141814565467535 0.0049148169623319344 0.00011408175232715157 0.019707023839978011 0.0043465791695251731 -0.0044320637989678485
leaf_weight=44.250078424811363 889.37529091536999 66.52593258023262 61.659548312425613 70.384620472788811 53.159108877182007 50.716131970286369 96.095566391944885 85.347579911351204 93.507076948881149 70.571269631385803 12736.401447236538 63.644889131188393 336.71923916041851 239.19149239361286
leaf_count=187 3834 306 263 286 221 206 399 349 387 287 51831 281 1496 1022
internal_value=0.000177723 0.000339521 0.000391645 0.000324579 0.00450017 0.007255 0.00126371 0.0144611 0.000214596 -0.00600774 0.000291555 0.00358716 0.0018748 0.000697848
internal_weight=14957.5 14068.2 14001.6 13940 355.703 302.544 166.48 136.064 13584.3 164.078 13420.2 683.806 620.161 575.911
internal_count=61355 57521 57215 56952 1461 1240 685 555 55491 674 54817 2986 2705 2518
is_linear=0
shrinkage=0.03


Tree=209
num_leaves=15
num_cat=0
split_feature=0 2 10 6 10 13 17 17 13 6 7 6 17 3
split_gain=6.18768 9.51171 12.1918 9.20107 20.6489 13.6533 11.7645 9.46768 7.8666 24.2212 45.693 34.0181 38.1047 37.1218
threshold=0.0014493891226204927 0.0039223306083041041 0.74662315953602421 0.0014881943926257715 1.5624234771587913 0.012701200332112196 -0.63405362205439475 1.0000000180025095e-35 0.0060851585383916449 0.00051978080785790228 0.80667871594772012 0.00074658531133958239 -0.83146961230254512 0.0039895569710513288
decision_type=2 2 8 2 8 2 2 2 2 2 2 2 2 2
left_child=1 8 -3 5 -5 6 -4 -8 -1 10 -10 13 -13 -11
right_child=-2 2 3 4 -6 -7 7 -9 9 11 -12 12 -14 -15
leaf_value=-0.00034490858903549459 0.0050060214406061785 0.006202052174315153 0.0045312821923810644 -0.010447818969724097 0.011425881968178278 -0.022010448322740916 -0.018076161662585803 -0.0032506684830492772 -0.013353066248516962 0.010763418920502242 0.011819850338417403 -0.0076382840353084198 0.0021237697122441913 -0.002514386715194169
leaf_weight=10844.095976352692 215.13242675364017 85.034060850739479 67.600220009684563 80.539028450846672 71.366818755865097 58.297523140907288 72.740632474422455 82.795146003365517 235.06357450783253 656.48810781538486 87.610234975814819 453.9211046397686 1706.0478939116001 265.15645672380924
leaf_count=44317 921 362 286 354 325 293 326 354 951 2656 354 1862 7016 1084
internal_value=-2.1499e-05 -9.54114e-05 -0.00407927 -0.006116 -0.000156409 -0.00930893 -0.00582442 -0.0103257 5.00784e-05 0.00130774 -0.00648758 0.00212766 6.70895e-05 0.00694623
internal_weight=14981.9 14766.8 518.373 433.339 151.906 281.434 223.136 155.536 14248.4 3404.29 322.674 3081.61 2159.97 921.645
internal_count=61461 60540 2300 1938 679 1259 966 680 58240 13923 1305 12618 8878 3740
is_linear=0
shrinkage=0.03


Tree=210
num_leaves=15
num_cat=0
split_feature=17 4 12 3 6 6 11 6 7 7 11 4 11 6
split_gain=7.67384 9.24498 13.7747 21.8529 19.1486 17.0467 15.0903 12.8466 12.1791 12.767 11.2013 11.1014 14.5916 11.6709
threshold=-0.95642797789208678 -0.0013576645116812889 -0.0056831308331665711 -0.0010328263303414629 0.0017539127641192495 0.00078633391446804508 40.725676347345633 0.00099657600744142692 1.5700185010033123 0.648737977502156 44.328437048185002 0.0013183029937090531 63.044036189412289 0.00077631558765671948
decision_type=2 2 2 2 2 2 2 2 2 2 2 2 2 2
left_child=1 -1 4 10 5 6 -3 -7 9 -5 -4 12 13 -11
right_child=-2 2 3 8 -6 7 -8 -9 -10 11 -12 -13 -14 -15
leaf_value=-0.0096862945194526422 0.00042277496393787261 0.010326441066234661 -0.0042206763811966329 0.012208294340792363 -0.012349247978143322 0.020894963452750381 -0.011337458892880256 0.0041917440127037103 0.010045097328397083 0.0013765821545469149 -0.018036515578365019 0.0073116116943836053 -0.017108916407645509 -0.0074934387614455254
leaf_weight=122.08007700741291 13544.300328552723 50.157084122300148 104.36593113839626 51.959942489862442 51.401926875114441 89.73803573846817 63.066246286034584 77.8456169962883 84.472754582762718 293.46310396492481 108.32469935715199 81.676168516278267 69.319895803928375 242.14581449329853
leaf_count=512 55596 202 419 210 219 363 255 323 343 1181 438 351 280 984
internal_value=0.000197892 -0.00184413 -0.00113114 -0.0028356 0.00416803 0.00725748 -0.00172785 0.013277 -0.000610608 -0.00185318 -0.0113596 -0.00294968 -0.00435466 -0.00264646
internal_weight=15034.3 1490.02 1367.94 1035.73 332.209 280.807 113.223 167.584 823.038 738.565 212.691 686.605 604.929 535.609
internal_count=61676 6080 5568 4206 1362 1143 457 686 3349 3006 857 2796 2445 2165
is_linear=0
shrinkage=0.03


Tree=211
num_leaves=15
num_cat=0
split_feature=3 7 12 12 2 3 5 4 16 12 7 1 2 12
split_gain=7.36589 6.61796 16.304 16.2702 10.1016 6.26773 18.1564 18.2166 15.2826 35.3231 35.5667 18.0565 17.3508 14.0437
threshold=-0.022249111513130245 0.43032240604248878 -0.0046275034139630069 -0.0077968904483421411 -0.00013532839144447803 0.0028991568539062517 0.00012870673222975529 -0.00069091376804297766 -0.70710678118654735 -0.0015679010966979099 1.3251830483913962 0.00065166662838384026 0.00082988046523593828 -0.0041348559960650002
decision_type=2 2 2 2 2 2 2 2 2 2 2 2 2 2
left_child=-1 2 3 -2 -4 -3 7 -7 9 10 -8 12 -11 -10
right_child=1 5 4 -5 -6 6 8 -9 13 11 -12 -13 -14 -15
leaf_value=-0.010629543095890705 0.0073076311278240874 0.00026352181643392731 0.00050797057056886977 -0.010348815277931678 0.013887278213631333 -0.0021903708395424508 -0.0028910320839195089 -0.021714314134110981 -0.0052225991283117246 -0.0199103048929299 0.020552362911769508 -0.023660047799860983 -0.0020926858139950497 0.0022258404238922821
leaf_weight=55.901199489831924 81.359018430113792 12053.037259608507 77.674534067511559 105.84183412790298 145.58933454751968 99.582646310329437 265.26744763553143 74.395623654127121 274.20363879203796 67.861883133649826 72.501833349466324 81.905403196811676 168.12964890897274 1299.5621577352285
leaf_count=241 337 49280 313 433 589 431 1102 303 1153 279 310 365 702 5381
internal_value=4.985e-05 9.143e-05 0.00383841 -0.00267905 0.00927839 -1.54749e-05 -0.00141369 -0.010691 -0.000680785 -0.00452159 0.00223243 -0.0116669 -0.00734059 0.000923087
internal_weight=14922.8 14866.9 410.465 187.201 223.264 14456.4 2403.41 173.978 2229.43 655.666 337.769 317.897 235.992 1573.77
internal_count=61219 60978 1672 770 902 59306 10026 734 9292 2758 1412 1346 981 6534
is_linear=0
shrinkage=0.03


Tree=212
num_leaves=15
num_cat=0
split_feature=3 11 7 5 0 4 3 5 3 7 2 13 13 6
split_gain=6.34865 5.40087 12.2077 6.46595 5.62996 7.25393 12.5541 11.8969 8.37117 22.6065 21.5775 18.9056 10.3338 8.24042
threshold=-0.022249111513130245 23.010833360605563 1.0202577167137796 -0.0064061458041776978 0.0027775510706904431 0.002926119681662787 0.0029447443656698273 0.011445063985708661 0.0067681758466736639 0.68541667849473875 0.0032106336432668196 0.022920678710499635 0.013374558766500068 0.0011203239907113989
decision_type=2 2 2 2 2 2 2 2 2 2 2 2 2 2
left_child=-1 2 -2 -3 5 8 -7 -8 11 -10 13 -5 -12 -11
right_child=1 3 -4 4 -6 6 7 -9 9 10 12 -13 -14 -15
leaf_value=-0.010026373072628401 -0.016305131340066902 0.008049717944548165 0.0038300856632135288 -3.3394257166430199e-05 0.0098828088774535142 0.0069221118949953139 -0.013745136022409421 0.0039619129404714843 0.019716843786162751 -0.015343194866483794 0.018991825616649801 -0.017368601921252072 0.00097410976760405358 -0.0011903558973039778
leaf_weight=55.524471163749695 54.795357242226601 87.438075885176659 50.641550555825233 14055.008369445801 49.271092191338539 55.639446973800659 130.95443111658096 44.93017353117466 68.999010592699051 57.311546623706818 59.288567647337914 54.84965592622757 54.22109018266201 99.538422480225563
leaf_count=239 244 402 225 57377 213 251 633 188 284 238 249 234 248 425
internal_value=-7.9183e-05 -4.08332e-05 -0.00674288 7.76026e-06 -4.10635e-05 -7.57114e-05 -0.00532089 -0.00922814 9.05846e-06 0.0046512 0.00068972 -0.000103234 0.010551 -0.00648974
internal_weight=14978.4 14922.9 105.437 14817.4 14730 14680.7 231.524 175.885 14449.2 339.359 270.36 14109.9 113.51 156.85
internal_count=61450 61211 469 60742 60340 60127 1072 821 59055 1444 1160 57611 497 663
is_linear=0
shrinkage=0.03


Tree=213
num_leaves=15
num_cat=0
split_feature=0 1 17 16 1 16 0 17 2 16 12 16 13 1
split_gain=5.87858 13.3561 15.3608 9.44757 8.99988 9.74959 8.45701 14.5447 7.93506 7.909 7.72673 8.83341 14.2751 13.2299
threshold=3.9695009120183096e-05 0.00045971815991896486 0.956427977892087 0.99465189230620699 -0.00066582265114748906 -0.41248606129204551 -0.00023431688696473604 0.99465189230620699 0.0037408646889547374 -0.93540483100319605 -0.0023763012476046281 -0.70710678118654735 0.00054148811849052969 -0.00021977869361056165
decision_type=2 2 2 2 2 2 2 2 2 2 2 2 2 2
left_child=1 6 -3 4 5 9 7 10 -8 -2 11 12 -1 -14
right_child=3 2 -4 -5 -6 -7 8 -9 -10 -11 -12 -13 13 -15
leaf_value=0.019350258740547018 -0.00052651697267085465 -0.004471408870448842 0.0095014092640661393 -0.0053636846174247013 0.00054972412251279464 0.0016905789771047024 -0.00076112768878691271 -0.010255657341553997 -0.012160419778356794 0.013642449103269184 0.004481428239333193 -0.00018713316002338671 -0.00087319345486077218 0.010840109379989282
leaf_weight=49.399610862135887 47.13856615126133 1055.8457125276327 74.035930529236794 222.67395830154419 5883.3796801269054 368.20926746726036 4114.2204371094704 95.206211507320404 53.715686067938805 139.30795216560364 629.78610488772392 1859.4446706324816 294.62007078528404 120.86765246093273
leaf_count=228 200 4376 303 908 24116 1512 16783 385 233 593 2558 7611 1259 503
internal_value=1.95518e-05 -0.000510779 -0.00354066 0.000684112 0.000894889 0.00454101 -3.5593e-05 0.00116459 -0.000913802 0.0100926 0.00153933 0.000738996 0.00442824 0.00256988
internal_weight=15007.9 8347.14 1129.88 6660.71 6438.04 554.656 7217.26 3049.32 4167.94 186.447 2954.12 2324.33 464.887 415.488
internal_count=61568 34239 4679 27329 26421 2305 29560 12544 17016 793 12159 9601 1990 1762
is_linear=0
shrinkage=0.03


Tree=214
num_leaves=15
num_cat=0
split_feature=1 17 1 16 16 17 3 12 6 1 3 12 5 17
split_gain=6.79704 12.7468 9.04593 13.1319 24.3176 30.8396 14.6845 17.5901 14.7373 12.348 11.7597 15.2521 13.9739 13.2426
threshold=0.0029308758462613942 -0.3520614488341256 0.00057427375041653472 -0.9733555533461492 -0.55557023301960229 0.68322629814330826 0.0027069966333043288 -0.0029975962279171204 0.0011051453843930815 0.0011492825866670222 0.0035374534401628748 -0.0046275034139630069 0.0042605933767946311 0.97335555334614943
decision_type=2 2 2 2 2 2 2 2 2 2 2 2 2 2
left_child=2 -2 -1 -4 5 6 7 9 -8 -5 13 -12 -13 -6
right_child=1 -3 3 4 10 -7 8 -9 -10 -11 11 12 -14 -15
leaf_value=0.00016100721056228612 -0.0015789182560242059 0.013277484622709062 0.0072392891132254476 -0.00083688215629404916 -0.0025613451657265558 -0.023009160689211855 -0.018638368543551373 0.0084182401476243906 0.0017084197204948626 -0.01529746582016998 -0.0096520007020287971 0.0094698026107675835 -0.0073683791220432934 0.0074083638253779355
leaf_weight=12018.728810951114 112.24396513402462 94.206603482365608 136.81872735917568 154.13667505979538 1489.2560963928699 95.434402361512184 101.72910921275616 114.42846503853798 45.899949848651886 79.314798533916473 59.217996671795845 266.61777386069298 51.585033640265465 128.46736288070679
leaf_count=49187 512 401 576 635 6067 403 433 468 207 335 251 1094 242 525
internal_value=-0.000116755 0.00526264 -0.000192795 -0.00175343 -0.00223442 -0.00756876 -0.00451442 -0.0011274 -0.012374 -0.00583805 -0.000648439 0.00410638 0.00671113 -0.00176146
internal_weight=14948.1 206.451 14741.6 2722.91 2586.09 590.943 495.509 347.88 147.629 233.451 1995.14 377.421 318.203 1617.72
internal_count=61336 913 60423 11236 10660 2481 2078 1438 640 970 8179 1587 1336 6592
is_linear=0
shrinkage=0.03


Tree=215
num_leaves=15
num_cat=0
split_feature=12 11 13 7 0 17 12 11 1 3 12 6 6 17
split_gain=6.83153 14.1645 12.4208 11.5002 8.03812 12.9992 13.8303 13.8706 14.1771 12.6783 16.4772 11.9152 11.3582 12.142
threshold=-0.00036228818069317098 63.734299405177332 0.0042619411110116365 0.65252727804569477 2.3344263933633428e-05 0.81241147629689003 -0.0050819732644685192 47.734516866857369 0.00015949295019057622 0.0023605476261042706 -0.0035290600428115599 0.00077631558765671948 0.00041771701983947925 0.32143946530316164
decision_type=2 2 2 2 2 2 2 2 2 2 2 2 2 2
left_child=4 2 -2 -3 -1 12 7 -7 -9 10 -8 -10 -6 -14
right_child=1 3 -4 -5 5 6 9 8 11 -11 -12 -13 13 -15
leaf_value=-0.00052151214696958311 0.00019814563691783818 0.0130211228219267 -0.018287575752903275 -0.0024627347778560195 0.0049463708422991604 0.0062937384542212467 0.01041105098322438 -0.015329608356197967 0.0097973031425399298 0.012276204289039744 -5.6244033216385282e-05 -0.006308881131281076 0.00064711235659270299 -0.0029458570807414934
leaf_weight=7882.2110636979342 51.588625311851501 48.528819531202316 87.205827459692955 294.47880844771862 427.79654003679752 152.45496028661728 209.40506316721439 80.461985424160957 64.682968556880951 211.26011376082897 376.15797688066959 106.76902331411839 3874.1787269562483 1081.0160320848227
leaf_count=32343 208 202 360 1240 1737 619 845 328 263 859 1518 441 15944 4423
internal_value=7.49043e-06 -0.00349925 -0.0115114 -0.00020929 0.00012475 0.000898341 0.00371744 -0.00079954 -0.00510806 0.00600597 0.0037097 -0.000189664 0.000268124 -0.000137595
internal_weight=14948.2 481.802 138.794 343.008 14466.4 6584.18 1201.19 404.369 251.914 796.823 585.563 171.452 5382.99 4955.19
internal_count=61330 2010 568 1442 59320 26977 4873 1651 1032 3222 2363 704 22104 20367
is_linear=0
shrinkage=0.03


Tree=216
num_leaves=15
num_cat=0
split_feature=4 13 7 5 11 7 16 16 0 6 0 2 13 1
split_gain=7.59656 10.969 8.88238 10.8241 7.80648 18.887 25.9572 11.3147 6.63281 12.7252 12.6896 9.37703 8.58294 8.79039
threshold=-0.0029241387929881397 0.013030647421285903 1.4239137697439936 -0.011416649863420723 73.083267240447938 1.1391986300579864 0.0327015646150716 0.63405362205439497 0.00061815324066862032 0.00081444945351863863 0.00056452680703761315 -0.0046118676425757057 0.0055439807408196326 0.00022513937759169325
decision_type=2 2 2 2 2 2 2 2 2 2 2 2 2 2
left_child=1 2 3 -1 8 6 -6 -8 10 12 -2 -11 13 -10
right_child=4 -3 -4 -5 5 -7 7 -9 9 11 -12 -13 -14 -15
leaf_value=-0.0016901143557400693 -7.4492200896914099e-05 -0.0082427607615494815 -0.0030896977112773853 0.015154771801498438 -0.0085102119888878225 -0.00687194344911794 0.026720637725982273 0.0093826812865334674 -0.00037527478304370874 -0.013241140125627727 0.0084684553520554453 0.00074174998172043226 -0.00059279021930131815 -0.014663380128992261
leaf_weight=45.773674935102463 13288.72906281054 45.464413538575172 52.720212861895561 131.00242857635021 49.762425854802132 84.383890882134438 55.852666527032852 90.635802194476128 51.831773668527603 44.303298771381378 156.35042884945869 634.57627430558205 106.63719762861729 152.83983559906483
leaf_count=200 54315 189 243 594 212 398 231 377 210 189 640 2653 434 622
internal_value=4.07123e-05 0.00496306 0.00762781 0.0108229 -5.19217e-05 0.0048858 0.00995972 0.0162641 -0.000148579 -0.00251566 2.6097e-05 -0.000206979 -0.00751679 -0.0110837
internal_weight=14990.9 274.961 229.496 176.776 14715.9 280.635 196.251 146.488 14435.3 990.188 13445.1 678.88 311.309 204.672
internal_count=61507 1226 1037 794 60281 1218 820 608 59063 4108 54955 2842 1266 832
is_linear=0
shrinkage=0.03


Tree=217
num_leaves=15
num_cat=0
split_feature=12 13 16 6 7 13 11 17 6 13 13 17 16 13
split_gain=5.95344 22.338 19.2102 26.7607 30.0657 21.2143 17.17 18.8931 16.9985 15.0983 12.695 12.6342 12.1018 28.1659
threshold=-0.0017150192051044175 0.0035498437719366786 -0.88144907265856332 0.00059074541355829335 0.516289152390906 0.0085191198959849741 63.509117306570388 -0.065403129230142923 0.00094279521357958009 0.0014499391925200113 0.0057244730265362262 -0.9733555533461492 -0.95642797789208689 0.0020122211260908966
decision_type=2 2 2 2 2 2 2 2 2 2 2 2 2 2
left_child=12 9 6 5 -5 11 8 -8 10 -2 -3 -4 13 -1
right_child=1 2 3 4 -6 -7 7 -9 -10 -11 -12 -13 -14 -15
leaf_value=0.0092028091337065798 -0.0084406849788861565 -0.012770119751750806 -0.015395739004107628 0.02321860017230995 0.0022948547442848142 -0.016546183067360574 -0.0059084886363196748 0.018596572179112394 -0.023807722350856195 0.0078008442325418342 -0.00022630610594076455 -0.00048201409179172099 -0.00079919589496496178 -0.0010042744259955794
leaf_weight=371.06860409677029 55.372424125671387 133.26219010353088 53.832863241434097 62.480493769049644 1515.2355854213238 98.381147980690002 66.373956277966499 46.511800095438957 56.798180431127548 532.15698798000813 156.93424807488918 607.89003324508667 10527.712953597307 698.58364628255367
leaf_count=1604 226 544 217 256 6251 399 290 197 241 2154 645 2453 43113 2893
internal_value=-0.000167069 0.000939452 -0.000178759 0.000925068 0.00315182 -0.00369305 -0.00576982 0.00433619 -0.00906356 0.0062467 -0.00603458 -0.00173802 -0.000490165 0.00254719
internal_weight=14982.6 3385.23 2797.7 2337.82 1577.72 760.104 459.88 112.886 346.995 587.529 290.196 661.723 11597.4 1069.65
internal_count=61483 13873 11493 9576 6507 3069 1917 487 1430 2380 1189 2670 47610 4497
is_linear=0
shrinkage=0.03


Tree=218
num_leaves=15
num_cat=0
split_feature=3 12 3 6 4 2 13 5 16 13 13 2 2 3
split_gain=8.42841 8.6319 10.6377 12.7324 10.8156 8.42519 21.1198 11.1921 17.9544 22.8274 23.3015 19.1142 12.8555 13.6268
threshold=-0.022249111513130245 -0.012234789512329645 -0.006756730834562851 0.00085369060204276205 -0.0020604949029357496 0.002302797938485542 0.011122337869314604 -0.0034250204734255214 0.13052619222005182 0.0019107979120905896 0.0037848920017163894 -0.0019515355235827923 -0.0054018947811872156 -0.0094662133060938718
decision_type=2 2 2 2 2 2 2 2 2 2 2 2 2 2
left_child=-1 5 3 -3 -4 6 7 12 9 -9 -11 -10 13 -2
right_child=1 2 4 -5 -6 -7 -8 8 11 10 -12 -13 -14 -15
leaf_value=-0.011395472840200498 -0.0059555303466259386 0.0035228443351426253 0.0071446363952941015 -0.015334695171862275 -0.00017611695975942439 0.010423279042444738 -0.0093401977494874458 -0.010708344339844885 0.006319104704041417 0.029503186105321925 0.0025736912068963719 -0.016804688632505664 0.016500945416244504 0.012802945597749048
leaf_weight=56.557663679122925 73.500767350196838 49.871816426515579 182.04617060720921 85.895426854491234 13819.143992677331 117.08461421728134 123.68604804575443 45.692398101091385 51.412050500512123 48.072850346565247 69.458197966217995 80.345156580209732 110.5508127361536 62.884217858314514
leaf_count=245 345 211 791 366 56488 485 515 200 214 202 287 331 495 288
internal_value=-3.61712e-05 8.41149e-06 -0.000161561 -0.00845711 -7.99243e-05 0.00307106 0.0017504 0.00430673 0.000351016 0.00696338 0.0138978 -0.00782215 0.0089913 0.00275364
internal_weight=14976.2 14919.6 14137 135.767 14001.2 782.687 665.602 541.916 294.981 163.223 117.531 131.757 246.936 136.385
internal_count=61463 61218 57856 577 57279 3362 2877 2362 1234 689 489 545 1128 633
is_linear=0
shrinkage=0.03


Tree=219
num_leaves=15
num_cat=0
split_feature=13 3 16 4 16 4 3 2 7 7 6 3 6 7
split_gain=5.44864 14.3475 13.7984 11.8659 13.9974 9.72065 9.65688 26.0184 17.401 23.4042 14.4459 9.48065 9.42192 8.63862
threshold=0.012406335944248338 0.0067681758466736639 0.0327015646150716 0.0020639324283204812 0.097964660725097366 -0.0029241387929881397 -0.006756730834562851 -0.0049802258506930199 0.69337628828427855 1.4239137697439936 0.0019000881889538618 -0.0094662133060938718 0.0010649802416038852 1.1290586634851332
decision_type=2 2 2 2 2 2 2 2 2 2 2 2 2 2
left_child=1 3 -3 5 -5 -1 8 -8 -7 11 -9 -10 -13 -2
right_child=13 2 -4 4 -6 6 7 10 9 -11 -12 12 -14 -15
leaf_value=0.0063977519136633283 -0.00030875738503478297 0.016717767513539088 -0.0026857858347533849 -0.018080395847581292 -0.0011113003687376478 -0.019449481882992888 0.016891050503930014 4.7861030861254573e-05 0.01216681769733572 -0.017515433606902869 0.0091616107418451311 0.006805123954436566 -0.011279720505224704 -0.0070207400019506629
leaf_weight=225.44851507246494 599.18724077939987 89.161676302552223 50.912664771080017 67.063216418027878 120.14050641655922 59.362806782126427 82.153434276580811 13080.496707871556 73.109869912266731 58.662495717406273 156.42479799687862 52.097056403756142 47.869956910610199 240.50439362227917
leaf_count=1024 2533 368 212 316 512 247 370 53250 324 258 638 221 202 1104
internal_value=0.000101764 0.000241097 0.00972665 0.000144972 -0.00731711 0.000246981 0.00014417 0.000262667 -0.00524233 -0.00146772 0.000156929 0.00410943 -0.00190632 -0.00224332
internal_weight=15002.6 14162.9 140.074 14022.8 187.204 13835.6 13610.2 13319.1 291.102 231.739 13236.9 173.077 99.967 839.692
internal_count=61579 57942 580 57362 828 56534 55510 54258 1252 1005 53888 747 423 3637
is_linear=0
shrinkage=0.03


Tree=220
num_leaves=15
num_cat=0
split_feature=12 16 6 4 3 6 6 13 6 17 2 13 17 17
split_gain=6.86915 27.424 37.5415 27.2745 17.8878 57.958 37.6911 31.1801 21.1427 21.3706 18.0018 17.5505 25.6772 21.6353
threshold=-0.0089493942566749012 0.097964660725097366 0.0012703204130613762 0.0010598460760372632 -0.0029409795063551343 0.0008872139818276464 0.0006546707004074987 0.0020408956812646433 0.0017992958279040327 -0.29012925520284105 -0.0011307969726547932 0.0018532979463764534 -0.84874750804349197 -0.68322629814330815
decision_type=2 2 2 2 2 2 2 2 2 2 2 2 2 2
left_child=1 2 11 4 6 7 -3 -6 9 -7 -8 13 -13 -1
right_child=-2 3 -4 -5 5 8 10 -9 -10 -11 -12 12 -14 -15
leaf_value=-0.0071920908114589 -0.00013961930367226673 0.023042686051846721 -0.00080477632864886755 0.012622377237001863 -0.006504211447561443 0.020516815233945662 0.00029374289334475738 -0.03672029741026122 -0.012815318335211134 -0.0034853033682799191 -0.014860451431121217 0.035020435586259641 0.011456315569850932 0.011543881852921649
leaf_weight=82.159893080592155 13169.732102513313 53.660076498985291 467.91080020368099 98.543914347887039 52.121970862150192 61.421180248260498 291.59586855769157 76.649888053536415 64.387736782431602 69.458071455359459 91.034635916352272 52.004473596811295 199.70298382639885 162.05069333314896
leaf_count=349 53799 218 2011 409 214 256 1253 319 270 284 374 218 837 731
internal_value=9.93698e-05 0.00182442 0.00529323 -0.00207154 -0.00400409 -0.00932006 -3.1343e-05 -0.0247765 0.00102079 0.00791807 -0.00337023 0.011027 0.0165625 0.00523331
internal_weight=14992.4 1822.7 963.829 858.873 760.329 324.039 436.291 128.772 195.267 130.879 382.631 495.918 251.707 244.211
internal_count=61542 7743 4146 3597 3188 1343 1845 533 810 540 1627 2135 1055 1080
is_linear=0
shrinkage=0.03


Tree=221
num_leaves=15
num_cat=0
split_feature=12 13 3 16 6 7 13 7 3 11 13 2 7 6
split_gain=8.60565 24.227 23.6909 22.7177 18.5419 34.5923 21.315 17.0833 16.387 29.0094 19.8526 16.4915 18.6046 14.4364
threshold=-0.0017415677448896492 0.0036852014472917864 -0.00052122649044675218 -0.88144907265856332 0.00060330595157401495 0.516289152390906 0.0085191198959849741 0.68541667849473875 0.002236257095959066 54.317781883012863 0.0045433039856722654 0.00025021885728804396 0.85385058188914831 0.001231606849458454
decision_type=2 2 2 2 2 2 2 2 2 2 2 2 2 2
left_child=-1 2 -2 -3 6 -6 8 -8 9 -5 -10 -12 -13 -7
right_child=1 3 -4 4 5 13 7 -9 10 -11 11 12 -14 -15
leaf_value=-0.00041461901063543423 -0.012728613148137466 -0.0059919469103221724 0.0081879385662217575 0.0050323889637851329 0.024511255235394623 0.0036523532003301215 -0.027254878507410395 -0.0033683023769919781 0.020905972742514923 -0.012104511104479226 -0.012050407520163918 0.013755109693445166 -0.004716203324288311 -0.0039374460208760316
leaf_weight=11539.402598157525 51.269720479846001 460.95467883348465 598.32722193002701 153.21972545981407 63.572003975510597 1206.9298995137215 49.903694853186607 57.392718374729156 53.031273871660233 206.95170870423317 63.090519919991493 105.83478905260563 88.630561664700508 275.54373836517334
leaf_count=47395 208 1923 2423 617 261 4944 202 233 214 834 254 430 358 1176
internal_value=-2.22265e-05 0.00129557 0.00650309 7.71518e-05 0.00128499 0.00318458 -0.0024881 -0.0147734 -0.000484825 -0.00482681 0.00454901 0.00104594 0.00537422 0.00223825
internal_weight=14974.1 3434.65 649.597 2785.06 2324.1 1546.05 778.055 107.296 670.759 360.171 310.587 257.556 194.465 1482.47
internal_count=61472 14077 2631 11446 9523 6381 3142 435 2707 1451 1256 1042 788 6120
is_linear=0
shrinkage=0.03


Tree=222
num_leaves=15
num_cat=0
split_feature=11 16 2 10 16 10 2 13 11 13 13 3 3 16
split_gain=6.83496 19.3348 16.7092 17.8982 14.6444 26.4644 25.9562 26.0021 21.6526 20.2211 18.7237 27.7225 18.1304 18.1258
threshold=49.814522523680964 0.5277851165098012 0.0011513239649685715 1.5570889985545457 0.5277851165098012 0.43012241126796186 0.002768018317347493 0.010214746905528595 68.491598263782024 0.0018282314923455669 0.004363807524516484 0.0010686154450881269 0.0043656800069213917 -0.70710678118654735
decision_type=2 2 2 10 2 10 2 2 2 2 2 2 2 2
left_child=1 2 3 -1 9 6 7 8 -6 -2 -11 -12 -7 -13
right_child=4 -3 -4 -5 5 12 -8 -9 -10 10 11 13 -14 -15
leaf_value=0.0015788181911844683 -0.0082767840839919581 -0.0015928476218176077 0.011712296901064206 -0.014468321078189829 -6.8725702957743451e-05 0.025559956572891562 -0.0071984218052730557 0.01425782662764404 0.012305369117520819 0.0014151219758258549 -0.0073400583219811553 -0.0041715270909296965 0.0033629333390572621 0.0013761816954460096
leaf_weight=4727.5454898923635 377.4611534178257 2439.5219266414642 142.81516356766224 61.407676488161087 1779.6071280539036 62.830070018768311 340.15180586278439 136.94656349718571 135.07108323276043 1722.4707088023424 786.09719191491604 867.67317113280296 69.139086276292801 1355.5306434035301
leaf_count=19513 1536 9964 588 270 7170 261 1450 559 554 6992 3230 3639 296 5583
internal_value=-6.05881e-05 0.000590894 0.0016713 0.0013671 -0.000689725 0.00117933 0.000452169 0.00172638 0.000816135 -0.00161306 -0.00107821 -0.00250534 0.0141547 -0.000790784
internal_weight=15004.3 7371.29 4931.77 4788.95 7632.98 2523.75 2391.78 2051.62 1914.68 5109.23 4731.77 3009.3 131.969 2223.2
internal_count=61605 30335 20371 19783 31270 10290 9733 8283 7724 20980 19444 12452 557 9222
is_linear=0
shrinkage=0.03


Tree=223
num_leaves=15
num_cat=0
split_feature=5 2 3 7 7 10 18 3 4 1 12 3 2 17
split_gain=7.25053 10.7008 5.11729 36.9409 33.5048 14.6124 8.71308 18.0669 8.03422 13.848 9.37351 8.35044 19.5589 17.0583
threshold=-0.011416649863420723 -0.0093539401273847727 -0.006756730834562851 0.62165297342101278 1.5344182263789699 0.84924334811591395 5.9841950065378109 -0.0094662133060938718 0.002926119681662787 0.0023133855176351585 -0.022344683503090653 0.0067681758466736639 0.0043618608238762966 -0.72947329433276253
decision_type=2 2 2 2 2 8 2 2 2 2 2 2 2 2
left_child=-1 -2 3 -3 5 -5 7 -7 10 -10 -4 12 -12 -13
right_child=1 2 8 4 -6 6 -8 -9 9 -11 11 13 -14 -15
leaf_value=-0.010745688964807754 0.01193411960122933 -0.025204849982402428 0.012833290899440639 0.016062758944649539 -0.022712355943409444 0.015317284274353188 -0.010726758957740936 -0.0035010525254544787 -0.014047493922622426 0.00053155662695101842 0.00017625551190042987 -0.0079538324273540524 -0.010170992698922644 0.0084137266873458381
leaf_weight=53.903148368000984 66.207004770636559 57.195583343505859 50.762876480817795 67.982272237539291 46.926554441452026 69.949879288673401 47.724114418029785 125.37093405425549 95.393640592694283 147.00109170377254 13597.818471714854 71.627224743366241 164.4253976047039 260.14130394160748
leaf_count=236 295 241 212 281 208 327 211 538 457 671 55467 314 724 1098
internal_value=3.81508e-05 7.86857e-05 2.40542e-05 -0.00325154 0.000376818 0.00398328 0.000500993 0.00332527 0.000119012 -0.00527398 0.000212163 0.00016489 5.11711e-05 0.00485356
internal_weight=14922.4 14868.5 14802.3 415.149 357.954 311.027 243.045 195.321 14387.2 242.395 14144.8 14094 13762.2 331.769
internal_count=61280 61044 60749 1806 1565 1357 1076 865 58943 1128 57815 57603 56191 1412
is_linear=0
shrinkage=0.03


Tree=224
num_leaves=15
num_cat=0
split_feature=12 16 5 12 6 7 17 13 12 6 3 7 7 17
split_gain=7.98163 13.8823 12.2849 19.3091 11.76 24.5374 19.1119 37.9021 24.1161 15.4041 21.9747 26.1783 24.9986 24.9864
threshold=-0.0053748100117906308 0.97335555334614943 -0.00024032530682460693 -0.0069667542247480166 0.0013611584430271522 0.97453842427822646 -0.47114434510950048 0.0062604316428886983 -0.0028408134451251006 0.00086938915769690971 -0.00067010481501111874 1.6823437279751272 0.63390486468782059 -0.5277851165098012
decision_type=2 2 2 2 2 2 2 2 2 2 2 2 2 2
left_child=1 -1 3 -3 9 -6 -7 8 -8 -2 13 12 -12 -11
right_child=4 2 -4 -5 5 6 7 -9 -10 10 11 -13 -14 -15
leaf_value=-0.00067509484991502594 0.00057732524730367185 -0.015792070088107426 0.0022352312915522518 0.0011545526786577126 -0.0011140024723003386 0.00063328341838390294 0.013010351130795626 0.024170283093026532 -0.011561190193133557 -0.0044536601234523134 0.0093815442575840638 0.010842147819383646 -0.0069456166185435436 0.01205469276982356
leaf_weight=4508.3687799572945 7580.9719171226025 176.46508485078812 99.62732245028019 91.163494631648064 494.43041449785233 172.67650528252125 80.05006018280983 141.3511316627264 62.034344926476479 155.45668956637383 89.822389245033264 91.360560312867165 1080.1559181809425 171.95216192305088
leaf_count=18811 30746 737 410 374 2033 745 325 598 253 632 365 376 4474 701
internal_value=-0.000136551 -0.00113345 -0.00672599 -0.0100537 0.000343853 0.0035165 0.00851897 0.013285 0.0022708 1.42773e-05 -0.00266975 -0.0044664 -0.00567827 0.00423693
internal_weight=14995.9 4875.62 367.256 267.629 10120.3 950.542 456.112 283.436 142.084 9169.72 1588.75 1261.34 1169.98 327.409
internal_count=61580 20332 1521 1111 41248 3954 1921 1176 578 37294 6548 5215 4839 1333
is_linear=0
shrinkage=0.03


Tree=225
num_leaves=15
num_cat=0
split_feature=0 17 2 17 2 0 11 7 0 6 6 13 0 7
split_gain=6.49819 8.06735 53.0413 20.8702 13.9644 13.8298 12.0492 20.0343 10.4798 9.99843 9.97473 13.4344 9.85979 9.50681
threshold=-4.9424091509514538e-05 0.72947329433276265 0.00053806301498049447 0.68322629814330826 -0.0007895308638125319 -0.00034091682035985999 39.293051428882826 0.81317878047205516 -0.0004904239801193504 0.00028944192871585155 0.0011498515821924953 0.0021187108069282705 -0.00037126915150986756 1.2613165337008911
decision_type=2 2 2 2 2 2 2 2 2 2 2 2 2 2
left_child=1 3 4 5 6 10 7 -3 -9 -7 11 13 -6 -1
right_child=-2 2 -4 -5 12 9 -8 8 -10 -11 -12 -13 -14 -15
leaf_value=0.0015027755907810567 0.00069825075333785442 -0.0092880495395754117 -0.013116797042634383 0.01162282123174788 -0.0084324309661247421 0.0090931351485670012 0.010488447818805103 3.5095399074150301e-05 0.018388439960667732 -0.0018873000572680501 -0.001545107879544532 0.005318907276226934 7.170763650976934e-05 -0.0081077824091669807
leaf_weight=371.02674871683121 8483.8874179124832 102.95109283924103 326.83857314288616 133.1235748976469 160.7220648676157 74.632071509957314 190.58212128281593 57.655130118131638 52.453368350863457 2924.455705344677 612.58720174431801 861.4090114235878 498.76221127808094 121.27145585417747
leaf_count=1535 34805 422 1345 546 649 303 771 236 213 12015 2616 3506 2013 516
internal_value=0.000151752 -0.000562808 -0.00258702 -1.01658e-05 0.000668718 -0.000326604 0.00505003 0.000133057 0.00895031 -0.00160817 0.00162776 0.00306372 -0.00202005 -0.00088789
internal_weight=14972.4 6488.47 1389.96 5098.51 1063.13 4965.38 403.642 213.06 110.108 2999.09 1966.29 1353.71 659.484 492.298
internal_count=61491 26686 5649 21037 4304 20491 1642 871 449 12318 8173 5557 2662 2051
is_linear=0
shrinkage=0.03


Tree=226
num_leaves=15
num_cat=0
split_feature=11 7 12 3 7 3 7 6 17 13 4 0 3 7
split_gain=6.19488 15.1816 17.0354 13.5482 8.03746 10.181 19.001 29.388 11.0458 13.4152 24.2149 10.3454 12.4753 20.6927
threshold=73.083267240447938 1.1341937340660431 -0.00056549188802362804 0.0025743841224072019 1.1789085714742995 0.00496010191950197 0.60557100038301459 0.00081444945351863863 -0.93540483100319605 0.00083666747926369755 -0.0011421376483349286 -0.00076717455671798651 -0.00067010481501111874 0.67772963599780389
decision_type=2 2 2 2 2 2 2 2 2 2 2 2 2 2
left_child=4 3 -3 -2 5 8 7 -7 9 10 -1 -11 -13 -14
right_child=1 2 -4 -5 -6 6 -8 -9 -10 11 -12 12 13 -15
leaf_value=-0.010527654954295093 -0.0022994198738003481 0.0072479247165476539 -0.018750356945438411 0.014887822812098732 0.0013583833006639285 -0.0096714592706636082 -0.0067254546041484314 0.02104803955137979 0.00015278511379697963 0.0084380364041777185 0.014654867430606695 -0.0092455427176727153 0.012828313907089916 -0.0042025951438195083
leaf_weight=52.129388630390167 60.355627864599228 44.107870832085609 43.017308875918388 125.36848247051239 3010.9125205874443 50.14092680811882 487.03933684527874 59.087002336978912 9928.1680932193995 54.212275981903076 92.852930963039398 360.29908476769924 70.68103714287281 551.23674729466438
leaf_count=213 253 210 204 524 12531 205 2055 243 40547 222 373 1465 285 2230
internal_value=5.98677e-05 0.00452231 -0.00572121 0.00933741 -2.34694e-05 -0.000379073 -0.00419132 0.00702596 -0.000173747 -0.00291343 0.00558027 -0.00411004 -0.00481836 -0.00223211
internal_weight=14989.6 272.849 87.1252 185.724 14716.8 11705.8 596.267 109.228 11109.6 1181.41 144.982 1036.43 982.217 621.918
internal_count=61560 1191 414 777 60369 47838 2503 448 45335 4788 586 4202 3980 2515
is_linear=0
shrinkage=0.03


Tree=227
num_leaves=15
num_cat=0
split_feature=12 5 10 18 3 13 17 12 10 2 13 1 17 10
split_gain=5.84306 10.05 9.55566 12.6512 9.11316 17.8424 14.5936 15.7023 22.351 13.902 10.9499 8.18609 7.84225 10.5487
threshold=-0.016524653457119783 -0.011416649863420723 0.73526328245138928 5.9532747514150675 0.0063909033153957693 0.0094007148065570218 -0.81241147629688992 -0.0022716445711336015 0.37218727513418665 0.0043618608238762966 0.011652643015543253 0.00084751259982196469 -0.83146961230254512 1.5913048390035951
decision_type=2 2 10 2 2 2 2 2 10 2 2 2 2 10
left_child=1 -1 4 -4 9 -6 -7 8 -8 -2 -9 -11 -5 -14
right_child=2 -3 3 12 5 6 7 10 -10 11 -12 -13 13 -15
leaf_value=-0.0080522784566663484 -7.4760030992138335e-05 0.0054717359561719013 -0.017782710410061017 0.0062287748642470917 0.019941847670338977 -0.013213350843198012 0.023648302439491432 -0.013452055449497959 -0.0018412067954675277 -0.013729645578320881 0.003516662854807423 -0.00080719536409046852 -0.011055052089615321 0.0033745931292998806
leaf_weight=56.047531023621559 13695.121366515756 338.26855951547623 57.633514106273651 67.623821869492531 55.369798794388771 47.696065843105316 67.602154836058617 48.575004369020462 55.282367005944252 105.28941674530506 104.13482055068016 75.380568444728851 116.77695170044899 72.776355296373367
leaf_count=245 55927 1444 252 296 229 219 286 204 233 464 479 347 507 315
internal_value=-7.56245e-05 0.00351852 -0.000173369 -0.00532659 -5.88287e-05 0.00452061 0.00177305 0.0044432 0.0123354 -0.000184432 -0.00198499 -0.00840591 -0.00241948 -0.0055376
internal_weight=14963.6 394.316 14569.3 314.811 14254.5 378.66 323.29 275.594 122.885 13875.8 152.71 180.67 257.177 189.553
internal_count=61447 1689 59758 1370 58388 1650 1421 1202 519 56738 683 811 1118 822
is_linear=0
shrinkage=0.03


Tree=228
num_leaves=15
num_cat=0
split_feature=6 4 12 2 2 12 5 13 7 7 2 11 17 4
split_gain=9.76301 17.179 11.2193 16.32 12.5462 11.0609 12.9001 14.4783 13.5528 9.74341 22.0075 7.85594 12.7889 9.22941
threshold=0.0003261091856053341 -0.00038441161233099258 -0.0022716445711336015 0.00082988046523593828 -2.1055638215417002e-05 -0.00036228818069317098 0.0024227610702707296 0.0078771491472620098 1.1192881609531404 0.516289152390906 0.00013559648848462949 74.181520947487712 0.55557023301960229 0.0014503925385525032
decision_type=2 2 2 2 2 2 2 2 2 2 2 2 2 2
left_child=1 -1 4 9 -3 11 7 -7 -8 -4 -11 13 -13 -2
right_child=5 2 3 -5 -6 6 8 -9 -10 10 -12 12 -14 -15
leaf_value=-0.0090767104168188988 7.28017653737444e-05 0.018404994774986076 -0.010143449192023519 0.016697339867201361 0.0041701717487773711 -0.0052297635395658591 0.009312440714250721 -0.022258917225925278 -0.0083569364730343709 0.012228747372684284 -0.010349280201074932 0.00052511057371493728 0.019569247758251244 -0.0035434056188567596
leaf_weight=79.382384270429611 13106.163977190852 102.4283427298069 77.92125292122364 51.780546143651009 122.80542217195034 242.16202872991562 93.829831719398499 53.805494800209999 64.041594877839088 90.025023698806763 65.333769381046295 93.602699473500252 46.10491181910038 665.54918505251408
leaf_count=326 53617 414 315 212 495 988 399 225 289 364 263 419 194 2897
internal_value=-2.53065e-05 0.00375135 0.00577456 0.00179687 0.0107487 -0.000180835 -0.00477927 -0.00845421 0.00212986 -0.00162437 0.00272304 -3.01523e-05 0.00699736 -0.000102449
internal_weight=14954.9 589.677 510.294 285.061 225.234 14365.3 453.839 295.968 157.871 233.28 155.359 13911.4 139.708 13771.7
internal_count=61417 2389 2063 1154 909 59028 1901 1213 688 942 627 57127 613 56514
is_linear=0
shrinkage=0.03


Tree=229
num_leaves=15
num_cat=0
split_feature=11 3 16 5 6 6 6 16 7 10 7 3 3 6
split_gain=7.30103 5.17961 18.3268 30.2092 20.5292 22.0869 16.9286 22.4482 16.1779 9.79487 10.4232 28.0717 15.3395 21.5514
threshold=20.025302954077173 -0.002399255715810684 0.88144907265856365 -5.225886781362598e-05 0.0017343526578628614 0.0012457229467540585 0.00049916033143356344 -0.79335334029123528 0.74556830296764798 1.550109816234764 0.66382466667373763 -0.0078841421792068527 -0.01040715113678836 0.0019000881889538618
decision_type=2 2 2 2 2 2 2 2 2 10 2 2 2 2
left_child=-1 2 6 4 5 -4 7 -2 -9 10 11 -8 13 -12
right_child=1 -3 3 -5 -6 -7 9 8 -10 -11 12 -13 -14 -15
leaf_value=-0.011113034260762083 0.025294886443790798 -0.00042474474298667323 -0.0066739813603833584 0.017296883555950802 0.010037496377767473 -0.027379950058589234 -0.023717284764127353 0.011425153215822057 -0.0066178517251743842 -0.0099341457671649012 0.028322605689952894 0.0001311017129700191 0.0017158181982283548 0.0015361987018256828
leaf_weight=52.781202986836433 58.585273668169975 11875.530637457967 291.68676501512527 48.256522163748741 51.202204942703247 53.715849027037621 49.168737724423409 108.46097660064697 73.449482962489128 67.771798834204674 46.103324294090271 336.71516515314579 1821.2476000189781 62.272959545254707
leaf_count=240 264 48523 1197 201 215 225 206 441 297 297 230 1384 7614 266
internal_value=-0.000180915 -0.000140822 0.000957511 -0.00465974 -0.00740468 -0.0100332 0.00191274 0.00946498 0.00414724 0.00114335 0.00147587 -0.00301425 0.00237598 0.0132379
internal_weight=14996.9 14944.2 3068.64 444.861 396.605 345.403 2623.78 240.496 181.91 2383.28 2315.51 385.884 1929.62 108.376
internal_count=61600 61360 12837 1838 1637 1422 10999 1002 738 9997 9700 1590 8110 496
is_linear=0
shrinkage=0.03


Tree=230
num_leaves=15
num_cat=0
split_feature=3 16 16 4 2 4 2 1 3 6 12 6 6 2
split_gain=6.51154 25.7509 25.213 35.779 36.4599 22.3972 23.3241 19.189 18.9557 28.479 18.1922 27.9772 22.7533 23.1762
threshold=0.00085511409776262159 -0.77259657388510594 -0.70710678118654735 -0.001030428237235592 0.00048903207678527305 0.0010322366169658317 -0.00084677122530522886 0.00058747882944214247 -0.0016528027883192414 0.00060330595157401495 -0.0055916575351929168 0.00069323607798200233 0.00075247359977097499 -0.0017864371408155553
decision_type=2 2 2 2 2 2 2 2 2 2 2 2 2 2
left_child=1 5 3 -2 -5 6 -1 -6 9 -8 11 -4 13 -12
right_child=2 -3 10 4 7 -7 8 -9 -10 -11 12 -13 -14 -15
leaf_value=-0.00087050212692055186 0.020383169192673245 -0.0012842209120084609 -0.018515976483032163 -0.0089354441374463502 0.0030149851224032863 -0.014054972614937569 0.022113638093617213 -0.0079227657097727423 0.0027080920625816695 0.0057352376350395962 0.024485436829927557 -9.2659783814090328e-05 0.00023383188374171372 0.0043959211962438308
leaf_weight=740.38761095702648 57.174776628613472 7272.5297690927982 87.265228822827339 618.72723981738091 662.31465756893158 67.895683884620667 135.59432743489742 182.44688032567501 651.92923322319984 319.9455703496933 51.230668172240257 439.21711294353008 1733.0650032013655 1930.1147914975882
leaf_count=3209 261 29666 359 2524 2735 305 582 800 2651 1326 208 1829 7165 7793
internal_value=2.67107e-05 -0.000469049 0.000817215 -0.0024948 -0.00341518 0.0026236 0.00325095 0.000639577 0.00600291 0.0106857 0.00200542 -0.00320487 0.00274526 0.00493953
internal_weight=14949.8 9188.28 5761.56 1520.66 1463.49 1915.75 1847.86 844.762 1107.47 455.54 4240.89 526.482 3714.41 1981.35
internal_count=61413 37739 23674 6320 6059 8073 7768 3535 4559 1908 17354 2188 15166 8001
is_linear=0
shrinkage=0.03


Tree=231
num_leaves=15
num_cat=0
split_feature=12 11 7 12 13 6 5 7 17 17 13 5 2 11
split_gain=6.36394 14.1996 17.3737 8.38826 19.2508 23.8293 20.3301 17.1526 14.8486 22.5319 24.7092 15.3492 14.7758 18.7399
threshold=-0.00036228818069317098 63.734299405177332 0.86290480359325328 -0.0017150192051044175 0.0035177403614291562 0.00050647616157720491 -0.00014209505595291769 0.47176774471543742 -0.70710678118654757 0.63405362205439486 0.0057244730265362262 0.00078966791475498798 0.0041294226001935734 64.617032934295125
decision_type=2 2 2 2 2 2 2 2 2 2 2 2 2 2
left_child=3 2 -2 -1 6 -6 -5 -7 -9 12 -11 -12 13 -10
right_child=1 -3 -4 4 5 7 -8 8 9 10 11 -13 -14 -15
leaf_value=-0.00035606657951938099 -0.024459101507851824 -0.00023550249444925442 -0.0026547190434746525 -0.008601523639312221 -0.0060687461305558585 0.0206671220265685 0.0090099497615888594 0.0053370876102591669 -0.0038503464747703057 -0.0036415790881512674 0.025573352202107286 0.0073202792399163072 -0.014737920984954243 0.00823284220472849
leaf_weight=11595.89573867619 54.36525970697403 340.1150404214859 80.307230651378632 66.305487141013145 429.40471211075783 40.109860733151436 446.68241706490517 571.6302648037672 686.03389544785023 165.04720656573772 51.510632708668709 198.04946172237396 86.431356176733971 136.89054705202579
leaf_count=47668 223 1439 329 273 1735 164 1809 2336 2796 668 208 810 401 569
internal_value=-0.000108556 -0.00351879 -0.0116859 3.78005e-06 0.00145285 0.000308084 0.00670904 0.00172749 0.00130537 -0.000440774 0.00533968 0.0112612 -0.00308222 -0.00182526
internal_weight=14948.8 474.788 134.672 14474 2878.1 2365.11 512.988 1935.7 1895.59 1323.96 414.607 249.56 909.356 822.924
internal_count=61428 1991 552 59437 11769 9687 2082 7952 7788 5452 1686 1018 3766 3365
is_linear=0
shrinkage=0.03


Tree=232
num_leaves=15
num_cat=0
split_feature=5 11 12 6 3 1 12 4 7 3 0 11 2 7
split_gain=6.57214 6.66002 5.22152 11.1707 11.1986 7.61042 7.71538 7.13557 7.6569 6.59474 5.05391 7.33003 15.5702 16.6601
threshold=0.0079011394255809071 64.916334226502684 -0.00036228818069317098 0.0010649802416038852 0.0013552969774671133 0.00039831199827766733 -0.00024377075868325934 0.0013594373086552871 0.93619184598829774 0.0035374534401628748 1.0000000180025095e-35 40.571851659790092 -0.00090918736874467932 0.63390486468782059
decision_type=2 2 2 2 2 2 2 2 2 2 2 2 2 2
left_child=2 -2 10 4 -4 6 -6 8 -7 -9 11 12 13 -1
right_child=1 -3 3 -5 5 7 -8 9 -10 -11 -12 -13 -14 -15
leaf_value=-0.0076946737220010128 0.015570024060113735 0.00063155408043557291 -0.012674482835553627 -0.016662244401501203 -0.0017728438082706046 -0.014439419488455257 0.013698629615564239 -0.0063947381220923992 0.0010958608543155952 0.0072671285049286903 0.00061997280463416756 -0.0010556230467010884 0.0064112781039513504 0.0010293444706810247
leaf_weight=229.50667119026184 46.702152758836746 60.285850644111633 66.96388766169548 47.457960098981857 51.554376125335693 65.39284710586071 63.149842128157616 48.412323608994484 49.085513219237328 84.528780609369278 6809.8465634435415 5618.8057563900948 391.47936891019344 1320.1842329949141
leaf_count=962 202 272 271 221 212 270 258 200 200 362 27914 22944 1610 5548
internal_value=-2.15089e-05 0.00731852 -7.53822e-05 -0.00315818 -0.00159422 0.000513098 0.00683369 -0.00244844 -0.00787383 0.00227093 2.72775e-05 -0.000506631 0.0010819 -0.000270921
internal_weight=14953.4 106.988 14846.4 476.546 429.088 362.124 114.704 247.419 114.478 132.941 14369.8 7559.98 1941.17 1549.69
internal_count=61446 474 60972 1994 1773 1502 470 1032 470 562 58978 31064 8120 6510
is_linear=0
shrinkage=0.03


Tree=233
num_leaves=15
num_cat=0
split_feature=13 16 6 3 13 6 17 17 12 3 2 16 17 2
split_gain=8.09535 42.7928 24.8376 25.2939 18.4808 16.8689 24.7245 15.7455 19.8233 19.5063 29.7707 17.9063 14.9564 14.9333
threshold=0.0023058327608149747 -0.9103761370219875 0.00050647616157720491 -0.0020656030429086476 0.0010258541449744698 0.0011828476359319752 -0.47114434510950048 1.0000000180025095e-35 -0.0063233505552948146 -0.0015494787309526523 -0.00086855304217309237 0.5277851165098012 0.93540483100319638 -0.00056916136061010969
decision_type=2 2 2 2 2 2 2 2 2 2 2 2 2 2
left_child=1 -1 7 4 5 -4 -7 9 13 11 -11 -3 -6 -9
right_child=-2 2 3 -5 12 6 -8 8 -10 10 -12 -13 -14 -15
leaf_value=0.0062830641944640747 0.00040978293127357402 -0.0006137508641854665 0.00061897219498591725 -0.0063905833294967034 -0.002430710935895539 0.024735527406147369 -0.0033731320745172821 0.0040325653652505365 0.0021278917997786871 0.022147202578564291 -0.0032075208833652873 -0.020841723508490308 -0.014791152662907699 0.025240747887858659
leaf_weight=611.52282103896141 10317.930254533887 76.341840401291847 595.3698061555624 1478.5564829707146 717.28864255547523 66.08422577381134 47.298933550715446 56.104988873004913 514.41644839942455 51.890464559197426 182.31734326481819 79.638517990708351 98.669079646468163 64.190229028463364
leaf_count=2626 42313 311 2483 6009 2977 295 202 233 2083 210 736 326 403 262
internal_value=-5.8229e-05 -0.00109874 -0.00222195 -0.0035975 -0.000884144 0.00265572 0.0131545 0.001808 0.0047178 -0.00292525 0.00254996 -0.0110746 -0.0039579 0.0155771
internal_weight=14957.6 4639.69 4028.17 3003.27 1524.71 708.753 113.383 1024.9 634.712 390.188 234.208 155.98 815.958 120.295
internal_count=61469 19156 16530 12369 6360 2980 497 4161 2578 1583 946 637 3380 495
is_linear=0
shrinkage=0.03


Tree=234
num_leaves=15
num_cat=0
split_feature=5 2 3 12 18 12 6 16 13 5 3 3 2 6
split_gain=5.9322 6.2387 5.76587 9.12769 12.0806 5.18672 35.3137 19.9939 16.0868 14.6424 26.3111 19.428 15.1989 14.8305
threshold=0.011445063985708661 0.0093855128858812992 -0.022249111513130245 -0.022344683503090653 5.8462159010177048 -0.0060897207291513702 0.0003783487131432082 0.84874750804349197 0.0066280254283370707 -0.0020614932471838539 -0.005831920509537499 -0.0013831593355561054 -0.00058317979007649335 0.0010136595287702646
decision_type=2 2 2 2 2 2 2 2 2 2 2 2 2 2
left_child=1 2 -1 4 -4 6 -5 -8 9 10 -9 13 -13 -11
right_child=-2 -3 3 5 -6 -7 7 8 -10 11 -12 12 -14 -15
leaf_value=-0.009320030061151674 0.0098267010268753563 -0.0092486061868791141 -0.0026444573430884797 0.018960772551138746 0.014073247177314455 0.00057668089561433811 -0.00012100344900308846 -0.016477584020515971 0.0028093127429712908 -0.013111930547503172 0.0082348400073357069 -0.014224797385967445 0.0051616385732007729 -0.032480185650276654
leaf_weight=53.992135599255562 56.434360787272453 59.985566273331642 63.840789973735809 78.253334522247314 95.443329274654388 10881.917999535799 2976.5285709947348 60.056749269366264 145.29439698159695 145.63268375396729 101.37780015170574 64.195574223995209 79.185817837715149 47.959617361426353
leaf_count=235 236 278 266 321 413 44377 12489 257 601 599 416 268 325 203
internal_value=0.000286724 0.00024916 0.000288917 0.000325374 0.00742312 0.000246827 -0.000723476 -0.0011592 -0.00594463 -0.00849758 -0.00104779 -0.0120393 -0.00359445 -0.0181932
internal_weight=14910.1 14853.7 14793.7 14739.7 159.284 14580.4 3698.48 3620.23 643.703 498.408 161.435 336.974 143.381 193.592
internal_count=61284 61048 60770 60535 679 59856 15479 15158 2669 2068 673 1395 593 802
is_linear=0
shrinkage=0.03


Tree=235
num_leaves=15
num_cat=0
split_feature=11 3 3 16 2 3 12 3 2 12 13 16 16 13
split_gain=6.21103 15.0198 17.4919 12.8419 27.161 15.6311 19.6303 17.8717 15.6233 14.2637 18.0365 12.4988 25.8755 14.7522
threshold=55.924741092929501 0.00060941004446973823 -0.0035300162727853602 -0.70710678118654735 0.00056930354029799412 0.002236257095959066 -0.0012616373439335302 0.0039014706367588689 0.0023617687665560853 -0.00036228818069317098 0.0078771491472620098 0.41248606129204562 -0.79335334029123528 0.0038566187917166155
decision_type=2 2 2 2 2 2 2 2 2 2 2 2 2 2
left_child=-1 2 -2 4 -3 -6 7 -7 9 -5 -11 12 13 -4
right_child=1 3 11 8 5 6 -8 -9 -10 10 -12 -13 -14 -15
leaf_value=0.00036167346533130823 0.0076053840521578724 -0.016724362427128759 0.0086772768423823247 0.0044206510662172047 0.0072039657353195089 -0.010125226834395437 -0.0088712571591681184 0.011192380677912629 -0.0020682510377981766 0.00077113869264940722 -0.019684468061248277 -0.0012779483205190329 -0.011607889795121555 -0.0073097613837635553
leaf_weight=10746.415172174573 110.14237807691097 112.70325182378292 109.74472109973431 1218.5757709443569 159.25764742493629 50.065798431634903 258.17005363106728 109.38239249587059 801.078982681036 170.39116834104061 48.178305715322495 507.57168808579445 445.11162270605564 95.118363603949547
leaf_count=44019 470 473 446 4944 656 211 1106 475 3421 694 201 2058 1845 400
internal_value=-2.05065e-05 -0.000999136 -0.00372423 0.000182521 -0.00339111 -0.000737437 -0.00378577 0.00445627 0.00128557 0.00315531 -0.0038754 -0.00481352 -0.00756209 0.00125555
internal_weight=14941.9 4195.49 1267.69 2927.8 689.579 576.876 417.618 159.448 2238.22 1437.15 218.569 1157.55 649.975 204.863
internal_count=61419 17400 5219 12181 2921 2448 1792 686 9260 5839 895 4749 2691 846
is_linear=0
shrinkage=0.03


Tree=236
num_leaves=15
num_cat=0
split_feature=12 7 7 12 5 17 5 12 17 17 12 1 17 4
split_gain=7.78224 24.3204 16.1424 14.588 16.9615 16.9504 16.7685 18.0524 11.9088 10.0189 10.3838 9.70029 17.7155 12.898
threshold=-0.0089493942566749012 1.6296967798384323 1.2401212873284193 -0.010500048367443558 -0.001752581950136278 -0.5 0.00075549902421545589 -0.012234789512329645 -0.77259657388510616 -0.84874750804349197 -0.013537066740319291 -0.00086434667184154257 0.97335555334614943 -0.0017705553903664681
decision_type=2 2 2 2 2 2 2 2 2 2 2 2 2 2
left_child=1 2 3 6 -5 -6 7 -1 -9 -4 -11 12 -2 -13
right_child=11 -3 9 4 5 -7 -8 8 -10 10 -12 13 -14 -15
leaf_value=0.00062799641138453779 0.0031292668219161926 -0.016918684396988088 0.017795737502621728 0.013868136310012363 0.013072410770448437 -0.0023621999002151365 0.0092060577476980807 -0.021625689001503055 -0.0055772981630011027 -0.0058570363399088748 0.0094137373487995901 0.01366831247466669 -0.011882241052981459 -0.0004912010134073073
leaf_weight=591.76392786204815 1251.2275212854147 57.482081219553947 82.565413936972618 150.60544115304947 85.109877347946167 240.12463074922562 129.58056190609932 50.374507114291191 215.3923827111721 52.910758003592491 149.79282456636429 56.187372386455536 73.039097294211388 11736.026742264628
leaf_count=2510 5146 256 370 647 355 1001 541 207 905 253 655 245 295 47963
internal_value=0.00010639 0.00195172 0.00259081 0.00131217 0.00561515 0.00173206 -0.000769253 -0.00229453 -0.00875798 0.00909331 0.0054094 -0.00014791 0.00228465 -0.000421428
internal_weight=14922.2 1805.7 1748.22 1462.95 475.84 325.235 987.111 857.531 265.767 285.269 202.704 13116.5 1324.27 11792.2
internal_count=61349 7700 7444 6166 2003 1356 4163 3622 1112 1278 908 53649 5441 48208
is_linear=0
shrinkage=0.03


Tree=237
num_leaves=15
num_cat=0
split_feature=7 5 16 2 3 7 13 7 2 3 11 3 13 18
split_gain=5.85081 13.7554 38.0788 20.0564 17.9324 17.6435 21.1712 17.2709 36.4792 19.1666 20.9684 17.4965 16.7038 15.8347
threshold=1.188353609324224 0.0022852235816288595 -0.1628082571180898 0.0013029420533086091 0.0060844416248225239 1.6823437279751272 0.010214746905528595 1.6103119539632982 -0.00033887851159208887 -0.0021480421041911164 38.312574542559588 -0.001004255352403671 0.0014966883722365989 5.9157489983932825
decision_type=2 2 2 2 2 2 2 2 2 2 2 2 2 2
left_child=-1 3 4 7 -3 6 -4 11 9 10 -9 13 -13 -2
right_child=1 2 5 -5 -6 -7 -8 8 -10 -11 -12 12 -14 -15
leaf_value=-0.00027794648963335648 0.0060895917679091287 -0.0063231227426805287 -0.007078527577020554 0.0075280654417667139 0.011990986226206736 0.0031437066275726306 -0.028161977045916692 0.0055703956540999111 0.012254716721075849 -0.021151596499465786 -0.014642591754255092 -0.012679616354963749 0.0004990273113297843 -0.011605442909185892
leaf_weight=11980.534050643444 792.19504852592945 72.806432619690895 96.627608403563499 485.70804174244404 134.31465768814087 51.579841330647469 77.783070936799049 90.70031151175499 81.244669497013092 95.288496881723404 90.464059993624687 96.140569850802422 732.45500995218754 46.466762334108353
leaf_count=49041 3361 316 404 1983 594 224 388 393 328 384 371 391 2975 204
internal_value=1.65315e-05 0.00121437 -0.00371172 0.00206644 0.00555437 -0.0121783 -0.0166939 0.000750273 -0.00521328 -0.010398 -0.00457259 0.00203442 -0.00105692 0.00508391
internal_weight=14924.3 2943.77 433.112 2510.66 207.121 225.991 174.411 2024.95 357.698 276.453 181.164 1667.26 828.596 838.662
internal_count=61357 12316 1926 10390 910 1016 792 8407 1476 1148 764 6931 3366 3565
is_linear=0
shrinkage=0.03


Tree=238
num_leaves=15
num_cat=0
split_feature=5 13 6 13 13 17 6 7 6 13 12 7 16 12
split_gain=9.44187 6.72049 19.7345 8.67866 8.15934 30.3414 37.3462 40.0336 30.6728 22.4931 18.3666 16.925 15.4353 27.5124
threshold=0.011445063985708661 0.022920678710499635 0.0022031242242127554 0.037217549076633778 0.0060851585383916449 -0.84874750804349197 0.00051978080785790228 0.71459052401483536 0.00075247359977097499 0.0083377280302351382 -0.00020682345246869624 1.6823437279751272 0.88144907265856365 -0.007039194117864799
decision_type=2 2 2 2 2 2 2 2 2 2 2 2 2 2
left_child=1 4 -3 -4 12 8 7 9 -6 -7 11 -8 -1 -14
right_child=-2 2 3 -5 5 6 10 -9 -10 -11 -12 -13 13 -15
leaf_value=0.00012965598996854104 0.01202710815466175 -0.020516985842057703 -0.0071166757822181386 0.0090112327050658469 0.0054734175221829414 -0.0075485293779037742 0.0035720186171690422 0.0068553811279143647 -0.0083701193806792334 -0.029105817623415894 -0.0097397993303558177 0.017876210834119007 -0.010401748198450016 -0.0010505501974701274
leaf_weight=9133.792278200388 56.831991627812386 54.108733505010605 56.876241579651833 59.327952653169632 200.49280267953873 112.30674368143082 2696.3252547085285 106.13328610360622 499.48716893792152 71.328734800219536 88.962182357907295 74.721817806363106 352.96609714627266 1402.6977149248123
leaf_count=37440 237 242 250 250 810 455 11181 430 2087 290 387 319 1478 5676
internal_value=3.24388e-05 -1.48894e-05 -0.00590521 0.00113056 5.39658e-05 0.00124073 0.00249642 -0.00773162 -0.00440067 -0.0161453 0.00353738 0.00397035 -0.000365742 -0.00294025
internal_weight=14966.4 14909.5 170.313 116.204 14739.2 3849.76 3149.78 289.769 699.98 183.635 2860.01 2771.05 10889.5 1755.66
internal_count=61532 61295 742 500 60553 15959 13062 1175 2897 745 11887 11500 44594 7154
is_linear=0
shrinkage=0.03


Tree=239
num_leaves=15
num_cat=0
split_feature=4 17 13 2 5 16 7 13 13 4 6 10 13 17
split_gain=5.9792 13.7679 19.9509 8.77254 8.57986 5.85545 5.78532 13.7806 13.5279 19.5101 11.5786 8.58255 7.87757 12.2994
threshold=-0.0029241387929881397 0.032701564615071219 0.0097043625406614282 -0.0067198891269097385 -0.0054157619436407947 0.29012925520284133 0.43981403826592619 0.0013690624826266931 0.0077868934953581057 0.00013834186064709544 0.00084612772097764283 0.40537636368562163 0.004808969097113148 0.88144907265856365
decision_type=2 2 2 2 2 2 2 2 2 2 2 8 2 2
left_child=1 2 5 -3 -2 -1 7 -6 10 -10 12 -8 13 -9
right_child=4 3 -4 -5 6 -7 11 8 9 -11 -12 -13 -14 -15
leaf_value=0.0095749746666061487 -0.011285563406260772 -0.013011770895536252 -0.0071899888241247238 0.0045780100657308578 -0.010595626848244262 0.023081932607873269 -0.011427432902532333 0.012264721889455557 -0.017476742010137044 0.0084120492547092741 -0.0042934730197292797 -5.0841562665976064e-05 0.018166248072634998 -0.0049783792119195078
leaf_weight=69.708319082856178 58.77576918900013 49.801388785243034 45.333328112959862 48.769930452108383 54.845617175102234 54.397286653518677 57.934597879648209 119.23462212085724 49.297575697302818 51.772914811968803 53.785148546099663 14100.805375546217 86.83787102997303 52.412077590823174
leaf_count=342 260 215 194 204 227 251 240 486 200 213 222 57861 353 211
internal_value=4.42984e-05 0.00446811 0.00961297 -0.00439094 -3.70324e-05 0.0157674 9.70457e-06 0.00328354 0.00516731 -0.00430942 0.00824249 -9.89996e-05 0.0108639 0.00700287
internal_weight=14953.7 268.01 169.439 98.5713 14685.7 124.106 14626.9 468.186 413.34 101.07 312.27 14158.7 258.485 171.647
internal_count=61479 1206 787 419 60273 593 60013 1912 1685 413 1272 58101 1050 697
is_linear=0
shrinkage=0.03


Tree=240
num_leaves=15
num_cat=0
split_feature=12 16 3 6 13 6 6 7 12 17 6 4 12 3
split_gain=5.58329 19.9114 26.0995 20.8417 31.6946 15.7235 31.3104 26.2742 21.4695 21.1767 30.6993 25.36 20.848 19.1594
threshold=-0.0053309510805848994 -0.93540483100319605 -0.0015868903982528824 0.0006546707004074987 0.001346829677955186 0.0007700506046923049 0.0005232958164396764 0.84285215570681082 -0.0061459679484803789 -0.81241147629688992 0.0013197342539652583 -0.00079907912763577105 -0.0095885209529929499 -0.0035300162727853602
decision_type=2 2 2 2 2 2 2 2 2 2 2 2 2 2
left_child=1 2 3 -1 -5 6 7 8 -3 10 11 13 -13 -7
right_child=-2 5 -4 4 -6 9 -8 -9 -10 -11 -12 12 -14 -15
leaf_value=0.012416370379941522 0.00036947491092890978 0.012093470458541781 0.013197377230056619 0.011208484857103967 -0.0098904407197480185 -0.0081024847018887052 -0.0062845338520843685 -0.010422958933392746 -0.00490776762598308 -0.001729169440949701 -0.0034299907776971267 0.030332309812158429 0.010295035106453901 0.011969079731462624
leaf_weight=89.871405050158501 10020.625030875206 232.34948194026947 195.40334866940975 88.042679101228714 221.00846241414547 97.572469398379326 1230.8674504458904 96.498166114091873 92.24214605987072 1980.2569534182549 274.21833585202694 62.39078563451767 185.44999051094055 73.075835645198822
leaf_count=402 40883 954 822 401 945 417 5068 396 376 8287 1166 260 749 302
internal_value=-3.68628e-05 -0.000864396 0.00427536 -0.000138931 -0.00384634 -0.00157235 -0.00387136 0.00317885 0.00726161 -0.000149667 0.00435767 0.00945263 0.0155416 0.000531741
internal_weight=14939.9 4919.25 594.326 398.923 309.051 4324.92 1651.96 421.09 324.592 2672.96 692.707 418.489 247.841 170.648
internal_count=61428 20545 2570 1748 1346 17975 6794 1726 1330 11181 2894 1728 1009 719
is_linear=0
shrinkage=0.03


Tree=241
num_leaves=15
num_cat=0
split_feature=0 16 17 13 3 16 4 2 17 4 1 16 16 16
split_gain=5.91856 10.6238 9.0985 10.2399 8.76269 8.49934 7.93842 7.75432 22.6856 13.492 10.4562 10.2187 10.1327 9.82795
threshold=-4.9424091509514538e-05 0.99465189230620699 -0.99465189230620676 0.004808969097113148 0.0028991568539062517 0.99465189230620699 -0.0045791015530901582 0.0012282603785483961 0.77259657388510627 -3.2599175450731537e-05 0.00057427375041653472 -0.41248606129204551 -0.19509032201612828 0.25881904510252091
decision_type=2 2 2 2 2 2 2 2 2 2 2 2 2 2
left_child=1 6 3 -2 -5 -4 -1 10 9 12 -8 -12 -9 -13
right_child=2 -3 5 4 -6 -7 7 8 -10 -11 11 13 -14 -15
leaf_value=0.0086508413852029835 -0.00010050146015915836 0.0057319340591547169 0.00085519071788791939 -0.019487144366970494 -0.0024167765672466535 -0.0044875493725661051 -0.0011810396957891922 0.021499445030119184 -0.010593905004825148 0.0014642300500692044 -0.012969374383435581 0.0052578345113818183 0.0028250237150147625 -0.0072906093275995421
leaf_weight=74.792467534542084 163.29726931452751 220.64931567013264 7931.5003239661455 59.438311755657196 49.51670777797699 275.38070751726627 4646.4867027699947 54.194992884993553 129.79853051900864 939.58289737999439 133.86304791271687 87.939951717853546 50.207063853740692 148.22938235104084
leaf_count=334 665 903 32576 243 209 1127 19063 224 541 3911 558 361 205 607
internal_value=-2.6348e-05 -0.000708393 0.000495396 -0.00488008 -0.0119126 0.000674866 -0.00093697 -0.00105557 0.00113803 0.00261413 -0.00156908 -0.00640921 0.0127408 -0.00261316
internal_weight=14964.9 6485.74 8479.13 272.252 108.955 8206.88 6265.1 6190.3 1173.78 1043.98 5016.52 370.032 104.402 236.169
internal_count=61527 26707 34820 1117 452 33703 25804 25470 4881 4340 20589 1526 429 968
is_linear=0
shrinkage=0.03


Tree=242
num_leaves=15
num_cat=0
split_feature=1 2 3 12 13 12 3 6 13 2 17 11 3 10
split_gain=5.98729 8.134 7.87894 5.82907 11.9756 4.92631 13.7425 14.5066 9.8823 15.9232 13.6925 10.0465 4.60953 4.44057
threshold=-0.0054043171445399265 -0.0093539401273847727 -0.014504406560203796 -0.022344683503090653 0.0088219131249656097 -0.00036228818069317098 0.0011967718243217909 0.0010649802416038852 0.0077064344550167316 0.0024217893084365065 -0.5 64.323811004597104 0.0028007670230616598 1.3692819774633358
decision_type=2 2 2 2 2 2 2 2 2 2 2 2 2 8
left_child=-1 -2 -3 4 -4 13 -7 8 10 -10 12 -12 -8 -5
right_child=1 2 3 5 -6 6 7 -9 9 -11 11 -13 -14 -15
leaf_value=-0.0097743647478092856 0.0090577545522454676 -0.010503828615090081 0.017781707126672961 -0.0026625287417493364 -0.003104466736033715 -0.016263777520352907 0.0028458689929890049 -0.016022172034686741 -0.018354249297822194 0.0029703093858755346 0.00039599928629120766 0.017436642972345921 -0.0093602688062790311 0.0002583355377771981
leaf_weight=53.292167708277702 88.998581811785698 61.260043069720268 47.519526138901711 483.04235401749611 48.300858944654465 58.808023124933243 54.804753825068474 48.775850459933281 50.525531813502312 77.635506853461266 49.70507700741291 81.782184407114983 53.146978050470352 13692.448144465685
leaf_count=234 395 265 202 2055 200 239 221 231 213 335 202 340 217 56126
internal_value=7.93753e-05 0.000115934 6.09751e-05 0.000106282 0.00740525 5.754e-05 -0.0029406 -0.000990116 0.00108035 -0.00558942 0.00466712 0.0110974 -0.00322443 0.000158443
internal_weight=14950 14896.8 14807.8 14746.5 95.8204 14650.7 475.184 416.376 367.6 128.161 239.439 131.487 107.952 14175.5
internal_count=61475 61241 60846 60581 402 60179 1998 1759 1528 548 980 542 438 58181
is_linear=0
shrinkage=0.03


Tree=243
num_leaves=15
num_cat=0
split_feature=13 16 13 12 2 11 5 3 3 1 12 16 3 12
split_gain=6.17777 14.1797 33.1404 32.4758 23.6019 29.0673 22.4961 28.2581 20.6071 17.0355 12.9434 12.648 15.6004 13.6781
threshold=0.0060851585383916449 0.88144907265856365 0.00086483016475447105 -0.007039194117864799 0.0017109798063091738 61.711910150847864 -0.0020614932471838539 -0.00082054203994766362 0.0024872626047796058 -0.00012097345908578751 -0.0048879294168237544 0.88144907265856365 -0.0040670053528675384 -0.0057828049200319134
decision_type=2 2 2 2 2 2 2 2 2 2 2 2 2 2
left_child=1 -1 -3 6 8 -6 -4 -8 9 10 -5 -2 -13 -14
right_child=11 2 3 4 5 -7 7 -9 -10 -11 -12 12 13 -15
leaf_value=0.00018029935013343259 0.00034156833248311677 -0.013520449626205123 0.0018621249581291994 0.014352628230835668 -0.027620346043508374 0.00053539425069495841 -0.025354953601823819 0.0005304520043093446 0.017875498229707961 -0.0019012760979428638 0.0025843818540715719 0.021281368322152848 -0.0052377559387418214 0.0058417410420434487
leaf_weight=9187.0320884585381 3395.8825671374798 222.77254629135132 83.471178963780403 114.52102854847908 53.931300610303879 80.30829156935215 116.11816872656345 55.807884261012077 68.770190224051476 646.75915849208832 306.85447070002556 46.466476738452911 124.573196798563 485.65101577341557
leaf_count=37665 14134 932 350 466 217 327 485 232 278 2610 1236 194 517 1996
internal_value=7.95077e-05 -0.000291262 -0.00276518 -0.00117999 0.000786547 -0.0110157 -0.0108978 -0.017043 0.00219699 0.00115603 0.00583544 0.00107972 0.00488424 0.00357021
internal_weight=14988.9 10936.3 1749.31 1526.54 1271.14 134.24 255.397 171.926 1136.9 1068.13 421.375 4052.57 656.691 610.224
internal_count=61639 44798 7133 6201 5134 544 1067 717 4590 4312 1702 16841 2707 2513
is_linear=0
shrinkage=0.03


Tree=244
num_leaves=15
num_cat=0
split_feature=12 7 16 7 5 3 6 6 6 2 17 6 12 6
split_gain=4.65121 21.2486 20.8211 24.1718 28.9871 23.4335 31.2145 22.1634 20.7865 20.5313 19.7437 19.6349 26.8761 15.9297
threshold=-0.0089493942566749012 1.6296967798384323 0.097964660725097366 1.1976952956268161 0.00075549902421545589 -0.0029919325827922022 0.00093008189165523882 0.00064678622859209404 0.0010906668496179553 -0.00055545818394116253 0.72947329433276265 0.0016705932400869173 -0.010983011148587461 0.0021013883922856133
decision_type=2 2 2 2 2 2 2 2 2 2 2 2 2 2
left_child=1 2 8 4 5 7 -7 -4 9 -1 -11 12 -9 -6
right_child=-2 -3 3 -5 13 6 -8 11 -10 10 -12 -13 -14 -15
leaf_value=0.0044142973119281285 -6.0760158283531411e-05 -0.016189851172453692 0.01762357475071176 0.011339726715325738 0.022907502438861287 -0.022608200543862145 -0.0020994427898095441 -0.019828848436629621 0.0010038667654836857 0.024111669768881315 0.0026977656295842406 0.0045289271016910994 0.005626942392614194 -0.00069688953350209896
leaf_weight=255.90745063126087 13191.514101311564 56.79619762301445 48.89372606575489 114.70860175788403 50.612888991832733 133.81400576233864 132.310860902071 103.45047815144062 498.5843001306057 125.99849045276642 56.364791840314865 136.57207348942757 56.648775786161423 50.137985110282898
leaf_count=1121 53972 254 199 510 207 559 547 431 2153 532 229 578 236 209
internal_value=0.00013551 0.00155597 0.00214503 -0.00132254 -0.0033873 -0.00584811 -0.0125035 -0.000680264 0.00520284 0.0099534 0.0175941 -0.00379469 -0.0108634 0.011376
internal_weight=15012.3 1820.8 1764 827.149 712.441 611.69 266.125 345.565 936.855 438.271 182.363 296.671 160.099 100.751
internal_count=61737 7765 7511 3476 2966 2550 1106 1444 4035 1882 761 1245 667 416
is_linear=0
shrinkage=0.03


Tree=245
num_leaves=15
num_cat=0
split_feature=13 6 17 6 2 17 12 6 12 2 6 1 17 5
split_gain=5.67677 19.8261 14.7985 13.8723 19.1523 15.2551 18.3825 17.5585 25.0575 15.1052 20.313 14.557 13.5691 13.0226
threshold=0.0060851585383916449 0.00039008557378271321 -0.99465189230620676 0.0008175486577404349 -0.0020903472957674858 -0.88144907265856332 -0.00071942331128632675 0.0010448417626733055 -0.0019502253918599053 9.2092135548393919e-05 0.00051331407948942466 -0.002555295766183185 -0.5 0.0010953517636350665
decision_type=2 2 2 2 2 2 2 2 2 2 2 2 2 2
left_child=-1 -2 -3 4 -4 7 11 8 -5 10 -6 -7 -8 -12
right_child=1 2 3 5 9 6 12 -9 -10 -11 13 -13 -14 -15
leaf_value=-0.00020185160627059968 -0.01229521921225424 -0.0084119397296480349 0.022738119211364139 -0.025277970703937228 -0.016667218092968315 -0.0085930110661649843 -0.019594100721475709 -0.00014910183616398005 0.00096234100536987264 0.0053214347691068779 0.0039081271338165221 0.0028588582051973757 -0.0015291141831553655 -0.01119962455435492
leaf_weight=10899.450213760138 94.928460776805878 130.74322497844696 45.592073008418083 74.303836643695831 63.971919998526573 104.19537296891212 58.764057248830795 213.08138954639435 57.134801104664803 1052.2053994238377 307.46289673447609 1703.9094096422195 98.392400175333023 59.590466111898422
leaf_count=44645 385 546 187 304 259 445 263 914 235 4296 1244 7127 443 242
internal_value=0.000154992 0.00111159 0.00143825 0.00177795 0.00399269 0.000309856 0.00133195 -0.00549454 -0.0140282 0.00338664 -0.00133927 0.00219016 -0.00844533 0.00140801
internal_weight=14963.7 4064.28 3969.35 3838.6 1528.82 2309.78 1965.26 344.52 131.439 1483.23 431.025 1808.1 157.156 367.053
internal_count=61535 16890 16505 15959 6228 9731 8278 1453 539 6041 1745 7572 706 1486
is_linear=0
shrinkage=0.03


Tree=246
num_leaves=15
num_cat=0
split_feature=5 17 13 12 13 16 11 7 7 11 4 17 5 17
split_gain=5.956 10.7928 8.92745 9.54719 5.42257 18.5475 12.1605 9.33096 16.5774 9.00209 10.1165 10.644 9.58924 8.08219
threshold=0.0079011394255809071 -0.19509032201612839 0.022920678710499635 -0.010983011148587461 0.00050854598415861496 0.91037613702198772 32.371654728335116 0.74556830296764798 0.61748932003325774 25.877044225367481 -0.0014010717119004033 -0.032701564615071448 -0.0013680372675907713 -0.70710678118654757
decision_type=2 2 2 2 2 2 2 2 2 2 2 2 2 2
left_child=2 -2 4 -4 5 7 -7 8 -1 -9 13 12 -12 -11
right_child=1 -3 3 -5 -6 6 -8 9 -10 10 11 -13 -14 -15
leaf_value=-0.0017704991306684357 -0.001237413160683569 0.017495950617540817 0.0021349803706079014 -0.014599578038200958 -6.4543390056551371e-05 -0.019270338211163668 0.0012190511099725095 0.013164185501045542 0.020444936473417438 -0.014718909393257174 0.013000214238878052 -0.0036745250448766073 -0.00047880585759086893 0.0014399947017637311
leaf_weight=48.852287262678146 62.993612483143806 47.033437490463257 50.426413655281067 74.596317559480667 14005.560938820243 50.421435460448265 51.415483638644218 62.13030369579792 76.06052041053772 54.016821339726448 124.15487620234489 108.31232440471649 75.968671843409538 54.77241113781929
leaf_count=208 284 200 211 331 57456 220 211 268 319 230 521 455 311 250
internal_value=4.86129e-05 0.00693995 -3.42094e-06 -0.00792255 6.49452e-05 0.00262627 -0.00910141 0.00462624 0.0118657 0.00269828 0.0010844 0.00385704 0.00792935 -0.00670421
internal_weight=14946.7 110.027 14836.7 125.023 14711.7 706.105 101.837 604.268 124.913 479.355 417.225 308.436 200.124 108.789
internal_count=61475 484 60991 542 60449 2993 431 2562 527 2035 1767 1287 832 480
is_linear=0
shrinkage=0.03


Tree=247
num_leaves=15
num_cat=0
split_feature=3 11 13 11 7 3 7 0 6 7 17 11 4 1
split_gain=10.4779 6.26738 7.59659 18.4526 13.4916 11.1021 12.4158 10.0909 9.30637 7.59105 7.4945 6.5387 7.73143 10.1256
threshold=-0.022249111513130245 20.025302954077173 0.00050854598415861496 36.981374536428312 0.73650617881828884 -0.0028447552573933645 1.0582268154981935 -0.00023963768884777134 0.00084215662468032227 1.0357783389225725 -0.44228869021900119 24.574278240431564 -0.0015003017121046345 -0.0012212137207522342
decision_type=2 2 2 2 2 2 2 2 2 2 2 2 2 2
left_child=-1 -2 3 5 -5 8 10 -6 -3 -9 -7 -4 13 -13
right_child=1 2 11 4 7 6 -8 9 -10 -11 -12 12 -14 -15
leaf_value=-0.013005687883623043 -0.010575502166535817 -0.00014568038700139534 -0.010392560700293317 0.021560530084289341 0.016162606917061027 0.0069248097162795163 -0.017728234992500366 -0.0065075698637206683 0.012541711870091397 0.0084161599979031033 -0.0077471922155585441 -0.00032997628974520184 -0.00029096713111728494 0.0075165733705677244
leaf_weight=54.592920437455177 48.958697453141212 185.45994251966476 54.244587674736977 62.557691380381584 51.677274733781815 57.267612680792809 55.984607726335526 63.506115987896919 70.299947842955589 55.698542565107346 64.508836776018143 329.20110028982162 13512.444797456264 266.69187597930431
leaf_count=239 220 799 245 260 214 232 232 262 315 234 272 1404 55334 1172
internal_value=-0.000121589 -7.25726e-05 -3.64765e-05 0.00308752 0.00984871 -0.000581714 -0.00630172 0.00536134 0.00341192 0.000489375 -0.000847009 -0.00018401 -0.000143292 0.00319514
internal_weight=14933.1 14878.5 14829.5 666.961 233.44 433.521 177.761 170.882 255.76 119.205 121.776 14162.6 14108.3 595.893
internal_count=61434 61195 60975 2820 970 1850 736 710 1114 496 504 58155 57910 2576
is_linear=0
shrinkage=0.03


Tree=248
num_leaves=15
num_cat=0
split_feature=3 16 6 13 13 6 10 2 13 16 13 6 12 6
split_gain=5.74518 19.2317 24.3941 31.3745 20.6943 20.1578 22.524 19.9695 23.2944 17.8398 17.0458 21.6445 17.604 17.0768
threshold=-0.002399255715810684 -0.72947329433276231 0.00049550527251201678 0.0013195917451669372 0.0085191198959849741 0.0011347313410338502 0.54005909993999002 -0.00038212750442917493 0.0026065572456375201 0.88144907265856365 0.0014966883722365989 0.00051633965299957877 -0.0034613529592305565 0.00040199282890251753
decision_type=2 2 2 2 2 2 10 2 2 2 2 2 2 2
left_child=1 2 -1 -4 9 -6 -7 -5 -9 -3 11 12 -2 -14
right_child=10 4 3 7 5 6 -8 8 -10 -11 -12 -13 13 -15
leaf_value=0.02279038268141307 0.0070330712663723878 0.00038812294358830007 0.011779999193133533 -0.006119059852187996 0.02589941051616574 -0.010542560288509492 0.013860588198894186 0.018779108889081575 -0.00163614566295508 -0.0066308643485777441 0.00029208299016522275 -0.0058148608536840261 -0.0094664028443848837 0.0072338522995051028
leaf_weight=63.594211831688881 271.46752032637596 1711.2382854670286 274.70846329629421 278.1435519605875 47.559537321329117 57.57581789791584 77.636117935180664 78.662521243095398 132.88194125890732 400.5127912312746 10381.445457801223 959.04396004974842 165.8615655452013 80.291644021868706
leaf_count=290 1108 7062 1245 1197 198 237 325 327 571 1672 42475 3919 675 326
internal_value=0.000164436 0.00130889 0.00522224 0.00370499 -0.000106586 0.00952141 0.00346706 -0.000854467 0.00606002 -0.000948106 -0.000137094 -0.00315067 0.00178891 -0.00400462
internal_weight=14980.6 3122.51 827.991 764.396 2294.52 182.771 135.212 489.688 211.544 2111.75 11858.1 1476.66 517.621 246.153
internal_count=61627 13124 3630 3340 9494 760 562 2095 898 8734 48503 6028 2109 1001
is_linear=0
shrinkage=0.03


Tree=249
num_leaves=15
num_cat=0
split_feature=1 2 4 6 17 1 3 13 13 17 13 2 10 13
split_gain=5.90341 7.1076 4.80788 13.4269 11.5785 11.5067 8.97216 15.7513 13.4192 41.7216 11.403 10.9697 10.701 9.72869
threshold=-0.0054043171445399265 -0.0093539401273847727 0.0032971635929325287 0.0014628307628900205 0.097964660725097283 0.0029308758462613942 0.0067681758466736639 0.022920678710499635 0.012152698574117939 -0.47114434510950048 0.014307110863723939 0.0019977760997162979 1.6794743321738463 0.012406335944248338
decision_type=2 2 2 2 2 2 2 2 2 2 2 2 8 2
left_child=-1 -2 6 -4 5 -5 7 10 11 -10 13 -8 -11 -3
right_child=1 2 3 4 -6 -7 8 -9 9 12 -12 -13 -14 -15
leaf_value=-0.010159252915652329 0.008354295685329069 -0.00010074236195683834 -0.019200533301730351 -0.016199709009945117 0.011201912145678511 0.0025776648438600269 0.0017187690455561491 -0.015688890452244988 -0.017982336247475049 0.0010182783289803164 0.0077011514317271487 0.020306385547741102 0.016218867451664325 -0.0069481392068943305
leaf_weight=50.280218347907066 87.795116648077965 13916.306778922677 42.729189857840538 51.116313070058823 49.547020018100739 64.664013728499413 48.293251201510429 56.578185096383095 73.555685579776764 81.079263672232628 164.64417494833469 69.431979462504387 84.407002985477448 187.28499564528465
leaf_count=221 391 56971 221 242 214 299 200 245 336 342 698 286 363 787
internal_value=-9.57888e-05 -6.06532e-05 -0.000111386 -0.00461795 -0.000664602 -0.00584674 -4.69024e-05 -0.000164239 0.004639 0.000528347 -0.000100488 0.0128375 0.0088725 -0.000192643
internal_weight=15027.7 14977.4 14889.6 208.057 165.327 115.78 14681.6 14324.8 356.767 239.042 14268.2 117.725 165.486 14103.6
internal_count=61816 61595 61204 976 755 541 60228 58701 1527 1041 58456 486 705 57758
is_linear=0
shrinkage=0.03


Tree=250
num_leaves=15
num_cat=0
split_feature=11 13 16 2 3 7 17 17 1 7 11 17 16 2
split_gain=6.16889 4.82194 42.0587 22.847 26.2108 16.6019 32.278 23.3124 22.9448 15.7159 15.6584 14.0721 43.0899 13.5031
threshold=20.025302954077173 0.0027893900372726326 -0.9103761370219875 0.00082988046523593828 -0.00012153168745163144 1.6823437279751272 -0.065403129230142923 -0.70710678118654757 -1.0915128868999034e-05 1.6296967798384323 35.411558359099629 -0.097964660725097366 0.5277851165098012 -0.0046118676425757057
decision_type=2 2 2 2 2 2 2 2 2 2 2 2 2 2
left_child=-1 2 3 4 10 -3 7 8 -7 13 -2 12 -11 -4
right_child=1 5 9 -5 -6 6 -8 -9 -10 11 -12 -13 -14 -15
leaf_value=-0.010186581274395978 -0.0050816955648206198 0.00027454427961998108 0.0084734119215042758 0.023419218539054334 -0.010594988311131119 0.025045026470617824 0.029291578671085769 -0.010875784083716424 -0.0013810132818987395 -0.016256217440838792 0.0086322346895395495 -0.023002322831144718 0.017509222310773391 -0.0015596257339384732
leaf_weight=51.058947712182999 86.298755079507828 9035.3986179381609 122.04941320419312 60.091331005096436 89.508810058236122 52.233204796910286 49.623700171709061 71.153338208794594 64.593884587287903 99.563060000538826 514.18317332863808 51.818618535995483 49.242210403084755 4555.1191123872995
leaf_count=233 402 37096 564 245 365 213 205 306 262 410 2201 211 207 18598
internal_value=2.45536e-05 6.09051e-05 -0.000631692 0.00597236 0.00438961 0.000481295 0.0082755 0.00247765 0.0106567 -0.00164926 0.006651 -0.0098299 -0.00499863 -0.00129431
internal_weight=14951.9 14900.9 5627.87 750.082 689.991 9273 237.604 187.98 116.827 4877.79 600.482 200.624 148.805 4677.17
internal_count=61518 61285 23203 3213 2968 38082 986 781 475 19990 2603 828 617 19162
is_linear=0
shrinkage=0.03


Tree=251
num_leaves=15
num_cat=0
split_feature=1 17 16 16 3 13 4 17 4 7 4 18 12 12
split_gain=6.27535 17.463 11.7731 21.592 9.17336 12.0113 12.4808 11.531 24.1502 19.613 15.1661 11.0687 9.20423 11.0394
threshold=-0.00077018576917856757 0.99465189230620699 -0.9733555533461492 -0.70710678118654735 0.0020302839341328209 0.0032161321378630929 -0.00041117068720430966 0.32143946530316164 -0.002203729802440157 0.83174089384195105 -0.0026066976887954003 5.7545282494773042 -0.01009278125278573 -0.0038997917043149251
decision_type=2 2 2 2 2 2 2 2 2 2 2 2 2 2
left_child=1 2 -1 -4 5 6 7 10 -9 -10 -5 -7 -12 -14
right_child=-2 -3 3 4 -6 11 -8 8 9 -11 12 -13 13 -15
leaf_value=-0.008190847116809518 -0.00032435811743874521 -0.016100372152104674 0.0099137591370233383 0.011264744808522704 -0.003646299873257328 0.0073561436571630782 -0.010797173514520671 -0.010027536854599135 -0.00076873164913707215 0.021476921594769587 -0.013573129262139895 -0.0052536641005313011 0.00076133366433713749 -0.01228822157013742
leaf_weight=97.795408949255943 12871.393633574247 47.884669348597527 289.22807562351227 74.464027792215347 303.10424830019474 456.60683433711529 86.306075021624565 52.712009653449059 56.409130111336708 94.39076891541481 63.537585958838463 71.099304854869843 342.51430876553059 68.274812340736389
leaf_count=417 52849 194 1272 345 1257 1858 349 221 233 383 271 297 1403 277
internal_value=-7.59948e-05 0.00144202 0.00186574 0.00237571 0.00105944 0.00210717 -0.000126422 0.00112314 0.00718523 0.0132544 -0.00114284 0.00564377 -0.00312981 -0.00145658
internal_weight=14975.7 2104.33 2056.44 1958.65 1669.42 1366.31 838.609 752.303 203.512 150.8 548.791 527.706 474.327 410.789
internal_count=61626 8777 8583 8166 6894 5637 3482 3133 837 616 2296 2155 1951 1680
is_linear=0
shrinkage=0.03


Tree=252
num_leaves=15
num_cat=0
split_feature=4 12 17 6 10 6 12 1 7 17 17 7 12 6
split_gain=5.70868 10.0533 25.7186 35.4239 29.419 28.9984 14.056 12.4596 12.1614 17.2585 17.9507 12.9845 26.4277 23.1043
threshold=-3.897878866848669e-05 -0.0090697743380060408 -0.41248606129204529 0.0015814934047939876 0.43564221164303346 0.0010649802416038852 -0.0079702778741822505 3.0803441924992521e-05 1.6525682227851455 -0.065403129230142923 -0.68322629814330815 0.87535276231048409 -0.0014426308071752156 0.0011498515821924953
decision_type=2 2 2 2 10 2 2 2 2 2 2 2 2 2
left_child=-1 2 3 -2 5 -4 7 -3 11 10 -10 -8 13 -13
right_child=1 6 4 -5 -6 -7 8 -9 9 -11 -12 12 -14 -15
leaf_value=0.00091582617915364798 0.026419843493591933 -0.02016339727069956 0.0010456753419131337 0.00026310036332884823 0.011046449321597986 -0.021170308037612055 0.00079933667528885683 -0.0037532444939688478 0.0093875381907453561 0.021334906565449389 -0.010061236816491882 -0.0055160221470470488 0.0014463152704714433 0.0020065842724838775
leaf_weight=7140.3272754848003 86.728659003973007 54.609327033162117 135.58987431228161 98.224954545497894 113.95004111528397 84.501367568969727 3344.3988601714373 162.48766574263573 108.78977091610432 51.872659936547279 67.557243317365646 1686.0394328981638 1370.4650948345661 468.56097488105297
leaf_count=29479 357 229 556 412 477 355 13599 680 443 215 291 6869 5677 1984
internal_value=0.000302402 -0.000256813 0.00376974 0.01268 -0.00120982 -0.00759772 -0.000543456 -0.00802749 -0.000312344 0.00647025 0.00190758 -0.000539496 -0.00180944 -0.00387974
internal_weight=14974.1 7833.78 518.995 184.954 334.041 220.091 7314.78 217.097 7097.68 228.22 176.347 6869.46 3525.07 2154.6
internal_count=61623 32144 2157 769 1388 911 29987 909 29078 949 734 28129 14530 8853
is_linear=0
shrinkage=0.03


Tree=253
num_leaves=15
num_cat=0
split_feature=13 16 6 17 12 16 1 7 3 2 2 1 2 12
split_gain=5.66594 32.0588 27.2725 21.69 21.1982 20.1884 38.3059 26.8659 18.5412 35.8369 17.7506 17.5478 17.1456 17.0902
threshold=0.0026649316879882039 -0.93540483100319605 0.00051331407948942466 0.13052619222005152 -0.0060360053981372 -0.93540483100319605 4.2703063167892637e-05 0.81317878047205516 -0.0014546565119259445 -0.0009251317521846912 -0.00032562348488184007 -0.00017154592860890713 0.00073000798430011848 -0.0021891563208070171
decision_type=2 2 2 2 2 2 2 2 2 2 2 2 2 2
left_child=1 12 3 8 10 6 -2 -8 -3 -10 -5 -4 -1 -9
right_child=5 2 11 4 -6 -7 7 13 9 -11 -12 -13 -14 -15
leaf_value=0.0040660616180740721 -0.0089670497338747972 -0.0095561774526965442 -0.00085171175739074821 0.0060477539880861211 0.0029834487990082078 0.00091290192068849347 -0.0089537259139023575 0.01233364931704312 0.021615052925824718 -0.0030319308899707234 0.027388701415307724 -0.0050778873897328559 0.021751271723433396 3.342925968408908e-05
leaf_weight=562.65798798203468 551.91792705655098 200.90095379948616 1762.5286866128445 78.423466756939888 576.65985088050365 8451.0354880392551 141.36336554586887 200.31881120800972 64.703872799873352 258.53727029263973 63.724105507135391 1774.438892275095 52.304117679595947 204.36682888865471
leaf_count=2430 2289 823 7320 327 2337 34638 587 840 262 1045 261 7264 213 858
internal_value=-2.35606e-05 -0.000800557 -0.00163065 0.00218949 0.0055672 0.000415493 -0.00340776 0.00222351 -0.00244626 0.00200429 0.0158621 -0.00297359 0.00563587 0.00615273
internal_weight=14943.9 5394.88 4779.92 1242.95 718.807 9549 1097.97 546.049 524.142 323.241 142.148 3536.97 614.962 404.686
internal_count=61494 22282 19639 5055 2925 39212 4574 2285 2130 1307 588 14584 2643 1698
is_linear=0
shrinkage=0.03


Tree=254
num_leaves=15
num_cat=0
split_feature=17 3 13 6 12 6 7 6 4 3 3 13 6 4
split_gain=6.91064 13.3001 31.9541 31.3596 19.5962 16.0416 29.167 22.6473 19.6117 15.8943 15.1018 14.0628 13.0552 19.4021
threshold=-0.91037613702198728 0.00085511409776262159 0.0059274467587169264 0.00047954438285426195 -0.0056831308331665711 0.00078633391446804508 1.2330227759403543 0.0017343526578628614 -0.00083490874210295763 -0.0014546565119259445 -0.0035300162727853602 0.0010829607314104541 0.00082389676578396322 0.00080071621389998804
decision_type=2 2 2 2 2 2 2 2 2 2 2 2 2 2
left_child=1 4 3 -3 5 -1 7 8 -7 11 -8 -6 -4 -14
right_child=-2 2 12 -5 9 6 10 -9 -10 -11 -12 -13 13 -15
leaf_value=-0.0060636642265072607 0.00021749095049281434 -0.013483850520716293 0.002698321558283629 0.011322104801462679 -0.0015376933092943951 -0.008216054470614978 0.0044047950371208719 -0.016245829885465853 0.012405951596158475 -0.0036199955266683305 0.026025735836694076 -0.017456836068791875 -0.015027875107432828 0.00051334498221829975
leaf_weight=192.92867951095104 12773.249712534249 51.70407897233963 166.22437892854214 321.87272164225578 70.559570506215096 66.827725321054459 52.590546697378159 65.211534425616264 103.09673291444778 529.27585017681122 65.806484013795853 172.42311310768127 153.76971055567265 134.67560005187988
leaf_count=783 52621 208 673 1298 284 275 234 274 420 2140 270 697 633 593
internal_value=-4.7283e-05 -0.00162128 0.0013562 0.00783537 -0.00349056 0.000856244 0.00464542 -0.00149102 0.00429452 -0.00656068 0.0166547 -0.0128844 -0.00397837 -0.00781808
internal_weight=14920.2 2146.97 828.246 373.577 1318.72 546.462 353.533 235.136 169.924 772.259 118.397 242.983 454.67 288.445
internal_count=61403 8782 3405 1506 5377 2256 1473 969 695 3121 504 981 1899 1226
is_linear=0
shrinkage=0.03


Tree=255
num_leaves=15
num_cat=0
split_feature=4 17 6 1 17 3 7 2 13 13 7 3 7 17
split_gain=4.80583 17.3453 20.4564 17.1675 6.35254 5.93895 18.4716 17.1924 15.0561 7.7386 7.25493 5.16614 22.1994 12.3431
threshold=0.0026089334196161 0.60876142900872032 0.0013859505181702486 0.0034793985003753751 -0.3520614488341256 0.0067681758466736639 0.6298503358432116 0.0028516571324708269 0.022920678710499635 0.012152698574117939 0.91482024637060899 0.00496010191950197 0.93027745413875185 -0.68322629814330815
decision_type=2 2 2 2 2 2 2 2 2 2 2 2 2 2
left_child=5 2 -2 4 -4 8 -7 10 11 -9 -8 -1 -13 -14
right_child=1 -3 3 -5 -6 6 7 9 -10 -11 -12 12 13 -15
leaf_value=0.00020707268892680106 -0.022221600917076194 0.009835215204196 -0.015236376252715567 0.0087545628377402596 -0.00061770213346995278 0.020337603303216285 0.001720321112989409 0.018665759857154147 -0.015309798856901698 0.0030580958340051751 -0.011223385474246929 -0.010257221452775675 0.014095312639800491 -0.001277380248756752
leaf_weight=13830.783104263246 59.893416523933411 66.051316931843758 68.126875221729279 74.304884061217308 43.537279665470123 51.062372818589211 68.793691843748093 47.36369226872921 55.238275244832039 70.254738748073578 86.515476211905479 202.61036215722561 66.113216489553452 150.77617266774178
leaf_count=56679 303 283 326 339 197 210 288 195 238 316 370 840 273 632
internal_value=5.81855e-05 -0.00361457 -0.00727808 -0.00228012 -0.00964779 0.000136975 0.00414086 0.000984686 4.57295e-05 0.00955014 -0.00554103 0.000107392 -0.00316444 0.00349457
internal_weight=14941.4 311.914 245.862 185.969 111.664 14629.5 323.99 272.928 14305.5 117.618 155.309 14250.3 419.5 216.889
internal_count=61489 1448 1165 862 523 60041 1379 1169 58662 511 658 58424 1745 905
is_linear=0
shrinkage=0.03


Tree=256
num_leaves=15
num_cat=0
split_feature=13 6 6 3 2 7 3 2 16 16 4 12 7 6
split_gain=4.92345 22.81 22.7048 33.6668 21.8617 16.0102 26.5913 20.8518 12.7562 14.8726 12.5985 21.7056 15.4318 10.3295
threshold=0.0060851585383916449 0.00042298437763089476 0.00074939591018269758 -0.0011935534188086958 -0.0016040553708178138 1.0502746164173926 0.0027069966333043288 0.00048903207678527305 -0.097964660725097255 -0.88144907265856332 0.00057325395219420827 -0.0019001950501127405 0.60959469968186986 0.0013404442166437501
decision_type=2 2 2 2 2 2 2 2 2 2 2 2 2 2
left_child=-1 -2 3 -3 -5 6 10 -8 9 -7 11 12 -6 -4
right_child=1 2 13 4 5 8 7 -9 -10 -11 -12 -13 -14 -15
leaf_value=-0.00045482928322606594 -0.011314591073291044 0.023594026075669454 -0.0019386324428650355 0.022296630202399265 -0.010512538180900718 0.004090206138926274 -0.013221515686116117 0.00029071904136125702 0.000470358219693519 0.025651122994341309 -0.0021431624522611683 0.018074605527076015 0.0090515027562821301 0.0017741053254450726
leaf_weight=10907.225624665618 133.85166722536087 77.040572479367256 1533.6123275160789 50.011141508817673 56.802988484501839 52.229815855622292 155.49170616269112 295.66437968611717 75.482185155153275 64.699904054403305 115.89696916937828 136.93775577843189 92.851504027843475 1200.6232575327158
leaf_count=44714 544 317 6376 205 229 215 633 1211 307 263 471 553 373 5113
internal_value=-0.000123434 0.000770786 0.00119036 0.00467782 0.00330769 0.00235903 0.000588106 -0.00440409 0.0101289 0.0162511 0.00617805 0.00953465 0.00158505 -0.000308236
internal_weight=14948.4 4041.2 3907.34 1173.11 1096.07 1046.06 853.645 451.156 192.412 116.93 402.489 286.592 149.654 2734.24
internal_count=61524 16810 16266 4777 4460 4255 3470 1844 785 478 1626 1155 602 11489
is_linear=0
shrinkage=0.03


Tree=257
num_leaves=15
num_cat=0
split_feature=11 17 13 1 16 16 12 17 11 17 7 16 3 6
split_gain=6.94228 12.1381 6.16071 4.99972 14.9065 19.8642 18.9783 14.3914 51.7118 18.5961 15.6786 14.2656 14.1502 26.2858
threshold=23.010833360605563 -0.16280825711808986 7.0138376382034031e-05 -0.00045929532466591755 -0.9733555533461492 -0.41248606129204551 -0.0021891563208070171 0.55557023301960229 47.400954467506629 0.32143946530316164 1.7531908551252231 -0.79335334029123528 -0.0014546565119259445 0.00086938915769690971
decision_type=2 2 2 2 2 2 2 2 2 2 2 2 2 2
left_child=1 -1 -2 4 -4 6 -6 9 -9 10 12 -8 -7 -14
right_child=2 -3 3 -5 5 7 11 8 -10 -11 -12 -13 13 -15
leaf_value=0.0034202694841748153 0.0089070746094275493 -0.017336609173130832 -0.0072165128165175823 -0.0002201964282999847 0.0033126529216936772 -0.0035445320652984186 0.0032135950293577598 0.00094824871851550009 -0.018002676167692477 0.013804272184245143 0.014856700939612305 0.021978538919416462 0.0068276898257438826 -0.0041612355785312031
leaf_weight=46.203158259391785 69.582991227507591 52.730663001537323 182.16989600658417 11283.933967664838 806.46998330205679 568.76229830086231 60.220647931098938 557.24333801865578 166.78867425024509 103.74685184657574 65.844680473208427 93.5638297945261 506.59511564671993 316.94653815031052
leaf_count=216 297 236 774 46332 3416 2347 246 2259 679 424 272 385 2047 1309
internal_value=7.38779e-05 -0.00776723 0.000127402 8.46723e-05 0.00108765 0.00155782 0.00517377 3.56625e-05 -0.00345487 0.00165608 0.000774018 0.0147659 8.76658e-05 0.00259868
internal_weight=14880.8 98.9338 14781.9 14712.3 3428.35 3246.18 960.254 2285.93 724.032 1561.9 1458.15 153.784 1392.3 823.542
internal_count=61239 452 60787 60490 14158 13384 4047 9337 2938 6399 5975 631 5703 3356
is_linear=0
shrinkage=0.03


Tree=258
num_leaves=15
num_cat=0
split_feature=1 17 12 16 4 6 7 5 10 12 5 13 6 12
split_gain=6.68518 14.3672 10.8786 15.8696 32.8366 23.4466 18.8402 22.2501 16.2095 14.5779 23.4499 30.4806 16.1066 14.0736
threshold=-0.00086434667184154257 0.97335555334614943 -0.0089493942566749012 0.097964660725097366 0.0010322366169658317 0.0012703204130613762 0.71788935318479774 -0.0020077839623002243 0.54326753845547637 -0.0074027768628808213 0.00068940919148963175 0.0082411102646886576 0.00051019680562494727 -0.011988665315623424
decision_type=2 2 2 2 2 2 2 2 10 2 2 2 2 2
left_child=1 -1 3 5 6 -2 7 -5 -8 10 11 12 -4 -7
right_child=2 -3 9 4 -6 13 8 -9 -10 -11 -12 -13 -14 -15
leaf_value=0.0023085764226511108 0.0098350023005120829 -0.0094259034966397374 0.0086442728463083946 0.0046581382260407599 0.015213194134761795 0.0041191965275326776 0.0027247360894604006 -0.019175217884214332 -0.015840528300233473 -0.00025732795537510456 -0.020771653409773386 0.018803020591254306 -0.00613296671967631 -0.008925381871005833
leaf_weight=1739.02515655756 423.21857829391956 97.304079174995422 72.706339702010155 48.359613865613937 88.879059717059135 186.81805202364922 273.82885935902596 121.71703685820103 47.998682618141174 10974.193165063858 70.077252641320229 52.393077969551086 609.33800247311592 120.91242061555386
leaf_count=7285 1824 396 303 203 369 793 1151 508 203 44843 313 224 2515 522
internal_value=-1.68805e-05 0.00167721 -0.000254747 0.00233469 -0.00136518 0.00527017 -0.00441009 -0.0124231 -0.000124896 -0.000543467 -0.0044363 -0.00282547 -0.00453704 -0.00103077
internal_weight=14926.8 1836.33 13090.4 1311.73 580.783 730.949 491.904 170.077 321.828 11778.7 804.515 734.437 682.044 307.73
internal_count=61452 7681 53771 5573 2434 3139 2065 711 1354 48198 3355 3042 2818 1315
is_linear=0
shrinkage=0.03


Tree=259
num_leaves=15
num_cat=0
split_feature=1 16 16 12 13 11 6 3 3 16 1 12 11 13
split_gain=6.73477 17.1674 27.5377 14.2893 13.0418 12.414 11.7708 12.8088 11.2429 10.9362 12.175 12.2167 10.9334 13.0603
threshold=0.00045971815991896486 -0.9733555533461492 -0.41248606129204551 -0.003132468211516581 0.0021475313588190663 58.220701535829342 0.0011203239907113989 0.0009452337471872464 0.0017628684174681791 -0.1628082571180898 0.0013062468441278066 -0.011249261146419996 53.456386868171805 0.003311511697615122
decision_type=2 2 2 2 2 2 2 2 2 2 2 2 2 2
left_child=-1 3 4 -2 -3 -6 8 -8 -7 12 11 -11 13 -4
right_child=1 2 9 -5 5 6 7 -9 -10 10 -12 -13 -14 -15
leaf_value=0.00035104648717750877 0.014041869405059181 -0.014204325336815508 0.0019348856975301048 -0.0032423420904028923 -0.00052414315220430138 -0.0043115674321850704 -0.013210688594712765 0.0063263530730649897 -0.015775246866870915 -0.013382671387185728 0.0030389457035037556 -0.0014266943714118219 0.0010852026224975708 0.022679340067917306
leaf_weight=11350.828119263053 116.02231512963772 141.91234605014324 51.9390589594841 66.759074598550797 395.36852440237999 136.17166727781296 43.497152477502823 87.840656027197838 181.38179986178875 79.321822077035904 578.60972388088703 1438.9565640240908 189.97320173680782 56.579406872391701
leaf_count=46612 491 586 212 283 1627 565 197 399 773 335 2442 5875 786 231
internal_value=-6.20191e-06 -0.00114344 -0.00162912 0.00776222 -0.00584288 -0.00440715 -0.00780968 -0.000245129 -0.0109172 0.000109107 -0.000657332 -0.00206811 0.00546184 0.0129653
internal_weight=14915.2 3564.33 3381.55 182.781 986.172 844.26 448.891 131.338 317.553 2395.38 2096.89 1518.28 298.492 108.518
internal_count=61414 14802 14028 774 4147 3561 1934 596 1338 9881 8652 6210 1229 443
is_linear=0
shrinkage=0.03


Tree=260
num_leaves=15
num_cat=0
split_feature=4 17 13 16 11 7 11 7 12 4 13 16 16 3
split_gain=5.82616 18.2995 21.8291 9.58742 7.97739 14.7427 5.03017 12.5737 21.5782 25.2185 20.6845 17.6306 20.2449 23.0235
threshold=-0.0029241387929881397 0.097964660725097283 0.0097043625406614282 0.29012925520284133 24.574278240431564 0.84285215570681082 55.924741092929501 0.64491212143668986 -0.0065039228605083812 0.00044224538302917177 0.0019854655105924217 0.0327015646150716 0.81241147629689026 0.0030997495942070787
decision_type=2 2 2 2 2 2 2 2 2 2 2 2 2 2
left_child=1 2 3 -1 5 -2 -6 8 -8 -10 -9 -11 13 -13
right_child=4 -3 -4 -5 6 -7 7 10 9 11 -12 12 -14 -15
leaf_value=0.009023184059789531 -0.018729750443123576 -0.0059193747221250427 -0.0073176077666214376 0.025874433598488553 0.00056245122527042671 0.0038530284232670769 -0.0089557962718342932 -0.013129405458034524 -0.0028850934922555818 0.00072878131693500294 -0.00098898460908148993 0.029650523518561987 0.005018893189881168 0.0047977061879328339
leaf_weight=71.652287378907204 53.306823119521141 94.556321859359741 45.087680608034134 55.573606118559837 10384.269082210958 48.049465835094452 119.10888634622097 129.36143070459366 245.04665023088455 148.60057221353054 3298.8736917972565 96.124259442090988 136.49871388077736 52.32513053715229
leaf_count=351 241 403 194 258 42476 201 490 535 993 608 13748 391 566 216
internal_value=0.000228646 0.00460498 0.0103818 0.0166705 0.000148643 -0.00815665 0.000207369 -0.000665017 0.00272295 0.00479313 -0.00145448 0.00912627 0.01347 0.0210707
internal_weight=14978.4 266.87 172.314 127.226 14711.6 101.356 14610.2 4225.94 797.704 678.595 3428.24 433.549 284.948 148.449
internal_count=61671 1206 803 609 60465 442 60023 17547 3264 2774 14283 1781 1173 607
is_linear=0
shrinkage=0.03


Tree=261
num_leaves=15
num_cat=0
split_feature=3 3 12 10 10 3 10 10 10 13 13 16 12 6
split_gain=4.99452 4.51961 6.06532 10.4065 14.2249 13.475 12.3274 9.63233 6.31104 14.0581 6.34531 12.5807 24.4243 34.0419
threshold=0.02227112568179113 -0.022249111513130245 -0.016524653457119783 1.1129936328261247 1.506086949128252 -0.002313066515009204 0.66854156144822541 0.53281814174738951 1.1129936328261247 0.015800278302719243 0.010408664308508066 0.13052619222005182 -0.0011556849959551416 0.0008734328763322824
decision_type=2 2 2 10 10 2 10 8 10 2 2 2 2 2
left_child=1 -1 3 5 -5 6 7 -3 10 -10 -4 -12 13 -13
right_child=-2 2 8 4 -6 -7 -8 -9 9 -11 11 12 -14 -15
leaf_value=-0.0085341102797802017 0.0085460727663848497 0.002212384147324904 -0.00022693309484061829 0.022526296257026183 -0.00014331561653005594 -0.010172102107046587 -0.005505550828006015 0.020379821757147545 0.0036884455919777336 -0.01392468521205701 -0.0013593257425041844 0.024789507078437013 -0.0073740478849986003 0.0041234589740042175
leaf_weight=54.460799843072891 58.90611107647419 52.743129342794418 13331.957898162305 51.920130267739296 46.258590206503868 71.687323585152626 59.71553435921669 51.424840718507767 73.237486198544502 88.160281762480736 457.13355058431625 90.344576492905617 105.15150581300259 326.65920278429985
leaf_count=239 245 216 54613 229 210 299 252 229 312 398 1956 374 476 1386
internal_value=-2.72612e-05 -6.239e-05 -3.00809e-05 0.00395614 0.0120555 0.000507506 0.00524539 0.0113961 -0.00012254 -0.00598505 -5.55974e-05 0.00227266 0.00544543 0.00869775
internal_weight=14919.8 14860.9 14806.4 333.75 98.1787 235.571 163.884 104.168 14472.6 161.398 14311.2 979.289 522.155 417.004
internal_count=61434 61189 60950 1435 439 996 697 445 59515 710 58805 4192 2236 1760
is_linear=0
shrinkage=0.03


Tree=262
num_leaves=15
num_cat=0
split_feature=0 1 12 17 2 11 1 2 2 13 0 2 17 2
split_gain=4.98921 10.1167 7.75419 7.46888 47.5319 15.1645 14.9626 14.1253 9.92308 17.1673 16.7537 11.5532 16.6416 15.8838
threshold=-6.1988832694953575e-05 0.00086576747689885724 -0.0089493942566749012 0.83146961230254512 0.00047136661508726392 57.228301743253986 -8.8837258101839831e-05 0.00016305988283019104 0.00039654206218324445 0.0052412121785482277 -0.00034091682035985999 -0.00157091439947013 -0.065403129230142923 -0.00011850543932456768
decision_type=2 2 2 2 2 2 2 2 2 2 2 2 2 2
left_child=1 3 -3 8 6 -6 7 -5 9 -1 -11 -12 -13 -14
right_child=-2 2 -4 4 5 -7 -8 -9 -10 10 11 12 13 -15
leaf_value=0.00036921039252221181 0.00051010738474880247 0.0019256258808755299 -0.0077842755955031089 -0.00021814315554178148 -0.019993793975528227 -0.0020638436732796361 0.0073946691913552836 -0.015983783112455414 0.0021181093303746508 3.5431628076203127e-05 -1.3349268429905465e-05 -0.0042955298777820044 -0.026440937261263175 -0.0059462102373408956
leaf_weight=2578.4928751513362 8672.9228923171759 98.656426906585693 286.37073485553265 505.00282974541187 154.90784029662609 58.882035613059998 219.26339235901833 54.917905360460281 1609.8075075149536 323.87687781453133 90.808613643050194 127.99379262328148 94.288191914558411 54.849435716867447
leaf_count=10707 35663 420 1215 2048 634 246 886 222 6600 1343 380 519 384 223
internal_value=4.43205e-05 -0.000601155 -0.00529919 -0.000291463 -0.0026604 -0.0151204 0.000788299 -0.00181585 0.000191445 -0.000757669 -0.00494666 -0.00930859 -0.0123325 -0.0190819
internal_weight=14931 6258.12 385.027 5873.09 992.974 213.79 779.184 559.921 4880.12 3270.31 691.817 367.94 277.131 149.138
internal_count=61490 25827 1635 24192 4036 880 3156 2270 20156 13556 2849 1506 1126 607
is_linear=0
shrinkage=0.03


Tree=263
num_leaves=15
num_cat=0
split_feature=6 12 12 5 12 16 6 2 13 6 16 5 13 6
split_gain=6.33768 19.2321 25.556 7.50898 6.29454 20.246 25.9036 24.5544 17.2048 19.2205 17.9619 16.385 20.1346 48.8552
threshold=0.00026470507610846313 -0.0019502253918599053 -0.0011341886945816502 -0.00016630839261300154 -0.0089493942566749012 0.097964660725097366 0.0012703204130613762 0.0041294226001935734 0.0027893900372726326 0.00099657600744142692 -0.77259657388510594 -0.0020614932471838539 0.0025223975153347848 0.00083104713049693966
decision_type=2 2 2 2 2 2 2 2 2 2 2 2 2 2
left_child=1 3 -3 -1 5 6 8 11 10 -10 -2 -7 -13 -14
right_child=4 2 -4 -5 -6 7 -8 -9 9 -11 -12 12 13 -15
leaf_value=0.01831293902941758 0.013079226482869676 -0.018736812995438005 0.0098111525924936532 0.0031974705565976039 -0.0007055698830714266 0.00072218974735884477 -0.00080354065905952543 0.015006213329399973 0.02303379296078046 0.0017774324683952679 -0.0015665036786587489 0.0019465646632563643 -0.032003216858657965 -0.0042677566138948145
leaf_weight=75.110541924834251 129.37051378190517 55.056737780570984 54.04982040822506 49.600519701838493 12839.381098613143 396.15160159766674 473.75620904564857 67.263558954000473 121.7032512575388 55.958787649869919 175.90762762725353 128.37114016711712 79.039382368326187 196.61281527578831
leaf_count=305 607 222 221 200 52586 1704 2048 281 507 237 746 532 333 812
internal_value=-0.000392861 0.00448636 -0.00467252 0.0124465 -0.000471264 0.00117689 0.00418236 -0.00213983 0.00905659 0.0164329 0.00468478 -0.00361497 -0.00785023 -0.0123938
internal_weight=14897.3 233.818 109.107 124.711 14663.5 1824.13 956.696 867.438 482.94 177.662 305.278 800.175 404.023 275.652
internal_count=61341 948 443 505 60393 7807 4145 3662 2097 744 1353 3381 1677 1145
is_linear=0
shrinkage=0.03


Tree=264
num_leaves=15
num_cat=0
split_feature=4 17 16 12 0 5 7 17 3 6 7 4 16 7
split_gain=6.38663 14.9951 13.7406 12.2667 12.5516 5.86341 37.3837 24.3825 26.882 27.4432 26.1877 23.42 20.9536 21.9361
threshold=0.0020639324283204812 0.60876142900872032 0.47114434510950087 -0.0095885209529929499 0.00097916320318747218 0.00078966791475498798 1.6525682227851455 -0.2269546835593246 0.0072885781680312187 0.0003443881716133391 0.87863002889495478 0.00076893227396823704 0.68322629814330837 1.110312510244537
decision_type=2 2 2 2 2 2 2 2 2 2 2 2 2 2
left_child=5 3 -3 -2 -5 -1 7 12 9 -9 -10 -8 -7 -14
right_child=1 2 -4 4 -6 6 11 8 10 -11 -12 -13 13 -15
leaf_value=-0.00039110919697175157 0.0040127425547346347 -0.0037008650844364789 0.017723881300209042 -0.013583108760938553 -0.00012033938574007939 0.0011251779532918725 0.029653362508510792 0.016675029789241808 0.022180182834464698 -0.0040451387595044292 -0.0037888939501801331 0.0054371241244423 0.012649823686750916 -0.0051696112026434959
leaf_weight=10844.931914307177 77.854061260819435 56.709955349564552 48.372933611273766 195.06903980672359 91.209367603063583 1373.7148689478636 60.853428959846497 57.829622402787209 75.056591048836708 1528.858398064971 63.029951453208923 86.616422489285469 304.90288949012756 76.780657678842545
leaf_count=44527 336 242 205 940 421 5634 250 237 311 6267 267 352 1239 311
internal_value=-0.000153775 -0.00359086 0.00630844 -0.00646649 -0.00932441 -4.18604e-05 0.00100187 0.000370685 -0.00216133 -0.00326991 0.0104417 0.015693 0.00285816 0.00905695
internal_weight=14941.8 469.215 105.083 364.132 286.278 14472.6 3627.64 3480.17 1724.77 1586.69 138.087 147.47 1755.4 381.684
internal_count=61539 2144 447 1697 1361 59395 14868 14266 7082 6504 578 602 7184 1550
is_linear=0
shrinkage=0.03


Tree=265
num_leaves=15
num_cat=0
split_feature=7 2 17 6 12 13 16 3 6 6 3 13 13 16
split_gain=6.50589 24.7984 18.3613 18.9643 18.7409 15.3647 14.3223 14.536 22.2894 18.9172 13.0572 12.8116 17.3482 12.3503
threshold=0.54834763030633005 -0.00010605577968339495 0.91037613702198772 0.0003261091856053341 -0.0095885209529929499 0.0018828168146213244 -0.81241147629689037 0.00049114583504733533 0.00083472709755593366 0.00057691540231566061 0.0024872626047796058 0.005630782050369377 0.002920515543003988 0.41248606129204562
decision_type=2 2 2 2 2 2 2 2 2 2 2 2 2 2
left_child=1 2 3 -1 -5 13 -7 8 11 10 -9 12 -8 -3
right_child=-2 5 -4 4 -6 6 7 9 -10 -11 -12 -13 -14 -15
leaf_value=0.0047731822570512344 5.3662141760675053e-05 -0.00042616355542451212 0.0019468740466093077 0.0014770088172781303 -0.015137646243531856 0.013239619558652603 0.0037201125222804826 0.0016975091278172332 -0.022214950866381217 0.0092155618066999262 -0.015482617733731727 0.0094795907354043481 -0.017492533222494781 0.018748358019643172
leaf_weight=70.081469297409058 13561.003587976098 50.152097910642624 171.11711025238037 74.785541325807571 323.92227041721344 61.313227280974388 67.523997634649277 103.11439864337444 63.65280744433403 172.84266828000546 62.506347835063934 59.090959653258324 68.138295501470566 73.784235313534737
leaf_count=283 55880 205 695 326 1332 256 273 418 263 710 254 243 275 298
internal_value=-0.000148892 -0.0020779 -0.00644827 -0.00950792 -0.0120294 0.00150514 -0.000330808 -0.00176439 -0.00709513 0.00232324 -0.00489375 -0.00197782 -0.00703358 0.0111056
internal_weight=14983 1422.03 639.906 468.789 398.708 782.119 658.183 596.869 258.406 338.463 165.621 194.753 135.662 123.936
internal_count=61711 5831 2636 1941 1658 3195 2692 2436 1054 1382 672 791 548 503
is_linear=0
shrinkage=0.03


Tree=266
num_leaves=15
num_cat=0
split_feature=11 17 2 7 11 4 7 3 7 13 13 13 13 6
split_gain=4.69966 12.0913 8.35523 4.90754 4.26009 4.9905 10.9862 4.93614 24.8366 20.2681 18.9704 13.7076 11.3447 14.6426
threshold=24.574278240431564 -0.065403129230142923 -0.0093539401273847727 0.9585456660243441 80.029514482728786 0.003849198969998691 1.0235344621883575 0.0079013492476498141 0.6298503358432116 0.013030647421285903 0.027412654415853503 0.022920678710499635 0.015016326090406264 0.0017165997924498018
decision_type=2 2 2 2 2 2 2 2 2 2 2 2 2 2
left_child=1 3 -2 -1 5 7 -7 11 -9 -10 -11 12 -4 -14
right_child=2 -3 4 -5 -6 6 -8 8 9 10 -12 -13 13 -15
leaf_value=-0.0045021110129246445 0.0092996914408759023 -0.01431560944964806 -0.00019494437802991299 0.0091619915203149053 0.0081078651149617161 0.0044541503609884601 -0.013152570899132913 0.023481227894563576 0.012181840918346173 -0.013708379593700535 0.0085764649827725584 -0.014157875359052843 0.018296905839321521 -0.00042257155465248123
leaf_weight=47.623305305838585 83.381027430295944 70.502558171749115 14019.734493672848 43.37092350423336 54.524577438831329 52.662962853908539 75.904445201158524 46.060874223709106 76.596056401729584 103.84860755503178 49.288632407784462 60.762447670102119 66.7079848498106 82.887891918420792
leaf_count=212 366 312 57461 206 245 233 367 191 322 486 209 266 284 352
internal_value=-0.000113849 -0.00517221 -5.78563e-05 0.00206764 -0.000112233 -0.000143962 -0.00598286 -9.1394e-05 0.00386918 -0.000231702 -0.0065177 -0.000168687 -0.000106707 0.00805611
internal_weight=14933.9 161.497 14772.4 90.9942 14689 14634.5 128.567 14505.9 275.794 229.733 153.137 14230.1 14169.3 149.596
internal_count=61512 730 60782 418 60416 60171 600 59571 1208 1017 695 58363 58097 636
is_linear=0
shrinkage=0.03


Tree=267
num_leaves=15
num_cat=0
split_feature=2 17 7 2 6 13 7 11 7 7 6 17 13 6
split_gain=4.31975 47.9763 24.7581 25.519 24.253 20.6265 20.3897 30.1004 18.5367 20.5402 29.3932 20.6369 24.6677 17.4015
threshold=-0.0010589768535330666 0.77259657388510627 1.6525682227851455 0.00034994051253357811 0.00074939591018269758 0.00036647005559820039 1.0651206640171 29.957247612360664 0.57408046741269181 1.6103119539632982 0.00077631558765671948 -0.16280825711808986 0.0017506951549246532 0.00058795830354658053
decision_type=2 2 2 2 2 2 2 2 2 2 2 2 2 2
left_child=1 8 5 -4 -5 -2 7 -3 13 -10 -11 12 -12 -1
right_child=2 6 3 4 -6 -7 -8 -9 9 10 11 -13 -14 -15
leaf_value=-0.00096496176811287199 0.012372526528501857 -0.017537165686374166 -0.010530929039020961 0.030461571481719716 0.007700975020680385 5.7613824254942226e-05 0.017780163952898567 0.0074211766881112926 -0.00080019467818911246 -0.027596915214296008 0.018207365689545101 -0.019142765372178145 -0.0089597070567217687 -0.018395068488542939
leaf_weight=92.160626709461212 121.80880427360535 48.148205131292343 46.38949279487133 55.343780174851418 167.3799637556076 10809.262002788484 132.97340793907642 328.67553277313709 2756.1572659313679 61.001678854227066 53.115139916539192 50.611503049731255 64.375184148550034 115.66043035686016
leaf_count=382 506 203 187 227 706 44300 541 1335 11562 253 227 211 269 497
internal_value=0.000125555 -0.000762477 0.00041923 0.00937463 0.0135774 0.000197081 0.00776556 0.0041564 -0.00212805 -0.00152114 -0.0101123 -0.00351748 0.00342119 -0.0107484
internal_weight=14903.1 3702.88 11200.2 269.113 222.724 10931.1 509.797 376.824 3193.08 2985.26 229.104 168.102 117.49 207.821
internal_count=61406 15480 45926 1120 933 44806 2079 1538 13401 12522 960 707 496 879
is_linear=0
shrinkage=0.03


Tree=268
num_leaves=15
num_cat=0
split_feature=11 7 16 0 16 16 6 16 1 6 7 1 17 17
split_gain=5.726 14.9824 5.46465 3.78696 9.11661 9.86162 17.2185 16.4471 8.23668 7.5535 9.08568 7.37515 12.713 9.6387
threshold=24.574278240431564 1.1341937340660431 0.63405362205439497 -5.1760779002041339e-05 0.99465189230620699 0.91037613702198772 0.00091280980944712781 0.84874750804349197 -0.00019241677182163516 0.00057429973147916198 1.0851963640330504 -0.00038877418828296701 0.98611507088852057 0.83146961230254512
decision_type=2 2 2 2 2 2 2 2 2 2 2 2 2 2
left_child=1 2 -1 4 5 7 -7 -2 -8 -9 -11 12 -5 -13
right_child=3 -3 -4 11 -6 6 8 9 -10 10 -12 13 -14 -15
leaf_value=-0.018799814173642172 -0.00052414170256332901 0.0065502261870187262 -0.0045747719502589315 0.0032547516902731491 0.0058024893696007511 -0.0068752080120467185 0.0093611841489009105 -0.0006636694113042851 -0.0035096369140031219 0.014515935007832041 -0.00066055604824732592 -0.00030201690031048421 -0.011665666779015283 0.0025395316562425267
leaf_weight=53.799932301044464 5135.0777570530772 57.309834212064743 46.022877126932144 1274.054222241044 206.32070197165012 494.93358655273914 103.57197467982769 76.818047001957893 76.227797299623489 132.94337663054466 47.948153540492058 5824.6221719309688 51.621718570590019 1315.2665464282036
leaf_count=235 21180 264 214 5267 842 2016 428 311 318 544 201 23996 209 5339
internal_value=0.000128867 -0.00553142 -0.0124601 0.000189952 -0.000368563 -0.000580248 -0.00399388 -0.000151819 0.0039259 0.00721393 0.0105299 0.000603858 0.00265705 0.000222
internal_weight=14896.5 157.133 99.8228 14739.4 6273.84 6067.52 674.733 5392.79 179.8 257.71 180.892 8465.56 1325.68 7139.89
internal_count=61364 713 449 60651 25840 24998 2762 22236 746 1056 745 34811 5476 29335
is_linear=0
shrinkage=0.03


Tree=269
num_leaves=15
num_cat=0
split_feature=1 0 17 0 17 2 7 5 2 7 7 5 12 2
split_gain=4.55812 4.27052 12.9234 9.6679 8.24193 46.0189 21.0495 26.5667 18.3218 25.2321 21.7221 21.561 14.9204 14.6303
threshold=0.0054088219706209814 3.9695009120183096e-05 -0.99465189230620676 0.0001877220791038359 0.83146961230254512 0.00071043611698737308 1.0851963640330504 0.00077182943928133529 -0.00034953139856816815 0.57787171872699328 1.6823437279751272 -0.0001169450679550099 -0.0099240529002523874 -0.00048873380773736808
decision_type=2 2 2 2 2 2 2 2 2 2 2 2 2 2
left_child=1 -1 3 -3 8 13 7 -7 9 -4 11 -10 -13 -6
right_child=-2 2 4 -5 5 6 -8 -9 10 -11 -12 12 -14 -15
leaf_value=-0.00023383876935460519 0.0088398105218568945 0.0030085289159009405 -0.013648993210744181 -0.010468066363780566 0.012988662897296133 -0.012398965847127016 -0.020506359661782686 0.006336596923348572 0.0066626924711191953 -0.00081375424842939433 0.016233168692129318 0.012721220509883932 -8.085645777050435e-05 0.0043534551226051274
leaf_weight=8281.7979730665684 53.413415998220444 68.334305390715599 147.8690467774868 152.61762189865112 270.9691900908947 120.95486199855804 67.921227157115936 150.83880664408207 585.46245929598808 1722.3478323072195 90.050580352544785 82.582557648420334 2615.2897821590304 509.94874574244022
leaf_count=34116 238 280 613 628 1098 494 283 619 2397 7138 377 343 10775 2059
internal_value=0.00025158 0.00021954 0.000789625 -0.00631053 0.00103803 0.00337099 -0.00582317 -0.00203085 0.000538349 -0.00184207 0.00185837 0.00145448 0.000320152 0.00737529
internal_weight=14920.4 14867 6585.19 220.952 6364.24 1120.63 339.715 271.794 5243.6 1870.22 3373.39 3283.33 2697.87 780.918
internal_count=61458 61220 27104 908 26196 4553 1396 1113 21643 7751 13892 13515 11118 3157
is_linear=0
shrinkage=0.03


Tree=270
num_leaves=15
num_cat=0
split_feature=4 13 13 16 3 7 17 6 16 16 3 4 16 16
split_gain=7.03554 11.2521 15.8694 13.3995 10.9691 8.72307 21.3667 32.8034 19.0842 18.9954 18.2073 18.3792 13.1547 12.1165
threshold=-0.00093715356343709855 0.012152698574117939 0.0042302014223477577 0.35206144883412582 0.0023605476261042706 0.84285215570681082 0.41248606129204551 0.0008175486577404349 0.5277851165098012 -0.35206144883412566 -0.0045666116359569285 -0.0020604949029357496 -0.77259657388510594 0.58216583101416164
decision_type=2 2 2 2 2 2 2 2 2 2 2 2 2 2
left_child=1 2 5 -3 -4 9 10 -8 -9 -1 12 -12 -7 -11
right_child=-2 3 4 -5 -6 6 7 8 -10 13 11 -13 -14 -15
leaf_value=0.010005945176565193 -0.00039947017792853174 0.00093842413042410889 0.0096176051452186908 -0.01886516738675087 -0.0032671361740957161 0.0037342579894920078 0.026594629565972066 0.012038023970330117 -0.012365709681299056 -0.014341004403277452 0.017859265451487923 0.0010938395872193839 -0.010253467061138376 -0.0015147131023770489
leaf_weight=71.591052666306496 13049.47609102726 75.935044378042221 336.00002631545067 49.472756311297417 71.119483157992363 84.698233723640442 72.580835327506065 61.159638345241547 51.0863276720047 117.34256371855736 65.387973725795746 467.02497777342796 202.57101656496525 150.30091655254364
leaf_count=309 53500 315 1415 211 317 412 298 257 211 487 292 1937 894 644
internal_value=-0.000152435 0.00156429 0.00218846 -0.0070475 0.00736181 0.000612457 0.00201692 0.0111725 0.000909154 -0.00353375 -6.96995e-05 0.00321201 -0.00613203 -0.00720279
internal_weight=14925.7 1876.27 1750.86 125.408 407.12 1343.74 1004.51 184.827 112.246 339.235 819.682 532.413 287.269 267.643
internal_count=61499 7999 7473 526 1732 5741 4301 766 468 1440 3535 2229 1306 1131
is_linear=0
shrinkage=0.03


Tree=271
num_leaves=15
num_cat=0
split_feature=12 7 7 12 5 13 10 12 13 13 5 12 18 4
split_gain=5.47339 13.5528 15.1054 18.796 12.7446 14.7837 13.284 12.3817 13.5404 11.7625 13.8102 13.5184 19.8535 21.0408
threshold=-0.0089493942566749012 1.6296967798384323 1.2401212873284193 -0.010283031999705315 0.00078966791475498798 0.00069360172124977037 1.170243921481452 -0.012234789512329645 0.0017506951549246532 0.011652643015543253 -0.0078944347457927649 -0.026558355277350395 8.011974489739865 -0.0011733425414585106
decision_type=2 2 2 2 2 2 8 2 2 2 2 2 2 2
left_child=1 2 3 4 5 -1 -6 8 -7 10 -10 -12 13 -13
right_child=-2 -3 -4 -5 6 7 -8 -9 9 -11 11 12 -14 -15
leaf_value=0.008613049529891283 -0.00017260432554116168 -0.013169787002502573 0.0083682747882726609 0.006107419750864985 -0.00012721841010552112 -0.01183828647225885 0.019193095657545317 -0.0093308064452900207 -0.0099444005714398286 -0.0083047980287535086 0.02019349423498263 0.024178565660705371 -0.010259684152627768 0.0016976992856882348
leaf_weight=91.839861541986465 13101.967169672251 52.298066273331642 283.10106664896011 425.14137382805347 84.598093554377556 90.690889149904251 49.517818331718445 260.24521343410015 57.41847637295723 98.908410683274269 47.749765083193779 51.204721421003342 70.556699886918068 127.84817580878735
leaf_count=408 53675 238 1277 1799 355 398 207 1089 246 415 201 216 300 537
internal_value=4.0118e-05 0.00159463 0.00205332 0.000815419 -0.00137528 -0.00266884 0.00718336 -0.00397472 -0.0013894 0.0007421 0.0032967 0.00590284 0.00303028 0.00832274
internal_weight=14893.1 1791.12 1738.82 1455.72 1030.58 896.462 134.116 804.622 544.377 453.686 354.778 297.359 249.61 179.053
internal_count=61361 7686 7448 6171 4372 3810 562 3402 2313 1915 1500 1254 1053 753
is_linear=0
shrinkage=0.03


Tree=272
num_leaves=15
num_cat=0
split_feature=11 11 2 17 16 6 6 2 12 13 16 6 6 6
split_gain=6.40888 5.70418 10.7787 15.7062 17.977 9.34408 9.45732 15.8926 17.5225 19.0907 9.13601 9.02233 8.1434 23.4951
threshold=80.029514482728786 50.639626329894156 -0.00039613257313603206 0.83146961230254512 0.95642797789208711 0.00023580680942394416 0.00035219880804193763 -0.00090918736874467932 -0.0044387981076363095 0.0018027933677519095 -0.9733555533461492 0.00023580680942394416 0.0015601502371096071 0.0017165997924498018
decision_type=2 2 2 2 2 2 2 2 2 2 2 2 2 2
left_child=1 5 3 4 10 -1 7 -7 -9 -10 -3 -4 -8 -14
right_child=-2 2 11 -5 -6 6 12 8 9 -11 -12 -13 13 -15
leaf_value=0.011917432860858371 0.010130758770858422 0.0021912486836400237 -0.012095980870264381 0.0063881720640612937 0.0094112165466112563 -0.015221509066705285 0.0010905531060720708 0.014574890014492475 -0.015852994376393301 0.0027463961662746619 -0.010800861422626592 -0.00014578614433693522 -0.0086914820756576298 0.0014492944541808967
leaf_weight=62.912818193435669 54.678208187222481 55.78563916683197 55.367144539952278 95.293293431401253 52.248516753315926 87.756396174430847 6472.5238959118724 52.540873929858208 79.501512080430984 125.92990784347057 351.75782290101051 6448.7750699296594 305.73578388988972 618.35636869072914
leaf_count=255 245 228 224 385 212 364 26664 213 322 509 1435 26528 1264 2621
internal_value=6.19563e-05 2.35608e-05 -0.000594308 -0.00459929 -0.00689428 0.000582382 0.000487222 -0.00434821 -0.000560712 -0.00453498 -0.00902045 -0.0002512 0.000714351 -0.0019173
internal_weight=14919.2 14864.5 7059.23 555.085 459.792 7805.26 7742.34 345.729 257.972 205.431 407.543 6504.14 7396.62 924.092
internal_count=61469 61224 29012 2260 1875 32212 31957 1408 1044 831 1663 26752 30549 3885
is_linear=0
shrinkage=0.03


Tree=273
num_leaves=15
num_cat=0
split_feature=7 13 13 6 3 6 13 3 11 10 10 10 13 16
split_gain=6.34651 18.4265 10.9824 13.7328 12.7932 28.0699 17.9499 11.8416 6.47731 15.0318 13.2921 23.6243 12.4396 26.9783
threshold=0.43981403826592619 0.001246761146620923 0.0078771491472620098 0.00077302401738593349 0.000326065584127816 0.00071934498496672311 0.0045799015016183562 -0.0019530512280524213 51.468981287994779 0.43564221164303346 0.44535092923017544 0.62881857368292626 0.0019597293286985899 0.19509032201612822
decision_type=2 2 2 2 2 2 2 2 2 8 8 8 2 2
left_child=1 -1 4 -4 5 7 -6 -3 9 -2 -10 -12 13 -13
right_child=8 2 3 -5 6 -7 -8 -9 10 -11 11 12 -14 -15
leaf_value=-0.01338926435273882 0.016830754865212544 0.02164417441063517 -0.013627818321742799 0.008254936003736682 0.0022884563544465107 -0.014712995410357602 0.023733255248275659 0.0031067495963905244 -0.01587383131140848 0.00064478229047266284 0.014901053806293368 -0.011706906903427348 -0.00023542115115905281 0.0023357623979346838
leaf_weight=48.939396679401398 49.980596050620079 50.604872763156891 50.793747752904892 48.638260617852211 60.016904443502426 54.317823678255081 84.327247396111488 77.538821667432785 48.410164460539818 7952.877356916666 87.452256351709366 263.26207806169987 5785.887293048203 228.74357715249062
leaf_count=206 207 209 208 201 244 227 343 313 203 32789 367 1080 23844 927
internal_value=0.000293551 0.00369748 0.0057127 -0.00297192 0.00835704 0.0030201 0.0149698 0.0106474 0.000180859 0.000750049 -0.000529368 -0.00040772 -0.000625652 -0.00519516
internal_weight=14891.8 475.177 426.238 99.432 326.806 182.462 144.344 128.144 14416.6 8002.86 6413.76 6365.35 6277.89 492.006
internal_count=61368 1951 1745 409 1336 749 587 522 59417 32996 26421 26218 25851 2007
is_linear=0
shrinkage=0.03


Tree=274
num_leaves=15
num_cat=0
split_feature=4 17 13 11 6 12 7 12 2 13 11 7 17 17
split_gain=6.87201 10.8556 8.59075 5.14435 15.1808 15.4077 9.77462 12.0524 7.35758 7.22846 11.0778 14.8139 6.7544 6.20994
threshold=-0.0029241387929881397 0.097964660725097283 0.0025500661154652664 30.559777199104044 0.00062248616060494742 -0.0049236463186928528 0.86584145835785264 -0.0082496129766450581 -0.0025494570803678836 0.00044329916418139886 33.847995732373214 0.73314732656319415 -0.032701564615071448 -0.70710678118654757
decision_type=2 2 2 2 2 2 2 2 2 2 2 2 2 2
left_child=1 2 -1 4 8 6 7 -6 -2 10 -5 -12 -13 -8
right_child=3 -3 -4 9 5 -7 13 -9 -10 -11 11 12 -14 -15
leaf_value=0.016780921133094359 0.012935001393072994 -0.0032921599017188773 0.0032305002906926374 -0.0039388442355089131 -0.0063447963177099224 0.0079270152802892874 0.0034385577594040601 -0.026715150008572455 -0.00066376894899839226 -2.0339875728914487e-05 0.018780125452918982 0.0073011268115405941 -0.0039421705445119148 -0.0098370402318957179
leaf_weight=75.158803403377533 55.567026019096375 93.892759412527084 95.36105041205883 107.79947607219219 51.759850338101387 48.415684998035431 50.017379000782967 54.390567541122437 94.252079769968987 13785.582006908953 72.544219672679901 125.62635163962841 75.546821877360344 80.943360880017281
leaf_count=371 233 402 428 455 227 202 212 235 393 56612 303 527 318 348
internal_value=8.08754e-05 0.00485573 0.00932832 -6.23792e-06 -0.00321083 -0.00725144 -0.0103911 -0.0170834 0.00448389 9.26765e-05 0.00415518 0.00734833 0.00308167 -0.00479128
internal_weight=14866.9 264.413 170.52 14602.4 435.346 285.527 237.111 106.15 149.819 14167.1 381.517 273.717 201.173 130.961
internal_count=61266 1201 799 60065 1850 1224 1022 462 626 58215 1603 1148 845 560
is_linear=0
shrinkage=0.03


Tree=275
num_leaves=15
num_cat=0
split_feature=7 13 13 6 17 2 1 6 13 7 2 5 17 17
split_gain=4.51722 13.4764 15.796 16.0698 13.6835 14.3585 9.59527 8.83901 9.58199 4.57983 14.0504 24.0245 15.7279 13.3389
threshold=0.46160136098501953 0.0012680869254001472 0.0078771491472620098 0.00077302401738593349 0.63405362205439486 -0.00017867462666945608 9.5095371497506284e-05 0.00074939591018269758 0.0045433039856722654 0.54834763030633005 -0.00042671686057940689 -0.00060989344307577065 -0.16280825711808986 0.81241147629689003
decision_type=2 2 2 2 2 2 2 2 2 2 2 2 2 2
left_child=1 -1 4 -4 5 -3 -7 8 -6 10 12 -12 -2 -14
right_child=9 2 3 -5 7 6 -8 -9 -10 -11 11 -13 13 -15
leaf_value=-0.010035974911934155 0.005357351674475948 0.0021664424122268171 -0.0161399494023729 0.0054671831503356576 -0.0012681100956211469 0.028429618525040879 0.01090005191938165 -0.0090060687270133426 0.013252648731543961 0.00012250311778745439 0.019170559637983291 -0.0015058955922236461 -0.017395323591658927 -0.0020086562565217042
leaf_weight=64.811701610684395 63.294820189476013 71.020423889160156 58.891244158148766 61.532839819788933 90.784169793128967 54.164769440889359 64.6099883466959 49.533575519919395 71.965747445821762 13494.925828695297 54.378781422972679 489.56449407339096 131.17200979590416 82.821241214871407
leaf_count=273 272 294 241 254 367 221 268 204 291 55635 227 1993 543 337
internal_value=9.5961e-05 0.00267005 0.00427838 -0.00519045 0.00712598 0.0129356 0.0192325 0.00185953 0.0052357 -9.99822e-06 -0.00218234 0.000623816 -0.0076521 -0.011514
internal_weight=14903.5 587.314 522.503 120.424 402.079 189.795 118.775 212.283 162.75 14316.2 821.231 543.943 277.288 213.993
internal_count=61420 2413 2140 495 1645 783 489 862 658 59007 3372 2220 1152 880
is_linear=0
shrinkage=0.03


Tree=276
num_leaves=15
num_cat=0
split_feature=4 17 6 1 3 7 7 5 3 6 6 10 5 6
split_gain=5.17872 18.7195 10.8902 10.2059 6.85306 18.6469 23.2062 11.7469 19.6254 11.7429 10.0724 10.8336 6.91121 9.58678
threshold=0.0026089334196161 0.60876142900872032 0.0013859505181702486 0.0034793985003753751 -0.006756730834562851 1.5502461782681858 0.63390486468782059 -0.011416649863420723 -0.0094662133060938718 0.0020178568755733262 0.00090185121912638572 0.37710931592930169 -0.0032713963849796408 0.0010448417626733055
decision_type=2 2 2 2 2 2 2 2 2 2 2 10 2 2
left_child=4 2 -2 -4 5 6 -1 -8 9 -9 -10 -12 13 -6
right_child=1 -3 3 -5 12 -7 7 8 10 -11 11 -13 -14 -15
leaf_value=-0.017258000575417366 -0.018507141363756315 0.010052955287660035 -0.0097013874345638386 0.0047481815540931418 0.012910742746163851 -0.019176286972179504 -0.011725342601192389 0.02068741705179683 0.008118364697368402 0.0034194147763214307 -0.015299688591048258 0.002975756621626443 0.00012223107349379139 1.1578743560289115e-06
leaf_weight=66.150737449526787 60.770769961178303 66.403671279549599 107.56710681319237 71.915873005986214 89.352858752012253 57.386036217212677 47.635097175836563 70.084570214152336 49.86472487449646 71.59730190038681 68.187877982854843 49.023381426930428 13968.244631111622 119.48814249038696
leaf_count=285 311 284 509 329 396 265 206 337 215 314 297 209 57174 537
internal_value=3.08301e-06 -0.00384256 -0.00773443 -0.00392316 8.40558e-05 -0.0034341 -0.00121588 0.00184142 0.00399649 0.0121303 -0.00296294 -0.00773433 0.000203622 0.00559461
internal_weight=14963.7 306.657 240.254 179.483 14657 479.93 422.544 356.393 308.758 141.682 167.076 117.211 14177.1 208.841
internal_count=61668 1433 1149 838 60235 2128 1863 1578 1372 651 721 506 58107 933
is_linear=0
shrinkage=0.03


Tree=277
num_leaves=15
num_cat=0
split_feature=6 13 12 3 12 12 17 6 17 3 6 17 11 13
split_gain=7.01945 30.0245 22.8081 23.1221 26.5887 21.3285 15.7024 11.8333 11.565 10.6863 16.4913 26.4146 10.7705 9.96796
threshold=0.00042298437763089476 0.0062604316428886983 -0.0065039228605083812 -0.00057545226593364019 -0.0031990415640878451 -0.004738669763458824 -0.84874750804349197 0.00038378525996990762 0.38268343236508956 0.00088601892899831125 0.00037251502083030338 0.58216583101416119 42.660788727965787 0.0020917041981740607
decision_type=2 2 2 2 2 2 2 2 2 2 2 2 2 2
left_child=1 2 -1 4 5 -4 -5 -7 -3 12 11 -11 -8 -6
right_child=-2 8 3 6 13 7 9 -9 -10 10 -12 -13 -14 -15
leaf_value=0.016250640849899675 -0.00024908809794653691 -0.00093055771338149617 -0.0091166796554113388 -0.00652654475105615 -0.01940279778285927 0.0026701337766435319 0.013285735483506133 0.018855997723981621 -0.019296318649371383 0.024927538451064241 0.0013165198706524114 0.0036266094684604751 0.00068133396883574633 -0.0033536021089355054
leaf_weight=109.53195950388908 13405.759395562112 51.901656582951546 100.00591617822647 90.850913882255554 94.825123846530914 126.29088537395 74.190624535083771 58.534784555435181 74.88067327439785 116.93802851438522 113.21645180881023 95.055244371294975 307.55633665621281 55.919330388307571
leaf_count=457 55325 212 413 367 387 517 302 242 305 478 459 384 1240 227
internal_value=-3.32135e-05 0.00193354 0.00325616 0.00207773 -0.00347111 0.00193159 0.00510831 0.00794322 -0.011909 0.00661769 0.0106002 0.0154996 0.00318741 -0.0135711
internal_weight=14875.5 1469.7 1342.92 1233.38 435.576 284.832 797.808 184.826 126.782 706.957 325.21 211.993 381.747 150.744
internal_count=61315 5990 5473 5016 1786 1172 3230 759 517 2863 1321 862 1542 614
is_linear=0
shrinkage=0.03


Tree=278
num_leaves=15
num_cat=0
split_feature=7 11 13 12 12 6 12 2 7 12 11 12 16 6
split_gain=6.21004 11.6112 11.4603 12.9985 18.5378 14.2997 11.8737 4.53619 3.93131 17.281 21.4455 15.4011 37.7164 25.4461
threshold=0.43981403826592619 57.921467513132761 0.0078771491472620098 -0.0046275034139630069 -0.001925328602323195 0.00051978080785790228 -0.0077080276481927825 -0.012779294139507512 0.77228600293323602 -0.0019502253918599053 42.097248859899672 -0.00097039555412775636 -0.35206144883412566 0.0008734328763322824
decision_type=2 2 2 2 2 2 2 2 2 2 2 2 2 2
left_child=1 2 3 5 -5 -1 -7 -2 11 -10 -11 -9 -13 -14
right_child=7 -3 -4 4 -6 6 -8 8 9 10 -12 12 13 -15
leaf_value=0.010108176256833849 0.0084124051358228039 0.012820551610316854 -0.009986966341384294 0.017348113738871386 -0.004127459062630367 0.0012015773295520657 -0.018457534346079742 -0.00027689581442484314 -0.00055522919182619508 0.021203243516293539 0.0018894560498831129 -0.022395333426560506 0.0018460808926676142 -0.021136775854594197
leaf_weight=52.567594617605209 54.239775642752647 92.272943779826164 67.429477006196976 98.399121209979057 55.531445384025574 54.654375866055489 53.491369619965553 4123.445210069418 7148.3367216959596 50.813108757138252 2618.5761969909072 97.785769507288933 299.672322884202 48.644898265600204
leaf_count=220 243 381 276 397 225 228 222 16867 29591 212 10791 411 1221 200
internal_value=2.00186e-05 0.00339026 0.00105789 0.00347297 0.00964709 -0.00248646 -0.00868086 -9.11346e-05 -0.000124358 0.000213977 0.0022727 -0.000851049 -0.00613317 -0.00146598
internal_weight=14915.9 474.346 382.073 314.644 153.931 160.713 108.146 14441.5 14387.3 9817.73 2669.39 4569.55 446.103 348.317
internal_count=61485 1949 1568 1292 622 670 450 59536 59293 40594 11003 18699 1832 1421
is_linear=0
shrinkage=0.03


Tree=279
num_leaves=15
num_cat=0
split_feature=11 7 12 17 7 16 12 13 13 12 7 6 11 17
split_gain=7.09302 22.8764 17.5835 15.8237 17.0512 24.4842 22.0637 16.7899 23.3814 21.0485 15.5086 15.1526 14.7469 14.7392
threshold=59.792959024561782 0.6298503358432116 -0.0064424982990584625 0.32143946530316164 0.76552622376923207 0.72947329433276253 -0.0012130460269679786 0.0052412121785482277 0.0069633068445251753 -0.0035290600428115599 0.85995946725673755 0.0005799322610990017 73.083267240447938 0.84874750804349197
decision_type=2 2 2 2 2 2 2 2 2 2 2 2 2 2
left_child=-1 2 -2 4 5 6 -3 9 -9 -5 -6 -4 13 -10
right_child=1 3 11 7 10 -7 -8 8 12 -11 -12 -13 -14 -15
leaf_value=0.00032001602198292612 -0.010149994945924131 -0.0059298381849043121 0.00093396083516917867 -0.0011397864969382708 0.0075602380705051724 0.0022625050358334097 -0.031014415128635921 0.0096393961650511079 -0.0052389225892725067 -0.019054487121371456 -0.0012163525741155227 0.013131865960906751 0.0060042566593909571 -0.023746730984098907
leaf_weight=12292.371964007616 58.125754579901695 71.498609215021133 174.06592847406864 92.387524738907814 213.6168500483036 103.13263466954231 56.239655241370201 99.432083398103714 107.65753923356533 162.78128978610039 1133.3287191390991 192.36811850965023 52.163722455501556 59.898827359080315
leaf_count=50479 240 295 712 386 876 420 238 410 457 668 4831 796 230 253
internal_value=1.99756e-05 -0.00141053 0.00493853 -0.00266646 -0.00111094 -0.00860666 -0.0172817 -0.00692119 -0.00230864 -0.0126275 0.000184703 0.00737406 -0.00775378 -0.0120572
internal_weight=14869.1 2576.7 424.56 2152.14 1577.82 230.871 127.738 574.321 319.152 255.169 1346.95 366.434 219.72 167.556
internal_count=61291 10812 1748 9064 6660 953 533 2404 1350 1054 5707 1508 940 710
is_linear=0
shrinkage=0.03


Tree=280
num_leaves=15
num_cat=0
split_feature=0 17 2 7 4 2 13 4 2 17 7 6 12 12
split_gain=5.39148 8.54372 58.9649 23.5523 24.5353 21.3669 22.3334 19.5798 18.2882 12.2616 11.8709 11.7808 14.5606 11.685
threshold=-5.7202151604429645e-05 0.83146961230254512 0.00069188552876148235 1.1494150370422698 0.0010322366169658317 -0.00053729252042870868 0.0054536833958459549 -0.00014478763394631941 0.00022234864048396432 0.91037613702198772 0.96818780500274182 0.0006281055335542057 -0.0017415677448896492 -0.0020804076934287092
decision_type=2 2 2 2 2 2 2 2 2 2 2 2 2 2
left_child=-1 -2 5 4 9 -3 7 -7 10 -4 13 -8 -13 -9
right_child=1 2 3 -5 -6 6 11 8 -10 -11 -12 12 -14 -15
leaf_value=-0.0007966602231916489 -8.6718964016797628e-05 0.011885874887187087 0.0041913317809608537 -0.023136013157300232 0.0080224410728878311 -0.011022036321986589 0.00090760815555086154 0.015878796729549245 -0.0043240596867590991 -0.011865893690422361 -0.0037736892967072922 0.0088225475978037891 0.029432213441443457 0.00081081366639227596
leaf_weight=6258.5869017615914 7082.2985019683838 368.87698392570019 52.0448127835989 66.177967146039009 108.25105534493923 112.05584944784641 61.514631286263466 144.48543061316013 188.02640317380428 218.13783225417137 61.161488607525826 84.01922196149826 49.355227425694466 68.065692931413651
leaf_count=25851 29234 1496 212 276 451 452 248 582 762 890 247 339 200 274
internal_value=-0.000125862 0.000358747 0.00235038 -0.006893 -0.00394584 0.00596888 0.00310596 0.000114029 0.00285243 -0.00876475 0.00777792 0.0118242 0.0167713 0.0111061
internal_weight=14923.1 8664.47 1582.17 444.612 378.434 1137.56 768.684 573.795 461.739 270.183 273.713 194.889 133.374 212.551
internal_count=61514 35663 6429 1829 1553 4600 3104 2317 1865 1102 1103 787 539 856
is_linear=0
shrinkage=0.03


Tree=281
num_leaves=15
num_cat=0
split_feature=7 12 2 7 17 7 6 2 17 7 6 6 17 3
split_gain=4.88662 13.2925 19.2141 35.7711 18.9943 28.9109 16.7567 16.5707 26.6136 22.0363 19.6921 19.6143 17.5791 21.5165
threshold=0.77228600293323602 -0.001925328602323195 0.00089170020679629075 0.58638902345991573 0.032701564615071219 0.68541667849473875 0.00023580680942394416 -0.00034953139856816815 0.91037613702198772 0.58231574751520021 0.00045247476508315185 0.0021013883922856133 0.93540483100319638 -0.0019530512280524213
decision_type=2 2 2 2 2 2 2 2 2 2 2 2 2 2
left_child=1 6 -3 -4 5 -5 -1 8 9 -8 -11 12 13 -9
right_child=-2 2 3 4 -6 -7 7 11 -10 10 -12 -13 -14 -15
leaf_value=0.016399530326487832 0.00040715994818052171 -0.0063500931082417647 0.01512112746999324 0.0039341146993528715 0.0041920330231640006 -0.021346661936903783 -0.0096864946233405236 0.0097957913697340419 0.0055329109554368349 0.0095420163879237681 -0.0032238203664777367 -0.014965679402261249 -0.0035959522994343605 0.0016423075884826946
leaf_weight=54.071412608027458 9914.992813102901 763.70753037929535 122.74423131346703 69.123870223760605 138.84359428286552 95.207279279828072 435.51301643252373 377.37304703891277 313.91912627220154 123.41032719612122 818.35117468237877 59.917818307876587 382.7711710780859 1259.5945089012384
leaf_count=219 41017 3093 510 286 569 393 1826 1565 1272 510 3379 252 1554 5112
internal_value=2.11899e-05 -0.000741826 -0.00350853 0.00159248 -0.00394797 -0.0107932 0.000120059 -0.000121947 -0.00232579 -0.00412243 -0.00153428 0.00167075 0.0021786 0.0035316
internal_weight=14929.5 5014.55 1189.63 425.919 303.175 164.331 3824.92 3770.85 1691.19 1377.27 941.762 2079.66 2019.74 1636.97
internal_count=61557 20540 4851 1758 1248 679 15689 15470 6987 5715 3889 8483 8231 6677
is_linear=0
shrinkage=0.03


Tree=282
num_leaves=15
num_cat=0
split_feature=4 10 18 16 12 3 2 7 6 18 1 7 3 2
split_gain=8.95869 10.2282 12.5022 10.8022 15.2625 17.333 14.2016 22.81 23.757 13.7617 13.3685 12.8222 16.0676 11.9448
threshold=-5.1655780668402589e-05 1.4764651592895981 8.2189332934347927 0.5277851165098012 -0.0018433205769778358 0.0028007670230616598 0.00090952579157108093 1.6103119539632982 0.00077302401738593349 7.923081952153983 0.00078824318227646583 0.93619184598829774 -0.0078841421792068527 -0.0024192760955532573
decision_type=2 10 2 2 2 2 2 2 2 2 2 2 2 2
left_child=1 2 3 4 6 -6 7 10 -9 11 -1 13 -13 -5
right_child=-2 -3 -4 9 5 -7 -8 8 -10 -11 -12 12 -14 -15
leaf_value=0.00099598481967495996 -0.00062694926346120491 -0.0091235969697317527 0.015983432350711316 0.004998843292855883 0.01085154003205149 -0.0067106283726257529 0.0097407308904265376 -0.02553503121119961 -0.00080861446943282197 -0.014172094379575085 0.011583350117186832 -0.013967654970223928 0.0035617103739059059 -0.003177141713083934
leaf_weight=3745.3492381721735 7975.4650354608893 89.451548665761948 47.60894763469696 182.82188864052296 284.67600876092911 59.988140180706978 166.96442118287086 56.733686789870262 86.775740012526512 65.151145219802856 108.53403905034065 48.053953617811203 796.84734943509102 1244.4362449347973
leaf_count=15544 32770 390 215 770 1166 243 686 235 362 272 457 225 3239 5093
internal_value=5.9968e-05 0.000844425 0.000976372 0.000867377 0.00172507 0.0077738 0.00122096 0.000860407 -0.0108003 -0.000787307 0.0013 -0.00039139 0.00253409 -0.00212433
internal_weight=14958.9 6983.39 6893.94 6846.33 4509.02 344.664 4164.36 3997.39 143.509 2337.31 3853.88 2272.16 844.901 1427.26
internal_count=61667 28897 28507 28292 18693 1409 17284 16598 597 9599 16001 9327 3464 5863
is_linear=0
shrinkage=0.03


Tree=283
num_leaves=15
num_cat=0
split_feature=12 13 3 6 6 5 0 13 3 3 2 12 2 3
split_gain=6.08114 19.7864 21.8513 12.22 19.7602 16.4594 15.8904 11.4238 16.3746 14.522 9.97448 10.264 9.94984 8.67122
threshold=-0.0017150192051044175 0.003718181189585779 -0.00052122649044675218 0.0011828476359319752 0.00060028780106953169 0.00041137163986382236 0.00032242565163254083 0.0050380245855412573 0.0008235590628289936 0.00060941004446973823 0.0043618608238762966 -0.0012394714133079352 0.0017874079952408808 0.001990830770282379
decision_type=2 2 2 2 2 2 2 2 2 2 2 2 2 2
left_child=-1 2 -2 4 -3 -6 13 8 -7 -9 11 -11 -10 -5
right_child=1 3 -4 6 5 7 -8 9 12 10 -12 -13 -14 -15
leaf_value=-0.00044806504144666694 -0.012666812981246941 -0.0028544912122447459 0.0073180537979964455 -0.0015601597191515612 0.01462569098855716 0.011014172898180385 0.0035316301410491541 -0.011902214489945178 -0.011841720102558887 0.0097995686048985703 -0.0053154740535823336 0.0029540253838474567 0.0033808414939713177 -0.013693731716071408
leaf_weight=11511.681765601039 51.828331097960472 890.69452771544456 598.70720382034779 79.647344097495079 96.958888962864876 50.721516594290733 121.9654635861516 52.405250534415245 143.64317737519741 274.03200252354145 92.793494299054146 700.24578078091145 51.575384840369225 159.91810648143291
leaf_count=47481 211 3620 2430 325 393 205 543 212 582 1117 428 2879 211 691
internal_value=-0.000120118 0.00100134 0.00569191 -0.000126082 0.00066424 0.00280838 -0.00524535 0.00194906 -0.00388341 0.00323505 0.00399933 0.00489558 -0.00782652 -0.00970605
internal_weight=14876.8 3365.14 650.536 2714.6 2353.07 1462.38 361.531 1365.42 245.94 1119.48 1067.07 974.278 195.219 239.565
internal_count=61328 13847 2641 11206 9647 6027 1559 5634 998 4636 4424 3996 793 1016
is_linear=0
shrinkage=0.03


Tree=284
num_leaves=15
num_cat=0
split_feature=7 2 13 13 16 12 6 16 3 6 6 13 13 16
split_gain=3.78161 19.5874 26.5397 19.1901 21.4637 16.5428 30.8579 14.5958 15.3398 25.6923 18.8252 13.0945 12.2938 9.2049
threshold=0.54834763030633005 -6.4491111405218224e-05 0.0018828168146213244 0.0023868528753608902 -0.79335334029123528 -0.0038344445770345788 0.00058244223797832711 -0.81241147629689037 -9.4980870759764344e-05 0.00082057028255004972 0.00057691540231566061 0.004808969097113148 0.0077868934953581057 0.47114434510950087
decision_type=2 2 2 2 2 2 2 2 2 2 2 2 2 2
left_child=1 3 13 5 -5 6 -1 -4 9 11 -10 -9 -12 -3
right_child=-2 2 7 4 -6 -7 -8 8 10 -11 12 -13 -14 -15
leaf_value=0.0053739957476152626 0.00018922465275136296 0.0045015059132444838 0.013136823904428895 -0.019331604176245548 0.00109721588021533 -0.026096810214435832 -0.019470112537214652 -0.0095041896022730592 -0.0052512717024929753 -0.026227182541942621 0.015138761056636576 0.0090299060790812961 -7.4867332883312237e-05 0.021354818376698635
leaf_weight=86.075205534696579 13476.658114686608 50.590978771448135 60.564375966787338 50.766770511865616 375.5776481628418 55.761561349034309 90.735576510429382 82.987561583518982 191.17189133167267 53.551581248641014 100.08939215540886 55.599204048514366 89.8633843511343 71.373241752386093
leaf_count=356 55589 207 254 210 1536 226 395 336 776 223 410 230 371 289
internal_value=3.42581e-05 -0.00144015 0.00185428 -0.00521311 -0.00141424 -0.0121056 -0.00745065 -0.000626672 -0.00212138 -0.00898629 0.0013683 -0.00204587 0.00801567 0.0145494
internal_weight=14891.4 1414.71 755.792 658.917 426.344 232.572 176.811 633.827 573.263 192.138 381.125 138.587 189.953 121.964
internal_count=61408 5819 3096 2723 1746 977 751 2600 2346 789 1557 566 781 496
is_linear=0
shrinkage=0.03


Tree=285
num_leaves=15
num_cat=0
split_feature=2 6 7 13 13 3 6 6 0 3 16 12 2 6
split_gain=5.54285 19.3276 11.9993 20.4631 12.7442 10.2519 9.40373 6.70085 6.56866 6.02144 24.7813 43.0287 36.5527 22.2802
threshold=0.0039223306083041041 0.0013859505181702486 1.0540066110149167 0.015800278302719243 0.027412654415853503 0.0040756294214285846 0.00095820742285998768 0.00079853943859378056 7.1177780527342818e-05 0.00085511409776262159 -0.70710678118654735 -0.0045868160416520634 0.00056930354029799412 0.00076663977119800634
decision_type=2 2 2 2 2 2 2 2 2 2 2 2 2 2
left_child=9 6 4 -4 5 -3 7 -2 -8 -1 11 -11 -13 -12
right_child=1 2 3 -5 -6 -7 8 -9 -10 10 13 12 -14 -15
leaf_value=-0.00039504251867202207 -0.0091699255973630781 -0.0012897927572812541 0.021637083791442132 -0.0012960232984165906 0.0083407780356888842 -0.019117739890220441 -0.021509766662052468 0.0035378866279436403 -0.0076639174663818135 0.0093868561172730756 0.0041818039264664483 -0.010607149199935356 3.6663670783715646e-05 -0.00037800197561061935
leaf_weight=9034.4166249781847 80.12331910431385 71.210368633270264 59.831637620925903 80.262609452009201 57.799506336450577 47.377960860729218 61.618063315749168 66.97090719640255 66.616123750805855 225.60607872903347 2120.2099657058716 537.03813530504704 629.45490974187851 1767.2223595231771
leaf_count=37228 338 310 273 370 247 216 294 294 323 953 8592 2197 2605 7227
internal_value=-4.2502e-05 -0.00288263 0.00217154 0.00866497 -0.00302513 -0.00861129 -0.00866601 -0.00341431 -0.0145452 7.53095e-05 0.000880028 -0.00255219 -0.00487338 0.00210979
internal_weight=14905.8 591.81 316.482 140.094 176.388 118.588 275.328 147.094 128.234 14313.9 5279.53 1392.1 1166.49 3887.43
internal_count=61467 2665 1416 643 773 526 1249 632 617 58802 21574 5755 4802 15819
is_linear=0
shrinkage=0.03


Tree=286
num_leaves=15
num_cat=0
split_feature=5 6 16 3 1 13 16 13 11 16 3 2 1 6
split_gain=5.86958 24.3562 21.4969 28.0819 23.2632 17.3415 18.1001 17.0169 23.3505 16.0959 21.8028 20.98 23.582 17.6432
threshold=-0.00010408020981483855 0.00023580680942394416 -0.93540483100319605 0.0038265420167914459 -6.6701278204295264e-05 0.0042302014223477577 0.91037613702198772 0.0019107979120905896 35.703154357487819 -0.93540483100319605 -0.0040670053528675384 0.00011888478571681073 8.4500268132281522e-05 0.00023580680942394416
decision_type=2 2 2 2 2 2 2 2 2 2 2 2 2 2
left_child=1 -1 4 5 7 6 -4 8 -3 11 -11 12 -2 -12
right_child=9 2 3 -5 -6 -7 -8 -9 -10 10 13 -13 -14 -15
leaf_value=0.021305191393285898 -0.020399655564486582 -0.010018880908123157 7.2756127088856887e-05 -0.019445468266089668 0.010295481382263657 0.0033989504502969993 -0.0049650963769688672 -0.0065785355672136068 0.011594960333518494 0.016948724524592649 -0.01539103620766087 -0.0016302261057407166 -0.0013626495230726499 -0.00010712393659730816
leaf_weight=48.816480726003647 130.65930253267288 60.389613226056099 4143.7863971069455 65.114321887493134 390.52857221662998 1138.8769952505827 757.47552365064621 186.35945151746273 161.02909325063229 64.91600888967514 66.650461345911026 680.99838651716709 105.3962317854166 6914.9968600049615
leaf_count=198 534 282 17082 285 1665 4675 3132 786 710 280 271 2842 433 28341
internal_value=-2.51985e-05 0.000611631 0.000459175 -0.000146796 0.00508228 6.76162e-05 -0.000707537 6.37233e-05 0.0056631 -0.000581176 -9.41237e-05 -0.0043153 -0.0119827 -0.000257398
internal_weight=14916 6952.38 6903.56 6105.25 798.307 6040.14 4901.26 407.778 221.419 7963.62 7046.56 917.054 236.056 6981.65
internal_count=61516 28815 28617 25174 3443 24889 20214 1778 992 32701 28892 3809 967 28612
is_linear=0
shrinkage=0.03


Tree=287
num_leaves=15
num_cat=0
split_feature=1 2 3 12 0 2 6 10 7 13 17 10 13 12
split_gain=4.24204 5.82427 4.90964 6.61304 6.42449 4.74478 12.7558 14.6651 14.5238 11.2982 9.3418 8.88918 19.7525 12.7202
threshold=-0.0054043171445399265 -0.0093539401273847727 -0.014504406560203796 -0.026558355277350395 0.0019994468001676706 0.0037408646889547374 0.0014628307628900205 1.3692819774633358 0.82231440989797344 0.015016326090406264 -0.63405362205439475 0.47474078922773005 0.015016326090406264 -0.005635697349190282
decision_type=2 2 2 2 2 2 2 8 2 2 2 10 2 2
left_child=-1 -2 -3 -4 5 11 8 -8 -7 -9 -10 12 -5 -13
right_child=1 2 3 4 -6 6 7 9 10 -11 -12 13 -14 -15
leaf_value=-0.0083003809797662365 0.0075275225835381813 -0.0086224201576707189 0.0095120741549062325 -7.5394599264446934e-05 0.0077386397411807317 0.0090655749645986005 -0.0038151737724356821 0.020480412746211971 -0.0018027277831311884 0.00033155469640048704 -0.013092170339450206 -0.0071293127094238596 0.013880172742472449 0.0093004991564451349
leaf_weight=55.124761760234833 87.335155814886093 59.383689686655998 61.868855729699135 13526.091678656638 90.041912958025932 44.11594495177269 141.2156725525856 51.988619491457939 102.7059438675642 46.847484812140465 186.09313705563545 299.01285509765148 89.89897820353508 47.598535105586052
leaf_count=245 393 259 260 55458 389 184 625 232 466 220 847 1268 381 202
internal_value=-0.000140886 -0.00010945 -0.000155693 -0.000120291 -0.000162333 -0.000212334 -0.00288316 0.00237764 -0.00666807 0.011126 -0.0091173 -0.000102337 1.87714e-05 -0.00483267
internal_weight=14889.3 14834.2 14746.9 14687.5 14625.6 14535.6 572.967 240.052 332.915 98.8361 288.799 13962.6 13616 346.611
internal_count=61429 61184 60791 60532 60272 59883 2574 1077 1497 452 1313 57309 55839 1470
is_linear=0
shrinkage=0.03


Tree=288
num_leaves=15
num_cat=0
split_feature=11 17 2 2 17 7 7 7 13 6 6 6 7 17
split_gain=5.61697 9.2951 7.07177 5.15446 51.9017 33.4771 29.577 41.2351 34.4873 33.4168 30.8568 27.8827 19.4174 16.8518
threshold=23.010833360605563 -0.065403129230142923 -0.0093539401273847727 -0.00038212750442917493 0.77259657388510627 1.6525682227851455 1.6103119539632982 0.87535276231048409 0.00094909658529052099 0.00078633391446804508 0.00028944192871585155 0.0008734328763322824 0.57787171872699328 0.72947329433276265
decision_type=2 2 2 2 2 2 2 2 2 2 2 2 2 2
left_child=1 -1 -2 4 6 13 7 8 11 -8 -10 12 -4 -5
right_child=2 -3 3 5 -6 -7 9 -9 10 -11 -12 -13 -14 -15
leaf_value=0.0021107276664887593 0.0082649388407024932 -0.015307275155234945 -0.015544573393166967 0.00089862902716023106 0.0054678442188917245 0.011473223338802217 -0.028125860430194261 0.0010880589014839823 0.01658283459592547 -0.00443945812112863 -0.0074909020364810272 0.02005527890750276 0.0031802775378084289 -0.0021763487954114015
leaf_weight=53.540254965424538 92.169338926672935 53.937155961990356 60.414251714944839 6672.5516611486673 1009.9652828276157 239.87882272899151 77.750886559486389 2489.4088386446238 47.661296829581261 166.46627847850323 1503.1161409318447 70.835280135273933 245.48927570879459 2109.4222154319286
leaf_count=252 409 244 258 27466 4097 1002 320 10383 194 688 6174 298 1034 8608
internal_value=1.99227e-05 -0.00675039 7.00444e-05 1.75198e-05 -0.000691056 0.000462982 -0.00202732 -0.00146251 -0.00475432 -0.0121477 -0.00673062 0.00337334 -0.000594726 0.000159695
internal_weight=14892.6 107.477 14785.1 14693 5671.11 9021.85 4661.14 4416.93 1927.52 244.217 1550.78 376.739 305.904 8781.97
internal_count=61427 496 60931 60522 23446 37076 19349 18341 7958 1008 6368 1590 1292 36074
is_linear=0
shrinkage=0.03


Tree=289
num_leaves=15
num_cat=0
split_feature=0 16 6 17 2 1 2 7 11 2 12 7 4 7
split_gain=4.85748 12.4327 8.56841 8.35222 48.4475 27.4846 30.2771 25.5709 23.994 10.6407 20.0875 19.7068 14.3587 13.2875
threshold=-3.9603492645007281e-05 0.99465189230620699 0.00028944192871585155 0.83146961230254512 -0.0005190974664131576 -0.00013975433674602575 0.00063878598727199279 1.1240029739985538 66.857632790646733 -0.00034953139856816815 -0.0094230897635532145 1.6103119539632982 0.00091633956197845212 0.89169048062492873
decision_type=2 2 2 2 2 2 2 2 2 2 2 2 2 2
left_child=1 2 -1 9 -5 -6 -7 8 -8 13 -11 12 -12 -2
right_child=3 -3 -4 4 5 6 7 -9 -10 10 11 -13 -14 -15
leaf_value=0.0071229848494114385 -0.0040352857355593916 0.0064560291353012141 -0.00089107302450178616 0.012129785575342847 -0.009787019718934557 0.00654387690567995 -0.005365849202159741 -0.022198807662727089 0.014285224236279429 0.0096957577230646491 0.0011967328481639859 0.01062223108870594 -0.0029372788701692645 0.00045031416169332935
leaf_weight=120.4205671697855 1026.2666424959898 221.70843403041363 6300.1303692311049 362.7968962341547 224.57597368955612 527.66693373024464 257.17913763225079 59.704273208975792 69.316279098391533 226.37234318256378 2909.6610262095928 165.77425381541252 1019.4249261021614 1407.629003316164
leaf_count=489 4230 912 26047 1472 909 2132 1055 251 285 949 11827 694 4335 5873
internal_value=0.000107275 -0.000496578 -0.000738594 0.000593077 0.00261553 -0.000432408 0.00188277 -0.00448663 -0.00113227 0.000142971 0.00103641 0.000553206 0.00012319 -0.00144283
internal_weight=14898.6 6642.26 6420.55 8256.37 1501.24 1138.44 913.867 386.2 326.495 6755.13 4321.23 4094.86 3929.09 2433.9
internal_count=61460 27448 26536 34012 6104 4632 3723 1591 1340 27908 17805 16856 16162 10103
is_linear=0
shrinkage=0.03


Tree=290
num_leaves=15
num_cat=0
split_feature=3 13 6 6 7 17 12 3 7 5 6 7 7 5
split_gain=4.39196 10.2088 24.5643 23.2362 17.9901 15.8576 15.5705 20.5994 14.108 13.5413 28.2871 31.6221 28.1893 23.8211
threshold=-0.002399255715810684 0.0014966883722365989 0.00050647616157720491 0.00040199282890251753 1.1547059676229201 -0.32143946530316164 -0.0034274440042206806 -0.00048980257667227678 0.56582507301933005 -7.7801814573230641e-05 0.00027864802854140632 0.93952760130077517 1.5151254425353871 -0.00068558848708649689
decision_type=2 2 2 2 2 2 2 2 2 2 2 2 2 2
left_child=-1 2 3 6 8 -6 -2 -8 -4 10 -3 -12 -13 -14
right_child=1 9 4 -5 5 -7 7 -9 -10 -11 11 12 13 -15
leaf_value=0.0010613209698300942 0.0053894644096501056 0.023210438145844742 -0.017935384898298982 0.010394695086929844 -0.019013700320898722 -0.0034040388793772323 -0.018801667737704919 0.0028996990918304611 -0.0018079797570850894 -0.00054971431706556096 -0.0011873687015882238 0.0069249326679768569 -0.0196831831663495 0.0067378239939686153
leaf_weight=3076.6371620073915 117.61501744389534 52.886747553944588 50.581569448113441 211.27154512703419 136.66408555209637 103.20673158764839 84.625778123736382 71.298530340194702 693.29855045676231 7464.1480861604214 1656.5125002115965 1020.4902160316706 68.668402627110481 52.922352939844131
leaf_count=12997 480 215 214 863 556 425 347 290 2834 30642 6758 4197 279 214
internal_value=5.23584e-05 -0.000211199 -0.00254965 0.0029691 -0.00526989 -0.0123812 -0.00279998 -0.00896737 -0.00294975 0.000122139 0.00187996 0.00146058 0.00529661 -0.0082605
internal_weight=14860.8 11784.2 1468.56 484.811 983.751 239.871 273.539 155.924 743.88 10315.6 2851.48 2798.59 1142.08 121.591
internal_count=61311 48314 6009 1980 4029 981 1117 637 3048 42305 11663 11448 4690 493
is_linear=0
shrinkage=0.03


Tree=291
num_leaves=15
num_cat=0
split_feature=4 6 12 6 5 13 3 13 13 11 17 3 11 6
split_gain=5.47337 8.12372 13.6471 21.6441 18.6494 16.5748 14.4146 18.9138 27.1192 16.6912 15.5488 13.9381 20.5124 13.9334
threshold=-0.0010068697669319835 0.00094279521357958009 -0.0017415677448896492 0.00023580680942394416 0.00045150647929737003 0.0025500661154652664 -0.0035300162727853602 0.0028566251626360732 0.0012200475549910552 45.253861133165351 0.68322629814330826 0.00060941004446973823 61.904247825570025 0.00023580680942394416
decision_type=2 2 2 2 2 2 2 2 2 2 2 2 2 2
left_child=-1 2 6 -4 -5 -6 7 8 -2 -10 -11 12 -7 -8
right_child=1 -3 3 4 5 11 13 -9 9 10 -12 -13 -14 -15
leaf_value=0.001765720167022838 0.0089102082134355741 -0.0013289849976394958 -0.017103042457441191 0.0073204449311958008 0.017578022457930303 -0.00022424152318851863 0.012076007828265244 0.013337896733495074 -0.014130788968649395 0.0070382525213270311 -0.01217960022671998 0.0015640971914430376 -0.021932187844875162 -0.00089355544087041676
leaf_weight=1710.6192804351449 222.70931839942932 3287.4793859124184 49.652417495846748 572.12623000144958 52.607629090547562 123.03287248313427 73.439319849014282 146.81249566376209 108.85778841376305 115.23263740539551 53.993667960166931 1991.0876820087433 55.507302016019821 6372.6077401190996
leaf_count=7328 949 13750 202 2324 213 496 298 610 458 474 220 8142 226 25938
internal_value=0.00016993 -3.67144e-05 0.000390963 0.00214596 0.00249998 0.00125345 -0.000313062 0.00394651 0.00115123 -0.00508196 0.000835925 0.000841804 -0.00714134 -0.000742094
internal_weight=14935.8 13225.1 9937.67 2844.01 2794.36 2222.24 7093.65 647.606 500.793 278.084 169.226 2169.63 178.54 6446.05
internal_count=61628 54300 40550 11603 11401 9077 28947 2711 2101 1152 694 8864 722 26236
is_linear=0
shrinkage=0.03


Tree=292
num_leaves=15
num_cat=0
split_feature=7 11 12 12 6 6 5 11 17 13 12 13 11 6
split_gain=5.50705 16.5047 10.7997 15.8101 12.4997 6.22974 6.76808 4.8043 12.0654 16.6623 27.6776 21.9307 20.3379 19.4952
threshold=0.43981403826592619 58.826338754928727 -0.0046655803019523536 -0.0034962595991583907 0.00035830904552211414 0.00051331407948942466 -0.00071931279148745853 59.454374528563498 0.38268343236508956 0.0053263969151058363 -0.0028057487373602803 0.0068281063675424978 73.083267240447938 0.00066824800827060694
decision_type=2 2 2 2 2 2 2 2 2 2 2 2 2 2
left_child=1 2 5 -4 -5 -1 -7 -2 -9 10 -10 -11 -13 -12
right_child=7 -3 3 4 -6 6 -8 8 9 11 13 12 -14 -15
leaf_value=0.0040438432756240827 0.00030259553268540556 0.015302173168958402 0.017714381386646535 -0.010681649225639224 0.0074138842882308445 -0.015528176742302261 -0.0019945483344879053 0.00015615548215671923 -0.00055420714836625952 0.010419860579559299 -0.010310389709789591 -0.0088282901653463277 0.01069530957700632 -0.032100292314616106
leaf_weight=54.724436119198799 11849.774153597653 83.054204285144806 63.143494978547096 57.515271753072739 79.271652638912201 56.675090759992599 78.367302939295769 1893.3845124915242 164.9103557318449 119.50299386680126 112.27704051136971 227.86078682541847 58.891757160425186 55.550968572497368
leaf_count=230 48702 346 256 233 321 243 321 7964 685 491 457 961 256 231
internal_value=0.000149257 0.00332865 0.000711685 0.0055504 -0.00023909 -0.0043909 -0.00781812 4.50247e-05 -0.00111379 -0.00435918 -0.00931518 -0.000274282 -0.00477233 -0.0178159
internal_weight=14954.9 472.751 389.697 199.93 136.787 189.767 135.042 14482.2 2632.38 738.994 332.738 406.256 286.753 167.828
internal_count=61697 1950 1604 810 554 794 564 59747 11045 3081 1373 1708 1217 688
is_linear=0
shrinkage=0.03


Tree=293
num_leaves=15
num_cat=0
split_feature=11 6 17 13 7 7 6 12 6 12 6 16 2 11
split_gain=5.30827 11.1105 10.5224 20.8063 20.2085 20.2275 27.5398 18.6853 15.342 23.4429 14.1672 14.1366 19.0031 12.2846
threshold=55.924741092929501 0.00023580680942394416 -0.3520614488341256 0.0019356686137073089 1.6823437279751272 0.98418499048859531 0.0018560653208725437 -0.0057828049200319134 0.0018239582354746718 -0.0089493942566749012 0.00042786330376816227 -0.72947329433276231 0.00048903207678527305 70.085051688562999
decision_type=2 2 2 2 2 2 2 2 2 2 2 2 2 2
left_child=1 -1 3 -2 5 13 7 -7 9 -5 -11 -9 -13 -4
right_child=2 -3 4 8 -6 6 -8 11 -10 10 -12 12 -14 -15
leaf_value=0.011078881621978317 -0.017326990054023439 0.00016918939502042605 -0.0017767810499122129 0.021865406925058138 0.01608582464872918 -0.024410611103329549 0.012004872084877119 -0.0015095755628835067 -0.0085834519047530908 -0.0092198842151575457 0.0021033006132009776 0.0050494471559406695 -0.014416152831590399 0.0072225917555606943
leaf_weight=82.682450369000435 54.083346113562584 10653.890051186085 1433.3870380967855 49.830396264791489 50.302252635359764 61.93191260099411 60.029443815350533 230.88170602917671 131.02747535705566 104.40383057296276 1525.7830320000648 53.012491032481194 271.41741739213467 148.88776361942291
leaf_count=336 226 43814 5896 209 209 276 266 974 582 423 6333 217 1153 621
internal_value=-9.77294e-05 0.000255253 -0.00100516 0.00067058 -0.00235768 -0.00278213 -0.00711254 -0.00900456 0.00122656 0.00200096 0.00136771 -0.00720494 -0.011224 -0.000921916
internal_weight=14911.6 10736.6 4174.98 1865.13 2309.85 2259.55 677.273 617.244 1811.04 1680.02 1630.19 555.312 324.43 1582.27
internal_count=61535 44150 17385 7773 9612 9403 2886 2620 7547 6965 6756 2344 1370 6517
is_linear=0
shrinkage=0.03


Tree=294
num_leaves=15
num_cat=0
split_feature=11 5 6 7 7 1 16 17 7 11 12 7 1 7
split_gain=4.60865 13.7558 24.228 16.1991 14.967 14.8301 28.9439 32.6743 19.2528 15.5503 18.7054 13.879 13.0601 13.1469
threshold=53.908516690787629 0.00082222820732347224 0.00049916033143356344 1.5151254425353871 1.6103119539632982 0.00020064621294198923 -0.9733555533461492 0.98611507088852057 0.88189214534013238 47.400954467506629 -0.00080211348506892255 1.9043544706861257 -0.00034417375951545365 0.76869859486160308
decision_type=2 2 2 2 2 2 2 2 2 2 2 2 2 2
left_child=1 4 -3 12 5 9 8 -8 -7 -1 -11 -6 13 -4
right_child=-2 2 3 -5 11 6 7 -9 -10 10 -12 -13 -14 -15
leaf_value=0.00050384553953926575 -0.00079653524098847084 -0.014448233388205759 0.011900972171169557 0.022316257916300646 -0.0095168066962872545 -0.00056334990345326802 0.00055916011348519222 0.020892912085693757 0.021390948320508547 -0.0031843598019093773 0.013629711014225554 0.0056420178314999072 0.0093596087580057954 -0.0041774701530050912
leaf_weight=4866.5715645253658 5282.5174068138003 52.736350610852242 58.694293797016144 50.840259537100792 254.43396691977978 52.184462547302246 1642.9654654115438 72.348627656698227 112.84443882107735 1899.7185404598713 59.525708466768265 67.538880735635757 268.14472225308418 184.14028546214104
leaf_count=20211 21888 214 241 211 1060 218 6719 292 483 7693 241 278 1091 750
internal_value=-8.44615e-05 0.000305715 0.00464115 0.00647791 9.63461e-06 0.000245183 0.00260275 0.00144013 0.0145251 -0.00040484 -0.00266014 -0.0063218 0.0048212 -0.000225762
internal_weight=14925.2 9642.69 614.556 561.82 9028.13 8706.16 1880.34 1715.31 165.029 6825.82 1959.24 321.973 510.979 242.835
internal_count=61590 39702 2507 2293 37195 35857 7712 7011 701 28145 7934 1338 2082 991
is_linear=0
shrinkage=0.03


Tree=295
num_leaves=15
num_cat=0
split_feature=1 11 11 2 7 12 12 6 3 12 2 16 13 16
split_gain=5.79875 7.451 5.97995 15.8706 15.7813 17.1342 24.225 12.268 34.5191 20.6816 12.9071 17.6414 12.699 12.2171
threshold=0.004245156397614914 64.323811004597104 40.571851659790092 -0.00076913595988795092 0.6298503358432116 -0.012521235866174206 -0.0050415101864716974 0.00060330595157401495 -0.00094258978644533298 -0.0034274440042206806 -0.0024192760955532573 0.13052619222005182 0.0018027933677519095 -0.22695468355932472
decision_type=2 2 2 2 2 2 2 2 2 2 2 2 2 2
left_child=2 -2 3 4 5 -1 13 8 9 10 -6 -12 -10 -7
right_child=1 -3 -4 -5 7 6 -8 -9 12 -11 11 -13 -14 -15
leaf_value=0.011314071511480719 0.015748927988471884 -3.5153908590771156e-05 -0.00027960330189914047 0.0071020628496814148 0.01316434559417309 -0.001787377220934665 0.0031180488516988751 0.00010413863507334249 0.029014776480356299 -0.01714892483635664 0.0095323582733067239 -0.0091675801945535675 0.010334618040346414 -0.019321103133308214
leaf_weight=44.750883623957634 46.263219639658928 60.83583465218544 12094.18904055655 362.78147704899311 83.030771300196648 48.803430914878845 106.1140038818121 1534.8235116675496 54.975639969110489 50.082862690091133 78.694826275110245 101.85002543032169 85.906570062041283 136.50734935700893
leaf_count=195 198 280 49623 1503 351 203 435 6547 225 205 338 418 350 588
internal_value=5.57768e-05 0.00694676 4.91876e-06 0.00128418 0.000371274 -0.00562096 -0.00828088 0.00138851 0.00570592 0.000137389 0.00352643 -0.00100162 0.0179282 -0.0147718
internal_weight=14889.6 107.099 14782.5 2688.32 2325.54 336.176 291.425 1989.36 454.541 313.658 263.576 180.545 140.882 185.311
internal_count=61459 478 60981 11358 9855 1421 1226 8434 1887 1312 1107 756 575 791
is_linear=0
shrinkage=0.03


Tree=296
num_leaves=15
num_cat=0
split_feature=4 1 5 13 3 3 6 2 10 10 13 6 10 3
split_gain=6.47192 9.51754 7.69085 9.15698 6.70865 13.6321 9.19198 7.00873 21.5794 7.48072 7.7786 21.1285 11.4888 7.77833
threshold=0.002926119681662787 0.0012608853671362554 0.005427334158688569 0.022920678710499635 0.0094737889947262306 0.0067681758466736639 0.00084981585680961715 0.0043618608238762966 0.42624392446574083 1.5298090545407672 0.014307110863723939 0.0017165997924498018 1.1250153164824401 -0.006756730834562851
decision_type=2 2 2 2 2 2 2 2 10 10 2 2 10 2
left_child=2 -2 3 4 5 7 -7 9 -9 10 12 -12 13 -1
right_child=1 -3 -4 -5 -6 6 -8 8 -10 -11 11 -13 -14 -15
leaf_value=-0.0043564694912633824 -0.01474457674646143 -0.0014092796797755291 0.010895228405318914 -0.0097116144604118479 -0.0085988234798057752 -0.00068283265827207441 0.013192985333414935 -0.012659223038786619 0.0098138128301664702 -0.0087094541067229969 0.018141775877920097 -0.0066434832682371499 0.011955102371741914 0.00010871513226188209
leaf_weight=358.53706962615252 62.496942140161991 192.28551225364208 56.44757367670536 85.019508987665176 78.284801751375198 67.075275287032127 116.613695114851 124.82153771817684 53.470579385757446 84.860807448625565 70.211266949772835 52.745135620236397 70.629330962896347 13434.236784547567
leaf_count=1593 306 893 254 367 347 276 491 561 230 369 293 219 315 55009
internal_value=-4.81996e-05 -0.00476973 3.45371e-05 -8.95027e-06 4.92259e-05 9.73173e-05 0.00817336 -7.9225e-06 -0.00588536 6.73745e-05 0.000121865 0.00757338 5.46933e-05 -7.97015e-06
internal_weight=14907.7 254.782 14653 14596.5 14511.5 14433.2 183.689 14249.5 178.292 14071.2 13986.4 122.956 13863.4 13792.8
internal_count=61523 1199 60324 60070 59703 59356 767 58589 791 57798 57429 512 56917 56602
is_linear=0
shrinkage=0.03


Tree=297
num_leaves=15
num_cat=0
split_feature=3 13 6 2 2 11 10 12 16 11 16 6 10 3
split_gain=5.55189 4.82714 18.4924 11.2908 4.94786 4.3244 5.39458 9.48909 8.82067 9.04045 15.0699 13.0628 8.25695 13.4292
threshold=0.02227112568179113 0.022920678710499635 0.0022031242242127554 0.0028516571324708269 0.0076828556062579151 20.025302954077173 1.6612876831799539 -0.0050038862098862871 -0.77259657388510594 38.732886191184839 0.065403129230143103 0.0018560653208725437 2.1041802862162582 -0.01040715113678836
decision_type=2 2 2 2 2 2 8 2 2 2 2 2 8 2
left_child=1 4 -3 -4 5 -1 7 8 -7 -10 -11 -12 -8 -14
right_child=-2 2 3 -5 -6 6 12 -9 9 10 11 -13 13 -15
leaf_value=-0.0085969001988707976 0.0091618348317512588 -0.020186677448568256 -0.0089721891105822241 0.0094545951426137503 -0.0075541944810236889 0.010725846498554608 -0.010739928290130206 0.01503843327247386 0.0073747049717458515 -0.011300134815794923 0.010495260769310871 -0.0042698013711231211 0.015035872933593715 -6.4641510872523138e-05
leaf_weight=50.123448729515076 56.871119424700737 49.091188490390778 51.266962632536888 66.361853823065758 75.854107886552811 79.702900916337967 62.810680836439133 50.800891786813736 109.5045532733202 112.58612039685249 93.219652235507965 122.57831451296806 51.206898577511311 13912.30358620733
leaf_count=234 238 226 217 294 368 349 270 218 470 476 386 516 263 57162
internal_value=-3.27853e-05 -6.91354e-05 -0.00511468 0.00140779 -1.13047e-05 2.87904e-05 5.9588e-05 0.00291953 0.00167677 -1.15825e-05 -0.00250438 0.00214617 -5.67061e-05 -7.11964e-06
internal_weight=14944.3 14887.4 166.72 117.629 14720.7 14644.8 14594.7 568.392 517.592 437.889 328.384 215.798 14026.3 13963.5
internal_count=61687 61449 737 511 60712 60344 60110 2415 2197 1848 1378 902 57695 57425
is_linear=0
shrinkage=0.03


Tree=298
num_leaves=15
num_cat=0
split_feature=13 16 6 2 12 6 7 11 7 11 3 7 17 6
split_gain=4.64239 29.8652 21.2239 17.7122 20.9591 17.6751 27.3677 20.9557 16.0901 14.6846 14.0129 13.9972 17.7518 22.728
threshold=0.0027590290446629644 -0.9103761370219875 0.00047526668375595774 0.00073000798430011848 -0.0031990415640878451 0.0007700506046923049 1.6296967798384323 48.56133389077258 0.53316415027958974 35.411558359099629 0.00021369700143622497 1.6823437279751272 -0.065403129230142923 0.0007700506046923049
decision_type=2 2 2 2 2 2 2 2 2 2 2 2 2 2
left_child=1 3 -3 4 9 6 7 10 -7 -1 -4 -2 13 -13
right_child=11 2 5 -5 -6 8 -8 -9 -10 -11 -12 12 -14 -15
leaf_value=-0.0054440749921657525 0.00028440851740890765 0.0023268620797251378 -0.0024848233150503254 0.019134838904732873 -0.0081488767332337404 -0.016683813124533407 -0.023854559518917819 -0.0077423435202585034 0.00038036844413724501 0.0079700086336022356 0.0077548383720130653 0.020401933005958772 0.023190189667997751 -0.002857670161982863
leaf_weight=85.635572388768196 9072.8804408460855 1035.1772986799479 1230.797495469451 70.098257422447205 114.09454323351383 49.343729048967361 60.557445347309113 745.24878661334515 1581.7758057713509 466.71041889488697 131.33781158924103 49.445803642272949 49.711321145296097 141.21809719502926
leaf_count=400 37365 4219 5061 287 471 217 248 3032 6598 2015 532 204 205 593
internal_value=6.48085e-05 -0.000620113 -0.00147797 0.00499917 0.00345953 -0.0025154 -0.00428906 -0.00370474 -0.000155647 0.00587815 -0.00148759 0.000474543 0.00758955 0.00332353
internal_weight=14884 5570.78 4834.24 736.539 666.441 3799.06 2167.94 2107.38 1631.12 552.346 1362.14 9313.26 240.375 190.664
internal_count=61447 23080 19907 3173 2886 15688 8873 8625 6815 2415 5593 38367 1002 797
is_linear=0
shrinkage=0.03


Tree=299
num_leaves=15
num_cat=0
split_feature=13 11 12 7 7 6 1 6 12 6 7 7 13 3
split_gain=5.57277 21.2499 8.05246 6.35818 13.4043 9.15875 7.50949 5.69896 5.33514 35.4315 27.5903 14.7126 15.9693 15.3621
threshold=0.00036647005559820039 36.285169829952366 -0.0057828049200319134 0.64491212143668986 0.93952760130077517 0.0005799322610990017 -0.00075099106088641332 0.00074939591018269758 -0.0060897207291513702 0.00048771193328668317 0.77598324048849054 0.58638902345991573 0.0085191198959849741 0.0012919677729730796
decision_type=2 2 2 2 2 2 2 2 2 2 2 2 2 2
left_child=1 3 -3 -1 5 -5 7 -6 9 10 -2 12 13 -11
right_child=8 2 -4 4 6 -7 -8 -9 -10 11 -12 -13 -14 -15
leaf_value=-0.011107399094453277 0.017389439780992503 0.022416960505351812 0.0071787038202360412 -0.0015957144627871396 0.0080151227615412775 0.015119887856146985 -0.012713822417010067 -0.0055264191623740806 0.00021159273955167226 -0.0068240958162703426 -0.008291624418914189 -0.0010365952086874082 0.0049121176244206017 -0.02403732422973686
leaf_weight=44.952158197760582 151.10717031359673 50.682886123657227 84.067088589072227 48.823670834302902 46.322917103767395 71.21121871471405 62.184486150741577 64.413205981254578 10720.227732107043 338.64124596118927 48.583859577775002 3033.769719697535 86.15955962240696 52.843391790986061
leaf_count=199 628 216 348 205 197 306 267 287 43867 1421 202 12804 360 222
internal_value=-2.26402e-05 0.00317582 0.0131542 -0.000857334 0.000780125 0.00840616 -0.00454917 0.00017995 -0.000127822 -0.00110787 0.0111211 -0.00180926 -0.00669206 -0.00925794
internal_weight=14904 472.658 134.75 337.908 292.955 120.035 172.921 110.736 14431.3 3711.1 199.691 3511.41 477.644 391.485
internal_count=61529 2025 564 1461 1262 511 751 484 59504 15637 830 14807 2003 1643
is_linear=0
shrinkage=0.03


end of trees

feature_importances:
dist_high_168b=448
hour_sin=446
dist_low_168b=444
ret_72b=439
atr_pct=435
vol_ratio=427
hour_cos=344
ret_24b=285
rsi_14=269
ema24_dist=202
ema72_dist=177
ret_4b=114
volume_surge=81
ret_1b=61
liquidity=28

parameters:
[boosting: gbdt]
[objective: binary]
[metric: binary_logloss]
[tree_learner: serial]
[device_type: cpu]
[data_sample_strategy: bagging]
[data: ]
[valid: ]
[num_iterations: 300]
[learning_rate: 0.03]
[num_leaves: 15]
[num_threads: 2]
[seed: 7]
[deterministic: 1]
[force_col_wise: 0]
[force_row_wise: 1]
[histogram_pool_size: -1]
[max_depth: -1]
[min_data_in_leaf: 200]
[min_sum_hessian_in_leaf: 0.001]
[bagging_fraction: 0.8]
[pos_bagging_fraction: 1]
[neg_bagging_fraction: 1]
[bagging_freq: 1]
[bagging_seed: 17422]
[bagging_by_query: 0]
[feature_fraction: 0.8]
[feature_fraction_bynode: 1]
[feature_fraction_seed: 7040]
[extra_trees: 0]
[extra_seed: 6516]
[early_stopping_round: 0]
[early_stopping_min_delta: 0]
[first_metric_only: 0]
[max_delta_step: 0]
[lambda_l1: 0]
[lambda_l2: 2]
[linear_lambda: 0]
[min_gain_to_split: 0]
[drop_rate: 0.1]
[max_drop: 50]
[skip_drop: 0.5]
[xgboost_dart_mode: 0]
[uniform_drop: 0]
[drop_seed: 15215]
[top_rate: 0.2]
[other_rate: 0.1]
[min_data_per_group: 100]
[max_cat_threshold: 32]
[cat_l2: 10]
[cat_smooth: 10]
[max_cat_to_onehot: 4]
[top_k: 20]
[monotone_constraints: ]
[monotone_constraints_method: basic]
[monotone_penalty: 0]
[feature_contri: ]
[forcedsplits_filename: ]
[refit_decay_rate: 0.9]
[cegb_tradeoff: 1]
[cegb_penalty_split: 0]
[cegb_penalty_feature_lazy: ]
[cegb_penalty_feature_coupled: ]
[path_smooth: 0]
[interaction_constraints: ]
[verbosity: -1]
[saved_feature_importance_type: 0]
[use_quantized_grad: 0]
[num_grad_quant_bins: 4]
[quant_train_renew_leaf: 0]
[stochastic_rounding: 1]
[linear_tree: 0]
[max_bin: 255]
[max_bin_by_feature: ]
[min_data_in_bin: 3]
[bin_construct_sample_cnt: 200000]
[data_random_seed: 61]
[is_enable_sparse: 1]
[enable_bundle: 1]
[use_missing: 1]
[zero_as_missing: 0]
[feature_pre_filter: 1]
[pre_partition: 0]
[two_round: 0]
[header: 0]
[label_column: ]
[weight_column: ]
[group_column: ]
[ignore_column: ]
[categorical_feature: ]
[forcedbins_filename: ]
[precise_float_parser: 0]
[parser_config_file: ]
[objective_seed: 15521]
[num_class: 1]
[is_unbalance: 0]
[scale_pos_weight: 1]
[sigmoid: 1]
[boost_from_average: 1]
[reg_sqrt: 0]
[alpha: 0.9]
[fair_c: 1]
[poisson_max_delta_step: 0.7]
[tweedie_variance_power: 1.5]
[lambdarank_truncation_level: 30]
[lambdarank_norm: 1]
[label_gain: ]
[lambdarank_position_bias_regularization: 0]
[eval_at: ]
[multi_error_top_k: 1]
[auc_mu_weights: ]
[num_machines: 1]
[local_listen_port: 12400]
[time_out: 120]
[machine_list_filename: ]
[machines: ]
[gpu_platform_id: -1]
[gpu_device_id: -1]
[gpu_device_id_list: ]
[gpu_use_dp: 0]
[num_gpu: 1]

end of parameters

pandas_categorical:[]
