tree
version=v4
num_class=1
num_tree_per_iteration=1
label_index=0
max_feature_idx=18
objective=binary sigmoid:1
feature_names=ret_1b ret_4b ret_24b ret_72b ema24_dist ema72_dist atr_pct vol_ratio buy_pressure_6b buy_pressure_24b volume_surge rsi_14 dist_high_168b dist_low_168b rel_strength_24b btc_ret_24b hour_sin hour_cos liquidity
feature_infos=[-4.2675058305856286:4.5529766739650315] [-4.8003209182907973:4.8271136203843179] [-6.2966425508094721:8.1395822642013229] [-6.4792464501346769:6.1970181931803996] [-0.99448366552421352:3.1783195006954132] [-0.99762677475461781:4.9757453069850941] [0.00084399621837344884:122.48379025744839] [0.015963120617826485:2.677064428161013] none none [0.00014273852368020716:6.9968479942620361] [3.3683715188156071:98.424013943630072] [-0.99987211956261013:0] [0:18114369.55032146] [-6.3053387916825638:8.153994252014737] [-0.067665388253082881:0.17943286204752251] [-1:1] [-1:1] [1.6815562962828283:8.416559563710118]
tree_sizes=1765 1803 1825 1811 1812 1799 1816 1808 1808 1814 1815 1818 1801 1806 1817 1810 1818 1813 1810 1810 1813 1807 1808 1812 1799 1812 1815 1813 1807 1823 1793 1805 1803 1797 1795 1826 1808 1811 1804 1803 1810 1805 1816 1807 1829 1808 1806 1809 1804 1819 1786 1816 1804 1820 1807 1798 1813 1815 1804 1798 1796 1803 1814 1808 1795 1818 1805 1812 1795 1804 1806 1801 1813 1810 1788 1814 1787 1808 1806 1795 1806 1800 1799 1803 1806 1812 1782 1790 1800 1805 1793 1800 1797 1799 1785 1813 1804 1781 1811 1781 1804 1791 1805 1794 1796 1789 1802 1821 1815 1782 1813 1795 1806 1795 1793 1799 1811 1806 1795 1806 1774 1803 1810 1803 1806 1799 1800 1811 1778 1788 1806 1799 1812 1815 1771 1798 1796 1782 1801 1797 1785 1791 1800 1806 1794 1818 1793 1807 1801 1786 1799 1770 1814 1811 1807 1785 1778 1791 1794 1788 1774 1794 1803 1806 1796 1772 1775 1793 1811 1777 1780 1755 1807 1782 1774 1789 1801 1764 1801 1809 1787 1795 1779 1793 1781 1797 1773 1784 1791 1791 1793 1793 1798 1779 1786 1794 1797 1785 1802 1805 1782 1768 1809 1790 1794 1781 1789 1801 1795 1777 1798 1767 1804 1787 1797 1794 1785 1801 1796 1797 1772 1786 1804 1785 1792 1803 1802 1801 1788 1777 1781 1787 1784 1804 1775 1820 1816 1790 1743 1803 1792 1799 1795 1787 1792 1807 1784 1780 1768 1779 1811 1794 1797 1773 1783 1795 1801 1767 1785 1765 1790 1812 1796 1799 1779 1769 1796 1771 1794 1785 1792 1806 1792 1770 1768 1788 1782 1780 1791 1774 1788 1790 1794 1779 1790 1788 1786 1784 1783 1778 1782 1806 1776 1790 1799 1808 1800 1777 1788 1790

Tree=0
num_leaves=15
num_cat=0
split_feature=0 13 0 1 1 13 1 12 0 13 10 15 10 12
split_gain=414.228 150.961 58.6943 56.9472 51.1985 28.868 27.4181 28.6241 34.1846 31.4386 35.032 27.1952 32.3682 24.6982
threshold=0.0013405087200688561 0.085110099518911589 -0.0026587877269412803 0.0018146905686833306 0.0040806349215833934 0.022070821927048127 -0.11636169456726007 -0.14350697707513946 -0.0082040855420300023 0.53545546105427244 0.58206911660795402 0.0042081565004243879 1.1981689904459401 -0.019481874598077095
decision_type=2 2 2 2 2 2 2 2 2 2 2 8 2 2
left_child=1 2 5 -2 6 -1 -3 8 -8 -10 -11 12 -4 -14
right_child=3 4 11 -5 -6 -7 7 -9 9 10 -12 -13 13 -15
leaf_value=-0.12170424191017734 -0.13449333071164732 -0.12104201066019432 -0.12420703392760128 -0.13878381086889535 -0.13653032033176388 -0.12670643578176019 -0.13102170734017282 -0.12997638064346392 -0.1355162007339914 -0.1310519685883311 -0.15583545187343253 -0.13100807945705725 -0.13000725499857338 -0.14792909897883899
leaf_weight=1664.6533403396606 4531.0032008886337 222.02015244960785 1346.3083011209965 7228.846734970808 2472.3387604057789 2787.9458829462528 1109.1051561832428 3147.1107708215714 668.79837402701378 73.923750311136246 164.02609917521477 3566.0120225846767 320.58515286445618 86.119924604892731
leaf_count=6688 18204 892 5409 29043 9933 11201 4456 12644 2687 297 659 14327 1288 346
internal_value=-0.132771 -0.129862 -0.127373 -0.137131 -0.132958 -0.124832 -0.131317 -0.131763 -0.134553 -0.138868 -0.148186 -0.129502 -0.126445 -0.133858
internal_weight=29388.8 17628.9 9771.62 11759.8 7857.32 4452.6 5384.98 5162.96 2015.85 906.748 237.95 5319.03 1753.01 406.705
internal_count=118074 70827 39259 47247 31568 17889 21635 20743 8099 3643 956 21370 7043 1634
is_linear=0
shrinkage=1


Tree=1
num_leaves=15
num_cat=0
split_feature=0 13 4 1 6 1 6 0 6 4 17 2 13 13
split_gain=356.193 151.071 65.5143 45.4709 59.1045 42.5768 38.4518 43.3725 37.9079 31.6676 28.4773 27.6728 37.3121 43.8552
threshold=0.0017641026242267435 0.11040278515317371 0.002199847999301952 -0.070262746854692568 0.030982364909222224 -0.0020692480584405533 0.015427605059776564 -0.0035051286386349463 0.026802471059042123 -0.043396330627327388 -0.78656609248549325 0.011156426041682545 0.87359046014016351 1.568496374592832
decision_type=2 2 2 2 2 2 2 2 2 2 2 2 2 2
left_child=1 2 6 -3 -5 -2 7 -1 -7 -6 -9 12 -11 -14
right_child=5 3 -4 4 9 8 -8 10 -10 11 -12 -13 13 -15
leaf_value=0.010425161644559932 -0.0010209303303207581 0.0080305528273748282 0.00038524752297351575 0.00042322812523598114 0.0021211295236555614 -0.00417082742038622 0.0025189031863335114 0.010066076533999697 -0.0090723960126945207 -0.0074330966873490121 0.0041399137679072797 -0.0042706320766584885 -0.030760689518606651 6.79990398365601e-05
leaf_weight=2274.8703826963902 2882.4456517696381 477.80972865223885 2444.3162072598934 4365.4158319532871 373.0785925835371 6423.1147649288177 2250.8694133907557 915.16049589216709 1824.7322647571564 476.10423712432384 3609.3535283058882 972.58565157651901 154.69293344020844 56.492993831634521
leaf_count=9135 11582 1919 9819 17539 1499 25815 9040 3676 7334 1913 14498 3908 622 227
internal_value=7.4107e-05 0.00263989 0.00474375 -0.000877377 -0.00154489 -0.00416048 0.00592056 0.00704557 -0.00525717 -0.00576736 0.0053425 -0.00754081 -0.0121426 -0.0225906
internal_weight=29501 18370.7 11494.6 6876.18 6398.37 11130.3 9050.25 6799.38 8247.85 2032.95 4524.51 1659.88 687.29 211.186
internal_count=118526 73795 46168 27627 25708 44731 36349 27309 33149 8169 18174 6670 2762 849
is_linear=0
shrinkage=0.03


Tree=2
num_leaves=15
num_cat=0
split_feature=0 6 4 1 6 1 6 14 0 6 0 0 17 1
split_gain=384.976 138.085 85.3194 58.7696 50.295 43.6093 36.3108 37.281 35.8789 26.3845 24.3784 23.6753 25.3706 23.4947
threshold=0.0014018850534320839 0.015325672818743903 0.00065904382274939455 -0.0077870131459571992 0.028273169271069491 -0.0020692480584405533 0.030037904592201459 0.091890163285153842 -0.003211349131628793 0.0046183528509822795 -0.0054855831234728028 -0.045191247620566637 -0.12940952255126037 -0.048435215076411457
decision_type=2 2 2 2 2 2 2 10 2 2 2 2 2 2
left_child=1 2 8 11 -5 13 7 9 -1 -7 -4 -3 -13 -2
right_child=5 3 10 4 -6 6 -8 -9 -10 -11 -12 12 -14 -15
leaf_value=0.0098761770251340423 0.0063028216043569067 0.0091559260046536403 0.0070672365584118759 -0.0002407035652262205 -0.0072843652265917264 0.0052691491719579287 -0.0094439815452638347 0.0077657799440479566 0.0053133767515680724 -0.0051276348847604401 0.00025386722934999642 -0.0012249562831036414 0.0039528085628526173 -0.0020679691040917177
leaf_weight=2636.9653790444136 337.69948542118073 419.90337114036083 561.92643302679062 2564.2769120931625 1414.4044893532991 225.65571594238281 1566.9512471109629 218.1197270154953 3789.5836091190577 6633.7310978025198 2920.5355121046305 1546.7694025784731 1891.3206923156977 2703.853360414505
leaf_count=10584 1357 1686 2257 10301 5686 907 6302 877 15217 26669 11731 6213 7597 10865
internal_value=2.11796e-06 0.00278632 0.00513937 -0.000189527 -0.0027471 -0.00422556 -0.00531244 -0.00439531 0.00718809 -0.00478417 0.00135669 0.00244811 0.00162402 -0.00113504
internal_weight=29431.7 17745.7 9909.01 7836.67 3978.68 11686 8644.46 7077.51 6426.55 6859.39 3482.46 3857.99 3438.09 3041.55
internal_count=118249 71272 39789 31483 15987 46977 34755 28453 25801 27576 13988 15496 13810 12222
is_linear=0
shrinkage=0.03


Tree=3
num_leaves=15
num_cat=0
split_feature=0 13 11 13 2 1 0 6 1 13 5 14 18 14
split_gain=336.281 112.437 44.1343 41.5202 39.9061 39.7709 35.1767 31.6949 28.6344 25.8381 39.7879 27.4258 29.8134 24.7764
threshold=0.0013405087200688561 0.11040278515317371 43.832974226448265 0.022532195340498443 -0.036899087463886364 -0.0020692480584405533 -0.0030188150184142777 0.030037904592201459 -0.11636169456726007 0.81519504435463663 0.022192420974492259 -0.013050399996031524 5.957531948172428 0.11957006114227998
decision_type=2 2 2 2 2 2 2 2 2 2 2 10 2 10
left_child=1 3 8 6 -4 -2 -1 13 -3 11 -11 12 -6 -7
right_child=5 2 4 -5 9 7 -8 -9 -10 10 -12 -13 -14 -15
leaf_value=0.010365179485623771 -0.001013714799346062 0.017598500973130544 -0.010557699773800338 0.0030671576654933588 -0.0024526920090310613 -0.0043700752504141661 0.0046076141250336704 -0.0088182858371787624 0.0026405730350806001 -0.018358199515282714 -0.002044701772514884 -0.0025047431007199235 0.0054232884818708471 0.0085622645368814056
leaf_weight=1590.4372106492519 3083.1360293775797 122.64958356320858 433.1339253783226 6969.4632634967566 682.24801394343376 7010.0846144407988 2402.0241244584322 1582.9693331569433 1536.8782970756292 181.85736855864525 504.08623757958412 2039.6875800490379 1175.4889250695705 134.12500904500484
leaf_count=6380 12390 492 1741 27981 2741 28191 9643 6371 6174 732 2026 8195 4723 539
internal_value=-2.61421e-05 0.00259706 -0.000472179 0.00446604 -0.00187514 -0.00394351 0.00690524 -0.00497808 0.00376591 -0.00105038 -0.00641053 -0.000104192 0.00253133 -0.00412496
internal_weight=29448.3 17638 6676.03 10961.9 5016.5 11810.3 3992.46 8727.18 1659.53 4583.37 685.944 3897.42 1857.74 7144.21
internal_count=118319 70828 26824 44004 20158 47491 16023 35101 6666 18417 2758 15659 7464 28730
is_linear=0
shrinkage=0.03


Tree=4
num_leaves=15
num_cat=0
split_feature=0 6 11 1 1 6 0 17 1 6 14 11 7 12
split_gain=310.089 123.116 74.257 53.3965 41.8455 32.2668 29.9802 28.3347 32.0478 27.6813 35.4949 24.0723 22.0006 21.5194
threshold=0.0017641026242267435 0.015237999880255995 50.329045186432559 0.00064180119162315929 -0.012990388072477209 0.0271472431301347 -0.003211349131628793 -0.12940952255126037 -0.064406327029615226 0.028273169271069491 0.14328246107089679 41.261934671114766 0.53283355230268015 -0.13618741455538816
decision_type=2 2 2 2 2 2 2 2 2 2 10 2 2 2
left_child=1 2 6 7 -2 -5 -1 8 -3 10 -6 -9 -4 -10
right_child=4 3 12 5 9 -7 -8 11 13 -11 -12 -13 -14 -15
leaf_value=0.0091677184848864592 0.0010650785340347241 0.0077303921411472102 0.0071549698219232055 -0.00089867235888506521 -0.0040023290462511546 -0.0074024288578450736 0.0049320673213047251 0.0070388611902212472 -0.0050063871398894969 -0.0078420805027610164 0.016751094108956206 0.0013488381833943333 0.00059530210641591658 0.0011338024136846184
leaf_weight=2556.1296181827784 1337.0101764500141 328.65465956926346 527.41757375001907 1610.4784410744905 7791.1047104895115 1195.5335707813501 3676.9867969155312 1063.0229232162237 1172.8900691270828 1899.9925739169121 72.951450943946838 1803.6771093010902 3521.5570343583822 911.71187628805637
leaf_count=10251 5373 1319 2118 6470 31338 4809 14758 4267 4712 7650 293 7245 14142 3662
internal_value=4.7055e-05 0.00243936 0.00461711 -0.000330309 -0.00391104 -0.00367297 0.00667144 0.00144685 -0.000948096 -0.00459251 -0.0038056 0.00346224 0.00145287 -0.00232243
internal_weight=29469.1 18368.1 10282.1 8085.97 11101.1 2806.01 6233.12 5279.96 2413.26 9764.05 7864.06 2866.7 4048.97 2084.6
internal_count=118407 73753 41269 32484 44654 11279 25009 21205 9693 39281 31631 11512 16260 8374
is_linear=0
shrinkage=0.03


Tree=5
num_leaves=15
num_cat=0
split_feature=1 6 4 4 6 13 5 18 18 12 5 13 11 18
split_gain=272.945 68.4993 48.1564 48.1001 45.8972 38.1871 59.9485 42.8413 32.4375 31.931 28.1227 26.972 26.8798 25.5522
threshold=0.0035078825047871747 0.015526725360126526 0.002199847999301952 -0.02375719598091974 0.026802471059042123 0.81519504435463663 0.025732733276341849 5.3241806766485409 5.6547494649767982 -0.081849540196292356 0.16296237166798391 0.0036886029634298771 38.444831674371386 6.4529742615402119
decision_type=2 2 2 2 2 2 2 2 2 2 2 2 2 2
left_child=1 2 11 -3 10 7 8 -5 -7 -8 12 -1 -2 -13
right_child=4 3 -4 5 -6 6 9 -9 -10 -11 -12 13 -14 -15
leaf_value=0.01331612337891651 0.008800975487814321 0.0034484043648458536 8.3812402428647741e-05 -0.0071575951527121017 -0.0069403532523857137 0.00050987771901160974 0.0024062126079677374 0.00081760370455713743 -0.026149802009794249 -0.020765206344574093 0.013881741136432642 0.0035734767750887891 -0.002908575471831782 0.007271568654072821
leaf_weight=335.99273923039436 178.67364428937435 2806.4015674591064 2269.4586374014616 719.73054486513138 2752.2840562164783 52.699640437960625 340.39502438902855 3785.5634295344353 183.01312260329723 61.449280381202698 91.856965214014053 5747.9702647328377 7709.9903131872416 2380.9525104016066
leaf_count=1347 718 11269 9119 2892 11085 212 1368 15210 738 247 369 23069 31002 9556
internal_value=0.000211577 0.00240173 0.00396468 0.000290715 -0.00360077 -0.00143308 -0.00829297 -0.000459062 -0.0202352 -0.00122241 -0.00244759 0.00500489 -0.0026412 0.00465817
internal_weight=29416.4 18683.6 10734.4 7949.25 10732.8 5142.85 637.557 4505.29 235.713 401.844 7980.52 8464.92 7888.66 8128.92
internal_count=118201 75027 43091 31936 43174 20667 2565 18102 950 1615 32089 33972 31720 32625
is_linear=0
shrinkage=0.03


Tree=6
num_leaves=15
num_cat=0
split_feature=0 13 11 4 4 7 7 12 13 12 0 17 5 7
split_gain=281.391 116.663 41.3509 34.2994 33.453 27.8419 26.1364 25.1093 23.1296 21.9123 32.2283 21.4252 21.0382 20.0898
threshold=0.00079497010097118192 0.15056452287923386 43.832974226448265 0.0016158837750454016 0.0029809899558094215 1.5056139499169456 1.2419100436374426 -0.24310515434411686 0.004432255034453437 -0.13914545197247349 -0.0061575032769809459 1.0000000180025095e-35 0.011252770602873443 0.80776570124165958
decision_type=2 2 2 2 2 2 2 2 2 2 2 2 2 2
left_child=1 4 -3 -2 5 7 13 11 -9 10 -4 -1 -12 -5
right_child=3 2 9 6 -6 -7 -8 8 -10 -11 12 -13 -14 -15
leaf_value=-0.0038650483769411968 -0.0017022484739861933 0.0033613026325438103 -0.0026031736476172995 -0.0035031136500099798 0.0008642382519404786 -0.0033349728055104659 -0.0011231854478068273 0.012580846602109503 0.0054139918068485306 -0.0010682713139503559 -0.017314485002018397 0.005182856559990877 -0.0048038683238419283 -0.0071038689280280556
leaf_weight=474.05552060902119 5550.6363613307476 1270.1564502120018 1001.3611702919006 2287.1152362525463 2279.6048710346222 351.91641598939896 1384.0603388547897 427.97598911821842 7473.8559718430042 2349.0645874738693 281.72563107311726 464.25938552618027 214.47911766171455 3599.5430483818054
leaf_count=1903 22319 5100 4027 9205 9156 1412 5571 1715 29980 9440 1135 1863 863 14488
internal_value=-0.000141466 0.00243826 -0.00132842 -0.00347902 0.00411828 0.00492491 -0.00483461 0.00525441 0.00580525 -0.00287791 -0.00571127 0.000613175 -0.0119479 -0.00570655
internal_weight=29409.8 16588.5 5116.79 12821.4 11471.7 9192.06 7270.72 8840.15 7901.83 3846.63 1497.57 938.315 496.205 5886.66
internal_count=118177 66594 20565 51583 46029 36873 29264 35461 31695 15465 6025 3766 1998 23693
is_linear=0
shrinkage=0.03


Tree=7
num_leaves=15
num_cat=0
split_feature=0 13 4 4 6 0 18 7 10 11 0 15 6 13
split_gain=280.492 111.294 40.347 33.5809 39.2246 41.747 26.2048 26.1734 25.5606 24.7897 24.2276 21.7369 44.1628 21.5019
threshold=0.0017641026242267435 0.11040278515317371 0.0016158837750454016 -0.069123337719570951 0.030982364909222224 -0.0084216456838923631 6.4277557680710755 1.5056139499169456 2.3241266423594902 41.408986662149111 -0.0010491166651129186 0.040523658161721883 0.01091691602585443 0.0027656282079285836
decision_type=2 2 2 2 2 2 2 2 2 2 2 10 2 2
left_child=1 2 7 -3 8 -6 -7 13 10 -2 -5 -4 -13 -1
right_child=9 3 11 4 5 6 -8 -9 -10 -11 -12 12 -14 -15
leaf_value=0.013366954235449209 0.0001054606110713021 0.0073838253579873924 0.00020725728103507851 0.00097606546830469963 -0.0013771246072063893 -0.014756564701542392 -0.0036129783721350795 -0.0032585473451467021 0.0081184213478110376 -0.0043157621838792286 -0.0043836362673721771 0.022952040799409837 -0.010768499811163007 0.0050838783913125336
leaf_weight=291.11313389241695 1291.95416405797 423.69909310340881 2569.5500787943602 3005.1408929973841 1281.8904122412205 459.58932822942734 325.5080683529377 327.20041798055172 344.19287645816803 9784.7829764336348 1013.3595215529203 102.58629438281059 51.045751258730888 8116.0096535086632
leaf_count=1166 5195 1700 10319 12071 5155 1853 1310 1313 1383 39393 4072 412 205 32548
internal_value=-3.22312e-05 0.00224725 0.00405589 -0.000776733 -0.00131662 -0.00471865 -0.0101573 0.00504975 0.000296639 -0.00380016 -0.000377018 0.000866811 0.0117537 0.00537381
internal_weight=29387.6 18310.9 11457.5 6853.38 6429.68 2066.99 785.097 8734.32 4362.69 11076.7 4018.5 2723.18 153.632 8407.12
internal_count=118095 73507 45963 27544 25844 8318 3163 35027 17526 44588 16143 10936 617 33714
is_linear=0
shrinkage=0.03


Tree=8
num_leaves=15
num_cat=0
split_feature=0 6 0 1 11 1 6 2 17 0 14 17 15 18
split_gain=254.034 92.6622 62.8007 44.2871 39.5254 37.6929 30.183 29.7058 25.4701 24.6562 23.0437 22.222 22.6673 22.0392
threshold=0.0017641026242267435 0.015325672818743903 -0.0038138336987865169 -0.023318266791922945 43.832974226448265 0.0031095055702672352 0.030037904592201459 -0.075001304254538756 -0.12940952255126037 -0.051943565562889642 0.091890163285153842 -0.78656609248549325 -0.023418151217777346 5.7869088065549041
decision_type=2 2 2 2 2 2 2 2 2 2 10 2 8 2
left_child=1 2 -1 -2 8 11 10 -6 9 -3 13 12 -4 -5
right_child=3 4 5 6 7 -7 -8 -9 -10 -11 -12 -13 -14 -15
leaf_value=0.0074419673688527616 0.0030808333343689612 0.013248544014691927 -0.0067870211691934915 -0.0054886986226145565 -0.012678528408253424 -0.0015675143260553421 -0.007675430670814754 -0.0014786516360566855 0.0049157897230856879 -0.0019240042566857013 0.0057901384032567598 0.0026011266066799359 0.00862102803326153 -0.0023497633958321539
leaf_weight=3179.5264351218939 802.97822977602482 102.77931676805019 92.288825675845146 3587.5969064980745 221.01896500587463 1672.4020842760801 1869.9587182551622 4839.6856741458178 1620.8301719427109 1203.2169249802828 233.85323357582092 4313.2846015244722 1028.3416165411472 4596.554276496172
leaf_count=12745 3227 412 370 14444 890 6716 7542 19458 6503 4831 940 17301 4124 18506
internal_value=-0.000117504 0.00205629 0.00393857 -0.00369877 -0.000367969 0.00236942 -0.00422841 -0.00197261 0.00240602 -0.000711523 -0.00346106 0.00358123 0.00734228 -0.00372675
internal_weight=29364.3 18273.4 10285.8 11090.9 7987.53 7106.32 10288 5060.7 2926.83 1306 8418 5433.92 1120.63 8184.15
internal_count=118009 73350 41256 44659 32094 28511 41432 20348 11746 5243 33890 21795 4494 32950
is_linear=0
shrinkage=0.03


Tree=9
num_leaves=15
num_cat=0
split_feature=0 13 4 0 6 13 2 1 18 18 18 6 6 16
split_gain=229.189 93.3023 43.6286 41.0007 38.2023 36.2414 35.8259 34.7662 26.0673 23.5554 27.2922 22.7115 22.3022 20.2334
threshold=0.0018390412381656953 0.11040278515317371 -0.059768993989039669 -0.0026587877269412803 0.043003527173543055 0.021176652976161784 0.010733065427773971 -0.0020692480584405533 5.9669141118540532 5.8277165348363322 6.5971442968740472 0.030037904592201459 0.02750335385324831 0.60355339059327384
decision_type=2 2 2 2 2 2 2 2 2 2 2 2 2 2
left_child=1 3 -3 5 8 -1 9 -2 12 -6 -11 -9 -4 -5
right_child=7 2 4 13 6 -7 -8 11 -10 10 -12 -13 -14 -15
leaf_value=0.0094319412018479855 -0.00053823847849543578 0.007815767086736718 -0.0013392708936892234 0.0032339078605043855 -0.0023895057945048852 0.0040083139810324839 -0.0018930927593861597 -0.0036347910162836164 0.001638615451855564 -0.024385281176445398 -0.0069124238783964762 -0.0076865062320907373 -0.0093216638765145233 -0.00042241346161028804
leaf_weight=1612.4495011568069 2824.6721780896187 500.38165786862373 1953.4665437042713 4421.9708767384291 143.42805515229702 3561.2197984755039 689.0985201895237 6598.2879672944546 2882.0777195096016 189.22468507289886 142.57232658565044 1536.2042728215456 373.80792424082756 1967.5173543691635
leaf_count=6458 11359 2007 7847 17740 578 14281 2773 26580 11581 765 574 6204 1505 7894
internal_value=2.92962e-05 0.0020715 -0.000696313 0.00371674 -0.00136682 0.00570166 -0.00627461 -0.00340616 -0.000267907 -0.0125935 -0.0169636 -0.00440166 -0.00262831 0.00210824
internal_weight=29396.4 18437.2 6874.06 11563.2 6373.68 5173.67 1164.32 10959.2 5209.35 475.225 331.797 8134.49 2327.27 6389.49
internal_count=118146 74003 27630 46373 25623 20739 4690 44143 20933 1917 1339 32784 9352 25634
is_linear=0
shrinkage=0.03


Tree=10
num_leaves=15
num_cat=0
split_feature=0 13 1 0 1 13 6 15 14 6 1 6 18 1
split_gain=216.007 83.7621 39.3968 35.9327 34.3288 30.4625 29.4722 24.897 23.8428 22.9605 21.5262 20.4346 22.0884 20.278
threshold=0.00079497010097118192 0.11040278515317371 -0.0013068126703492664 -0.0026587877269412803 0.00072667428179862281 0.017264391663652238 0.030037904592201459 0.0027756458356100748 0.1528521108526795 0.014706098257380741 -0.048435215076411457 0.0053657069969023381 6.509715679537325 -0.11636169456726007
decision_type=2 2 2 2 2 2 2 8 10 2 2 2 2 2
left_child=1 3 10 5 13 -1 8 9 11 -5 -2 12 -4 -3
right_child=2 4 6 7 -6 -7 -8 -9 -10 -11 -12 -13 -14 -15
leaf_value=0.0096653812957733596 0.006783988068033828 0.010362920966590779 -0.0034852893944303741 0.0070064354917015589 -0.0031465599996077947 0.0044010016132821602 -0.0076528023600032757 0.00081156776344240404 0.01308587620873986 -0.0030129357549110005 -0.00098305151573772355 -0.0037686137411387477 0.0081252511346891713 0.00085065670640498505
leaf_weight=1337.0156769007444 354.0385549813509 211.12695075571537 307.65197056531906 1281.1351457536221 2458.7605009824038 3820.8418705910444 1571.8996989428997 3506.4548584222794 78.725243136286736 244.00262296199799 3274.852724134922 6926.3064760118723 279.78670051693916 3773.3624473959208
leaf_count=5353 1422 846 1237 5136 9894 15318 6353 14064 316 979 13169 27902 1125 15159
internal_value=6.27271e-05 0.00231684 -0.00286779 0.00400952 -0.000360386 0.00576885 -0.0039152 0.00220446 -0.00313957 0.00540162 -0.000221971 -0.00331301 0.00205341 0.00135963
internal_weight=29426 16632.7 12793.3 10189.5 6443.25 5157.86 9164.37 5031.59 7592.47 1525.14 3628.89 7513.75 587.439 3984.49
internal_count=118273 66749 51524 40850 25899 20671 36933 20179 30580 6115 14591 30264 2362 16005
is_linear=0
shrinkage=0.03


Tree=11
num_leaves=15
num_cat=0
split_feature=0 6 0 1 1 2 14 13 2 6 13 17 0 13
split_gain=221.324 90.5128 51.0482 39.6147 38.2389 28.8756 25.9265 24.9893 22.6279 22.575 18.8842 17.5667 19.1534 17.4425
threshold=0.0018390412381656953 0.015526725360126526 -0.0040149114325989102 0.00064180119162315929 -0.043080631008699626 0.0018100625007571901 -0.028570218923330611 0.81519504435463663 0.022838254213679136 0.051659662103912006 1.2809168888588851 -0.12940952255126037 -0.051943565562889642 0.15756054374253306
decision_type=2 2 2 2 2 2 8 2 2 2 2 2 2 2
left_child=1 2 8 11 -2 -4 -7 -5 -1 -6 -9 12 -3 -13
right_child=4 3 5 7 9 6 -8 10 -10 -11 -12 13 -14 -15
leaf_value=0.0081888235128115446 0.0059475245853036467 0.009144261933912089 0.0040788354968432795 -0.0020643187028529988 -0.0032152559098665547 0.015673194116028761 -0.00026094264009264762 -0.017888000041679505 0.00094413818600457477 -0.0083671628907465451 -0.0045053890000818445 0.0052811711825808717 -0.0014637975176880009 0.00057447301214892503
leaf_weight=2668.5933032780886 387.99554726481438 162.90446186065674 4481.0290896743536 2370.3330741971731 9749.56908005476 92.966040551662445 2847.6177031695843 165.26108372211456 454.62856064736843 829.85063238441944 223.69436380267143 1346.3538475036621 2155.2511266618967 1494.7353576719761
leaf_count=10688 1558 653 17965 9534 39291 373 11430 668 1824 3353 902 5399 8658 6005
internal_value=9.38006e-05 0.00209881 0.00391876 -0.000325128 -0.00328135 0.00256349 0.000253123 -0.00322533 0.00713554 -0.00362088 -0.0102539 0.00122662 -0.000711094 0.00280706
internal_weight=29430.8 18463.4 10544.8 7918.53 10967.4 7421.61 2940.58 2759.29 3123.22 10579.4 388.955 5159.24 2318.16 2841.09
internal_count=118301 74099 42280 31819 44202 29768 11803 11104 12512 42644 1570 20715 9311 11404
is_linear=0
shrinkage=0.03


Tree=12
num_leaves=15
num_cat=0
split_feature=0 13 0 4 13 5 15 13 18 11 12 17 6 16
split_gain=180.678 88.7857 27.2621 26.5074 46.3437 48.6402 26.3178 25.0659 19.4264 19.3483 18.7575 18.3439 17.5671 15.827
threshold=0.0017641026242267435 0.11040278515317371 -0.0026587877269412803 -0.015184643000453078 0.81519504435463663 0.022192420974492259 0.029097863793630111 0.027557500344866485 5.5317210469676317 37.572039958257513 -0.065033467945075848 0.91597561503675351 0.0046183528509822795 0.37940952255126054
decision_type=2 2 2 2 2 2 8 2 2 2 2 2 2 2
left_child=1 2 7 10 6 -6 -5 -1 -8 -2 13 -10 -11 -3
right_child=9 3 -4 4 5 -7 8 -9 11 12 -12 -13 -14 -15
leaf_value=0.0077732742953113259 0.0020470817515722264 -0.00047605988750335393 0.0021799714427375 -0.003241079864875459 -0.020972835225638736 -0.0037868201680023861 -0.0039866311719009397 0.0034635785842123345 0.0041505633188571815 0.00589862620137881 0.019848902900405394 -0.0050369610868443385 -0.0034448129314210087 0.0052338872739825081
leaf_weight=1976.9150541871786 650.64220768213272 1157.4287029504776 6312.753477320075 2055.7059221118689 214.60358239710331 473.19092236459255 458.28421613574028 3161.7637480795383 1495.6471326947212 182.61753943562508 50.606236949563026 223.23842413723469 10248.335097983479 699.5170581638813
leaf_count=7914 2617 4648 25318 8264 870 1906 1843 12673 6011 735 203 897 41323 2809
internal_value=5.51746e-05 0.00188744 0.00350171 -0.00082003 -0.00198365 -0.00919441 -0.000808196 0.00512395 0.00148982 -0.00296704 0.00218055 0.00295288 -0.00328014 0.00167821
internal_weight=29361.2 18279.7 11451.4 6828.22 4920.67 687.795 4232.88 5138.68 2177.17 11081.6 1907.55 1718.89 10431 1856.95
internal_count=118031 73356 45905 27451 19791 2776 17015 20587 8751 44675 7660 6908 42058 7457
is_linear=0
shrinkage=0.03


Tree=13
num_leaves=15
num_cat=0
split_feature=1 0 6 0 6 4 0 14 6 13 13 3 2 6
split_gain=197.928 88.0377 46.8192 37.453 30.4271 27.3995 25.1633 27.877 24.7449 24.7285 50.0067 29.6857 22.2144 19.8945
threshold=0.004227231284300915 0.00079497010097118192 0.015526725360126526 -0.0056130666509366369 0.026802471059042123 -0.02375719598091974 -0.0017817802072466191 0.1528521108526795 0.0046183528509822795 0.81519504435463663 1.8079501277464378 0.18293155383972917 0.020161052352856732 0.047687063302093866
decision_type=2 2 2 2 2 2 2 10 2 2 2 2 2 2
left_child=1 2 3 -1 6 -4 -2 8 -8 -7 11 13 -5 -11
right_child=4 -3 5 12 -6 9 7 -9 -10 10 -12 -13 -14 -15
leaf_value=0.0084138704200192871 0.00091338031409404828 -0.0011554300178187368 0.0037352207259389548 0.0040807331695992119 -0.0061437635651722475 0.00029831143940485028 0.010594053817810319 0.017625732811875332 -0.0038132751890884629 -0.010518181223763245 0.0081348229381658851 -0.003016939797972574 -0.0023707800816532157 -0.032095669671192331
leaf_weight=1833.4000323563814 1595.7641377002001 6281.0331656187773 2066.1590601801872 5288.1352131217718 2698.5660475641489 2918.8934327363968 107.48581966757774 54.595428615808487 5666.3482612222433 70.403880223631859 123.810841396451 116.06446139514446 527.02734361588955 90.877143323421478
leaf_count=7341 6407 25277 8286 21189 10906 11721 432 219 22836 285 498 467 2115 370
internal_value=-1.87518e-05 0.00176199 0.00316776 0.00467629 -0.00341636 0.00102467 -0.00242361 -0.00333724 -0.00354149 -0.000663422 -0.00762795 -0.0146725 0.00349542 -0.0229207
internal_weight=29438.6 19315.8 13034.8 7648.56 10122.8 5386.21 7424.19 5828.43 5773.83 3320.05 401.156 277.345 5815.16 161.281
internal_count=118349 77549 52272 30645 40800 21627 29894 23487 23268 13341 1620 1122 23304 655
is_linear=0
shrinkage=0.03


Tree=14
num_leaves=15
num_cat=0
split_feature=1 0 13 0 1 13 13 4 18 13 13 18 0 12
split_gain=176.899 60.5385 49.426 25.8838 22.8847 20.8959 20.3928 26.8755 29.6431 23.3864 21.7243 31.3942 20.2303 21.4853
threshold=0.0031095055702672352 0.0017641026242267435 0.028681187321816685 -4.014738664270822e-05 -0.043080631008699626 0.81519504435463663 0.22605818090605492 -0.069123337719570951 6.3774398697901988 2.1931808517866282 0.81519504435463663 5.8792902345532143 -0.0051184536202491171 -0.027892723179811837
decision_type=2 2 2 2 2 2 2 2 2 2 2 2 2 2
left_child=1 2 -1 5 -3 -2 12 -8 9 10 -9 -12 -4 -14
right_child=3 4 6 -5 -6 -7 7 8 -10 -11 11 -13 13 -15
leaf_value=0.005331843538839128 -0.00023103668134593098 0.0057054737250956207 0.0043432445345174871 -0.0040601483130411281 -0.0018796225909700431 -0.0083055153229709671 0.0076434286013534643 -0.0039533811820898117 0.0021332831545995252 0.0079259502263294875 -0.0044060845333847376 -0.025006559986110715 -0.00029710632156428274 0.0046426359855921643
leaf_weight=4435.9735277891159 3227.8699519187212 389.05494990944862 2702.8584276735783 7571.0893431156874 4238.6874301731586 314.77370782196522 293.32254107296467 887.64837585389614 909.10251416265965 113.72184506058693 149.5935201048851 119.53023235499859 3020.0196568667889 1072.2710509598255
leaf_count=17767 12971 1562 10835 30558 17072 1272 1175 3566 3653 457 603 487 12112 4300
internal_value=-8.39033e-05 0.00172656 0.00272829 -0.00306998 -0.00123975 -0.000952758 0.00148127 -0.00085093 -0.00200003 -0.00495633 -0.00623428 -0.0136727 0.00233001 0.000998851
internal_weight=29445.5 18331.8 13704 11113.7 4627.74 3542.64 9268.07 2472.92 2179.6 1270.49 1156.77 269.124 6795.15 4092.29
internal_count=118390 73589 54955 44801 18634 14243 37188 9941 8766 5113 4656 1090 27247 16412
is_linear=0
shrinkage=0.03


Tree=15
num_leaves=15
num_cat=0
split_feature=0 6 11 1 13 13 1 7 15 15 13 0 18 17
split_gain=165.399 82.3919 52.0278 34.7353 44.3208 57.8767 25.2906 23.6135 22.5939 30.702 26.8906 21.5647 20.5632 18.257
threshold=0.0029064848325477404 0.015237999880255995 50.058288254203951 -0.0047851169974619792 0.87359046014016351 1.4129243865511079 -0.024098690640197425 0.51176001223136136 0.042231733027426895 0.019876578101424073 0.18773225598745372 -0.0020845156397581994 6.3195888272332068 -0.12940952255126037
decision_type=2 2 2 2 2 2 2 2 10 10 2 2 2 2
left_child=1 2 11 13 -5 -6 -2 -4 9 -9 -10 -1 -11 -3
right_child=6 3 7 4 5 -7 -8 8 10 12 -12 -13 -14 -15
leaf_value=0.0067010747713693178 0.002129324803060197 -0.0010172133710777576 0.0066400612603919442 -0.0015850261275733254 -0.021141092761162827 -0.00049054692046518163 -0.0037614248895404497 0.00035080253638267026 0.01224474343447607 -0.0026108057894477601 -0.01153950416145939 0.0032523672341504091 -0.016325915146283492 0.0027948660193652811
leaf_weight=3148.6274943500757 707.87241792678833 2068.3873380571604 551.68040725588799 3517.4225320070982 252.32605130970478 235.21092201769352 8742.1673589795828 3591.3742441236973 241.14157208800316 236.52514424920082 50.256486758589745 3400.5794425457716 167.60895717144012 2490.0161712765694
leaf_count=12603 2844 8305 2214 14149 1027 950 35290 14420 968 950 202 13636 673 9991
internal_value=-5.07813e-05 0.0014978 0.00316937 -0.000725322 -0.00276306 -0.011221 -0.00331981 0.000809709 5.66561e-05 -0.000533132 0.00809205 0.00491192 -0.00835134 0.00106544
internal_weight=29401.2 19951.2 11387.8 8563.36 4004.96 487.537 9450.04 4838.59 4286.91 3995.51 291.398 6549.21 404.134 4558.4
internal_count=118222 80088 45666 34422 16126 1977 38134 19427 17213 16043 1170 26239 1623 18296
is_linear=0
shrinkage=0.03


Tree=16
num_leaves=15
num_cat=0
split_feature=0 13 1 1 1 13 13 15 0 3 0 6 6 3
split_gain=168.141 61.5945 36.5842 31.0319 28.0653 24.1154 32.7662 22.6116 21.6309 20.8552 22.3735 18.4518 17.557 38.3116
threshold=0.0013405087200688561 0.15281898009249731 0.0043819209662561151 -0.070262746854692568 -0.048435215076411457 0.81519504435463663 1.049724957285044 0.0014257057095417027 -0.0026587877269412803 -0.010145724394926723 -0.0038138336987865169 0.0097461489108194143 0.030037904592201459 0.36058839698027739
decision_type=2 2 2 2 2 2 2 8 2 2 2 2 2 2
left_child=1 2 7 -3 -2 -5 8 -1 -7 -9 -11 -4 13 -6
right_child=4 3 11 5 12 6 -8 9 -10 10 -12 -13 -14 -15
leaf_value=0.0057914762094409718 0.005626586679633166 0.0067443144117282656 0.0036609166382205404 -0.00064060096658775175 -0.0026446527758886723 -0.0080343236800932503 -0.0018590179895809269 0.00088108656842351355 -0.025274298581850197 0.0075641662565791032 0.0026851876982044174 -0.0024425481070361526 -0.0055217942832738922 0.023010767499022471
leaf_weight=3250.3959405720234 342.68683882057667 435.83414614200592 635.47152835130692 3986.007790595293 9202.4164361208677 179.08116638660431 523.71995787322521 3018.507596462965 104.11364924907684 1222.3330271840096 2750.2135929167271 1480.7596069127321 2128.0250781923532 50.70501820743084
leaf_count=13019 1375 1747 2550 16024 37113 726 2113 12092 426 4896 11024 5946 8613 204
internal_value=-2.75321e-05 0.00182761 0.00298234 -0.000901584 -0.00281019 -0.00159937 -0.00632222 0.00372421 -0.0145052 0.00276168 0.00418948 -0.000608046 -0.00306517 -0.00249912
internal_weight=29310.3 17586.4 12357.7 5228.76 11723.8 4792.92 806.915 10241.5 283.195 6991.05 3972.55 2116.23 11381.1 9253.12
internal_count=117868 70563 49527 21036 47305 19289 3265 41031 1152 28012 15920 8496 45930 37317
is_linear=0
shrinkage=0.03


Tree=17
num_leaves=15
num_cat=0
split_feature=0 1 13 1 4 16 14 3 13 13 0 0 12 4
split_gain=170.663 62.8624 42.2321 32.4584 27.9192 21.3561 19.9266 19.9224 19.2076 35.325 26.5201 18.1677 17.2608 16.425
threshold=0.0013405087200688561 0.0031095055702672352 0.15756054374253306 -0.012990388072477209 -0.10378133343599093 0.12940952255126045 0.0058014493447178248 -0.16495958023099086 2.1931808517866282 0.81519504435463663 -0.01340778902273909 0.015300598204218254 -0.040274792951212716 1.0000000180025095e-35
decision_type=2 2 2 2 2 2 10 2 2 2 2 2 2 2
left_child=1 2 5 -2 -4 6 7 -1 9 -6 -11 -5 -7 -9
right_child=3 -3 4 11 8 12 -8 13 -10 10 -12 -13 -14 -15
leaf_value=-0.0021715626535112106 0.0015868192648512492 -0.0011758606847979435 0.011797439411655227 -0.0026458901317372363 0.00014784860189281582 0.001157524385918687 0.00045459824804858543 0.0074689926943473095 0.0089058685753094918 0.00024163891144853862 -0.015348095777351991 -0.0057306978954604123 0.0050427483942131158 0.0031897428903800767
leaf_weight=255.84188044071198 1388.7245011925697 4360.1766373664141 170.86640527844429 8173.8445549756289 2579.7923721671104 3071.7263442128897 680.7860512137413 3318.1540968567133 179.06015147268772 160.40919788181782 251.00687076151371 2177.1065611094236 1546.9526307582855 1072.4708254188299
leaf_count=1025 5584 17534 684 32988 10360 12305 2728 13287 719 645 1022 8810 6197 4299
internal_value=8.47888e-05 0.00194939 0.00297497 -0.00271796 5.67324e-05 0.00395508 0.00524951 0.00595155 -0.00058309 -0.00115669 -0.00929797 -0.0032957 0.00246044 0.00642566
internal_weight=29386.9 17647.2 13287.1 11739.7 3341.13 9945.93 5327.25 4646.47 3170.27 2991.21 411.416 10351 4618.68 4390.62
internal_count=118187 70805 53271 47382 13430 39841 21339 18611 12746 12027 1667 41798 18502 17586
is_linear=0
shrinkage=0.03


Tree=18
num_leaves=15
num_cat=0
split_feature=1 6 6 2 17 1 12 10 18 1 6 6 18 7
split_gain=152.51 35.5061 35.5001 30.6287 26.0475 34.6607 29.9427 36.026 29.9666 21.9697 24.2241 20.2287 18.8191 21.5241
threshold=0.0031095055702672352 0.024385474324264623 0.015526725360126526 0.0013991059758771132 -0.12940952255126037 -0.05940051006713442 -0.13469263679665935 1.1276802754114656 7.3433438635650337 -0.0035863431123641649 0.051659662103912006 0.0046183528509822795 7.7486544584267447 0.53283355230268015
decision_type=2 2 2 2 2 2 2 2 2 2 2 2 2 2
left_child=2 11 3 -1 5 -4 7 -7 -8 -6 -11 -2 13 -5
right_child=1 -3 4 12 9 6 8 -9 -10 10 -12 -13 -14 -15
leaf_value=0.0040302596727998562 0.0083885494982266513 -0.0054469687178449232 0.0058501381309859256 0.0074370148303050491 0.0028386262185691258 -0.0079749310349698996 -0.00045568811278119594 0.0021634684899188611 0.02251520323405411 -0.00092517265702349793 -0.018698209393283351 -0.0019197656317716005 -0.01001148813328342 0.00022561397711691193
leaf_weight=6770.7656691968441 173.25740492343903 3174.6002416312695 465.22130680084229 419.99894781410694 3393.0611595958471 1306.5020095258951 1272.7665955722332 414.67551225423813 51.247959792613983 862.81900957226753 73.045973256230354 7753.2180835753679 141.39446228742599 3177.0233509689569
leaf_count=27141 696 12851 1865 1685 13623 5257 5117 1669 206 3473 298 31248 568 12755
internal_value=8.37643e-06 -0.00276688 0.00168756 0.00282709 0.000159607 -0.00176017 -0.00292589 -0.00553266 0.000466053 0.00171649 -0.00234931 -0.00169239 0.000647001 0.0010713
internal_weight=29449.6 11101.1 18348.5 10509.2 7839.34 3510.41 3045.19 1721.18 1324.01 4328.93 935.865 7926.48 3738.42 3597.02
internal_count=118452 44795 73657 42149 31508 14114 12249 6926 5323 17394 3771 31944 15008 14440
is_linear=0
shrinkage=0.03


Tree=19
num_leaves=15
num_cat=0
split_feature=0 4 6 0 7 7 6 12 0 6 4 1 6 17
split_gain=136.318 67.754 42.8436 25.2681 23.6292 23.0218 29.6593 21.0538 20.689 30.026 29.381 20.2098 19.5766 16.4991
threshold=0.0018390412381656953 0.002199847999301952 0.015152164665063561 -0.0038138336987865169 1.2419100436374426 1.2358687128231436 0.019571981820402217 -0.007479455033291337 -0.0051184536202491171 0.047687063302093866 -0.006758112940248028 -0.0020692480584405533 0.0046183528509822795 -0.78656609248549325
decision_type=2 2 2 2 2 2 2 2 2 2 2 2 2 2
left_child=1 2 3 -1 11 6 7 -3 -4 -10 -11 -2 -13 -5
right_child=4 5 8 13 -6 -7 -8 -9 9 10 -12 12 -14 -15
leaf_value=0.0068677479925829225 -0.00076937820694743015 0.00027984121223462464 0.0023036534581530265 0.006538737471478197 0.0005320455419037405 0.002532591430475122 -0.0056746571508821814 -0.0098009627898128001 -0.00037343388600486312 -0.0041613422139824075 -0.028937787797381001 0.0064665147856114401 -0.0042600907590910524 0.0022847499751380753
leaf_weight=2431.394236817956 2335.6165259629488 2813.8657057136297 3286.093665510416 1028.3125652223825 1867.9531259089708 1258.5575766563416 1396.8381107151508 197.68483243882656 1841.156322285533 123.81340096890926 64.747234284877777 155.08385352790356 6552.9842957258224 4055.2035647183657
leaf_count=9729 9402 11299 13187 4118 7544 5061 5630 794 7396 499 268 624 26500 16245
internal_value=0.000119771 0.00168842 0.00289493 0.00435266 -0.00253927 -0.00104333 -0.00206491 -0.00038795 0.000833287 -0.00154715 -0.0128834 -0.00317362 -0.00401025 0.0031475
internal_weight=29409.3 18497.7 12830.7 7514.91 10911.6 5666.95 4408.39 3011.55 5315.81 2029.72 188.561 9043.68 6708.07 5083.52
internal_count=118296 74226 51442 30092 44070 22784 17723 12093 21350 8163 767 36526 27124 20363
is_linear=0
shrinkage=0.03


Tree=20
num_leaves=15
num_cat=0
split_feature=0 13 6 1 0 6 4 6 1 12 6 3 10 0
split_gain=127.866 63.3368 29.6529 27.3311 25.2971 46.2965 27.8214 22.7249 21.2861 19.7708 19.7669 24.3511 17.4638 17.2588
threshold=0.0013405087200688561 0.028101190006990632 0.0039874921610819104 0.01078797003266785 -0.0038138336987865169 0.051659662103912006 -0.0052001162108264434 0.016125666290632883 -0.045679188905821892 -0.027892723179811837 0.030037904592201459 0.36058839698027739 0.27398607579347306 -0.003211349131628793
decision_type=2 2 2 2 2 2 2 2 2 2 2 2 2 2
left_child=1 13 -3 4 7 9 -7 -4 -2 12 11 -10 -6 -1
right_child=8 2 3 -5 5 6 -8 -9 10 -11 -12 -13 -14 -15
leaf_value=0.0069743423434302588 0.0047544462151914426 0.013462702821321421 0.0049623028417762416 -0.0026526906074259963 0.0076720536341936887 -0.0027458418998354823 -0.029851431197144042 0.0010195329917357832 -0.0020560194794841968 0.0033061144728329292 -0.0051535648444657684 0.018436938941105249 -0.0016350175131709943 0.0032612108902854852
leaf_weight=1817.3310758173466 370.23815946280956 158.05644425749779 2061.2691850215197 2103.8893986046314 189.89113430678844 62.826108574867249 73.651685684919357 3634.830436527729 9234.8460695147514 1212.5289854258299 2115.8703678846359 50.500305339694023 3342.6497329324484 2978.7576612383127
leaf_count=7272 1485 633 8254 8476 762 254 304 14595 37274 4863 8580 203 13416 11930
internal_value=0.000113542 0.00172966 0.00063058 0.000468549 0.00108975 -0.000494989 -0.0175935 0.00244756 -0.00230756 4.00458e-06 -0.00253769 -0.00194062 -0.00113066 0.00467051
internal_weight=29407.1 17635.7 12839.6 12681.5 10577.6 4881.55 136.478 5696.1 11771.5 4745.07 11401.2 9285.35 3532.54 4796.09
internal_count=118301 70759 51557 50924 42448 19599 558 22849 47542 19041 46057 37477 14178 19202
is_linear=0
shrinkage=0.03


Tree=21
num_leaves=15
num_cat=0
split_feature=0 13 4 1 1 12 0 4 13 5 13 3 0 13
split_gain=130.267 43.0886 31.3164 25.3178 23.696 21.9645 26.5893 26.0038 30.2042 19.9329 18.7326 18.2327 17.2052 15.8701
threshold=0.0017641026242267435 0.15056452287923386 -0.10378133343599093 0.0031095055702672352 -0.045679188905821892 -0.090823663306099242 -0.0045731822611134723 -0.01912652985800772 0.81519504435463663 0.016845784387104271 0.0036886029634298771 -0.3642750604999318 0.026779842262313894 1.1552197602662877
decision_type=2 2 2 2 2 2 2 2 2 2 2 2 2 2
left_child=1 3 11 10 -2 6 -4 -8 -9 -7 -1 -3 -6 -10
right_child=4 2 5 -5 12 9 7 8 13 -11 -12 -13 -14 -15
leaf_value=0.0094438083171908497 0.0048193324781379502 -0.0018965549241692443 -0.00080416550356621414 -6.1303105721199406e-05 -0.0024146629460153942 0.006800529163900869 0.0014178992412986586 -0.0058110037968155366 -0.024685870626991645 -0.00029097302067464335 0.002916042097856971 0.017366386603822333 -0.0063115010744080689 -0.0062590634381628103
leaf_weight=410.83155633509159 375.32303087413311 65.617371574044228 2144.9351674169302 2752.7098974436522 9521.5045295655727 454.59710521996021 264.10016293823719 552.51369112730026 143.76365134119987 1630.2498608827591 9786.4351892322302 131.36137966811657 1141.3173250705004 61.504333049058914
leaf_count=1644 1505 263 8631 11053 38468 1825 1062 2226 595 6557 39196 526 4630 249
internal_value=4.42746e-06 0.00155016 -0.000687868 0.00249177 -0.00257186 -0.00113009 -0.00270361 -0.0066812 -0.00950018 0.00126035 0.00318084 0.010995 -0.00283287 -0.0192783
internal_weight=29436.8 18398.6 5448.64 12950 11038.1 5251.66 3166.82 1021.88 757.782 2084.85 10197.3 196.979 10662.8 205.268
internal_count=118430 73827 21934 51893 44603 21145 12763 4132 3070 8382 40840 789 43098 844
is_linear=0
shrinkage=0.03


Tree=22
num_leaves=15
num_cat=0
split_feature=1 6 4 1 13 13 18 17 13 3 6 16 15 15
split_gain=113.553 41.9056 29.7269 28.1714 35.0869 35.7746 24.6444 24.6428 23.1679 24.19 22.4649 19.8721 28.1577 25.7986
threshold=0.0031095055702672352 0.015427605059776564 0.0016158837750454016 -0.048435215076411457 0.87359046014016351 1.049724957285044 5.4984256706959629 0.78656609248549303 0.004432255034453437 -0.034965811565990705 0.0043140838264520238 0.78656609248549325 -0.019470157027640763 -0.023736017320735488
decision_type=2 2 2 2 2 2 2 2 2 2 2 2 8 8
left_child=1 2 8 -3 6 -6 7 -5 9 -1 -2 13 -13 -10
right_child=10 3 -4 4 5 -7 -8 -9 11 -11 -12 12 -14 -15
leaf_value=0.016961830090461573 0.0096975360300290431 0.0036658060222700965 -0.00020851644348252607 -0.0063931093502859332 -0.018131664025883652 -0.0023698889064277823 0.00059619942105859506 0.0039707505871727543 -0.0027094902292876337 0.0029341917411931061 -0.0025848150684433359 0.010768941415336686 -0.0012807991544947241 0.004561706509057341
leaf_weight=228.59015700221062 133.76944167912006 1374.6876981854439 2468.6616387665272 962.2270406037569 205.48512652516365 347.18146039545536 4732.2750268280506 261.27888087928295 476.67432947456837 214.6235663741827 10921.756277695298 197.14208635687828 1410.569240629673 5407.4695385992527
leaf_count=915 537 5510 9920 3869 845 1401 19016 1050 1911 859 44116 790 5654 21672
internal_value=-3.44915e-05 0.00141655 0.00266646 -0.000233265 -0.00105768 -0.00827447 -0.000385449 -0.00417705 0.00356071 0.0102127 -0.00243447 0.00316456 0.000208318 0.00397195
internal_weight=29342.4 18286.9 10403.7 7883.14 6508.45 552.667 5955.78 1223.51 7935.07 443.214 11055.5 7491.86 1607.71 5884.14
internal_count=118065 73412 41721 31691 26181 2246 23935 4919 31801 1774 44653 30027 6444 23583
is_linear=0
shrinkage=0.03


Tree=23
num_leaves=15
num_cat=0
split_feature=0 13 0 12 11 15 4 6 3 10 13 17 6 14
split_gain=106.836 51.8721 31.4411 23.0176 22.1871 20.0294 18.7489 20.2033 24.5195 29.3837 22.8448 18.5777 22.8735 15.8782
threshold=0.0017641026242267435 0.15281898009249731 -0.0030188150184142777 -0.12875717860803496 41.998025877767517 0.0035289195824357304 -0.050223868013445021 0.0271472431301347 0.021923799666774716 0.69307828516160408 0.87359046014016351 0.37940952255126048 0.014706098257380741 0.091890163285153842
decision_type=2 2 2 2 2 10 2 2 2 2 2 2 2 10
left_child=1 2 3 11 -2 -5 -3 -8 9 -9 -11 12 -1 -6
right_child=4 6 -4 5 13 -7 7 8 -10 10 -12 -13 -14 -15
leaf_value=0.0061163871866763151 0.0012852356159705899 0.0040841569218752994 0.0012149179412473405 0.0069290009668937077 -0.0030996082960879873 0.001491275681833811 0.00016626980498611515 -0.0010041278188531353 -0.001410711164699815 -0.0087779095986741211 -0.024085239989348486 0.0054313025168074769 -0.0025910101674499657 0.0014949069100975338
leaf_weight=366.30040353536606 1402.7517124563456 583.65139658749104 7270.3689752370119 2706.8925243020058 8917.7347387373447 788.35589019954205 2625.2732653170824 309.19212156534195 1409.663370385766 321.96889659762383 121.08013433218002 796.94929324090481 1031.2809704691172 731.40129706263542
leaf_count=1466 5652 2340 29143 10838 36064 3158 10551 1250 5685 1298 504 3192 4135 2962
internal_value=9.08423e-05 0.00149541 0.00252263 0.00419259 -0.00223866 0.00570407 -0.000983352 -0.00160263 -0.00374883 -0.00811499 -0.0130507 0.00178225 -0.000303358 -0.00275111
internal_weight=29382.9 18331 12960.1 5689.78 11051.9 3495.25 5370.83 4787.18 2161.9 752.241 443.049 2194.53 1397.58 9649.14
internal_count=118238 73560 51932 22789 44678 13996 21628 19288 8737 3052 1802 8793 5601 39026
is_linear=0
shrinkage=0.03


Tree=24
num_leaves=15
num_cat=0
split_feature=4 0 7 13 15 0 7 11 18 13 3 13 12 3
split_gain=114.656 55.8633 27.9966 27.3389 24.856 23.7057 23.2634 24.3297 24.1373 19.5912 20.4352 19.3901 20.9967 20.0657
threshold=0.002199847999301952 0.0018390412381656953 1.2419100436374426 0.15520274825734307 0.028097892499568736 -0.0054855831234728028 0.51176001223136136 61.499413377235406 7.8331228726160829 0.4751106078186495 0.0025751772044477765 0.004432255034453437 -0.23853532422223692 -0.037012581936896487
decision_type=2 2 2 2 10 2 2 2 2 2 2 2 2 2
left_child=1 3 6 11 -4 -5 7 9 -8 10 -2 12 -1 -14
right_child=2 -3 4 5 -6 -7 8 -9 -10 -11 -12 -13 13 -15
leaf_value=-0.0084624866372972965 -0.0056593454816103858 -0.0012988297225875135 -0.00087279695643008434 0.0020908136843068273 0.0069209503509016015 -0.0036015221347547974 -0.0032514984080078465 0.0098055472254744824 -0.014412970923817141 -0.012220379222697229 0.0078686332025000028 0.0029700971761173665 0.016799739707335504 0.0042693658756683874
leaf_weight=54.469526141881943 187.53602473437786 4633.422944098711 2022.5498132556677 1725.0395244210958 448.18773119151592 1062.1433709263802 8515.2226546704769 241.71196292340755 176.22402799129486 119.67485354840755 212.04231080412865 9444.4199305027723 247.27873282134533 216.89413924515247
leaf_count=218 756 18703 8160 6929 1807 4290 34375 975 711 485 854 37824 990 868
internal_value=-3.20843e-05 0.00152189 -0.00229761 0.00254698 0.00054543 -7.94563e-05 -0.00304071 0.00198487 -0.00348107 -0.0016793 0.00152292 0.00328159 0.00892068 0.0109881
internal_weight=29306.8 17383.7 11923.1 12750.2 2470.74 2787.18 9452.41 760.965 8691.45 519.253 399.578 9963.06 518.642 464.173
internal_count=117945 69822 48123 51119 9967 11219 38156 3070 35086 2095 1610 39900 2076 1858
is_linear=0
shrinkage=0.03


Tree=25
num_leaves=15
num_cat=0
split_feature=0 6 0 13 1 10 1 4 10 18 13 0 15 15
split_gain=108.713 45.5781 39.879 30.315 24.6916 24.4483 22.8485 19.0764 17.2244 20.6578 19.0371 28.9382 15.6364 22.3173
threshold=0.0017641026242267435 0.02646302242622332 -0.0030188150184142777 0.027557500344866485 -0.05940051006713442 1.376667586089545 -0.048435215076411457 0.0016158837750454016 0.68413548861700268 6.1317479788316307 0.87359046014016351 -0.0051184536202491171 0.0039781077084435354 -0.023736017320735488
decision_type=2 2 2 2 2 2 2 2 2 2 2 2 8 10
left_child=1 2 3 -1 -3 8 -2 12 9 -6 -10 -12 13 -4
right_child=6 4 7 -5 5 -7 -8 -9 10 -11 11 -13 -14 -15
leaf_value=0.0073282893866711014 0.0053965359067870682 0.0033851916630162075 -0.0020296321868878823 0.0027195634396121847 -0.0056903850859235435 0.0016553515758076769 -0.0025439982780599201 -0.0012172305515543507 -0.0047598189997871314 0.0040134116650545363 -0.0057891469298350798 -0.026300380357486088 0.00060715927403190277 0.0056805165856753737
leaf_weight=1748.101814314723 334.56977915763855 731.87106183171272 432.53379455208778 4847.1097228229046 402.6096076965332 809.6635627001524 10698.515517696738 2772.0735800862312 1057.2753673046827 383.69473858177662 160.95782396197319 100.18681429326534 3354.9637285619974 1527.7819407433271
leaf_count=6996 1341 2932 1733 19433 1625 3267 43280 11136 4256 1545 652 418 13441 6119
internal_value=5.03004e-05 0.00146654 0.002212 0.00394299 -0.00153483 -0.00277183 -0.00230227 0.000799759 -0.00447488 -0.000957032 -0.00656829 -0.0137983 0.00185174 0.00397898
internal_weight=29361.9 18328.8 14682.6 6595.21 3646.26 2914.39 11033.1 8087.35 2104.72 786.304 1318.42 261.145 5315.28 1960.32
internal_count=118174 73553 58858 26429 14695 11763 44621 32429 8496 3170 5326 1070 21293 7852
is_linear=0
shrinkage=0.03


Tree=26
num_leaves=15
num_cat=0
split_feature=1 0 6 13 11 12 13 6 1 15 0 0 13 14
split_gain=100.217 45.6294 31.839 30.8268 25.3282 23.0669 26.4811 22.4063 20.2245 21.3817 19.7347 19.3732 19.0481 28.2926
threshold=0.0031095055702672352 0.0017641026242267435 0.024385474324264623 0.15281898009249731 38.444831674371386 -0.24310515434411686 0.0036886029634298771 0.0048614378942083859 -0.045679188905821892 -0.024593655012705714 -0.0038138336987865169 -0.0017817802072466191 0.49029415634853307 0.019373597691925152
decision_type=2 2 2 2 2 2 2 2 2 10 2 2 2 10
left_child=1 3 4 5 -2 -1 7 -7 -3 -10 -5 -6 -13 -14
right_child=2 8 -4 10 11 6 -8 -9 9 -11 -12 12 13 -15
leaf_value=-0.0014966542030993755 0.0096724375365083055 0.005476735374957414 -0.0048513982293095824 0.001236474637845169 0.0013632194247654354 -0.0049176941245913687 0.003139690598604015 0.014564128234942837 -0.0039541125234318292 0.00030461946158122794 -0.0036674485715671784 -0.0025910799800146728 -0.0063678717939070545 0.019615132320072823
leaf_weight=924.56394201517105 183.54219463467598 366.76735661923885 3145.3734518289566 2449.1921515613794 1624.866297274828 62.970748022198677 8912.1502579599619 310.83231081068516 2143.7478182911873 2098.3334242254496 1055.0692100524902 5926.0770741552114 66.20140329003334 83.368557408452034
leaf_count=3704 738 1470 12768 9837 6524 252 35686 1245 8651 8466 4260 23947 268 336
internal_value=-4.12225e-05 0.00131873 -0.0023004 0.00218649 -0.00128169 0.00301958 0.00346947 0.0112735 -0.00126334 -0.00184839 -0.000241257 -0.00154523 -0.00232325 0.00818248
internal_weight=29353.1 18323.6 11029.4 13714.8 7884.06 10210.5 9285.95 373.803 4608.85 4242.08 3504.26 7700.51 6075.65 149.57
internal_count=118152 73571 44581 54984 31813 40887 37183 1497 18587 17117 14097 31075 24551 604
is_linear=0
shrinkage=0.03


Tree=27
num_leaves=15
num_cat=0
split_feature=0 4 6 15 1 11 6 2 4 3 6 3 15 13
split_gain=94.7756 51.2514 33.9734 23.4766 19.9595 15.7497 17.7441 20.7027 15.7323 17.1162 24.7919 19.4998 20.9097 18.9171
threshold=0.0017641026242267435 0.002199847999301952 0.01496777734917301 0.0083069088997382873 -0.0041716576418795439 63.036525736724421 0.024385474324264623 0.22788676173168157 -0.023107804294289488 0.22927487504593361 0.041948375830750631 -0.069985508422455558 -0.023736017320735488 0.041373117143839407
decision_type=2 2 2 10 2 2 2 2 2 2 2 2 10 2
left_child=1 2 3 -1 -2 6 -3 -8 -4 10 11 12 -10 -13
right_child=4 5 8 -5 -6 -7 7 -9 9 -11 -12 13 -14 -15
leaf_value=0.0043055518382728759 0.0001905462168741789 -0.00082335690129557943 0.0023065230290844627 -0.00084787617175508651 -0.0029043965381335708 0.0017469403007063713 -0.0066807375148222759 0.005848146213662554 -0.01131335262450143 0.011262682710075576 -0.01042410757009956 0.006286341205127108 0.00051305007978229115 -0.00069197554679679681
leaf_weight=6443.0098466724157 2397.047640144825 3170.9026105552912 2450.2279006242752 906.93987295031548 8611.2050819396973 1340.3724740892649 997.78905741870403 133.13205604255199 275.94115962088108 97.817559629678726 246.74609227478504 444.59381920099258 260.4835229665041 1608.7044590562582
leaf_count=25792 9654 12733 9826 3631 34890 5394 4032 537 1107 394 1013 1781 1046 6463
internal_value=-2.94808e-05 0.00128914 0.0023436 0.00366959 -0.00223056 -0.00109076 -0.00197533 -0.00519812 0.0005329 -0.000948698 -0.00137745 -0.00050812 -0.00558997 0.000823663
internal_weight=29384.9 18376.7 12734.5 7349.95 11008.3 5642.2 4301.82 1130.92 5384.51 2934.29 2836.47 2589.72 536.425 2053.3
internal_count=118293 73749 51053 29423 44544 22696 17302 4569 21630 11804 11410 10397 2153 8244
is_linear=0
shrinkage=0.03


Tree=28
num_leaves=15
num_cat=0
split_feature=1 0 13 1 11 1 1 0 10 13 18 15 15 15
split_gain=86.6686 34.5636 31.9974 23.9726 28.8537 22.9214 17.0787 15.6819 17.1541 17.3366 19.9682 21.8708 17.5431 16.291
threshold=0.0031095055702672352 0.0017641026242267435 0.22210977421164593 0.078409632034074264 84.561541085741325 -0.070262746854692568 -0.023318266791922945 -0.0040149114325989102 0.56723756028618177 0.028681187321816685 5.8277165348363322 0.040523658161721883 0.01762039116448522 0.019455508571120998
decision_type=2 2 2 2 2 2 2 2 2 2 2 10 10 8
left_child=1 2 7 4 -2 -4 -3 -1 13 -10 -11 12 -12 -9
right_child=3 6 5 -5 -6 -7 -8 8 9 10 11 -13 -14 -15
leaf_value=0.004042978673557256 -0.0018290628060809945 0.0029964753565058589 0.0055824021356179459 -0.0070881937451686677 0.020311692315836068 -0.0023261658214681984 -0.0018320358062572954 0.0073187478345588504 0.0028441665277472877 -0.0040049005849229508 0.0015055446933707945 0.017186876999174112 -0.0092691169158480215 0.0010065855177518175
leaf_weight=4591.9327873587608 10186.225241750479 796.03935118019581 389.93236769735813 804.24359104037285 51.262479484081268 2080.971222653985 3792.5413806736469 847.36828362941742 2328.4728677868843 1018.1394069641829 1554.9745747298002 72.365141957998276 147.0243651419878 650.58138900995255
leaf_count=18389 41175 3198 1562 3271 207 8390 15312 3393 9320 4081 6231 290 590 2606
internal_value=-8.72522e-06 0.00125939 0.00201498 -0.00210688 -0.00171425 -0.00107461 -0.000993432 0.00269601 0.00176059 0.000933748 -0.000660111 0.0012615 0.000565007 0.00458228
internal_weight=29312.1 18270.3 13681.8 11041.7 10237.5 2470.9 4588.58 11210.9 6618.93 5120.98 2792.5 1774.36 1702 1497.95
internal_count=118015 73362 54852 44653 41382 9952 18510 44900 26511 20512 11192 7111 6821 5999
is_linear=0
shrinkage=0.03


Tree=29
num_leaves=15
num_cat=0
split_feature=1 0 11 12 12 0 7 15 14 14 15 14 15 7
split_gain=84.0619 41.8394 25.2072 22.284 20.6615 20.6026 18.5877 18.2899 17.3047 17.2807 16.1748 24.1191 28.8856 15.6615
threshold=0.0031095055702672352 -0.0038138336987865169 42.27635000990832 -0.14057600852781674 -0.098690224316123829 -0.051943565562889642 0.32402060167153418 -0.028756159123452193 0.00040924213119897251 -0.07433893493751241 0.0064402198338222591 0.0050241374433031014 -0.024593655012705714 0.51920402616007555
decision_type=2 2 2 2 2 2 2 8 10 8 8 10 10 2
left_child=1 4 -2 6 5 -1 -4 -5 -6 -8 11 12 -3 -12
right_child=2 10 3 7 8 -7 9 -9 -10 -11 13 -13 -14 -15
leaf_value=0.0087094126404077127 0.0034822310066222788 -0.0033865504579019012 0.0079675896952637378 -0.011398421826064044 0.0066016391707444631 0.0010764230499357209 -0.012542073663514055 -0.0013175851197721742 0.0012006206124147523 -0.0043512902965056706 0.0031638926105505903 -0.0014387635040551379 0.0046429362429506842 -0.0011371516091994026
leaf_weight=348.24817444384098 697.85064366459846 484.36750341951847 99.604106977581978 163.68968620896339 2025.5743189007044 3495.056857123971 254.38039091229439 7327.0980348289013 726.11914609372616 2505.7291729003191 859.83583278954029 1480.811620131135 2368.2534164637327 6575.7818840891123
leaf_count=1395 2814 1946 403 662 8112 14017 1035 29612 2911 10164 3453 5952 9507 26447
internal_value=3.80555e-05 0.00128201 -0.00202945 -0.00240166 0.00319453 0.00177223 -0.00465381 -0.00154086 0.00517832 -0.00511471 0.000209942 0.00166636 0.00327813 -0.000639073
internal_weight=29412.4 18364 11048.4 10350.5 6595 3843.31 2859.71 7490.79 2751.69 2760.11 11769.1 4333.43 2852.62 7435.62
internal_count=118430 73740 44690 41876 26435 15412 11602 30274 11023 11199 47305 17405 11453 29900
is_linear=0
shrinkage=0.03


Tree=30
num_leaves=15
num_cat=0
split_feature=1 6 15 14 17 18 1 14 18 1 18 15 10 6
split_gain=66.9261 31.2968 25.4612 27.682 21.5677 24.897 18.1638 21.6261 20.5605 17.3572 17.1094 16.6473 18.8368 17.8723
threshold=0.0040806349215833934 0.015526725360126526 0.0014257057095417027 0.0058014493447178248 -0.5 7.3753346684308703 0.13440996462098478 0.10101714291889276 4.6880996950778213 -0.05940051006713442 4.4568968727451592 -0.004032257731299004 0.3705564112750202 0.026151925405482935
decision_type=2 2 8 10 2 2 2 10 2 2 2 10 2 2
left_child=1 2 3 -1 5 9 7 11 -9 -3 -6 13 -13 -2
right_child=6 4 -4 -5 10 -7 -8 8 -10 -11 -12 12 -14 -15
leaf_value=0.0062961106648684829 2.8285340499814311e-06 0.0032885397947024311 0.0011644299585338036 0.00060793195374031158 -0.010330611723810628 0.012137685984316271 -0.0086883363772850327 0.02171121704253906 0.0020847878619563998 -0.0041284644455391864 0.00098989488615009217 0.0033216757889493439 -0.0041793531299460542 -0.0040268589782612597
leaf_weight=2180.9604373574257 4105.9584033638239 324.8251294195652 7719.2983438372612 1190.3391740918159 120.94872997701168 97.517106086015701 343.21722130477428 50.633645430207253 558.16725182533264 2184.7641217261553 5304.3283956646919 327.7423809915781 3552.8616262823343 1303.5149092376232
leaf_count=8743 16583 1301 30972 4776 486 392 1399 204 2265 8798 21331 1325 14371 5302
internal_value=3.40922e-05 0.00108221 0.00211492 0.00428928 -0.000343862 -0.00258529 -0.00192267 -0.00168638 0.00378285 -0.0031666 0.000733807 -0.00204553 -0.00354446 -0.00096933
internal_weight=29365.1 19123 11090.6 3371.3 8032.38 2607.11 10242.1 9898.88 608.801 2509.59 5425.28 9290.08 3880.6 5409.47
internal_count=118248 76799 44491 13519 32308 10491 41449 40050 2469 10099 21817 37581 15696 21885
is_linear=0
shrinkage=0.03


Tree=31
num_leaves=15
num_cat=0
split_feature=4 6 4 12 2 13 13 2 14 3 10 1 15 6
split_gain=74.3584 42.4319 31.5062 39.1734 35.7536 24.162 38.1099 22.6384 21.8678 22.3729 22.4593 20.8305 20.7625 26.3555
threshold=0.0017324211808972258 0.014706098257380741 -0.023107804294289488 -0.10081363487687271 0.0020269767827683087 0.81519504435463663 1.049724957285044 -0.05573865171211944 -0.045112291590919888 -0.13552772900782137 3.1060220698289167 -0.0087100294376373216 0.0014257057095417027 0.01223634965884546
decision_type=2 2 2 2 2 2 2 2 8 2 2 2 8 2
left_child=1 12 8 4 5 -4 -7 -2 -3 -10 -11 -9 -1 -14
right_child=7 2 3 -5 -6 6 -8 11 9 10 -12 -13 13 -15
leaf_value=0.0044487804019967946 -0.013331549407059433 -0.00079989284116440209 -0.0049945383760816153 0.0017362649846631292 0.0017245912799718607 -0.025403422359833824 0.0025289270285999144 0.0017791414479875619 -0.0012437439576453606 0.0071296704559045731 -0.010538034805225201 -0.0022636551263934793 0.00038104812080372237 0.005404024647571181
leaf_weight=3168.804600417614 154.32431872189045 1664.7271738499403 2119.137461617589 1554.4016521424055 718.20975233614445 128.47669173777103 65.789821088314056 1279.8430821895599 518.24429619312286 1179.2592115700245 66.783845901489258 10942.923508405685 4538.9196490347385 1183.8575515598059
leaf_count=12709 629 6690 8539 6248 2896 537 267 5147 2082 4734 268 44233 18199 4751
internal_value=-0.000218879 0.00107454 -0.00050841 -0.00213444 -0.0041189 -0.00593297 -0.0160145 -0.00198553 0.00166624 0.00399147 0.00616737 -0.00184011 0.00250123 0.00142166
internal_weight=29283.7 16906.6 8015.03 4586.02 3031.61 2313.4 194.267 12377.1 3429.01 1764.29 1246.04 12222.8 8891.58 5722.78
internal_count=117929 67920 32261 18487 12239 9343 804 50009 13774 7084 5002 49380 35659 22950
is_linear=0
shrinkage=0.03


Tree=32
num_leaves=15
num_cat=0
split_feature=1 12 18 10 15 15 17 10 1 17 10 2 16 5
split_gain=73.364 21.6588 28.9516 32.6687 27.0186 44.6459 22.6137 22.0631 24.611 39.5212 26.6102 19.4631 20.5356 19.1063
threshold=0.0028441976001980511 -0.13469263679665935 6.2059616618843512 1.2745636704202787 0.017176272779922733 0.040523658161721883 0.25881904510252057 1.1276802754114656 -0.05940051006713442 0.37940952255126048 0.86107145630965376 0.053369642090820964 0.12940952255126045 0.030581016438037571
decision_type=2 2 2 2 10 10 2 2 2 2 2 2 2 2
left_child=1 7 3 11 -4 6 -6 8 -1 10 -10 12 -3 -7
right_child=-2 2 4 -5 5 13 -8 -9 9 -11 -12 -13 -14 -15
leaf_value=0.0045065972719827568 -0.001792179933659499 0.0038317827082054077 0.0044586400891548248 -0.0035101186803267689 -0.0025816173679299561 0.016503185946055269 -0.017536584991083723 0.0030201370084984806 -0.0025461207337584739 0.0018008505976920028 -0.009696152305029463 -0.0079915953760609088 1.1599644433225481e-05 -0.00031465380272386538
leaf_weight=598.86380040645599 11225.214150115848 2799.6395034044981 4711.641392275691 1317.7299794256687 226.44814988970757 115.96384081244469 151.08692845702171 1496.3393177986145 1923.8684812188148 1536.0207567363977 618.30145810544491 175.87582078576088 2311.1637942939997 125.30106255412102
leaf_count=2398 45428 11234 18903 5291 910 465 607 6016 7739 6174 2491 708 9273 504
internal_value=0.000113191 0.00129439 0.00204048 0.000712669 0.00368476 -0.00220307 -0.00862736 -0.000148208 -0.00116272 -0.00199704 -0.00429139 0.00176615 0.00210493 0.00783805
internal_weight=29333.5 18108.2 11934.9 6604.41 5330.44 618.8 377.535 6173.39 4677.05 4078.19 2542.17 5286.68 5110.8 241.265
internal_count=118141 72713 47895 26506 21389 2486 1517 24818 18802 16404 10230 21215 20507 969
is_linear=0
shrinkage=0.03


Tree=33
num_leaves=15
num_cat=0
split_feature=0 13 0 13 5 5 18 18 2 18 14 10 13 16
split_gain=89.0792 39.8189 39.5487 25.7656 20.7306 30.8777 31.8773 25.722 20.4855 20.2984 20.3799 21.179 16.3708 19.5391
threshold=0.0029064848325477404 0.49029415634853307 -0.01340778902273909 0.022993345508844801 0.021580426894385111 -0.086024121394309691 6.4037954543346851 5.7551341724644676 0.0018100625007571901 5.9191012281178583 -0.17595056348143609 3.2473383646980083 0.11040278515317371 0.37940952255126054
decision_type=2 2 2 2 2 2 2 2 2 2 10 2 2 2
left_child=1 3 -3 8 5 -4 7 -7 -1 -5 11 -11 -12 -14
right_child=-2 2 4 9 -6 6 -8 -9 -10 10 12 -13 13 -15
leaf_value=0.0043046918585143415 -0.0024343617182528798 0.0017350224834672505 0.0075297044289921325 -0.00039798813980498177 -0.0027752987773866766 -0.0098260251730734084 -0.0010755477017681246 -0.027334218032884775 -0.0013715669283810455 0.00409590409787373 0.0022201242711586823 -0.010096565766974024 -0.0039634498043011309 0.0024521222168674382
leaf_weight=3907.9867338836193 9388.3307279199362 802.60994106531143 64.843794390559196 6175.5494782924652 474.28711393475533 141.13651190698147 116.37978577613831 169.32077120244503 669.35066735744476 3215.6962531805038 2263.2397796660662 95.640633657574654 1154.2268789112568 675.95479233562946
leaf_count=15653 38039 3234 261 24795 1919 572 470 710 2684 12910 9078 384 4644 2719
internal_value=-2.539e-05 0.00110974 -0.00318496 0.00152835 -0.00726804 -0.011573 -0.0144967 -0.0194887 0.00347441 0.000872005 0.001931 0.00368014 0.00051494 -0.00159385
internal_weight=29314.6 19926.2 1768.58 18157.6 965.968 491.681 426.837 310.457 4577.34 13580.3 7404.76 3311.34 4093.42 1830.18
internal_count=118072 80033 7166 72867 3932 2013 1752 1282 18337 54530 29735 13294 16441 7363
is_linear=0
shrinkage=0.03


Tree=34
num_leaves=15
num_cat=0
split_feature=1 13 13 6 1 18 6 14 10 15 15 17 6 13
split_gain=63.7068 27.9858 40.5455 21.3219 21.2944 17.6924 17.3278 16.9985 14.8051 17.3331 14.6391 14.2916 13.9075 21.6235
threshold=0.004227231284300915 0.87359046014016351 1.049724957285044 0.0041502101104138938 -0.040913649946423873 5.4984256706959629 0.023337875838234618 0.011172408206371167 0.75453778002774274 -0.023736017320735488 0.019876578101424073 -0.70710678118654757 0.016458657622802641 0.30144424719951363
decision_type=2 2 2 2 2 2 2 8 2 8 10 2 2 2
left_child=1 5 4 -2 -3 7 -6 -1 9 11 -11 -7 -9 -14
right_child=3 2 -4 -5 6 8 -8 12 -10 10 -12 -13 13 -15
leaf_value=0.0013934805566733881 0.014018850136409832 0.0039698369915365048 5.1313092186606718e-05 -0.0020433558564114411 -0.001056576588265187 -0.012947998443845555 -0.021255671959458503 -0.00060141387261199381 0.0011902028434759985 0.0044795969684064156 -0.0025569841740952157 0.00088002706561906283 -0.0085425109672112171 0.0040167382615832921
leaf_weight=2887.9523534178734 72.96440264582634 51.541995763778687 677.41807924211025 10044.52208070457 48.165016904473305 95.374288231134415 187.28591448068619 1798.9157230556011 8898.1441890895367 3466.3610882610083 286.93987888097763 216.82277257740498 526.44970771670341 159.63788494467735
leaf_count=11590 293 207 2727 40686 196 383 784 7221 35719 13911 1153 870 2119 643
internal_value=3.23124e-06 0.00101398 -0.00396207 -0.00192477 -0.01337 0.00127609 -0.0171673 -0.000171357 0.00187594 0.00337549 0.00394058 -0.00339988 -0.00198959 -0.00561706
internal_weight=29418.5 19301 964.411 10117.5 286.993 18336.6 235.451 5372.96 12963.6 4065.5 3753.3 312.197 2485 686.088
internal_count=118502 77523 3914 40979 1187 73609 980 21573 52036 16317 15064 1253 9983 2762
is_linear=0
shrinkage=0.03


Tree=35
num_leaves=15
num_cat=0
split_feature=1 11 13 12 10 1 10 14 16 15 15 15 15 17
split_gain=60.8963 20.3957 19.4768 17.5219 27.9078 23.0479 25.9251 21.2101 21.1763 24.2454 23.007 22.2032 21.2266 19.8049
threshold=0.0035078825047871747 42.417211959890011 0.0036886029634298771 -0.13469263679665935 1.1836321863824832 -0.05940051006713442 0.86107145630965376 -0.056010863527638614 0.60355339059327384 0.0039781077084435354 -0.020245755708424348 -0.040798492048550898 -0.019470157027640763 0.37940952255126048
decision_type=2 2 2 2 2 2 2 10 2 10 8 10 8 2
left_child=2 -2 -1 4 5 -4 -7 -8 9 10 11 -5 13 -10
right_child=1 -3 3 8 -6 6 7 -9 12 -11 -12 -13 -14 -15
leaf_value=0.0074056865301423387 0.0032232385134519648 -0.0021448139153997436 0.0039361786963940885 0.01064399055669649 0.0034044737708575578 -0.00087543475304525931 -0.0091521207687233208 -0.00023697557665397042 0.010182585909687333 -0.00054357131419360317 0.0038975108305950587 -0.0036348700397818953 -0.0011833924165188055 -0.0059273371566427469
leaf_weight=421.04429662227631 678.73671591281891 9970.3892588466406 610.87928956747055 112.66450402140617 1339.1680068969727 3051.4304481893778 737.55482143163681 355.84819215536118 285.50895997881889 1981.6626270711422 5776.019695147872 673.93832080066204 3188.2163941413164 88.769124418497086
leaf_count=1688 2738 40393 2446 452 5385 12274 2977 1431 1145 7958 23178 2704 12796 356
internal_value=7.16165e-06 -0.00180213 0.00104186 0.000893856 -0.000417919 -0.00149525 -0.00229727 -0.00625642 0.0015542 0.00236421 0.00324214 -0.00156791 -0.000388754 0.00635053
internal_weight=29271.8 10649.1 18622.7 18201.7 6094.88 4755.71 4144.83 1093.4 12106.8 8544.29 6562.62 786.603 3562.49 374.278
internal_count=117921 43131 74790 73102 24513 19128 16682 4408 48589 34292 26334 3156 14297 1501
is_linear=0
shrinkage=0.03


Tree=36
num_leaves=15
num_cat=0
split_feature=0 13 7 11 0 3 17 15 15 4 11 6 15 15
split_gain=61.8228 30.747 22.1442 18.3135 18.2431 22.0145 25.8365 17.345 15.1907 15.0469 19.6128 18.2722 15.2893 14.8796
threshold=0.00073715138367624899 0.082989514551217516 1.5056139499169456 38.854709249657979 -0.0040149114325989102 -0.015877908421096595 -0.12940952255126037 -0.01091644441513173 0.015521876716009244 -0.10378133343599093 40.956824971259913 0.02646302242622332 0.029097863793630111 0.0027756458356100748
decision_type=2 2 2 2 2 2 2 8 10 2 2 2 8 8
left_child=1 2 4 -2 5 6 -1 -7 -4 10 -3 12 -11 -6
right_child=3 9 8 -5 13 7 -8 -9 -10 11 -12 -13 -14 -15
leaf_value=-0.0012353370032140306 0.0021947693919227083 0.011966443939543808 -0.0024783966030671426 -0.0019940465448591454 0.0038690218963455475 -0.00084778356081004246 0.0056047676574886981 0.0088380265800532907 -0.020080310103113019 -0.001021500958855309 -0.008545647300332776 -0.0024315832800145946 0.0024411516367331687 0.00042742203391161229
leaf_weight=941.44855560362339 1018.7441646009684 178.04255342483521 285.04677058756351 11828.849537536502 1648.4408937841654 195.32728067040443 1049.3178138881922 1108.6951409131289 50.387097761034966 2385.1954648196697 53.117123574018478 2795.7538598924875 2208.5055954754353 3591.5067789703608
leaf_count=3772 4099 713 1142 47899 6600 782 4202 4439 202 9576 213 11304 8868 14386
internal_value=-0.000101521 0.00111396 0.00231444 -0.00166161 0.00261195 0.0043606 0.00237204 0.00738813 -0.00522581 -0.000283611 0.00722019 -0.000520238 0.00064357 0.00151118
internal_weight=29338.4 16490.8 8870.17 12847.6 8534.74 3294.79 1990.77 1304.02 335.434 7620.61 231.16 7389.45 4593.7 5239.95
internal_count=118197 66199 35525 51998 34181 13195 7974 5221 1344 30674 926 29748 18444 20986
is_linear=0
shrinkage=0.03


Tree=37
num_leaves=15
num_cat=0
split_feature=4 6 0 17 7 7 6 14 17 4 11 0 7 14
split_gain=66.9124 37.2267 30.1948 26.8112 29.0624 26.6081 25.5577 26.3197 25.4554 25.7845 20.2343 19.4689 19.3997 23.2468
threshold=0.002199847999301952 0.01496777734917301 -0.0031115690323645045 -0.78656609248549325 1.6197026017204801 1.2419100436374426 0.024949542457571822 0.091890163285153842 -0.37940952255126015 -0.023107804294289488 39.816467569754259 -0.0029284478414651201 0.8736727370473536 -0.040925544461369194
decision_type=2 2 2 2 2 2 2 10 2 2 2 2 2 8
left_child=1 2 -1 10 -5 6 11 -8 -3 12 -4 -2 13 -10
right_child=5 8 3 4 -6 -7 7 -9 9 -11 -12 -13 -14 -15
leaf_value=0.0050556814339822115 0.0015359759662446574 -0.002645449184724574 -0.0028577261636522138 0.00066026974361873799 -0.01577590758762153 0.00098148342461840685 -0.0072831086408236831 0.00044793618692888894 -0.0036809562958635845 -0.00098630890225900837 0.0067211203463145497 -0.002418252680774083 0.0060853624025668995 0.0051622135591663058
leaf_weight=2730.532851010561 1380.8214397877455 2871.6670969575644 239.2534246891737 5270.893711194396 96.633562430739403 2466.9753457158804 1620.2903050333261 524.14455887675285 571.67465813457966 2859.9186948537827 1135.1920711994171 5918.0868672281504 1123.5332535505295 499.37165293097496
leaf_count=10933 5544 11573 959 21157 388 9969 6595 2131 2297 11537 4558 23933 4512 2005
internal_value=-5.98296e-05 0.00112611 0.00239528 0.00131662 0.000358597 -0.00179215 -0.00251679 -0.00539482 -0.000390895 0.000890549 0.00505198 -0.00166997 0.00333509 0.000444078
internal_weight=29309 17398.7 9472.51 6741.97 5367.53 11910.3 9443.34 2144.43 7926.17 5054.5 1374.45 7298.91 2194.58 1071.05
internal_count=118091 69919 37995 27062 21545 48172 38203 8726 31924 20351 5517 29477 8814 4302
is_linear=0
shrinkage=0.03


Tree=38
num_leaves=15
num_cat=0
split_feature=0 4 6 0 17 15 7 17 18 7 14 7 6 18
split_gain=73.1897 32.8396 25.9366 20.8545 18.4672 17.2932 21.3136 22.5245 16.0109 23.4028 15.6482 15.6423 22.3965 23.7421
threshold=0.0030036320245300234 0.002199847999301952 0.01496777734917301 -0.039883634675900552 -0.12940952255126037 0.0039781077084435354 1.2784513610558383 -0.37940952255126015 6.412088360640845 0.97586688403051747 0.0058014493447178248 1.2358687128231436 0.024385474324264623 7.3433438635650337
decision_type=2 2 2 2 2 8 2 2 2 2 10 2 2 2
left_child=1 2 5 -4 -5 10 8 -8 -7 -10 -1 12 13 -3
right_child=-2 11 3 4 -6 6 7 -9 9 -11 -12 -13 -14 -15
leaf_value=0.0059673811663028759 -0.0022244384499649559 5.7310782236086132e-05 0.0062838111793030371 -0.0022450254449786437 0.0013428683366959588 0.0012504907362196488 0.0043943404008543749 -0.010545237929862604 0.0024027126152093656 0.010860832029051684 0.0010797015508433817 0.0020797092976973363 -0.0055011059878368272 -0.0096169704699752261
leaf_weight=2267.476236552 9253.6055266857147 3732.5001046657562 474.69456413388252 2345.2167210429907 2867.5733607113361 3220.6196347773075 144.04884313046932 239.75433170795441 910.12252351641655 434.35939145088196 797.77092090249062 1351.1880242675543 1026.8246283829212 241.18296813964844
leaf_count=9083 37528 15016 1903 9440 11526 12902 577 961 3645 1740 3195 5440 4166 971
internal_value=-1.77364e-05 0.00100067 0.00182716 0.000277592 -0.000271555 0.00292652 0.00182857 -0.00494441 0.00239991 0.00514734 0.00469683 -0.000782236 -0.00155609 -0.000534413
internal_weight=29306.9 20053.3 13701.6 5687.48 5212.79 8014.15 4948.9 383.803 4565.1 1344.48 3065.25 6351.7 5000.51 3973.68
internal_count=118093 80565 54972 22869 20966 32103 19825 1538 18287 5385 12278 25593 20153 15987
is_linear=0
shrinkage=0.03


Tree=39
num_leaves=15
num_cat=0
split_feature=0 6 0 4 7 3 4 12 18 7 13 2 7 4
split_gain=60.1845 35.4898 26.2738 21.0047 19.8171 17.2395 18.9325 18.7552 17.2698 16.3523 18.1697 35.3491 20.268 19.5117
threshold=0.00079497010097118192 0.025528549923779512 -0.039883634675900552 0.002199847999301952 1.5252060616627652 0.031304447633201511 -0.059768993989039669 -0.2343287097299481 6.60767037983873 1.2419100436374426 0.50403372394044355 0.033336108983634379 0.51176001223136136 -0.022468421965494808
decision_type=2 2 2 2 2 2 2 2 2 2 2 2 2 2
left_child=1 3 -3 4 5 6 -1 8 -8 10 12 13 -2 -12
right_child=9 2 -4 -5 -6 -7 7 -9 -10 -11 11 -13 -14 -15
leaf_value=0.020924919075042511 0.0029855448150827683 0.0039389908717135588 -0.0026802814504847468 -0.00010041429975092687 -0.0052403136826993275 -0.000689489270320114 -0.0042779201059152403 0.0035940566966675162 0.012189368194610519 0.00078920808977913748 -0.0028094424409815973 -0.00049520337188890546 -0.0020894114743591993 -0.014689814813433209
leaf_weight=52.698186531662941 769.0468956977129 655.21558962762356 3019.2150327712297 3610.1582468897104 279.97615352272987 1094.569151699543 463.57166580855846 7359.7949761003256 63.413124278187752 2088.4320132732391 183.47716772556305 593.20795574784279 8727.6308400034904 391.91657967865467
leaf_count=211 3106 2634 12200 14502 1122 4387 1859 29472 254 8454 742 2418 35326 1602
internal_value=-8.81249e-05 0.00110258 -0.00149845 0.00184219 0.00259501 0.00283895 0.00332544 0.00320257 -0.00225778 -0.00163773 -0.00211302 -0.00564017 -0.0016779 -0.0109243
internal_weight=29352.3 16598.6 3674.43 12924.2 9314.02 9034.05 7939.48 7886.78 526.985 12753.7 10665.3 1168.6 9496.68 575.394
internal_count=118289 66641 14834 51807 37305 36183 31796 31585 2113 51648 43194 4762 38432 2344
is_linear=0
shrinkage=0.03


Tree=40
num_leaves=15
num_cat=0
split_feature=0 4 12 0 6 4 10 11 13 7 12 18 16 15
split_gain=60.7709 31.1284 24.1676 19.0392 25.5212 27.3571 18.025 16.7923 17.3971 19.4926 14.9892 18.5863 14.2332 25.7275
threshold=0.0029064848325477404 0.002199847999301952 -0.028475069013422446 -0.0057434755004540641 0.044072633726824996 -0.0052001162108264434 2.2532604807735619 63.036525736724421 0.39745265682640901 1.0108769861450178 -0.098690224316123829 5.0218125251066823 0.78656609248549325 -0.018951141829005366
decision_type=2 2 2 2 2 2 2 2 2 2 2 2 2 8
left_child=1 2 3 10 12 -6 -4 8 -3 -10 -1 -12 -5 -14
right_child=-2 7 6 4 5 -7 -8 -9 9 -11 11 -13 13 -15
leaf_value=0.0016016999927255661 -0.0020221160841363186 -0.00092274286470433032 0.0051418625849367324 0.0012733606033563905 -0.0028149485477831347 -0.024047035722721238 -0.0083259122230139124 0.0019217822857932371 -0.010142153376784502 -0.00044307401514477059 -0.0024414624705078655 0.0071789041175269498 0.0069077008665896179 -0.0038053055088289795
leaf_weight=3216.0194904655218 9398.2301264852285 4052.5747590661049 2122.7785240709782 5209.8470468968153 192.18793308734894 74.664979845285416 91.620399281382561 1509.734169960022 422.21031039953232 333.12511147558689 218.44186118245125 1021.8576950728893 239.11658307909966 1236.5625716894865
leaf_count=12904 38131 16309 8501 20897 780 321 367 6085 1716 1349 875 4094 959 4961
internal_value=-3.35508e-05 0.000903785 0.00171088 0.00115375 0.000172383 -0.00889034 0.00457763 -0.000836597 -0.0017032 -0.00587704 0.00268403 0.00548336 0.000536673 -0.00206239
internal_weight=29339 19940.7 13623.1 11408.7 6952.38 266.853 2214.4 6317.64 4807.91 755.335 4456.32 1240.3 6685.53 1475.68
internal_count=118249 80118 54659 45791 27918 1101 8868 25459 19374 3065 17873 4969 26817 5920
is_linear=0
shrinkage=0.03


Tree=41
num_leaves=15
num_cat=0
split_feature=0 6 0 7 11 18 15 18 15 10 13 16 2 3
split_gain=54.6087 27.851 37.394 20.6285 22.5252 19.1355 23.9774 28.9944 20.1156 19.1328 20.2223 18.4355 18.295 17.3771
threshold=0.0030036320245300234 0.014798405538477744 -0.0048091264327402459 0.32402060167153418 49.677941592928399 7.8331228726160829 0.040523658161721883 6.2059616618843512 0.020567258959094396 1.3334493362733515 0.015670325403402633 -0.70710678118654735 0.081436938821823471 0.078083576994385853
decision_type=2 2 2 2 2 2 10 2 10 2 2 2 2 2
left_child=1 2 -1 -4 -5 6 8 -8 -6 13 -11 -10 -2 -3
right_child=12 9 3 4 5 -7 7 -9 11 10 -12 -13 -14 -15
leaf_value=0.005243226677744379 -0.0024663216063983812 -0.00042263161582563552 0.0090319570352390167 0.0022269801978284749 -0.00044770553315346784 -0.011437178007957686 -8.523391497781609e-05 0.021130952366043183 0.0063885263799425274 0.015884620441291096 0.0014139040721010371 -0.012746503526622556 0.0012105315932578675 -0.0043191456670320224
leaf_weight=2367.9399782568216 7813.6270128786564 5340.4644713401794 275.78734908998013 4321.6735171079636 3384.1555497050285 147.04760535061359 139.50605669617653 97.172712340950966 55.651820689439774 88.397055312991142 2279.2618511170149 219.37797731161118 1441.5062610805035 1274.3963495343924
leaf_count=9487 31696 21502 1105 17310 13595 592 561 390 224 354 9179 883 5864 5143
internal_value=1.14656e-05 0.00089351 0.00190487 0.000988974 0.000721694 -0.000887687 -0.000483837 0.00872953 -0.00108421 -0.000346087 0.00196712 -0.00885639 -0.00189351 -0.0011744
internal_weight=29246 19990.8 11008.3 8640.37 8364.59 4042.91 3895.86 236.679 3659.19 8982.52 2367.66 275.03 9255.13 6614.86
internal_count=117885 80325 44147 34660 33555 16245 15653 951 14702 36178 9533 1107 37560 26645
is_linear=0
shrinkage=0.03


Tree=42
num_leaves=15
num_cat=0
split_feature=0 6 6 18 12 17 2 5 4 4 6 2 14 18
split_gain=48.4635 32.8296 17.2639 39.2141 17.3733 16.8241 13.699 15.0071 18.4095 13.5078 15.094 33.9448 14.4755 14.6726
threshold=-0.00092977195531407364 0.016021602937408397 0.0080723886218542606 6.0584569014117093 -0.14201780632109409 -0.78656609248549325 0.020161052352856732 -0.0057282669217427742 -0.018172395874226307 -0.012026455215787933 0.051659662103912006 0.087861275069696529 0.11275955306124953 4.8060426720901654
decision_type=2 2 2 2 2 2 2 2 2 2 2 2 10 2
left_child=1 6 3 4 -2 -5 7 8 -1 -4 12 -12 -11 -14
right_child=2 -3 9 5 -6 -7 -8 -9 -10 10 11 -13 13 -15
leaf_value=0.0061210618587641966 0.0082022545369037012 -3.4656652460024595e-05 0.00053148629213740093 0.0090540451159128316 -0.0032603215719989747 0.0022968334978370518 -0.00025882339378138216 0.0051842761191462118 0.00057972599729555474 -0.0018641358183879386 -0.013875689297619143 -0.00069113208663430597 0.018923124583898044 0.0017520000961123671
leaf_weight=731.27236990630627 126.51178693771362 6276.9367036372423 2454.8132395744324 420.06883695721626 1622.9192940443754 1558.8545571565628 977.97069235146046 2706.0575950443745 2044.6195946633816 9308.4488584697247 296.61908575892448 427.65555402636528 49.856965735554695 332.63856640458107
leaf_count=2931 509 25261 9902 1688 6536 6260 3924 10839 8188 37693 1226 1746 201 1350
internal_value=0.000118711 0.00151057 -0.000949394 0.00084785 -0.00242297 0.00373889 0.00301158 0.00359489 0.00204287 -0.00147009 -0.00194187 -0.00611407 -0.00162885 0.00407699
internal_weight=29335.2 12736.9 16598.4 3728.35 1749.43 1978.92 6459.92 5481.95 2775.89 12870 10415.2 724.275 9690.94 382.496
internal_count=118254 51143 67111 14993 7045 7948 25882 21958 11119 52118 42216 2972 39244 1551
is_linear=0
shrinkage=0.03


Tree=43
num_leaves=15
num_cat=0
split_feature=0 6 6 18 15 15 13 10 6 0 0 14 15 12
split_gain=66.6253 29.6944 21.5102 36.3567 21.6994 21.4061 19.5664 18.15 17.5833 19.0639 15.2381 14.5477 13.9513 14.8304
threshold=-0.0026587877269412803 0.016021602937408397 0.0081528884127862727 5.9836840086136656 0.0064402198338222591 0.036007367300785027 0.004432255034453437 0.57227598599918628 0.0075773957116011276 0.003510679232394232 0.00028278737587372765 0.0058014493447178248 0.019876578101424073 -0.033142355281710771
decision_type=2 2 2 2 10 10 2 2 2 2 2 10 10 2
left_child=1 -1 3 6 7 12 -2 11 9 -8 -9 -5 13 -6
right_child=2 -3 -4 4 5 -7 8 10 -10 -11 -12 -13 -14 -15
leaf_value=0.0038488809553729386 0.011867589506957502 0.00055348529459149567 -0.0015800252374192237 0.014147654781035942 -0.0094851778946473987 0.009877694636509074 -0.0023239084224443104 0.00053694529849580049 0.0032051650682498097 -0.0099373560602107492 0.0061505491445878434 -0.0031849415770437953 -0.012463595723116703 0.0033062277944950675
leaf_weight=4400.6129232794046 83.419688507914543 5581.8508619219065 14617.68827585876 256.46998912096024 126.34814855456352 110.70302148163319 1273.9334712028503 867.9554123878479 359.63226120173931 384.39197689294815 871.71109372377396 51.635269299149513 142.28831814229488 222.01945735514164
leaf_count=17632 334 22457 59151 1028 508 445 5112 3474 1450 1559 3505 207 573 892
internal_value=1.59841e-05 0.00200669 -0.00101014 0.000743384 0.00307981 -0.00192564 -0.0022022 0.00455018 -0.002795 -0.00409851 0.00335364 0.0112411 -0.00461802 -0.0013607
internal_weight=29350.7 9982.46 19368.2 4750.51 2649.13 601.359 2101.38 2047.77 2017.96 1658.33 1739.67 308.105 490.656 348.368
internal_count=118327 40089 78238 19087 10632 2418 8455 8214 8121 6671 6979 1235 1973 1400
is_linear=0
shrinkage=0.03


Tree=44
num_leaves=15
num_cat=0
split_feature=1 0 15 15 6 13 16 15 13 13 1 10 13 0
split_gain=41.3782 24.9441 22.8084 22.4668 21.0916 18.5324 22.4101 35.2805 17.8115 17.7142 29.1146 16.0581 15.1986 23.2304
threshold=0.0028441976001980511 -0.0026587877269412803 -0.023736017320735488 0.0021230860234622288 0.024949542457571822 0.062195214469506828 0.78656609248549325 -0.019470157027640763 0.027557500344866485 0.81519504435463663 -0.0026467080939656103 1.2222392338503536 0.073726271705627636 0.0034098681140998237
decision_type=2 2 10 10 2 2 2 10 2 2 2 2 2 2
left_child=1 8 9 5 -2 6 11 -8 -1 12 -11 -4 13 -3
right_child=4 2 3 -5 -6 -7 7 -9 -10 10 -12 -13 -14 -15
leaf_value=0.0047889396587702587 -0.00064659988610323168 -0.00093420656415406811 0.0095164887805136711 -0.00056029398990634473 -0.0035717894542838815 0.00040904491412015442 0.020631612457316914 -0.0062777524577957312 0.0013753258840536943 -0.0011679852022378481 -0.021506921955223912 0.0007628831199918125 0.0012302869177820708 -0.0070686112373694911
leaf_weight=1811.9956241250038 8177.9950277507305 2716.5572773516178 874.35008053481579 2593.7150295674801 3042.8576308488846 1045.457152813673 51.133116260170937 249.21268053352833 5705.4514313191175 166.77330867946148 100.37950786948204 240.80240122973919 1776.8491916060448 696.70234787464142
leaf_count=7263 33076 10888 3508 10435 12420 4208 205 1000 22887 680 424 966 7157 2815
internal_value=-1.02156e-05 0.000879907 -6.37989e-05 0.00138792 -0.00144034 0.00344003 0.00567491 -0.00159033 0.00219919 -0.00140844 -0.00891313 0.00763101 -0.00101886 -0.00218975
internal_weight=29250.2 18029.4 10511.9 5054.67 11220.9 2460.96 1415.5 300.346 7517.45 5457.26 267.153 1115.15 5190.11 3413.26
internal_count=117932 72436 42286 20322 45496 9887 5679 1205 30150 21964 1104 4474 20860 13703
is_linear=0
shrinkage=0.03


Tree=45
num_leaves=15
num_cat=0
split_feature=0 13 13 14 18 1 18 0 18 7 3 2 12 16
split_gain=41.4238 23.9118 20.5497 42.4663 26.9001 21.6601 21.5646 18.5112 18.4062 22.6416 21.5121 19.4201 17.8915 17.6854
threshold=-0.0026587877269412803 0.078700793570768438 0.50403372394044355 0.021159267154680864 5.6010107541935055 -0.0082404083334597349 5.006932137947655 0.010616727768551272 7.942518999330642 0.4952882779421009 0.004155315116896042 -0.0007149067768820182 -0.6119886188955902 0.12940952255126045
decision_type=2 2 2 10 2 2 2 2 2 2 2 2 2 2
left_child=1 -1 4 5 12 -4 -5 8 9 10 -6 -10 -2 -8
right_child=2 -3 3 6 7 -7 13 -9 11 -11 -12 -13 -14 -15
leaf_value=0.0032170359347976252 0.011142359983489388 0.00024469343653385587 -0.00052615468096290773 0.015175463424469616 0.0015417196083351299 -0.0099363912157052463 0.0046649880418624728 -0.0024851459522857002 0.0023667788496020137 0.000572353475302849 0.011175768890497555 -0.011416569088052131 -0.0024522160237441517 -0.0059659860771344884
leaf_weight=4229.5934634506702 86.544923171401024 5741.0206346809864 299.30275635421276 95.063123971223831 484.86140355467796 832.78337091207504 310.17528814077377 1862.4484690576792 155.9946836233139 8716.6694009900093 365.10996270179749 220.22173534333706 5663.7818243503571 254.59659573435783
leaf_count=16947 351 23096 1208 385 1948 3434 1264 7573 627 35123 1467 890 22870 1037
internal_value=-6.46823e-05 0.00150597 -0.000874179 -0.00393264 -0.000561586 -0.00745381 0.00211294 0.000258061 0.000772302 0.00102873 0.0056966 -0.00571914 -0.00224381 -0.000131548
internal_weight=29318.2 9970.61 19347.6 1791.92 17555.6 1132.09 659.835 11805.3 9942.86 9566.64 849.971 376.216 5750.33 564.772
internal_count=118220 40043 78177 7328 70849 4642 2686 47628 40055 38538 3415 1517 23221 2301
is_linear=0
shrinkage=0.03


Tree=46
num_leaves=15
num_cat=0
split_feature=0 6 6 15 14 18 15 12 15 17 18 4 6 7
split_gain=36.2995 26.5173 20.2798 21.3082 26.9717 21.8635 21.0488 21.0435 20.1568 19.839 17.6919 16.5448 17.383 26.3582
threshold=-0.0030188150184142777 0.016021602937408397 0.015526725360126526 0.0014257057095417027 0.0058014493447178248 5.4204838818979848 -0.024593655012705714 -0.30710075250149305 0.065327304404409606 -0.78656609248549325 7.4637569259621861 -0.014786940004910707 0.0043140838264520238 0.67539653439727243
decision_type=2 2 2 8 10 2 10 2 10 2 2 2 2 2
left_child=1 -1 3 4 6 7 -2 -5 -9 -8 -7 -11 13 -13
right_child=2 -3 -4 5 -6 10 9 8 -10 11 -12 12 -14 -15
leaf_value=0.0034276070984580538 -0.003021852734633465 0.00023009413074218674 -0.0018091985485883602 -0.019537747222031665 -0.0010606396071309962 0.00082977773430720171 0.012433764108871339 -0.002946094734855157 0.015653728448334663 0.012558344771092874 -0.0049665543485516942 0.025973995719190048 0.0013147592652090311 -0.0003027069605229675
leaf_weight=4089.3513736724854 280.14601895213127 5435.9672137349844 8057.8067045509815 65.415276497602463 1311.8087386637926 5562.1514115333557 328.04960158467293 2375.6701463311911 51.659416362643242 179.19709175825119 516.0578096061945 66.17190209031105 952.11391004920006 69.173551589250565
leaf_count=16388 1126 21866 32707 264 5286 22392 1319 9588 209 719 2081 265 3829 277
internal_value=8.15134e-05 0.00160326 -0.000650083 0.000144463 0.00223818 -0.000634317 0.00454499 -0.00299911 -0.00253768 0.0058764 0.00033618 0.00416119 0.00275695 0.0127354
internal_weight=29340.7 9525.32 19815.4 11757.6 3186.66 8570.95 1874.85 2492.74 2427.33 1594.71 6078.21 1266.66 1087.46 135.345
internal_count=118316 38254 80062 47355 12821 34534 7535 10061 9797 6409 24473 5090 4371 542
is_linear=0
shrinkage=0.03


Tree=47
num_leaves=15
num_cat=0
split_feature=0 6 14 1 6 6 2 13 1 1 15 18 0 18
split_gain=39.5682 23.7227 19.9182 19.8572 18.7594 16.7662 27.4502 20.2967 16.0174 21.0943 14.4988 30.6345 14.1231 13.2338
threshold=-0.0026587877269412803 0.0052726729603641102 -0.01563318101365407 -0.0013068126703492664 0.016021602937408397 0.051659662103912006 0.14186351009869982 1.8079501277464378 0.005754070880272689 0.13440996462098478 -0.029764664860086217 4.7559478896499483 -0.01841296101733569 5.9477724553863114
decision_type=2 2 8 2 2 2 2 2 2 2 10 2 2 2
left_child=4 2 -2 10 12 7 8 13 -7 -10 11 -3 -1 -5
right_child=1 3 -4 5 -6 6 -8 -9 9 -11 -12 -13 -14 -15
leaf_value=0.012175830734533927 -0.0089142869443513528 -0.013184914281085912 0.0032757235718780019 -0.002739813839732058 0.00042391843257046682 -0.023403352077320035 0.00093740440375987446 0.015153475805105617 -0.004846190068860801 -0.023625661990489773 0.0016930902217608343 -0.00044013544287743744 0.0027240794637443831 -0.00062436149500151952
leaf_weight=145.41869273781776 127.58230526745319 179.42666943371296 1762.7892370074987 5046.7325512170792 5592.0771828740835 75.037173911929131 291.39933873713017 63.30525004863739 302.20143662393093 63.972535699605942 3184.0243777930737 2638.2042799592018 4258.5532704442739 5631.8991739749908
leaf_count=583 512 723 7067 20448 22496 319 1196 258 1244 264 12807 10621 17066 22812
internal_value=4.48513e-05 -0.000746334 0.00244446 -0.00109172 0.00157755 -0.00182296 -0.0062084 -0.00152277 -0.0109108 -0.00823758 0.000306494 -0.0012605 0.00304156 -0.00162445
internal_weight=29362.6 19366.6 1890.37 17476.2 9996.05 11474.5 732.61 10741.9 441.211 366.174 6001.66 2817.63 4403.97 10678.6
internal_count=118416 78271 7579 70692 40145 46541 3023 43518 1827 1508 24151 11344 17649 43260
is_linear=0
shrinkage=0.03


Tree=48
num_leaves=15
num_cat=0
split_feature=1 13 13 1 18 7 13 14 6 13 3 15 15 14
split_gain=27.8996 25.2042 39.7907 26.8946 20.7801 26.9053 23.5251 19.8058 23.9204 21.155 20.7201 19.2501 17.0865 15.2138
threshold=0.01431640075064511 0.81519504435463663 1.049724957285044 -0.0091724305573903635 5.4984256706959629 0.53283355230268015 0.004432255034453437 0.091890163285153842 0.026802471059042123 0.3145352041794332 0.11022191254329174 -0.016704466917745183 -0.025661915114333574 0.017854346091930932
decision_type=2 2 2 2 2 2 2 8 2 2 2 8 10 10
left_child=1 4 3 -3 6 -6 -1 -2 9 10 -9 -4 -8 -7
right_child=7 2 11 -5 5 13 12 8 -10 -11 -12 -13 -14 -15
leaf_value=0.008580432037790164 -0.0038525783340367914 -0.0011757133757293139 0.015228112946409392 -0.017337160325706178 0.0048589269684871745 0.0011088028459930645 -0.0031383296425650737 0.0028402240500633854 -0.0030151878482127499 0.011234145507840668 -0.0088075901158083912 -0.001405809212594572 2.6122737196520423e-05 -0.0019087401970827199
leaf_weight=229.65931163728237 2697.104377374053 144.62088809907436 66.861435681581497 257.52413488924503 1593.0390458703041 12749.057555317879 2437.9980199635029 863.30745489895344 1292.8449245244265 218.68145903944969 161.42705158889294 688.42008504271507 4143.3693310171366 1702.9449078738689
leaf_count=923 10974 585 269 1085 6400 51268 9814 3500 5286 884 654 2781 16675 6861
internal_value=-7.95328e-05 0.000353065 -0.0039621 -0.0115597 0.000571912 0.00116123 -0.000816303 -0.0020639 -0.000160253 0.00280825 0.000991754 0.000103041 -0.00114671 0.000753017
internal_weight=29246.9 24013.5 1157.43 402.145 22856.1 16045 6811.03 5233.37 2536.26 1243.42 1024.73 755.282 6581.37 14452
internal_count=117959 96661 4720 1670 91941 64529 27412 21298 10324 5038 4154 3050 26489 58129
is_linear=0
shrinkage=0.03


Tree=49
num_leaves=15
num_cat=0
split_feature=4 7 6 4 17 0 18 6 7 17 5 6 0 6
split_gain=38.2046 24.8469 22.1396 23.8313 22.2867 23.1654 20.0945 25.9079 21.0245 18.1864 17.8088 25.5485 16.8193 18.5468
threshold=0.002199847999301952 1.2419100436374426 0.015237999880255995 -0.023107804294289488 -0.78656609248549325 -0.0058788472764628166 7.3433438635650337 0.019571981820402217 0.52644241966545469 -0.70710678118654757 0.0049032943350414424 0.0097461489108194143 -0.0074379324871473021 0.051659662103912006
decision_type=2 2 2 2 2 2 2 2 2 2 2 2 2 2
left_child=2 6 4 9 -1 -6 7 8 10 -4 -2 -12 -5 -14
right_child=1 -3 3 12 5 -7 -8 -9 -10 -11 11 -13 13 -15
leaf_value=0.0046059328154860494 -0.0024046278301731393 0.0013415140164057544 -0.0023468930175671449 0.0014063089006620027 0.0050197313394638567 0.00038576120704338361 -0.0079332735288490212 -0.0039599244960249668 -0.0011183164804122916 0.0027831144598248442 -0.00040648928919028056 0.015961989815692662 -0.0023188794213940974 -0.011858066740446732
leaf_weight=2043.4169224351645 184.94565446674824 2468.0008496046066 817.43259774148464 1092.5974856764078 1139.7738538682461 6490.4475820064545 491.45310789346695 3042.6605189889669 5355.1125229299068 2581.8186308592558 148.07243570685387 201.81415899097919 3030.7768067121506 193.45601740479469
leaf_count=8200 746 9981 3288 4389 4570 26053 1991 12394 21654 10375 596 815 12246 813
internal_value=-2.70489e-05 -0.00133731 0.000869028 -0.000329498 0.00182489 0.0010791 -0.00203898 -0.00171298 -0.000551296 0.00154882 0.00510912 0.00907189 -0.0018086 -0.00289823
internal_weight=29281.8 11892.1 17389.7 7716.08 9673.64 7630.22 9424.06 8932.61 5889.94 3399.25 534.832 349.887 4316.83 3224.23
internal_count=118111 48177 69934 31111 38823 30623 38196 36205 23811 13663 2157 1411 17448 13059
is_linear=0
shrinkage=0.03


Tree=50
num_leaves=15
num_cat=0
split_feature=0 6 0 13 14 13 3 14 6 13 13 0 15 13
split_gain=32.8036 29.4243 19.918 14.9733 12.8436 16.3403 21.7471 14.994 12.9593 17.2521 12.7331 12.406 11.9501 11.7303
threshold=0.00079497010097118192 0.02646302242622332 -0.036128392275875935 0.0036886029634298771 0.091890163285153842 0.87359046014016351 0.034346278405839932 -0.1329020463571757 0.003819857008938614 0.02925171569274632 1.1552197602662877 0.12474756944615507 -0.023418151217777346 1.568496374592832
decision_type=2 2 2 2 10 2 2 8 2 2 2 2 8 2
left_child=1 3 12 -1 5 7 10 -2 9 -9 -7 13 -3 -6
right_child=4 2 -4 -5 11 6 -8 8 -10 -11 -12 -13 -14 -15
leaf_value=0.0074804900191973878 0.0068998389299598636 0.014583812728636241 -0.0026560394667602114 0.0014360193469653761 0.0020314680120342142 -0.019860951214080769 -0.001599139966442009 0.0013031625140709326 -0.001333831525120348 0.020947014518934326 -0.0059287317526728386 -0.010466069530240161 0.0016447556081230321 0.012201342354164679
leaf_weight=377.96945574879646 208.20806688070297 69.231087327003479 2756.2348387390375 12762.772928446531 563.23032434284687 120.96526077389717 387.86431322991848 169.82088111341 10937.282489344478 50.855279788374901 118.21444983780384 56.939698100090027 663.13990511000156 123.00579144060612
leaf_count=1520 843 278 11157 51173 2288 505 1588 681 44339 204 483 233 2667 501
internal_value=8.33639e-05 0.000960815 -0.00148776 0.00161099 -0.00106226 -0.00129952 -0.00600653 -0.00103884 -0.00118818 0.00597761 -0.0130812 0.00275991 0.00290427 0.00388455
internal_weight=29365.7 16629.3 3488.61 13140.7 12736.4 11993.2 627.044 11366.2 11158 220.676 239.18 743.176 732.371 686.236
internal_count=118460 66795 14102 52693 51665 48643 2576 46067 45224 885 988 3022 2945 2789
is_linear=0
shrinkage=0.03


Tree=51
num_leaves=15
num_cat=0
split_feature=4 6 2 4 12 2 15 10 0 3 15 7 6 7
split_gain=42.4119 28.4196 22.1769 18.4489 29.2875 31.5879 29.3035 20.1725 18.3169 17.8581 19.5226 17.7904 18.078 21.08
threshold=0.0016158837750454016 0.014798405538477744 -0.06293762746708341 -0.023107804294289488 -0.11114924507159261 0.0020269767827683087 -0.025661915114333574 1.2222392338503536 -0.0058788472764628166 0.0005415251298143993 -0.020722706479720628 1.2419100436374426 0.019571981820402217 0.53283355230268015
decision_type=2 2 2 2 2 2 10 2 2 2 8 2 2 2
left_child=1 8 -2 7 5 6 -5 -3 -1 -6 -11 12 13 -4
right_child=2 3 11 4 9 -7 -8 -9 -10 10 -12 -13 -14 -15
leaf_value=0.005245656437116086 -0.013605345386547632 -3.5859803512857497e-05 0.0039965356570462462 -0.0083892925475458433 0.0052237812815480239 0.0021813421065122762 -0.0013552830446082909 0.0053383640296280031 0.0014893104758818476 -0.011859160050115154 0.00054575906486912401 0.00098939888805783739 -0.0037423270317683537 -0.0015393133524285048
leaf_weight=1382.06976339221 130.59563958644867 2593.1846046894789 688.28445801138878 1204.4614273607731 679.39684164524078 667.26775707304478 956.56502538919449 827.71257819235325 7518.3502048254013 129.10882543027401 883.18931649625301 2498.9446992725134 3092.4344884008169 6004.9818794429302
leaf_count=5544 538 10424 2774 4898 2732 2696 3867 3325 30175 520 3553 10103 12600 24279
internal_value=-7.0884e-05 0.000909791 -0.0014011 -0.000394896 -0.00165256 -0.00351927 -0.00527986 0.00126683 0.00207365 0.00146882 -0.00105663 -0.00126917 -0.00184602 -0.000969025
internal_weight=29256.5 16841.3 12415.2 7940.89 4519.99 2828.29 2161.03 3420.9 8900.42 1691.69 1012.3 12284.6 9785.7 6693.27
internal_count=118028 67734 50294 32015 18266 11461 8765 13749 35719 6805 4073 49756 39653 27053
is_linear=0
shrinkage=0.03


Tree=52
num_leaves=15
num_cat=0
split_feature=1 0 13 3 4 15 16 15 2 2 11 7 3 7
split_gain=34.9835 19.0012 19.5921 28.757 20.3186 15.1362 24.9618 17.5823 23.5327 14.839 29.4895 24.7822 15.9078 15.688
threshold=0.0026004966967665415 -0.0051184536202491171 0.81519504435463663 0.24120900330456177 -0.017248871034401422 -0.024593655012705714 0.78656609248549325 0.0052623233558297686 0.016633869926231063 -0.010310423485435536 49.01407772112502 1.2169844415584516 0.048581247835018278 0.45140581351592668
decision_type=2 2 2 2 2 8 2 8 2 2 2 2 2 2
left_child=1 -1 5 4 -4 6 -3 8 -7 -9 11 12 -11 -12
right_child=-2 2 3 -5 -6 7 -8 9 -10 10 13 -13 -14 -15
leaf_value=0.0023149496547928096 -0.0012856965284882825 -0.0058478688365319244 0.00025987370033287121 0.0037515127915244426 -0.015905876569549202 0.0034396412676665003 0.0073453191894284741 -0.0021638365983819769 -0.0042562638095797597 0.0056688180489541133 0.0058345730968272337 -0.005993122673061832 -0.0075061094815333162 -0.0014321801261827363
leaf_weight=5458.8589253127575 11415.420882031322 694.83290366828442 101.20089602470398 189.12475262582302 224.32697904109955 3008.0244952887297 156.60980767011642 2166.1888992488384 404.08637189865112 1600.9721173495054 289.20660674571991 205.74963161349297 85.275080770254135 3269.8311917930841
leaf_count=21898 46332 2794 408 765 948 12075 629 8706 1628 6421 1160 826 343 13160
internal_value=1.12606e-05 0.000840542 0.000190954 -0.00552809 -0.0109093 0.000439581 -0.00340966 0.000737299 0.00252628 -6.4521e-05 0.000770215 0.00379451 0.00499445 -0.00083874
internal_weight=29269.7 17854.3 12395.4 514.653 325.528 11880.8 851.443 11029.3 3412.11 7617.22 5451.03 1892 1686.25 3559.04
internal_count=118093 71761 49863 2121 1356 47742 3423 44319 13703 30616 21910 7590 6764 14320
is_linear=0
shrinkage=0.03


Tree=53
num_leaves=15
num_cat=0
split_feature=0 13 12 15 0 6 13 13 2 13 13 15 1 17
split_gain=35.6332 22.3069 21.312 14.3157 14.1287 13.3621 22.0133 21.23 15.655 22.2296 34.2386 23.1771 21.2801 14.9538
threshold=-0.0026587877269412803 0.086290952191068762 -0.026269980553171975 0.00081720126494033718 0.12474756944615507 0.0039874921610819104 0.021602489260730277 0.0066322410006031127 0.13385148803287297 0.87359046014016351 1.1552197602662877 0.034989141259200725 0.078409632034074264 1.0000000180025095e-35
decision_type=2 2 2 8 2 2 2 2 2 2 2 8 2 2
left_child=1 2 3 -1 5 6 13 -7 9 -9 11 -11 -12 -2
right_child=4 -3 -4 -5 -6 7 -8 8 -10 10 12 -13 -14 -15
leaf_value=0.0045178598791075939 0.0041685086788056736 6.8909131933747497e-05 0.008467353385388952 0.00077342047926103074 -0.011294111280675373 0.0061749764581828948 0.0096715130887297298 -0.0010956940740072787 0.0028045292496052514 -3.8664875302049545e-05 0.0021785232889833367 -0.020031761093136913 -0.018308043708697076 -0.0053034296278803373
leaf_weight=1451.1003567278385 305.15772692859173 5483.5798195302486 545.49653132259846 2502.6441463679075 113.94564560055733 365.58803515136242 283.32476778328419 16499.784679859877 873.75295142829418 70.401054382324219 313.11080583930016 199.76103708148003 51.364369168877602 291.21857604384422
leaf_count=5819 1222 22070 2187 10030 468 1465 1135 66680 3557 288 1276 854 213 1166
internal_value=-0.000102162 0.00135364 0.00291873 0.00214929 -0.000852612 -0.000789651 0.00281824 -0.000962678 -0.00110825 -0.00130808 -0.00680914 -0.0148604 -0.000792744 -0.000459033
internal_weight=29350.2 9982.82 4499.24 3953.74 19367.4 19253.5 879.701 18373.8 18008.2 17134.4 634.637 270.162 364.475 596.376
internal_count=118430 40106 18036 15849 78324 77856 3523 74333 72868 69311 2631 1142 1489 2388
is_linear=0
shrinkage=0.03


Tree=54
num_leaves=15
num_cat=0
split_feature=0 6 0 4 3 10 16 15 6 0 15 5 10 15
split_gain=35.8418 28.4065 16.5301 14.7297 15.7396 13.2237 13.1516 29.4903 19.6568 18.7527 12.952 17.3066 15.0085 14.8335
threshold=0.00079497010097118192 0.025225176446661429 -0.078114828418871504 -0.030291975005903523 -0.12998066613847856 0.25150614728889648 0.78656609248549325 -0.018951141829005366 0.0083155220359250586 -0.001105905813246266 -0.023418151217777346 -0.014149346103363601 1.3334493362733515 0.0037206974501349248
decision_type=2 2 2 2 2 2 2 8 2 2 8 2 2 8
left_child=1 3 -3 4 -1 -5 10 8 -8 -9 11 12 -7 -12
right_child=-2 2 -4 5 -6 6 7 9 -10 -11 13 -13 -14 -15
leaf_value=-0.0024343627497660906 -0.0013176769610639865 0.0063138582095802814 -0.0020224987935638238 0.0059599430060309324 0.0082815087561637791 -0.00068585409580485337 0.019823507681109711 -0.0001839028663649581 0.0027385472952723084 -0.0061657083026200503 0.0038644559983632872 -0.0075015150787780555 0.016575748399144736 0.0010711903265976821
leaf_weight=160.46805194020271 12723.523823544383 226.16352507472038 3482.0893194377422 507.38399279117584 520.59577645361423 239.8921392261982 87.332352295517921 1438.4633933454752 190.98599813878536 699.88617424666882 2357.7001859694719 318.04613697528839 53.85554638504982 6233.9980502873659
leaf_count=643 51641 909 14083 2034 2087 962 350 5768 766 2807 9455 1275 216 25003
internal_value=-0.00012109 0.000800731 -0.00151094 0.00147012 0.00575697 0.00122847 0.00102088 -0.000948104 0.00820275 -0.00214569 0.001538 -0.00267335 0.00256957 0.00183843
internal_weight=29240.4 16516.9 3708.25 12808.6 681.064 12127.5 11620.2 2416.67 278.318 2138.35 9203.49 611.794 293.748 8591.7
internal_count=117999 66358 14992 51366 2730 48636 46602 9691 1116 8575 36911 2453 1178 34458
is_linear=0
shrinkage=0.03


Tree=55
num_leaves=15
num_cat=0
split_feature=1 11 14 0 17 6 12 11 5 2 4 1 6 14
split_gain=31.3751 15.005 17.222 14.0273 14.4492 15.491 13.4784 12.756 13.9838 12.487 13.0546 12.4456 20.0388 25.942
threshold=0.0031095055702672352 38.854709249657979 -0.03561846395376355 -0.0056130666509366369 -0.37940952255126015 0.015812444255360221 -0.036061181446436823 48.357100733344694 -0.0049713672890471785 0.0031158833511413246 -0.0041914437307339894 -0.043080631008699626 0.051659662103912006 0.055790490156115265
decision_type=2 2 8 2 2 2 2 2 2 2 2 2 2 8
left_child=3 -2 -3 4 5 -1 11 8 -8 10 -10 -5 -13 -14
right_child=1 2 -4 6 -6 -7 7 -9 9 -11 -12 12 13 -15
leaf_value=0.0035375251216541201 0.0052019942839521523 -0.0054286946399625296 -0.0010567626607930556 0.0039168994923322433 0.003367756320089059 -0.001956748820420174 -0.002337997266206438 0.00059725974276833224 -0.0025556750118021247 0.018785071280897143 0.0066308494036562441 -0.00033607743762782092 0.005315484117849786 -0.013160856095402575
leaf_weight=736.33013844490051 315.22643420100212 882.5136259496212 9775.4552367031574 577.84676551818848 3198.1619055569172 1231.3616310358047 230.56927911937237 2655.0221166610718 169.18740545213223 61.138453409075737 760.5226743221283 8399.7299860417843 94.82364621758461 235.14142452180386
leaf_count=2954 1271 3598 39699 2318 12827 4943 924 10669 678 245 3047 33796 384 984
internal_value=4.02736e-05 -0.00122859 -0.00141972 0.000799104 0.00212387 0.000100768 0.00027978 0.00176564 0.00430024 0.00584655 0.0049572 -0.000339302 -0.000621867 -0.00785119
internal_weight=29323 10973.2 10658 18349.8 5165.85 1967.69 13184 3876.44 1221.42 990.849 929.71 9307.54 8729.7 329.965
internal_count=118337 44568 43297 73769 20724 7897 53045 15563 4894 3970 3725 37482 35164 1368
is_linear=0
shrinkage=0.03


Tree=56
num_leaves=15
num_cat=0
split_feature=1 11 2 0 15 1 18 13 13 15 13 3 2 18
split_gain=35.908 14.087 16.1692 13.7948 13.6103 14.6518 13.654 20.9181 15.1767 13.1605 14.2502 14.0705 11.2004 18.3048
threshold=0.0031095055702672352 42.417211959890011 -0.1014353305473472 0.00079497010097118192 -0.021324913645252238 -0.05940051006713442 5.4534232665502094 0.87359046014016351 1.1552197602662877 0.0019689681574797118 0.022993345508844801 -0.12471001896151711 0.0012011308061309347 6.8915769901208632
decision_type=2 2 2 2 10 2 2 2 2 10 2 2 2 2
left_child=3 -2 -3 9 5 -5 -7 -8 -9 10 11 -1 -13 -14
right_child=1 2 -4 4 -6 6 7 8 -10 -11 -12 12 13 -15
leaf_value=-0.0033235262646603685 0.0026253642282435281 -0.0095746311357349963 -0.0015156183625546979 0.0088686219967966575 0.0010834490921490443 -0.0061813994011202878 -0.00049227803332090709 -0.022805649421589747 -0.0019080543767968827 -0.00038574539538942444 0.0011145110818846838 0.0050475276294767515 0.0024772710823330285 -0.015922615541272566
leaf_weight=236.10945279896259 725.29700122773647 227.26361225545406 10048.492446005344 109.07123255729675 2729.3831896930933 620.09553319215775 2197.9826688915491 65.179898470640182 59.267603933811188 3086.4712864607573 6669.6007977128029 2253.5273097008467 256.96009324491024 57.928567320108414
leaf_count=946 2928 935 40825 437 11007 2508 8868 278 241 12379 26780 9037 1029 232
internal_value=-5.54266e-05 -0.00141037 -0.00169568 0.000757319 -0.000455309 -0.0018314 -0.00223377 -0.00117534 -0.0130409 0.00131541 0.00186958 0.00366317 0.00430753 -0.000986798
internal_weight=29342.6 11001.1 10275.8 18341.6 5780.98 3051.6 2942.53 2322.43 124.448 12560.6 9474.13 2804.53 2568.42 314.889
internal_count=118430 44688 41760 73742 23339 12332 11895 9387 519 50403 38024 11244 10298 1261
is_linear=0
shrinkage=0.03


Tree=57
num_leaves=15
num_cat=0
split_feature=4 6 7 17 17 18 6 7 2 15 0 10 1 15
split_gain=30.258 29.479 25.4622 23.9962 23.4647 21.7579 22.1543 25.3175 24.0613 29.0511 21.3928 20.9427 19.8002 22.3877
threshold=0.0019627292788357846 0.01496777734917301 1.2419100436374426 -0.78656609248549325 -0.37940952255126015 7.8331228726160829 0.019571981820402217 0.42116305950736305 0.033336108983634379 -0.016704466917745183 -0.051943565562889642 1.303502685911746 -0.0077870131459571992 0.065327304404409606
decision_type=2 2 2 2 2 2 2 2 2 10 2 2 2 10
left_child=1 3 5 -1 10 6 7 -2 -8 -10 -3 -11 -9 -14
right_child=2 4 -4 -5 -6 -7 8 12 9 11 -12 -13 13 -15
leaf_value=0.0048916162192132774 0.0084146474751939232 0.0092244648886339563 0.0015458937901764234 0.0011568439955301133 0.0006930847518265941 -0.011296874583873955 -0.0071907457799690114 0.0059683911929020684 0.0026157606029686207 -0.0071358348974288758 -0.0032704990589765828 0.0019881339448180016 -0.0016869360521138577 0.012842602424320743
leaf_weight=1960.4588130116463 265.66687960922718 127.22542715072632 2490.8018782883883 7346.8590992391109 4986.5664477199316 212.88402988016605 1133.1639037132263 342.55975557863712 818.78650069236755 862.06451274454594 2743.2731092721224 305.80607371032238 5575.9143266230822 95.125950500369072
leaf_count=7870 1070 510 10077 29496 20106 865 4639 1377 3339 3513 11079 1243 22565 385
internal_value=-7.67742e-06 0.000802277 -0.00115631 0.0019444 -0.000550813 -0.00185673 -0.00164055 -0.000613482 -0.00370603 -0.00171316 -0.00271066 -0.00474742 -0.00101499 -0.00143878
internal_weight=29267.2 17164.4 12102.8 9307.32 7857.06 9611.97 9399.09 6279.27 3119.82 1986.66 2870.5 1167.87 6013.6 5671.04
internal_count=118134 69061 49073 37366 31695 38996 38131 25397 12734 8095 11589 4756 24327 22950
is_linear=0
shrinkage=0.03


Tree=58
num_leaves=15
num_cat=0
split_feature=0 18 14 6 6 15 18 18 6 3 4 14 4 15
split_gain=28.1322 13.645 26.394 16.2781 16.0856 15.2352 18.0342 13.9995 19.2098 27.9147 24.5097 18.2943 13.6559 14.3159
threshold=0.00073715138367624899 5.9287018829556883 0.091890163285153842 0.039314205820931529 0.0080723886218542606 0.0038717234569891627 6.1979159249662423 6.2950459865056869 0.024663516058572331 0.026742854197878922 -0.0055536689947324738 0.053772503343981821 -0.018172395874226307 0.065327304404409606
decision_type=2 2 10 2 2 10 2 2 2 2 2 10 2 10
left_child=-1 2 12 -4 5 6 -3 8 11 10 -10 -6 -2 -14
right_child=1 4 3 -5 7 -7 -8 -9 9 -11 -12 -13 13 -15
leaf_value=0.000972072985438023 0.0014677550220799575 -0.0044768800759487724 0.012412285734745943 -0.0015821283756711295 0.0039867384577887445 -0.0021888758632608763 0.0076204186070646497 -0.0016736408573735791 -0.0010198410199723188 0.0034568515006990655 -0.020030322629564341 -0.0098548355927775867 -0.0032205505851342561 0.0090359412519730297
leaf_weight=16451.371179267764 702.98586677014828 132.2479170113802 177.76142345368862 127.42464429140091 1388.0648300051689 319.75268045067787 650.17220552265644 3879.863600358367 118.00471772253513 242.50262562930584 124.93770390748978 89.718101039528847 4782.225824162364 85.458464488387108
leaf_count=66107 2840 533 719 521 5628 1291 2615 15777 479 991 522 364 19434 347
internal_value=0.000151101 -0.000902313 -0.00196608 0.00659693 -2.03394e-06 0.00331881 0.00556948 -0.00062936 0.00143402 -0.0037333 -0.0108801 0.00313422 -0.0024374 -0.00300175
internal_weight=29272.5 12821.1 5875.86 305.186 6945.26 1102.17 782.42 5843.09 1963.23 485.445 242.942 1477.78 5570.67 4867.68
internal_count=118168 52061 23861 1240 28200 4439 3148 23761 7984 1992 1001 5992 22621 19781
is_linear=0
shrinkage=0.03


Tree=59
num_leaves=15
num_cat=0
split_feature=0 1 13 14 18 3 18 18 15 12 18 13 12 3
split_gain=19.3005 15.8493 15.4764 37.731 23.3581 29.7411 37.2157 21.431 18.6837 16.085 17.6718 20.6493 21.7269 16.6622
threshold=-0.0051184536202491171 0.01431640075064511 0.53545546105427244 0.071089770897812737 5.7348820548369028 0.024275947698197523 6.3693150093141524 5.9287018829556883 0.017874344838674453 -0.13765152527025362 6.1807259817701778 0.022532195340498443 -0.32823421477960285 -0.00089922128233463339
decision_type=2 2 2 10 2 2 2 2 10 2 2 2 2 2
left_child=1 -1 7 4 -4 6 -6 -2 -7 10 13 12 -12 -9
right_child=2 -3 3 -5 5 8 -8 9 -10 -11 11 -13 -14 -15
leaf_value=0.0018536424286964284 -0.0013116372039720604 -0.0023135703356601438 -0.00041867928292457708 0.003546483684153568 -0.02473796929472127 -0.0022803596340146195 -0.0034330642929153179 0.0001771744200976652 -0.019542538995199109 0.001250873962405947 0.0060697354814147498 -0.0016593242450146722 -0.014892723341525176 0.011869868076480224
leaf_weight=6244.7195525765419 9271.5562288463116 944.03495614230633 439.90968291461468 529.2769096493721 185.27209889888763 443.21175925433636 122.98272299766541 478.78858287632465 62.79825322329998 8628.6353562921286 54.768676966428757 1539.5376441031694 215.29971165955067 140.30325949192047
leaf_count=25065 37445 3826 1801 2157 802 1818 505 1935 257 34782 220 6244 865 568
internal_value=-4.42507e-05 0.00130591 -0.000483268 -0.00316123 -0.00599311 -0.00899631 -0.016315 -0.000248042 -0.00449118 0.000643856 -0.001512 -0.00300812 -0.0106283 0.00285675
internal_weight=29301.1 7188.75 22112.3 1783.45 1254.17 814.265 308.255 20328.9 506.01 11057.3 2428.7 1809.61 270.068 619.092
internal_count=118290 28891 89399 7340 5183 3382 1307 82059 2075 44614 9832 7329 1085 2503
is_linear=0
shrinkage=0.03


Tree=60
num_leaves=15
num_cat=0
split_feature=1 13 6 15 5 18 13 11 13 7 15 10 5 13
split_gain=21.3976 19.1204 26.8864 25.3496 15.0415 39.4107 19.4525 30.2039 26.4495 19.4449 18.0367 16.0361 24.9153 15.2411
threshold=0.13440996462098478 0.017686603401008919 0.0039874921610819104 0.0064402198338222591 0.15050701531176938 5.1372006982514309 0.81519504435463663 41.703980988104469 1.049724957285044 1.0533116072675692 -9.6011875357682172e-05 1.0017225049857563 0.097509255508200013 1.568496374592832
decision_type=2 2 2 10 2 2 2 2 2 2 8 2 2 2
left_child=1 3 -3 -1 6 -6 -4 -8 10 11 -9 12 -10 -13
right_child=-2 2 4 -5 5 -7 7 8 9 -11 -12 13 -14 -15
leaf_value=0.002697330887836801 -0.0075614404244481277 0.0075062147028473287 -0.00042830272820317352 -0.0046993716375806618 0.021183680996423565 0.0011319420579647499 0.0055108771940426855 0.0035003004876257961 -0.0060240051730170606 0.0090855567151615167 -0.015901338976250907 -0.025090780157181199 0.01428017620849646 -0.0039917637151711989
leaf_weight=3654.5510292202234 342.1676142513752 383.85322625935078 22379.181453242898 468.83786749839783 96.833883389830589 823.88312514126301 219.11663784086704 49.365029320120811 267.25245398283005 100.38608828186989 307.14232794940472 60.167952969670296 66.1902776658535 62.884417414665222
leaf_count=14677 1408 1538 90311 1883 391 3348 889 202 1090 408 1304 248 270 255
internal_value=-0.000125239 -3.68009e-05 -0.000351167 0.00185444 -0.000475218 0.00328217 -0.000622624 -0.00445503 -0.00685261 -0.00274982 -0.0132103 -0.00538077 -0.0019324 -0.0145447
internal_weight=29281.8 28939.6 24816.3 4123.39 24432.4 920.717 23511.7 1132.51 913.389 556.881 356.507 456.495 333.443 123.052
internal_count=118222 116814 100254 16560 98716 3739 94977 4666 3777 2271 1506 1863 1360 503
is_linear=0
shrinkage=0.03


Tree=61
num_leaves=15
num_cat=0
split_feature=1 18 6 18 14 6 17 5 6 14 18 2 15 15
split_gain=23.8943 14.2287 20.9983 21.024 19.9606 19.0589 16.9179 16.1771 16.0741 15.6326 15.2048 14.9316 14.7983 14.0776
threshold=0.0031095055702672352 5.9477724553863114 0.024385474324264623 6.3195888272332068 0.1528521108526795 0.0059100628511419258 -0.78656609248549325 -0.031964635870799889 0.0061905152807402997 0.044585939277588381 5.006932137947655 0.033336108983634379 0.012352725271043143 0.0019689681574797118
decision_type=2 2 2 2 10 2 2 2 2 10 2 2 10 8
left_child=13 4 3 9 6 -5 8 -8 -2 -3 -6 -4 -11 -1
right_child=1 2 11 5 10 -7 7 -9 -10 12 -12 -13 -14 -15
leaf_value=0.001905497540142857 -0.01503426895344325 0.0049671856939883345 -0.0052312609798168706 0.0065410058665148259 0.018771450896573307 -0.0016629612072200986 0.0016974060161573424 -0.0042043433903571469 0.0016794588535272812 -0.014644237391365243 0.0013951145727971932 -0.00015080916849444492 0.005377028333546599 0.00013203967465971668
leaf_weight=5993.1886788457632 52.643596351146698 1387.327226087451 942.65553033351898 292.39732821285725 63.984116613864899 1895.9019150882959 474.6280962228775 3443.2430207431316 990.43846236169338 72.910065561532974 145.89080822467804 1160.238425925374 58.245866507291794 12280.168617293239
leaf_count=24072 213 5616 3868 1177 259 7678 1931 13987 4027 296 595 4746 236 49412
internal_value=4.92299e-05 -0.00105671 -3.77704e-05 0.00132052 -0.00220107 -0.000561787 -0.0025853 -0.00348888 0.000808772 0.00403029 0.00681979 -0.00243101 -0.00580565 0.000713833
internal_weight=29253.9 10980.5 5809.68 3706.78 5170.83 2188.3 4960.95 3917.87 1043.08 1518.48 209.875 2102.89 131.156 18273.4
internal_count=118113 44629 23617 15003 21012 8855 20158 15918 4240 6148 854 8614 532 73484
is_linear=0
shrinkage=0.03


Tree=62
num_leaves=15
num_cat=0
split_feature=0 12 3 6 11 15 15 17 4 3 2 13 13 4
split_gain=20.8602 16.3363 21.879 12.8594 23.7016 23.1982 25.232 26.1714 18.1476 17.4221 16.3506 19.9835 30.4197 20.7444
threshold=-0.0026587877269412803 -0.10990795703191512 0.095131435158148273 0.015057887368983744 81.301159308380676 0.0039781077084435354 -0.023736017320735488 -0.78656609248549325 0.0020787182572773459 0.080453647704148659 0.031446010448260904 0.81519504435463663 1.1552197602662877 -0.0055536689947324738
decision_type=2 2 2 2 2 8 10 2 2 2 2 2 2 2
left_child=1 -1 -3 4 5 6 -2 -8 -9 -10 11 -5 13 -13
right_child=3 2 -4 10 -6 -7 7 8 9 -11 -12 12 -14 -15
leaf_value=-0.00016178437208571914 -0.0035690364245988108 0.0032225262372386275 -0.0019518308821878984 -0.0019612003852829312 0.018691741169481527 -0.0010189827264659567 0.0089289208490065039 0.0035088907921257723 -0.0039389730024440295 0.010461471227939716 0.00024633504497424913 -0.0028026671600096271 -0.00075922608543199763 -0.021823429743234826
leaf_weight=5031.5464780777693 613.28623332083225 3998.7454458475113 899.68571363389492 4840.0265720039606 58.817493245005608 7567.8461128473282 560.5664000660181 1573.7686849236488 635.73189829289913 83.845011502504349 2941.1458117067814 75.855598077178001 237.81354783475399 163.88255588710308
leaf_count=20243 2468 16043 3623 19623 238 30519 2258 6320 2575 340 11979 316 976 717
internal_value=-7.88038e-05 0.00103889 0.00227175 -0.00065235 1.49273e-05 -8.79904e-05 0.0019435 0.00312978 0.00170574 -0.00223669 -0.00154848 -0.00254091 -0.00838367 -0.015878
internal_weight=29282.6 9929.98 4898.43 19352.6 11093.9 11035 3467.2 2853.91 2293.35 719.577 8258.72 5317.58 477.552 239.738
internal_count=118238 39909 19666 78329 44718 44480 13961 11493 9235 2915 33611 21632 2009 1033
is_linear=0
shrinkage=0.03


Tree=63
num_leaves=15
num_cat=0
split_feature=4 6 7 15 7 5 18 7 13 0 13 18 14 7
split_gain=29.1895 17.6078 26.6305 26.1634 18.6847 22.5596 17.0039 24.2283 18.9965 18.3002 17.6135 17.0842 16.4551 16.3635
threshold=0.0016158837750454016 0.024949542457571822 1.2231515413763765 -0.025064726334481421 0.51176001223136136 0.0049032943350414424 6.4716789181501007 1.753707366089843 0.0036886029634298771 -0.014985720243496535 0.24197189571426195 5.0876941287662021 0.35425906146945513 0.82764304486789098
decision_type=2 2 2 8 2 2 2 2 2 2 2 2 10 2
left_child=6 4 3 -3 5 -2 8 -8 -1 13 -11 -12 -5 -10
right_child=1 2 -4 12 -6 -7 7 -9 9 10 11 -13 -14 -15
leaf_value=0.0072922808204384411 -0.0024756582604914981 0.010451379877139412 0.00085201182489980608 -0.0061035355467190956 -0.00073913262585082612 0.0087344383428619166 0.0028357895881093004 -0.0084109018607830491 -0.00065442535644324063 0.00015884133834222124 0.0027338543878602699 -0.0053586313856327323 0.0091458486000553993 0.0064842571370113417
leaf_weight=337.21721619367599 261.50990690290928 93.735590130090714 1101.1780606508255 1965.352283641696 8532.0710496157408 417.71654479205608 4567.4444831609726 177.25000867247581 484.20589695870876 9217.3803910911083 302.30164520442486 1033.064939007163 64.104934796690941 713.55460841953754
leaf_count=1359 1055 384 4472 8062 34523 1684 18364 713 1943 37052 1223 4229 262 2862
internal_value=7.64789e-05 -0.00102567 -0.00293293 -0.00489492 -0.000357547 0.00442383 0.000890762 0.00241227 0.000293235 9.11685e-05 -0.000307937 -0.0035253 -0.00561332 0.0036021
internal_weight=29268.1 12435.7 3224.37 2123.19 9211.3 679.226 16832.4 4744.69 12087.7 11750.5 10552.7 1335.37 2029.46 1197.76
internal_count=118187 50442 13180 8708 37262 2739 67745 19077 48668 47309 42504 5452 8324 4805
is_linear=0
shrinkage=0.03


Tree=64
num_leaves=15
num_cat=0
split_feature=1 6 18 5 17 5 16 13 6 18 2 12 6 16
split_gain=20.111 19.264 19.7768 27.6705 29.1434 32.3051 18.3067 18.206 17.2678 16.2981 24.0969 19.0086 15.8074 15.7661
threshold=-0.0082404083334597349 0.051659662103912006 5.9477724553863114 0.11536046299899895 -0.78656609248549325 -0.055503938017299019 0.25881904510252091 0.026981944890064561 0.015427605059776564 5.9092390377391482 0.066001095780868782 -0.35514042147464825 0.016805948172688087 1.0000000180025095e-35
decision_type=2 2 2 2 2 2 2 2 2 2 2 2 2 2
left_child=-1 2 3 4 8 -6 -5 12 -2 -3 11 13 -7 -11
right_child=1 9 -4 6 5 7 -8 -9 -10 10 -12 -13 -14 -15
leaf_value=0.0013371506358538165 0.0034735224069912156 0.00030820184750123697 0.00063710837257091525 0.00260855860005397 0.0077138041651964107 -0.00062784829943782889 0.019983727171334138 -0.0036211875569358929 -0.0029555748830964843 -0.013269713030374133 -0.0011160383887656902 -0.017965662016189293 0.014287005164629187 0.0037927885695866132
leaf_weight=7682.146956384182 1422.30417278409 468.88821710646152 10964.743644967675 153.1283250451088 273.43559400737286 1613.1356856524944 83.427178844809532 5322.4817045032978 509.12830808758736 96.914417579770088 357.75612388551235 211.7316712141037 64.590378627181053 94.717579662799835
leaf_count=30861 5736 1931 44280 620 1107 6490 338 21543 2071 398 1467 910 260 389
internal_value=1.87391e-05 -0.000449452 -0.000229488 -0.0012358 -0.00149692 -0.00236666 0.00885251 -0.0027625 0.0017775 -0.00409246 -0.00679719 -0.0118056 -3.73175e-05 -0.0048842
internal_weight=29318.5 21636.4 20406.4 9441.63 9205.08 7273.64 236.556 7000.21 1931.43 1230.01 761.12 403.364 1677.73 191.632
internal_count=118401 87540 82445 38165 37207 29400 958 28293 7807 5095 3164 1697 6750 787
is_linear=0
shrinkage=0.03


Tree=65
num_leaves=15
num_cat=0
split_feature=0 6 4 0 14 4 10 3 12 15 4 15 3 5
split_gain=20.5602 19.1986 18.112 13.0959 12.0886 13.7158 15.488 12.1544 11.6125 15.4209 14.5841 19.7239 17.4522 13.3573
threshold=-4.014738664270822e-05 0.027875848433974119 -0.059768993989039669 -0.045191247620566637 -0.048512462950679007 -0.030291975005903523 0.24159057310684134 -0.13552772900782137 -0.033758653791544961 0.0037206974501349248 1.0000000180025095e-35 -0.020975635861805838 0.034346278405839932 0.0016701945956327793
decision_type=2 2 2 2 8 2 2 2 2 10 2 8 2 2
left_child=1 2 -1 -3 -4 7 -7 -6 9 13 11 -10 -13 -8
right_child=-2 3 4 -5 5 6 8 -9 10 -11 -12 12 -14 -15
leaf_value=0.014482697756034979 -0.00098969852570851904 0.0027473634194858368 -0.0028544742989715802 -0.0023822812255722085 -0.0043044338563400794 0.0072303376976041523 7.5541981712108457e-05 0.009095122131965493 -0.0096309020856667951 -0.0023308029067735112 0.00065210867212039622 0.0072121932628199902 -0.006114990476377145 0.0033180590196197975
leaf_weight=89.105121567845345 14588.160430520773 540.31059990823269 669.46033248305321 2577.2142399102449 73.142428800463676 354.33744013309479 4121.3288097381592 334.31376031041145 75.408320218324661 1631.5566341727972 1609.4309488534927 1011.3223668783903 95.38387568295002 1580.4537471085787
leaf_count=357 59199 2173 2686 10445 293 1421 16532 1341 302 6550 6459 4054 382 6345
internal_value=-0.00019102 0.000598239 0.00115799 -0.00149205 0.00105276 0.00129351 0.00108281 0.00668049 0.000866283 0.000239206 0.00251225 0.00503943 0.0060546 0.00097517
internal_weight=29350.9 14762.8 11645.2 3117.52 11556.1 10886.7 10479.2 407.456 10124.9 7333.34 2791.55 1182.11 1106.71 5701.78
internal_count=118539 59340 46722 12618 46365 43679 42045 1634 40624 29427 11197 4738 4436 22877
is_linear=0
shrinkage=0.03


Tree=66
num_leaves=15
num_cat=0
split_feature=0 6 0 1 14 18 13 2 10 18 6 15 3 10
split_gain=25.8888 14.4736 18.4492 10.9761 14.6438 13.6398 24.9641 17.5073 18.9294 17.4245 23.2242 16.6214 18.139 16.2234
threshold=-4.014738664270822e-05 0.027875848433974119 -0.051943565562889642 0.13440996462098478 0.091890163285153842 5.9287018829556883 0.51787529255340237 -0.127079346453045 1.1540885098455191 6.2950459865056869 0.0083155220359250586 0.0039781077084435354 0.0068975792839263148 1.1412074119435232
decision_type=2 2 2 2 10 2 2 2 2 2 2 10 2 2
left_child=1 -1 -3 4 5 7 9 8 -2 -7 11 -11 -13 -14
right_child=3 2 -4 -5 -6 6 -8 -9 -10 10 -12 12 13 -15
leaf_value=0.0015108294251300789 0.0014235812277491864 0.004869285496724155 -0.0017260177890678688 -0.0069522406575084133 0.0037924361776207369 0.0027127597641121268 -0.0059783934927589988 -0.0021873784623601461 0.022250430439275739 0.0051041495853510442 -0.0018401381907357775 -0.0090277287893922292 -0.0030957839968496275 0.014568121049354349
leaf_weight=11594.007712334394 158.46508124470711 443.02560716867447 2683.089399933815 251.32487142086029 635.48191744089127 2202.174178481102 575.51550491154194 6041.3202325850725 50.356072977185249 905.26577244699001 3352.4703598469496 185.23823337256908 114.01450876891613 76.732255786657333
leaf_count=46517 643 1781 10872 1039 2580 8916 2387 24524 204 3635 13602 746 460 310
internal_value=0.000135468 0.00102241 -0.000788831 -0.000761962 -0.000652187 -0.000859458 1.11151e-05 -0.00189146 0.0066093 0.000516974 -0.000527292 0.00290536 -0.00238769 0.00408736
internal_weight=29268.5 14720.1 3126.12 14548.4 14297 13661.6 7411.41 6250.14 208.821 6835.9 4633.72 1281.25 375.985 190.747
internal_count=118216 59170 12653 59046 58007 55427 30056 25371 847 27669 18753 5151 1516 770
is_linear=0
shrinkage=0.03


Tree=67
num_leaves=15
num_cat=0
split_feature=1 1 0 18 10 15 13 13 15 15 3 14 11 15
split_gain=21.563 15.4688 10.2843 14.8372 17.0262 16.4707 15.0286 23.6245 14.1581 18.2179 13.6812 13.2124 11.2654 10.9351
threshold=0.0031095055702672352 0.13440996462098478 -0.0038138336987865169 5.4091095521671742 0.60134316227629891 -0.024131849355918163 0.87359046014016351 1.1552197602662877 0.019455508571120998 -0.0061363580414734989 -0.026130593912022878 0.012985684389758336 43.58457597803757 -0.015509008288340896
decision_type=2 2 2 2 2 10 2 2 10 10 2 10 2 10
left_child=2 -2 -1 5 8 -4 -6 -8 9 10 12 -11 -5 -9
right_child=1 -3 3 4 6 -7 7 13 -10 11 -12 -13 -14 -15
leaf_value=0.0015635384705816162 -0.00086457775581050397 -0.0073226402810031245 -0.0045213723051983753 0.00051580006732523714 0.0003336950022970476 7.3136876349091533e-05 -0.014994544655484091 0.00860574889966941 -0.0070816718334035401 0.0094194777913291349 0.0039746158674911821 -0.0058382388912041954 -0.011109186671853897 -0.0071072557872677222
leaf_weight=6574.6374170035124 10639.459074556828 342.67459738254547 1171.0162865370512 221.12416626513004 6766.4688858687878 1749.4893353432417 147.52215231955051 87.65498960018158 108.18281753361225 569.06837259232998 686.32586795091629 54.769575029611588 111.42176745831966 69.840012267231941
leaf_count=26390 43254 1414 4720 890 27203 7040 650 355 436 2285 2760 221 450 282
internal_value=-1.64195e-05 -0.00106738 0.000613727 8.17678e-05 0.000695335 -0.00177093 3.92382e-05 -0.00645258 0.0033421 0.00403635 0.00155837 0.00806556 -0.00342236 0.00163618
internal_weight=29299.7 10982.1 18317.5 11742.9 8822.38 2920.51 7071.49 305.017 1750.89 1642.71 1018.87 623.838 332.546 157.495
internal_count=118350 44668 73682 47292 35532 11760 28490 1287 7042 6606 4100 2506 1340 637
is_linear=0
shrinkage=0.03


Tree=68
num_leaves=15
num_cat=0
split_feature=0 6 13 0 18 18 13 3 13 13 1 15 16 17
split_gain=27.1696 18.7089 14.3317 24.0169 22.0043 19.6494 31.4849 16.4167 18.2755 14.2747 14.1572 12.5277 28.8118 23.3458
threshold=-0.0026587877269412803 0.016236730788541098 0.50403372394044355 0.007293916128807477 4.9910314647596659 5.6010107541935055 2.1931808517866282 0.22927487504593361 0.35495944160880361 0.97143850377171259 0.078409632034074264 -0.023736017320735488 0.37940952255126054 0.1294095225512602
decision_type=2 2 2 2 2 2 2 2 2 2 2 8 2 2
left_child=1 -1 7 5 -5 -4 9 11 -9 -7 -6 12 13 -2
right_child=2 -3 3 4 10 6 -8 8 -10 -11 -12 -13 -14 -15
leaf_value=0.0027692983059951306 -0.012272548721249001 0.00016614131883350787 0.0002245160512837414 0.012398286121041583 0.00054949809969050405 -0.0091273873758713105 0.010475062069872015 0.022087581389286497 0.0026586610414717272 -0.020679125406997945 -0.0070534004123707474 -0.0002174953021305208 0.0026315217055811425 -0.0013217281725277272
leaf_weight=4516.0634655058384 377.16516005992889 5521.9947243481874 197.01864250004292 105.91687840223312 698.82634212076664 240.727155148983 52.454973846673965 56.681704640388489 171.93417862057686 165.65674790740013 319.81426246464252 16126.684273332357 430.2856904566288 326.72351329028606
leaf_count=18120 1524 22234 804 431 2859 995 214 230 699 721 1324 65181 1737 1319
internal_value=7.21903e-05 0.0013376 -0.000587059 -0.00314975 -0.000485371 -0.00770282 -0.0110929 -0.000325849 0.00762553 -0.0139145 -0.00184667 -0.000432034 -0.00347679 -0.00720766
internal_weight=29307.9 10038.1 19269.9 1780.42 1124.56 655.858 458.839 17489.5 228.616 406.384 1018.64 17260.9 1134.17 703.889
internal_count=118392 40354 78038 7348 4614 2734 1930 70690 929 1716 4183 69761 4580 2843
is_linear=0
shrinkage=0.03


Tree=69
num_leaves=15
num_cat=0
split_feature=0 4 6 2 0 1 3 6 17 15 10 15 16 16
split_gain=20.8988 11.8555 14.7533 20.646 16.925 21.6293 13.6123 13.4155 27.3254 29.082 19.7391 17.4766 21.9422 16.1091
threshold=-0.0026587877269412803 -0.012026455215787933 0.05679862692286651 0.14186351009869982 0.0071226498335739139 0.02207141340215019 0.22927487504593361 0.0081528884127862727 -0.78656609248549325 -0.023418151217777346 2.6975240375802447 -0.017240812684910619 0.60355339059327384 0.12940952255126045
decision_type=2 2 2 2 2 2 2 2 2 8 2 8 2 2
left_child=-1 -2 6 4 -4 -6 7 8 9 -3 11 12 -10 -13
right_child=1 2 3 -5 5 -7 -8 -9 10 -11 -12 13 -14 -15
leaf_value=0.0011730921012606335 0.0011959570164872017 -0.014660090334308503 -0.020704946644000261 -7.1339505465889619e-05 0.007400722412708542 -0.012863602364651922 0.0039030805390122682 -0.001425060915273872 -0.0020938650411965994 0.0063167762370881439 -0.014964200841469395 0.0010918729878456517 0.014927633002245567 -0.0031501514241703667
leaf_weight=9920.7778699398041 3043.0959843397141 61.73175548017025 102.77362538874149 327.68296982347965 71.392715767025948 133.17159414291382 564.76322162151337 10457.806414276361 127.64881266653538 915.85922589898109 83.117164924740791 1665.4601200968027 143.19203229248524 1557.3202970176935
leaf_count=39884 12279 248 454 1345 293 558 2301 42436 513 3684 334 6698 575 6264
internal_value=5.46397e-05 -0.000521684 -0.000844205 -0.00531927 -0.010878 -0.0057882 -0.000661111 -0.000833315 0.000525501 0.00496493 -0.000689976 -0.000342009 0.00694876 -0.000958651
internal_weight=29175.8 19255 16211.9 635.021 307.338 204.564 15576.9 15012.1 4554.33 977.591 3576.74 3493.62 270.841 3222.78
internal_count=117866 77982 65703 2650 1305 851 63053 60752 18316 3932 14384 14050 1088 12962
is_linear=0
shrinkage=0.03


Tree=70
num_leaves=15
num_cat=0
split_feature=0 18 5 5 6 15 16 7 1 6 6 3 15 3
split_gain=16.4164 12.7394 28.4841 24.9765 38.0135 17.8857 16.0151 13.8917 22.6259 21.4867 18.0904 17.442 12.6563 12.9962
threshold=-0.0031115690323645045 4.7819643000504515 0.11536046299899895 -0.037285353580720763 0.01571481894194867 0.0038717234569891627 0.60355339059327384 0.78658795846537088 -0.0089412967445445784 0.041038707644377323 0.003819857008938614 0.29133503294860508 0.001073941587542482 -0.083319884417179566
decision_type=2 2 2 2 2 10 2 2 2 2 2 2 10 2
left_child=12 2 3 -2 -5 6 -6 9 -9 10 -3 -12 13 -1
right_child=1 7 -4 4 5 -7 -8 8 -10 -11 11 -13 -14 -15
leaf_value=-0.0010787027342292971 0.0061518806022792293 0.0075928023516805051 0.018801378899069292 -0.0023638333962155531 -0.012547098509256428 -0.00062416198615522164 -0.02956357485425519 0.0021703805665371592 -0.0014146427080625598 -0.0051355200592924566 0.00079941407293394927 0.017831858775607851 -0.00071673851546760032 0.0023376966043924504
leaf_weight=1226.492037832737 223.18969613313675 401.09939323365688 51.971106424927711 1488.002064883709 196.00910611450672 76.198219388723373 68.130171671509743 1882.2059628814459 9959.9729825258255 479.45187027752399 4954.1829826682806 52.715053230524063 2721.0357874631882 5451.215020865202
leaf_count=4927 901 1607 209 6014 799 310 278 7574 40408 1983 20018 214 10940 21918
internal_value=-2.51366e-05 -0.000514538 -0.00272077 -0.00328377 -0.00444107 -0.0134562 -0.0171254 -0.000252505 -0.000844566 0.000938265 0.00147844 0.000985788 0.00100748 0.00171007
internal_weight=29231.9 19833.1 2103.5 2051.53 1828.34 340.337 264.139 17729.6 11842.2 5887.45 5408 5006.9 9398.74 6677.71
internal_count=118100 80315 8511 8302 7401 1387 1077 71804 47982 23822 21839 20232 37785 26845
is_linear=0
shrinkage=0.03


Tree=71
num_leaves=15
num_cat=0
split_feature=0 13 0 18 18 12 16 7 18 6 0 17 12 7
split_gain=17.5912 18.9991 22.2203 17.7048 19.3036 18.6632 15.8325 14.6793 14.5232 21.1361 15.2731 12.728 12.3527 11.8409
threshold=0.0029064848325477404 0.81519504435463663 -0.016217789040414262 5.2583984788449021 6.4037954543346851 -0.10193913903552819 1.0000000180025095e-35 0.58772528844970018 5.4984256706959629 0.01496777734917301 -0.009366522496476291 0.60355339059327384 -0.64838665738557177 0.78074487788183344
decision_type=2 2 2 2 2 2 2 2 2 2 2 2 2 2
left_child=1 8 7 6 -5 -6 -4 -3 9 -1 -11 -12 -10 -2
right_child=13 2 3 4 5 -7 -8 -9 12 10 11 -13 -14 -15
leaf_value=0.00067005416981680656 0.00059615990292727003 0.013989646483439302 -0.007935185032331437 -0.014002472322149599 0.0058146305394991262 -0.016132494600801687 0.015262311021048088 -0.00079168068766415826 0.013018844905543834 0.00023884631955837772 -0.007863786734655976 -0.00061911805357401446 0.0012018049204511603 -0.001748775492215996
leaf_weight=3832.5329672247171 2742.4465445429087 68.677941754460335 50.242779448628426 318.20114013552666 108.13550613820553 49.040494859218597 51.925883874297142 417.34600409865379 78.118130341172218 647.44528990983963 710.49061886966228 315.16277594864368 13258.407515406609 6598.7007624357939
leaf_count=15395 11175 277 204 1362 442 201 211 1686 314 2602 2868 1270 53268 26893
internal_value=1.35495e-05 0.000517554 -0.00337976 -0.00734738 -0.00977554 -0.00114975 0.00392131 0.00134578 0.000737878 -0.000558275 -0.00336942 -0.00564318 0.00127296 -0.00106035
internal_weight=29246.9 19905.7 1063.57 577.546 475.377 157.176 102.169 486.024 18842.2 5505.63 1673.1 1025.65 13336.5 9341.15
internal_count=118168 80100 4383 2420 2005 643 415 1963 75717 22135 6740 4138 53582 38068
is_linear=0
shrinkage=0.03


Tree=72
num_leaves=15
num_cat=0
split_feature=1 1 11 11 14 10 12 18 14 2 18 5 14 0
split_gain=16.8427 12.0173 13.4922 10.9967 11.0344 11.883 12.6027 12.54 28.7421 17.8352 17.9452 14.5681 20.4069 15.8774
threshold=0.00072667428179862281 0.13440996462098478 84.561541085741325 38.444831674371386 -0.034077381759717966 0.2629464065900074 -0.27660966530795306 5.6010107541935055 0.1528521108526795 -0.0021589807641091414 6.3366878353048612 0.0093164432293965111 -0.020100238169129907 0.025031031407821262
decision_type=2 2 2 2 8 2 2 2 10 2 2 2 10 2
left_child=-1 2 3 -2 -5 6 -6 8 -7 10 -9 -11 13 -13
right_child=1 -3 -4 4 5 7 -8 9 -10 11 -12 12 -14 -15
leaf_value=0.0005062149066824695 0.0039426025181449938 -0.0065633778062601615 0.011327970201823637 -0.0039966561923639645 0.014282581963927786 -0.0029110599880562706 0.0015542962534671044 0.0050700571475709383 0.013258708439294047 -0.0031718722238063182 -0.00067675414084764855 0.0033509176779974855 -0.0020582846730934526 -0.0064359819642869171
leaf_weight=15737.960192754865 411.61308170855045 331.40399016439915 80.110431000590324 1033.3394063711166 84.778086930513382 3406.6182845681906 365.67704996466637 975.64306679368019 99.941463515162468 2018.4419481009245 977.6521882712841 1540.475330889225 2001.6758928447962 163.30967105925083
leaf_count=63297 1657 1371 324 4213 346 13837 1480 3961 405 8180 3960 6259 8143 671
internal_value=-0.000160513 -0.000938264 -0.000795625 -0.000871603 -0.00102863 -0.000764373 0.00400237 -0.000957047 -0.00244291 -0.000277922 0.00219595 -0.00112261 -5.22125e-06 0.00240639
internal_weight=29228.6 13490.7 13159.3 13079.2 12667.6 11634.2 450.455 11183.8 3506.56 7677.2 1953.3 5723.9 3705.46 1703.79
internal_count=118104 54807 53436 53112 51455 47242 1826 45416 14242 31174 7921 23253 15073 6930
is_linear=0
shrinkage=0.03


Tree=73
num_leaves=15
num_cat=0
split_feature=0 12 14 11 3 17 2 15 15 2 11 15 16 13
split_gain=15.6982 18.0486 18.7674 12.84 11.896 14.6237 11.8575 13.4816 11.5822 11.1631 11.4003 10.9002 21.1765 21.6526
threshold=-0.0031115690323645045 -0.10869573812832249 0.022926141859118235 39.249466530244028 0.067601428892790874 0.91597561503675351 0.035444252143817863 0.0050024724584840649 -0.028756159123452193 -0.084700223603114563 40.637990698551668 -0.025661915114333574 0.78656609248549325 0.58137559816878337
decision_type=2 2 10 2 2 2 2 10 10 2 2 8 2 2
left_child=1 3 4 8 -3 6 7 -6 -1 10 -5 12 13 -2
right_child=11 2 -4 9 5 -7 -8 -9 -10 -11 -12 -13 -14 -15
leaf_value=-0.00069346914831283494 -0.0068156127780280521 0.0040039507516436649 -0.0021111682313075596 0.0035926655602150567 0.0014435792059885781 -0.011104661029389323 0.0060970238213970945 -0.011000983921644983 0.0044151068612883317 -0.00073918617705946417 -0.0087382910845068464 -0.00037025988718226559 0.0048442047818504806 0.010393901318076375
leaf_weight=789.00362394750118 829.37411656975746 3023.2271122485399 722.54922445118427 84.769510254263878 282.58219608664513 94.555431321263313 277.74976499378681 106.20826490223408 805.95897144079208 2893.3182954192162 311.61270926892757 18728.548015013337 222.41465725004673 69.690550982952118
leaf_count=3166 3351 12135 2908 340 1134 380 1118 427 3233 11659 1259 75869 899 285
internal_value=-6.43689e-05 0.000946062 0.00231478 -0.00031723 0.00316051 -0.000191529 0.0013852 -0.00199488 0.00189027 -0.001388 -0.00609642 -0.000542476 -0.00341267 -0.00546152
internal_weight=29241.6 9391.54 4506.87 4884.66 3784.32 761.096 666.54 388.79 1594.96 3289.7 396.382 19850 1121.48 899.065
internal_count=118163 37759 18102 19657 15194 3059 2679 1561 6399 13258 1599 80404 4535 3636
is_linear=0
shrinkage=0.03


Tree=74
num_leaves=15
num_cat=0
split_feature=0 13 6 15 6 3 11 11 6 12 18 13 11 6
split_gain=14.8972 11.5381 12.2502 11.8111 19.1871 15.1185 18.4007 16.845 16.3363 16.0482 16.2232 15.4182 13.3384 12.0226
threshold=0.0030036320245300234 0.027557500344866485 0.003819857008938614 0.0052623233558297686 0.019101335261867955 -0.028665771636065426 48.357100733344694 39.628680852542352 0.011443048777100093 -0.08989819268300285 7.1791139614844157 0.019840015157183259 38.014005051273521 0.0095154904309729237
decision_type=2 2 2 8 2 2 2 2 2 2 2 2 2 2
left_child=1 3 -3 -1 5 -5 7 -7 13 11 -11 -8 -6 -9
right_child=-2 2 -4 4 12 6 9 8 -10 10 -12 -13 -14 -15
leaf_value=0.0034504702465409411 -0.0010052956029451515 0.0080525150800568514 -8.0378716064757194e-05 -0.0032225646067223193 0.0036819097529834513 -0.0029485189493162274 -0.0047688317749478033 0.0051259054517015712 0.012930804421211134 -0.0018925976418942762 -0.01893289177621469 0.014749429593576004 0.020212554800664605 -0.0066100844029134609
leaf_weight=2018.8667216598988 9234.3023184686899 166.6295480877161 14452.923083677888 927.89709185063839 120.82528236508369 245.03534561395645 56.566367104649544 583.96449790894985 222.03361918032169 919.46879686415195 51.247388437390327 96.448621809482574 68.089205518364906 88.967989861965179
leaf_count=8106 37648 668 58231 3725 484 983 227 2342 891 3689 206 387 273 357
internal_value=-8.63023e-06 0.000451164 1.34065e-05 0.001636 0.000550997 -1.61048e-06 0.00132033 0.00400248 0.00590795 -0.00140294 -0.00282929 0.00756551 0.00978927 0.00355931
internal_weight=29253.3 20019 14619.6 5399.41 3380.54 3191.63 2263.73 1140 894.966 1123.73 970.716 153.015 188.914 672.932
internal_count=118217 80569 58899 21670 13564 12807 9082 4573 3590 4509 3895 614 757 2699
is_linear=0
shrinkage=0.03


Tree=75
num_leaves=15
num_cat=0
split_feature=4 2 13 14 12 10 2 15 15 13 11 0 10 12
split_gain=23.5468 18.4432 16.9628 15.7925 15.2756 15.7208 12.3406 22.2191 19.4138 15.1277 15.0629 11.9949 17.537 30.0883
threshold=0.002199847999301952 -0.06293762746708341 5.2637744466153942 0.30167833597128008 -0.028475069013422446 2.6975240375802447 0.012980025596688762 -0.013651776475631204 0.0074363250867910411 0.27931099212859817 65.637345910047586 -0.0056130666509366369 0.56723756028618177 -0.07354998928664673
decision_type=2 2 2 10 2 2 2 8 8 2 2 2 2 2
left_child=4 -2 3 6 11 -6 7 -3 9 -8 -9 -1 13 -13
right_child=1 2 -4 -5 5 -7 8 10 -10 -11 -12 12 -14 -15
leaf_value=0.0016512683860257637 -0.012454249072491291 0.0052861143804672512 -0.01214086395197506 0.0076610565826957825 0.003319730169826219 -0.011921230034003857 -0.0051451606515309101 -0.0034047076034823959 0.00055974374671183356 0.00055736702653804804 0.010173757019000553 0.00020157686106028413 -0.00088955735447864221 0.0080075136417718535
leaf_weight=4519.9645146876574 123.54040969908237 309.65358147025108 117.46218837797642 194.23980417847633 2358.2479530274868 60.60179340839386 1111.8369683325291 3222.3497164845467 6035.9756014198065 670.25882169604301 73.352344259619713 1951.4962890148163 7947.1778751313686 573.50969558954239
leaf_count=18150 515 1259 481 790 9464 243 4506 13092 24501 2728 296 7876 32084 2304
internal_value=1.49001e-05 -0.00101603 -0.000893518 -0.00077773 0.000717108 0.00292835 -0.000922536 -0.00237401 -0.000252741 -0.00300218 -0.00309651 0.000360001 -0.00019754 0.00197949
internal_weight=29269.7 11858.7 11735.1 11617.7 17411 2418.85 11423.4 3605.36 7818.07 1782.1 3295.7 14992.1 10472.2 2525.01
internal_count=118289 48168 47653 47172 70121 9707 46382 14647 31735 7234 13388 60414 42264 10180
is_linear=0
shrinkage=0.03


Tree=76
num_leaves=15
num_cat=0
split_feature=0 0 2 18 13 18 14 18 5 7 18 18 3 11
split_gain=18.6554 12.8195 12.2117 14.6462 12.1801 19.5952 31.0163 16.4093 16.5396 19.2872 18.11 14.5738 24.2873 20.0275
threshold=-0.0026587877269412803 0.12474756944615507 0.11984386680427521 5.0876941287662021 0.50403372394044355 5.5894596572025561 0.077087153517968257 5.4091095521671742 -0.038250474293569252 1.5056139499169456 5.1198722967426091 6.3693150093141524 0.22927487504593361 55.290986919998886
decision_type=2 2 2 2 2 2 10 2 2 2 2 2 2 2
left_child=-1 2 4 -4 7 -6 11 8 10 -10 -2 12 -7 -13
right_child=1 -3 3 -5 5 6 -8 -9 9 -11 -12 13 -14 -15
leaf_value=0.00097979345128211201 0.0069850447522888624 -0.010590213970070711 0.012023019240486186 0.0012561674134965108 0.0023542574352463114 -0.016315548371595233 0.016265942804343476 1.6320731433873931e-05 -0.0024168558769674768 -0.016433315980645759 -0.0052998312205179412 0.00053092603872685162 0.0048356337885031003 -0.014136042669551553
leaf_weight=9966.5905494242907 336.78829430043697 113.34603503346443 128.63101942837238 882.93669059872627 326.14961402118206 273.57697255909443 48.967020004987717 12566.805011987686 3912.0392646044493 88.476027488708496 156.80630639195442 270.08376727998257 58.433082491159439 119.38619208335876
leaf_count=40075 1361 470 520 3603 1336 1182 200 50776 15852 359 634 1110 241 494
internal_value=-7.39315e-05 -0.00061862 -0.00055856 0.0026463 -0.000737377 -0.00379925 -0.00640354 -0.000540151 -0.00209552 -0.0027349 0.00307672 -0.00798283 -0.0125863 -0.00401426
internal_weight=29249 19282.4 19169.1 1011.57 18157.5 1096.6 770.447 17060.9 4494.11 4000.52 493.595 721.48 332.01 389.47
internal_count=118213 78138 77668 4123 73545 4563 3227 68982 18206 16211 1995 3027 1423 1604
is_linear=0
shrinkage=0.03


Tree=77
num_leaves=15
num_cat=0
split_feature=4 14 3 18 15 5 6 17 18 15 4 13 14 13
split_gain=18.6333 15.9199 15.1725 24.2422 15.1009 13.2566 12.1616 22.6303 14.2698 16.9693 14.1982 15.7356 18.2754 15.6705
threshold=0.0016158837750454016 -0.07433893493751241 0.0064059357444388185 6.4529742615402119 -0.0058269684311218475 0.12270858766061311 0.015057887368983744 -0.37940952255126015 6.4529742615402119 0.00094642508703790551 -0.050223868013445021 0.13366509930313811 -0.11393284991187679 1.2809168888588851
decision_type=2 8 2 2 8 2 2 2 2 8 2 2 10 2
left_child=5 -2 3 -3 -5 6 8 10 9 -1 11 12 -8 -13
right_child=1 2 -4 4 -6 -7 7 -9 -10 -11 -12 13 -14 -15
leaf_value=0.0026928195539765603 -0.011451285831621085 -0.00088494910586712865 -3.1732906750590147e-05 0.0037873589998529294 -0.0074430102711654754 0.01501704309634502 -0.0090189160617381511 0.00095753459182310334 0.003296250764882921 -0.00049081772207830074 -0.0034537790899823672 0.010474683124002781 0.011268258121279299 -0.0049810635360715925
leaf_weight=2314.7791569828987 124.83607767522335 2975.221541211009 8271.5464497208595 120.43523946404457 940.66426289081573 55.64812508225441 163.38305106759071 4873.1618098318577 2463.2158318907022 4308.612086981535 2267.5955774784088 223.42508579790592 50.841581970453262 78.62483911216259
leaf_count=9309 515 12095 33575 490 3818 224 656 19671 9887 17310 9181 899 204 317
internal_value=3.60417e-06 -0.000876758 -0.00076766 -0.00227502 -0.00616363 0.000655163 0.000605643 -0.000275104 0.00134772 0.000622294 -0.00243197 0.00205203 -0.0041445 0.00644519
internal_weight=29232 12432.7 12307.9 4036.32 1061.1 16799.3 16743.6 7657.03 9086.61 6623.39 2783.87 516.275 214.225 302.05
internal_count=118151 50493 49978 16403 4308 67658 67434 30928 36506 26619 11257 2076 860 1216
is_linear=0
shrinkage=0.03


Tree=78
num_leaves=15
num_cat=0
split_feature=4 6 6 15 10 2 16 15 15 14 18 15 16 16
split_gain=11.7341 15.5328 17.6657 21.9975 24.7762 20.8489 16.5294 19.9295 16.2481 21.4842 15.6419 19.001 17.2366 15.4351
threshold=0.002199847999301952 0.01496777734917301 0.012542070551003337 0.0037206974501349248 1.1836321863824832 -0.0052345872084091907 0.78656609248549325 0.010836074191983959 0.046232758960423233 -0.033345589253034928 4.8468708577568362 -0.0077247210361961463 0.60355339059327384 -0.60355339059327362
decision_type=2 2 2 8 2 2 2 8 10 8 2 10 2 2
left_child=1 2 3 4 10 13 7 -5 9 -9 -1 -12 -13 -6
right_child=-2 -3 -4 6 5 -7 -8 8 -10 -11 11 12 -14 -15
leaf_value=0.00033947542992059516 -0.00049475447387996123 -0.0002521339579585567 0.004223395026101682 -0.0046718688411954944 -0.0068651621452818822 -0.0089263414965895065 -0.0037862128123572316 -0.011207867125548334 0.014618244326039651 0.0016625214091140746 0.0028414393467932984 0.011725124392318906 0.0018859404867562343 0.0056976075294078851
leaf_weight=652.09366948902607 11866.352823793888 7928.1182653158903 1796.6630702763796 553.31893847882748 123.80774742364883 254.97044441103935 1004.883677020669 119.69158604741096 80.749938920140266 2869.68551415205 931.92962197959423 601.3793611228466 219.36757059395313 291.57067887485027
leaf_count=2624 48210 32028 7225 2222 498 1023 4036 481 324 11524 3745 2416 881 1172
internal_value=0.000232844 0.000728243 0.00154628 0.000920963 0.00288682 -0.00220845 -0.00038586 0.000558722 0.00150384 0.00114006 0.00430782 0.0057822 0.0091063 0.00193819
internal_weight=29294.6 17428.2 9500.11 7703.45 3075.12 670.349 4628.33 3623.45 3070.13 2989.38 2404.77 1752.68 820.747 415.378
internal_count=118409 70199 38171 30946 12359 2693 18587 14551 12329 12005 9666 7042 3297 1670
is_linear=0
shrinkage=0.03


Tree=79
num_leaves=15
num_cat=0
split_feature=0 5 13 13 4 18 18 14 15 2 18 13 10 17
split_gain=15.1753 11.4592 23.4711 23.5837 21.7461 17.8572 15.8326 16.375 18.1929 18.9206 17.229 18.963 15.5763 15.0534
threshold=0.020046326064565471 0.15050701531176938 0.87359046014016351 1.049724957285044 -0.025858860806251879 5.006932137947655 5.5317210469676317 0.016904228037209815 0.01762039116448522 0.015024383590878322 7.8331228726160829 0.46075626976432199 0.75041183964057467 -0.70710678118654757
decision_type=2 2 2 2 2 2 2 10 10 2 2 2 2 2
left_child=1 2 6 4 -4 -3 -1 8 9 12 11 -10 13 -8
right_child=-2 5 3 -5 -6 -7 7 -9 10 -11 -12 -13 -14 -15
leaf_value=-0.00079783493311483484 -0.0025821959220772152 0.019525903918450417 0.00708829522976708 -0.0010514901155544521 -0.014553703034877829 0.0025297631322845548 -0.00070687125297826559 -0.0015573973967016766 -0.00023610476599496155 0.0040325301767927925 -0.013895293702044158 -0.014767416982968018 0.00022953309869948158 0.0036000736172222556
leaf_weight=8077.9561092704535 1831.1028445214033 58.917925164103508 48.237046182155609 586.88668125867844 266.51286733150482 654.52233920991421 965.77275185286999 2298.4744470566511 1417.4525839239359 2234.4830633401871 98.541894748806953 83.716137006878853 7661.6705790311098 2986.890044733882
leaf_count=32618 7514 237 195 2390 1168 2658 3890 9294 5721 9029 400 340 30846 12021
internal_value=6.05531e-05 0.000237082 0.000136771 -0.00461576 -0.0112131 0.00398401 0.000303042 0.000804165 0.00115568 0.00150561 -0.00187175 -0.00106505 0.00101884 0.00254791
internal_weight=29271.1 27440 26726.6 901.637 314.75 713.44 25825 17747 15448.5 13848.8 1599.71 1501.17 11614.3 3952.66
internal_count=118321 110807 107912 3753 1363 2895 104159 71541 62247 55786 6461 6061 46757 15911
is_linear=0
shrinkage=0.03


Tree=80
num_leaves=15
num_cat=0
split_feature=4 7 7 6 18 12 12 15 6 17 10 1 12 10
split_gain=14.8549 16.0314 16.4621 16.1033 18.399 21.3014 16.9485 16.304 15.8835 15.9933 16.6648 18.592 15.456 15.2962
threshold=0.0016158837750454016 0.32402060167153418 1.2419100436374426 0.024121574491890545 4.7559478896499483 -0.10193913903552819 -0.0069408726719840655 -0.025661915114333574 0.015152164665063561 -0.37940952255126015 1.2306390252450876 -0.05940051006713442 -0.12736906342466101 0.14608551508678419
decision_type=2 2 2 2 2 2 2 8 2 2 2 2 2 2
left_child=8 -2 3 6 -5 7 -3 -6 13 10 11 -10 -13 -1
right_child=1 2 -4 4 5 -7 -8 -9 9 -11 -12 12 -14 -15
leaf_value=0.010544125888538742 0.0078101435253964133 -0.00048093627418418876 0.0011547060059685589 -0.016484832463872789 0.012779130570327632 -0.0073659453281501759 -0.0058479767220586511 -0.0018066517286539261 0.0047396500057217752 0.00052106798258087068 0.0017823099378364389 -0.0062951336781678167 -0.00023618234755893021 0.0011787638210559971
leaf_weight=157.78880846500397 186.6824441999197 6915.4981614500284 2527.5724513530731 96.305710405111313 70.673436313867569 729.33541609346867 571.50981412827969 1356.5173709839582 211.89797385036945 4888.8089995384216 669.24821589887142 1353.8299766182899 526.11260530352592 8982.41240490973
leaf_count=634 754 28017 10235 395 290 2985 2319 5598 849 19735 2703 5497 2120 36090
internal_value=-8.3611e-05 -0.000868602 -0.00100192 -0.00156171 -0.0037844 -0.00320248 -0.000892074 -0.0010675 0.000498692 -0.00050984 -0.00233423 -0.00365169 -0.00460155 0.00134271
internal_weight=29244.2 12454.1 12267.4 9739.84 2252.83 2156.53 7487.01 1427.19 16790.1 7649.9 2761.09 2091.84 1879.94 9140.2
internal_count=118221 50593 49839 39604 9268 8873 30336 5888 67628 30904 11169 8466 7617 36724
is_linear=0
shrinkage=0.03


Tree=81
num_leaves=15
num_cat=0
split_feature=4 12 13 14 7 6 14 7 12 5 18 18 13 18
split_gain=13.2914 16.9796 16.516 19.9467 16.0388 20.9717 25.1633 16.5687 14.8162 15.5932 22.8649 16.6013 14.266 14.4635
threshold=9.1667197256839486e-05 -0.034336690058094803 0.004432255034453437 -0.039989830873599523 1.2419100436374426 0.030037904592201459 0.35425906146945513 0.40931773229360108 -0.023097402634277838 0.022861928047427597 5.7655773035037488 6.2781247905643953 0.0070774458852954645 6.1397584744542533
decision_type=2 2 2 10 2 2 10 2 2 2 2 2 2 2
left_child=1 2 3 -1 5 7 8 -2 9 10 -7 -12 13 -3
right_child=4 12 -4 -5 -6 6 -8 -9 -10 -11 11 -13 -14 -15
leaf_value=0.00079733238657535266 0.0048552443601200153 0.004315508343362643 3.1346111264155869e-05 0.013789673768320099 0.0014323096696983429 -7.2264736292050778e-05 0.01354322264069664 -0.00089319307798236278 -0.018973029676752896 -0.0023349669036655447 -0.02266394265287007 -0.0083152116356008977 0.0041732586059440935 -0.010482685336441729
leaf_weight=271.12184593081474 472.31073144078255 108.74594762921333 12716.420735493302 173.27484802901745 2668.9201402813196 175.84639240801334 66.944490939378738 9294.802968069911 63.504487454891205 1068.4311341047287 113.67495128512383 206.0126107186079 1720.113907828927 126.88670349121094
leaf_count=1092 1902 437 51243 701 10802 728 274 37643 262 4395 491 854 6903 509
internal_value=-3.22593e-08 0.000618253 0.000230454 0.00590227 -0.000661459 -0.00114918 -0.00422814 -0.000614277 -0.00497488 -0.00438298 -0.00877161 -0.0135265 0.00322497 -0.00367438
internal_weight=29247 15116.6 13160.8 444.397 14130.4 11461.5 1694.41 9767.11 1627.47 1563.97 495.534 319.688 1955.75 235.633
internal_count=118236 60885 53036 1793 57351 46549 7004 39545 6730 6468 2073 1345 7849 946
is_linear=0
shrinkage=0.03


Tree=82
num_leaves=15
num_cat=0
split_feature=0 12 15 2 13 15 13 16 13 7 13 3 13 18
split_gain=12.7763 13.0159 16.1753 13.8308 21.3064 9.89875 19.6333 13.7311 10.9625 10.3302 15.2901 31.5669 20.6238 17.0561
threshold=-0.0026587877269412803 -0.13469263679665935 0.0035289195824357304 0.11984386680427521 0.44588866126292287 0.057047682931192341 0.50403372394044355 -0.70710678118654735 0.18466358322719514 1.3816626239407734 0.87359046014016351 0.034346278405839932 1.1552197602662877 6.311121736251228
decision_type=2 2 10 2 2 10 2 2 2 2 2 2 2 2
left_child=1 -1 -3 4 -4 9 7 8 -7 10 -2 12 -12 -13
right_child=5 2 3 -5 -6 6 -8 -9 -10 -11 11 13 -14 -15
leaf_value=-0.00039423318090922057 -0.000557659001464201 0.0027635742337342542 -0.00062611906743271454 0.0079252175799200859 -0.014120531217522181 0.024003205814854555 -0.013272379863641402 0.0027302520735194959 0.0047057322657662638 0.0016760118278403081 -0.018290999522052639 0.0041426635306647764 -0.0032076416524212323 -0.0067374009521776954
leaf_weight=4188.4469063878059 16270.904092952609 4230.4194036573172 1302.9391923546791 145.84037935733795 112.58609822392464 58.59320093691349 49.324240058660507 255.9884836524725 49.202538698911667 1713.8573836833239 189.92664432525635 327.90369828045368 143.66712874174118 211.65977884829044
leaf_count=16869 65838 16997 5230 589 456 237 202 1039 200 6945 849 1347 591 876
internal_value=8.55312e-06 0.000879683 0.00180076 -0.000808126 -0.00171783 -0.000442639 0.00414002 0.00656056 0.0154412 -0.000543456 -0.000765502 -0.00462844 -0.011853 -0.000134484
internal_weight=29251.3 9980.23 5791.79 1561.37 1415.53 19271 413.108 363.784 107.796 18857.9 17144.1 873.157 333.594 539.563
internal_count=118265 40141 23272 6275 5686 78124 1678 1476 437 76446 69501 3663 1440 2223
is_linear=0
shrinkage=0.03


Tree=83
num_leaves=15
num_cat=0
split_feature=0 14 6 7 13 18 17 14 18 4 18 4 4 3
split_gain=15.9363 12.7908 12.5612 10.9345 15.3865 12.2018 10.8668 10.7297 15.2358 16.5796 16.9123 15.5953 13.3821 19.8637
threshold=0.00079497010097118192 0.017854346091930932 0.058680998121342261 1.5252060616627652 0.083994343407425079 6.4037954543346851 1.0000000180025095e-35 -0.045112291590919888 4.9759546690945227 -0.10378133343599093 5.9836840086136656 -0.045529056039300568 -0.025858860806251879 -0.14854140068036012
decision_type=2 10 2 2 2 2 2 8 2 2 2 2 2 2
left_child=1 3 -3 7 5 -5 -7 8 -1 -10 11 -11 13 -9
right_child=-2 2 -4 4 -6 6 -8 12 9 10 -12 -13 -14 -15
leaf_value=0.0055838078024281687 -0.00069305130779948108 -0.0021516536126905358 0.0050954975948406282 -0.001654646856392393 0.0011644730726098748 -0.0052955873648191584 -0.021614938127631503 -0.0025202681470128706 0.0066225678265593255 -0.00042170135640188014 -0.00041671880063175393 -0.011218708045726639 0.0012433891429362927 0.007067251630230178
leaf_weight=264.02890236675739 12678.711314052343 2014.7206946611404 239.05682709813118 150.06875026226044 417.53759564459324 73.042094558477402 75.50977723300457 254.78682546317577 165.60886926949024 184.38375368714333 715.60655063390732 345.8394451290369 10833.274467080832 808.08076375722885
leaf_count=1061 51609 8114 967 602 1681 293 303 1022 664 740 2877 1394 43576 3244
internal_value=0.000107132 0.000720464 -0.00137912 0.0010518 -0.00255632 -0.00773194 -0.0137678 0.00124255 -0.00100419 -0.00224272 -0.00342991 -0.00747977 0.0015591 0.00476855
internal_weight=29220.3 16541.5 2253.78 14287.8 716.158 298.621 148.552 13571.6 1675.47 1411.44 1245.83 530.223 11896.1 1062.87
internal_count=118147 66538 9081 57457 2879 1198 596 54578 6736 5675 5011 2134 47842 4266
is_linear=0
shrinkage=0.03


Tree=84
num_leaves=15
num_cat=0
split_feature=4 15 14 7 15 13 13 6 7 11 14 15 17 12
split_gain=16.055 18.052 14.6121 14.8428 22.1545 21.2306 17.0417 16.6353 15.0787 20.3445 15.2076 15.0398 12.8384 12.5226
threshold=0.002199847999301952 0.057047682931192341 -0.063882303557071127 1.2293489848920396 0.029097863793630111 5.2637744466153942 3.8006713353502737 0.0056385115624393726 0.53283355230268015 61.499413377235406 -0.0056399079890672782 -0.013651776475631204 0.78656609248549303 -0.028475069013422446
decision_type=2 10 8 2 10 2 2 2 2 2 10 8 2 2
left_child=1 13 -2 5 7 6 8 -5 9 -4 -11 -10 -9 -1
right_child=2 -3 3 4 -6 -7 -8 12 11 10 -12 -13 -14 -15
leaf_value=0.00013488855740739482 -0.010072387125718112 0.01304492735300614 -0.0006638977170989953 0.017040355351743832 0.0073980274661956452 -0.0159438712466108 0.013698317345828621 0.00078459762948453117 0.0031488988589362509 0.0015000705523575872 0.016023580256232153 -0.0020399727102339729 -0.0050044319264296953 0.0024715671122887079
leaf_weight=14884.935554400086 152.21611815690994 101.1794131398201 561.54644277691841 48.202121719717979 434.78277139365673 86.739540576934814 66.620343580842018 1632.2199151068926 536.32926359772682 119.20417034626007 141.59755545854568 7650.2602364867926 434.98767241835594 2394.517084479332
leaf_count=60006 629 407 2278 194 1757 357 273 6613 2183 482 571 31129 1761 9612
internal_value=-4.70301e-05 0.000533705 -0.000897697 -0.000776763 0.00124682 -0.00134015 -0.00119709 -2.32397e-05 -0.00131026 0.00255793 0.00944728 -0.00169935 -0.000437206 0.000458945
internal_weight=29245.3 17380.6 11864.7 11712.5 2550.19 9162.3 9075.56 2115.41 9008.94 822.348 260.802 8186.59 2067.21 17279.5
internal_count=118252 70025 48227 47598 10325 37273 36916 8568 36643 3331 1053 33312 8374 69618
is_linear=0
shrinkage=0.03


Tree=85
num_leaves=15
num_cat=0
split_feature=18 12 7 15 15 6 15 18 13 14 15 5 13 18
split_gain=13.761 18.4598 19.7689 19.6699 36.8228 32.4757 22.1266 21.0671 21.3007 29.6297 23.4317 18.1816 25.6118 42.2572
threshold=5.9287018829556883 -0.14201780632109409 0.22990153890163703 -0.0044726559755714481 -0.0069852074876655115 0.0059100628511419258 -0.0031898933419860494 7.7486544584267447 0.50403372394044355 0.065905777550916547 0.040523658161721883 0.022861928047427597 0.87359046014016351 6.3693150093141524
decision_type=2 2 2 10 10 2 10 2 2 10 10 2 2 2
left_child=-1 2 -2 4 -3 -6 -5 8 10 -10 -8 12 -4 -14
right_child=1 3 11 6 5 -7 7 -9 9 -11 -12 -13 13 -15
leaf_value=-0.00065045794516761812 0.014663954273190201 0.0018256456977861081 -0.0013737487691998906 -0.010467035345375734 0.031322253953358026 0.0069230585131671331 0.00018817095083448987 -0.0092705417003822888 -0.017589187924104483 0.00088984305013998404 0.0068988738937938313 0.0026620383431398007 -0.022202324305800068 0.00049510132622641021
leaf_weight=13351.831106632948 69.972620517015457 7077.433946415782 3377.3842938840389 185.31775562465191 65.427472338080406 187.01897747814655 2628.7874089479446 202.0916420519352 130.58264444768429 189.57233129441738 567.81588087975979 889.04411152005196 142.23903508484364 151.04171597957611
leaf_count=53993 281 28540 13642 747 263 755 10605 819 536 773 2294 3628 644 618
internal_value=5.91828e-05 0.000656464 -0.000937391 0.00131336 0.00222932 0.0134432 -0.000406569 0.000100121 0.000643572 -0.00670966 0.00138377 -0.00118313 -0.00211538 -0.0105888
internal_weight=29215.6 15863.7 4629.68 11234 7329.88 252.446 3904.17 3718.85 3516.76 320.155 3196.6 4559.71 3670.67 293.281
internal_count=118138 64145 18813 45332 29558 1018 15774 15027 14208 1309 12899 18532 14904 1262
is_linear=0
shrinkage=0.03


Tree=86
num_leaves=15
num_cat=0
split_feature=0 13 16 4 14 17 3 15 7 2 17 14 16 7
split_gain=15.3893 13.1342 15.1551 20.8074 13.4855 13.3813 15.1566 10.2861 10.2419 12.3531 10.6905 15.7077 10.0098 9.96121
threshold=-0.0060228054221194696 0.065860247503896976 0.25881904510252091 -0.069123337719570951 0.087862523882028989 -0.12940952255126037 -0.01712569692720271 -0.019470157027640763 1.5446911712400209 -0.092402462750981837 -0.5 0.30167833597128008 -0.25881904510252113 0.78658795846537088
decision_type=2 2 2 2 8 2 2 8 2 2 2 8 2 2
left_child=1 5 4 -4 -3 6 7 -1 9 -5 -10 -12 -9 -2
right_child=13 2 3 8 -6 -7 -8 12 10 -11 11 -13 -14 -15
leaf_value=0.005438044866605379 0.00052956007038014398 -0.0029126885737576968 0.012467294568642165 -0.007286533794866738 0.0013814755984559231 0.0057155914468926799 0.006440532814725849 0.0011450345979433407 -0.016852444981630185 0.0031154248568700921 0.011601292886149861 -0.010528429510967495 -0.0073765642741875038 -0.0007920886440295385
leaf_weight=136.66186130046844 7779.5619974881411 1483.9029482454062 170.61341020464897 109.51699280738831 1179.9419574439526 1031.110203191638 288.6640660315752 213.79228930175304 49.959646105766296 1321.3083432018757 51.317080348730087 60.951939567923546 292.01689894497395 15075.092963591218
leaf_count=550 31473 5969 684 442 4753 4143 1160 859 201 5318 206 245 1173 61082
internal_value=2.17007e-05 0.00132299 0.000416995 0.00257253 -0.00101099 0.00336474 0.000754806 -0.00181187 0.00149851 0.00231019 -0.00560125 -0.000387139 -0.00378438 -0.000342202
internal_weight=29244.4 6389.76 4427.51 1763.67 2663.84 1962.25 931.135 642.471 1593.05 1430.83 162.229 112.269 505.809 22854.7
internal_count=118258 25703 17818 7096 10722 7885 3742 2582 6412 5760 652 451 2032 92555
is_linear=0
shrinkage=0.03


Tree=87
num_leaves=15
num_cat=0
split_feature=1 0 10 5 13 13 18 18 18 10 15 15 16 17
split_gain=12.761 9.34054 11.1898 10.2413 29.0894 22.4462 14.0455 13.2124 13.1155 12.5737 16.944 17.4679 20.2352 16.4721
threshold=-0.0082404083334597349 0.019062672548839425 0.75041183964057467 0.1307763938436364 0.87359046014016351 1.568496374592832 5.5894596572025561 5.8277165348363322 5.1198722967426091 0.653278595801701 0.018106820754885792 -0.020722706479720628 0.78656609248549325 0.1294095225512602
decision_type=2 2 2 2 2 2 2 2 2 2 8 10 2 2
left_child=-1 3 -3 4 6 7 -2 -6 -5 10 11 12 -8 -13
right_child=1 2 -4 8 5 -7 9 -9 -10 -11 -12 13 -14 -15
leaf_value=0.0010410542137927309 -0.0013224590429470706 -0.0061710479423394346 -0.00082966136920516697 0.015706087862003035 -0.004177114293120605 0.0020863382033319043 -0.008800523666496661 -0.016620189827275568 0.0020099875798962204 -7.9029825101131792e-05 -0.00015780866560846128 0.0092802008916647027 0.011941252204307973 0.002282031467037011
leaf_weight=7644.8532083630562 6137.7712408751249 525.03995896875858 1071.1571358591318 69.476278811693192 124.90424667298794 147.37266673147678 159.20228242874146 204.75595957040787 534.04323495924473 9924.1411541700363 1400.1220666468143 622.06340511143208 55.502004489302635 591.1823697835207
leaf_count=30731 24832 2170 4411 280 525 603 643 920 2177 40067 5653 2510 224 2384
internal_value=-1.1944e-05 -0.000385267 -0.00259214 -0.000208635 -0.000328722 -0.00762949 -0.000143566 -0.0119593 0.00363333 0.000423966 0.00218786 0.00448483 -0.00337796 0.00587955
internal_weight=29211.6 21566.7 1596.2 19970.5 19367 477.033 18890 329.66 603.52 12752.2 2828.07 1427.95 214.704 1213.25
internal_count=118130 87399 6581 80818 78361 2048 76313 1445 2457 51481 11414 5761 867 4894
is_linear=0
shrinkage=0.03


Tree=88
num_leaves=15
num_cat=0
split_feature=4 2 13 15 12 10 17 13 14 13 6 16 3 13
split_gain=11.4488 18.9111 14.8342 13.5703 12.5063 12.1563 28.3088 16.9706 13.8409 11.3045 26.7031 11.0537 11.255 11.1827
threshold=0.002199847999301952 0.0060423958932602781 5.2637744466153942 -0.007193059469887241 -0.028475069013422446 1.1912204623022011 0.25881904510252057 0.018498678754885537 -0.042893825294691094 1.8079501277464378 0.075503481381730436 -0.60355339059327362 0.0078975491162109907 0.051992466253913301
decision_type=2 2 2 8 2 2 2 2 10 2 2 2 2 2
left_child=4 3 9 -2 -1 11 -7 8 -8 -3 -11 12 -6 -13
right_child=1 2 -4 -5 5 6 7 -9 -10 10 -12 13 -14 -15
leaf_value=0.00023131959760210353 0.0020350306450715025 -0.00010290677078283264 -0.010767467073572845 -0.003933807141768348 0.0030142998263066249 0.0044463314783460784 -0.00728263579348549 -0.0014603326596786884 -0.027748006517104212 0.016224902018900565 -0.0012315330570241997 0.003441462535003193 -0.0065677333571535802 0.0095462145728034808
leaf_weight=15045.421138599515 408.17646072804928 8965.983227699995 112.47275413572788 2103.6452243030071 359.88663227856159 361.04137496650219 68.54601126909256 147.28273275494576 53.391438290476799 126.7415350228548 202.91596879065037 899.76378697156906 156.70802752673626 386.56685064733028
leaf_count=60660 1664 36411 462 8581 1445 1449 275 591 214 518 829 3613 629 1552
internal_value=6.53029e-05 -0.000651528 -3.38986e-05 -0.00296301 0.00055418 0.00254874 -0.00103527 -0.00836503 -0.0165468 9.82606e-05 0.00553721 0.00380138 9.34888e-05 0.00528803
internal_weight=29398.5 11919.9 9408.11 2511.82 17478.6 2433.19 630.262 269.22 121.937 9295.64 329.658 1802.93 516.595 1286.33
internal_count=118893 48465 38220 10245 70428 9768 2529 1080 489 37758 1347 7239 2074 5165
is_linear=0
shrinkage=0.03


Tree=89
num_leaves=15
num_cat=0
split_feature=1 6 18 5 10 18 5 14 3 10 16 18 5 3
split_gain=13.3436 15.0678 18.7218 26.6706 18.5592 17.5816 26.1754 15.7957 18.1285 15.0259 16.4961 14.5578 14.0623 15.1103
threshold=-0.05940051006713442 0.023847953956592702 5.9287018829556883 0.11536046299899895 1.2657142197941542 4.7559478896499483 -0.049941067628213646 0.0066121949482031992 0.055528721369940477 0.68413548861700268 0.60355339059327384 5.8580323496040245 -0.15704373474713204 0.073676945863237378
decision_type=2 2 2 2 2 2 2 8 2 2 2 2 2 2
left_child=-1 2 3 7 5 6 -3 8 11 10 -7 -2 -6 -14
right_child=1 4 -4 -5 12 9 -8 -9 -10 -11 -12 -13 13 -15
leaf_value=0.0032488423803904982 0.0015707072919142284 0.0064316197162776903 0.0010661817490794031 0.013736793030737103 0.015127585877772649 -0.0018109984218428385 -0.017202371079977297 -0.0018369660438378875 -0.0048507678975628641 -0.0035914376107063738 0.0049500483479460872 -0.0064110305816461469 -0.0032317646048635831 0.0022071802957773076
leaf_weight=1048.3309545814991 3877.2604033797979 56.223222017288208 10831.974195405841 112.05262437462807 58.110677406191826 1125.030528575182 156.7857314646244 6186.3011206388474 507.86747089028358 2528.6258323043585 454.27302896976471 215.21685846149921 685.07325226068497 1387.3240281790495
leaf_count=4201 15637 228 43636 451 235 4596 642 25002 2053 10366 1856 867 2803 5643
internal_value=-7.12568e-05 -0.000194981 0.000183013 -0.000694784 -0.00146786 -0.00259733 -0.0109624 -0.000847219 0.00048396 -0.00215845 0.000137559 0.00114803 0.000823143 0.000407844
internal_weight=29230.4 28182.1 21730.7 10898.7 6451.45 4320.94 213.009 10786.6 4600.34 4107.93 1579.3 4092.48 2130.51 2072.4
internal_count=118216 114015 87646 44010 26369 17688 870 43559 18557 16818 6452 16504 8681 8446
is_linear=0
shrinkage=0.03


Tree=90
num_leaves=15
num_cat=0
split_feature=1 14 7 6 13 16 2 14 13 15 1 5 12 12
split_gain=14.041 12.6993 13.7506 11.7944 17.1362 15.8231 14.9705 10.7397 10.555 21.2094 12.5506 18.424 10.8435 17.2554
threshold=0.01078797003266785 0.10101714291889276 1.248589677979641 0.026151925405482935 0.3145352041794332 -0.60355339059327362 0.066001095780868782 0.12600379450035673 0.53545546105427244 -0.0058269684311218475 -0.0016260717979328374 0.020915555491079155 -0.16095236511676883 -0.34585660510309651
decision_type=2 8 2 2 2 2 2 10 2 8 2 2 2 2
left_child=8 2 -2 4 6 -6 -3 -7 -1 12 -11 -12 13 -10
right_child=1 3 -4 -5 5 7 -8 -9 9 10 11 -13 -14 -15
leaf_value=0.0005117526896353191 -0.0032995992987935063 0.0022332367366845384 0.0020205555143850908 -0.0018209928678177985 0.022579937584248401 -0.00091835275798509352 -0.0059178815863583098 0.015766284601391699 0.00024423533104268115 -0.0018612099265273932 -0.01443772299819316 -0.00042869831184150502 -0.0036444027859143828 0.017747141396997224
leaf_weight=21286.857810482383 2907.7350054085255 1085.2912744730711 513.16665399074554 1384.4384166449308 60.381136745214462 104.70235076546669 247.30635510385036 49.800244331359863 99.613564655184746 988.84482683241367 197.54116608202457 146.75725543498993 82.962111040949821 101.34230872988701
leaf_count=85715 11902 4410 2087 5695 244 425 1003 200 401 4026 873 603 335 409
internal_value=-1.19509e-05 -0.00125962 -0.00250081 0.000189299 0.00198782 0.00980834 0.000713933 0.0045923 0.000334192 -0.00200094 -0.00358678 -0.00850334 0.00541838 0.00915888
internal_weight=29256.7 6352.82 3420.9 2931.92 1547.48 214.884 1332.6 154.503 22903.9 1617.06 1333.14 344.298 283.918 200.956
internal_count=118328 25966 13989 11977 6282 869 5413 625 92362 6647 5502 1476 1145 810
is_linear=0
shrinkage=0.03


Tree=91
num_leaves=15
num_cat=0
split_feature=0 11 1 12 0 3 6 12 6 4 7 7 15 6
split_gain=13.4966 11.1929 10.0251 13.1437 9.94743 12.3183 11.8711 17.3492 17.0365 8.87265 16.1821 11.4383 10.387 10.0064
threshold=0.0032098920788388168 81.301159308380676 0.011729774703308939 -0.012805355800938554 0.12474756944615507 0.22927487504593361 0.024663516058572331 -0.091883020350385078 0.071861990574579246 -0.027530845014177904 0.72575779873235391 0.78074487788183344 -0.027108143373377299 0.020243451771891772
decision_type=2 2 2 2 2 2 2 2 2 2 2 2 8 2
left_child=1 2 -1 -4 5 9 -7 8 -8 10 -2 13 -13 -11
right_child=4 -3 3 -5 -6 6 7 -9 -10 11 -12 12 -14 -15
leaf_value=0.00061360381391312375 -0.0054609296209967243 0.014064516974687876 -0.00089358902104792553 -0.01023680378806823 -0.0097919849085842132 0.011825325022093434 0.012197009770356929 -0.0043342940466036088 -0.00053602879760648165 0.0015565645521117381 0.0046817920745043208 -0.0082980555058677127 -0.0020061269721421372 -0.0028540909093221125
leaf_weight=17837.089162558317 191.7368825674057 51.860651090741158 2223.8951780796051 142.34872174263 112.12903478741646 108.86531665921211 175.81748241186142 286.4571258276701 201.66347172856331 1575.1288065314293 524.77306768298149 246.39478898048401 4897.0115986615419 653.2843542098999
leaf_count=71773 776 209 9029 576 467 440 720 1174 828 6409 2123 1005 20006 2690
internal_value=-2.24587e-05 0.000406619 0.000370171 -0.00146383 -0.000990883 -0.000877329 0.00273674 0.00121545 0.0054276 -0.00122323 0.00195997 -0.00153307 -0.00231065 0.000262132
internal_weight=29228.5 20255.2 20203.3 2366.24 8973.26 8861.13 772.803 663.938 377.481 8088.33 716.51 7371.82 5143.41 2228.41
internal_count=118225 81587 81378 9605 36638 36171 3162 2722 1548 33009 2899 30110 21011 9099
is_linear=0
shrinkage=0.03


Tree=92
num_leaves=15
num_cat=0
split_feature=4 17 2 1 14 7 10 18 6 14 4 13 13 14
split_gain=13.4734 19.9808 19.5774 16.9798 15.9788 18.418 17.3119 12.8157 16.8019 12.2979 15.0414 13.6045 16.8613 14.5301
threshold=-0.016362473166944998 -0.37940952255126015 -0.028487468880842744 0.087121436776276609 -0.057567451804127139 0.86233212195226649 0.61560201204867659 5.9754837225359463 0.033559667250511328 -0.031871138327352437 -0.050223868013445021 0.14646292776881212 1.2809168888588851 -0.11393284991187679
decision_type=2 2 2 2 8 2 2 2 2 10 2 2 2 10
left_child=1 9 3 -2 5 6 -3 -8 -9 10 11 13 -13 -1
right_child=2 4 -4 -5 -6 -7 7 8 -10 -11 -12 12 -14 -15
leaf_value=-0.0075108203886705294 -0.0026264477490756254 0.001837372535780007 -5.0119401269318418e-05 -0.018245473012003049 0.0041159398404427968 0.0036447572116267229 -0.014933494251933722 -0.014528776986823956 0.0053947297980656414 0.0034435692590071001 -0.0042257377831514363 0.011094615783317096 -0.0062293555721915665 0.010211103506979643
leaf_weight=172.21120183169842 1972.8277822583914 243.92922912538052 21719.250495120883 62.779613420367241 2353.1061173379421 542.89572688937187 153.05382633209229 61.938802897930145 92.468628659844398 430.569021448493 1088.8186914473772 196.77688772976398 66.350647196173668 52.834001302719116
leaf_count=692 8003 982 87929 267 9462 2186 616 249 373 1733 4392 792 268 212
internal_value=-5.12634e-06 0.00133914 -0.000313904 -0.00312559 0.00272411 -0.000270859 -0.00412539 -0.00883734 -0.00268095 -0.00103949 -0.00226632 0.00210338 0.00671214 -0.00329694
internal_weight=29209.8 5454.95 23754.9 2035.61 3447.39 1094.29 551.39 307.461 154.407 2007.56 1576.99 488.173 263.128 225.045
internal_count=118156 21957 96199 8270 13868 4406 2220 1238 622 8089 6356 1964 1060 904
is_linear=0
shrinkage=0.03


Tree=93
num_leaves=15
num_cat=0
split_feature=13 13 13 13 0 4 3 3 1 3 4 15 0 0
split_gain=10.5704 9.39532 13.3029 17.6564 23.0689 27.171 20.8691 18.3186 14.4427 16.5609 12.5011 12.5001 12.4201 11.6808
threshold=0.0036886029634298771 11.518131848571135 1.8079501277464378 0.81519504435463663 0.0089604088516555703 -0.017248871034401422 0.29133503294860508 -0.0067369544920777421 0.052131492103811523 -0.22507471061793113 0.022667560128422973 -0.0011356576821510698 -0.011389949504424303 0.010007298167688529
decision_type=2 2 2 2 2 2 2 2 2 2 2 10 2 2
left_child=-1 2 3 13 5 -5 7 -7 9 -4 -8 -10 -9 -2
right_child=1 -3 8 4 -6 6 10 12 11 -11 -12 -13 -14 -15
leaf_value=0.0048671929505813491 0.00039286310112409052 -0.0084056652384725782 -0.0084692183469900258 0.0033290230980461437 0.0027364570676211555 -0.0049635736937909177 0.01070461023038043 -0.0053368789454324335 -0.0071451537374885689 0.0093530863196990086 -0.006285474402440352 0.0075312387373581789 -0.022299515214847836 -0.0015138940479647776
leaf_weight=417.83499282598495 23604.980755999684 115.16350284218788 51.490418866276741 186.64794450998306 344.48538133502007 134.42987971007824 50.346365749835968 50.455780506134033 145.65006944537163 403.68971966207027 151.01103150844574 78.903893247246742 192.13899311423302 3293.1131310611963
leaf_count=1689 95149 470 208 754 1422 589 206 206 604 1636 615 326 849 13472
internal_value=0.000141283 7.23913e-05 0.00010701 6.22217e-06 -0.00369908 -0.00659651 -0.00979998 -0.0139472 0.00424763 0.00730878 -0.00197386 -0.0019672 -0.018844 0.000159325
internal_weight=29220.3 28802.5 28687.3 28007.6 1109.52 765.03 578.382 377.025 679.734 455.18 201.357 224.554 242.595 26898.1
internal_count=118195 116506 116036 113262 4641 3219 2465 1644 2774 1844 821 930 1055 108621
is_linear=0
shrinkage=0.03


Tree=94
num_leaves=15
num_cat=0
split_feature=6 4 18 12 3 13 11 13 11 7 13 13 18 15
split_gain=12.1138 15.5913 14.7992 12.4287 14.4661 17.8526 23.8943 22.2087 16.0694 16.0092 16.6114 20.2788 18.9691 16.3137
threshold=0.028273169271069491 -0.059768993989039669 5.4091095521671742 -0.0084661251192456027 0.021923799666774716 0.87359046014016351 41.703980988104469 1.1552197602662877 53.379579296523538 1.9223756411152175 0.27931099212859817 0.15995919261931393 5.957531948172428 -0.016704466917745183
decision_type=2 2 2 2 2 2 2 2 2 2 2 2 2 10
left_child=1 2 -1 4 5 -2 -7 -8 9 10 11 -6 -13 -12
right_child=3 -3 -4 -5 8 6 7 -9 -10 -11 13 12 -14 -15
leaf_value=0.022816660663398353 -0.0017431913364695493 9.5324072102737976e-05 0.0019884326775756796 -0.016091040046108625 0.010080393482825838 0.0038019843722977295 -0.020268469859119943 -0.0048199781522503026 -0.0018036328360766724 -0.010588314736253259 0.008837347787828756 -0.020731966652232273 -0.0011748199698635609 0.0011618586049086757
leaf_weight=50.595752879977226 2347.3962887972593 23315.249242097139 74.785446017980576 49.243218496441841 72.590578183531761 110.16108322143555 159.7704154998064 177.09526696801186 1604.7623285055161 75.63847079873085 526.83725154399872 68.599095985293388 122.07721856236458 472.65673044323921
leaf_count=203 9527 94079 300 203 293 454 735 729 6576 305 2142 279 493 1921
internal_value=-0.000150971 0.000152519 0.0106196 -0.00137994 -0.00124812 -0.00279324 -0.00827487 -0.0122234 0.000219821 0.00264505 0.00345321 -0.00323268 -0.00835301 0.00521721
internal_weight=29227.5 23440.6 125.381 5786.83 5737.58 2794.42 447.027 336.866 2943.16 1338.4 1262.76 263.267 190.676 999.494
internal_count=118239 94582 503 23657 23454 11445 1918 1464 12009 5433 5128 1065 772 4063
is_linear=0
shrinkage=0.03


Tree=95
num_leaves=15
num_cat=0
split_feature=0 14 6 12 18 6 7 6 0 13 15 18 13 18
split_gain=15.5039 12.3119 12.3064 11.5307 11.0775 16.7123 17.4633 16.2489 14.7984 12.7156 12.3757 16.2452 13.0944 14.5591
threshold=-0.00081529413943037799 0.023531803923798115 0.058680998121342261 -0.033758653791544961 5.7869088065549041 0.0067669845897376851 1.0108769861450178 0.0080723886218542606 0.00028278737587372765 0.015670325403402633 0.0043480773991797514 6.1979159249662423 0.018498678754885537 7.1791139614844157
decision_type=2 10 2 2 2 2 2 2 2 2 10 2 2 2
left_child=1 3 -3 -1 5 6 -2 8 -6 -8 11 -10 -12 -14
right_child=4 2 -4 -5 7 -7 9 -9 10 -11 12 -13 13 -15
leaf_value=0.00064571392483409908 -0.0033338604319775051 -0.0027430062079575354 0.0048506151730926782 0.0031166856879664977 -0.0011461990639642463 -0.0010066777235506383 -0.0046712015383430523 -0.00066429245824522749 -0.0011112932348149023 -0.021150459424545784 -0.011442147667426836 0.0077080039735813958 0.0072084624584934764 -0.0060455825397921084
leaf_weight=9268.74860689044 687.00430776178837 1393.6521551907063 220.8651222884655 2079.8285921216011 756.30851796269417 5572.5059476792812 76.450311198830605 7617.0721939355135 242.97624264657497 95.964692965149879 77.247472375631332 821.46605333685875 194.99347691237926 118.18540953099728
leaf_count=37297 2773 5617 893 8351 3032 22677 308 31035 979 389 311 3300 786 479
internal_value=-2.35611e-05 0.000750277 -0.00169949 0.00109903 -0.000640504 -0.00160823 -0.00549732 -6.99449e-06 0.00225582 -0.0139808 0.0040235 0.00569655 -0.000543623 0.00220011
internal_weight=29223.3 12963.1 1614.52 11348.6 16260.2 6431.93 859.419 9828.25 2211.18 172.415 1454.87 1064.44 390.426 313.179
internal_count=118227 52158 6510 45648 66069 26147 3470 39922 8887 697 5855 4279 1576 1265
is_linear=0
shrinkage=0.03


Tree=96
num_leaves=15
num_cat=0
split_feature=0 13 7 0 2 13 1 7 7 12 6 2 15 16
split_gain=13.1801 12.1323 8.52693 8.30072 10.3468 19.3058 20.1696 16.6287 16.0401 14.1969 14.2223 13.2506 13.0102 37.5794
threshold=0.12474756944615507 0.0036886029634298771 0.13275824254043636 -0.0031115690323645045 0.081436938821823471 0.50403372394044355 -0.0084712450415442824 0.81061607918799794 1.255156570088042 -0.40362552604370416 0.047687063302093866 0.099282334355151561 -0.023736017320735488 0.78656609248549325
decision_type=2 2 2 2 2 2 2 2 2 2 2 2 8 2
left_child=1 -1 -3 -4 5 12 -7 11 9 -8 -11 -6 13 -5
right_child=-2 2 3 4 7 6 8 -9 -10 10 -12 -13 -14 -15
leaf_value=0.0051320485828306103 -0.010323559848434556 0.0080027561149864021 0.00065816455493687438 -0.0061828268311723712 0.018777299357435634 0.001969116473331976 0.0014059763951891472 0.00038576717101445674 0.0058883877108468268 -0.0073618528216372612 -0.017917740450330732 0.0044454113333634322 -0.00018987993869046716 0.0072287752707317484
leaf_weight=409.43805721402168 109.36046776175499 115.67598353326321 9109.737476170063 928.43477633595467 76.123266205191612 277.72608661651611 94.895083114504814 1366.1285622417927 69.37956377863884 322.88970741629601 181.1445459574461 233.90852577984333 15721.442408263683 233.86599743366241
leaf_count=1656 457 466 36648 3755 311 1126 397 5570 292 1354 819 957 63591 944
internal_value=-2.2397e-05 1.69674e-05 -5.62776e-05 -8.94124e-05 -0.00043858 -0.000650481 -0.00481625 0.00181355 -0.00763347 -0.00921422 -0.0112113 0.00806217 -0.000416521 -0.0034765
internal_weight=29250.2 29140.8 28731.4 28615.7 19505.9 17829.8 946.035 1676.16 668.309 598.929 504.034 310.032 16883.7 1162.3
internal_count=118343 117886 116230 115764 79116 72278 3988 6838 2862 2570 2173 1268 68290 4699
is_linear=0
shrinkage=0.03


Tree=97
num_leaves=15
num_cat=0
split_feature=7 7 13 13 18 2 13 11 14 7 18 18 2 11
split_gain=9.43728 10.1748 13.9453 13.5371 13.8067 19.4606 12.9851 21.749 19.9538 12.7846 13.2767 27.1363 16.0133 15.5933
threshold=0.22990153890163703 1.2419100436374426 0.0061268119166155719 0.25601614499148601 5.1527034502186497 0.11984386680427521 5.2637744466153942 51.187960196527051 0.35425906146945513 1.6197026017204801 6.5778922675089682 5.7445339117043366 -0.023718131582914342 65.291236216999167
decision_type=2 2 2 2 2 2 2 2 10 2 2 2 2 2
left_child=-1 6 -3 9 5 -5 8 -8 -2 -4 11 12 -11 -12
right_child=1 2 3 4 -6 -7 7 -9 -10 10 13 -13 -14 -15
leaf_value=0.0060366581778180254 -0.00027966197183851668 0.010945621189348883 0.00093661279630302891 0.0012212282693077055 0.0025033033614879456 0.026502665564150828 0.0020981898806749365 -0.018767697757476151 0.017852254869139623 0.0045845765981809864 -0.012571929367258114 0.0050174791756366311 -0.015299890698587318 0.0045884409833958596
leaf_weight=228.80861474573612 24096.470857232809 127.52141314744949 2279.5199566930532 56.41485758125782 1331.5404180884361 51.660889863967896 89.25531829893589 87.853897735476494 52.748091965913773 49.614303201436996 214.05119173228741 296.33139942586422 127.74856857955456 60.008289486169815
leaf_count=921 97516 514 9190 229 5407 208 362 364 215 200 862 1194 516 242
internal_value=-5.50807e-06 -5.37253e-05 0.00124076 0.000958931 0.00335162 0.0135679 -0.000298291 -0.00834619 -0.000238582 -0.000180372 -0.0035789 -0.00052899 -0.00974845 -0.00880846
internal_weight=29149.5 28920.7 4594.41 4466.89 1439.62 108.076 24326.3 177.109 24149.2 3027.27 747.754 473.694 177.363 274.059
internal_count=117940 117019 18562 18048 5844 437 98457 726 97731 12204 3014 1910 716 1104
is_linear=0
shrinkage=0.03


Tree=98
num_leaves=15
num_cat=0
split_feature=14 4 3 10 1 12 12 11 17 14 10 3 2 0
split_gain=12.2281 18.3485 19.5465 22.2622 11.6192 11.5002 11.7334 18.323 14.7735 21.6922 18.0458 13.594 13.3578 16.6084
threshold=-0.045112291590919888 -0.026625651604451347 -0.18604807946001053 3.1060220698289167 0.087121436776276609 -0.68211282086686797 -0.16447996778010707 32.265740522078183 -0.78656609248549325 0.026269878642196435 1.7480592157485579 0.047213032673350204 0.11984386680427521 0.019062672548839425
decision_type=8 2 2 2 2 2 2 2 2 10 2 2 2 2
left_child=4 2 -2 -4 -1 -3 7 -7 9 10 11 -8 13 -10
right_child=1 5 3 -5 -6 6 8 -9 12 -11 -12 -13 -14 -15
leaf_value=-0.0014131402427347626 -0.0031499206197815278 0.010207705676486897 0.005811719552272325 -0.011851901100962551 -0.013666510750780745 -0.018212550480145369 0.0029794838779548878 -0.001102507501714827 -5.0785318733930405e-05 -0.0034803044305771061 0.0088512243336378599 -0.0020694306701870002 0.0036579782297225436 -0.0058892533523288628
leaf_weight=2795.6179628372192 332.54262201488018 99.605519324541092 1299.6584074050188 65.722812250256538 69.467633098363876 55.100543588399887 2691.3423087447882 4237.4054906368256 14745.344634830952 567.24436713755131 395.66453459858894 582.5212185382843 839.76212930679321 449.94309157133102
leaf_count=11291 1338 407 5225 264 293 222 10861 17290 59535 2301 1601 2361 3414 1849
internal_value=0.000141091 0.000343428 0.00335806 0.00494539 -0.00171956 0.000135638 9.39696e-05 -0.00133052 0.000395703 0.00197081 0.00281489 0.00208041 -2.06652e-05 -0.000224419
internal_weight=29226.9 26361.9 1697.92 1365.38 2865.09 24663.9 24564.3 4292.51 20271.8 4236.77 3669.53 3273.86 16035 15195.3
internal_count=118252 106668 6827 5489 11584 99841 99434 17512 81922 17124 14823 13222 64798 61384
is_linear=0
shrinkage=0.03


Tree=99
num_leaves=15
num_cat=0
split_feature=13 14 13 6 13 3 11 2 18 11 18 6 12 5
split_gain=11.165 16.1246 11.7996 27.0223 14.0938 19.2392 17.7454 15.8216 16.0319 15.4898 14.3315 14.1397 20.9735 13.7933
threshold=11.518131848571135 -0.033345589253034928 1.8079501277464378 0.041038707644377323 0.87359046014016351 0.29133503294860508 41.703980988104469 0.084594505076082363 5.7551341724644676 50.708775036835199 6.3774398697901988 0.031982850256028254 -0.080964637943280224 0.014849639804215943
decision_type=2 10 2 2 2 2 2 2 2 2 2 2 2 2
left_child=2 -2 4 -4 -1 6 -6 8 9 -8 -10 -7 -13 -12
right_child=1 -3 3 -5 5 11 7 -9 10 -11 13 12 -14 -15
leaf_value=-9.1955034885957922e-06 0.0029541850609277878 -0.020112556737779556 0.022720829347767774 0.0019574326509037118 0.0048106530852203601 0.016125812063806883 0.0046171992243954785 2.8656557262083918e-05 -0.022273620094452599 -0.016210173855462837 0.0039439382964035052 0.0036147153688371588 -0.013344815625330124 -0.018388817782643528
leaf_weight=27399.195286482573 49.226091951131821 57.931101515889168 60.203317418694496 611.9703439027071 95.142105862498283 49.834295630455017 79.632865190505981 125.39115644991398 154.82232509553432 51.170746564865112 48.246549546718597 257.33692541718483 85.867532879114151 48.165607303380966
leaf_count=110668 201 238 244 2500 394 201 330 516 722 217 203 1050 354 202
internal_value=-7.95687e-05 -0.00965613 -4.36022e-05 0.003879 -0.000136726 -0.00363932 -0.00699891 -0.00922338 -0.0122444 -0.00365195 -0.0166538 0.00152067 -0.000681181 -0.00736004
internal_weight=29174.1 107.157 29067 672.174 28394.8 995.61 602.571 507.429 382.038 130.804 251.234 393.039 343.204 96.4122
internal_count=118040 439 117601 2744 114857 4189 2584 2190 1674 547 1127 1605 1404 405
is_linear=0
shrinkage=0.03


Tree=100
num_leaves=15
num_cat=0
split_feature=1 6 3 17 14 3 5 15 6 15 14 7 13 18
split_gain=11.6371 17.3505 18.8145 11.049 15.7685 24.8356 19.3223 14.9979 14.4397 18.5422 13.0268 22.4284 19.6622 35.7017
threshold=0.0031095055702672352 0.0046183528509822795 0.011808348775745993 0.25881904510252057 0.021159267154680864 0.10059553114919335 0.013432156483853432 -0.036931110300451923 0.012836909185320398 0.01762039116448522 0.0082033823086825903 0.59888242287025817 0.28989398070644751 5.0386978632515946
decision_type=2 2 2 2 10 2 2 8 2 10 10 2 2 2
left_child=-1 2 -2 10 5 6 7 -5 -8 -10 -3 -12 -13 -14
right_child=1 3 -4 4 -6 -7 8 -9 9 -11 11 12 13 -15
leaf_value=0.00052573842942386711 0.0020929118056972644 0.00079598312379675052 0.023229286562296343 0.010609948790397762 0.0013315066295676217 -0.0090484215267205449 -0.0031983176302927269 -0.0038195526660952028 0.0081614488425894357 -0.0074795206550958256 0.0090840768274182311 -0.0055900361960508496 0.017470679517173807 -0.0019957754611389664
leaf_weight=18275.905856281519 125.48354715108871 4533.716380700469 52.59436123073101 65.057887852191925 972.37629941105843 515.79967020452023 274.69524869322777 2051.8818294256926 388.06422950327396 81.026121541857719 144.87172973155975 1085.1304475069046 98.340539827942848 545.44663874804974
leaf_count=73610 504 18490 211 264 3973 2115 1117 8352 1585 331 590 4422 399 2236
internal_value=6.25936e-05 -0.000711462 0.00852409 -0.000865917 -0.00203263 -0.00300165 -0.00190584 -0.00336651 0.00224935 0.0054395 -7.36584e-05 -0.0021764 -0.00312936 0.00102268
internal_weight=29210.4 10934.5 178.078 10756.4 4348.9 3376.52 2860.73 2116.94 743.786 469.09 6407.51 1873.79 1728.92 643.787
internal_count=118199 44589 715 43874 17737 13764 11649 8616 3033 1916 26137 7647 7057 2635
is_linear=0
shrinkage=0.03


Tree=101
num_leaves=15
num_cat=0
split_feature=13 13 6 13 3 10 18 2 15 10 18 14 7 10
split_gain=10.7275 10.2135 24.4285 12.0205 22.0773 17.8393 19.374 21.3202 15.9264 13.303 11.2307 15.6894 15.2876 13.0658
threshold=11.518131848571135 1.8079501277464378 0.041948375830750631 0.87359046014016351 0.29133503294860508 0.50024728579974276 5.7551341724644676 0.019612408219589098 0.020988750537020543 0.76341690683888774 5.4984256706959629 0.018350421129651243 0.53283355230268015 2.878519523678849
decision_type=2 2 2 2 2 2 2 2 8 2 2 10 2 2
left_child=1 3 -3 10 5 -5 8 -8 -7 -10 -1 12 -12 -13
right_child=-2 2 -4 4 -6 6 7 -9 9 -11 11 13 -14 -15
leaf_value=-0.00085035045782030536 -0.0092112183928586989 0.021046048958446858 0.0018182678188023078 0.0027925251625342063 0.002254326711205565 -0.01443394983785393 -0.01865812879639844 -0.0010392803572964338 -0.0052607232357345969 0.016225499453189823 0.0035428370308705015 -0.0023151128162623878 0.00051563023820799412 0.0049046709980284696
leaf_weight=8190.7471382468939 110.98772819340229 63.795713201165199 624.19173590838909 131.55672472715378 389.25907957553864 49.288333877921104 227.83587266504765 84.88868822157383 48.103589937090874 52.432754337787628 1667.8596276342869 2441.2130420207977 14895.714049130678 246.6716636121273
leaf_count=33126 455 258 2550 545 1590 202 1034 355 203 217 6713 9903 60108 996
internal_value=1.48035e-05 5.06056e-05 0.00365706 -3.69329e-05 -0.00329248 -0.00692213 -0.00968527 -0.0139125 -0.000794836 0.00604291 7.9958e-05 0.000475815 0.000820844 -0.00164939
internal_weight=29224.5 29113.6 687.987 28425.6 983.365 594.106 462.549 312.725 149.825 100.536 27442.2 19251.5 16563.6 2687.88
internal_count=118255 117800 2808 114992 4146 2556 2011 1389 622 420 110846 77720 66821 10899
is_linear=0
shrinkage=0.03


Tree=102
num_leaves=15
num_cat=0
split_feature=18 14 7 14 5 0 12 15 0 3 10 7 18 10
split_gain=9.80249 18.7633 14.5152 10.8675 17.6716 10.7295 13.9322 10.4929 10.4546 10.3717 13.8139 13.4712 13.3911 20.3012
threshold=5.4984256706959629 0.30167833597128008 1.5056139499169456 0.03945542629683875 0.023540750998316765 -0.01841296101733569 -0.49146453134247237 0.052105229194856058 0.010288158923434711 -0.083319884417179566 0.25150614728889648 0.55173345203596413 6.311121736251228 0.840235714577798
decision_type=2 10 2 10 2 2 2 10 2 2 2 2 2 2
left_child=1 2 5 4 -4 6 -1 -7 9 10 -2 -11 -12 -14
right_child=8 -3 3 -5 -6 7 -8 -9 -10 11 12 -13 13 -15
leaf_value=-0.0047875165251070615 -0.013101865211787364 0.016213640107628154 -0.0050138354174973278 0.0028989321940199606 -0.023312486416893239 -0.0011136835210718106 0.006989080615046858 0.0056487374537671498 -0.0013027303433714927 0.0034887632727913695 0.0015921928652511059 0.00063870839523398734 0.0021007956145313194 -0.0070389180375982248
leaf_weight=122.44494521617889 84.260322898626328 56.02836200594902 158.45646238327026 69.318531304597855 66.821818128228188 7609.0156933367252 331.39065882563591 210.30551740527153 2754.1872276812792 1667.3612001538277 988.61059722304344 14113.129525586963 359.63064803183079 553.31148587167263
leaf_count=493 340 227 640 280 271 30801 1335 852 11294 6715 3983 57019 1451 2230
internal_value=5.97976e-05 -0.000788799 -0.000903743 -0.00742477 -0.0105989 -0.000669799 0.00380469 -0.000930406 0.000416464 0.000683096 -0.00135929 0.000940248 -0.000825739 -0.00344184
internal_weight=29144.3 8623.78 8567.75 294.597 225.278 8273.16 453.836 7819.32 20520.5 17766.3 1985.81 15780.5 1901.55 912.942
internal_count=117931 34899 34672 1191 911 33481 1828 31653 83032 71738 8004 63734 7664 3681
is_linear=0
shrinkage=0.03


Tree=103
num_leaves=15
num_cat=0
split_feature=18 14 6 13 14 17 18 3 2 12 16 3 12 10
split_gain=8.63228 24.1635 13.0714 14.2868 13.4553 14.9931 13.1737 20.1787 18.1399 15.473 13.3517 12.282 12.206 12.18
threshold=5.4984256706959629 0.30167833597128008 0.048943662751261628 2.1931808517866282 0.029356883336258303 0.25881904510252057 5.634788013191959 0.028559973677731779 -0.042164486265923028 -0.10081363487687271 0.60355339059327384 -0.0049442726346378687 -0.11975193460957843 2.878519523678849
decision_type=2 10 2 2 10 2 2 2 2 2 2 2 2 2
left_child=1 -1 3 4 -2 -6 -4 8 10 12 -8 -10 -9 -7
right_child=2 -3 6 -5 5 13 7 9 11 -11 -12 -13 -14 -15
leaf_value=-0.0010293325482784101 0.00070884463295635945 0.017950465155623242 0.0072526441244791578 0.014795275792325211 -0.0042205318172030375 -0.00014396462224008133 -0.0054172490144293439 0.00088762421000383328 -0.0080826299953655478 -0.007866240754471605 0.0054660129709282867 -0.021316778033071419 0.015889826776590239 0.01155397922342577
leaf_weight=8586.9179747849703 16580.152522742748 58.801565542817116 126.43928274512291 60.569020673632622 1101.043072104454 701.29668618738651 353.67397212982178 815.39621394872665 282.40306742489338 178.50143146514893 140.11525888741016 81.458614096045494 49.941280424594879 88.430507659912109
leaf_count=34753 66923 238 516 246 4472 2848 1434 3325 1191 736 568 379 204 357
internal_value=-0.000100887 -0.000896125 0.000233584 0.000483883 0.000435357 -0.00196107 -0.00205191 -0.00267758 -0.00608126 0.000125269 -0.00231947 -0.0111457 0.00178809 0.0011918
internal_weight=29205.1 8645.72 20559.4 18531.5 18470.9 1890.77 2027.93 1901.49 857.651 1043.84 493.789 363.862 865.337 789.727
internal_count=118190 34991 83199 74846 74600 7677 8353 7837 3572 4265 2002 1570 3529 3205
is_linear=0
shrinkage=0.03


Tree=104
num_leaves=15
num_cat=0
split_feature=13 14 3 10 15 2 16 10 4 15 13 4 13 12
split_gain=9.93021 12.4606 10.9937 9.79868 8.62634 6.84914 12.3578 11.8274 13.9406 10.555 8.81808 14.0527 21.0855 17.384
threshold=0.0036886029634298771 -0.042893825294691094 -0.034965811565990705 1.0311791430844681 -0.049197764638906787 0.11984386680427521 -0.60355339059327362 2.5471958755506088 0.1182943722980785 0.019876578101424073 0.87359046014016351 -0.016362473166944998 1.568496374592832 -0.57194477671607014
decision_type=2 8 2 2 8 2 2 2 2 10 2 2 2 2
left_child=1 -1 -3 -4 -2 10 7 -7 -9 -8 -6 13 -13 -12
right_child=4 2 3 -5 5 6 9 8 -10 -11 11 12 -14 -15
leaf_value=-0.0061328171598247485 0.0063477905818059626 0.011842061681583749 -0.0047651793708481122 0.01137520684560386 -7.4415917458698841e-05 0.0027858981352344167 -0.0016126177823201401 0.01971668225454614 0.00023568747096334468 0.0047959793523019182 -0.0080589399456715682 -0.0094286619895213065 0.0015843076391018449 0.0053984844985666136
leaf_weight=76.80214661359787 187.75526410341263 190.44850452244282 94.861504375934601 50.052803754806519 25878.975771963596 368.66546195745468 868.66700108349323 92.647864192724228 50.881160110235214 312.97431793808937 119.60057130455971 434.21558843553066 243.18023402988911 296.6642075330019
leaf_count=310 757 773 383 202 104519 1504 3537 374 207 1271 485 1915 1003 1200
internal_value=3.86253e-05 0.00465094 0.00714227 0.000888606 -2.75766e-05 -6.97729e-05 0.00177953 0.00566175 0.0129088 9.00249e-05 -0.00018603 -0.00282216 -0.00548206 0.00151187
internal_weight=29266.4 412.165 335.363 144.914 28854.2 28666.5 1693.84 512.194 143.529 1181.64 26972.6 1093.66 677.396 416.265
internal_count=118440 1668 1358 585 116772 116015 6893 2085 581 4808 109122 4603 2918 1685
is_linear=0
shrinkage=0.03


Tree=105
num_leaves=15
num_cat=0
split_feature=7 16 16 4 3 18 18 10 11 7 6 12 6 18
split_gain=8.9851 9.03452 9.21934 8.76367 15.7391 27.6678 16.5618 18.8918 12.2167 13.1092 15.3124 25.8553 12.935 13.6456
threshold=0.22990153890163703 -0.60355339059327362 0.78656609248549325 0.002199847999301952 0.0084309518881389173 6.4813604870515151 5.9477724553863114 1.2306390252450876 51.387178764777424 1.2293489848920396 0.0081528884127862727 -0.01088482492006909 0.023589569268217512 7.8331228726160829
decision_type=2 2 2 2 2 2 2 2 2 2 2 2 2 2
left_child=1 -1 -3 -2 5 6 -5 -8 -6 12 11 -11 13 -10
right_child=3 2 -4 4 8 -7 7 -9 9 10 -12 -13 -14 -15
leaf_value=-0.0038445380034953184 0.00042547548312349751 0.013873842357893887 -0.001194841622283418 -0.0022749655802029962 0.010026276245970299 -0.0066379741846532741 0.0043769786174980762 -0.0077553534820661661 0.00038582812959755757 -0.0034252241539078796 0.0013380640336470033 0.023328130457197248 -0.0031065426212234827 -0.010779235604328852
leaf_weight=62.130796626210213 17227.160721570253 120.29692704975605 51.686675310134888 2011.770309612155 108.72818456590176 951.95869214832783 780.58710995316505 133.63979738950729 4020.5604888051748 56.142888516187668 2013.2964457124472 73.783187285065651 1542.7268152683973 98.990634694695473
leaf_count=250 69456 484 208 8206 447 3879 3178 547 16301 226 8153 297 6355 403
internal_value=4.15856e-05 0.00587015 0.00938353 -5.83788e-06 -0.000635907 -0.0022011 -0.00075404 0.00259044 0.000131397 -8.96845e-06 0.00198829 0.011891 -0.000765383 0.000112437
internal_weight=29253.5 234.114 171.984 29019.3 11792.2 3877.96 2926 914.227 7914.23 7805.5 2143.22 129.926 5662.28 4119.55
internal_count=118390 942 692 117448 47992 15810 11931 3725 32182 31735 8676 523 23059 16704
is_linear=0
shrinkage=0.03


Tree=106
num_leaves=15
num_cat=0
split_feature=1 7 13 14 6 4 6 18 14 2 13 4 11 6
split_gain=10.0259 15.889 11.2409 11.2508 11.0689 11.4701 10.5112 17.5649 14.8241 12.2057 18.7691 17.9293 13.7816 12.2055
threshold=-0.0091724305573903635 0.76904582817414047 0.021602489260730277 -0.47212620430834151 0.18630081794791728 -0.15219361965313602 0.028676483698195653 4.7559478896499483 0.14328246107089679 0.034452320176642466 0.81519504435463663 -0.015184643000453078 54.123823275172732 0.034136000408061772
decision_type=2 2 2 10 2 2 2 2 10 2 2 2 2 2
left_child=1 2 -1 -4 5 -3 8 -8 -2 10 13 -12 -11 -9
right_child=6 4 3 -5 -6 -7 7 9 -10 12 11 -13 -14 -15
leaf_value=0.0044720478706883043 -9.2284151594758e-05 0.012272079337653176 0.0010688578793412291 -0.0037407302290175456 -0.010759332439475496 0.0018632276854320053 -0.014515786745880653 -0.0061485719417191083 0.010669532963181705 0.0072354975102689656 0.00068805501614274851 -0.013004298206277872 -0.00077597577944779476 0.00057304134574615462
leaf_weight=276.25484819710255 18748.153094768524 95.246311351656914 687.82384678721428 1198.3858118355274 59.349791392683983 4913.248343616724 94.275586813688278 342.11004474759102 113.90909421443939 226.31412310898304 122.99818660318851 283.1768463999033 1256.5218204408884 827.60956411063671
leaf_count=1111 75748 382 2766 4817 238 19755 389 1399 458 929 507 1288 5170 3402
internal_value=2.40791e-05 0.000993173 -0.00115901 -0.00198759 0.00191161 0.00206599 -0.000294257 -0.001897 -2.61686e-05 -0.00149883 -0.0033354 -0.00887492 0.000454854 -0.00139998
internal_weight=29245.4 7230.31 2162.46 1886.21 5067.84 5008.49 22015.1 3153.01 18862.1 3058.73 1575.89 406.175 1482.84 1169.72
internal_count=118359 29069 8694 7583 20375 20137 89290 13084 76206 12695 6596 1795 6099 4801
is_linear=0
shrinkage=0.03


Tree=107
num_leaves=15
num_cat=0
split_feature=1 7 14 6 15 15 1 7 15 6 3 6 6 18
split_gain=12.1275 12.5394 14.8342 16.4922 14.3593 12.3635 15.2034 10.5572 18.4416 14.3645 19.1729 13.3401 20.9137 16.3899
threshold=-0.0084712450415442824 0.81061607918799794 0.0046794359708356445 0.017158802958564232 -0.018951141829005366 -0.011822287615632197 -0.048435215076411457 0.77792844977801401 -0.036931110300451923 0.003819857008938614 -0.0037818275677734543 0.0080723886218542606 0.0065706194293503163 6.3616111651770195
decision_type=2 2 10 2 8 8 2 2 8 2 2 2 2 2
left_child=1 2 3 4 -1 6 -5 8 -2 10 -10 12 13 -9
right_child=7 -3 -4 5 -6 -7 -8 11 9 -11 -12 -13 -14 -15
leaf_value=0.014182151433198268 0.014014165410314599 0.0018786699607895318 -0.0064896329130026686 0.0041410697305548838 0.0020247776232687805 -0.00044240143208984251 -0.011607679923552494 -0.0037006041460877158 -0.0063444234726704489 1.0330823908912991e-05 0.0091333916666441525 -0.0013573640274529462 0.0041299599220392478 0.0016356097856074136
leaf_weight=96.226698234677315 88.158508956432343 4860.3615634143353 342.48631121218204 73.881834998726845 806.77058099210262 1147.2957556694746 206.20780612528324 1004.0251190960407 90.777559831738472 6490.7968964576721 325.65149092674255 11518.175405368209 1121.3272187560797 1066.2061716169119
leaf_count=387 357 19543 1380 296 3240 4614 829 4045 364 26313 1307 46858 4523 4282
internal_value=-6.5669e-05 0.000971278 -0.000678901 0.00017991 0.00334879 -0.00182668 -0.00745358 -0.00042562 0.000533702 0.000357641 0.00574518 -0.000881848 0.000834043 -0.000953432
internal_weight=29238.3 7533.23 2672.87 2330.38 902.997 1427.39 280.09 21705.1 6995.38 6907.23 416.429 14709.7 3191.56 2070.23
internal_count=118338 30289 10746 9366 3627 5739 1125 88049 28341 27984 1671 59708 12850 8327
is_linear=0
shrinkage=0.03


Tree=108
num_leaves=15
num_cat=0
split_feature=0 13 5 3 0 14 6 18 10 15 18 4 7 18
split_gain=10.6959 10.1259 13.7527 10.2019 9.35231 10.2611 13.4757 17.4571 18.9119 16.0701 33.2218 19.483 17.3833 14.9834
threshold=0.12474756944615507 0.0036886029634298771 -0.062585033204411097 -0.034965811565990705 -0.051943565562889642 0.30167833597128008 0.051659662103912006 5.9477724553863114 0.24159057310684134 -0.028756159123452193 4.7333359276692226 0.011633446669354843 0.37855028734037449 5.634788013191959
decision_type=2 2 2 2 2 10 2 2 2 10 2 2 2 2
left_child=1 2 -1 -4 -3 6 7 8 -6 10 11 -10 -12 -8
right_child=-2 4 3 -5 5 -7 13 -9 9 -11 12 -13 -14 -15
leaf_value=-0.0063559563352790123 -0.0091254027177001332 0.0043088560141509745 0.012044666330007215 0.0015593132125739457 0.0042055721169997375 0.0071966381975107265 0.0019646920569399589 0.0008493018879210995 -0.0066825267612832936 -7.2318261746752779e-05 -0.015613425294876138 -0.02259739641609694 -0.0010542022802932762 -0.0042358263695476571
leaf_weight=79.355716481804848 110.62762914597988 458.91160896420479 187.03882431983948 150.81649869680405 666.94623540341854 175.23099818825722 478.46835778653622 14029.265124425292 565.77806946635246 6977.2608586549759 73.240849420428276 77.61073225736618 3917.7055928707123 1301.8694593757391
leaf_count=320 464 1847 761 609 2692 711 1954 56661 2289 28221 298 320 15848 5400
internal_value=0.000101806 0.000137461 0.00476635 0.00740079 6.9896e-05 7.68124e-07 -4.46333e-05 0.000126388 -0.000699606 -0.000982025 -0.00235102 -0.00866638 -0.00132908 -0.00256909
internal_weight=29250.1 29139.5 417.211 337.855 28722.3 28263.4 28088.1 26307.8 12278.5 11611.6 4634.34 643.389 3990.95 1780.34
internal_count=118395 117931 1690 1370 116241 114394 113683 106329 49668 46976 18755 2609 16146 7354
is_linear=0
shrinkage=0.03


Tree=109
num_leaves=15
num_cat=0
split_feature=7 5 2 5 3 4 16 6 14 18 14 7 18 3
split_gain=8.2782 29.0453 12.1087 9.23126 10.3055 8.50401 15.1965 17.0489 14.7951 18.9663 12.1422 12.6842 11.2746 10.8462
threshold=0.32402060167153418 0.023540750998316765 -0.018942797755997273 -0.02179638853098503 0.0011313223132316532 -0.059768993989039669 0.12940952255126045 0.028273169271069491 -0.050861459427948834 4.9759546690945227 -0.10361102119281236 0.79864069345917421 4.61098647801757 0.021182492828750957
decision_type=2 2 2 2 2 2 2 2 8 2 10 2 2 2
left_child=1 2 -1 -4 -5 6 7 -2 9 10 -7 12 -12 -8
right_child=5 -3 3 4 -6 8 13 -9 -10 -11 11 -13 -14 -15
leaf_value=-0.0075375672808396148 0.012483471592895192 0.025063657314898086 0.012050985813540352 -0.0043645996347166493 0.0061967371603614723 0.015892170463332973 0.0041009081043410084 -0.0023380830039387342 9.6325082725988871e-05 -0.0041103567923369789 0.0033779936147614489 0.0070359253823285006 -0.016215703308906093 0.014798859301664231
leaf_weight=104.29485994577408 77.713088974356651 49.86077393591404 92.5997034907341 150.2193176150322 181.43676173686981 60.750049695372581 391.08288832008839 562.52445392310619 25709.013367280364 1487.8969749808311 49.868707850575447 135.38132224977016 52.892164140939713 108.12141658365726
leaf_count=421 312 201 373 605 730 247 1572 2262 104097 6038 201 547 214 435
internal_value=8.99987e-05 0.00363702 0.00152888 0.00378259 0.00141563 1.81024e-05 0.00255542 -0.000505746 -8.72236e-05 -0.00272535 0.00415078 0.00104814 -0.00682414 0.00646776
internal_weight=29213.7 578.411 528.551 424.256 331.656 28635.2 1139.44 640.238 27495.8 1786.79 298.892 238.142 102.761 499.204
internal_count=118255 2330 2129 1708 1335 115925 4581 2574 111344 7247 1209 962 415 2007
is_linear=0
shrinkage=0.03


Tree=110
num_leaves=15
num_cat=0
split_feature=1 14 1 1 18 14 11 15 6 17 10 2 10 15
split_gain=11.7909 13.9602 12.9066 10.3879 9.77237 12.9727 13.7769 11.4679 22.0766 23.6785 21.0789 20.8507 14.5888 17.0953
threshold=0.01431640075064511 0.091890163285153842 0.029215738282409368 0.078409632034074264 5.9477724553863114 -0.024307562046553818 42.824862558118383 0.040523658161721883 0.013126812643412705 0.37940952255126048 2.0427444669247827 0.0080088264364960322 0.75453778002774274 0.020219564745488586
decision_type=2 8 2 2 2 10 2 10 2 2 2 2 2 10
left_child=4 2 -2 -4 5 6 -1 12 9 11 -10 -9 13 -6
right_child=1 -3 3 -5 7 -7 -8 8 10 -11 -12 -13 -14 -15
leaf_value=0.00047123811624164296 -0.0046229053845181743 0.00031886303269114315 0.00082471238265634391 -0.0065923349725971062 0.0028646157158171842 0.00079156699678032869 -0.0024167530032884648 -0.0085468256910237756 -0.0027775573153501461 0.026289076471445624 0.017444882125524724 0.016375934678415346 4.1422390138543153e-05 -0.0068764276925516211
leaf_weight=2465.3298034220934 1506.7078408151865 2539.438615500927 990.10098275542259 203.08445455133915 3160.6195817142725 4928.4518701285124 3740.6153539419174 55.251595020294189 282.35592594742775 74.168904662132263 53.435105457901955 62.281896620988846 8969.5642255544662 169.04077829420567
leaf_count=9917 6158 10394 4069 853 12737 19893 15146 222 1142 298 215 251 36224 683
internal_value=1.09803e-05 -0.00127793 -0.00277894 -0.000446615 0.000292895 -0.000357341 -0.00126971 0.000857309 0.00518044 0.0132459 0.000524715 0.00471296 0.000671085 0.00236625
internal_weight=29200.4 5239.33 2699.89 1193.19 23961.1 11134.4 6205.95 12826.7 527.493 191.702 335.791 117.533 12299.2 3329.66
internal_count=118202 21474 11080 4922 96728 44956 25063 51772 2128 771 1357 473 49644 13420
is_linear=0
shrinkage=0.03


Tree=111
num_leaves=15
num_cat=0
split_feature=0 4 14 18 16 3 18 12 4 12 7 5 1 14
split_gain=8.33048 8.51645 18.2628 18.9626 12.8109 14.6911 14.2443 12.466 12.2629 14.2819 13.0986 14.1369 13.1326 11.8925
threshold=0.12474756944615507 -0.050223868013445021 -0.057567451804127139 4.9759546690945227 0.25881904510252091 0.021182492828750957 5.0713738052652175 -0.4156091541933859 -0.030291975005903523 -0.6119886188955902 1.6197026017204801 -0.067918231434424811 -0.014538588309922494 -0.10361102119281236
decision_type=2 2 8 2 2 2 2 2 2 2 2 2 2 10
left_child=1 4 3 13 6 -6 7 -1 10 -10 11 12 -4 -3
right_child=-2 2 8 -5 5 -7 -8 -9 9 -11 -12 -13 -14 -15
leaf_value=-0.00033736046449279924 -0.008258300829861372 0.016285847547131169 -0.0085043925506519923 -0.00523679924070845 0.0029830456776481699 0.014169436962370658 -0.0015943046182793957 0.017782436825495448 0.0085405739107012688 -0.00014875539380325954 -0.0094744909609796972 0.0067570359867752897 0.0061146199061505981 0.00038744412525631945
leaf_weight=66.903673082590103 108.9012625515461 53.820630431175232 123.26212836802006 1087.9123787134886 449.72891420125961 136.783785328269 783.2740842550993 67.689136132597923 169.3959948271513 25199.222552254796 63.633569151163101 622.90833310782909 97.150215104222298 175.84150764346123
leaf_count=269 458 219 495 4426 1808 550 3149 272 692 102029 256 2505 392 711
internal_value=-5.17247e-05 -2.04451e-05 -0.00014035 -0.00358423 0.00217611 0.00563117 -3.91022e-05 0.00890235 3.26009e-05 -9.00647e-05 0.00345636 0.00445218 -0.00206379 0.00422162
internal_weight=29206.4 29097.5 27593.1 1317.57 1504.38 586.513 917.867 134.593 26275.6 25368.6 906.954 843.321 220.412 229.662
internal_count=118231 117773 111725 5356 6048 2358 3690 541 106369 102721 3648 3392 887 930
is_linear=0
shrinkage=0.03


Tree=112
num_leaves=15
num_cat=0
split_feature=0 3 13 5 0 5 13 10 10 4 17 14 4 13
split_gain=13.884 9.9166 12.2672 15.8763 11.8767 13.264 12.5454 12.5404 11.8339 11.4065 10.3223 12.1425 13.582 11.1478
threshold=-0.00092977195531407364 -0.083319884417179566 0.078700793570768438 -0.096468754664938525 -0.016217789040414262 -0.006550803023854467 0.004432255034453437 1.1912204623022011 0.93576329923200641 0.021324473914069445 0.25881904510252057 -0.043952767762788329 -0.024449564832203948 0.1787134541499921
decision_type=2 2 2 2 2 2 2 2 2 2 2 10 2 2
left_child=1 9 4 -4 -3 6 8 -7 -6 10 13 12 -12 -1
right_child=-2 2 3 -5 5 7 -8 -9 -10 -11 11 -13 -14 -15
leaf_value=-0.0045664548988953984 -0.00069355043126885692 0.0084692272708688197 0.013344730595003773 -0.00014604491722841679 0.0007865169869416068 0.0046171329930651634 -0.00055571273357473262 -0.00031150702468342505 0.014706498563920223 -0.012804587416641137 0.0023683942006368914 0.0075995526653754525 -0.0079223602767634974 0.0021302719090039728
leaf_weight=809.45919007062912 16381.614899292588 246.33895064890385 77.609980389475822 5673.9763237386942 125.3127658367157 1755.7527847588062 2149.5901708602905 631.22892273962498 96.249696046113968 72.985021710395813 395.79464788734913 225.89090603590012 160.62771889567375 307.50928719341755
leaf_count=3252 66600 991 312 22889 509 7049 8628 2533 391 299 1588 909 648 1241
internal_value=-0.000116069 0.000627153 0.000985732 4.05706e-05 0.00207155 0.0017369 0.00014722 0.0033146 0.00691101 -0.00132743 -0.000873382 0.00176665 -0.00062007 -0.00272229
internal_weight=29109.9 12728.3 10756.1 5751.59 5004.47 4758.13 2371.15 2386.98 221.562 1972.27 1899.28 782.313 556.422 1116.97
internal_count=117839 51239 43302 23201 20101 19110 9528 9582 900 7937 7638 3145 2236 4493
is_linear=0
shrinkage=0.03


Tree=113
num_leaves=15
num_cat=0
split_feature=13 14 6 14 10 6 6 10 15 15 14 13 17 18
split_gain=9.86572 9.04216 10.6056 10.873 8.05799 15.2378 13.0861 12.6155 14.3396 12.4646 9.50708 10.7954 9.36404 8.27298
threshold=0.0036886029634298771 -0.047207656187624229 0.0048614378942083859 -0.0043809772334726374 0.24159057310684134 0.01866493891766886 0.0093525861583861041 0.19570537667035851 0.0022816503785954016 0.026412622117530486 -0.0046973777541263742 0.19763490069345238 1.0000000180025095e-35 5.9669141118540532
decision_type=2 8 2 8 2 2 2 2 8 8 8 2 2 2
left_child=1 -1 -3 -4 5 6 9 -8 -9 -2 -7 -12 -11 -6
right_child=4 2 3 -5 13 10 7 8 -10 12 11 -13 -14 -15
leaf_value=-0.0053646072353012277 0.0047804409005356135 -0.0045714236973223368 0.01599711802213731 0.0040738682261247028 -0.00074094655911545926 -0.015393728119366592 0.0039078318934389232 0.0029842631787227124 0.022910542634354235 -0.015537537553542737 -0.011302224448301198 0.0043137628974925469 0.0012997607291264832 0.00029504978699329288
leaf_weight=67.86539214849472 251.5680156648159 62.830299466848373 114.69806317985058 172.576954677701 12851.486475229263 49.398400753736496 176.9638080149889 50.893437504768372 91.348370924592018 56.578775405883789 56.862005725502968 121.34292677044868 59.781301572918892 15070.077774345875
leaf_count=274 1012 253 468 700 52044 200 715 205 369 228 230 495 241 60997
internal_value=-2.44771e-05 0.00454048 0.00648008 0.00891206 -9.09546e-05 0.00267662 0.00490205 0.00932695 0.0159212 0.00103344 -0.00402613 -0.000739155 -0.00701139 -0.000181808
internal_weight=29254.3 417.971 350.105 287.275 28836.3 914.737 687.134 319.206 142.242 367.928 227.603 178.205 116.36 27921.6
internal_count=118431 1695 1421 1168 116736 3695 2770 1289 574 1481 925 725 469 113041
is_linear=0
shrinkage=0.03


Tree=114
num_leaves=15
num_cat=0
split_feature=13 14 1 18 6 7 10 12 14 10 10 13 13 13
split_gain=9.78122 12.3526 8.69361 15.2303 11.5481 12.4811 18.073 17.116 18.4484 16.4943 16.4769 16.2826 31.8593 19.8142
threshold=11.518131848571135 -0.049711126605392973 -0.05940051006713442 5.0713738052652175 0.023847953956592702 1.1936164444403812 1.0215122087139075 -0.10081363487687271 -0.011746814962429573 1.3890680781313314 1.4844200979108855 0.87359046014016351 1.049724957285044 0.3649538115665964
decision_type=2 10 2 2 2 2 2 2 10 2 2 2 2 2
left_child=2 -2 3 -1 -4 7 -7 8 11 -8 -11 13 -13 -6
right_child=1 -3 4 -5 5 6 9 -9 -10 10 -12 12 -14 -15
leaf_value=0.011953790880295207 0.0025211404374123675 -0.017456152429697221 0.00035430103427920817 0.0013669616257759704 -0.0027084273664832533 0.0092163696696884873 -0.0060689944488862002 -0.0056975923527075078 0.0025063149914825245 0.015706465291336048 0.00067041830355220691 -0.018006797349112074 -0.0023565787719421745 0.0039309523151095857
leaf_weight=140.10733257234097 48.756551712751389 61.623218312859535 21683.606722250581 882.78394621610641 1664.3643591105938 212.73804993927479 323.64712066948414 870.7957739084959 978.30995997786522 67.636225253343582 1133.6185496002436 160.82079742848873 419.32992954552174 532.3338099271059
leaf_count=562 199 254 87505 3539 6760 876 1325 3568 4007 275 4598 756 1738 2178
internal_value=8.95458e-05 -0.00874403 0.000123686 0.00283756 2.45152e-05 -0.00109897 0.00106794 -0.00191303 -0.00103285 -7.94237e-05 0.00154172 -0.00228064 -0.00674186 -0.00109737
internal_weight=29180.5 110.38 29070.1 1022.89 28047.2 6363.59 1737.64 4625.95 3755.16 1524.9 1201.25 2776.85 580.151 2196.7
internal_count=118140 453 117687 4101 113586 26081 7074 19007 15439 6198 4873 11432 2494 8938
is_linear=0
shrinkage=0.03


Tree=115
num_leaves=15
num_cat=0
split_feature=18 10 16 10 5 10 18 13 6 0 18 14 11 10
split_gain=10.9964 13.3755 17.099 14.2961 11.8982 18.4327 19.1952 14.4618 13.9197 15.5198 13.4954 24.6437 17.9781 16.6981
threshold=5.9669141118540532 0.59170893848199568 -0.60355339059327362 0.21232093417057665 -0.055503938017299019 1.0968223693991566 5.0713738052652175 0.018498678754885537 0.016021602937408397 -0.014985720243496535 4.7559478896499483 -0.036406312543628576 57.972063947010525 0.43685958209629661
decision_type=2 2 2 2 2 2 2 2 2 2 2 10 2 2
left_child=4 2 -2 -4 5 6 -1 -7 9 -6 11 13 -13 -10
right_child=1 -3 3 -5 8 7 -8 -9 10 -11 -12 12 -14 -15
leaf_value=0.005863567751478305 -0.0014321749059560752 0.00018925966820570607 -0.0070543234654484015 0.0050986451680210985 0.0084882355006050264 -0.0025187453303406413 -0.0026557346654614905 0.013255434196914303 0.00054106971280480913 -0.00041308001867672729 -0.0016400044802425946 -0.0053291126625444277 0.011779763133931439 -0.014960146390600551
leaf_weight=362.40097531676292 637.2136315703392 13185.402058422565 90.843631699681282 1481.7506505250931 178.06525227427483 70.274407967925072 684.3775856345892 196.3225652128458 80.445495322346687 8402.1760306209326 3296.9050561338663 146.84042449295521 85.952437490224838 276.91240465641022
leaf_count=1464 2574 53389 368 5989 717 283 2767 793 328 33940 13435 596 349 1133
internal_value=4.36649e-07 0.000551434 0.00271032 0.00438854 -0.000615106 0.00209876 0.000299256 0.0091096 -0.000901291 -0.000226416 -0.00239012 -0.00656098 0.00103441 -0.011487
internal_weight=29175.9 15395.2 2209.81 1572.59 13780.7 1313.38 1046.78 266.597 12467.3 8580.24 3887.06 590.151 232.793 357.358
internal_count=118125 62320 8931 6357 55805 5307 4231 1076 50498 34657 15841 2406 945 1461
is_linear=0
shrinkage=0.03


Tree=116
num_leaves=15
num_cat=0
split_feature=6 18 14 6 6 18 12 3 14 2 10 17 10 12
split_gain=10.1551 10.1157 14.297 12.3471 16.7552 23.6828 16.708 12.8087 12.2296 12.2149 15.0349 15.5399 16.8955 14.2832
threshold=0.18630081794791728 5.9287018829556883 0.30167833597128008 0.053265290588967944 0.071861990574579246 6.3616111651770195 -0.35514042147464825 0.47897177119279638 0.0035766022795655776 0.012980025596688762 0.74656227930778984 -0.12940952255126037 0.19570537667035851 -0.14201780632109409
decision_type=2 2 10 2 2 2 2 2 10 2 2 2 2 2
left_child=1 2 -1 8 5 6 -5 -7 9 10 11 -3 -13 -12
right_child=-2 3 -4 4 -6 7 -8 -9 -10 -11 13 12 -14 -15
leaf_value=-0.00061742985507687352 -0.0088435125351079159 0.00013220843683048498 0.010994971913104654 -0.0034554132177535921 0.0010517979572950574 -0.0045298059324273875 -0.02452706222111499 0.0099527467919589673 -0.00084583662013576217 0.0030830577933405614 -0.0026266153851750296 -0.011408427291253563 0.0054236355835258123 0.00075052475615484417
leaf_weight=13226.810758262873 113.36242851614952 1194.4091250300407 94.118697002530098 55.823284089565277 650.93313753604889 390.3122211098671 87.124776765704155 61.996366202831268 3071.9196920841932 2621.1597037613392 1476.2026416510344 54.028034880757332 1370.9792252480984 4743.6534188687801
leaf_count=53562 461 4818 382 227 2678 1596 409 254 12447 10613 5981 218 5524 19107
internal_value=3.97564e-05 7.49682e-05 -0.000533745 0.000588872 -0.00227464 -0.00590354 -0.0164595 -0.00250966 0.000834705 0.00128524 0.000751542 0.00265716 0.00477037 -5.15826e-05
internal_weight=29212.8 29099.5 13320.9 15778.5 1246.19 595.257 142.948 452.309 14532.4 11460.4 8839.27 2619.42 1425.01 6219.86
internal_count=118277 117816 53944 63872 5164 2486 636 1850 58708 46261 35648 10560 5742 25088
is_linear=0
shrinkage=0.03


Tree=117
num_leaves=15
num_cat=0
split_feature=15 15 6 16 14 15 6 13 7 6 4 15 3 14
split_gain=9.65426 8.45229 26.7508 22.6998 19.3417 15.684 12.1269 11.8345 11.2294 10.5401 15.4421 15.4638 13.635 10.2512
threshold=-0.057197565877317828 -0.025661915114333574 0.063021960659028195 -1.0000000180025095e-35 -0.07433893493751241 -0.046516116553731106 0.030982364909222224 0.40876577216814908 1.5252060616627652 0.026151925405482935 -0.050223868013445021 0.023522910739328221 0.33466551807590678 0.0058014493447178248
decision_type=8 8 2 2 10 10 2 2 2 2 2 8 2 10
left_child=-1 2 3 5 6 -2 -5 -7 -6 10 11 -3 13 -12
right_child=1 9 -4 4 8 7 -8 -9 -10 -11 12 -13 -14 -15
leaf_value=0.010865877369943735 0.0032059499625606697 0.018142834543330454 0.013793260972084475 -0.021423903833116813 0.0027039734907539103 -0.010157662650745759 -0.0014100132241328361 0.0035517102558305664 -0.010260538667326544 -0.00098127468461759251 0.00064723553644466302 -0.00081526746374566508 0.013747310133030412 -0.0010505133487087382
leaf_weight=71.837324202060699 116.4467087239027 86.124035000801086 89.582933008670807 54.086130484938622 784.33202542364597 549.48632541298866 53.578541845083237 62.172712951898575 63.149160534143448 5959.5839724093676 17264.201417684555 68.781091913580894 66.412938624620438 3927.4451503157616
leaf_count=290 470 346 364 218 3167 2220 217 252 255 24419 69635 276 267 15901
internal_value=3.1767e-05 4.31938e-06 -0.00200195 -0.00285794 0.000185766 -0.00684032 -0.0116715 -0.00875713 0.00171605 0.000134396 0.000444968 0.00982195 0.000375721 0.000332523
internal_weight=29217.2 29145.4 1772.83 1683.25 955.146 728.106 107.665 611.659 847.481 27372.5 21413 154.905 21258.1 21191.6
internal_count=118297 118007 7163 6799 3857 2942 435 2472 3422 110844 86425 622 85803 85536
is_linear=0
shrinkage=0.03


Tree=118
num_leaves=15
num_cat=0
split_feature=4 6 2 1 17 10 6 15 10 7 16 12 6 4
split_gain=9.36226 17.9123 9.40856 13.7977 9.77358 13.4602 10.3691 9.56937 9.28914 8.18503 9.50655 8.09956 10.7888 9.18147
threshold=0.29547526208562452 0.087894442413010088 0.16163817842589381 0.13440996462098478 -0.78656609248549325 1.4690242017462465 0.025528549923779512 0.0037206974501349248 0.96643159057352646 1.1302473902879842 1.0000000180025095e-35 -0.0039788775275848556 0.0055461665509664937 0.037966088839571761
decision_type=2 2 2 2 2 2 2 8 2 2 2 2 2 2
left_child=2 -2 3 11 9 7 -7 -6 -9 -4 -11 -1 -13 -14
right_child=1 -3 4 -5 5 6 -8 8 -10 10 -12 12 13 -15
leaf_value=-7.8889331895263649e-06 0.0030669971021089213 -0.020585539334184593 0.004379481150695733 -0.010187472990594531 -0.0086162291435742146 0.019734764042368763 0.0059729219856733268 0.0079545508000231687 -0.0030427033857038069 0.0021910071058168445 -0.014213965169574525 0.0070254066597237458 -0.010206622075505689 0.00075403945077648436
leaf_weight=27635.536626681685 57.664265468716621 54.71721725165844 82.949551418423653 119.77543453872204 86.61370000243187 54.956811755895615 400.78930112719536 142.86691533029079 130.66378995776176 52.673801079392433 76.414260774850845 60.115733802318573 211.71368223428726 101.04181694984436
leaf_count=111836 238 227 340 508 353 221 1625 585 534 213 310 242 863 412
internal_value=-4.16154e-05 -0.00860773 -8.00938e-06 -0.00011112 0.00280824 0.00429769 0.00771139 -4.09264e-05 0.00271728 -0.00290954 -0.00758869 -6.7305e-05 -0.00444742 -0.00668327
internal_weight=29268.5 112.381 29156.1 28128.2 1027.93 815.891 455.746 360.144 273.531 212.038 129.088 28008.4 372.871 312.755
internal_count=118507 465 118042 113861 4181 3318 1846 1472 1119 863 523 113353 1517 1275
is_linear=0
shrinkage=0.03


Tree=119
num_leaves=15
num_cat=0
split_feature=13 14 18 12 12 6 1 11 6 17 17 11 1 16
split_gain=8.91831 10.6249 7.11037 17.7451 17.8033 14.9868 15.7813 11.6198 7.76007 15.7986 12.6423 15.1993 12.361 12.3261
threshold=11.518131848571135 -0.033345589253034928 7.942518999330642 -0.061286252733382833 -0.13318658277009335 0.011728082877263174 0.0013896689495034311 50.427610933419679 0.015526725360126526 -0.9159756150367534 -0.78656609248549325 79.057001115351895 0.01431640075064511 0.12940952255126045
decision_type=2 10 2 2 2 2 2 2 2 2 2 2 2 2
left_child=2 -2 8 4 -4 7 -7 -5 10 -10 -1 12 13 -12
right_child=1 -3 3 5 -6 6 -8 -9 9 -11 11 -13 -14 -15
leaf_value=0.0022812659946992364 0.0020553704167339251 -0.016436397572518781 -0.0080146883710326272 -0.0041393480911864171 0.0072484722705686384 -0.012008838693286854 0.010159152618341561 -0.020957629215464124 -0.0031522297796186967 1.0050996409167578e-05 0.0013428704884151895 0.012997165111672765 -0.0031321721922269409 -0.00067674921394849264
leaf_weight=3235.3532819747925 49.073441132903099 61.802366137504578 104.75455029308796 60.659237876534462 191.57179413735867 52.856694012880325 59.089197024703026 97.654278114438057 1615.9120933115482 11734.753654241562 5645.7772030234337 80.538470402359962 987.20888186991215 5244.3081200122833
leaf_count=13047 201 256 424 244 773 213 241 396 6584 47715 22747 326 4025 21127
internal_value=5.57481e-05 -0.00836057 8.83763e-05 -0.00323353 0.00183522 -0.00876384 -0.000334814 -0.0146456 0.000154537 -0.000373114 0.000618186 0.000167911 7.87442e-05 0.000370342
internal_weight=29221.3 110.876 29110.4 566.586 296.326 270.259 111.946 158.314 28543.9 13350.7 15193.2 11957.8 11877.3 10890.1
internal_count=118319 457 117862 2291 1197 1094 454 640 115571 54299 61272 48225 47899 43874
is_linear=0
shrinkage=0.03


Tree=120
num_leaves=15
num_cat=0
split_feature=1 17 12 15 6 11 3 7 6 7 15 10 13 7
split_gain=10.638 11.8484 10.2014 12.7229 16.7497 12.1855 13.2793 14.3218 13.5111 15.8244 11.8937 11.8718 9.27483 8.38615
threshold=0.13440996462098478 0.25881904510252057 -0.39298522344820241 0.018106820754885792 0.051659662103912006 43.465802881814277 -0.036023847762117638 0.80484690430703842 0.030037904592201459 0.69203528165838646 0.0081260134049991901 1.0968223693991566 0.013224458340701852 1.420693783181264
decision_type=2 2 2 10 2 2 2 2 2 2 8 2 2 2
left_child=2 -2 3 5 -5 11 8 -8 -7 -10 -11 12 -1 -13
right_child=1 -3 -4 4 -6 6 7 -9 9 10 -12 13 -14 -15
leaf_value=-0.0098401278209805827 -0.00094449745681713531 -0.012647764816005692 -1.9066566027694056e-05 0.021872593284389188 0.0019369986342009937 0.0085764169738440001 0.0089450857187991766 -0.0034704184813396264 -0.016325593524625676 -0.0078188162928548716 0.0054566862646183564 0.015960461894884821 0.003220229823172752 0.0024678872577218809
leaf_weight=51.325537800788879 212.3452292829752 121.25437742471695 27081.364062428474 64.924258291721344 88.553150326013565 57.237630382180214 179.78914961218834 153.31474141776562 109.40941317379475 155.88779762387276 96.93199910223484 109.3835931122303 600.8484810590744 67.377995401620865
leaf_count=206 888 507 109607 264 360 232 731 622 450 640 398 440 2419 271
internal_value=6.20436e-05 -0.00524834 0.000123881 0.00235259 0.0105431 0.00154544 -0.00121701 0.00324411 -0.00475822 -0.00690082 -0.00272606 0.00405029 0.00216545 0.0109025
internal_weight=29149.9 333.6 28816.3 1734.98 153.477 1581.51 752.571 333.104 419.467 362.229 252.82 828.936 652.174 176.762
internal_count=118035 1395 116640 7033 624 6409 3073 1353 1720 1488 1038 3336 2625 711
is_linear=0
shrinkage=0.03


Tree=121
num_leaves=15
num_cat=0
split_feature=4 14 16 6 2 12 14 11 5 7 12 6 1 1
split_gain=12.0654 13.505 24.4143 13.1954 13.1603 15.4303 14.5846 13.5035 18.1004 34.6063 14.5833 22.544 12.7843 17.0431
threshold=-0.012675490086852313 -0.042893825294691094 0.98296291314453421 0.0097461489108194143 -0.0087990620906036581 -0.6119886188955902 0.17582314891721576 49.769844575758292 0.0020316887483018413 0.557625083895261 -0.029061618896204729 0.0044728899788070708 0.0086230299061577104 -0.021815593161223831
decision_type=2 10 2 2 2 2 8 2 2 2 2 2 2 2
left_child=1 -1 3 -3 -2 6 -6 10 -9 -10 -7 -12 13 -5
right_child=4 2 -4 12 5 7 -8 8 9 -11 11 -13 -14 -15
leaf_value=0.00029520499641457219 -0.0016305740086683003 0.0077912590218775111 0.019566764941623006 0.0042086012024198337 0.022924378235886746 0.00044036343431772668 0.0023161585057470428 -0.0026271402659878728 0.0056146935350844755 -0.00039089891343119059 -0.0024032929850625888 0.0068645102473650398 0.010637075288533786 -0.0021486300344437086
leaf_weight=4529.152616456151 4818.182752430439 355.67867977917194 77.070754274725914 681.61826825141907 49.078499257564545 3101.2860040813684 79.567416176199913 2652.5646723210812 945.3014527708292 9765.3468201905489 323.34667967259884 866.19180648028851 123.58763299882412 851.3772746026516
leaf_count=18255 19536 1436 310 2738 200 12527 326 10767 3825 39687 1298 3482 503 3426
internal_value=8.97408e-05 0.00121606 0.00321006 0.00256478 -0.000240172 0.000136696 0.0104088 6.06722e-05 -0.000409507 0.000140093 0.00152449 0.00434548 0.00143458 0.000679797
internal_weight=29219.4 6618.49 2089.33 2012.26 22600.9 17782.7 128.646 17654 13363.2 10710.6 4290.82 1189.54 1656.58 1533
internal_count=118316 26668 8413 8103 91648 72112 526 71586 54279 43512 17307 4780 6667 6164
is_linear=0
shrinkage=0.03


Tree=122
num_leaves=15
num_cat=0
split_feature=1 17 10 6 2 18 18 17 1 5 6 0 5 15
split_gain=8.23676 17.2933 14.2579 10.0969 19.1637 17.6049 13.7085 21.3533 21.7101 20.5408 16.5733 15.0161 13.1395 15.6584
threshold=-0.0091724305573903635 -0.37940952255126015 0.65779586538499946 0.048943662751261628 0.15117298609449972 5.9477724553863114 5.9287018829556883 -0.78656609248549325 0.055606743995133052 0.13983002710560713 0.023847953956592702 0.018186381050260939 -0.057618391882077284 -0.029764664860086217
decision_type=2 2 2 2 2 2 2 2 2 2 2 2 2 10
left_child=1 2 -1 6 5 -5 7 10 9 11 -2 12 13 -9
right_child=3 -3 -4 4 -6 -7 -8 8 -10 -11 -12 -13 -14 -15
leaf_value=-0.0042989945436914707 0.002803985278836157 0.0021567511923141331 0.00049312981862544871 -0.00011114390692694135 0.002265515919000185 -0.0087548849515369648 0.0007020289895269357 0.016694214586091664 0.0081435514184267505 0.013699328054671122 -0.0068534767449068938 -0.0090551205913192104 -0.0019848613193834967 -0.00024502830683393337
leaf_weight=779.10533747076988 1780.9914343953133 4454.1117894053459 1962.0010517090559 354.8824015557766 460.47345000505447 525.15408830344677 11294.473128899932 72.15983647108078 199.00822333991528 73.664189547300339 173.78387124836445 260.91887873411179 6679.3100328594446 145.2539129704237
leaf_count=3137 7205 17905 7898 1483 1898 2264 45673 291 816 297 719 1076 27057 587
internal_value=0.000122276 0.00100334 -0.000871078 -0.000165684 -0.00268683 -0.00527738 -2.0117e-06 -0.000849257 -0.0015832 -0.00185306 0.00193929 -0.0020169 -0.00174808 0.00547805
internal_weight=29215.3 7195.22 2741.11 22020.1 1340.51 880.036 20679.6 9385.09 7430.32 7231.31 1954.78 7157.64 6896.72 217.414
internal_count=118306 28940 11035 89366 5645 3747 83721 38048 30124 29308 7924 29011 27935 878
is_linear=0
shrinkage=0.03


Tree=123
num_leaves=15
num_cat=0
split_feature=6 15 15 13 15 16 17 15 17 16 10 1 15 15
split_gain=10.142 18.3602 17.2354 20.9907 16.6429 16.447 18.1759 16.4212 22.3862 20.9352 16.6949 19.8583 16.6276 21.7973
threshold=0.015057887368983744 0.0035289195824357304 0.047046894155371007 0.23386241639202435 0.095472454039798219 0.78656609248549325 -0.12940952255126037 -0.023736017320735488 -0.78656609248549325 0.91597561503675362 1.1614669908079391 -0.022532296273278792 -0.014763977500335644 -0.011822287615632197
decision_type=2 8 10 2 10 2 2 10 2 2 2 2 8 10
left_child=1 7 -3 4 5 6 -4 9 -9 -1 11 -10 -13 -14
right_child=-2 2 3 -5 -6 -7 -8 8 10 -11 -12 12 13 -15
leaf_value=-0.0032692827902063488 -0.00067794673969915633 -0.00055119765822709025 0.006127939521299041 -0.011520628118068818 -0.0057815623939809126 -0.0035500193498935761 0.021215819801181809 0.0073100966883613804 0.0157712922557488 0.011710875227530069 -0.0023385856228122321 0.0077477527067392506 -0.0088946328194771281 0.0021275620773702586
leaf_weight=799.99149551987648 14150.608167544007 9766.5414941608906 157.00907051563263 57.267191335558891 69.060603365302086 63.624535769224167 134.24496564269066 789.79792137444019 100.69369246065617 91.813360199332237 720.97064745426178 410.08454695343971 176.12776136398315 1727.6807892769575
leaf_count=3227 57551 39394 635 232 279 257 541 3184 406 370 2905 1653 710 6968
internal_value=-0.000101265 0.000440435 -0.000277671 0.00525312 0.00756243 0.0101771 0.0131795 0.00196757 0.00280223 -0.00170429 0.00166283 0.00285856 0.0022835 0.0010996
internal_weight=29215.5 15064.9 10247.7 481.206 423.939 354.879 291.254 4817.16 3925.36 891.805 3135.56 2414.59 2313.89 1903.81
internal_count=118312 60761 41338 1944 1712 1433 1176 19423 15826 3597 12642 9737 9331 7678
is_linear=0
shrinkage=0.03


Tree=124
num_leaves=15
num_cat=0
split_feature=0 13 2 16 12 13 15 3 15 10 15 4 6 13
split_gain=9.86245 12.1148 17.4105 15.4313 13.9101 11.4436 10.7264 11.3115 10.9754 11.5027 8.66865 8.40739 12.3738 8.12043
threshold=0.0030036320245300234 0.029843985669185006 0.0020269767827683087 0.78656609248549325 -0.23022405665565951 0.67802025132820032 -0.025661915114333574 -0.051881784717145989 0.010272694192742461 1.2745636704202787 -0.0014752679767866537 -0.00055808817255614807 0.0089309278270702525 0.81519504435463663
decision_type=2 2 2 2 2 2 10 2 10 2 10 2 2 2
left_child=13 2 6 -3 5 -5 7 -2 9 -8 -4 -9 -13 -1
right_child=1 3 10 4 -6 -7 8 11 -10 -11 -12 12 -14 -15
leaf_value=0.00042038275051857813 -0.010307477220310911 -0.0011510860879954403 -0.01281397751212212 0.010636254053335585 0.00067507090504704908 -0.001626338883344444 0.0018917824638484493 0.0033193930886172346 -0.0085283449078422946 0.017032587862316182 -0.002483734395698546 0.0037847205697729117 -0.013857674198700503 -0.0022771495968206506
leaf_weight=18922.914896309376 185.74211236834526 6303.4801414161921 225.58620564639568 256.96096484363079 1305.2759393006563 92.465202301740646 302.89116391539574 177.54635174572468 72.126380160450935 51.218129873275757 109.38046139478683 61.02189701795578 82.168501809239388 1058.670377805829
leaf_count=76129 753 25810 919 1053 5338 384 1226 719 293 207 446 248 335 4422
internal_value=-9.7345e-05 -0.000908531 -0.00362996 -0.000474223 0.00210252 0.00740054 -0.00151487 -0.00445844 0.00198735 0.0041651 -0.00947549 -0.00102831 -0.00639064 0.000277248
internal_weight=29207.4 9225.86 1267.68 7958.18 1654.7 349.426 932.715 506.479 426.236 354.109 334.967 320.737 143.19 19981.6
internal_count=118282 37731 5146 32585 6775 1437 3781 2055 1726 1433 1365 1302 583 80551
is_linear=0
shrinkage=0.03


Tree=125
num_leaves=15
num_cat=0
split_feature=0 4 6 12 16 11 13 5 14 18 18 6 11 0
split_gain=8.38311 7.52351 16.5412 15.2748 13.4496 15.1147 14.4388 13.9985 12.7971 14.7195 11.7341 16.2597 11.4539 10.6816
threshold=0.12474756944615507 -0.050223868013445021 0.021721651376210006 -0.17419485796087883 1.0000000180025095e-35 34.584066581235433 0.074714270482881498 -0.2099609367330075 -0.050861459427948834 4.8856163446269045 5.9836840086136656 0.018960229283021521 29.140933888772512 0.0097587808861265297
decision_type=2 2 2 2 2 2 2 2 8 2 2 2 2 2
left_child=1 2 -1 4 5 -4 12 -7 9 -3 13 -12 -6 -11
right_child=-2 8 3 -5 6 7 -8 -9 -10 10 11 -13 -14 -15
leaf_value=0.013086250068063144 -0.0081797986074995718 0.0041154380584316275 0.0045292442610974423 -0.012960305022989777 -0.013322029083858029 -0.016323877004173259 0.0076384863645846809 -0.0020426887776169825 -5.7405742698903831e-07 -0.0090302892236321392 0.0061157324538066993 -0.0039927890372313127 0.0031398152659486821 0.0011711395999935467
leaf_weight=110.42484484612942 112.55321776866913 236.83158534765244 267.46879291534424 64.07852865755558 56.815789252519608 72.856764003634453 469.91589856147766 358.03915193676949 25989.21758659184 485.36619932949543 188.42978328466415 576.28506720066071 106.11320607364178 113.45272250473499
leaf_count=444 476 958 1074 257 228 294 1891 1441 105251 1966 758 2351 426 470
internal_value=-8.0134e-05 -4.82409e-05 0.00201533 0.00112169 0.00181796 -0.00105218 0.00497859 -0.00452164 -0.000160999 -0.00276298 -0.00396197 -0.00149254 -0.00269261 -0.00710005
internal_weight=29207.8 29095.3 1505.71 1395.29 1331.21 698.365 632.845 430.896 27589.6 1600.37 1363.53 764.715 162.929 598.819
internal_count=118285 117809 6055 5611 5354 2809 2545 1735 111754 6503 5545 3109 654 2436
is_linear=0
shrinkage=0.03


Tree=126
num_leaves=15
num_cat=0
split_feature=12 7 6 18 15 2 6 14 7 5 16 11 6 7
split_gain=8.98668 18.9308 26.7972 9.93925 29.6154 23.7406 23.1394 21.8437 20.9193 18.4287 15.7666 14.0497 12.378 12.9873
threshold=-0.0079906505663899768 1.248589677979641 0.011728082877263174 4.7819643000504515 -0.03027806689713319 0.039985186150429015 0.0074954981360995463 -0.045112291590919888 0.65049289702919422 -0.15704373474713204 -0.25881904510252113 39.628680852542352 0.14237317702913324 0.84769236441792961
decision_type=2 2 2 2 10 2 2 8 2 2 2 2 2 2
left_child=3 -2 -3 4 5 -1 8 9 -6 12 11 -8 13 -5
right_child=1 2 -4 7 6 -7 10 -9 -10 -11 -12 -13 -14 -15
leaf_value=-0.0049775503634537002 -0.0044857411588015662 0.016233541536083827 -0.0036189698467541504 -0.00049574621957612912 -0.014763666060896205 -0.024790645471794805 0.0085125480952986058 0.00053609640956825183 -0.0016920660397624736 -0.0034351541389916209 0.0050697207230393929 -0.0033168572392078891 -0.0072726522224196176 0.012480972178449666
leaf_weight=779.39462354779243 967.43363070487976 103.95902064442635 143.4880937486887 123.54736046493053 132.87916414439678 56.742979988455772 107.83508941531181 22418.37937925756 605.74342414736748 2172.8329615592957 850.42071205377579 508.34843379259109 68.765740469098091 155.97933356463909
leaf_count=3163 3922 419 583 498 536 233 434 90792 2449 8808 3440 2059 279 629
internal_value=-6.89511e-05 -0.00259274 0.00478487 4.08049e-05 -0.00157773 -0.00637808 0.000246511 0.000238295 -0.00407718 -0.00240814 0.00242663 -0.00122581 0.00398193 0.00678265
internal_weight=29195.7 1214.88 247.447 27980.9 3041.36 836.138 2205.23 24939.5 738.623 2521.13 1466.6 616.184 348.292 279.527
internal_count=118244 4924 1002 113320 12314 3396 8918 101006 2985 10214 5933 2493 1406 1127
is_linear=0
shrinkage=0.03


Tree=127
num_leaves=15
num_cat=0
split_feature=18 11 17 15 12 15 3 5 15 12 3 4 10 18
split_gain=8.41595 14.3163 13.2947 12.3876 19.9997 22.9473 19.836 18.4123 18.1298 17.566 22.8996 18.0118 15.2185 15.0949
threshold=5.9287018829556883 37.572039958257513 -0.60355339059327384 -0.0044726559755714481 -0.13914545197247349 -0.0069852074876655115 -0.050448103891452149 -0.026795143966559739 -0.0024694764821626687 -0.22305623069296629 0.06957470913022569 0.018806168255115944 0.90844520765604431 7.5242394759448183
decision_type=2 2 2 10 2 10 2 2 10 2 2 2 2 2
left_child=1 2 -1 4 9 6 7 -6 -5 10 -2 -12 -7 -11
right_child=3 -3 -4 8 5 12 -8 -9 -10 13 11 -13 -14 -15
leaf_value=-0.0021714375166228717 -0.00045329875703953277 -0.00088022618304973901 0.003898366876263216 -0.0072715523163493353 0.0019174290140463487 0.019076762328859683 0.0012551873153720289 0.014480704738607457 -0.00021045810654116886 -0.0022002799030358231 0.013404209356527119 -0.0012161169672201223 0.0041237724202303986 -0.012356556821090069
leaf_weight=454.04887203872204 1380.1839271485806 11740.044586449862 1129.2143774032593 348.33980183303356 219.09701362252235 110.93512742221355 6574.4163572788239 200.84775440394878 4969.754423648119 1413.2323634177446 215.28723765909672 116.01997295022011 137.02216821908951 143.45419783890247
leaf_count=1828 5635 47604 4544 1407 883 448 26524 810 20131 5777 872 477 553 580
internal_value=3.6532e-05 -0.000519016 0.00215712 0.000504157 0.00110107 0.00197999 0.00166028 0.00796625 -0.000675526 -0.000846659 0.00125037 0.00830776 0.0109128 -0.00315087
internal_weight=29151.9 13323.3 1583.26 15828.6 10510.5 7242.32 6994.36 419.945 5318.09 3268.18 1711.49 331.307 247.957 1556.69
internal_count=118073 53976 6372 64097 42559 29218 28217 1693 21538 13341 6984 1349 1001 6357
is_linear=0
shrinkage=0.03


Tree=128
num_leaves=15
num_cat=0
split_feature=13 14 13 6 3 14 7 12 10 16 11 7 13 11
split_gain=7.80256 13.375 6.8976 14.4256 8.50464 11.6053 12.5739 6.75936 11.1205 16.087 14.5144 14.3251 9.87754 26.3629
threshold=11.518131848571135 -0.036406312543628576 0.004432255034453437 0.0048614378942083859 -0.10009047091564414 1.0000000180025095e-35 0.91343541261844152 -0.64838665738557177 0.89536811341622469 -0.25881904510252113 41.408986662149111 0.66312807505470828 3.8006713353502737 60.833891762301185
decision_type=2 10 2 2 2 8 2 2 2 2 2 2 2 2
left_child=2 -2 3 -1 -5 -6 -7 8 9 11 -11 -4 -9 -14
right_child=1 -3 7 4 5 6 -8 12 -10 10 -12 -13 13 -15
leaf_value=-0.0074838559823723798 0.0032472326380538746 -0.017319062445679836 -0.017440925552773625 -0.0021222197120223485 0.013378548693680416 -0.0065870225430820044 0.0094438804901745225 -0.00010577791085467077 0.011775561704840334 0.015358512499256472 -0.0017318682925985293 0.0022072056000944774 0.014937423885042246 -0.0074943009560489516
leaf_weight=88.738066330552101 52.067082047462463 59.369035840034485 61.2810368090868 97.807602509856224 170.48052468895912 77.082129389047623 97.583117187023163 27930.85187985003 111.94498844444752 85.985514089465141 90.22002737224102 69.878940582275391 124.14103509485722 73.738267466425896
leaf_count=357 213 247 248 395 695 312 396 113107 453 346 370 284 506 304
internal_value=3.08015e-05 -0.0078219 6.14296e-05 0.00344055 0.00565286 0.0078557 0.00237475 -1.74116e-06 0.00377003 0.000797068 0.00668674 -0.00709694 -5.82303e-05 0.00658706
internal_weight=29191.2 111.436 29079.7 531.691 442.953 345.146 174.665 28548 419.311 307.366 176.206 131.16 28128.7 197.879
internal_count=118233 460 117773 2155 1798 1403 708 115618 1701 1248 716 532 113917 810
is_linear=0
shrinkage=0.03


Tree=129
num_leaves=15
num_cat=0
split_feature=15 2 15 2 13 6 18 7 18 13 11 15 3 10
split_gain=9.00983 14.8847 11.3163 8.90377 16.0932 23.3156 15.9065 13.6105 12.1973 10.8127 8.79852 8.76816 11.6962 9.20098
threshold=0.057047682931192341 0.058276717624118381 0.055995899857704597 0.091659137629547263 0.25099706495146795 0.026151925405482935 6.8209490046817391 1.6197026017204801 5.9287018829556883 5.2637744466153942 81.301159308380676 0.0064402198338222591 0.057026488828490936 1.0858397541471125
decision_type=10 2 10 2 2 2 2 2 2 2 2 10 2 2
left_child=2 -2 3 -1 6 8 7 11 -6 10 -7 12 -5 -13
right_child=1 -3 -4 4 5 9 -8 -9 -10 -11 -12 13 -14 -15
leaf_value=-0.00020661783128290043 0.0089645262955378516 -0.00051816316310366586 -0.012761236810762159 0.0009241411467621226 0.016576608628022099 0.0025668398804761902 0.011257255482622222 -0.019341690284649993 0.0050672229873694056 -0.0087066535429090111 -0.0077109671713282372 0.011490016279557421 -0.016425927104597504 -0.0047081870963340622
leaf_weight=26355.009159713984 262.03749592602253 341.3974531441927 61.218009397387505 63.752628400921822 144.33595088124275 1288.1051317900419 51.893196046352386 57.475310549139977 197.2516016215086 89.051984831690788 77.671197324991226 53.765487164258957 74.911987408995628 70.931241944432259
leaf_count=106692 1061 1385 248 259 582 5255 211 232 797 369 319 219 304 288
internal_value=-5.91319e-06 0.00361564 -8.26115e-05 -5.45081e-05 0.00179211 0.00296917 -0.00386646 -0.0063672 0.00999863 0.00130722 0.00197192 -0.00341125 -0.00854931 0.00234712
internal_weight=29188.8 603.435 28585.4 28524.2 2169.15 1796.42 372.73 320.837 341.588 1454.83 1365.78 263.361 138.665 124.697
internal_count=118221 2446 115775 115527 8835 7322 1513 1302 1379 5943 5574 1070 563 507
is_linear=0
shrinkage=0.03


Tree=130
num_leaves=15
num_cat=0
split_feature=1 6 18 17 18 12 5 1 5 18 18 14 18 18
split_gain=9.44229 12.7954 14.1958 15.0062 13.6173 12.7958 12.7692 13.4944 15.3767 11.9289 17.5029 17.2061 13.5541 15.5618
threshold=-0.05940051006713442 0.030037904592201459 5.9287018829556883 -0.78656609248549325 5.8277165348363322 -0.33724438169399912 0.093011507535755281 -0.0041716576418795439 -0.055503938017299019 6.4359113165918549 6.3195888272332068 -0.09547714700224684 5.0218125251066823 5.9754837225359463
decision_type=2 2 2 2 2 2 2 2 2 2 2 10 2 2
left_child=-1 2 3 4 5 -2 7 -5 -9 10 11 -3 -13 -14
right_child=1 9 -4 6 -6 -7 -8 8 -10 -11 -12 12 13 -15
leaf_value=0.0028136571031565647 -0.012343833286103237 -0.0045180624525303506 0.00089896349465991309 0.00029666340179227145 -0.0061983579593292114 0.0025753191337855698 0.0060553388396247651 0.0076623050132526502 -0.0024139017409314017 0.00012023516658649327 -0.010380895808890869 0.0096178803151075031 -0.0032974764175046278 0.0058083117251478116
leaf_weight=1049.5013428032398 51.069280073046684 1177.8486161530018 12332.330437913537 3071.7938061058521 186.049421235919 2135.4205035716295 215.31223414838314 137.81451280415058 5578.9586247950792 2031.8568382561207 256.59526981413364 135.78759318590164 561.20774161815643 239.29257933795452
leaf_count=4209 207 4941 49733 12360 752 8634 870 556 22636 8315 1057 555 2305 982
internal_value=2.25205e-05 -8.18758e-05 0.00019397 -0.000570285 0.0015514 0.00221589 -0.00112957 -0.00130694 -0.0021684 -0.00156677 -0.00301152 -0.00210812 0.000926755 -0.000567803
internal_weight=29160.8 28111.3 23708.7 11376.4 2372.54 2186.49 9003.88 8788.57 5716.77 4402.59 2370.73 2114.14 936.288 800.5
internal_count=118112 113903 95748 46015 9593 8841 36422 35552 23192 18155 9840 8783 3842 3287
is_linear=0
shrinkage=0.03


Tree=131
num_leaves=15
num_cat=0
split_feature=14 18 18 3 13 4 10 13 13 14 17 14 10 3
split_gain=7.73281 22.6294 17.0083 16.1775 19.0107 13.9699 12.7462 13.467 15.6709 13.8692 12.0379 11.7614 10.9102 11.6596
threshold=-0.045112291590919888 4.9759546690945227 5.4984256706959629 -0.32210919300301727 0.13793337309847967 -0.026625651604451347 3.4277238920019362 0.4201784784923201 0.51787529255340237 -0.0036778924114530538 1.0000000180025095e-35 -0.088359729219406588 1.1836321863824832 -0.13552772900782137
decision_type=8 2 2 2 2 2 2 2 2 10 2 10 2 2
left_child=1 11 -3 4 -4 6 7 9 -9 10 12 -1 13 -2
right_child=5 2 3 -5 -6 -7 -8 8 -10 -11 -12 -13 -14 -15
leaf_value=0.010384509772660252 -0.010312777312067747 -0.0073137722379457851 0.019333841578241834 -0.002194516666814094 -0.00080180839655339927 -3.4628115936462566e-05 -0.010361035145633215 0.021679748541167727 0.0054220243433177797 -0.0079022531715874089 0.0058353600822520823 0.00063387188470304329 0.0064550645689609269 0.00058523043968100369
leaf_weight=185.06345464289188 127.92135147750378 545.54492928087711 69.184158712625504 1676.5621708482504 103.26798881590366 24654.851752474904 61.948989614844322 63.737572535872459 297.03916117548943 117.38342013955116 586.87483750283718 275.71607115864754 152.95037773251534 275.55545222759247
leaf_count=748 515 2210 278 6794 423 99911 249 256 1198 472 2360 1114 615 1109
internal_value=-1.47941e-05 -0.00149713 -0.00266899 -0.00129214 0.00740523 0.000146007 0.00278845 0.00330298 0.00839792 0.00183395 0.00284562 0.00457799 -0.000317322 -0.00290378
internal_weight=29193.6 2855.34 2394.56 1849.01 172.452 26338.3 1683.41 1621.46 360.777 1260.69 1143.3 460.78 556.427 403.477
internal_count=118252 11567 9705 7495 701 106685 6774 6525 1454 5071 4599 1862 2239 1624
is_linear=0
shrinkage=0.03


Tree=132
num_leaves=15
num_cat=0
split_feature=7 13 7 7 14 10 15 14 5 11 18 2 7 5
split_gain=6.62101 14.0986 14.9985 13.8844 10.8952 10.3637 10.2699 9.95419 10.2944 9.00899 20.7262 13.945 13.2297 18.6221
threshold=1.2293489848920396 0.25601614499148601 1.6197026017204801 1.2053536884596847 0.068440976748964669 0.46330461611274892 -0.013651776475631204 0.35425906146945513 0.39740428526224231 52.071947271634762 6.6967227777623348 -0.05106695341601241 0.53283355230268015 0.0034378634400425994
decision_type=2 2 2 2 10 2 8 10 2 2 2 2 2 2
left_child=3 2 5 7 6 -2 -4 8 9 10 -1 -11 13 -13
right_child=1 -3 4 -5 -6 -7 -8 -9 -10 11 -12 12 -14 -15
leaf_value=-0.00018240817477272023 0.012468336352839022 0.0034330941969691318 0.0065250057683354703 -0.0053711365806443203 -0.017070289000722372 0.00071375236236995718 -0.0041350246536637474 0.010877407810426277 -0.013532700907790697 -0.015171105515701257 0.0027323315901284276 -0.0037417856852634667 -0.0011685498001301196 0.0052785797070981763
leaf_weight=12174.543211296201 67.400483295321465 1492.5849766433239 91.486303001642227 457.20857718586922 49.520267903804779 2492.1486750245094 631.98087374866009 72.050209447741508 49.534396648406982 58.882137551903725 2676.7013846933842 294.24399928748608 7920.8118971735239 675.72247000038624
leaf_count=49176 272 6065 369 1855 200 10054 2550 296 206 251 10791 1190 32283 2735
internal_value=-3.00432e-06 0.00101211 -7.36176e-05 -0.000203977 -0.00373037 0.00103278 -0.00277273 -0.000104782 -0.000138867 -0.000109857 0.000343225 -0.000861619 -0.000763459 0.00254014
internal_weight=29204.8 4825.12 3332.54 24379.7 772.987 2559.55 723.467 23922.5 23850.4 23800.9 14851.2 8949.66 8890.78 969.966
internal_count=118293 19510 13445 98783 3119 10326 2919 96928 96632 96426 59967 36459 36208 3925
is_linear=0
shrinkage=0.03


Tree=133
num_leaves=15
num_cat=0
split_feature=11 4 13 10 15 6 18 18 4 15 6 15 14 16
split_gain=6.08672 10.5891 14.4798 13.6471 13.3391 9.98379 12.0059 16.332 27.8191 13.3189 11.841 13.3097 18.692 15.0219
threshold=63.342036123565158 0.0016158837750454016 0.022070821927048127 1.303502685911746 0.0042081565004243879 0.014706098257380741 4.5813746427398252 4.9426533832507795 -0.019638406175530362 -0.012863104213645558 0.012542070551003337 0.0027756458356100748 0.0058014493447178248 0.25881904510252091
decision_type=2 2 2 2 8 2 2 2 2 10 2 8 10 2
left_child=1 5 3 4 -3 10 -7 8 -8 -10 11 12 -1 -14
right_child=-2 2 -4 -5 -6 6 7 -9 9 -11 -12 -13 13 -15
leaf_value=0.0035146743318117371 0.0011484006829632694 0.007367612547382052 -0.00076375650516130285 -0.01657938156991931 -0.0064336981167745534 -0.0064024108015617543 0.011987013165518826 -0.00065900383942919132 -0.010393124914093704 0.0049184838396061749 0.0033309412069688379 -0.00060893615106534841 -0.0055627959860040819 0.0027447408593086913
leaf_weight=2067.5365260392427 3290.2863633930683 77.299232736229897 8611.0206920802593 89.236478015780449 308.47386887669563 300.97316516935825 245.14552755653858 7195.2312888652086 103.86670283973217 97.176452308893204 1516.8479912281036 4438.438237503171 442.37957265973091 348.6643863171339
leaf_count=8329 13396 313 35089 361 1250 1219 987 29123 424 394 6106 17837 1779 1401
internal_value=-6.64676e-05 -0.000221224 -0.00104579 -0.00613383 -0.00364453 0.000225965 -0.00054538 -0.000313074 0.00524344 -0.00301654 0.000921008 0.000419275 0.00201506 -0.00190344
internal_weight=29132.6 25842.3 9086.03 475.01 385.773 16756.3 7942.39 7641.42 446.189 201.043 8813.87 7297.02 2858.58 791.044
internal_count=118008 104612 37013 1924 1563 67599 32147 30928 1805 818 35452 29346 11509 3180
is_linear=0
shrinkage=0.03


Tree=134
num_leaves=15
num_cat=0
split_feature=2 1 12 16 7 18 7 16 10 4 4 13 14 11
split_gain=9.79473 12.7323 11.4129 25.239 15.4921 11.3173 13.1366 12.7507 14.9105 20.067 10.4222 10.0994 10.1942 8.81021
threshold=0.11984386680427521 0.16952157928305314 -0.64838665738557177 -0.37940952255126059 0.69203528165838646 5.0218125251066823 1.1991037973640237 -0.60355339059327362 2.5471958755506088 0.1182943722980785 0.049125861420894819 0.3145352041794332 -0.011746814962429573 81.301159308380676
decision_type=2 2 2 2 2 2 2 2 2 2 2 2 8 2
left_child=1 2 3 4 -1 6 -2 8 -7 -10 -9 -5 -13 -4
right_child=5 -3 13 11 -6 7 -8 10 9 -11 -12 12 -14 -15
leaf_value=-0.014801995146084799 0.0038885581781096267 -0.014714041623076652 -0.00014443675675694041 0.01803782327963678 0.0053264888650559174 0.0020142338787561783 0.021708589439508204 0.0048193617450486238 0.022445077022543957 -0.00091380295547618907 -0.0020334508666403238 -0.003626769302502018 0.013639069173026597 0.010227084210410251
leaf_weight=68.440603598952293 120.5081292539835 51.35957270860672 26978.38968449831 105.56218276917934 65.753977760672569 319.78008651733398 52.651883855462074 262.78720785677433 86.639239549636841 52.58374260365963 811.17405726015568 58.801930218935013 61.073168724775314 71.915184706449509
leaf_count=277 488 221 109237 426 266 1308 212 1063 349 214 3314 239 248 291
internal_value=6.32557e-05 -7.38439e-05 -4.53402e-05 0.00524888 -0.00500586 0.00226747 0.00949301 0.00143999 0.00561336 0.0137346 -0.000350797 0.0113435 0.00524918 -0.000116109
internal_weight=29167.4 27461.3 27409.9 359.632 134.195 1706.12 173.16 1532.96 459.003 139.223 1073.96 225.437 119.875 27050.3
internal_count=118153 111205 110984 1456 543 6948 700 6248 1871 563 4377 913 487 109528
is_linear=0
shrinkage=0.03


Tree=135
num_leaves=15
num_cat=0
split_feature=13 2 3 12 14 18 12 16 13 15 10 1 10 7
split_gain=7.25895 9.05308 10.3396 8.45849 13.9199 24.6031 12.6207 12.1353 22.6288 11.983 17.4358 11.5107 11.2798 15.3951
threshold=0.0036886029634298771 -0.015208896720579344 -0.11540275922478758 -0.39298522344820241 -0.057567451804127139 4.9759546690945227 -0.33724438169399912 0.60355339059327384 1.568496374592832 0.0038717234569891627 0.56723756028618177 0.041413501021317363 0.59170893848199568 0.73694300387696332
decision_type=2 2 2 2 8 2 2 2 2 8 2 2 2 2
left_child=1 2 -1 7 5 -5 -7 9 11 10 -2 -9 -8 -14
right_child=3 -3 -4 4 -6 6 12 8 -10 -11 -12 -13 13 -15
leaf_value=-0.0041791696579562285 -0.011324529380571241 -0.0039416523204576599 0.0092796608369509117 0.0058517494555114001 -0.00012593810234244035 -0.012499992349909726 0.0031287114866848532 0.010603197102461808 -0.007826778691834551 0.0026156663396627545 0.00046706082495381651 -0.0020974264368418421 -0.012987032599440364 -0.0030577143253302857
leaf_weight=63.939267337322235 163.40907667577267 98.850858956575394 240.17780716717243 231.40163740515709 25514.329451262951 162.98702116310596 185.72555689513683 367.29790005087852 91.87996906042099 766.487314671278 354.78013302385807 77.024368181824684 172.10937762260437 740.37456671893597
leaf_count=258 665 400 980 934 103322 663 751 1484 375 3118 1442 321 698 3002
internal_value=-0.000101283 0.00388731 0.00644118 -0.000157303 -0.000290785 -0.00310473 -0.00475471 0.00182062 0.00560238 0.000235929 -0.00328062 0.00840198 -0.00358458 -0.00495485
internal_weight=29230.8 402.968 304.117 28827.8 27006.9 1492.6 1261.2 1820.88 536.202 1284.68 518.189 444.322 1098.21 912.484
internal_count=118413 1638 1238 116775 109370 6048 5114 7405 2180 5225 2107 1805 4451 3700
is_linear=0
shrinkage=0.03


Tree=136
num_leaves=15
num_cat=0
split_feature=12 7 6 14 18 0 14 10 10 17 17 0 12 10
split_gain=8.78256 20.7888 29.8499 9.19197 12.8538 8.95808 8.02261 14.6997 14.345 7.48319 6.58405 6.38181 7.91018 17.4485
threshold=-0.0079906505663899768 1.248589677979641 0.010591951364616773 0.015350058338449936 5.5894596572025561 0.12474756944615507 0.30167833597128008 3.6370781602126985 1.3232246043067897 -0.37940952255126015 -0.12940952255126037 -0.051943565562889642 -0.13914545197247349 1.1836321863824832
decision_type=2 2 2 10 2 2 10 2 2 2 2 2 2 2
left_child=5 3 -3 -2 -5 6 11 8 -8 -4 -7 -1 13 -13
right_child=1 2 9 4 -6 10 7 -9 -10 -11 -12 12 -14 -15
leaf_value=0.003696912797095621 -0.0027725301964312533 0.018827937174299311 -0.010393865096467662 -0.00139197664141919 -0.015195956931967129 -0.00064245360954101811 -0.00071166861387347933 -0.0065540340483898158 0.018191353054420288 0.0026951261881845534 -0.015342689848998463 -0.0014191223059333939 0.00035407631767257655 0.0019208113557241259
leaf_weight=425.87452581524849 735.5288972556591 89.808049783110619 63.979164645075798 104.72989682853222 143.89662091434002 51.866304710507393 58.695809319615364 59.369513556361198 91.380847215652466 95.742900773882866 56.617820560932159 6938.6514487862587 18579.209322541952 1764.0740464925766
leaf_count=1716 2978 361 260 428 586 220 239 240 370 389 240 28248 75072 7185
internal_value=-3.69506e-05 -0.00251214 0.00519304 -0.00447234 -0.00943876 7.21782e-05 0.000105911 0.00592733 0.0108861 -0.00261157 -0.00845336 6.14816e-05 4.46519e-06 -0.00074182
internal_weight=29259.4 1233.69 249.53 984.155 248.627 28025.7 27917.3 209.446 150.077 159.722 108.484 27707.8 27281.9 8702.73
internal_count=118532 5002 1010 3992 1014 113530 113070 849 609 649 460 112221 110505 35433
is_linear=0
shrinkage=0.03


Tree=137
num_leaves=15
num_cat=0
split_feature=15 13 16 15 16 18 4 6 6 18 15 18 16 3
split_gain=6.06022 19.5533 22.0255 21.5898 13.4764 12.3004 11.8909 10.8723 10.7635 11.8704 10.5701 14.1031 13.2086 15.1443
threshold=-0.025661915114333574 0.58137559816878337 0.37940952255126054 -0.049197764638906787 0.12940952255126045 6.509715679537325 -0.0031523259757123552 0.023337875838234618 0.017874762016657938 4.9250369500323146 -0.027108143373377299 6.1807259817701778 -0.60355339059327362 -0.090967434156189006
decision_type=8 2 2 10 2 2 2 2 2 2 10 2 2 2
left_child=1 2 3 -1 -3 8 7 -7 9 -4 12 -12 13 -5
right_child=-2 4 5 10 -6 6 -8 -9 -10 -11 11 -13 -14 -15
leaf_value=0.0043847117623605813 0.00019393832936687478 0.017216567592338597 -0.0089224809168938161 0.0036864435574233299 -0.00067126532513741221 -0.0035840119695090163 0.020707896456014126 0.014159251359561194 -0.0060939943899785895 0.0065854107843757465 -0.0065821708262421043 -0.02715271460638578 -0.0021834901239711313 -0.012994043507056286
leaf_weight=179.02669149637222 27329.7618714571 77.943861961364746 54.670989826321602 58.439492881298065 71.809121370315552 75.601479157805443 50.210363104939461 50.072906881570816 188.09857271611691 205.44577004015446 75.878755122423172 49.624762684106827 436.30131043493748 278.1496297866106
leaf_count=723 110734 317 221 236 293 304 203 202 760 829 307 200 1765 1124
internal_value=8.13742e-05 -0.00157879 -0.00249644 -0.0050908 0.00874324 0.00198429 0.00865929 0.00359656 -0.000661883 0.00328277 -0.00698456 -0.0150142 -0.00564531 -0.0100933
internal_weight=29181 1851.27 1701.52 1077.42 149.753 624.1 175.885 125.674 448.215 260.117 898.394 125.504 772.89 336.589
internal_count=118218 7484 6874 4355 610 2519 709 506 1810 1050 3632 507 3125 1360
is_linear=0
shrinkage=0.03


Tree=138
num_leaves=15
num_cat=0
split_feature=15 18 15 13 5 7 15 18 17 6 7 10 6 1
split_gain=9.80092 11.0285 17.6871 14.4133 10.9608 8.15756 6.98281 14.0819 14.676 19.1179 14.5728 13.8279 20.2039 13.9343
threshold=0.065327304404409606 4.9910314647596659 0.080748876500224678 0.23386241639202435 0.081659257791850029 1.0262769372104505 0.0019689681574797118 7.4637569259621861 1.0000000180025095e-35 0.012337354226388599 1.4077617167991991 0.38653032143175203 0.014126409550744403 0.012726013859138742
decision_type=10 2 10 2 2 2 10 2 2 2 2 2 2 2
left_child=6 -2 3 -3 5 -4 -1 10 9 -9 11 12 -8 -13
right_child=1 2 4 -5 -6 -7 7 8 -10 -11 -12 13 -14 -15
leaf_value=0.00017268240718119711 0.016405360003595274 0.019060794331132298 -0.0014451644495507335 0.0016559439197802194 0.0046770044389804876 -0.017580306211876773 -0.00084406102524558937 -0.0078047784064290615 -0.013835864347182017 0.014423100146293319 0.0036705278426151754 -0.00065640342682820305 0.0089298678429803602 -0.0038888340996492033
leaf_weight=20752.503423288465 57.984673112630844 75.503483533859253 55.301263928413391 96.637071952223778 79.540831729769707 56.385787427425385 536.61238560080528 106.98654405772686 149.05906608700752 49.181775614619255 650.56463034451008 4595.9324133694172 292.71809831261635 1623.0215112864971
leaf_count=84055 234 305 225 393 323 228 2164 433 604 200 2630 18555 1188 6673
internal_value=-5.09534e-05 0.00448043 0.00249812 0.00942121 -0.00376697 -0.00975705 -0.000117656 -0.000870284 -0.00716879 -0.000710736 -0.000618777 -0.00101561 0.0026189 -0.00150098
internal_weight=29177.9 421.353 363.368 172.141 191.228 111.687 28756.6 8004.08 305.227 156.168 7698.85 7048.28 829.33 6218.95
internal_count=118210 1708 1474 698 776 453 116502 32447 1237 633 31210 28580 3352 25228
is_linear=0
shrinkage=0.03


Tree=139
num_leaves=15
num_cat=0
split_feature=13 14 13 10 3 11 10 10 6 12 13 6 3 13
split_gain=11.0809 14.7239 10.8833 8.51342 25.9293 14.0082 16.9843 10.3891 10.8604 16.7912 7.33513 20.2507 12.659 12.2222
threshold=11.518131848571135 -0.033345589253034928 0.0027656282079285836 0.24159057310684134 -0.10357127886070903 46.418839919999336 0.22816053522674731 0.048338663336486072 0.019571981820402217 -0.046709771631115941 1.8079501277464378 0.071861990574579246 0.43334458309798213 0.87359046014016351
decision_type=2 10 2 2 2 2 2 2 2 2 2 2 2 2
left_child=2 -2 -1 4 -4 -6 7 -7 9 -9 13 -12 -13 -5
right_child=1 -3 3 10 5 6 -8 8 -10 -11 11 12 -14 -15
leaf_value=0.0056905341968315239 0.0020414192732717469 -0.019463848096624499 -0.0095635017985105271 -0.00010668810851412032 0.011158079640996965 -0.010587062019000745 0.015743770815489163 0.010640297598333065 -0.01089173811609245 -0.0020859234267035886 0.012367183726190882 0.0058230722379745458 -0.0042710287425831604 -0.0035515375136137765
leaf_weight=297.12285630404949 53.533055499196053 58.809456050395966 129.30796557664871 26263.264182254672 223.58389486372471 66.354539781808853 71.428435236215591 171.08862793445587 49.667836755514145 201.27533408999443 155.39348654448986 188.31624644994736 269.09164154529572 958.86102484166622
leaf_count=1211 219 246 524 106168 900 270 289 691 204 811 633 772 1102 4078
internal_value=-3.90014e-05 -0.00935977 -2.30753e-06 -6.1538e-05 0.00278628 0.0048439 0.00229135 0.00026769 0.00201623 0.00378695 -0.000155111 0.00308539 -0.000107998 -0.00022828
internal_weight=29157.1 112.343 29044.8 28747.6 912.707 783.399 559.815 488.386 422.032 372.364 27834.9 612.801 457.408 27222.1
internal_count=118118 465 117653 116442 3689 3165 2265 1976 1706 1502 112753 2507 1874 110246
is_linear=0
shrinkage=0.03


Tree=140
num_leaves=15
num_cat=0
split_feature=13 1 16 7 18 7 7 7 18 13 16 15 12 18
split_gain=10.0463 8.95808 13.2389 12.0071 10.0083 10.6981 9.29057 15.7848 8.7457 7.93915 14.9339 22.4029 13.8705 21.2231
threshold=11.518131848571135 -0.05940051006713442 0.60355339059327384 1.4875063394645116 4.9910314647596659 1.0108769861450178 0.58772528844970018 0.69589129185446519 6.783802202815183 0.017686603401008919 0.12940952255126045 0.020567258959094396 -0.16277817028228778 6.2456361923767254
decision_type=2 2 2 2 2 2 2 2 2 2 2 10 2 2
left_child=1 2 3 4 -1 6 -6 -8 -4 10 -3 12 13 -12
right_child=-2 9 8 -5 5 -7 7 -9 -10 -11 11 -13 -14 -15
leaf_value=0.012848671700860478 -0.0089071906903638118 0.0027844417008654355 0.0052170353940524487 -0.0074785626205034535 0.0094675099019758853 0.0064593174469383518 -0.018445126705552324 -0.00083115722578234238 0.01767256207954709 -0.00030760853178329011 -6.8402321417216708e-05 -0.016556468477744651 0.0010206891442762634 -0.016836406509044426
leaf_weight=71.647119715809822 112.40939810872078 2215.6920765787363 198.91034346818924 130.68159219622612 50.39762607216835 204.20318493247032 54.869700089097023 236.10508368909359 67.534312680363655 23986.117039516568 188.52525764703751 76.480718910694122 1463.7580565661192 104.21900463104248
leaf_count=288 466 8925 798 524 202 819 220 947 271 97307 759 308 5893 419
internal_value=-3.48208e-05 1.22787e-07 0.00276691 0.000713605 0.00246665 0.00106129 -0.00218654 -0.0042559 0.00848222 -0.000100175 0.0011283 -0.000874482 -0.000173611 -0.00611167
internal_weight=29161.6 29049.1 1014.35 747.904 617.223 545.576 341.372 290.975 266.445 28034.8 4048.68 1832.98 1756.5 292.744
internal_count=118146 117680 4069 3000 2476 2188 1369 1167 1069 113611 16304 7379 7071 1178
is_linear=0
shrinkage=0.03


Tree=141
num_leaves=15
num_cat=0
split_feature=12 7 6 13 14 7 13 13 15 15 17 14 13 14
split_gain=9.10328 16.0429 27.8602 7.56217 15.0688 7.45844 10.7893 10.786 13.6532 9.3553 10.8662 10.685 9.34609 9.91745
threshold=-0.007479455033291337 1.2358687128231436 0.011827101769622676 11.518131848571135 -0.039989830873599523 1.6197026017204801 0.1787134541499921 0.13366509930313811 0.018474490812105952 -0.022409602070189379 0.1294095225512602 0.13462648358819257 0.093901418160701536 -0.11393284991187679
decision_type=2 2 2 2 10 2 2 2 8 10 2 10 2 10
left_child=3 -2 -3 5 -5 -1 7 8 -7 10 -8 -11 13 -10
right_child=1 2 -4 4 -6 6 9 -9 12 11 -12 -13 -14 -15
leaf_value=0.00022886924388609863 -0.0045863601788931896 0.015536790040746753 -0.0049316845584982125 0.0046869379930597364 -0.017247358160289526 0.0039884166940384966 0.0015549759150936893 -0.013607164706453824 -0.0059990021068247615 0.0092518672530040365 -0.0086301132660282186 -0.0011061727551909075 0.0036116115436255637 -0.020181174033425005
leaf_weight=26640.988428041339 864.78743521869183 105.59491635859013 133.28678996860981 49.089579507708549 62.088633120059967 159.79276867210865 213.55358728766441 107.36952047049999 203.43270461261272 168.96440827846527 166.07243330776691 187.6132355928421 62.711323916912079 55.967414498329163
leaf_count=107928 3511 425 542 201 260 644 868 433 820 684 675 758 253 226
internal_value=-1.69209e-05 -0.00268698 0.00417005 8.82171e-05 -0.00765082 0.000119528 -0.00207518 -0.00509314 -0.0031478 0.000347725 -0.0029225 0.00382621 -0.00669069 -0.0091899
internal_weight=29181.3 1103.67 238.882 28077.6 111.178 27966.5 1325.48 589.274 481.904 736.204 379.626 356.578 322.111 259.4
internal_count=118228 4478 967 113750 461 113289 5361 2376 1943 2985 1543 1442 1299 1046
is_linear=0
shrinkage=0.03


Tree=142
num_leaves=15
num_cat=0
split_feature=10 3 5 10 17 6 15 17 3 14 1 17 10 14
split_gain=7.66901 20.4376 16.1919 11.576 11.7531 15.2541 10.7873 7.78633 7.92056 7.46678 6.76211 11.5437 13.8105 12.7838
threshold=0.24159057310684134 -0.10723088302855731 -0.032821869984456957 0.19570537667035851 0.1294095225512602 0.0092689555394461134 -0.0010108487091442517 0.78656609248549303 -0.0086450430675255579 -0.0017157473276241395 -0.0089412967445445784 -0.37940952255126015 0.56133935200721996 -0.057567451804127139
decision_type=2 2 2 2 2 2 8 2 2 8 2 2 2 8
left_child=1 -1 -3 6 5 -5 -4 8 -8 -10 11 12 -2 -13
right_child=10 2 3 4 -6 -7 7 -9 9 -11 -12 13 -14 -15
leaf_value=-0.0082630749603784335 -0.0055668029776675433 0.01758212488871257 0.011090305159665878 0.0024452451721077326 0.0010294506056832435 0.021556463098244581 0.0028262173516961464 0.0061686929586600991 -0.016161463989434532 -0.0036446811398861321 -0.00043601749409594837 -0.0019904730549364386 7.6267127103683827e-05 0.0023071983206990479
leaf_weight=131.54385028779507 471.1374833881855 74.209002643823624 64.654327422380447 66.770716771483421 128.42661936581135 85.718162208795547 94.727179765701294 80.31493878364563 61.620672091841698 136.8893368691206 21154.839670658112 748.74060863256454 2229.5745572149754 3666.1576723456383
leaf_count=533 1898 300 261 269 518 347 383 325 248 555 85916 3008 8979 14745
internal_value=-7.89069e-05 0.0026063 0.00442482 0.00302206 0.00775257 0.0133282 -3.1908e-05 -0.00200575 -0.00427127 -0.00765254 -0.000166932 0.000632961 -0.000911554 0.00157777
internal_weight=29195.3 924.875 793.331 719.122 280.915 152.489 438.206 373.552 293.237 198.51 28270.4 7115.61 2700.71 4414.9
internal_count=118285 3739 3206 2906 1134 616 1772 1511 1186 803 114546 28630 10877 17753
is_linear=0
shrinkage=0.03


Tree=143
num_leaves=15
num_cat=0
split_feature=12 6 3 5 14 2 17 2 1 6 13 18 14 14
split_gain=9.32923 11.4033 15.0498 16.1134 9.88564 9.78467 9.99531 13.1219 9.65028 8.92026 9.41981 8.61891 14.4366 13.1165
threshold=-0.39298522344820241 0.14237317702913324 -0.00089922128233463339 -0.091036413402641722 -0.14126046250384136 -0.11302055789701936 0.1294095225512602 0.039985186150429015 -0.0065862935951148662 0.075503481381730436 0.085110099518911589 5.7969172602876133 -0.076753613407370899 0.052136060592682394
decision_type=2 2 2 2 8 2 2 2 2 2 2 2 8 8
left_child=1 2 4 -4 -1 9 8 -8 -7 10 -6 13 -13 -2
right_child=11 -3 3 -5 5 6 7 -9 -10 -11 -12 12 -14 -15
leaf_value=0.006049791375234031 0.00013901771095170242 -0.0048063198055526253 0.023755817107233044 0.0056744807885140743 -0.0015658474970424259 -0.0069237960717568126 0.0085232792209371418 -0.0052198683041670933 0.0024406232953068266 0.0030605861819774159 -0.016823419104845926 -0.0043597252489255842 0.00052840263008207178 -0.0019762820164336073
leaf_weight=302.35013942420483 6447.9182981103659 188.91032920777798 49.571793362498283 336.73559488356113 67.105379894375801 176.92017649114132 259.03823526203632 80.723335132002831 220.19425840675831 69.088126257061958 78.819874539971352 561.0698651522398 15877.812610596418 4463.0039818584919
leaf_count=1222 26097 771 200 1372 270 714 1053 330 908 281 321 2277 64300 18108
internal_value=6.59974e-05 0.00213886 0.00294349 0.00810512 0.00134332 -0.000161152 0.00148412 0.00524663 -0.00174515 -0.00576141 -0.00992309 -7.2805e-05 0.000361058 -0.000726428
internal_weight=29179.3 1829.46 1640.55 386.307 1254.24 951.889 736.876 339.762 397.114 215.013 145.925 27349.8 16438.9 10910.9
internal_count=118224 7442 6671 1572 5099 3877 3005 1383 1622 872 591 110782 66577 44205
is_linear=0
shrinkage=0.03


Tree=144
num_leaves=15
num_cat=0
split_feature=18 12 6 12 4 4 6 7 7 12 12 15 13 13
split_gain=7.51694 16.6083 8.44071 10.2569 10.6119 7.63342 7.60048 7.57549 14.9508 18.7625 13.0256 12.8246 10.1239 11.9125
threshold=7.942518999330642 -0.016041537896755716 0.0091874494144230847 -0.13166645746707509 -0.0063415164803940485 -0.00086696419889376031 0.02646302242622332 1.2419100436374426 1.2626187543361163 -0.121007468585741 -0.01036761889090698 0.057047682931192341 0.005610712848096778 0.25601614499148601
decision_type=2 2 2 2 2 2 2 2 2 2 2 10 2 2
left_child=7 2 -2 6 -5 -6 -4 10 9 -9 -1 -12 -10 -14
right_child=1 -3 3 4 5 -7 -8 8 12 -11 11 -13 13 -15
leaf_value=9.1911396479712988e-05 -0.0094551183013106745 -0.016887569328105208 -0.015074509725944037 -0.0065360646626888624 0.015094575062965729 0.0029609877057046041 0.00087976150836278932 -0.004400288859305759 0.010553709836758714 0.011550642524695807 -0.00350629133841275 0.0098366229510359685 -0.00060925780891807379 0.0028409699469096367
leaf_weight=22628.175890207291 93.034045681357384 69.382618188858032 54.435394763946533 72.849244713783264 64.161135286092758 163.07476264238358 50.905738204717636 89.215444311499596 90.958476200699806 247.38624750077724 1351.5889455080032 66.194427743554115 2702.9661976248026 1348.2995207905769
leaf_count=91723 376 282 220 293 258 662 207 362 369 998 5477 269 10904 5474
internal_value=5.99114e-05 -0.00335178 -0.00140773 0.000476277 0.0033045 0.00648877 -0.00749192 0.000128058 0.00126057 0.00732187 -8.29718e-05 -0.00287035 0.000764726 0.000539846
internal_weight=29092.6 567.843 498.46 405.426 300.085 227.236 105.341 28524.8 4478.83 336.602 24046 1417.78 4142.22 4051.27
internal_count=117874 2298 2016 1640 1213 920 427 115576 18107 1360 97469 5746 16747 16378
is_linear=0
shrinkage=0.03


Tree=145
num_leaves=15
num_cat=0
split_feature=0 6 1 7 17 11 6 6 15 3 1 16 0 12
split_gain=10.417 9.05215 7.28217 10.5124 15.5515 24.0607 21.135 35.5342 24.5557 18.6942 16.45 15.9145 15.3995 14.4391
threshold=0.084048364405460638 0.083409049970581461 -0.0082404083334597349 0.77792844977801401 -0.78656609248549325 39.816467569754259 0.0048614378942083859 0.0066696312779620818 0.0038717234569891627 -0.0045719081489725691 -0.0034487427124751942 -1.0000000180025095e-35 0.0047710083872134499 -0.64838665738557177
decision_type=2 2 2 2 2 2 2 2 8 2 2 2 2 2
left_child=2 -2 -1 4 5 -4 8 -8 -6 -10 -9 -11 -12 -5
right_child=1 -3 3 13 6 -7 7 10 9 11 12 -13 -14 -15
leaf_value=0.00092816843497285824 -0.00015176523245827392 -0.012439051259225507 -0.0083800727649119659 0.011962389927714026 0.013699737965028486 0.0048201106204039355 -0.0077338862594883316 0.0044622515669977183 -0.010168790720539948 -0.002091693751642885 -0.0018415580686854849 0.012133465419845819 0.0023590796177386884 -0.00068442676711298384
leaf_weight=7622.1114877015352 104.87698316574097 109.25955660641193 135.44955840706825 79.717073991894722 207.15603888034821 1310.9054015874863 550.76448221504688 724.36897952854633 99.289327561855316 144.12471476197243 2434.6514192223549 136.15202833712101 1157.1296407431364 14341.398058339953
leaf_count=30673 439 462 546 327 834 5320 2218 2919 398 578 9865 546 4752 58262
internal_value=8.34308e-05 -0.00647824 0.000132422 -0.000152111 0.000810779 0.00357406 7.68884e-05 -0.000572311 0.00544571 0.000892702 0.000344704 0.00485557 -0.000487719 -0.000612869
internal_weight=29157.4 214.137 28943.2 21321.1 6899.99 1446.35 5453.64 4866.91 586.722 379.566 4316.15 280.277 3591.78 14421.1
internal_count=118139 901 117238 86565 27976 5866 22110 19754 2356 1522 17536 1124 14617 58589
is_linear=0
shrinkage=0.03


Tree=146
num_leaves=15
num_cat=0
split_feature=1 2 10 13 10 15 18 6 15 13 15 3 3 11
split_gain=7.80386 9.19209 8.19452 7.35811 7.04715 15.0395 15.1475 14.3202 17.8191 20.9743 16.4302 14.0576 12.556 17.3974
threshold=0.13440996462098478 0.16163817842589381 2.3970499439648338 0.0036886029634298771 0.39328060288202471 0.0079548311011938839 6.3533999748771182 0.023337875838234618 0.026940542473562704 0.083994343407425079 0.012182405562084499 0.029473019643109003 -0.080813886607393956 46.418839919999336
decision_type=2 2 2 2 2 10 2 2 10 2 10 2 2 2
left_child=3 -2 -3 -1 5 6 12 8 9 10 -7 -11 -5 -14
right_child=1 2 -4 4 -6 7 -8 -9 -10 11 -12 -13 13 -15
leaf_value=0.0040804628396910927 -0.011058616373172857 0.0031519580658025182 -0.009275875816506067 -0.0052302713406851857 -8.6753555362666378e-05 0.0030737847170738382 0.0070574708759265255 0.019084555887273418 -0.0080291419752818016 -0.0082767218696798601 0.020686924259394633 0.011052621024065188 0.0049798943800565786 -0.001668411226622125
leaf_weight=414.97458477318287 119.62014323472977 150.18363511562347 67.598536193370819 395.16970770061016 25693.697857648134 81.219743117690086 272.28683018684387 65.781039610505104 84.213125541806221 93.733991593122482 116.20695741474628 50.42232708632946 555.69183196127415 969.2626728862524
leaf_count=1689 512 627 279 1600 104071 327 1103 268 341 379 469 204 2237 3925
internal_value=7.09244e-05 -0.00445154 -0.000754888 0.000124226 6.6089e-05 0.00152822 0.000462651 0.00625947 0.00419817 0.00724186 0.0135445 -0.00145707 -0.00047891 0.000757574
internal_weight=29130.1 337.402 217.782 28792.7 28377.7 2683.99 2192.41 491.577 425.796 341.583 197.427 144.156 1920.12 1524.95
internal_count=118031 1418 906 116613 114924 10853 8865 1988 1720 1379 796 583 7762 6162
is_linear=0
shrinkage=0.03


Tree=147
num_leaves=15
num_cat=0
split_feature=7 11 10 12 6 7 11 1 6 15 17 0 17 15
split_gain=8.73631 15.5833 8.57125 13.4439 22.2169 16.2521 10.5296 12.0573 9.80852 19.8411 14.8411 14.8367 15.569 14.0249
threshold=1.6507230785302809 84.561541085741325 1.9992652027355411 -0.10193913903552819 0.028273169271069491 1.3695367087395554 62.509980314223817 0.0086230299061577104 0.015526725360126526 0.057047682931192341 -0.78656609248549325 -0.0056130666509366369 -0.70710678118654757 -0.023736017320735488
decision_type=2 2 2 2 2 2 2 2 2 10 2 2 2 8
left_child=1 2 8 4 -4 -5 -7 -8 9 10 13 -12 -13 -1
right_child=-2 -3 3 5 -6 6 7 -9 -10 -11 11 12 -14 -15
leaf_value=-0.0053791403301745831 -0.0024702387366678622 0.013077218613865557 0.012272099859866433 -0.0018571252184096472 0.00010224033783670942 0.00066599011060603235 0.022997461220649468 0.0057627669304206588 -0.0007561599987418677 0.0098496299498776977 0.0025314420079575778 -0.005806459867937608 -0.00036817178736948253 0.0026881549694986744
leaf_weight=206.26745718717575 1266.0406827479601 80.72417114675045 259.82983596622944 889.1084205955267 278.79311698675156 189.40187834203243 50.17145100235939 128.95990034937859 11491.387158930302 195.94920682907104 1527.3627319484949 497.35699519515038 9259.1009697318077 2849.0700358301401
leaf_count=833 5124 328 1049 3596 1144 764 202 523 46806 791 6153 2011 37379 11492
internal_value=-3.48474e-05 7.58207e-05 3.71615e-05 0.00204029 0.00599662 0.000339044 0.00561886 0.0107905 -0.000101234 0.00041658 0.000286318 -0.000215995 -0.000646534 0.00214037
internal_weight=29169.5 27903.5 27822.8 1796.26 538.623 1257.64 368.533 179.131 26026.5 14535.1 14339.2 11283.8 9756.46 3055.34
internal_count=118195 113071 112743 7278 2193 5085 1489 725 105465 58659 57868 45543 39390 12325
is_linear=0
shrinkage=0.03


Tree=148
num_leaves=15
num_cat=0
split_feature=7 16 16 6 15 14 3 5 15 7 15 18 15 15
split_gain=7.02681 12.8494 10.8962 6.06999 15.85 21.0611 10.8932 14.1602 13.885 13.8645 16.3898 10.5936 12.559 16.8351
threshold=0.22990153890163703 -0.60355339059327362 0.60355339059327384 0.0082367934719860016 0.057047682931192341 -0.047207656187624229 -0.064626578496840711 -0.0047276971969603112 -0.020975635861805838 0.65872294722017011 0.0027756458356100748 7.7486544584267447 0.044449558028073717 0.026412622117530486
decision_type=2 2 2 2 10 8 2 2 10 2 8 2 10 10
left_child=1 -1 -3 4 5 -2 8 9 -7 10 -8 12 13 -9
right_child=3 2 -4 -5 -6 6 7 11 -10 -11 -12 -13 -14 -15
leaf_value=-0.0064499827738477488 -0.016162970257789174 0.015594884249071283 0.0002483709265253588 -0.00034026874650420168 0.016429937261352848 -0.0034252623466713254 0.0012208078430484758 0.0019693468860724097 0.016072788510630379 -0.00038435702934951597 -0.012546669827583623 -0.0080404464282675548 0.015904700859586268 -0.0090617672849187484
leaf_weight=62.053536310791969 64.7750433832407 99.896918907761574 70.522523671388626 23114.912318706512 55.409870967268944 50.707991436123848 125.59272144734859 3640.3129621446133 88.378084227442741 1300.3673089295626 201.20595103502274 99.039084926247597 54.036420613527298 126.96609355509281
leaf_count=250 261 402 284 93804 223 205 506 14664 357 5237 809 401 218 513
internal_value=-8.05038e-05 0.00509201 0.00932078 -0.00012243 0.000744534 0.000587759 0.000784179 0.000574607 0.0090164 -0.00177659 -0.00728042 0.0015509 0.00180355 0.00159296
internal_weight=29154.2 232.473 170.419 28921.7 5806.79 5751.38 5686.61 5547.52 139.086 1627.17 326.799 3920.35 3821.32 3767.28
internal_count=118134 936 686 117198 23394 23171 22910 22348 562 6552 1315 15796 15395 15177
is_linear=0
shrinkage=0.03


Tree=149
num_leaves=15
num_cat=0
split_feature=4 14 12 2 11 6 11 18 3 6 18 7 7 1
split_gain=8.98163 13.9697 16.8691 13.5336 10.5037 10.3119 14.7393 13.7428 11.7345 10.1825 10.2299 11.8432 10.0665 9.90575
threshold=-0.016362473166944998 -0.045112291590919888 -0.442411188130866 -0.025614689126284503 29.140933888772512 0.013598498720514038 39.051228458880438 5.5317210469676317 -0.064626578496840711 0.012337354226388599 6.2534570486596355 1.0500033249689402 1.1728140421874904 0.0010015861541206041
decision_type=2 10 2 2 2 2 2 2 2 2 2 2 2 2
left_child=1 -1 -3 5 -5 7 -7 8 -2 10 11 -9 13 -10
right_child=3 2 -4 4 -6 6 -8 9 12 -11 -12 -13 -14 -15
leaf_value=7.0824592498648395e-05 0.006326799690762816 -0.0082285041131547297 0.0042656158689430169 -0.013431955856444739 -4.839375542590363e-05 -0.019437907709173516 -0.0034057916595037663 0.0013643553830370656 -0.0036406180840533324 0.012876995974623202 -0.0035249905597234932 0.018779228313053436 0.0063776267190998681 -0.014662119614989789
leaf_weight=3898.5565736591816 86.042436420917511 102.40311792492867 1451.9011543542147 50.90784578025341 21284.195247665048 51.659363016486168 1439.843592569232 109.89637365937233 192.66303505003452 89.392086952924728 171.19961577653885 49.914612486958504 50.222386106848717 118.46383023262024
leaf_count=15722 347 413 5850 205 86314 210 5897 442 775 360 688 201 203 480
internal_value=-6.74603e-05 0.00103008 0.00343294 -0.000320107 -8.15844e-05 -0.00247516 -0.00398636 0.000125368 -0.00352669 0.00401018 0.00155267 0.00696852 -0.00589486 -0.00790398
internal_weight=29147.3 5452.86 1554.3 23694.4 21335.1 2359.3 1491.5 867.794 447.392 420.403 331.011 159.811 361.349 311.127
internal_count=118107 21985 6263 96122 86519 9603 6107 3496 1805 1691 1331 643 1458 1255
is_linear=0
shrinkage=0.03


Tree=150
num_leaves=15
num_cat=0
split_feature=6 12 15 16 5 5 11 15 4 15 18 5 18 15
split_gain=9.18847 12.0088 11.0283 13.0171 11.3221 10.815 12.9431 10.2337 10.1175 10.2946 9.83839 25.3178 18.7513 12.8578
threshold=0.025528549923779512 -0.0089692635143855375 -0.029240340034474063 0.91597561503675362 0.17735483479489492 0.010081172232652593 50.905414094786842 -0.030699410695284698 -0.050223868013445021 -0.022727485165491054 4.7559478896499483 -0.049941067628213646 5.0713738052652175 0.017176272779922733
decision_type=2 2 8 2 2 2 2 10 2 10 2 2 2 10
left_child=2 10 3 5 8 6 7 -1 9 -4 11 -2 13 -12
right_child=1 -3 4 -5 -6 -7 -8 -9 -10 -11 12 -13 -14 -15
leaf_value=-0.0026662501405822158 0.0063451123473621963 -0.013615224478915488 0.00035334289275875422 0.0076321184405645165 0.012958359842075598 -0.014195134942014314 0.009782990235505433 -0.013127352377286959 0.00029854326005479293 0.015621800091522985 0.0033810795888094929 -0.013912741739030761 -0.0011067096976174664 0.019199127322898812
leaf_weight=602.06824238598347 84.148024842143059 65.37623319029808 80.657251164317131 92.785191431641579 62.341481328010559 83.96167379617691 63.8296187967062 96.209483832120895 21338.907995969057 76.529945254325867 397.89665342867374 155.98777018487453 5930.4755277484655 50.577143028378487
leaf_count=2430 340 270 324 374 251 341 259 388 86180 308 1623 646 24313 206
internal_value=-3.64754e-05 -0.00101291 0.00025371 -0.00292568 0.000392428 -0.00409879 -0.00295223 -0.00414097 0.000354784 0.00788999 -0.000884362 -0.00682024 -0.000658838 0.0052423
internal_weight=29181.8 6684.46 22497.3 938.854 21558.4 846.069 762.107 698.278 21496.1 157.187 6619.09 240.136 6378.95 448.474
internal_count=118253 27398 90855 3792 87063 3418 3077 2818 86812 632 27128 986 26142 1829
is_linear=0
shrinkage=0.03


Tree=151
num_leaves=15
num_cat=0
split_feature=0 3 18 12 14 5 13 18 13 7 11 2 18 17
split_gain=6.22129 5.776 18.2967 12.3223 10.8005 15.5955 18.1052 10.2367 7.65919 13.5723 14.5379 18.6226 17.9947 11.9478
threshold=0.12474756944615507 0.33466551807590678 5.1372006982514309 -0.064240166418207997 -0.091652223052544043 0.2705414040561161 1.568496374592832 6.7963286133201244 0.87359046014016351 1.3364429904175028 41.703980988104469 0.072933029869409985 5.7551341724644676 0.25881904510252057
decision_type=2 2 2 2 8 2 2 2 2 2 2 2 2 2
left_child=1 8 -3 4 -4 -6 -7 -5 -1 10 -10 12 -12 -13
right_child=-2 2 3 7 5 6 -8 -9 9 -11 11 13 -14 -15
leaf_value=0.0001135531893901505 -0.0070282699943418009 0.014599705670477314 -0.0091271464357557484 0.0013136347633834781 0.0076673672545959142 0.012966272979947477 -0.00614391366468711 -0.012998992410461619 0.004456423557694481 0.0096454731577442516 -0.0013301327482315493 0.0082870613633645451 -0.012779161122669355 -0.0058624610086833555
leaf_weight=27191.323836803436 108.65547695755959 96.88492015004158 60.76424266397953 87.062101751565933 389.97152554988861 55.525415018200874 197.24703347682953 90.29997231066227 163.13852213323116 73.438054114580154 199.75048226118088 119.52773420512676 324.06212702393532 94.377472296357155
leaf_count=109944 463 392 249 356 1589 226 806 371 671 305 835 491 1453 388
internal_value=7.16422e-05 9.85933e-05 0.00236298 0.000987068 0.00277001 0.00391958 -0.00187723 -0.00603702 1.9824e-05 -0.00259091 -0.00360758 -0.00539808 -0.00843486 0.00204765
internal_weight=29252 29143.4 977.755 880.87 703.508 642.744 252.772 177.362 28165.6 974.294 900.856 737.718 523.813 213.905
internal_count=118539 118076 3989 3597 2870 2621 1032 727 114087 4143 3838 3167 2288 879
is_linear=0
shrinkage=0.03


Tree=152
num_leaves=15
num_cat=0
split_feature=13 18 14 18 14 18 2 10 15 14 3 3 15 15
split_gain=8.41545 11.345 10.9766 8.99252 9.91554 16.9404 11.7435 9.41539 23.7482 13.396 12.5532 10.7254 9.64591 26.0214
threshold=0.0036886029634298771 6.3774398697901988 -0.040925544461369194 5.9287018829556883 0.30167833597128008 5.3856863843076104 0.35093638637657359 0.59170893848199568 0.020219564745488586 7.6884995126924607e-05 0.0014675784207530964 0.052702903922509765 -0.0044726559755714481 -0.002187783604441051
decision_type=2 2 8 2 10 2 2 2 10 8 2 2 10 10
left_child=1 2 -1 4 6 -6 -2 8 9 10 -5 -11 -9 -14
right_child=3 -3 -4 7 5 -7 -8 12 -10 11 -12 -13 13 -15
leaf_value=-0.0034913834142999375 -0.00073063886330432465 -0.0048418733618746622 0.0097114460618451873 0.0032432368372394371 0.020504754767603574 -0.0033266463224413617 -0.014558498558838499 0.00060473369635349352 -0.0080685269742171942 4.5098081619945145e-05 0.011247550203708819 0.0072217643011411219 -0.0092468632573970977 -0.00045234963626579998
leaf_weight=71.69999173283577 12904.62914916873 96.362920001149178 253.48671196401119 477.13508573174477 50.676584243774414 53.768906950950623 53.51930969953537 9047.7228380143642 186.87994407117367 1125.0544802993536 280.06717327237129 222.88635563850403 325.39963825047016 4032.9514307677746
leaf_count=291 52303 391 1036 1925 205 219 221 36651 758 4547 1129 908 1316 16356
internal_value=-7.19127e-05 0.00412601 0.00679682 -0.000133725 -0.000715198 0.00840427 -0.000789988 0.000350156 0.00212615 0.00303796 0.00622563 0.00124072 4.62441e-05 -0.0011129
internal_weight=29182.2 421.55 325.187 28760.7 13062.6 104.445 12958.1 15698.1 2292.02 2105.14 757.202 1347.94 13406.1 4358.35
internal_count=118256 1718 1327 116538 52948 424 52524 63590 9267 8509 3054 5455 54323 17672
is_linear=0
shrinkage=0.03


Tree=153
num_leaves=15
num_cat=0
split_feature=13 14 12 6 14 18 12 3 3 6 12 15 13 12
split_gain=8.02021 10.1753 10.3222 11.3188 10.3192 8.73006 14.0263 25.5321 23.5682 29.8683 17.3853 14.3988 23.7801 34.2402
threshold=0.004432255034453437 7.6884995126924607e-05 -0.23853532422223692 0.0048614378942083859 -0.039989830873599523 5.9287018829556883 -0.14201780632109409 -0.045081114091171763 0.014926174306487018 0.017158802958564232 -0.15199629872463868 0.040523658161721883 0.063968293522398759 -0.10415142649810254
decision_type=2 10 2 2 10 2 2 2 2 2 2 8 2 2
left_child=1 2 -1 -4 -5 -2 8 -8 -7 -10 -11 12 13 -9
right_child=5 -3 3 4 -6 6 7 11 9 10 -12 -13 -14 -15
leaf_value=-0.0071759954439631199 -0.00057513456330344484 -0.0090095009566800218 -0.0038553119970957529 0.0047898842484553165 0.015444844380119378 -0.0023858220231926888 0.0066570315581284747 0.014709589420799028 0.017183972637407351 0.0020819020967464256 -0.00993612002996953 0.0017300310319011234 -0.002362727839712538 0.00073905110090517301
leaf_weight=53.213104292750359 12984.303743511438 49.21207095682621 74.807592630386353 215.5043524056673 132.73798711597919 3121.5326263606548 684.23954695463181 169.57753878831863 109.35758936405182 1202.9012048095465 117.05155591666698 5533.6641371548176 2730.5166716426611 1982.6455284655094
leaf_count=214 52636 200 301 875 546 12738 2758 683 440 4922 477 22344 11066 7980
internal_value=6.74399e-05 0.00373308 0.00508194 0.0066503 0.00891619 -8.16417e-08 0.000476989 0.00105196 -0.000925367 0.00226306 0.00100274 0.000682568 -0.000504756 0.00185245
internal_weight=29161.3 525.475 476.263 423.05 348.242 28635.8 15651.5 11100.6 4550.84 1429.31 1319.95 10416.4 4882.74 2152.22
internal_count=118180 2136 1936 1722 1421 116044 63408 44831 18577 5839 5399 42073 19729 8663
is_linear=0
shrinkage=0.03


Tree=154
num_leaves=15
num_cat=0
split_feature=10 6 1 15 11 17 6 10 13 15 10 17 12 15
split_gain=6.50031 9.66242 6.57457 10.5515 15.9624 11.3194 8.86325 17.6121 18.5255 14.7179 16.1815 22.012 15.0898 14.6962
threshold=5.1808730966026841 0.028676483698195653 -0.05940051006713442 -0.006509426030333997 34.267219003336535 0.37940952255126048 0.015427605059776564 1.3334493362733515 0.018961104633420049 0.0014257057095417027 1.1912204623022011 -0.78656609248549325 -0.017019722136771161 0.047046894155371007
decision_type=2 2 2 10 2 2 2 2 2 8 2 2 2 10
left_child=2 -2 3 5 -5 -1 9 -8 -9 10 -4 -12 -13 -11
right_child=1 -3 6 4 -6 -7 7 8 -10 13 11 12 -14 -15
leaf_value=0.0080937665303709733 0.0028119033994118991 -0.014582975697997234 0.0028745989580283671 0.010081752290695151 -0.0038732646966115674 -0.00070177815773371619 -0.0013597688020178615 0.01392624500483718 0.00078764091414149128 -0.00042313173681616915 0.0071391525335064926 -0.0019180910858384065 -0.013172803123397529 0.0048872519867130945
leaf_weight=376.04106871783733 49.582817241549492 64.599182292819023 3349.941600382328 90.3819550126791 364.44957137107849 201.61920362710953 9185.6373569369316 97.542814046144485 3268.0352974087 10591.321105003357 211.42609776556492 684.00602202117443 125.37743648886681 488.75753498077393
leaf_count=1509 200 263 13520 363 1462 809 37484 392 13293 42748 853 2758 506 1974
internal_value=-2.90541e-05 -0.00711098 -7.15659e-07 0.00234791 -0.00106819 0.00503205 -8.74758e-05 -0.000679602 0.00117647 0.000393553 0.00186734 -0.00143727 -0.00368967 -0.000188044
internal_weight=29148.7 114.182 29034.5 1032.49 454.832 577.66 28002 12551.2 3365.58 15450.8 4370.75 1020.81 809.383 11080.1
internal_count=118134 463 117671 4143 1825 2318 113528 51169 13685 62359 17637 4117 3264 44722
is_linear=0
shrinkage=0.03


Tree=155
num_leaves=15
num_cat=0
split_feature=14 18 18 11 3 15 18 11 13 13 1 3 14 13
split_gain=7.09754 18.9805 18.929 20.4314 18.7295 12.4766 14.0125 11.3154 10.4563 11.4111 12.4516 11.1409 10.7121 10.1633
threshold=-0.045112291590919888 4.9759546690945227 5.4984256706959629 40.484207119317027 -0.24340364804561518 0.057047682931192341 6.1637826870596468 51.387178764777424 0.49029415634853307 0.18148917273364198 0.018176649374720636 -0.20997638956147466 -0.079504336713963494 0.012778819866285708
decision_type=8 2 2 2 2 10 2 2 2 2 2 2 10 2
left_child=1 13 -3 4 -4 7 -7 8 9 11 12 -5 -11 -1
right_child=-2 2 3 5 -6 6 -8 -9 -10 10 -12 -13 -14 -15
leaf_value=-0.0075729872079195 0.00025556899980356211 -0.0073008550560342868 0.011474939670148404 0.0049794260224524161 0.00025392960216704037 -0.0067186179980083301 0.011980224708648379 -0.016408411126953616 -0.010390396722924085 -0.0085932964280620028 0.014640490543767799 -0.0090902260133070689 0.0058297361293716109 0.0059198566338246614
leaf_weight=55.619114816188812 26248.855146810412 544.13665720820427 161.41840247809887 63.160989806056023 741.10649402439594 61.054613932967186 82.786097288131714 75.502484053373337 186.52426916360855 88.049834996461868 57.307169675827026 233.1542649269104 93.546828404068947 402.87737722694874
leaf_count=225 106378 2208 649 258 2983 247 336 318 769 358 239 946 379 1628
internal_value=0.000101245 -0.00132115 -0.002395 -0.000940703 0.00228176 -0.00402941 0.00406002 -0.00549543 -0.00431162 -0.00216237 0.00270429 -0.00607794 -0.00118092 0.00425729
internal_weight=29095.1 2846.24 2387.75 1843.61 902.525 941.087 143.841 797.246 721.743 535.219 238.904 296.315 181.597 458.496
internal_count=117921 11543 9690 7482 3632 3850 583 3267 2949 2180 976 1204 737 1853
is_linear=0
shrinkage=0.03


Tree=156
num_leaves=15
num_cat=0
split_feature=12 11 6 2 13 18 2 18 2 13 10 16 11 16
split_gain=8.62326 9.76537 10.1164 8.58869 12.6 7.62225 8.36159 6.39827 6.6331 6.5119 9.0612 5.61092 4.68751 6.32296
threshold=-0.007479455033291337 81.301159308380676 0.0053657069969023381 0.043686489021095849 0.11680104390248693 6.0920892318572841 0.081436938821823471 5.8068676941218449 0.022838254213679136 0.047596585231263762 1.1540885098455191 -1.0000000180025095e-35 49.384648518893705 0.12940952255126045
decision_type=2 2 2 2 2 2 2 2 2 2 2 2 2 2
left_child=-1 2 12 7 -5 6 -6 -4 9 10 -9 -7 -2 -14
right_child=1 -3 3 4 5 11 -8 8 -10 -11 -12 -13 13 -15
leaf_value=4.438358115297098e-05 -0.0063032933292793223 0.0070966405511930838 -0.012787130633616852 0.012090259150910929 -0.0059793656005315918 -0.0026507966836207182 0.0081152995588785887 0.00021960688270981042 -0.013047821035078294 0.0030556300464467095 -0.01560915962063009 -0.015398485443584646 0.0083068507922872941 -0.0023150446947690956
leaf_weight=28046.997685492039 50.120842039585114 83.706818982958794 152.50785242021084 50.437441796064377 78.622369885444641 60.384130716323853 69.469485878944397 70.602069020271301 71.604720786213875 99.948519498109818 58.302472084760666 64.283909499645233 115.99618993699551 86.862994596362114
leaf_count=113664 201 339 624 205 323 247 283 285 292 406 236 263 466 349
internal_value=-5.84657e-05 -0.00264599 -0.00345065 -0.0051455 -0.00139648 -0.00396024 0.000652438 -0.00780257 -0.00520466 -0.00265888 -0.00706872 -0.00936337 0.00174885 0.00378043
internal_weight=29159.8 1112.85 1029.14 776.163 323.197 272.76 148.092 452.966 300.458 228.853 128.905 124.668 252.98 202.859
internal_count=118183 4519 4180 3164 1321 1116 606 1843 1219 927 521 510 1016 815
is_linear=0
shrinkage=0.03


Tree=157
num_leaves=15
num_cat=0
split_feature=4 17 18 18 7 13 10 15 14 6 15 2 12 15
split_gain=9.91357 25.2313 11.9953 12.2411 11.5044 15.7746 15.3634 13.4774 11.4675 10.6057 10.4496 14.8036 10.3994 11.5375
threshold=-0.017716567865073859 -0.70710678118654757 4.9910314647596659 4.5813746427398252 0.86233212195226649 0.044752926625670215 1.7228815238575341 -0.024593655012705714 -0.057567451804127139 0.068643186443417561 0.01167594490659374 0.0020269767827683087 -0.37417146380056487 0.022472914908049372
decision_type=2 2 2 2 2 2 2 8 8 2 10 2 2 8
left_child=1 2 3 -1 9 7 12 -6 -3 -4 -10 -12 -7 -14
right_child=-2 8 4 -5 5 6 -8 -9 10 -11 11 -13 13 -15
leaf_value=-0.0033356031626291974 -7.7211771476371694e-05 0.00027942890387259046 -0.0086798404246655279 0.012308017248149394 -0.020398860587802728 -0.0023941068508087169 -0.0082608186620532591 -0.0028223909183707312 0.0041806548655156607 0.0037221963436745299 -0.01332572909667592 0.0075300993958596976 0.015552889135345702 0.00092534121206888165
leaf_weight=84.649941459298134 24104.267753168941 1291.2834156304598 421.23116485774517 92.535755574703217 50.325805082917213 86.352286115288734 82.149099096655846 160.70147429406643 2429.6224727630615 71.562041833996773 72.018332734704018 50.551826477050781 125.15198546648026 78.916209027171135
leaf_count=342 97798 5213 1702 374 204 350 331 648 9785 290 290 203 505 318
internal_value=0.000177007 0.00137878 -0.00231452 0.00488051 -0.00350575 -0.000650283 0.00305895 -0.00716619 0.00258395 -0.00687109 0.0037488 -0.00474133 0.00629549 0.00996008
internal_weight=29201.3 5097.05 1253.58 177.186 1076.39 583.597 372.57 211.027 3843.48 492.793 2552.19 122.57 290.42 204.068
internal_count=118353 20555 5064 716 4348 2356 1504 852 15491 1992 10278 493 1173 823
is_linear=0
shrinkage=0.03


Tree=158
num_leaves=15
num_cat=0
split_feature=1 12 12 18 14 18 5 18 7 7 11 16 4 3
split_gain=7.60108 9.82644 10.6827 9.16784 6.60116 19.8952 18.6648 17.3787 13.3316 11.6824 17.0932 14.8864 11.4352 17.0654
threshold=0.13440996462098478 -0.25720603838352973 -0.57194477671607014 5.7551341724644676 -0.046124083754922822 4.9759546690945227 -0.15704373474713204 5.6122631877495763 1.0230644666667101 1.6197026017204801 84.561541085741325 0.12940952255126045 -0.030291975005903523 -0.13552772900782137
decision_type=2 2 2 2 8 2 2 2 2 2 2 2 2 2
left_child=4 2 -2 -3 5 8 -7 -8 -1 10 12 -11 13 -6
right_child=1 3 -4 -5 9 6 7 -9 -10 11 -12 -13 -14 -15
leaf_value=0.00080469481653063976 8.836559783686584e-05 0.009409631794822914 -0.016850817470508293 -0.0045884406522829707 -0.0020668828517262459 0.0044413367373229871 -0.0082690487709375527 -0.0018910003090885621 0.011870126268672265 0.00033575094747966114 0.016376260894444449 -0.0063664797238647264 0.00012462037843033653 0.0055836572078330343
leaf_weight=298.8205461204052 53.652240514755249 60.333251103758812 87.148201674222946 127.78260247409344 385.54488122463226 302.65542927384377 515.63567328453064 1502.0775333046913 144.03955221176147 653.93210393190384 57.445703640580177 546.07980132102966 23597.352152526379 813.85333544015884
leaf_count=1207 230 250 371 534 1552 1220 2095 6097 581 2643 232 2207 95638 3276
internal_value=-3.09587e-05 -0.00455181 -0.0104853 -4.71651e-05 2.09537e-05 -0.00137273 -0.00248517 -0.00352751 0.00444089 0.000168857 0.00030853 -0.0027197 0.000269989 0.00312505
internal_weight=29146.4 328.916 140.8 188.116 28817.4 2763.23 2320.37 2017.71 442.86 26054.2 24854.2 1200.01 24796.8 1199.4
internal_count=118133 1385 601 784 116748 11200 9412 8192 1788 105548 100698 4850 100466 4828
is_linear=0
shrinkage=0.03


Tree=159
num_leaves=15
num_cat=0
split_feature=17 6 6 13 11 15 14 13 13 6 7 10 2 3
split_gain=6.83101 21.6306 12.4852 12.4198 15.0922 14.197 16.5786 11.6502 10.8608 11.4353 10.7417 10.2534 10.2203 10.0665
threshold=-0.78656609248549325 0.013598498720514038 0.013315219588924307 0.12613672304724802 39.445655675021563 0.0033746220054036162 0.019373597691925152 0.012370262518611288 1.4129243865511079 0.075503481381730436 0.90158059202776497 1.041997789744993 0.22788676173168157 -0.049083926728450404
decision_type=2 2 2 2 2 8 10 2 2 2 2 2 2 2
left_child=1 2 3 4 7 6 -6 11 12 -10 -8 -1 13 -3
right_child=-2 8 -4 -5 5 -7 10 -9 9 -11 -12 -13 -14 -15
leaf_value=-0.0018837752518607318 -0.00016994937941143488 -0.003558277835030176 0.014811052565770791 -0.0029284727194342354 0.010941723747673781 0.0026674032277095396 -0.010415200862936742 -0.0077747327289965605 0.014412988811592715 0.00029639190725741195 0.0059929417421844501 0.014044052542051965 -0.012306991528726774 0.00024508042984320314
leaf_weight=111.64850580692291 23103.746826350689 881.40262281894684 75.290880188345909 323.40947778522968 458.54142324626446 1426.1066059619188 58.503384202718735 177.83503852784634 82.8050896525383 132.30091604590416 86.354442954063416 51.676221057772636 69.905233278870583 2151.2420501857996
leaf_count=452 93630 3582 304 1307 1848 5750 236 715 339 544 349 210 285 8765
internal_value=6.5628e-05 0.000959542 0.00291596 0.00257279 0.00332511 0.00430607 0.00815737 -0.00250153 -0.00067432 0.00581329 -0.000685369 0.00326475 -0.00112757 -0.000861938
internal_weight=29190.8 6087.02 2769.37 2694.08 2370.67 2029.51 603.399 341.16 3317.66 215.106 144.858 163.325 3102.55 3032.64
internal_count=118316 24686 11171 10867 9560 8183 2433 1377 13515 883 585 662 12632 12347
is_linear=0
shrinkage=0.03


Tree=160
num_leaves=15
num_cat=0
split_feature=12 7 6 7 17 1 1 18 15 17 12 18 18 3
split_gain=6.72251 13.353 29.4626 12.5393 10.3984 9.34801 11.4536 10.9665 9.27066 8.97865 8.50099 8.48931 9.161 7.41048
threshold=-0.013786060157920664 1.0569354722266857 0.0090191896761034982 1.420693783181264 0.25881904510252057 0.049142224925638141 0.0088695139841732402 6.2372241482186572 0.065327304404409606 -0.37940952255126015 -0.0069408726719840655 6.9257221590568303 6.5592782884254364 -0.0005825328966599096
decision_type=2 2 2 2 2 2 2 2 8 2 2 2 2 2
left_child=-1 13 4 5 11 6 7 -4 -8 -5 -10 12 -3 -2
right_child=1 2 3 9 -6 -7 8 -9 10 -11 -12 -13 -14 -15
leaf_value=0.00011783994506020668 0.0027477081657624972 0.0090646505755677589 -0.0098923492258256741 -0.0052462152338611286 0.0014117710181929756 0.0040667734175263313 -0.019879404529906178 0.0057765058034163919 -0.015167609221668035 0.0079721025902728844 0.0017883529858640052 0.00077957335119017729 0.022962877202534804 -0.0040464821397265842
leaf_weight=26568.808250561357 160.50466848909855 153.79922918975353 78.74128583073616 72.907889753580093 207.00591292977333 65.275802403688431 91.653146982192993 78.207423985004425 50.867702439427376 119.56552085280418 52.824383214116096 65.261810764670372 60.210904777050018 1340.4969980865717
leaf_count=107697 646 621 319 296 834 267 376 316 207 485 216 263 242 5430
internal_value=-2.46062e-05 -0.0014807 0.00103527 -0.00335149 0.00652971 -0.00626215 -0.00818812 -0.00211013 -0.0130006 0.00296262 -0.00665926 0.0102863 0.0131513 -0.00331728
internal_weight=29166.1 2597.32 1096.32 610.043 486.278 417.57 352.294 156.949 195.345 192.473 103.692 279.272 214.01 1501
internal_count=118215 10518 4442 2482 1960 1701 1434 635 799 781 423 1126 863 6076
is_linear=0
shrinkage=0.03


Tree=161
num_leaves=15
num_cat=0
split_feature=6 10 12 7 12 12 5 13 11 12 10 1 4 10
split_gain=6.80733 11.5249 11.3388 10.5138 19.5633 18.0032 17.3518 19.9744 17.9423 14.4148 14.1229 13.1217 11.1366 10.5008
threshold=0.023847953956592702 5.1808730966026841 -0.51245649883213418 1.255156570088042 -0.14687295767166694 -0.10081363487687271 0.027225701589873256 0.25099706495146795 76.030299131948837 -0.23853532422223692 2.3970499439648338 -0.018205816888848533 0.0016158837750454016 1.3136884603595929
decision_type=2 2 2 2 2 2 2 2 2 2 2 2 2 2
left_child=2 3 -1 5 9 10 -6 -8 13 -5 -2 -11 -7 -9
right_child=1 -3 -4 4 6 12 7 8 -10 11 -12 -13 -14 -15
leaf_value=0.010509186830963638 -0.00076730495856472479 -0.012446088105363793 0.0002112198391589153 0.0012301783700684821 0.013651764528039336 0.0013143275288409076 -0.008147073988764247 -0.0038970022722706445 -0.0065675344555658158 0.00049019886401393837 0.011168048932083582 -0.011821175786337575 -0.0066948953089054214 0.0087427693793720399
leaf_weight=94.659614682197571 4537.0219502002001 73.667533114552498 21675.923887714744 499.28077058494091 150.8570364266634 195.85686248540878 128.18793897330761 67.001779690384865 102.61862652003765 129.76643319427967 89.019966840744019 192.41530629992485 759.29268601536751 445.26562409102917
leaf_count=381 18641 300 87540 2029 614 791 519 272 419 521 368 791 3129 1801
internal_value=-9.8363e-06 -0.000797759 0.000256957 -0.000676777 0.00137622 -0.00130804 0.00444283 0.00254163 0.00478914 -0.00196361 -0.000532903 -0.00689004 -0.00505326 0.00708083
internal_weight=29140.8 7370.25 21770.6 7296.58 1715.39 5581.19 893.931 743.074 614.886 821.463 4626.04 322.182 955.15 512.267
internal_count=118116 30195 87921 29895 6966 22929 3625 3011 2492 3341 19009 1312 3920 2073
is_linear=0
shrinkage=0.03


Tree=162
num_leaves=15
num_cat=0
split_feature=0 4 11 14 4 3 13 10 5 12 13 10 13 12
split_gain=6.63077 13.003 11.8075 11.6751 17.0947 13.8951 8.74462 8.82984 8.5324 11.6645 20.2037 24.335 16.5547 15.3659
threshold=-0.0051184536202491171 0.025830566369849154 62.509980314223817 -0.048512462950679007 -0.047725083615032353 -0.3642750604999318 3.0659660758705112 3.2473383646980083 -0.0038270607716358036 -0.10193913903552819 0.12799975885225248 0.58683380442946809 0.26063477763162585 -0.121007468585741
decision_type=2 2 2 8 2 2 2 2 2 2 2 2 2 2
left_child=1 3 -3 4 -1 -5 7 -7 -2 10 11 13 -12 -10
right_child=8 2 -4 5 -6 6 -8 -9 9 -11 12 -13 -14 -15
leaf_value=0.0020003533416114729 -0.00099779383262996093 -0.0061208133091490251 0.0008334368619375154 -0.010302252363358522 -0.0054330284771447928 0.0021598235558953922 0.013185187687040282 -0.0056473928344842285 -0.0055699593214295915 -0.00025164460496073979 -0.0039099001525966593 0.0083116744732646582 0.0019298447034204376 0.0091400100259698917
leaf_weight=591.34800378978252 8341.9753821194172 432.84500023722649 443.34665401279926 80.780866250395775 522.91873843967915 4866.3683005124331 61.221430838108063 132.09707717597485 235.2253649532795 10614.122237384319 633.36963745951653 717.47630517184734 1396.6103557497263 85.523792177438736
leaf_count=2376 33789 1761 1791 325 2115 19595 247 531 955 43008 2589 2907 5846 347
internal_value=1.5754e-05 0.000810726 -0.00260813 0.00129033 -0.00149157 0.0018937 0.00209241 0.00195132 -0.000241688 0.00021938 0.00184794 0.0052476 0.000105744 -0.00161539
internal_weight=29155.2 7130.93 876.192 6254.73 1114.27 5140.47 5059.69 4998.47 22024.3 13682.3 3068.21 1038.23 2029.98 320.749
internal_count=118182 28741 3552 25189 4491 20698 20373 20126 89441 55652 12644 4209 8435 1302
is_linear=0
shrinkage=0.03


Tree=163
num_leaves=15
num_cat=0
split_feature=1 7 7 6 7 3 13 6 12 10 12 7 3 6
split_gain=7.65131 8.91878 9.37115 8.96466 8.76885 15.6321 16.171 19.7206 18.8653 15.6055 13.3455 17.6758 13.2005 12.8039
threshold=-0.0082404083334597349 0.69203528165838646 1.6507230785302809 0.018386140664304201 0.78658795846537088 -0.0026364749234311087 0.24197189571426195 0.0075773957116011276 -0.0634464459026957 0.56133935200721996 -0.09417193994452959 0.53923668765515254 -0.010685971276729765 0.019571981820402217
decision_type=2 2 2 2 2 2 2 2 2 2 2 2 2 2
left_child=1 -1 -3 -4 5 6 7 8 10 -8 11 -2 -10 -7
right_child=4 2 3 -5 -6 13 9 -9 12 -11 -12 -13 -14 -15
leaf_value=-0.0011638529842608787 -0.016104825019120521 0.0016777126797880917 -0.013697747073236247 -0.0011694817941025517 -0.00071926040216958506 0.0028116359223693808 -0.01066909989774765 0.0013674283819979892 0.0046960132809081003 0.00033177354776329473 -0.015493668405932574 0.0033528758171546573 -0.0060763625728956373 -0.0013914744598193965
leaf_weight=1615.546637788415 63.597763419151306 5587.7049588859081 57.43279530107975 384.23114649951458 14333.543910771608 2962.559517160058 273.68581026792526 2186.1240559220314 237.01185429096222 200.22831131517887 165.61559550464153 115.43851806223392 177.09185840189457 834.97023431956768
leaf_count=6505 256 22498 231 1543 58291 11960 1126 8845 953 840 668 466 712 3450
internal_value=-6.30685e-07 0.000814648 0.00134499 -0.00285303 -0.000289903 0.000562877 -0.000908447 -7.91975e-05 -0.00423985 -0.00603938 -0.00940328 -0.0036605 8.21328e-05 0.00188724
internal_weight=29194.8 7644.92 6029.37 441.664 21549.9 7216.32 3418.79 2944.88 758.756 473.914 344.652 179.036 414.104 3797.53
internal_count=118344 30777 24272 1774 87567 29276 13866 11900 3055 1966 1390 722 1665 15410
is_linear=0
shrinkage=0.03


Tree=164
num_leaves=15
num_cat=0
split_feature=14 18 18 3 11 4 3 13 18 13 18 5 5 6
split_gain=6.61454 17.4498 14.8546 14.9601 24.671 13.3688 14.7599 11.9755 11.6228 11.0521 10.8736 19.3706 11.7141 18.0942
threshold=-0.045112291590919888 4.9759546690945227 5.4984256706959629 -0.24340364804561518 42.691242512976082 -0.027530845014177904 -0.20997638956147466 0.12613672304724802 5.1372006982514309 0.014887836251948896 4.8468708577568362 0.15050701531176938 -0.039344019162330594 0.023337875838234618
decision_type=8 2 2 2 2 2 2 2 2 2 2 2 2 2
left_child=1 9 7 4 -4 6 -2 8 -3 -1 11 12 -7 -14
right_child=5 2 3 -5 -6 10 -8 -9 -10 -11 -12 -13 13 -15
leaf_value=-0.0079843061298335693 -0.0033618973669000637 0.00025929465751039094 0.011151725470468256 -0.0022713579525218933 -0.0075758290624321992 0.0060649480299511081 0.0041464317482974265 -0.0023218785533871684 -0.014598916284513014 0.0056768717468696937 0.00020973835496346623 0.015034827681666503 -0.0018165048737166603 -0.01087704240901682
leaf_weight=59.44900044798851 285.36812815070152 61.157820850610733 195.12641540169716 1571.696922197938 91.588334783911705 148.66348627209663 1315.5646870136261 274.54464879631996 207.31913517415524 409.2962878793478 21778.642620518804 58.76255376636982 2523.0303802639246 213.46533896028996
leaf_count=240 1150 247 785 6382 381 602 5297 1121 837 1653 88297 237 10219 885
internal_value=1.36466e-06 -0.00136567 -0.00239936 -0.00112079 0.00515835 0.000150512 0.00280554 -0.00675489 -0.0112374 0.00391772 -2.16303e-05 -0.00173224 -0.00208391 -0.00253072
internal_weight=29193.7 2870.18 2401.43 1858.41 286.715 26323.5 1600.93 543.022 268.477 468.745 24722.6 2943.92 2885.16 2736.5
internal_count=118333 11646 9753 7548 1166 106687 6447 2205 1084 1893 100240 11943 11706 11104
is_linear=0
shrinkage=0.03


Tree=165
num_leaves=15
num_cat=0
split_feature=1 12 7 17 10 7 11 12 3 6 16 3 10 11
split_gain=7.74917 7.74437 12.2933 9.38855 7.43315 6.06373 12.6507 10.7899 8.42211 8.57483 11.2828 6.80546 7.20028 6.07577
threshold=0.13440996462098478 -0.27660966530795306 1.0813060909730472 0.37940952255126048 2.3970499439648338 0.32402060167153418 37.122792226801643 -0.24762811345024008 0.0005415251298143993 0.01263912464590476 -0.25881904510252113 0.0074042426225416911 0.25150614728889648 84.561541085741325
decision_type=2 2 2 2 2 2 2 2 2 2 2 2 2 2
left_child=5 3 -3 -2 -4 6 -1 11 -9 10 -10 12 -8 -7
right_child=1 2 4 -5 -6 13 7 8 9 -11 -12 -13 -14 -15
leaf_value=-0.0089571572197951668 -0.0041398621484884188 0.010163363589662393 0.00070786329549302966 -0.020313464322819358 -0.013664120609558073 -4.761314961525649e-05 0.014663893819679436 -0.0044045766876125662 0.00014459032433753296 -0.0052621605731954877 0.016751938156516547 0.019180086990011697 0.00049940497355577956 0.0084260251287995667
leaf_weight=67.620955020189285 95.240201786160469 62.407040596008301 70.545462623238564 48.000099331140518 57.587404251098633 28180.526467382908 54.334147810935974 132.60280506312847 69.361631765961647 49.859044671058655 76.555545449256897 54.601427093148232 76.047962069511414 74.362344622612
leaf_count=272 409 262 294 205 239 114203 221 534 279 202 308 220 307 300
internal_value=-1.4992e-05 -0.00454613 -0.000562299 -0.00976476 -0.00586214 3.77684e-05 0.00306627 0.00467863 0.0013939 0.00532615 0.00896634 0.0104323 0.00653453 -2.47171e-05
internal_weight=29169.7 333.78 190.54 143.24 128.133 28835.9 580.984 513.363 328.379 195.776 145.917 184.984 130.382 28254.9
internal_count=118255 1409 795 614 533 116846 2343 2071 1323 789 587 748 528 114503
is_linear=0
shrinkage=0.03


Tree=166
num_leaves=15
num_cat=0
split_feature=4 10 15 6 17 7 15 6 6 1 2 18 12 7
split_gain=9.31701 9.78436 5.2545 16.6374 12.9877 16.8318 12.0157 8.91628 15.3121 11.1102 9.3339 9.5701 6.0982 13.8756
threshold=0.29547526208562452 2.3241266423594902 0.057047682931192341 0.0082367934719860016 0.60355339059327384 1.0399053722246954 0.055995899857704597 0.011443048777100093 0.018960229283021521 0.014721330764746467 0.047455868139750564 6.3533999748771182 -0.0079906505663899768 1.0569354722266857
decision_type=2 2 10 2 2 2 10 2 2 2 2 2 2 2
left_child=2 -2 6 -4 7 -6 12 -5 9 -9 -10 -12 -1 -14
right_child=1 -3 3 4 5 -7 -8 8 10 -11 11 -13 13 -15
leaf_value=0.00019278854777863883 -6.7305602466230069e-05 -0.017695537550396264 0.018601388171666722 -0.0053870227164278563 -0.014963422829064779 0.0032472237574966236 -0.01270810749526081 0.023385968300235153 0.011129299751527365 0.0049376840782442361 0.005780830640298747 -0.010146709417752305 -0.0049662139505596949 0.0017513104869056135
leaf_weight=27262.673986583948 59.44082647562027 52.180834278464317 53.152768492698669 66.314447283744812 83.569714829325676 96.753099888563156 64.038429871201515 63.255919933319092 58.28379063308239 55.879902541637421 59.597734734416008 74.009849205613136 637.35107576847076 486.53733338415623
leaf_count=110497 250 217 214 268 339 391 260 255 238 227 242 302 2588 1977
internal_value=9.9414e-05 -0.00847457 0.000132927 0.00288142 0.00132198 -0.00526397 7.37198e-05 0.00448041 0.00660523 0.0149573 0.00131905 -0.00306151 0.000103448 -0.00206022
internal_weight=29173 111.622 29061.4 610.817 557.664 180.323 28450.6 377.342 311.027 119.136 191.891 133.608 28386.6 1123.89
internal_count=118265 467 117798 2476 2262 730 115322 1532 1264 482 782 544 115062 4565
is_linear=0
shrinkage=0.03


Tree=167
num_leaves=15
num_cat=0
split_feature=15 7 13 14 15 12 18 18 12 12 1 13 13 3
split_gain=7.81529 5.64564 4.95497 14.562 18.2126 25.7611 17.007 11.9874 12.4148 13.1154 11.1101 11.5218 19.6375 15.1685
threshold=-0.057197565877317828 0.13275824254043636 0.50403372394044355 0.036128435094839879 0.011154489158741844 -0.1573415514179464 5.8277165348363322 5.006932137947655 -0.17018932820433283 -0.23853532422223692 -0.0084712450415442824 1.1552197602662877 0.97143850377171259 0.026742854197878922
decision_type=8 2 2 10 10 2 2 2 2 2 2 2 2 2
left_child=-1 -2 -3 4 10 6 -6 -5 9 -9 -4 12 -12 -14
right_child=1 2 3 7 5 -7 -8 8 -10 -11 11 -13 13 -15
leaf_value=0.0095447265363538033 0.0064404155645982142 1.067283694683984e-06 0.0013204605154711481 0.01024468257926903 -0.012307826806591463 -0.020953168522452929 0.0083310217751208348 0.0014644599527492838 -0.0027044319578819779 0.014898301136199129 -0.0028824615942175664 0.00032502626771622193 -0.020179174158125441 -0.00050620348826049615
leaf_weight=73.736624002456665 116.12515616416931 25995.026365026832 676.93440170586109 126.06531450152397 67.583751112222672 110.99283757805824 72.360390484333038 285.11670994758606 492.6394275277853 83.087429374456406 466.69685795903206 409.7611338943243 124.23778676986694 49.096514716744423
leaf_count=298 468 105103 2736 510 278 460 298 1169 2015 339 1962 1713 611 211
internal_value=-7.97415e-05 -0.000104804 -0.000131493 -0.00129307 -0.00277743 -0.010297 -0.00166915 0.00168104 0.000406111 0.00456 -0.00167401 -0.00360376 -0.00611223 -0.0146762
internal_weight=29149.5 29075.7 28959.6 2964.57 1977.66 250.937 139.944 986.909 860.844 368.204 1726.73 1049.79 640.031 173.334
internal_count=118171 117873 117405 12302 8269 1036 576 4033 3523 1508 7233 4497 2784 822
is_linear=0
shrinkage=0.03


Tree=168
num_leaves=15
num_cat=0
split_feature=14 11 7 12 11 15 14 13 15 18 13 13 7 17
split_gain=6.16444 26.0845 14.7803 25.5327 17.0705 14.4971 8.18419 19.0525 37.3337 18.9859 17.1461 15.7342 14.5234 14.6988
threshold=-0.07433893493751241 42.824862558118383 0.73694300387696332 -0.25720603838352973 33.145197479608065 0.0039781077084435354 0.0058014493447178248 0.064887637943757084 0.0014257057095417027 7.2890744364296589 0.063111421539398652 0.043430425008797353 0.90771014658217197 0.25881904510252057
decision_type=8 2 2 2 2 10 8 2 10 2 2 2 2 2
left_child=1 2 3 4 -1 -6 7 8 -2 -9 -8 -10 -11 -14
right_child=6 -3 -4 -5 5 -7 10 9 11 12 -12 -13 13 -15
leaf_value=0.01199252694632222 0.0047050038459255173 -0.0074002445045408347 0.0032287689273966017 -0.017659683366184301 -0.0094423861659855592 0.0075876624750024057 -0.00137332534356351 -3.1164914390168606e-05 -0.0018869866838707356 -0.0012873014269873643 0.00051624017522519672 0.0034150906173405515 -0.0061011802049361838 -0.024922255212310618
leaf_weight=80.090032994747162 2532.2380710542202 502.63397461175919 752.7242443561554 91.287357553839684 142.42826555669308 63.590381100773811 6952.1607271879911 3828.0896963477135 1846.771471336484 158.34932248294353 11416.768571615219 690.40108290314674 89.363431230187416 64.450298368930817
leaf_count=322 10218 2080 3033 369 575 257 28031 15512 7445 641 46531 2789 362 261
internal_value=6.08693e-05 -0.00172907 0.00080186 -0.00403016 0.000410946 -0.00416342 0.000166958 0.000896723 0.00212951 -0.000613024 -0.000198983 -0.000442662 -0.0077028 -0.0142062
internal_weight=29211.3 1632.75 1130.12 377.396 286.109 206.019 27578.6 9209.66 5069.41 4140.25 18368.9 2537.17 312.163 153.814
internal_count=118426 6636 4556 1523 1154 832 111790 37228 20452 16776 74562 10234 1264 623
is_linear=0
shrinkage=0.03


Tree=169
num_leaves=15
num_cat=0
split_feature=7 7 18 7 13 12 15 12 18 14 17 10 11 13
split_gain=8.4748 11.8521 14.0403 13.1195 23.0418 19.8852 14.7548 15.0841 11.1049 15.7036 10.6252 17.9453 10.4143 11.7245
threshold=1.6197026017204801 1.4077617167991991 7.4144812656706049 1.5056139499169456 0.11356182825689999 -0.14057600852781674 0.019455508571120998 -0.040846772576704042 5.3979344880750633 -0.011746814962429573 0.78656609248549303 2.3970499439648338 44.992604361028405 0.02538194813296835
decision_type=2 2 2 2 2 2 10 2 2 8 2 2 2 2
left_child=1 -1 3 6 -5 -6 12 -8 -2 -10 11 -7 13 -3
right_child=8 2 -4 4 5 10 7 -9 9 -11 -12 -13 -14 -15
leaf_value=-0.00014405479160494824 -0.0093967116770941727 0.00015907720146641103 0.015229677131408341 -0.0092250167610860474 -0.0090562670862360129 0.018514935518048194 0.025492469295156379 0.0035082345214644882 0.0089914264078923278 -0.0025053256566337466 -0.0036763831380564661 -0.00021222677805042626 0.0002399657957679634 0.017343992504667574
leaf_weight=26576.46138343215 176.67542754113674 64.630337476730347 75.262387052178383 207.42291679978371 83.057628870010376 114.35434666275978 55.694623574614525 56.182885780930519 116.61584115028381 1086.1171920150518 55.566787123680115 76.144695550203323 389.71403542160988 78.010235413908958
leaf_count=107769 717 261 304 836 338 462 225 227 472 4398 225 308 1577 314
internal_value=-0.000123214 -9.37846e-06 0.00283593 0.00202154 -0.00144122 0.00349044 0.00490101 0.0147079 -0.00241675 -0.00137754 0.00776436 0.011105 0.0027927 0.00966739
internal_weight=29211.9 27832.5 1256.04 1180.78 536.546 329.123 644.232 111.878 1379.41 1202.73 246.066 190.499 532.355 142.641
internal_count=118433 112846 5077 4773 2169 1333 2604 452 5587 4870 995 770 2152 575
is_linear=0
shrinkage=0.03


Tree=170
num_leaves=15
num_cat=0
split_feature=15 18 15 13 18 7 3 7 7 7 5 15 4 13
split_gain=8.01745 15.3765 10.7398 15.9809 8.22083 8.30931 6.58921 18.5595 12.0478 9.34095 14.7774 7.84439 6.13174 8.81141
threshold=0.065327304404409606 4.9910314647596659 0.080748876500224678 0.33752963190372903 5.992572977123257 1.0569354722266857 -0.52587465873450556 0.67539653439727243 0.9463066929641003 0.22990153890163703 -0.025469552683033577 -0.0075284084839655199 -0.12183856319410656 0.13190933717800526
decision_type=10 2 10 2 2 2 2 2 2 2 2 10 2 2
left_child=6 -2 3 -3 -4 -6 7 -1 -9 10 -8 -10 13 -11
right_child=1 2 4 -5 5 -7 9 8 11 12 -12 -13 -14 -15
leaf_value=-0.018285983581631911 0.018012519609839052 0.014402677425851442 -0.011005432640835264 -0.0039464833019007056 -0.0067882954658934937 0.0087730449259726031 0.018905211638530282 0.01165146638298185 0.0027219511483256051 -0.0039872395053404987 0.0012824901344700552 -0.013513954564745325 -0.00010986528580468125 0.0090741524090164772
leaf_weight=65.900809288024902 59.066918730735779 104.72405354678631 72.010032773017883 70.052328065037727 55.008430421352386 65.496583163738251 57.664140269160271 54.404629737138748 51.938559859991074 66.439491957426071 152.9012579023838 52.095368981361389 28128.406950190663 145.74786126613617
leaf_count=267 238 423 292 286 225 265 233 222 210 267 615 212 114048 589
internal_value=-4.15751e-06 0.0040699 0.00174227 0.00708669 -0.00313267 0.00167471 -6.48003e-05 -0.00516331 0.000454831 -2.43802e-05 0.00624101 -0.00550979 -7.1368e-05 0.00498536
internal_weight=29201.9 426.358 367.291 174.776 192.515 120.505 28775.5 224.339 158.439 28551.2 210.565 104.034 28340.6 212.187
internal_count=118392 1729 1491 709 782 490 116663 911 644 115752 848 422 114904 856
is_linear=0
shrinkage=0.03


Tree=171
num_leaves=15
num_cat=0
split_feature=3 13 7 7 7 4 12 7 13 14 2 18 13 7
split_gain=6.26334 18.9625 10.5098 12.8048 14.588 11.7087 9.57801 17.3045 15.8025 21.3279 11.41 13.3364 10.8019 10.2508
threshold=0.22927487504593361 0.35495944160880361 0.43154705530595411 0.98211782411406023 0.80776570124165958 0.29547526208562452 -0.080964637943280224 1.121417312025679 1.568496374592832 0.10101714291889276 0.17330265095060551 6.783802202815183 0.76613851468922667 1.0465820863804678
decision_type=2 2 2 2 2 2 2 2 2 10 2 2 2 2
left_child=-1 -2 -3 4 -4 6 7 13 10 -10 11 -9 -12 -5
right_child=1 2 3 5 -6 -7 -8 8 9 -11 12 -13 -14 -15
leaf_value=-0.00022780330245422399 0.015359253138283395 0.01319320179415151 0.0010488563236131317 0.0057061874439649817 -0.008827951007289352 -0.0086274791829257201 -0.00041329811408634284 0.00869638737754155 -0.015992446168150654 0.0068850520624727379 0.0030138658904259878 -0.0082964683999431719 0.020781059685222196 0.022530090075907921
leaf_weight=27435.234007403255 84.165679767727852 58.409764036536217 307.27759650349617 60.484834581613541 236.96463572978973 77.728451132774353 369.45908437669277 97.719238951802254 75.8254434466362 67.734882071614265 53.060041949152946 69.332665920257568 74.054224967956543 73.497593834996223
leaf_count=111178 340 237 1259 248 975 325 1506 398 309 274 214 281 300 301
internal_value=-0.000118093 0.00164473 0.000914839 0.000439761 -0.00326811 0.00242284 0.00335181 0.00577792 0.00285934 -0.00525206 0.00682664 0.00162901 0.0135262 0.0151308
internal_weight=29140.9 1705.71 1621.55 1563.14 544.242 1018.9 941.168 571.709 437.726 143.56 294.166 167.052 127.114 133.982
internal_count=118145 6967 6627 6390 2234 4156 3831 2325 1776 583 1193 679 514 549
is_linear=0
shrinkage=0.03


Tree=172
num_leaves=15
num_cat=0
split_feature=13 11 4 10 6 10 3 11 5 6 16 6 7 10
split_gain=5.71722 14.5808 18.8477 10.006 22.3664 12.539 11.451 10.4873 11.5753 18.3687 23.0893 15.0522 13.2047 23.4405
threshold=0.044097369726244458 66.863980357169567 0.0091304112497521146 0.24159057310684134 0.019408010237374675 0.19570537667035851 -0.0072114453481494359 37.572039958257513 -0.0020524160759324834 0.0091874494144230847 0.37940952255126054 0.014294215100184932 0.56360674607743733 0.45640769888676419
decision_type=2 2 2 2 2 2 2 2 2 2 2 2 2 2
left_child=1 2 -1 4 5 6 -2 -5 9 -9 11 -11 13 -10
right_child=3 -3 -4 7 -6 -7 -8 8 12 10 -12 -13 -14 -15
leaf_value=-0.00049231535077595863 0.011441497660852678 0.013829288897878227 -0.0095000572967123345 0.0027666721639150707 -0.0039406469272061243 0.014927510591382441 -0.0024418128578508093 -0.0075493531349738584 -0.0034332534177988331 0.0021167203316598392 0.0019419716988079985 -0.0033778459518383677 0.00017329163691568654 0.0062686209427027864
leaf_weight=9260.5614438951015 94.300254017114639 60.613863438367844 211.89854744076729 1309.4586092680693 196.4042152017355 156.96038149297237 118.94849279522896 379.13001817464828 308.3651420623064 550.75705514848232 1828.0087642073631 2392.4712408483028 11487.346814095974 808.19738559424877
leaf_count=37325 381 244 864 5269 801 633 481 1527 1249 2220 7440 9767 46763 3277
internal_value=2.13753e-06 -0.000600545 -0.000695781 0.000294849 0.00421645 0.00854189 0.00374676 0.000177861 -1.33652e-05 -0.0012114 -0.000704825 -0.00234893 0.000476306 0.00358787
internal_weight=29163.4 9533.07 9472.46 19630.3 566.613 370.209 213.249 19063.7 17754.3 5150.37 4771.24 2943.23 12603.9 1116.56
internal_count=118241 38433 38189 79808 2296 1495 862 77512 72243 20954 19427 11987 51289 4526
is_linear=0
shrinkage=0.03


Tree=173
num_leaves=15
num_cat=0
split_feature=4 6 16 6 11 15 11 10 12 18 12 14 18 6
split_gain=6.10896 12.2336 14.2157 21.0688 14.0584 13.0165 15.6794 12.9234 9.37246 12.2165 8.71286 11.9652 11.2277 10.8357
threshold=-0.050223868013445021 0.022159957601805964 0.25881904510252091 0.03539686766185466 29.140933888772512 -0.016200900966071959 39.985383134520028 0.63431650437084841 -0.68211282086686797 4.9759546690945227 -0.6119886188955902 -0.056010863527638614 5.696485466736914 0.048943662751261628
decision_type=2 2 2 2 2 10 2 2 2 2 2 10 2 2
left_child=1 -1 8 -4 -5 7 -7 -6 -3 -10 11 12 -2 -12
right_child=10 2 3 4 5 6 -8 -9 9 -11 13 -13 -14 -15
leaf_value=0.011262036485603734 0.0077413458607217701 -0.0090799285171992185 -0.0079521858418604794 -0.0069629622627218907 0.0020379318526939617 0.011874383431444636 -0.004311745850683754 0.019518589203178116 0.013770025092635408 -0.0010628797347723756 0.00014634363146271467 0.012186566049196886 -0.0095408283398103165 -0.0024435576618827867
leaf_weight=116.58294720947742 66.872935459017754 116.00907884538174 93.117870554327965 51.707679778337479 52.083997368812561 111.62986761331558 100.89141221344471 144.661192253232 51.979960143566132 671.24639627337456 25804.456858277321 123.2956208884716 64.514752313494682 1538.6905192881823
leaf_count=470 276 469 374 208 210 449 408 583 209 2703 104437 505 266 6449
internal_value=0.000153802 0.00201058 0.00122146 0.00494185 0.00756957 0.00943058 0.00422169 0.014958 -0.00124078 3.82301e-05 5.20775e-05 0.00555348 -0.000760465 4.33148e-07
internal_weight=29107.7 1509.91 1393.33 554.092 460.974 409.266 212.521 196.745 839.235 723.226 27597.8 254.683 131.388 27343.1
internal_count=118016 6083 5613 2232 1858 1650 857 793 3381 2912 111933 1047 542 110886
is_linear=0
shrinkage=0.03


Tree=174
num_leaves=15
num_cat=0
split_feature=2 18 16 15 4 10 7 18 4 4 12 15 16 12
split_gain=6.67547 16.9396 11.3859 13.4683 12.3526 14.5303 10.0345 12.9676 9.88686 12.4671 9.87157 7.32397 11.0515 14.5079
threshold=0.11984386680427521 4.551503308954902 -0.60355339059327362 0.019876578101424073 0.1182943722980785 2.5471958755506088 1.1390423378789138 6.6185108226009417 0.04693661028256458 0.079833725066561959 -0.097461684926702249 -0.0020148929286500912 0.60355339059327384 -0.31497270186920895
decision_type=2 2 2 10 2 2 2 2 2 2 2 8 2 2
left_child=-1 -2 4 11 5 6 7 -3 -5 -10 -6 -4 -13 -14
right_child=1 2 3 8 10 -7 -8 -9 9 -11 -12 12 13 -15
leaf_value=-7.014509138167622e-05 0.017667235464983624 0.0027887874788510947 -0.0074175225104963311 0.01592436621630584 0.0050542941805444717 0.01855194976933151 -0.0029418245726944847 0.021636470235326256 -0.0059260115826754124 0.0079845029549706677 -0.0093593968489581892 -0.0038685783920400394 -0.010068568223912526 0.0074581603097855949
leaf_weight=27491.106134340167 56.934939309954643 93.648759514093399 189.66021224856377 59.072799548506737 92.009025871753693 90.442711606621742 96.660021886229515 49.212304919958115 95.703529566526413 140.98662343621254 76.524935603141785 404.50819991528988 51.187509685754776 212.23339127004147
leaf_count=111416 230 382 773 239 380 364 391 202 389 575 315 1654 210 867
internal_value=4.30009e-05 0.00186126 0.00129576 -0.000343408 0.00507445 0.0084333 0.00449053 0.00949046 0.00515588 0.00235739 -0.00152343 -0.00224757 -0.000761788 0.00400219
internal_weight=29199.9 1708.78 1651.85 1153.35 498.498 329.964 239.521 142.861 295.763 236.69 168.534 857.589 667.929 263.421
internal_count=118387 6971 6741 4707 2034 1339 975 584 1203 964 695 3504 2731 1077
is_linear=0
shrinkage=0.03


Tree=175
num_leaves=15
num_cat=0
split_feature=18 14 10 10 6 6 10 15 17 1 18 2 10 6
split_gain=8.59365 18.3197 11.6784 11.5331 11.6603 16.0768 16.5403 10.1932 11.8011 13.6936 21.7426 13.1791 12.4593 11.7849
threshold=5.5317210469676317 0.30167833597128008 5.1808730966026841 0.24159057310684134 0.0082367934719860016 0.020243451771891772 0.17406479367560504 0.047046894155371007 0.78656609248549303 0.0054248105482505313 4.4887618926147725 -0.012885413126161314 0.44319425938557105 0.011827101769622676
decision_type=2 10 2 2 2 2 2 10 2 2 2 2 2 2
left_child=1 3 -2 4 -1 6 -6 8 -5 10 11 -10 -12 -9
right_child=2 -3 -4 7 5 -7 -8 13 9 -11 12 -13 -14 -15
leaf_value=-0.0028135218262529604 0.00031423867229724933 0.015415798712543198 -0.010330633021458023 -0.0020248212371603166 0.0030255366438953477 -0.0049729807517705244 0.018686882500570091 0.0099550868996479865 -0.013686036759979354 -0.0033284528471181863 -0.0037361715126933166 0.00047116502112734375 0.0059766194986169991 -0.0013791788974719657
leaf_weight=170.57032284140587 20114.196021839976 59.893440291285515 91.187750220298767 6395.0337259173393 126.29516768455505 77.131360352039337 116.51529443264008 153.43586380779743 100.19103881716728 508.89181783795357 137.66441337764263 140.30319586396217 816.41714961826801 175.19801577925682
leaf_count=688 81539 243 370 25941 511 314 471 621 405 2089 555 566 3295 710
internal_value=-7.79784e-05 -0.000850199 0.00026518 -0.000962878 0.0035 0.0068625 0.0106321 -0.00122341 -0.0014339 0.000784264 0.00253892 -0.00549103 0.00457028 0.00394088
internal_weight=29182.9 8977.54 20205.4 8917.65 490.512 319.942 242.81 8427.14 8098.5 1703.47 1194.58 240.494 954.082 328.634
internal_count=118318 36409 81909 36166 1984 1296 982 34182 32851 6910 4821 971 3850 1331
is_linear=0
shrinkage=0.03


Tree=176
num_leaves=15
num_cat=0
split_feature=0 3 5 14 3 0 6 1 13 12 11 1 16 14
split_gain=6.85103 9.27066 12.2445 11.6533 11.7664 12.1921 15.4378 11.4258 10.2813 9.7127 9.55907 10.0577 9.75395 9.15281
threshold=-0.0031115690323645045 -0.16495958023099086 -0.10264886929878834 -0.057567451804127139 0.078083576994385853 -0.029903348233616175 0.048943662751261628 -0.048435215076411457 0.3649538115665964 -0.025148853281145297 43.465802881814277 -0.019367578387469605 -0.37940952255126059 -0.016499448856031381
decision_type=2 2 2 8 2 2 2 2 2 2 2 2 2 10
left_child=1 10 8 -4 5 -5 9 -6 -3 13 11 -1 -13 -7
right_child=-2 2 3 4 7 6 -8 -9 -10 -11 -12 12 -14 -15
leaf_value=-0.0029420142867040448 -0.00023770758580547385 0.0019033688899647171 -0.0030925520540275708 0.0086104679295962144 0.0050429338120660163 0.0023621061307881564 -0.0094303003138342337 -0.0019399981827164395 0.018032890153406877 0.0052681427796966301 -0.0075818997617662009 0.015268294127655164 0.00049064112327619079 -0.00023000501378405973
leaf_weight=393.2503168284893 19824.502054721117 74.137222707271576 613.10012519359589 227.0713811814785 243.08215667307377 3088.2372744232416 111.00041981041431 1511.5713639706373 67.318610891699791 633.21991111338139 223.56219130754471 59.883961915969849 115.11368200182915 2031.7188059836626
leaf_count=1579 80587 298 2476 917 976 12434 467 6105 272 2550 911 241 463 8180
internal_value=7.84981e-05 0.00074583 0.00103194 0.000884327 0.0011958 0.00181921 0.0015534 -0.000967973 0.00972377 0.00176852 -0.00235661 -0.000281472 0.00566292 0.00133381
internal_weight=29216.8 9392.27 8600.46 8459 7845.9 6091.25 5864.18 1754.65 141.456 5753.18 791.81 568.248 174.998 5119.96
internal_count=118456 37869 34675 34105 31629 24548 23631 7081 570 23164 3194 2283 704 20614
is_linear=0
shrinkage=0.03


Tree=177
num_leaves=15
num_cat=0
split_feature=0 3 18 18 10 1 1 12 14 13 11 16 18 11
split_gain=6.47891 5.89187 7.88662 9.1281 9.36974 8.13305 7.26976 5.24793 12.3146 10.9097 20.6787 8.94067 8.20497 13.3019
threshold=-0.039883634675900552 -0.42549425596484974 5.3357685601315703 6.4037954543346851 1.9992652027355411 -0.086233794729436916 -0.019940932703617961 -0.6119886188955902 -0.33755648617518202 0.33752963190372903 46.702374030519671 0.12940952255126045 5.7348820548369028 41.109787324487201
decision_type=2 2 2 2 2 2 2 2 10 2 2 2 2 2
left_child=1 -1 -3 5 -5 -4 -7 8 12 11 -11 -10 -2 -14
right_child=7 2 3 4 -6 6 -8 -9 9 10 -12 -13 13 -15
leaf_value=-0.0050005911853913875 0.0044791229742714737 0.01075582664394042 0.0056940161107403619 0.010220315921326904 -0.0035882822303073838 -0.010947137657438207 0.00078080598128422497 -0.00030285708535033332 0.005745465090129083 -0.01328286006485411 0.010313589761862635 0.023254698778928152 0.0031563555777276908 -0.016928251027781789
leaf_weight=77.903150081634521 85.115878537297249 113.08919015526772 91.177629217505455 163.0717356055975 59.243201479315758 93.819065541028976 93.97068090736866 27956.56208640337 54.470123276114464 50.083845093846321 91.400997385382652 52.01082544028759 54.290482863783836 62.067799240350723
leaf_count=314 346 457 367 658 239 377 383 113357 221 204 379 211 219 257
internal_value=-0.000181098 0.00268221 0.00366946 0.00203439 0.00654137 -0.00157832 -0.00513205 -0.000251063 0.00295776 0.00740873 0.00189203 0.0145689 -0.00253929 -0.00766218
internal_weight=29098.3 692.275 614.372 501.282 222.315 278.967 187.79 28406 449.44 247.966 141.485 106.481 201.474 116.358
internal_count=117989 2795 2481 2024 897 1127 760 115194 1837 1015 583 432 822 476
is_linear=0
shrinkage=0.03


Tree=178
num_leaves=15
num_cat=0
split_feature=13 16 12 4 11 3 6 12 6 10 7 12 6 10
split_gain=4.72742 13.2098 15.6422 19.562 17.4401 10.9946 9.20572 12.8465 15.3631 9.17837 13.8706 12.1204 10.3517 8.88947
threshold=0.016467220660384089 0.78656609248549325 -0.012346950173474645 -0.0021346996081231802 43.707281564975482 0.00027096329323894613 0.003819857008938614 -0.030179268476932749 0.0030233664080354847 0.8995224099248158 0.72575779873235391 -0.031396038897851634 0.0041502101104138938 1.2142784332027756
decision_type=2 2 2 2 2 2 2 2 2 2 2 2 2 2
left_child=1 9 3 4 -3 -4 7 -2 -9 10 11 -1 -12 -11
right_child=6 2 5 -5 -6 -7 -8 8 -10 13 12 -13 -14 -15
leaf_value=0.0021971551431149974 0.011726025342560936 -0.0041156439278729317 0.017713005442413627 -0.012833028700437132 0.0097506707211969107 -0.0017370484509158239 -0.00019139122995945614 -0.0094843319938472271 0.0068200990884765842 0.0057372912629810391 -0.0087449650730666937 0.014196622232734876 -0.00034148121016321732 0.00099511129739556642
leaf_weight=369.00264506042004 138.50101383030415 373.06290443241596 51.706972733139992 173.24425791203976 102.36547216773033 50.354900851845741 25092.062275722623 87.375292301177979 122.41996802389622 798.81541913747787 150.76735293865204 93.676992624998093 968.44716902077198 641.95072419941425
leaf_count=1487 557 1503 208 697 412 203 101847 351 492 3220 605 377 3909 2586
internal_value=2.30187e-05 0.00101364 -0.00254344 -0.00426467 -0.00110172 0.00826786 -0.000123981 0.00470576 4.20957e-06 0.0018982 0.000319533 0.00467729 -0.00148708 0.00362866
internal_weight=29213.8 3773.39 750.735 648.673 475.428 102.062 25440.4 348.296 209.795 3022.66 1581.89 462.68 1119.21 1440.77
internal_count=118454 15207 3023 2612 1915 411 103247 1400 843 12184 6378 1864 4514 5806
is_linear=0
shrinkage=0.03


Tree=179
num_leaves=15
num_cat=0
split_feature=14 14 3 15 4 15 2 12 17 10 12 7 1 6
split_gain=8.11697 9.55981 14.3858 13.2943 17.6229 16.6281 11.3213 13.2014 10.6887 17.7966 16.0166 14.3541 13.6292 12.1547
threshold=-0.045112291590919888 0.0058014493447178248 0.039780175864941099 0.040523658161721883 0.010975599526555803 0.018474490812105952 -0.04969516624249825 -0.095232704107249641 -0.37940952255126015 2.1368945040543914 -0.029600285702062742 1.4077617167991991 -0.0099356994252752778 0.0061002743906594485
decision_type=8 8 2 10 2 10 2 2 2 2 2 2 2 2
left_child=-1 2 6 5 -5 -4 7 -2 10 12 11 13 -10 -8
right_child=1 -3 3 4 -6 -7 8 -9 9 -11 -12 -13 -14 -15
leaf_value=-0.001448531082476339 0.0089045237329904593 -0.00013786788143027814 -0.0014097419279627558 0.017330287633894541 5.2309213828160063e-05 -0.010830020958805017 -0.0040488639341301428 -0.0066452718979288792 0.0045153896371513671 -0.010940983590882868 0.0082449859797541544 0.01495143042190311 -9.3306816446277722e-05 0.0024122366247660934
leaf_weight=2841.1688357293606 333.42022839188576 18348.663158401847 878.89721179008484 65.822225853800774 245.30166162550449 206.9243641346693 315.93608538806438 56.070637434720993 710.82994557917118 118.29148621857166 424.92630483210087 69.894332394003868 3041.6993376910686 1491.1213603764772
leaf_count=11539 1350 74491 3557 265 996 843 1275 227 2862 477 1714 282 12291 6029
internal_value=7.42447e-05 0.000238798 0.00110696 -0.00165566 0.00379503 -0.00322157 0.00169539 0.00664348 0.00138112 0.000417938 0.00299903 0.00180388 0.000781644 0.00127939
internal_weight=29149 26307.8 7959.14 1396.95 311.124 1085.82 6562.19 389.491 6172.7 3870.82 2301.88 1876.95 3752.53 1807.06
internal_count=118198 106659 32168 5661 1261 4400 26507 1577 24930 15630 9300 7586 15153 7304
is_linear=0
shrinkage=0.03


Tree=180
num_leaves=15
num_cat=0
split_feature=12 6 10 15 3 17 14 15 15 18 10 12 5 7
split_gain=6.62116 11.1384 16.9385 11.0898 9.51351 6.92273 6.57061 9.53115 9.54438 10.3449 16.75 18.0624 15.975 10.895
threshold=-0.68211282086686797 0.14237317702913324 0.89536811341622469 -0.0043495402209430259 -0.52587465873450556 0.1294095225512602 0.013437504418179815 -0.051968110504851943 0.023522910739328221 4.6880996950778213 0.91764377574282741 -0.18349197775066475 0.039597020568588166 0.72575779873235391
decision_type=2 2 2 10 2 2 10 10 10 2 2 2 2 2
left_child=1 2 3 -1 -2 -3 -6 -8 9 10 11 -9 -12 -13
right_child=4 5 -4 -5 6 -7 7 8 -10 -11 12 13 -14 -15
leaf_value=-0.0032132004761512172 -0.0092112405828179336 0.0042483357846877417 0.022908145073447857 0.011829648897780435 0.00027171127804867778 -0.010409099527067731 0.01174843527186213 0.012038382574758835 0.0017570074279192973 -0.0021432461155747921 -0.0014983859775716626 -0.015690473350196785 0.017645294826968045 -0.0012433960737120054
leaf_weight=97.584479540586472 97.974879905581474 53.960754781961441 51.067520782351494 77.519618704915047 23571.456251263618 58.662136778235435 51.009989574551582 63.053885042667389 903.15146574378014 3782.9753265976906 63.406574875116348 68.341101914644241 99.663504585623741 142.62971766293049
leaf_count=397 397 223 207 315 95524 239 206 256 3677 15380 257 277 404 580
internal_value=7.61871e-05 0.0042333 0.00804825 0.00350474 2.7068e-05 -0.00343473 5.91939e-05 -0.00090867 -0.00103923 -0.00163821 0.00272266 -0.00181279 0.0102737 -0.00602673
internal_weight=29182.5 338.795 226.172 175.104 28843.7 112.623 28745.7 5174.23 5123.22 4220.07 437.095 274.025 163.07 210.971
internal_count=118339 1381 919 712 116958 462 116561 21037 20831 17154 1774 1113 661 857
is_linear=0
shrinkage=0.03


Tree=181
num_leaves=15
num_cat=0
split_feature=1 11 12 2 10 16 5 16 6 15 3 2 15 3
split_gain=6.31595 16.7138 7.3838 9.4964 8.74517 10.9001 7.82462 8.23191 6.31343 21.8576 10.4284 9.35842 8.53178 8.46457
threshold=0.078409632034074264 84.561541085741325 -0.21270166883849265 0.30026206704610497 2.3970499439648338 0.78656609248549325 0.020243759977598644 -0.25881904510252113 0.083409049970581461 -0.02611248397479082 -0.52587465873450556 0.43613182192779282 0.018106820754885792 -0.42549425596484974
decision_type=2 2 2 2 2 2 2 2 2 8 2 2 8 2
left_child=1 8 3 6 5 -4 7 -2 10 -10 -1 12 -11 -12
right_child=2 -3 4 -5 -6 -7 -8 -9 9 11 13 -13 -14 -15
leaf_value=-0.010647150817442746 -0.011356132971060045 0.016997678437814506 -0.00031687964961322205 0.0042788490468331879 -0.0070419538973401016 0.013407019405842322 -0.013613799696226636 0.0025761636616609238 0.021576625615973011 -0.0011982076218851319 0.0099717234615389616 -0.0089844372617263277 0.0055502850652128831 -3.6834830715050242e-05
leaf_weight=81.184804692864418 66.148982033133507 50.375764608383179 242.39321899414062 65.550348177552223 113.69114828109741 64.310545608401299 130.72314408421516 85.431536689400673 49.475891500711441 311.60666762292385 74.262681230902672 69.321871906518936 363.87648704648018 27383.125728547573
leaf_count=328 283 203 1005 274 468 266 554 362 200 1263 300 281 1489 110933
internal_value=-6.4636e-06 6.62729e-05 -0.00268693 -0.00590675 -7.35851e-06 0.002629 -0.00828529 -0.00357253 3.49712e-05 0.00266846 -4.11733e-05 0.00135801 0.0024428 -9.04085e-06
internal_weight=29151.5 28383.2 768.249 347.854 420.395 306.704 282.304 151.581 28332.9 794.281 27538.6 744.805 675.483 27457.4
internal_count=118209 114997 3212 1473 1739 1271 1199 645 114794 3233 111561 3033 2752 111233
is_linear=0
shrinkage=0.03


Tree=182
num_leaves=15
num_cat=0
split_feature=2 11 18 16 15 11 10 10 17 11 6 13 6 18
split_gain=5.64637 13.319 13.255 9.81473 11.1277 12.3035 11.832 15.8703 8.64152 8.2081 22.6739 9.23768 15.8544 23.6658
threshold=0.10881664505554257 77.33714638024523 4.4568968727451592 -0.60355339059327362 -0.00067830270499857892 54.229484196930976 3.9298086085606849 1.5356924582582909 -0.5 52.560676544159271 0.047687063302093866 0.056257233908771694 0.01368268851749894 7.7486544584267447
decision_type=2 2 2 2 10 2 2 2 2 2 2 2 2 2
left_child=1 9 -2 -4 5 -5 7 -6 -9 -1 11 12 13 -11
right_child=2 -3 3 4 6 -7 -8 8 -10 10 -12 -13 -14 -15
leaf_value=0.00012977955374915664 0.01649755453164823 0.0085878012771922942 0.0043545301817271877 0.0067311473171829768 -0.00025653874502577128 -0.0047064181182588727 -0.0092262145169378397 0.0021934137420995255 0.014289581248075294 -0.0007856916691005299 -0.0092266249819247612 -0.00010833568649656921 -0.008223937751985674 -0.021099136040652455
leaf_weight=17829.202563464642 49.520997434854507 152.49135518074036 568.51125717163086 97.339485436677933 336.55999529361725 576.7511470913887 67.352154329419136 84.102170154452324 146.42481608688831 2067.2952589988708 288.1394861638546 6460.0340137928724 343.79855367541313 50.946396261453629
leaf_count=72080 200 619 2318 394 1378 2361 273 341 593 8365 1242 26306 1398 208
internal_value=-8.45045e-05 -0.000195742 0.0014841 0.00107087 -0.000360237 -0.00303979 0.00248739 0.00390614 0.00993341 -0.000245909 -0.00097304 -0.000704482 -0.00226732 -0.0012937
internal_weight=29118.5 27191.9 1926.56 1877.04 1308.53 674.091 634.439 567.087 230.527 27039.4 9210.21 8922.07 2462.04 2118.24
internal_count=118076 110218 7858 7658 5340 2755 2585 2312 934 109599 37519 36277 9971 8573
is_linear=0
shrinkage=0.03


Tree=183
num_leaves=15
num_cat=0
split_feature=0 14 13 5 12 0 18 5 13 12 16 6 18 6
split_gain=7.85081 15.5244 9.44073 10.6427 11.6919 9.23333 12.1014 8.89039 14.4998 12.3558 9.69009 9.19093 8.07883 10.5203
threshold=0.0029064848325477404 0.047580544116146546 0.50403372394044355 -0.031964635870799889 -0.36466956025634412 -0.0031115690323645045 6.3774398697901988 0.13983002710560713 0.55604189347448629 -0.093034446482159236 0.12940952255126045 0.065695080944197251 6.2372241482186572 0.021721651376210006
decision_type=2 10 2 2 2 2 2 2 2 2 2 2 2 2
left_child=1 2 -1 4 -4 -5 -7 11 -9 10 -10 12 13 -3
right_child=-2 7 3 5 -6 6 -8 8 9 -11 -12 -13 -14 -15
leaf_value=0.0006405564166822225 -0.00081030850340554309 -0.0043557730333622559 -0.00073445593580689504 -0.0016301045801958571 0.012543714383846801 -0.012619846605012008 7.4429199771638632e-05 0.013134070240063665 0.0095041030073255081 -0.011541317965277209 -0.0050749915280750508 0.0059003567918683667 -0.0019650154936631087 -0.013434799536314291
leaf_weight=17388.77569425106 9341.9368769228458 304.22844022512436 226.55278204381466 627.07616411149502 78.933937013149261 186.95247207581997 105.18850825726986 70.62401582300663 85.397896349430084 81.063294053077698 75.576911583542824 69.58540241420269 372.13852515816689 185.64647510647774
leaf_count=69993 38275 1227 918 2574 319 864 436 285 346 329 306 282 1506 755
internal_value=-9.3211e-05 0.00024419 0.00046118 -0.00208256 0.00275573 -0.00369298 -0.00807971 -0.0029974 0.0013733 -0.00213788 0.00268101 -0.00446408 -0.00531247 -0.00783706
internal_weight=29199.7 19857.7 18613.5 1224.7 305.487 919.217 292.141 1244.26 312.662 242.038 160.975 931.599 862.013 489.875
internal_count=118415 80140 75104 5111 1237 3874 1300 5036 1266 981 652 3770 3488 1982
is_linear=0
shrinkage=0.03


Tree=184
num_leaves=15
num_cat=0
split_feature=5 18 2 11 1 2 18 6 15 18 18 15 11 10
split_gain=5.34093 13.9704 11.9007 10.068 9.17693 9.87476 9.00575 16.1788 8.83722 8.57938 13.1028 16.5849 13.0197 11.836
threshold=-0.10264886929878834 5.0713738052652175 -0.081150552780708804 40.637990698551668 -0.0087100294376373216 -0.1461679554714331 6.6185108226009417 0.036827257668964865 -0.0085555285896603533 6.6843886851402914 6.3030923769074665 -0.021518725814901437 40.315374055445055 0.48829655647658948
decision_type=2 2 2 2 2 2 2 2 10 2 2 10 2 2
left_child=1 4 3 6 5 -1 -2 -8 -5 10 13 -12 -11 -3
right_child=2 9 -4 8 -6 -7 7 -9 -10 12 11 -13 -14 -15
leaf_value=0.0059408928466318355 0.0009491082973301188 -0.0072763515947999414 -1.543779151900131e-05 -0.0029421762192672176 0.00012109239402533097 0.02266079659593008 -0.014184294514517727 0.0043703485962588674 -0.010892542094214759 0.010135952223778165 -0.016576470925794329 0.001317961718087969 -0.0044871498191978686 0.003590178932259751
leaf_weight=70.599144771695137 605.62303790450096 113.93461365997791 26638.97650718689 314.93884785473347 66.829097539186478 58.933368235826492 103.52309042215347 69.32344014942646 209.98053966462612 161.68002709746361 96.075208157300949 88.316628202795982 80.957668572664261 405.08225484192371
leaf_count=284 2441 463 108025 1294 272 237 417 279 872 651 388 358 333 1640
internal_value=-7.02271e-05 0.00193852 -0.000152486 -0.0029492 0.00917737 0.0137768 -0.000779482 -0.00677773 -0.00615179 0.000419831 -0.00125996 -0.00808355 0.00526006 0.00118598
internal_weight=29084.8 1142.41 27942.4 1303.39 196.362 129.533 778.47 172.847 524.919 946.046 703.409 184.392 242.638 519.017
internal_count=117954 4626 113328 5303 793 521 3137 696 2166 3833 2849 746 984 2103
is_linear=0
shrinkage=0.03


Tree=185
num_leaves=15
num_cat=0
split_feature=15 6 4 4 4 3 15 15 18 5 3 15 13 10
split_gain=5.41166 9.33697 9.11138 9.67188 8.8591 11.5136 10.2719 7.43852 15.0177 9.92547 15.0457 9.48505 11.087 8.19616
threshold=0.059228521258635432 0.0086171020080853516 -0.0013177227650345011 0.020010566709281034 0.060944236101874834 0.058627375664912613 0.095472454039798219 0.0014257057095417027 7.7486544584267447 0.027225701589873256 1.0000000180025095e-35 0.00056026636736872259 0.061327815952913707 0.36215658363914777
decision_type=10 2 2 2 2 2 10 10 2 2 2 10 2 2
left_child=7 -2 -3 -4 5 -5 -7 11 13 10 -10 -1 -13 -9
right_child=1 2 3 4 -6 6 -8 8 9 -11 -12 12 -14 -15
leaf_value=9.324213368550536e-05 0.014702176605458842 0.013139990076269712 -0.0070557897567284132 -0.0053593041879241654 -0.0054116690419116296 0.015542355229144615 0.0014441541645230063 0.002279499591725112 -0.016452918463013378 -0.021000214690551543 0.0059373084706013006 0.010410509232205982 0.00059946318409558801 -0.0010139781536649347
leaf_weight=20031.029280260205 52.125984087586403 52.838664501905441 119.74716526269913 62.675829604268074 86.087457835674286 104.08131718635559 83.625746250152588 748.760508030653 49.356014057993889 48.954844072461128 55.369757682085037 173.0402013361454 254.86476877331734 7229.1522411555052
leaf_count=81217 210 213 485 255 350 423 339 3026 201 200 225 698 1036 29347
internal_value=-5.98445e-05 0.0028524 0.00158622 0.000196567 0.00280406 0.00564932 0.00934288 -0.000117202 -0.000884636 -0.010113 -0.00472552 0.000187878 0.00459692 -0.000704378
internal_weight=29151.7 561.182 509.056 456.218 336.47 250.383 187.707 28590.5 8131.59 153.681 104.726 20458.9 427.905 7977.91
internal_count=118225 2275 2065 1852 1367 1017 762 115950 32999 626 426 82951 1734 32373
is_linear=0
shrinkage=0.03


Tree=186
num_leaves=15
num_cat=0
split_feature=7 15 1 10 6 5 18 7 7 16 4 16 15 7
split_gain=6.43416 5.84578 5.35669 11.9262 7.9476 5.71476 24.1189 11.5091 11.4423 8.42996 14.5162 12.2449 9.39645 9.31158
threshold=0.22990153890163703 -0.057197565877317828 0.16952157928305314 0.840235714577798 0.099514005546604431 0.15050701531176938 5.1372006982514309 0.61424446935454113 0.8904372719269823 -0.60355339059327362 0.1182943722980785 0.78656609248549325 0.025388148854255114 1.1936164444403812
decision_type=2 8 2 2 2 2 2 2 2 2 2 2 8 2
left_child=-1 -2 5 -4 -5 -3 -7 -8 -9 10 12 -11 -10 -13
right_child=1 2 3 4 -6 6 7 8 9 11 -12 13 -14 -15
leaf_value=0.0049849842721369523 0.0084916191991405276 -5.4906526490459532e-05 -0.014579296213994022 0.0055515800388530635 -0.0086331028941292395 0.015798174573559282 0.013471247826619299 -0.0087763975938850661 0.022098931280126018 -0.0041154982697800954 -0.0037878059810798215 -0.0044381719777471648 0.0054931574418982344 0.011400556580707443
leaf_weight=233.90672552585602 70.95604607462883 27611.006080970168 71.074064493179321 92.800439804792404 54.881189092993736 103.91902320086956 56.617099478840828 119.72406016290188 51.464545011520386 337.77312754094601 79.414861977100372 48.628112509846687 76.29467248916626 98.854924187064171
leaf_count=943 287 111920 306 389 234 420 232 494 209 1377 324 200 310 401
internal_value=5.06329e-05 1.03167e-05 -1.11655e-05 -0.00466641 0.000235373 2.47858e-05 0.00228242 0.000633148 -0.000292718 0.0011952 0.00623027 -0.000971213 0.0124199 0.0061887
internal_weight=29107.3 28873.4 28802.5 218.756 147.682 28583.7 972.69 868.771 812.154 692.43 207.174 485.256 127.759 147.483
internal_count=118046 117103 116816 929 623 115887 3967 3547 3315 2821 843 1978 519 601
is_linear=0
shrinkage=0.03


Tree=187
num_leaves=15
num_cat=0
split_feature=0 15 14 18 18 6 7 10 6 10 13 12 10 18
split_gain=6.8037 6.88767 6.83766 16.4342 13.3453 11.2537 13.8549 14.5724 12.7429 11.6877 18.1302 11.0784 17.9785 11.6859
threshold=-0.045191247620566637 -0.024593655012705714 -0.045112291590919888 4.8856163446269045 5.9836840086136656 0.02078143536776637 1.4077617167991991 0.42272979112771353 0.02646302242622332 0.99277603253717572 0.3649538115665964 -0.080964637943280224 1.4014248957959918 5.9191012281178583
decision_type=2 8 8 2 2 2 2 2 2 2 2 2 2 2
left_child=1 -1 3 -2 11 -6 7 -7 -9 -10 -11 12 13 -5
right_child=2 -3 -4 4 5 6 -8 8 9 10 -12 -13 -14 -15
leaf_value=0.01332204945894325 0.0042520464735816138 0.0021457775187029124 7.9259460020688949e-05 -0.0044588789489632468 0.0045271755669538099 0.012237299627560172 0.012685532102406881 -0.011192434211726778 0.0012011655015133364 -0.012067724924456836 0.0046137476697298138 -0.014965313333987412 0.0084848849493052072 -0.018974489198475761
leaf_weight=52.991346448659897 379.70392727851868 524.63837914168835 25969.961598277092 799.6974790841341 311.93393041193485 51.845145270228386 52.400227665901184 168.77878104150295 406.3751318603754 184.4083839058876 84.260357931256294 89.734095379710197 91.586548775434494 51.541295722126961
leaf_count=214 1534 2119 105318 3259 1257 210 213 684 1661 750 350 363 373 209
internal_value=-4.35815e-06 0.00321351 -6.9473e-05 -0.00151388 -0.00247173 -0.000397937 -0.00202452 -0.00291146 -0.00386895 -0.00201023 -0.00684062 -0.00499667 -0.00401822 -0.00538019
internal_weight=29219.9 577.63 28642.2 2672.27 2292.56 1260 948.068 895.668 843.823 675.044 268.669 1032.56 942.825 851.239
internal_count=118514 2333 116181 10863 9329 5125 3868 3655 3445 2761 1100 4204 3841 3468
is_linear=0
shrinkage=0.03


Tree=188
num_leaves=15
num_cat=0
split_feature=7 11 12 14 10 14 11 18 6 17 13 13 6 10
split_gain=7.47308 10.6783 13.5183 14.9416 10.9115 8.68125 6.88116 10.3515 22.092 21.2969 10.3812 9.69742 10.399 13.6336
threshold=0.32402060167153418 38.644336059559613 -0.031957982125974942 -0.0076760755733928923 1.041997789744993 0.0043396795657160156 52.560676544159271 7.8331228726160829 0.01223634965884546 -0.37940952255126015 5.2637744466153942 0.056257233908771694 0.013769958340095844 1.3232246043067897
decision_type=2 2 2 8 2 8 2 2 2 2 2 2 2 2
left_child=1 -1 3 -3 -5 -4 -2 10 -9 -10 11 12 13 -8
right_child=6 2 5 4 -6 -7 7 8 9 -11 -12 -13 -14 -15
leaf_value=-0.006534648494354838 0.00031577148622005701 -0.0060727042784971862 0.0042560391788801517 0.012704299146675316 -0.0025324283471968145 -0.012403453850476663 -9.1612400624928851e-05 -0.015582703663365428 0.016306547623449196 -0.0068537397914693954 -0.0094483123854790553 8.6882922003679201e-05 -0.0071855868009519895 -0.0063234442213257504
leaf_weight=81.192063704133034 17629.062376916409 57.789128333330154 54.64606411755085 268.87837986648083 49.418329432606697 54.44360189139843 1613.4203906059265 125.01878248155117 53.244710490107536 99.226850882172585 113.22665059566498 8256.9116593450308 312.06218409538269 390.91067600250244
leaf_count=327 71283 234 220 1086 200 219 6532 511 217 406 476 33703 1271 1581
internal_value=1.6465e-05 0.00342276 0.00510908 0.00779724 0.0103376 -0.00413187 -5.12411e-05 -0.000641311 -0.00634093 0.00134049 -0.000492154 -0.000394476 -0.0021089 -0.00131212
internal_weight=29159.5 566.368 485.176 376.086 318.297 109.09 28593.1 10964 277.49 152.472 10686.5 10573.3 2316.39 2004.33
internal_count=118266 2286 1959 1520 1286 439 115980 44697 1134 623 43563 43087 9384 8113
is_linear=0
shrinkage=0.03


Tree=189
num_leaves=15
num_cat=0
split_feature=15 17 7 6 15 17 10 0 6 11 1 16 5 14
split_gain=5.36376 10.2603 18.0329 9.07758 15.339 9.81187 5.29096 4.49985 5.3457 8.97313 8.38874 9.85404 15.5929 13.2968
threshold=0.065327304404409606 0.60355339059327384 1.0399053722246954 0.025225176446661429 0.095472454039798219 -0.60355339059327384 5.1808730966026841 -0.10725893569463728 0.047687063302093866 73.959623395719447 0.13440996462098478 0.37940952255126054 -0.0087148244096759125 0.19087244565105002
decision_type=10 2 2 2 10 2 2 2 2 2 2 2 2 10
left_child=6 3 -3 4 5 -2 7 -1 -9 10 11 13 -13 -10
right_child=1 2 -4 -5 -6 -7 -8 8 9 -11 -12 12 -14 -15
leaf_value=0.005915583941992395 0.0077760941824588665 -0.014987612558439717 0.0061828602450412877 -0.0022990941937815063 0.0013988248400655901 0.02624117752663864 -0.0066511502575278955 0.00010899486946038143 -0.0035869064468626432 0.0079492358671401434 -0.0077383475078265634 0.0054556542888254721 -0.0026715624179936615 0.0067663962960133849
leaf_weight=113.44741158187389 51.414857774972916 62.556429266929626 80.698470592498779 74.041212320327759 100.73752208054066 55.529332473874092 105.89484715461731 26015.195579975843 1293.0170894414186 88.441610291600227 187.55098895728588 422.79659289121628 423.29220946133137 120.33802285790443
leaf_count=459 208 254 326 303 408 224 431 105292 5355 368 806 1724 1768 488
internal_value=2.92792e-05 0.00336703 -0.00314092 0.00667511 0.00986594 0.0176696 -2.02553e-05 4.70385e-06 -1.91961e-05 -0.00133357 -0.00167529 -0.00116561 0.00139295 -0.00269707
internal_weight=29195 424.978 143.255 281.723 207.682 106.944 28770 28664.1 28550.6 2535.44 2446.99 2259.44 846.089 1413.36
internal_count=118414 1723 580 1143 840 432 116691 116260 115801 10509 10141 9335 3492 5843
is_linear=0
shrinkage=0.03


Tree=190
num_leaves=15
num_cat=0
split_feature=15 15 6 16 15 17 13 10 17 15 6 18 16 6
split_gain=5.82184 4.38226 20.6314 21.4896 16.0511 16.7519 16.4718 17.4353 14.6523 17.0516 14.5653 12.707 11.4617 15.2242
threshold=-0.057197565877317828 -0.025661915114333574 0.063021960659028195 0.37940952255126054 -0.027108143373377299 0.1294095225512602 0.17291983307222816 1.1153177194196218 0.25881904510252057 -0.035950672919982544 0.019571981820402217 6.1637826870596468 1.0000000180025095e-35 0.011182214951789246
decision_type=8 8 2 2 10 2 2 2 2 10 2 2 2 2
left_child=-1 2 3 4 5 10 -7 -8 -5 -10 12 -6 13 -2
right_child=1 -3 -4 8 11 6 7 -9 9 -11 -12 -13 -14 -15
leaf_value=0.0086723052609595681 -0.0061730656665805539 0.00017444270914746828 0.012347908457417397 0.0059257267654710807 -0.0068829889174509265 0.0047972898155981556 0.0039971164867219815 -0.019846983303988212 0.0038243150388244601 -0.011195575367231168 -0.00066199506687047473 -0.026293937995417582 -0.001925684701130807 -0.022239363646460761
leaf_weight=69.153207451105118 101.27563653886318 27290.342023149133 91.611057743430138 380.35596418380737 78.906069576740265 296.98946578800678 50.618432179093361 57.241015866398811 144.37448760867119 125.40114089846611 196.25046993792057 49.517167255282402 87.508547455072403 114.61269782483578
leaf_count=280 410 110703 373 1537 320 1200 206 232 584 507 797 200 354 465
internal_value=0.000101455 8.04677e-05 -0.00136323 -0.00212332 -0.00480915 -0.00338183 0.00115253 -0.0087879 0.00214556 -0.00318846 -0.00704584 -0.0146559 -0.0111438 -0.0148283
internal_weight=29134.2 29065 1774.66 1683.05 1032.92 904.496 404.849 107.859 650.132 269.776 499.647 128.423 303.397 215.888
internal_count=118168 117888 7185 6812 4184 3664 1638 438 2628 1091 2026 520 1229 875
is_linear=0
shrinkage=0.03


Tree=191
num_leaves=15
num_cat=0
split_feature=18 14 5 6 10 5 7 4 10 3 11 12 17 12
split_gain=5.37244 21.0304 17.1456 18.3206 18.1951 15.0842 14.155 17.5751 23.8173 15.4161 13.7619 11.4092 11.2353 10.344
threshold=4.8659331147508853 -0.0066700680158433548 0.0026217802408284867 0.021721651376210006 1.1216767100911118 -0.013379591803151345 0.65472965431672714 -0.019638406175530362 0.49455347286717677 -0.072116250995746242 45.094304631495341 -0.2936256362002348 0.91597561503675351 -0.093034446482159236
decision_type=2 8 2 2 2 2 2 2 2 2 2 2 2 2
left_child=1 6 5 -4 -5 13 7 -1 -9 11 -11 -8 -7 -3
right_child=-2 2 3 4 -6 12 9 8 -10 10 -12 -13 -14 -15
leaf_value=0.0066596736679362658 9.0112901116018549e-05 -0.0035559368363716906 0.0016256398269845263 -0.017325889732301373 0.0030636891832066223 -0.010004856819781168 -0.00017362676677069324 -0.00048565042722815917 -0.020244186008795927 -0.0026394157041935316 0.0053100814977704502 0.014179133072838647 0.0019753986861816867 0.0074704609997957722
leaf_weight=102.52837966382504 25546.444530725479 463.87388591468334 868.60916194319725 97.783854320645332 64.210861399769783 561.35766093432903 69.558378651738167 141.24802973866463 87.929307028651237 377.3369869440794 403.80425296723843 173.45814573764801 79.839863285422325 89.703383073210716
leaf_count=413 103618 1882 3529 407 264 2275 281 571 356 1522 1637 702 324 362
internal_value=-6.24653e-05 -0.00115031 -0.00294377 -0.000107202 -0.00930514 -0.00538631 0.0017933 -0.00357797 -0.00817604 0.00353654 0.00147307 0.0101031 -0.00851161 -0.00174872
internal_weight=29127.7 3581.24 2225.38 1030.6 161.995 1194.77 1355.86 331.706 229.177 1024.16 781.141 243.017 641.198 553.577
internal_count=118143 14525 9043 4200 671 4843 5482 1340 927 4142 3159 983 2599 2244
is_linear=0
shrinkage=0.03


Tree=192
num_leaves=15
num_cat=0
split_feature=11 4 15 2 0 12 4 2 15 3 4 18 18 6
split_gain=5.63937 12.9882 12.1124 10.8991 11.1526 10.1191 13.9091 9.39092 13.9937 17.0578 13.6733 15.7581 19.7441 19.4454
threshold=61.051654117288585 0.026626272981843838 -0.028756159123452193 0.18732852425076121 0.002141245673719983 -0.37417146380056487 0.1182943722980785 0.012980025596688762 0.0074363250867910411 0.33466551807590678 0.0023144152875130834 6.4359113165918549 5.7969172602876133 0.024949542457571822
decision_type=2 2 8 2 2 2 2 2 8 2 2 2 2 2
left_child=1 7 -2 4 -3 6 -4 10 9 -9 -1 12 -12 -14
right_child=2 3 5 -5 -6 -7 -8 8 -10 -11 11 -13 13 -15
leaf_value=6.260294647688338e-05 -0.012375618311422261 -0.0095060183742408846 0.017729697255824108 0.002171362791246034 -0.0020612655921873634 0.00095591941760579885 -0.0018713162815179264 -0.0020471129147274065 0.0022781582164677901 0.015128860003731421 -0.0030126755894510984 -0.0053061378211348561 0.0044341004550332019 -0.0087185087219683859
leaf_weight=16142.175714671612 57.845249280333519 320.72287501394749 74.25013379752636 227.79770089685917 416.00308287143707 4169.8951710164547 56.283078745007515 1291.9530789256096 3257.0106429457664 52.23225711286068 1336.3861276209354 955.68867771327496 780.9219536781311 114.2928147315979
leaf_count=65225 237 1318 302 929 1744 16994 235 5236 13198 211 5467 3896 3165 496
internal_value=3.45396e-05 -0.000139764 0.0010298 -0.00354927 -0.00531919 0.00121578 0.00937747 -2.05901e-06 0.00121571 -0.00135821 -0.000292033 -0.00208702 -0.000704901 0.0027392
internal_weight=29253.5 24895.2 4358.27 964.524 736.726 4300.43 130.533 23930.7 4601.2 1344.19 19329.5 3187.29 2231.6 895.215
internal_count=118653 100885 17768 3991 3062 17531 537 96894 18645 5447 78249 13024 9128 3661
is_linear=0
shrinkage=0.03


Tree=193
num_leaves=15
num_cat=0
split_feature=14 15 13 7 7 18 16 16 4 7 7 1 15 15
split_gain=5.17152 12.8224 15.0955 11.1956 16.4966 10.0768 13.3124 12.8125 22.1982 13.9185 32.4966 13.9314 12.9275 11.8506
threshold=0.013437504418179815 0.029097863793630111 0.44588866126292287 1.255156570088042 0.84769236441792961 4.9910314647596659 0.12940952255126045 0.25881904510252091 0.01352104041150193 0.98816579318223985 1.1390423378789138 0.0096691741973562468 -0.01511887707190329 -9.6011875357682172e-05
decision_type=10 10 2 2 2 2 2 2 2 2 2 2 10 10
left_child=-1 2 -2 4 -3 6 -4 9 -9 11 -11 13 -10 -7
right_child=1 3 5 -5 -6 7 -8 8 12 10 -12 -13 -14 -15
leaf_value=0.000148563801312887 -0.0024349030504802797 0.0095624209723348483 0.00058362250895935654 0.0078563131842866382 -0.0034038931377724652 0.00031392458427894558 0.01992582954706467 0.009955497095380187 -0.018542041215767194 0.02327439379365891 0.0014832750541396841 0.0041956827658792481 -0.0039175317739267761 -0.019770490537818812
leaf_weight=23951.896736875176 3470.0827900916338 117.91124752163887 69.585296511650085 255.25236313045025 333.0777785629034 51.392470389604568 57.527551427483559 82.798279315233231 69.933550804853439 85.418839573860168 209.50097757577896 149.34172685444355 230.05808514356613 52.323095709085464
leaf_count=97089 14088 481 282 1031 1361 209 233 336 287 350 853 622 945 213
internal_value=-3.8134e-05 -0.0008922 -0.00147879 0.0028622 1.34062e-05 0.00165615 0.0095104 0.000565417 -0.00363492 0.00350212 0.00790899 -0.00165551 -0.00742699 -0.0100007
internal_weight=29186.1 5234.2 4527.96 706.241 450.989 1057.88 127.113 930.767 382.79 547.977 294.92 253.057 299.992 103.716
internal_count=118380 21291 18418 2873 1842 4330 515 3815 1568 2247 1203 1044 1232 422
is_linear=0
shrinkage=0.03


Tree=194
num_leaves=15
num_cat=0
split_feature=7 7 11 7 17 13 14 16 12 6 11 12 1 12
split_gain=7.22087 14.357 13.7477 12.7806 12.625 13.9866 11.8701 12.4611 10.7583 9.99425 9.07168 12.9275 10.2954 13.7549
threshold=1.6197026017204801 1.4077617167991991 63.929692896153931 1.5056139499169456 -0.37940952255126015 0.17291983307222816 -0.052143323245745658 0.12940952255126045 -0.013786060157920664 0.031982850256028254 74.93001397424689 -0.022060288597475938 0.0046805208053908942 -0.054845642072231297
decision_type=2 2 2 2 2 2 8 2 2 2 2 2 2 2
left_child=1 8 3 9 -4 -6 -2 -8 -1 -3 11 12 13 -9
right_child=6 2 4 -5 5 -7 7 10 -10 -11 -12 -13 -14 -15
leaf_value=8.2896397457260165e-05 0.00790678292504725 0.0023447940833501895 0.00085244956008417069 -0.0024866685491310501 0.00048174958579729008 0.018323028658809869 -0.00019862319257190773 -0.006098034778809866 -0.0020475929105950364 0.01245058156212165 -0.017275036393534719 0.0084021708229905477 1.3053124849435898e-05 -0.020860544815660659
leaf_weight=24222.891858100891 96.02288019657135 423.4993431866169 118.16750121116638 427.49397172033787 55.223871037364006 138.28201730549335 698.2694715410471 259.88519182801247 2337.1708019077778 109.68290147185326 57.199288263916969 57.410679385066032 152.21331691741943 71.857716992497444
leaf_count=98283 389 1708 479 1727 223 561 2829 1048 9472 446 234 232 623 290
internal_value=-6.1043e-05 4.45168e-05 0.00315503 0.0013714 0.00860894 0.0132884 -0.0021674 -0.00292436 -0.000104718 0.00446245 -0.00609288 -0.00485216 -0.00645261 -0.00940154
internal_weight=29225.3 27832.4 1272.35 960.676 311.673 193.506 1392.86 1296.84 26560.1 533.182 598.566 541.367 483.956 331.743
internal_count=118544 112899 5144 3881 1263 784 5645 5256 107755 2154 2427 2193 1961 1338
is_linear=0
shrinkage=0.03


Tree=195
num_leaves=15
num_cat=0
split_feature=5 4 12 18 18 17 6 18 13 10 13 18 14 12
split_gain=5.54799 8.90321 14.6623 13.836 17.59 15.2354 12.0738 12.8662 11.8576 12.8202 29.0785 15.978 15.3708 16.4981
threshold=-0.0047276971969603112 -0.017716567865073859 -0.6119886188955902 5.0876941287662021 4.551503308954902 -0.12940952255126037 0.065695080944197251 6.783802202815183 0.018088703879123872 0.3144100205081794 0.12990312211949087 4.7121050278277563 0.0011824214281472847 -0.1573415514179464
decision_type=2 2 2 2 2 2 2 2 2 2 2 2 8 2
left_child=1 3 -3 4 -1 6 -5 -8 -4 10 12 -11 13 -10
right_child=-2 2 8 5 -6 -7 7 -9 9 11 -12 -13 -14 -15
leaf_value=-0.0018233509592161985 0.00026760721073221895 0.0091504980016881635 0.00058453714559719358 -0.0034642789791428435 0.0071842779225156344 0.0014050069578230933 5.2518227182580959e-06 0.016422571154355789 0.0050353770632767213 -0.0075215995083358902 -0.0090872792010400112 -0.0020005986534057359 0.001089939388006046 0.025065124301190331
leaf_weight=304.82280948758125 17470.037072747946 118.21497073769569 1929.4574900865555 1453.6045169979334 536.7701889872551 2062.8794112950563 188.28494539856911 53.664036095142365 78.792860969901085 531.25080183148384 127.9547490477562 4124.2162627875805 150.18324974179268 69.988780990242958
leaf_count=1232 70979 489 7772 5870 2168 8319 764 218 318 2158 521 16748 606 282
internal_value=-7.12288e-05 -0.000575829 -0.00123956 0.000453045 0.00392515 -0.000326107 -0.00243143 0.00375138 -0.00141729 -0.00217718 0.00278879 -0.00263358 0.00789827 0.0146651
internal_weight=29200.1 11730.1 7130.06 4600.03 841.593 3758.43 1695.55 241.949 7011.84 5082.39 426.92 4655.47 298.965 148.782
internal_count=118444 47465 28894 18571 3400 15171 6852 982 28405 20633 1727 18906 1206 600
is_linear=0
shrinkage=0.03


Tree=196
num_leaves=15
num_cat=0
split_feature=15 16 15 3 3 0 17 18 4 3 2 17 18 15
split_gain=7.87157 16.1513 11.403 12.8628 17.586 8.61234 11.0414 11.0339 15.2959 16.1207 10.5206 8.49393 8.44341 7.76197
threshold=-0.025661915114333574 -0.60355339059327362 -0.049197764638906787 -0.085638287108351405 0.013609871450217749 -0.0051184536202491171 -0.9159756150367534 6.4529742615402119 -0.0031523259757123552 -0.0058102488804006027 -0.061068570186338371 0.1294095225512602 5.8792902345532143 -0.014763977500335644
decision_type=8 2 10 2 2 2 2 2 2 2 2 2 2 8
left_child=1 2 -1 -4 11 10 12 -8 9 -9 -3 -5 -7 -2
right_child=13 5 3 4 -6 6 7 8 -10 -11 -12 -13 -14 -15
leaf_value=0.0025253157566358301 0.0019396149407057786 -0.0021890460090793068 0.0031918254905738577 -0.020641872871553692 -0.0023813906079089269 -0.00058195455316304768 -0.002679072030036088 0.0076669994554292714 0.01585080564435613 -0.011578725408632225 0.0076235883554921155 -0.0084129768997808392 -0.014058391035330698 -2.5185056628692807e-05
leaf_weight=106.46383208036423 1947.1602354347706 167.06501817703247 71.437332183122635 133.80893631279469 142.97407527267933 71.20517136156559 485.9893933236599 93.586729064583778 78.370829045772552 64.367549136281013 234.54846236109734 88.919763877987862 100.08764427900314 25269.15833029151
leaf_count=431 7879 674 289 542 580 290 1971 378 318 260 947 359 407 102533
internal_value=-1.28906e-05 -0.0019115 -0.00624114 -0.00837796 -0.0106431 -8.75238e-05 -0.00172709 -9.52688e-05 0.00519607 -0.00022249 0.00355106 -0.0158781 -0.00852771 0.000115516
internal_weight=29055.1 1838.82 543.604 437.14 365.703 1295.22 893.607 722.315 236.325 157.954 401.613 222.729 171.293 27216.3
internal_count=117858 7446 2201 1770 1481 5245 3624 2927 956 638 1621 901 697 110412
is_linear=0
shrinkage=0.03


Tree=197
num_leaves=15
num_cat=0
split_feature=1 12 12 7 12 12 18 10 18 18 3 5 14 11
split_gain=5.59901 10.9584 9.47399 6.28266 5.84442 18.8597 12.8744 29.5865 13.5351 12.2227 10.7028 16.9603 13.4198 10.3041
threshold=0.13440996462098478 -0.25720603838352973 -0.6119886188955902 1.6854950232343902 -0.27660966530795306 -0.30710075250149305 6.3278338609244225 0.69753597257854372 5.8381608336106225 6.7464165348053227 -0.00089922128233463339 -0.091036413402641722 -0.08220946359868285 54.123823275172732
decision_type=2 2 2 2 2 2 2 2 2 2 2 2 8 2
left_child=4 2 -2 -3 5 10 8 -8 -7 -9 -1 -12 -13 -14
right_child=1 3 -4 -5 -6 6 7 9 -10 -11 11 12 13 -15
leaf_value=-0.0010130749780701356 0.00058347162178014409 0.0043278855088940364 -0.015377502338601594 -0.0078736693949398289 -0.00017206947536066029 0.0055114201677881371 0.017656952201871058 -0.016353046079930298 0.017979120753775248 0.0011075290439821026 0.015887790836864247 -0.0089410275489708868 0.0061742977420835071 -0.0016869330087070445
leaf_weight=2022.7604306936264 50.422841176390648 134.56236898899078 96.722769975662231 50.635031476616859 25477.234550371766 250.51355378329754 58.387288212776184 67.958214178681374 114.07107749581337 74.02439858019352 81.364316403865814 92.811448991298676 389.32693277299404 242.25050714612007
leaf_count=8238 218 563 418 211 103209 1017 238 279 464 301 329 380 1599 995
internal_value=-6.09646e-05 -0.0039209 -0.00997362 0.000943365 -1.62626e-05 0.00115291 0.00614686 3.17478e-05 0.00948912 -0.00736082 0.000151797 0.00307136 0.00159202 0.0031632
internal_weight=29203 332.343 147.146 185.197 28870.7 3393.47 564.955 200.37 364.585 141.983 2828.51 805.753 724.389 631.577
internal_count=118459 1410 636 774 117049 13840 2299 818 1481 580 11541 3303 2974 2594
is_linear=0
shrinkage=0.03


Tree=198
num_leaves=15
num_cat=0
split_feature=0 15 13 16 15 11 16 5 15 0 15 15 5 7
split_gain=5.52887 5.46995 24.7623 22.9407 14.9658 10.2871 11.6486 13.4896 8.53501 5.90609 5.45547 13.1783 10.5903 10.2327
threshold=0.12474756944615507 0.057047682931192341 0.23386241639202435 -0.78656609248549292 0.063017370643598816 66.015097005362193 0.25881904510252091 0.064134983286417993 0.055995899857704597 0.0016135405541863881 0.0012470714636285687 0.00056026636736872259 0.2705414040561161 0.54567531721297413
decision_type=2 10 2 2 10 2 2 2 10 2 10 10 2 2
left_child=1 8 3 -3 -5 6 7 -4 10 -6 11 -1 13 -12
right_child=-2 2 5 4 9 -7 -8 -9 -10 -11 12 -13 -14 -15
leaf_value=5.2255955916085268e-05 -0.0068605182045603031 0.02207122132689382 -0.014760855792473113 0.016810518185066174 -0.0053069656799613358 -0.010820775949071744 0.0116403873223301 0.0053578357651670626 -0.011205488170053084 0.005269483615622292 0.0022620687748652708 0.0059033135609601172 0.0074649062212853124 -0.0012791134747668063
leaf_weight=19949.491644874215 106.38586504757404 80.346727803349495 57.285593926906586 57.655943840742111 101.15520803630352 109.92121374607086 57.580724254250526 59.136234402656555 60.512754634022713 86.114991739392281 817.37118305265903 350.56828901171684 136.19172511994839 7092.9324880987406
leaf_count=80889 458 324 233 233 407 447 235 241 246 350 3302 1420 557 28797
internal_value=-9.74496e-05 -7.21822e-05 0.00273585 0.00836372 0.0037247 -0.00372505 0.000829502 -0.00462371 -0.000132589 -0.000439164 -0.000108163 0.000153871 -0.000769108 -0.000912724
internal_weight=29122.7 29016.3 609.197 325.273 244.926 283.924 174.003 116.422 28407.1 187.27 28346.6 20300.1 8046.5 7910.3
internal_count=118139 117681 2470 1314 990 1156 709 474 115211 757 114965 82309 32656 32099
is_linear=0
shrinkage=0.03


Tree=199
num_leaves=15
num_cat=0
split_feature=15 18 10 10 15 10 6 14 6 15 10 12 6 15
split_gain=5.67489 15.2352 11.8865 10.5281 12.3788 14.2952 21.0187 15.4029 23.1456 14.0138 12.5542 12.549 11.4673 12.5393
threshold=0.0017218316604452613 7.8331228726160829 1.3442221828880803 0.34385084066242511 0.040523658161721883 1.3334493362733515 0.015526725360126526 -0.040925544461369194 0.010286868208377486 0.047046894155371007 1.0745219867622293 -0.024129929388349566 0.0057278519858528611 0.0076461849368434373
decision_type=10 2 2 2 10 2 2 10 2 10 2 2 2 10
left_child=-1 3 -3 12 -5 6 9 -7 -9 -6 -8 -11 -2 -14
right_child=1 2 -4 4 5 7 10 8 -10 11 -12 -13 13 -15
leaf_value=0.00010930408423586319 -0.0032210859381603357 -0.0030803654636290452 -0.020532770730955923 -0.0015036002871981306 -0.0065325918211463462 -0.0036315095333804455 -0.0020819675945166248 0.026059929032374585 0.0053806077592607167 0.014458965648902249 -0.013355782110449681 0.0015512446442475004 -0.00090891334329965445 0.008952805821650792
leaf_weight=20558.771755903959 196.07301339507103 84.817706570029259 58.998050823807716 6431.3583017587662 77.305169686675072 127.56130447983742 321.48927865922451 54.796581283211708 356.49344590306282 130.09378086030483 121.39795185625553 140.35831926763058 183.27368748188019 312.72431112825871
leaf_count=83372 789 347 241 26122 313 516 1313 221 1443 525 495 567 742 1266
internal_value=-0.000161358 -0.000808511 -0.0104234 -0.000642499 -0.000958867 0.00167455 -0.000894306 0.00543315 0.00824851 0.00461092 -0.00521833 0.00782072 0.00289777 0.00531984
internal_weight=29155.5 8596.74 143.816 8452.93 7760.85 1329.5 790.645 538.851 411.29 347.757 442.887 270.452 692.071 495.998
internal_count=118272 34900 588 34312 31515 5393 3213 2180 1664 1405 1808 1092 2797 2008
is_linear=0
shrinkage=0.03


Tree=200
num_leaves=15
num_cat=0
split_feature=0 13 18 16 3 13 18 1 0 7 7 7 14 6
split_gain=6.46985 5.29076 4.58755 5.05465 4.52083 17.1445 10.5067 11.8915 10.3306 9.6456 8.00637 7.80006 14.0868 11.4648
threshold=-0.061723019844095443 0.14453129966052705 5.7155362738594304 1.0000000180025095e-35 0.22927487504593361 0.35495944160880361 6.2534570486596355 0.078409632034074264 0.0036211924365581187 1.0533116072675692 0.81061607918799794 1.0230644666667101 -0.018262465030457722 0.053265290588967944
decision_type=2 2 2 2 2 2 2 2 2 2 2 2 10 2
left_child=1 -1 -3 -4 -2 -6 7 8 9 10 -7 12 13 -8
right_child=4 2 3 -5 5 6 11 -9 -10 -11 -12 -13 -14 -15
leaf_value=0.011573380373991388 -0.00019044005427783957 0.0071089405665367665 -0.0057922061184970518 0.0043586358543583259 0.014181339173223754 0.0018814570252667631 0.0090300681877013376 -0.0032818911048404314 0.010302464648151901 0.0082254673210397054 -0.012079771121303467 0.00044874922718274009 -0.013679504532796248 -0.0072720290394744664
leaf_weight=65.550783023238182 27239.962356463075 103.59078943729401 88.001696541905403 84.710899859666824 87.919566869735718 103.70290575921535 69.544532120227814 176.32138830423355 235.83377932012081 116.78526513278484 55.075074523687363 538.09908856451511 114.16384908556938 82.900212690234184
leaf_count=264 110448 419 356 343 355 421 286 738 962 473 224 2197 472 343
internal_value=-5.1098e-05 0.00403968 0.00218205 -0.000820588 -9.9898e-05 0.00145902 0.000691562 0.0034094 0.00572025 0.0017527 -0.00305128 -0.00163385 -0.00580923 0.000185537
internal_weight=29162.2 341.854 276.303 172.713 28820.3 1580.35 1492.43 687.718 511.397 275.563 158.778 804.708 266.609 152.445
internal_count=118301 1382 1118 699 116919 6471 6116 2818 2080 1118 645 3298 1101 629
is_linear=0
shrinkage=0.03


Tree=201
num_leaves=15
num_cat=0
split_feature=7 14 16 18 18 18 3 7 3 2 5 18 15 3
split_gain=6.06617 14.4003 15.0763 10.4549 9.62852 12.5939 9.86416 8.52328 11.1052 10.6708 9.76624 11.2493 12.036 7.64771
threshold=1.6197026017204801 -0.028570218923330611 0.12940952255126045 5.4984256706959629 5.3979344880750633 6.1317479788316307 0.12133512587552543 1.4077617167991991 0.14909586552401091 0.12668604315736912 0.078379424888181851 7.1013627920052551 -0.0038496527545284205 -0.083319884417179566
decision_type=2 8 2 2 2 2 2 2 2 2 2 2 10 2
left_child=7 3 4 -2 -3 6 -6 -1 9 -9 -10 12 -12 -7
right_child=1 2 -4 -5 5 13 -8 8 10 -11 11 -13 -14 -15
leaf_value=4.798474118860884e-05 -0.0028184278573464934 -0.009680993746269094 -0.0064056195446870598 0.014532141899087149 0.0015477426680214365 0.0095798984172406568 0.01646284679051771 0.00016824452321201257 0.017909786868140161 0.013298132944053262 -0.0060027868392406123 0.016693112866661225 0.0091854073845377623 -0.0025838118924822215
leaf_weight=26452.086867034435 51.001770928502083 76.631914600729942 577.25567154586315 76.500956296920776 84.308979094028473 50.829503864049911 74.569182261824608 894.3572986125946 63.093906298279762 57.412239700555801 97.676617279648781 52.507828086614609 86.827641993761063 388.75993606448174
leaf_count=107329 206 312 2342 310 342 206 302 3612 255 232 396 213 352 1574
internal_value=6.57996e-05 -0.0018741 -0.00285497 0.00765548 0.000191031 0.00148315 0.00866576 0.000162549 0.00257935 0.000986485 0.00759106 0.00471728 0.00116663 -0.00114031
internal_weight=29083.8 1379.86 1252.36 127.503 675.1 598.468 158.878 27704 1251.88 951.77 300.106 237.012 184.504 439.589
internal_count=117983 5594 5078 516 2736 2424 644 112389 5060 3844 1216 961 748 1780
is_linear=0
shrinkage=0.03


Tree=202
num_leaves=15
num_cat=0
split_feature=5 7 4 3 13 10 15 16 5 6 6 6 0 15
split_gain=5.00513 11.4741 10.6565 28.7807 12.2079 11.4161 11.0169 10.6414 16.7803 11.8455 14.8276 9.4364 9.3294 8.68522
threshold=-0.0047276971969603112 0.557625083895261 -0.00065585726087813423 0.0059485531898650921 0.0066322410006031127 0.3527653807195224 0.0015842766503264551 -0.60355339059327362 0.024924295134347577 0.0039874921610819104 0.0071476243764290919 0.021341393486937688 0.0012148864056231725 -0.0024694764821626687
decision_type=2 2 2 2 2 2 8 2 2 2 2 2 2 8
left_child=-1 7 3 -3 -4 6 -6 8 9 -2 -11 -10 -5 -9
right_child=1 2 4 12 5 -7 -8 13 11 10 -12 -13 -14 -15
leaf_value=-0.00056994349166888882 0.006098678073710782 0.0051208717433979594 -0.014283449206272184 0.00064721986934579607 0.0052343634264284001 -0.00019636864920211157 -0.0071477741783853733 -0.0025418555649322971 0.015955888820560857 -0.016311005188247601 -0.0022483897751946285 -0.0010633757327972696 -0.0035929951683695768 0.0050815099889599466
leaf_weight=11755.58409178257 80.747522383928299 1233.0096355527639 55.091145873069763 1637.1446113884449 76.491515383124352 11676.337762281299 376.19486443698406 153.06559047102928 67.414022713899612 96.72879096865654 215.7477805018425 50.352854117751122 651.13621014356613 1046.164588034153
leaf_count=47575 325 4984 221 6590 311 47558 1531 619 272 389 873 207 2647 4231
internal_value=-9.16964e-05 0.00023115 -2.30858e-05 0.00143005 -0.000443219 -0.000378011 -0.00504171 0.00256316 -0.00105929 -0.00403644 -0.0066776 0.00878283 -0.000561428 0.00410588
internal_weight=29171.2 17415.6 15705.4 3521.29 12184.1 12129 452.686 1710.22 510.991 393.224 312.477 117.767 2288.28 1199.23
internal_count=118333 70758 63842 14221 49621 49400 1842 6916 2066 1587 1262 479 9237 4850
is_linear=0
shrinkage=0.03


Tree=203
num_leaves=15
num_cat=0
split_feature=12 18 18 5 14 18 17 0 7 13 5 7 4 0
split_gain=7.5886 10.6382 15.7967 9.73276 13.924 11.2589 8.93857 6.9014 6.63965 6.26109 5.72579 20.5458 13.1648 6.55052
threshold=-0.013786060157920664 7.8331228726160829 7.3433438635650337 0.0011250958071292729 -0.018262465030457722 6.4037954543346851 -0.12940952255126037 0.065851874288838805 1.2053536884596847 11.518131848571135 0.12270858766061311 0.59888242287025817 0.042870795388123113 -0.0053625626681308982
decision_type=2 2 2 2 10 2 2 2 2 2 2 2 2 2
left_child=7 2 3 4 5 -2 -6 9 -4 10 12 -12 -1 -14
right_child=1 -3 8 -5 6 -7 -8 -9 -10 -11 11 -13 13 -15
leaf_value=0.00023064680464099043 0.0017696026276802521 -0.013083387062389812 0.0028014666469620094 -0.0026723433506671557 0.0028430116444708412 0.013987414375178375 -0.012202564933246852 -0.0043282595919871105 0.017716605563733643 -0.0078291481639281291 0.01749158224379448 0.0012110574817711735 -0.0085618099606609797 -0.0021505334830974393
leaf_weight=24280.785431280732 207.12096890807152 68.401596233248711 57.835977762937546 1961.3659532517195 62.88590444624424 99.490164741873741 77.888934284448624 307.86982727050781 49.663861721754074 85.657767698168755 72.809487387537956 1041.1540981382132 189.97963635623455 575.98244491219521
leaf_count=98394 832 280 234 7966 253 400 313 1299 200 354 297 4245 775 2371
internal_value=-2.83869e-05 -0.00157952 -0.00125666 -0.00176191 0.00222363 0.00579903 -0.00553584 0.0001227 0.00988985 0.000175236 0.000202041 0.00230461 0.000108352 -0.00375886
internal_weight=29138.9 2584.65 2516.25 2408.75 447.386 306.611 140.775 26554.2 107.5 26246.4 26160.7 1113.96 25046.7 765.962
internal_count=118213 10478 10198 9764 1798 1232 566 107735 434 106436 106082 4542 101540 3146
is_linear=0
shrinkage=0.03


Tree=204
num_leaves=15
num_cat=0
split_feature=18 15 7 13 12 6 17 14 3 13 14 13 1 4
split_gain=8.56568 30.7182 14.1078 24.3352 13.3162 12.1821 16.5909 11.3172 13.0023 15.2644 12.8186 10.5841 12.7365 10.6349
threshold=4.7819643000504515 -0.03027806689713319 0.65872294722017011 0.10716072606759987 -0.10869573812832249 0.021517510280247367 -0.78656609248549325 0.12600379450035673 -0.027768948895786068 0.042718878119419552 -0.07433893493751241 0.049727317200207406 -0.018770071953025488 0.0018506756687317607
decision_type=2 10 2 2 2 2 2 10 2 2 10 2 2 2
left_child=1 5 3 4 -3 6 -1 8 9 -4 -11 -10 -13 -14
right_child=-2 2 7 -5 -6 -7 -8 -9 11 10 -12 12 13 -15
leaf_value=0.0053541297122953945 -3.3706790747753774e-05 -0.0045376841385944694 0.0086187972735330999 0.0020085432550583089 -0.018828963966795211 -0.012504508014503937 -0.006863051262290633 0.014604614250995011 -0.0048041894316830126 0.011780021692224182 -0.0049704383999460569 -0.0098300325820300048 0.0084967926192524926 8.3777361352044147e-05
leaf_weight=124.23101277649403 25998.54580296576 127.67632101476192 342.69238446652889 260.60741975903511 109.33529932796955 227.40012633800507 486.11874812841415 54.530046939849854 403.96971122920513 50.775380507111549 184.38429710268974 80.316235408186913 194.99910965561867 431.41062603890896
leaf_count=503 105470 516 1387 1055 442 943 1971 221 1634 205 748 323 787 1759
internal_value=-0.000210943 -0.00170677 0.000127106 -0.00431789 -0.0112328 -0.00660037 -0.00436699 0.00139957 0.000956353 0.00459793 -0.00128486 -0.000943076 0.00127129 0.00272143
internal_weight=29077 3078.45 2240.7 497.619 237.012 837.75 610.35 1743.08 1688.55 577.852 235.16 1110.7 706.726 626.41
internal_count=117964 12494 9077 2013 958 3417 2474 7064 6843 2340 953 4503 2869 2546
is_linear=0
shrinkage=0.03


Tree=205
num_leaves=15
num_cat=0
split_feature=4 7 10 6 4 14 4 17 4 6 3 16 3 10
split_gain=5.84693 9.41914 16.4679 11.5705 12.9074 10.5721 12.2746 11.9099 12.4839 11.3996 11.0018 9.9649 9.15355 9.44982
threshold=-0.026625651604451347 1.0169552846349159 3.1060220698289167 0.14237317702913324 -0.15219361965313602 -0.031244055783630122 -0.10378133343599093 -0.70710678118654757 -0.037851949492310459 0.05679862692286651 -0.074235367598014732 -0.9159756150367534 0.14410438221118807 0.6793303624129301
decision_type=2 2 2 2 2 8 2 2 2 2 2 2 2 2
left_child=1 3 12 4 -1 6 -6 9 11 -7 -10 -9 13 -3
right_child=-2 2 -4 -5 5 7 -8 8 10 -11 -12 -13 -14 -15
leaf_value=0.013220166432199114 -0.00013567363920591078 0.013439067430157568 -0.0076437321134516685 -0.011878509844172281 0.0081771401189526787 -0.0082389586838760819 -0.0027038458650043761 -0.0094480414005572028 0.016287961355837797 0.0082330988768805052 0.0042636739531927764 0.0033168251135622623 0.012739287963373092 0.0026440841786057145
leaf_weight=66.44873583316803 25776.402465075254 77.504826068878174 110.50312978029251 69.338708579540253 99.892141416668892 140.70540137588978 1113.0380470752716 67.287592485547066 115.85551463067532 49.649214938282967 168.3316630423069 265.81950232386589 105.58297543227673 920.08960253000259
leaf_count=268 104644 313 445 283 402 567 4499 271 467 201 678 1070 426 3711
internal_value=1.79949e-05 0.00119274 0.00330444 2.23955e-06 0.000407956 -2.60422e-05 -0.00179574 0.00262957 0.00464972 -0.0039017 0.00924522 0.000697325 0.00441294 0.00350798
internal_weight=29146.4 3370.05 1213.68 2156.37 2087.03 2020.58 1212.93 807.649 617.294 190.355 284.187 333.107 1103.18 997.594
internal_count=118245 13601 4895 8706 8423 8155 4901 3254 2486 768 1145 1341 4450 4024
is_linear=0
shrinkage=0.03


Tree=206
num_leaves=15
num_cat=0
split_feature=14 3 17 7 18 2 2 13 11 18 18 6 6 11
split_gain=6.34892 13.6349 16.6891 19.9882 17.5058 21.9735 16.2959 18.3043 21.1814 16.1554 23.1993 15.8433 26.877 13.3364
threshold=0.0046794359708356445 0.067601428892790874 0.78656609248549303 0.62344412126596416 6.972770184703375 0.058276717624118381 0.012980025596688762 0.50403372394044355 41.703980988104469 5.7551341724644676 6.3774398697901988 0.02646302242622332 0.053265290588967944 66.015097005362193
decision_type=10 2 2 2 2 2 2 2 2 2 2 2 2 2
left_child=1 6 4 -4 -3 11 7 13 -9 -10 -11 -6 -13 -1
right_child=-2 2 3 -5 5 -7 -8 8 9 10 -12 12 -14 -15
leaf_value=0.00041127160318861153 -0.00075687156813618588 -0.0014621545685459675 0.006522567269408224 -0.0074541139009861581 -0.0088954031626886781 0.012567038126261329 0.0026962978129707422 0.0031078553004268545 -0.00055254059073560119 -0.019467613928739316 -0.0032767733856915843 0.015481702928945434 -0.008653127138977033 0.015538182501664943
leaf_weight=15434.339198231697 6619.2145016640425 2231.185106754303 106.16612984240055 631.46312868595123 116.45756471157074 194.37031006813049 2870.1578520834446 229.33514733612537 175.08285029232502 168.65479002892971 151.1668092161417 97.178339138627052 69.735662952065468 50.635011032223701
leaf_count=62331 26909 9084 431 2570 471 793 11658 940 734 810 631 398 286 204
internal_value=5.98093e-05 0.000299836 -0.00143622 -0.00543027 -0.000345448 0.00485423 0.000613559 0.000244482 -0.00441042 -0.00789283 -0.0118828 -0.00048714 0.00541525 0.000462736
internal_weight=29145.1 22525.9 3446.56 737.629 2708.93 477.742 19079.4 16209.2 724.24 494.904 319.822 283.372 166.914 15485
internal_count=118250 91341 14033 3001 11032 1948 77308 65650 3115 2175 1441 1155 684 62535
is_linear=0
shrinkage=0.03


Tree=207
num_leaves=15
num_cat=0
split_feature=0 12 3 18 1 10 2 13 6 13 12 17 12 6
split_gain=4.54539 11.7588 14.3421 13.28 10.173 8.80077 12.3918 9.01813 11.5816 6.81639 8.78643 6.45156 6.3489 12.9228
threshold=-0.0026587877269412803 -0.10869573812832249 0.095131435158148273 6.8209490046817391 -0.00022372442135887291 1.1912204623022011 -0.046972803427354541 0.18466358322719514 0.021517510280247367 0.40876577216814908 -0.062714753597154213 0.91597561503675351 -0.10193913903552819 0.013500711404560703
decision_type=2 2 2 2 2 2 2 2 2 2 2 2 2 2
left_child=1 -1 4 11 5 6 -3 8 -7 -5 -11 -4 13 -2
right_child=12 2 3 9 -6 7 -8 -9 -10 10 -12 -13 -14 -15
leaf_value=-0.00030052870778948327 0.0028314167718598094 0.013042297592350757 -0.0025074428654131378 0.011907270317494792 0.0047442959509002534 -0.00097434883772766761 0.0020296031691216863 -0.0086399223355206178 0.01350469206159036 0.0080497562570712687 -0.0078718630995978766 -0.011293010431062303 -0.00049622458287462061 -0.00010258191889725565
leaf_weight=5037.7009167522192 1798.2909807562828 94.944553554058075 618.72051005065441 78.55763666331768 1276.503690302372 610.16293025016785 1828.32945330441 121.08808118104935 52.115905344486237 64.942647010087967 56.427204355597496 84.030685305595398 12019.314703539014 5414.1161413192749
leaf_count=20359 7267 383 2494 316 5133 2456 7362 486 209 263 230 339 48710 22283
internal_value=0.000195075 0.000716469 0.00176477 -0.00164678 0.00253835 0.00149526 0.00258624 -0.00118303 0.000202262 0.00514126 0.000639873 -0.00358703 -7.40103e-05 0.000629543
internal_weight=29155.2 9923.52 4885.82 902.679 3983.14 2706.64 1923.27 783.367 662.279 199.927 121.37 702.751 19231.7 7212.41
internal_count=118290 40030 19671 3642 16029 10896 7745 3151 2665 809 493 2833 78260 29550
is_linear=0
shrinkage=0.03


Tree=208
num_leaves=15
num_cat=0
split_feature=5 10 11 12 15 15 10 7 18 11 7 6 10 10
split_gain=6.4195 10.3751 7.24493 12.1422 19.674 16.6818 12.3515 12.7441 16.4347 10.8799 14.6305 13.1012 12.6718 12.5202
threshold=-0.0047276971969603112 3.1060220698289167 53.478289025517846 -0.18837568306368116 -0.021825373995523197 -0.016704466917745183 0.3527653807195224 0.54567531721297413 5.0218125251066823 61.051654117288585 0.56360674607743733 0.023847953956592702 0.69753597257854372 1.0968223693991566
decision_type=2 2 2 2 8 8 2 2 2 2 2 2 2 2
left_child=1 -1 3 5 -5 -2 -7 -8 -9 11 12 -4 -11 -12
right_child=2 -3 9 4 -6 6 7 8 -10 10 13 -13 -14 -15
leaf_value=-0.00043451548247065963 0.016632367151933978 -0.0077797894157327283 -0.00024665297818713235 -0.0052030948008246463 0.0010831946784628835 -0.009361177791715759 0.014849238085022339 0.015034591672443405 0.00056895529674053937 0.011461827755496931 -0.0015170429176612887 -0.0036996320747167528 -0.00034161642157096926 0.0018840228311520666
leaf_weight=11543.994309023023 88.71393258869648 173.71338753402233 4157.276534229517 480.23571443557739 6326.7170002162457 64.592107474803925 85.937530800700188 80.164881408214569 507.20764924585819 208.7339685857296 1697.1872987896204 1295.7382112443447 133.66816863417625 2281.1556677222252
leaf_count=46724 362 703 16858 1940 25554 264 348 327 2105 844 6943 5367 540 9292
internal_value=-1.91549e-06 -0.000544717 0.000363491 0.00105589 0.000638294 0.00448488 0.00298344 0.00419191 0.00258755 -0.0001774 0.000946812 -0.0010682 0.00687873 0.000433073
internal_weight=29125 11717.7 17407.3 7633.57 6806.95 826.616 737.902 673.31 587.373 9773.76 4320.75 5453.01 342.402 3978.34
internal_count=118171 47427 70744 30900 27494 3406 3044 2780 2432 39844 17619 22225 1384 16235
is_linear=0
shrinkage=0.03


Tree=209
num_leaves=15
num_cat=0
split_feature=12 11 7 6 18 16 14 15 10 4 2 18 18 7
split_gain=9.7935 7.33493 7.33574 16.007 9.56103 8.3811 13.5251 13.2308 10.6306 6.57361 14.853 13.8243 15.3887 12.2891
threshold=-0.007479455033291337 81.301159308380676 1.2358687128231436 0.0082367934719860016 4.9426533832507795 0.12940952255126045 0.016904228037209815 0.019876578101424073 1.441097198573271 -0.026625651604451347 -0.1014353305473472 5.1041394629981367 4.551503308954902 1.0139047295525188
decision_type=2 2 2 2 2 2 10 8 2 2 2 2 2 2
left_child=9 2 4 -4 -2 8 7 -7 -6 11 -11 12 -1 -13
right_child=1 -3 3 -5 5 6 -8 -9 -10 10 -12 13 -14 -15
leaf_value=-0.001578891507483782 0.0065215928906291161 0.0059301917670955889 0.015340447493070291 -0.0034741650951726714 -0.00015032072506329753 0.0069045252707703626 -0.020194304592037682 -0.0091185683199756836 -0.012341141050889111 -0.0079185674437098775 0.00016310724979419727 -0.00085201343964723462 0.0092324768483176521 0.0032475986119952834
leaf_weight=171.64249376952648 62.837362080812454 81.63430854678154 54.759101569652557 142.05248101055622 326.68341845273972 57.118145272135735 73.413716927170753 218.93916521966457 78.19297756254673 204.39653317630291 24474.780834510922 1784.2010724544525 376.91284377872944 1040.0941972136497
leaf_count=694 258 331 220 578 1328 231 302 890 319 861 99333 7206 1521 4194
internal_value=0.00015661 -0.0026233 -0.00332224 0.00186231 -0.00457239 -0.00551132 -0.0089037 -0.00577746 -0.0025538 0.000265365 9.55374e-05 0.0015072 0.00585616 0.000658967
internal_weight=29147.7 1095.63 1014 196.812 817.185 754.347 349.471 276.057 404.876 28052 24679.2 3372.85 548.555 2824.3
internal_count=118266 4457 4126 798 3328 3070 1423 1121 1647 113809 100194 13615 2215 11400
is_linear=0
shrinkage=0.03


Tree=210
num_leaves=15
num_cat=0
split_feature=13 3 3 16 5 3 3 1 7 0 7 6 18 5
split_gain=4.76915 8.21926 6.90344 6.04886 5.04192 10.0847 7.60442 8.97132 9.46935 8.21518 7.93679 6.69436 13.3477 15.3407
threshold=0.0036886029634298771 -0.11540275922478758 -0.042570673095322302 -0.25881904510252113 -0.10264886929878834 -0.033084289293683559 -0.19796370090907131 0.0010015861541206041 0.69203528165838646 -0.014985720243496535 0.87671418712265503 0.051659662103912006 6.0118686098479168 0.13983002710560713
decision_type=2 2 2 2 2 2 2 2 2 2 2 2 2 2
left_child=1 -1 3 -3 5 -2 7 9 -9 -6 -10 -8 -13 -14
right_child=4 2 -4 -5 6 -7 11 8 10 -11 -12 12 13 -15
leaf_value=-0.0065206794809741916 0.00099215614852553357 0.015434880349273341 0.00087008861192734829 0.0039044763069583733 0.0013488439680240504 0.011650079630164491 -5.6559028656741163e-05 -0.0087401439040599837 0.01329431542332145 -0.0116211916843071 -0.0013371828060309713 0.0013744075544981171 -0.0077341301990146169 -9.9735581678537619e-06
leaf_weight=65.699409887194633 1037.0346351265907 75.989918738603592 183.11118713021278 90.116578310728073 58.833031669259071 84.626597940921783 25650.373580813408 65.366182819008827 56.961034402251244 167.36494188010693 76.112000986933708 606.7704099714756 523.23634043335915 413.67762520909309
leaf_count=266 4201 314 745 371 237 344 103861 271 237 677 321 2521 2232 1700
internal_value=-0.000108137 0.00307747 0.00491005 0.00930025 -0.000154338 0.00181558 -0.000234467 -0.00420864 0.000452039 -0.00826549 0.00502985 -0.000172105 -0.00208949 -0.00433095
internal_weight=29155.3 414.917 349.218 166.106 28740.4 1121.66 27618.7 424.637 198.439 226.198 133.073 27194.1 1543.68 936.914
internal_count=118298 1696 1430 685 116602 4545 112057 1743 829 914 558 110314 6453 3932
is_linear=0
shrinkage=0.03


Tree=211
num_leaves=15
num_cat=0
split_feature=10 11 11 12 7 12 1 14 11 18 18 3 14 7
split_gain=4.70418 10.8077 16.2595 12.3428 13.9738 11.774 13.4805 8.03419 7.74468 7.26905 6.1618 5.95837 13.2661 5.86392
threshold=3.2473383646980083 74.93001397424689 66.427082818806241 -0.08883148051066779 1.4875063394645116 -0.05846086436015268 -0.00047698895677505954 0.35425906146945513 49.769844575758292 6.4914113506917541 5.7655773035037488 0.13442113458695051 0.14328246107089679 2.2241095298458959
decision_type=2 2 2 2 2 2 2 10 2 2 2 2 10 2
left_child=7 2 3 4 8 -5 -7 13 -2 -4 -9 -6 -13 -1
right_child=1 -3 9 5 11 6 -8 10 -10 -11 -12 12 -14 -15
leaf_value=1.0706921253397021e-05 0.0011757454546671966 -0.012301412484135334 0.0018531499264355126 -0.017095378250369487 -0.0097090256295974224 0.0068100905805629913 -0.011025171281624531 0.01555400604593116 0.015857984599882659 0.017657857918717126 0.0021588572228368125 0.0076620252202955407 -0.0098735349463839241 0.0073786667206019348
leaf_weight=27998.306608110666 65.942750379443169 84.156546831130981 52.761597082018852 84.634988620877266 91.126630112528801 66.600513979792595 84.21479494869709 49.685781180858612 62.103546485304832 51.054716497659683 78.813142701983452 85.862029537558556 67.575084567070007 95.554347828030586
leaf_count=113595 268 345 214 344 369 268 342 202 255 207 326 347 273 389
internal_value=6.56681e-06 -0.00226486 -0.00104722 -0.00292741 0.00047654 -0.00827295 -0.00316302 7.079e-05 0.00843112 0.00981242 0.00749726 -0.00372285 -8.84663e-05 3.62907e-05
internal_weight=29018.4 796.033 711.877 608.06 372.61 235.45 150.815 28222.4 128.046 103.816 128.499 244.564 153.437 28093.9
internal_count=117744 3232 2887 2466 1512 954 610 114512 523 421 528 989 620 113984
is_linear=0
shrinkage=0.03


Tree=212
num_leaves=15
num_cat=0
split_feature=18 10 3 15 13 17 10 5 6 6 2 13 3 4
split_gain=6.85365 9.26714 14.3388 11.319 15.4067 21.3575 18.5479 26.6238 15.4666 15.2158 30.9315 25.3287 33.2741 16.2546
threshold=5.9287018829556883 0.76341690683888774 -0.2644333273984944 0.027450659101834866 0.063968293522398759 0.1294095225512602 1.1684803496498646 -0.010042123854477223 0.034774783457312115 0.044072633726824996 0.018982706987395907 0.063968293522398759 0.067601428892790874 0.044793447283660977
decision_type=2 2 2 8 2 2 2 2 2 2 2 2 2 2
left_child=-1 2 -2 4 5 -3 -7 -8 -6 11 -11 -5 13 -13
right_child=1 3 -4 9 8 6 7 -9 -10 10 -12 12 -14 -15
leaf_value=-0.00068266007238376985 -0.0074312821725618363 0.0036156349704141019 0.0017611300540664122 -0.0010036597366581352 -0.0042073382661223391 0.0014831318055630125 0.0028961974033625054 -0.012321798899255328 0.00047057659175672121 -0.010390755589141581 0.0023680459202985635 0.0062700107956987052 -0.00052696656137245939 -0.0081147854638547456
leaf_weight=13288.084414154291 156.57790705561638 1071.1424836814404 4167.6382385641336 2754.504126265645 1960.7200466543436 485.51847153902054 158.94581469893456 290.9964387267828 940.57782304286957 320.23405040800571 363.13035804033279 1688.4972775429487 1396.2146784216166 72.122970640659332
leaf_count=53939 639 4320 16885 11100 7952 1955 640 1172 3856 1408 1492 6828 5658 295
internal_value=-0.000180379 0.000241365 0.001425 -0.000203771 -0.00129437 0.000726392 -0.00258257 -0.00695689 -0.00269152 0.00060802 -0.00362378 0.00109829 0.00293182 0.00567221
internal_weight=29114.9 15826.8 4324.22 11502.6 4907.9 2006.6 935.461 449.942 2901.3 6594.7 683.364 5911.34 3156.83 1760.62
internal_count=118139 64200 17524 46676 19895 8087 3767 1812 11808 26781 2900 23881 12781 7123
is_linear=0
shrinkage=0.03


Tree=213
num_leaves=15
num_cat=0
split_feature=18 15 3 7 5 5 4 5 15 3 1 3 7 4
split_gain=6.5523 31.8085 16.3231 13.0658 21.6936 21.173 10.6169 13.9847 10.2501 8.57541 9.3746 8.39798 11.4096 8.04986
threshold=4.7819643000504515 -0.03027806689713319 0.049907575552760715 0.65049289702919422 -0.034565236458352792 0.0020316887483018413 0.01352104041150193 0.0026217802408284867 -0.0010108487091442517 0.11730526561789524 0.017052747410155614 -0.0062700729953679693 0.8877833632560449 0.002695985589223238
decision_type=2 10 2 2 2 2 2 2 10 2 2 2 2 2
left_child=1 2 6 4 -3 -6 7 11 9 10 -5 -1 -13 -9
right_child=-2 3 -4 8 5 -7 -8 13 -10 -11 -12 12 -14 -15
leaf_value=-0.0038568738788100831 0.00013229507494855004 0.0078679080347319845 -0.017907647158548218 0.0048880841813066667 -0.013169692359250824 0.0013520626153117879 -0.018181147433975243 0.013556042524410863 -4.2075408233712398e-05 0.016272181684680011 -0.0073605186290109492 -0.005241190169675931 -0.023595724499349106 -0.0012780944109812772
leaf_weight=437.87951098382473 26046.929459035397 108.32324123382568 94.775466680526733 551.14641733467579 220.62323476374149 151.52119088172913 47.813631787896156 54.267146497964859 1112.154186591506 50.920333206653595 60.821096166968346 78.729579120874405 49.400404378771782 78.614786982536316
leaf_count=1781 105687 437 391 2229 893 614 200 220 4509 206 249 319 201 322
internal_value=-2.28485e-05 -0.00132691 -0.00629709 0.000531287 -0.0038475 -0.00728144 -0.00477952 -0.0038134 0.00171953 0.00466629 0.00365073 -0.00586699 -0.0125717 0.00489114
internal_weight=29143.9 3096.99 841.481 2255.51 480.468 372.144 746.705 698.891 1775.04 662.888 611.968 566.009 128.13 132.882
internal_count=118258 12571 3434 9137 1944 1507 3043 2843 7193 2684 2478 2301 520 542
is_linear=0
shrinkage=0.03


Tree=214
num_leaves=15
num_cat=0
split_feature=4 6 15 6 10 10 18 10 6 5 11 16 15 1
split_gain=5.99592 16.4853 6.18765 11.3157 16.0759 12.7886 15.7295 14.8691 13.7274 14.1001 13.6615 12.0977 14.0208 11.6584
threshold=0.29547526208562452 0.087894442413010088 0.0014257057095417027 0.016021602937408397 0.25150614728889648 1.1912204623022011 7.7012989446715023 1.0262298934071119 0.0071476243764290919 -0.0057282669217427742 48.541052958437 -0.37940952255126059 -0.025661915114333574 -0.023318266791922945
decision_type=2 2 8 2 2 2 2 2 2 2 2 2 10 2
left_child=2 -2 3 5 -5 7 8 -1 9 -7 -9 12 -10 -6
right_child=1 -3 -4 4 13 6 -8 10 11 -11 -12 -13 -14 -15
leaf_value=0.001830959392112795 0.0042704928134533922 -0.018688190656702051 -0.00026630417764249862 -0.016121587737112936 0.0022883222585336001 0.0018241876252504626 0.014079122060871068 0.0033449042155323252 -0.01776152615981429 -0.012406341123041923 0.013862776488944939 0.0033151546792837003 -0.0013173561205335673 -0.0013046154791578972
leaf_weight=2995.4874860644341 56.569257825613022 52.86478553712368 20502.369635090232 56.233828067779541 1152.3264468610287 93.513101309537888 55.833139196038246 277.41105696558952 55.898411452770233 185.15047968924046 185.44140547513962 437.71502207219601 242.5139976143837 2745.225730150938
leaf_count=12100 235 225 83244 228 4637 377 225 1119 227 745 750 1769 980 11199
internal_value=-1.10604e-05 -0.00695662 1.56409e-05 0.00069699 -0.000475613 0.00172043 -0.00114311 0.00260707 -0.00200668 -0.00765193 0.00760039 0.000145296 -0.00449541 -0.000241721
internal_weight=29094.6 109.434 28985.1 8482.75 3953.79 4528.96 1070.62 3458.34 1014.79 278.664 462.852 736.127 298.412 3897.55
internal_count=118060 460 117600 34356 16064 18292 4323 13969 4098 1122 1869 2976 1207 15836
is_linear=0
shrinkage=0.03


Tree=215
num_leaves=15
num_cat=0
split_feature=18 6 15 5 10 11 10 4 6 10 17 11 11 15
split_gain=6.15868 13.0472 20.5881 15.1637 16.6455 14.2601 12.3182 10.6924 10.5016 10.0581 10.8354 16.6378 17.9191 12.8701
threshold=5.9669141118540532 0.051659662103912006 -0.007193059469887241 0.15050701531176938 0.44319425938557105 53.273907033960647 0.19570537667035851 0.074024066571174232 0.1265324924013623 0.63431650437084841 -0.12940952255126037 44.195917548939477 47.522977477722357 -0.033630689260804918
decision_type=2 2 8 2 2 2 2 2 2 2 2 2 2 10
left_child=-1 6 7 4 -4 8 -2 -3 -6 10 11 -8 -13 -12
right_child=1 2 3 -5 5 -7 9 -9 -10 -11 13 12 -14 -15
leaf_value=-0.00042013534432759733 -0.010206315008771396 0.0089107525184651416 0.0063701085412775109 0.0012255518858096761 -0.0074859010402017201 -0.017813931091427856 -0.0055235577552838842 -0.0066051354437122551 0.0041114969099793888 0.00043556200558060132 0.0080201096893240658 0.011870604056355712 0.00045843621032062084 0.0018973261891611225
leaf_weight=13747.370190516114 90.125197514891624 188.2385336458683 82.249686405062675 346.46408019959927 524.32635433971882 106.41789127886295 305.93064656853676 49.032071501016617 79.797006160020828 11542.455813929439 530.85105250775814 152.24761798977852 628.81404902040958 739.45536695420742
leaf_count=55815 365 769 339 1426 2209 468 1233 203 328 46696 2141 615 2550 2989
internal_value=4.11417e-05 0.000453819 -0.00233092 -0.00400553 -0.00628893 -0.00776807 0.000728115 0.00567598 -0.00594552 0.000800472 0.00258536 0.00038506 0.00270758 0.00446457
internal_weight=29113.8 15366.4 1376.53 1139.26 792.791 710.541 13989.9 237.271 604.123 13899.8 2357.3 1086.99 781.062 1270.31
internal_count=118146 62331 5742 4770 3344 3005 56589 972 2537 56224 9528 4398 3165 5130
is_linear=0
shrinkage=0.03


Tree=216
num_leaves=15
num_cat=0
split_feature=7 3 7 11 16 15 11 12 6 7 6 15 1 1
split_gain=7.64367 12.9573 13.7636 15.4545 10.4656 6.18329 5.29961 6.09461 13.4353 13.9866 28.9029 7.29561 9.41453 7.97699
threshold=1.9873758726661304 -0.11540275922478758 2.3683024011598328 66.015097005362193 -0.78656609248549292 0.012352725271043143 84.561541085741325 -0.01036761889090698 0.026151925405482935 1.2358687128231436 0.0082367934719860016 0.057047682931192341 0.041413501021317363 -0.0020692480584405533
decision_type=2 2 2 2 2 8 2 2 2 2 2 10 2 2
left_child=6 -2 3 4 -3 -6 7 -1 9 11 -11 12 13 -9
right_child=1 2 -4 -5 5 -7 -8 8 -10 10 -12 -13 -14 -15
leaf_value=0.00022589655127733461 0.0073093905889146269 -0.025013198971950871 0.0042760882709458013 0.002527356395792399 -0.0012427735778631085 -0.01337355688004474 0.007121528780696329 0.0035039837331458526 -0.015187805348802449 0.017121315606043356 -0.0021956262138263728 0.0078192736584830908 0.0098008688721391481 -0.0041945390690230639
leaf_weight=26842.795272886753 77.578317478299141 49.828435093164444 88.905292019248009 75.838811874389648 57.078949078917503 112.69074587523937 95.486448973417282 134.27773188054562 61.233177289366722 106.75281597673893 193.12487336993217 58.374634265899658 48.954423293471336 1119.8126329183578
leaf_count=108920 314 202 365 309 231 457 389 541 255 429 784 237 201 4549
internal_value=7.68619e-05 -0.00374315 -0.00600037 -0.0091008 -0.0131032 -0.00935698 0.000138685 0.000114846 -0.00161394 -0.00109597 0.00474884 -0.00238847 -0.00285705 -0.00336598
internal_weight=29122.7 461.921 384.342 295.437 219.598 169.77 28660.8 28565.3 1722.53 1661.3 299.878 1361.42 1303.04 1254.09
internal_count=118183 1878 1564 1199 890 688 116305 115916 6996 6741 1213 5528 5291 5090
is_linear=0
shrinkage=0.03


Tree=217
num_leaves=15
num_cat=0
split_feature=5 14 2 10 11 5 4 7 4 10 15 14 7 15
split_gain=6.91496 9.06097 9.81541 14.5857 12.7644 9.10344 12.0134 11.0149 8.80036 10.7077 8.7705 10.5821 8.68065 13.4345
threshold=-0.10264886929878834 -0.07433893493751241 -0.030710120539537252 0.48191999654418488 49.677941592928399 -0.070809771229243798 -0.050223868013445021 1.1006768688377107 -0.030291975005903523 1.6307040348549016 -0.028756159123452193 -0.025459626941661147 0.69589129185446519 -0.0051624250243720296
decision_type=2 8 2 2 2 2 2 2 2 2 8 10 2 10
left_child=12 2 3 -2 -5 6 -3 -8 9 10 11 -7 13 -1
right_child=1 5 -4 4 -6 8 7 -9 -10 -11 -12 -13 -14 -15
leaf_value=-0.006147362747060842 0.0071510021420700459 0.004074670724904075 0.0066730247986394277 -0.0041517482407022891 -0.018710500552074925 -0.0099565778051966588 -0.0039610922489620309 -0.016566004339952915 -8.7155813544886109e-06 -0.0040646763392010784 0.0054771163197955882 0.0061401108042463057 0.0039849187847840195 0.0060255730672571801
leaf_weight=219.77763441205025 93.816404536366463 127.17786741256714 84.92640146613121 714.28696954250336 56.942666828632355 78.052170902490616 317.42830489575863 76.35320195555687 25458.177303731441 169.45312590897083 728.39314191043377 66.138268530368805 810.35805024206638 127.18694865703583
leaf_count=889 383 512 345 2908 249 315 1288 310 103324 682 2934 268 3285 516
internal_value=1.73998e-05 -7.66948e-05 -0.00295328 -0.00391156 -0.00527229 2.46474e-05 -0.003895 -0.00647651 0.000101991 0.00280151 0.00414115 -0.00259025 0.00228777 -0.00167616
internal_weight=29128.5 27971.1 949.972 865.046 771.23 27021.2 520.959 393.782 26500.2 1042.04 872.584 144.19 1157.32 346.965
internal_count=118208 113518 3885 3540 3157 109633 2110 1598 107523 4199 3517 583 4690 1405
is_linear=0
shrinkage=0.03


Tree=218
num_leaves=15
num_cat=0
split_feature=15 6 16 10 2 3 7 10 15 6 15 5 11 4
split_gain=6.48284 19.705 14.2068 14.4192 13.003 13.89 11.8786 11.2615 13.1903 11.0428 8.31723 15.2489 11.4106 8.26838
threshold=-0.025661915114333574 0.063021960659028195 -0.60355339059327362 1.1030294257603568 -0.092402462750981837 -0.001591356937628907 1.3695367087395554 0.94014228150901413 -0.049197764638906787 0.025225176446661429 -0.022409602070189379 0.00015772197210495167 57.639788626176561 0.00019196814334221382
decision_type=8 2 2 2 2 2 2 2 10 2 8 2 2 2
left_child=1 2 3 7 -4 6 13 8 -1 -7 11 -2 -13 -6
right_child=10 -3 4 -5 5 9 -8 -9 -10 -11 -12 12 -14 -15
leaf_value=0.0078403401576773325 0.0071201888939200764 0.011517526842870831 -0.008031759059633008 -0.012893693373901872 0.0031996235600560397 -0.0064909305806090138 -0.0089272097795964154 0.0087175818979999889 -0.008946967598872967 0.0046808119308978822 -5.2198190520994499e-05 -0.0083398004071354205 0.0079848706954111295 0.013590946900993717
leaf_weight=51.653020545840263 371.7368877530098 92.78829237818718 187.14056481420994 202.90344814956188 493.72191645205021 316.36223554611206 62.455405026674271 61.256849378347397 198.65461859107018 104.58169060945511 26749.16343614459 126.75641836225986 53.178429737687111 78.587403178215027
leaf_count=209 1503 379 759 822 1996 1279 253 248 806 426 108574 514 217 321
internal_value=-9.33906e-05 -0.00181097 -0.00252703 -0.00670924 -0.000787834 0.000509022 0.00330731 -0.00262512 -0.00544808 -0.00370635 2.31296e-05 0.00366258 -0.00348042 0.00466888
internal_weight=29150.9 1850.11 1757.32 514.468 1242.85 1055.71 634.765 311.564 250.308 420.944 27300.8 551.672 179.935 572.309
internal_count=118306 7498 7119 2085 5034 4275 2570 1263 1015 1705 110808 2234 731 2317
is_linear=0
shrinkage=0.03


Tree=219
num_leaves=15
num_cat=0
split_feature=2 4 12 11 12 3 18 5 3 12 11 3 2 1
split_gain=8.59468 10.6462 12.6037 13.36 11.5568 14.7026 11.9896 16.8523 14.5488 12.7447 12.1794 10.3908 12.9668 10.2559
threshold=-0.010730419883325902 -0.0018892416179646097 -0.031396038897851634 40.315374055445055 -0.18593692358462408 -0.32210919300301727 6.172030908893503 0.020915555491079155 -0.018378729923448984 -0.17018932820433283 40.802714063900432 0.0018385972678067743 0.0016118115385621581 -0.0087100294376373216
decision_type=2 2 2 2 2 2 2 2 2 2 2 2 2 2
left_child=-1 2 4 -4 5 -2 7 9 -8 -6 -10 -5 -13 -3
right_child=1 13 3 11 6 -7 8 -9 10 -11 -12 12 -14 -15
leaf_value=-0.00058747499955291065 -0.011275312365076517 0.0024500262472809437 -0.0055395649762754288 0.010470069171753417 -0.014141294676299756 0.0052049463545877309 0.0080829815446549439 -0.014466542922782355 -0.010727015199063867 -0.00021755077582806014 0.0016599475021546249 -0.0012411235867050179 0.014311632388913902 -0.00013650110050260027
leaf_weight=10090.4080555439 50.133321493864059 1535.0304336100817 84.440202698111534 348.16412889957428 59.858311787247658 773.24183361232281 303.68249703943729 84.469757273793221 78.78145344555378 1360.1963197439909 615.81967630982399 198.31182950735092 61.643817842006683 13476.183614164591
leaf_count=40880 203 6189 340 1405 243 3142 1221 341 317 5482 2480 798 248 54885
internal_value=0.000120239 0.000495519 0.0018665 0.00554255 0.00109822 0.00417661 8.29638e-05 -0.00160769 0.00262908 -0.000823529 0.000228257 0.00709447 0.00252804 0.000128286
internal_weight=29120.4 19030 4018.74 692.56 3326.18 823.375 2502.81 1504.52 998.284 1420.05 694.601 608.12 259.956 15011.2
internal_count=118174 77294 16220 2791 13429 3345 10084 6066 4018 5725 2797 2451 1046 61074
is_linear=0
shrinkage=0.03


Tree=220
num_leaves=15
num_cat=0
split_feature=12 15 3 10 3 14 13 18 10 10 13 18 17 6
split_gain=5.88148 16.6949 22.1676 14.2303 13.6798 12.85 10.0533 9.62891 15.6749 14.9683 12.1133 10.4676 11.2378 10.7972
threshold=-0.39298522344820241 0.0031658403455487876 -0.096669897714859218 0.71143036893713762 0.39382656581200731 -0.1329020463571757 0.33752963190372903 5.634788013191959 1.1836321863824832 0.90418621422790746 0.722378934312498 5.4315893178040549 -0.60355339059327384 0.045264306737334427
decision_type=2 8 2 2 2 10 2 2 2 2 2 2 2 2
left_child=1 5 7 -4 -5 6 -1 11 9 10 -9 12 -3 -14
right_child=-2 2 3 4 -6 -7 -8 8 -10 -11 -12 -13 13 -15
leaf_value=0.0073669092258482503 -0.00011903209865104433 -0.0092535049010572263 0.014066041771538739 0.0083725598192045617 -0.0080175804269575872 -0.0053483575743850887 -0.0037538437975923535 0.0011144805364669743 0.0078177462220108736 -0.020236248036901501 -0.014019768068606399 0.014948161975719066 0.015461561270449273 -0.0012673808626985936
leaf_weight=175.56543697416782 27280.47038346529 60.528497844934464 237.98285521566868 146.84840926527977 64.392598092556 414.37679268419743 122.793949842453 184.86516286432743 97.542777583003044 52.006882756948471 61.983942434191704 66.584156215190887 59.531170919537544 79.062651827931404
leaf_count=709 110679 248 973 598 264 1697 505 752 397 212 256 272 241 322
internal_value=-8.70856e-06 0.0016396 0.00393531 0.00906322 0.00334802 -0.00194097 0.00279549 0.000439315 -0.00251878 -0.00592203 -0.00276787 0.00483825 0.00134258 0.00603605
internal_weight=29104.5 1824.07 1111.33 449.224 211.241 712.736 298.359 662.105 396.399 298.856 246.849 265.706 199.122 138.594
internal_count=118125 7446 4535 1835 862 2911 1214 2700 1617 1220 1008 1083 811 563
is_linear=0
shrinkage=0.03


Tree=221
num_leaves=15
num_cat=0
split_feature=14 7 3 0 15 12 4 3 11 12 6 16 11 17
split_gain=6.16432 9.79112 11.4107 12.9149 9.17906 12.9238 8.43342 13.9489 12.4636 11.9844 13.7389 11.2799 10.0935 9.53788
threshold=-0.046124083754922822 0.73694300387696332 -0.29134830707531939 0.012366440007301071 0.0031658403455487876 -0.16816567900779902 -0.030291975005903523 -0.20997638956147466 37.572039958257513 -0.26701403778696076 0.041038707644377323 0.12940952255126045 40.315374055445055 -0.78656609248549325
decision_type=8 2 2 2 10 2 2 2 2 2 2 2 2 2
left_child=1 4 3 -3 -1 -6 7 8 -2 12 -11 -10 -9 -8
right_child=6 2 -4 -5 5 -7 13 9 11 10 -12 -13 -14 -15
leaf_value=-0.0065962783842812888 -0.0092567900937365229 0.0015780716106454345 -0.001035978720234879 0.016254553968412331 0.0030259232135743724 -0.011456521371684222 0.001232496860784014 0.013684926144033717 -0.004608665258112021 0.0033601691606580946 -0.0087482140377204854 0.013326318173308789 0.0039115771871905194 -0.00020886336207588633
leaf_weight=492.28975963592529 150.6734534651041 199.97509686648846 1695.8599960654974 72.167109578847885 255.15603901445866 68.703819394111633 5221.6012192815542 170.32419271767139 68.37271574139595 607.13273087143898 95.943892747163773 55.473058894276619 217.42829048633575 19768.486476495862
leaf_count=2000 607 809 6897 298 1039 279 21197 686 277 2447 386 224 877 80231
internal_value=7.60612e-05 -0.00126591 -0.000119118 0.0055602 -0.00402415 -9.785e-05 0.000217911 0.00251203 -0.00351399 0.0040322 0.0016877 0.0035089 0.00825281 9.23789e-05
internal_weight=29139.6 2784.15 1968 272.142 816.15 323.86 26355.4 1365.35 274.519 1090.83 703.077 123.846 387.752 24990.1
internal_count=118254 11322 8004 1107 3318 1318 106932 5504 1108 4396 2833 501 1563 101428
is_linear=0
shrinkage=0.03


Tree=222
num_leaves=15
num_cat=0
split_feature=1 6 6 3 15 15 16 15 2 6 16 6 13 3
split_gain=5.85819 5.45452 7.48011 11.3965 10.8839 8.34324 18.9717 14.9042 12.5123 13.2758 12.347 10.5065 13.0751 15.9019
threshold=0.13440996462098478 0.18630081794791728 0.083409049970581461 -0.52587465873450556 -0.025661915114333574 -0.025661915114333574 -0.60355339059327362 -0.046516116553731106 -0.092402462750981837 0.031982850256028254 0.91597561503675362 0.025225176446661429 0.12990312211949087 -0.078553937085460643
decision_type=2 2 2 2 8 8 2 10 2 2 2 2 2 2
left_child=1 2 3 -1 -4 6 7 -5 9 -8 11 12 13 -10
right_child=-2 -3 4 5 -6 -7 8 -9 10 -11 -12 -13 -14 -15
leaf_value=-0.010746942452229897 -0.0040171962964207593 -0.0073492688708281786 0.016113884796050446 0.0025253670944926439 0.0019911319832077411 0.00014591699175778809 -0.01312363299594377 -0.0095118929974445741 -0.011879444737420313 0.0027337669630047592 0.0093199932560247955 0.0069115607409242783 -0.0089143209614462697 0.0026142273285737344
leaf_weight=86.910800993442535 322.74772508442402 87.755198746919632 50.722397044301033 119.03931066393852 734.16099174320698 26089.455536648631 118.3736442476511 403.31620405614376 76.902439668774605 77.52846784889698 147.62358692288399 160.84909024834633 164.23273637890816 497.19555176794529
leaf_count=352 1373 355 206 482 3007 105799 480 1637 312 316 597 654 666 2010
internal_value=-1.04087e-05 3.47473e-05 5.78146e-05 -2.34202e-05 0.00294244 1.08082e-05 -0.00198415 -0.00676956 3.49854e-05 -0.00688384 0.00134045 1.26311e-05 -0.00150495 0.000638248
internal_weight=29136.8 28814.1 28726.3 27941.4 784.883 27854.5 1765.06 522.356 1242.71 195.902 1046.8 899.18 738.331 574.098
internal_count=118246 116873 116518 113305 3213 112953 7154 2119 5035 796 4239 3642 2988 2322
is_linear=0
shrinkage=0.03


Tree=223
num_leaves=15
num_cat=0
split_feature=18 14 2 14 5 10 7 18 1 10 12 5 13 12
split_gain=6.05065 17.2735 20.097 14.6776 12.7376 11.6975 9.80306 11.4346 9.57361 10.13 17.1216 8.70803 11.5727 9.69823
threshold=4.7819643000504515 -0.19305362714338917 0.033336108983634379 -0.08220946359868285 0.032393104095463039 1.5356924582582909 0.84769236441792961 4.1463604342986402 -0.00022372442135887291 1.0968223693991566 -0.017019722136771161 -0.033670596650889277 0.33752963190372903 -0.1722063161155267
decision_type=2 10 2 10 2 2 2 2 2 2 2 2 2 2
left_child=1 2 6 -3 5 11 7 -1 -6 -10 -11 13 -13 -5
right_child=-2 3 -4 4 8 -7 -8 -9 9 10 -12 12 -14 -15
leaf_value=0.0069394047331698778 8.6798156738784364e-05 0.010371424938753784 -0.020357629355724077 0.0079426619140344264 -0.0035503555334968988 -0.012080533843847044 -0.0074555815500304077 -0.0040757963588291726 0.00164416633675374 0.02463478716217634 0.0021468890482227972 -0.0013415367863941958 -0.01416188985534186 -0.0033776781485424334
leaf_weight=126.4944663643837 26036.296806648374 114.09143975377083 69.628270491957664 181.98696283996105 87.364494204521179 87.943332463502884 323.43612632155418 247.52797064185143 117.32201509177685 62.660077854990959 58.417818158864975 1439.7185067534447 64.33101199567318 106.70045034587383
leaf_count=512 105654 461 290 735 352 356 1321 1011 479 255 238 5832 263 433
internal_value=-6.21472e-05 -0.00131737 -0.00521378 -2.59727e-05 -0.00057251 -0.00152223 -0.00364806 -0.000333358 0.00488615 0.00798163 0.013996 -0.000991399 -0.00190797 0.00376415
internal_weight=29123.9 3087.62 767.087 2320.54 2206.44 1880.68 697.459 374.022 325.764 238.4 121.078 1792.74 1504.05 288.687
internal_count=118192 12538 3134 9404 8943 7619 2844 1523 1324 972 493 7263 6095 1168
is_linear=0
shrinkage=0.03


Tree=224
num_leaves=15
num_cat=0
split_feature=12 3 7 16 6 18 15 15 6 18 0 0 0 6
split_gain=5.5888 15.2916 10.1873 19.7475 15.3395 10.5731 10.2957 7.61472 5.70771 17.4778 11.3254 14.7794 12.5482 12.3742
threshold=-0.6119886188955902 -0.52587465873450556 0.69203528165838646 -0.60355339059327362 0.18630081794791728 5.2018583670862393 0.00094642508703790551 0.025388148854255114 0.048943662751261628 5.1690978931103366 -0.051943565562889642 0.0046442293906283636 -0.012965362877263574 0.099514005546604431
decision_type=2 2 2 2 2 2 10 8 2 2 2 2 2 2
left_child=2 -2 3 -1 5 -4 -5 -7 -3 -10 -11 12 -12 -14
right_child=1 8 4 6 -6 7 -8 -9 9 10 11 -13 13 -15
leaf_value=-0.014860732337363942 -0.015668541538510782 -3.5259063325108106e-05 0.0010817803531273866 -0.0011527429202968361 -0.0053891195154188477 0.018657020026688977 0.014641327250278337 0.0048687191882919728 0.0085910785916842071 0.0034721703803256444 -0.0023429414119869739 -0.00024260214336494247 -0.011068942801552456 0.0046302633579419607
leaf_weight=71.447868555784225 55.300028294324875 26373.457893744111 83.501831397414207 120.4915377497673 76.546813637018204 110.87041717767715 51.536173403263092 55.590463384985924 137.80789317190647 256.15881799161434 462.04748843610287 783.1555884629488 408.63186565041542 49.667674228549004
leaf_count=291 225 106807 340 490 315 453 210 228 566 1037 1875 3274 1781 205
internal_value=-0.000127413 -0.000186273 0.00280875 -0.00182849 0.00625678 0.00983761 0.00369274 0.0141648 -0.000155103 -0.00166055 -0.00238949 -0.00327396 -0.00584732 -0.00935483
internal_weight=29096.2 28526.2 569.985 243.476 326.51 249.963 172.028 166.461 28470.9 2097.47 1959.66 1703.5 920.347 458.3
internal_count=118097 115770 2327 991 1336 1021 700 681 115545 8738 8172 7135 3861 1986
is_linear=0
shrinkage=0.03


Tree=225
num_leaves=15
num_cat=0
split_feature=18 14 6 13 7 15 11 15 15 17 10 17 14 6
split_gain=5.07059 15.1494 8.77262 16.508 15.566 13.5361 15.7208 13.3309 13.5977 12.7911 11.8383 11.742 11.0786 12.9081
threshold=5.4875680472084634 0.30167833597128008 0.015152164665063561 0.27427081000911996 0.97586688403051747 -0.022727485165491054 56.890117230063474 0.047046894155371007 0.038032143113977852 0.78656609248549303 1.7996041335591466 -0.78656609248549325 -0.010169373296655347 0.023847953956592702
decision_type=2 10 2 2 2 10 2 10 10 2 2 2 8 2
left_child=1 2 7 9 5 6 -5 8 11 -4 -6 -1 13 -11
right_child=-2 -3 3 4 10 -7 -8 -9 -10 12 -12 -13 -14 -15
leaf_value=0.0025293204681200968 0.00016820666463225714 0.014357786844282442 -0.0051088655439740522 0.0090954213588208821 0.009652705298299747 -0.0043287662055987216 -0.0097858469651285109 0.0072645846828552369 -0.011995961925027353 0.013975105871925127 -0.0044027354107514741 -0.00094188443482652292 -0.0030937886691727503 -0.0035997243060177718
leaf_weight=1110.0124117136002 20631.826511949301 57.692401051521301 1470.9607750028372 166.18748888373375 239.80276092886925 482.82580007612705 50.153155297040939 209.99366508424282 87.58035384118557 94.669676721096039 68.126905232667923 4148.9702629595995 236.44394658505917 60.449843421578407
leaf_count=4487 83721 235 5994 683 985 1977 210 849 356 383 276 16806 965 244
internal_value=-8.56719e-05 -0.00070297 -0.000809471 -0.00215582 0.000937449 -0.00153933 0.00466873 -0.000113637 -0.000406034 -0.00382762 0.00653471 -0.000208535 0.000987062 0.00716758
internal_weight=29115.7 8483.87 8426.18 2869.62 1007.1 699.166 216.341 5556.56 5346.56 1862.52 307.93 5258.98 391.563 155.12
internal_count=118171 34450 34215 11717 4131 2870 893 22498 21649 7586 1261 21293 1592 627
is_linear=0
shrinkage=0.03


Tree=226
num_leaves=15
num_cat=0
split_feature=15 6 10 15 13 13 13 12 16 7 5 6 6 16
split_gain=4.98591 18.0725 16.3699 13.6818 11.7858 16.0631 12.1657 12.4562 13.5782 11.314 19.4861 16.0499 17.513 19.281
threshold=0.0014257057095417027 0.01496777734917301 0.25150614728889648 -0.0077247210361961463 0.063968293522398759 0.24662476689482662 0.051992466253913301 -0.017019722136771161 0.37940952255126054 0.53283355230268015 0.0028304952442730351 0.017520364664878975 0.010128082287267118 -0.78656609248549292
decision_type=8 2 2 10 2 2 2 2 2 2 2 2 2 2
left_child=1 3 -3 -1 6 -6 7 8 -5 10 -2 12 13 -12
right_child=9 2 -4 4 5 -7 -8 -9 -10 -11 11 -13 -14 -15
leaf_value=0.0003857739982359916 -0.00056499258583722449 -0.015999000226822373 -0.00069877247992816346 0.0082033222202575404 -0.0013896650882649726 0.013657390873046786 0.013638658848431399 -0.0056252820343562692 0.00065804228499530173 -0.00065127516264701596 -0.010444837998175594 -0.0011361776557590247 0.014452949650118762 0.0073459543983281535
leaf_weight=2450.6773723214865 1331.7816543579102 61.900361627340317 4196.6655400544405 596.18665310740471 529.58398948609829 70.569511905312538 146.13142542541027 98.809430703520775 335.36407762765884 18518.397223308682 67.39965708553791 239.28333538770676 229.93552143871784 260.97728778421879
leaf_count=9899 5379 251 17056 2408 2140 285 590 399 1353 75260 271 979 926 1050
internal_value=-0.000161514 0.000450602 -0.000928575 0.00183975 0.00384266 0.00041914 0.0055854 0.00441904 0.0054942 -0.000413103 0.00165686 0.00535891 0.00813672 0.00365325
internal_weight=29133.7 8485.89 4258.57 4227.32 1776.65 600.154 1176.49 1030.36 931.551 20647.8 2129.38 797.596 558.312 328.377
internal_count=118246 34381 17307 17074 7175 2425 4750 4160 3761 83865 8605 3226 2247 1321
is_linear=0
shrinkage=0.03


Tree=227
num_leaves=15
num_cat=0
split_feature=1 17 14 10 15 11 14 16 3 15 14 12 11 10
split_gain=5.21075 10.0481 9.6344 10.5689 17.3559 11.2024 9.04319 16.3464 14.9343 14.54 12.6103 11.5991 9.69672 10.826
threshold=-0.0089412967445445784 -0.37940952255126015 -0.054648372034204133 0.62965430353700713 0.0015842766503264551 34.267219003336535 0.012499010757570541 0.12940952255126045 -0.13552772900782137 -0.009738378039469529 -0.016047702822578166 -0.032538672268029749 41.998025877767517 1.1153177194196218
decision_type=2 2 8 2 10 2 10 2 2 8 8 2 2 2
left_child=1 -1 3 4 5 -3 7 8 -4 -9 -11 -12 -10 -14
right_child=-2 2 6 -5 -6 -7 -8 9 12 10 11 -13 13 -15
leaf_value=-0.00087008222787270594 -0.00036806662969708642 0.0064670666398912047 -0.0035573818267563956 -0.0037432914101962881 0.012383142935239932 -0.01197807737784235 -0.00089812600700449883 -0.0069208205552336814 0.0084562479927708656 0.0083963195142622397 0.0011051306235827119 -0.012045183731363639 0.0063091822237035028 -0.00078586278400404627
leaf_weight=2754.9723893553019 21843.090006157756 50.216923251748085 171.1053491383791 569.63271318376064 109.34160135686398 67.042960405349731 741.75740550458431 207.47950865328312 664.90855060517788 204.03512053191662 870.29050812125206 62.855119973421097 497.09887030720711 315.50565119087696
leaf_count=11116 88877 202 688 2295 440 270 2987 837 2683 821 3503 253 2001 1269
internal_value=-0.00013633 0.000558294 0.00142673 -0.00156638 0.00389082 -0.0041029 0.0020653 0.00279977 0.0048001 0.000343791 0.00167905 0.000195481 0.00577145 0.00355926
internal_weight=29129.3 7286.24 4531.27 796.234 226.601 117.26 3735.04 2993.28 1648.62 1344.66 1137.18 933.146 1477.51 812.605
internal_count=118242 29365 18249 3207 912 472 15042 12055 6641 5414 4577 3756 5953 3270
is_linear=0
shrinkage=0.03


Tree=228
num_leaves=15
num_cat=0
split_feature=4 17 6 15 15 6 18 5 4 18 10 6 15 7
split_gain=7.0668 12.0276 23.1366 15.279 15.1829 18.6735 17.356 13.6181 14.2609 20.02 19.132 12.2197 11.7249 11.7645
threshold=-0.012344476155573767 -0.78656609248549325 0.018808806883991117 -0.023418151217777346 -0.023418151217777346 0.03539686766185466 6.972770184703375 0.028842767911992809 0.060944236101874834 6.4037954543346851 1.0858397541471125 0.0066696312779620818 0.0012470714636285687 0.40931773229360108
decision_type=2 2 2 8 10 2 2 2 2 2 2 2 8 2
left_child=-1 2 3 11 6 -6 7 -4 9 10 -9 -2 -5 -14
right_child=1 -3 4 12 5 -7 -8 8 -10 -11 -12 -13 13 -15
leaf_value=0.00078230012812551951 -0.018435123496065596 -0.00068642251755221409 -0.0062095209201231396 0.0062604067169139219 -0.0088274737337232251 0.0017206714360523392 0.012024257139383673 0.029590956713612875 -0.0065361807752131219 -0.0035584383540078483 0.0045527504726848075 -0.0011348742489885079 0.011297871069459044 0.0014063678569647057
leaf_weight=6704.7554235160351 50.212302476167679 17685.826021462679 253.77395929396152 692.1439917832613 465.50629541277885 222.29743194580078 105.01537822186947 49.530678600072861 87.357437193393707 78.28451906144619 60.685394749045372 125.02521966397762 111.39120537042618 2403.3149385452271
leaf_count=27089 202 71888 1073 2795 1903 923 430 203 362 320 247 507 449 9708
internal_value=-7.19585e-05 -0.000327812 0.00102004 0.00233527 -0.00234204 -0.00542322 0.00100375 -0.00121841 0.00338478 0.00800284 0.0161317 -0.00624415 0.00280769 0.00185315
internal_weight=29095.1 22390.4 4704.54 3382.09 1322.45 687.804 634.647 529.632 275.858 188.501 110.216 175.238 3206.85 2514.71
internal_count=118099 91010 19122 13661 5461 2826 2635 2205 1132 770 450 709 12952 10157
is_linear=0
shrinkage=0.03


Tree=229
num_leaves=15
num_cat=0
split_feature=13 3 10 7 6 7 12 10 16 7 13 18 10 3
split_gain=5.13165 10.921 11.894 14.7247 23.9438 13.1348 6.94921 16.7421 16.0735 7.62748 7.17274 9.97352 18.3751 15.0436
threshold=1.8079501277464378 -0.32210919300301727 2.878519523678849 1.0108769861450178 0.075503481381730436 1.121417312025679 -0.6119886188955902 0.75041183964057467 -0.37940952255126059 0.68808243260652047 0.87359046014016351 5.5894596572025561 0.52297991223014784 0.2730958309440446
decision_type=2 2 2 2 2 2 2 2 2 2 2 2 2 2
left_child=6 -2 3 -3 -5 -6 7 8 9 -1 -8 -12 -13 -14
right_child=1 2 -4 4 5 -7 10 -9 -10 -11 11 12 13 -15
leaf_value=-0.016933212006832826 -0.0096233642751323394 0.0016328121786737268 -0.0078607365409794714 0.028495620524307312 0.016479360209896113 -0.001399630791317536 -3.5247549114668068e-06 0.012454456611767745 0.0050334657314766926 -0.0012548823004825953 0.0023348631143270877 0.0078954345693553248 -0.011020653796334446 -0.0010986675479527446
leaf_weight=55.083815589547157 60.412670016288757 439.31711600720882 73.099529936909676 52.206757992506027 56.796268835663795 98.916548147797585 27068.196808323264 134.06054450571537 190.91848781704903 55.353060007095337 251.14588579535484 88.337752878665924 314.42885325849056 244.11888106167316
leaf_count=224 250 1810 301 213 235 409 109600 544 778 226 1039 370 1460 1004
internal_value=3.35876e-05 0.00242985 0.00346457 0.00476394 0.0113012 0.00524801 -3.24511e-05 0.00371963 -0.000222627 -0.00923704 -9.11304e-05 -0.00272584 -0.00469174 -0.00670354
internal_weight=29182.4 780.749 720.336 647.237 207.92 155.713 28401.6 435.416 301.355 110.437 27966.2 898.031 646.885 558.548
internal_count=118463 3218 2968 2667 857 644 115245 1772 1228 450 113473 3873 2834 2464
is_linear=0
shrinkage=0.03


Tree=230
num_leaves=15
num_cat=0
split_feature=6 6 0 3 3 10 0 18 4 14 1 6 18 11
split_gain=6.41911 5.02623 13.2247 11.9207 8.547 8.1286 6.80678 7.33616 7.25185 8.81785 6.83694 6.45992 26.1452 14.8594
threshold=0.18630081794791728 0.083409049970581461 0.055282331071733533 -0.52587465873450556 -0.42549425596484974 3.6370781602126985 0.0067893817995041969 7.0436694254614656 -0.15219361965313602 -0.1329020463571757 -0.035207987684894963 0.051659662103912006 5.2018583670862393 69.227404894602529
decision_type=2 2 2 2 2 2 2 2 2 10 2 2 2 2
left_child=1 3 5 -1 -5 6 7 8 -3 -10 -8 -6 -13 -14
right_child=-2 2 -4 4 11 -7 10 -9 9 -11 -12 12 13 -15
leaf_value=-0.01077869473923246 -0.0070415934921447994 0.0099829874588954325 -0.0058663565412542746 0.0096406599567251203 0.00011279760200477128 -0.0077458935678332329 0.017070354671498911 0.011580844844978726 -0.003988851991420763 0.0053805844557527089 0.0052203387838881954 0.010541694028205484 -0.0045899457423091185 0.008551025092435504
leaf_weight=89.909016564488411 112.39180821180344 72.059025764465332 148.54098081588745 81.263176113367081 26709.153859734535 48.94741003215313 67.158195003867149 72.557424709200859 226.90630523860455 147.41297413408756 127.44964490830898 129.63771995902061 1024.1168771386147 81.941631779074669
leaf_count=365 463 292 629 329 108198 199 270 295 940 601 531 532 4300 339
internal_value=5.10389e-05 7.89846e-05 0.00226957 7.84755e-06 4.32179e-05 0.00386573 0.00468169 0.00286719 0.00140548 -0.000290031 0.00944177 1.46208e-05 -0.00210419 -0.00360273
internal_weight=29139.4 29027.1 911.032 28116 28026.1 762.491 713.544 518.936 446.378 374.319 194.608 27944.9 1235.7 1106.06
internal_count=118283 117820 3757 114063 113698 3128 2929 2128 1833 1541 801 113369 5171 4639
is_linear=0
shrinkage=0.03


Tree=231
num_leaves=15
num_cat=0
split_feature=13 10 0 15 1 7 2 10 14 15 4 10 13 15
split_gain=5.29833 8.40661 6.09971 7.51175 5.30081 5.66562 5.26869 4.66845 17.9071 18.4774 6.6585 7.453 12.2244 9.03924
threshold=11.518131848571135 0.58206911660795402 -0.061723019844095443 0.0039781077084435354 0.13440996462098478 0.8334455092093197 0.43613182192779282 0.24159057310684134 -0.03561846395376355 0.012182405562084499 -0.0017724956190630079 0.21232093417057665 0.078700793570768438 0.0027756458356100748
decision_type=2 2 2 10 2 2 2 2 8 10 2 2 2 8
left_child=2 -2 3 -1 7 -6 -7 8 -4 10 -10 13 -13 -12
right_child=1 -3 4 -5 5 6 -8 -9 9 -11 11 12 -14 -15
leaf_value=0.0013553390059397609 -0.015623005180138646 0.0010720273878770034 -0.012443886540423924 0.011647222834004461 0.005056902850593549 -0.0085992110437740372 0.0015610276601691904 -2.7365510925077219e-05 0.0052038723667174923 0.017842046089415219 0.0066321599394429309 -0.0036149912056934828 0.017027375367297586 -0.0051357556682971872
leaf_weight=237.9978085309267 48.03916771709919 58.808414593338966 67.868530943989754 85.544224768877029 49.234962061047554 175.09663392603397 61.277646616101265 27446.543049275875 329.4291655421257 70.55209569633007 73.46478608250618 50.830645814538002 49.293268963694572 265.08256129920483
leaf_count=963 202 247 276 346 211 745 258 111357 1331 285 297 205 200 1076
internal_value=2.31561e-05 -0.00658328 4.79815e-05 0.00413134 1.56497e-06 -0.00405071 -0.00597427 4.26677e-05 0.00215844 0.00336694 0.00199448 -0.000428367 0.00668215 -0.00255816
internal_weight=29069.1 106.848 28962.2 323.542 28638.7 285.609 236.374 28353.1 906.521 838.653 768.1 438.671 100.124 338.547
internal_count=117999 449 117550 1309 116241 1214 1003 115027 3670 3394 3109 1778 405 1373
is_linear=0
shrinkage=0.03


Tree=232
num_leaves=15
num_cat=0
split_feature=18 6 3 10 13 3 6 18 6 2 6 10 4 14
split_gain=5.81677 9.63185 10.4461 10.4248 10.4196 8.76007 11.8119 6.93964 11.785 13.8907 13.4831 15.0815 13.4556 10.9238
threshold=7.942518999330642 0.015152164665063561 0.034346278405839932 1.0165553692329892 0.073726271705627636 0.0014675784207530964 0.01192816179737818 5.9477724553863114 0.051659662103912006 0.10362074693626112 0.063021960659028195 0.60134316227629891 -0.074781870841461692 -0.011746814962429573
decision_type=2 2 2 2 2 2 2 2 2 2 2 2 2 10
left_child=7 2 4 -3 5 6 -2 -1 -9 10 11 -10 -13 -12
right_child=1 3 -4 -5 -6 -7 -8 8 9 -11 13 12 -14 -15
leaf_value=-0.00036611900915183986 0.0017265883594953487 -0.005389185304072037 -0.014964140539833691 0.0098486507539822434 0.0062291933802785396 -0.016496384883968526 -0.014379466805729059 0.00083602677664675908 0.0045673385155029804 0.0021028178042202805 -0.0029548047198840041 0.0021252788433159709 -0.014975389660372799 0.0097776677983185695
leaf_weight=13532.807642832398 139.55090515315533 69.595336750149727 79.789963141083717 91.24213695526123 81.734009549021721 53.809092015028 55.814624845981598 13664.04289226234 59.762974858283997 467.63439913094044 493.76318238675594 49.949052423238754 227.90348282456398 67.127805531024933
leaf_count=54956 564 282 325 370 331 219 226 55277 245 1921 2082 201 986 277
internal_value=6.66026e-05 -0.00292474 -0.00535479 0.00326994 -0.00296176 -0.00600217 -0.00297389 0.000126659 0.000570334 -0.00208445 -0.00426357 -0.00898191 -0.011908 -0.00140165
internal_weight=29134.5 571.536 410.699 160.837 330.909 249.175 195.366 28563 15030.2 1366.14 898.506 337.616 277.853 560.891
internal_count=118262 2317 1665 652 1340 1009 790 115945 60989 5712 3791 1432 1187 2359
is_linear=0
shrinkage=0.03


Tree=233
num_leaves=15
num_cat=0
split_feature=1 14 17 15 17 1 5 10 15 0 2 14 12 10
split_gain=5.67255 6.25156 6.20409 10.7755 8.9817 6.97133 6.15203 11.8431 13.6424 9.62158 8.65264 12.646 15.184 8.17464
threshold=0.078409632034074264 0.055790490156115265 1.0000000180025095e-35 -0.032724968596502972 -0.9159756150367534 0.13440996462098478 -0.0047276971969603112 3.2473383646980083 0.0085194114358362345 -0.015563196121005872 0.03653395512002456 0.16345800318812179 -0.25265706917596387 0.42998577941897381
decision_type=2 8 2 10 2 2 2 2 8 2 2 8 2 2
left_child=6 -2 4 -4 -3 -5 7 9 -9 -1 13 12 -12 -11
right_child=1 2 3 5 -6 -7 -8 8 -10 10 11 -13 -14 -15
leaf_value=0.0021492900676519972 -0.0078410762760266883 -0.0068418202317251358 -0.010980250748636153 0.0063241990654527864 0.0044599270308676988 -0.0060915634517444243 0.00050487059537865494 0.0032599979362491257 -0.015110683739771332 0.0015912164493458996 -0.0041974467067948254 0.0033151894203143533 -0.024763388283519407 -0.00082395216174739453
leaf_weight=1297.3959089964628 153.64751794934273 82.339801162481308 122.63810838758945 88.79410220682621 252.20835402607918 71.797581791877747 16770.296043470502 55.70059309899807 99.679743021726608 1480.7369206249714 88.37491649389267 75.094699323177338 49.896171122789383 8446.6576655060053
leaf_count=5236 663 344 515 365 1050 303 68109 225 404 5990 361 307 203 34195
internal_value=6.84285e-05 -0.00246647 -0.00110876 -0.00436105 0.00165419 0.000766689 0.000137541 -0.000393806 -0.00856744 -0.000281293 -0.000592622 -0.00654183 -0.0118661 -0.000463466
internal_weight=29135.3 771.425 617.778 283.23 334.548 160.592 28363.8 11593.5 155.38 11438.2 10140.8 213.366 138.271 9927.39
internal_count=118270 3240 2577 1183 1394 668 115030 46921 629 46292 41056 871 564 40185
is_linear=0
shrinkage=0.03


Tree=234
num_leaves=15
num_cat=0
split_feature=7 16 14 17 13 14 3 18 18 3 15 5 5 2
split_gain=5.20744 12.7956 11.7153 11.1677 18.7895 15.1542 11.8322 15.2303 15.3366 11.7899 16.6243 13.0958 11.4348 10.3767
threshold=1.6197026017204801 0.12940952255126045 -0.019652297206100591 -0.60355339059327384 0.22991682397943783 0.19087244565105002 -0.11540275922478758 5.4658927715848264 5.957531948172428 0.18293155383972917 -0.0041670671183835486 0.01082899363613399 0.0066657324425757345 0.17330265095060551
decision_type=2 2 8 2 2 10 2 2 2 2 10 2 2 2
left_child=-1 3 -3 4 12 6 -5 -8 -9 10 11 -10 -2 -6
right_child=1 2 -4 5 13 -7 7 8 9 -11 -12 -13 -14 -15
leaf_value=-4.6920671485191836e-05 0.0062313282621771623 0.0070413034089065359 -0.0064571762478103029 0.0089495415135631123 0.023150868470068205 0.011464604359269728 -0.020856261239148518 0.011143367075763019 -0.0063600441749129379 -0.01548113759200135 -0.014805738698090976 0.011951800532115951 -0.012113237214960581 0.004813121272738567
leaf_weight=27773.976950436831 65.337557777762413 62.803179368376732 564.33254107832909 55.539037436246872 60.11450506746769 65.697001531720161 49.480915784835815 53.587366923689842 62.484257027506828 82.715371057391167 61.572037577629089 75.652392342686653 54.114781230688095 52.598043456673622
leaf_count=112757 264 254 2293 225 245 267 202 217 254 335 249 307 219 214
internal_value=-0.000135927 -0.00194287 -0.00508731 0.000732498 0.00615234 -0.00176511 -0.00377869 -0.00564921 -0.00329967 -0.0060992 -0.00209841 0.00369613 -0.00214182 0.0148266
internal_weight=29140 1366.03 627.136 738.893 232.165 506.728 441.031 385.492 336.011 282.424 199.709 138.137 119.452 112.713
internal_count=118302 5545 2547 2998 942 2056 1789 1564 1362 1145 810 561 483 459
is_linear=0
shrinkage=0.03


Tree=235
num_leaves=15
num_cat=0
split_feature=18 18 15 15 15 13 2 5 13 3 12 15 15 16
split_gain=6.86009 8.43206 10.3448 21.8804 19.6932 20.3606 15.1219 16.1695 28.8263 25.4345 15.4667 14.5019 14.2148 13.1128
threshold=8.1740508557999672 5.957531948172428 -0.0044726559755714481 -0.0024694764821626687 -0.0069852074876655115 0.065860247503896976 0.033336108983634379 0.088809415551899376 0.26063477763162585 0.10376897220618578 -0.27201840673435984 -0.018442376096357013 0.040523658161721883 1.0000000180025095e-35
decision_type=2 2 10 10 10 2 2 2 2 2 2 10 10 2
left_child=1 -1 4 -4 6 -6 -3 8 9 10 -8 -12 -5 -11
right_child=-2 2 3 12 5 -7 7 -9 -10 13 11 -13 -14 -15
leaf_value=-0.00045494802607627563 -0.0041499915727179603 0.00033063541948854191 -0.0078147329867702571 -0.00071005284211544115 0.016077937037353898 0.0015037861601432205 -0.011100203163126611 -0.00028180907450511247 0.012669550872093996 -0.00070621070447391321 0.0076419824563317808 -0.0090078834780630973 0.003717936952239308 -0.021499743596859036
leaf_weight=13626.615932121873 346.20807729661465 7912.6060362458229 343.05246624350548 4032.1999980658293 156.63004474341869 190.13866239786148 49.732946127653122 650.94537529349327 354.95924343168736 54.764890313148499 497.06710183620453 50.309918224811554 776.37802147865295 52.695628717541695
leaf_count=55344 1403 32082 1391 16376 633 773 203 2659 1445 221 2008 204 3152 213
internal_value=3.55619e-05 8.62529e-05 0.000573948 -0.000517505 0.00113792 0.00814115 0.000883914 0.00343999 0.00572278 0.00219707 0.00462088 0.00608446 6.12509e-06 -0.0111093
internal_weight=29094.3 28748.1 15121.5 5151.63 9969.85 346.769 9623.08 1710.48 1059.53 704.57 597.11 547.377 4808.58 107.461
internal_count=118107 116704 61360 20919 40441 1406 39035 6953 4294 2849 2415 2212 19528 434
is_linear=0
shrinkage=0.03


Tree=236
num_leaves=15
num_cat=0
split_feature=15 13 14 5 13 10 6 10 3 3 13 1 4 0
split_gain=4.97203 14.3178 18.5793 15.9541 14.2723 12.292 13.2149 12.1026 15.0354 12.71 12.3956 15.7622 11.9368 11.5421
threshold=0.0014257057095417027 0.064887637943757084 0.0061998086533197059 -0.0018739488351012799 0.061327815952913707 1.2222392338503536 0.0065706194293503163 0.39328060288202471 0.0129635431917432 -0.10357127886070903 0.25601614499148601 0.012726013859138742 0.0015106551663507386 0.0018390412381656953
decision_type=8 2 10 2 2 2 2 2 2 2 2 2 2 2
left_child=1 2 3 -1 13 -4 -7 8 12 -9 11 -11 -3 -2
right_child=4 7 5 -5 -6 6 -8 9 -10 10 -12 -13 -14 -15
leaf_value=0.0024249797276137065 -0.00044185682678835021 -0.012573053013643516 0.00065701452095207351 0.0091457302226357687 0.00045122590140926324 -0.016859465269549501 -0.0026545712156236701 0.0042041233997368362 0.0025636818856898495 -0.00079952478826845292 0.0015774143732175895 -0.0072023530291512611 0.0034469689432456668 -0.00290695204426639
leaf_weight=2432.7626394182444 5875.2987610250711 217.08646154403687 829.86648386716843 364.26840627193451 12304.555126130581 77.962688013911247 228.09774339199066 560.76442827284336 139.66381622850895 1810.5841516107321 1394.5470288395882 425.98315174877644 50.825721368193626 2409.4829911142588
leaf_count=9826 23614 879 3351 1470 50214 314 922 2292 566 7308 5690 1750 209 9819
internal_value=5.54721e-05 0.000664311 0.00199282 0.00330616 -0.000196877 -0.0012412 -0.00635894 -0.000472056 -0.00539415 8.86357e-06 -0.000640981 -0.00202437 -0.00953087 -0.00115931
internal_weight=29121.7 8532.41 3932.96 2797.03 20589.3 1135.93 306.06 4599.45 407.576 4191.88 3631.11 2236.57 267.912 8284.78
internal_count=118224 34577 15883 11296 83647 4587 1236 18694 1654 17040 14748 9058 1088 33433
is_linear=0
shrinkage=0.03


Tree=237
num_leaves=15
num_cat=0
split_feature=14 10 12 18 11 15 13 13 13 14 1 18 13 14
split_gain=7.03604 5.3948 20.1719 20.2657 34.2195 17.8845 17.6006 14.3203 13.4412 13.3213 12.847 12.8132 13.9358 16.7169
threshold=0.65039891422667928 1.3442221828880803 -0.085817262665338442 6.2059616618843512 59.009143209423435 0.03168793302266782 0.53545546105427244 0.01159582536072057 0.028101190006990632 -0.027317349700489043 -0.0028925674242264994 6.8354394450478084 0.074714270482881498 1.0000000180025095e-35
decision_type=10 2 2 2 2 8 2 2 2 8 2 2 2 8
left_child=1 -1 8 4 9 7 11 -5 10 -4 -3 -7 -13 -14
right_child=-2 2 3 5 -6 6 -8 -9 -10 -11 -12 12 13 -15
leaf_value=-0.00016368588329094722 -0.009895249721279236 0.002569123752136534 -0.018692000158824169 -0.011534774720741516 0.0017139444351167671 0.0021953141116943038 -0.007365232326858112 -0.00031643357562844532 0.0019500172878249929 -0.0057706676963931126 0.01310244939022428 0.0024132174878531516 -0.0011961212318325873 0.016833974466481084
leaf_weight=22864.330156266689 62.167842626571655 209.07352143526077 77.20807272195816 114.9619906693697 757.44909542798996 641.77048160135746 113.53502675890923 824.04938447475433 1996.8878382146358 837.25892403721809 208.20830899477005 188.07166610658169 58.386142835021019 216.63087028264999
leaf_count=92829 260 844 312 463 3080 2590 470 3339 8145 3384 838 758 237 874
internal_value=2.78775e-05 4.97495e-05 0.000831175 -0.000522872 -0.00300014 0.00139793 0.00379322 -0.00171148 0.0029776 -0.00690002 0.0078623 0.00495109 0.00874431 0.0130252
internal_weight=29170 29107.8 6243.49 3829.32 1671.92 2157.41 1218.39 939.011 2414.17 914.467 417.282 1104.86 463.089 275.017
internal_count=118423 118163 25334 15507 6776 8731 4929 3802 9827 3696 1682 4459 1869 1111
is_linear=0
shrinkage=0.03


Tree=238
num_leaves=15
num_cat=0
split_feature=14 11 18 18 7 12 12 11 1 16 17 2 18 18
split_gain=5.49963 15.5952 9.62499 14.6841 13.4035 11.3593 11.1308 10.4446 8.38044 9.43041 7.7731 13.5471 7.55783 10.8083
threshold=-0.07433893493751241 42.27635000990832 5.0713738052652175 4.4887618926147725 0.75381492381224502 -0.6119886188955902 -0.25720603838352973 33.145197479608065 -0.05940051006713442 -0.5 -0.5 -0.1357429251521691 6.2781247905643953 5.8277165348363322
decision_type=8 2 2 2 2 2 2 2 2 2 2 2 2 2
left_child=1 2 3 -1 6 -6 7 -4 9 -7 11 -3 13 -12
right_child=-2 10 4 -5 5 8 -8 -9 -10 -11 12 -13 -14 -15
leaf_value=-0.0074198528668595132 9.2559837871447576e-06 -0.0006019401251233465 0.0070819390512043816 0.010907526968497824 0.014177831804966011 -0.014559721911123702 -0.014727093819665079 -0.0067644071567807378 0.0027757891849714525 0.00059896212843460537 -0.0042208394015729768 -0.017197996036921754 -0.0090561692195676221 0.010025394859881282
leaf_weight=51.551618874073029 27541.129226595163 71.676585122942924 70.312535136938095 149.56303879618645 56.885716766119003 60.71587099134922 91.187909930944443 150.82748007774353 352.80788178741932 89.490082919597626 158.64943945407867 114.39275887608528 128.00575940310955 66.308467492461205
leaf_count=208 111780 300 283 603 230 244 370 611 1425 360 657 477 532 275
internal_value=-9.04993e-05 -0.00179233 0.000300545 0.00618288 -0.00106682 0.00171101 -0.00602575 -0.00233788 0.000250578 -0.00563924 -0.00594544 -0.0108793 -0.00329783 2.97142e-05
internal_weight=29153.5 1612.38 1073.34 201.115 872.227 559.9 312.328 221.14 503.014 150.206 539.033 186.069 352.964 224.958
internal_count=118355 6575 4334 811 3523 2259 1264 894 2029 604 2241 777 1464 932
is_linear=0
shrinkage=0.03


Tree=239
num_leaves=15
num_cat=0
split_feature=4 6 13 10 1 15 15 13 1 16 15 15 17 7
split_gain=5.11031 13.7338 7.04124 17.9152 14.8643 9.32823 4.86442 10.7822 14.9163 23.0412 19.1619 10.3249 13.7762 9.73484
threshold=0.29547526208562452 0.087894442413010088 3.8006713353502737 0.44319425938557105 0.055606743995133052 0.022838967057084329 0.0014257057095417027 0.014887836251948896 -0.0013068126703492664 0.25881904510252091 0.0043480773991797514 0.002435900228801469 0.91597561503675351 1.2293489848920396
decision_type=2 2 2 2 2 8 10 2 2 2 10 10 2 2
left_child=2 -2 6 -4 5 -5 -1 8 9 -8 -10 12 -9 -13
right_child=1 -3 3 4 -6 -7 7 11 10 -11 -12 13 -14 -15
leaf_value=0.00025649468700443274 0.0037090289905376606 -0.016949113678352681 -0.0081205321781686636 0.0069619517196341336 -0.0035325361693670284 0.021432447018981882 0.0076579449235132258 -0.0074257676120414121 0.0053780649407835493 -0.0097048211023587332 -0.014138929044137112 -0.00055052439791979059 0.0060422216235257566 0.0023067735411855905
leaf_weight=20166.706925421953 58.860221579670906 53.931314304471016 73.914932265877724 94.702368795871735 63.878768354654312 71.566110596060753 157.06477677822113 349.37954212725163 56.982305034995079 119.20086807012558 202.51856987178326 6296.2056904435158 83.256008043885231 1291.5596156418324
leaf_count=81828 244 232 305 385 271 291 633 1417 229 480 817 25608 338 5228
internal_value=2.54474e-05 -0.00629187 5.04268e-05 0.00457669 0.0086894 0.0133711 2.19621e-06 -0.0005971 -0.00470945 0.000150491 -0.00984495 -0.000321287 -0.00481812 -6.36867e-05
internal_weight=29139.7 112.792 29026.9 304.062 230.147 166.268 28722.9 8556.17 535.767 276.266 259.501 8020.4 432.636 7587.77
internal_count=118306 476 117830 1252 947 676 116578 34750 2159 1113 1046 32591 1755 30836
is_linear=0
shrinkage=0.03


Tree=240
num_leaves=15
num_cat=0
split_feature=7 12 7 14 12 11 11 17 6 7 18 3 18 6
split_gain=5.28978 9.63412 9.0947 10.4354 9.73834 16.6629 17.6246 13.1322 15.7693 15.8013 14.3929 11.8255 11.3895 17.5239
threshold=1.2419100436374426 -0.01036761889090698 1.2108388561334296 0.044585939277588381 -0.029061618896204729 49.769844575758292 38.014005051273521 -0.78656609248549325 0.0095154904309729237 1.004287037799134 6.4914113506917541 0.047213032673350204 6.9257221590568303 0.0060076957551540109
decision_type=2 2 2 10 2 2 2 2 2 2 2 2 2 2
left_child=1 2 4 -4 -1 6 -6 8 -7 10 -10 -8 -9 -14
right_child=-2 -3 3 -5 5 7 11 12 9 -11 -12 -13 13 -15
leaf_value=-0.00013584440700554584 0.00099924624799289561 -0.0025022187046134831 -0.0021396340618807159 -0.014305541330184208 -0.01120747209901898 0.010749078997086426 0.0063894611249189623 0.00017333917470574941 0.012178196540362559 -0.0099729285015944073 -0.0057926162130792162 -0.0079800622035229151 0.0050639834926954775 -0.0099822850800217987
leaf_weight=19172.413912802935 4583.2292314469814 1425.9955000430346 437.88031159341335 72.433154374361038 57.427138090133667 209.10511423647404 959.22443448007107 1517.8318454474211 101.94892324507236 94.250988125801086 63.765081480145454 52.806327790021896 94.768368661403656 250.60261425375938
leaf_count=77925 18569 5798 1781 296 231 843 3863 6147 413 382 259 212 381 1019
internal_value=6.40088e-05 -0.000110939 3.69811e-05 -0.00391555 0.000126671 0.00160544 0.0047023 0.00018257 0.00465799 -0.00028609 0.00527659 0.00562542 -0.000947925 -0.00584827
internal_weight=29093.7 24510.5 23084.5 510.313 22574.1 3401.73 1069.46 2332.27 469.07 259.965 165.714 1012.03 1863.2 345.371
internal_count=118119 99550 93752 2077 91675 13750 4306 9444 1897 1054 672 4075 7547 1400
is_linear=0
shrinkage=0.03


Tree=241
num_leaves=15
num_cat=0
split_feature=15 6 10 3 16 6 7 1 3 1 18 18 18 17
split_gain=6.21482 12.0398 15.1127 13.4419 16.7776 16.1978 14.9321 13.2227 11.2982 9.9204 9.68622 9.75743 9.35234 22.4974
threshold=0.0014257057095417027 0.0062808915666369069 0.34385084066242511 0.0014675784207530964 -0.70710678118654735 0.0044728899788070708 0.55173345203596413 -0.0035863431123641649 -0.0091435608608478863 0.0026004966967665415 4.4568968727451592 4.8060426720901654 7.8331228726160829 1.0000000180025095e-35
decision_type=10 2 2 2 2 2 2 2 2 2 2 2 2 2
left_child=-1 3 10 5 -5 8 -6 -7 -2 -8 -3 -12 -4 -14
right_child=1 2 12 4 6 7 9 -9 -10 -11 11 -13 13 -15
leaf_value=0.00034970663010014711 -0.0023044684832806001 -0.0053257020630267079 -0.00038578115796343863 -0.010381326019172448 0.012952627164606316 -0.012689841346448953 -0.005407090389124021 -0.00014683474300853359 -0.018508843813189776 0.0065785126646253191 0.017856837899211619 0.004768277665654133 0.0034428728797191283 -0.020873320068862205
leaf_weight=20437.911298453808 55.258135378360748 68.578340202569962 7004.1654933840036 101.35816758871078 101.41588665544987 97.883774667978287 151.7224043905735 311.8528950959444 132.52402026951313 102.34781999886036 58.833150967955589 346.42047144472599 69.973379105329514 64.169994741678238
leaf_count=82949 222 278 28493 409 408 394 611 1262 532 416 238 1403 286 264
internal_value=6.4242e-05 -0.000608884 -0.000192335 -0.00361017 0.000265395 -0.00656431 0.00334214 -0.00319037 -0.013815 -0.000565226 0.00498448 0.00674679 -0.000537265 -0.00832499
internal_weight=29104.4 8666.5 7612.14 1054.36 456.844 597.519 355.486 409.737 187.782 254.07 473.832 405.254 7138.31 134.143
internal_count=118165 35216 30962 4254 1844 2410 1435 1656 754 1027 1919 1641 29043 550
is_linear=0
shrinkage=0.03


Tree=242
num_leaves=15
num_cat=0
split_feature=14 18 1 15 18 6 17 18 6 15 18 11 3 13
split_gain=6.03132 14.5702 9.25699 10.2118 8.98834 10.6062 17.8108 8.66627 10.7531 15.9909 14.0296 18.7566 8.60495 8.27886
threshold=-0.046124083754922822 4.9759546690945227 -0.048435215076411457 -0.0075284084839655199 7.2018004689052209 0.011182214951789246 0.37940952255126048 4.8856163446269045 0.022159957601805964 0.013331075314972908 4.7559478896499483 55.936704031893747 -0.047670241338228385 0.012778819866285708
decision_type=8 2 2 8 2 2 2 2 2 8 2 2 2 2
left_child=1 13 3 -2 5 6 -3 8 -4 -10 11 12 -11 -1
right_child=2 4 7 -5 -6 -7 -8 -9 9 10 -12 -13 -14 -15
leaf_value=-0.0074132447105862533 0.0096955456788601832 -0.016909121998821962 -0.00085388599493469114 0.0014939189295190935 0.008824131290429393 -0.0020848812397285706 0.0040881448834436855 0.00018181326581635543 0.0036033834211810847 -9.1234841164866725e-06 0.0022813167948871373 -0.02906976798460488 -0.014371135714735391 0.0049818971689720064
leaf_weight=53.31222976744175 169.59266717731953 108.26152943074703 2859.9993902593851 675.7390128672123 61.166121020913124 2115.4085368514061 53.252800449728966 22260.459923610091 105.03942589461803 64.53169772028923 62.199793845415115 52.495396807789803 87.79162622988224 402.30670857429504
leaf_count=216 683 437 11598 2718 250 8627 215 90364 429 267 256 223 366 1627
internal_value=-6.70907e-05 -0.00139197 7.35366e-05 0.00315835 -0.0023485 -0.00265612 -0.0100208 -2.89956e-05 -0.00148013 -0.00626379 -0.0101433 -0.0139019 -0.00836565 0.00350547
internal_weight=29131.6 2793.71 26337.8 845.332 2338.09 2276.92 161.514 25492.5 3232.06 372.058 267.019 204.819 152.323 455.619
internal_count=118276 11372 106904 3401 9529 9279 652 103503 13139 1541 1112 856 633 1843
is_linear=0
shrinkage=0.03


Tree=243
num_leaves=15
num_cat=0
split_feature=3 13 18 3 16 2 18 4 10 15 13 15 12 15
split_gain=5.78803 15.1107 8.70248 8.29932 17.2612 11.3189 20.2805 17.8449 13.4163 12.7735 12.254 15.6975 19.981 16.8227
threshold=0.22927487504593361 0.35495944160880361 4.61098647801757 0.089997802573309263 -0.98296291314453399 0.032394841615074117 6.8770980414796208 -0.023107804294289488 1.1836321863824832 -0.019470157027640763 0.40876577216814908 0.0051506899169710971 -0.069185910264102188 -0.007193059469887241
decision_type=2 2 2 2 2 2 2 2 2 10 2 8 2 10
left_child=3 -2 -3 -1 -5 7 -7 8 -6 -8 11 12 13 -9
right_child=1 2 -4 4 5 6 9 10 -10 -11 -12 -13 -14 -15
leaf_value=0.00017227321473210853 0.013604335871555993 0.012783223331515931 0.00069798030300391304 0.0091886536622171402 -0.0018542023465082126 -0.0017006180517213148 0.015597558234566144 -0.015012575799566028 0.012481795610576579 0.0014328488596605717 -0.012432010958003215 -0.0073650992151902874 0.0084469206528626252 0.0066943599774375081
leaf_weight=24497.53176625073 90.224028065800667 53.555404260754585 1556.2810974866152 127.96588897705078 177.94341392815113 1338.1120135933161 103.78845965862274 85.913719996809959 85.406572416424751 125.98418267071247 204.17700746655464 515.15175470709801 159.46062354743481 49.17183093726635
leaf_count=99370 364 218 6382 520 721 5446 421 350 344 513 847 2091 646 201
internal_value=9.57598e-05 0.0017934 0.00111539 -9.42406e-06 -0.00150568 -0.0019928 -0.000283839 -0.00408695 0.00285412 0.00791044 -0.00589194 -0.0042162 0.00130366 -0.00712875
internal_weight=29170.7 1700.06 1609.84 27470.6 2973.08 2845.11 1567.88 1277.22 263.35 229.773 1013.87 809.698 294.546 135.086
internal_count=118434 6964 6600 111470 12100 11580 6380 5200 1065 934 4135 3288 1197 551
is_linear=0
shrinkage=0.03


Tree=244
num_leaves=15
num_cat=0
split_feature=2 11 13 7 18 4 11 6 7 3 3 18 17 11
split_gain=5.58491 13.2061 12.5165 11.8783 10.106 11.0496 10.8975 11.5689 10.6276 10.6037 12.13 10.7296 10.3854 9.96316
threshold=-0.0091612840417543123 53.478289025517846 5.2637744466153942 1.9223756411152175 6.2288995262415527 0.0057436148077502089 48.357100733344694 0.0047458299948538096 1.0886728835042019 0.042163062721696683 -0.19796370090907131 6.8209490046817391 1.0000000180025095e-35 61.499413377235406
decision_type=2 2 2 2 2 2 2 2 2 2 2 2 2 2
left_child=-1 3 13 4 -2 6 7 8 -6 10 -9 12 -11 -3
right_child=1 2 -4 -5 5 -7 -8 9 -10 11 -12 -13 -14 -15
leaf_value=-0.00062525754430043767 0.00033683006141944672 -0.0012183693591386855 -0.011024043967099672 -0.0075504151360972658 0.0010197023874521638 0.0090764713435130887 0.00041631405167984057 -0.0083881403602415697 -0.013875656988978141 -0.0046989247266978973 0.0065860056408016589 -0.011121063329879629 0.012667476492024996 0.00072620666842011122
leaf_weight=10539.443731784821 4938.5854807496071 5677.4776021540165 98.965947955846786 139.10772782564163 228.59252452850342 209.1795494556427 1839.6667884588242 49.207652941346169 51.065056428313255 63.092795580625534 1136.3179133832455 67.318046569824219 57.475753828883171 4069.3550853282213
leaf_count=42722 20013 23143 418 566 921 859 7433 199 205 254 4584 271 231 16597
internal_value=-7.34439e-05 0.000238841 -0.000515456 0.00108466 0.0012254 0.00240999 0.00200576 0.00377199 -0.00177938 0.00490332 0.00595139 -0.00170285 0.00365136 -0.000406516
internal_weight=29164.9 18625.4 9845.8 8779.61 8640.5 3701.92 3492.74 1653.07 279.658 1373.41 1185.53 187.887 120.569 9746.83
internal_count=118416 75694 40158 35536 34970 14957 14098 6665 1126 5539 4783 756 485 39740
is_linear=0
shrinkage=0.03


Tree=245
num_leaves=15
num_cat=0
split_feature=15 18 17 1 12 6 10 2 12 6 2 11 10 18
split_gain=6.03557 9.14015 28.1263 8.98763 10.644 11.8516 9.75142 8.24484 12.6362 8.14935 12.8758 10.6818 10.2085 9.69112
threshold=0.0037206974501349248 7.7486544584267447 1.0000000180025095e-35 -0.025659205040109209 -0.40362552604370416 0.025225176446661429 0.7019979858161437 -0.11970552415171416 -0.14687295767166694 0.0062808915666369069 -0.00033633693065422682 48.357100733344694 0.25150614728889648 4.6880996950778213
decision_type=10 2 2 2 2 2 2 2 2 2 2 2 2 2
left_child=-1 3 -3 6 5 -5 -2 -8 -9 10 -6 -12 -11 -13
right_child=1 2 -4 4 9 -7 7 8 -10 12 11 13 -14 -15
leaf_value=0.00028470605547938104 0.0015088862765669738 0.0043622297147121892 -0.019571971969848237 0.018515977787138989 -0.0085930236114843423 0.0025447373805325374 -0.014763846500564127 0.00074287791627967407 -0.0098223368881653512 0.0073857530345638267 0.011279858092098362 -0.010570433129215443 -0.0002450549023026384 -0.00019038231828249027
leaf_weight=21427.002544626594 217.77608351409435 88.496527686715126 85.094296827912331 49.921176120638847 267.35805547237396 219.50225493311882 80.762004226446152 211.93185272812843 193.74188937246799 160.40480145812035 58.247061535716057 96.243442192673683 5542.82154558599 460.31644029915333
leaf_count=86970 878 361 350 202 1077 913 325 854 781 648 234 392 22557 1856
internal_value=2.54224e-05 -0.000692938 -0.00745962 -0.000535611 -0.000203561 0.00561866 -0.00375806 -0.00611258 -0.0043263 -0.000443395 -0.0031233 -0.000724561 -2.79225e-05 -0.00201678
internal_weight=29159.6 7732.62 173.591 7559.03 6854.81 269.423 704.212 486.436 405.674 6585.39 882.165 614.807 5703.23 556.56
internal_count=118398 31428 711 30717 27879 1115 2838 1960 1635 26764 3559 2482 23205 2248
is_linear=0
shrinkage=0.03


Tree=246
num_leaves=15
num_cat=0
split_feature=18 15 5 7 10 6 6 15 5 5 5 13 13 7
split_gain=5.07295 18.5654 16.9922 14.0766 12.3589 11.7187 17.5664 13.1577 12.164 11.3859 14.2884 13.3308 10.8836 10.5042
threshold=4.8659331147508853 -0.03027806689713319 0.016845784387104271 0.65049289702919422 0.61560201204867659 0.0075773957116011276 0.010203553914084432 -0.0033952324064734358 -0.0229441520937908 0.0020316887483018413 -0.042726728429363474 0.12990312211949087 0.082989514551217516 0.55173345203596413
decision_type=2 10 2 2 2 2 2 10 2 2 2 2 2 2
left_child=1 2 9 4 5 -3 -7 -8 -9 10 -1 12 -11 -12
right_child=-2 3 -4 -5 -6 6 7 8 -10 11 13 -13 -14 -15
leaf_value=0.0045140678281527999 0.00027547435753290942 -0.0088812367475871942 -0.014354210559624516 0.0015610152086597807 -0.011562590378795408 0.012368501007533946 -0.01491078038132693 0.013142248281260949 -0.0053679415702033006 0.0019040014265761984 -0.017981881445731242 -0.0077493505046592375 0.019839121354504715 -0.005156554617409494
leaf_weight=124.27401846647263 25496.784544557333 122.60712108016014 131.72000490128994 2037.1732762306929 137.66742779314518 96.98480498790741 57.553406625986099 51.506860479712486 77.473610907793045 75.008513808250427 63.64344134926796 59.801913887262344 49.821404695510864 497.05148276686668
leaf_count=504 103514 496 550 8262 558 392 233 208 315 305 259 247 203 2026
internal_value=0.000126932 -0.000929872 -0.00439284 0.000415992 -0.00386353 -0.00120984 0.00214661 -0.0032429 0.00211169 -0.00285449 -0.00463452 0.00372815 0.00926213 -0.00667107
internal_weight=29079.1 3582.29 1001.32 2580.97 543.793 406.126 283.519 186.534 128.98 869.601 684.969 184.632 124.83 560.695
internal_count=118072 14558 4094 10464 2202 1644 1148 756 523 3544 2789 755 508 2285
is_linear=0
shrinkage=0.03


Tree=247
num_leaves=15
num_cat=0
split_feature=0 12 18 15 12 15 15 6 11 11 18 10 18 7
split_gain=5.50625 4.53668 7.0931 5.51307 5.53852 9.42151 5.08441 4.28055 8.59232 9.95048 11.1827 18.9634 13.0137 13.4466
threshold=-0.039883634675900552 -0.16816567900779902 6.5778922675089682 0.017176272779922733 -0.47572405571438242 -0.0041670671183835486 0.0051506899169710971 0.047687063302093866 69.227404894602529 41.703980988104469 6.6967227777623348 1.4844200979108855 6.1637826870596468 0.89317731458493443
decision_type=2 2 2 10 2 8 8 2 2 2 2 2 2 2
left_child=1 3 -3 4 -1 -6 -7 -2 9 10 12 -12 13 -9
right_child=7 2 -4 -5 5 6 -8 8 -10 -11 11 -13 -14 -15
leaf_value=-0.0011519592556716747 0.00019144213721607702 -0.0075792022911678313 0.006526762201226049 0.012156769700135133 0.012894300172805706 -0.0064141533314297566 0.0043930952957205805 -0.0026654910072193912 0.0056713295551449648 -0.002883478552746354 0.017811789946349535 -0.0052559958129600199 -0.0092302371773059378 0.011534543445662737
leaf_weight=187.80163234472275 26241.523775339127 81.350034937262535 50.283989951014519 63.870808571577072 98.690029382705688 50.743317231535912 151.03286197781563 147.54307410120964 150.94338054955006 1545.943593159318 84.618692547082901 49.749633625149727 110.63428466022015 98.511182561516762
leaf_count=761 106300 329 203 258 400 205 612 601 629 6518 341 201 450 400
internal_value=0.000149199 0.00280554 -0.00217371 0.00399619 0.00288346 0.00539667 0.00163898 8.51165e-05 -0.00118913 -0.00170256 0.00201182 0.00931916 -0.000777544 0.00306685
internal_weight=29113.2 683.773 131.634 552.139 488.268 300.466 201.776 28429.5 2187.94 2037 491.057 134.368 356.689 246.054
internal_count=118208 2768 532 2236 1978 1217 817 115440 9140 8511 1993 542 1451 1001
is_linear=0
shrinkage=0.03


Tree=248
num_leaves=15
num_cat=0
split_feature=13 13 0 10 18 0 6 10 15 16 10 15 18 3
split_gain=6.40539 12.5486 12.9381 15.4377 17.136 14.0221 11.0923 27.221 6.76839 6.57529 6.50206 6.44326 7.68442 6.94911
threshold=1.8079501277464378 0.87359046014016351 0.0092251943385878183 0.52297991223014784 5.6547494649767982 -0.0054855831234728028 0.071861990574579246 0.62494815136762349 -0.022913610095510958 -0.5 1.4690242017462465 0.022838967057084329 5.4658927715848264 0.78427872571886759
decision_type=2 2 2 2 2 2 2 2 8 2 2 10 2 2
left_child=1 -1 3 -3 -5 -6 7 -2 -8 -7 -9 12 -10 -14
right_child=6 2 -4 4 5 9 8 10 11 -11 -12 -13 13 -15
leaf_value=-3.396208884362357e-05 -0.0041164272945234202 0.0041098852641486402 0.001763269916989124 0.00058908655243799547 -0.0050191047324614655 -0.0082511272855689943 0.01058069280052047 0.010875446416459725 -0.011947101345591191 -0.01981683466674777 0.024479551943316268 0.0091938314957842882 0.0021330630673573941 -0.0066614659337447882
leaf_weight=27374.657083019614 99.331530079245567 116.78013372421265 293.18128091096878 157.31554697453976 189.47211995720863 68.977999195456505 49.226419806480408 89.589506790041924 58.746920332312584 147.7041140049696 53.142992213368416 49.343707397580147 272.18880054354668 112.69572389125824
leaf_count=110867 406 485 1227 650 782 333 203 366 243 709 216 203 1126 470
internal_value=-7.9035e-05 -0.000153107 -0.00349673 -0.00576227 -0.00781559 -0.0110579 0.00259194 0.00790296 0.000200527 -0.0162442 0.0162089 -0.000874557 -0.00203067 -0.000463135
internal_weight=29132.4 28348.1 973.431 680.25 563.47 406.154 784.266 242.064 542.202 216.682 142.732 492.975 443.631 384.885
internal_count=118286 115053 4186 2959 2474 1824 3233 988 2245 1042 582 2042 1839 1596
is_linear=0
shrinkage=0.03


Tree=249
num_leaves=15
num_cat=0
split_feature=13 18 12 6 1 6 4 6 17 4 18 16 6 13
split_gain=6.89013 5.05444 5.03805 8.55154 8.34813 13.5523 11.7589 7.28007 6.9475 7.429 10.374 6.49683 6.08741 11.8809
threshold=11.518131848571135 6.1081531508216207 -0.007479455033291337 0.003819857008938614 0.0048368185533994032 0.0082367934719860016 0.0028389345967997364 0.0067669845897376851 -0.9159756150367534 0.036612873340168724 6.0920892318572841 1.0000000180025095e-35 0.010591951364616773 0.12990312211949087
decision_type=2 2 2 2 2 2 2 2 2 2 2 2 2 2
left_child=2 -2 -1 -4 6 11 -5 -8 -7 12 -11 -6 -10 -14
right_child=1 -3 3 4 5 8 7 -9 9 10 -12 -13 13 -15
leaf_value=8.851994949618608e-06 -0.013655456239476938 -0.0009318651183923063 0.0051528886140428378 -0.0011506299836097232 0.014491335941309528 -0.012343269892247084 -0.0195122774136267 -0.0070318926930409888 -0.012448839108801525 0.0078940296043074933 -0.0050309631364647131 0.00049055566542358531 0.009096589062015794 -0.00996696398043799
leaf_weight=28005.566205814481 56.13614310324192 54.994420349597931 127.89794459939003 177.96787676215172 63.670873865485191 61.907405495643616 69.644105508923531 111.31621332466602 76.387819677591324 121.0051241517067 100.59520728886127 54.919227987527847 50.677518397569656 64.719183534383774
leaf_count=113692 236 233 513 718 259 254 282 453 315 495 413 224 208 268
internal_value=-9.75222e-05 -0.00748681 -6.87769e-05 -0.00207676 -0.00305597 -0.000865996 -0.00665463 -0.0119959 -0.00313354 -0.00170152 0.00203423 0.00812323 -0.00599449 -0.00158268
internal_weight=29197.4 111.131 29086.3 1080.71 952.811 593.882 358.928 180.96 475.292 413.385 221.6 118.59 191.785 115.397
internal_count=118563 469 118094 4402 3889 2436 1453 735 1953 1699 908 483 791 476
is_linear=0
shrinkage=0.03


Tree=250
num_leaves=15
num_cat=0
split_feature=2 4 5 3 15 7 12 5 15 18 12 7 10 18
split_gain=5.29967 15.1315 11.2881 14.7597 11.3239 9.94962 9.557 12.7107 16.9246 13.6763 12.6464 19.1074 12.6357 12.2373
threshold=-0.0087990620906036581 9.1667197256839486e-05 0.033357144409357671 0.24120900330456177 -0.0043495402209430259 1.4703548183478199 -0.10193913903552819 0.0086234302236712929 0.0083069088997382873 6.9257221590568303 -0.083846999446430856 0.98493850535503835 0.79726321143422274 5.2583984788449021
decision_type=2 2 2 2 8 2 2 2 8 2 2 2 2 2
left_child=2 5 -1 4 -4 -2 -3 8 13 -10 11 -9 -11 -8
right_child=1 6 3 -5 -6 -7 7 10 9 12 -12 -13 -14 -15
leaf_value=-0.00035236849332787544 0.0019577632917245629 0.0010448159692710744 0.00053490705274186865 0.00092361748330643562 -0.015717555211674176 -0.003374739275575348 -0.0052915373441865202 -0.010365350969985438 -0.0027612725849829106 0.0035568655422615831 0.00038401619778142838 0.0016492067468222322 -0.011733128019008918 0.0028769768908945581
leaf_weight=10326.107257544994 5128.2787278294563 3682.1050899922848 52.712508156895638 161.33294087648392 140.64763145148754 333.71672271192074 212.31770950555801 250.18277840316296 1731.5314652919769 57.225955009460449 5874.736304923892 224.89557103812695 294.67345370352268 716.74353119730949
leaf_count=41831 20721 15135 217 669 584 1349 864 1024 7009 231 23885 915 1196 2892
internal_value=-1.62349e-06 0.000305475 -0.000533685 -0.00578074 -0.0113268 0.00163084 -0.000249651 -0.000758867 -0.00236301 -0.00386347 2.67587e-06 -0.00469475 -0.00924062 0.00100288
internal_weight=29187.2 18506.4 10680.8 354.693 193.36 5462 13044.4 9362.31 3012.49 2083.43 6349.81 475.078 351.899 929.061
internal_count=118522 75221 43301 1470 801 22070 53151 38016 12192 8436 25824 1939 1427 3756
is_linear=0
shrinkage=0.03


Tree=251
num_leaves=15
num_cat=0
split_feature=2 11 15 17 18 18 14 3 12 18 12 1 7 7
split_gain=5.78861 11.5511 9.92323 15.5222 11.0769 15.8922 11.5672 18.1998 13.4588 18.8126 12.2888 14.0089 10.8372 10.0492
threshold=-0.021252467458214404 41.856300255477088 -0.028136802956307602 -0.37940952255126015 4.4568968727451592 6.1807259817701778 -0.076753613407370899 -0.041318504348485156 -0.27660966530795306 6.6843886851402914 -0.12736906342466101 -0.0099356994252752778 0.85052641463236944 0.72204432312773437
decision_type=2 2 10 2 2 2 10 2 2 2 2 2 2 2
left_child=1 2 3 -1 -5 12 8 -8 9 -7 11 -10 13 -6
right_child=-2 -3 -4 4 5 6 7 -9 10 -11 -12 -13 -14 -15
leaf_value=-0.0044202019821914327 0.0001844102867485222 -0.0022241241427312596 0.0015812044715070158 -0.010189874130325644 0.0042015976258547427 -0.0099554163326342985 0.015524247436920545 -0.0051924522401554209 -0.0050372588534790689 0.0099027993186542266 -0.00093146575712890452 -0.021039368489283648 0.0076447895983415698 -0.0061696934457082424
leaf_weight=854.86718568205833 21541.095628663898 3005.9970391094685 2265.9475487321615 78.500172361731529 230.71525497734547 67.06007781624794 74.348976641893387 74.811132341623306 108.39275470376015 111.70224058628082 141.97883798182011 90.875876486301422 395.02897994220257 129.65953274071217
leaf_count=3452 87504 12294 9142 318 930 270 300 301 436 450 571 369 1596 522
internal_value=-6.71101e-05 -0.000777078 0.000164204 -0.0011977 0.000638524 0.00124867 -0.00211477 0.00520258 -0.00422557 0.00242555 -0.00770359 -0.0124715 0.00422586 0.000456646
internal_weight=29171 7629.89 4623.89 2357.94 1503.07 1424.57 669.17 149.16 520.01 178.762 341.247 199.269 755.404 360.375
internal_count=118455 30951 18657 9515 6063 5745 2697 601 2096 720 1376 805 3048 1452
is_linear=0
shrinkage=0.03


Tree=252
num_leaves=15
num_cat=0
split_feature=3 7 7 4 17 17 6 5 14 6 18 3 6 11
split_gain=4.29073 10.2637 11.1209 4.66503 12.2362 10.1931 13.421 13.8211 15.5844 15.4336 10.8279 10.7723 10.1831 9.80575
threshold=-0.52587465873450556 0.67539653439727243 0.95215740413527938 -0.013359259210198591 -0.37940952255126015 -0.78656609248549325 0.018808806883991117 0.028842767911992809 0.35425906146945513 0.05679862692286651 7.007030622071972 0.042163062721696683 0.075503481381730436 41.261934671114766
decision_type=2 2 2 2 2 2 2 2 8 2 2 2 2 2
left_child=1 -1 -3 4 -2 6 13 10 9 -9 11 -8 -10 -5
right_child=3 2 -4 5 -6 -7 7 8 12 -11 -12 -13 -14 -15
leaf_value=-0.013570056399688758 -0.001034338966354935 0.010827251369727538 -0.0056784456506163835 -0.0036933904415250695 0.0017331400718420091 -0.00054834397016751833 -0.0044036940270994439 -0.0050515243668354786 0.0082768722614944071 0.011455319945793817 0.0077315545209048131 -0.015898897737605302 -0.0044550523574531332 0.0024379525352100392
leaf_weight=69.506979927420616 2279.7810446172953 54.732950001955032 102.24057315289974 251.46305806934834 3886.7221272885799 17972.741313636303 429.12426315248013 367.76968671381474 280.41906771063805 57.205963715910912 52.174312606453896 87.315132319927216 69.321670323610306 3217.4089091867208
leaf_count=284 9226 224 416 1013 15692 73078 1800 1507 1147 238 214 359 287 13001
internal_value=-5.42063e-05 -0.00414922 0.000140511 -2.18876e-05 0.000709988 -0.000220007 0.00100599 -0.00153834 0.00106877 -0.00278629 -0.00508172 -0.00640104 0.00574231 0.00199161
internal_weight=29177.9 226.481 156.974 28951.4 6166.5 22784.9 4812.2 1343.33 774.716 424.976 568.614 516.439 349.741 3468.87
internal_count=118486 924 640 117562 24918 92644 19566 5552 3179 1745 2373 2159 1434 14014
is_linear=0
shrinkage=0.03


Tree=253
num_leaves=15
num_cat=0
split_feature=6 11 15 18 18 18 15 3 7 7 11 18 6 14
split_gain=4.64457 7.77442 19.032 13.0946 12.9683 8.9101 12.966 11.3637 12.5553 10.0604 7.28732 7.82682 12.2797 8.09645
threshold=0.048943662751261628 36.081280772607677 -0.02611248397479082 6.6503885224689396 5.4422879766570746 5.634788013191959 0.0048208070068751505 0.36058839698027739 0.85052641463236944 1.3467783221927252 69.227404894602529 5.8381608336106225 0.075503481381730436 0.23290276428559076
decision_type=2 2 10 2 2 2 8 2 2 2 2 2 2 10
left_child=-1 2 3 -2 -4 6 -3 -8 -9 10 11 12 -7 -13
right_child=1 5 4 -5 -6 9 7 8 -10 -11 -12 13 -14 -15
leaf_value=0.00010697180130754499 -0.012031525069127802 -0.0045132426618246955 -0.0011642867721003529 0.0071963900510630258 0.017751469478216996 -0.00038840060543008243 0.0076976786449165641 0.0068518967611614322 -0.013871884086279661 0.00097106851031359017 0.00554306482706729 -0.0046004728372171701 -0.017162309829613611 0.0051254853324443628
leaf_weight=26537.857619360089 80.595889493823051 216.32619036734104 49.874324336647987 50.216983139514923 91.022143840789795 63.213387385010719 283.85031315684319 49.094808474183083 52.541408225893974 444.45003290474415 62.961534336209297 944.60600212216377 102.15115855634212 82.219882398843765
leaf_count=107519 329 890 201 203 367 265 1169 202 217 1821 263 4013 422 339
internal_value=-1.1057e-05 -0.00122748 0.00355451 -0.00465302 0.0111331 -0.00179465 0.00133904 0.00462955 -0.00392233 -0.00290453 -0.00427624 -0.00480323 -0.0108315 -0.00381325
internal_weight=29111 2573.12 271.709 130.813 140.896 2301.41 601.813 385.487 101.636 1699.6 1255.15 1192.19 165.365 1026.83
internal_count=118220 10701 1100 532 568 9601 2478 1588 419 7123 5302 5039 687 4352
is_linear=0
shrinkage=0.03


Tree=254
num_leaves=15
num_cat=0
split_feature=7 7 3 12 15 14 18 3 17 6 16 12 18 14
split_gain=6.04143 12.54 12.7007 11.4364 14.5194 16.564 14.9895 17.5052 14.8156 16.0933 14.229 13.5857 14.4055 15.2011
threshold=0.78074487788183344 0.73694300387696332 -0.22507471061793113 -0.39298522344820241 0.02209601453674637 -0.07433893493751241 4.9426533832507795 0.097873034984484977 0.60355339059327384 0.0076595311534599442 -0.5 -0.09417193994452959 4.0845881520268525 -0.020590621897585339
decision_type=2 2 2 2 10 8 2 2 2 2 2 2 2 10
left_child=1 2 -1 -4 5 -5 7 11 9 -6 -11 12 13 -7
right_child=-2 -3 3 4 8 6 -8 -9 -10 10 -12 -13 -14 -15
leaf_value=-0.0051879804608985884 -0.00028045767940143465 0.0030640814767816348 0.0047892555787077042 -0.0082567810196171945 -0.017362002427655631 0.019765677452494943 0.0013743034655220292 -0.01737120242350304 -0.014894937405098195 -0.0098402876982555346 0.0052081758511762447 -0.0064183945155667889 -0.0013868947554869656 0.00023702741256396591
leaf_weight=379.9043570458889 19734.614840820432 1596.8651003241539 501.04627367854118 188.53345020115376 49.653474271297455 65.431116700172424 5248.3401820063591 65.228435918688774 105.32145220041275 77.31734511256218 195.09694628417492 334.89598216116428 499.71812054514885 76.758360594511032
leaf_count=1549 80187 6481 2044 768 201 265 21254 265 428 315 795 1355 2032 311
internal_value=1.75197e-05 0.000644087 0.00014718 0.000422133 0.000104007 0.000457939 0.000721675 -0.00256171 -0.00523847 -0.00200821 0.000896491 -0.0015393 0.00101825 0.00937301
internal_weight=29118.7 9384.11 7787.25 7407.34 6906.29 6478.91 6290.37 1042.03 427.389 322.068 272.414 976.804 641.908 142.189
internal_count=118250 38063 31582 30033 27989 26250 25482 4228 1739 1311 1110 3963 2608 576
is_linear=0
shrinkage=0.03


Tree=255
num_leaves=15
num_cat=0
split_feature=4 17 15 3 1 5 13 2 5 4 10 3 10 1
split_gain=5.08655 11.4843 14.9325 11.9797 16.7741 16.1012 11.2146 10.9695 14.4819 14.1483 13.0702 11.5471 9.52578 9.50571
threshold=-0.013708393797602579 -0.37940952255126015 0.00081720126494033718 -0.10009047091564414 -0.05940051006713442 -0.070809771229243798 0.0050614594679101463 -0.088118429602531231 -0.086024121394309691 -0.074781870841461692 1.1153177194196218 -0.18604807946001053 1.2745636704202787 0.0039374407009044052
decision_type=2 2 10 2 2 2 2 2 2 2 2 2 2 2
left_child=1 2 3 4 -1 -5 -7 8 9 10 -3 -11 -4 -8
right_child=-2 7 12 5 -6 6 13 -9 -10 11 -12 -13 -14 -15
leaf_value=0.0078044550757573033 -1.4721369733886216e-05 -0.0042176252336782738 -0.0077991275423458664 0.014359364625125052 -0.0055254504207306763 0.010963901674188561 -0.0006086657852379351 0.0029633608538089935 -0.0043058363071918244 0.0025898605484172025 0.0079463160967911204 0.015784070388589335 0.0036969388777200805 0.0089669339398184
leaf_weight=101.58664579689503 22884.676134094596 298.49017198383808 356.26571543514729 86.97464919090271 474.02472643554211 94.05210480093956 1007.013299241662 2767.4326408058405 506.92299571633339 144.48219519853592 106.1277481764555 100.90786166489124 77.951146483421326 100.8117021471262
leaf_count=409 93051 1206 1448 353 1924 386 4058 11165 2055 586 429 408 315 412
internal_value=0.000192107 0.00095246 -0.000731053 0.000437547 -0.00315405 0.00204398 0.0011304 0.00193844 -0.000514097 0.00244711 -0.00100374 0.00809925 -0.00572785 0.000277299
internal_weight=29107.7 6223.04 2298.68 1864.46 575.611 1288.85 1201.88 3924.36 1156.93 650.008 404.618 245.39 434.217 1107.83
internal_count=118205 25154 9305 7542 2333 5209 4856 15849 4684 2629 1635 994 1763 4470
is_linear=0
shrinkage=0.03


Tree=256
num_leaves=15
num_cat=0
split_feature=0 14 12 3 10 14 11 11 7 15 16 16 1 3
split_gain=6.15622 8.7806 8.45785 10.7883 9.22251 8.86968 11.6273 10.2751 8.08434 7.8496 8.97583 7.81212 7.57656 7.52832
threshold=-0.0031115690323645045 -0.14126046250384136 -0.13024830071509078 0.073676945863237378 1.4844200979108855 0.019373597691925152 54.447330252876732 45.731484645559696 0.94926240914884608 0.0060100592968415087 -1.0000000180025095e-35 1.0000000180025095e-35 0.012726013859138742 0.035334899259231951
decision_type=2 8 2 2 2 10 2 2 2 8 2 2 2 2
left_child=2 11 -1 5 -5 7 8 13 -7 -6 12 -2 -11 -4
right_child=1 -3 3 4 9 6 -8 -9 -10 10 -12 -13 -14 -15
leaf_value=-0.0003396696034494534 -0.00022145424558731537 -0.00033772046873207774 0.0016062883333415607 -0.0033804490589820911 -0.0039526363920414755 -0.014897706632110286 0.0028733929875212226 0.0042591511977335215 -0.0025287616394593557 0.013150489439677358 -0.00015005685229562478 0.009970042759810057 0.00013209116187368075 -0.0058623736244027558
leaf_weight=4128.4052030742168 129.55191892385483 19517.928403303027 1532.8201740980148 661.00158886611462 147.5312806814909 71.663789242506027 228.87935911118984 1868.2580887973309 137.18387991189957 122.75166055560112 207.19862647354603 139.56988441944122 59.448714375495911 129.94868861138821
leaf_count=16711 535 79464 6193 2670 595 288 922 7515 551 493 835 574 240 522
internal_value=3.58829e-05 -0.000263275 0.000672638 0.00148133 -0.00101257 0.00223423 -0.00178742 0.0027335 -0.00687408 0.00190419 0.00413203 0.00509854 0.00895037 0.00101626
internal_weight=29082.1 19787.1 9295.09 5166.69 1197.93 3968.75 437.727 3531.03 208.848 536.93 389.399 269.122 182.2 1662.77
internal_count=118108 80573 37535 20824 4833 15991 1761 14230 839 2163 1568 1109 733 6715
is_linear=0
shrinkage=0.03


Tree=257
num_leaves=15
num_cat=0
split_feature=12 7 6 17 7 6 2 2 16 16 12 0 6 5
split_gain=4.77144 8.44865 27.1018 9.56264 8.75957 13.1881 8.63317 8.47178 8.30247 6.33446 11.1836 8.01375 5.63095 5.02751
threshold=-0.0079906505663899768 1.0569354722266857 0.0086933966108983882 -0.5 0.80776570124165958 0.011530789616734489 0.0012011308061309347 0.019612408219589098 -0.25881904510252113 0.37940952255126054 -0.0030773815506015541 0.011978055400975631 0.0056385115624393726 0.0036881753668007726
decision_type=2 2 2 2 2 2 2 2 2 2 2 2 2 2
left_child=-1 4 3 -3 6 7 -2 13 -7 11 -11 -4 -5 -6
right_child=1 2 9 12 5 8 -8 -9 -10 10 -12 -13 -14 -15
leaf_value=8.6150750525930379e-05 0.0088629663417430556 0.01650799793317077 -0.013856575780146327 0.011394367442410206 -0.0089563112091391971 0.010822098018652093 -0.0032676702946381093 -0.0017869786858746217 -0.004864515547557775 0.0075739183794500996 -0.010358303667692187 -0.001618056158249712 -0.00092517151750349494 -0.018424238664168979
leaf_weight=27821.257170855999 73.632941633462906 87.446711331605911 100.41495496034622 52.384417116641998 124.05229069292545 49.547108471393585 172.93633258342743 81.671862289309502 72.022915855050087 77.514228954911232 49.626091584563255 92.008467555046082 85.802243649959564 93.397272810339928
leaf_count=112968 296 353 410 211 501 204 703 336 298 317 204 377 348 381
internal_value=5.80744e-06 -0.00183487 0.000934351 0.00885209 -0.00409354 -0.00671493 0.000397064 -0.0100827 0.00160041 -0.00467639 0.000522498 -0.00808149 0.00384091 -0.0131538
internal_weight=29033.7 1212.46 545.197 225.633 667.261 420.691 246.569 299.121 121.57 319.564 127.14 192.423 138.187 217.45
internal_count=117907 4939 2220 912 2719 1720 999 1218 502 1308 521 787 559 882
is_linear=0
shrinkage=0.03


Tree=258
num_leaves=15
num_cat=0
split_feature=12 6 16 11 13 12 0 15 13 5 7 12 2 6
split_gain=4.19966 9.6178 11.081 13.0562 15.1718 11.0146 11.2964 10.4502 9.22101 9.96073 9.02521 8.67304 10.4923 12.1736
threshold=-0.39298522344820241 0.14237317702913324 0.37940952255126054 32.742992306153226 0.43262065678833378 -0.42876942208567242 0.010288158923434711 -0.021518725814901437 1.568496374592832 0.011687178346315831 1.2108388561334296 -0.31497270186920895 -0.15843029154355956 0.014706098257380741
decision_type=2 2 2 2 2 2 2 10 2 2 2 2 2 2
left_child=1 2 3 7 5 6 -5 -1 9 10 -4 12 -2 -14
right_child=11 -3 8 4 -6 -7 -8 -9 -10 -11 -12 -13 13 -15
leaf_value=0.0013297702368070625 -0.011272446364530262 -0.0049123284253892426 0.0069808299899457226 -0.0089958313802813161 0.0038751228028504553 0.0038798122290441255 0.002346924929992908 0.019575301304808505 -0.0042055145188137884 0.018847879868740057 -0.0046455770887109836 5.764235749307584e-05 -0.015085613485996267 -0.00076258383702710361
leaf_weight=61.222582831978798 113.74774681031704 190.44601853191853 419.60150709748268 328.41440322995186 355.68841402232647 121.56037099659443 102.92131462693214 50.967664003372192 78.262734994292259 53.158259361982346 68.650200590491295 26264.659824252129 55.032275959849358 844.72895292937756
leaf_count=247 463 785 1707 1334 1464 494 427 205 321 219 279 106557 223 3491
internal_value=4.58647e-05 0.00143594 0.00217802 0.000254501 -0.000945143 -0.0040489 -0.00629099 0.00981633 0.00533559 0.00672519 0.00533383 -4.75348e-05 -0.0027679 -0.00167014
internal_weight=29109.1 1830.89 1640.45 1020.77 908.585 552.896 431.336 112.19 619.673 541.41 488.252 27278.2 1013.51 899.761
internal_count=118216 7482 6697 4171 3719 2255 1761 452 2526 2205 1986 110734 4177 3714
is_linear=0
shrinkage=0.03


Tree=259
num_leaves=15
num_cat=0
split_feature=3 18 13 12 6 3 6 10 7 12 10 4 10 3
split_gain=6.12675 12.7209 12.6661 11.4928 15.9243 15.8224 18.8949 13.4961 12.8423 11.4647 15.269 11.2906 10.0493 9.41741
threshold=0.22927487504593361 7.007030622071972 0.35495944160880361 -0.10081363487687271 0.068643186443417561 0.39382656581200731 0.036827257668964865 1.3549768693015685 1.5252060616627652 -0.041428091524035419 1.3549768693015685 0.015210067684141683 2.9738152845759371 0.36058839698027739
decision_type=2 2 2 2 2 2 2 2 2 2 2 2 2 2
left_child=-1 2 -2 4 5 6 -4 -5 -9 10 -3 -8 -12 -6
right_child=1 9 3 7 13 -7 11 8 -10 -11 12 -13 -14 -15
leaf_value=2.7390860870258417e-05 0.0149568297129253 -0.0096704252415022677 -0.0073538920715739082 -0.0072301328062900939 0.009502411837104912 0.019365078197683735 0.019758466286898761 0.0077987197675494051 -0.0044035261213894034 -0.012910136255974666 0.0093980880147162462 0.0014055587951613978 -0.0046768261118993728 -0.0011184083529544211
leaf_weight=27373.736454114318 76.692281156778336 100.09863688051701 69.658271625638008 189.49551995098591 94.532633662223816 107.190738260746 69.735300794243813 188.62165401875973 129.25968499481678 79.677946582436562 130.70321108400822 52.628063157200813 68.088022381067276 337.56837959587574
leaf_count=111111 309 412 284 780 388 436 284 772 527 330 533 217 276 1393
internal_value=0.000135799 0.00188555 0.00327942 0.00253348 0.00493541 0.0102309 0.00498499 -0.000934355 0.00284043 -0.00294939 -0.000225898 0.0120145 0.00457872 0.00123823
internal_weight=29067.7 1693.95 1315.38 1238.69 731.313 299.212 192.022 507.377 317.881 378.568 298.89 122.363 198.791 432.101
internal_count=118052 6941 5390 5081 3002 1221 785 2079 1299 1551 1221 501 809 1781
is_linear=0
shrinkage=0.03


Tree=260
num_leaves=15
num_cat=0
split_feature=13 14 13 16 2 2 13 10 5 12 10 5 17 5
split_gain=3.9811 9.91122 7.27763 11.3821 7.95018 6.83184 6.78637 14.1943 14.5468 13.1844 12.5778 17.584 12.5606 18.5113
threshold=11.518131848571135 -0.052143323245745658 3.8006713353502737 1.0000000180025095e-35 0.5907695649641943 0.11984386680427521 0.87359046014016351 0.50024728579974276 0.097509255508200013 -0.079946724941598254 0.62056524377499589 -0.0074365914782022471 0.25881904510252057 0.21274410150013504
decision_type=2 10 2 2 2 2 2 2 2 2 2 2 2 2
left_child=2 -2 4 -4 6 -5 -1 -8 10 12 -9 -12 13 -10
right_child=1 -3 3 5 -6 -7 7 8 9 -11 11 -13 -14 -15
leaf_value=0.00012710865781572506 0.004599565129528126 -0.013225010840477809 0.012518097684702892 0.006853385370294081 0.010210316514782396 -0.0078351897144009405 0.0049096636436509146 -0.018953502143845544 0.016769790571908423 -0.0071002111382162721 0.0029125723784693938 -0.0091351508156850992 -0.0030555273712034132 -0.00033465709287338658
leaf_weight=27389.161308541894 48.106197506189346 62.850699678063393 105.26087854802608 50.343639567494392 67.134618923068047 60.61789083480835 218.85489243268967 66.243696257472038 103.26708647608757 167.03378111124039 161.86254893243313 327.10886499285698 179.32806374132633 123.88770093023777
leaf_count=110944 199 269 433 206 276 250 909 279 424 691 690 1490 739 508
internal_value=6.87118e-05 -0.00555242 9.0585e-05 0.00554851 4.92315e-05 -0.00116758 2.47844e-05 -0.00205202 -0.00340815 -5.39526e-05 -0.00686029 -0.00515142 0.00286212 0.00751971
internal_weight=29131.1 110.957 29020.1 216.222 28803.9 110.962 28736.7 1347.59 1128.73 573.517 555.215 488.971 406.483 227.155
internal_count=118307 468 117839 889 116950 456 116674 5730 4821 2362 2459 2180 1671 932
is_linear=0
shrinkage=0.03


Tree=261
num_leaves=15
num_cat=0
split_feature=18 3 13 6 14 6 18 12 3 16 16 14 13 2
split_gain=6.66367 7.77111 16.3669 11.5817 16.9466 21.3458 13.1579 11.547 15.3267 37.5758 15.9518 21.2247 20.5705 15.3559
threshold=5.9477724553863114 0.011808348775745993 0.032888101157995016 0.048943662751261628 -0.02923979748246763 0.083409049970581461 6.2695344509532331 -0.16816567900779902 0.095131435158148273 -0.37940952255126059 0.12940952255126045 -0.0090845249415587564 0.063968293522398759 0.070538654825898675
decision_type=2 2 2 2 8 2 2 2 2 2 2 10 2 2
left_child=-1 3 -3 -2 -5 6 -6 -4 10 -10 11 12 -9 -11
right_child=1 2 7 4 5 -7 -8 8 9 13 -12 -13 -14 -15
leaf_value=-0.00065285534601842174 -2.429992596446162e-05 0.010299052561863573 0.0035973175469496015 0.0019961669839576122 -0.021642055830513877 0.0038134353294012819 -0.0078234043219580669 -0.0059945414058001599 0.0033344875360764559 -0.0080191342944438467 0.003678767847658759 -0.0040091207772012718 0.0044799080070453473 -0.0016246865477217119
leaf_weight=13557.960602447391 8011.7049008905888 164.54699231684208 1093.0224848687649 251.5112941712141 86.372586473822594 104.51140028238297 223.14531555771828 208.62327541410923 815.37873466312885 672.50090412795544 1588.2056590467691 823.39484983682632 849.31234852969646 680.05141344666481
leaf_count=55087 32379 662 4496 1032 421 439 928 841 3318 2740 6422 3337 3432 2775
internal_value=-0.000166624 0.000256741 0.00100841 -0.000340637 -0.00413719 -0.00785472 -0.0117938 0.000778278 0.000230626 -0.00174729 0.00146681 -0.000402424 0.00240695 -0.00481121
internal_weight=29130.2 15572.3 6895.04 8677.25 665.541 414.029 309.518 6730.49 5637.47 2167.93 3469.54 1881.33 1057.94 1352.55
internal_count=118309 63222 28023 35199 2820 1788 1349 27361 22865 8833 14032 7610 4273 5515
is_linear=0
shrinkage=0.03


Tree=262
num_leaves=15
num_cat=0
split_feature=15 4 15 1 13 17 10 13 11 16 15 13 5 5
split_gain=5.9099 7.99521 9.80361 10.5143 14.0267 5.19827 12.9675 16.8545 16.5164 13.1655 10.5796 15.1508 11.7473 9.59346
threshold=0.065327304404409606 0.060944236101874834 0.095472454039798219 0.018807834422857942 0.24197189571426195 -0.37940952255126015 1.0527388671972564 0.034881180228931725 33.550085681454895 -0.5 -0.024131849355918163 0.060435057006966615 -0.0017018615158231885 -0.019105615108116755
decision_type=10 2 10 2 2 2 2 2 2 2 10 2 2 2
left_child=5 2 3 4 -2 6 9 8 -8 10 11 12 -1 -11
right_child=1 -3 -4 -5 -6 -7 7 -9 -10 13 -12 -13 -14 -15
leaf_value=-0.0068519811922416862 0.013242286201567147 -0.0055316457298883138 -0.0006153958717931608 0.020387364446058417 -0.0053823377260986544 0.00028319632127651038 -0.0052813128601223638 -0.0002750793051039302 0.0059747013035148667 -0.0026811304470182968 -0.0014158250451930521 -0.0022809636881906802 -0.018578589504336079 0.00016223267266129895
leaf_weight=225.89877790212631 82.325638681650162 70.220368802547455 140.72042447328568 56.926835745573044 62.511002704501152 17922.113286703825 135.85286647081375 3009.1730185449123 799.39537455141544 1480.1291619986296 805.79917795956135 382.47555565834045 118.02873094379902 3820.9630981981754
leaf_count=913 332 286 571 232 254 72764 550 12255 3224 6011 3279 1564 477 15527
internal_value=2.14839e-05 0.0035772 0.00546608 0.00967203 0.00524014 -2.98931e-05 -0.000550481 0.000818905 0.00433189 -0.00134095 -0.00378842 -0.00640922 -0.0109605 -0.00063238
internal_weight=29112.5 412.704 342.484 201.763 144.837 28699.8 10777.7 3944.42 935.248 6833.29 1532.2 726.403 343.928 5301.09
internal_count=118239 1675 1389 818 586 116564 43800 16029 3774 27771 6233 2954 1390 21538
is_linear=0
shrinkage=0.03


Tree=263
num_leaves=15
num_cat=0
split_feature=4 2 12 13 10 17 14 15 0 10 0 10 15 6
split_gain=5.97316 16.0033 11.2742 11.688 11.6835 7.91383 12.1914 10.9898 12.3994 9.77303 9.13289 8.83975 12.7011 8.87375
threshold=-0.012344476155573767 -0.020069103063314522 -0.057751238715639079 0.12050467572676117 0.93576329923200641 -0.78656609248549325 0.0061998086533197059 0.0048208070068751505 -0.0054855831234728028 1.8581196106660249 -0.024058631990788278 1.1475957624332611 0.0066124411900072575 0.024385474324264623
decision_type=2 2 2 2 2 2 10 8 2 2 2 2 8 2
left_child=2 -2 -1 4 -4 6 7 8 -3 11 -8 12 -9 -14
right_child=1 5 3 -5 -6 -7 10 9 -10 -11 -12 -13 13 -15
leaf_value=0.00064343747129273906 -0.002468288057912793 -0.0062369125538195985 0.012268939826523502 0.019767732006320655 -0.0025992491572361508 -0.00016807152153061204 0.010317090393551498 -0.012522234782111605 0.0095615661980713793 0.0071384380209520842 -0.0017559963277658814 -0.0023705467181210976 0.0032366971069650017 -0.0036730930431899509
leaf_weight=6457.4015663862228 2369.6895459890366 50.900879710912704 80.677274897694588 50.519907116889954 110.70047044754028 15838.724281921983 57.220993608236313 50.290156379342079 305.39152954518795 262.02202875912189 1186.7882726639509 525.18773443996906 1543.0521693080664 185.9046823233366
leaf_count=26108 9683 206 325 203 446 64390 232 203 1236 1066 4832 2133 6235 790
internal_value=9.70892e-05 -0.000138214 0.000882791 0.00721461 0.00373066 0.000138007 0.001301 0.0023592 0.00728234 0.0016706 -0.001185 0.00104324 0.00205243 0.00249034
internal_weight=29074.5 22375.2 6699.3 241.898 191.378 20005.5 4166.76 2922.75 356.292 2566.46 1244.01 2304.43 1779.25 1728.96
internal_count=118088 91006 27082 974 771 81323 16933 11869 1442 10427 5064 9361 7228 7025
is_linear=0
shrinkage=0.03


Tree=264
num_leaves=15
num_cat=0
split_feature=18 6 5 5 14 6 18 17 13 18 16 11 5 1
split_gain=5.31872 8.84404 14.825 14.3287 13.7254 16.045 13.8177 13.1132 10.8018 10.7391 8.09315 13.0294 10.9551 9.7032
threshold=5.9477724553863114 0.048943662751261628 0.15050701531176938 0.17735483479489492 -0.14126046250384136 0.083409049970581461 6.2372241482186572 -0.60355339059327384 5.2637744466153942 6.509715679537325 1.0000000180025095e-35 52.869338079672765 -0.0090244094987647055 -0.054959523648759438
decision_type=2 2 2 2 8 2 2 2 2 2 2 2 2 2
left_child=-1 -2 4 -4 9 6 7 -6 -5 -3 12 13 -8 -12
right_child=1 2 3 8 5 -7 10 -9 -10 -11 11 -13 -14 -15
leaf_value=-0.00042063009748045135 0.00062828903750989924 -0.0032506767600078276 0.017432199379774856 0.0029206067538205178 -0.029229977201368117 0.0019282825857030673 -0.014545708371641371 -0.0088790170628337776 -0.011050909404454823 0.010713580520570616 -0.0086297622022980282 -0.013820162869760604 -0.0028004315563594411 0.0057090259823069879
leaf_weight=13490.850912377238 14087.024013012648 100.60416300594807 51.402371540665627 335.29340839385986 44.156992390751839 215.15718425810337 146.93123492598534 81.836205378174782 56.440323665738106 94.363426849246025 56.196010366082191 59.407818540930748 139.67646090686321 155.6910584717989
leaf_count=54822 56996 410 210 1374 206 898 605 384 240 387 226 255 592 651
internal_value=1.5697e-05 0.000392454 -0.00176683 0.00285352 -0.00364011 -0.00520335 -0.00744608 -0.0163567 0.000861706 0.00354812 -0.00538252 -0.00164885 -0.00888079 0.001861
internal_weight=29115 15624.2 1537.16 443.136 1094.02 899.053 683.896 125.993 391.734 194.968 557.903 271.295 286.608 211.887
internal_count=118256 63434 6438 1824 4614 3817 2919 590 1614 797 2329 1132 1197 877
is_linear=0
shrinkage=0.03


Tree=265
num_leaves=15
num_cat=0
split_feature=15 12 18 16 15 7 12 7 16 18 18 3 15 3
split_gain=3.89301 8.49766 11.1342 8.55819 7.80936 6.29262 4.18133 9.7821 14.9837 10.0378 8.07253 7.30805 6.07755 5.37998
threshold=0.065327304404409606 -0.091883020350385078 4.9910314647596659 -0.5 0.080748876500224678 1.0465820863804678 -0.64838665738557177 0.78658795846537088 -0.37940952255126059 6.4716789181501007 5.2018583670862393 -0.52587465873450556 -0.01511887707190329 -0.42549425596484974
decision_type=10 2 2 2 10 2 2 2 2 2 2 2 10 2
left_child=6 -2 -3 5 -5 -4 7 8 -1 10 -9 -8 -10 -13
right_child=1 2 3 4 -6 -7 11 9 12 -11 -12 13 -14 -15
leaf_value=-0.011115281421898692 0.011381771345628965 0.013342632722589313 -0.0037270832887022695 0.00039818551514762032 -0.013413049263313775 0.0088415473219464365 -0.0091794792546393607 0.0029698327821529092 -0.0017081204145766647 -0.00096887028713354571 0.018106884225033114 0.0075055708428567085 0.01016839285338322 -9.8534592328123672e-05
leaf_weight=87.682178393006325 82.055669292807579 51.176817163825035 60.337793245911598 71.745919555425644 73.505040422081947 83.268469259142876 77.587300777435303 52.272842422127724 75.765364199876785 80.601009294390678 82.334842205047607 81.989289656281471 76.391541838645935 28104.425209000707
leaf_count=359 333 206 246 291 299 337 317 212 309 333 336 334 312 114143
internal_value=-1.33686e-05 0.00283997 0.00072419 -0.00158779 -0.00667831 0.00358204 -5.54995e-05 0.00279103 -0.00137513 0.00740391 0.0123582 -0.000101523 0.00430914 -7.58846e-05
internal_weight=29141.1 422.09 340.034 288.857 145.251 143.606 28719 455.048 239.839 215.209 134.608 28264 152.157 28186.4
internal_count=118367 1712 1379 1173 590 583 116655 1861 980 881 548 114794 621 114477
is_linear=0
shrinkage=0.03


Tree=266
num_leaves=15
num_cat=0
split_feature=13 15 4 6 0 3 6 7 13 15 16 16 7 18
split_gain=4.38672 11.9799 18.6262 10.9927 10.0783 10.7316 13.4146 12.4846 11.8477 14.5626 12.3509 10.7151 12.2386 10.1069
threshold=0.050451832924392044 0.0064402198338222591 0.0070683637374232564 0.028273169271069491 0.0018390412381656953 -0.017749959106109322 0.016458657622802641 1.0432395651591448 0.037532528316482468 0.024012666270181619 0.37940952255126054 0.12940952255126045 0.68396120943672245 6.6843886851402914
decision_type=2 8 2 2 2 2 2 2 2 10 2 2 2 2
left_child=1 2 3 -1 5 11 8 -8 9 -7 -11 12 13 -3
right_child=-2 4 -4 -5 -6 6 7 -9 -10 10 -12 -13 -14 -15
leaf_value=0.0015445693689181655 0.00027238944203199672 -0.0093944130383648537 -0.0088992921448603889 -0.0065099778471630577 -0.003184238460825843 0.0018129244440999864 0.0013596571583868681 0.01813722594074766 -0.0038609342196721888 -0.00053783305900150988 -0.018534713805005539 -0.0046750469412874659 0.0016378087215179443 0.0053784056844584042
leaf_weight=3720.0297083705664 18575.650092169642 184.66283009946346 169.10697592794895 157.06332099437714 1819.2503813058138 1945.2857661694288 87.906733572483063 71.662401169538498 533.7668335288763 81.008950516581535 57.7060716599226 894.15535701811314 780.88789694011211 52.22870996594429
leaf_count=15022 75710 742 691 633 7415 7818 353 288 2146 326 232 3595 3142 210
internal_value=-5.10746e-06 -0.000493444 0.000788178 0.00121509 -0.0012902 -0.000554339 0.00063638 0.0090257 0.0001185 0.00114046 -0.00818164 -0.00228287 -0.000176218 -0.00611961
internal_weight=29130.4 10554.7 4046.2 3877.09 6508.52 4689.27 2777.34 159.569 2617.77 2084 138.715 1911.93 1017.78 236.892
internal_count=118323 42613 16346 15655 26267 18852 11163 641 10522 8376 558 7689 4094 952
is_linear=0
shrinkage=0.03


Tree=267
num_leaves=15
num_cat=0
split_feature=11 7 17 13 10 3 6 12 12 7 7 10 7 18
split_gain=6.2799 7.48668 8.55015 7.44381 12.2373 6.82063 10.8842 6.38726 8.92066 9.84111 11.2013 9.07831 7.08218 12.0567
threshold=52.17110949797884 0.36162498480058503 -0.78656609248549325 5.2637744466153942 0.57227598599918628 0.0074042426225416911 0.01368268851749894 -0.012346950173474645 -0.011397417403665509 0.96694669072615291 0.81061607918799794 0.98373603049917868 1.2108388561334296 6.5492600216642112
decision_type=2 2 2 2 2 2 2 2 2 2 2 2 2 2
left_child=3 2 -2 7 -5 -4 -7 12 -9 10 -10 -11 -1 -14
right_child=1 -3 5 4 -6 6 -8 8 9 11 -12 -13 13 -15
leaf_value=0.00039734301126972694 0.01448206232735922 -0.0007330160149698979 -0.0034241664106686512 -0.0027912415771220904 0.017364456549668832 0.014265314169941845 -0.0038919720600114746 0.012901631294985715 0.0040563019537050325 0.00038712763958703201 -0.0092964568908159104 0.01377490929636061 8.8639802535870593e-05 -0.0044213416614034178
leaf_weight=14411.814621552825 55.537554353475571 11337.886054292321 120.31188158690929 49.305582746863365 56.942957952618599 68.329393982887268 50.2401113063097 76.51898492872715 115.85534089803696 92.444076985120773 106.91449348628521 88.163111388683319 1679.334604755044 779.81449151039124
leaf_count=58356 225 46291 486 203 234 275 204 308 466 373 430 355 6802 3151
internal_value=-7.0155e-05 -0.000610085 0.0040969 0.000289649 0.00813227 0.00158226 0.00663479 0.000240693 0.00364625 0.00183555 -0.00237782 0.00700164 0.000143401 -0.00134394
internal_weight=29089.4 11632.3 294.419 17457.1 106.249 238.881 118.57 17350.9 479.896 403.377 222.77 180.607 16871 2459.15
internal_count=118159 47481 1190 70678 437 965 479 70241 1932 1624 896 728 68309 9953
is_linear=0
shrinkage=0.03


Tree=268
num_leaves=15
num_cat=0
split_feature=6 15 11 14 16 6 7 16 15 1 18 18 6 15
split_gain=6.24348 14.4526 9.84789 9.9479 8.38166 8.36054 11.4038 10.6098 14.2589 11.4613 10.6738 9.14148 9.12871 14.6104
threshold=0.0053657069969023381 0.026412622117530486 40.484207119317027 -0.011746814962429573 0.60355339059327384 0.0065706194293503163 0.65049289702919422 -0.37940952255126059 0.022838967057084329 -0.0056850972136213143 6.3951521066590225 5.0549624998543168 0.0080723886218542606 0.034989141259200725
decision_type=2 10 2 10 2 2 2 2 8 2 2 2 2 10
left_child=1 2 3 -1 -5 6 -2 8 9 -8 11 -11 13 -7
right_child=5 -3 -4 4 -6 12 7 -9 -10 10 -12 -13 -14 -15
leaf_value=-0.0082261907254027287 -0.0075517174640517583 -0.012265508453480196 0.002737806376579513 -0.0026425084724631532 0.012186520027467397 0.0013185026293424291 0.0099994284066605814 -0.0031343506836631189 0.010232478350366338 -0.005369172166416256 -0.012528895924942449 0.0106260355926369 -0.00022704346680644302 0.013368080787231224
leaf_weight=158.81341299414635 302.29157963395119 64.863995477557182 1823.4757128506899 97.13793571293354 50.589406177401543 1859.6024722754955 61.352832123637199 775.36200773715973 147.24231085181236 79.654461100697517 86.597736939787865 51.067930802702904 23388.971800178289 93.251522153615952
leaf_count=638 1220 262 7342 393 204 7518 248 3134 594 324 349 206 95149 377
internal_value=-6.56832e-05 0.00147195 0.0019014 -0.00305948 0.00253066 -0.000191501 -0.00236348 -0.00104752 0.00274836 -0.00125076 -0.00448909 0.000945469 -6.24574e-05 0.00190698
internal_weight=29040.3 2194.88 2130.02 306.541 147.727 26845.4 1503.57 1201.28 425.915 278.673 217.32 130.722 25341.8 1952.85
internal_count=117958 8839 8577 1235 597 109119 6075 4855 1721 1127 879 530 103044 7895
is_linear=0
shrinkage=0.03


Tree=269
num_leaves=15
num_cat=0
split_feature=2 14 7 14 4 12 17 18 18 7 12 11 11 1
split_gain=5.06539 11.7171 9.78262 12.3713 21.1128 13.2128 12.8514 9.48652 10.6115 9.33343 10.6435 8.99771 8.10812 13.0839
threshold=0.012980025596688762 0.040600626654559109 1.5056139499169456 -0.1628495263286775 -0.026625651604451347 -0.048812280311536109 -0.12940952255126037 7.3753346684308703 6.1473385547233272 1.4077617167991991 -0.19099998670022497 45.936259988776477 50.148965886320745 0.0048368185533994032
decision_type=2 10 2 10 2 2 2 2 2 2 2 2 2 2
left_child=1 2 9 7 -5 6 -6 8 11 -1 -11 -4 13 -2
right_child=12 -3 3 4 5 -7 -8 -9 -10 10 -12 -13 -14 -15
leaf_value=-0.00030100166035860023 0.001804152102652744 0.012092400604067691 0.0016151114653071225 0.01466605981438119 0.0014486184826030381 0.0072741933974670662 -0.015598623322348716 0.0052455462070238419 -0.013135550283879333 0.01618892120392151 0.0021620579675183864 -0.011701698830693432 0.00024123103972911232 0.012274192636005458
leaf_weight=18512.317635297775 849.23150242865086 66.359655737876892 122.67043250799179 74.187220931053162 69.431862026453018 69.073618680238724 90.280138790607452 50.36783529818058 204.77296832203865 59.166813522577286 242.79204177856445 70.361677721142769 8452.112484768033 121.1668633967638
leaf_count=75105 3420 269 495 299 282 279 367 205 831 241 981 290 34465 495
internal_value=-3.19443e-05 -0.000306365 -0.000349649 -0.0037023 0.000978461 -0.00354858 -0.00826139 -0.00685687 -0.00840778 -0.000215418 0.00499896 -0.00330919 0.000539754 0.00313403
internal_weight=29054.3 19631.8 19565.4 751.146 302.973 228.786 159.712 448.173 397.805 18814.3 301.959 193.032 9422.51 970.398
internal_count=118024 79644 79375 3048 1227 928 649 1821 1616 76327 1222 785 38380 3915
is_linear=0
shrinkage=0.03


Tree=270
num_leaves=15
num_cat=0
split_feature=15 16 15 6 2 12 3 6 12 6 6 15 18 3
split_gain=6.37461 16.5576 15.6292 12.5128 11.3886 9.89035 12.7119 6.73133 6.48884 6.27566 9.58856 9.15873 8.54261 8.45612
threshold=-0.025661915114333574 -0.60355339059327362 -0.039207649060264853 0.065695080944197251 -0.1461679554714331 -0.18108754821774373 0.014275007184418377 0.017637703408295055 -0.077135050807672065 0.02581996382644287 0.022614514690224661 -0.035950672919982544 6.5003881917938662 -0.080813886607393956
decision_type=8 2 10 2 2 2 2 2 2 2 2 10 2 2
left_child=1 2 7 4 -3 -4 8 -1 -7 10 13 -11 -13 -6
right_child=-2 3 5 -5 9 6 -8 -9 -10 11 -12 12 -14 -15
leaf_value=0.0080450882195819487 6.1831344782266171e-05 -0.013074727359365719 -0.0010372551130273912 0.012900298504007923 -0.0080061130249763357 -0.022773072108829926 -0.0043613071650874802 -0.0037444965824473698 -0.010311582134299847 0.011792875237202955 -0.011009376371218146 -0.0074607701735272865 0.0066595234960898208 0.0010073577619883823
leaf_weight=72.631983399391174 27284.244537562132 60.51757687330246 89.72846457362175 63.056263402104378 105.08890613913536 95.854858815670013 107.18584035336971 102.88920621573925 70.325861483812332 90.44905698299408 77.615547984838486 73.001305058598518 77.366894781589508 745.95185548067093
leaf_count=295 110839 246 365 258 426 390 436 417 285 367 315 299 315 3019
internal_value=-5.32368e-05 -0.00176548 -0.0061743 7.77076e-05 -0.000599526 -0.00971141 -0.0125304 0.0011698 -0.0176848 6.72572e-05 -0.00105348 0.0043622 -0.000203598 -0.000121812
internal_weight=29115.9 1831.66 538.616 1293.05 1229.99 363.095 273.367 175.521 166.181 1169.47 928.656 240.817 150.368 851.041
internal_count=118272 7433 2188 5245 4987 1476 1111 712 675 4741 3760 981 614 3445
is_linear=0
shrinkage=0.03


Tree=271
num_leaves=15
num_cat=0
split_feature=10 12 6 10 6 2 18 18 14 6 15 18 13 14
split_gain=6.48806 17.2749 17.4698 13.5959 33.9545 13.2363 15.0318 17.317 11.8779 11.8473 15.9484 14.0166 11.6546 11.5199
threshold=1.0968223693991566 -0.081849540196292356 0.0072364237316750457 1.1475957624332611 0.021341393486937688 0.0052063203321550686 6.1807259817701778 5.7155362738594304 0.0058014493447178248 0.0082367934719860016 0.039279309917424683 5.0876941287662021 0.14236656884292578 0.068440976748964669
decision_type=2 2 2 2 2 2 2 2 10 2 10 2 2 10
left_child=-1 2 -2 4 8 6 7 12 -3 10 11 -7 -5 -4
right_child=1 3 13 5 -6 9 -8 -9 -10 -11 -12 -13 -14 -15
leaf_value=-0.00034312673313679164 0.013393606416137077 0.004426902679646013 0.0023886636863515837 -0.0043384416550619883 -0.016732110548350408 -0.010210382941277409 -0.00076578087733316822 -0.011222637902636196 0.016258418090448999 -0.00039807850628712692 0.019166327255250078 0.0053169076268620476 0.0086932436750980762 -0.0026417457600486664
leaf_weight=19254.92782458663 118.28775611519814 375.36346147954464 3381.6161062568426 362.28036938607693 60.140204131603241 61.766569510102272 1245.964979082346 333.3358736038208 94.799745455384254 2904.9596991986036 59.222951292991638 291.24272562563419 72.452608317136765 464.48997470736504
leaf_count=78221 477 1517 13797 1465 247 252 5021 1345 384 11796 239 1179 294 1891
internal_value=-2.30305e-05 0.000604174 0.00213319 -0.000430336 0.00414167 -0.000886501 -0.00280362 -0.00609884 0.00687127 0.000278467 0.00502492 0.00255786 -0.00213672 0.00178009
internal_weight=29080.9 9825.92 3964.39 5861.53 530.303 5331.23 2014.03 768.069 470.163 3317.19 412.232 353.009 434.733 3846.11
internal_count=118125 39904 16165 23739 2148 21591 8125 3104 1901 13466 1670 1431 1759 15688
is_linear=0
shrinkage=0.03


Tree=272
num_leaves=15
num_cat=0
split_feature=6 0 14 15 16 13 17 18 6 15 15 17 6 1
split_gain=6.66613 5.04294 6.76674 5.24358 14.7891 27.7681 21.8653 16.4281 15.6107 14.3538 14.3463 11.8972 12.9812 10.9536
threshold=0.18630081794791728 -0.078114828418871504 -0.10361102119281236 -0.023736017320735488 0.25881904510252091 0.58137559816878337 0.37940952255126048 7.1197385640826267 0.026151925405482935 -0.039207649060264853 -0.035950672919982544 -0.37940952255126015 0.017637703408295055 -0.0046246793622768392
decision_type=2 2 10 8 2 2 2 2 2 10 10 2 2 2
left_child=1 2 -1 4 5 9 7 -6 10 11 -8 -3 -13 -11
right_child=-2 3 -4 -5 6 -7 8 -9 -10 13 -12 12 -14 -15
leaf_value=0.00075064608619293516 -0.0071857905055031542 -0.010732796098602634 0.012247644492896937 0.0001875495312099573 0.0029821599492644195 0.012679901718898294 -0.0020847620718150691 0.019250608830537638 0.0065513694907745864 -0.003238799968693216 -0.019218445156661636 0.011146475415693555 -0.0023995152356790042 -0.010140976913485696
leaf_weight=130.27734534442425 111.24126560986042 63.287452578544617 69.52637654542923 26679.784353747964 559.87210457026958 87.110395193099976 89.015887767076492 60.230520844459534 63.590497344732285 407.02906017005444 86.008469581604004 112.27507036924362 142.5004817545414 424.77066004276276
leaf_count=529 460 257 282 108374 2269 356 360 243 259 1645 348 455 577 1733
internal_value=7.87763e-05 0.00010716 0.00483303 7.40125e-05 -0.0013702 -0.00346772 0.00165228 0.00461912 -0.00603215 -0.00471091 -0.0106264 0.000707099 0.00361029 -0.00677937
internal_weight=29086.5 28975.3 199.804 28775.5 2095.69 1236.97 858.717 620.103 238.615 1149.86 175.024 318.063 254.776 831.8
internal_count=118147 117687 811 116876 8502 5023 3479 2512 967 4667 708 1289 1032 3378
is_linear=0
shrinkage=0.03


Tree=273
num_leaves=15
num_cat=0
split_feature=12 7 6 7 13 12 6 12 16 17 13 5 17 10
split_gain=5.60271 8.54642 26.1226 12.6561 11.8226 11.0932 9.71068 11.321 9.84823 11.4734 9.86214 8.94957 8.90605 9.69025
threshold=-0.013786060157920664 1.0569354722266857 0.0090191896761034982 0.80776570124165958 0.016467220660384089 -0.012346950173474645 0.010203553914084432 -0.0084661251192456027 -0.5 0.1294095225512602 0.12799975885225248 0.16296237166798391 -0.9159756150367534 1.0365375148345741
decision_type=2 2 2 2 2 2 2 2 2 2 2 2 2 2
left_child=-1 3 5 4 -2 -3 7 -5 9 -8 -10 -4 -7 -14
right_child=1 2 11 6 -6 12 8 -9 10 -11 -12 -13 13 -15
leaf_value=9.1030486755741725e-05 0.0091405944116021241 -0.0064406213421838825 -0.0049665246824946198 -0.0031199608081463261 -0.0015239670018181947 0.01805997384652663 -0.003335697209079926 -0.011498042180757352 0.0025125690679326422 0.01468477094534891 -0.01000247660514899 0.0057779179459731917 4.8640418183703813e-05 0.0097517327383202009
leaf_weight=26493.066844657063 116.6127223521471 57.78803351521492 523.61017699539661 290.53196522593498 441.07870897650719 58.978051126003265 62.338850989937782 292.23157206177711 97.191039845347404 61.649828493595123 131.73442469537258 78.739623188972473 161.2485865354538 215.7439579218626
leaf_count=107630 469 233 2135 1173 1786 238 255 1189 395 252 543 323 652 871
internal_value=-3.91886e-05 -0.00137051 0.000640704 -0.00284559 0.000730677 0.00574375 -0.00497416 -0.00734618 -0.00103795 0.00571534 -0.00471343 -0.00354753 0.00738082 0.00562365
internal_weight=29082.5 2589.48 1096.11 1493.37 557.691 493.759 935.678 582.764 352.914 123.989 228.925 602.35 435.971 376.993
internal_count=118144 10514 4452 6062 2255 1994 3807 2362 1445 507 938 2458 1761 1523
is_linear=0
shrinkage=0.03


Tree=274
num_leaves=15
num_cat=0
split_feature=12 6 18 18 11 13 7 7 6 10 10 18 17 16
split_gain=7.01099 9.39832 9.82771 9.99258 8.64498 9.71904 14.3809 8.41922 15.6489 10.6286 12.652 11.2082 10.2314 9.71792
threshold=-0.014675999274851246 0.030037904592201459 7.8331228726160829 7.3433438635650337 47.807052638741212 0.39745265682640901 1.12592742318178 1.0569354722266857 0.0088526958096265176 1.1912204623022011 1.0262298934071119 6.60767037983873 -0.5 0.37940952255126054
decision_type=2 2 2 2 2 2 2 2 2 2 2 2 2 2
left_child=-1 2 3 4 -2 7 -7 9 12 10 11 -6 -9 -10
right_child=1 -3 -4 -5 5 6 -8 8 13 -11 -12 -13 -14 -15
leaf_value=4.562518197096168e-05 0.0042760708373970431 -0.012331211119240721 -0.012201082170110622 0.0077292654055376615 -0.0020391818462244665 0.018016167974339352 -0.0042435171148852372 0.011091969370469412 -0.0067398503038118198 -0.008250735627385427 0.0050710151879017045 -0.010986206928493692 0.00091029809358269469 0.0017744195559024458
leaf_weight=26233.185727506876 223.01920983195305 68.714071482419968 69.851137280464172 112.17759545147419 651.1210805773735 51.112899214029312 50.182139903306961 134.40296298265457 315.66238896548748 353.71729530394077 175.43966862559319 154.68853947520256 255.81779608130455 193.41324461996555
leaf_count=106587 900 288 287 453 2642 208 204 542 1286 1437 712 624 1032 789
internal_value=-0.000106955 -0.00153076 -0.00125117 -0.000955866 -0.00134239 -0.00188209 0.00711995 -0.00229622 -5.16848e-05 -0.00380591 -0.00219013 -0.00377966 0.00445583 -0.00351074
internal_weight=29042.5 2809.32 2740.61 2670.75 2558.58 2335.56 101.295 2234.26 899.296 1334.97 981.249 805.81 390.221 509.076
internal_count=117991 11404 11116 10829 10376 9476 412 9064 3649 5415 3978 3266 1574 2075
is_linear=0
shrinkage=0.03


Tree=275
num_leaves=15
num_cat=0
split_feature=11 7 4 12 15 15 18 13 12 12 13 18 12 16
split_gain=5.45978 17.7855 11.7679 10.4594 10.9569 9.53684 14.6761 13.0115 10.068 13.0367 9.09337 12.5157 9.90548 10.0222
threshold=61.051654117288585 0.56360674607743733 0.041110795975081833 -0.10306402102314387 -0.010025635708641454 0.029097863793630111 7.1791139614844157 0.44588866126292287 -0.083846999446430856 -0.2011370694860676 0.58137559816878337 6.2534570486596355 -0.098690224316123829 0.25881904510252091
decision_type=2 2 2 2 10 8 2 2 2 2 2 2 2 2
left_child=2 3 -1 -2 -5 6 7 8 9 -3 11 -9 13 -12
right_child=1 5 -4 4 -6 -7 -8 10 -10 -11 12 -13 -14 -15
leaf_value=-0.00015681572280849975 0.013067949936878624 0.0040368861786507912 -0.0048132462047226435 -0.0054150825187989334 0.0086780871683080907 0.001517271346896045 -0.011702839127449346 0.021687093788219005 -0.00088430997164279151 -0.012193426877082823 0.014606267598098422 0.0015837261902699683 -0.0033628017097298772 -0.0024684509647519815
leaf_weight=24291.107077121735 156.47310879826546 59.064168348908424 496.49742501974106 84.55547621846199 114.84437847137451 2392.0289721339941 115.24167931079865 51.065785259008408 805.4824807792902 169.37738148868084 72.602458387613297 59.425189360976219 180.92769043147564 51.995312035083771
leaf_count=98537 634 243 2070 342 463 9753 471 209 3294 695 301 244 742 215
internal_value=-7.90402e-05 0.000905811 -0.000250465 0.00731041 0.00270745 0.000326441 -0.00149309 -0.000666612 -0.00246855 -0.00799842 0.00380213 0.0110953 0.0011096 0.00755447
internal_weight=29100.7 4313.08 24787.6 355.873 199.4 3957.21 1565.18 1449.94 1033.92 228.442 416.016 110.491 305.525 124.598
internal_count=118213 17606 100607 1439 805 16167 6414 5943 4232 938 1711 453 1258 516
is_linear=0
shrinkage=0.03


Tree=276
num_leaves=15
num_cat=0
split_feature=14 10 10 18 16 3 2 6 7 12 1 3 5 16
split_gain=4.61001 3.49233 6.74828 7.35225 8.66209 7.38841 6.64337 8.25092 10.768 13.0827 11.0899 9.77307 8.43173 7.03419
threshold=-0.47212620430834151 3.6370781602126985 3.2473383646980083 6.5592782884254364 1.0000000180025095e-35 0.1545912599713232 0.35093638637657359 0.01634349980823346 1.9873758726661304 -0.097461684926702249 -0.00801298996176447 0.0021919807296069131 0.066798191883034388 1.0000000180025095e-35
decision_type=8 2 2 2 2 2 2 2 2 2 2 2 2 2
left_child=-1 2 -2 5 -5 -4 7 11 9 10 -9 -3 -11 -10
right_child=1 6 3 4 -6 -7 -8 8 13 12 -12 -13 -14 -15
leaf_value=-0.0079924128311696478 -4.8971415152316844e-05 -0.013156109299630216 -0.0066069972209547544 -0.0020872798864683974 -0.019523761179513384 0.0084793147528137835 -0.0059025219091074247 0.007118098603157875 0.0058078080680032309 -0.0063166370903315781 0.027115950680902747 0.0035587322040542984 0.0091930813746537773 -0.0073567839746255985
leaf_weight=63.799152925610542 28318.096705883741 49.731036946177483 65.880912110209465 50.214569896459579 51.566113159060478 49.293985590338707 75.997137159109116 49.915020853281021 71.531821623444557 49.217576503753662 52.076146006584167 78.849269986152649 80.749819546937943 70.61641001701355
leaf_count=261 115028 201 269 204 210 200 313 201 291 201 215 319 328 287
internal_value=-6.0606e-05 -4.26766e-05 -8.95406e-05 -0.00533601 -0.0111273 -0.000115649 0.00226054 0.00351315 0.00575874 0.00971567 0.017654 -0.00300856 0.00331296 -0.000743433
internal_weight=29177.5 29113.7 28535.1 216.956 101.781 115.175 578.684 502.687 374.107 231.959 101.991 128.58 129.967 142.148
internal_count=118528 118267 115911 883 414 469 2356 2043 1523 945 416 520 529 578
is_linear=0
shrinkage=0.03


Tree=277
num_leaves=15
num_cat=0
split_feature=10 6 12 13 10 15 11 13 12 15 6 5 13 5
split_gain=5.37751 13.1505 22.3787 12.6209 11.8544 10.5771 14.3774 11.7542 7.2876 6.87436 6.28481 6.73425 5.86203 9.61062
threshold=0.24159057310684134 0.01866493891766886 -0.039075343077398787 0.016467220660384089 0.19570537667035851 0.019876578101424073 43.339711003232239 0.76613851468922667 -0.19607105494926566 0.0012470714636285687 0.0050750696069471251 0.00032092377858228277 3.8006713353502737 0.32062135902199934
decision_type=2 2 2 2 2 8 2 2 2 8 2 2 2 2
left_child=1 2 3 -1 8 -3 -7 -8 -5 -6 11 -4 -2 -14
right_child=12 5 10 4 9 6 7 -9 -10 -11 -12 -13 13 -15
leaf_value=-0.0056873583896457063 -0.00014546878260139609 -0.015844379347120616 -0.0067020000747586529 -0.0031345098715032673 0.0071063433546819533 0.010661862653968889 -0.015765160629129544 0.0034573983773733097 0.0088366927738705373 0.020797029116134305 -0.0081540340602557632 0.0072840979359525895 0.0081087692501731149 -0.0033731665931130603
leaf_weight=50.244323253631592 27880.228163778782 50.279761478304863 50.645339667797089 60.539050132036209 51.784045457839966 64.130938708782196 59.936825677752495 52.125918254256248 175.22147220373154 105.563620865345 112.98139719665051 73.448240518569946 187.762855052948 98.888070449233055
leaf_count=203 113250 205 204 245 209 260 246 215 709 426 458 296 778 415
internal_value=-2.81626e-05 0.00224305 0.00432468 0.00829029 0.0100966 -0.00399421 -0.000472689 -0.00691996 0.00576219 0.0164371 -0.00309869 0.0015603 -0.000101444 0.00415183
internal_weight=29073.8 906.901 680.427 443.353 393.108 226.473 176.194 112.063 235.761 157.348 237.075 124.094 28166.9 286.651
internal_count=118119 3676 2750 1792 1589 926 721 461 954 635 958 500 114443 1193
is_linear=0
shrinkage=0.03


Tree=278
num_leaves=15
num_cat=0
split_feature=7 16 3 0 7 15 18 12 12 13 3 15 12 2
split_gain=5.01012 10.1115 4.23938 5.1799 4.62842 4.4408 13.5347 18.2735 18.7678 28.079 11.1227 10.7542 10.2582 8.98438
threshold=2.3683024011598328 -1.0000000180025095e-35 0.98359811154246035 -0.10725893569463728 1.1084053504949567 0.0014257057095417027 7.2890744364296589 -0.08883148051066779 -0.040274792951212716 0.1086993334222849 0.065749352377606943 0.016448751797673914 -0.013303759134688507 0.012037332136005109
decision_type=2 2 2 2 2 10 2 2 2 2 2 10 2 2
left_child=2 -2 3 -1 -4 -5 -7 -8 11 12 -11 -9 13 -10
right_child=1 -3 4 5 -6 6 7 8 9 10 -12 -13 -14 -15
leaf_value=0.0068234437519399081 0.016329145237531636 -0.0016675281544380521 0.0012690754934871404 0.00033153215238948021 -0.010900218815446108 -0.00019894307264022704 0.0095069531837433784 -0.027454941569516549 0.0061879251707120768 -0.0058570006680449919 -0.026173787481595854 -0.0089323627298080084 0.014424134887373945 -0.0092739483842117342
leaf_weight=101.14953976869583 48.924887731671333 61.943638205528259 48.709230124950409 20190.059104323387 63.369946226477623 8115.5382479131222 61.616719856858253 54.161763206124306 69.672489061951637 48.877324238419533 49.222616076469421 62.569898024201393 51.600006625056267 62.083826720714569
leaf_count=411 200 254 203 81980 264 32989 251 220 281 200 202 256 209 252
internal_value=0.000114457 0.0064228 8.98808e-05 0.000112683 -0.00568196 8.86128e-05 -0.000483268 -0.005479 -0.0078339 -0.00358556 -0.0163704 -0.0178443 0.00335747 -0.00112747
internal_weight=29089.5 110.869 28978.6 28866.6 112.079 28765.4 8575.34 459.805 398.188 281.456 98.0999 116.732 183.356 131.756
internal_count=118172 454 117718 117251 467 116840 34860 1871 1620 1144 402 476 742 533
is_linear=0
shrinkage=0.03


Tree=279
num_leaves=15
num_cat=0
split_feature=13 13 6 10 6 15 15 10 7 7 5 6 12 16
split_gain=4.66189 14.0043 11.3083 20.0828 8.97861 15.9412 13.8239 11.536 17.8351 8.96685 9.5188 8.6031 7.87444 11.2576
threshold=1.8079501277464378 0.97143850377171259 0.075503481381730436 1.4690242017462465 0.087894442413010088 0.034989141259200725 0.018474490812105952 1.6736777861840846 0.75053895690765293 0.81918654784827871 0.022861928047427597 0.053265290588967944 -0.1485609061609742 0.25881904510252091
decision_type=2 2 2 2 2 8 8 2 2 2 2 2 2 2
left_child=1 -1 3 -2 5 7 -6 8 -3 10 -7 -10 13 -4
right_child=2 4 12 -5 6 9 -8 -9 11 -11 -12 -13 -14 -15
leaf_value=0.00010826881520380186 0.0027403743981190797 0.0054735278674372719 0.0053332230074371462 0.022081049436415152 -0.0097194381868215309 -0.011230227276248599 0.0084905898474696463 0.011264323252983573 -0.0039854875076870922 -0.014459242410845638 0.0043415469421421923 -0.020863870389284188 -0.0094805079708681055 -0.0042796480135811575
leaf_weight=27494.656139642 205.15938916802406 100.52845360338688 254.19830270111561 61.504715278744698 55.419700041413307 77.439375951886177 106.49783907830715 58.380561277270317 59.867840752005577 185.92420764267445 62.126869305968285 49.65725439786911 69.815660625696182 189.76872028410435
leaf_count=111465 839 415 1053 250 229 365 446 239 249 850 261 207 293 786
internal_value=6.06535e-05 -2.61236e-06 0.0023449 0.00733237 -0.00402569 -0.00572884 0.00221528 -0.000306933 -0.00359886 -0.0101711 -0.00433516 -0.0118748 -0.000262104 0.00122354
internal_weight=29030.9 28250.5 780.447 266.664 755.842 593.925 161.918 268.434 210.054 325.49 139.566 109.525 513.783 443.967
internal_count=117947 114726 3221 1089 3261 2586 675 1110 871 1476 626 456 2132 1839
is_linear=0
shrinkage=0.03


Tree=280
num_leaves=15
num_cat=0
split_feature=12 10 10 6 0 6 18 11 7 15 14 12 18 17
split_gain=5.01471 10.039 18.8655 12.4668 21.4262 10.642 14.2812 13.3192 10.0906 9.67528 9.338 9.3248 11.5467 11.0661
threshold=-0.052600639006973753 0.58683380442946809 0.44319425938557105 0.0039874921610819104 -0.0019330584377929203 0.01109609224767487 6.8083097442785689 57.486623276903231 0.92819575572801094 0.065327304404409606 0.044585939277588381 -0.039675683398327381 7.942518999330642 -0.9159756150367534
decision_type=2 2 2 2 2 2 2 2 2 10 8 2 2 2
left_child=9 2 3 -2 -5 6 7 8 -4 -1 -7 13 -13 -3
right_child=1 11 5 4 -6 10 -8 -9 -10 -11 -12 12 -14 -15
leaf_value=0.00018429523816922879 0.0047945966765751058 0.0031577644119807138 0.0072462863693428092 0.0054830414776476707 -0.0067289644656837759 0.020961796142892595 0.015613346305495815 -0.01174195213941839 -0.0044047889797319013 0.0081354777110101816 0.0062370821639300108 -0.00025455470543473568 -0.0079025223669481146 -0.0037223132377272382
leaf_weight=18692.664456784725 233.7305528819561 239.89797550439835 205.07169063389301 178.53918246924877 455.43044036626816 65.239644125103951 69.233412727713585 60.196179762482643 97.220497161149979 136.75871805846691 97.623628839850426 6765.2030590623617 180.46594654023647 1634.2956292927265
leaf_count=76086 942 970 827 720 1845 265 279 245 393 555 396 27396 736 6611
internal_value=-4.80544e-05 -0.00058082 0.0017198 -0.00110141 -0.00328338 0.00582678 0.00333242 0.000914023 0.00349485 0.000242903 0.0123182 -0.000962553 -0.000455486 -0.00283923
internal_weight=29111.6 10282.1 1462.29 867.7 633.97 594.585 431.722 362.488 302.292 18829.4 162.863 8819.86 6945.67 1874.19
internal_count=118266 41625 5912 3507 2565 2405 1744 1465 1220 76641 661 35713 28132 7581
is_linear=0
shrinkage=0.03


Tree=281
num_leaves=15
num_cat=0
split_feature=2 5 10 5 3 18 10 13 14 5 7 10 13 14
split_gain=5.77745 9.43793 13.2372 10.5684 9.74338 11.5014 16.7679 16.1844 17.3967 10.6358 9.1765 9.1416 10.5135 13.337
threshold=-0.0084225016241457045 0.033357144409357671 1.1981689904459401 -0.003618047269499713 0.020388805018519921 6.0310368548934212 0.7421496018295366 0.20124353902162564 -0.026077157755012955 0.0032195316157844771 1.1623818883732555 1.2222392338503536 0.018498678754885537 -0.057567451804127139
decision_type=2 2 2 2 2 2 2 2 10 2 2 2 2 8
left_child=1 3 -3 11 9 6 -6 8 -8 -5 -4 -1 13 -13
right_child=-2 2 10 4 5 -7 7 -9 -10 -11 -12 12 -14 -15
leaf_value=-0.0012419221630500261 0.00035029710713995116 -0.010772453335004486 0.0077948581910148394 0.0020061793822100361 0.0037785740194045858 0.0030069443214817012 -0.020193516495117372 0.0022218762269030226 -0.0028282955478820884 0.010768483246346907 -0.0062913361339421228 -0.0079741563835375243 -0.00022376195912110911 0.0072445803407260373
leaf_weight=7119.3578295260668 18320.18711194396 186.55281127989292 82.905122876167297 354.34820106625557 195.01035869121552 605.72946172952652 111.02728849649429 104.54876354336739 97.429168626666069 191.37172780930996 79.681092441082001 58.235248252749443 1179.4878827035427 381.48335629701614
leaf_count=28853 74497 778 344 1437 793 2452 450 427 394 782 327 235 4774 1541
internal_value=2.63656e-05 -0.000525788 -0.00536322 -0.000362359 0.001831 0.000219523 -0.0031028 -0.00738685 -0.0121813 0.00510702 0.000898861 -0.000779205 0.0012543 0.00520207
internal_weight=29067.4 10747.2 349.139 10398 1659.46 1113.75 508.016 313.005 208.456 545.72 162.586 8738.56 1619.21 439.719
internal_count=118084 43587 1449 42138 6735 4516 2064 1271 844 2219 671 35403 6550 1776
is_linear=0
shrinkage=0.03


Tree=282
num_leaves=15
num_cat=0
split_feature=7 4 17 2 11 18 14 7 10 11 7 18 14 3
split_gain=5.91875 4.62596 17.6013 13.0946 16.5776 15.2596 12.2251 13.2261 16.7933 20.7657 14.0047 12.0448 11.574 9.61648
threshold=0.13275824254043636 -0.012026455215787933 1.0000000180025095e-35 -0.020069103063314522 38.014005051273521 5.9836840086136656 -0.057567451804127139 1.12592742318178 0.62965430353700713 38.237184413742305 0.74030682095510947 6.9065438464144302 -0.10361102119281236 -0.0062700729953679693
decision_type=2 2 2 2 2 2 8 2 2 2 2 2 10 2
left_child=-1 2 13 -3 5 -5 7 8 9 -4 -10 -7 -12 -2
right_child=1 3 6 4 -6 11 -8 -9 10 -11 12 -13 -14 -15
leaf_value=0.0069537969761758285 -0.0018578736399217897 -0.0022777946389729038 0.012406058011223454 0.0032796170592993275 0.0002040394455078088 -0.019161808092779044 0.0033368682758867689 0.0067232361576584024 -0.014203864699258805 -0.0049038310238114294 0.0021169093333205571 -0.0033879196230436467 -0.0085794481911201405 0.0015777731477309149
leaf_weight=110.70072267949581 2336.6816350221634 2317.4634249806404 124.81202848255634 81.566832289099693 19621.961213767529 98.961108207702637 2523.3789474964142 172.06988595426083 126.11162030696869 121.14055281877518 202.98823389410973 78.443188473582268 162.19027164578438 1066.3298517763615
leaf_count=448 9460 9477 503 328 79807 399 10181 696 512 493 823 316 657 4312
internal_value=9.2092e-05 6.54526e-05 0.00074773 -0.000144694 0.00010416 -0.0074072 0.00226284 -0.000718426 -0.00246877 0.00390953 -0.00566482 -0.0123026 -0.00265462 -0.000781023
internal_weight=29144.8 29034.1 6835.7 22198.4 19880.9 258.971 3432.69 909.313 737.243 245.953 491.29 177.404 365.179 3403.01
internal_count=118412 117964 27637 90327 80850 1043 13865 3684 2988 996 1992 715 1480 13772
is_linear=0
shrinkage=0.03


Tree=283
num_leaves=15
num_cat=0
split_feature=13 13 6 3 3 12 1 4 15 1 15 13 13 18
split_gain=6.60301 6.60175 16.7741 7.86387 9.7126 10.3941 10.2353 6.62791 10.2785 9.81679 7.93082 6.89183 4.93996 14.1696
threshold=11.518131848571135 1.8079501277464378 0.041038707644377323 -0.093718354269174395 0.36058839698027739 -0.23022405665565951 -0.0021823236279201459 0.08683530543996977 -0.0005547111777319812 -0.017158575454068622 0.0035289195824357304 3.0659660758705112 0.50403372394044355 5.1041394629981367
decision_type=2 2 2 2 2 2 2 2 8 2 10 2 2 2
left_child=1 12 -3 -4 5 6 -5 8 -6 -10 11 -9 -1 -14
right_child=-2 2 3 4 7 -7 -8 10 9 -11 -12 -13 13 -15
leaf_value=0.0001475481266043449 -0.0072764732183653513 0.018016092796096481 -0.0068687828470572225 0.012119891312443121 0.015159517059071861 0.01937427621805796 -0.0057103083715945788 -0.00058267963789303463 -0.008095430521587876 0.0085188999833249041 0.0057477282252331278 -0.014299635679661979 0.004311084460250727 -0.0023590413394890385
leaf_weight=26038.43786521256 107.56341010332108 59.197352707386017 84.31868302822113 57.668897449970245 52.142316967248917 54.329732462763786 54.615765810012817 62.944475382566452 67.79004941880703 57.127021297812462 53.4029660820961 67.62644137442112 336.90074586868286 1860.0501440614462
leaf_count=105445 454 240 348 233 213 223 229 261 273 236 221 282 1381 7835
internal_value=7.4396e-05 0.000102251 0.00303837 0.00153557 0.00289945 0.00884405 0.00349904 0.000122453 0.00424154 -0.000482861 -0.00384481 -0.00779564 3.22478e-05 -0.00133319
internal_weight=29014.1 28906.6 671.164 611.966 527.648 166.614 112.285 361.033 177.059 124.917 183.974 130.571 28235.4 2196.95
internal_count=117874 117420 2759 2519 2171 685 462 1486 722 509 764 543 114661 9216
is_linear=0
shrinkage=0.03


Tree=284
num_leaves=15
num_cat=0
split_feature=0 13 10 13 16 2 12 11 10 6 10 17 15 15
split_gain=4.85005 5.7819 10.7831 6.86221 11.38 8.29232 5.13426 4.83198 6.56923 4.95168 13.8075 14.0463 13.7022 14.9427
threshold=0.12474756944615507 11.518131848571135 0.60134316227629891 3.8006713353502737 1.0000000180025095e-35 0.5907695649641943 -0.24310515434411686 21.258820615231034 1.0582264948445703 0.0095154904309729237 2.6975240375802447 -0.37940952255126015 0.0031658403455487876 0.047046894155371007
decision_type=2 2 2 2 2 2 2 2 2 2 2 2 8 10
left_child=1 3 -3 5 -5 7 -6 8 -1 10 12 -12 -9 -14
right_child=-2 2 -4 4 6 -7 -8 9 -10 -11 11 -13 13 -15
leaf_value=0.0017664217015093038 -0.006250285485448555 -0.016811132883743776 0.002399426102218296 0.01241570176373101 -0.0076786654167291177 0.011281829269963921 0.005278022845383713 0.0026905649635593485 -0.012421440618627797 -0.00015571298748442273 0.0029970828969551984 -0.015098418916250278 -0.00034040895224087269 0.0081253249721653324
leaf_weight=52.963217973709106 106.74689693748951 49.05625607073307 53.331021785736084 104.6104843467474 54.900673776865005 57.38214522600174 51.407040655612946 2583.3085918277502 62.728729844093323 20804.570304870605 62.911456167697906 95.63689212501049 4741.6049224287271 193.37571313977242
leaf_count=214 465 206 222 428 224 234 211 10438 254 84667 254 387 19146 781
internal_value=7.3446e-05 9.7179e-05 -0.00695057 0.000122658 0.00548852 8.27805e-05 -0.00143146 5.95214e-05 -0.00600666 8.45824e-05 0.000735665 -0.00797029 0.00092133 -5.52451e-06
internal_weight=29074.5 28967.8 102.387 28865.4 210.918 28654.5 106.308 28597.1 115.692 28481.4 7676.84 158.548 7518.29 4934.98
internal_count=118131 117666 428 117238 863 116375 435 116141 468 115673 31006 641 30365 19927
is_linear=0
shrinkage=0.03


Tree=285
num_leaves=15
num_cat=0
split_feature=7 16 14 3 11 2 3 3 3 15 1 15 11 11
split_gain=5.60814 14.3345 9.85866 12.1105 8.90953 8.39326 7.81487 7.34448 12.1053 7.92661 7.28106 11.1814 6.9558 13.3951
threshold=1.6197026017204801 -1.0000000180025095e-35 0.13462648358819257 0.0084309518881389173 84.561541085741325 -0.0036145201724284699 0.13002865441698289 0.0089543882750402499 0.10059553114919335 -0.014763977500335644 -0.0089412967445445784 0.022472914908049372 63.342036123565158 73.959623395719447
decision_type=2 2 8 2 2 2 2 2 2 10 2 8 2 2
left_child=4 7 3 5 -1 -3 -5 10 9 -9 -2 -12 -4 -14
right_child=1 2 12 6 -6 -7 -8 8 -10 -11 11 -13 13 -15
leaf_value=2.8938357129482691e-05 -0.0016270020847760349 -0.00037884288716068118 -0.0098314658974459415 0.011368760382111027 0.0098745516366759867 -0.016112810801201267 -0.0023254356847929821 -0.0017106077260419712 0.0022368576460890938 -0.017640004880735746 0.020996362298970412 0.003338558314163654 0.0056027903500528642 -0.012153609350615229
leaf_weight=27694.291855543852 73.479859247803688 71.707163631916046 319.59373967349529 85.429191917181015 80.968120515346527 51.244893789291382 64.669297873973846 60.286615327000618 303.34452754259109 51.480387851595879 50.198187187314034 87.047736212611198 87.46023978292942 64.856605589389801
leaf_count=112515 296 290 1300 346 329 209 262 245 1230 209 204 356 356 267
internal_value=-3.416e-05 -0.00190593 -0.0047124 -0.000170594 5.83484e-05 -0.00708951 0.00551568 0.00143911 -0.000879693 -0.00922888 0.00597228 0.0100058 -0.00732851 -0.00201742
internal_weight=29146.1 1370.8 744.961 273.051 27775.3 122.952 150.098 625.837 415.112 111.767 210.726 137.246 471.911 152.317
internal_count=118414 5570 3030 1107 112844 499 608 2540 1684 454 856 560 1923 623
is_linear=0
shrinkage=0.03


Tree=286
num_leaves=15
num_cat=0
split_feature=13 14 13 16 3 12 16 4 5 14 12 14 13 2
split_gain=5.04706 7.76765 5.46633 10.3751 8.21387 5.36186 12.8904 16.5251 9.42447 9.47636 8.12436 11.4527 6.24446 5.48485
threshold=11.518131848571135 -0.053419012838158857 3.8006713353502737 1.0000000180025095e-35 0.43334458309798213 -0.6119886188955902 -0.25881904510252113 -0.03361238232351587 -0.15704373474713204 -0.1329020463571757 -0.57194477671607014 -0.28270562682665984 0.12990312211949087 0.5907695649641943
decision_type=2 10 2 2 2 2 2 2 2 10 2 10 2 2
left_child=2 -2 5 4 -4 6 7 -1 12 -10 11 -7 -8 -12
right_child=1 -3 3 -5 -6 10 8 -9 9 -11 13 -13 -14 -15
leaf_value=-0.0091160938341775435 0.0026540141488223799 -0.01308393207156911 0.019075855368351487 -0.0016470424054814714 0.0027328732190881936 -0.018519132989346366 0.0034705083172419161 0.0082085841312923118 -0.0075523567020128156 0.0083769140330343071 -4.0565144391207631e-05 0.00064357898307655659 0.016252942760801446 0.0086568748623918387
leaf_weight=129.58999511599541 48.839697301387787 63.06140723824501 55.577411621809006 114.65781390666962 54.799924120306969 49.49174702167511 52.703173071146011 77.596817344427109 59.286203995347023 72.490283831954002 28099.090353250504 61.42429107427597 104.6475268304348 63.408468201756477
leaf_count=526 202 271 227 472 226 203 213 319 243 296 114120 252 427 261
internal_value=1.36302e-05 -0.00628905 3.83866e-05 0.00467516 0.011155 1.79558e-06 0.00308664 -0.00261111 0.00715951 0.00120457 -5.25706e-05 -0.00808356 0.0120689 -2.03693e-05
internal_weight=29106.7 111.901 28994.8 225.035 110.377 28769.7 496.314 207.187 289.127 131.776 28273.4 110.916 157.351 28162.5
internal_count=118258 473 117785 925 453 116860 2024 845 1179 539 114836 455 640 114381
is_linear=0
shrinkage=0.03


Tree=287
num_leaves=15
num_cat=0
split_feature=15 16 15 17 6 6 7 15 0 17 6 6 12 1
split_gain=5.31501 13.7174 14.6659 13.7554 29.6079 22.6978 19.5211 13.8891 10.7737 10.531 19.1942 12.3755 9.92423 10.1942
threshold=-0.025661915114333574 0.12940952255126045 -0.027734568783080334 0.1294095225512602 0.02041106622901117 0.018386140664304201 0.80776570124165958 -0.032724968596502972 -0.0035051286386349463 0.37940952255126048 0.030507255194201274 0.0179911664141588 -0.17419485796087883 -0.011336095203282491
decision_type=8 2 10 2 2 2 2 10 2 2 2 2 2 2
left_child=1 2 3 4 -1 7 -6 -5 -4 11 -11 -3 13 -7
right_child=-2 9 8 5 6 12 -8 -9 -10 10 -12 -13 -14 -15
leaf_value=-0.012232514967864273 0.00010591559374801494 0.0080540550455187408 -0.0007881708085089869 0.015989368164645551 -0.012075468176947914 -0.0083052193224754083 0.009225580143800427 -0.00047463023971154491 -0.017619517884359451 -0.0068230763796474966 0.01099353273469259 -0.0010767717098097119 -0.012252550539012254 0.010466963167440764
leaf_weight=267.84624643623829 27262.467835023999 284.89986571669579 50.250106498599052 109.94343861937523 51.976475924253464 49.377590164542198 135.5814803391695 78.229640439152718 106.65469890832901 254.05799709260464 67.202284976840019 249.22523342072964 93.676494240760803 50.818201452493668
leaf_count=1089 110767 1151 203 445 212 199 552 317 436 1029 274 1013 381 208
internal_value=2.83166e-07 -0.00155502 -0.00394775 -0.00235599 -0.00586663 0.00183751 0.00325746 0.00921174 -0.0123069 0.00122917 -0.00305118 0.00380545 -0.00534091 0.00123434
internal_weight=29112.2 1849.74 994.354 837.45 455.404 382.045 187.558 188.173 156.905 855.385 321.26 534.125 193.872 100.196
internal_count=118276 7509 4042 3403 1853 1550 764 762 639 3467 1303 2164 788 407
is_linear=0
shrinkage=0.03


Tree=288
num_leaves=15
num_cat=0
split_feature=13 12 12 7 1 15 18 11 12 6 7 0 1 10
split_gain=4.77022 9.76428 12.5325 7.08775 17.8305 8.08388 6.13411 5.20498 4.36234 7.74046 10.0719 9.18072 8.5608 9.56829
threshold=0.004432255034453437 -0.23853532422223692 -0.0495464066811575 1.0776603884542288 -0.014538588309922494 -0.0014752679767866537 6.3366878353048612 31.219197175381854 -0.007479455033291337 0.025528549923779512 1.2419100436374426 0.0045196478618561029 0.03027070946787869 1.1475957624332611
decision_type=2 2 2 2 2 8 2 2 2 2 2 2 2 2
left_child=1 -1 3 5 -5 -3 -4 -7 -2 10 12 -12 13 -10
right_child=8 2 6 4 -6 7 -8 -9 9 -11 11 -13 -14 -15
leaf_value=-0.0093422462301374493 -9.4068007294933735e-05 0.010100874816417263 0.0018648928766578433 0.0011455253729364581 0.025271217652390467 0.0065841070819652077 -0.011731583251158069 -0.0053278051931485585 -0.0013542016909676425 -0.012762159967083119 0.012544605900725325 -0.00047952782481850098 0.0062599138514931466 -0.0083866190709126331
leaf_weight=52.344465807080269 27527.417579621077 107.22601167857647 64.680602684617043 55.342035040259361 53.338399708271027 51.081405058503151 52.746895357966423 85.395739391446114 486.58352367579937 55.275751695036888 77.10055710375309 126.42019301652908 81.35795584321022 270.01754285395145
leaf_count=211 111814 443 262 229 219 208 213 347 1981 232 311 514 334 1104
internal_value=-0.000116142 0.00271997 0.00409779 0.00691708 0.0132287 0.00401763 -0.00433665 -0.00083865 -0.000168064 -0.00202174 -0.00142833 0.00452852 -0.00288244 -0.00387944
internal_weight=29146.3 522.156 469.811 352.384 108.68 243.703 117.427 136.477 28624.2 1096.76 1041.48 203.521 837.959 756.601
internal_count=118422 2132 1921 1446 448 998 475 555 116290 4476 4244 825 3419 3085
is_linear=0
shrinkage=0.03


Tree=289
num_leaves=15
num_cat=0
split_feature=4 7 0 4 10 11 14 7 2 0 12 7 10 18
split_gain=4.19626 13.3875 12.7571 9.19869 11.088 8.762 16.055 7.9911 12.5217 13.9057 18.5155 10.2372 10.7693 10.8761
threshold=0.022667560128422973 0.59888242287025817 -0.0041247692193082655 0.025830566369849154 1.4014248957959918 63.342036123565158 0.16345800318812179 1.2419100436374426 0.075682880436621872 0.005726635487367516 -0.026823018461014644 1.1673250929112367 1.1912204623022011 5.2018583670862393
decision_type=2 2 2 2 2 2 8 2 2 2 2 2 2 2
left_child=-1 5 3 -3 -5 -2 -7 11 9 -9 -11 12 -4 -14
right_child=1 2 7 4 -6 6 -8 8 -10 10 -12 -13 13 -15
leaf_value=-0.00017792801242413474 0.00075762090506653775 0.0061980323977259546 -0.00054436847802509373 -0.0068211891180601381 -0.00016598843514956465 0.019701503522364144 0.0016301578256849771 0.016732982811690698 0.0013707368359411928 0.011946663465144679 -0.0070890325687471062 -0.0059049243164543165 0.014471132126841564 0.0026905025530434071
leaf_weight=24848.959289327264 122.82950274646282 95.573608607053757 1235.7754202783108 450.43523731827736 449.0095132291317 92.101037800312042 84.253614738583565 115.20816203951836 727.72258767485619 100.55192779004574 81.587949842214584 215.40239125490189 81.982617422938347 450.18845038115978
leaf_count=100777 510 387 5127 1842 1815 373 342 467 2967 416 333 889 335 1859
internal_value=-2.81383e-05 0.000836624 0.000377546 -0.00256389 -0.0035066 0.00693633 0.011183 0.00135147 0.00349937 0.00866496 0.00343541 0.000238944 0.000993325 0.00455273
internal_weight=29151.6 4302.62 4003.44 995.018 899.445 299.184 176.355 3008.42 1025.07 297.348 182.14 1983.35 1767.95 532.171
internal_count=118439 17662 16437 4044 3657 1225 715 12393 4183 1216 749 8210 7321 2194
is_linear=0
shrinkage=0.03


Tree=290
num_leaves=15
num_cat=0
split_feature=15 18 1 11 2 7 16 6 10 3 11 6 1 14
split_gain=8.97905 6.49081 9.1108 14.5558 5.81264 5.6348 5.86351 5.35534 5.35438 4.61843 6.43062 11.4162 6.09157 4.59957
threshold=-0.049197764638906787 7.942518999330642 0.012726013859138742 59.387971393967049 0.014546402596512744 0.74392108501753562 -1.0000000180025095e-35 0.017874762016657938 1.2836670437331354 0.034346278405839932 41.261934671114766 0.010128082287267118 -0.0014126683486588296 0.0061998086533197059
decision_type=8 2 2 2 2 2 2 2 2 2 2 2 2 10
left_child=5 13 3 4 8 -1 7 -7 9 10 -3 12 -12 -2
right_child=1 2 -4 -5 -6 6 -8 -9 -10 -11 11 -13 -14 -15
leaf_value=0.014707498938666791 0.00014498231938864155 -0.01144188790205221 0.0081733467962643129 -0.018721254813975068 0.0053417074015687412 0.013895218071525918 -0.0047116982136944192 0.000674981878210672 0.0049298442619917834 -0.013408602721320349 0.0017902789182870596 0.007791382440648662 -0.011139853784692342 -0.00077972987942573498
leaf_weight=49.51796293258667 22039.829616680741 73.501821413636208 54.561746403574944 55.805061742663383 66.811229348182678 52.783618256449699 53.952755361795425 55.963308826088905 49.769751220941544 53.513169050216675 51.070555612444878 78.084227368235588 87.215224385261536 6201.6727782338858
leaf_count=200 89495 296 225 229 272 215 219 227 201 217 206 316 355 25251
internal_value=-7.67343e-05 -0.000122223 -0.00328516 -0.0045242 -0.00272816 0.00604256 0.00325879 0.00722688 -0.00411962 -0.00545219 -0.00390154 -0.00125872 -0.00640716 -5.812e-05
internal_weight=29024.1 28811.8 570.333 515.771 459.966 212.218 162.7 108.747 393.155 343.385 289.872 216.37 138.286 28241.5
internal_count=117924 117063 2317 2092 1863 861 661 442 1591 1390 1173 877 561 114746
is_linear=0
shrinkage=0.03


Tree=291
num_leaves=15
num_cat=0
split_feature=5 4 3 12 5 14 7 18 18 1 7 14 17 12
split_gain=4.79359 8.99513 13.9231 10.7616 10.5284 15.6186 14.4111 12.9315 27.4132 11.8027 11.782 13.3666 12.2973 13.9792
threshold=-0.00426685519576847 0.0016158837750454016 0.037500420895640436 -0.22305623069296629 0.0057322067987940492 -0.023736607582100357 0.89317731458493443 6.1890068591076384 5.6659964534838787 0.013101866691528465 0.59888242287025817 -0.0040306984466891285 0.1294095225512602 -0.25265706917596387
decision_type=2 2 2 2 2 10 2 2 2 2 2 8 2 2
left_child=-1 2 -2 -4 5 -3 7 8 -7 -8 11 -6 -13 -14
right_child=1 4 3 -5 10 6 9 -9 -10 -11 -12 12 13 -15
leaf_value=-0.00047183980087898769 0.0022185047686149734 -0.0047280391343344722 0.0045346011678951727 -0.0019336365234962241 -0.0068353725351291417 -0.0050640595927854129 0.0070413807684651507 -0.0093270470065602885 0.014202449403788188 -0.0047161315339299733 -0.00011194265984913938 0.0082384617250520105 -0.011898200790838226 0.0034449534843798636
leaf_weight=11977.32520635426 4116.3934899717569 1029.0477955341339 271.12649635970592 1518.7073402702808 98.14235620200634 217.81168729066849 351.6272976398468 178.26172928512096 93.280217066407204 96.649355307221413 8455.6556329727173 428.60952253639698 62.890696734189987 301.11343857645988
leaf_count=48548 16647 4216 1102 6134 400 889 1427 723 378 397 34543 1741 257 1221
internal_value=-1.09767e-05 0.000309606 0.00125836 -0.000949851 -0.000185848 -0.00217978 0.000621036 -0.0029332 0.000766781 0.00449675 0.000234094 0.0035118 0.00480698 0.000743514
internal_weight=29196.6 17219.3 5906.23 1789.83 11313.1 1966.68 937.63 489.354 311.092 448.277 9346.41 890.756 792.614 364.004
internal_count=118623 70075 23883 7236 46192 8030 3814 1990 1267 1824 38162 3619 3219 1478
is_linear=0
shrinkage=0.03


Tree=292
num_leaves=15
num_cat=0
split_feature=6 15 4 10 10 16 14 14 7 5 18 18 15 16
split_gain=5.85695 14.8347 11.2253 7.05034 12.4259 10.2029 10.3789 9.29186 8.45056 7.49729 6.99746 12.0782 6.64776 13.5988
threshold=0.083409049970581461 -0.02611248397479082 0.29547526208562452 0.68882778855775928 0.89536811341622469 0.78656609248549325 -0.08220946359868285 -0.33755648617518202 0.83063690178119132 0.19369367789828598 5.6867784829174308 7.007030622071972 -0.028756159123452193 0.98296291314453421
decision_type=2 8 2 2 2 2 10 10 2 2 2 2 8 2
left_child=12 -2 3 8 7 6 9 -5 -3 10 -6 -12 13 -1
right_child=1 2 -4 4 5 -7 -8 -9 -10 -11 11 -13 -14 -15
leaf_value=-0.0026030028123260425 0.016595339596254283 0.0023018412386444456 -0.011421844454106744 0.0014549217998379505 0.0095068115340919534 0.010615698735763911 0.0075933469455382631 -0.015129977510222974 0.013851059174113164 -0.01060870377199581 -0.0085711462813536244 0.0090635538893812581 0.00014654935669012519 0.013099047841492831
leaf_weight=1302.376180306077 59.96400411427021 155.77957202494144 55.448078855872154 53.070767566561699 52.605800300836563 110.77541293203831 124.29837912321091 68.180652931332588 88.873333409428596 76.795328214764595 107.02187746763229 49.570618286728859 26777.940693676472 49.639075711369514
leaf_count=5286 246 643 240 222 214 456 507 283 367 317 447 202 108750 201
internal_value=0.000123237 0.00237431 0.00143623 0.00226393 0.000606362 0.00262375 0.000424963 -0.00796508 0.00657554 -0.00272165 0.000246677 -0.00294484 4.28591e-05 -0.00200801
internal_weight=29132.3 1002.38 942.42 886.972 642.319 521.067 410.292 121.251 244.653 285.994 209.198 156.592 28130 1352.02
internal_count=118381 4144 3898 3658 2648 2143 1687 505 1010 1180 863 649 114237 5487
is_linear=0
shrinkage=0.03


Tree=293
num_leaves=15
num_cat=0
split_feature=18 12 6 12 15 17 11 7 2 15 6 11 15 13
split_gain=4.31582 11.8345 8.18627 10.8407 10.3725 9.80795 9.15709 5.36374 5.14115 3.64052 12.8216 11.981 7.61536 10.048
threshold=7.942518999330642 -0.018469726111038528 0.0092689555394461134 -0.13318658277009335 -0.031339607131694695 -0.12940952255126037 41.856300255477088 0.76030592644336625 -0.014287896201290005 0.057047682931192341 0.0081528884127862727 49.384648518893705 0.054658447424237096 0.19423297692007616
decision_type=2 2 2 2 10 2 2 2 2 10 2 2 10 2
left_child=9 2 -2 8 6 -6 -5 -8 -4 12 -11 -12 -1 -14
right_child=1 -3 3 4 5 -7 7 -9 -10 10 11 -13 13 -15
leaf_value=6.5005361096298142e-06 -0.0085628704738412442 -0.012011759194965024 -0.00032975582203666404 -0.0021259354488380351 0.0063689168113997023 -0.011176249633009739 0.0075388365180795048 0.020308267412301819 -0.01379734094651577 0.016326926571279585 0.013449035205796012 -0.0006477208673430617 -0.015714084665090527 0.0012899832649145284
leaf_weight=27843.742895022035 92.447938069701195 97.447000369429588 50.692705452442169 49.880728274583817 52.599638432264328 58.633753910660744 75.707033142447472 51.329764738678932 49.560135707259178 51.731555327773094 59.197860524058342 477.48930379748344 62.031785309314728 60.592090278863907
leaf_count=113138 376 400 205 201 213 239 306 208 202 209 239 1940 251 247
internal_value=-2.94525e-05 -0.00259074 -0.00063968 0.0012804 0.0042345 -0.00291361 0.00871106 0.0129332 -0.00712712 2.25972e-05 0.00235383 0.000951344 -2.66174e-05 -0.00742601
internal_weight=29133.1 578.299 480.852 388.404 288.151 111.233 176.918 127.037 100.253 28554.8 588.419 536.687 27966.4 122.624
internal_count=118374 2350 1950 1574 1167 452 715 514 407 116024 2388 2179 113636 498
is_linear=0
shrinkage=0.03


Tree=294
num_leaves=15
num_cat=0
split_feature=14 11 4 18 0 10 16 3 5 10 3 18 3 14
split_gain=4.6424 11.1616 14.5584 23.1218 17.7376 12.0133 19.6672 11.9136 11.6602 11.5635 10.4052 15.9309 13.2567 15.4684
threshold=0.0073715894651107403 39.249466530244028 -0.027530845014177904 6.1807259817701778 -0.0058788472764628166 0.82348036721185947 0.37940952255126054 -0.13552772900782137 -0.081693576419625311 1.1614669908079391 0.029473019643109003 7.8331228726160829 0.012390957679260241 -0.00058270530558068845
decision_type=8 2 2 2 2 2 2 2 2 2 2 2 2 10
left_child=10 2 7 -4 -5 -6 -7 9 -9 -2 12 -12 -1 -14
right_child=1 -3 3 4 5 6 -8 8 -10 -11 11 -13 13 -15
leaf_value=0.00054973653412083653 -0.0083620483228721443 -6.6733944766026154e-05 -0.0011203189642905321 0.002365948396540197 -0.002607146322606065 -0.010119499695185163 -0.027595213858077314 0.015041481033416614 0.0015836257458888292 0.0053100556208965852 -0.00078410361198535581 -0.013798337949445303 0.0014054688789106734 0.0093592902007238327
leaf_weight=7660.3433406949043 186.85652953386307 16382.825004473329 578.13729231059551 77.853955522179604 72.193778917193413 163.96624229848385 91.325545206665993 66.743925154209137 372.89997148513794 77.354324296116829 2360.9726333320141 85.818785443902016 605.39311385154724 344.51856115460396
leaf_count=31040 754 66709 2334 315 290 661 369 270 1502 312 9612 353 2448 1393
internal_value=-9.89724e-06 -0.000306153 -0.00262791 -0.00498163 -0.0104565 -0.0135006 -0.016537 0.000665661 0.00368557 -0.00434938 0.000474231 -0.00125146 0.000964801 0.0043038
internal_weight=29127.2 18070.2 1687.33 983.477 405.34 327.486 255.292 703.855 439.644 264.211 11057 2446.79 8610.26 949.912
internal_count=118362 73516 6807 3969 1635 1320 1030 2838 1772 1066 44846 9965 34881 3841
is_linear=0
shrinkage=0.03


Tree=295
num_leaves=15
num_cat=0
split_feature=6 15 16 15 15 15 14 5 14 7 15 2 12 18
split_gain=4.01472 12.7732 11.5575 38.2816 23.1479 22.782 16.8719 15.3402 11.3302 21.639 19.4213 25.1143 20.113 15.7015
threshold=0.0080723886218542606 0.057047682931192341 0.78656609248549325 -0.018951141829005366 0.019876578101424073 0.0043480773991797514 0.0086228677939428362 0.0026217802408284867 0.0035766022795655776 0.50359081049514398 -0.004032257731299004 -0.0077388002350544651 -0.087881719913308995 7.7486544584267447
decision_type=2 10 2 8 10 10 10 2 10 2 8 2 2 2
left_child=1 2 8 -4 5 6 7 -5 10 -10 11 12 -1 -12
right_child=-2 -3 3 4 -6 -7 -8 -9 9 -11 13 -13 -14 -15
leaf_value=0.016403651220890953 -2.6054431911505938e-05 0.015294989371215725 0.01364234249132743 -0.0058005866089095841 -0.01700041336842836 0.0063546840310166556 -0.018302532358838889 0.0045906108759144549 -0.017877342251562137 -0.00029815095671122598 0.0015700376995758875 0.021364286608343348 0.00038797570666034963 -0.013284678981786108
leaf_weight=91.078206092119217 23421.763715714216 52.685441434383392 125.7439097315073 512.17386864125729 104.63391807675362 213.17294569313526 72.247265711426735 168.52265687286854 67.727651789784431 655.91884380578995 3116.3066404163837 95.249880909919739 292.27470219135284 63.398639485239983
leaf_count=370 95324 213 508 2062 425 862 292 680 273 2655 12568 387 1180 259
internal_value=0.000146887 0.000865962 0.000724254 -0.00188683 -0.00373254 -0.00226343 -0.00471375 -0.00322209 0.00143775 -0.00198816 0.00211614 0.00773751 0.00425842 0.00126569
internal_weight=29052.9 5631.13 5578.45 1196.49 1070.75 966.117 752.944 680.697 4381.95 723.646 3658.31 478.603 383.353 3179.71
internal_count=118058 22734 22521 4829 4321 3896 3034 2742 17692 2928 14764 1937 1550 12827
is_linear=0
shrinkage=0.03


Tree=296
num_leaves=15
num_cat=0
split_feature=13 18 0 0 5 14 13 18 7 2 18 12 13 6
split_gain=4.17031 5.35174 9.42204 8.95413 5.74526 7.26156 5.15621 8.12151 7.98035 7.56592 4.30859 10.2419 23.9767 20.1421
threshold=0.0036886029634298771 6.3030923769074665 -0.0035051286386349463 -0.00330567091242373 -0.026795143966559739 -0.034077381759717966 0.005610712848096778 4.7559478896499483 0.96415607603347453 -0.017355534389992041 6.1979159249662423 -0.14057600852781674 0.02538194813296835 0.01263912464590476
decision_type=2 2 2 2 2 8 2 2 2 2 2 2 2 2
left_child=1 3 -3 4 5 -1 7 -2 9 -9 -8 12 -12 -14
right_child=6 2 -4 -5 -6 -7 10 8 -10 -11 11 -13 13 -15
leaf_value=-0.0033513034763297447 0.007291749874838856 0.0052831822817598377 -0.012100556497830702 0.012160340142451551 -0.0074037112151622304 0.0096521542683700758 -0.00031104816174602675 -0.0034373973219307169 -0.00030475255198632485 -0.016754222247857706 -0.0080780653983011791 0.00099235805715258392 0.01583425083498962 -0.00043855587069003372
leaf_weight=65.615552544593811 49.792193859815598 59.710552275180817 49.618659019470215 102.2541543841362 49.198829978704453 89.34113335609436 16347.684457629919 76.880097180604935 136.05813707411289 77.388173907995224 375.72728241980076 8560.3310259282589 68.065756022930145 2980.5772441774607
leaf_count=269 201 245 200 414 203 373 66460 310 549 311 1514 34649 275 12231
internal_value=4.84612e-06 0.00298071 -0.00268201 0.0050055 0.00133868 0.00417337 -3.85074e-05 -0.00369944 -0.00562147 -0.0102467 5.69856e-06 0.000437735 -0.000948495 -6.50971e-05
internal_weight=29088.2 415.739 109.329 306.41 204.156 154.957 28672.5 340.119 290.326 154.268 28332.4 11984.7 3424.37 3048.64
internal_count=118204 1704 445 1259 845 642 116500 1371 1170 621 115129 48669 14020 12506
is_linear=0
shrinkage=0.03


Tree=297
num_leaves=15
num_cat=0
split_feature=3 13 13 15 15 7 7 2 2 7 6 4 17 13
split_gain=4.49603 8.49119 7.8502 27.6766 8.91233 21.3235 14.1952 13.1617 14.4002 11.8035 10.573 12.5246 11.0113 8.37027
threshold=0.22927487504593361 0.35495944160880361 0.58137559816878337 -0.011378740935254593 0.019876578101424073 1.0704633837151805 0.8904372719269823 0.030595309428928633 -0.19363319050137692 1.2169844415584516 0.039314205820931529 -0.014786940004910707 0.1294095225512602 0.722378934312498
decision_type=2 2 2 8 8 2 2 2 2 2 2 2 2 2
left_child=2 -2 -1 -4 5 6 -5 8 -6 10 12 -12 -10 -9
right_child=1 -3 3 4 7 -7 -8 13 9 -11 11 -13 -14 -15
leaf_value=-3.8383387716636657e-05 0.010261550485476705 0.00092477042247413293 0.0078570979514159915 -0.0079319193897299245 0.0101501957438 -0.023525346671457538 0.0063621747772932783 -0.006173204711578408 -0.0092402610921654832 0.0071999263400379342 -0.0038144179033417006 -0.01744649645090695 0.0064408664526176525 0.0068410434710104284
leaf_weight=26067.431791871786 90.768708303570747 1606.5737617015839 201.05753672122955 276.11807848513126 49.921145752072334 62.557482451200485 79.025348395109177 57.250496625900269 86.006278023123741 48.719727098941803 103.10033471882343 150.31066310405731 72.467962890863419 178.94548812508583
leaf_count=105600 366 6593 827 1147 205 257 328 236 365 221 421 767 306 739
internal_value=-6.18694e-05 0.00143556 -0.000154617 -0.00237025 -0.00414662 -0.00764652 -0.00473343 -0.00217366 -0.00487694 -0.00654245 -0.0081949 -0.0119736 -0.00207861 0.00366123
internal_weight=29130.3 1697.34 27432.9 1365.48 1164.42 417.701 355.143 746.722 510.526 460.605 411.885 253.411 158.474 236.196
internal_count=118378 6959 111419 5819 4992 1732 1475 3260 2285 2080 1859 1188 671 975
is_linear=0
shrinkage=0.03


Tree=298
num_leaves=15
num_cat=0
split_feature=14 13 6 12 2 16 14 6 12 6 16 10 3 5
split_gain=4.71495 4.36199 8.6494 9.29566 6.26407 5.05962 10.9786 5.38324 3.7016 8.16794 11.2796 12.6825 11.9099 9.69819
threshold=-0.47212620430834151 0.004432255034453437 0.0048614378942083859 -0.23853532422223692 -0.015208896720579344 -0.37940952255126059 -0.046124083754922822 0.010286868208377486 -0.39298522344820241 0.10667992459901222 0.37940952255126054 0.46984215330187579 -0.11540275922478758 0.081659257791850029
decision_type=8 2 2 2 2 2 10 2 2 2 2 2 2 2
left_child=-1 2 -2 -4 5 7 -7 -5 9 10 13 12 -12 -3
right_child=1 8 3 4 -6 6 -8 -9 -10 -11 11 -13 -14 -15
leaf_value=-0.0079161764690636599 -0.0059957445533073009 -0.00073654896321241376 -0.0073495276121921648 0.0059796579795850903 -0.0011797357911114334 -0.0021778962092067885 0.012553664812458676 0.018899747794383703 -0.00015569772312376345 -0.0032258639371027242 0.0055511771503142541 0.0025928546944455721 0.02202457311845904 0.011868900153447378
leaf_weight=66.202239498496056 84.377939820289612 822.60141251981258 51.623671486973763 58.659713864326477 84.543294310569763 95.763008862733841 83.94308003783226 61.185548916459084 26783.341698780656 298.33055028319359 96.063345342874527 388.93870821595192 67.406989321112633 56.851385965943336
leaf_count=272 340 3363 208 243 344 389 350 252 108782 1230 391 1586 275 232
internal_value=-3.75418e-05 -1.9033e-05 0.00269834 0.00440167 0.00601096 0.00803478 0.00476584 0.0127778 -6.87845e-05 0.00127526 0.00221626 0.0055675 0.0125281 0.0001034
internal_weight=29099.8 29033.6 520.096 435.718 384.095 299.551 179.706 119.845 28513.5 1730.19 1431.86 552.409 163.47 879.453
internal_count=118257 117985 2126 1786 1578 1234 739 495 115859 7077 5847 2252 666 3595
is_linear=0
shrinkage=0.03


Tree=299
num_leaves=15
num_cat=0
split_feature=15 18 15 2 17 13 10 2 18 18 7 12 10 1
split_gain=8.11021 5.54457 16.0159 15.8606 12.6178 10.7882 17.4817 17.246 14.0899 12.3675 10.5483 10.0527 8.83994 12.5094
threshold=-0.057197565877317828 4.8468708577568362 -0.03027806689713319 0.033336108983634379 -0.78656609248549325 0.14236656884292578 1.0017225049857563 0.038838484803406466 4.7333359276692226 4.3846723255316897 0.97288614167598675 -0.084855981227883445 1.6980817155514993 0.0021443498465729687
decision_type=8 2 10 2 2 2 2 2 2 2 2 2 2 2
left_child=-1 2 3 4 -2 8 7 -7 -4 -9 -6 -10 13 -8
right_child=1 -3 5 -5 10 6 12 9 11 -11 -12 -13 -14 -15
leaf_value=0.0098690144680084173 0.0037647484092235561 0.00020071605403512206 7.1180403272866699e-05 -0.016879373250618314 -0.0025241178849347789 0.0034485847583601678 0.0040204358011830914 0.00095957936446085224 -0.012644184020274665 -0.017325776741065547 -0.010583255256573767 -0.0012385900693501293 0.0014874287975594771 0.020705496104855586
leaf_weight=73.880369231104851 183.27153937518597 25560.157814726233 1505.4739923924208 81.779582008719444 464.94829230010509 342.82986186444759 71.743825450539589 59.530568137764931 145.54975347220898 72.953807502985001 212.44938978552818 132.46713773906231 80.28707367181778 94.284946694970131
leaf_count=300 749 103860 6102 343 1897 1395 289 241 590 298 870 537 327 384
internal_value=7.39917e-05 4.83659e-05 -0.00108061 -0.00440982 -0.0031886 0.000174383 0.00326423 -0.000105621 -0.00107808 -0.00921735 -0.00507539 -0.0072574 0.00971547 0.0136293
internal_weight=29081.6 29007.7 3447.57 942.449 860.669 2505.12 721.63 475.314 1783.49 132.484 677.398 278.017 246.316 166.029
internal_count=118182 117882 14022 3859 3516 10163 2934 1934 7229 539 2767 1127 1000 673
is_linear=0
shrinkage=0.03


end of trees

feature_importances:
atr_pct=412
btc_ret_24b=391
liquidity=389
dist_low_168b=382
vol_ratio=280
dist_high_168b=259
volume_surge=256
rel_strength_24b=245
ret_72b=223
ret_1b=212
ret_4b=201
ema24_dist=180
rsi_14=177
hour_cos=152
hour_sin=151
ret_24b=145
ema72_dist=145

parameters:
[boosting: gbdt]
[objective: binary]
[metric: binary_logloss]
[tree_learner: serial]
[device_type: cpu]
[data_sample_strategy: bagging]
[data: ]
[valid: ]
[num_iterations: 300]
[learning_rate: 0.03]
[num_leaves: 15]
[num_threads: 2]
[seed: 7]
[deterministic: 1]
[force_col_wise: 0]
[force_row_wise: 1]
[histogram_pool_size: -1]
[max_depth: -1]
[min_data_in_leaf: 200]
[min_sum_hessian_in_leaf: 0.001]
[bagging_fraction: 0.8]
[pos_bagging_fraction: 1]
[neg_bagging_fraction: 1]
[bagging_freq: 1]
[bagging_seed: 17422]
[bagging_by_query: 0]
[feature_fraction: 0.8]
[feature_fraction_bynode: 1]
[feature_fraction_seed: 7040]
[extra_trees: 0]
[extra_seed: 6516]
[early_stopping_round: 0]
[early_stopping_min_delta: 0]
[first_metric_only: 0]
[max_delta_step: 0]
[lambda_l1: 0]
[lambda_l2: 2]
[linear_lambda: 0]
[min_gain_to_split: 0]
[drop_rate: 0.1]
[max_drop: 50]
[skip_drop: 0.5]
[xgboost_dart_mode: 0]
[uniform_drop: 0]
[drop_seed: 15215]
[top_rate: 0.2]
[other_rate: 0.1]
[min_data_per_group: 100]
[max_cat_threshold: 32]
[cat_l2: 10]
[cat_smooth: 10]
[max_cat_to_onehot: 4]
[top_k: 20]
[monotone_constraints: ]
[monotone_constraints_method: basic]
[monotone_penalty: 0]
[feature_contri: ]
[forcedsplits_filename: ]
[refit_decay_rate: 0.9]
[cegb_tradeoff: 1]
[cegb_penalty_split: 0]
[cegb_penalty_feature_lazy: ]
[cegb_penalty_feature_coupled: ]
[path_smooth: 0]
[interaction_constraints: ]
[verbosity: -1]
[saved_feature_importance_type: 0]
[use_quantized_grad: 0]
[num_grad_quant_bins: 4]
[quant_train_renew_leaf: 0]
[stochastic_rounding: 1]
[linear_tree: 0]
[max_bin: 255]
[max_bin_by_feature: ]
[min_data_in_bin: 3]
[bin_construct_sample_cnt: 200000]
[data_random_seed: 61]
[is_enable_sparse: 1]
[enable_bundle: 1]
[use_missing: 1]
[zero_as_missing: 0]
[feature_pre_filter: 1]
[pre_partition: 0]
[two_round: 0]
[header: 0]
[label_column: ]
[weight_column: ]
[group_column: ]
[ignore_column: ]
[categorical_feature: ]
[forcedbins_filename: ]
[precise_float_parser: 0]
[parser_config_file: ]
[objective_seed: 15521]
[num_class: 1]
[is_unbalance: 0]
[scale_pos_weight: 1]
[sigmoid: 1]
[boost_from_average: 1]
[reg_sqrt: 0]
[alpha: 0.9]
[fair_c: 1]
[poisson_max_delta_step: 0.7]
[tweedie_variance_power: 1.5]
[lambdarank_truncation_level: 30]
[lambdarank_norm: 1]
[label_gain: ]
[lambdarank_position_bias_regularization: 0]
[eval_at: ]
[multi_error_top_k: 1]
[auc_mu_weights: ]
[num_machines: 1]
[local_listen_port: 12400]
[time_out: 120]
[machine_list_filename: ]
[machines: ]
[gpu_platform_id: -1]
[gpu_device_id: -1]
[gpu_device_id_list: ]
[gpu_use_dp: 0]
[num_gpu: 1]

end of parameters

pandas_categorical:[]
