tree
version=v4
num_class=1
num_tree_per_iteration=1
label_index=0
max_feature_idx=18
objective=binary sigmoid:1
feature_names=ret_1b ret_4b ret_24b ret_72b ema24_dist ema72_dist atr_pct vol_ratio buy_pressure_6b buy_pressure_24b volume_surge rsi_14 dist_high_168b dist_low_168b rel_strength_24b btc_ret_24b hour_sin hour_cos liquidity
feature_infos=[-0.029005564710068654:0.029005564710068654] [-0.056595100991501113:0.056595100991501113] [-0.07074274387989643:0.070742743879897318] [-0.10711758491419499:0.10711758491419499] [-0.040075982299865975:0.041478421591834458] [-0.045333758682097547:0.046959244128129463] [0.00038670426190084544:0.013465979256978467] [0.36968126821707037:2.1446887332968476] [0:0] [0:0] [0.016931822759037495:2.0313227984383957] [6.5700891700429906:93.567231364389485] [-0.12681762172602462:0] [0:0.14523612120609419] none none [-1:1] [-1:1] [0:9.1555664117691649]
tree_sizes=1763 1803 1802 1795 1800 1802 1805 1801 1812 1774 1809 1812 1802 1806 1791 1797 1796 1799 1798 1803 1804 1799 1805 1801 1800 1802 1804 1814 1806 1798 1802 1805 1808 1807 1807 1809 1807 1808 1814 1798 1804 1794 1794 1807 1801 1801 1800 1796 1794 1811 1800 1794 1797 1808 1803 1812 1804 1797 1811 1802 1798 1805 1809 1805 1803 1784 1809 1814 1786 1798 1807 1773 1805 1805 1802 1802 1804 1814 1791 1808 1798 1803 1798 1799 1816 1801 1784 1813 1802 1788 1805 1808 1803 1801 1797 1802 1809 1813 1800 1786 1812 1796 1795 1787 1775 1803 1814 1805 1794 1794 1786 1795 1790 1796 1794 1789 1798 1788 1784 1803 1776 1800 1810 1811 1783 1797 1800 1805 1794 1783 1800 1809 1791 1792 1806 1805 1812 1794 1811 1800 1796 1789 1808 1796 1802 1802 1816 1804 1797 1794 1806 1797 1775 1788 1793 1780 1779 1801 1795 1787 1800 1777 1799 1820 1816 1808 1791 1794 1790 1800 1798 1789 1799 1795 1804 1802 1782 1793 1784 1774 1793 1773 1786 1819 1813 1799 1782 1801 1794 1792 1790 1791 1794 1806 1773 1798 1782 1810 1795 1785 1804 1789 1775 1799 1793 1797 1805 1792 1798 1786 1791 1779 1773 1786 1789 1783 1783 1797 1821 1818 1803 1773 1791 1801 1791 1802 1781 1813 1793 1782 1810 1791 1806 1763 1801 1814 1787 1794 1773 1790 1804 1788 1811 1806 1762 1798 1787 1795 1808 1805 1791 1779 1796 1797 1791 1798 1793 1784 1803 1793 1797 1791 1777 1791 1775 1794 1781 1786 1765 1808 1814 1812 1790 1792 1797 1781 1809 1805 1776 1788 1803 1794 1784 1800 1782 1790 1814 1794 1780 1785 1771 1790 1804 1780 1778 1803 1785 1790 1787 1806

Tree=0
num_leaves=15
num_cat=0
split_feature=3 12 13 13 12 5 5 13 3 10 12 5 5 3
split_gain=133.379 164.207 168.64 120.668 143.719 132.745 110.391 86.7585 118.836 81.4903 71.3762 90.5391 61.0383 55.9057
threshold=-0.00012665413612311657 -0.0025647887985131841 0.0086325512819961387 0.0029640104965957819 -0.0080404642929551278 -0.001795287711723603 0.0014204671213666755 0.07002465038906204 0.015601650784720091 1.6037567817618468 -0.065257724317744056 -0.00077305258541693334 -0.00024520114815812505 -0.018453700494432287
decision_type=2 2 2 2 2 2 2 2 2 8 2 2 2 2
left_child=3 2 -2 5 10 -1 -3 8 12 -10 -5 13 -4 -12
right_child=1 6 7 4 -6 -7 -8 -9 9 -11 11 -13 -14 -15
leaf_value=-0.13029423793400072 -0.1116351565731537 -0.14396300398005105 -0.14296050749683437 -0.10369426166422314 -0.14308340005635661 -0.11485280383068891 -0.12674318687636371 -0.15330814520526148 -0.12200307542870945 -0.083763457251669643 -0.15311464124768931 -0.11919948335141535 -0.12462129558772757 -0.13267304138436933
leaf_weight=1604.0144059956074 1409.5506911426783 415.81869885325432 185.74895170331001 91.878502920269966 1108.7668658643961 726.31326021254063 1691.1620374917984 94.119442015886307 98.850313439965248 101.09125253558159 135.950305134058 442.46097476780415 1254.178913846612 965.09777051210403
leaf_count=6442 5661 1670 746 369 4453 2917 6792 378 397 406 546 1777 5037 3876
internal_value=-0.127027 -0.123676 -0.119334 -0.130495 -0.134756 -0.125475 -0.130154 -0.125603 -0.123983 -0.102431 -0.129097 -0.130637 -0.127006 -0.13524
internal_weight=10325 5250.52 3143.54 5074.48 2744.15 2330.33 2106.98 1733.99 1639.87 199.942 1635.39 1543.51 1439.93 1101.05
internal_count=41467 21087 12625 20380 11021 9359 8462 6964 6586 803 6568 6199 5783 4422
is_linear=0
shrinkage=1


Tree=1
num_leaves=15
num_cat=0
split_feature=3 13 6 5 13 13 3 6 6 13 5 13 5 6
split_gain=116.024 120.746 125.142 123.555 112.704 89.7206 176.425 87.2956 81.5513 130.906 97.6767 87.7115 90.6298 73.2993
threshold=-0.00012665413612311657 0.0029640104965957819 0.0015328079239265199 -0.0016890835740843155 0.0050663833833199954 0.07002465038906204 0.018464164681019749 0.003724502867213389 0.0016987066238819445 0.018808869317501479 0.0020260819162601922 0.019605594676835095 0.0030870157258314772 0.0011654776838428073
decision_type=2 2 2 2 2 2 2 2 2 2 2 2 2 2
left_child=1 3 -3 13 -2 6 8 -8 9 10 -6 12 -10 -1
right_child=4 2 -4 -5 5 -7 7 -9 11 -11 -12 -13 -14 -15
leaf_value=-0.009263704306670402 0.013539738426559892 -0.01341639042569222 -0.00051012992394896736 0.012493838230991384 -0.00015641486884979681 -0.026008155252300796 0.044147455045156436 0.0045883464387103052 -0.0051909501718817638 -0.014487240074559267 0.010929182674651093 0.0079480947637463155 -0.027973339860911897 0.0032925343021784252
leaf_weight=810.09456112980843 762.32677283883095 1532.8382112979889 1208.8704892247915 662.56261751055717 1601.1799620091915 105.40269023180008 125.40116852521896 83.694469258189201 489.37726859748363 353.84449978172779 1290.9310378432274 252.7897846698761 230.34899924695492 861.60624292492867
leaf_count=3254 3060 6160 4857 2659 6430 424 503 336 1965 1421 5184 1015 925 3461
internal_value=-0.000223046 -0.00346325 -0.0077303 0.00155093 0.00288309 0.00108574 0.00174219 0.0285067 0.000402684 0.00268622 0.00479592 -0.00720891 -0.0125398 -0.00279593
internal_weight=10371.3 5075.97 2741.71 2334.26 5295.3 4532.97 4427.57 209.096 4218.47 3245.96 2892.11 972.516 719.726 1671.7
internal_count=41654 20391 11017 9374 21263 18203 17779 839 16940 13035 11614 3905 2890 6715
is_linear=0
shrinkage=0.03


Tree=2
num_leaves=15
num_cat=0
split_feature=12 5 5 13 5 12 13 12 5 13 12 5 7 6
split_gain=75.6182 169.228 141.921 127.844 154.767 104.333 83.6697 60.0639 60.6962 55.3292 72.8031 87.3703 60.6436 52.0223
threshold=-0.0028558933358846512 0.0014204671213666755 -0.0019815989414035946 0.0078948837307145654 8.2835067505615547e-05 -0.065257724317744056 0.07002465038906204 -0.0075518509057517216 0.0026067492329627799 0.002630845397952664 -0.0079675458723636999 2.9487771910918784e-05 1.2558811243513326 0.0010432569965539485
decision_type=2 2 2 2 2 2 2 2 2 2 2 2 2 2
left_child=2 -2 5 9 -5 -1 7 -6 -9 -4 13 -12 -13 -11
right_child=1 -3 3 4 6 -7 -8 8 -10 10 11 12 -14 -15
leaf_value=0.025108335695971502 -0.017917315169964934 0.00011918270089542851 0.015006063400517838 -0.01500882554081988 0.01338723892050343 -0.0055446724335714657 -0.023771968851849769 -0.0051111100842109805 0.0090816472993931145 0.0013384862959997289 -0.0060866475009645569 0.012458241737248863 -0.012600747275032291 0.017332739195229725
leaf_weight=102.19097246229649 630.4605143815279 1802.2997942864895 804.16489207744598 547.04158863425255 511.85480830073357 2468.3148963302374 95.021993398666382 631.31337828934193 472.30397199094296 260.29472874104977 681.92385914921761 611.42659114301205 99.60757552087307 617.35998640954494
leaf_count=410 2534 7237 3226 2199 2055 9919 383 2536 1896 1045 2740 2455 400 2479
internal_value=5.68314e-05 -0.00456593 0.00148067 0.00427149 -0.00114946 -0.00430748 0.00329532 0.00491484 0.000968262 0.00824978 0.00584586 0.00157645 0.00892227 0.012603
internal_weight=10335.6 2432.76 7902.82 5332.31 2257.54 2570.51 1710.49 1615.47 1103.62 3074.78 2270.61 1392.96 711.034 877.655
internal_count=41514 9771 31743 21414 9069 10329 6870 6487 4432 12345 9119 5595 2855 3524
is_linear=0
shrinkage=0.03


Tree=3
num_leaves=15
num_cat=0
split_feature=12 5 5 12 12 6 6 6 18 7 7 5 5 6
split_gain=70.3762 146.678 134.448 76.1713 73.1833 70.9906 54.2475 50.9079 50.7808 46.5873 46.427 42.4165 42.0885 40.7453
threshold=-0.0029498973584741735 0.0014204671213666755 -0.00074687329883504894 -0.065257724317744056 -0.0079675458723636999 0.0023135613712012399 0.0010028982172333525 0.00073343601475603251 6.6304949159990745 0.78667322514125859 1.3360879770288412 -0.01142012212545762 0.0011236388835365043 0.0016782339063190132
decision_type=2 2 2 2 2 2 2 2 2 2 2 2 2 2
left_child=2 -2 3 -1 5 6 -4 9 -7 -6 -3 -5 -9 -13
right_child=1 10 4 11 7 8 -8 12 -10 -11 -12 13 -14 -15
leaf_value=0.022648822444406157 -0.016296535253081654 -0.002082356047300029 0.0027443655603847901 -0.019465159204894097 -0.00051323509080380253 -0.0120818965101912 0.019972460179153575 -0.0023471035532639747 0.011962056538757699 0.028403161463406643 0.010516927243868874 -0.0041806577526535688 0.0057662182138028912 0.0029433688897424334
leaf_weight=105.30275139212608 669.26556430757046 1540.7559008598328 216.81765124201775 133.53172820806503 83.426543802022934 164.91901016235352 688.90524151921272 1250.9867213666439 148.19078539311886 123.43022917211056 315.37061135470867 2861.5961498469114 1062.3981494009495 964.79601788520813
leaf_count=422 2693 6187 870 537 335 663 2764 5026 595 495 1266 11498 4265 3877
internal_value=7.22891e-05 -0.00427876 0.00148098 -0.00229492 0.00558527 0.0116146 0.0158634 0.00266249 -0.000698511 0.0168478 6.73778e-05 -0.00296932 0.00138062 -0.00238379
internal_weight=10329.7 2525.39 7804.3 4065.23 3739.07 1218.83 905.723 2520.24 313.11 206.857 1856.13 3959.92 2313.38 3826.39
internal_count=41493 10146 31347 16334 15013 4892 3634 10121 1258 830 7453 15912 9291 15375
is_linear=0
shrinkage=0.03


Tree=4
num_leaves=15
num_cat=0
split_feature=3 12 6 12 5 12 3 6 5 12 12 6 5 10
split_gain=91.9585 179.477 133.213 120.921 100.583 78.0651 142.293 84.2756 73.3289 104.419 68.0527 71.1996 63.5756 54.5696
threshold=-0.00012665413612311657 -0.0027109412607015377 0.0015403763717821801 -0.0049276649770676464 0.001799546156377563 -0.065257724317744056 -0.018453700494432287 0.0015403763717821801 -0.0020205306432082844 -0.018409546015860086 -0.010366913217342065 0.00080593323977243313 0.0026624815491146374 1.3464750638412932
decision_type=2 2 2 2 2 2 2 2 2 2 2 2 2 8
left_child=3 2 10 5 -3 -1 13 8 9 -8 -2 -12 -13 -7
right_child=1 4 -4 -5 -6 6 7 -9 -10 -11 11 12 -14 -15
leaf_value=0.02397240621254746 0.030323011723850348 -0.013472414380696556 7.1651906538130745e-05 -0.015268491581608333 0.0004416350274166105 -0.0061623033293519746 0.010371880366884209 0.0057760537345826419 0.0011954153536412773 -0.012080762309521119 0.025951484689135822 0.0055115975173840523 0.024203001208391778 -0.037805954208333464
leaf_weight=106.3933265209198 177.32758840918541 666.97505339980125 1279.0322007089853 623.14738170802593 1552.8356999456882 79.955282136797905 220.84022742509842 1290.0661374926567 1466.7750710397959 1149.1989134252071 235.69194096326828 1175.56267619133 188.74298007786274 128.69895851612091
leaf_count=426 711 2685 5135 2507 6235 322 888 5182 5891 4622 945 4718 757 518
internal_value=-2.81657e-05 0.00274314 0.00745655 -0.00291491 -0.00374741 -0.00117577 -0.00180367 -0.000575761 -0.00346634 -0.00845172 0.012765 0.0107836 0.00812908 -0.0258539
internal_weight=10341.2 5276.17 3056.36 5065.08 2219.81 4441.93 4335.53 4126.88 2836.81 1370.04 1777.33 1600 1364.31 208.654
internal_count=41542 21186 12266 20356 8920 17849 17423 16583 11401 5510 7131 6420 5475 840
is_linear=0
shrinkage=0.03


Tree=5
num_leaves=15
num_cat=0
split_feature=13 5 5 12 5 12 13 6 12 5 6 5 13 7
split_gain=60.0399 178.052 117.404 119.998 128.643 87.4505 81.561 68.4304 64.3562 49.2401 58.619 60.3447 58.8164 44.6582
threshold=0.0028729746760514101 -0.001795287711723603 2.9487771910918784e-05 -0.0025647887985131841 0.0014548171497826836 -0.0063448199952246811 0.07002465038906204 0.0011408843797552312 -0.0085459679775300983 0.0065950986217627747 0.0015403763717821801 0.0026624815491146374 0.0087167219749322306 1.2338643112779974
decision_type=2 2 2 2 2 2 2 2 2 2 2 2 2 2
left_child=1 7 5 6 -5 -2 8 -1 -4 10 11 12 13 -10
right_child=2 -3 3 4 -6 -7 -8 -9 9 -11 -12 -13 -14 -15
leaf_value=-0.0084337006132542899 -0.0028632761799845959 0.015198674632261535 0.014815305685184394 -0.017915535417183853 4.1060544969791682e-05 -0.014818734477300139 -0.021988197867166912 0.0039607793701195099 0.012210604069754308 0.021753949427444807 -0.0043922040162290427 0.021345712691098005 -0.0045476854590635642 -0.010738547299077835
leaf_weight=733.76718093454838 2056.5276159495115 861.16759079694748 642.40920828282833 454.9442071467638 1676.3765254169703 750.69027738273144 91.575595214962959 879.02737994492054 597.79182440042496 130.02987442910671 672.00817260146141 205.10856691002846 459.91578838229179 85.871300101280212
leaf_count=2953 8265 3452 2575 1836 6732 3021 370 3533 2399 521 2698 822 1848 345
internal_value=0.000130066 0.00420173 -0.00115827 0.00159112 -0.00380509 -0.00606861 0.0055779 -0.00168175 0.00649677 0.00400062 0.00283783 0.00644149 0.00373572 0.00930517
internal_weight=10297.2 2473.96 7823.25 5016.03 2131.32 2807.22 2884.71 1612.79 2793.13 2150.73 2020.7 1348.69 1143.58 683.663
internal_count=41370 9938 31432 20146 8568 11286 11578 6486 11208 8633 8112 5414 4592 2744
is_linear=0
shrinkage=0.03


Tree=6
num_leaves=15
num_cat=0
split_feature=5 13 12 5 12 12 7 13 13 5 13 4 12 13
split_gain=61.6279 147.994 124.424 143.175 81.8276 71.3445 67.8543 92.896 58.3027 57.9977 62.6132 71.3472 55.6829 52.8103
threshold=-0.0019815989414035946 0.0028209295055390275 -0.0080404642929551278 0.00071845129263448115 -0.058443834880997296 -0.0027109412607015377 1.3674832446897234 0.02343515148861364 0.07002465038906204 -0.00035245951643519952 0.007962161758612642 -0.0003470054073104189 -0.0024246854316664619 0.0088589511283579964
decision_type=2 2 2 2 2 2 2 2 2 2 2 2 2 2
left_child=4 -2 8 5 -1 -4 12 -8 9 10 11 -3 13 -5
right_child=1 2 3 6 -6 -7 7 -9 -10 -11 -12 -13 -14 -15
leaf_value=0.018912847419095123 0.012598864466560632 0.023146805950073908 -0.0070425437527284604 0.011539439872138586 -0.0052339920750589554 -0.024996104253795576 0.0050705296055705293 0.038041274737917574 -0.018178680122954878 0.013379317745400063 -0.014203649640472382 -0.0020614908331590947 -0.0043593063052041912 -0.00059002451089955679
leaf_weight=131.24027039110661 926.85727259516716 159.2706177085638 1500.7181604653597 502.96354253590107 2444.9775719493628 228.38313508033752 414.97989878058434 92.650422319769859 75.329428732395172 895.69454579055309 166.61130426824093 269.82562386989594 1641.8428734689951 896.28079229593277
leaf_count=526 3714 639 6037 2018 9837 923 1666 371 305 3589 670 1083 6601 3599
internal_value=2.91543e-05 0.00136224 -0.000162608 -0.0023667 -0.00399016 -0.00944002 0.00108313 0.0112139 0.00725582 0.00856312 0.00130103 0.00735922 -0.000614187 0.0037802
internal_weight=10347.6 7771.41 6844.55 5277.82 2576.22 1729.1 3548.72 507.63 1566.73 1491.4 595.708 429.096 3041.09 1399.24
internal_count=41578 31215 27501 21215 10363 6960 14255 2037 6286 5981 2392 1722 12218 5617
is_linear=0
shrinkage=0.03


Tree=7
num_leaves=15
num_cat=0
split_feature=5 13 12 5 6 12 12 12 6 13 7 12 5 12
split_gain=56.2121 147.778 95.9094 136.107 69.8612 115.251 104.639 92.0293 83.2997 63.8017 60.6905 52.5492 66.518 50.3142
threshold=-0.0019815989414035946 0.0027754051951442986 -0.0080404642929551278 0.00046567950573583877 0.0015328079239265199 -0.019643629601063858 -0.058443834880997296 -0.018409546015860086 0.0018872603864611693 0.056539713012860544 1.0630283930060267 -0.002293199647026289 0.0017652258031161108 -0.011876018186187274
decision_type=2 2 2 2 2 2 2 2 2 2 2 2 2 2
left_child=4 13 9 -4 7 6 -6 -1 -8 -3 -7 -5 -13 -2
right_child=1 2 3 11 5 10 8 -9 -10 -11 -12 12 -14 -15
leaf_value=0.0090975452471208414 -0.0041242127219069677 0.0081239062917053042 -0.0098602370473065398 0.0043708134284075476 0.016532113859030587 0.00052088991148574015 0.0055979858868596393 -0.011429353993772278 -0.022694241517592254 -0.013956895067126303 0.02048861712693514 -0.012963397143455539 0.00044120062128545244 0.015717077225449412
leaf_weight=233.0907409787178 134.31477458775043 1455.628406509757 1458.1482346951962 1938.3910075575113 124.83529283106327 246.87459361553192 132.01261566579342 1209.4321004450321 314.76243115961552 126.32020279765129 306.09845954179764 432.39680491387844 1429.3279076963663 769.73982992768288
leaf_count=937 538 5836 5874 7782 500 992 531 4872 1268 510 1230 1746 5740 3083
internal_value=0.000106201 0.00138156 -0.000126478 -0.0020752 -0.00373928 0.00186451 -0.00756895 -0.0081045 -0.0143468 0.00634534 0.011608 0.00091563 -0.00268267 0.0127667
internal_weight=10311.4 7744.27 6840.21 5258.26 2567.11 1124.58 571.61 1442.52 446.775 1581.95 552.973 3800.12 1861.72 904.055
internal_count=41439 31109 27488 21142 10330 4521 2299 5809 1799 6346 2222 15268 7486 3621
is_linear=0
shrinkage=0.03


Tree=8
num_leaves=15
num_cat=0
split_feature=12 5 5 13 13 5 12 6 12 13 5 12 13 13
split_gain=48.5494 144.007 92.2303 84.637 80.9455 87.075 64.4353 55.0865 52.9645 48.1616 60.3752 60.9916 45.7912 45.5972
threshold=-0.0029498973584741735 0.0014204671213666755 -0.00046709949911244436 0.0081163154084329409 0.0029640104965957819 -0.001795287711723603 -0.058443834880997296 0.0011360788025551918 -0.011638913110731728 0.07002465038906204 0.0026067492329627799 -0.0078216998657764641 0.0080416558813724021 0.019605594676835095
decision_type=2 2 2 2 2 2 2 2 2 2 2 2 2 2
left_child=2 -2 4 8 5 7 -6 -1 -4 10 11 -5 -8 -12
right_child=1 -3 3 9 6 -7 12 -9 -10 -11 13 -13 -14 -15
leaf_value=-0.0075042805315833688 -0.015481940455538102 0.00083802015960916733 0.025891640644653036 0.0083263171308767796 0.015475873958786161 0.011475429283310983 -0.0041766782000157397 0.0035960674880178428 0.0082739878810252302 -0.020433658751894908 0.00057618680672167808 -0.0073882106052855856 -0.014272645204443735 0.016280742949563685
leaf_weight=724.33920222520828 660.01234060525894 1835.9973791688681 172.09701269865036 316.52335198223591 120.09326416254044 670.96365006268024 1461.6859994232655 900.21110273897648 1351.9107078015804 90.133111923933029 314.80194734036922 734.32517306506634 558.46438817679882 351.30153867602348
leaf_count=2920 2670 7374 689 1268 481 2686 5882 3619 5423 366 1262 2953 2251 1407
internal_value=0.000151782 -0.00348636 0.00132156 0.00509252 -0.00151131 0.00240099 -0.00570577 -0.00135639 0.0102948 0.000698659 0.0018305 -0.00264805 -0.00697903 0.00888268
internal_weight=10262.9 2496.01 7766.85 3331.09 4435.76 2295.51 2140.24 1624.55 1524.01 1807.09 1716.95 1050.85 2020.15 666.103
internal_count=41251 10044 31207 13368 17839 9225 8614 6539 6112 7256 6890 4221 8133 2669
is_linear=0
shrinkage=0.03


Tree=9
num_leaves=15
num_cat=0
split_feature=5 6 2 7 5 6 6 4 4 5 10 11 10 5
split_gain=52.0269 65.1067 35.0892 23.4844 49.6701 27.5976 26.1768 37.9011 34.7526 42.7764 25.2577 22.6983 21.2249 19.2029
threshold=-0.0019815989414035946 0.0015403763717821801 -0.00098157155155691156 1.3360879770288412 0.011391922078844765 0.005934000967266556 0.0015792732383533836 0.0010418753259630045 0.0023221909917779953 0.0043291497709595514 1.0873275586332438 71.907884751574002 0.861677008363949 -0.0053321916890145529
decision_type=2 2 2 2 2 2 2 2 2 2 10 2 8 2
left_child=1 13 12 5 6 -2 7 -5 9 -8 -7 -9 -3 -1
right_child=3 2 -4 4 -6 10 8 11 -10 -11 -12 -13 -14 -15
leaf_value=0.0023683852961646 0.0010885810197032381 -0.013997265234789349 -0.0096741969013347858 0.0010866624041045902 0.030156247492939312 -0.021837321625540921 -0.0027430037977541929 0.024995352550362154 -0.017147981795724163 0.027709497723506605 0.0044523049973396924 0.0028277210713702353 0.0055017708017808861 -0.0088679909146700282
leaf_weight=152.08775621652603 6733.2145988792181 51.435247763991356 191.43545247614384 264.46526190638542 68.638754338026047 88.367181941866875 194.49377888441086 138.3734093606472 99.218832388520241 50.682908773422241 50.788905844092369 59.854741156101227 867.68491649627686 1303.5535186827183
leaf_count=612 27054 207 770 1063 275 357 781 555 398 203 205 240 3489 5256
internal_value=0.000177854 -0.00352277 0.00194644 0.00140411 0.0060252 0.000813672 0.00390351 0.00855004 -0.00235241 0.00372541 -0.0123151 0.018397 0.00438255 -0.00769236
internal_weight=10314.3 2566.2 1110.56 7748.1 875.728 6872.37 807.089 462.693 344.396 245.177 139.156 198.228 919.12 1455.64
internal_count=41465 10334 4466 31131 3515 27616 3240 1858 1382 984 562 795 3696 5868
is_linear=0
shrinkage=0.03


Tree=10
num_leaves=15
num_cat=0
split_feature=3 13 12 12 6 5 5 6 6 5 12 3 6 13
split_gain=88.7012 128.961 135.979 127.4 147.542 94.0102 87.6593 63.0532 62.3776 60.8998 85.3848 61.1166 80.6185 60.6497
threshold=0.00012795958842476421 0.0029640104965957819 -0.0080404642929551278 -0.0025647887985131841 0.0015478028194658214 -0.001795287711723603 0.001618255522045309 0.00082909935764949034 0.0011654776838428073 -0.00083752445160850664 -0.058443834880997296 -0.01683356349497683 0.0015403763717821801 0.07002465038906204
decision_type=2 2 2 2 2 2 2 2 2 2 2 2 2 2
left_child=1 5 9 4 -2 8 -5 -4 -1 10 -3 -12 -13 -6
right_child=3 2 7 6 13 -7 -8 -9 -10 -11 11 12 -14 -15
leaf_value=-0.0080147803398146686 0.012292541429341022 0.019834284377991573 -0.029449057910582433 -0.014236766539448113 0.0006471872462818954 0.010919454486235576 0.00036727394306932651 -0.011569892103585831 0.0037366961717088605 0.0072448029486475917 -0.025983454786194963 -0.014895890916981111 0.0028919749323413082 -0.02447153642585928
leaf_weight=768.47817194461823 1736.2462051063776 108.39310850203037 216.06248354911804 480.86191076040268 1153.2409626096487 765.50414304435253 1580.9092614650726 993.90774349868298 858.81161947548389 491.90909670293331 143.29764385521412 411.44312885403633 513.70545223355293 91.52055312693119
leaf_count=3102 6964 434 874 1948 4627 3064 6348 4009 3452 1971 580 1658 2065 373
internal_value=-0.000161237 -0.00288173 -0.00715758 0.00268267 0.00664649 0.00226412 -0.00304929 -0.0148059 -0.0018159 -0.00160089 -0.00530434 -0.00788693 -0.00503393 -0.00123595
internal_weight=10314.3 5271.51 2878.72 5042.78 2981.01 2392.79 2061.77 1209.97 1627.29 1668.75 1176.84 1068.45 925.149 1244.76
internal_count=41469 21209 11591 20260 11964 9618 8296 4883 6554 6708 4737 4303 3723 5000
is_linear=0
shrinkage=0.03


Tree=11
num_leaves=15
num_cat=0
split_feature=3 12 12 6 6 12 6 3 13 6 12 12 13 12
split_gain=75.9912 122.604 107.047 127.324 59.6979 58.2121 63.4876 57.081 101.216 58.9235 92.5272 93.5425 73.3203 76.965
threshold=0.00024321672811578046 -0.0051447543389558361 -0.0025647887985131841 0.0015256035668799806 0.00059137365443986218 -0.010469283459458021 0.00080593323977243313 -0.0025892939433324043 0.0072038752149379279 0.0015403763717821801 -0.019643629601063858 -0.058443834880997296 0.002482343259535225 -0.0062119807621484604
decision_type=2 2 2 2 2 2 2 2 2 2 2 2 2 2
left_child=1 7 3 5 -4 -2 -7 9 -9 12 11 -11 13 -1
right_child=2 -3 4 -5 -6 6 -8 8 -10 10 -12 -13 -14 -15
leaf_value=-0.0028254022736607033 0.029796826654291463 -0.013485028576105193 -0.027467965205692446 -0.0010165516952229813 -0.0017230080453142053 0.025144293405126736 0.0073636311343592466 0.0099232985017716473 -0.01061160415955043 0.015832861496247241 0.0092032886722072833 -0.013158178818322205 -0.012741032190210125 0.034288091633594801
leaf_weight=1161.9043837934732 143.14582525193691 805.88121755421162 82.508186131715775 1268.4500816166401 1999.7675037682056 208.71237413585186 1299.2027468383312 882.61389151215553 284.02464048564434 126.6407382786274 738.21273781359196 452.7781702876091 842.16717301309109 50.562196254730225
leaf_count=4681 573 3253 334 5096 8047 836 5210 3544 1143 507 2963 1827 3393 203
internal_value=-0.00023047 -0.00271713 0.00242674 0.00613148 -0.00276851 0.0116176 0.00985472 -0.000800194 0.00491436 -0.00277889 0.00217113 -0.00678908 -0.00595235 -0.00122378
internal_weight=10346.6 5344.79 5001.79 2919.51 2082.28 1651.06 1507.92 4538.9 1166.64 3372.27 1317.63 579.419 2054.63 1212.47
internal_count=41610 21514 20096 11715 8381 6619 6046 18261 4687 13574 5297 2334 8277 4884
is_linear=0
shrinkage=0.03


Tree=12
num_leaves=15
num_cat=0
split_feature=3 12 13 13 6 12 3 5 6 13 6 5 10 12
split_gain=76.5945 119.067 160.326 106.397 106.912 66.1991 62.0493 60.4904 59.4319 101.209 131.142 59.0562 53.8216 52.6242
threshold=-0.00012665413612311657 -0.0029498973584741735 0.0086325512819961387 0.0029188142982701231 0.00089782501028189783 -0.065257724317744056 0.0024516406677201137 0.001799546156377563 0.0016987066238819445 0.019605594676835095 0.0042645476571286966 -0.001451321927535165 0.99975982036724476 -0.010366913217342065
decision_type=2 2 2 2 2 2 2 2 2 2 2 2 10 2
left_child=3 2 13 11 -5 -6 -4 -3 -8 -10 -11 -1 -12 -2
right_child=1 7 6 4 5 -7 8 -9 9 10 12 -13 -14 -15
leaf_value=-0.00064032347829947288 0.028947056307338848 -0.009655841330753985 -0.01207345833917821 -0.02308058078466687 0.019903175823602948 -0.0056592546171344259 0.0099564297131545 0.00064802307340922256 -0.017305604975917804 0.022494186652965546 -0.026923889127172751 0.010919481548879081 0.0050752462539568714 0.011700481859259629
leaf_weight=1806.2260991334915 185.35446383059025 752.90174905955791 308.15888798236847 319.58347000181675 92.944370657205582 2339.5813100785017 577.04430609941483 1598.0412065982819 269.38634704053402 211.71372735500336 98.060808345675468 507.99905325472355 88.707151025533676 1121.6699964404106
leaf_count=7272 742 3048 1239 1295 372 9430 2314 6416 1082 848 397 2033 358 4494
internal_value=-0.000209838 0.00234339 0.00645279 -0.00283588 -0.00682044 -0.00466699 -6.5804e-05 -0.00265725 0.0029211 -0.00316906 0.00642639 0.00190442 -0.0118329 0.0141868
internal_weight=10277.4 5211.04 2860.1 5066.33 2752.11 2432.53 1553.07 2350.94 1244.91 667.868 398.482 2314.23 186.768 1307.02
internal_count=41340 20938 11474 20402 11097 9802 6238 9464 4999 2685 1603 9305 755 5236
is_linear=0
shrinkage=0.03


Tree=13
num_leaves=15
num_cat=0
split_feature=3 12 13 13 6 5 12 5 13 3 6 5 13 3
split_gain=83.4799 102.792 139.07 102.199 105.076 71.4106 58.6862 54.2038 49.5688 73.9452 47.5842 47.0393 55.8111 98.5516
threshold=-0.00012665413612311657 -0.0029498973584741735 0.0086325512819961387 0.0029188142982701231 0.00089341729816070834 -0.001451321927535165 -0.065257724317744056 0.0014204671213666755 0.0072038752149379279 -0.018453700494432287 0.0014220666631819779 -8.4187206915720112e-05 0.062403135866360045 0.018464164681019749
decision_type=2 2 2 2 2 2 2 2 2 2 2 2 2 2
left_child=3 2 -2 5 -5 -1 -6 -3 9 -8 -11 -4 13 -13
right_child=1 7 11 4 6 -7 8 -9 -10 10 -12 12 -14 -15
leaf_value=-0.00072199106893295793 0.013845092711946822 -0.010157376227812038 -0.011782493127038871 -0.022658103440247063 0.018790742848065475 0.011907214796287759 -0.032326389241533783 0.00067665170252023015 -0.010770612269640899 -0.0059252722651437391 0.0051841862034714345 0.0017453852711837102 -0.017830806524567609 0.02973654643458825
leaf_weight=1794.4447169154882 1314.8749953657389 535.16832147538662 231.94730988144875 316.04826498031616 93.144661277532578 517.56512105464935 66.12367407977581 1835.7571927756071 900.58261765539646 684.50032064318657 699.63879942893982 1112.5318047702312 106.65032613277435 124.06978049874306
leaf_count=7225 5266 2174 935 1284 373 2071 269 7373 3635 2762 2814 4462 435 497
internal_value=0.000206783 0.00285387 0.00665011 -0.00253896 -0.00643451 0.00211302 -0.00431972 -0.00177532 -0.00525059 -0.00181267 -0.000310413 0.000634265 0.00279267 0.00459725
internal_weight=10333 5261 2890.07 5072.05 2760.04 2312.01 2443.99 2370.93 2350.85 1450.26 1384.14 1575.2 1343.25 1236.6
internal_count=41575 21142 11595 20433 11137 9296 9853 9547 9480 5845 5576 6329 5394 4959
is_linear=0
shrinkage=0.03


Tree=14
num_leaves=15
num_cat=0
split_feature=3 12 12 10 5 12 12 3 10 3 7 7 7 7
split_gain=80.0259 114.897 111.418 87.3602 76.7696 71.2975 64.4356 108.05 64.1534 45.499 66.8229 62.7861 45.0886 40.4173
threshold=-0.00012665413612311657 -0.0051447543389558361 -0.0025647887985131841 1.0141104539478361 0.0013871738152496651 -0.010575443207245737 -0.065257724317744056 -0.02091232504500384 1.3464750638412932 0.016854830122408519 1.2673479376425889 1.2282027166670855 0.94464423019211197 1.1968141765272027
decision_type=2 2 2 8 2 2 2 2 8 2 2 2 2 2
left_child=1 6 3 -2 -4 12 -1 8 -8 11 -11 -7 -5 -9
right_child=2 -3 4 5 -6 9 7 13 -10 10 -12 -13 -14 -15
leaf_value=0.022050654159511088 -0.013185668564466423 -0.014124429023754971 -0.01459434394830127 0.029536608538904129 6.9107464611262983e-05 0.0071784285665059573 -0.0018700297971939422 -0.0020741915506088406 -0.040066723792265294 -0.0018043880270233782 0.042743495586733994 -0.0051852062475512776 0.0070785683353016757 0.0050231585708991984
leaf_weight=105.83096705377102 193.90345618128777 675.77595995366573 393.92223890125751 199.10235354304314 1705.6271398365498 2043.8954938352108 65.285958707332611 3200.3075265884399 99.286646142601967 52.872876420617104 68.511513963341713 449.67231406271458 136.77520348131657 930.40618868172169
leaf_count=424 784 2738 1607 798 6852 8196 265 12885 404 213 275 1804 549 3745
internal_value=5.81211e-05 -0.00262618 0.00265675 0.00622814 -0.00269335 0.00751192 -0.000855049 -0.00142942 -0.0251185 0.0058309 0.0236245 0.00494649 0.0204873 -0.00047392
internal_weight=10321.2 5076.89 5244.28 3144.73 2099.55 2950.83 4401.12 4295.29 164.573 2614.95 121.384 2493.57 335.878 4130.71
internal_count=41539 20461 21078 12619 8459 11835 17723 17299 669 10488 488 10000 1347 16630
is_linear=0
shrinkage=0.03


Tree=15
num_leaves=15
num_cat=0
split_feature=5 13 12 5 12 13 6 2 5 7 13 12 7 13
split_gain=38.1542 118.443 98.0919 128.121 62.1851 47.6276 60.6956 74.1905 63.2551 52.066 47.0446 46.5645 46.0755 88.0991
threshold=-0.0019815989414035946 0.0028729746760514101 -0.0080404642929551278 0.001288610489043829 -0.065257724317744056 0.0096528357670764304 0.0010511432588240709 -0.00043917867676324102 -0.00044047459351281843 0.96840368748829742 0.0086325512819961387 -0.011876018186187274 1.342581377124356 0.021653429995887711
decision_type=2 2 2 2 2 2 2 2 2 2 2 2 2 2
left_child=4 11 5 10 -1 6 7 -3 -8 -10 -4 -2 -5 -14
right_child=1 2 3 12 -6 -7 8 -9 9 -11 -12 -13 13 -15
leaf_value=0.019467745506311737 -0.0048415607345077445 0.024955516466607122 -0.0045322941850963021 0.00033794173263622011 -0.0039824227557081074 -0.00047790698390059186 0.0055763378835673935 -0.012209861812194649 0.032729313620189208 0.010245915922915549 -0.013793074560500067 0.013904933714730361 0.0030578366466050503 0.032259884132268393
leaf_weight=104.22413370013237 138.82112495601177 63.565924286842346 1595.1472346335649 2424.4051199406385 2446.2114744633436 566.77827140688896 356.45301939547062 182.13210570812225 217.99290280044079 164.6153347492218 715.25779697299004 807.59457862377167 372.57125729322433 122.12543758749962
leaf_count=418 556 255 6447 9739 9872 2281 1431 731 873 659 2896 3233 1495 490
internal_value=0.000170603 0.00122074 -0.000168054 -0.00213367 -0.00300962 0.00645133 0.0104323 -0.00247073 0.014717 0.0231595 -0.00740871 0.0111508 0.00204362 0.0103678
internal_weight=10277.9 7727.46 6781.04 5229.51 2550.44 1551.54 984.759 245.698 739.061 382.608 2310.41 946.416 2919.1 494.697
internal_count=41376 31086 27297 21067 10290 6230 3949 986 2963 1532 9343 3789 11724 1985
is_linear=0
shrinkage=0.03


Tree=16
num_leaves=15
num_cat=0
split_feature=3 13 13 6 13 3 5 6 13 13 5 5 6 7
split_gain=67.3208 96.759 81.4075 107.49 65.52 140.978 64.891 64.5267 112.386 74.5694 79.5108 67.9745 56.9654 52.5318
threshold=-0.00012665413612311657 0.0050663833833199954 0.0025776683123686088 0.0015403763717821801 0.062403135866360045 0.018464164681019749 -0.0016179280927899329 0.0017118303114907064 0.018808869317501479 0.019605594676835095 0.0032657458647685771 0.0024596715890521374 0.003724502867213389 0.99302626639095881
decision_type=2 2 2 2 2 2 2 2 2 2 2 2 2 2
left_child=2 -2 6 -4 5 7 -1 8 11 10 -9 -3 -7 -10
right_child=1 4 3 -5 -6 12 -8 9 13 -11 -12 -13 -14 -15
leaf_value=-0.0010759616261457204 0.012129963604665003 0.00063076138334134345 -0.010760070252205366 0.00080776027371803167 -0.019825398965602516 0.038547018945359328 0.011329323613378857 -0.0051889019388499493 -0.020217108020713258 0.0078283866933731121 -0.027196768545334007 0.010314105462524693 0.0038618908691053131 0.0059118330992227811
leaf_weight=1587.1404205560684 754.26673737168312 1848.9244379252195 1701.3199715018272 1255.6057584434748 135.9542286247015 121.25293207168579 496.64282357692719 503.31315471231937 271.54618120193481 232.67739586532116 207.9161831587553 1006.4432701766491 65.87636587023735 91.696136772632599
leaf_count=6396 3032 7443 6886 5060 555 487 1987 2024 1091 933 836 4036 264 368
internal_value=-0.000177246 0.00220342 -0.00265186 -0.00585077 0.000529578 0.00117462 0.00188871 2.36206e-05 0.00204691 -0.00686528 -0.0116808 0.00404872 0.0265065 -0.0136249
internal_weight=10280.6 5239.87 5040.71 2956.93 4485.6 4349.65 2083.78 4162.52 3218.61 943.907 711.229 2855.37 187.129 363.242
internal_count=41398 21069 20329 11946 18037 17482 8383 16731 12938 3793 2860 11479 751 1459
is_linear=0
shrinkage=0.03


Tree=17
num_leaves=15
num_cat=0
split_feature=3 12 10 12 12 5 3 7 12 3 7 10 7 3
split_gain=60.3394 101.919 73.884 78.3149 70.3186 68.8706 47.8429 46.6134 45.6359 89.6994 53.7649 52.0169 41.9693 41.9505
threshold=-0.00012665413612311657 -0.0025647887985131841 0.99975982036724476 -0.0097138081599037456 -0.005033582415695014 0.001799546156377563 0.018464164681019749 1.2282027166670855 -0.065257724317744056 -0.02091232504500384 1.1968141765272027 1.4041309142405467 0.94706695148143694 -0.0025892939433324043
decision_type=2 2 8 2 2 2 2 2 2 2 2 8 2 2
left_child=4 2 -2 12 8 -3 7 -5 -1 11 13 -10 -4 -11
right_child=1 5 3 6 -6 -7 -8 -9 9 10 -12 -13 -14 -15
leaf_value=0.018215886660704863 -0.012711013115087209 -0.011563162256467523 0.02631097491218793 0.0057479468868560316 -0.011669635010321797 0.00042313156792287798 0.024286082852798922 -0.0049352272307349974 -0.0035900328025039682 -0.0046631449773279583 0.0056093430437470547 -0.037880962415507084 0.0073991826066210171 0.0030984347047285218
leaf_weight=105.12813214957714 186.54051992297173 601.97811071574688 251.59261621534824 1976.2908958345652 652.14736481010914 1509.6447591930628 104.85182613134384 449.84107430279255 69.651542961597443 2341.3530576080084 927.40196445584297 92.383194133639336 184.57551971077919 853.95678341388702
leaf_count=422 756 2450 1009 7926 2651 6061 424 1806 283 9439 3733 378 741 3436
internal_value=-0.000148271 0.00209749 0.00551144 0.00666485 -0.00249339 -0.00300161 0.00463334 0.00376469 -0.0011255 -0.00160833 -0.000742339 -0.0233643 0.0183783 -0.0025882
internal_weight=10307.3 5265.32 3153.69 2967.15 5042.02 2111.62 2530.98 2426.13 4389.87 4284.75 4122.71 162.035 436.168 3195.31
internal_count=41515 21173 12662 11906 20342 8511 10156 9732 17691 17269 16608 661 1750 12875
is_linear=0
shrinkage=0.03


Tree=18
num_leaves=15
num_cat=0
split_feature=3 12 6 6 12 12 12 3 10 12 5 7 6 3
split_gain=76.2866 111.113 91.2973 59.2691 88.0975 62.8327 80.1387 75.5044 57.3822 80.7016 52.1718 51.0876 49.7093 49.1776
threshold=-0.00041728370700950564 -0.0029498973584741735 0.00077225475423712273 0.0015328079239265199 -0.018409546015860086 -0.018823801957871863 -0.058443834880997296 -0.02091232504500384 0.99975982036724476 -0.0097138081599037456 0.00063132547764177549 1.1357913458740956 0.0040513524150365731 0.018464164681019749
decision_type=2 2 2 2 2 2 2 2 8 2 2 2 2 2
left_child=3 2 -2 4 -1 6 -5 -8 12 -10 -3 -7 -4 -11
right_child=1 10 8 5 -6 11 7 -9 9 13 -12 -13 -14 -15
leaf_value=0.011081697172690084 0.025356014734448783 -0.016582518401215936 0.0095494144821318128 0.014935191460705606 -0.0068243041422065363 0.001108370285896427 -0.028986843868555778 -0.0035870415810696707 0.017216961729174009 0.002422564897107194 -0.0011844127417351821 0.015096083747665169 -0.022879991607202825 0.024512861487991013
leaf_weight=268.23909570276737 203.37575945258141 215.52493007481098 64.234380781650543 132.89462940394878 2934.8064426481724 622.96017615497112 147.67328502237797 357.89457508921623 455.9907271116972 2113.5692393928766 2215.2450378984213 375.68330971896648 118.89190730452538 92.813483491539955
leaf_count=1080 815 880 258 534 11858 2504 606 1443 1830 8480 8921 1508 485 376
internal_value=-0.000202711 0.00222109 0.00603383 -0.00294653 -0.00531879 0.00169567 -0.0056441 -0.0110912 0.00463598 0.00575537 -0.0025622 0.00639011 -0.0115246 0.00337317
internal_weight=10319.8 5479.65 3048.88 4840.15 3203.05 1637.11 638.462 505.568 2845.5 2662.37 2430.77 998.643 183.126 2206.38
internal_count=41578 22045 12244 19533 12938 6595 2583 2049 11429 10686 9801 4012 743 8856
is_linear=0
shrinkage=0.03


Tree=19
num_leaves=15
num_cat=0
split_feature=3 12 6 12 12 3 12 3 10 6 12 12 6 7
split_gain=49.6134 90.7022 102.07 79.8591 58.0727 108.011 57.667 72.4197 63.1009 55.5304 61.5545 91.3071 53.1536 49.8604
threshold=0.00012795958842476421 -0.0025192553021300963 0.0015256035668799806 -0.0050902960497991581 -0.058443834880997296 -0.02091232504500384 -0.0057627619629161955 0.018464164681019749 1.0141104539478361 0.0015328079239265199 -0.018409546015860086 -0.013363129390303595 0.00075830835982592813 1.342581377124356
decision_type=2 2 2 2 2 2 2 2 8 2 2 2 2 2
left_child=3 2 12 4 -1 -6 8 -8 -4 10 -7 -12 -2 -3
right_child=1 13 6 -5 5 9 7 -9 -10 -11 11 -13 -14 -15
leaf_value=0.018790679648369338 0.025633538460189495 -0.0046708128919974159 -0.010798022652185766 -0.011023885334574405 -0.026202217026539291 0.010891528888503357 -0.012440064656460383 0.02108651669459799 0.0094256900850791386 0.0047654952106114387 -0.013987912302590185 -0.00080885200405556674 0.008394451244130248 0.0085338318653950286
leaf_weight=134.56214690208435 178.24942052364349 1738.4577887058258 182.36412981152534 752.29709520936012 146.72940067946911 273.45545171201229 476.29753988981247 64.147224336862564 562.08768935501575 1370.2816836833954 624.56478440761566 1933.1571605056524 1566.23270586133 300.13947290182114
leaf_count=541 715 7015 741 3061 605 1100 1913 260 2258 5507 2524 7799 6280 1205
internal_value=5.51928e-05 0.00217059 0.00546147 -0.00199274 -0.000472892 -0.0010774 -0.000955081 -0.00839761 0.00445594 -0.000187906 -0.00258701 -0.00403543 0.0101833 -0.00272026
internal_weight=10303 5067.98 3029.38 5235.05 4482.75 4348.19 1284.9 540.445 744.452 4201.46 2831.18 2557.72 1744.48 2038.6
internal_count=41524 20387 12167 21137 18076 17535 5172 2173 2999 16930 11423 10323 6995 8220
is_linear=0
shrinkage=0.03


Tree=20
num_leaves=15
num_cat=0
split_feature=3 12 6 12 5 12 3 6 3 12 3 6 12 5
split_gain=54.1432 85.5717 109.811 62.4379 61.9444 51.755 65.143 55.5696 56.5603 47.2183 81.6496 55.705 58.3968 86.1251
threshold=-0.00012665413612311657 -0.00246922906629865 0.0015403763717821801 -0.005033582415695014 0.001618255522045309 -0.0056965462124324842 0.018464164681019749 0.0040513524150365731 0.015601650784720091 -0.065257724317744056 -0.018453700494432287 0.0015328079239265199 -0.018409546015860086 -0.0026568812799461212
decision_type=2 2 2 2 2 2 2 2 2 2 2 2 2 2
left_child=3 2 -2 9 -3 7 -7 8 -4 -1 -11 12 -12 -14
right_child=1 4 5 -5 -6 6 -8 -9 -10 10 11 -13 13 -15
leaf_value=0.018884720042908948 0.0099147295781087368 -0.01209893824149284 0.0050197763986339584 -0.010783940247701415 0.000290639170449318 -0.012430375333084063 0.019625409502420109 -0.0098428299822517253 0.035199430736289936 -0.019694007667966865 0.010208733445303658 0.0046444641364377327 -0.01254279053411167 -0.00052780166695030591
leaf_weight=104.49301107227802 1884.2857434749603 470.79808077216148 507.00882102549076 651.86137762665749 1566.2123916596174 469.88110002875328 63.087600871920586 203.08478444814682 60.976023212075233 205.57536268234253 276.64933657646179 1326.6688621640205 777.98319168388844 1723.7663299143314
leaf_count=421 7557 1926 2034 2658 6291 1889 256 826 246 846 1112 5328 3152 6950
internal_value=7.73097e-05 0.00221956 0.00528691 -0.00213188 -0.00258192 -0.00140507 -0.00857674 0.00356141 0.00837186 -0.00085017 -0.00133709 -0.000408665 -0.00282311 -0.00427121
internal_weight=10292.3 5225.33 3188.32 5067 2037.01 1304.04 532.969 771.07 567.985 4415.14 4310.64 4105.07 2778.4 2501.75
internal_count=41492 21025 12808 20467 8217 5251 2145 3106 2280 17809 17388 16542 11214 10102
is_linear=0
shrinkage=0.03


Tree=21
num_leaves=15
num_cat=0
split_feature=3 13 12 12 13 5 5 12 3 3 13 5 3 10
split_gain=58.0473 101.263 103.661 80.5768 98.1227 72.263 57.6332 60.4673 59.0782 53.3227 49.8499 47.3109 45.2279 57.4765
threshold=0.00012795958842476421 0.0029188142982701231 -0.0080404642929551278 -0.0025192553021300963 0.0086325512819961387 -0.001451321927535165 -0.00077305258541693334 -0.058443834880997296 -0.01683356349497683 0.0024516406677201137 0.07002465038906204 0.0014548171497826836 0.018464164681019749 1.6037567817618468
decision_type=2 2 2 2 2 2 2 2 2 2 2 2 2 8
left_child=1 5 6 4 -2 -1 7 -3 -9 -6 12 -5 -11 -14
right_child=3 2 -4 11 9 -7 -8 8 -10 10 -12 -13 13 -15
leaf_value=-0.00036671831809189791 0.011738384907785426 0.016216531437538612 -0.012559707357732881 -0.011642728643575049 -0.010243486956106548 0.012072071613308831 0.00784730534857629 -0.024589779938300992 -0.003944246230558405 0.0027243323756802741 -0.018865779725902192 1.914146707342258e-05 0.0033233401718949177 0.039708760855503136
leaf_weight=1774.3021005839109 1302.5411949306726 113.03936822712421 1200.7188641577959 383.96790035068989 316.55491890013218 548.79264862835407 471.95296587049961 141.71803526580334 954.85749484598637 1183.6819278150797 83.661865636706352 1658.0732050389051 86.926798611879349 69.579180330038071
leaf_count=7159 5222 456 4892 1577 1274 2197 1893 587 3852 4750 346 6662 349 284
internal_value=0.000146598 -0.00207998 -0.00583475 0.00242582 0.00551802 0.0025796 -0.00102359 -0.00449197 -0.00665232 0.000854483 0.00333273 -0.0021829 0.00474453 0.0197964
internal_weight=10290.4 5205.38 2882.29 5084.99 3042.95 2323.09 1681.57 1209.61 1096.58 1740.4 1423.85 2042.04 1340.19 156.506
internal_count=41500 21036 11680 20464 12225 9356 6788 4895 4439 7003 5729 8239 5383 633
is_linear=0
shrinkage=0.03


Tree=22
num_leaves=15
num_cat=0
split_feature=3 13 6 13 6 13 3 10 6 13 3 13 3 6
split_gain=59.7324 79.4234 99.9429 67.6328 41.5637 46.7032 39.8323 144.251 65.6114 149.149 71.2005 59.9738 70.5635 54.2972
threshold=-0.00012665413612311657 0.0029188142982701231 0.00089341729816070834 0.0050663833833199954 0.0015403763717821801 0.0098186667739097473 0.018464164681019749 1.3549699676126676 0.0016690292434136448 0.018471123976611662 0.002590464811259519 0.019605594676835095 0.0076038078104257592 0.00096205841875665339
decision_type=2 2 2 2 2 2 2 8 2 2 2 2 2 2
left_child=1 -1 -3 -2 5 -4 8 -8 9 10 13 12 -10 -5
right_child=3 2 4 6 -6 -7 7 -9 11 -11 -12 -13 -14 -15
leaf_value=0.0016805163925350344 0.010501469982008363 -0.021919458433093821 -0.0053011329739256026 -0.013813914117061165 0.00015656564300532851 -0.022023260558165749 -0.0087659456340213413 0.033949496854710139 -0.0058929461370292972 -0.015689926070972714 0.0077517479097312042 0.0054824133167135827 -0.027700089916518265 0.002490513376318902
leaf_weight=2300.7101422846317 745.77710969746113 308.11773972213268 1058.8227172493935 267.08540906012058 1196.3720656782389 173.70570613443851 147.9078816473484 133.97232380509377 609.33792513608932 368.4082093089819 1931.9215814322233 278.55288961529732 169.65723548829556 578.71411265432835
leaf_count=9267 3004 1268 4294 1083 4834 708 601 544 2453 1481 7761 1122 683 2330
internal_value=-9.63096e-05 -0.0024274 -0.00587917 0.00214858 -0.00382803 -0.00768972 0.000755748 0.011632 2.12459e-05 0.00219456 0.00457615 -0.00643614 -0.0107011 -0.00267852
internal_weight=10269.1 5037.73 2737.02 5231.33 2428.9 1232.53 4485.56 281.88 4203.68 3146.13 2777.72 1057.55 778.995 845.8
internal_count=41433 20371 11104 21062 9836 5002 18058 1145 16913 12655 11174 4258 3136 3413
is_linear=0
shrinkage=0.03


Tree=23
num_leaves=15
num_cat=0
split_feature=3 13 6 12 13 7 5 6 5 13 3 6 5 12
split_gain=47.7703 77.5618 101.088 69.312 95.0547 74.6133 59.9322 55.1693 47.4362 51.1095 80.6315 54.4582 52.7787 46.3164
threshold=-6.9964879287204282e-05 0.0025776683123686088 0.00089782501028189783 -0.0025647887985131841 0.0086325512819961387 1.2282027166670855 -0.0017636764958219307 0.00060386211075248513 -0.00024520114815812505 0.062403135866360045 0.015601650784720091 0.0015633425572074875 0.0024596715890521374 -0.0082483365927946122
decision_type=2 2 2 2 2 2 2 2 2 2 2 2 2 2
left_child=1 6 -3 4 5 -2 -1 -5 -6 10 11 12 13 -10
right_child=3 2 -4 7 8 -7 -8 -9 9 -11 -12 -13 -14 -15
leaf_value=-0.00063677985273550501 0.01367647528071997 -0.019364308184735349 -0.0029351305709254824 -0.023596393479938967 -0.013368151344282292 -0.0060569734091809671 0.010754300984466289 -0.0009927297982128692 0.026984437763416479 -0.017733754253253686 0.02278149019663412 -0.0058663170392989116 0.01885177899301322 -0.0025447055310077759
leaf_weight=1529.7551451176405 1183.8741356283426 385.34260059893131 2606.027419641614 100.17928330600262 200.81431239843369 200.61096356809139 568.69881962239742 1991.9302450865507 52.142423525452614 106.9389553964138 171.03340996801853 572.65924797952175 215.85587078332901 406.566550090909
leaf_count=6177 4748 1584 10552 410 811 804 2276 8036 209 441 694 2302 864 1631
internal_value=0.000103298 -0.00196265 -0.00506303 0.00212443 0.00496301 0.0108125 0.0024576 -0.00209659 0.000263869 0.00207388 0.00359028 0.000926302 0.00669306 0.000914506
internal_weight=10292.4 5089.82 2991.37 5202.61 3110.5 1384.49 2098.45 2092.11 1726.01 1525.2 1418.26 1247.22 674.565 458.709
internal_count=41539 20589 12136 20950 12504 5552 8453 8446 6952 6141 5700 5006 2704 1840
is_linear=0
shrinkage=0.03


Tree=24
num_leaves=15
num_cat=0
split_feature=13 12 3 12 7 3 10 3 13 2 13 3 12 12
split_gain=39.0742 84.8825 83.8429 94.0812 65.3084 59.1841 55.6191 67.346 52.726 49.7107 47.8108 80.4752 53.9137 48.8394
threshold=0.0028729746760514101 -0.012007518237278412 0.00024321672811578046 -0.0080404642929551278 1.2235885980622376 -0.0024507639580350622 1.2922776472462425 -0.018453700494432287 0.0066642780126536802 -0.0017146704940576572 0.07002465038906204 0.018464164681019749 -0.0071454354660301358 -0.038383489992405588
decision_type=2 2 2 2 2 2 8 2 2 2 2 2 2 2
left_child=1 -1 3 5 -5 6 -2 -8 -7 -3 11 12 13 -4
right_child=2 9 10 4 -6 8 7 -9 -10 -11 -12 -13 -14 -15
leaf_value=-0.0032261480876760343 0.009559460685375663 0.0016709250141156884 -0.020377948119357652 -0.014397228746369971 0.0050925992391968799 0.019259373530299006 -0.031804437316669029 -0.004352585426711587 -0.0033080359884792069 0.013189392557929409 -0.018903251412082798 0.019891975379407647 -0.00084956793586637709 0.0094621179320441128
leaf_weight=1093.190140992403 232.46452023088932 615.45721215009689 50.834045544266701 1066.7686563581228 179.8978385925293 217.37435092031956 85.442635208368301 1018.5435149520636 161.08139345049858 745.65434440970421 103.33543719351292 203.55318129062653 3707.3186590671539 780.81050266325474
leaf_count=4412 944 2481 205 4365 732 873 357 4108 648 2992 429 826 14926 3135
internal_value=-0.000304062 0.00299621 -0.00134202 -0.00531694 -0.0115811 -0.00075495 -0.003722 -0.00653088 0.00968715 0.00799115 0.00108847 0.00153186 0.000700089 0.00759364
internal_weight=10261.7 2454.3 7807.42 2961.57 1246.67 1714.91 1336.45 1103.99 378.456 1361.11 4845.85 4742.52 4538.96 831.645
internal_count=41433 9885 31548 12027 5097 6930 5409 4465 1521 5473 19521 19092 18266 3340
is_linear=0
shrinkage=0.03


Tree=25
num_leaves=15
num_cat=0
split_feature=12 5 5 13 13 12 6 5 12 12 13 13 11 5
split_gain=35.7184 86.8312 65.4116 64.8492 58.8345 42.5504 41.7253 57.121 68.3251 44.3824 41.443 39.8063 37.3121 35.874
threshold=-0.0029498973584741735 0.0014548171497826836 -0.0005485184076217674 0.0081163154084329409 0.003923365200665275 -0.011755877056656537 0.0014755897020468586 -0.0020205306432082844 -0.018409546015860086 -0.014684469537531717 0.0020874281658638254 0.0028729746760514101 56.390076788536085 0.00095955979166606486
decision_type=2 2 2 2 2 2 2 2 2 2 2 2 2 2
left_child=2 -2 4 5 6 12 7 8 -1 -10 -9 -7 -4 -5
right_child=1 -3 3 13 -6 11 -8 10 9 -11 -12 -13 -14 -15
leaf_value=0.011557115794393353 -0.012398131284232117 0.00019187471700941771 0.037713129769339632 -0.0059345152321758346 -0.0060492779455120996 0.01985307616723243 0.0073833213110096087 0.011396793009878847 -0.019121698873809434 -0.0046521465320620665 -0.0017981894078849267 0.0047445488986632379 0.009841021323154826 0.0030185197786206041
leaf_weight=177.45751237869263 674.1328788548708 1820.2528565376997 76.768571376800537 588.88181167840958 1628.141769528389 178.15056635439396 712.7870709747076 425.99168959259987 261.22980116307735 700.64449621737003 427.97865794599056 1240.2962406277657 100.19933424890041 1263.3777171522379
leaf_count=713 2772 7317 309 2381 6606 715 2871 1707 1061 2839 1724 4993 403 5096
internal_value=-9.53913e-05 -0.00321791 0.000906059 0.00398878 -0.00154681 0.008418 0.00116461 -0.00106432 -0.00545695 -0.00861337 0.0047952 0.00666739 0.0222183 0.000168785
internal_weight=10276.3 2494.39 7781.91 3447.67 4334.23 1595.41 2706.09 1993.3 1139.33 961.874 853.97 1418.45 176.968 1852.26
internal_count=41507 10089 31418 13897 17521 6420 10915 8044 4613 3900 3431 5708 712 7477
is_linear=0
shrinkage=0.03


Tree=26
num_leaves=15
num_cat=0
split_feature=13 12 6 4 11 13 12 13 12 13 6 13 10 6
split_gain=36.1204 78.2759 58.999 52.8242 30.4023 44.1469 38.1537 32.243 60.5429 45.9534 66.6189 93.3927 101.155 48.5268
threshold=0.0028729746760514101 -0.011509955169434536 0.0011312869185389131 -0.0015294546309688182 45.715170758264961 0.07002465038906204 -0.0086926243250892692 0.013284276117048079 -0.002293199647026289 0.016405110105930269 0.0019645768802103963 0.019605594676835095 1.6037567817618468 0.0016690292434136448
decision_type=2 2 2 2 2 2 2 2 2 2 2 2 8 2
left_child=1 2 -1 -3 6 7 -2 8 -6 13 -11 -12 -13 -9
right_child=4 3 -4 -5 5 -7 -8 9 -10 10 11 12 -14 -15
leaf_value=-0.010724521067056604 0.00024687866725561731 -0.0042888454814123574 0.0030345540680367321 0.011149909529012535 0.0010676187383013298 -0.019301956268522467 -0.0083835454661028048 0.014476422665509846 -0.0071440670742242062 -0.0056599868247892548 -0.021588224318264078 0.0024026344792167881 0.03403258733885392 -0.0046369997514087739
leaf_weight=469.08301545679569 853.12904687225819 245.47017255425453 691.65725229680538 1041.2141074091196 2976.6675968468189 103.03222647309303 1000.7531179189682 502.65627764165401 1106.9467448443174 712.0959018021822 73.104237541556358 227.96298171579838 149.82478101551533 155.59217451512814
leaf_count=1900 3460 991 2787 4183 12015 427 4066 2020 4488 2867 295 916 608 628
internal_value=-6.89288e-05 0.00311223 -0.0025347 0.00820246 -0.00105979 -2.30299e-05 -0.00441597 0.000319785 -0.00116073 0.00363707 4.83838e-05 0.00904882 0.0150597 0.00995816
internal_weight=10309.2 2447.42 1160.74 1286.68 7861.77 6007.88 1853.88 5904.85 4083.61 1821.24 1162.99 450.892 377.788 658.248
internal_count=41651 9861 4687 5174 31790 24264 7526 23837 16503 7334 4686 1819 1524 2648
is_linear=0
shrinkage=0.03


Tree=27
num_leaves=15
num_cat=0
split_feature=3 12 12 13 7 6 12 3 6 13 6 3 12 12
split_gain=43.3146 84.4464 61.4569 91.2361 67.1645 48.234 40.5584 75.6662 58.3324 56.5591 81.8354 67.7148 53.6126 60.7924
threshold=0.00012795958842476421 -0.0051447543389558361 -0.0025647887985131841 0.0086325512819961387 1.2282027166670855 0.00059137365443986218 -0.065257724317744056 -0.018453700494432287 0.003724502867213389 0.0080416558813724021 0.0015256035668799806 -0.0025892939433324043 -0.018409546015860086 -0.014090738190161932
decision_type=2 2 2 2 2 2 2 2 2 2 2 2 2 2
left_child=1 6 3 4 -2 -4 -1 8 -8 10 11 12 -9 -14
right_child=2 -3 5 -5 -6 -7 7 9 -10 -11 -12 -13 13 -15
leaf_value=0.018030338883580417 0.013580704499123289 -0.011041710788102243 -0.024083209552571067 0.00016803768849735107 -0.0056251070458054825 -0.001038715093981919 -0.032340073868344719 0.0088103697428260803 0.00077376453452445023 -0.0086510251347889783 0.0086311598411119034 0.0066961174792919253 -0.016104214919564989 -0.0028579115326948265
leaf_weight=103.97830790281296 1102.2992888391018 772.4241945296526 83.29063518345356 1699.8662433028221 191.29454804956913 1973.0792347490788 115.56963735818863 240.89750903844833 80.614679098129272 569.48636695742607 1031.5027186572552 681.68744206428528 419.94727452099323 1199.3869444429874
leaf_count=420 4425 3171 343 6857 767 7967 483 968 332 2306 4141 2746 1708 4853
internal_value=1.73031e-05 -0.00189987 0.00199734 0.00473912 0.0107363 -0.0019946 -0.000306316 -0.000753824 -0.0188627 0.000112395 0.00151305 -0.00137996 -0.00434348 -0.00630875
internal_weight=10265.3 5215.5 5049.83 2993.46 1293.59 2056.37 4443.07 4339.09 196.184 4142.91 3573.42 2541.92 1860.23 1619.33
internal_count=41487 21128 20359 12049 5192 8310 17957 17537 815 16722 14416 10275 7529 6561
is_linear=0
shrinkage=0.03


Tree=28
num_leaves=15
num_cat=0
split_feature=3 13 12 12 13 5 5 5 13 13 3 12 3 5
split_gain=38.695 76.9237 71.9969 59.5894 68.1669 49.7537 48.519 47.2787 46.7899 69.4629 60.5543 40.2064 48.3402 40.0435
threshold=0.00012795958842476421 0.0030172582331715607 -0.0086926243250892692 -0.0025647887985131841 0.0087838276914890007 -0.001451321927535165 0.001618255522045309 5.4989709993624743e-05 0.018471123976611662 0.012687304712272309 0.020957234065828948 -0.058443834880997296 -0.018453700494432287 0.00043948838560547992
decision_type=2 2 2 2 2 2 2 2 2 2 2 2 2 2
left_child=1 5 7 4 -2 -1 -5 11 9 -8 -10 -3 -13 -6
right_child=3 2 -4 6 13 -7 8 -9 10 -11 -12 12 -14 -15
leaf_value=-0.00035042882951231551 0.0096709996814509022 0.014260348342633143 -0.010437808382755079 -0.010462660422399739 -0.0086934757554583339 0.009680266024668413 -0.0030617841315277046 0.011611998521949102 -0.014816021942738063 0.011160946056342946 0.018691543887483474 -0.023092382499291866 -0.0026443222127821601 0.002879618881183839
leaf_weight=1811.4479038268328 1317.5187941342592 108.57578161358833 1280.0007755607367 472.89000287652016 335.29787807166576 587.94606038928032 705.59500998258591 232.65125204622746 289.6347881257534 547.01283276081085 56.451963543891907 113.56429535150528 1053.0115940123796 1328.458776473999
leaf_count=7316 5290 439 5247 1947 1354 2358 2835 933 1167 2196 227 479 4251 5359
internal_value=-3.77743e-06 -0.00182355 -0.00521116 0.00186436 0.00457886 0.0021135 -0.0020428 -0.00076621 0.000457732 0.00315716 -0.00927444 -0.00303926 -0.00467102 0.000539649
internal_weight=10240.1 5187.2 2787.8 5052.86 2981.28 2399.39 2071.58 1507.8 1598.69 1252.61 346.087 1275.15 1166.58 1663.76
internal_count=41398 21023 11349 20375 12003 9674 8372 6102 6425 5031 1394 5169 4730 6713
is_linear=0
shrinkage=0.03


Tree=29
num_leaves=15
num_cat=0
split_feature=3 12 13 5 13 5 3 12 7 13 3 7 12 13
split_gain=34.2362 79.2004 97.3665 66.2122 59.4339 56.2114 54.7237 52.7167 85.0846 48.0871 58.2286 40.8644 40.9715 40.3546
threshold=-0.00047683747382071257 -0.0028558933358846512 0.0078948837307145654 0.0017652258031161108 0.0025776683123686088 -0.0016179280927899329 0.0031138338453859942 -0.0086926243250892692 1.2235885980622376 0.056539713012860544 0.018464164681019749 1.2736183304819628 -0.010061025827080959 0.0035178751741502538
decision_type=2 2 2 2 2 2 2 2 2 2 2 2 2 2
left_child=4 2 11 -3 5 -1 -4 -6 -9 10 -8 12 -2 -14
right_child=1 3 6 -5 7 -7 9 8 -10 -11 -12 -13 13 -15
leaf_value=-0.00066791006106518109 0.025168589049774835 -0.010018866281619286 -0.0079686412339693181 0.00083837525062964869 -0.0012736371277690625 0.011229392070508349 0.0032367930822766186 -0.013152093855677345 0.0099088543748641813 -0.013586760030634895 0.025869077189196805 -0.0037822336913048071 0.020785274703080944 0.0067303212604916058
leaf_weight=1591.6265437752008 195.949612647295 733.90304094552994 527.06609886884689 1613.9380170255899 1621.6579353362322 458.84188321232796 1022.2609651684761 961.31035743653774 167.78835061192513 130.60340651869774 111.8106949031353 152.4917119294405 242.31767624616623 758.28806720674038
leaf_count=6431 792 3014 2127 6486 6566 1838 4104 3947 682 539 460 612 976 3044
internal_value=-1.24153e-05 0.00160578 0.0047203 -0.00256109 -0.00186219 0.00200275 0.000134863 -0.00474255 -0.00971369 0.00351933 0.00550977 0.0108012 0.012663 0.0101687
internal_weight=10289.9 5488.63 3140.79 2347.84 4801.23 2050.47 1791.74 2750.76 1129.1 1264.68 1134.07 1349.05 1196.56 1000.61
internal_count=41618 22154 12654 9500 19464 8269 7230 11195 4629 5103 4564 5424 4812 4020
is_linear=0
shrinkage=0.03


Tree=30
num_leaves=15
num_cat=0
split_feature=13 3 12 6 13 13 10 12 13 12 6 7 12 3
split_gain=33.584 79.3714 75.9802 61.197 119.131 104.632 128.965 85.0368 79.5436 81.7841 61.9186 58.9735 58.6135 55.0384
threshold=0.0028729746760514101 0.0004183961798884806 -0.0080404642929551278 0.0016690292434136448 0.018183319074368213 0.019605594676835095 1.3363114586443234 -0.010366913217342065 0.012167293896374056 -0.0020754008708889211 0.001905436848521722 0.8606677556054686 -0.010575443207245737 -0.0024507639580350622
decision_type=2 2 2 2 2 2 8 2 2 2 2 2 2 2
left_child=12 2 13 4 7 -5 -7 -3 9 -9 -8 -11 -1 -2
right_child=1 3 -4 5 -6 6 10 8 -10 11 -12 -13 -14 -15
leaf_value=-0.0011658005802619392 -0.0035040788854328025 0.026803729458323572 -0.010077907466301061 -0.011136783910655878 -0.011675360234354773 -0.0094440004894252132 -0.00042945129666248751 0.0057579169413995279 0.011988361624996814 -0.019988157560028141 0.029433932526880528 -0.0013522208229746235 0.008144983914389281 0.0090933613866004924
leaf_weight=1314.1875271350145 1312.4780040085316 159.78619900345802 1320.4370894879103 764.00889752805233 403.45101721584797 253.03165313601494 91.805837735533714 1285.224498257041 876.52864770591259 212.9081589281559 193.28021641075611 530.16539990901947 1130.536111831665 407.342549264431
leaf_count=5311 5325 647 5429 3080 1626 1033 370 5170 3518 869 786 2147 4549 1638
internal_value=7.58925e-05 -0.000884695 -0.00467125 0.00152959 0.00361126 -0.00401174 0.00610804 0.00563002 0.00444768 0.00118037 0.0198811 -0.00673118 0.00314301 -0.000513256
internal_weight=10255.2 7810.45 3040.26 4770.19 3468.06 1302.13 538.118 3064.61 2904.83 2028.3 285.086 743.074 2444.72 1719.82
internal_count=41498 31638 12392 19246 13977 5269 2189 12351 11704 8186 1156 3016 9860 6963
is_linear=0
shrinkage=0.03


Tree=31
num_leaves=15
num_cat=0
split_feature=3 12 13 6 6 13 13 10 6 12 12 5 12 6
split_gain=30.0864 54.5926 59.4521 53.9441 53.8134 113.966 65.1763 103.145 93.3003 61.2861 55.3257 60.8304 69.8899 72.6911
threshold=-0.00012665413612311657 -0.065257724317744056 0.003923365200665275 0.00080593323977243313 0.0015792732383533836 0.018808869317501479 0.020082218424445023 1.3464750638412932 0.0019645768802103963 -0.0059532387081153151 -0.01026263392574772 0.0024596715890521374 -0.002127512447394508 0.00081807977643977607
decision_type=2 2 2 2 2 2 2 8 2 2 2 2 2 2
left_child=1 -1 -3 -4 5 10 9 -8 -9 -6 -2 12 13 -12
right_child=4 2 3 -5 6 -7 7 8 -10 -11 11 -13 -14 -15
leaf_value=0.019678402873336553 0.021095350702526508 0.00065117372912568388 -0.026191696492095198 -0.0048638106281575725 0.0016215229795221988 -0.014422682113457505 -0.0089118756841288626 -0.0010270638192932384 0.031603899776037996 -0.013604833900004772 0.017728206339796462 0.01066656965699218 -0.007051606666404522 0.0016584625848711542
leaf_weight=103.19296653568745 182.73989316821098 2841.1265149563551 111.06564284861088 1955.3034911900759 387.93530523777008 289.72804443538189 262.48152549564838 146.88732376694679 167.97992064058781 611.59627209603786 312.99257543683052 922.01907303929329 618.05605015158653 1297.051209628582
leaf_count=418 742 11485 468 7967 1560 1169 1072 593 685 2470 1267 3696 2526 5216
internal_value=-4.90965e-05 -0.00170765 -0.00216518 -0.00603438 0.00154928 0.00356235 -0.00307401 0.00494018 0.016471 -0.00770379 0.00513352 0.00419477 0.00150948 0.00480054
internal_weight=10210.2 5010.69 4907.5 2066.37 5199.47 3622.59 1576.88 577.349 314.867 999.532 3332.86 3150.12 2228.1 1610.04
internal_count=41334 20338 19920 8435 20996 14616 6380 2350 1278 4030 13447 12705 9009 6483
is_linear=0
shrinkage=0.03


Tree=32
num_leaves=15
num_cat=0
split_feature=3 13 12 12 12 13 5 2 13 3 13 5 12 3
split_gain=34.6713 75.2513 78.3025 55.0539 52.5968 67.8537 46.1673 44.3465 44.1658 67.9972 44.9227 43.6838 58.9704 33.8136
threshold=0.00024321672811578046 0.0034156989572244893 -0.0078899487687122388 -0.012007518237278412 -0.0023822058628328309 0.0081163154084329409 -8.4187206915720112e-05 -0.0021315514624650196 0.062403135866360045 0.018464164681019749 0.042645524040776379 -0.00095791218718810345 -0.065257724317744056 -0.0022630125291261609
decision_type=2 2 2 2 2 2 2 2 2 2 2 2 2 2
left_child=1 3 11 7 5 -2 -7 -1 9 -8 -11 12 -3 -9
right_child=4 2 -4 -5 -6 6 8 13 -10 10 -12 -13 -14 -15
leaf_value=0.0014087368353321974 0.0096744273985450505 0.01972269471454019 -0.01159492028742533 0.0055833827999717187 -0.002291726672412574 -0.011441304805129409 0.0017350497468458187 -0.013285255089344672 -0.015853209642543286 0.039023762864786586 0.0032897526074691544 0.0061034610025621312 -0.0068451648633560168 0.012311897024903252
leaf_weight=755.21068760752678 1181.2697683423758 79.923264488577843 1097.1355043202639 1458.2059356868267 1915.3660508841276 250.05927512049675 1402.0034621059895 407.16861265897751 109.89826841652393 75.140467703342438 54.380703300237656 506.17749321460724 922.21401615440845 50.812645450234413
leaf_count=3057 4756 325 4528 5878 7751 1012 5636 1647 458 316 220 2034 3752 204
internal_value=-0.000184293 -0.0018791 -0.00550476 0.00165853 0.00160865 0.00403982 0.000514381 -0.0030604 0.00234745 0.00367246 0.0242987 -0.00106535 -0.00469124 -0.0104041
internal_weight=10265 5276.85 2605.45 2671.4 4988.12 3072.75 1891.48 1213.19 1641.42 1531.52 129.521 1508.31 1002.14 457.981
internal_count=41574 21425 10639 10786 20149 12398 7642 4908 6630 6172 536 6111 4077 1851
is_linear=0
shrinkage=0.03


Tree=33
num_leaves=15
num_cat=0
split_feature=12 5 5 7 6 7 12 6 6 12 5 7 6 12
split_gain=29.2241 64.0843 53.3665 43.5004 29.9281 28.4518 47.1806 40.3457 37.8817 49.2283 39.8344 32.7385 32.3211 73.678
threshold=-0.0028558933358846512 0.0012240143937718442 2.9487771910918784e-05 1.3360879770288412 0.0020431536617839595 0.69905431346007463 -0.01731834753256389 0.0016129368961527387 0.00062921953508671168 -0.0058868240465099744 -0.0016537177400258727 0.9870709402774881 0.0015328079239265199 -0.018823801957871863
decision_type=2 2 2 2 2 2 2 2 2 2 2 2 2 2
left_child=2 -2 5 4 -3 6 7 -1 11 10 12 -7 -10 -14
right_child=1 3 -4 -5 -6 8 -8 -9 9 -11 -12 -13 13 -15
leaf_value=0.021322294710088271 -0.01241539173048232 -0.0012764226787957056 0.0042655804430704542 0.0096698445144791419 -0.017221285915607849 0.0038879192240225172 -0.010494036940976221 -0.011876280768576617 -0.0043185888155777702 -0.0081569639269337291 0.0055652998096659924 0.032769398677285559 -0.0052247228426263448 0.010291207794837427
leaf_weight=86.582872286438942 501.58837530016899 1489.3515048027039 2725.9037333130836 320.0426300317049 112.09979562461376 95.880910113453865 552.83744335174561 50.827158823609352 1395.4802612364292 649.90022070705891 1096.0747703611851 54.522505506873131 547.67120346426964 550.30555449426174
leaf_count=349 2086 6007 11020 1287 454 390 2245 207 5660 2649 4422 220 2243 2209
internal_value=-1.25556e-05 -0.00288926 0.000880922 -0.000392223 -0.00241263 -0.000936204 -0.00658881 0.00904813 -4.4806e-05 -0.000572812 0.000804109 0.0146503 -0.0012916 0.00255643
internal_weight=10229.1 2423.08 7805.99 1921.49 1601.45 5080.08 690.247 137.41 4389.84 4239.43 3589.53 150.403 2493.46 1097.98
internal_count=41448 9834 31614 7748 6461 20594 2801 556 17793 17183 14534 610 10112 4452
is_linear=0
shrinkage=0.03


Tree=34
num_leaves=15
num_cat=0
split_feature=12 3 3 10 6 13 13 12 3 6 12 12 3 2
split_gain=28.5673 78.0445 58.9688 58.8071 51.3455 71.5647 71.12 48.6208 80.775 62.2895 86.217 82.0552 64.1711 52.5902
threshold=-0.0051447543389558361 -0.0025892939433324043 0.00035441896863037953 0.99975982036724476 0.0015256035668799806 0.018808869317501479 0.020082218424445023 -0.058443834880997296 -0.02091232504500384 0.0016874657842214115 -0.018409546015860086 -0.021616861201805723 -0.0085783292526807591 -0.0018578614684768497
decision_type=2 2 2 8 2 2 2 2 2 2 2 2 2 2
left_child=1 7 -2 -3 5 -4 -6 -1 -9 11 -11 13 -12 -10
right_child=2 3 4 -5 6 -7 -8 8 9 10 12 -13 -14 -15
leaf_value=0.016685924186330713 -0.0087713149957892849 -0.010332829994397925 0.0038705743054224151 0.0065047409640131186 -0.012001480168294094 -0.013441909405074731 0.0068700672049690544 -0.023925285047352456 0.029778941584633262 -0.0075517692713840774 0.031820778667554631 -0.0053043032169141349 0.0071832305898794522 -0.0056513355447764509
leaf_weight=124.52359609305859 846.83753928542137 199.74811868369579 2273.1397722810507 2534.2637943774462 591.53182280063629 235.34830619394779 256.24946621060371 145.96754865348339 101.06976681947708 274.83737674355507 124.13575810194016 2128.9943299144506 394.86968812346458 58.575877755880356
leaf_count=505 3502 819 9179 10230 2391 951 1040 618 406 1113 498 8634 1585 236
internal_value=0.000194593 0.0015079 -0.00170716 0.00526793 7.93903e-05 0.00223689 -0.00629464 -0.00155934 -0.00227296 -0.00123279 0.00599859 -0.00374414 0.0131756 0.0168701
internal_weight=10290.1 6086.99 4203.11 2734.01 3356.27 2508.49 847.781 3352.97 3228.45 3082.48 793.843 2288.64 519.005 159.646
internal_count=41707 24644 17063 11049 13561 10130 3431 13595 13090 12472 3196 9276 2083 642
is_linear=0
shrinkage=0.03


Tree=35
num_leaves=15
num_cat=0
split_feature=3 10 13 5 12 3 12 12 12 13 3 10 2 11
split_gain=34.6018 111.676 36.7029 81.5258 50.692 113.766 37.21 35.0314 34.2483 32.7881 32.2336 109.695 29.7191 28.4437
threshold=0.018464164681019749 1.3549699676126676 0.0080416558813724021 0.00043948838560547992 -0.0028077187419481837 -0.00093149103840094161 -0.004065784023178586 -0.010160166536270497 -0.014684469537531717 0.0035178751741502538 -0.018453700494432287 1.4497103332525716 -0.0057560719090329884 48.384826298267434
decision_type=2 8 2 2 2 2 2 2 2 2 2 8 2 2
left_child=2 8 4 6 5 10 -4 -7 -2 -9 11 -1 -12 -5
right_child=1 -3 3 13 -6 7 -8 9 -10 -11 12 -13 -14 -15
leaf_value=0.023068493768346209 0.0093310755514339067 0.030363671542186225 -0.0074962083402706561 0.0093208244791834101 -0.0069813411251997614 0.019149635681365032 -0.023768703948827678 0.014862513793427304 -0.019852741156616095 0.0040828743262880472 0.0077655652612745535 -0.029951384813467995 -0.0011160758412685839 -0.00097944864799416392
leaf_weight=48.933776646852493 60.680875077843666 130.01283326745033 879.44944734871387 262.86758925020695 617.54393975436687 248.76214204728603 146.65895259380341 342.04072438180447 84.404439508914948 979.81433300673962 377.45134203135967 112.51509933173656 3184.3479312956333 2708.0448867678642
leaf_count=200 249 542 3588 1061 2539 1010 610 1381 346 3946 1522 478 12894 10926
internal_value=-7.01384e-05 0.0103859 -0.000362477 -0.00258226 0.0011388 0.00208832 -0.00986371 0.00885399 -0.00768591 0.00689043 -0.000768935 -0.0137959 -0.00017104 -6.24188e-05
internal_weight=10183.5 275.098 9908.43 3997.02 5911.41 5293.87 1026.11 1570.62 145.085 1321.86 3723.25 161.449 3561.8 2970.91
internal_count=41292 1137 40155 16185 23970 21431 4198 6337 595 5327 15094 678 14416 11987
is_linear=0
shrinkage=0.03


Tree=36
num_leaves=15
num_cat=0
split_feature=13 3 6 3 6 13 13 6 12 13 12 3 4 10
split_gain=30.0962 62.3078 66.3456 52.533 48.7709 106.437 91.7711 105.257 80.9598 55.5278 77.8386 51.9203 49.4018 46.4642
threshold=0.0028729746760514101 0.00024321672811578046 0.00089782501028189783 -0.0010501558797971764 0.0016585890937022101 0.018471123976611662 0.019605594676835095 0.0042645476571286966 -0.010366913217342065 0.012968910177258654 -0.0024246854316664619 0.0076038078104257592 0.0010849246321164021 0.99975982036724476
decision_type=2 2 2 2 2 2 2 2 2 2 2 2 2 10
left_child=3 2 -2 -1 5 8 11 -8 -3 10 -10 -6 -12 -9
right_child=1 4 -4 -5 6 -7 7 13 9 -11 12 -13 -14 -15
leaf_value=0.00093437034491570669 -0.016466653939583967 0.025083417935373248 -0.0028744230918098103 0.013800838922593095 -0.0062778220217800064 -0.012394369223629608 0.015908664186485785 -0.024072641626060584 0.0060771806856390245 0.010510920561681739 -0.010558397918941642 -0.024693624217872828 0.0032997268968400252 0.0038345707643288123
leaf_weight=2113.2291851639748 367.95298413932323 162.83965131640434 2569.8797779381275 328.29458835721016 615.87451693415642 368.26952168345451 336.53716525435448 112.01265124976635 1235.3383900076151 751.25869719684124 601.66920205950737 176.38868579268456 374.28897875547409 100.58849905431271
leaf_count=8530 1546 665 10478 1327 2488 1489 1371 467 4965 3014 2467 714 1503 409
internal_value=-0.000229922 -0.00114262 -0.00458685 0.00267431 0.000951161 0.00281787 -0.00390762 0.00550583 0.00461713 0.00347602 0.00107866 -0.0104298 -0.0052478 -0.0109562
internal_weight=10214.4 7772.9 2937.83 2441.52 4835.07 3493.66 1341.4 549.138 3125.39 2962.56 2211.3 792.263 975.958 212.601
internal_count=41433 31576 12024 9857 19552 14103 5449 2247 12614 11949 8935 3202 3970 876
is_linear=0
shrinkage=0.03


Tree=37
num_leaves=15
num_cat=0
split_feature=5 13 12 3 6 13 13 13 6 13 12 7 3 6
split_gain=25.286 75.2361 64.9387 94.6852 50.7652 86.5591 84.4538 56.7864 98.0863 50.0828 77.1882 45.7955 45.3613 43.6639
threshold=-0.0019815989414035946 0.0027281133975028964 -0.0086286349729262062 0.00053420001242304044 0.0015256035668799806 0.018471123976611662 0.020082218424445023 0.056539713012860544 0.0019645768802103963 0.012968910177258654 -0.0024246854316664619 0.8765072581012564 0.011037507528460834 0.00064101596035448397
decision_type=2 2 2 2 2 2 2 2 2 2 2 2 2 2
left_child=-1 -2 -3 -4 5 9 -6 8 12 10 -5 -12 -8 -13
right_child=1 2 3 4 6 -7 7 -9 -10 -11 11 13 -14 -15
leaf_value=-0.0026061233538317028 0.0091224422209963841 0.0055851180854837911 -0.0083905986948646285 0.0081573086727525328 -0.0097116750172690832 -0.013030721441501861 -0.023280760320160503 -0.020798568505950153 0.028609001020614873 0.011693473462636998 -0.013588829667558908 -0.025597269838753042 0.0086863063261055449 0.0029825426890376125
leaf_weight=2532.2164112180471 874.51344978809357 1382.2667959779501 1405.6384115219116 937.59503792226315 844.34051099419594 275.69636039435863 65.366103559732437 53.326489567756653 160.22267679870129 661.78850883245468 301.97721661627293 50.486199826002121 96.389143824577332 575.31409056484699
leaf_count=10294 3516 5592 5802 3769 3413 1116 263 219 660 2654 1237 208 392 2330
internal_value=-7.36791e-06 0.000849389 -0.000215307 -0.00169389 0.000649243 0.00287203 -0.00445527 0.0073591 0.0121222 0.00461585 0.00209505 -0.00403573 -0.00435831 0.000602677
internal_weight=10217.1 7684.92 6810.41 5428.14 4022.5 2802.86 1219.64 375.304 321.978 2527.16 1865.37 927.778 161.755 625.8
internal_count=41465 31171 27655 22063 16261 11314 4947 1534 1315 10198 7544 3775 655 2538
is_linear=0
shrinkage=0.03


Tree=38
num_leaves=15
num_cat=0
split_feature=13 5 5 12 13 7 12 6 6 6 13 5 13 6
split_gain=25.388 56.9087 47.1057 51.301 47.1124 40.6573 41.9866 39.4835 37.2289 32.96 56.5073 67.5243 44.7917 43.9862
threshold=0.0030172582331715607 -0.001795287711723603 -0.00016609306261389231 -0.0051447543389558361 0.062403135866360045 0.93680587842601037 -0.016304168612165489 0.0011360788025551918 0.00060386211075248513 0.0015256035668799806 0.018808869317501479 0.0020260819162601922 0.018808869317501479 0.0010735388326184637
decision_type=2 2 2 2 2 2 2 2 2 2 2 2 2 2
left_child=1 7 5 4 -4 6 -2 -1 -5 10 11 -10 -11 -12
right_child=2 -3 3 8 -6 -7 -8 -9 9 12 13 -13 -14 -15
leaf_value=-0.0060560784499978223 0.0013589434569561763 0.0084797598321303177 0.0063139839652361822 -0.016140963235983491 -0.014574269499226144 -0.00075839021167944682 -0.011884056852925661 0.0033381536852812648 -0.0022521387989534922 -0.010609264456040542 -0.034043677553341915 0.0080942454850947976 0.0038645726893293403 -0.0050874392592792526
leaf_weight=723.29950705170631 288.59516075253487 922.24001878499985 1567.3093441575766 144.86576376855373 101.72571913897991 1313.4697543531656 843.90042635798454 903.25474171340466 1237.3286710381508 573.40854665637016 61.88956107199192 1045.9770286530256 287.83547084033489 184.51788946986198
leaf_count=2939 1177 3714 6332 608 427 5361 3457 3644 5062 2327 252 4195 1173 748
internal_value=-5.68021e-05 0.00253519 -0.000920734 0.000693172 0.00502495 -0.00435278 -0.00851288 -0.0008416 -0.00135327 -0.000712376 0.00101414 0.00249045 -0.00577423 -0.0125758
internal_weight=10199.6 2548.79 7650.82 5204.86 1669.04 2445.97 1132.5 1626.55 3535.82 3390.96 2529.71 2283.31 861.244 246.407
internal_count=41416 10297 31119 21124 6759 9995 4634 6583 14365 13757 10257 9257 3500 1000
is_linear=0
shrinkage=0.03


Tree=39
num_leaves=15
num_cat=0
split_feature=13 3 13 13 3 6 13 13 6 6 3 7 6 3
split_gain=25.4062 69.4711 35.7573 29.2293 58.1615 78.4483 94.7194 88.7024 67.4914 56.4011 41.4891 85.6121 60.9734 57.0675
threshold=0.07002465038906204 0.018464164681019749 0.042645524040776379 0.0086325512819961387 0.0024516406677201137 0.0017118303114907064 0.018808869317501479 0.018471123976611662 0.0011177774017531613 0.0020572594946731177 -0.00041728370700950564 1.1805773815024339 0.0015256035668799806 -0.01683356349497683
decision_type=2 2 2 2 2 2 2 2 2 2 2 2 2 2
left_child=1 3 -3 10 9 7 -7 -6 -9 -5 12 -12 -1 -14
right_child=-2 2 -4 4 5 6 -8 8 -10 -11 11 -13 13 -15
leaf_value=-0.0030534064658322767 -0.014000155774993629 0.029440626153088737 0.0039492699303692999 -0.01160572697934226 0.0069934559975424661 -0.017304361753212597 0.0064879185963905321 -0.035786594359276773 -0.003141598768913905 0.0025439179094578742 0.0075642581875704261 -0.0071825078970099111 -0.010120195751531384 0.0076710549570258441
leaf_weight=2876.3549149632454 112.50195260345936 105.84345832467079 92.894265159964561 883.26555889844894 1428.5814082026482 405.71160425245762 237.44309221208096 69.822878569364548 278.43988871574402 354.40783755481243 1694.8566481024027 446.11205078661442 190.29770450294018 1043.153681948781
leaf_count=11703 474 448 377 3625 5739 1647 956 285 1126 1445 6887 1804 798 4195
internal_value=5.18844e-05 0.000211035 0.0176835 -0.000142915 -0.00227228 0.00043422 -0.00852772 0.00368407 -0.00985353 -0.00755641 0.00110342 0.00448765 -0.000660889 0.00491427
internal_weight=10219.7 10107.2 198.738 9908.45 3657.67 2420 643.155 1776.84 348.263 1237.67 6250.78 2140.97 4109.81 1233.45
internal_count=41509 41035 825 40210 14823 9753 2603 7150 1411 5070 25387 8691 16696 4993
is_linear=0
shrinkage=0.03


Tree=40
num_leaves=15
num_cat=0
split_feature=13 5 5 6 2 6 2 2 6 7 13 13 7 6
split_gain=18.9175 63.1332 43.4606 39.9422 54.263 38.2742 38.2518 38.2302 37.1208 35.9612 32.674 34.9254 69.1227 53.7228
threshold=0.0069377485970765216 0.00043948838560547992 -0.0022216051984100811 0.0010805764219176865 1.0000000180025095e-35 0.0015328079239265199 -0.0022975937792659063 3.8192629687738851e-05 0.0022428342829337159 1.0231954290821259 0.062403135866360045 0.030892023276395179 0.81305268914884454 0.0017118303114907064
decision_type=2 2 2 2 2 2 2 2 2 2 2 2 2 2
left_child=2 8 5 4 -4 -1 -7 -5 9 -2 11 13 -13 -3
right_child=1 10 3 7 -6 6 -8 -9 -10 -11 -12 12 -14 -15
leaf_value=-0.0054495532795269053 -0.013251240283731435 0.0027125953580667784 0.0056224992708140816 0.0024889721449361242 -0.0044026628449073653 0.007290002531101937 -0.008864604717767963 0.01222869602218114 0.0016500373381361786 -0.00058226656835712667 -0.013710224149685939 -0.0097007940714556162 0.02116895549525042 -0.0065579296722694863
leaf_weight=1198.2551154047251 708.92789688706398 2429.5162165611982 978.65302537381649 746.53468398749828 961.2101708650589 535.96806710958481 172.92370562255383 705.83559563755989 354.00409646332264 281.75484436750412 130.06159880757332 94.665826827287674 201.63177698850632 729.95643605291843
leaf_count=4872 2913 9813 3985 3016 3923 2173 701 2852 1449 1151 545 382 823 2971
internal_value=0.000193687 -0.00114354 0.0014378 0.00347413 0.000655572 -0.00218406 0.00333547 0.00723268 -0.00668194 -0.00965656 0.000935926 0.00149476 0.0113073 0.000567963
internal_weight=10229.9 4930.52 5299.38 3392.23 1939.86 1907.15 708.892 1452.37 1344.69 990.683 3585.83 3455.77 296.298 3159.47
internal_count=41569 20047 21522 13776 7908 7746 2874 5868 5513 4064 14534 13989 1205 12784
is_linear=0
shrinkage=0.03


Tree=41
num_leaves=15
num_cat=0
split_feature=3 13 6 13 5 3 10 13 7 5 13 13 3 6
split_gain=26.007 53.1861 51.6258 83.3697 47.7436 34.3331 106.942 52.1077 41.4047 31.7964 29.2563 28.2972 63.3611 36.5875
threshold=-0.00041728370700950564 0.0050663833833199954 0.0015403763717821801 0.002630845397952664 -0.001451321927535165 -0.015582502083718473 1.4041309142405467 0.0056788192837908822 1.033334130647239 -0.00052077557618213078 0.0016529130623672563 0.062403135866360045 0.018464164681019749 0.003724502867213389
decision_type=2 2 2 2 2 2 8 2 2 2 2 2 2 2
left_child=2 -2 3 4 -1 6 -4 -7 -9 -5 -6 12 -3 -14
right_child=1 11 5 9 10 7 -8 8 -10 -11 -12 -13 13 -15
leaf_value=-0.0018525498709139215 0.0083576999762574617 -0.00017417350734517112 0.011075618511165525 -0.012561585621513893 0.02113758726291913 0.010234295044395526 -0.022503233792432999 -0.0095678157748377828 0.0071986485218937715 -0.0038337600272363784 0.0037328719862739041 -0.013658512997864778 0.028118315676136204 0.00014337703171339711
leaf_weight=1268.897404268384 844.89322072267532 4218.208877697587 169.54828913509846 875.20109930634499 139.17630203068256 734.34905879199505 168.12920366227627 294.54339963197708 237.81550593674183 661.32823714613914 229.04353713989258 127.44500832259655 113.43611605465412 66.241988196969032
leaf_count=5140 3443 17059 697 3607 559 2948 707 1194 960 2727 919 537 482 268
internal_value=2.53586e-05 0.00145762 -0.00158435 -0.00380077 0.000910357 0.00279923 -0.00567731 0.00506428 -0.00207899 -0.00881496 0.01039 0.00016623 0.000572879 0.0179199
internal_weight=10148.3 5370.23 4778.03 3173.65 1637.12 1604.39 337.677 1266.71 532.359 1536.53 368.22 4525.33 4397.89 179.678
internal_count=41247 21789 19458 12952 6618 6506 1404 5102 2154 6334 1478 18346 17809 750
is_linear=0
shrinkage=0.03


Tree=42
num_leaves=15
num_cat=0
split_feature=12 3 6 12 10 12 7 5 6 12 3 6 12 12
split_gain=29.8229 44.7194 63.9451 43.2879 44.6482 44.4164 42.2237 38.9261 46.0162 52.59 35.8555 33.6852 45.7891 43.2437
threshold=-0.002293199647026289 -0.00041728370700950564 0.0015256035668799806 -0.0049276649770676464 1.0141104539478361 -0.015697915976525586 1.3360879770288412 0.0026624815491146374 0.00077970222840648888 -0.010469283459458021 0.018464164681019749 0.0014004738625858651 -0.018409546015860086 -0.014090738190161932
decision_type=2 2 2 2 8 2 2 2 2 2 2 2 2 2
left_child=1 11 7 4 -4 -6 -2 8 -3 -10 -5 12 -1 -14
right_child=6 2 3 10 5 -7 -8 -9 9 -11 -12 -13 13 -15
leaf_value=0.010872093896622831 -0.0052786298867108349 0.016496423679479264 -0.010903653798350047 -0.011839835705470236 0.028947832002084298 0.0031469525739159726 0.0070781247479910813 0.017696603005569328 0.019047801406335066 0.0012718596942663406 0.013993486389286654 0.0018484729736959874 -0.013208243182922134 -0.0026280292881932002
leaf_weight=190.2729170769453 1636.7939723879099 270.37147638201714 186.3472548276186 426.81119428575039 64.02167646586895 673.04559586942196 291.65557295084 249.21337097883224 165.44651673734188 1424.1173517405987 52.804178133606911 1974.29735006392 411.17440822720528 2204.4522093832493
leaf_count=765 6668 1103 771 1731 260 2731 1178 1002 679 5742 227 8015 1682 9010
internal_value=-4.60402e-05 0.000735606 0.00330484 -0.00165712 0.00214158 0.00546029 -0.00340442 0.00660403 0.00510032 0.00314364 -0.00894937 -0.00115269 -0.00326419 -0.00430005
internal_weight=10220.8 8292.38 3512.18 1403.03 923.415 737.067 1928.45 2109.15 1859.94 1589.56 479.615 4780.2 2805.9 2615.63
internal_count=41564 33718 14246 5720 3762 2991 7846 8526 7524 6421 1958 19472 11457 10692
is_linear=0
shrinkage=0.03


Tree=43
num_leaves=15
num_cat=0
split_feature=13 5 12 3 12 6 12 3 13 6 13 5 5 7
split_gain=27.6754 58.6225 53.3876 53.2678 50.1009 48.0739 51.2125 64.0483 62.5459 44.4714 40.3012 41.1458 38.5426 36.6175
threshold=0.0049621100733021626 0.00043948838560547992 -0.0033455982363210231 -0.0025892939433324043 -0.006806432848684151 0.0010511432588240709 -0.012781995948304701 -0.0067818567116372094 0.0019517941796953766 0.00076511998608285695 0.0080416558813724021 -0.0025006435564348668 -0.0026568812799461212 0.99571486173078638
decision_type=2 2 2 2 2 2 2 2 2 2 2 2 2 2
left_child=3 2 9 5 -5 6 7 -1 12 -2 11 -11 -8 -10
right_child=1 -3 -4 4 -6 -7 8 -9 13 10 -12 -13 -14 -15
leaf_value=-0.0016014988547108742 -0.032004027819709693 0.00080650199327321199 -0.023456983488082825 0.012061280512388913 0.0014125176384888584 0.0021970287798570975 -0.0070863078550432342 -0.029893678425454276 -0.022182890964417449 -0.0092647306650440343 -0.0076559241085678836 0.0050076832009512042 0.014505969755097424 0.0037051125809668475
leaf_weight=133.7955010086298 48.052207246422768 4152.1209500730038 135.4325937628746 718.09049664437771 889.36018286645412 1589.2607189118862 112.1988120675087 154.55948553979397 145.82752834260464 247.22541736066341 951.86247484385967 670.04585522413254 213.26449190080166 72.919222384691238
leaf_count=549 203 16853 569 2905 3638 6440 457 631 597 1015 3903 2718 859 296
internal_value=1.29727e-05 -0.00124407 -0.0053888 0.00194837 0.00617868 -0.000862213 -0.00669319 -0.0168677 -0.00126011 -0.00408933 -0.00333825 0.00114916 0.00706452 -0.0135977
internal_weight=10234 6204.74 2052.62 4029.28 1607.45 2421.83 832.565 288.355 544.21 1917.19 1869.13 917.271 325.463 218.747
internal_count=41633 25261 8408 16372 6543 9829 3389 1180 2209 7839 7636 3733 1316 893
is_linear=0
shrinkage=0.03


Tree=44
num_leaves=15
num_cat=0
split_feature=13 5 5 12 7 12 7 6 13 7 5 6 12 5
split_gain=26.2494 58.1372 43.432 43.6882 39.7296 38.0642 38.8062 37.618 32.0882 59.3854 30.2789 29.6939 28.9864 39.4001
threshold=0.0028729746760514101 -0.0016179280927899329 2.9487771910918784e-05 -0.0064216578673572102 1.2736183304819628 -0.0078216998657764641 0.69207165245215541 0.001127583609637488 0.0074826615852789944 0.69207165245215541 -0.0021762345438795512 0.0010735388326184637 -0.012781995948304701 -0.0040039636948955839
decision_type=2 2 2 2 2 2 2 2 2 2 2 2 2 2
left_child=1 7 3 8 -5 6 11 12 10 -10 -2 -4 13 -1
right_child=2 -3 5 4 -6 -7 -8 -9 9 -11 -12 -13 -14 -15
leaf_value=0.0042517623491251976 -0.0037272478362462671 0.0097265235325629043 0.00059713944316714784 -0.012523805644526471 0.0089431267088867939 -0.00034597420419789793 0.0034997008405930194 0.0037202233908906748 -0.02434087265604222 -0.0024113192046422436 0.005396522125594016 0.028461983735758818 -0.00021505632629910203 -0.018651003059973272
leaf_weight=94.339832335710526 602.21066500246525 741.02901536226273 49.86845663189888 662.38152714073658 86.410570085048676 4148.4124362915754 680.2383609265089 924.48084002733231 136.26690147817135 569.30702528357506 712.6419086009264 109.7278013676405 437.15402476489544 230.91076295077801
leaf_count=386 2464 2990 202 2753 352 16865 2768 3730 559 2328 2886 445 1771 946
internal_value=1.3654e-05 0.00273465 -0.000838442 -0.00384976 -0.0100293 0.00083416 0.00665047 -0.000344684 -0.0015519 -0.00670339 0.00121846 0.0198703 -0.00527057 -0.0120226
internal_weight=10185.4 2427.91 7757.47 2769.22 748.792 4988.25 839.835 1686.89 2020.43 705.574 1314.85 159.596 762.405 325.251
internal_count=41445 9823 31622 11342 3105 20280 3415 6833 8237 2887 5350 647 3103 1332
is_linear=0
shrinkage=0.03


Tree=45
num_leaves=15
num_cat=0
split_feature=3 3 10 13 3 10 12 3 3 13 7 7 13 12
split_gain=22.3555 45.114 68.9156 28.5126 54.5111 35.5492 29.9698 44.9674 43.5669 60.7884 60.6696 48.7563 46.0418 66.5724
threshold=-0.035601967840678032 -0.018453700494432287 1.2873472316133678 0.062403135866360045 0.020957234065828948 1.2297417656634906 -0.0029498973584741735 0.00099099977808143913 -0.00041728370700950564 0.0082606688654411915 1.1198312090198221 1.2282027166670855 0.0029188142982701231 -0.023580786978084241
decision_type=2 2 8 2 2 8 2 2 2 2 2 2 2 2
left_child=-1 2 -2 4 6 -6 8 -8 10 11 12 -10 13 -3
right_child=1 3 -4 -5 5 -7 7 -9 9 -11 -12 -13 -14 -15
leaf_value=0.015271619115052265 0.0085691463687106329 0.031310841261194405 -0.028231867009251541 -0.012846758612266663 -0.0020977644609485651 0.02892984211105017 -0.013221886251425615 -0.0013038523291161262 0.010828080208931714 -0.00039569781083805764 0.0045770724294340653 -0.0052977603875698246 -0.0067090853021353151 -0.00070878309124406574
leaf_weight=82.262027412652969 71.861145824193954 58.878270015120506 120.70232038199902 150.26534394919872 50.109429597854614 95.203109592199326 327.46240799129009 2112.282627210021 1145.0947885811329 1450.0360073298216 1277.7388353943825 196.60470390319824 1608.7719650417566 1457.0118526220322
leaf_count=337 298 236 519 631 202 408 1378 8561 4641 5861 5170 791 6605 5892
internal_value=-0.000116964 -0.00024502 -0.0145515 3.53019e-05 0.000235832 0.0183471 -4.11008e-05 -0.00291301 0.000933388 0.00386368 -0.000925738 0.00846073 -0.00317744 0.000574499
internal_weight=10204.3 10122 192.563 9929.46 9779.19 145.313 9633.88 2439.75 7194.14 2791.74 4402.4 1341.7 3124.66 1515.89
internal_count=41530 41193 817 40376 39745 610 39135 9939 29196 11293 17903 5432 12733 6128
is_linear=0
shrinkage=0.03


Tree=46
num_leaves=15
num_cat=0
split_feature=3 12 12 6 13 6 6 5 5 12 6 12 13 10
split_gain=21.9321 49.5181 39.4649 66.1075 43.9025 63.4506 44.7656 43.4309 40.569 42.9727 50.4914 37.4582 36.2489 35.4468
threshold=0.00024321672811578046 -0.0049276649770676464 -0.0013563540221538937 0.0015633425572074875 0.018808869317501479 0.0042645476571286966 0.0018872603864611693 0.0037580962588729121 0.0026624815491146374 -0.01026263392574772 0.00080593323977243313 -0.0034536236924535553 0.017912616544653152 0.99975982036724476
decision_type=2 2 2 2 2 2 2 2 2 2 2 2 2 10
left_child=1 -1 3 8 7 6 -6 11 9 -2 -11 -5 -10 -7
right_child=2 -3 -4 4 5 13 -8 -9 12 10 -12 -13 -14 -15
leaf_value=-0.00030102223540074048 0.019010875271183125 -0.0087600136892209118 -0.0038491400821613845 0.0003887968585685882 -0.0032118713621044504 -0.021120797256447773 0.019425096019893482 -0.021735745733403717 0.01832881155273669 0.012350517137623494 7.150923540386194e-05 -0.015491781877275023 -0.00033931454041929635 0.003859474443946661
leaf_weight=4551.6643225252628 151.48771893978119 719.59578166902065 1047.0963748842478 515.42306239902973 118.2183903157711 105.74097348749638 229.77888065576553 144.21738916635513 353.65153129398823 373.7729709148407 1522.77512383461 178.44320963323116 126.95843216776848 96.285993203520775
leaf_count=18509 627 3016 4236 2082 481 447 953 586 1420 1535 6151 729 513 394
internal_value=-0.000111319 -0.00145867 0.00131948 0.00270251 -0.00255549 0.00402149 0.0117607 -0.00687117 0.00558864 0.0037404 0.00250193 -0.00372804 0.0134164 -0.00929408
internal_weight=10235.1 5271.26 4963.85 3916.75 1388.11 550.024 347.997 838.084 2528.65 2048.04 1896.55 693.866 480.61 202.027
internal_count=41679 21525 20154 15918 5672 2275 1434 3397 10246 8313 7686 2811 1933 841
is_linear=0
shrinkage=0.03


Tree=47
num_leaves=15
num_cat=0
split_feature=12 3 3 6 13 13 12 3 10 12 7 6 6 7
split_gain=22.0529 50.9362 43.0172 43.2917 57.6477 50.5588 61.5058 45.0833 41.7959 48.569 41.4817 35.5948 55.0974 52.822
threshold=-0.0051447543389558361 -0.0022630125291261609 0.0004183961798884806 0.0015256035668799806 0.017656859563668473 0.01311390740801144 -0.0024246854316664619 0.018464164681019749 0.99975982036724476 -0.015900817209317016 1.3360879770288412 0.00059137365443986218 0.00074192833204243661 0.83807727750537053
decision_type=2 2 2 2 2 2 2 2 8 2 2 2 2 2
left_child=1 -1 -2 4 5 6 -4 -5 -3 -10 11 -8 -13 -14
right_child=2 8 3 7 -6 -7 10 -9 9 -11 -12 12 13 -15
leaf_value=-0.0011494016836519512 -0.0075526265303840195 -0.0088719058125846743 0.0079333678255970198 -0.0087214784366177744 -0.010226928185471518 0.011452315727207226 -0.026677351638085659 0.011656444127512581 0.021035598274085042 0.0043267212521693899 0.011333489236281817 0.014091794377120243 -0.022226647916611209 -0.0027185554942302007
leaf_weight=3480.8036879003048 868.57300817966461 194.9222514629364 666.9353674352169 719.94352996349335 305.53061440587044 554.31757111847401 69.852443262934685 111.23355215787888 166.77913019061089 2204.770849570632 135.24496847391129 118.15450489521027 170.57071423530579 454.92339737713337
leaf_count=14164 3632 809 2690 2926 1240 2223 293 470 678 8944 544 485 697 1845
internal_value=5.70718e-05 0.00121473 -0.0016194 -5.73001e-05 0.00193214 0.00365194 0.000964896 -0.00597294 0.00441951 0.00551851 -0.00394008 -0.00650089 -0.0045392 -0.00809225
internal_weight=10222.6 6047.28 4175.28 3306.71 2475.53 2170 1615.68 831.177 2566.47 2371.55 948.746 813.501 743.649 625.494
internal_count=41640 24595 17045 13413 10017 8777 6554 3396 10431 9622 3864 3320 3027 2542
is_linear=0
shrinkage=0.03


Tree=48
num_leaves=15
num_cat=0
split_feature=3 12 10 6 13 12 10 6 3 7 13 12 12 6
split_gain=21.3787 47.6055 57.4063 47.4824 72.2749 52.8742 64.1971 99.0383 54.2305 53.2814 43.0524 42.4174 91.2503 38.3062
threshold=-0.00041728370700950564 -0.0062119807621484604 1.0141104539478361 0.0015328079239265199 0.002482343259535225 -0.019643629601063858 1.3464750638412932 0.0018872603864611693 -0.011027100577224806 1.0630283930060267 0.005934554411346272 -0.018409546015860086 -0.014535295353673093 0.0015256035668799806
decision_type=2 2 8 2 2 2 8 2 2 2 2 2 2 2
left_child=3 2 -2 4 11 6 -5 8 -8 10 -7 -1 -13 -3
right_child=1 13 -4 5 -6 9 7 -9 -10 -11 -12 12 -14 -15
leaf_value=0.014699982544321383 -0.01016949602453348 0.0011880436134751328 0.0080530714933379644 0.007059464791721125 -0.0082140461826779206 0.0071218061892663999 -0.010926827142715163 -0.026426317955221719 0.025760633294075269 0.013785392840886677 -0.010018620243247012 -0.016660930381873055 0.00284866226963917 -0.005532628608217802
leaf_weight=174.4163164049387 175.80518694221973 2901.6893549412489 1256.4378013461828 245.38819427788258 1612.0450455993414 322.14638182520866 76.360607340931892 200.95498289167881 65.689290449023247 489.53200055658817 220.35490347445011 265.42413517832756 1115.0600578635931 1033.5032459646463
leaf_count=700 732 11770 5109 1004 6667 1294 315 842 264 1967 896 1089 4507 4225
internal_value=-0.00017366 0.00112614 0.00580522 -0.00163082 -0.00376716 0.00254393 -0.00462309 -0.0129733 0.00616096 0.0066311 0.000148426 0.00084778 -0.000921101 -0.000578927
internal_weight=10154.8 5367.44 1432.24 4787.37 3166.95 1620.43 588.393 343.005 142.05 1032.03 542.501 1554.9 1380.48 3935.19
internal_count=41381 21836 5841 19545 12963 6582 2425 1421 579 4157 2190 6296 5596 15995
is_linear=0
shrinkage=0.03


Tree=49
num_leaves=15
num_cat=0
split_feature=13 5 5 13 6 13 3 6 6 13 13 5 3 6
split_gain=23.6194 55.7232 45.8168 46.0423 37.2615 34.2365 59.2996 33.7092 33.6334 73.2649 69.2767 57.562 39.8036 38.8332
threshold=0.0028729746760514101 -0.001451321927535165 0.00043948838560547992 0.0080416558813724021 0.0022428342829337159 0.062403135866360045 0.020957234065828948 0.0010071076136592856 0.0016690292434136448 0.020539114570887088 0.019605594676835095 0.0032657458647685771 0.0016926914111161653 0.001092155051509278
decision_type=2 2 2 2 2 2 2 2 2 2 2 2 2 2
left_child=1 -1 3 7 -5 6 8 -2 9 12 11 -10 13 -4
right_child=2 -3 5 4 -6 -7 -8 -9 10 -11 -12 -13 -14 -15
leaf_value=-0.00019672523487361223 -0.0074793717285646282 0.01008225089808404 -0.0085579115104979422 -0.012565828173708795 -0.00013174886075667652 -0.013968442364035549 0.020674950876929193 0.00094140707624191882 -0.0031256880509111201 -0.013796649574846642 0.0085728482245667741 -0.021715854913247588 0.005796897764538865 0.0050242183151916909
leaf_weight=1785.3526640236378 567.14340831339359 644.51100562512875 401.47754921019077 713.57309511303902 311.31933136284351 128.84173360466957 139.98073044419289 1721.9418648779392 475.43052583932877 229.41119585931301 282.47736895084381 217.50772853195667 2176.8486912250519 355.35238435864449
leaf_count=7235 2361 2607 1662 2953 1278 546 594 7016 1930 933 1143 890 8790 1446
internal_value=-4.2593e-05 0.00253578 -0.000854443 -0.0035184 -0.00879649 0.00114934 0.00161091 -0.00114963 0.000956415 0.00245818 -0.00390859 -0.00900669 0.00373783 -0.0021843
internal_weight=10151.2 2429.86 7721.31 3313.98 1024.89 4407.33 4278.49 2289.09 4138.51 3163.09 975.416 692.938 2933.68 756.83
internal_count=41384 9842 31542 13608 4231 17934 17388 9377 16794 12831 3963 2820 11898 3108
is_linear=0
shrinkage=0.03


Tree=50
num_leaves=15
num_cat=0
split_feature=12 5 13 7 3 7 13 3 13 12 5 6 6 13
split_gain=22.632 50.8765 47.0801 44.3192 35.1763 80.0319 45.2498 33.2821 53.1788 28.6966 40.8658 27.2977 27.045 71.8674
threshold=-0.0051447543389558361 -0.00057340118092391579 0.0037608158203888968 0.70192974411447462 0.002590464811259519 0.91727799277343558 0.0090201196094537046 1.0000000180025095e-35 0.0050663833833199954 -0.009798894305829196 0.00046567950573583877 0.00091138839946231117 0.0016585890937022101 0.019605594676835095
decision_type=2 2 2 2 2 2 2 2 2 2 2 2 2 2
left_child=1 -1 -3 9 5 6 -2 11 -9 -4 -11 -7 -6 -14
right_child=4 2 3 -5 12 7 -8 8 -10 10 -12 -13 13 -15
leaf_value=-0.00088559600241289421 -0.007115483903423132 0.016928542197479583 0.022725705323144742 0.00091969781680131877 0.0021731316757817552 -0.014354662995261298 -0.02287846067457483 0.017460673930416989 -0.0015538092962540128 -0.010398379076139455 0.016679524210500091 0.0012663977697414737 -0.014164809665108712 0.0080547490558029716
leaf_weight=3930.2074359208345 475.76685813069344 255.53715324401855 148.00460457801819 1466.557538703084 1948.4358242303133 188.08157613873482 250.45559072494507 202.13221129775047 375.76914492249489 84.752064421772957 117.36116826534271 213.43604852259159 328.92523708939552 215.18417282402515
leaf_count=16006 1978 1042 604 5970 7861 789 1046 827 1532 346 474 892 1351 888
internal_value=-6.15097e-05 0.00112014 0.00492145 0.00321575 -0.00175072 -0.00506767 -0.0125996 0.00053145 0.00513416 0.0127735 0.00533433 -0.0060858 0.000521307 -0.00538011
internal_weight=10200.6 6002.42 2072.21 1816.68 4198.19 1705.64 726.222 979.419 577.901 350.118 202.113 401.518 2492.55 544.109
internal_count=41606 24442 8436 7394 17164 7064 3024 4040 2359 1424 820 1681 10100 2239
is_linear=0
shrinkage=0.03


Tree=51
num_leaves=15
num_cat=0
split_feature=3 12 13 3 6 6 13 12 5 13 5 12 6 7
split_gain=20.5153 41.705 29.6086 41.9795 39.5436 37.125 87.9092 65.2907 55.8778 43.3888 63.0492 43.1584 58.2895 43.3651
threshold=0.00035441896863037953 -0.0049276649770676464 0.07002465038906204 0.020957234065828948 0.003724502867213389 0.0017118303114907064 0.018183319074368213 -0.010366913217342065 0.0024596715890521374 0.019605594676835095 0.0035202038675234974 -0.0014794760193628795 0.00080593323977243313 0.86840392210237816
decision_type=2 2 2 2 2 2 2 2 2 2 2 2 2 2
left_child=1 -1 3 5 -5 6 7 -2 11 10 -7 12 -9 -13
right_child=2 -3 -4 4 -6 9 -8 8 -10 -11 -12 13 -14 -15
leaf_value=-3.5663986362072661e-05 0.022289529054161757 -0.0076326960538293381 -0.014855117250444834 0.03015003793628309 0.00022350333145444701 -0.0024738700179234964 -0.010401169059632719 0.013845381803164624 0.0093668755535105189 0.0064991507580560506 -0.022991348677577371 -0.022622577375664983 -0.00016315980979839616 7.2847851839585661e-05
leaf_weight=4558.5444943606853 172.67371605336666 756.56812043488026 94.730226695537567 88.160524234175682 71.10930347442627 539.0993145108223 401.9098861515522 326.55435758829117 966.86269193887711 267.67116641998291 178.00252406299114 131.155013859272 1434.3467289507389 175.79388712346554
leaf_count=18554 718 3184 409 385 289 2194 1634 1342 3879 1087 733 540 5796 717
internal_value=0.000167575 -0.00111951 0.00157853 0.00191215 0.0169572 0.00138341 0.002792 0.00445065 0.00342162 -0.0037744 -0.0076166 0.000635432 0.00244745 -0.00970826
internal_weight=10163.2 5315.11 4848.07 4753.34 159.27 4594.07 3609.3 3207.39 3034.71 984.773 717.102 2067.85 1760.9 306.949
internal_count=41461 21738 19723 19314 674 18640 14626 12992 12274 4014 2927 8395 7138 1257
is_linear=0
shrinkage=0.03


Tree=52
num_leaves=15
num_cat=0
split_feature=13 3 3 13 3 10 13 7 10 13 7 3 13 13
split_gain=18.8963 41.4785 36.3929 32.3742 48.0706 31.536 42.8279 36.2529 26.8408 26.6444 42.7092 35.892 45.385 31.2626
threshold=0.0030172582331715607 -0.00099013581319261335 0.0016926914111161653 0.062403135866360045 0.018464164681019749 0.8454371924624301 0.0090201196094537046 0.96840368748829742 1.0937356453792926 0.016846741511940214 1.1968141765272027 0.0073164060335487316 0.013989475055579572 0.010079262451360373
decision_type=2 2 2 2 2 8 2 2 8 2 2 2 2 2
left_child=1 -1 5 4 9 -2 -7 -8 -6 10 11 12 -4 -12
right_child=2 -3 3 -5 8 6 7 -9 -10 -11 13 -13 -14 -15
leaf_value=0.00063977403611259985 0.014442664604819399 0.011630881993310848 0.0043348354387018426 -0.014245164242603879 -0.0016325031538127447 -0.0015015153673697326 -0.013903538362294828 -0.0014440578018327347 0.024186087773272621 -0.0038773407260623846 -0.010947257207497346 -0.0039511646678874347 0.019029382343249298 0.0020700558956750601
leaf_weight=2195.501848757267 89.536620780825615 357.68985442817211 1591.6709642410278 116.48752635717392 50.214555397629738 2678.6146325021982 544.02061726152897 342.53502181172371 125.99162110686302 805.25514712929726 326.85082747042179 388.0872381478548 213.08526223897934 334.31446923315525
leaf_count=8889 366 1462 6461 498 203 11009 2261 1408 549 3266 1320 1564 858 1352
internal_value=-4.46835e-05 0.00218747 -0.00079429 0.00120098 0.00167727 -0.00295132 -0.00339601 -0.0091037 0.0168927 0.000935774 0.00229555 0.00431008 0.00608895 -0.00437873
internal_weight=10159.9 2553.19 7606.66 3951.96 3835.47 3654.71 3565.17 886.556 176.206 3659.26 2854.01 2192.84 1804.76 661.165
internal_count=41466 10351 31115 16071 15573 15044 14678 3669 752 14821 11555 8883 7319 2672
is_linear=0
shrinkage=0.03


Tree=53
num_leaves=15
num_cat=0
split_feature=12 5 5 13 6 3 10 6 3 13 5 12 12 12
split_gain=26.7714 46.1779 33.6274 62.1601 34.209 30.5536 96.4149 35.4457 49.0279 54.3999 36.1675 39.2169 29.593 47.5945
threshold=-0.002293199647026289 0.0010226435024087712 2.9487771910918784e-05 0.0080416558813724021 0.0022428342829337159 -0.018453700494432287 1.3966126367656442 0.0015256035668799806 -0.00093149103840094161 0.0025776683123686088 -0.001451321927535165 -0.022190038227413996 -0.014684469537531717 -0.018409546015860086
decision_type=2 2 2 2 2 2 8 2 2 2 2 2 2 2
left_child=2 -2 3 5 -5 6 -1 8 9 10 11 -7 13 -13
right_child=1 -3 -4 4 -6 7 -8 -9 -10 -11 -12 12 -14 -15
leaf_value=0.021594646533916 -0.015876873436529319 -0.0014462017646734255 0.0032236020499612121 -0.012614950487600241 1.268062182198317e-05 0.021983117236923679 -0.027846361698559908 0.0059138399528253539 0.0069068563115296851 -0.0084304761521502153 0.010472574001431291 0.006010488257001935 0.00066689016055348962 -0.017312838678026101
leaf_weight=50.550459861755371 223.94473752379417 1714.8433859199286 3152.1553434282541 544.11942851543427 298.67223787307739 60.143353268504143 108.52487482130527 1081.6312700212002 646.35697105526924 857.9395000487566 291.38475562632084 115.88723032176495 818.65523998439312 238.29615680873394
leaf_count=207 954 6960 12867 2262 1228 241 474 4350 2637 3543 1172 465 3316 981
internal_value=4.31399e-05 -0.0031277 0.000787587 -0.000715131 -0.00815048 0.000755767 -0.0120621 0.00125747 -0.000408279 -0.00239712 0.00100516 -0.00124557 -0.00247214 -0.00969065
internal_weight=10203.1 1938.79 8264.32 5112.16 842.792 4269.37 159.075 4110.29 3028.66 2382.31 1524.37 1232.98 1172.84 354.183
internal_count=41657 7914 33743 20876 3490 17386 681 16705 12355 9718 6175 5003 4762 1446
is_linear=0
shrinkage=0.03


Tree=54
num_leaves=15
num_cat=0
split_feature=12 3 6 13 3 13 6 13 13 6 6 7 13 13
split_gain=23.8919 54.4192 41.1707 38.117 35.7066 72.6536 38.8908 62.1777 53.1305 52.6925 40.1151 37.7912 35.3947 35.6202
threshold=-0.0063448199952246811 -0.0025892939433324043 0.0010432569965539485 0.005934554411346272 0.0016926914111161653 0.0035178751741502538 0.0015256035668799806 0.018808869317501479 0.018808869317501479 0.0010472495751688538 0.00062921953508671168 0.93446850968493256 0.0050663833833199954 0.014150207785127435
decision_type=2 2 2 2 2 2 2 2 2 2 2 2 2 2
left_child=1 2 -1 -3 5 -2 7 10 -8 -9 -6 -7 -12 -14
right_child=4 3 -4 -5 6 11 8 9 -10 -11 12 -13 13 -15
leaf_value=-0.0071911338171692747 0.004349875478843526 0.0097278602207140179 0.00089288047524363934 0.0016318879860412255 -0.01293785026958697 -0.014242091276265439 -0.010290614125751189 -0.038104254308605791 0.004672317315621735 -0.0042679664920053156 0.022905566988045856 -0.0038167235035785033 0.0019146376706634903 0.011540307982784491
leaf_weight=743.00167252123356 545.53477402031422 931.27643002569675 2371.5210342407227 1193.9581839740276 110.90167514979839 592.57838079333305 569.34832035005093 50.759595453739166 339.57629245519638 195.79791343212128 97.526184439659119 664.91751272976398 1290.4324770122766 471.30792745947838
leaf_count=3039 2228 3781 9655 4881 459 2499 2328 210 1408 797 396 2756 5207 1890
internal_value=7.65032e-05 0.00148658 -0.00103902 0.00518535 -0.00142257 -0.00478206 0.00051717 0.00265968 -0.00470244 -0.0114845 0.00443961 -0.00874436 0.00548893 0.0044999
internal_weight=10168.4 5239.76 3114.52 2125.23 4928.68 1803.03 3125.65 2216.73 908.925 246.558 1970.17 1257.5 1859.27 1761.74
internal_count=41534 21356 12694 8662 20178 7483 12695 8959 3736 1007 7952 5255 7493 7097
is_linear=0
shrinkage=0.03


Tree=55
num_leaves=15
num_cat=0
split_feature=12 5 6 5 12 7 6 3 12 6 2 2 6 5
split_gain=18.245 59.4023 37.65 36.1509 32.3149 27.7657 25.3464 44.9193 50.0324 43.328 32.025 31.9701 24.5582 27.3622
threshold=-0.0028558933358846512 0.0014204671213666755 0.00059137365443986218 -3.0163141021388725e-05 -0.0062119807621484604 0.92756728102087949 0.001744480971498312 0.0020158929082898175 -0.0085459679775300983 0.0010391612392218156 0.0030424536657910899 9.8214750409067477e-05 0.00073343601475603251 -0.0020205306432082844
decision_type=2 2 2 2 2 2 2 2 2 2 2 2 2 2
left_child=2 -2 -1 4 12 -6 7 8 9 -5 -10 -9 -4 -14
right_child=1 -3 3 6 5 -7 -8 11 10 -11 -12 -13 13 -15
leaf_value=0.01376203519790979 -0.010664598189951625 0.00022750633426834931 -0.013273148151735628 -0.0078048381088260399 -0.013775340320217993 -0.0024735697017560523 -0.001169764555965714 0.0020826929302587916 -0.00087687746585309663 0.019269458609370276 -0.01749560856648024 0.013731858677433099 -0.0018213372482370929 0.0033165947853926151
leaf_weight=186.29915377497673 597.16537044942379 1817.4775009155273 124.35960708558559 73.738358899950981 312.50771659612656 520.62952999770641 901.50388062000275 329.35552559792995 519.78879243135452 180.80834953486919 128.65213738381863 597.36821559071541 2413.1812465339899 1517.9406500905752
leaf_count=772 2520 7362 506 301 1304 2138 3713 1327 2130 734 523 2420 9856 6165
internal_value=-0.000194956 -0.00247282 0.000510099 0.000182573 -0.00136184 -0.00673567 0.0029459 0.00497276 0.000207858 0.0114267 -0.00421773 0.00960517 -0.00025509 0.000163272
internal_weight=10220.8 2414.64 7806.13 7619.83 4888.62 833.137 2731.22 1829.71 902.988 254.547 648.441 926.724 4055.48 3931.12
internal_count=41771 9882 31889 31117 19969 3442 11148 7435 3688 1035 2653 3747 16527 16021
is_linear=0
shrinkage=0.03


Tree=56
num_leaves=15
num_cat=0
split_feature=3 13 6 12 6 3 3 12 6 12 6 3 4 13
split_gain=19.2485 38.7843 52.4037 35.1508 34.9858 51.7278 44.2012 31.699 49.6106 46.6672 42.0922 47.4674 41.0096 39.1905
threshold=0.00035441896863037953 0.0033630500928761857 0.00088411416078800506 -0.010575443207245737 0.0011408843797552312 -0.0080510522338975831 -0.0022630125291261609 -0.0013563540221538937 0.0016224706885841005 -0.01026263392574772 0.00080593323977243313 0.0018768757113557662 0.0018436673935415817 0.018808869317501479
decision_type=2 2 2 2 2 2 2 2 2 2 2 2 2 2
left_child=1 3 -3 4 5 -1 -7 8 9 -2 -11 -12 -13 -10
right_child=7 2 -4 -5 -6 6 -8 -9 13 10 11 12 -14 -15
leaf_value=0.0083566597361036665 0.020288633750040093 -0.01594759649318175 -0.002200405877820485 0.0052096088091951164 0.0022448949265330659 -0.016477633139323124 0.0086208701297776462 -0.003132996791586956 -0.0065875686024394415 0.013544435327177921 -0.0053424912293394021 0.0032341048208251381 0.018136775407388197 0.0041898594461737609
leaf_weight=142.75257678329945 169.52864097058773 276.63042713701725 2402.9055550843477 1224.5928618460894 832.2601340264082 373.76599305868149 74.598218947649002 1033.4095154106617 730.51432985067368 357.86871255934238 525.65703824162483 1330.7558132857084 188.16850246489048 516.90978661179543
leaf_count=587 712 1201 9879 4959 3372 1531 302 4193 2979 1474 2136 5372 759 2158
internal_value=0.00015765 -0.00108717 -0.00363048 0.00148724 -0.00171808 -0.0072865 -0.012282 0.00152413 0.00278518 0.005165 0.00408182 0.00241393 0.00510171 -0.00212204
internal_weight=10180.3 5327.51 2679.54 2647.97 1423.38 591.117 448.364 4852.81 3819.4 2571.98 2402.45 2044.58 1518.92 1247.42
internal_count=41614 21831 11080 10751 5792 2420 1833 19783 15590 10453 9741 8267 6131 5137
is_linear=0
shrinkage=0.03


Tree=57
num_leaves=15
num_cat=0
split_feature=13 5 6 13 5 6 3 2 13 3 2 13 6 4
split_gain=23.204 33.8382 35.1821 32.265 31.1508 28.46 40.686 26.9105 26.1758 49.4344 25.7113 25.585 30.7737 27.8333
threshold=0.0037608158203888968 0.00043948838560547992 0.00074192833204243661 0.0082606688654411915 -0.001021013332540843 0.0016782339063190132 -0.02091232504500384 -0.0029222276762462733 0.062403135866360045 0.020957234065828948 -0.00078739148922862812 0.0027281133975028964 0.0014366720511821286 0.00064856121259393451
decision_type=2 2 2 2 2 2 2 2 2 2 2 2 2 2
left_child=4 2 -2 -4 5 -1 -7 -8 9 -3 -6 -12 13 -13
right_child=1 8 3 -5 10 6 7 -9 -10 -11 11 12 -14 -15
leaf_value=-0.0011448079913353628 -0.019532458545649344 0.00059170689576265134 -0.00017161901126108784 -0.0071502832131675352 0.017573208131631587 -0.012465034365754498 0.018440828575337451 0.0022718736664169752 -0.012462372699852261 0.018908085755387421 0.011263461172167215 -0.010409313452040001 0.020554562045366615 0.0089087915789124537
leaf_weight=1878.3195910006762 116.02294182777405 4070.8974728733301 1600.4429485350847 948.38028310239315 171.05917525291443 76.604540213942528 208.09229457378387 166.8428450524807 128.34053541719913 135.08738003671169 280.48017309606075 212.41957464814186 50.012676745653152 95.930054560303688
leaf_count=7633 504 16558 6553 3929 700 326 835 671 547 583 1142 883 203 395
internal_value=0.00010451 -0.000856729 -0.00351568 -0.00277185 0.00224649 0.000482642 0.00722772 0.011296 0.000778924 0.0011887 0.0073069 0.00451169 -0.000805923 -0.00438061
internal_weight=10138.9 6999.17 2664.85 2548.82 3139.76 2329.86 451.54 374.935 4334.33 4205.98 809.902 638.842 358.362 308.35
internal_count=41462 28674 10986 10482 12788 9465 1832 1506 17688 17141 3323 2623 1481 1278
is_linear=0
shrinkage=0.03


Tree=58
num_leaves=15
num_cat=0
split_feature=13 5 3 12 7 5 6 12 6 13 5 7 12 13
split_gain=17.5597 50.3769 35.8674 44.061 41.7465 34.8865 35.0455 27.2823 45.2252 42.8913 56.4436 36.6759 34.0318 36.4157
threshold=0.0028729746760514101 -0.001795287711723603 0.00035441896863037953 -0.0081073558253212923 1.2235885980622376 -0.0011203577761654813 0.0015403763717821801 -0.0013563540221538937 0.0015478028194658214 0.017656859563668473 0.0024596715890521374 1.2235885980622376 -0.0055148456921377256 0.018808869317501479
decision_type=2 2 2 2 2 2 2 2 2 2 2 2 2 2
left_child=1 -1 3 5 -5 6 -2 8 9 10 11 -4 -10 -14
right_child=2 -3 7 4 -6 -7 -8 -9 12 -11 -12 -13 13 -15
leaf_value=-0.001106725006679206 -0.010963729137273117 0.0079699111707992008 0.0051382511214369741 -0.009894160644704093 0.0052845191332243973 0.0056550502425593598 0.00034856733660721675 -0.0035586246281707232 0.0022131632820401414 -0.0082571682101364868 0.016081092718693128 -0.0080246361872998301 -0.011903885553476379 0.0030794111348776917
leaf_weight=1584.8010406643152 366.42032560706139 840.77644282579422 1487.4130523353815 1095.1795733571053 190.24724932014942 582.58655281364918 744.29536311328411 1035.4381343275309 717.84506085515022 212.8348802626133 390.66930739581585 216.63522256910801 459.36943827569485 212.54298469424248
leaf_count=6439 1511 3408 6061 4631 782 2352 3048 4203 2948 863 1574 876 1886 886
internal_value=-0.000181802 0.00204348 -0.000882093 -0.00345989 -0.00764295 -0.00027916 -0.00339631 0.000741115 0.00194654 0.00451998 0.00582485 0.00345741 -0.00232676 -0.00716921
internal_weight=10137.1 2425.58 7711.48 2978.73 1285.43 1693.3 1110.72 4732.75 3697.31 2307.55 2094.72 1704.05 1389.76 671.912
internal_count=41468 9847 31621 12324 5413 6911 4559 19297 15094 9374 8511 6937 5720 2772
is_linear=0
shrinkage=0.03


Tree=59
num_leaves=15
num_cat=0
split_feature=3 3 10 13 3 10 12 3 3 12 12 7 13 12
split_gain=16.6458 51.8227 60.1703 23.5809 43.6529 29.0775 26.5073 58.2915 40.3693 35.1222 38.9931 36.9447 42.1824 34.5963
threshold=-0.035601967840678032 -0.02091232504500384 1.2815795630316618 0.062403135866360045 0.018464164681019749 1.2174510009709771 -0.0058300143913355132 -0.0025892939433324043 -0.0078886002715775321 -0.02576281200396718 -0.013647460255229281 1.0093835949537191 0.0019139820892447592 -0.017046043510534622
decision_type=2 2 8 2 2 8 2 2 2 2 2 2 2 2
left_child=-1 2 -2 4 6 -6 7 8 -3 -10 13 12 -12 -11
right_child=1 3 -4 -5 5 -7 -8 -9 9 10 11 -13 -14 -15
leaf_value=0.013046808106843057 0.0068969256632083085 0.0039669140024778948 -0.031519105550840164 -0.011645099918298022 -0.0025888813718828205 0.023371442630919999 -0.0016953368793550133 0.005204928234245251 0.017004021607297592 -0.0020510266538724042 0.0030073254390822223 0.0033299130996899723 -0.011450232044524909 -0.017792989131337873
leaf_weight=84.327032640576363 57.369627892971039 914.11566008627415 96.878417685627937 149.81843629479408 56.768076851963997 118.41560958325863 4454.8356173932552 2166.2271589189768 69.865892022848129 212.53132390975952 282.92545776069164 671.50538390874863 501.82772490382195 307.41505505144596
leaf_count=346 238 3714 429 638 230 526 18265 8809 282 860 1145 2720 2059 1262
internal_value=-7.05247e-05 -0.000183045 -0.0173256 8.73209e-05 0.000269832 0.0150248 -3.02657e-06 0.00146767 -0.00126887 -0.00360963 -0.00435485 -0.00183052 -0.00624348 -0.0113909
internal_weight=10144.8 10060.5 154.248 9906.25 9756.43 175.184 9581.25 5126.41 2960.19 2046.07 1976.2 1456.26 784.753 519.946
internal_count=41523 41177 667 40510 39872 756 39116 20851 12042 8328 8046 5924 3204 2122
is_linear=0
shrinkage=0.03


Tree=60
num_leaves=15
num_cat=0
split_feature=5 13 12 7 7 12 13 6 12 13 10 7 5 12
split_gain=17.7111 52.7935 46.4358 35.3498 26.2183 34.453 24.5183 62.6743 33.2057 24.5074 51.4535 41.5377 36.8529 23.2598
threshold=2.9487771910918784e-05 0.0080416558813724021 -0.0047605584570946649 0.96577858103405989 0.69565564187565321 -0.004065784023178586 0.010491882954450695 0.0011993006416487018 -0.0067392402860093062 0.019605594676835095 0.77566900243679959 1.0922740214633719 0.0035202038675234974 -0.0064866841891102469
decision_type=2 2 2 2 2 2 2 2 2 2 10 2 2 2
left_child=1 -1 3 6 -3 -6 7 8 -2 12 -11 -12 -5 -8
right_child=2 4 -4 9 5 -7 13 -9 -10 10 11 -13 -14 -15
leaf_value=9.3680527096993776e-05 -0.0037984520845843152 -0.018948260744966233 -0.00080464347810936586 0.00025005389957131384 -0.0033554069974669381 -0.026976691852297327 0.008346107714819145 0.024921225632712395 0.018640417008431276 0.027223701700745544 -0.022588994211298584 0.013499693407298285 -0.023147468015445323 -0.0071980948700496551
leaf_weight=4277.5662685334682 177.44395107030869 161.30428856611252 3335.4012961536646 520.93138292431831 612.47512844204903 59.22984379529953 299.21278312802315 235.70673453807831 86.808304652571678 83.730465620756149 52.544409513473511 58.678622841835022 66.554038882255554 119.86591416597366
leaf_count=17471 728 677 13651 2109 2529 261 1223 961 355 360 220 244 271 487
internal_value=-9.17023e-06 -0.00125319 0.00125304 0.00528294 -0.00815311 -0.00551219 0.00926619 0.0137417 0.00365749 0.000592587 0.00975327 -0.00364732 -0.00247011 0.00388705
internal_weight=10147.5 5110.58 5036.88 1701.48 833.009 671.705 919.038 499.959 264.252 782.439 194.953 111.223 587.485 419.079
internal_count=41547 20938 20609 6958 3467 2790 3754 2044 1083 3204 824 464 2380 1710
is_linear=0
shrinkage=0.03


Tree=61
num_leaves=15
num_cat=0
split_feature=13 5 12 6 3 3 12 13 12 12 12 13 3 13
split_gain=21.0512 38.7308 40.354 36.0776 46.2854 38.4805 43.4977 37.9325 40.838 40.3352 36.8625 27.2586 41.9638 33.8475
threshold=0.0049621100733021626 0.00041318022305225638 -0.0037396351541926771 0.0015328079239265199 -0.00053342891637719869 -0.018453700494432287 -0.038383489992405588 0.002482343259535225 -0.021616861201805723 -0.014535295353673093 -0.018409546015860086 0.07002465038906204 0.018464164681019749 0.042645524040776379
decision_type=2 2 2 2 2 2 2 2 2 2 2 2 2 2
left_child=3 2 -2 4 7 6 -5 8 -1 10 -10 12 -3 -14
right_child=1 11 -4 5 -6 -7 -8 -9 9 -11 -12 -13 13 -15
leaf_value=0.022345358915103107 -0.0029472741753799984 0.00044084098791729237 -0.017270158504284778 0.0075686750468435225 0.0068207195416824344 0.0094353710139878904 -0.030488316938294267 -0.0069864167843054345 0.0068331928293596644 0.0026994561829806096 -0.014874112621248652 -0.01480003768376003 0.026971871944135375 0.0012176456077058297
leaf_weight=74.832265287637711 1809.4397496879101 3830.5886713713408 194.44197735190392 58.467594489455223 747.67345750331879 790.07268977165222 47.297827199101448 810.01854099333286 95.659377723932266 1115.0421248674393 254.69296945631504 97.251444518566132 97.453519985079765 85.702110230922699
leaf_count=300 7456 15576 831 246 3086 3178 209 3348 384 4513 1054 422 439 353
internal_value=0.000170943 -0.000935366 -0.0043529 0.00186444 0.000329592 0.00715959 -0.00970022 -0.00173945 0.00102546 -9.22373e-05 -0.00894206 0.000731796 0.00111531 0.0150643
internal_weight=10108.6 6114.88 2003.88 3993.76 3097.92 895.838 105.765 2350.25 1540.23 1465.39 350.352 4111 4013.74 183.156
internal_count=41395 25077 8287 16318 12685 3633 455 9599 6251 5951 1438 16790 16368 792
is_linear=0
shrinkage=0.03


Tree=62
num_leaves=15
num_cat=0
split_feature=13 5 5 12 3 6 13 13 13 6 12 13 6 7
split_gain=22.1777 37.8492 33.599 38.4656 32.6556 33.1305 72.0072 65.4764 52.5646 50.3516 47.1877 78.0098 42.8763 39.7313
threshold=0.0029640104965957819 -0.001451321927535165 -3.0163141021388725e-05 -0.0079675458723636999 0.0016231057033969933 0.0017222692352776221 0.018471123976611662 0.020082218424445023 0.056539713012860544 0.0011177774017531613 -0.0019039241350021217 0.012687304712272309 0.0020032847684048703 0.97131445775387548
decision_type=2 2 2 2 2 2 2 2 2 2 2 2 2 2
left_child=1 -1 -2 -4 -5 6 10 -7 12 -8 -6 -12 -9 -11
right_child=2 -3 3 4 5 7 9 8 -10 13 11 -13 -14 -15
leaf_value=0.00016335977098194413 -0.0035726102180550509 0.0083980009465227483 0.0065420888804620554 -0.005324644812038047 0.0089510232493941171 -0.011774623237393103 -0.031491487092632803 -0.0031787145997177581 -0.020755796534864333 -0.012100456777974011 -0.0065878772570080674 0.010501210863974059 0.024006532827138945 0.010663560295078001
leaf_weight=1819.3910649269819 2607.709400832653 692.00913049280643 823.91571496427059 981.22451393306255 1110.4046845585108 445.94411708414555 73.523145839571953 85.363816544413567 48.158864229917526 192.00464928150177 621.9529781639576 389.10437582433224 130.76939685642719 105.24678318202496
leaf_count=7392 10778 2818 3377 4080 4486 1837 305 355 202 782 2525 1559 565 429
internal_value=-6.3312e-06 0.00243727 -0.000812616 0.000625501 -0.000542251 0.000925464 0.00255447 -0.00478189 0.00701689 -0.00960969 0.00468749 -3.41157e-06 0.0133388 -0.00402308
internal_weight=10126.7 2511.4 7615.32 5007.61 4183.7 3202.47 2492.24 710.236 264.292 370.775 2121.46 1011.06 216.133 297.251
internal_count=41490 10210 31280 20502 17125 13045 10086 2959 1122 1516 8570 4084 920 1211
is_linear=0
shrinkage=0.03


Tree=63
num_leaves=15
num_cat=0
split_feature=12 5 6 5 13 7 6 12 12 6 3 3 12 7
split_gain=21.1056 54.6935 31.0713 27.5919 37.8407 31.7619 31.7578 48.2898 44.2946 87.3456 54.617 41.7218 48.8184 35.3595
threshold=-0.0029498973584741735 0.0014204671213666755 0.00057971869808519599 2.9487771910918784e-05 0.0080416558813724021 0.69207165245215541 0.0015328079239265199 -0.019643629601063858 -0.053271324259882395 0.0019777628199526519 -0.011027100577224806 -0.001621181823952565 -0.018409546015860086 1.0630283930060267
decision_type=2 2 2 2 2 2 2 2 2 2 2 2 2 2
left_child=2 -2 -1 4 6 -6 11 8 -8 10 -10 12 -4 -9
right_child=1 -3 3 -5 5 -7 7 13 9 -11 -12 -13 -14 -15
leaf_value=0.014399209303723924 -0.009812129537587708 0.00036448664124571616 0.0087994222306797768 0.0031540790161485904 -0.01850719072547044 -0.0036311261918230138 0.020776530836670373 0.0023528935114478693 -0.0089317359713837457 -0.025903793125848167 0.025641166136729978 0.0048212051421095328 -0.005074088031131665 0.014406143119716868
leaf_weight=148.55168424546719 640.65407298505306 1824.7362162023783 258.16401146352291 2568.566143900156 159.20263069868088 658.09644918143749 50.545915797352791 444.95793826878071 94.317427605390549 144.14103253185749 69.942759573459625 754.14717650413513 1868.1091486662626 431.23950943350792
leaf_count=620 2712 7404 1039 10520 669 2733 207 1793 393 614 281 3084 7659 1732
internal_value=0.000126963 -0.00228581 0.000904931 0.000633935 -0.000679063 -0.00656696 0.00049282 0.0045132 -0.00473607 -0.00902443 0.00592093 -0.00123308 -0.00338293 0.00830446
internal_weight=10115.4 2465.39 7649.98 7501.43 4932.86 817.299 4115.56 1235.14 358.947 308.401 164.26 2880.42 2126.27 876.197
internal_count=41460 10116 31344 30724 20204 3402 16802 5020 1495 1288 674 11782 8698 3525
is_linear=0
shrinkage=0.03


Tree=64
num_leaves=15
num_cat=0
split_feature=12 5 7 2 5 6 12 5 2 6 11 2 12 6
split_gain=17.2467 36.6638 31.229 27.9669 26.0826 42.1765 26.9372 37.1171 28.5114 28.324 25.4909 25.4033 19.2669 24.0792
threshold=-0.0051447543389558361 -0.0019815989414035946 0.90833432581529083 -0.0042353903000219564 0.00068999416737225438 0.0012093941054054703 -0.002127512447394508 0.001799546156377563 0.0023015603908705527 0.00071440897676517594 44.670851673760417 -0.00078739148922862812 -0.0080404642929551278 0.00097120772708466263
decision_type=2 2 2 2 2 2 2 2 2 2 2 2 2 2
left_child=1 3 4 -1 5 11 8 9 -6 -8 -4 -2 -3 -14
right_child=2 12 10 -5 6 -7 7 -9 -10 -11 -12 -13 13 -15
leaf_value=0.0019624283418789162 0.0020083587215419039 0.004903606952427678 -0.0079208054572696487 -0.0044703853270427014 0.0074816770593060982 -0.030211439268503813 0.0008403338901524915 -0.0022234650234673964 -0.0082172880572729447 -0.026393333071837222 0.0016486889943269339 -0.013086418906442568 0.0078198742226199894 -0.0014736586340182499
leaf_weight=1031.411219060421 175.71948966383934 1952.6406630724669 280.6959271132946 1477.4128811508417 356.8870247900486 80.1148961186409 48.219583198428154 515.63487641513348 144.80356580018997 116.6362801939249 2199.9012217521667 230.46264046430588 313.06356486678123 1230.3968295305967
leaf_count=4227 744 7969 1165 6053 1455 336 204 2091 593 488 9021 975 1288 5032
internal_value=-8.75592e-05 0.000940059 -0.00157456 -0.00182631 -0.00474546 -0.0105796 -0.00233174 -0.00621246 0.00293583 -0.018513 0.000560329 -0.00657838 0.00292513 0.00041905
internal_weight=10154 6004.93 4149.08 2508.82 1668.48 486.297 1182.18 680.491 501.691 164.856 2480.6 406.182 3496.1 1543.46
internal_count=41641 24569 17072 10280 6886 2055 4831 2783 2048 692 10186 1719 14289 6320
is_linear=0
shrinkage=0.03


Tree=65
num_leaves=15
num_cat=0
split_feature=3 3 10 13 3 13 13 13 7 13 5 13 6 3
split_gain=18.0731 35.0266 60.8805 25.8803 33.2097 32.31 23.4597 27.3459 36.25 39.2051 24.339 20.9413 36.9272 43.3323
threshold=-0.035601967840678032 -0.018453700494432287 1.3001836629298877 0.062403135866360045 0.018464164681019749 0.042645524040776379 0.04594324507183057 0.017102651000198924 0.90544474296062194 0.033367027417603674 0.0048377430873061131 0.013850912703217257 0.0018872603864611693 -1.0000000180025095e-35
decision_type=2 2 8 2 2 2 2 2 2 2 2 2 2 2
left_child=-1 2 -2 4 6 -6 7 11 10 -10 -9 -3 13 -13
right_child=1 3 -4 -5 5 -7 -8 8 9 -11 -12 12 -14 -15
leaf_value=0.014001183602628789 0.0093209831728119068 0.00014155500787860496 -0.025943207126649506 -0.012361163408492018 0.024700910143001707 -0.0013683925827072502 0.020187211349722459 -0.014286546640711793 -0.0024923393439868812 0.022863947167464801 0.0034571602761043793 -0.015502981929840429 -0.010261444036660497 0.011093177565420926
leaf_weight=81.501837775111198 68.873673290014267 7931.2506736963987 116.32459661364555 142.7795736938715 96.671046674251556 75.195509180426598 50.461203381419182 363.25552436709404 375.32866443693638 62.226513057947159 85.100487723946571 59.576042518019676 111.18034607172012 543.81924715638161
leaf_count=335 286 32458 520 612 440 312 204 1485 1527 252 347 256 458 2191
internal_value=0.000101699 -1.34171e-05 -0.0128693 0.000229704 0.000416505 0.0134105 0.000180695 7.05679e-05 -0.00494315 0.00120131 -0.0109183 0.000585333 0.00549679 0.00842467
internal_weight=10163.5 10082 185.198 9896.84 9754.07 171.867 9582.2 9531.74 885.911 437.555 448.356 8645.83 714.576 603.395
internal_count=41683 41348 806 40542 39930 752 39178 38974 3611 1779 1832 35363 2905 2447
is_linear=0
shrinkage=0.03


Tree=66
num_leaves=15
num_cat=0
split_feature=3 3 12 13 3 6 3 5 6 13 12 3 3 6
split_gain=22.329 34.0419 47.0692 24.71 36.2433 29.26 19.5135 29.4333 37.7966 27.5816 51.5493 33.2854 30.639 41.9367
threshold=-0.035601967840678032 -0.02091232504500384 -0.040790760127714369 0.062403135866360045 0.020957234065828948 0.003724502867213389 -0.0078886002715775321 -0.0026568812799461212 0.0015792732383533836 0.0027754051951442986 -0.011876018186187274 -0.0023272811868643574 0.00053420001242304044 0.00088411416078800506
decision_type=2 2 2 2 2 2 2 2 2 2 2 2 2 2
left_child=-1 2 -2 4 6 -6 -3 8 -8 10 11 -9 13 -11
right_child=1 3 -4 -5 5 -7 7 9 -10 12 -12 -13 -14 -15
leaf_value=0.015396394933658119 0.0027967578266976005 0.0040239006847657488 -0.031219398211386709 -0.012252039897771769 0.026098390649296099 -0.0018231648191427054 -0.0096693299410988646 -0.014929268424925363 0.0034323821484657227 -0.012689450021841278 0.0073610834461256911 0.0096924296685402221 0.00073809363165696523 -0.0017248713468268322
leaf_weight=80.201363429427147 70.775603786110878 919.18764764070511 73.177424103021622 146.12562617659569 84.167440086603165 55.150787964463234 638.80427467823029 175.07733759284019 285.66448076069355 376.3352177888155 953.17669600248337 66.955788671970367 4347.504748120904 1850.0224155932665
leaf_count=330 298 3740 335 627 388 226 2620 713 1151 1633 3865 274 17701 7623
internal_value=-0.000175739 -0.000303147 -0.0146859 -9.10475e-05 9.36488e-05 0.0151759 -0.000128052 -0.000567871 -0.00562218 3.48504e-05 0.00422303 -0.00809434 -0.000727665 -0.00358801
internal_weight=10122.3 10042.1 143.953 9898.17 9752.05 139.318 9612.73 8693.54 924.469 7769.07 1195.21 242.033 6573.86 2226.36
internal_count=41524 41194 633 40561 39934 614 39320 35580 3771 31809 4852 987 26957 9256
is_linear=0
shrinkage=0.03


Tree=67
num_leaves=15
num_cat=0
split_feature=12 5 3 2 12 13 13 3 4 13 5 3 2 13
split_gain=19.1577 31.0782 28.4256 28.3051 25.1823 28.7678 37.9707 40.6768 30.7383 22.8641 21.2106 21.1267 23.8083 20.8417
threshold=-0.0051447543389558361 -0.00041302904195406048 0.0018768757113557662 0.0049725543083989918 -0.0013563540221538937 0.018808869317501479 0.013989475055579572 0.0070333555364571207 0.0037343331026571396 0.0067941276408624027 0.0021052079000422057 -0.0001797943195045448 0.00041012521353764325 0.0025776683123686088
decision_type=2 2 2 2 2 2 2 2 2 2 2 2 2 2
left_child=1 13 9 -3 -4 6 10 -8 -7 11 -6 -2 -13 -1
right_child=2 3 4 -5 5 8 7 -9 -10 -11 -12 12 -14 -15
leaf_value=0.0019338655716495863 -0.0065349435439023005 0.0058463392337691211 0.0023488547194154886 -0.0041649323779661684 -0.016637107192295959 -0.023511217723214507 0.021696927664554246 -0.0022293939572367045 0.0027518619122356863 -0.0096466903940245277 -0.0024346724199161246 0.0095890683991554371 -0.0048913772446825916 -0.002372949163112632
leaf_weight=1911.627665579319 418.8135222196579 1625.4324514865875 1799.1390906125307 299.73028160631657 122.95025303959846 115.43772423267365 111.19444668292999 146.2303152680397 60.325165703892708 563.56979605555534 393.96300548315048 223.35077494382858 185.27179984748363 2142.6146939396858
leaf_count=7778 1763 6651 7346 1239 508 478 447 589 249 2399 1586 924 763 8818
internal_value=6.2457e-05 0.00114847 -0.00150578 0.00428497 0.000263037 -0.00368337 -0.00118163 0.00819316 -0.0145677 -0.00499709 -0.00586389 -0.00181461 0.00303171 -0.000342278
internal_weight=10119.7 5979.41 4140.25 1925.16 2749.24 950.101 774.338 257.425 175.763 1391.01 516.913 827.436 408.623 4054.24
internal_count=41538 24486 17052 7890 11203 3857 3130 1036 727 5849 2094 3450 1687 16596
is_linear=0
shrinkage=0.03


Tree=68
num_leaves=15
num_cat=0
split_feature=3 3 10 13 3 6 13 3 6 13 13 5 6 3
split_gain=19.9756 28.8097 64.6337 19.1109 44.1775 23.4154 20.5204 40.0264 34.9531 75.4856 67.007 48.3848 34.6229 37.1241
threshold=-0.035601967840678032 -0.02091232504500384 1.3363114586443234 0.062403135866360045 0.020957234065828948 0.0065837086704952372 0.0074188053317975075 0.0027344443156824866 0.001806731039846477 0.019605594676835095 0.020539114570887088 0.0035202038675234974 0.0015403763717821801 -0.001621181823952565
decision_type=2 2 8 2 2 2 2 2 2 2 2 2 2 2
left_child=-1 2 -2 4 6 -5 12 -8 10 11 -9 -10 13 -3
right_child=1 3 -4 5 -6 -7 7 8 9 -11 -12 -13 -14 -15
leaf_value=0.014667996935360144 0.011105173005303249 -0.002516140483110964 -0.029593739876550333 -0.022055762238934046 0.017418764346025274 0.0016024437933814155 -0.0052075262702481325 0.0047714309933519243 -0.0051910409543593087 0.0087750643566490687 -0.011567163718430251 -0.027144772604444891 0.0057495494956034078 0.0031649208496291
leaf_weight=82.591419830918312 57.431927695870399 2284.7744910120964 85.107543632388115 74.301671013236046 133.1439768075943 73.831084206700325 1573.6135655492544 1783.1658584326506 243.66446733474731 212.71681547164917 256.7109981328249 142.77554406225681 1246.7038149535656 1889.5521778464317
leaf_count=340 239 9353 392 320 591 317 6539 7200 998 870 1049 594 5033 7791
internal_value=0.000150567 2.84581e-05 -0.0132686 0.000222257 0.00038546 -0.0104 0.000146481 -0.0014238 0.000834614 -0.00552435 0.00270596 -0.0134001 0.00136681 5.57349e-05
internal_weight=10140.1 10057.5 142.539 9914.95 9766.82 148.133 9633.68 4212.65 2639.03 599.157 2039.88 386.44 5421.03 4174.33
internal_count=41626 41286 631 40655 40018 637 39427 17250 10711 2462 8249 1592 22177 17144
is_linear=0
shrinkage=0.03


Tree=69
num_leaves=15
num_cat=0
split_feature=13 5 3 6 13 3 6 13 7 7 13 3 10 5
split_gain=13.9419 37.3764 26.7082 43.9348 24.4345 31.4185 31.5238 55.7817 44.6602 32.4951 34.5351 30.4573 30.2757 29.2525
threshold=0.002630845397952664 -0.0016179280927899329 0.00024321672811578046 0.00089782501028189783 0.062403135866360045 0.018464164681019749 0.0016690292434136448 0.018808869317501479 0.97131445775387548 1.0598060200695507 0.021144185280087772 0.011457416537349304 1.2174510009709771 0.0023133584642245357
decision_type=2 2 2 2 2 2 2 2 2 2 2 2 8 2
left_child=1 -1 3 -2 5 6 7 11 -9 -8 13 -4 -7 -11
right_child=2 -3 4 -5 -6 12 9 8 -10 10 -12 -13 -14 -15
leaf_value=-0.00014912179352026645 -0.011898952364969606 0.0085824126441035979 0.0029794593483994203 -0.0012276377776008303 -0.012069943999503207 -0.0034846972484399077 0.0013477643532453169 -0.016468113587498223 0.0077527094088138647 -0.0044602337468520551 0.0068023774302830489 0.023696190268716361 0.022866720596030003 -0.021002590759364434
leaf_weight=1593.7194034159184 397.70053720474243 608.10708154737949 3093.3418846875429 2649.9996261745691 124.03401289880276 59.034580379724503 519.88928064703941 235.62229205667973 94.880378514528275 180.1508471518755 93.495380356907845 63.271227270364761 112.28352034091949 207.84813468158245
leaf_count=6488 1729 2478 12580 10931 539 240 2125 972 386 735 379 254 522 859
internal_value=0.000160045 0.00226798 -0.000433025 -0.00262705 0.000965259 0.00131726 0.000832916 0.00218021 -0.00951002 -0.00385377 -0.00945243 0.00340945 0.0138508 -0.0133841
internal_weight=10033.4 2201.83 7831.55 3047.7 4783.85 4659.82 4488.5 3487.12 330.503 1001.38 481.494 3156.61 171.318 387.999
internal_count=41217 8966 32251 12660 19591 19052 18290 14192 1358 4098 1973 12834 762 1594
is_linear=0
shrinkage=0.03


Tree=70
num_leaves=15
num_cat=0
split_feature=12 5 5 13 12 7 13 7 13 6 12 12 3 13
split_gain=16.3594 41.173 40.133 41.289 47.0173 27.1903 26.8598 38.8452 28.896 26.2606 35.2254 45.1472 26.7119 25.9905
threshold=-0.0029498973584741735 0.0013871738152496651 -0.00057340118092391579 0.0093338139193289722 -0.011509955169434536 1.1442994390821002 0.0040885720440347892 0.6888532272435326 0.0066642780126536802 0.0015328079239265199 -0.018409546015860086 -0.010575443207245737 -0.0070300048365983794 0.0019997824476432062
decision_type=2 2 2 2 2 2 2 2 2 2 2 2 2 2
left_child=2 -2 6 4 -4 -5 9 8 -8 10 12 -12 -1 -6
right_child=1 -3 3 5 13 -7 7 -9 -10 -11 11 -13 -14 -15
leaf_value=0.018196852194354119 -0.0087035433471190152 0.0002265335859541142 0.019194078913645118 -0.0028080074469702134 0.024621631039458768 0.0062385745024068785 -0.0027781656567269796 -0.002458049183751618 -0.025729814173281663 0.0058510261887208329 -0.007458340863001095 0.0020047752860250594 -0.0026183563024152609 0.0037471641640600939
leaf_weight=138.18944607675076 618.66448569297791 1848.4296317845583 219.05625580251217 1137.0962843745947 53.636679083108902 403.44623419642448 83.401421904563904 1297.2732454389334 120.91249704360962 652.08788855373859 855.80581080913544 961.85856857895851 91.088036343455315 1602.9013825505972
leaf_count=555 2633 7520 906 4668 221 1697 346 5369 511 2654 3521 3914 367 6559
internal_value=0.000104116 -0.00201807 0.000791848 0.00320569 0.00619232 -0.000433819 -0.00117179 -0.00438515 -0.0164787 0.000617863 -0.00105333 -0.00245402 0.00997619 0.00445193
internal_weight=10083.8 2467.09 7616.75 3416.14 1875.59 1540.54 4200.62 1501.59 204.314 2699.03 2046.94 1817.66 229.277 1656.54
internal_count=41441 10153 31288 14051 7686 6365 17237 6226 857 11011 8357 7435 922 6780
is_linear=0
shrinkage=0.03


Tree=71
num_leaves=15
num_cat=0
split_feature=3 3 10 3 5 7 6 7 7 5 11 7 1 18
split_gain=13.1904 31.8313 53.6505 18.5781 23.8364 25.0556 31.0402 28.1279 22.587 16.4801 25.2668 22.2469 20.132 14.677
threshold=-0.035601967840678032 -0.02091232504500384 1.3363114586443234 -0.0078886002715775321 -0.0024535748924252583 1.0231954290821259 0.0015328079239265199 1.2495521653503767 1.1442994390821002 -0.0016179280927899329 39.534071436954001 1.0823173378295674 -0.0035341998174647222 8.8755235241486776
decision_type=2 2 8 2 2 2 2 2 2 2 2 2 2 2
left_child=-1 2 -2 9 5 -5 7 8 -7 10 11 -3 -13 -6
right_child=1 3 -4 4 13 6 -8 -9 -10 -11 -12 12 -14 -15
leaf_value=0.012043449740361995 0.0079565300181313973 0.0014844244265046159 -0.028343362421772086 -0.0088936153556031152 0.00026245676367659971 -0.0051087201315989815 0.010383762938752251 -0.01447639165017511 0.017613706890017251 0.017461413517687974 -0.0027992937879375776 -0.0002593163728119477 0.020295091236281745 -0.01365573947044269
leaf_weight=77.570025935769081 59.935788109898567 252.34789937734604 89.48499795794487 572.57671530544758 7800.5623617321253 105.04638594388962 175.44922715425491 152.3686084151268 60.38326707482338 73.562334731221199 389.53458642959595 59.127931639552116 153.65035755932331 66.790350124239922
leaf_count=320 249 1026 416 2352 32078 432 706 621 248 298 1592 239 624 279
internal_value=-0.000122854 -0.000219512 -0.0138699 -9.90931e-06 -0.000429963 -0.00463582 0.000322709 -0.00526197 0.00329649 0.0040249 0.00283032 0.00753682 0.0146341 0.000140857
internal_weight=10088.4 10010.8 149.421 9861.4 8933.18 1065.82 493.247 317.798 165.43 928.223 854.661 465.126 212.778 7867.35
internal_count=41480 41160 665 40495 36716 4359 2007 1301 680 3779 3481 1889 863 32357
is_linear=0
shrinkage=0.03


Tree=72
num_leaves=15
num_cat=0
split_feature=12 5 5 13 7 12 2 7 2 13 5 7 7 12
split_gain=17.1487 45.1475 24.6202 29.2645 24.9767 23.7689 20.6484 20.1215 20.4289 19.888 42.8304 36.8412 28.0787 56.2906
threshold=-0.0031418579435251166 0.00063132547764177549 -0.00044047459351281843 0.0037608158203888968 0.68090261263285612 -0.0097138081599037456 9.8214750409067477e-05 1.3360879770288412 -0.00043917867676324102 0.0020462691126004189 -0.001795287711723603 0.8606677556054686 0.8716259064952977 -0.01533458658183112
decision_type=2 2 2 2 2 2 2 2 2 2 2 2 2 2
left_child=2 -2 9 6 5 -5 -4 8 -3 10 -1 -12 13 -11
right_child=1 7 3 4 -6 -7 -8 -9 -10 12 11 -13 -14 -15
leaf_value=-0.00080586373592729749 -0.012721251282294215 0.0094091726923440401 0.021816644551584281 0.019744971608266715 0.00049745672867214168 0.0038496695669015322 0.0058381465709832813 0.0059045806507793293 -0.0027197508947162325 0.0042003793185244487 0.021970906105288332 0.0028861115488935125 -6.168990779998213e-05 -0.011161051104665514
leaf_weight=1274.2212450057268 317.91287563741207 132.29242922365665 107.26785731315613 118.18832042813301 2343.845886439085 291.11724781990051 224.85551799833775 350.57597523927689 1810.5099540948868 311.16194294393063 152.31600143015385 223.73753812909126 1762.8226757347584 684.24816776812077
leaf_count=5199 1365 541 444 488 9634 1197 928 1438 7410 1276 617 909 7256 2854
internal_value=-7.08753e-05 -0.00216351 0.000658708 0.00271332 0.00169445 0.00851318 0.0110985 -0.000690161 -0.00188502 -0.000779778 0.00182385 0.0106915 -0.00233775 -0.00636032
internal_weight=10105.1 2611.29 7493.78 3085.27 2753.15 409.306 332.123 2293.38 1942.8 4408.51 1650.27 376.054 2758.23 995.41
internal_count=41556 10754 30802 12691 11319 1685 1372 9389 7951 18111 6725 1526 11386 4130
is_linear=0
shrinkage=0.03


Tree=73
num_leaves=15
num_cat=0
split_feature=3 12 3 6 12 10 13 6 13 12 5 12 6 13
split_gain=17.3817 30.9203 46.4052 37.1008 43.2068 36.7711 30.1655 29.12 48.277 39.785 40.7522 40.5972 60.7958 37.4594
threshold=-0.00041728370700950564 -0.065257724317744056 -0.02091232504500384 0.0015256035668799806 -0.018409546015860086 1.2174510009709771 0.0056788192837908822 0.0016585890937022101 0.018471123976611662 -0.010366913217342065 0.0020260819162601922 -0.002127512447394508 0.00077970222840648888 0.019605594676835095
decision_type=2 2 2 2 2 8 2 2 2 2 2 2 2 2
left_child=1 -1 5 4 -4 -3 -5 8 9 -2 11 12 -11 -9
right_child=7 2 3 6 -6 -7 -8 13 -10 10 -12 -13 -14 -15
leaf_value=0.015232326386771983 0.01625885458399191 0.0013477357945351131 0.0086336849682080493 0.006809485551229023 -0.0038727194768527666 -0.028791487059541619 -0.0021485613254251979 -0.0063004255607527109 -0.0078162489530069525 0.01542320567249944 0.0072166662580708876 -0.0073110730409329163 3.2086177668790999e-05 0.0038208831104275857
leaf_weight=99.139566957950592 210.86398197710514 57.636791840195656 270.35987566411495 813.72880584001541 2862.9867476075888 96.22843025624752 576.76857700943947 856.73499454557896 360.25438402593136 275.06173558533192 1235.2066699564457 477.90183819830418 1388.8244507312775 531.89935180544853
leaf_count=407 893 239 1088 3276 11867 448 2354 3522 1485 1147 4966 2003 5644 2259
internal_value=0.000134141 -0.00118016 -0.00153437 -0.000979408 -0.00278879 -0.0176291 0.003096 0.00131056 0.00262453 0.00367665 0.00288184 0.000377467 0.0025919 -0.00242366
internal_weight=10113.6 4776.85 4677.71 4523.84 3133.35 153.865 1390.5 5336.75 3948.11 3587.86 3376.99 2141.79 1663.89 1388.63
internal_count=41598 19679 19272 18585 12955 687 5630 21919 16138 14653 13760 8794 6791 5781
is_linear=0
shrinkage=0.03


Tree=74
num_leaves=15
num_cat=0
split_feature=12 3 6 3 7 6 6 12 13 13 6 7 7 13
split_gain=15.2093 32.039 40.8808 30.7462 43.0147 35.1629 34.4438 41.7316 56.2846 48.0571 34.2616 57.775 31.8802 38.4653
threshold=-0.0051447543389558361 -0.0025892939433324043 0.00079288753756834014 0.0016231057033969933 0.93446850968493256 0.00057971869808519599 0.0015256035668799806 -0.002127512447394508 0.018808869317501479 0.012968910177258654 0.00073343601475603251 0.97131445775387548 0.63705561799167698 0.0068650030284072025
decision_type=2 2 2 2 2 2 2 2 2 2 2 2 2 2
left_child=1 -1 -3 4 12 -5 7 -7 9 10 -9 -12 -2 -14
right_child=3 2 -4 5 -6 6 -8 8 -10 -11 11 -13 13 -15
leaf_value=-0.00099396488332933932 0.0052286042726425348 0.01803003910723645 0.0024878855718802858 -0.021921921535599333 -0.00019209255681630546 0.0080579349246952293 -0.0045224692111046566 0.012772590120885474 -0.018589656960871562 0.010159003784652527 -0.016539276592652138 0.002627766699639867 -0.0063923596277990708 -0.023134595909956424
leaf_weight=3268.3066294193268 89.426153063774109 160.21191991865635 2520.5190848857164 60.282468244433403 704.0889877229929 834.50417324900627 770.19432985782623 101.14413855969906 137.54670146107674 381.35386821627617 255.77523423731327 312.85103882849216 270.69830361008644 228.52229307591915
leaf_count=13417 385 666 10342 255 2949 3376 3204 413 575 1529 1043 1261 1141 993
internal_value=2.77964e-05 0.000999801 0.0034295 -0.0013666 -0.00520093 0.00037282 0.000869293 0.0029243 -0.000687238 0.00168627 -0.00315382 -0.00602156 -0.0111711 -0.014118
internal_weight=10095.4 5949.04 2680.73 4146.39 1292.74 2853.65 2793.37 2023.18 1188.67 1051.12 669.77 568.626 588.647 499.221
internal_count=41549 24425 11008 17124 5468 11656 11401 8197 4821 4246 2717 2304 2519 2134
is_linear=0
shrinkage=0.03


Tree=75
num_leaves=15
num_cat=0
split_feature=2 5 13 12 12 11 5 12 3 11 12 11 13 3
split_gain=14.6135 20.6661 25.4455 29.2333 23.977 30.742 30.343 29.1474 26.9443 31.7711 26.4022 25.2969 22.156 40.2313
threshold=-0.0057560719090329884 -0.0026568812799461212 0.0045653451343200544 -0.019175061342895202 -0.0088468367640457939 43.752425341510637 -0.00074687329883504894 -0.011152313326219907 0.009491859566983037 60.305831440232062 -0.016795703152161331 58.458923242909961 0.0023447896422176266 0.00024321672811578046
decision_type=2 2 2 2 2 2 2 2 2 2 2 2 2 2
left_child=-1 2 3 -2 5 -3 7 10 11 -10 -7 -8 -6 -14
right_child=1 4 -4 -5 12 6 8 -9 9 -11 -12 -13 13 -15
leaf_value=0.0040795252180840574 0.0080242886076943767 0.010556516130923271 -0.011479638089943105 -0.0043496476404491736 0.0052781265990250632 0.0029365704989702712 0.01110624126235191 0.0060831637674848577 -0.019345570342074403 0.010629693810779215 -0.012095284904692406 -0.00030744885881528813 -0.0055560355470472217 0.00023921479504345465
leaf_weight=721.91841839253902 220.84033547341824 394.56548130512238 301.46732288599014 749.26004408299923 507.98852916061878 151.37155866622925 487.32235868275166 200.57127913832664 79.24121405184269 50.666732162237167 337.55594737827778 271.70207740366459 1449.4436695873737 4190.8584086745977
leaf_count=2984 895 1615 1259 3072 2064 616 2000 812 332 212 1380 1113 6125 17156
internal_value=-2.75766e-05 -0.000344043 -0.00389714 -0.00152205 0.000213097 0.00308889 0.00121118 -0.00350596 0.00486968 -0.0076707 -0.00744843 0.0070305 -0.000710453 -0.00125149
internal_weight=10114.8 9392.85 1271.57 970.1 8121.29 1973 1578.43 689.499 888.932 129.908 488.928 759.024 6148.29 5640.3
internal_count=41635 38651 5226 3967 33425 8080 6465 2808 3657 544 1996 3113 25345 23281
is_linear=0
shrinkage=0.03


Tree=76
num_leaves=15
num_cat=0
split_feature=12 5 7 6 3 5 7 6 6 2 12 6 7 2
split_gain=17.2861 33.4432 29.1189 28.3643 23.4057 22.7077 22.4345 29.3936 21.8346 25.4367 20.9469 33.1747 22.7802 22.05
threshold=-0.0021694956656732596 0.0019868549803897522 0.8606677556054686 0.00071440897676517594 0.0035376239867968566 2.9487771910918784e-05 0.69565564187565321 0.00075830835982592813 0.0009750627421500162 0.00056981733542378632 -0.0058868240465099744 0.00066916576418271829 0.93680587842601037 -0.00059148974061590243
decision_type=2 2 2 2 2 2 2 2 2 2 2 2 2 2
left_child=5 2 3 -2 -3 10 8 -8 9 -7 -1 13 -13 -12
right_child=1 4 -4 -5 -6 6 7 -9 -10 -11 11 12 -14 -15
leaf_value=0.00036198585539723248 -0.0013858673852658811 0.0096453542734497751 -0.0030635771528737788 -0.024682955058008375 -0.0016033481096633395 0.014187106801740222 0.014375711330632411 0.00090566293747806122 0.013180496613224717 -0.011209527941153961 0.017001284840949638 -0.013895861148873933 -0.003101519924227544 -0.004008455134254448
leaf_weight=4175.8676339387894 69.333577558398247 195.50613924860954 326.76660488545895 145.88470263779163 1057.7611449807882 57.751282244920731 152.43949592113495 2614.0272824466228 316.37236200273037 85.443565458059311 91.606139004230499 294.74279069900513 436.11845283210278 85.309069380164146
leaf_count=17131 295 793 1376 618 4301 239 640 10751 1298 354 385 1256 1808 360
internal_value=0.000135969 -0.00253189 -0.00874343 -0.0172596 0.00016399 0.000712813 0.00268065 0.00165775 0.00880436 -0.000912589 -0.00053652 -0.00466145 -0.00748072 0.00693876
internal_weight=10104.9 1795.25 541.985 215.218 1253.27 8309.68 3226.03 2766.47 459.567 143.195 5083.64 907.776 730.861 176.915
internal_count=41605 7383 2289 913 5094 34222 13282 11391 1891 593 20940 3809 3064 745
is_linear=0
shrinkage=0.03


Tree=77
num_leaves=15
num_cat=0
split_feature=2 5 3 13 3 13 5 12 3 13 1 6 6 12
split_gain=16.116 22.7292 30.3711 31.0624 37.8302 28.9084 58.4021 48.1519 33.9983 27.539 26.9101 27.8596 35.5575 25.0735
threshold=-0.0057560719090329884 -0.0026568812799461212 -0.0080510522338975831 0.062403135866360045 0.020957234065828948 0.0086325512819961387 -0.00010994915719403363 -0.0028077187419481837 -0.00053342891637719869 0.038016351125687138 0.00039390737380828883 0.00062921953508671168 0.00081196612855315327 -0.01731834753256389
decision_type=2 2 2 2 2 2 2 2 2 2 2 2 2 2
left_child=-1 -2 -3 4 5 7 -7 8 13 -6 11 -9 -13 -4
right_child=1 2 3 -5 9 6 -8 10 -10 -11 -12 12 -14 -15
leaf_value=0.0043726243407253111 -0.0040236529783709701 0.013291614915033929 0.013298464925396502 -0.015888652742053616 0.031980226030500665 -0.013238480715289443 -0.00070879632202996306 -0.024327366192667899 0.0064730641158258339 0.0036484376432578325 0.0017567110368122561 0.010268001943863648 -0.011875574946047582 -0.00021411199180886123
leaf_weight=711.09486372768879 1276.1108493506908 156.32407768070698 129.41404017806053 106.92281678318977 55.053915321826935 375.73753640055656 2948.17748709023 96.286296635866165 1475.1990108937025 68.584865510463715 272.70047941803932 86.745061650872231 246.8326364159584 2074.7130073457956
leaf_count=2937 5248 638 523 463 267 1597 12051 417 6051 294 1125 364 1027 8510
internal_value=2.5018e-05 -0.000305829 0.000281272 2.17205e-05 0.000243003 -2.3231e-05 -0.00213227 0.00157684 0.00295137 0.0165723 -0.00560953 -0.0102691 -0.00609038 0.000590608
internal_weight=10079.9 9368.8 8092.69 7936.37 7829.44 7705.81 3323.92 4381.89 3679.33 123.639 702.564 429.864 333.578 2204.13
internal_count=41512 38575 33327 32689 32226 31665 13648 18017 15084 561 2933 1808 1391 9033
is_linear=0
shrinkage=0.03


Tree=78
num_leaves=15
num_cat=0
split_feature=5 12 3 6 13 13 13 6 2 3 3 6 3 13
split_gain=14.0468 42.5627 37.3027 32.5183 80.2352 47.3139 46.8068 38.6147 35.445 33.9578 26.4488 24.1505 22.6502 22.607
threshold=0.0020260819162601922 -0.002127512447394508 0.0082210137075776641 0.0016690292434136448 0.018808869317501479 0.056539713012860544 0.018808869317501479 0.0011096066530853646 0.0017932285137370262 0.0080517703236248645 0.003939260146339941 0.0020431536617839595 0.011457416537349304 0.0090201196094537046
decision_type=2 2 2 2 2 2 2 2 2 2 2 2 2 2
left_child=1 2 13 6 10 8 12 -8 -6 -10 -5 -11 -2 -1
right_child=3 -3 -4 4 5 -7 7 -9 9 11 -12 -13 -14 -15
leaf_value=0.0012302587725817331 0.0061907891058116766 -0.0086293133390706149 -0.018972022241490021 0.00068429868368971591 0.027019501227186028 -0.0094176267216005485 -0.028716386039540413 -0.00089560432421305163 -0.015271370149511415 -0.0024825913924086907 -0.018141111949235587 0.018446695117165554 0.02450657936447297 -0.003139697431433081
leaf_weight=5697.9343163222075 1246.4912756830454 530.2767335921526 88.489812299609184 89.488127872347832 90.445649117231369 141.05788443982601 53.523059099912643 235.43620254099369 54.822165220975876 77.343615680932999 265.5872810781002 134.31880600750446 62.20672208070755 1308.4105997532606
leaf_count=23426 5023 2245 360 366 385 607 228 968 221 325 1102 582 250 5427
internal_value=0.000187784 -0.000447333 0.000166458 0.00216262 -0.00256268 0.00520107 0.00468573 -0.00621073 0.0109986 0.00540032 -0.0134194 0.0108473 0.00709747 0.000413522
internal_weight=10075.8 7625.11 7094.83 2450.72 853.064 497.988 1597.66 288.959 356.93 266.485 355.075 211.662 1308.7 7006.34
internal_count=41515 31458 29213 10057 3588 2120 6469 1196 1513 1128 1468 907 5273 28853
is_linear=0
shrinkage=0.03


Tree=79
num_leaves=15
num_cat=0
split_feature=13 3 12 3 3 5 13 3 13 3 13 5 4 2
split_gain=13.2561 33.2901 26.2842 44.369 25.5531 19.7992 18.8163 35.0559 22.9882 32.8438 53.5778 32.0468 23.7522 21.7782
threshold=0.0080416558813724021 0.0027344443156824866 -0.0028077187419481837 -0.001621181823952565 -0.0082201037680657268 0.0028058321951246472 0.056539713012860544 0.018464164681019749 0.016601294270496728 0.0078909792860787937 0.014311090321413424 0.0043291497709595514 -0.00015733191189420956 -0.0007220689022466863
decision_type=2 2 2 2 2 2 2 2 2 2 2 2 2 2
left_child=2 4 3 -1 -2 -6 7 8 9 10 -3 12 -10 -11
right_child=1 6 -4 -5 5 -7 -8 -9 11 13 -12 -13 -14 -15
leaf_value=-0.00032728435509303506 0.0048405866791626888 0.0020846836895426373 -0.0048980974320533104 0.005422108155825907 -0.0075041064480393573 0.0056811179478434603 -0.0095428562654260637 0.015442357748457399 0.0014175696573140713 -0.02331769644782682 0.018519444087635614 0.0026524714712629236 -0.014255052191677728 -0.0023441617313506532
leaf_weight=3377.1125900000334 212.63981214165688 1073.5526242554188 598.15310679376125 1878.6412447839975 1168.9582596421242 110.88794516026974 147.50708125531673 148.77358773350716 124.64703015983105 49.510887533426285 212.30283200740814 372.5958194732666 283.79967534542084 334.78734962642193
leaf_count=13849 879 4357 2510 7716 4915 452 638 677 507 200 859 1524 1160 1361
internal_value=0.000125378 -0.00115176 0.00105048 0.00172909 -0.00475527 -0.00635464 0.000807782 0.0014019 0.00053783 0.00252391 0.00482271 -0.00370472 -0.00948858 -0.00515301
internal_weight=10093.9 4239.96 5853.91 5255.75 1492.49 1279.85 2747.48 2599.97 2451.2 1670.15 1285.86 781.043 408.447 384.298
internal_count=41604 17529 24075 21565 6246 5367 11283 10645 9968 6777 5216 3191 1667 1561
is_linear=0
shrinkage=0.03


Tree=80
num_leaves=15
num_cat=0
split_feature=12 5 7 5 13 6 4 6 12 7 13 7 12 7
split_gain=13.399 37.4455 23.064 20.6127 27.8168 31.6855 31.3807 26.8991 26.7224 25.9416 31.386 39.6396 23.3515 22.607
threshold=-0.0019039241350021217 0.001288610489043829 0.89535630486162476 2.9487771910918784e-05 0.0080416558813724021 0.0021013263464123009 -0.0016391998981442055 0.0010805764219176865 -0.0095470012414956545 0.69565564187565321 0.0064724152151202094 1.2618615349702182 -0.009238284179227783 0.58847417107872046
decision_type=2 2 2 2 2 2 2 2 2 2 2 2 2 2
left_child=3 2 -2 4 -1 6 -6 -8 -9 12 11 -11 -5 -14
right_child=1 -3 -4 9 5 -7 7 8 -10 10 -12 -13 13 -15
leaf_value=8.2050789584571136e-05 -0.026433756682589061 -0.00095682190106142638 -0.0055352101811151199 0.020182525827721485 0.0024540024862189577 0.0013722996339618849 -0.0037019702629727878 -0.0064940882870440919 -0.027464044498781603 0.0091405559469531147 -0.00074923534201679781 -0.010372175808144937 -0.0064137546874732344 0.0096692992474291233
leaf_weight=4248.7577640414238 85.739903166890144 1377.1710579991341 106.69772598147392 115.62795865535736 123.96404156088829 325.47503381967545 129.38236120343208 83.14973983168602 166.86405436694622 646.15385504066944 2213.8708878904581 107.82070735096931 111.50324194133282 256.1045051664114
leaf_count=17444 379 5616 462 481 518 1346 571 343 711 2671 9145 438 459 1052
internal_value=-0.000152807 -0.00269824 -0.0150226 0.000316175 -0.000899628 -0.00591997 -0.010622 -0.0148849 -0.0205967 0.00210448 0.00105231 0.00633012 0.00853552 0.00478266
internal_weight=10098.3 1569.61 192.438 8528.67 5077.59 828.835 503.36 379.396 250.014 3451.08 2967.85 753.975 483.236 367.608
internal_count=41636 6457 841 35179 20933 3489 2143 1625 1054 14246 12254 3109 1992 1511
is_linear=0
shrinkage=0.03


Tree=81
num_leaves=15
num_cat=0
split_feature=5 12 3 6 12 12 7 10 13 7 12 6 3 12
split_gain=16.3311 28.7602 48.6481 41.2118 85.2938 48.7045 49.3315 28.6346 40.9688 24.662 24.4296 24.5078 34.9558 38.5673
threshold=-0.0026568812799461212 -0.058443834880997296 -0.02091232504500384 0.0015956719393053407 -0.019175061342895202 -0.019643629601063858 1.0630283930060267 0.88331283360642154 0.0052428824966745955 0.95863675845156471 -0.0058300143913355132 0.0015256035668799806 0.00070787813086086598 -0.0013066877240170414
decision_type=2 2 2 2 2 2 2 10 2 2 2 2 2 2
left_child=1 -1 -3 4 9 7 -7 8 -5 -4 -2 12 -12 -14
right_child=10 2 3 5 -6 6 -8 -9 -10 -11 11 -13 13 -15
leaf_value=0.011356988316469021 0.0024191039270292096 -0.021350216634711882 0.019212243572091368 -0.00031348401367010709 -0.0098264148410980613 -0.0021083981266202239 0.020356290944138038 0.013464985279793628 -0.027762742083611729 -0.0033922457206663507 -0.0042703085440946318 -0.0048718785920654319 0.0048924856467566433 -0.0031440667486842418
leaf_weight=124.12959463894367 3620.6500765383244 125.22101594507694 133.67862856388092 125.68367271125317 851.85374845564365 148.88219030201435 211.84277933835983 52.583397909998894 78.188823506236076 63.111603602766991 1040.2783255279064 1060.3899208754301 1655.9373105019331 793.55440187454224
leaf_count=509 14867 573 537 509 3514 599 850 216 326 254 4436 4425 6754 3232
internal_value=-3.72778e-06 -0.00249567 -0.00346734 -0.00209908 -0.00571507 0.00404341 0.0111239 -0.00592489 -0.0110082 0.0120017 0.000580833 -0.000882334 0.000332012 0.00228847
internal_weight=10086 1915.18 1791.05 1665.82 1048.64 617.181 360.725 256.456 203.872 196.79 8170.81 4550.16 3489.77 2449.49
internal_count=41601 7887 7378 6805 4305 2500 1449 1051 835 791 33714 18847 14422 9986
is_linear=0
shrinkage=0.03


Tree=82
num_leaves=15
num_cat=0
split_feature=13 5 2 10 3 7 5 12 13 3 3 13 3 6
split_gain=15.0325 29.227 18.3479 26.5058 26.4044 42.066 23.2749 28.1179 19.4551 29.3529 28.2292 18.3501 35.683 23.3289
threshold=0.0028729746760514101 -0.001021013332540843 -0.0066855395656810748 0.85740265270916827 -0.015582502083718473 1.2282027166670855 0.00046567950573583877 -0.0028077187419481837 0.011795434422704256 -0.01683356349497683 -0.0092406959401936193 0.062403135866360045 0.020957234065828948 0.0017565447435977429
decision_type=2 2 2 8 2 2 2 2 2 2 2 2 2 2
left_child=1 -1 3 -2 5 -5 7 8 9 -4 -10 12 13 -8
right_child=2 -3 6 4 -6 -7 11 -9 10 -11 -12 -13 -14 -15
leaf_value=0.00065135202254359645 -0.01370657707490831 0.0095370040043631123 -0.021424311189024749 0.014834688145133248 0.017800932437813596 -0.02258030986935634 0.0014928551894473475 -0.015685084305642256 0.0094845039202086732 -0.00080103507575554741 -0.012659854443020223 -0.01136238623087955 0.016419709210467884 -0.004147520995729426
leaf_weight=2001.0358812510967 47.715263560414314 397.78897708654404 61.736717641353607 60.344184592366219 160.09627395868301 45.773977011442184 3251.602778211236 145.708973929286 61.266150996088982 2448.0280010998249 293.99538154900074 111.93942491710186 126.26022417843342 825.90689463913441
leaf_count=8161 202 1639 279 252 651 206 13308 650 253 10120 1235 488 580 3403
internal_value=6.07767e-05 0.00213155 -0.000589764 0.00648924 0.0101843 -0.00142339 -0.00089478 -0.00291832 -0.00225854 -0.00132499 -0.00880926 0.000517582 0.000839179 0.000348914
internal_weight=10039.2 2398.82 7640.37 313.93 266.214 106.118 7326.44 3010.74 2865.03 2509.76 355.262 4315.71 4203.77 4077.51
internal_count=41427 9800 31627 1311 1109 458 30316 12537 11887 10399 1488 17779 17291 16711
is_linear=0
shrinkage=0.03


Tree=83
num_leaves=15
num_cat=0
split_feature=5 12 6 3 7 11 2 12 3 6 12 12 5 2
split_gain=13.889 35.2856 30.0079 41.5819 36.5676 25.3893 23.8191 22.4424 44.9433 27.9353 54.0636 46.5079 60.2061 34.6359
threshold=-0.00059938800742048704 -0.0079675458723636999 0.00099137931948155224 0.0061853582525908122 0.96840368748829742 61.641111513093591 0.0013129614965099459 -0.058443834880997296 -0.02091232504500384 0.0016987066238819445 -0.021616861201805723 -0.018823801957871863 -0.003440704510408676 -0.0018578614684768497
decision_type=2 2 2 2 2 2 2 2 2 2 2 2 2 2
left_child=7 2 6 4 5 -4 -2 -1 -9 10 13 -11 -13 -10
right_child=1 -3 3 -5 -6 -7 -8 8 9 11 -12 12 -14 -15
leaf_value=0.010721072277237063 0.0052271004492753488 -0.00026464879958406446 0.021183988886176251 -0.0027015316366764339 0.0032363889278664119 0.0025540782599750614 -0.016788022222378622 -0.019250878140464028 0.023840140553743682 -0.0066847952507738456 -0.0036269363493300075 0.02236411711515128 0.0019441859827649252 -0.0038107341271494516
leaf_weight=130.88563720881939 87.691925838589668 4793.9928928911686 320.65182717144489 247.76619908213615 279.19838613271713 83.463992536067963 85.787415340542793 126.7473502010107 107.82444475591183 283.77518229186535 2829.9573609232903 181.73393814265728 445.43468706309795 64.063402876257896
leaf_count=538 366 19823 1318 1039 1138 343 353 585 433 1166 11661 730 1802 259
internal_value=-8.69458e-05 0.000849827 0.00567859 0.00781139 0.0116201 0.0173678 -0.00572688 -0.00141167 -0.00180989 -0.00123538 -0.00263158 0.00336121 0.00791353 0.0136092
internal_weight=10069 5898.55 1104.56 931.08 683.314 404.116 173.479 4170.42 4039.54 3912.79 3001.85 910.944 627.169 171.888
internal_count=41554 24380 4557 3838 2799 1661 719 17174 16636 16051 12353 3698 2532 692
is_linear=0
shrinkage=0.03


Tree=84
num_leaves=15
num_cat=0
split_feature=3 3 12 3 12 12 3 7 13 12 6 13 13 13
split_gain=10.7074 21.1348 45.0757 15.3269 17.7013 31.0314 23.5944 35.1577 37.9154 29.3199 35.9587 31.5364 28.5068 27.5147
threshold=-0.035601967840678032 -0.02091232504500384 -0.038383489992405588 -0.0078886002715775321 -0.038383489992405588 -0.021616861201805723 -0.00012665413612311657 1.1968141765272027 0.00941694238323121 -0.0062119807621484604 0.0015256035668799806 0.020539114570887088 0.018808869317501479 0.012968910177258654
decision_type=2 2 2 2 2 2 2 2 2 2 2 2 2 2
left_child=-1 2 -2 -3 -5 -6 7 8 -7 -8 11 13 -12 -11
right_child=1 3 -4 4 5 6 9 -9 -10 10 12 -13 -14 -15
leaf_value=0.010715774452011814 0.0041322801313505055 0.003694036745277113 -0.029316665557966842 -0.0124890765998778 0.012184735755413607 -0.0026461933891400399 0.0049467401961967652 0.0034858858859643793 -0.013814389791631344 0.00019265087751233929 -0.0089000333537092944 -0.011112269692128082 0.0018713558609794417 0.0070164844886748973
leaf_weight=79.911634519696236 76.600294858217239 911.13125598430634 66.126644909381866 105.46630600094795 175.28855329751968 2579.3228234797716 1190.746692866087 740.93900237977505 304.31330886483192 1892.3469109237194 665.86957535147667 171.02293068170547 329.68211856484413 737.73443710803986
leaf_count=332 330 3715 322 432 718 10661 4947 3019 1313 7756 2754 711 1401 2984
internal_value=-8.64002e-05 -0.000175322 -0.0115559 -7.31842e-06 -0.000387297 -0.000239241 -0.000494889 -0.0023362 -0.00383354 0.000843678 -0.000445095 0.00129592 -0.00533643 0.0021106
internal_weight=10026.5 9946.59 142.727 9803.86 8892.73 8787.27 8611.98 3624.58 2883.64 4987.4 3796.66 2801.1 995.552 2630.08
internal_count=41395 41063 652 40411 36696 36264 35546 14993 11974 20553 15606 11451 4155 10740
is_linear=0
shrinkage=0.03


Tree=85
num_leaves=15
num_cat=0
split_feature=13 6 18 5 13 12 2 13 12 5 11 12 2 13
split_gain=11.543 48.0821 25.6936 13.3491 35.7015 37.1549 25.9572 24.8396 30.5307 28.9685 26.4235 25.3237 38.0554 24.5817
threshold=0.062403135866360045 0.0074373731739061843 6.5029795099547352 0.0026624815491146374 0.015409238798936077 -0.058443834880997296 -0.00037599715545388873 0.013850912703217257 -0.0029498973584741735 -0.00035245951643519952 46.719728307707101 -0.011638913110731728 0.0029284541844729274 0.030892023276395179
decision_type=2 2 2 2 2 2 2 2 2 2 2 2 2 2
left_child=3 2 -2 4 5 -1 -5 8 9 -7 -9 -11 -13 -6
right_child=1 -3 -4 6 13 7 -8 10 -10 11 -12 12 -14 -15
leaf_value=0.020543899466407604 -0.0029654981065407684 0.015689138599491805 -0.033239807749350911 0.018222714877550162 -0.011145472221878887 -0.00089463994180742938 0.0017114949963582952 -0.0064386223813320941 -0.0048650084416481856 0.01311032914886792 0.018111839789468641 0.0041066103612320791 -0.0081970595344673207 0.0053084065518550884
leaf_weight=77.963160872459412 45.82407745718956 49.539544239640236 55.328921049833298 88.318762749433517 415.6499577909708 4183.0336022526026 1689.2630694657564 55.143617749214172 1111.1450116783381 217.11418777704239 129.55093230307102 1541.4313492923975 263.20927695930004 100.3145672082901
leaf_count=322 206 213 237 375 1721 17230 6943 233 4658 908 528 6339 1071 412
internal_value=7.22948e-05 -0.00811312 -0.0198484 0.000198859 -0.000318269 0.000202477 0.00255141 -1.43764e-05 -0.00029005 0.000530531 0.0107914 0.0034772 0.00230502 -0.00793834
internal_weight=10022.8 150.693 101.153 9872.14 8094.56 7578.59 1777.58 7500.63 7315.93 6204.79 184.695 2021.75 1804.64 515.965
internal_count=41396 656 443 40740 33422 31289 7318 30967 30206 25548 761 8318 7410 2133
is_linear=0
shrinkage=0.03


Tree=86
num_leaves=15
num_cat=0
split_feature=12 13 13 7 2 4 7 3 13 7 3 12 10 12
split_gain=12.1222 27.9 36.8647 40.021 29.6291 23.3267 22.7809 17.6887 27.1715 45.144 26.6965 33.1803 31.0502 27.2229
threshold=-0.002293199647026289 0.012167293896374056 0.017912616544653152 0.91727799277343558 0.004245167670811339 0.0018436673935415817 0.8606677556054686 -0.00053342891637719869 0.0082606688654411915 1.2282027166670855 0.0024516406677201137 -0.006612186717436074 0.99975982036724476 -0.015697915976525586
decision_type=2 2 2 2 2 2 2 2 2 2 2 2 8 2
left_child=7 6 4 5 -3 -4 -2 -1 9 -9 11 -10 -12 -14
right_child=1 2 3 -5 -6 -7 -8 8 10 -11 12 -13 13 -15
leaf_value=-0.00068859869536982282 -0.013028089422162365 0.011012690209731743 -0.026050007922945723 0.0035124376680628678 -0.0035527975113184762 -0.0028694097251893403 -0.0028180579222922626 0.0072267372306601277 0.0040823501278675475 -0.0069959480032394149 -0.011024496872722745 -0.012800802230367858 0.024437632680435858 0.0022880413460385895
leaf_weight=4641.7033526301384 269.25278577208519 386.87132084369659 96.679445430636406 183.9562926441431 184.54168295860291 65.58368207514286 721.44925680756569 1326.3258240222931 163.97063159942627 234.98809160292149 153.25894498825073 284.36272914707661 49.96794481575489 1304.4259499013424
leaf_count=19177 1138 1570 406 768 748 273 2982 5476 674 954 652 1186 207 5379
internal_value=2.37349e-05 -0.00212749 0.00164023 -0.00606332 0.00631268 -0.0168299 -0.0056136 0.00052729 0.00213135 0.00507992 -0.00022505 -0.00663536 0.00168746 0.00314004
internal_weight=10067.3 1908.33 917.632 346.219 571.413 162.263 990.702 8159 3517.3 1561.31 1955.99 448.333 1507.65 1354.39
internal_count=41590 7885 3765 1447 2318 679 4120 33705 14528 6430 8098 1860 6238 5586
is_linear=0
shrinkage=0.03


Tree=87
num_leaves=15
num_cat=0
split_feature=2 5 13 12 12 5 12 10 10 4 12 13 11 5
split_gain=11.6541 22.512 38.0876 37.2141 30.7481 40.5945 25.4268 19.906 41.9403 19.1152 18.4193 18.3964 30.6463 28.2514
threshold=-0.0061424662203024552 -0.0020205306432082844 0.0028729746760514101 -0.011509955169434536 -0.0080404642929551278 0.001288610489043829 -0.0017669724590259059 0.92640945803602037 1.2213946660063548 -0.0012919754019647398 -0.023580786978084241 0.0087167219749322306 52.356457131230961 0.00046567950573583877
decision_type=2 2 2 2 2 2 2 10 10 2 2 2 2 2
left_child=7 9 3 -3 -4 6 11 10 -9 -2 -1 13 -13 -6
right_child=1 2 4 -5 5 -7 -8 8 -10 -11 -12 12 -14 -15
leaf_value=-0.0072738055016159575 -0.00026474338351101766 -0.0065412553226254968 0.0034679116598445641 0.0088271994824644304 -0.0044399969976635081 0.00092233740190590294 -0.016054344583058509 0.027827559042643085 -0.0069826909570143919 -0.0063461916652421436 0.0050821175080692981 -0.0046739145134369392 -0.021654098398753634 0.0047469810017866099
leaf_weight=155.65945152938366 962.92697551846504 171.41951650381088 1479.6118760854006 785.2956718057394 1008.3594080507755 2859.014410585165 156.78255732357502 78.397888138890266 49.759194761514664 898.20257283747196 347.03987511992455 518.24849459528923 115.85205172002316 427.38315783441067
leaf_count=680 3958 699 6093 3206 4219 11735 693 324 208 3705 1410 2201 492 1762
internal_value=1.46095e-05 -0.000251101 0.000480027 0.00606565 -0.000335532 -0.00144303 -0.0044783 0.00395498 0.0144123 -0.00320338 0.00124248 -0.0035868 -0.00783457 -0.00170247
internal_weight=10014 9383.1 7521.97 956.715 6565.25 5085.64 2226.63 630.856 128.157 1861.13 502.699 2069.84 634.101 1435.74
internal_count=41385 38763 31100 3905 27195 21102 9367 2622 532 7663 2090 8674 2693 5981
is_linear=0
shrinkage=0.03


Tree=88
num_leaves=15
num_cat=0
split_feature=5 3 13 12 12 3 6 12 12 10 13 3 6 3
split_gain=15.4916 30.6797 30.0332 38.1178 26.2783 46.1053 37.2135 63.6966 44.4723 28.0981 37.047 27.3419 23.5728 21.4855
threshold=-0.0024535748924252583 -0.0080510522338975831 0.0022611339963004577 -0.012256731280127995 -0.058443834880997296 -0.02091232504500384 0.0015956719393053407 -0.019175061342895202 -0.019643629601063858 0.89942687810492306 0.0052428824966745955 -0.0087855780349925788 0.001905436848521722 -0.0032599976689566957
decision_type=2 2 2 2 2 2 2 2 2 10 2 2 2 2
left_child=4 -2 3 -3 -1 -6 7 -7 9 10 -8 12 -10 -4
right_child=1 2 13 -5 5 6 8 -9 11 -11 -12 -13 -14 -15
leaf_value=0.010862821410919463 0.014481295715990472 -0.0084637258069754761 -0.0052324196022988153 0.0087021579941088962 -0.020739498415348733 0.0097775225148069734 -0.00031395666487389867 -0.008505530990539481 0.0045878090172071792 0.014157763472977165 -0.025900905024097923 0.0042772229659754453 0.030634339570525429 0.00018949801630555279
leaf_weight=124.1139747351408 136.80160461366177 139.22661833465099 731.68637409806252 668.14441652595997 125.12958315014839 206.99342668056488 125.30255521833897 959.06591649353504 50.755620449781418 48.833711192011833 83.859266594052315 257.50058028101921 82.975523561239243 6356.9756775796413
leaf_count=512 557 571 3016 2720 587 832 508 3966 204 200 352 1035 334 26345
internal_value=-9.64485e-05 0.000499386 0.000253539 0.0057284 -0.00241301 -0.00327247 -0.00204695 -0.00524882 0.00370229 -0.00593898 -0.0107207 0.010058 0.020962 -0.000371466
internal_weight=10097.4 8032.83 7896.03 807.371 2064.53 1940.42 1815.29 1166.06 649.227 257.996 209.162 391.232 133.731 7088.66
internal_count=41739 33209 32652 3291 8530 8018 7431 4798 2633 1060 860 1573 538 29361
is_linear=0
shrinkage=0.03


Tree=89
num_leaves=15
num_cat=0
split_feature=12 5 5 7 3 6 12 3 5 7 3 11 7 3
split_gain=13.6073 23.6053 22.6819 26.7787 51.6021 27.593 47.0804 28.4093 23.0515 22.9723 26.2542 26.4341 20.459 21.4725
threshold=-0.0049276649770676464 -0.00044047459351281843 -0.001021013332540843 0.90833432581529083 0.002590464811259519 0.0010846184382459414 -0.0013563540221538937 0.010032526299010415 0.0024108127333082323 0.73877414433598487 0.005116197698676315 56.968656180269718 0.96347313110894928 0.015601650784720091
decision_type=2 2 2 2 2 2 2 2 2 2 2 2 2 2
left_child=1 -1 -2 4 -4 6 -6 9 -8 -7 11 -11 -3 -14
right_child=2 12 3 -5 5 7 8 -9 -10 10 -12 -13 13 -15
leaf_value=-0.00040486120028356335 -0.014457630688497676 0.0062849784042427357 -0.011017410191611227 0.001120290636024228 0.014114970650966726 -0.017414403393295894 -0.017991507979501022 0.0092400561684417831 0.0027141131022265252 -0.0060533132752886151 -0.010300771678772776 0.024208434473869445 -0.0014060671585768801 0.013335810086737654
leaf_weight=4080.2910858243704 113.42941230535507 1111.248288616538 584.07493627071381 2266.6101702749729 255.35382787883282 148.94977025687695 76.195153146982193 105.27965341508389 125.8224973231554 50.518197700381279 155.83877147734165 50.122995495796204 808.01389861106873 97.890877962112427
leaf_count=16814 482 4587 2512 9380 1042 611 316 433 512 208 636 204 3298 447
internal_value=2.05395e-05 0.000907816 -0.00135507 -0.000958523 -0.00399175 0.000261044 0.0056003 -0.00452378 -0.00519526 -0.00812571 -0.00263832 0.00919618 0.00356087 0.000212789
internal_weight=10029.6 6097.44 3932.2 3818.77 1552.16 968.081 457.371 510.709 202.018 405.43 256.48 100.641 2017.15 905.905
internal_count=41482 25146 16336 15854 6474 3962 1870 2092 828 1659 1048 412 8332 3745
is_linear=0
shrinkage=0.03


Tree=90
num_leaves=15
num_cat=0
split_feature=13 7 13 6 13 6 11 7 13 12 5 2 5 6
split_gain=12.2722 39.8603 32.0732 51.6358 26.7333 24.1809 42.2962 52.6363 42.1657 40.0083 44.1409 29.6019 43.2937 28.1015
threshold=0.0087838276914890007 1.1553068399948498 0.021653429995887711 0.0015328079239265199 0.009907931530027116 0.0010587418969118863 54.307229227809138 1.033334130647239 0.0071311523011297071 -0.0067392402860093062 -0.0013531709423306169 0.00046807859848375938 -0.0017636764958219307 0.00077970222840648888
decision_type=2 2 2 2 2 2 2 2 2 2 2 2 2 2
left_child=5 -2 3 4 -3 11 9 -8 -9 10 -7 12 -1 -13
right_child=1 2 -4 -5 -6 6 7 8 -10 -11 -12 13 -14 -15
leaf_value=-0.0056037170989224963 -0.0033189991447542225 -0.0069406217305514953 0.013583524734070556 -0.0073745020172581218 0.012665227855774414 0.00032092099110254518 0.01595293845734606 0.0075773384720663811 -0.014391690848795749 -0.0063937332432750455 0.010840696614723129 0.0014211238353788404 0.0044209560924055999 -0.0098913576609609213
leaf_weight=611.42118629813194 2849.1123029589653 78.065093040466309 225.71226093173027 360.6031010299921 292.89619401097298 1877.2477042227983 398.88570718467236 224.22184404730797 118.51696534454823 591.77280561625957 441.89669248461723 298.07987795770168 1051.9009246379137 581.82727289199829
leaf_count=2530 11803 319 999 1489 1184 7713 1642 913 482 2430 1809 1255 4409 2400
internal_value=-0.000199641 -0.00153989 0.0037511 0.000688704 0.00852428 0.000623975 0.00218737 0.0085729 -5.88371e-05 0.000555737 0.002333 -0.0016213 0.000733678 -0.00606458
internal_weight=10002.2 3806.39 957.277 731.564 370.961 6195.77 3652.54 741.625 342.739 2910.92 2319.14 2543.23 1663.32 879.907
internal_count=41377 15794 3991 2992 1503 25583 14989 3037 1395 11952 9522 10594 6939 3655
is_linear=0
shrinkage=0.03


Tree=91
num_leaves=15
num_cat=0
split_feature=13 5 5 12 13 12 13 3 13 4 6 6 7 13
split_gain=9.96503 26.7305 20.4507 24.6851 22.3499 25.3791 27.1224 25.4708 28.7392 23.6254 21.9865 21.1683 27.0927 30.5466
threshold=0.0028729746760514101 -0.0016179280927899329 0.00043948838560547992 -0.0037396351541926771 0.07002465038906204 -0.011039277615126073 0.011062426540376371 0.018464164681019749 0.035517847390199038 -0.00038671418766123006 0.0012192769679624041 0.0017222692352776221 1.036707783504655 0.022135039076664146
decision_type=2 2 2 2 2 2 2 2 2 2 2 2 2 2
left_child=1 -1 3 -2 5 6 -4 9 -9 -7 -5 -11 -13 -14
right_child=2 -3 4 10 -6 7 -8 8 -10 11 -12 12 13 -15
leaf_value=-0.00046085169749037473 -0.001518848967485208 0.0064234495443117731 0.020718552246453848 -0.0068933255788548985 -0.013088370093238067 0.0093702423553985361 0.0020164284673823778 0.028497619741526672 0.00024826713930156463 0.00050649710402463825 -0.028813553306438384 0.0014397585645583475 -0.014507912028364761 0.008824263036094869
leaf_weight=1679.1294066309929 2929.219451084733 725.40543459355831 116.08444438874722 279.21484789252281 100.64356929063797 226.47029934823513 171.83346304297447 59.081521958112717 69.128514841198921 2967.3510448932648 46.839364290237427 290.17640534043312 311.70816853642464 58.793674737215042
leaf_count=6871 12179 2977 493 1223 448 919 700 296 305 12159 204 1196 1295 239
internal_value=-6.35395e-05 0.00161963 -0.000594504 -0.00239397 0.000746037 0.00107804 0.00964777 0.000453985 0.0135039 1.31368e-05 -0.0101987 -0.000575797 -0.00542364 -0.0107779
internal_weight=10031.1 2404.53 7626.54 3255.27 4371.27 4270.63 287.918 3982.71 128.21 3854.5 326.054 3628.03 660.678 370.502
internal_count=41504 9848 31656 13606 18050 17602 1193 16409 601 15808 1427 14889 2730 1534
is_linear=0
shrinkage=0.03


Tree=92
num_leaves=15
num_cat=0
split_feature=3 3 6 3 11 12 12 12 4 5 7 6 3 12
split_gain=9.71206 19.7304 42.757 13.0598 17.5346 31.8587 16.9524 30.4069 29.4823 23.8379 37.312 37.8552 30.3763 30.1166
threshold=-0.035601967840678032 -0.02091232504500384 0.003724502867213389 -0.0078886002715775321 36.924891961179611 -0.012639781959943584 -0.038383489992405588 -0.02576281200396718 -0.00043055356411847429 -0.0024535748924252583 1.0231954290821259 0.0014220666631819779 -0.0061837520983698954 -0.0093959029407048016
decision_type=2 2 2 2 2 2 2 2 2 2 2 2 2 2
left_child=-1 2 -2 4 -3 -6 -5 8 -8 10 12 13 -9 -12
right_child=1 3 -4 6 5 -7 7 9 -10 -11 11 -13 -14 -15
leaf_value=0.01043880094760247 -0.025324177605243293 0.0083046405737551392 0.0072766356541970325 -0.012048745014073962 -0.0027576030454732718 0.019667006771857853 0.032169044100289569 -0.0004023924217273193 -0.00045283934023477473 0.00014833280462740869 -0.013724904198143149 0.011579841708617103 -0.015723697002296606 0.0061161097292976065
leaf_weight=76.092857226729393 80.831710129976273 379.40377867221832 63.053905561566353 108.50768016278744 478.11975061893463 62.703306838870049 49.066599950194359 178.62179470062256 48.616073787212372 7699.1073839664459 167.34922726452351 189.61938890814781 333.24566775560379 114.48818174004555
leaf_count=318 400 1543 266 446 1958 254 201 740 201 31883 691 764 1379 470
internal_value=-9.96259e-05 -0.000182278 -0.0111339 -1.93923e-05 0.00337874 -9.47994e-05 -0.000371877 -0.000224859 0.01625 -0.000413911 -0.00480746 0.00128222 -0.0103995 -0.00567877
internal_weight=10028.8 9952.73 143.886 9808.85 920.227 540.823 8888.62 8780.11 97.6827 8682.43 983.324 471.457 511.867 281.837
internal_count=41514 41196 666 40530 3755 2212 36775 36329 402 35927 4044 1925 2119 1161
is_linear=0
shrinkage=0.03


Tree=93
num_leaves=15
num_cat=0
split_feature=5 13 3 18 18 10 3 2 16 2 13 13 3 3
split_gain=12.4859 31.3636 26.4301 20.6774 24.9459 31.9279 44.2613 19.6816 18.6665 20.9772 17.7394 30.1838 34.4332 46.4135
threshold=-0.001451321927535165 0.0025776683123686088 -0.0082201037680657268 8.8931022916808047 6.609046739363639 0.99975982036724476 0.020957234065828948 0.011363523535454842 0.60355339059327384 -0.0020111875069697134 0.016405110105930269 0.013989475055579572 0.0073164060335487316 0.00099099977808143913
decision_type=2 2 2 2 2 8 2 2 2 2 2 2 2 2
left_child=8 -2 -3 4 5 -4 10 -8 9 -1 11 -7 13 -13
right_child=1 2 3 -5 -6 6 7 -9 -10 -11 -12 12 -14 -15
leaf_value=-0.00093407758534501883 0.0079849215152684311 0.019737391376735105 -0.017953599902266328 -0.017152198637621092 0.013077927073280707 -0.0002716518287744277 0.035032036876645883 0.0072891655255510404 0.002054970350168332 -0.0071157095167910019 -0.0041244978601452046 -0.010290130428549293 -0.0016366127435122843 0.019831960773199452
leaf_weight=1444.583762794733 496.58840733766556 59.563745334744453 87.037079885601997 60.734875187277794 129.66479524970055 4628.2402058243752 42.567055389285088 50.384201020002365 910.77627339959145 749.4532710313797 874.32036788761616 55.668289467692375 217.69328133761883 237.3608922213316
leaf_count=5965 2046 241 381 258 530 19163 216 234 3760 3090 3611 242 885 964
internal_value=2.84625e-05 0.000735912 0.000174917 -1.37384e-05 0.000156257 -0.000118411 0.000141603 0.0204643 -0.00155227 -0.0030502 -0.000179238 0.000493335 0.00739977 0.0140785
internal_weight=10044.6 6939.82 6443.23 6383.67 6322.94 6193.27 6106.23 92.9513 3104.81 2194.04 6013.28 5138.96 510.722 293.029
internal_count=41586 28771 26725 26484 26226 25696 25315 450 12815 9055 24865 21254 2091 1206
is_linear=0
shrinkage=0.03


Tree=94
num_leaves=15
num_cat=0
split_feature=17 0 12 6 6 12 13 6 3 13 3 6 3 7
split_gain=10.7339 16.3559 12.5826 30.3416 37.2282 35.4402 21.0216 23.1479 56.633 40.4799 87.0784 22.9811 22.226 53.5161
threshold=-0.78656609248549325 0.00065789381730302365 -0.017046043510534622 0.001905436848521722 0.0034733181814937033 -0.021133117333319348 0.062403135866360045 0.002087213539771557 -0.0080510522338975831 0.019605594676835095 0.0071817310834617074 0.0034733181814937033 -0.00041728370700950564 1.1198312090198221
decision_type=2 2 2 2 2 2 2 2 2 2 2 2 2 2
left_child=1 -1 3 -2 5 -5 7 12 -9 10 -10 -11 13 -4
right_child=2 -3 6 4 -6 -7 -8 8 9 11 -12 -13 -14 -15
leaf_value=0.00040762909940188441 0.0076302768878618457 0.0070064410006207669 -0.0061666315612913334 -0.024125094014472572 0.0030051368688666976 0.0061436994248620612 -0.017524276225033285 0.035798891493275857 0.0033235197568610873 0.026721854308328342 -0.034193786910752942 0.0015461274226394779 4.2962996911002079e-05 0.0033515274183258661
leaf_weight=1689.207041606307 502.71414180099964 420.7239635437727 1942.5898002237082 109.00947910547256 319.05726704001427 49.712860181927681 67.678314194083214 46.477585762739182 340.36598247289658 76.169826164841652 64.508107557892799 56.461180821061134 3608.068413823843 730.21585088968277
leaf_count=6993 2061 1741 8107 491 1327 201 300 187 1393 349 271 232 14865 2993
internal_value=-0.000171414 0.00172883 -0.000678405 0.00249928 -0.0029088 -0.0146862 -0.00112843 -0.000961729 0.00474139 0.00193312 -0.00279277 0.0161867 -0.00149333 -0.00356569
internal_weight=10023 2109.93 7913.03 980.494 477.78 158.722 6932.54 6864.86 583.983 537.505 404.874 132.631 6280.87 2672.81
internal_count=41511 8734 32777 4080 2019 692 28697 28397 2432 2245 1664 581 25965 11100
is_linear=0
shrinkage=0.03


Tree=95
num_leaves=15
num_cat=0
split_feature=13 12 6 3 6 3 7 6 2 3 12 3 6 13
split_gain=10.8608 23.4565 41.413 38.3507 28.3606 25.4832 24.8608 26.7665 23.8414 19.4366 32.0903 25.7951 25.3158 39.3195
threshold=0.0033630500928761857 -0.012007518237278412 0.001092155051509278 -0.00717886935671004 0.00094428963009326333 -0.0022630125291261609 1.3857641503743212 0.001298298173999338 -0.0017146704940576572 0.00065061453834317645 -0.0088468367640457939 -0.0020801052717979158 0.0015256035668799806 0.018183319074368213
decision_type=2 2 2 2 2 2 2 2 2 2 2 2 2 2
left_child=1 2 3 4 -1 8 -3 -8 -5 10 11 -2 13 -11
right_child=9 6 -4 5 -6 -7 7 -9 -10 12 -12 -13 -14 -15
leaf_value=0.018177913323681499 -0.0013180726736724629 0.0051639974624449877 0.0024945612235546476 -0.010471763029725155 -0.008225365632301012 0.0029797905357230045 -0.01640944594448401 0.010142745290732036 -0.03056921371443494 0.0034867826434559451 -0.0057899243142204345 0.0090843653610617314 -0.002456079546405377 -0.007982189199436834
leaf_weight=62.228880882263184 1120.8375761806965 1464.0116944462061 781.39857877790928 112.08532343804836 83.310551896691322 51.473054692149162 100.25418700277805 49.682209730148315 104.79826337099075 2595.1737788915634 1381.0570664405823 263.22807773947716 1542.6638785451651 298.21871861815453
leaf_count=259 4642 6003 3211 471 347 212 408 201 437 10603 5898 1075 6463 1237
internal_value=3.23553e-05 0.00161379 -0.00157021 -0.00921922 0.00315737 -0.0159052 0.00397089 -0.00759354 -0.0203734 -0.000584851 -0.00255802 0.000670565 0.000645679 0.00229999
internal_weight=10010.4 2809.24 1195.29 413.896 145.539 268.357 1613.95 149.936 216.884 7201.18 2765.12 1384.07 4436.06 2893.39
internal_count=41467 11549 4937 1726 606 1120 6612 609 908 29918 11615 5717 18303 11840
is_linear=0
shrinkage=0.03


Tree=96
num_leaves=15
num_cat=0
split_feature=13 5 5 6 13 3 2 5 6 13 3 10 6 13
split_gain=10.8876 25.166 15.7865 20.5436 33.093 23.5121 35.1222 20.8392 27.2468 20.2122 23.8039 23.3674 28.9319 40.7503
threshold=0.0028729746760514101 -0.001021013332540843 0.00041318022305225638 0.0016874657842214115 0.011795434422704256 -0.0023272811868643574 -0.0032874908085690764 -0.00092663343245563679 0.0010071076136592856 0.07002465038906204 0.020957234065828948 0.87456411064142858 0.001744480971498312 0.020539114570887088
decision_type=2 2 2 2 2 2 2 2 2 2 2 8 2 2
left_child=1 -1 3 4 5 7 -7 -2 -9 10 11 -4 13 -13
right_child=2 -3 9 -5 -6 6 -8 8 -10 -11 -12 12 -14 -15
leaf_value=0.00028497885963254589 -0.0098601900033171257 0.0084131495599536459 0.020251111805977089 0.0012268184455585603 -0.015517477255440507 0.013943908396645372 -0.0019129558805553409 -0.013938417551008107 0.006857621128856157 -0.013117107051109442 0.012901867477475215 0.0023770510222769874 -0.0049103693675748164 -0.010113187200201863
leaf_weight=1995.1464393287897 557.20956912636757 411.99233242869377 50.832243368029594 1045.1443508267403 198.09419627487659 141.44143615663052 1015.3278265744448 80.229996755719185 180.65176366269588 93.46772363781929 140.36589354276657 3051.8987217396498 807.86424435675144 252.72560748457909
leaf_count=8167 2344 1709 205 4336 851 581 4273 344 744 422 647 12519 3346 1047
internal_value=-7.58917e-05 0.00168198 -0.000631841 -0.00222781 -0.00388902 -0.00270807 4.66279e-05 -0.00659379 0.000404747 0.000536669 0.000839158 0.000426465 0.000171699 0.0014163
internal_weight=10022.4 2407.14 7615.25 3218.1 2172.95 1974.86 1156.77 818.091 260.882 4397.15 4303.69 4163.32 4112.49 3304.62
internal_count=41535 9876 31659 13473 9137 8286 4854 3432 1088 18186 17764 17117 16912 13566
is_linear=0
shrinkage=0.03


Tree=97
num_leaves=15
num_cat=0
split_feature=12 7 5 13 5 12 7 13 13 12 13 3 12 7
split_gain=10.6793 19.7625 27.8789 30.908 19.5713 38.8379 29.9646 29.6026 22.2423 23.1377 36.6296 22.1942 21.442 30.9902
threshold=-0.0013563540221538937 0.82473274723164824 0.0022256059643599451 0.018183319074368213 0.00043948838560547992 -0.0028558933358846512 0.69565564187565321 0.0081163154084329409 0.0056160567036370743 -0.0064866841891102469 0.0087167219749322306 -0.00087904135191663169 -0.006806432848684151 0.92501860924166879
decision_type=2 2 2 2 2 2 2 2 2 2 2 2 2 2
left_child=4 2 -2 -4 5 7 8 11 -6 -10 -11 -1 -13 -14
right_child=1 -3 3 -5 6 -7 -8 -9 9 10 -12 12 13 -15
leaf_value=-0.00029546973909579035 -0.023492058357265679 -0.00021344700950343178 0.0047732460558930472 -0.02027644331004377 -0.0092669167585925551 -0.015077620686958084 0.0011593860914422102 -0.0050062703057271937 0.022332336675682154 0.029224959509416164 0.00081549803938717354 0.0096478944301715448 -0.0084690089845681771 0.0065926664643566404
leaf_weight=3541.0382761061192 86.391104117035866 749.26714569330215 137.44736687839031 63.063227713108063 48.022813111543655 161.07486926019192 2910.179260507226 956.58375643193722 129.08366072177887 49.452288702130318 198.74278523027897 445.23004408180714 201.17407703399658 309.38893163204193
leaf_count=14601 370 3070 554 267 202 715 12068 4043 536 205 821 1852 825 1270
internal_value=9.60702e-05 -0.00278421 -0.00945001 -0.00322765 0.000430078 -0.000651215 0.00224948 -0.000219738 0.00966822 0.0121146 0.00666439 0.000800245 0.00485181 0.000648116
internal_weight=9986.14 1036.17 286.902 200.511 8949.97 5614.49 3335.48 5453.42 425.302 377.279 248.195 4496.83 955.793 510.563
internal_count=41399 4261 1191 821 37138 23306 13832 22591 1764 1562 1026 18548 3947 2095
is_linear=0
shrinkage=0.03


Tree=98
num_leaves=15
num_cat=0
split_feature=2 5 12 4 7 6 2 7 5 12 3 3 12 4
split_gain=11.6462 23.9459 22.2797 36.1419 33.3462 23.3121 32.3659 30.2752 30.5786 36.9659 30.8008 30.1308 26.2693 21.213
threshold=-0.0042353903000219564 -0.0024535748924252583 -0.0088468367640457939 -0.00073033441664011034 1.1514952492251338 0.00099884244039009267 -0.00094906076862671929 0.96840368748829742 -0.00068856314263415752 -0.011265848861040205 0.009491859566983037 -0.0067818567116372094 -0.016304168612165489 0.00087238080415419372
decision_type=2 2 2 2 2 2 2 2 2 2 2 2 2 2
left_child=-1 -2 3 4 -3 6 -5 8 9 12 13 -9 -7 -10
right_child=1 2 -4 5 -6 7 -8 11 10 -11 -12 -13 -14 -15
leaf_value=0.0029462639840582947 -0.0044237413645386303 0.016633022310290412 -0.00055499083747702555 0.009676574149785868 -0.0095356134486140592 0.0041146106715121977 -0.010689750802434754 0.017815050153748117 0.024230451938103036 0.018145260197504721 -0.0082722053517121554 -0.0053576690240409106 -0.018205604581325772 0.0092547999707541274
leaf_weight=1151.0205374658108 1087.7739379256964 266.72218352556229 5988.819786965847 93.487702533602715 51.004090949892998 90.195550948381424 265.44539165496826 55.686575621366501 152.19389742612839 67.029966220259666 53.859499156475067 404.91374056041241 96.749981284141541 199.50680401921272
leaf_count=4774 4511 1099 24877 386 208 368 1099 226 635 273 227 1663 397 825
internal_value=0.000109848 -0.000258661 0.000324253 0.00325218 0.0123988 0.00127325 -0.00536091 0.00340485 0.00751754 -0.000648061 0.0126092 -0.00249118 -0.00750721 0.0158357
internal_weight=10024.4 8873.39 7785.62 1796.8 317.726 1479.07 358.933 1120.14 659.536 253.975 405.56 460.6 186.946 351.701
internal_count=41568 36794 32283 7406 1307 6099 1485 4614 2725 1038 1687 1889 765 1460
is_linear=0
shrinkage=0.03


Tree=99
num_leaves=15
num_cat=0
split_feature=13 12 2 3 6 7 12 12 7 2 13 7 6 3
split_gain=15.2656 20.5189 37.9075 36.2434 23.9359 29.6894 23.3556 22.4661 21.5468 25.0617 18.2453 36.673 36.5656 27.0049
threshold=0.0030172582331715607 -0.012781995948304701 -0.0023387405784877492 -0.0023835029507577872 0.0015328079239265199 1.3857641503743212 -0.017046043510534622 -0.02065094919989929 1.1913626489412967 -0.0016792198215499763 0.0019517941796953766 0.8765072581012564 0.00073343601475603251 -0.00099013581319261335
decision_type=2 2 2 2 2 2 2 2 2 2 2 2 2 2
left_child=1 2 -1 6 5 8 7 -4 10 -10 11 12 -3 -12
right_child=-2 4 3 -5 -6 -7 -8 -9 9 -11 13 -13 -14 -15
leaf_value=0.0033458678566494504 -0.00069129710574840624 -0.0025208026351922256 -0.015854677413891533 0.014715358320652811 0.014047850105170559 -0.010887330302473155 -0.018147426130455026 0.0094066800985751053 0.0020190998766995254 0.024605444889237885 -0.0080125672971609451 -0.00048027638540653483 0.0217455655671469 0.0074038794106504983
leaf_weight=603.56099081039429 7464.350243806839 79.940365508198738 54.849872648715973 50.26371157169342 191.32427451014519 127.9748217612505 213.83635663986206 69.631815299391747 84.975495293736458 91.060340896248817 267.85781006515026 350.35528789460659 180.81087981164455 162.76373121142387
leaf_count=2493 31059 326 222 208 774 521 892 284 345 372 1087 1434 738 687
internal_value=-8.73976e-06 0.00200462 -0.00135714 -0.00864176 0.00417351 0.00275091 -0.012178 -0.00179883 0.00419965 0.0138478 0.00254585 0.00587099 0.0143435 -0.00217826
internal_weight=9993.56 2529.21 992.143 388.582 1537.06 1345.74 338.318 124.482 1217.76 176.036 1041.73 611.107 260.751 430.622
internal_count=41442 10383 4099 1606 6284 5510 1398 506 4989 717 4272 2498 1064 1774
is_linear=0
shrinkage=0.03


Tree=100
num_leaves=15
num_cat=0
split_feature=12 3 6 12 10 12 13 5 12 7 13 6 5 4
split_gain=13.2178 18.7437 34.3073 61.1274 69.6368 57.3486 42.7472 37.6119 35.9179 32.6674 31.8893 56.833 40.2067 33.2496
threshold=-0.0013563540221538937 -0.00041728370700950564 0.0016987066238819445 -0.018409546015860086 1.3363114586443234 -0.017826406939389135 0.009907931530027116 -0.0032604871167107858 -0.013363129390303595 0.91727799277343558 0.0019517941796953766 0.00083419391380910467 -0.0026568812799461212 -0.00081755757690893372
decision_type=2 2 2 2 8 2 2 2 2 2 2 2 2 2
left_child=1 2 5 4 -4 9 8 -5 -7 -1 13 -12 -13 -10
right_child=-2 -3 3 7 -6 6 -8 -9 10 -11 11 12 -14 -15
leaf_value=0.014705490199732375 -0.0031477929290879996 0.0018759098580556073 0.0071699919374459695 0.02019519456856143 -0.014513058056720393 -0.0092559438382566715 -0.017286976915127577 0.0048322288430299029 -0.0016789002976344816 -0.0023227905206203553 -0.016533329165849625 -0.015572630181672528 0.001069325944248721 0.010588319709883925
leaf_weight=253.90499512851238 1034.065721988678 4253.1411448866129 250.5618173032999 197.42703814804554 280.65615500509739 621.65886525809765 196.39785343408585 517.73653599619865 456.39563220739365 167.13241602480412 256.46324536204338 147.3245969414711 1043.6112746745348 349.76640725135803
leaf_count=1026 4255 17652 1038 795 1220 2590 865 2105 1861 681 1119 613 4336 1423
internal_value=6.09412e-05 0.000430551 -0.000866858 0.0034025 -0.00429719 -0.00239149 -0.00381562 0.0091178 -0.00288406 0.00796702 -0.00111969 -0.00378125 -0.00101202 0.00365646
internal_weight=10026.2 8992.18 4739.04 1246.38 531.218 3492.66 3071.62 715.164 2875.22 421.037 2253.56 1447.4 1190.94 806.162
internal_count=41579 37324 19672 5158 2258 14514 12807 2900 11942 1707 9352 6068 4949 3284
is_linear=0
shrinkage=0.03


Tree=101
num_leaves=15
num_cat=0
split_feature=5 13 3 12 12 6 13 13 7 13 7 12 6 7
split_gain=9.586 21.1584 33.3908 30.1314 34.3245 23.2454 20.1369 19.2214 26.8944 18.5984 26.5928 45.8397 22.7485 20.7998
threshold=-0.0005485184076217674 0.062403135866360045 0.020957234065828948 -0.011638913110731728 -0.029737106884848593 0.0065837086704952372 0.038016351125687138 0.0028209295055390275 0.97904237818328699 0.0023447896422176266 0.86840392210237816 -0.014837006538190587 0.00057971869808519599 0.8606677556054686
decision_type=2 2 2 2 2 2 2 2 2 2 2 2 2 2
left_child=9 2 3 4 -2 -3 -4 8 -5 12 11 -11 -1 -14
right_child=1 5 6 7 -6 -7 -8 -9 -10 10 -12 -13 13 -15
leaf_value=0.020760050597625521 -0.010185941960375557 -0.024939412553502023 0.029584264321158838 -0.00072384199576564574 0.013127825830169328 0.0012066973257526695 0.00568428374920882 -0.00019503046355174368 0.021865594941226023 0.0027303201594832661 -0.00038519632060321751 -0.011854906689155278 0.0053786525339354872 -0.0015452805566227694
leaf_weight=50.25541764497757 67.901284962892532 57.444629222154617 54.639298096299171 104.62304918467999 310.58707281947136 62.713064804673195 74.906438827514648 4957.4033599644899 84.591407746076584 291.18905638158321 1534.6159546375275 574.8551277667284 573.0624535381794 1214.6956380903721
leaf_count=206 277 256 285 438 1298 274 325 20480 356 1205 6388 2438 2348 4981
internal_value=6.15737e-05 0.000856684 0.00112316 0.000767226 0.00891375 -0.0114968 0.0160613 0.000164891 0.00949821 -0.00102159 -0.00275943 -0.00695594 0.00124877 0.000677703
internal_weight=10013.5 5774.81 5654.65 5525.11 378.488 120.158 129.546 5146.62 189.214 4238.67 2400.66 866.044 1838.01 1787.76
internal_count=41555 23989 23459 22849 1575 530 610 21274 794 17566 10031 3643 7535 7329
is_linear=0
shrinkage=0.03


Tree=102
num_leaves=15
num_cat=0
split_feature=2 10 10 7 5 13 12 7 3 13 12 4 3 12
split_gain=11.2672 21.9038 31.7313 29.2231 18.4618 22.8171 21.6303 23.916 38.2019 46.4675 32.157 31.7145 29.9016 22.6505
threshold=-0.0064319563185815656 0.84459743474216553 1.3001836629298877 1.60154328980356 -0.0026568812799461212 0.0040885720440347892 -0.0088468367640457939 0.96840368748829742 -0.002881928686761764 0.012167293896374056 -0.0099600824737784959 -0.00094446444773471628 -0.0076028463727241943 -0.0097138081599037456
decision_type=2 8 8 2 2 2 2 2 2 2 2 2 2 2
left_child=1 -1 -3 -4 5 -2 7 8 11 13 12 -6 -9 -10
right_child=4 2 3 -5 6 -7 -8 10 9 -11 -12 -13 -14 -15
leaf_value=-0.014957574480541861 -0.00093661110323365649 0.018740795691989075 -0.0031581450223005549 0.015109663797087157 0.020600762474649845 -0.0097092423969724843 -0.00040387037757299286 0.015641969432872615 0.017957716461271478 -0.003726134002728291 0.0096135510900436354 -0.0027140819147322662 -0.0071013284574678618 0.0030212252790705182
leaf_weight=47.01988060772419 991.84491895139217 130.41951800882816 290.77458374202251 105.87793697416782 56.845944285392761 363.30006745457649 6066.3285500407219 56.243849545717239 414.34297220408916 159.92348490655422 187.07427668571472 485.64151632785797 493.08889371156693 118.23795491456985
leaf_count=201 4083 542 1216 440 236 1537 25210 229 1739 666 765 1989 2028 488
internal_value=0.000186935 0.0042594 0.0060238 0.0017694 -6.28276e-05 -0.0032993 0.000483521 0.00321182 0.00576015 0.0104196 -0.0010659 -0.00020428 -0.00472444 0.0146654
internal_weight=9966.96 574.092 527.072 396.653 9392.87 1355.14 8037.73 1971.4 1234.99 692.504 736.407 542.487 549.333 532.581
internal_count=41369 2399 2198 1656 38970 5620 33350 8140 5118 2893 3022 2225 2257 2227
is_linear=0
shrinkage=0.03


Tree=103
num_leaves=15
num_cat=0
split_feature=13 12 3 13 3 3 6 6 12 3 6 13 12 3
split_gain=11.4059 27.6339 34.2332 23.3877 33.2315 36.5698 27.2257 23.3033 21.7621 21.7002 21.0344 21.4595 20.58 24.7829
threshold=0.016405110105930269 -0.065257724317744056 -0.02091232504500384 0.013989475055579572 0.0071817310834617074 0.0018169691218360986 0.0016129368961527387 0.001127583609637488 -0.040790760127714369 0.010032526299010415 0.0011177774017531613 0.018808869317501479 -0.0028077187419481837 -0.00041728370700950564
decision_type=2 2 2 2 2 2 2 2 2 2 2 2 2 2
left_child=1 -1 8 12 5 -5 9 -7 -3 -6 11 -2 13 -4
right_child=10 2 3 4 6 7 -8 -9 -10 -11 -12 -13 -14 -15
leaf_value=0.018837871563717759 -0.0024264703412239701 -0.00083484852708527919 -0.00050912806974398638 -0.002817933952854062 -0.0036183208283504507 0.02985364417128691 -0.01915916970386149 0.010071273555433236 -0.027774190090372321 0.018692093627375048 -0.0011782841773729533 -0.024840722184577963 -0.0030533182608017736 0.0034465787785686653
leaf_weight=70.851041525602341 83.072716400027275 47.192146569490433 4199.0437167733908 93.479081243276596 113.56092731654644 102.42681965231895 59.985328495502472 116.54958312213421 61.43690712749958 57.55396568775177 1236.4466304033995 70.340637728571892 1517.0858380049467 2155.6713991314173
leaf_count=297 337 207 17338 405 458 413 251 477 315 232 5213 305 6309 8895
internal_value=3.1648e-05 0.000439548 0.000282239 0.000500079 0.0065069 0.0128553 -0.00211298 0.019511 -0.0162975 0.00401497 -0.00248779 -0.0128909 8.3754e-05 0.000833405
internal_weight=9984.7 8594.84 8523.99 8415.36 543.556 312.455 231.1 218.976 108.629 171.115 1389.86 153.413 7871.8 6354.72
internal_count=41452 35597 35300 34778 2236 1295 941 890 522 690 5855 642 32542 26233
is_linear=0
shrinkage=0.03


Tree=104
num_leaves=15
num_cat=0
split_feature=3 3 10 13 13 12 3 11 7 13 3 3 7 2
split_gain=13.3656 26.0261 26.8393 17.5073 25.0936 24.2053 37.4951 21.4911 21.1944 19.326 30.2182 41.5732 23.4904 18.7245
threshold=0.035709513196006355 0.020957234065828948 1.3363114586443234 0.016405110105930269 0.033367027417603674 -0.058443834880997296 -0.02091232504500384 45.463494140600254 1.0459908683237702 0.013989475055579572 0.0073164060335487316 0.0010504192205503251 0.95863675845156471 0.0022656042703819994
decision_type=2 2 8 2 2 2 2 2 2 2 2 2 2 2
left_child=1 3 -3 5 7 -1 -7 -5 13 -8 11 -11 -12 -6
right_child=-2 2 -4 4 8 6 9 -9 -10 10 12 -13 -14 -15
leaf_value=0.016269572367401775 -0.012475765094120338 -0.0026847895765077959 0.023522091367048411 -0.018733113200079959 0.0065166649540173089 -0.018005067182920911 0.00010302177338691419 -0.0042383551640076374 0.017256929602436247 -0.0067564094539865 0.0079758854800772976 0.017857664101338513 -0.011544341824609698 -0.011729707913416997
leaf_weight=83.898050606250763 74.14131735265255 59.103995323181152 83.520579561591148 102.57317866384983 123.64984479546547 97.922556310892105 7907.9477155059576 791.53590528666973 79.014554098248482 81.2387315928936 100.21022835373878 244.2061488032341 119.53960558772087 82.776008278131485
leaf_count=351 326 250 422 429 514 482 32696 3272 332 356 405 993 491 342
internal_value=4.5605e-05 0.000141326 0.0127749 -4.48308e-05 -0.00346984 0.000423726 0.000264487 -0.00593931 0.00425299 0.000480334 0.0059328 0.0117097 -0.00265109 -0.000842409
internal_weight=10031.3 9957.14 142.625 9814.51 1179.55 8634.96 8551.06 894.109 285.44 8453.14 545.195 325.445 219.75 206.426
internal_count=41661 41335 672 40663 4889 35774 35423 3701 1188 34941 2245 1349 896 856
is_linear=0
shrinkage=0.03


Tree=105
num_leaves=15
num_cat=0
split_feature=5 12 4 2 6 2 12 7 2 6 6 12 12 7
split_gain=10.5614 27.8584 28.1296 27.7527 27.2086 47.2135 65.9413 41.0815 24.3498 31.7021 21.3224 58.3332 27.399 38.3583
threshold=-0.0026568812799461212 -0.0089253092086307145 -0.0010608966786507244 -0.0010126350687386652 0.0010587418969118863 -0.0010787095033225438 -0.012007518237278412 0.92756728102087949 6.7665320878179682e-05 0.0023412377096970263 0.0015879603296843788 -0.021133117333319348 -0.019643629601063858 1.0630283930060267
decision_type=2 2 2 2 2 2 2 2 2 2 2 2 2 2
left_child=3 2 -2 10 5 6 -4 -6 -9 -10 11 -1 -12 -14
right_child=1 -3 4 -5 7 -7 -8 8 9 -11 12 -13 13 -15
leaf_value=0.017083463757765732 0.012582719853035319 -0.00056939250474528317 -0.010201172923495599 -0.011724049350839235 0.0098986182339641723 -0.0098026939775517821 0.028858965280091627 -0.0079685733458048774 0.010747174647173808 -0.0091519453492019207 -0.0021282106485387454 -0.0063566926000211106 -0.0030586535177136425 0.017850991836994422
leaf_weight=105.98133321106434 265.04139202833176 6131.5428376793861 73.551695883274078 232.31110997498035 622.54757168889046 349.93654206395149 78.743388906121254 260.16217283904552 219.97635087370872 104.88964183628559 396.98479446768761 831.80140922963619 130.02933065593243 197.04088968038559
leaf_count=429 1094 25499 308 982 2583 1452 323 1063 904 437 1705 3450 524 794
internal_value=-4.24657e-05 0.000428903 0.00352587 -0.00205811 0.00210888 -0.00374921 0.010107 0.00454744 -0.00116125 0.00430565 -0.00069442 -0.00367694 0.00316797 0.00957013
internal_weight=10000.5 8106.39 1974.85 1894.15 1709.81 502.232 152.295 1207.58 585.028 324.866 1661.84 937.783 724.055 327.07
internal_count=41547 33663 8164 7884 7070 2083 631 4987 2404 1341 6902 3879 3023 1318
is_linear=0
shrinkage=0.03


Tree=106
num_leaves=15
num_cat=0
split_feature=5 6 12 2 12 7 6 2 5 5 2 7 12 5
split_gain=8.99446 25.1013 29.4391 23.1257 18.3924 18.2272 23.7139 25.889 21.6744 17.7811 20.2237 17.1971 17.1929 27.6236
threshold=0.0026624815491146374 0.0017118303114907064 -0.0013563540221538937 0.0018273984893755061 -0.0062119807621484604 0.93446850968493256 0.00072419236118243923 -9.5999376932949507e-05 0.00068999416737225438 -0.0016179280927899329 -0.00091819392215894402 1.3767998770014322 -0.0019039241350021217 8.2835067505615547e-05
decision_type=2 2 2 2 2 2 2 2 2 2 2 2 2 2
left_child=4 2 11 -3 9 6 7 -6 -9 10 -1 -2 13 -8
right_child=1 3 -4 -5 5 -7 12 8 -10 -11 -12 -13 -14 -15
leaf_value=9.9731651647007999e-05 0.0067911017201388972 0.007827813417399597 -0.00044385795109285554 -0.005552675197000298 0.012528918260248547 -0.00028647094909890682 -0.011925380794776806 -0.016920856878434528 0.0044517246934362093 0.0025639674572023583 -0.0066545482679191094 0.020771773795772035 -0.013725605273793556 -0.001176520016440779
leaf_weight=2295.359288752079 494.82154041528702 144.58982636034489 579.51276968419552 561.72117853164673 132.45172062516212 1706.9783213287592 325.30733680725098 74.757972702383995 94.823392242193222 2138.6958566457033 480.89990821480751 93.388847082853317 247.3616559356451 629.59411722421646
leaf_count=9503 2015 631 2354 2412 569 7078 1402 328 401 8820 2000 383 1040 2610
internal_value=-0.000212244 0.00166019 0.00435766 -0.00279917 -0.000644358 -0.00240932 -0.00481461 0.0026864 -0.00505754 0.000509322 -0.00107418 0.00907365 -0.00670035 -0.00485562
internal_weight=10000.3 1874.03 1167.72 706.311 8126.23 3211.27 1504.3 302.033 169.581 4914.96 2776.26 588.21 1202.26 954.901
internal_count=41546 7795 4752 3043 33751 13428 6350 1298 729 20323 11503 2398 5052 4012
is_linear=0
shrinkage=0.03


Tree=107
num_leaves=15
num_cat=0
split_feature=12 6 6 2 5 4 2 7 13 5 7 5 12 4
split_gain=10.21 19.9273 17.0784 46.0824 50.7626 28.0758 23.2268 30.3444 23.1006 41.8643 44.7241 20.036 37.6863 26.1325
threshold=-0.0049276649770676464 0.00057971869808519599 0.0010432569965539485 1.0000000180025095e-35 -0.0019815989414035946 -0.0013477440168383479 -0.00094906076862671929 0.97419619357346432 0.0086325512819961387 -0.00074687329883504894 0.80497051393628005 -0.00010994915719403363 -0.0099600824737784959 -0.0018402387940668061
decision_type=2 2 2 2 2 2 2 2 2 2 2 2 2 2
left_child=1 -1 3 4 5 -3 -6 -8 9 -4 -11 12 -10 -14
right_child=-2 2 8 -5 6 -7 7 -9 11 10 -12 -13 13 -15
leaf_value=0.018835904185313303 -0.0011934699530784982 0.0024569603064759768 0.00092561998450739068 -0.010104502380770234 0.013567247274809477 -0.012044887181337604 -0.0056662180041957347 0.020869398148434151 -0.00026014280049504817 0.02147686591451187 0.0048540461035365438 0.001059481449650277 -0.00019284468903194704 -0.024197893911706375
leaf_weight=52.461350411176682 3916.941161185503 217.37722235918045 2348.445293918252 455.86061601340771 289.72626806795597 265.05780093371868 164.26474812626839 48.586341798305511 340.40450058877468 190.66681465506554 604.9003359824419 911.46402651071548 58.790294006466866 131.72983300685883
leaf_count=223 16338 907 9682 1892 1199 1110 685 200 1417 798 2480 3801 247 562
internal_value=6.53551e-07 0.000770121 0.000606681 -0.00224039 0.0014122 -0.00552743 0.0080692 0.000528804 0.00150171 0.00294322 0.00888176 -0.00164013 -0.00626126 -0.0168694
internal_weight=9996.68 6079.74 6027.27 1440.87 985.012 482.435 502.577 212.851 4586.4 3144.01 795.567 1442.39 530.925 190.52
internal_count=41541 25203 24980 5993 4101 2017 2084 885 18987 12960 3278 6027 2226 809
is_linear=0
shrinkage=0.03


Tree=108
num_leaves=15
num_cat=0
split_feature=12 5 7 7 13 6 12 3 13 11 6 12 3 5
split_gain=12.8641 27.3264 18.9702 31.2698 40.5164 22.982 43.8203 25.0754 26.2866 18.9994 18.9643 19.9733 17.9627 16.7965
threshold=-0.0029498973584741735 0.00063132547764177549 1.3360879770288412 1.1968141765272027 0.0091781955376987207 0.00074192833204243661 -0.0016901415452345023 0.011990310657913396 0.022135039076664146 71.907884751574002 0.00057971869808519599 -0.0043855599555392413 0.014729345152493691 -0.00044047459351281843
decision_type=2 2 2 2 2 2 2 2 2 2 2 2 2 2
left_child=10 -2 3 5 -5 6 -3 8 -7 -4 11 -1 -9 -12
right_child=1 2 9 4 -6 7 -8 12 -10 -11 13 -13 -14 -15
leaf_value=0.02299602822297914 -0.011131725697215648 0.031281553617034101 0.010732806672231742 -0.030035916594857662 -0.0026350663189001013 -0.0019316649016981413 -0.00043497611891777331 0.024707145704277966 -0.019591436152272174 -0.0041850045803829032 -0.00087311255372827243 0.00081514787809627105 -0.0006266605206328616 0.0020207560973444605
leaf_weight=66.940565973520279 258.36354026198387 54.661974161863327 223.27882194519043 76.400279894471169 128.77547401189804 1286.147673368454 127.08240404725075 50.381051301956177 78.6700369566679 115.27017542719841 4281.0868255496025 78.060931086540222 48.33707083761692 3118.1591943949461
leaf_count=285 1146 225 915 316 530 5292 534 207 333 483 17768 333 204 12961
internal_value=-5.4463e-05 -0.00194351 -0.000849871 -0.00204548 -0.0130296 -0.000661541 0.00934084 -0.00191471 -0.00297678 0.0056588 0.000558699 0.0112286 0.0125364 0.000346626
internal_weight=9991.62 2447.37 2189 1850.46 205.176 1645.28 181.744 1463.54 1364.82 338.549 7544.25 145.001 98.7181 7399.25
internal_count=41532 10185 9039 7641 846 6795 759 6036 5625 1398 31347 618 411 30729
is_linear=0
shrinkage=0.03


Tree=109
num_leaves=15
num_cat=0
split_feature=3 10 3 12 10 2 3 18 2 3 7 12 7 12
split_gain=13.4073 18.8376 22.0641 52.5073 18.3395 21.1164 16.7565 43.9715 29.7771 13.3325 27.6257 27.3349 31.0078 27.5473
threshold=-0.00717886935671004 0.84203086551626782 -0.018453700494432287 -0.038383489992405588 0.84459743474216553 -0.0020495002639706601 0.018464164681019749 8.8385731811623121 0.011363523535454842 -0.0036172322264473862 1.0093835949537191 -0.0079675458723636999 0.92756728102087949 -0.0097138081599037456
decision_type=2 8 2 2 8 2 2 2 2 2 2 2 2 2
left_child=1 -1 3 -3 5 -2 9 8 -8 10 -6 12 13 -11
right_child=4 2 -4 -5 6 -7 7 -9 -10 11 -12 -13 -14 -15
leaf_value=0.019235546447423604 -0.026930441791683735 0.0044430776153153448 0.0038346242773179395 -0.025934744203689818 -0.0067244296546191112 -0.00067445013286128648 0.028577594086190542 -0.015952019782928723 0.0033332369794427386 0.011417000608773084 0.0016383879589587503 -0.00097495430361889618 -0.0009274195184776321 -8.9208928821452168e-06
leaf_weight=58.006753206253052 48.266383305191994 139.70395581424236 1047.0321673005819 78.418306425213814 819.85386234521866 61.284723117947578 78.1485236287117 51.50789974629879 89.742701098322868 547.60942497849464 625.3827208429575 5299.784973949194 748.05811503529549 290.16354849934578
leaf_count=241 207 602 4283 393 3403 257 382 223 413 2290 2559 21991 3071 1197
internal_value=-2.37746e-06 0.00280787 0.0020255 -0.00661463 -0.000432314 -0.0125178 -0.000274576 0.00787127 0.0152818 -0.00049094 -0.00310841 5.91886e-05 0.00351213 0.00746902
internal_weight=9982.96 1323.16 1265.15 218.122 8659.8 109.551 8550.25 219.399 167.891 8330.85 1445.24 6885.62 1585.83 837.773
internal_count=41512 5519 5278 995 35993 464 35529 1018 795 34511 5962 28549 6558 3487
is_linear=0
shrinkage=0.03


Tree=110
num_leaves=15
num_cat=0
split_feature=3 10 3 18 12 2 16 6 12 12 12 4 10 3
split_gain=11.8519 22.7327 23.5882 49.6364 27.9286 18.3975 17.0541 16.9335 51.2305 27.8369 15.9137 25.2475 15.2362 22.3912
threshold=-0.00717886935671004 0.84758473429105041 -0.018453700494432287 8.8385731811623121 -0.038383489992405588 -0.0017146704940576572 0.12940952255126045 0.001905436848521722 -0.018823801957871863 -0.021616861201805723 -0.022190038227413996 0.00027858796627711074 0.84203086551626782 0.018464164681019749
decision_type=2 8 2 2 2 2 2 2 2 2 2 2 8 2
left_child=1 -1 3 4 6 7 -3 9 -9 -4 -7 -12 -2 -14
right_child=12 2 5 -5 -6 10 -8 8 -10 -11 11 -13 13 -15
leaf_value=0.020514170748510387 -0.011993770995007057 -0.016247094577844425 0.018080245116429819 0.016818236056388481 -0.028899754976250729 -0.014532304068093086 0.0080243247824334785 -0.002872377204624636 0.028854915253157146 0.00013785178744008523 -0.0046137701422926313 0.015068419263270313 -0.00081151333915878269 0.0088627046226486123
leaf_weight=57.147572338581085 104.2138416916132 52.193033874034882 93.235505878925323 56.688749194145203 73.358231157064438 72.248248785734177 48.444666996598244 85.413621559739113 95.953072085976601 425.78957107663155 201.29179018735886 80.455496340990067 8285.0274114459753 219.07290817797184
leaf_count=237 444 225 375 242 377 295 210 349 388 1747 828 329 34322 1016
internal_value=-0.000292491 0.00232745 0.00148806 -0.007162 -0.0150772 0.00339055 -0.0046347 0.00620195 0.0140448 0.00341798 -0.00217549 0.00107325 -0.000701442 -0.000560272
internal_weight=9950.53 1342.22 1285.07 230.685 173.996 1054.39 100.638 700.392 181.367 519.025 353.996 281.747 8608.31 8504.1
internal_count=41384 5602 5365 1054 812 4311 435 2859 737 2122 1452 1157 35782 35338
is_linear=0
shrinkage=0.03


Tree=111
num_leaves=15
num_cat=0
split_feature=3 10 12 18 13 12 7 10 12 2 5 12 7 12
split_gain=9.48979 19.9563 34.0289 39.7782 31.0044 25.6408 25.3113 18.3058 29.2405 48.7244 23.7084 27.2141 29.7324 16.3556
threshold=-0.0078886002715775321 0.84203086551626782 -0.022809788436898789 8.8385731811623121 0.0035178751741502538 -0.038383489992405588 0.9870709402774881 0.99975982036724476 -0.021616861201805723 -0.0025123345205344673 -0.0028018848363267064 -0.014684469537531717 1.0699146214831152 -0.012379986926398965
decision_type=2 8 2 2 2 2 2 8 2 2 2 2 2 2
left_child=1 -1 3 4 6 -6 -3 -2 9 -9 11 -10 -13 -14
right_child=7 2 -4 -5 5 -7 -8 8 10 -11 -12 12 13 -15
leaf_value=0.019965536642390751 -0.0086691317027183419 0.017484816399831179 0.0057308599642487005 0.015586711151449443 -0.0074504200871919821 -0.029300565392355774 -0.0093048105949698565 0.033243462318458768 -0.015185276659481011 -0.00098135452952047113 0.00016690658696229434 -0.0091766214118553582 0.019900897145666403 0.0013395157149130243
leaf_weight=54.716673597693443 227.09595964848995 52.575173497200012 683.46370805799961 65.91099339723587 113.14988212287426 84.93604938685894 73.922357723116875 60.703912109136581 190.81089301407337 92.634625434875488 7733.033655449748 255.87506322562695 51.970755085349083 206.69214273989201
leaf_count=227 963 215 2799 278 474 395 338 245 794 381 32142 1064 213 845
internal_value=3.19295e-05 0.00261949 0.00170026 -0.00534756 -0.00966796 -0.0170186 0.00192839 -0.000299757 -7.65725e-05 0.0128212 -0.000313927 -0.00557108 -0.00196076 0.00519296
internal_weight=9947.49 1128.67 1073.96 390.494 324.583 198.086 126.498 8818.82 8591.72 153.339 8438.38 705.349 514.538 258.663
internal_count=41373 4726 4499 1700 1422 869 553 36647 35684 626 35058 2916 2122 1058
is_linear=0
shrinkage=0.03


Tree=112
num_leaves=15
num_cat=0
split_feature=5 12 12 18 18 5 1 10 3 17 3 5 11 4
split_gain=8.18032 22.579 16.8597 12.8443 27.5509 12.8232 15.3013 12.3635 30.7306 13.0923 12.489 17.5959 22.5385 14.5069
threshold=2.9487771910918784e-05 -0.003001152570571985 -0.011638913110731728 8.8483578187488714 6.6543163568555146 0.0017652258031161108 0.00021603730725303086 1.3363114586443234 0.020957234065828948 1.0000000180025095e-35 0.0071817310834617074 0.0018718883793138465 54.949315733140125 -0.00058309648885884735
decision_type=2 2 2 2 2 2 2 8 2 2 2 2 2 2
left_child=1 3 5 4 -1 -2 -7 -4 10 -10 13 -12 -13 -9
right_child=2 -3 7 -5 -6 6 -8 8 9 -11 11 12 -14 -15
leaf_value=-0.000680147845251798 0.012688162859189656 -0.016069641256166584 -0.011009222002371973 0.011242342718150682 -0.016983607746047961 -0.008242842312713038 0.00837456664380231 0.0093927070139184863 0.02974980370582608 0.0055991711873079912 -0.016751689878113471 0.0073479809462517085 -0.0041724736296267642 0.0004318269199670471
leaf_weight=4765.7285029143095 172.95080618560314 86.797467812895775 85.801083505153656 76.387981876730919 93.155938521027565 82.543208181858063 119.70686754584312 169.27983976900578 41.734498143196106 39.659628644585609 74.575968444347382 191.03445695340633 733.03841982781887 3213.6775965094566
leaf_count=19817 734 389 370 320 388 350 505 692 212 198 301 781 3015 13298
internal_value=-0.000224016 -0.00107573 0.000644743 -0.000805624 -0.000999582 0.00673957 0.00157829 0.00013928 0.000358445 0.0183988 1.50802e-05 -0.00292939 -0.00178011 0.000885505
internal_weight=9946.07 5022.07 4924 4935.27 4858.88 375.201 202.25 4548.8 4463 81.3941 4381.61 998.649 924.073 3382.96
internal_count=41370 20914 20456 20525 20205 1589 855 18867 18497 410 18087 4097 3796 13990
is_linear=0
shrinkage=0.03


Tree=113
num_leaves=15
num_cat=0
split_feature=13 5 18 13 2 13 5 6 12 2 1 12 6 12
split_gain=10.2648 34.5206 25.1634 24.3213 23.2584 22.2591 22.1236 26.1502 22.0285 19.3084 20.3004 17.1289 17.0036 31.866
threshold=0.016405110105930269 0.0046910132831722304 8.8483578187488714 0.013284276117048079 0.0018990587137309031 0.04594324507183057 0.0013559493775464617 0.0018182099766615063 -0.002293199647026289 0.0016462093541961961 -0.00067356066739016052 -0.065257724317744056 0.00087033867824241364 -0.0012211601322059671
decision_type=2 2 2 2 2 2 2 2 2 2 2 2 2 2
left_child=3 5 4 8 -3 -2 -5 -8 11 10 -10 -1 13 -11
right_child=1 2 -4 6 -6 -7 7 -9 9 12 -12 -13 -14 -15
leaf_value=0.01702899677071807 -0.0082427128815804225 0.019225043480025152 -0.014526300146199414 -0.0025924947483655699 0.0024535680097860701 0.007965325321261596 0.011796590854866331 -0.0058882543459164161 0.0093096276460537131 0.026832812765167829 -0.010090970107364039 0.00060692487753135889 -0.0029167629870406725 -0.0024031849187526708
leaf_weight=55.65925221145153 680.87741613388062 86.573052361607552 63.630999907851219 206.8081040084362 471.03455181419849 84.244768172502518 456.20256339013577 88.762857481837273 52.673311710357666 52.9228246062994 459.87858112156391 6698.6511598974466 461.85968981683254 85.481612622737885
leaf_count=237 2822 393 272 876 2021 352 1846 372 225 218 1966 27801 1884 349
internal_value=0.000210359 -0.00218367 0.00306475 0.00059586 0.00511688 -0.00644199 0.00574371 0.00890512 0.000102602 -0.00380447 -0.0080688 0.000747253 -0.000148555 0.008999
internal_weight=10005.3 1386.36 621.239 8618.9 557.608 765.122 751.774 544.965 7867.13 1112.82 512.552 6754.31 600.264 138.404
internal_count=41634 5860 2686 35774 2414 3174 3094 2218 32680 4642 2191 28038 2451 567
is_linear=0
shrinkage=0.03


Tree=114
num_leaves=15
num_cat=0
split_feature=13 6 12 12 7 6 12 2 11 6 7 2 13 6
split_gain=9.9583 19.3213 16.6235 37.0879 21.4073 26.9167 17.9919 18.1458 17.7761 15.7234 19.6775 14.6798 13.5231 42.4786
threshold=0.0049621100733021626 0.001414656848226104 -0.012781995948304701 -0.018409546015860086 1.3857641503743212 0.0009750627421500162 -0.0073544949978952548 -0.0036358421919897572 30.674260259656112 0.0011408843797552312 0.93446850968493256 -0.0026589630788715897 0.0017781098109420637 0.00073343601475603251
decision_type=2 2 2 2 2 2 2 2 2 2 2 2 2 2
left_child=1 2 3 11 6 -6 7 8 -4 10 -8 -1 13 -9
right_child=-2 -3 4 -5 5 -7 9 12 -10 -11 -12 -13 -14 -15
leaf_value=0.015909926823221444 -0.00074367313464109833 0.0046130402693450936 0.0058331809445896325 -0.0079187072994465445 0.0071181549905338171 -0.01816048169260525 -0.0040484998802713225 -0.013012363950649046 -0.016900723206518781 -0.011020283119920204 0.0046297940313748346 -0.0010782609930267907 0.0037199978301776775 0.016812457244256781
leaf_weight=92.589659258723259 6019.9582020640373 1078.7675715684891 60.5190140157938 544.27781833708286 57.60539148747921 104.14651389420033 425.22466947138309 50.138528689742088 59.775408834218979 112.91795067489147 521.10166110098362 88.254469156265259 477.63225217163563 253.13482049107552
leaf_count=373 25111 4448 249 2293 236 425 1792 207 246 463 2182 357 1976 1034
internal_value=2.28504e-05 0.00119796 -9.82477e-05 -0.00401338 0.00124201 -0.00918091 0.00211046 0.00522128 -0.00555515 -0.000541058 0.000729953 0.00769834 0.00689129 0.0118287
internal_weight=9946.04 3926.09 2847.32 725.122 2122.2 161.752 1960.44 901.2 120.294 1059.24 946.326 180.844 780.906 303.273
internal_count=41392 16281 11833 3023 8810 661 8149 3712 495 4437 3974 730 3217 1241
is_linear=0
shrinkage=0.03


Tree=115
num_leaves=15
num_cat=0
split_feature=5 3 6 12 3 3 18 12 7 6 3 4 7 6
split_gain=8.45748 27.3903 24.7837 27.493 27.1698 25.5226 32.3337 24.322 30.6606 30.8998 22.7313 24.5342 22.5745 20.6406
threshold=0.0020260819162601922 0.0082210137075776641 0.0016690292434136448 -0.0013563540221538937 0.0033922949507421978 0.015601650784720091 8.8354865853389999 -0.0021694956656732596 0.8606677556054686 0.00074192833204243661 0.0022648581670964567 0.0018436673935415817 1.4774899987932497 0.00094428963009326333
decision_type=2 2 2 2 2 2 2 2 2 2 2 2 2 2
left_child=1 7 3 10 -5 12 -7 -1 9 -9 -2 13 -4 -12
right_child=2 -3 5 4 -6 6 -8 8 -10 -11 11 -13 -14 -15
leaf_value=0.00049332233119652217 -0.0043420466850176949 -0.016580414707932173 -0.003344484488987332 0.01513071358458064 -0.0024803845476655617 0.0097928866635313781 -0.016057763920342066 0.00030004286353071355 -0.00048156921699767953 -0.023658564944531713 0.021176438738785119 0.01871987469878704 -0.019705571903913328 0.0040305692440008875
leaf_weight=6874.2566174864769 120.9350688457489 88.679612189531326 475.87669143080711 88.097921878099442 629.10708516836166 232.59297041594982 51.58552560210228 75.505242049694061 339.30407726764679 132.94972361624241 71.16487742960453 194.93448479473591 88.605705007910728 476.48046593368053
leaf_count=28587 495 363 1974 358 2558 1066 223 328 1448 578 289 799 370 1938
internal_value=0.000305434 -0.000192357 0.0018433 0.00406173 -0.000281064 -0.00228859 0.00502092 7.86468e-06 -0.00606415 -0.01506 0.00766101 0.00962222 -0.00597316 0.00632757
internal_weight=9940.08 7510.7 2429.38 1580.72 717.205 848.661 284.178 7422.02 547.759 208.455 863.515 742.58 564.482 547.645
internal_count=41374 31304 10070 6437 2916 3633 1289 30941 2354 906 3521 3026 2344 2227
is_linear=0
shrinkage=0.03


Tree=116
num_leaves=15
num_cat=0
split_feature=3 3 10 3 10 12 2 6 3 7 12 12 5 12
split_gain=9.47715 15.1998 44.968 10.4923 16.5617 30.667 37.511 27.8622 16.702 41.1454 29.8944 22.98 22.8148 22.6296
threshold=-0.035601967840678032 -0.02091232504500384 1.3363114586443234 -0.0078886002715775321 1.0013099950478619 -0.021616861201805723 -0.0028082679559157104 0.005934000967266556 -0.00041728370700950564 1.171773948025832 -0.009238284179227783 -0.0053316624455158048 -0.0002195680522524279 -0.0068779408170187009
decision_type=2 2 8 2 8 2 2 2 2 2 2 2 2 2
left_child=-1 2 -2 -3 7 6 -6 -5 9 -7 -11 12 -12 -10
right_child=1 3 -4 4 5 8 -8 -9 13 10 11 -13 -14 -15
leaf_value=0.010289096124682137 0.0094901148998310144 0.0032055924871452362 -0.024997030230679736 0.00024893058206671402 0.03153092582925706 -0.003613255481550373 0.0016107010498776246 -0.021037895849734693 0.0049691505744960248 -0.0020974970198625923 0.017407283064480385 -0.0021493593487281262 -0.0042021532471026024 -8.778253006779152e-05
leaf_weight=79.534773111343384 59.210622176527977 918.96248823404312 75.454725950956345 141.67528288066387 59.166565001010895 2626.0104831010103 98.944844111800194 88.762728750705719 988.21851179003716 362.07032223045826 258.70532800257206 109.51238523423672 52.066983059048653 4069.160038664937
leaf_count=337 250 3765 397 593 239 11000 407 388 4143 1476 1057 458 211 16863
internal_value=0.000102968 1.91403e-05 -0.0099165 0.000158044 -0.000158905 5.4068e-05 0.0130611 -0.00806104 -0.000191887 -0.00181447 0.00421704 0.00964111 0.0137831 0.000901923
internal_weight=9987.46 9907.92 134.665 9773.26 8854.29 8623.86 158.111 230.438 8465.74 3408.37 782.355 420.285 310.772 5057.38
internal_count=41584 41247 647 40600 36835 35854 646 981 35208 14202 3202 1726 1268 21006
is_linear=0
shrinkage=0.03


Tree=117
num_leaves=15
num_cat=0
split_feature=13 7 12 3 12 13 3 5 5 11 7 13 12 6
split_gain=9.58047 32.9548 21.1015 26.3025 20.8938 16.5473 31.7488 18.4596 23.4148 18.4146 17.965 15.52 14.7373 23.2816
threshold=0.016405110105930269 1.2190787773644109 -0.065257724317744056 -0.02091232504500384 -0.040790760127714369 0.013284276117048079 0.0090064424585807341 0.0014548171497826836 0.004013032134713824 50.242069236985763 0.99571486173078638 0.014615433484965192 -0.0032892641436735866 0.00057971869808519599
decision_type=2 2 2 2 2 2 2 2 2 2 2 2 2 2
left_child=2 -2 -1 4 -4 6 12 9 -9 11 -10 -7 13 -5
right_child=1 -3 3 5 -6 7 -8 8 10 -11 -12 -13 -14 -15
leaf_value=0.016867968263172092 -0.0045792480160512967 0.0065578697696204828 0.0002827995400141865 0.01390842847891207 -0.026139064333638735 0.011578417109588611 -0.02239293561362278 0.012295403362045328 0.010664716333154802 -0.018410557188250597 -0.0086795451289399736 -0.0075370691455550589 -0.0021173918780768098 0.00079334797311585419
leaf_weight=68.820697158575058 1082.3512967973948 304.88724556565285 48.956001490354538 122.43678803741932 57.770678296685219 77.702709183096886 53.55976627767086 352.51923280954361 69.388724058866501 49.066722422838211 107.49491868913174 71.575939103960991 1673.5286851674318 5817.5198099911213
leaf_count=293 4527 1346 215 523 317 326 220 1432 282 207 444 310 7004 24025
internal_value=0.000185495 -0.00212562 0.000559992 0.000424041 -0.014237 0.000613779 0.000202858 0.00493053 0.00784702 -0.00285448 -0.0010567 0.00243448 0.000367655 0.00106827
internal_weight=9957.58 1387.24 8570.34 8501.52 106.727 8394.79 7667.05 727.748 529.403 198.345 176.884 149.279 7613.49 5939.96
internal_count=41471 5873 35598 35305 532 34773 31772 3001 2158 843 726 636 31552 24548
is_linear=0
shrinkage=0.03


Tree=118
num_leaves=15
num_cat=0
split_feature=2 10 10 5 7 12 5 12 11 6 2 12 7 13
split_gain=8.4228 17.3704 25.6684 26.3102 21.3424 16.092 14.1198 17.648 28.5722 26.0945 33.0791 52.4248 31.37 27.9634
threshold=-0.0055928439730569815 0.86353941145766655 1.3261115422544696 -0.01142012212545762 1.60154328980356 -0.0093959029407048016 -0.0023533342263652442 -0.0088468367640457939 38.579126871281538 0.0010587418969118863 -0.0010787095033225438 -0.011876018186187274 0.80193153596066236 0.009907931530027116
decision_type=2 8 8 2 2 2 2 2 2 2 2 2 2 2
left_child=1 -1 -3 -4 5 -5 -2 8 -8 10 11 -10 13 -11
right_child=6 2 3 4 -6 -7 7 -9 9 12 -12 -13 -14 -15
leaf_value=-0.012454617405494113 -0.0030826247429412267 0.015912546593704734 -0.014982201731344489 -0.0020481216476976871 0.015545391861281739 0.015639250675621361 0.019532899802548406 -0.00064089943704580255 -0.011553111500560308 0.016227515957202773 -0.0088025275186475582 0.028676657666050841 0.00089303624277619698 -0.0014798488335461841
leaf_weight=58.779932767152786 1458.0745902359486 134.92752087116241 74.235406085848808 316.80420187115669 108.6998854726553 52.16092050075531 84.966210797429085 6043.8883094191551 53.712155714631081 278.69549521803856 345.50967846810818 59.663424983620644 838.26744894683361 111.96704605221748
leaf_count=253 6066 564 351 1300 446 213 349 25191 225 1165 1437 247 3460 464
internal_value=-0.000127704 0.00293558 0.00428503 0.00139517 0.00399229 0.000523193 -0.000374544 0.000131264 0.00276153 0.00189513 -0.00419695 0.00974775 0.00417304 0.0111708
internal_weight=10020.4 745.608 686.828 551.9 477.665 368.965 9274.74 7816.67 1772.78 1687.82 458.885 113.376 1228.93 390.663
internal_count=41731 3127 2874 2310 1959 1513 38604 32538 7347 6998 1909 472 5089 1629
is_linear=0
shrinkage=0.03


Tree=119
num_leaves=15
num_cat=0
split_feature=7 12 5 5 12 12 3 6 11 3 6 11 12 7
split_gain=9.81501 26.8701 28.664 19.7877 49.4861 17.7742 51.5515 30.4295 36.3681 31.3143 29.0106 23.8076 17.469 17.2266
threshold=0.8716259064952977 -0.017046043510534622 -0.0024535748924252583 0.0023597882044581468 -0.0013066877240170414 -0.009798894305829196 -0.0033917280444105409 0.0011564542874114975 55.229325634152758 0.0022021804980550262 0.00091547768108929362 44.940104221510076 -0.0050902960497991581 0.72171327573180799
decision_type=2 2 2 2 2 2 2 2 2 2 2 2 2 2
left_child=1 -1 -3 4 5 6 13 9 -9 11 -8 -7 -13 -4
right_child=-2 2 3 -5 -6 7 10 8 -10 -11 -12 12 -14 -15
leaf_value=0.0053021278884517759 0.00083248140921073305 -0.010971653901261163 -0.016503128878437513 0.0036858935444096241 -0.022006881057673199 0.0037127622672083328 -0.0039719134300273788 -0.012716377244812159 0.0062194767865830876 0.0077516128142405263 0.017379129999304545 -0.0015203202496012994 -0.012647608148251381 0.00068937631013034036
leaf_weight=502.96289330720901 6314.8825746178627 298.1343062967062 102.41249977052212 585.15998074412346 109.24970343708992 277.0905157327652 77.456340759992599 432.67355768382549 114.23289893567562 321.08025903999805 210.96399319171906 249.90287600457668 257.45693635940552 105.09196689724922
leaf_count=2078 26237 1257 427 2420 470 1187 325 1813 470 1319 893 1040 1121 432
internal_value=0.000117141 -0.00112233 -0.00215382 -0.00122199 -0.00249622 -0.00148451 0.00348693 -0.00297893 -0.00875298 -0.000111864 0.0116574 -0.00334196 -0.00719429 -0.00787242
internal_weight=9958.75 3643.87 3140.91 2842.77 2257.61 2148.36 495.925 1652.44 546.906 1105.53 288.42 784.45 507.36 207.504
internal_count=41489 15252 13174 11917 9497 9027 2077 6950 2283 4667 1218 3348 2161 859
is_linear=0
shrinkage=0.03


Tree=120
num_leaves=15
num_cat=0
split_feature=2 5 3 13 3 13 10 10 3 6 12 7 11 3
split_gain=9.21143 23.038 20.9429 19.3269 19.3793 25.7202 19.2809 20.1202 29.0727 25.2413 31.8877 26.045 22.3658 25.755
threshold=-0.0042353903000219564 -0.0026568812799461212 -0.0080510522338975831 0.07002465038906204 0.020957234065828948 0.038016351125687138 0.86090584516890167 1.3363114586443234 -0.02091232504500384 0.0016782339063190132 -0.021616861201805723 0.7701805090793119 42.032766775828449 -0.0010501558797971764
decision_type=2 2 2 2 2 2 8 8 2 2 2 2 2 2
left_child=6 -2 -3 4 -4 -6 -1 -8 -9 10 -10 -12 13 -13
right_child=1 2 3 -5 5 -7 7 8 9 -11 11 12 -14 -15
leaf_value=-0.0133338354676375 -0.0048164151240494626 0.011253124259477195 -0.00010325735922927314 -0.014942154485019768 0.028392722573616812 0.001171026822583271 0.013766435008213611 -0.016557431530262446 0.021007590730200813 0.010591705431637517 -0.022865339074576659 -0.0009309311257635521 -0.01836290614109188 0.021210307464216753
leaf_weight=63.266049787402153 933.83842885494232 148.30410628020763 7532.2828103750944 75.680369079113007 48.195781081914902 83.194525927305222 145.29235595464706 69.540187075734138 54.858798086643219 285.74344249069691 49.68843287229538 357.76331824064255 53.089985817670822 52.458281114697456
leaf_count=273 3907 605 31270 348 265 362 608 349 222 1165 209 1472 219 213
internal_value=-3.89705e-05 -0.000366036 0.000161942 -5.34431e-05 9.74461e-05 0.0114323 0.00250662 0.00346775 0.0018206 0.003353 -0.000313863 -0.00266665 -0.000411445 0.00198961
internal_weight=9953.2 8821.5 7887.66 7739.35 7663.67 131.39 1131.7 1068.43 923.142 853.602 567.859 513 463.312 410.222
internal_count=41487 36757 32850 32245 31897 627 4730 4457 3849 3500 2335 2113 1904 1685
is_linear=0
shrinkage=0.03


Tree=121
num_leaves=15
num_cat=0
split_feature=5 13 6 12 13 18 18 13 6 6 2 12 7 13
split_gain=8.04344 20.11 25.1786 17.525 26.4895 23.9174 20.2755 18.1026 17.3816 22.946 24.9191 21.9145 16.2953 24.8452
threshold=-3.0163141021388725e-05 0.0037608158203888968 0.00074192833204243661 -0.011509955169434536 0.009907931530027116 6.6398775600029998 8.8244132228589809 0.056539713012860544 0.0014294411240552572 0.00062921953508671168 -0.0006943718814364368 -0.0088468367640457939 0.6888532272435326 0.0065358804464651374
decision_type=2 2 2 2 2 2 2 2 2 2 2 2 2 2
left_child=1 8 -3 4 -2 -6 -7 -5 9 10 -1 -10 13 -4
right_child=3 2 12 7 5 6 -8 -9 11 -11 -12 -13 -14 -15
leaf_value=0.021252007711888586 0.016640575425874576 -0.021930965992623456 0.0012908183689704245 0.00051720348920676791 -0.0071919888946142055 0.024567035792756001 -0.0020495246964128411 -0.014745998774139913 0.0023550556877930439 -0.0016146069300455115 -0.0011600792311726111 0.016122939054412998 -0.0014259749673291302 -0.016093594593833964
leaf_weight=84.021874666213989 150.94079983234406 60.274968773126602 125.22448317706585 4570.3653021752834 142.13956986367702 51.386579662561417 49.221539899706841 69.021399825811386 623.95168083906174 1923.3631628155708 92.425863578915596 123.12218035757542 1727.1454303711653 177.8574124276638
leaf_count=350 654 279 522 18988 604 210 203 307 2586 7946 390 500 7248 771
internal_value=-4.29094e-05 -0.000903031 -0.00313586 0.000800883 0.00686131 0.000694266 0.011759 0.000283872 0.000737615 -0.000661386 0.00963081 0.00466107 -0.00255682 -0.00894949
internal_weight=9970.46 4937.39 2090.5 5033.08 393.688 242.748 100.608 4639.39 2846.88 2099.81 176.448 747.074 2030.23 303.082
internal_count=41558 20592 8820 20966 1671 1017 413 19295 11772 8686 740 3086 8541 1293
is_linear=0
shrinkage=0.03


Tree=122
num_leaves=15
num_cat=0
split_feature=5 13 6 13 4 2 5 13 13 1 6 5 13 6
split_gain=11.3903 13.2025 12.6686 25.1299 20.5126 15.2404 21.2463 18.2445 17.6172 15.5279 15.1887 14.7832 12.8714 18.7017
threshold=-0.00052077557618213078 0.0028209295055390275 0.0016782339063190132 0.0086325512819961387 -0.0016391998981442055 -0.0025619212766424255 -0.0049693191800106997 0.0038681172127106316 0.0015697484481096426 -0.00099292671179070069 0.0011137526456063136 -0.01003707470400894 0.0020462691126004189 0.00083419391380910467
decision_type=2 2 2 2 2 2 2 2 2 2 2 2 2 2
left_child=2 -2 3 12 -5 7 -7 8 -4 -9 -6 -10 -1 -14
right_child=1 -3 5 4 10 6 -8 9 11 -11 -12 -13 13 -15
leaf_value=0.00065206117118866405 0.0087105320517063076 0.00064449558936929732 0.0018187914504243252 0.0004342394077796281 -0.0062535803828194193 -0.015648113978207322 0.00042509536500135125 -0.0064214774460763461 0.0019964929002647485 0.0054275888792781266 -0.027538638047670032 0.022337694768874625 -0.012416448478084777 -0.0021130363534379182
leaf_weight=1380.6139589250088 186.89755807816982 5528.4397786706686 129.70486797392368 72.693077594041824 50.584643512964249 88.752257004380226 400.79585446417332 175.88296216726303 44.990883991122246 224.00350280106068 78.536636129021645 114.52302187681198 178.79801535606384 1300.6328761279583
leaf_count=5680 789 23056 544 313 231 398 1635 732 215 939 346 466 774 5388
internal_value=3.7293e-05 0.000911218 -0.00114045 -0.00215745 -0.0123361 0.00150063 -0.0025407 0.00437068 0.0100825 0.000209966 -0.0194226 0.0166962 -0.00143109 -0.00337335
internal_weight=9955.85 5715.34 4240.51 3061.86 201.814 1178.65 489.548 689.105 289.219 399.886 129.121 159.514 2860.04 1479.43
internal_count=41506 23845 17661 12732 890 4929 2033 2896 1225 1671 577 681 11842 6162
is_linear=0
shrinkage=0.03


Tree=123
num_leaves=15
num_cat=0
split_feature=13 5 3 6 3 16 11 6 2 5 11 12 5 12
split_gain=9.5003 26.2625 27.2779 30.2582 36.4919 24.0072 17.987 14.1567 26.9371 31.9598 26.193 21.5522 29.0317 20.9102
threshold=0.0087838276914890007 0.001288610489043829 0.0074673051732256227 0.0020572594946731177 0.0032615252504371588 0.60355339059327384 39.741403447823629 0.0010587418969118863 1.0000000180025095e-35 -0.00052077557618213078 54.676543417982643 -0.0067392402860093062 -0.00083752445160850664 -0.0074193778233065935
decision_type=2 2 2 2 2 2 2 2 2 2 2 2 2 2
left_child=7 2 3 4 -2 -3 -5 8 9 -1 11 12 -9 -10
right_child=1 5 -4 6 -6 -7 -8 10 13 -11 -12 -13 -14 -15
leaf_value=-0.00085257802010311188 -0.010226402902903813 0.0023944087671323101 -0.022755769486538843 -0.0083282392527772951 0.0045434789985592675 -0.0040132510318072441 0.0078370279504114439 0.00068891180591357476 -0.011185304130275882 0.0096002710071721852 0.0070139018934422424 -0.0044198789232364503 0.010918853845804384 -0.0019669288157687422
leaf_weight=1096.4434862136841 635.79767301678658 1802.4039639085531 69.829091459512711 80.001415818929672 195.78339822590351 740.93152216076851 253.3093436062336 2053.4171146154404 308.06782072782516 344.32102753221989 717.77423101663589 602.8882807046175 282.28480798006058 779.04401996731758
leaf_count=4585 2767 7486 288 335 801 3080 1055 8505 1280 1466 2960 2484 1172 3279
internal_value=-3.2382e-05 -0.00121729 -0.0048033 -0.00368998 -0.0067465 0.000526025 0.0039305 0.000691658 -0.00103412 0.00165534 0.00188471 0.000627946 0.00193355 -0.00459499
internal_weight=9962.3 3778.06 1234.72 1164.89 831.581 2543.34 333.311 6184.24 2527.88 1440.76 3656.36 2938.59 2335.7 1087.11
internal_count=41543 15812 5246 4958 3568 10566 1390 25731 10610 6051 15121 12161 9677 4559
is_linear=0
shrinkage=0.03


Tree=124
num_leaves=15
num_cat=0
split_feature=3 5 2 3 10 3 5 6 11 10 7 7 2 13
split_gain=12.3231 19.4725 22.0615 16.0344 19.6771 25.3233 13.1618 21.9847 18.1066 15.564 14.5368 40.7249 14.4515 13.36
threshold=-0.0078886002715775321 -0.001830514344182854 -0.0017146704940576572 -0.011453919811108019 1.3363114586443234 -0.02091232504500384 -0.0024535748924252583 0.0015879603296843788 34.458356617698747 0.9806316596581931 1.2495521653503767 1.1198312090198221 -0.0018230939093674679 0.0068650030284072025
decision_type=2 2 2 2 8 2 2 2 2 8 2 2 2 2
left_child=1 2 3 4 -1 -6 7 10 -8 -9 11 -2 13 -11
right_child=6 -3 -4 -5 5 -7 8 9 -10 12 -12 -13 -14 -15
leaf_value=0.011193121078645309 -0.0072679281792819806 0.016296405388769548 -0.0055796728208097682 0.0089534977881499042 -0.01865425900682911 0.0013047986891741837 0.0096689582028796316 -0.012683703402387355 -0.00022660975416541955 0.004726133427531528 -0.014349029028610691 0.016279993136420472 -0.0086556757285588763 0.021796531940717453
leaf_weight=107.84977416694164 499.50492858886719 87.73367166519165 272.73618987202644 357.50884139537811 73.791738271713257 232.44968889653683 168.15893030166626 47.297600105404854 7566.3239359855652 176.30739979445934 161.29440149664879 74.217161446809769 50.655817553400993 52.583005219697952
leaf_count=458 2102 356 1155 1464 375 951 706 201 31544 710 664 307 205 213
internal_value=-5.99904e-05 0.00288333 0.00172751 0.00431812 0.000292322 -0.00359435 -0.000439358 -0.00356797 -9.02173e-06 0.0028931 -0.00644111 -0.00417578 0.00559998 0.00880255
internal_weight=9928.41 1132.07 1044.34 771.6 414.091 306.241 8796.34 1061.86 7734.48 326.844 735.016 573.722 279.546 228.89
internal_count=41411 4759 4403 3248 1784 1326 36652 4402 32250 1329 3073 2409 1128 923
is_linear=0
shrinkage=0.03


Tree=125
num_leaves=15
num_cat=0
split_feature=3 3 10 6 3 5 2 11 3 6 12 2 4 11
split_gain=8.49216 10.0456 20.9097 13.6116 8.29198 21.1542 21.7116 20.6124 14.1961 18.1552 31.8159 25.3045 18.1979 21.4088
threshold=0.035709513196006355 0.020957234065828948 1.2815795630316618 0.0021497956833375054 -0.00717886935671004 -0.0010515297278776423 -0.0014229085442804543 47.779560709733929 -0.00041728370700950564 0.0017118303114907064 -0.010469283459458021 0.0028138507887555679 0.0037343331026571396 72.508398883895168
decision_type=2 2 8 2 2 2 2 2 2 2 2 2 2 2
left_child=1 4 -3 -4 5 6 -1 -8 -6 10 -10 -11 13 -12
right_child=-2 2 3 -5 8 -7 7 -9 9 11 12 -13 -14 -15
leaf_value=0.0038446167143014421 -0.0097180059144756723 -0.0055403013491456344 0.0050153192031129274 0.030071078471500607 -0.0016935397777237688 0.018514800636423807 -0.011449975630113999 0.0035629320347312387 0.013197151250767562 0.0010968711835612529 0.0012382671485009528 -0.0083181457965496898 0.013440688298631105 -0.010485743019142896
leaf_weight=924.16551931202412 75.073788687586784 55.878969088196754 38.378790557384491 39.822190597653389 3357.0868530422449 67.246083721518517 191.17981418967247 142.09941394627094 205.32522627711296 645.91537162661552 3532.3349178433418 424.17242161929607 103.00391811132431 143.97737099230289
leaf_count=3883 335 238 204 207 14013 273 808 594 907 2684 14569 1779 418 584
internal_value=0.000201554 0.000278953 0.00837364 0.0182061 0.000165786 0.00237006 0.00147864 -0.00506589 -0.000181824 0.000822451 0.00175416 -0.00264371 0.00112582 0.000773662
internal_weight=9945.66 9870.59 134.08 78.201 9736.51 1324.69 1257.44 333.279 8411.82 5054.73 3984.64 1070.09 3779.32 3676.31
internal_count=41496 41161 649 411 40512 5558 5285 1402 34954 20941 16478 4463 15571 15153
is_linear=0
shrinkage=0.03


Tree=126
num_leaves=15
num_cat=0
split_feature=5 18 2 6 18 12 12 6 13 12 6 6 6 6
split_gain=8.42588 17.8685 17.8415 16.9245 16.693 15.0182 18.085 18.7971 14.1546 16.4439 25.574 29.2379 18.8702 17.8436
threshold=-0.0026568812799461212 8.8483578187488714 -0.0010126350687386652 0.0012146144948061298 6.6589579998113253 -0.019643629601063858 -0.014394415683831372 0.00095354368952318676 0.0068650030284072025 -0.0028077187419481837 0.00064101596035448397 0.00080593323977243313 0.00062921953508671168 0.0010659078513792517
decision_type=2 2 2 2 2 2 2 2 2 2 2 2 2 2
left_child=1 2 3 5 -5 -1 7 -7 9 12 -11 -12 -2 -14
right_child=8 -3 -4 4 -6 6 -8 -9 -10 10 11 -13 13 -15
leaf_value=0.0096580948549284083 0.010968061516771889 0.012330528805453682 -0.010389504289859448 0.0018901229534651642 -0.01483997496758141 -0.00018859198811527336 -0.0030035722689600525 -0.02209160334042479 -0.00059563266009705809 -0.014285691781740906 0.015718452075349651 -0.004704520106919987 -0.00053517600892358491 0.0041950812622193918
leaf_weight=50.828181967139244 227.9463694691658 76.144706159830093 215.1597134321928 994.72349339723587 54.738925114274025 51.183391124010086 315.4525655657053 111.6226163059473 4525.3251015990973 134.59256263077259 87.841264143586159 209.96747107803822 1320.278802126646 1569.5583316683769
leaf_count=205 966 322 921 4152 229 221 1314 473 18928 590 372 884 5483 6439
internal_value=9.6523e-05 -0.00171707 -0.00232647 -0.00121571 0.00099093 -0.00557989 -0.00723283 -0.0152915 0.000516774 0.00193427 -0.00353673 0.00138408 0.00269481 0.00203509
internal_weight=9945.36 1869.85 1793.71 1578.55 1049.46 529.087 478.259 162.806 8075.51 3550.18 432.401 297.809 3117.78 2889.84
internal_count=41499 7837 7515 6594 4381 2213 2008 694 33662 14734 1846 1256 12888 11922
is_linear=0
shrinkage=0.03


Tree=127
num_leaves=15
num_cat=0
split_feature=13 5 13 13 13 12 12 2 13 2 10 3 10 3
split_gain=10.5073 10.4101 25.8018 31.835 20.1334 25.6137 24.7732 17.8399 17.2157 16.6883 16.5579 25.6742 16.3189 15.5456
threshold=0.00016352802606856012 0.0026624815491146374 0.015787322132751472 0.042645524040776379 0.013850912703217257 -0.002127512447394508 -0.0023822058628328309 0.0011543216934428739 0.015083388803355581 0.0029914710425231477 1.3001836629298877 0.020957234065828948 0.92930314748297183 0.0016926914111161653
decision_type=2 2 2 2 2 2 2 2 2 2 8 2 10 2
left_child=-1 2 4 -4 5 13 8 -3 -6 -7 12 -12 -9 -2
right_child=1 7 3 -5 6 9 -8 10 -10 -11 11 -13 -14 -15
leaf_value=0.0099293337752167331 -0.00077077594982032614 0.0093167080328744201 -0.010388676945274263 0.010631761037340367 0.0088546754611136171 -0.0077040596962355701 0.024407272242517278 0.0016995431156100812 -0.010929218808912705 0.0087238174134651025 0.00057782172691526882 0.017508674793231673 -0.016996426832508155 0.0030055930834216736
leaf_weight=88.390734896063805 5360.3600337207317 237.51971362531185 438.61614859104156 74.364131063222885 119.06317336857319 611.60081732273102 60.662168323993683 77.58123368024826 56.884043157100677 59.551128730177879 1373.0280078500509 83.648110091686249 88.813470125198364 1198.7610998302698
leaf_count=367 22390 1013 1836 311 499 2606 246 335 241 242 5638 413 377 4927
internal_value=-0.000252469 -0.000345925 -0.00081712 -0.007312 -0.000369079 -0.000651861 0.00820517 0.00167368 0.00240756 -0.00622483 0.000545117 0.00157273 -0.00836281 -7.98917e-05
internal_weight=9928.84 9840.45 7979.86 512.98 7466.88 7230.27 236.609 1860.59 175.947 671.152 1623.07 1456.68 166.395 6559.12
internal_count=41441 41074 33298 2147 31151 30165 986 7776 740 2848 6763 6051 712 27317
is_linear=0
shrinkage=0.03


Tree=128
num_leaves=15
num_cat=0
split_feature=5 6 13 13 10 6 3 12 7 12 3 13 7 12
split_gain=8.98723 27.4728 58.0209 38.0861 33.1993 26.2537 23.4231 24.1087 28.3981 23.0939 28.6965 22.7241 21.2812 20.6462
threshold=0.0020260819162601922 0.0017222692352776221 0.018808869317501479 0.020539114570887088 1.3363114586443234 0.0019906832955534914 0.0080517703236248645 -0.0019867445501634546 0.89535630486162476 -0.0010368958226015244 0.0036870648663508148 0.062403135866360045 0.9870709402774881 -0.00246922906629865
decision_type=2 2 2 2 8 2 2 2 2 2 2 2 2 2
left_child=6 3 9 -2 11 -6 7 -1 -9 10 -3 -4 13 -5
right_child=1 2 4 12 5 -7 -8 8 -10 -11 -12 -13 -14 -15
leaf_value=-2.4586346171874157e-05 0.0054840937390499287 0.00074905888647695969 0.0035444127473383954 0.00022878521064865833 -0.0019575130959299733 0.018490146811232178 -0.015131478873820643 -0.015179348120803647 -0.00029774387144375987 0.0063612103799667976 -0.021537274597062762 -0.015558829536090061 0.0058747001163372593 -0.022672119156124496
leaf_weight=6937.3278723955154 1406.4409580826759 68.716287150979042 129.47704562544823 56.184801712632179 87.058675304055214 157.21820642054081 97.363212302327156 210.01560352742672 253.4492626786232 47.285400316119194 210.07312346994877 96.035699620842934 67.83059449493885 93.732404813170433
leaf_count=28941 5705 283 528 229 373 727 401 924 1079 201 886 440 284 404
internal_value=-0.000149392 0.00143946 -0.00312167 0.00367553 0.00362518 0.011246 -0.000662445 -0.000468057 -0.00707748 -0.012805 -0.0160779 -0.00465605 -0.00794962 -0.0141995
internal_weight=9918.21 2420.05 795.864 1624.19 469.79 244.277 7498.16 7400.79 463.465 326.075 278.789 225.513 217.748 149.917
internal_count=41405 10060 3438 6622 2068 1100 31345 30944 2003 1370 1169 968 917 633
is_linear=0
shrinkage=0.03


Tree=129
num_leaves=15
num_cat=0
split_feature=13 7 7 7 12 12 12 3 6 13 7 6 13 6
split_gain=8.26122 18.6009 30.8668 25.5043 24.87 25.2947 17.4801 14.8678 29.5593 20.0361 20.4313 18.4114 30.7104 29.1311
threshold=0.0029188142982701231 1.3360879770288412 1.2282027166670855 1.5452229621861666 -0.023580786978084241 -0.014535295353673093 -0.010366913217342065 0.0004183961798884806 0.00080593323977243313 0.0047338385482350595 0.80193153596066236 0.0015256035668799806 0.018808869317501479 0.0011096066530853646
decision_type=2 2 2 2 2 2 2 2 2 2 2 2 2 2
left_child=1 2 4 -3 -1 -6 -4 8 9 10 -2 12 -9 -14
right_child=7 3 6 -5 5 -7 -8 11 -10 -11 -12 -13 13 -15
leaf_value=0.017493508310887338 0.010675863491860336 -0.011349516920316086 0.0038407947577269478 0.0053088521845451571 -0.0050018859333871438 0.0030265505516480964 0.023246062039505241 0.0029855275535937676 -0.0011730798593954893 -0.023779953527627309 -0.014048980594721341 -0.0019273947636394366 -0.025115947250955742 -0.0019995608833372003
leaf_weight=83.06477689743042 45.83269901573658 207.29297941923141 74.50480529665947 135.21886377036572 479.1404480189085 1326.5014455616474 95.896568074822426 2802.9251407235861 2709.514896273613 85.819689378142357 79.629321619868279 1571.5492042601109 63.18673811852932 200.01318956911564
leaf_count=345 203 864 310 564 1990 5456 392 11525 11417 405 363 6650 279 831
internal_value=0.000142514 0.00167452 0.00275182 -0.00478039 0.00164079 0.000892968 0.0149045 -0.000344576 -0.00202044 -0.0127742 -0.00499093 0.000711293 0.00206413 -0.0076967
internal_weight=9960.09 2401.62 2059.11 342.512 1888.71 1805.64 170.401 7558.47 2920.8 211.282 125.462 4637.67 3066.13 263.2
internal_count=41594 9921 8493 1428 7791 7446 702 31673 12388 971 566 19285 12635 1110
is_linear=0
shrinkage=0.03


Tree=130
num_leaves=15
num_cat=0
split_feature=5 12 6 13 18 18 6 12 12 12 7 12 6 2
split_gain=8.93674 23.117 25.5306 21.7149 15.4532 32.7642 27.139 17.3035 15.7382 15.2749 13.8017 37.7748 22.0512 16.9059
threshold=2.9487771910918784e-05 -0.0033455982363210231 0.00057971869808519599 0.0029640104965957819 8.8483578187488714 6.6543163568555146 0.0027307240018005366 -0.011638913110731728 -0.01293115011515694 -0.018823801957871863 0.69565564187565321 -0.01731834753256389 0.0016032988498710192 -0.00085159556457116415
decision_type=2 2 2 2 2 2 2 2 2 2 2 2 2 2
left_child=1 2 -1 -2 5 6 7 8 -5 -8 11 12 -4 -13
right_child=3 -3 10 4 -6 -7 9 -9 -10 -11 -12 13 -14 -15
leaf_value=0.01503726055719766 0.01620121239828309 -0.012893247179826494 0.019506668149301319 0.0033198922622407708 -0.012371161347642807 0.018153146035326941 -0.0025711585751430547 0.00040305408979420128 0.022012744945822092 -0.022122160898983421 -0.00037331033775267952 -0.0045642899857180333 -0.0059720641168034393 -0.016142840568065656
leaf_weight=89.195404425263405 78.643900692462921 141.78186230361462 74.872891128063202 116.50523392856121 80.472684070467949 93.163197830319405 72.380334943532944 4332.8302793651819 60.905225336551666 70.675622016191483 4195.6359552741051 300.03067353367805 49.505432531237602 182.92069582641125
leaf_count=381 337 634 306 509 342 381 305 18017 259 322 17461 1284 209 767
internal_value=-0.00014899 -0.0010368 -0.000688055 0.000762104 0.000503953 0.00072736 0.000370831 0.000781278 0.00991102 -0.012402 -0.000986226 -0.00520533 0.00943152 -0.00899822
internal_weight=9939.52 5033.94 4892.16 4905.58 4826.93 4746.46 4653.3 4510.24 177.41 143.056 4802.97 607.33 124.378 482.951
internal_count=41514 21042 20408 20472 20135 19793 19412 18785 768 627 20027 2566 515 2051
is_linear=0
shrinkage=0.03


Tree=131
num_leaves=15
num_cat=0
split_feature=3 3 12 3 12 12 5 12 6 11 12 2 3 6
split_gain=7.42422 13.73 32.1292 11.6435 15.947 30.9949 18.8391 22.8573 26.1203 18.7481 19.2332 15.0232 12.8748 14.3262
threshold=-0.035601967840678032 -0.018453700494432287 -0.040790760127714369 -0.0078886002715775321 -0.038383489992405588 -0.021616861201805723 -0.0026568812799461212 -0.01423696502429128 0.0016987066238819445 35.796118773734023 -0.0088468367640457939 -0.0025123345205344673 -0.0045682115404903287 0.0012570622873370682
decision_type=2 2 2 2 2 2 2 2 2 2 2 2 2 2
left_child=-1 2 -2 -3 -5 11 7 12 -9 10 -8 -6 13 -7
right_child=1 3 -4 4 5 6 9 8 -10 -11 -12 -13 -14 -15
leaf_value=0.0090791267995859702 0.0047136467955560058 0.0031980718531398962 -0.021488133270006128 -0.011827450437874861 0.021557187664633267 -0.017567114562339167 0.022052750380045182 -0.0050390383820921557 0.010615393076028566 -0.00038658764567408405 0.0032049207390187199 0.0040588960105777004 -0.024057992980788413 -0.00012760449059398936
leaf_weight=75.230651795864105 80.877537086606026 868.76396249234676 84.566679984331131 107.27525293827057 79.516572654247284 77.552283868193626 61.646046116948128 441.26278193295002 120.45822554826736 7468.0130036622286 211.85237590968609 98.904656276106834 64.447894215583801 90.824673026800156
leaf_count=321 351 3556 443 447 326 338 254 1840 486 31188 890 410 269 372
internal_value=-0.00018621 -0.00025876 -0.00877606 -0.000111565 -0.000438148 -0.000295264 -0.000555219 -0.0049484 -0.00165627 -0.000103166 0.00758244 0.0120098 -0.0128093 -0.00827195
internal_weight=9931.19 9855.96 165.444 9690.52 8821.75 8714.48 8536.06 794.546 561.721 7741.51 273.498 178.421 232.825 168.377
internal_count=41491 41170 794 40376 36820 36373 35637 3305 2326 32332 1144 736 979 710
is_linear=0
shrinkage=0.03


Tree=132
num_leaves=15
num_cat=0
split_feature=3 12 7 18 13 12 1 7 3 7 12 12 13 12
split_gain=8.49681 19.2202 38.4854 20.623 29.4842 29.3826 17.2303 26.5217 13.0518 21.4509 36.0691 34.5195 24.3612 18.7908
threshold=-0.0078886002715775321 -0.022809788436898789 1.2673479376425889 8.8385731811623121 0.0024365165702516793 -0.040790760127714369 -0.0035341998174647222 1.6643964112181318 -0.0031870725072056512 1.0014877776653341 -0.02576281200396718 -0.014090738190161932 0.0020462691126004189 -0.0080404642929551278
decision_type=2 2 2 2 2 2 2 2 2 2 2 2 2 2
left_child=1 2 3 4 -1 -6 -3 -8 9 10 -2 -11 -12 -10
right_child=8 6 -4 -5 5 -7 7 -9 13 11 12 -13 -14 -15
leaf_value=0.017501279043855147 0.019433972483450426 -0.0090123181841591151 -0.017107537340034364 0.01962751194286786 0.00336750275544364 -0.019061694195467903 0.0053417075261940677 0.0275586149697051 0.0032769454612353991 -0.011095186393192551 -0.00089940270041429741 0.0043146926084168119 -0.010331861065377607 -0.00043421656753526121
leaf_weight=62.001059845089912 49.059908047318459 63.018158078193665 114.3712794482708 53.518556624650955 129.60943119227886 85.874904975295067 570.0352076292038 51.078169524669647 1593.592010691762 161.2840516269207 421.03444036841393 656.58393123745918 593.63251753151417 5327.1763954162598
leaf_count=259 200 256 560 225 547 365 2338 210 6670 667 1745 2688 2498 22282
internal_value=0.000133076 0.00258024 -0.00226406 0.00293673 -0.000399839 -0.00566408 0.00573132 0.00725134 -0.000181456 -0.00239555 -0.00520037 0.0012562 -0.00642735 0.000421024
internal_weight=9931.87 1129.51 445.375 331.004 277.485 215.484 684.132 621.113 8802.36 1881.59 1063.73 817.868 1014.67 6920.77
internal_count=41510 4760 1956 1396 1171 912 2804 2548 36750 7798 4443 3355 4243 28952
is_linear=0
shrinkage=0.03


Tree=133
num_leaves=15
num_cat=0
split_feature=13 5 13 18 12 12 3 12 3 6 13 3 3 6
split_gain=9.0114 28.8242 24.9827 24.2405 22.092 19.3455 24.7836 17.0373 14.782 57.9546 35.0685 25.2827 19.4502 24.7554
threshold=0.016180816519504652 0.0043291497709595514 0.04594324507183057 8.8385731811623121 -0.00034705021059994173 -0.065257724317744056 -0.02091232504500384 -0.036485310839212075 0.0078909792860787937 0.0020572594946731177 0.013850912703217257 0.0004183961798884806 0.010339514656239364 0.0013174029600094925
decision_type=2 2 2 2 2 2 2 2 2 2 2 2 2 2
left_child=5 2 -2 4 -3 -1 7 -7 10 12 -8 -12 13 -10
right_child=1 3 -4 -5 -6 6 8 -9 9 -11 11 -13 -14 -15
leaf_value=0.015984461454471115 -0.0083195340219828842 0.0058494476777856581 0.0088803464808621512 -0.014453178632526351 -0.014469299268843074 -0.0032434707840603844 7.257527944513789e-05 -0.027378200709457533 -0.012589587307565625 -0.035533807154786164 -0.0062488491208672267 0.013515190982791563 0.012138337445723672 0.0081641204490015881
leaf_weight=67.210604026913643 672.68711394071579 550.18491658568382 84.001619353890419 68.959708198904991 50.858270436525345 58.57678385078907 7619.0920805335045 46.745289996266365 143.73094999790192 48.46915340423584 71.460599660873413 290.68412634730339 76.038915559649467 78.497107684612274
leaf_count=290 2805 2407 352 295 214 271 31668 275 579 209 318 1187 310 323
internal_value=-0.00018213 -0.00238666 -0.00639176 0.0021422 0.00408786 0.000188344 5.86939e-05 -0.0142658 0.000243235 -0.00580268 0.000507281 0.00960233 -0.00076679 -0.00525137
internal_weight=9927.2 1426.69 756.689 670.003 601.043 8500.51 8433.3 105.322 8327.97 346.736 7981.24 362.145 298.267 222.228
internal_count=41503 6073 3157 2916 2621 35430 35140 546 34594 1421 33173 1505 1212 902
is_linear=0
shrinkage=0.03


Tree=134
num_leaves=15
num_cat=0
split_feature=1 12 17 7 10 12 2 5 0 0 10 5 12 7
split_gain=7.38154 15.2667 12.3283 20.9115 15.1951 13.9398 12.5748 17.1837 15.5042 9.049 9.03405 9.3709 28.7858 18.1278
threshold=0.0015881283193800585 -0.0013066877240170414 -0.70710678118654757 1.3767998770014322 0.95573475639466299 -0.020070793975248798 0.0074462350171993494 -0.00046709949911244436 -0.00010840065591283253 0.00033597307924099906 1.0937356453792926 0.0010880940553290588 -0.0028077187419481837 0.67731130681861196
decision_type=2 2 2 2 8 2 2 2 2 2 10 2 2 2
left_child=1 10 3 -2 -4 -6 7 -7 -9 -10 11 12 -1 -13
right_child=2 -3 4 -5 5 6 -8 8 9 -11 -12 13 -14 -15
leaf_value=0.00020825575675182463 0.0033271657756820667 -0.0043166684289979423 -0.011326942393246641 0.021278137678213668 0.013448544258808289 -0.0096367474041741917 -0.0091156391578733238 0.016631546801072025 -0.0058166398391442777 0.0047519074507294048 -0.0082899636602729917 0.010607673295487566 -0.0087031281988759236 0.0011013930568061043
leaf_weight=5553.3784702271223 312.02530741691589 747.87834899127483 89.511454299092293 70.170593753457069 78.114892795681953 91.539692953228951 106.97768178582191 76.324071452021599 97.916671425104141 268.69792023301125 110.24626739323139 199.32521924376488 344.59106293320656 1755.4486139267683
leaf_count=23181 1295 3100 385 304 342 376 459 316 404 1113 469 833 1526 7292
internal_value=7.86125e-05 -0.000224466 0.00229145 0.00671655 0.000189705 0.00164975 0.000175588 0.00206231 0.00451254 0.00191298 0.000160858 0.000281581 -0.000315169 0.00208058
internal_weight=9902.15 8710.87 1191.28 382.196 809.082 719.571 641.456 534.478 442.939 366.615 7962.99 7852.74 5897.97 1954.77
internal_count=41395 36401 4994 1599 3395 3010 2668 2209 1833 1517 33301 32832 24707 8125
is_linear=0
shrinkage=0.03


Tree=135
num_leaves=15
num_cat=0
split_feature=13 5 5 11 13 12 7 6 2 6 11 7 12 13
split_gain=8.50967 18.4984 16.2557 16.3056 16.1655 15.9559 22.4068 29.5178 28.4458 25.3901 24.6061 15.5332 33.875 19.9064
threshold=0.0028729746760514101 -0.001021013332540843 0.00043948838560547992 47.432603442193347 0.07002465038906204 -0.0086926243250892692 0.93680587842601037 0.0012040486533089572 0.00098450825478877562 0.00073343601475603251 50.008724723936091 0.69565564187565321 -0.006612186717436074 0.016846741511940214
decision_type=2 2 2 2 2 2 2 2 2 2 2 2 2 2
left_child=1 -1 5 -4 11 -2 7 8 -7 -8 -9 12 -5 -14
right_child=2 -3 3 4 -6 6 9 10 -10 -11 -12 -13 13 -15
leaf_value=0.00042233487553969116 6.6070168007257103e-06 0.0075263463268323361 0.0085143046832354269 0.018559440299895133 -0.012796260221591504 -0.001297314368134688 -0.020493865209570986 -0.020832565625675075 -0.025364313268042199 0.00061574457431130044 0.0018753696482061264 -0.00011697951464222133 0.0046879455495262524 -0.01185794137636656
leaf_weight=1995.1640714555979 1638.5942569822073 393.30758480727673 228.14708817005157 130.19979307055473 81.01471520960331 453.56927719712257 52.924902841448784 204.55136789381504 47.004662901163101 771.32132905721664 53.825129225850105 3533.0849390029907 275.75746549665928 83.620413482189178
leaf_count=8229 6878 1648 940 553 379 1994 242 876 204 3214 222 14690 1150 353
internal_value=3.73997e-05 0.00159746 -0.000456189 0.000743943 0.000308006 -0.00206927 -0.00421509 -0.00792731 -0.00364919 -0.000786031 -0.016124 0.000578148 0.00557467 0.000793712
internal_weight=9942.09 2388.47 7553.62 4331.82 4103.68 3221.79 1583.2 758.95 500.574 824.246 258.376 4022.66 489.578 359.378
internal_count=41572 9877 31695 18065 17125 13630 6752 3296 2198 3456 1098 16746 2056 1503
is_linear=0
shrinkage=0.03


Tree=136
num_leaves=15
num_cat=0
split_feature=5 7 13 12 17 13 7 12 6 12 13 7 11 3
split_gain=7.13793 21.7485 25.0714 28.4716 21.5725 16.7083 21.6454 24.1106 25.4129 20.5109 15.1208 16.6214 18.8913 16.0104
threshold=2.9487771910918784e-05 0.67731130681861196 0.0055557362508441574 -0.0013563540221538937 -0.70710678118654757 0.0080416558813724021 0.6888532272435326 -0.0041134548110425819 0.0010545592659391252 -0.0079675458723636999 0.0050663833833199954 1.3857641503743212 73.124679449822494 0.0016231057033969933
decision_type=2 2 2 2 2 2 2 2 2 2 2 2 2 2
left_child=5 2 -2 -4 -3 -1 9 8 -8 -7 -6 13 -13 -12
right_child=1 4 3 -5 10 6 7 -9 -10 -11 11 12 -14 -15
leaf_value=-0.00019470280733357401 -0.0099876263052287619 0.0035237198597214627 0.012427883670861376 -0.0060335246099660969 0.0041990688159072717 -0.023808341836053779 0.018844322916701822 -0.021353526829814225 -0.0027433109838054166 -0.00035128986496161689 -0.0074606530953381716 0.0072880270131491605 -0.0092569736379197326 -0.0016529463221062564
leaf_weight=4215.2089342027903 72.071641057729721 1127.2077599614859 380.22878773510456 92.297775939106941 395.21182133257389 91.320487484335899 51.797421351075172 54.433878481388092 557.843944221735 52.474401518702507 546.19528365135193 295.65330377221107 76.66203798353672 1944.0951422452927
leaf_count=17548 307 4703 1597 386 1676 393 228 262 2351 246 2303 1256 327 8045
internal_value=-0.000157336 0.000653522 0.0062963 0.00881162 -4.98336e-05 -0.000953051 -0.00489962 -0.00259297 -0.000853523 -0.0153705 -0.00128769 -0.0020476 0.00385005 -0.00293172
internal_weight=9952.7 4929.62 544.598 472.527 4385.03 5023.08 807.87 664.075 609.641 143.795 3257.82 2862.61 372.315 2490.29
internal_count=41628 20600 2290 1983 18310 21028 3480 2841 2579 639 13607 11931 1583 10348
is_linear=0
shrinkage=0.03


Tree=137
num_leaves=15
num_cat=0
split_feature=2 6 4 16 5 7 3 11 12 6 13 7 4 2
split_gain=7.98438 20.5274 24.9079 15.7221 11.8073 17.7551 21.7791 17.5483 15.4512 14.9995 19.6644 19.4985 16.7441 20.6066
threshold=-0.0064319563185815656 0.0012447858615587683 -0.0031931789412121821 -1.0000000180025095e-35 -0.0026568812799461212 1.3767998770014322 -0.0052949813032795992 34.458356617698747 -0.0075518509057517216 0.0010191117850621126 0.002482343259535225 0.86565423113487472 -0.00089036970308342667 -0.0042353903000219564
decision_type=2 2 2 2 2 2 2 2 2 2 2 2 2 2
left_child=1 -1 3 -3 5 9 -7 8 -6 -2 12 -12 13 -11
right_child=4 2 -4 -5 7 6 -8 -9 -10 10 11 -13 -14 -15
leaf_value=-0.011853051445086509 -0.0085592181194975806 -0.0052560933557931856 0.015885658805793294 0.0070671224097098992 0.021739077293040792 -0.020644455015719543 0.0023751621155845407 -1.7701422146125779e-06 0.0033518584486481907 0.010219783012634539 -0.013247496159947178 1.122892077423252e-05 0.01848164838412137 -0.0028868358157300889
leaf_weight=68.177314400672913 221.17224176228046 173.63779221475124 145.24008905887604 196.55884750187397 58.47877100110054 99.06899581849575 57.745487824082375 7809.5708027631044 131.5185898244381 170.27964289486408 150.85837444663048 287.72003035247326 61.34123095870018 287.51531274616718
leaf_count=280 940 752 606 847 241 439 237 32620 555 697 639 1202 253 1179
internal_value=-4.56378e-06 0.00339347 0.00544816 0.00128983 -0.00021768 -0.00282649 -0.0122445 0.000218515 0.00917871 -0.00155509 7.68877e-05 -0.00458883 0.00402108 0.0020115
internal_weight=9918.88 583.614 515.437 370.197 9335.27 1335.7 156.814 7999.57 189.997 1178.89 957.715 438.578 519.136 457.795
internal_count=41487 2485 2205 1599 39002 5586 676 33416 796 4910 3970 1841 2129 1876
is_linear=0
shrinkage=0.03


Tree=138
num_leaves=15
num_cat=0
split_feature=13 5 11 0 7 12 13 16 13 5 12 12 12 6
split_gain=9.07788 16.0686 19.3882 17.317 15.8034 31.049 20.703 15.8755 26.9052 14.9801 21.7023 17.4139 14.9274 20.5061
threshold=0.0069377485970765216 0.00077512331745699392 48.384826298267434 -0.0013288788909770856 0.67389636863669444 -0.0061435265795001795 0.017102651000198924 0.12940952255126045 0.042645524040776379 -0.001451321927535165 -0.0051447543389558361 -0.016795703152161331 -0.0029498973584741735 0.00061673687468908277
decision_type=2 2 2 2 2 2 2 2 2 2 2 2 2 2
left_child=9 3 -3 -2 5 -4 -7 -6 -9 10 -1 -11 13 -13
right_child=1 2 4 -5 7 6 -8 8 -10 11 -12 12 -14 -15
leaf_value=-0.00053749954637873618 0.0059759924174737737 0.0087594902989019327 0.022013161500238191 -0.0047594012969063354 0.00082321316646883139 0.0060072338623912511 -0.014503918346033836 -0.0025552294938158931 -0.019963141742201446 0.018329135635418398 -0.019891184851132934 0.013219819377671605 -0.0029091869818830408 0.0021360617937671135
leaf_weight=2510.6829106062651 148.46876995265484 212.97280962765217 77.918892621994019 1356.8527229130268 1497.875103995204 150.6440297961235 60.391672104597092 1174.4185749739408 83.836516246199608 57.60125470161438 51.256155505776405 161.34477145969868 467.94824054837227 1892.077448964119
leaf_count=10438 624 877 331 5804 6237 624 255 4875 370 242 216 692 2006 7840
internal_value=-0.000189576 -0.00113289 5.19915e-05 -0.00369405 -0.000562359 0.00608793 5.65383e-05 -0.00126349 -0.00374494 0.00068456 -0.000939919 0.00229779 0.00191731 0.00301897
internal_weight=9904.29 4763.38 3258.06 1505.32 3045.08 288.955 211.036 2756.13 1258.26 5140.91 2561.94 2578.97 2521.37 2053.42
internal_count=41431 19997 13569 6428 12692 1210 879 11482 5245 21434 10654 10780 10538 8532
is_linear=0
shrinkage=0.03


Tree=139
num_leaves=15
num_cat=0
split_feature=3 6 12 6 13 6 12 12 13 7 6 6 6 12
split_gain=7.30078 18.5366 26.1004 22.4327 41.6212 17.231 24.556 33.8708 44.5266 39.9487 35.369 30.375 30.0011 26.7768
threshold=-0.00012665413612311657 0.00077225475423712273 -0.0018091418786547184 0.00059137365443986218 0.010277005754016579 0.0015328079239265199 -0.018409546015860086 -0.01349826266163162 0.0019517941796953766 0.8606677556054686 0.00074192833204243661 0.00088411416078800506 0.00065520734656768014 -0.0072156318413435496
decision_type=2 2 2 2 2 2 2 2 2 2 2 2 2 2
left_child=5 2 -2 -4 -5 6 -1 -8 9 10 -9 -10 -11 -14
right_child=1 -3 3 4 -6 -7 7 8 11 12 -12 -13 13 -15
leaf_value=0.0064189737128902856 0.012128596019267223 6.296970008651018e-05 -0.01742091558371427 0.015334218982347771 -0.016226187156642386 0.0015336729188065159 -0.0095763521404948135 -0.0032331348564877153 -0.011541844274912821 0.019948071033241317 0.021502143335326823 -0.0019683725447100058 0.0017266450941936325 -0.013633218128487834
leaf_weight=268.86270198225975 282.1128159314394 4537.5029046237469 57.42327968776226 103.55851995944977 56.502501368522644 1650.6389360278845 570.35563576221466 73.065134331583977 396.94921588897705 57.73347881436348 174.70986273884773 1186.6261338889599 368.0674639493227 139.19420498609543
leaf_count=1090 1204 18896 257 432 233 6882 2411 299 1763 237 716 5015 1508 567
internal_value=-0.000133357 0.00066796 0.00614052 -0.00166674 0.00413045 -0.000959355 -0.00223135 -0.0030191 -0.00145171 0.00424973 0.0142406 -0.00437965 -0.000166472 -0.00252514
internal_weight=9923.3 5037.1 499.597 217.484 160.061 4886.2 3235.56 2966.7 2396.35 812.77 247.775 1583.58 564.995 507.262
internal_count=41510 21022 2126 922 665 20488 13606 12516 10105 3327 1015 6778 2312 2075
is_linear=0
shrinkage=0.03


Tree=140
num_leaves=15
num_cat=0
split_feature=13 6 7 6 5 3 6 7 7 6 3 13 7 11
split_gain=8.80767 14.4965 23.0901 18.4636 19.5412 15.5163 13.6504 22.5261 12.7826 34.7991 18.5321 30.9007 17.6397 16.4879
threshold=0.0038681172127106316 0.00062921953508671168 0.72171327573180799 0.0014909687489581935 -0.00059938800742048704 -0.0020133002851937111 0.00059137365443986218 0.79967794602434283 0.90544474296062194 0.00071440897676517594 -0.0030411874901745124 0.0025776683123686088 0.99007062279444336 46.340027635142043
decision_type=2 2 2 2 2 2 2 2 2 2 2 2 2 2
left_child=1 2 -1 8 -5 -4 7 -2 9 -3 11 -11 -10 -14
right_child=6 3 5 4 -6 -7 -8 -9 12 10 -12 -13 13 -15
leaf_value=-0.0084747282338213069 0.0021191511617632288 -0.020165902408867311 0.025223360456111569 0.0033797822746801658 0.022264969517709478 0.007150204402497729 -0.00052364436559771169 -0.025851924159604765 -0.0089944886677911819 0.0038384397098969593 0.009048694673292371 -0.013384160529875198 -0.0033862304062616433 0.0050688604192468904
leaf_weight=58.51179513335228 52.696073919534683 58.087712436914444 60.273029312491417 658.65700253844261 51.440301552414894 144.7875367552042 6642.5085926353931 48.456832468509674 303.61339735984802 420.65206350386143 327.50791244208813 118.48736576735973 654.17147451639175 301.65098340809345
leaf_count=246 239 241 248 2735 217 636 27836 218 1261 1745 1363 501 2697 1251
internal_value=-7.97376e-05 0.00122733 0.0079356 0.000611373 0.00480654 0.0126547 -0.000691979 -0.0115217 -0.00075567 0.00192029 0.00344365 1.79292e-05 -0.00272041 -0.00071285
internal_weight=9901.5 3157.84 263.572 2894.27 710.097 205.061 6743.66 101.153 2184.17 924.735 866.647 539.139 1259.44 955.822
internal_count=41434 13141 1130 12011 2952 884 28293 457 9059 3850 3609 2246 5209 3948
is_linear=0
shrinkage=0.03


Tree=141
num_leaves=15
num_cat=0
split_feature=3 5 5 7 7 6 12 11 13 12 12 2 11 13
split_gain=8.39161 16.1962 15.1312 28.7837 28.2401 27.3257 20.4721 16.3127 15.4495 15.4217 15.0732 14.0497 14.7846 13.2725
threshold=-0.00717886935671004 -0.001021013332540843 -0.0026568812799461212 1.0298083163194078 1.2495521653503767 0.0015792732383533836 -0.02576281200396718 35.796118773734023 0.0047902030557994699 -0.0095470012414956545 -0.0093959029407048016 -0.0017146704940576572 46.340027635142043 0.0011810170201976835
decision_type=2 2 2 2 2 2 2 2 2 2 2 2 2 2
left_child=1 11 3 6 13 10 -2 9 -8 -4 -6 -1 -13 -5
right_child=2 -3 7 4 5 -7 8 -9 -10 -11 -12 12 -14 -15
leaf_value=0.0036506212803957766 0.0084872075985770769 0.016551133909499211 0.022480931170354424 -0.00011710397667166906 -0.022482679293966936 0.0094284836789436232 -0.0089754429490715281 -3.2300169118632922e-05 -0.025116586648225553 0.0040139670818862255 -0.0013225796094179733 -0.0093633401907117428 0.0025708485598649219 0.016934408212522456
leaf_weight=892.04846572875977 48.926548510789871 66.940410867333412 48.081852197647095 64.913123890757561 74.668678849935532 66.584932163357735 306.11560671031475 7555.8365225344896 64.135693892836571 224.66401612758636 50.528982847929001 181.2150771021843 189.26334443688393 109.78680227696896
leaf_count=3762 207 272 199 269 311 269 1284 31609 276 945 208 771 793 454
internal_value=0.000172636 0.00238915 -0.000169923 -0.00413336 0.00200462 -0.00591663 -0.00948377 0.000228794 -0.0118914 0.00740942 -0.0140977 0.00161328 -0.00328555 0.010669
internal_weight=9943.71 1329.47 8614.24 785.66 366.483 191.783 419.178 7828.58 370.251 272.746 125.198 1262.53 370.478 174.7
internal_count=41629 5598 36031 3278 1511 788 1767 32753 1560 1144 519 5326 1564 723
is_linear=0
shrinkage=0.03


Tree=142
num_leaves=15
num_cat=0
split_feature=13 3 6 6 12 13 3 6 10 6 6 13 6 5
split_gain=7.98928 13.4719 29.327 22.8484 34.69 30.9644 47.0237 46.6485 33.1087 31.9388 28.5938 25.3569 30.2752 30.2661
threshold=0.0030172582331715607 0.00024321672811578046 0.00080593323977243313 0.0016690292434136448 -0.010366913217342065 0.018808869317501479 0.0078909792860787937 0.0042645476571286966 0.99975982036724476 0.0022232483270486817 0.001905436848521722 0.018471123976611662 0.0011049416484939592 0.0020260819162601922
decision_type=2 2 2 2 2 2 2 2 10 2 2 2 2 2
left_child=-1 2 -2 4 -3 6 9 10 -9 -5 -7 13 -13 -6
right_child=1 3 -4 5 11 7 -8 8 -10 -11 -12 12 -14 -15
leaf_value=0.0014237410954226531 -0.013458347753770132 0.016128426839647683 -0.001358016719195444 -0.0071767723808463541 -0.00057975166058240777 -0.0049753479398234384 -0.022631115789663002 -0.020522069894492023 0.0040605742865328217 0.0092831569202040144 0.014903517370623388 -0.023693499031913704 -0.0020509827862492322 0.0056181945585028481
leaf_weight=2473.125308573246 192.14753466844559 141.68004059791565 2532.5725259333849 446.66461756825447 1706.1840555518866 88.528268307447433 138.67364002764225 103.02817761898041 91.895053669810295 137.09395813941956 235.89796157181263 70.950628638267517 289.46420080959797 1210.9665946215391
leaf_count=10251 897 641 10706 1857 7058 372 595 465 391 566 1058 315 1208 4896
internal_value=-5.14017e-05 -0.000545607 -0.00222058 0.000434073 0.0016998 -0.00304825 -0.00705702 0.00253377 -0.00900924 -0.00329271 0.0094818 0.00106664 -0.00641873 0.00199522
internal_weight=9858.87 7385.75 2724.72 4661.03 3419.25 1241.78 722.432 519.349 194.923 583.759 324.426 3277.57 360.415 2917.15
internal_count=41276 31025 11603 19422 14118 5304 3018 2286 856 2423 1430 13477 1523 11954
is_linear=0
shrinkage=0.03


Tree=143
num_leaves=15
num_cat=0
split_feature=5 2 12 6 3 6 5 4 12 10 12 12 3 6
split_gain=7.13427 14.6249 17.3023 21.0754 18.2962 26.6112 14.4808 14.3587 14.9136 17.7248 14.9222 14.2289 13.8784 25.8787
threshold=2.9487771910918784e-05 0.00059396708205132498 -0.00246922906629865 0.0010308450851443296 0.0049172974163314573 0.0010846184382459414 0.002757763235515132 -0.00049016350139241538 -0.011638913110731728 0.86090584516890167 -0.013090493867678186 -0.017046043510534622 0.0049172974163314573 0.001298298173999338
decision_type=2 2 2 2 2 2 2 2 2 10 2 2 2 2
left_child=-1 2 3 -2 -4 -6 12 -3 9 10 11 -9 -5 -14
right_child=1 7 4 6 5 -7 -8 8 -10 -11 -12 -13 13 -15
leaf_value=-0.00064504200246690295 0.012874065073708134 0.012112999035380918 -0.0061458482213505687 0.0042432935918468714 0.021424873467453105 -0.0072927724329628334 0.011921677414155993 0.016788083398975796 -0.00090142556999099545 -0.0051183139626271188 0.024749314482204167 -0.0024558882269465586 -0.023760253058216909 0.0010084853568546076
leaf_weight=5004.7053592056036 268.3447612375021 83.470881730318069 262.91179737448692 373.63957218825817 60.617742761969566 52.714816719293594 130.28697438538074 59.74140191078186 3233.1813371628523 82.727800846099854 52.31180639564991 77.614213332533836 49.936804637312889 140.55840986967087
leaf_count=20994 1120 348 1151 1548 247 218 575 253 13463 348 222 342 203 573
internal_value=0.000152662 0.000962706 0.0036358 0.0057643 -0.00181246 0.00817249 0.0029878 -3.6049e-05 -0.00033207 0.00638317 0.0114009 0.00603489 0.000889692 -0.00566385
internal_weight=9932.76 4928.06 1339.01 962.767 376.244 113.333 694.422 3589.05 3505.58 272.395 189.667 137.356 564.135 190.495
internal_count=41605 20611 5635 4019 1616 465 2899 14976 14628 1165 817 595 2324 776
is_linear=0
shrinkage=0.03


Tree=144
num_leaves=15
num_cat=0
split_feature=13 3 12 6 13 6 1 5 13 12 3 6 5 7
split_gain=7.09207 13.3246 22.912 19.5708 36.453 26.7809 25.7981 25.1105 22.399 34.8335 30.7269 34.3237 26.5716 30.9025
threshold=0.0033630500928761857 0.0016926914111161653 -0.0078216998657764641 0.0015256035668799806 0.017656859563668473 0.0011453852796183093 -0.0020354424639406894 0.0037580962588729121 0.013418343638965548 -0.0019039241350021217 0.0073164060335487316 0.00094428963009326333 0.00030140385901833438 0.99007062279444336
decision_type=2 2 2 2 2 2 2 2 2 2 2 2 2 2
left_child=-1 2 -2 4 6 -6 -3 -7 9 12 -10 -12 -8 -14
right_child=1 3 -4 -5 5 7 8 -9 10 -11 11 -13 13 -15
leaf_value=0.0013831504197784458 0.00064406769754801925 0.02260850921442446 -0.0043624837910094336 -0.0020489600321602166 -0.020421629486996051 -0.012539780202848325 -0.0037607289701847486 0.0078485222271612743 0.015478815318598012 -0.0039888453340879287 -0.020600383757658252 0.0067066987928843949 0.013215123676676307 0.00062950488995712635
leaf_weight=2748.2433295994997 1675.9587389230728 61.555290669202805 1612.9884844273329 1399.0405759066343 93.683281764388084 96.864332675933838 230.92158295214176 118.83559787273407 272.96786031126976 637.05454623699188 50.950249701738358 188.39946329593658 414.53470194339752 303.89720048010349
leaf_count=11417 7020 250 6948 5955 406 399 949 493 1112 2613 205 762 1725 1240
internal_value=8.82748e-05 -0.000409152 -0.00181244 0.000784162 0.00238946 -0.00721094 0.00376977 -0.00133834 0.00319623 0.00143041 0.00863733 0.000771314 0.00506769 0.00790792
internal_weight=9905.9 7157.65 3288.95 3868.7 2469.66 309.383 2160.28 215.7 2098.73 1586.41 512.318 239.35 949.353 718.432
internal_count=41494 30077 13968 16109 10154 1298 8856 892 8606 6527 2079 967 3914 2965
is_linear=0
shrinkage=0.03


Tree=145
num_leaves=15
num_cat=0
split_feature=13 6 6 1 3 3 3 7 13 7 6 6 6 2
split_gain=8.87953 14.7058 13.2887 14.4969 11.7522 11.7118 14.5738 24.3424 34.8704 23.6656 32.5985 15.2278 11.7781 26.0447
threshold=0.0038681172127106316 0.00057971869808519599 0.0014909687489581935 -0.0031338103177979688 -0.018453700494432287 -0.0080510522338975831 -0.0044875938867533069 1.0203167537738111 0.002482343259535225 1.2938790263133426 0.00097987704383170702 0.0011849533563782931 0.0011177774017531613 9.8214750409067477e-05
decision_type=2 2 2 2 2 2 2 2 2 2 2 2 2 2
left_child=2 -2 3 -1 -4 -5 7 8 11 10 -9 -7 13 -8
right_child=1 -3 4 5 -6 6 12 9 -10 -11 -12 -13 -14 -15
leaf_value=-0.016005471458229656 -0.013173983858047885 -0.0006225786870068037 -0.0057352703468075234 0.0056185229681484442 0.006164234109681953 -0.007195309576549902 0.0057976056058248451 -0.0060249262157778382 -0.024855872525544755 -0.0086755019351575282 0.022102969647128778 0.0086707048321136067 -0.0043381412635124066 -0.0038862179547692792
leaf_weight=47.316583082079887 83.09139946103096 6674.2765378654003 83.191261470317841 334.06412705779076 626.02651934325695 255.6033711284399 763.65592966973782 61.454548105597496 89.696282118558884 88.906420394778252 88.888193279504776 67.222214236855507 267.55043964087963 369.44081847369671
leaf_count=194 378 28015 406 1376 2547 1074 3188 255 380 369 367 275 1102 1560
internal_value=-0.000168082 -0.000780768 0.00114883 9.45815e-05 0.00475622 0.000426931 -0.000422731 -0.00412161 -0.00852192 0.0034733 0.0106772 -0.00385847 0.00130191 0.00263896
internal_weight=9900.38 6757.37 3143.02 2433.8 709.218 2386.48 2052.42 651.771 412.522 239.249 150.343 322.826 1400.65 1133.1
internal_count=41486 28393 13093 10140 2953 9946 8570 2720 1729 991 622 1349 5850 4748
is_linear=0
shrinkage=0.03


Tree=146
num_leaves=15
num_cat=0
split_feature=13 5 6 3 13 12 1 5 12 12 12 3 6 6
split_gain=6.82088 18.4311 13.7897 16.1017 25.5398 26.0385 20.375 18.2451 17.6737 30.4069 27.9216 19.8144 17.6121 59.3248
threshold=0.0049621100733021626 0.0011543458277483156 0.001414656848226104 -0.00053342891637719869 0.002482343259535225 -0.0086286349729262062 0.00070511863098682303 -0.003322606541528494 -0.009798894305829196 -0.018409546015860086 -0.014684469537531717 -0.0023835029507577872 0.00077970222840648888 0.00065520734656768014
decision_type=2 2 2 2 2 2 2 2 2 2 2 2 2 2
left_child=1 2 3 4 8 7 -7 -6 9 -1 -11 12 13 -10
right_child=-2 -3 -4 -5 5 6 -8 -9 11 10 -12 -13 -14 -15
leaf_value=0.010462046532566395 -0.00066265265985362553 0.014738362824835446 0.0035521798680246846 0.0037103693296958173 -0.017079369147737642 -0.015946184984228867 0.0016791267975944529 0.0022066392030243641 0.018732383238736904 -0.013803866515755605 -0.00079117430120924088 -0.0034269727546005322 0.011787892280490936 -0.024092658159582149
leaf_weight=137.77915225923061 5976.1694503128529 83.327847227454185 1057.4675163626671 636.59397485852242 49.712673023343086 274.3081302344799 74.610571309924126 299.86651581525803 58.123159006237984 214.6560342758894 471.94321729242802 196.66316831111908 306.43973451852798 54.460733488202095
leaf_count=557 25107 347 4391 2713 209 1191 313 1246 237 920 1949 806 1247 222
internal_value=-2.50486e-05 0.000947846 0.000640486 -0.000470768 -0.00171769 -0.00641619 -0.0121892 -0.000617526 0.000567045 -0.00230317 -0.00488769 0.00440515 0.00807987 -0.00204251
internal_weight=9892.12 3915.95 3832.62 2775.16 2138.56 698.498 348.919 349.579 1440.07 824.378 686.599 615.687 419.024 112.584
internal_count=41455 16348 16001 11610 8897 2959 1504 1455 5938 3426 2869 2512 1706 459
is_linear=0
shrinkage=0.03


Tree=147
num_leaves=15
num_cat=0
split_feature=5 3 2 6 13 7 13 5 3 3 7 7 13 6
split_gain=8.64334 21.5816 19.8463 17.9652 16.1449 23.6059 15.708 37.8977 17.5414 24.1403 25.2207 16.7646 30.7318 18.6756
threshold=-0.0026568812799461212 -0.0080510522338975831 -0.0011502181664648709 0.0015956719393053407 0.0013625811804706125 1.3857641503743212 0.0086325512819961387 0.001288610489043829 0.0077475521777555243 0.0032615252504371588 0.96577858103405989 1.2495521653503767 0.062403135866360045 0.0015792732383533836
decision_type=2 2 2 2 2 2 2 2 2 2 2 2 2 2
left_child=2 -2 3 4 -1 -6 -3 8 9 10 -8 12 -9 -13
right_child=1 6 -4 -5 5 -7 7 11 -10 -11 -12 13 -14 -15
leaf_value=0.00052959646953092381 0.011718694443459309 0.0017266300503430208 -0.009438039206973543 0.0032938329318840547 -0.0040405076183774539 -0.022563051195648332 -0.011939415783298346 0.00050101896681381704 -0.023028165989360853 0.0030518874078843943 0.00015531677654659045 0.011857530672279392 -0.0171585587115437 0.00078631433960934605
leaf_weight=501.02336153388023 155.88924767076969 4335.0496311485767 245.76044374704361 699.57089406251907 336.82818342745304 74.259034782648087 458.42282527685165 1901.7251100093126 49.469645977020264 246.04650527238846 233.97070127725601 238.9289623349905 91.023409858345985 318.99689063429832
leaf_count=2083 636 18086 1057 2963 1415 309 2030 7833 204 1011 999 967 425 1422
internal_value=0.000310048 0.000736703 -0.00153314 -0.000317546 -0.00308855 -0.00747947 0.000516351 -0.000966476 -0.0059488 -0.0050014 -0.00786374 0.000966391 -0.000322018 0.00555293
internal_weight=9886.96 8029.52 1857.44 1611.68 912.111 411.087 7873.63 3538.58 987.91 938.44 692.394 2550.67 1992.75 557.926
internal_count=41440 33613 7827 6770 3807 1724 32977 14891 4244 4040 3029 10647 8258 2389
is_linear=0
shrinkage=0.03


Tree=148
num_leaves=15
num_cat=0
split_feature=13 6 12 12 7 5 12 13 7 6 13 6 6 6
split_gain=7.45097 19.6063 18.4323 18.5804 27.9642 24.9259 24.7756 24.7239 23.2038 25.3342 21.3232 29.7607 20.7678 19.7827
threshold=0.0037608158203888968 0.00057971869808519599 -0.0098778054454072822 -0.0051447543389558361 1.171773948025832 -0.00052077557618213078 -0.0089253092086307145 0.0014873297875179772 1.3360879770288412 0.0011312869185389131 0.0016139006900326438 0.00099884244039009267 0.00066916576418271829 0.0014294411240552572
decision_type=2 2 2 2 2 2 2 2 2 2 2 2 2 2
left_child=2 -2 -1 4 5 6 -4 -5 -6 -10 11 -8 -9 -12
right_child=1 -3 3 7 8 -7 10 12 9 -11 13 -13 -14 -15
leaf_value=-0.00096873937282229683 -0.014607692329055962 -0.00041622396071445424 0.010557567739691442 -0.020682397529264731 0.023015369345898904 0.014211332000003933 0.012846298965722569 0.0094213782553853546 -0.0099315029257264174 0.017398844688918631 -0.013770566450245148 -0.011708812199290937 -0.0048631736146973739 0.0061389503128024313
leaf_weight=1652.0486455857754 86.770360425114632 6757.4692047834396 153.08343395590782 51.206804186105728 133.62325532734394 140.90539611876011 122.96052055060863 156.63901975750923 55.193386614322662 63.740622714161873 190.5014460682869 67.060563802719116 214.8406975120306 57.30230650305748
leaf_count=6903 396 28378 626 211 548 593 504 683 227 260 787 273 900 234
internal_value=-5.02404e-05 -0.000600356 0.00118014 0.00370097 0.00595644 0.00296811 0.000248212 -0.00155498 0.0145241 0.00476123 -0.00338802 0.00414883 0.00117828 -0.00915439
internal_weight=9903.35 6844.24 3059.11 1407.06 984.371 731.814 590.908 422.687 252.557 118.934 437.825 190.021 371.48 247.804
internal_count=41523 28774 12749 5846 4052 3017 2424 1794 1035 487 1798 777 1583 1021
is_linear=0
shrinkage=0.03


Tree=149
num_leaves=15
num_cat=0
split_feature=1 17 10 3 12 10 12 12 6 18 3 2 12 3
split_gain=7.53185 13.3136 7.89369 7.1946 45.1986 15.2583 11.0533 13.1156 27.5812 31.1742 24.8071 18.6895 16.1093 28.6749
threshold=0.003796228359556703 -0.78656609248549325 0.96275439186037348 -0.018453700494432287 -0.040790760127714369 1.0559259930760514 -0.038383489992405588 -0.021616861201805723 0.0018582342436013065 6.4951377572220066 -0.013189449723514267 -0.0018578614684768497 -0.013647460255229281 -0.0023272811868643574
decision_type=2 2 8 2 2 8 2 2 2 2 2 2 2 2
left_child=3 -2 -3 4 5 -1 -5 8 11 -10 -9 -8 13 -12
right_child=1 2 -4 6 -6 -7 7 10 9 -11 12 -13 -14 -15
leaf_value=0.017020498768039377 0.015226661171704544 -0.0076488582057972739 0.0045491648098532275 -0.0082376394990330559 -0.023739927500882257 -0.0033913746827581724 0.020577070360105087 0.015581093609440847 -0.017631217536888389 0.012540716172043149 -0.0060891111425376019 0.0013677760497060405 0.00029940881222846458 0.0058145887251309742
leaf_weight=53.867569386959076 78.118161752820015 65.499445334076881 161.31382191181183 140.21437685191631 75.661456346511841 79.09117865562439 117.65296721458435 88.758332416415215 70.655430793762207 51.680786415934563 863.86556312441826 74.125551894307137 7713.9857040643692 228.93522337079048
leaf_count=230 338 285 684 581 408 347 478 362 295 213 3605 306 32240 991
internal_value=8.72225e-05 0.00471304 0.000990536 -6.13036e-05 -0.00554455 0.00500807 6.22016e-05 0.000190325 0.00619529 -0.00488842 -2.30637e-05 0.0132431 -0.000183831 -0.00358929
internal_weight=9863.43 304.931 226.813 9558.49 208.62 132.959 9349.87 9209.66 314.115 122.336 8895.54 191.779 8806.79 1092.8
internal_count=41363 1307 969 40056 985 577 39071 38490 1292 508 37198 784 36836 4596
is_linear=0
shrinkage=0.03


Tree=150
num_leaves=15
num_cat=0
split_feature=5 13 16 4 7 1 7 7 4 2 13 6 4 13
split_gain=9.82705 19.3398 15.519 17.9719 14.9574 16.7859 13.4291 13.5588 9.91784 9.70955 10.9391 15.0257 20.0895 19.1723
threshold=-0.001451321927535165 0.0025776683123686088 0.25881904510252091 -0.0012919754019647398 0.67389636863669444 -0.00089513997595919148 0.90544474296062194 0.75124835505240029 -0.0020816017163421403 -0.0010452810183187997 0.0040885720440347892 0.0016782339063190132 -0.0016009413536683945 0.0017375122981643234
decision_type=2 2 2 2 2 2 2 2 2 2 2 2 2 2
left_child=2 -2 9 4 -4 -6 7 -5 -3 10 11 12 13 -1
right_child=1 8 3 6 5 -7 -8 -9 -10 -11 -12 -13 -14 -15
leaf_value=-0.0037436039133259564 0.0062639852022862083 0.011287398880855358 -0.011527819387168011 -0.004637261439780856 0.0020809411994411734 0.012340833251883171 -0.0069955093686888715 0.0090745297338333097 -3.9813918580504365e-05 -0.0077769877996819083 -0.006184162374101701 0.0066972429971224271 0.0016965650761576105 -0.020317595989770357
leaf_weight=248.87148785591125 489.09121592342854 68.345302954316139 48.583974212408066 128.61258205771446 442.13265855610371 211.25129397213459 319.95877560973167 127.21785712242126 6299.8970899879932 351.71730841696262 433.82849977910519 205.78191910684109 459.28462086617947 82.617048591375351
leaf_count=1028 2045 289 207 541 1856 881 1336 526 26454 1477 1834 878 1903 339
internal_value=-0.000103191 0.000527646 -0.00151636 0.001006 0.00422291 0.00542569 -0.00291691 0.00219876 8.52577e-05 -0.00332397 -0.00221969 -0.000484914 -0.0023661 -0.00797142
internal_weight=9917.19 6857.33 3059.86 1277.76 701.968 653.384 575.789 255.83 6368.24 1782.1 1430.38 996.555 790.773 331.489
internal_count=41594 28788 12806 5347 2944 2737 2403 1067 26743 7459 5982 4148 3270 1367
is_linear=0
shrinkage=0.03


Tree=151
num_leaves=15
num_cat=0
split_feature=5 3 2 3 11 7 18 3 10 2 5 12 5 11
split_gain=8.85873 20.4689 16.6014 14.3865 12.4127 12.1334 9.89743 13.3116 53.739 17.4084 9.79875 9.72833 26.9005 20.2367
threshold=0.0026624815491146374 0.0080517703236248645 0.0011543216934428739 0.0042461675281546271 63.763318223459237 0.98445237752738624 8.8483578187488714 -0.02091232504500384 0.96275439186037348 -0.012639534099756487 0.0018718883793138465 -0.0080404642929551278 -0.00074687329883504894 58.458923242909961
decision_type=2 2 2 2 2 2 2 2 8 2 2 2 2 2
left_child=1 4 -2 5 6 -4 7 8 -1 -10 -3 12 -9 -14
right_child=2 10 3 -5 -6 -7 -8 11 9 -11 -12 -13 13 -15
leaf_value=0.015851586093562405 0.0094101850549588514 -0.017923867339317518 0.013188571973505096 -0.00032591069099579368 -0.0058493745912963071 0.00086140825560682816 0.010696681126968305 6.4586988314416926e-05 -0.0087954266265744055 -0.033238654406566467 -0.0027974535509795316 -0.00073108852047475104 0.0090274920440542479 -0.0026718307363767756
leaf_weight=53.29532815515995 239.7978221476078 82.16642501950264 142.81269696354866 1338.1503889262676 312.05640777945518 143.2446975260973 78.556016802787781 2739.0661490112543 57.476489931344986 49.517837554216385 72.705978229641914 3836.1187573522329 594.39374573528767 170.27634917199612
leaf_count=228 1029 341 589 5632 1300 584 333 11340 275 275 296 16151 2495 717
internal_value=0.000213522 -0.000218354 0.00207587 0.000982789 -5.02466e-06 0.00706452 0.000237099 0.000124723 -0.00837383 -0.0205103 -0.0109489 0.000312548 0.00145495 0.00642212
internal_weight=9909.64 8045.63 1864.01 1624.21 7890.76 286.057 7578.7 7500.14 160.29 106.994 154.872 7339.86 3503.74 764.67
internal_count=41585 33751 7834 6805 33114 1173 31814 31481 778 550 637 30703 14552 3212
is_linear=0
shrinkage=0.03


Tree=152
num_leaves=15
num_cat=0
split_feature=12 13 13 2 3 13 13 18 18 9 3 3 3 1
split_gain=5.45556 10.9591 14.6257 20.3137 6.87054 23.2541 17.6737 13.9039 17.4265 15.8179 19.2715 18.4718 16.9882 21.7894
threshold=-0.00040292248559165017 0.019227885694107053 0.01166346659223705 0.0043673807234809745 0.002590464811259519 0.0068650030284072025 0.040063012782960324 8.8931022916808047 6.5973426670993929 inf 0.018464164681019749 0.02540090124113448 0.0071817310834617074 0.00093290994080829249
decision_type=2 2 2 2 2 2 2 2 2 8 2 2 2 2
left_child=4 2 -2 -4 5 -1 -7 8 9 11 12 -6 -11 -14
right_child=1 -3 3 -5 7 6 -8 -9 -10 10 -12 -13 13 -15
leaf_value=0.00075030292986329487 -0.011002692393748586 -0.016839503718302392 0.017499067426984191 -0.007389288649868553 -0.021435286108209509 -0.0038637168391540875 0.010729343568287458 -0.013245010804608871 0.013038519496845426 0.0028357044999523409 0.016512582224985271 0.0035295315166030705 -0.0053379016286196918 0.0047165611631526001
leaf_weight=4746.8339976221323 77.487662792205811 48.229280143976212 59.888465389609337 54.798953533172607 56.792902544140816 1738.9024587273598 76.148523196578026 55.606443971395493 114.02312676608562 1854.1473606526852 74.002582103013992 47.927449971437454 616.61609172821045 280.80517512559891
leaf_count=19863 318 210 243 223 253 7447 316 243 475 7635 406 220 2531 1161
internal_value=8.42121e-05 -0.00436101 -0.00108815 0.0056843 0.000195697 -0.000354182 -0.00324034 0.00135915 0.00163443 0.00118209 0.00160924 -0.0101576 0.00119672 -0.00218834
internal_weight=9902.21 240.404 192.175 114.687 9661.81 6561.88 1815.05 3099.92 3044.31 2930.29 2825.57 104.72 2751.57 897.421
internal_count=41544 994 784 466 40550 27626 7763 12924 12681 12206 11733 473 11327 3692
is_linear=0
shrinkage=0.03


Tree=153
num_leaves=15
num_cat=0
split_feature=5 3 6 13 10 13 12 5 4 6 12 11 6 6
split_gain=6.77142 24.5124 20.5853 56.5276 34.4324 28.7567 29.4001 25.7438 23.2925 30.1381 17.937 15.1937 14.4205 19.8164
threshold=0.0026624815491146374 0.0077475521777555243 0.0017118303114907064 0.019605594676835095 1.3363114586443234 0.019605594676835095 -0.00246922906629865 0.0043291497709595514 0.00098265692034060791 0.0021013263464123009 -0.00099110739536922821 65.590019353806753 0.00082453094411203472 0.0010391612392218156
decision_type=2 2 2 2 8 2 2 2 2 2 2 2 2 2
left_child=1 11 5 10 -5 -2 -7 -8 -6 -10 -4 -1 -13 -14
right_child=2 -3 3 4 8 6 7 -9 9 -11 -12 12 13 -15
leaf_value=-0.00021112619981304676 0.0061405499044662514 -0.011720342499867486 -0.017310453473496617 -0.0047973175061203398 0.028777905437998279 0.0097601277308694938 -0.029340272439527432 -0.00402572144345452 -0.006384080703563241 0.018578587437615035 0.00240351908725377 0.0044316068321172131 -0.025637320620278098 -0.0030401072946133643
leaf_weight=7628.5871195942163 929.90933035314083 174.74786034226418 215.33938801288605 209.12431748211384 54.452988117933273 74.630771115422249 53.730185747146606 105.16830240190029 83.549796029925346 87.164942592382431 50.795194610953331 53.45825569331646 64.554995775222778 74.792035669088364
leaf_count=32038 3772 718 917 909 255 306 237 446 364 410 217 226 267 309
internal_value=-0.000292631 -0.000672224 0.00133483 -0.00272367 0.00394729 0.00377866 -0.00559864 -0.0128439 0.0120396 0.00642911 -0.0135579 -0.00042245 -0.00869575 -0.0137233
internal_weight=9860.01 7996.14 1863.87 700.427 434.292 1163.44 233.529 158.898 225.168 170.715 266.135 7821.39 192.805 139.347
internal_count=41391 33558 7833 3072 1938 4761 989 683 1029 774 1134 32840 802 576
is_linear=0
shrinkage=0.03


Tree=154
num_leaves=15
num_cat=0
split_feature=17 11 11 11 13 4 11 13 4 2 16 3 10 7
split_gain=7.27388 11.5055 8.38734 8.59118 7.71109 14.6203 17.6056 16.646 13.6261 13.038 21.1234 13.6018 19.7179 16.8719
threshold=-0.9159756150367534 27.59169638162879 70.813047127127462 46.340027635142043 0.0025776683123686088 -0.00083536988731325301 29.250940856712464 0.00080595630903379522 -0.003330364855792411 -0.0064319563185815656 0.37940952255126054 -0.0025204724316947309 0.86662187168579019 1.5064516066681597
decision_type=2 2 2 2 2 2 2 2 2 2 2 2 8 2
left_child=1 -1 3 -3 5 6 8 -7 -2 10 -6 12 -11 -14
right_child=4 2 -4 -5 9 7 -8 -9 -10 11 -12 -13 13 -15
leaf_value=-0.011102299779767826 -0.0007401141258592494 0.0055944524011274374 0.013169590539112043 0.0002440936001098865 -0.0014611461340615882 -0.011653330420262464 -0.0030596790600414623 0.0058869086913641852 0.012011135887465128 0.014167689168724171 0.014775457976272931 -0.00019398628898782344 -0.0035040216785570855 -0.018208758417385205
leaf_weight=53.152514889836311 154.31149613857269 436.98163764178753 65.865642994642258 702.60694149136543 165.46869692206383 50.359282001852989 777.20071546733379 724.44294686615467 145.12856751680374 51.805543780326843 125.3780946880579 5189.3752777427435 1167.9627206772566 72.911427065730095
leaf_count=225 656 1836 276 2934 709 211 3205 3008 601 215 539 21825 4920 325
internal_value=0.000179265 0.00230785 0.00291656 0.00230193 -0.000131837 0.00158286 -0.000679199 0.00471979 0.00547868 -0.000600894 0.00559123 -0.000880371 -0.00363126 -0.00439595
internal_weight=9882.95 1258.61 1205.45 1139.59 8624.34 1851.44 1076.64 774.802 299.44 6772.9 290.847 6482.05 1292.68 1240.87
internal_count=41485 5271 5046 4770 36214 7681 4462 3219 1257 28533 1248 27285 5460 5245
is_linear=0
shrinkage=0.03


Tree=155
num_leaves=15
num_cat=0
split_feature=12 1 13 13 6 2 6 6 3 1 7 6 3 3
split_gain=7.63199 16.2002 18.996 23.2397 22.3838 21.7859 32.5258 17.4295 16.2413 13.618 14.3692 11.7771 11.2019 7.44791
threshold=-0.0013563540221538937 0.0035441233690294287 0.018808869317501479 0.011175870924001076 0.0011515711319084621 0.004245167670811339 0.00082453094411203472 0.0011360788025551918 0.0071817310834617074 0.00099484603887192735 1.0857348028640248 0.001234073245220099 0.0020158929082898175 0.0016926914111161653
decision_type=2 2 2 2 2 2 2 2 2 2 2 2 2 2
left_child=13 2 3 9 -4 6 -5 8 -8 12 -11 -7 -2 -1
right_child=1 -3 4 5 -6 11 7 -9 -10 10 -12 -13 -14 -15
leaf_value=-0.00036273400925485738 0.0011439166830495798 0.011449941548487183 -0.030668024142843062 -0.012979277403868434 -0.005292791180943059 0.001379017238975375 0.026584893259849151 0.0019424731275944705 0.0052150838550320796 0.010878704953259082 -0.0099535220859612982 -0.015302807768531121 -0.013861161701574675 0.0014877086403091949
leaf_weight=5909.2217558026314 56.240931570529938 68.114547654986382 44.523306474089622 51.932340651750565 98.917988583445549 85.640828907489777 92.724134117364883 82.576618283987045 50.097580477595329 64.143445134162903 52.266430914402008 66.167311474680901 212.25269474089146 2924.9839341938496
leaf_count=24882 249 288 206 213 420 344 377 337 201 262 212 272 882 12235
internal_value=-3.44409e-05 -0.00248146 -0.00349433 -0.0017056 -0.0134825 0.0030893 0.00807004 0.0129914 0.0192645 -0.00703988 0.00151519 -0.00599639 -0.0107329 0.000250141
internal_weight=9859.8 1025.6 957.484 814.042 143.441 429.139 277.331 225.398 142.822 384.904 116.41 151.808 268.494 8834.21
internal_count=41380 4263 3975 3349 626 1744 1128 915 578 1605 474 616 1131 37117
is_linear=0
shrinkage=0.03


Tree=156
num_leaves=15
num_cat=0
split_feature=2 1 10 3 6 5 4 11 6 10 6 5 4 6
split_gain=7.32159 12.3648 10.1438 16.7042 29.6635 15.8497 15.2794 22.8279 18.8003 13.6849 23.5079 7.8286 10.2248 9.71353
threshold=-0.0055928439730569815 0.0025153944958045686 0.861677008363949 -0.015582502083718473 0.0019906832955534914 -0.0051438647289920305 -0.0037223594606218264 28.16463602920653 0.0013436877442472913 1.3549699676126676 0.0022232483270486817 -0.001451321927535165 -0.0018402387940668061 0.0015328079239265199
decision_type=2 2 8 2 2 2 2 2 2 8 2 2 2 2
left_child=1 2 -1 9 6 -6 -5 -8 -9 -4 -11 13 -13 -2
right_child=11 -3 3 4 5 -7 7 8 -10 10 -12 12 -14 -15
leaf_value=-0.011074006845162142 -0.0029055511608211508 0.016691037106467632 0.004942526475069116 -0.0080266788414417745 0.026860029307466539 0.004791754598362198 0.020510535626844219 -0.011648773097463922 0.008017271430601618 0.0018793596173042402 -0.028505767810146253 0.011592955098499802 0.00029451080280000551 0.0012295292140251195
leaf_weight=48.290839463472366 1606.0403237342834 53.110588327050209 63.263285338878632 108.6839451789856 73.921771168708801 49.360183924436569 63.780487716197968 73.158345520496368 102.68947485089302 46.136503085494041 43.080854892730713 70.873593285679817 6701.9712208360434 748.24276952445507
leaf_count=210 6723 230 272 444 303 203 262 303 419 222 210 298 28161 3103
internal_value=0.000128901 0.00302533 0.00189957 0.00293563 0.00572211 0.0182418 0.00121203 0.00543403 -0.000203424 -0.00564493 -0.0130962 -0.000101936 0.000416129 -0.0015914
internal_weight=9852.6 725.476 672.366 624.075 471.594 123.282 348.312 239.628 175.848 152.481 89.2174 9127.13 6772.84 2354.28
internal_count=41363 3078 2848 2638 1934 506 1428 984 722 704 432 38285 28459 9826
is_linear=0
shrinkage=0.03


Tree=157
num_leaves=15
num_cat=0
split_feature=13 6 1 11 12 12 12 7 12 6 13 7 6 7
split_gain=6.66195 15.4942 13.1517 12.8963 10.5421 9.68167 11.3926 17.7659 26.7932 19.8623 23.4842 28.1944 19.7967 18.8389
threshold=0.0049621100733021626 0.0014755897020468586 -0.0029827420485668403 54.676543417982643 -0.0015623088381049863 -0.021616861201805723 -0.012781995948304701 1.3857641503743212 -0.0072854825359511812 0.00072419236118243923 0.0019517941796953766 0.83807727750537053 0.0009750627421500162 1.0093835949537191
decision_type=2 2 2 2 2 2 2 2 2 2 2 2 2 2
left_child=1 2 -1 -3 5 -4 -7 8 9 -8 11 -11 -9 -12
right_child=-2 3 4 -5 -6 6 7 12 -10 10 13 -13 -14 -15
leaf_value=-0.014580562514571384 -0.00061094061585273852 0.0033546102956885909 0.0093937770940764314 0.017445940385402276 0.013835730202505392 -0.0037799728916235124 -0.0073674959775896246 0.0059034099107023444 -0.0019451197445414488 0.023756856611424612 -0.0024024153030704617 0.0063904876486669746 -0.016642394936953006 0.010509445652146121
leaf_weight=53.399100169539452 5982.9829042553902 904.9334802031517 92.183464378118515 60.689245477318764 47.969878792762756 671.17702594399452 100.44676561653614 51.728350341320038 988.96316719055176 123.77325110137463 298.3762371391058 261.13500972092152 101.51233617961407 151.86599388718605
leaf_count=220 25179 3762 376 255 211 2841 423 213 4175 508 1247 1070 417 626
internal_value=1.82454e-05 0.000981285 -0.000101581 0.00427448 0.000175932 -6.42691e-05 -0.000388031 0.000710224 0.00149626 0.00513033 0.0066475 0.0120689 -0.00905377 0.00197995
internal_weight=9891.14 3908.15 2942.53 965.623 2889.13 2841.16 2748.98 2077.8 1924.56 935.597 835.15 384.908 153.241 450.242
internal_count=41523 16344 12327 4017 12107 11896 11520 8679 8049 3874 3451 1578 630 1873
is_linear=0
shrinkage=0.03


Tree=158
num_leaves=15
num_cat=0
split_feature=12 7 5 3 6 5 7 3 6 5 7 6 11 6
split_gain=7.41447 14.0613 20.2909 19.948 13.7443 10.1263 16.1994 22.3722 15.9872 23.8161 23.0783 14.5989 21.9525 13.0541
threshold=-0.0013563540221538937 0.82473274723164824 0.001799546156377563 0.0032615252504371588 0.00096674914091657413 -0.00035245951643519952 0.67006432246788816 0.0049172974163314573 0.0015879603296843788 0.002757763235515132 1.3203981949677346 0.00098777023152987601 53.676758494094592 0.00082909935764949034
decision_type=2 2 2 2 2 2 2 2 2 2 2 2 2 2
left_child=5 2 -2 4 -3 -1 7 11 9 13 -11 12 -7 -8
right_child=1 3 -4 -5 -6 6 8 -9 -10 10 -12 -13 -14 -15
leaf_value=-0.00069321402554048525 -0.02490133576958296 0.0013746518250707844 -0.0041882109370560616 -0.0027239918176320708 0.019562996906664794 0.0076111686554369874 0.0052127084380377319 0.017287169813014248 -0.0020188168390408599 0.0048431934096954069 0.021896230011522102 0.008112016526523283 -0.013638528247698562 -0.00044647296027554631
leaf_weight=4470.960161536932 50.683247715234756 84.494394600391388 228.12186628580093 583.02349133789539 65.546147301793098 80.556760713458061 465.41860613226891 125.09182775020599 1310.1157575696707 333.63876560330391 89.537805467844009 203.208665817976 91.365481212735176 1703.6956171095371
leaf_count=18764 231 363 949 2399 270 345 2019 522 5572 1368 367 865 387 7085
internal_value=3.46853e-05 -0.00239575 -0.00810413 -0.000208546 0.00947316 0.000312309 0.00133329 0.00640493 0.000680243 0.00204482 0.00853739 0.00270368 -0.00370864 0.000771479
internal_weight=9885.46 1011.87 278.805 733.064 150.041 8873.59 4402.63 500.223 3902.41 2592.29 423.177 375.131 171.922 2169.11
internal_count=41506 4212 1180 3032 633 37294 18530 2119 16411 10839 1735 1597 732 9104
is_linear=0
shrinkage=0.03


Tree=159
num_leaves=15
num_cat=0
split_feature=13 7 12 13 3 6 13 7 12 7 6 2 12 7
split_gain=8.0299 22.2796 36.653 35.5543 42.2712 31.1986 37.4162 19.752 23.6159 26.3604 22.2559 37.9376 42.8326 47.3063
threshold=0.0087838276914890007 1.0922740214633719 -0.036485310839212075 0.0096528357670764304 0.0042461675281546271 0.0012040486533089572 0.014311090321413424 1.3767998770014322 -0.023580786978084241 1.5580431726932382 0.0010587418969118863 1.0000000180025095e-35 -0.0085459679775300983 1.2438839073580084
decision_type=2 2 2 2 2 2 2 2 2 2 2 2 2 2
left_child=7 -2 -3 -4 5 -5 -7 10 -9 -10 -1 12 -12 -14
right_child=1 2 3 4 -6 6 -8 8 9 -11 11 -13 13 -15
leaf_value=-0.00084925132424153399 -0.0025465896122731676 -0.02275409748265016 -0.011361231525241544 0.032467425689642358 0.0017257840015134367 0.0013953744821554072 0.031488890593027834 -0.022126721002175317 -0.0077776829778244995 0.0050334155387724332 0.0035122317743769465 0.0074264695495994369 -0.0091558195378624117 0.01530034441396733
leaf_weight=2380.1857095062733 2612.1557827591896 47.641657665371895 124.63950681686401 71.359537363052368 709.94259604811668 142.39725589752197 48.422366410493851 58.084493800997734 340.02827493846416 248.56518404185772 1349.6018011420965 1115.4862671643496 543.89703139662743 80.016325384378433
leaf_count=10079 11011 201 516 294 3042 588 201 316 1396 1023 5587 4634 2249 327
internal_value=7.34723e-05 -0.0010179 0.00246977 0.00360488 0.00554313 0.0157886 0.00927931 0.00074394 -0.00420619 -0.00236878 0.00133057 0.00300966 0.000508162 -0.00598047
internal_weight=9872.42 3756.56 1144.4 1096.76 972.122 262.179 190.82 6115.87 646.678 588.593 5469.19 3089 1973.52 623.913
internal_count=41464 15853 4842 4641 4125 1083 789 25611 2735 2419 22876 12797 8163 2576
is_linear=0
shrinkage=0.03


Tree=160
num_leaves=15
num_cat=0
split_feature=13 5 6 18 6 2 7 2 12 13 12 12 7 12
split_gain=9.2638 16.9822 19.7593 15.3658 13.8836 40.914 22.9178 21.2642 21.0264 18.1413 17.0337 16.2078 13.7701 13.6503
threshold=0.0086325512819961387 0.001288610489043829 0.0022870155364515298 6.3191006266757492 0.0010622422026868648 0.00066491955393599433 0.96347313110894928 -0.0007220689022466863 -0.009798894305829196 0.010491882954450695 -0.0069432544464233517 -0.0041134548110425819 1.1156159585435408 -0.0028077187419481837
decision_type=2 2 2 2 2 2 2 2 2 2 2 2 2 2
left_child=13 2 4 -4 5 11 8 10 -6 -9 -8 -2 -5 -1
right_child=1 -3 3 12 6 -7 7 9 -10 -11 -12 -13 -14 -15
leaf_value=0.0011155404006524363 0.014602580265108496 0.00012441222907448541 0.015872134828478157 0.0025943581543619045 -0.00068101784845072701 -0.022008606182417262 0.0013766296308453843 -0.0029147642532939364 -0.017105540310691569 0.020042399534183984 -0.018929489156958128 -0.0014270962694920698 -0.014817624139670733 -0.0033563626422000226
leaf_weight=5344.5262233614922 91.973703518509865 2561.8993231654167 59.436111032962799 205.83797346055508 91.614610224962234 62.610155463218689 68.730336159467697 69.25822488963604 299.79069553315639 53.423197090625763 78.343117356300354 142.5976704955101 48.892677649855614 692.1255312114954
leaf_count=22331 401 10727 248 864 386 283 284 290 1305 225 335 632 205 2952
internal_value=-0.000130533 -0.00128331 -0.00411317 0.00240449 -0.00625037 -0.000855921 -0.0086652 -0.00191486 -0.0132841 0.00724336 -0.00954888 0.00492834 -0.000837074 0.000601878
internal_weight=9871.06 3834.41 1272.51 314.167 958.342 297.182 661.16 269.755 391.405 122.681 147.073 234.571 254.731 6036.65
internal_count=41468 16185 5458 1317 4141 1316 2825 1134 1691 515 619 1033 1069 25283
is_linear=0
shrinkage=0.03


Tree=161
num_leaves=15
num_cat=0
split_feature=5 13 6 12 10 5 6 12 2 7 18 18 6 1
split_gain=7.23014 18.4731 17.444 42.8212 43.6856 28.986 28.9628 26.6374 32.8508 16.6597 14.3044 21.4686 13.563 12.8254
threshold=-0.001451321927535165 0.002305542786308346 0.0017222692352776221 -0.018823801957871863 1.3363114586443234 -0.0032604871167107858 0.0018872603864611693 -0.021616861201805723 -0.0018578614684768497 1.1198312090198221 8.8483578187488714 6.750966831802466 0.0019645768802103963 -0.0035341998174647222
decision_type=2 2 2 2 8 2 2 2 2 2 2 2 2 2
left_child=2 -2 7 4 10 12 -6 8 -1 -8 11 -4 -5 -9
right_child=1 -3 3 5 6 -7 9 13 -10 -11 -12 -13 -14 -15
leaf_value=0.017871370980836118 0.006942028731570557 9.8257997863372096e-05 0.0076930809971414204 0.0060925360075071971 0.0058835666530763003 0.0020117250132086306 -0.03281478041471568 -0.016654248381441243 -0.0090778049856798486 -0.012711107396751912 0.017390554393728868 -0.014712731601957411 0.022908402874369946 -0.0033105359478272822
leaf_weight=113.18978850543499 373.73878444731236 6423.0041636824608 119.7748056948185 66.811207368969917 54.527494639158249 253.22251851856709 52.946205034852028 65.293868646025658 61.421229645609856 130.39399412274361 60.1655233502388 54.277065888047218 130.32676194608212 1894.0810946822166
leaf_count=470 1567 27020 507 272 236 1025 225 268 253 629 253 231 532 7907
internal_value=-6.84459e-05 0.000476514 -0.00127982 0.00216417 -0.00414148 0.00876307 -0.0131462 -0.00276917 0.00839627 -0.0188082 0.00503742 0.000618193 0.0173278 -0.00377173
internal_weight=9853.17 6796.74 3056.43 922.446 472.085 450.36 237.868 2133.99 174.611 183.34 234.217 174.052 197.138 1959.37
internal_count=41395 28587 12808 3910 2081 1829 1090 8898 723 854 991 738 804 8175
is_linear=0
shrinkage=0.03


Tree=162
num_leaves=15
num_cat=0
split_feature=5 13 11 3 5 12 13 3 12 18 13 13 2 12
split_gain=10.3886 20.4029 25.4273 18.5164 14.1151 14.0668 13.5498 15.9907 26.9637 20.3158 17.611 14.347 12.8862 13.5195
threshold=0.0020260819162601922 0.0089413087359951921 55.587936819985224 0.0085795615960410094 -0.0023533342263652442 -0.0020349136964247778 0.010277005754016579 0.0018768757113557662 -0.012007518237278412 6.4713874474980093 0.016180816519504652 0.019605594676835095 0.00059396708205132498 -0.0078899487687122388
decision_type=2 2 2 2 2 2 2 2 2 2 2 2 2 2
left_child=1 4 3 6 -1 -6 -3 8 9 -8 -9 -11 -4 -14
right_child=-2 2 12 -5 5 -7 7 10 -10 11 -12 -13 13 -15
leaf_value=-0.0021410284990370592 0.0014663211458441235 -0.0065715155642530523 0.0013940134661016661 -0.016697536491678953 0.0015238613284804328 -0.0052659759774018556 0.015631057684865363 0.008338661938860301 -0.0094900087804432407 0.0073251015814961035 -0.0050277620285392836 -0.012293708730724273 -0.0041995877017173998 -0.020798309565733437
leaf_weight=1856.338042974472 2420.212780430913 320.10643048584461 48.847924262285233 72.190507262945175 3711.2502887398005 294.59540358185768 87.778867229819298 321.70858505368233 269.5194950401783 62.886626034975052 120.6716330498457 67.639948084950447 65.37750555574894 142.25202272832394
leaf_count=7834 10135 1381 208 300 15487 1291 365 1318 1212 265 503 280 270 603
internal_value=-0.000240271 -0.000795579 -0.00382009 -0.00213454 2.00982e-05 0.00102215 -0.00126838 0.000566739 -0.003173 0.00464131 0.00468638 -0.00287363 -0.0124277 -0.0156617
internal_weight=9861.38 7441.16 1578.98 1322.5 5862.18 4005.85 1250.31 930.205 487.825 218.305 442.38 130.527 256.477 207.63
internal_count=41452 31317 6705 5624 24612 16778 5324 3943 2122 910 1821 545 1081 873
is_linear=0
shrinkage=0.03


Tree=163
num_leaves=15
num_cat=0
split_feature=0 0 5 12 12 2 6 6 7 12 2 4 12 0
split_gain=6.42068 8.43115 7.68441 16.4123 15.1678 12.8785 20.3133 24.6064 19.5429 26.0266 11.8457 11.6207 11.4539 13.9964
threshold=-0.0013909966089653695 -0.0024195371208599599 -0.00044047459351281843 -0.011876018186187274 -0.01293115011515694 -0.00088677430238166593 0.00065520734656768014 0.00073343601475603251 1.0014877776653341 -0.012007518237278412 0.00069726900812364112 0.0005372085731466526 -0.0058300143913355132 -0.0011046018927297408
decision_type=2 2 2 2 2 2 2 2 2 2 2 2 2 2
left_child=1 -1 5 4 -4 6 -2 -8 -7 -10 -11 12 13 -9
right_child=2 -3 3 -5 -6 8 7 11 9 10 -12 -13 -14 -15
leaf_value=-0.001768358920697059 0.013483269634199902 0.0064004916894825851 0.0036314009216779344 3.8389380275904673e-05 0.019192114326688117 -0.0068938821480836205 -0.018630602964359349 -0.010567254591982734 -0.0079092087654990331 0.0032840343510764933 0.017959290123019767 -0.013927874975775634 -0.0054113534268963922 0.0012470817389904473
leaf_weight=182.26868149638176 92.681913390755653 297.20546093583107 301.05264717340469 4991.6061691492796 67.800051525235176 724.9373971670866 64.829795360565186 91.985309660434723 160.29194249212742 168.48804327845573 68.834815338253975 52.421342954039574 301.49188861250877 2273.1904426068068
leaf_count=779 394 1261 1294 20935 290 3043 279 385 693 698 283 219 1287 9509
internal_value=-7.78893e-05 0.00330071 -0.000251637 0.000490786 0.00657975 -0.00124653 -0.000182224 -0.000646528 -0.00396868 0.0013724 0.00765506 -0.000204364 7.56482e-05 0.000779064
internal_weight=9839.09 479.474 9359.61 5360.46 368.853 3999.15 2876.6 2783.92 1122.55 397.615 237.323 2719.09 2666.67 2365.18
internal_count=41349 2040 39309 22519 1584 16790 12073 11679 4717 1674 981 11400 11181 9894
is_linear=0
shrinkage=0.03


Tree=164
num_leaves=15
num_cat=0
split_feature=13 5 3 11 12 3 6 12 5 6 2 2 4 5
split_gain=7.87467 21.5659 17.7796 18.1811 14.8924 21.5256 20.6579 21.0313 25.7473 18.8078 30.7802 21.3777 24.618 19.5078
threshold=0.0088589511283579964 0.001288610489043829 0.0077475521777555243 56.968656180269718 -0.0023822058628328309 -0.00053342891637719869 0.00082909935764949034 -0.010366913217342065 -0.00041302904195406048 0.0010472495751688538 1.0000000180025095e-35 0.00069726900812364112 0.0005372085731466526 -0.0017636764958219307
decision_type=2 2 2 2 2 2 2 2 2 2 2 2 2 2
left_child=4 2 3 -2 5 9 -7 8 -8 10 13 12 -11 -1
right_child=1 -3 -4 -5 -6 6 7 -9 -10 11 -12 -13 -14 -15
leaf_value=-0.0036481295541336183 -0.0024603566653528053 0.00052107022670412639 -0.019842438175888061 -0.01760133317190395 -0.0038747552068704111 0.011195830100042506 0.00097324044865651298 0.00096706382074237239 0.022982735138515613 0.00093187434888275793 -0.0098892256950829718 0.0072145809737122549 -0.013700401380620989 0.0049782514391370899
leaf_weight=552.09164670109749 1041.7561968415976 2533.7017889916897 61.495398610830307 74.738765880465508 576.79225814342499 296.57023486495018 98.573810026049614 1172.0525842905045 91.275998264551163 2027.7553900927305 396.77662073075771 474.41198636591434 107.04312308132648 408.89750844240189
leaf_count=2324 4486 10613 259 320 2460 1276 419 4804 431 8469 1676 1963 441 1732
internal_value=5.39477e-05 -0.00103868 -0.0043887 -0.00350356 0.000707949 0.00117904 0.00404689 0.00247599 0.0116842 -2.13616e-05 -0.00288244 0.00146854 0.000186046 2.50813e-05
internal_weight=9913.93 3711.69 1177.99 1116.49 6202.24 5625.45 1658.47 1361.9 189.85 3966.98 1357.77 2609.21 2134.8 960.989
internal_count=41673 15678 5065 4806 25995 23535 6930 5654 850 16605 5732 10873 8910 4056
is_linear=0
shrinkage=0.03


Tree=165
num_leaves=15
num_cat=0
split_feature=12 3 6 12 6 13 3 18 12 10 3 12 12 3
split_gain=7.21667 22.2271 20.1995 18.5708 14.1269 20.2914 24.9404 20.5401 14.3604 16.7632 12.4624 11.4015 14.4045 49.4421
threshold=-0.053271324259882395 -0.02091232504500384 0.006986538758529723 -0.038383489992405588 0.0074373731739061843 0.056539713012860544 0.020957234065828948 6.5029795099547352 -0.036485310839212075 0.94340426620102547 -0.00717886935671004 -0.024636606960332205 -0.013774997474682747 -0.0023272811868643574
decision_type=2 2 2 2 2 2 2 2 2 8 2 2 2 2
left_child=2 3 -1 -2 5 6 8 -7 -3 -10 -11 -12 13 -13
right_child=1 4 -4 -5 -6 7 -8 -9 9 10 11 12 -14 -15
leaf_value=0.013261535488852595 2.7674545338948816e-05 -0.010423435799629831 -0.0065345271339073063 -0.025682851807702394 0.015554457620349529 0.0012560861638235994 0.014991842166245658 -0.02351712282437745 0.015514697555739004 0.0031106449454191246 0.013495994264766574 -0.010660912795891441 -0.00021397035602015857 0.0077043941744546901
leaf_weight=118.1147630661726 45.960025802254677 118.49105454981327 74.008926868438721 54.193100854754448 49.954512268304825 54.660948216915131 97.155174627900124 64.571888029575348 60.261674761772156 967.89281399548054 50.156940385699272 424.30684491991997 7510.7947049885988 189.36506235599518
leaf_count=501 209 494 313 326 220 252 503 285 248 3996 208 1784 31386 820
internal_value=-8.01926e-05 -0.000194915 0.00564704 -0.0141148 -4.65928e-05 -0.000131549 2.54211e-05 -0.0123268 -0.000133756 9.65739e-07 -0.000104662 -0.000486029 -0.000575648 -0.00498718
internal_weight=9879.89 9687.76 192.124 100.153 9587.61 9537.66 9418.42 119.233 9321.27 9202.78 9142.52 8174.62 8124.47 613.672
internal_count=41545 40731 814 535 40196 39976 39439 537 38936 38442 38194 34198 33990 2604
is_linear=0
shrinkage=0.03


Tree=166
num_leaves=15
num_cat=0
split_feature=4 13 18 18 18 18 6 5 5 4 13 7 13 16
split_gain=6.82797 7.09903 28.6434 11.2204 9.10262 8.76298 11.0423 21.2666 9.56186 22.5849 22.1413 36.4285 24.9966 18.5166
threshold=0.010516705161807584 0.062403135866360045 6.4627137820721785 8.7461120069145739 6.6015742432043911 6.4909670066680096 0.0027307240018005366 -0.002060925562239468 0.005344440031860632 0.0014713218130997243 0.016180816519504652 1.1357913458740956 0.013989475055579572 0.12940952255126045
decision_type=2 2 2 2 2 2 2 2 2 2 2 2 2 2
left_child=1 3 -3 4 5 6 8 -8 10 -10 12 -12 -1 -11
right_child=-2 2 -4 -5 -6 -7 7 -9 9 13 11 -13 -14 -15
leaf_value=-0.00033185432375849768 0.0090371444251273331 0.010305213171187154 -0.021531877938777772 0.006395331420582618 -0.01190956851617021 0.012350746491982572 0.0018412308769194528 -0.021663194042504153 0.023657011239023612 0.0078853948570236573 -0.0089216397320646817 0.010273459632506718 0.0070222529689655437 -0.0055876858347970173
leaf_weight=7744.4998547956347 70.464944869279861 42.676269456744194 57.730350315570831 230.016735881567 58.212511330842972 47.74163530766964 77.149968475103378 60.464006423950195 46.008095398545265 199.71320652216673 532.05086950957775 105.02850352227688 437.57620197534561 166.60494373738766
leaf_count=32476 312 199 256 966 244 203 326 254 228 865 2244 431 1823 723
internal_value=-0.000137878 -0.000205642 -0.00806303 -0.000122706 -0.000282255 -0.000207864 -0.00027448 -0.00864839 -0.000147804 0.00430628 -0.000356977 -0.0057349 6.30622e-05 0.00176064
internal_weight=9875.94 9805.47 100.407 9705.07 9475.05 9416.84 9369.1 137.614 9231.48 412.326 8819.16 637.079 8182.08 366.318
internal_count=41550 41238 455 40783 39817 39573 39370 580 38790 1816 36974 2675 34299 1588
is_linear=0
shrinkage=0.03


Tree=167
num_leaves=15
num_cat=0
split_feature=4 13 5 13 3 11 4 13 7 3 5 11 12 4
split_gain=11.8765 8.4262 15.5166 18.2185 14.6133 15.6715 12.7846 11.9425 19.5778 16.8213 21.802 25.7733 19.6654 20.7366
threshold=0.010516705161807584 0.0086325512819961387 0.0020260819162601922 0.062403135866360045 0.0087919513752420814 56.968656180269718 -0.00014504938739062775 0.010277005754016579 0.96840368748829742 -0.0070300048365983794 0.00046567950573583877 43.752425341510637 -0.006806432848684151 0.00022474160326813045
decision_type=2 2 2 2 2 2 2 2 2 2 2 2 2 2
left_child=1 -1 4 6 5 7 -4 -3 9 -9 11 -11 -12 -14
right_child=-2 2 3 -5 -6 -7 -8 8 -10 10 12 -13 13 -15
leaf_value=0.00061044269347089572 0.011715842878194884 -0.0056914834974511703 0.011449780186388963 -0.014242121278621555 -0.016603194491050043 -0.010398306277013618 0.00053209996214323104 0.0089327168114318074 0.0057091893194345352 -0.0030043069649346712 0.018067263103236357 -0.022054663014970634 0.0034550326898739017 -0.0167836512412936
leaf_weight=6046.9887264221907 75.41004291176796 439.22813355922699 99.785240903496742 70.259428694844246 69.574625998735428 207.42932622134686 1875.7673343420029 87.953984081745148 366.81878158450127 149.57425421476364 47.661360844969749 110.58957535028458 143.19894026219845 64.487650752067566
leaf_count=25360 332 1898 422 328 290 874 7829 368 1525 665 195 490 598 276
internal_value=1.12929e-05 -8.13401e-05 -0.00120187 0.00055447 -0.00333051 -0.0027396 0.00109457 -0.00159938 0.000260927 -0.00305874 -0.00513127 -0.0112086 0.0010997 -0.00292932
internal_weight=9854.73 9779.32 3732.33 2045.81 1686.52 1616.94 1975.55 1409.51 970.285 603.466 515.512 260.164 255.348 207.687
internal_count=41450 41118 15758 8579 7179 6889 8251 6015 4117 2592 2224 1155 1069 874
is_linear=0
shrinkage=0.03


Tree=168
num_leaves=15
num_cat=0
split_feature=13 7 6 11 3 7 6 6 2 12 3 7 5 12
split_gain=7.10924 20.0556 26.219 37.2624 30.6355 22.2867 17.5675 16.4981 28.1898 28.9228 30.3697 25.0285 34.3537 37.3817
threshold=0.0086325512819961387 1.342581377124356 0.0015183400432934814 71.907884751574002 0.015601650784720091 1.5580431726932382 0.0020572594946731177 0.0010587418969118863 1.0000000180025095e-35 -0.011755877056656537 -0.0073142485063515386 0.78976296667289259 2.9487771910918784e-05 -0.0084692207718713424
decision_type=2 2 2 2 2 2 2 2 2 2 2 2 2 2
left_child=7 -2 3 -3 5 -4 -6 8 9 10 -1 12 13 -9
right_child=1 2 4 -5 6 -7 -8 11 -10 -11 -12 -13 -14 -15
leaf_value=0.0070359256895309707 -0.0018902186164368999 0.021350302735287586 0.0017973059098492555 -0.0083985959544538163 -0.0013486533536220448 -0.016363379446090533 0.025019017574674524 0.0072260549971791838 -0.00490595861288872 0.0039352139915956605 -0.012074123198657957 0.0007287449461730952 0.019882094713014369 -0.013769443006975411
leaf_weight=107.91673618555069 3298.3388078510761 137.40524008870125 138.18229730427265 50.790987372398376 38.708728581666946 106.13426297903061 52.461544014513493 428.98447921872139 1072.7216424643993 1081.0928838253021 234.52750180661678 2874.1197386831045 146.91641309857368 90.82857458293438
leaf_count=457 13905 562 576 205 193 444 283 1779 4545 4566 1008 11959 632 379
internal_value=-1.16815e-05 -0.00102385 0.00441931 0.0133177 -0.000621711 -0.00616074 0.0140353 0.000629234 -0.001238 0.00152904 -0.00604596 0.00194557 0.00717314 0.00351873
internal_weight=9859.13 3822.02 523.683 188.196 335.487 244.317 91.1703 6037.11 2496.26 1423.54 342.444 3540.85 666.729 519.813
internal_count=41493 16168 2263 767 1496 1020 476 25325 10576 6031 1465 14749 2790 2158
is_linear=0
shrinkage=0.03


Tree=169
num_leaves=15
num_cat=0
split_feature=1 11 11 17 1 11 2 5 13 3 13 3 10 12
split_gain=5.16329 14.6344 13.9669 7.24703 13.6282 12.4332 11.8004 10.7866 8.56462 8.85047 8.30795 8.12185 34.1725 9.35167
threshold=-0.0037843463882061275 23.424472120412222 25.489647169612578 -0.70710678118654757 0.00050773745627732275 77.998039542492691 -0.00012198976518754122 0.0023597882044581468 0.021144185280087772 0.0073164060335487316 0.0038177498033884487 -0.018453700494432287 1.3464750638412932 -0.01731834753256389
decision_type=2 2 2 2 2 2 2 2 2 2 2 2 8 2
left_child=2 -2 -1 4 8 11 10 -8 9 -3 -6 12 -5 -13
right_child=1 3 -4 5 6 -7 7 -9 -10 -11 -12 13 -14 -15
leaf_value=-0.014609328728758841 0.01184402166700186 -0.00019727496812091728 5.6571168324998536e-05 0.0063848607796070135 0.016215714381845932 -0.011952659857528407 -0.001623254635499013 0.0061432894011899117 0.0095036591913306261 -0.010273487319746628 0.00533389148502879 0.0034219628835016592 -0.02586493158103393 -0.00046869943899649605
leaf_weight=77.103988856077194 94.240833476185799 1320.2133790552616 223.68409606814384 64.951304629445076 104.47180354595184 80.792830988764763 327.5311251282692 313.18945620954037 74.623960420489311 81.416664078831673 162.99693443626165 607.96779248118401 51.358711518347263 6284.011047385633
leaf_count=331 396 5544 963 277 433 342 1368 1315 321 336 689 2515 288 26417
internal_value=8.24832e-05 0.000204503 -0.00377455 8.62396e-05 0.00151622 -0.000395032 0.00440346 0.0021804 -0.000263562 -0.000796378 0.00967308 -0.000258421 -0.0080521 -0.000124596
internal_weight=9868.55 9567.77 300.788 9473.53 2384.44 7089.08 908.189 640.721 1476.25 1401.63 267.469 7008.29 116.31 6891.98
internal_count=41535 40241 1294 39845 10006 29839 3805 2683 6201 5880 1122 29497 565 28932
is_linear=0
shrinkage=0.03


Tree=170
num_leaves=15
num_cat=0
split_feature=3 5 2 3 12 12 3 12 1 13 5 13 7 11
split_gain=7.39684 16.7069 18.0411 10.2394 20.4763 13.3802 12.5992 12.4267 11.3816 12.5588 9.99135 17.9911 24.6963 22.296
threshold=-0.0078886002715775321 -0.0016890835740843155 -0.0017146704940576572 -0.011453919811108019 -0.065257724317744056 -0.022809788436898789 -0.013189449723514267 -0.038383489992405588 -0.00091391660982356726 0.0018190055913587246 2.9487771910918784e-05 0.0087167219749322306 0.96577858103405989 38.209223112970768
decision_type=2 2 2 2 2 2 2 2 2 2 2 2 2 2
left_child=1 2 3 4 -1 7 -7 -6 9 -5 11 -2 13 -13
right_child=10 -3 -4 8 5 6 -8 -9 -10 -11 -12 12 -14 -15
leaf_value=0.016788803330224741 -0.00042566401766720496 0.01568976118564629 -0.0050248530826300722 0.0073772415281147157 0.00063779954195230019 0.012251541461592652 -0.0047324637312094759 -0.014571624937955097 0.01229068938082279 -0.010522431386375646 0.00082358770682024629 0.0009602383859064448 0.002362371056818803 -0.016402761940274638
leaf_weight=58.020704731345177 3387.1809015572071 78.36212457716465 278.24237176030874 104.43036511540413 90.781923919916153 82.276820436120033 72.13382014632225 101.04029689729214 199.43832139670849 50.798051953315735 4873.0096258446574 92.991862595081329 181.25993441045284 230.31428410112858
leaf_count=256 14136 319 1190 428 393 338 295 489 820 209 20485 415 771 1038
internal_value=0.000211597 0.00251017 0.00148611 0.00388015 0.000608174 -0.00218418 0.00435831 -0.00744129 0.00758527 0.00146029 -8.14563e-05 -0.00121454 -0.00648771 -0.0114335
internal_weight=9880.28 1115.52 1037.16 758.92 404.254 346.233 154.411 191.822 354.667 155.228 8764.76 3891.75 504.566 323.306
internal_count=41582 4737 4418 3228 1771 1515 633 882 1457 637 36845 16360 2224 1453
is_linear=0
shrinkage=0.03


Tree=171
num_leaves=15
num_cat=0
split_feature=12 11 5 12 12 6 4 7 3 11 6 7 6 3
split_gain=5.94937 7.32981 6.44197 12.8199 15.6215 12.3675 30.5381 18.9696 28.8261 27.7307 24.8422 23.9117 18.8248 30.8127
threshold=-0.00040292248559165017 75.669705828404062 -0.00052077557618213078 -0.011876018186187274 -0.01293115011515694 0.0015879603296843788 0.0030682449359940027 1.0231954290821259 0.015601650784720091 61.276077841311796 0.0024226752128092706 1.2673479376425889 0.0023135613712012399 0.0097388293907930707
decision_type=2 2 2 2 2 2 2 2 2 2 2 2 2 2
left_child=2 -2 -1 4 -4 6 -5 12 9 10 -9 -10 13 -7
right_child=1 -3 3 5 -6 7 -8 8 11 -11 -12 -13 -14 -15
leaf_value=-0.00073657698071925327 -0.001812646984533947 -0.014390948704210586 0.0031481505458416602 0.00077912279040568257 0.01816027749388225 0.0011141127346047494 0.01616971343923651 -0.0072536814929713032 -0.0088391345541958405 -0.019479002087440325 0.013951341245445642 0.016406399377455711 -0.011336975819699429 0.022772254516925317
leaf_weight=4202.3925783410668 189.64594116806984 51.72464419901371 368.81579166650772 3569.3747779279947 73.420186549425125 440.65383511781693 117.94222973287106 370.91288055479527 53.155533745884895 147.80765816569328 55.48899008333683 86.022587887942791 81.611341372132301 66.323840275406837
leaf_count=17667 787 215 1594 14952 315 1840 481 1531 242 627 231 450 353 275
internal_value=2.81785e-05 -0.00460423 0.000145172 0.000827403 0.00571101 0.00039242 0.0012799 -0.00211912 -0.00540188 -0.00836683 -0.00444196 0.00677588 0.0018645 0.00402582
internal_weight=9875.29 241.371 9633.92 5431.53 442.236 4989.29 3687.32 1301.98 713.388 574.21 426.402 139.178 588.589 506.978
internal_count=41560 1002 40558 22891 1909 20982 15433 5549 3081 2389 1762 692 2468 2115
is_linear=0
shrinkage=0.03


Tree=172
num_leaves=15
num_cat=0
split_feature=13 5 3 12 3 4 7 12 5 12 13 4 6 12
split_gain=5.77279 6.58402 17.4789 16.0814 30.0992 19.6999 18.4119 19.8741 25.2978 25.9853 20.0699 18.0774 14.8777 30.6876
threshold=0.00016352802606856012 -0.0020205306432082844 -0.0082201037680657268 -0.065257724317744056 -0.023069011633617183 -0.0012919754019647398 1.0823173378295674 -0.021616861201805723 -0.0028530315092604171 -0.01026263392574772 0.0047338385482350595 -0.0030556162805518978 0.0016782339063190132 -0.022190038227413996
decision_type=2 2 2 2 2 2 2 2 2 2 2 2 2 2
left_child=-1 3 -3 -2 -5 6 7 -6 10 -10 11 -9 -8 -14
right_child=1 2 -4 4 5 -7 12 8 9 -11 -12 -13 13 -15
leaf_value=0.0076257309778843766 0.010530470854337169 0.013662296154458275 0.00031027198647722514 -0.018083386769414352 0.0082591263628573955 -0.0045512217888468189 0.001191246387681184 -0.019296809812977177 0.023814983079580368 -0.0029277140297894163 -0.022323684271934631 -0.0017892547111444722 -0.0051091315184685583 0.01831477766204756
leaf_weight=88.999894320964813 96.187317490577698 87.313142046332359 7354.2942307069898 96.588502861559391 135.44230964779854 884.69793435186148 327.99806323647499 63.489171966910362 48.348506808280945 92.243044018745422 72.346930250525475 282.86639404296875 71.833741635084152 160.6516294926405
leaf_count=371 415 356 30954 485 566 3703 1351 260 200 390 311 1174 322 659
internal_value=0.000104626 3.45968e-05 0.000470561 -0.0013554 -0.00187554 -0.00112777 0.00128853 -0.00197326 -0.0044718 0.00647396 -0.00816047 -0.00509086 0.00532427 0.0110954
internal_weight=9863.3 9774.3 7441.61 2332.69 2236.51 2139.92 1255.22 694.736 559.294 140.592 418.702 346.356 560.483 232.485
internal_count=41517 41146 31310 9836 9421 8936 5233 2901 2335 590 1745 1434 2332 981
is_linear=0
shrinkage=0.03


Tree=173
num_leaves=15
num_cat=0
split_feature=2 10 5 5 10 18 3 13 3 13 4 10 12 2
split_gain=10.466 18.4469 16.1472 12.2774 12.0349 12.8129 9.13801 12.5457 12.617 15.4144 12.1059 10.3903 12.7873 19.5618
threshold=-0.0057560719090329884 0.84459743474216553 -0.0026006695532718167 -0.0065749409193597277 1.1801280924308466 6.5082742243058851 -0.013189449723514267 0.062403135866360045 0.020957234065828948 0.038016351125687138 0.0083802237728095603 0.89942687810492306 -0.023580786978084241 -0.0017548506942969553
decision_type=2 8 2 2 10 2 2 2 2 2 2 10 2 2
left_child=1 -1 4 -2 5 -3 -5 8 11 -10 -9 12 13 -8
right_child=3 2 -4 6 -6 -7 7 10 9 -11 -12 -13 -14 -15
leaf_value=-0.013803152509663083 -0.010736928664578566 0.0028566721021485268 0.020795703516599741 0.0078115176156203347 -0.010523699182602727 0.016623170544379666 0.023386804003222437 -0.020186838338453653 0.022969536488582066 0.00027262052684149556 0.00022152841012806212 -0.011516789668361239 -0.00050400782848254125 0.00069659851106888143
leaf_weight=50.07270422577858 101.17310952395201 468.82204693555832 50.107752650976181 120.42947046458721 49.586280420422554 68.179342091083527 49.109271511435509 54.504767835140228 44.216058731079102 64.650218650698662 48.629059299826622 73.632608234882355 8515.9043688029051 103.72228264808655
leaf_count=221 460 2004 207 510 215 289 203 256 266 289 220 301 35650 433
internal_value=-0.000178693 0.00338802 0.004779 -0.00044632 0.0033448 0.0046597 -0.000329252 -0.000440459 -0.000318017 0.00973905 -0.0107428 -0.000445453 -0.000348778 0.00819554
internal_weight=9862.74 686.768 636.695 9175.97 586.588 537.001 9074.8 8954.37 8851.23 108.866 103.134 8742.37 8668.74 152.832
internal_count=41524 2936 2715 38588 2508 2293 38128 37618 37142 555 476 36587 36286 636
is_linear=0
shrinkage=0.03


Tree=174
num_leaves=15
num_cat=0
split_feature=13 16 5 2 1 5 6 6 2 2 12 7 7 12
split_gain=6.54564 14.5452 16.6845 15.7753 13.8106 13.8004 20.9376 13.6964 30.372 27.2168 29.0263 31.5754 23.2141 25.0136
threshold=0.0080416558813724021 0.12940952255126045 0.0012240143937718442 -0.0057560719090329884 -0.00011779825647040275 -0.0026568812799461212 0.0023412377096970263 0.0010805764219176865 1.0000000180025095e-35 -9.5999376932949507e-05 -0.006806432848684151 1.2618615349702182 1.2618615349702182 -0.0080404642929551278
decision_type=2 2 2 2 2 2 2 2 2 2 2 2 2 2
left_child=5 2 4 -3 -2 -1 7 8 -7 10 -9 -12 -11 -14
right_child=1 3 -4 -5 -6 6 -8 9 -10 12 11 -13 13 -15
leaf_value=-0.0015456737847291946 0.0011196447623583908 0.008902042986477593 0.0027225017282196512 -0.003332377170044986 -0.0069182633567233514 0.0037722675335036173 -0.017611253514298052 0.0040903379181566803 -0.0032959279987470089 0.0095933105316955338 -0.011530538105745692 0.011302380144236762 0.014695343280700416 -0.010527932124906518
leaf_weight=1612.6190121024847 402.40830016136169 98.229306772351265 1488.5084093660116 1800.6923575028777 365.77875623106956 1126.1607723087072 47.804894641041756 615.96449679136276 1060.3947933763266 777.73847214877605 264.78490699827671 66.79235152900219 49.043870836496353 113.60887806117535
leaf_count=6834 1728 415 6238 7633 1576 4757 194 2530 4487 3237 1093 273 201 462
internal_value=0.000149097 -0.00075733 0.000870553 -0.0026908 -0.0027157 0.000805944 0.00172619 0.0019616 0.000344587 0.00383203 0.000241198 -0.00689093 0.00744198 -0.00283636
internal_weight=9890.53 4155.62 2256.7 1898.92 768.187 5734.91 4122.29 4074.49 2186.56 1887.93 947.542 331.577 940.391 162.653
internal_count=41658 17590 9542 8048 3304 24068 17234 17040 9244 7796 3896 1366 3900 663
is_linear=0
shrinkage=0.03


Tree=175
num_leaves=15
num_cat=0
split_feature=13 5 7 12 6 12 5 2 5 12 13 12 7 13
split_gain=7.267 15.3975 15.908 17.5776 36.4288 19.0555 19.9205 16.4771 20.058 14.8562 14.6648 13.8533 13.4221 28.0155
threshold=0.0086325512819961387 0.001288610489043829 0.96840368748829742 -0.0050902960497991581 0.00097120772708466263 -0.012007518237278412 -8.4187206915720112e-05 0.00069726900812364112 0.00068999416737225438 -0.0072156318413435496 0.0091781955376987207 -0.0081822447280535098 1.1474351830417728 0.07002465038906204
decision_type=2 2 2 2 2 2 2 2 2 2 2 2 2 2
left_child=-1 2 3 4 -2 -6 11 8 -5 -8 -4 -7 13 -3
right_child=1 12 10 7 5 6 9 -9 -10 -11 -12 -13 -14 -15
leaf_value=0.00056990461364746171 0.021453508013710834 -0.00046984956658301992 -0.012210120746298042 -0.015704029248601838 0.0010922915565078693 -0.027002543620890041 0.0072127242809602718 -0.026206156076571997 0.0030130907285082892 -0.014010886104621598 0.0027936973965359299 -0.0075632158232969348 0.0035394753075938391 -0.020590139392488487
leaf_weight=6061.2383215352893 47.187936395406723 1740.4500571191311 66.805764883756638 131.33201123774052 205.27214860916138 78.053903669118881 66.725213393568993 60.088358387351036 83.076850965619087 50.304765984416008 394.54633828997612 59.685009613633156 768.41802830249071 62.59976564347744
leaf_count=25448 209 7191 285 611 869 340 274 278 353 211 1662 271 3289 308
internal_value=-7.56287e-05 -0.00110113 -0.00383958 -0.00644139 -0.00310996 -0.00571147 -0.0111592 -0.0125303 -0.0084909 -0.00199227 0.000577755 -0.0188079 0.000224626 -0.00119044
internal_weight=9875.78 3814.55 1243.08 781.726 507.229 460.041 254.769 274.497 214.409 117.03 461.352 137.739 2571.47 1803.05
internal_count=41599 16151 5363 3416 2174 1965 1096 1242 964 485 1947 611 10788 7499
is_linear=0
shrinkage=0.03


Tree=176
num_leaves=15
num_cat=0
split_feature=17 0 16 11 4 7 6 17 0 5 6 3 6 10
split_gain=7.64335 11.5828 7.76551 7.25375 10.7393 16.0693 16.7117 10.5074 11.6574 7.79919 17.5829 18.9269 25.484 17.0969
threshold=-0.9159756150367534 0.00065789381730302365 0.25881904510252091 71.907884751574002 0.0037343331026571396 1.1156159585435408 0.0010511432588240709 0.1294095225512602 0.00058923695193825742 0.002757763235515132 0.0017565447435977429 0.015601650784720091 0.0038870707377958529 0.9518526091888776
decision_type=2 2 2 2 2 2 2 2 2 2 2 2 2 8
left_child=1 -1 -3 9 5 6 -5 8 -6 -2 -11 13 -13 -12
right_child=3 2 -4 4 7 -7 -8 -9 -10 10 11 12 -14 -15
leaf_value=0.00069360606160138853 -0.00056743758194789141 0.01114271925698684 -0.00045583262098359265 0.009144438883065471 0.017887134772261351 -0.023875863673913512 -0.013436098248580212 -0.0077263686332334752 -0.0031247443618621388 0.0047640856427072923 0.0088155195411239555 0.019001781599343171 -0.0044165008315872473 -0.010512102913536202
leaf_weight=1004.852073289454 7054.5525931343436 180.90781059861183 72.349189728498459 49.999570652842522 45.399417743086815 50.126459926366806 66.459551274776459 71.765182375907898 46.643124014139175 775.73688980937004 47.980536192655563 69.359145469963551 99.629619136452675 241.61670579016209
leaf_count=4224 29705 760 303 205 203 203 276 308 200 3192 206 356 446 1018
internal_value=-3.77136e-05 0.0021447 0.00785169 -0.000356693 -0.0047022 -0.010018 -0.00375085 0.000759346 0.00739923 -0.000182389 0.00201565 -0.00263407 0.00530505 -0.0072714
internal_weight=9877.38 1258.11 253.257 8619.27 330.393 166.586 116.459 163.808 92.0425 8288.88 1234.32 458.586 168.989 289.597
internal_count=41605 5287 1063 36318 1395 684 481 711 403 34923 5218 2026 802 1224
is_linear=0
shrinkage=0.03


Tree=177
num_leaves=15
num_cat=0
split_feature=5 12 12 13 11 18 11 18 2 5 3 12 13 13
split_gain=7.24028 17.7206 13.2491 24.7449 19.6344 17.619 20.5628 18.7574 13.0214 25.1435 12.5159 12.1227 23.7439 34.2849
threshold=-0.00057340118092391579 -0.0046471265882288551 -0.011638913110731728 0.0093338139193289722 56.835292533115059 6.6398775600029998 60.700089165615786 8.8056198890272199 0.0023015603908705527 0.0051505721863607254 -0.0035369963828364433 -0.0029498973584741735 0.01166346659223705 0.016601294270496728
decision_type=2 2 2 2 2 2 2 2 2 2 2 2 2 2
left_child=1 -1 3 4 -2 6 -5 -7 9 11 -10 -4 -13 -14
right_child=2 -3 8 5 -6 7 -8 -9 10 -11 -12 12 13 -15
leaf_value=-0.00068824451788967339 0.02342084983111542 -0.0099966340753281768 0.0023709274845815009 -0.013791007138828661 0.0046268880513801319 0.02207507896985474 0.0090070699565497573 -0.003303030129437575 -0.016230666400939123 0.020339628707093663 -0.0014485448410238115 -0.0044000815768773897 0.0095246860318813423 -0.0086867232071465121
leaf_weight=3945.891934029758 90.689384594559669 191.09866799414158 1945.942899107933 113.0067078769207 111.42559109628201 48.644237786531448 49.941138714551926 53.400472313165665 51.026859402656555 58.921567566692829 1890.5006724148989 825.80635051429272 314.51261246204376 129.98180289566517
leaf_count=16579 404 836 8133 489 487 202 213 221 209 285 7913 3552 1298 558
internal_value=-0.000168355 -0.00112285 0.000526528 0.00535578 0.0132066 -0.000686292 -0.00677924 0.00898639 9.22259e-05 0.001246 -0.00185335 0.000883777 -0.0013945 0.00418414
internal_weight=9820.79 4136.99 5683.8 467.108 202.115 264.993 162.948 102.045 5216.69 3275.17 1941.53 3216.24 1270.3 444.494
internal_count=41379 17415 23964 2016 891 1125 702 423 21948 13826 8122 13541 5408 1856
is_linear=0
shrinkage=0.03


Tree=178
num_leaves=15
num_cat=0
split_feature=11 5 6 6 6 6 4 6 7 5 1 11 7 4
split_gain=5.71349 11.7558 13.9054 14.8198 12.7424 16.8697 12.6646 8.74097 17.6769 22.4008 17.6573 16.022 27.5699 19.279
threshold=58.458923242909961 0.0015854942627108184 0.00079288753756834014 0.00068260902935177094 0.0010545592659391252 0.00065520734656768014 0.0015672420229557729 0.0017118303114907064 1.0298083163194078 0.011391922078844765 0.0035441233690294287 71.907884751574002 1.3360879770288412 0.0037343331026571396
decision_type=2 2 2 2 2 2 2 2 2 2 2 2 2 2
left_child=-1 4 3 -3 5 -2 -6 10 -9 -10 11 12 -4 -13
right_child=1 2 7 -5 6 -7 -8 8 9 -11 -12 13 -14 -15
leaf_value=0.0002958076036956959 0.0043675010115359512 -0.0032179005614842884 -0.00085266092618718975 0.017387895255466915 0.0060924935388699895 -0.014199977002631802 -0.0081174059649692654 0.0022468569895834835 -0.01469525700115676 0.0026724718272577502 0.01463289190399996 -0.013244990055194486 0.014345262073480108 0.0079989701331652785
leaf_weight=7500.4225361049175 55.382236480712891 51.592555850744247 857.95826828479767 76.208571836352348 122.52486203610897 198.88740028440952 101.25935734808445 215.01397037506104 201.04067390412092 98.824102729558945 71.13503186404705 156.3451729118824 120.77350929379463 49.281207367777824
leaf_count=31654 246 215 3537 312 515 844 419 914 873 476 290 638 493 203
internal_value=-0.000110383 -0.00139167 -0.000330601 0.00914805 -0.00558585 -0.0101533 -0.000352244 -0.00102441 -0.00430795 -0.00899173 0.000326888 -0.000555581 0.00104816 -0.00812557
internal_weight=9876.65 2376.23 1898.17 127.801 478.054 254.27 223.784 1770.37 514.879 299.865 1255.49 1184.36 978.732 205.626
internal_count=41629 9975 7951 527 2024 1090 934 7424 2263 1349 5161 4871 4030 841
is_linear=0
shrinkage=0.03


Tree=179
num_leaves=15
num_cat=0
split_feature=3 6 10 7 2 3 13 6 10 6 13 13 13 7
split_gain=8.88395 19.9665 21.7579 20.1875 18.9165 22.3184 18.8279 61.6826 25.3408 39.1836 18.2993 15.0216 39.1689 26.8088
threshold=0.0073164060335487316 0.0012391940251605942 0.8454371924624301 0.86840392210237816 0.0017580342791120309 0.010032526299010415 0.022738009892324777 0.0019357283584298059 1.1155779361782139 0.0019645768802103963 0.014615433484965192 0.017361310193643512 0.013989475055579572 0.89806914304205387
decision_type=2 2 8 2 2 2 2 2 8 2 2 2 2 2
left_child=11 -2 -3 4 -4 -6 7 10 -8 -10 -5 12 -1 -14
right_child=1 2 3 6 5 -7 8 -9 9 -11 -12 -13 13 -15
leaf_value=0.00028096870969424145 -0.008374000263301061 -0.018198332956219709 0.018897172864094137 0.015036843852040819 -0.012538790476916988 0.012359243932016227 -0.014302706146226172 -0.024720020518905095 -0.008784736737393363 0.016833250778699939 -0.003014366702055423 -0.0045603401498477587 0.0022191952476471525 0.017659951174067486
leaf_weight=7670.895882114768 345.16498252749443 53.098125293850899 95.758515581488609 70.170256674289703 56.277086272835732 71.006927326321602 52.880182921886444 108.41913911700249 79.163340225815773 158.84866094589233 167.05809137225151 505.29074841737747 205.98379495739937 198.19944958388805
leaf_count=32244 1414 239 392 288 237 307 238 474 353 757 686 2136 883 824
internal_value=0.000102061 -0.00225043 7.86836e-05 0.00124731 0.0089714 0.0013272 -0.00147881 -0.0061958 0.00413009 0.00831045 0.00240611 0.00044737 0.000761774 0.00984056
internal_weight=9838.22 1257.85 912.68 859.582 223.043 127.284 636.54 345.647 290.892 238.012 237.228 8580.37 8075.08 404.183
internal_count=41472 5385 3971 3732 936 544 2796 1448 1348 1110 974 36087 33951 1707
is_linear=0
shrinkage=0.03


Tree=180
num_leaves=15
num_cat=0
split_feature=2 5 3 10 3 7 13 5 13 7 6 7 12 13
split_gain=4.75754 15.7629 17.849 13.4779 14.6647 14.1192 13.2692 13.1066 17.5298 33.6507 28.1157 15.0403 25.4111 23.2812
threshold=-0.0042353903000219564 -0.0053321916890145529 -0.013189449723514267 0.84459743474216553 0.0036188709388520761 0.764700192558322 0.062403135866360045 -0.0019815989414035946 0.0016139006900326438 0.87924891149713857 0.00074192833204243661 1.0175534526216359 -0.0086926243250892692 0.0056788192837908822
decision_type=2 2 2 8 2 2 2 2 2 2 2 2 2 2
left_child=3 -2 -3 -1 5 -5 7 11 9 10 -9 12 13 -4
right_child=1 2 6 4 -6 -7 -8 8 -10 -11 -12 -13 -14 -15
leaf_value=-0.012218042613809994 -0.0099025100624258663 0.013997743395678415 -0.0010255867364939522 -0.0092343609707729434 0.017086131022070111 0.0030792093791546849 -0.010564436119351206 0.0027859048236717403 0.00038539680392481044 -0.0011815021065815423 0.031191126309034652 0.0015898592322143175 -0.018452301059648995 -0.019083749058416449
leaf_weight=54.334990099072456 139.2863804101944 81.560092285275459 597.65118871629238 90.116445496678352 59.366919167339802 933.51276127994061 102.41090215742588 54.556623041629791 6847.6922343671322 162.85690028965473 73.14429035782814 470.92045685648918 109.58498141169548 70.033223941922188
leaf_count=241 628 336 2501 384 249 3947 477 226 28826 673 303 1944 464 304
internal_value=0.000274893 3.64116e-05 0.000200212 0.00209792 0.00283736 0.00197928 6.43803e-05 0.000196662 0.000692758 0.00788431 0.0192859 -0.00263702 -0.00519545 -0.00297104
internal_weight=9847.03 8709.7 8570.41 1137.33 1083 1023.63 8488.85 8386.44 7138.25 290.558 127.701 1248.19 777.269 667.684
internal_count=41503 36682 36054 4821 4580 4331 35718 35241 30028 1202 529 5213 3269 2805
is_linear=0
shrinkage=0.03


Tree=181
num_leaves=15
num_cat=0
split_feature=17 1 7 1 16 7 7 3 6 10 11 11 5 3
split_gain=8.87326 18.3716 11.204 10.8158 23.4164 17.3054 17.1547 9.91209 12.6434 9.80558 9.96231 9.33491 12.9117 19.1074
threshold=-0.5 0.00060380691322459168 1.4656985564457801 -0.0012014759414960966 -0.37940952255126059 0.90084755775721559 1.2938790263133426 -0.0082201037680657268 0.0042645476571286966 0.99633313927703326 77.998039542492691 26.293439964395365 -0.0060262045848300519 -0.0080510522338975831
decision_type=2 2 2 2 2 2 2 2 2 10 2 2 2 2
left_child=1 2 -1 4 5 -2 -7 -3 -9 10 11 -5 -13 -14
right_child=3 7 -4 9 -6 6 -8 8 -10 -11 -12 12 13 -15
leaf_value=-2.5123699378616218e-05 0.020553502892983529 0.013743082899425241 -0.0085272560015512578 0.011144010730144031 -0.0010348974141310599 -0.0019485438445761972 0.016439248766786294 0.004021094744448922 -0.011503524335087422 0.00818932256855677 -0.013107488248312848 -0.011885193431410073 0.0056420081462330877 -0.001822643452162783
leaf_weight=2064.2235244885087 83.35018053650856 86.85872071236372 147.60609693825245 50.533084481954575 667.75593008100986 132.47904868423939 67.395111210644245 981.6484265550971 47.69230292737484 91.961025357246399 64.763303220272064 105.00908314436674 327.25615593791008 4939.3568667247891
leaf_count=8687 351 365 642 215 2832 555 291 4110 211 392 273 483 1351 20811
internal_value=-0.000276224 0.000984153 -0.000599703 -0.000918697 0.00203559 0.00923137 0.00435303 0.00411814 0.00328088 -0.00142284 -0.00158686 -0.00144448 -0.001567 -0.00135684
internal_weight=9857.89 3328.03 2211.83 6529.86 950.98 283.224 199.874 1116.2 1029.34 5578.88 5486.92 5422.16 5371.62 5266.61
internal_count=41569 14015 9329 27554 4029 1197 846 4686 4321 23525 23133 22860 22645 22162
is_linear=0
shrinkage=0.03


Tree=182
num_leaves=15
num_cat=0
split_feature=3 6 10 13 2 13 12 3 6 13 12 3 6 10
split_gain=7.76605 13.8563 17.5146 15.0773 13.3421 18.457 19.5497 13.2829 19.9948 25.0104 15.5932 11.4385 11.0681 10.4528
threshold=0.0071817310834617074 0.0012447858615587683 0.83671562007480516 0.018183319074368213 0.0019385611934902294 0.022738009892324777 -0.003239720283692404 0.011990310657913396 0.0018182099766615063 0.014615433484965192 -0.0017302988325245126 0.010339514656239364 0.001127583609637488 0.83671562007480516
decision_type=2 2 8 2 2 2 2 2 2 2 2 2 2 8
left_child=13 3 -3 11 5 6 -4 8 9 -6 -11 12 -2 -1
right_child=1 2 4 -5 7 -7 -8 -9 -10 10 -12 -13 -14 -15
leaf_value=0.0099484282202560274 -0.0031295497387955618 -0.017517471803677968 -0.0068669266039963544 -0.019906532327520758 0.014057645233204165 0.01555631236954385 0.014926879602990061 0.00229135274027076 -0.017594852271771527 0.0025226072941029985 -0.019177147119178242 0.0078582907486288382 -0.017367740831461299 0.00013043280899044707
leaf_weight=96.742865815758705 183.8974731117487 48.197513952851295 118.0378885269165 66.092643335461617 64.212400436401367 109.79628448933363 51.578261718153954 324.73167880624533 95.333039492368698 55.737603455781937 61.04957902431488 55.631581231951714 65.676639199256897 8402.931664802134
leaf_count=410 742 218 486 289 264 498 212 1465 413 228 253 225 266 35342
internal_value=-8.59507e-05 -0.00224358 -0.00028077 -0.00712505 0.000700334 0.00609285 -0.000142965 -0.00181834 -0.00662959 -0.000724982 -0.00895266 -0.00424562 -0.00698468 0.000244495
internal_weight=9799.65 1299.97 928.674 371.298 880.477 279.412 169.616 601.064 276.333 181 116.787 305.206 249.574 8499.67
internal_count=41311 5559 4037 1522 3819 1196 698 2623 1158 745 481 1233 1008 35752
is_linear=0
shrinkage=0.03


Tree=183
num_leaves=15
num_cat=0
split_feature=2 16 1 11 5 12 6 10 12 6 6 6 5 12
split_gain=6.09994 19.0393 11.4634 9.75945 9.23478 8.39679 24.6319 25.7435 19.0074 24.0523 13.5434 16.4371 17.4412 20.683
threshold=-0.0057560719090329884 -1.0000000180025095e-35 -0.0018693196443536617 41.721180711150502 -0.0063024405327593005 -0.01731834753256389 0.0017565447435977429 0.8454371924624301 -0.013647460255229281 0.0011312869185389131 0.0026136472906339056 0.0021862529983460387 -0.0028018848363267064 -0.0088468367640457939
decision_type=2 2 2 2 2 2 2 8 2 2 2 2 2 2
left_child=1 3 -3 -1 -2 6 -6 -8 9 -7 11 12 -10 -14
right_child=4 2 -4 -5 5 8 7 -9 10 -11 -12 -13 13 -15
leaf_value=-0.0050543316334311283 -0.0083942232223761515 0.0015356931756147214 0.012043320568356691 0.0091706371580136999 0.0080192531353731542 -0.012215541196249711 0.011866419303462727 -0.0087728563436859208 -0.0060531474888300242 -0.00039498819359586691 -0.0077933494191902049 0.0069211332124134613 0.0042070227500701825 -0.00024864305351660483
leaf_weight=254.30143709480762 115.04034400731325 168.49582779407501 209.64799818396568 50.358635313808918 402.86204348504543 256.06444056332111 71.187295600771904 210.64797832071781 386.13768349587917 387.98801735043526 182.42305038124323 333.99491824954748 1120.3602359294891 5695.5398104414344
leaf_count=1098 523 725 892 211 1666 1120 300 886 1608 1647 804 1441 4662 23934
internal_value=0.000182807 0.00291398 0.00739398 -0.00265855 -2.13208e-05 8.69771e-05 0.00327602 -0.00351281 -0.000174853 -0.00511791 0.00023883 0.00043528 0.00013266 0.000484774
internal_weight=9845.05 682.804 378.144 304.66 9162.25 9047.21 684.697 281.835 8362.51 644.052 7718.46 7536.03 7202.04 6815.9
internal_count=41517 2926 1617 1309 38591 38068 2852 1186 35216 2767 32449 31645 30204 28596
is_linear=0
shrinkage=0.03


Tree=184
num_leaves=15
num_cat=0
split_feature=5 4 13 13 6 12 10 6 12 12 6 6 6 12
split_gain=7.40807 12.0576 15.0235 25.4477 16.0442 23.8382 23.1567 35.1066 21.5366 17.3036 23.1569 24.1573 23.8033 18.3721
threshold=-0.00074687329883504894 0.00014553803284489411 0.017102651000198924 0.040063012782960324 0.0016782339063190132 -0.018823801957871863 1.3841848887227253 0.0020431536617839595 -0.018409546015860086 -0.012781995948304701 0.0011515711319084621 0.00074192833204243661 0.00065520734656768014 -0.0060837039380737248
decision_type=2 2 2 2 2 2 8 2 2 2 2 2 2 2
left_child=1 2 4 -4 8 6 -6 -8 -1 -10 11 12 -11 -13
right_child=-2 -3 3 -5 5 -7 7 -9 9 10 -12 13 -14 -15
leaf_value=0.0064368600691070794 0.00073833172503077354 -0.0063932224385551753 -0.023266792283472611 0.0054243518713590596 0.0075934777575782332 0.007290013402310949 0.0037975520903410342 -0.020044190178252964 -0.0065312665955341983 0.0018678164860557193 -0.0053136359705659615 0.0068878630789090851 -0.018886945069108423 -0.0034455014197463376
leaf_weight=285.85496506094933 5920.8767783418298 332.5578389018774 63.806380927562714 47.107919111847878 122.07738748192787 543.22104929387569 106.06807957589626 113.55296735465527 620.94459174573421 112.67865031957626 602.35425531864166 624.5905309766531 86.572431460022926 204.30547945201397
leaf_count=1173 25009 1385 275 199 527 2219 470 548 2647 478 2516 2596 369 872
internal_value=7.14939e-05 -0.00094972 -0.000434021 -0.0112007 -7.87325e-05 0.00339498 -0.0028036 -0.00859924 -0.00129196 -0.00227809 -0.000652335 0.00208357 -0.00724798 0.00433874
internal_weight=9786.57 3865.69 3533.13 110.914 3422.22 884.919 341.698 219.621 2537.3 2251.45 1630.5 1028.15 199.251 828.896
internal_count=41283 16274 14889 474 14415 3764 1545 1018 10651 9478 6831 4315 847 3468
is_linear=0
shrinkage=0.03


Tree=185
num_leaves=15
num_cat=0
split_feature=13 5 13 4 13 3 6 3 3 12 12 6 5 6
split_gain=6.09666 23.0511 21.2202 18.5581 15.0087 32.013 25.4185 25.6434 16.6683 20.6115 13.7052 15.788 16.8039 23.9854
threshold=0.017102651000198924 0.0043291497709595514 0.042645524040776379 0.0021980864770637658 0.013989475055579572 0.0078909792860787937 0.0018182099766615063 0.010706082238471014 0.0011077957656872586 -0.0062812682561648172 -0.0028558933358846512 0.0020724155259886773 0.0010226435024087712 0.00074192833204243661
decision_type=2 2 2 2 2 2 2 2 2 2 2 2 2 2
left_child=4 2 -2 -3 10 8 7 -7 9 -6 -1 12 -12 -14
right_child=1 3 -4 -5 5 6 -8 -9 -10 -11 11 -13 13 -15
leaf_value=0.00038626692680636756 -0.0083986186599518502 0.0093167315598343178 0.0070291575956111709 -0.0016855811540272441 0.010078498598541557 -0.006987926825788489 -0.023339146317305465 0.015971500417872021 0.012952282849520762 -0.01630647424218035 -0.0078705684197224231 -0.017584175544206208 0.010952827153833524 -0.0020543754327481921
leaf_weight=6407.4804171547294 538.66898727416992 206.4087443202734 92.6551623493433 406.87945661693811 62.791016444563866 128.67872580885887 47.736485987901688 63.845451071858406 312.2736502289772 43.265499323606491 348.75906077027321 60.24102121591568 145.02275335788727 963.46531043946743
leaf_count=26920 2277 926 391 1804 270 521 211 261 1284 205 1564 263 608 3958
internal_value=-0.000143681 -0.00210413 -0.00611934 0.00203561 0.000141008 0.00448554 -0.00421996 0.000711877 0.00948168 -0.000787778 -0.000221077 -0.00278268 -0.00214754 -0.00033599
internal_weight=9828.17 1244.61 631.324 613.288 8583.56 658.591 240.261 192.524 418.33 106.057 7924.97 1517.49 1457.25 1108.49
internal_count=41463 5398 2668 2730 36065 2752 993 782 1759 475 33313 6393 6130 4566
is_linear=0
shrinkage=0.03


Tree=186
num_leaves=15
num_cat=0
split_feature=6 3 13 7 11 12 12 12 6 13 12 1 3 2
split_gain=6.08697 26.8339 29.9426 25.6031 24.1799 20.5621 30.7871 27.9947 19.2743 25.3004 24.1887 14.6753 19.5569 7.60431
threshold=0.00077225475423712273 -0.00012665413612311657 0.0018190055913587246 1.1805773815024339 54.949315733140125 -0.0064216578673572102 -0.0049276649770676464 -0.010469283459458021 0.00057971869808519599 0.010277005754016579 -0.0031418579435251166 -0.00016158855447592765 0.0025217016816690978 -0.0013093719997338408
decision_type=2 2 2 2 2 2 2 2 2 2 2 2 2 2
left_child=1 2 5 8 13 7 -7 -1 10 11 -3 -10 -13 -4
right_child=-2 3 4 -5 -6 6 -8 -9 9 -11 -12 12 -14 -15
leaf_value=0.013300014824063519 -0.0001962945507228884 0.015904500987783652 -0.026648959710034531 -0.011160213250801779 0.0059089118436948963 0.029741178007880002 -0.0026203371578263361 -0.016224466641962521 0.029723266712221245 -0.0013545328795781398 -0.010734038974487178 0.0029166912014436789 0.023870384212895435 -0.011965441888941053
leaf_weight=48.471838131546974 8885.2788736149669 48.588408917188644 43.718605846166611 58.55829544365406 60.573141276836395 54.465531751513481 49.2233025431633 65.806200906634331 72.529785558581352 75.465373083949089 75.951428785920143 82.446501299738884 77.220461338758469 131.53330294787884
leaf_count=205 37405 218 202 247 266 226 201 272 311 315 340 359 320 598
internal_value=4.72989e-05 0.00233432 -0.00291825 0.00718336 -0.0102865 0.00507479 0.0146196 -0.00368808 0.00970865 0.0137171 -0.000254072 0.0185852 0.0132206 -0.0158878
internal_weight=9829.83 944.552 453.792 490.76 235.825 217.967 103.689 114.278 432.202 307.662 124.54 232.197 159.667 175.252
internal_count=41485 4080 1970 2110 1066 904 427 477 1863 1305 558 990 679 800
is_linear=0
shrinkage=0.03


Tree=187
num_leaves=15
num_cat=0
split_feature=12 13 5 5 11 6 1 12 7 5 6 12 13 7
split_gain=5.96124 11.7904 20.558 12.7272 11.5296 17.6498 16.2956 14.0905 8.72979 8.68553 39.4583 27.3473 19.8045 16.8123
threshold=-0.0013563540221538937 0.018808869317501479 0.0044345278346811243 0.0014833359152263139 70.813047127127462 0.00084972957903535669 0.00019307253165701257 -0.00060618389517391724 1.0259649984549106 0.00074813006631913048 0.00073343601475603251 -0.0028077187419481837 0.0056160567036370743 0.67731130681861196
decision_type=2 2 2 2 2 2 2 2 2 2 2 2 2 2
left_child=9 3 -3 -2 5 6 -5 -7 -9 11 12 -1 -11 -12
right_child=1 2 -4 4 -6 7 -8 8 -10 10 13 -13 -14 -15
leaf_value=-0.00022029100915235691 -0.011802354325080229 -0.02451911778606718 -0.0025694392719200227 -0.020336950915033673 -0.005775879446596072 0.00184181908398915 0.0011055837605128147 0.019926505982623417 0.0041690133057677653 0.0038202515727241439 0.0077505638417941815 -0.010722564423132592 0.028203225624255545 -0.00014068921503441876
leaf_weight=5709.9469000399113 84.60157935321331 53.637955963611603 125.77739410102367 48.844487503170967 202.3782405257225 296.65073037147522 85.084799721837044 77.578483536839485 54.684820622205734 52.838401705026627 267.28371858596802 230.22604450583458 69.533819630742073 2487.2284355089068
leaf_count=24085 389 246 543 201 824 1210 348 317 222 226 1133 1054 291 10475
internal_value=-0.000227978 -0.00238618 -0.00932947 -0.000901839 0.000330928 0.00253939 -0.00689875 0.00550481 0.0135707 2.44385e-05 0.00137688 -0.000630804 0.0179058 0.000630105
internal_weight=9846.3 1029.24 179.415 849.823 765.222 562.843 133.929 428.914 132.263 8817.06 2876.88 5940.17 122.372 2754.51
internal_count=41564 4300 789 3511 3122 2298 549 1749 539 37264 12125 25139 517 11608
is_linear=0
shrinkage=0.03


Tree=188
num_leaves=15
num_cat=0
split_feature=4 12 6 0 2 10 6 6 12 7 10 6 6 6
split_gain=7.86361 5.76093 24.2271 17.1476 12.5992 24.0072 15.152 12.126 12.0408 26.3362 39.3003 49.0151 23.9349 21.1233
threshold=0.010516705161807584 -0.0049276649770676464 0.00057971869808519599 0.0011091637296977432 0.0064562082855792466 0.88112544951637284 0.001414656848226104 0.0014220666631819779 -0.018409546015860086 1.2673479376425889 0.94092668229029741 0.0018582342436013065 0.0038870707377958529 0.0020431536617839595
decision_type=2 2 2 2 2 8 2 2 2 2 10 2 2 2
left_child=1 2 -1 -3 6 -6 -4 -5 9 10 11 -8 -13 -11
right_child=-2 3 4 7 5 -7 8 -9 -10 13 -12 12 -14 -15
leaf_value=0.020746486656348491 0.0096545709940853239 -0.0015701303232998026 -0.00089623982539157535 0.014823535023237583 0.010479764161539111 -0.013174224243117615 0.0093403385866041959 0.0011152283293717354 0.0035100403499100938 0.00043828293953672345 0.016928364038434934 -0.019727033095560519 -0.0012671742252529695 -0.020648910906222537
leaf_weight=50.433006182312965 72.302716419100761 3583.0983152240515 3081.1911100447178 96.024748489260674 50.322751358151436 148.07713061571121 190.27095855772495 143.38015526533127 1846.9748888760805 76.886633738875389 123.39178320765495 128.09097947180271 123.53772985935211 94.072301901876926
leaf_count=221 322 15169 12937 396 214 638 783 615 7674 356 521 554 531 467
internal_value=-6.79786e-05 -0.000142151 0.000444551 -0.00104951 0.000262895 -0.00712984 0.000524256 0.00669086 0.00221796 -0.00102411 0.00210327 -0.00209397 -0.0107456 -0.0112698
internal_weight=9808.06 9735.75 5913.25 3822.5 5862.82 198.4 5664.42 239.405 2583.23 736.25 565.291 441.9 251.629 170.959
internal_count=41398 41076 24896 16180 24675 852 23823 1011 10886 3212 2389 1868 1085 823
is_linear=0
shrinkage=0.03


Tree=189
num_leaves=15
num_cat=0
split_feature=5 13 6 13 6 3 13 12 10 12 6 7 13 12
split_gain=6.09968 17.4466 17.0143 35.5008 25.3392 35.1206 22.7329 21.3886 20.7412 26.5161 24.8525 16.2674 32.9562 35.0719
threshold=0.0026624815491146374 0.0089413087359951921 0.0015879603296843788 0.019605594676835095 0.001843435083957309 0.005116197698676315 0.019605594676835095 -0.00246922906629865 1.2213946660063548 -0.0054493099143155801 0.002087213539771557 0.96577858103405989 0.01018054684021308 -0.0023822058628328309
decision_type=2 2 2 2 2 2 2 2 8 2 2 2 2 2
left_child=1 -1 6 4 -4 -6 -2 -8 -5 -10 -11 -3 -13 -14
right_child=2 11 3 8 5 -7 7 -9 9 10 -12 12 13 -15
leaf_value=0.00023720454281300714 0.0058956369382988346 -0.00518345553863066 0.0010317552312830189 -0.0045264587425317008 0.0042666659656725604 -0.023753111053315783 0.0096885748708954462 -0.012472858358410764 0.021482159599465148 -0.0053290969604031261 0.016905330116319471 -0.0097378216937105359 0.00043610420579996001 0.019241629893758952
leaf_weight=6052.6862605437636 864.40113711357117 1201.8497207760811 125.42959508299828 185.63831175863743 54.668820112943649 145.18685252964497 54.691843673586845 126.40255491435528 91.104582272469997 134.25879949331284 65.773659989237785 205.22176869958639 432.79340174794197 110.47598102688789
leaf_count=25477 3518 5166 521 815 228 638 223 554 434 573 326 863 1796 455
internal_value=-0.000199418 -0.000558144 0.00135339 -0.00193086 -0.00954178 -0.0161222 0.00387181 -0.00574722 0.00327993 0.00825446 0.00207689 -0.00302414 0.000447637 0.00431683
internal_weight=9850.58 8003.03 1847.56 802.061 325.285 199.856 1045.5 181.094 476.775 291.137 200.032 1950.34 748.491 543.269
internal_count=41587 33757 7830 3535 1387 866 4295 777 2148 1333 899 8280 3114 2251
is_linear=0
shrinkage=0.03


Tree=190
num_leaves=15
num_cat=0
split_feature=13 6 13 1 13 2 3 3 3 2 6 6 13 3
split_gain=8.08646 9.92174 26.358 21.2806 17.0031 34.5704 33.9359 27.8969 16.6169 15.1234 13.6424 12.1028 11.9346 14.6444
threshold=0.0080416558813724021 0.0010545592659391252 0.017656859563668473 -0.00083643791951206424 0.01166346659223705 0.00041012521353764325 0.0060805009953140152 0.0073164060335487316 0.0019443579874324215 0.0023450999006597866 0.00093635589255543813 0.00084415369496928865 0.01311390740801144 0.0082210137075776641
decision_type=2 2 2 2 2 2 2 2 2 2 2 2 2 2
left_child=-1 2 3 -2 5 11 9 8 -6 -7 -9 -5 13 -3
right_child=1 12 -4 4 7 6 -8 10 -10 -11 -12 -13 -14 -15
leaf_value=0.00078993845956510506 0.015963857508458169 -0.0031107241948151276 -0.015766543839068281 -0.0032478496673386051 -0.0020485285357612049 -0.022905997040197069 0.0090970110288103156 -0.01762276786984637 0.015501556760196784 -0.0042792822949229928 0.0037501781954154341 0.013652798222546676 -0.00012635494947227811 -0.016807163802128669
leaf_weight=5707.5793940499425 101.27235515415668 1309.8010672181845 69.55478635430336 57.880967304110527 63.396594434976578 116.6167002171278 60.412573277950287 51.491733998060226 199.55317884683609 60.229723140597343 52.865091308951378 106.19971413910389 1756.2851049825549 72.410457029938698
leaf_count=23990 432 5498 315 260 282 512 244 207 814 247 214 467 7543 304
internal_value=6.10883e-05 -0.000958907 0.00174316 0.00317611 0.00145421 -0.0028086 -0.010096 0.00610198 0.0112867 -0.016681 -0.00692874 0.00772362 -0.00176833 -0.00385149
internal_weight=9785.55 4077.97 939.473 869.919 768.646 401.34 237.259 367.307 262.95 176.846 104.357 164.081 3138.5 1382.21
internal_count=41329 17339 3994 3679 3247 1730 1003 1517 1096 759 421 727 13345 5802
is_linear=0
shrinkage=0.03


Tree=191
num_leaves=15
num_cat=0
split_feature=3 12 6 7 2 10 2 5 7 7 6 12 12 3
split_gain=6.96167 12.0931 33.6528 19.9151 29.8258 14.2817 17.4634 11.8332 20.1256 31.1868 19.0936 15.8936 15.7175 11.8461
threshold=-0.00717886935671004 -0.01293115011515694 0.00094428963009326333 0.94706695148143694 -0.0017548506942969553 0.84758473429105041 -0.0022975937792659063 -0.0026568812799461212 1.0203167537738111 1.2495521653503767 0.0015709852062693113 -0.0093959029407048016 -0.02576281200396718 -0.0054780912270035445
decision_type=2 2 2 2 2 8 2 2 2 2 2 2 2 2
left_child=1 2 -1 4 -3 -4 -7 8 12 -10 11 -11 -2 -14
right_child=7 3 5 -5 -6 6 -8 -9 9 10 -12 -13 13 -15
leaf_value=0.022396020543641256 0.0074229512570958165 0.033923370763919596 0.013725048964010582 0.00012324309794993897 0.0013976352299532664 0.0015391706855692557 -0.006859282747968363 5.3077685368388399e-05 0.0097289046357006536 -0.022757223194565135 0.0052740423935197589 -0.00079798068363697852 -0.0040024204584126564 -0.015163605976015527
leaf_weight=59.010341882705688 48.025258809328079 50.502112671732903 57.615397527813911 119.51432618498802 49.452183604240417 635.57212916761637 340.68168047070503 7718.6208133473992 189.29372997581959 75.151683479547501 68.434237480163574 48.437370523810387 146.76117131114006 209.79905724525452
leaf_count=250 206 207 242 489 202 2737 1458 32567 787 317 278 200 628 893
internal_value=9.56951e-06 0.00204157 0.000744735 0.00843431 0.0181744 -0.000531915 -0.00139966 -0.000304398 -0.00380651 0.00113886 -0.00734207 -0.0143007 -0.00845015 -0.0106176
internal_weight=9816.87 1312.35 1092.88 219.469 99.9543 1033.87 976.254 8504.52 785.903 381.317 192.023 123.589 404.585 356.56
internal_count=41461 5585 4687 898 409 4437 4195 35876 3309 1582 795 517 1727 1521
is_linear=0
shrinkage=0.03


Tree=192
num_leaves=15
num_cat=0
split_feature=3 3 10 6 3 10 6 6 3 2 3 2 3 18
split_gain=5.04747 6.91421 25.5856 12.5539 10.8047 15.339 8.74651 9.62395 8.50494 11.4492 10.0016 11.7905 8.11387 19.3168
threshold=-0.035601967840678032 -0.02091232504500384 1.4041309142405467 0.0021862529983460387 -0.013189449723514267 0.81313685618959142 0.0016032988498710192 0.0019645768802103963 -0.011027100577224806 -0.0048347162020636594 -0.009000956803216385 -0.0014229085442804543 0.011457416537349304 8.8385731811623121
decision_type=2 2 8 2 2 8 2 2 2 2 2 2 2 2
left_child=-1 2 -2 -4 6 -6 -3 -8 9 -7 11 -10 -12 -14
right_child=1 4 3 -5 5 8 7 -9 10 -11 12 -13 13 -15
leaf_value=0.0077003281514608684 0.0067833982226981875 0.016150928868578791 -0.006299104235465665 -0.032458977877866613 -0.012288824942123907 0.0013396570072905817 -0.0069220811273646527 0.007687242034571079 0.0098447052010926378 -0.014736193104194412 -0.0003706791254172282 -0.003229958423916927 0.0056622975122964528 -0.012069231600509028
leaf_weight=72.391564801335335 61.878669992089272 58.137215033173561 33.95412278175354 32.510223485529423 91.697659492492676 76.695301875472069 58.751402765512466 120.94071145355701 188.47032704949379 80.360761091113091 8395.2804999798536 90.888451352715492 451.41864956915379 61.076048195362091
leaf_count=315 264 237 210 195 401 314 242 514 778 332 35234 376 2037 270
internal_value=-8.46307e-05 -0.000143684 -0.00700713 -0.0196693 -5.11961e-05 -0.000210977 0.00623702 0.00288702 -8.9849e-05 -0.00696773 2.92208e-05 0.00559818 -0.000146646 0.00351046
internal_weight=9874.45 9802.06 128.343 66.4643 9673.72 9435.89 237.829 179.692 9344.19 157.056 9187.13 279.359 8907.78 512.495
internal_count=41719 41404 669 405 40735 39742 993 756 39341 646 38695 1154 37541 2307
is_linear=0
shrinkage=0.03


Tree=193
num_leaves=15
num_cat=0
split_feature=3 10 2 12 12 12 13 7 13 13 1 7 13 7
split_gain=5.07276 15.5765 18.177 15.3661 13.7343 12.8815 20.3736 17.0777 43.7164 28.0131 18.8891 18.8583 35.2858 22.6294
threshold=-0.00012665413612311657 0.8454371924624301 0.0040567682984019591 -0.038383489992405588 -0.0027606275240023566 -0.016795703152161331 0.056539713012860544 1.1968141765272027 0.010079262451360373 0.0086325512819961387 -0.0015414619733072827 0.75124835505240029 0.0067941276408624027 0.6888532272435326
decision_type=2 8 2 2 2 2 2 2 2 2 2 2 2 2
left_child=1 -1 4 -2 -3 -5 7 9 -9 11 -11 12 -7 -14
right_child=3 2 -4 5 -6 6 -8 8 -10 10 -12 -13 13 -15
leaf_value=0.012134660534350843 -0.013356414144528397 -0.00035719339913022915 -0.011555088359657302 0.010775331865728448 -0.012022995278586268 -0.0079705059293596926 -0.013526696595906225 -0.0090478571940680007 0.0031136742995479696 0.0096038445814982405 -0.0010869041509046708 0.0068193940556233491 0.024414808336944503 -0.0028301257216307128
leaf_weight=81.776979565620422 67.315878227353096 4525.5988431274891 138.24775823205709 113.35788215696812 90.693108379840851 226.73027276992798 87.790674418210983 487.25676932930946 581.39696422219276 158.52058462798595 2025.6914076060057 1165.7667725533247 61.270329758524895 47.7810118496418
leaf_count=343 289 19108 575 500 442 972 411 2003 2526 658 8442 4909 262 204
internal_value=3.92376e-06 -0.000689423 -0.000915004 0.000671527 -0.000591491 0.000867392 0.000631091 0.000898093 -0.00243797 0.00186615 -0.00030294 0.00501761 -0.00124119 0.0126414
internal_weight=9859.2 4836.32 4754.54 5022.88 4616.29 4955.56 4842.2 4754.41 1068.65 3685.76 2184.21 1501.55 335.782 109.051
internal_count=41644 20468 20125 21176 19550 20887 20387 19976 4529 15447 9100 6347 1438 466
is_linear=0
shrinkage=0.03


Tree=194
num_leaves=15
num_cat=0
split_feature=13 12 6 12 6 6 7 3 1 11 6 7 7 12
split_gain=5.42095 15.0036 18.8432 12.1223 28.0195 23.4857 19.1015 18.4662 12.045 9.40911 9.23478 9.14031 23.1825 40.1029
threshold=0.0028729746760514101 -0.014535295353673093 0.0021497956833375054 -0.01731834753256389 0.0018305058532256304 0.0013436877442472913 0.79967794602434283 -0.0066507153863502423 -0.0018693196443536617 23.424472120412222 0.00095354368952318676 1.3203981949677346 1.1765391917358394 -0.0093200888024436695
decision_type=2 2 2 2 2 2 2 2 2 2 2 2 2 2
left_child=1 3 9 4 6 10 -1 -8 -6 -3 -5 12 -11 -14
right_child=-2 2 -4 5 8 -7 7 -9 -10 11 -12 -13 13 -15
leaf_value=0.014750922153047576 -0.00043277214007716856 0.014234839924047955 0.020492560540448825 -0.0046685674399063581 -0.0035106024169738173 0.0057072494176040834 0.0052837853444593491 -0.014502288923043918 -0.02379328187050931 0.0011547881586606305 -0.018715117722781578 -0.0041554955663621164 -0.0037322956696415376 0.025697384191610804
leaf_weight=115.12050591409206 7516.9999356865883 54.235151022672653 50.20445653796196 69.166830092668533 60.401490047574043 81.986996456980705 143.99074696004391 57.860689863562584 45.912022650241852 1197.3913096338511 112.90894950926304 204.0568863004446 72.543429106473923 94.516713246703148
leaf_count=474 31893 222 208 307 277 341 593 239 204 4958 489 842 299 390
internal_value=-3.89223e-05 0.0012147 0.002747 -0.00251193 0.00063922 -0.00752998 0.005113 -0.000474528 -0.0125474 0.00217344 -0.0134878 0.00173879 0.00262509 0.013025
internal_weight=9877.3 2360.3 1672.95 687.348 423.285 264.063 316.972 201.851 106.314 1622.74 182.076 1568.51 1364.45 167.06
internal_count=41736 9843 6919 2924 1787 1137 1306 832 481 6711 796 6489 5647 689
is_linear=0
shrinkage=0.03


Tree=195
num_leaves=15
num_cat=0
split_feature=4 6 2 11 12 3 2 2 12 12 4 12 12 3
split_gain=6.3039 6.32961 12.512 11.0576 10.173 16.5271 13.3965 8.88042 15.0711 16.7932 15.9445 13.5738 18.9146 12.7879
threshold=0.010516705161807584 0.005934000967266556 0.00015223999882219011 38.579126871281538 -0.053271324259882395 -0.02091232504500384 -0.011340881643352228 -0.0055928439730569815 -0.032154193844259264 -0.023580786978084241 0.00011705892115698725 -0.0093959029407048016 -0.011509955169434536 -0.013189449723514267
decision_type=2 2 2 2 2 2 2 2 2 2 2 2 2 2
left_child=1 4 3 -3 -1 6 -6 11 10 -10 -9 12 -7 -11
right_child=-2 2 -4 -5 5 7 -8 8 9 13 -12 -13 -14 -15
leaf_value=0.011751154933592661 0.0088834826106617467 -0.0091042658059240916 -0.014151809499625538 0.0079372208745035183 -0.00080093624833241076 0.0047822763184369853 -0.025164479511837843 -0.0015886244896736836 0.013080978504508553 0.014091319645202017 -0.02309209360309445 0.017382747497897821 -0.012076145976422457 -3.1499940173398157e-05
leaf_weight=66.599314197897911 72.513547956943512 57.905658096075058 80.387630209326744 78.086625516414642 39.826250091195107 404.40763945877552 39.744898483157158 79.240752652287483 88.124495789408684 56.094321563839912 49.357069671154022 58.784258633852005 68.302007153630257 8570.8339822664857
leaf_count=288 324 252 352 335 221 1676 238 335 366 231 209 241 282 36093
internal_value=0.00019079 0.000124248 -0.00492566 0.000654154 0.000240022 0.000156469 -0.0132889 0.000273395 4.66325e-05 0.000198175 -0.0100691 0.00403224 0.00230578 6.35747e-05
internal_weight=9810.21 9737.69 216.38 135.992 9521.31 9454.72 79.5711 9375.14 8843.65 8715.05 128.598 531.494 472.71 8626.93
internal_count=41443 41119 939 587 40180 39892 459 39433 37234 36690 544 2199 1958 36324
is_linear=0
shrinkage=0.03


Tree=196
num_leaves=15
num_cat=0
split_feature=3 7 2 13 13 7 0 13 1 1 3 7 13 13
split_gain=6.40589 13.8461 30.2502 21.6366 16.0212 15.3616 13.097 12.0274 15.9932 11.7968 9.61323 18.165 55.1901 27.0331
threshold=0.0071817310834617074 1.4334428576997758 0.0054455970988244182 0.01311390740801144 0.02343515148861364 0.86840392210237816 -0.0013288788909770856 0.030892023276395179 0.0014368135171796972 0.00099484603887192735 0.002590464811259519 1.1805773815024339 0.010079262451360373 0.021653429995887711
decision_type=2 2 2 2 2 2 2 2 2 2 2 2 2 2
left_child=10 3 -3 9 -4 7 -7 8 -5 -2 -1 13 -13 -12
right_child=1 2 4 5 -6 6 -8 -9 -10 -11 11 12 -14 -15
leaf_value=-2.1977457647734318e-05 -0.017106928100852563 0.02512338831349083 -0.0075630970021771217 0.0034385661488460983 0.012966960760842311 0.0090167668353491742 -0.0058477678948180341 -0.0050555294122440466 0.022450024984613244 3.4977361404799371e-05 0.0048799427012051642 -0.013173956060953864 0.0075638285650995269 -0.012079664573686904
leaf_weight=6486.5847791284323 131.95498026907444 50.209909610450268 108.78341613709927 198.62233857810497 47.509513482451439 57.964446522295475 495.22635418921709 97.579947456717491 48.14334762096405 49.465949699282646 1461.5128617137671 230.60843251645565 227.56285218894482 87.895756274461746
leaf_count=27489 543 244 465 823 243 258 2112 429 203 205 6053 945 933 378
internal_value=0.000240918 -0.00173115 0.00535154 -0.0030941 -0.00123744 -0.00117264 -0.00426336 0.00378854 0.00729832 -0.0124836 0.000539696 0.00235271 -0.00288588 0.00390352
internal_weight=9779.62 1285.46 206.503 1078.96 156.293 897.536 553.191 344.346 246.766 181.421 8494.16 2007.58 458.171 1549.41
internal_count=41323 5525 952 4573 708 3825 2370 1455 1026 748 35798 8309 1878 6431
is_linear=0
shrinkage=0.03


Tree=197
num_leaves=15
num_cat=0
split_feature=5 13 13 7 12 12 12 7 12 13 13 7 13 7
split_gain=6.92876 15.7325 12.3393 22.6412 13.2434 12.6442 12.3222 10.2565 22.0017 20.6654 18.7069 14.6422 12.8027 12.4723
threshold=-3.0163141021388725e-05 0.0028729746760514101 0.0080416558813724021 0.6888532272435326 -0.003001152570571985 -0.0041134548110425819 -0.0079675458723636999 0.69565564187565321 -0.0016901415452345023 0.0055557362508441574 0.015250406715721311 0.78114273256721889 0.0049621100733021626 0.5429939799152802
decision_type=2 2 2 2 2 2 2 2 2 2 2 2 2 2
left_child=2 -2 4 6 -1 -5 -4 8 9 -3 13 12 -9 -11
right_child=1 7 3 5 -6 -7 -8 11 -10 10 -12 -13 -14 -15
leaf_value=9.1325040936314828e-05 0.014356690379098487 -0.0071139147334077935 -0.021904622062972664 -0.00058304626590624574 -0.013368195784838376 -0.016422472609565131 -0.0030113784701728576 0.0096159463271987839 -0.0061388389897249112 -0.00034198714553606462 -0.00083258386081099727 0.0007474995145999321 -0.0060459363832269615 0.016370824979138224
leaf_weight=4058.7416339963675 74.066382318735123 74.716584771871567 87.334937259554863 573.1274516955018 64.877124235033989 47.273486942052841 48.734086453914642 50.189586266875267 141.62379439175129 47.642459690570831 107.45355528593063 3731.7663471922278 485.40924169123173 252.06443138420582
leaf_count=17029 323 320 386 2455 291 237 237 216 609 207 453 15719 2057 1071
internal_value=2.8885e-05 0.00081776 -0.000773711 -0.00429041 -0.000126812 -0.00183888 -0.0152795 0.000606944 0.00419456 0.00724437 0.0099011 8.10414e-05 -0.00454799 0.0137294
internal_weight=9845.02 4964.93 4880.09 756.47 4123.62 620.401 136.069 4890.87 623.501 481.877 407.16 4267.37 535.599 299.707
internal_count=41610 20975 20635 3315 17320 2692 623 20652 2660 2051 1731 17992 2273 1278
is_linear=0
shrinkage=0.03


Tree=198
num_leaves=15
num_cat=0
split_feature=5 3 13 6 2 3 6 13 7 6 7 6 13 13
split_gain=5.83799 18.0835 12.5088 13.6888 12.7617 15.76 12.2453 17.6099 17.437 22.906 11.4373 17.2512 29.7611 18.5604
threshold=-0.00074687329883504894 -0.0070300048365983794 0.0034156989572244893 0.0011945045033812378 0.0001893329991628501 -0.0022630125291261609 0.0016987066238819445 0.0088589511283579964 0.70192974411447462 0.0013048739879681487 0.69565564187565321 0.00087920501583462006 0.0072038752149379279 0.0092549293119098559
decision_type=2 2 2 2 2 2 2 2 2 2 2 2 2 2
left_child=6 -2 3 4 -3 -6 7 -1 -9 -10 11 12 -4 -13
right_child=1 2 10 -5 5 -7 -8 8 9 -11 -12 13 -14 -15
leaf_value=-0.0013148240227369575 0.017160992690756858 0.0089842597857942557 -0.018951489606310164 0.019811324369696289 -0.014708401762311524 0.0032317377377103834 0.0018567032022487888 -0.027604612209187841 0.010067090886821239 -0.016827790976056366 -0.0004774340536003879 0.013307677691845253 0.0053833851363428416 0.0020210201182894873
leaf_weight=2632.6817860603333 57.120295524597168 192.68416555225849 73.692642509937286 49.419974967837334 57.894757688045502 165.00797843933105 1084.6014349386096 42.42842435836792 48.406781449913979 63.981269404292107 4652.0005334615707 203.10822938382626 110.79757654666901 366.03770673274994
leaf_count=11005 234 827 320 213 240 706 4626 206 220 283 19653 870 481 1555
internal_value=6.01182e-05 0.000651833 0.000485412 0.00519599 0.00337143 -0.00151723 -0.000845602 -0.00189763 -0.0116652 -0.00527039 7.84246e-05 0.00350178 -0.00443592 0.00608133
internal_weight=9799.86 5927.76 5870.64 465.007 415.587 222.903 3872.1 2787.5 154.816 112.388 5405.64 753.636 184.49 569.146
internal_count=41439 25099 24865 1986 1773 946 16340 11714 709 503 22879 3226 801 2425
is_linear=0
shrinkage=0.03


Tree=199
num_leaves=15
num_cat=0
split_feature=3 12 10 6 11 18 12 4 6 12 3 6 12 13
split_gain=6.61373 15.9464 16.9355 16.8836 15.2743 11.5357 23.3449 21.7409 27.3158 23.0416 20.6334 17.2425 12.0621 11.3586
threshold=-0.0080510522338975831 -0.01293115011515694 0.8454371924624301 0.00097120772708466263 38.579126871281538 8.8385731811623121 -0.022809788436898789 -0.0021380404833838402 0.0020431536617839595 -0.053271324259882395 -0.013189449723514267 0.0020572594946731177 -0.020070793975248798 0.0023447896422176266
decision_type=2 2 8 2 2 2 2 2 2 2 2 2 2 2
left_child=1 2 -1 -4 -3 6 7 8 -5 -10 13 12 -12 -8
right_child=-2 4 3 5 -6 -7 10 -9 9 -11 11 -13 -14 -15
leaf_value=0.016790891607749495 -0.00031417548450710456 0.0019776202009101629 0.016512017812485947 0.015165702862248217 0.023853554466856282 0.010303857429467505 0.0025566697353977702 -0.017618542205194168 0.0042847087054774403 -0.022408452232474951 0.0093723530857258448 0.014777714903595349 -0.0065113289438427317 0.021796263774898312
leaf_weight=54.848124250769615 8755.0660236105323 59.19592572748661 49.977740690112114 56.855554759502411 54.541226625442505 71.121094688773155 50.784515112638474 133.22725144773722 53.806593209505081 60.027859717607498 49.278747648000717 48.872903242707253 270.47049240767956 60.138216383755207
leaf_count=230 36966 242 210 258 222 306 208 606 233 310 200 201 1119 251
internal_value=-4.1554e-05 0.00217903 0.000908083 -8.98908e-05 0.0126989 -0.00109709 -0.00215565 -0.00863225 -0.00149544 -0.00993516 0.00196778 -0.00146175 -0.00402034 0.013189
internal_weight=9828.21 1073.15 959.409 904.561 113.737 854.583 783.462 303.917 170.69 113.834 479.545 368.622 319.749 110.923
internal_count=41562 4596 4132 3902 464 3692 3386 1407 801 543 1979 1520 1319 459
is_linear=0
shrinkage=0.03


Tree=200
num_leaves=15
num_cat=0
split_feature=5 3 4 13 13 12 12 13 6 16 5 12 1 13
split_gain=7.15461 19.8043 16.0979 17.3172 15.2927 26.024 14.0467 15.6075 16.2756 13.2933 16.1302 14.5225 15.807 13.2328
threshold=-0.0019815989414035946 -0.0082201037680657268 -0.0012919754019647398 0.010277005754016579 0.0023959002979589976 -0.012124651813250674 -0.0050902960497991581 0.0015235269876878734 0.00065520734656768014 0.25881904510252091 -0.002548791390828475 -0.0082483365927946122 -0.0021042369500468001 0.0076188997057483618
decision_type=2 2 2 2 2 2 2 2 2 2 2 2 2 2
left_child=2 -2 9 13 5 -3 -7 -8 -9 10 -1 12 -11 -4
right_child=1 4 3 -5 -6 6 7 8 -10 11 -12 -13 -14 -15
leaf_value=-0.003015700996942882 0.01490036955254989 -0.01011970207929791 -0.004312465555074997 0.011698063296024021 0.00014061195010174236 0.010146903506726271 -0.013957141459646433 0.017895037632906952 -0.0049833523846684446 -0.0010250823081001262 0.01108727470354782 -0.0078819993089781319 0.0093592382267172428 -0.020264282112791552
leaf_weight=765.0030843988061 85.900619581341743 87.907132595777512 842.17191123217344 56.186114355921745 6636.7753978818655 414.46907706558704 49.66089291870594 51.657397463917732 57.087749853730202 203.81820958852768 78.700216457247734 79.278453037142754 370.14014814794064 47.788964964449406
leaf_count=3264 351 366 3546 239 28089 1723 205 219 235 870 329 332 1562 216
internal_value=0.000279622 0.000745247 -0.00112704 -0.00418578 0.000574588 0.00491978 0.00725476 -0.000344702 0.00601151 0.000809255 -0.00167707 0.00401585 0.00568091 -0.00521256
internal_weight=9826.55 7383.46 2443.09 946.147 7297.56 660.782 572.875 158.406 108.745 1496.94 843.703 653.237 573.958 889.961
internal_count=41546 31188 10358 4001 30837 2748 2382 659 454 6357 3593 2764 2432 3762
is_linear=0
shrinkage=0.03


Tree=201
num_leaves=15
num_cat=0
split_feature=5 12 13 11 12 18 18 13 3 7 7 2 3 7
split_gain=4.66773 13.5974 15.8756 17.5431 12.1218 11.9276 13.8275 11.8667 17.7088 11.8006 11.5486 16.1599 16.4061 14.9473
threshold=-0.00074687329883504894 -0.011876018186187274 0.00941694238323121 56.390076788536085 -0.0046471265882288551 6.6398775600029998 8.8190141204611425 0.056539713012860544 0.020957234065828948 1.8458230165924523 1.4656985564457801 0.0074462350171993494 0.0060805009953140152 1.2018425041812575
decision_type=2 2 2 2 2 2 2 2 2 2 2 2 2 2
left_child=4 2 3 -2 -1 -4 -7 8 9 10 13 12 -12 -3
right_child=1 7 5 -5 -6 6 -8 -9 -10 -11 11 -13 -14 -15
leaf_value=-0.00067177762890189153 0.020283447532757522 0.00034898267084675864 -0.0051295132435999749 0.0033632438091919376 -0.0096849495788565131 0.018855525212983403 -0.0033415880153081145 -0.012881535183978172 0.014055275796355618 -0.014170733393133331 0.0040971297237278465 -0.006957467299116807 0.021373024328779851 -0.0042483225798647418
leaf_weight=3719.3265987634659 99.00087559223175 4220.6833978891373 154.63925915956497 123.62283949553967 137.34686028957367 50.032712742686272 48.086359962821007 62.42011521756649 78.286056116223335 51.408869579434395 161.64104056358337 68.52091658115387 70.139996454119682 747.48553638160229
leaf_count=15681 440 17774 668 540 605 209 200 293 445 220 659 294 293 3093
internal_value=-0.000185311 0.000342612 0.00519793 0.0110013 -0.000997615 4.0246e-05 0.00812768 -8.1826e-05 7.08957e-05 -0.0001401 2.13425e-06 0.00569517 0.00946316 -0.000344136
internal_weight=9792.64 5935.97 475.382 222.624 3856.67 252.758 98.1191 5460.59 5398.17 5319.88 5268.47 300.302 231.781 4968.17
internal_count=41414 25128 2057 980 16286 1077 409 23071 22778 22333 22113 1246 952 20867
is_linear=0
shrinkage=0.03


Tree=202
num_leaves=15
num_cat=0
split_feature=5 3 2 6 10 3 7 7 11 10 10 3 7 13
split_gain=5.8924 16.045 13.4805 14.0875 12.8539 12.8061 13.2007 16.2048 12.5273 10.6099 14.7582 21.4116 16.7477 13.0106
threshold=-0.0026568812799461212 -0.0080510522338975831 -0.0016792198215499763 0.0012695774299111495 0.63422378072108454 -0.0073142485063515386 0.89535630486162476 1.1553068399948498 34.458356617698747 0.86932294203213656 1.3170500219918011 -0.018453700494432287 1.60154328980356 0.004463877257242733
decision_type=2 2 2 2 10 2 2 2 2 8 8 2 2 2
left_child=2 -2 3 5 -4 6 -1 -8 -3 -5 -11 -12 13 -13
right_child=1 8 4 9 -6 -7 7 -9 -10 10 11 12 -14 -15
leaf_value=0.0098917557864777617 0.010117570481842473 0.0077117075262302347 -0.009672261664517923 -0.011919193820691102 0.0070151108726968364 -0.007713040384757887 -0.013863139101112794 0.0072964895854540548 4.5439939793257446e-05 0.012321344876842088 -0.013178508333334884 0.0032837517825222615 0.013080740407418051 -0.0067609061203812264
leaf_weight=94.832094267010689 148.86399112641811 194.81709757447243 265.5066340342164 45.768814161419868 47.68645267188549 340.18560428917408 73.036166623234749 55.86910779774189 7581.470428198576 119.79873806238174 82.548809729516506 461.35478627681732 116.74227073788643 152.86019499599934
leaf_count=397 610 824 1162 202 202 1452 304 231 32016 512 444 1890 479 642
internal_value=7.10795e-05 0.000427488 -0.00144946 -0.000294196 -0.00710307 -0.00406318 0.00150548 -0.00472094 0.000239434 0.00188051 0.00258128 0.00112023 0.00276658 0.0007701
internal_weight=9781.34 7925.15 1856.19 1543 313.193 563.923 223.737 128.905 7776.29 979.074 933.305 813.506 730.957 614.215
internal_count=41367 33450 7917 6553 1364 2384 932 535 32840 4169 3967 3455 3011 2532
is_linear=0
shrinkage=0.03


Tree=203
num_leaves=15
num_cat=0
split_feature=2 10 3 5 12 12 12 16 7 3 12 16 5 12
split_gain=5.05798 13.1105 15.6007 11.7431 11.8696 16.091 11.7455 19.1295 11.3039 10.6412 10.4453 9.54954 9.48054 11.2325
threshold=-0.0042353903000219564 0.861677008363949 -0.00087904135191663169 -0.0025006435564348668 -0.0090828609699934431 -0.011509955169434536 -0.01349826266163162 -1.0000000180025095e-35 1.0663551210328304 -0.02091232504500384 -0.021616861201805723 -1.0000000180025095e-35 -0.0026568812799461212 -0.017046043510534622
decision_type=2 8 2 2 2 2 2 2 2 2 2 2 2 2
left_child=1 -1 3 4 5 6 7 9 -4 -3 -11 -8 -2 -14
right_child=12 2 8 -5 -6 -7 11 -9 -10 10 -12 -13 13 -15
leaf_value=-0.011204560357239246 -0.0033108321935028488 -0.016600196118735307 0.017619908401035219 -0.013128552979668943 0.012902353303437926 -0.009791823765224611 0.021090169675845875 0.0058108047905123562 0.00026470869391208648 0.007767364378562765 -0.0066538967223647126 0.0023704189865613508 0.0051659265096148941 -0.00034338066821675131
leaf_weight=64.592900857329369 922.10065930336714 55.505305834114552 94.409302249550819 47.790181621909142 77.481089621782303 110.10756614804268 48.896939322352409 310.979447260499 52.085817009210587 65.325301930308342 135.89046274125576 48.436516731977463 346.65149703621864 7446.785732448101
leaf_count=288 3934 280 389 202 322 458 202 1347 218 271 560 201 1454 31450
internal_value=-0.000194602 0.00170943 0.00252605 0.00103784 0.00186074 0.000726686 0.00249234 0.000824107 0.011536 -0.00521476 -0.00194162 0.0120099 -0.000437762 -9.70646e-05
internal_weight=9827.04 1111.5 1046.91 900.413 852.623 775.142 665.034 567.701 146.495 256.721 201.216 97.3335 8715.54 7793.44
internal_count=41576 4738 4450 3843 3641 3319 2861 2458 607 1111 831 403 36838 32904
is_linear=0
shrinkage=0.03


Tree=204
num_leaves=15
num_cat=0
split_feature=3 12 10 13 6 12 4 13 12 6 12 6 13 3
split_gain=8.20031 12.6367 30.7686 22.1538 18.1802 34.8737 19.181 15.7751 13.3149 12.3533 12.2257 11.8049 9.76298 9.86882
threshold=-0.0080510522338975831 -0.022809788436898789 1.0214683762065633 0.00090548484657371209 0.0018718969278843261 -0.017826406939389135 -0.0037223594606218264 0.0053080559381195611 -0.040790760127714369 0.0048084373244122059 -0.020070793975248798 0.0020572594946731177 0.07002465038906204 0.018464164681019749
decision_type=2 2 8 2 2 2 2 2 2 2 2 2 2 2
left_child=1 2 -1 -4 6 -6 -3 10 9 -5 -8 -10 13 -2
right_child=12 4 3 8 5 -7 7 -9 11 -11 -12 -13 -14 -15
leaf_value=0.011083273840453222 -0.00037567410172431706 -0.012554806965410241 0.013388703059761864 0.0075749886557338331 -0.0048154479076798424 0.02528999581610307 0.015670841879368597 0.019713758114970347 -0.0085224362562471897 -0.011783840481541446 0.00025799569836230799 -0.026059757782431713 -0.010082269997622682 0.0068565810418998148
leaf_weight=121.12672908604145 8473.061348348856 65.51723538339138 40.851902857422829 56.907397836446762 53.755011029541492 92.572634726762772 52.005835741758347 52.659290954470634 86.697743661701679 57.870288357138634 325.87356784939766 59.05729291588068 89.497095391154289 171.28278361260891
leaf_count=516 35603 267 182 254 225 383 210 218 398 247 1347 322 437 855
internal_value=-3.08298e-05 0.00245205 -0.00157348 -0.00669977 0.0050964 0.0143146 0.00233062 0.00464339 -0.00992767 -0.00222028 0.00245053 -0.0158848 -0.000334053 -0.000230818
internal_weight=9798.74 1064.89 422.511 301.385 642.384 146.328 496.056 430.539 260.533 114.778 377.879 145.755 8733.84 8644.34
internal_count=41464 4569 1919 1403 2650 608 2042 1775 1221 501 1557 720 36895 36458
is_linear=0
shrinkage=0.03


Tree=205
num_leaves=15
num_cat=0
split_feature=17 11 11 1 16 7 7 12 4 3 0 16 17 1
split_gain=7.21946 17.0107 15.9615 14.7762 10.0693 17.6729 14.2964 8.22567 8.39014 7.69998 6.45969 13.5662 11.5713 11.9174
threshold=-0.70710678118654757 79.631738278646864 22.100191142132946 0.00051950177872298758 1.0000000180025095e-35 0.9608335451012715 1.3767998770014322 -0.0044854854655365642 0.00064856121259393451 -0.010029823893398153 -0.00025271319300800005 -0.60355339059327362 -0.12940952255126037 0.00019307253165701257
decision_type=2 2 2 2 2 2 2 2 2 2 2 2 2 2
left_child=3 2 -2 9 6 -6 -5 8 -7 -1 11 12 -4 -14
right_child=1 -3 10 4 5 7 -8 -9 -10 -11 -12 -13 13 -15
leaf_value=-0.007308303467148663 0.012947257429261783 -0.017743763326007272 0.0097510295222540261 0.005419557197254489 0.0074407169211808469 -0.0021764666607770565 0.020542231688842297 0.0013045178806680088 -0.01841027608689158 0.00033436331408932986 -0.0010469855280138467 -0.00063789079882591796 0.004228713315312476 -0.0077804700928020424
leaf_weight=127.03133690357208 78.908054783940315 48.685319989919662 238.6347903162241 398.3689387217164 208.44289238750935 58.682356029748917 64.141668982803822 106.5231651365757 55.154653623700142 1472.0636409893632 5004.0388590693474 1534.815110296011 322.20839925855398 94.558234818279743
leaf_count=566 339 208 1011 1669 877 245 276 455 229 6198 21172 6507 1362 398
internal_value=5.03629e-05 -0.000424262 -0.000303482 0.00144499 0.00453551 0.00121427 0.00759621 -0.0046894 -0.0102239 -0.000281137 -0.000452377 0.000905856 0.00451194 0.00147986
internal_weight=9812.26 7321.85 7273.16 2490.41 891.314 428.803 462.511 220.36 113.837 1599.09 7194.26 2190.22 655.401 416.767
internal_count=41512 30997 30789 10515 3751 1806 1945 929 474 6764 30450 9278 2771 1760
is_linear=0
shrinkage=0.03


Tree=206
num_leaves=15
num_cat=0
split_feature=5 12 13 7 6 13 4 7 6 13 13 12 7 17
split_gain=6.06311 13.0638 23.5311 20.6901 13.5329 12.6033 11.902 12.9652 20.5452 29.49 20.9531 17.6285 15.5935 17.1153
threshold=2.9487771910918784e-05 -0.0036924809857648007 0.0053080559381195611 0.89285817925841005 0.00054926195565170599 0.0029640104965957819 -0.00058309648885884735 0.69565564187565321 0.00089782501028189783 0.0069377485970765216 0.009907931530027116 -0.0061435265795001795 0.73213771611681999 -0.37940952255126015
decision_type=2 2 2 2 2 2 2 2 2 2 2 2 2 2
left_child=1 4 3 -3 -1 -2 -7 8 9 -8 -10 -12 13 -9
right_child=5 2 -4 -5 -6 6 7 12 10 -11 11 -13 -14 -15
leaf_value=0.015517650677443512 0.013040517493618002 0.015123801042218842 -0.021455981769425529 -0.0089816251326187858 -0.00048937184172902388 0.0067614736097847397 -0.020835420996795046 0.0026182093424515734 0.016481797197216128 0.0049786200391293799 0.014045933453321476 -0.0023077081998903754 9.1075706713559802e-05 -0.015426761139361197
leaf_weight=46.026343837380409 73.030641704797745 47.36944542825222 72.942707374691963 89.335897445678711 4650.1657675504684 268.47238439321518 60.714600071310997 75.923483729362488 157.67623728513718 107.59532435238361 84.049546450376511 189.60313537716866 3724.7268257811666 121.2986229211092
leaf_count=203 318 205 351 391 19646 1124 265 323 682 463 353 795 15708 516
internal_value=8.93164e-05 -0.000654676 -0.00794555 -0.000531278 -0.000325952 0.000839809 0.000648429 0.000282634 0.00438333 -0.00446863 0.00784216 0.00278061 -0.000346249 -0.00852354
internal_weight=9768.93 4905.84 209.648 136.705 4696.19 4863.09 4790.06 4521.59 599.639 168.31 431.329 273.653 3921.95 197.222
internal_count=41343 20796 947 596 19849 20547 20229 19105 2558 728 1830 1148 16547 839
is_linear=0
shrinkage=0.03


Tree=207
num_leaves=15
num_cat=0
split_feature=4 3 3 4 16 6 1 11 3 5 5 3 6 6
split_gain=7.36912 8.65805 8.90326 4.78552 13.5254 15.182 14.4086 10.193 10.0756 9.24053 7.2258 12.6501 13.1181 12.5089
threshold=-0.010481287272525617 -0.02868647751667552 -0.023069011633617183 -0.0023152584808442396 -1.0000000180025095e-35 0.0016316181164838779 -0.0015843007228800996 36.714044912901642 -0.0035369963828364433 -0.0053321916890145529 -0.0027533913577524323 -0.0077453729496484705 0.0012695774299111495 0.0025416890793619139
decision_type=2 2 2 2 2 2 2 2 2 2 2 2 2 2
left_child=-1 -2 -3 4 5 -4 8 -7 9 -6 13 12 -12 -5
right_child=1 2 3 10 6 7 -8 -9 -10 -11 11 -13 -14 -15
leaf_value=-0.0092865982832685892 0.010497986962523553 -0.012522743394980525 -0.0087424932096552381 -0.0032825108871344494 0.0033532468316424492 0.010346012148992471 0.013540605671698418 -0.0059053645346194162 0.0096502464900309736 -0.010290098922130885 0.017651580677994497 9.0060796328847266e-05 0.0012761702452977542 0.01219767197838543
leaf_weight=72.565600052475929 70.654594101011753 48.007479749619961 157.17840574681759 906.82112134248018 107.24053286015987 95.200045235455036 145.55376634001732 52.428974963724613 96.419433891773224 73.752049997448921 73.572556436061859 7726.915329195559 106.29723796248436 47.597578316926956
leaf_count=323 321 278 652 3826 453 401 611 227 402 309 304 32644 436 199
internal_value=0.000108482 0.00018061 0.000102804 0.000168613 0.00250372 -0.0023057 0.00596414 0.00457271 0.00192041 -0.00225794 -2.3692e-05 0.000274158 0.0080947 -0.00248661
internal_weight=9780.2 9707.64 9636.98 9588.98 727.773 304.807 422.966 147.629 277.412 180.993 8861.2 7906.79 179.87 954.419
internal_count=41386 41063 40742 40464 3055 1280 1775 628 1164 762 37409 33384 740 4025
is_linear=0
shrinkage=0.03


Tree=208
num_leaves=15
num_cat=0
split_feature=13 5 2 6 13 4 7 6 12 6 13 12 13 2
split_gain=6.69837 16.4066 17.7191 18.2696 14.2065 21.0894 16.7715 15.5568 14.079 12.1124 25.2367 23.8974 19.6715 22.8347
threshold=0.0037608158203888968 -0.001021013332540843 -0.00078739148922862812 0.0014366720511821286 0.0028209295055390275 0.00064856121259393451 0.99007062279444336 0.00079288753756834014 -0.0045954516448797325 0.0016874657842214115 0.0011406070079409416 -0.024636606960332205 0.0014460561803619767 -0.0048347162020636594
decision_type=2 2 2 2 2 2 2 2 2 2 2 2 2 2
left_child=1 9 -3 4 6 -6 8 -8 -4 11 -11 -1 -13 -14
right_child=-2 2 3 -5 5 -7 7 -9 -10 10 -12 12 13 -15
leaf_value=0.018445929226043802 -0.00050798739007713747 0.013606657939181033 0.0053823885726633405 0.017910786293889782 -0.010070020686466515 0.0074619829007292592 0.025893001709970234 0.0030695849254259167 -0.013108015193197977 -0.007648754071342012 0.0089056428055759324 0.0014443814892395872 -0.017185388631690401 -0.0029965209098724403
leaf_weight=52.407899007201195 6752.9580810666084 165.25361759960651 118.16337537765503 60.65906810760498 177.93182167410851 92.265330716967583 53.459871783852577 53.338812246918678 51.590927243232727 111.4144706428051 307.87059795111418 886.32270875573158 115.37658973038197 795.14227643609047
leaf_count=221 28666 700 501 261 775 390 233 223 216 471 1325 3689 475 3303
internal_value=1.85031e-05 0.00118714 0.00495662 0.00256633 0.000804873 -0.00407246 0.00556514 0.0147602 -0.000324328 -9.9984e-05 0.0044913 -0.00114471 -0.00173597 -0.00482819
internal_weight=9794.16 3041.2 772.663 607.409 546.75 270.197 276.553 106.799 169.754 2268.53 419.285 1849.25 1796.84 910.519
internal_count=41449 12783 3299 2599 2338 1165 1173 456 717 9484 1796 7688 7467 3778
is_linear=0
shrinkage=0.03


Tree=209
num_leaves=15
num_cat=0
split_feature=13 7 7 7 12 3 12 4 0 2 3 6 6 7
split_gain=5.53671 14.2051 25.2825 20.467 23.9838 30.814 19.3106 14.9411 11.1061 9.77911 14.0946 12.7142 23.7449 24.3338
threshold=0.0028729746760514101 1.342581377124356 1.5304985148039523 1.1968141765272027 -0.0090092313749809399 -0.0051985846213444716 -0.024636606960332205 -0.0029365358734119158 -0.00055437273643169072 -0.0042353903000219564 -0.0010501558797971764 0.00057971869808519599 0.00073343601475603251 0.83036995886086873
decision_type=2 2 2 2 2 2 2 2 2 2 2 2 2 2
left_child=1 3 -3 6 5 -5 -1 -8 -4 -9 11 -11 -13 -14
right_child=-2 2 8 4 -6 -7 7 9 -10 10 -12 12 13 -15
leaf_value=0.016904098169140493 -0.00047102519557401897 -0.011744206848665228 -0.0064537229296887091 0.012815549995639757 0.021300654084993757 -0.016752779075001119 -0.010695329635205543 0.0084422884079182383 0.011006423616253954 0.013351174917269674 0.0069609790174512106 -0.013907742987411053 0.005789844620807047 -0.0035683421932093235
leaf_weight=64.520037487149239 7453.459301918745 187.39157634973526 48.610823228955269 84.285223960876465 101.09100392460823 48.182217597961426 100.21794186532497 147.46033835411072 92.408292964100838 51.889185056090355 243.46251676976681 123.19550874829292 395.49800921976566 672.27735024690628
leaf_count=277 31666 797 214 357 421 200 412 610 386 214 1058 509 1648 2778
internal_value=-7.00021e-05 0.00119559 -0.00457547 0.00213185 0.0104475 0.00197149 0.00104156 0.000432539 0.00498164 0.00112738 0.000391283 -0.000904763 -0.00154722 -9.77781e-05
internal_weight=9813.95 2360.49 328.411 2032.08 233.558 132.467 1798.52 1734 141.019 1633.78 1486.32 1242.86 1190.97 1067.78
internal_count=41547 9881 1397 8484 978 557 7506 7229 600 6817 6207 5149 4935 4426
is_linear=0
shrinkage=0.03


Tree=210
num_leaves=15
num_cat=0
split_feature=12 11 3 10 18 18 3 6 3 12 3 16 12 3
split_gain=5.87814 9.48331 6.87592 21.3103 21.5599 17.0625 12.0164 21.0468 11.7972 10.7936 14.0047 11.5258 9.66481 9.17426
threshold=-0.00040292248559165017 74.613215342528022 0.011037507528460834 0.85589984634547378 8.8385731811623121 6.609046739363639 0.020957234065828948 0.0022428342829337159 0.013923984583523398 -0.058443834880997296 -0.023069011633617183 1.0000000180025095e-35 -0.003190454425926414 0.0078909792860787937
decision_type=2 2 2 8 2 2 2 2 2 2 2 2 2 2
left_child=2 -2 9 -4 5 6 7 8 12 -1 11 -11 -5 -12
right_child=1 -3 3 4 -6 -7 -8 -9 -10 10 13 -13 -14 -15
leaf_value=0.0080498298694039391 -0.001018414415031205 -0.014199752020695771 -0.016006091576646255 0.00075961620195629626 -0.011828348702820181 0.024334173687239263 0.014542871261522696 -0.01449897261188257 -0.001337096556242875 -0.022150856233235646 3.6507630888309254e-05 -0.00010107633086687568 0.017270933139246349 -0.0043344571323488705
leaf_weight=139.29549831151962 177.74002428352833 66.07095231115818 45.264494255185127 48.496054500341415 58.165348470211029 45.604249849915504 93.817747853696346 53.022506907582283 111.08136709034443 45.897292509675026 8357.7063027620316 38.506373390555382 92.351256921887398 453.73893815279007
leaf_count=599 740 275 208 200 259 193 524 241 468 251 35180 201 383 1883
internal_value=-9.61326e-05 -0.00467693 2.13644e-05 0.00327867 0.00507224 0.00732749 0.00527083 0.00234214 0.0059729 -0.000176808 -0.000307406 -0.0123266 0.011676 -0.000189505
internal_weight=9826.76 243.811 9582.95 547.803 502.539 444.373 398.769 304.951 251.929 9035.14 8895.85 84.4037 140.847 8811.45
internal_count=41605 1015 40590 2476 2268 2009 1816 1292 1051 38114 37515 452 583 37063
is_linear=0
shrinkage=0.03


Tree=211
num_leaves=15
num_cat=0
split_feature=3 5 10 3 10 3 3 6 6 12 7 7 4 6
split_gain=5.52889 8.43109 6.84624 6.93555 16.3926 9.0907 5.82728 15.3782 9.44038 14.0851 16.9846 16.2413 16.2191 10.8147
threshold=0.035709513196006355 0.015244638829850278 1.3001836629298877 -0.02868647751667552 0.96275439186037348 -0.023069011633617183 -0.00717886935671004 0.005934000967266556 0.00094428963009326333 -0.01293115011515694 0.70192974411447462 0.93680587842601037 -0.0015633540965394597 0.0010391612392218156
decision_type=2 2 10 2 10 2 2 2 2 2 2 2 2 2
left_child=1 2 3 4 -1 -5 8 -8 -7 10 -10 -11 -13 -12
right_child=-2 -3 -4 5 -6 6 7 -9 9 11 13 12 -14 -15
leaf_value=0.020249169797261716 -0.0082584242928090551 0.011880990347238716 -0.011079941723061256 -0.012110674961971541 -0.0045668070844341541 0.01117707228304116 -8.1129382681353594e-05 -0.013809184063975006 -0.012142203386302106 0.018969817218623768 -0.012913360990079845 -0.0097784539099546475 0.013125245561019159 0.002073272592972848
leaf_weight=46.920174047350883 69.967274621129036 52.251423239707947 47.7407046854496 53.473260313272476 45.767251238226891 92.508228361606598 8280.465757124126 72.097215414047241 95.929661095142365 77.666650250554085 44.209163069725037 56.807695344090462 50.835307836532593 697.9807148501277
leaf_count=218 328 240 209 308 202 387 34940 319 403 318 189 234 207 2929
internal_value=2.61608e-05 8.75159e-05 2.12948e-05 7.87098e-05 0.00815788 -1.62994e-06 6.92989e-05 -0.000202904 0.0021034 0.00126303 -0.000398213 0.00870051 0.00108012 0.00114828
internal_weight=9784.62 9714.65 9662.4 9614.66 92.6874 9521.97 9468.5 8352.56 1115.94 1023.43 838.12 185.31 107.643 742.19
internal_count=41431 41103 40863 40654 420 40234 39926 35259 4667 4280 3521 759 441 3118
is_linear=0
shrinkage=0.03


Tree=212
num_leaves=15
num_cat=0
split_feature=3 6 13 7 1 7 1 2 3 7 7 2 11 13
split_gain=5.85907 13.473 27.6555 24.9561 22.836 23.5444 20.1942 17.9864 18.0833 16.7959 16.2496 23.4609 30.4124 16.8335
threshold=-0.00012665413612311657 0.0015792732383533836 0.018471123976611662 0.97419619357346432 -0.0017662926409977018 1.6643964112181318 0.0020434581203481188 0.002619340932797299 0.011990310657913396 1.4449816426688435 1.1968141765272027 0.0017580342791120309 66.793667188579789 0.01018054684021308
decision_type=2 2 2 2 2 2 2 2 2 2 2 2 2 2
left_child=-1 2 4 -4 -2 6 10 9 -9 -3 -6 -12 13 -13
right_child=1 7 3 -5 5 -7 -8 8 -10 -11 11 12 -14 -15
leaf_value=-0.00075191115838614455 0.014699236065085851 0.00014964645671326893 -0.012389268633262429 0.0063568703000436164 0.0020112308721536866 0.02171341817058953 0.011228385901658878 -0.0093923321105041212 0.00057395718998634973 0.017100953960607068 -0.011659736916160386 0.0014962948927855731 -0.014464011069021843 0.020957867696591352
leaf_weight=4805.2569710984826 131.49220609664917 762.26799218356609 214.97825886309147 89.141913816332817 2401.3821832090616 51.703528851270676 184.6901840120554 396.16052398085594 278.06432715803385 54.50909236073494 203.57589016854763 103.35161782801151 67.877937391400337 63.606324821710587
leaf_count=20410 539 3228 935 373 10068 211 760 1674 1287 256 846 421 274 259
internal_value=-3.91436e-06 0.00071456 0.00172873 -0.00688888 0.00254955 0.002021 0.00167023 -0.00167326 -0.00529249 0.00131993 0.00104113 -0.00425754 0.0022036 0.00907093
internal_weight=9808.06 5002.8 3511.8 304.12 3207.68 3076.19 3024.48 1491 674.225 816.777 2839.79 438.412 234.836 166.958
internal_count=41541 21131 14686 1308 13378 12839 12628 6445 2961 3484 11868 1800 954 680
is_linear=0
shrinkage=0.03


Tree=213
num_leaves=15
num_cat=0
split_feature=4 3 18 12 7 16 3 7 12 3 13 3 12 18
split_gain=4.77118 8.54334 6.0182 9.81838 24.3671 20.3102 15.1264 8.77028 11.6511 8.73077 13.5773 7.87106 15.8849 8.81365
threshold=0.010516705161807584 0.028779830102581009 8.8592407822067347 -0.029737106884848593 1.0564268073444703 0.12940952255126045 -0.0014918679218655082 0.90084755775721559 -0.043711862297867436 0.018464164681019749 0.033367027417603674 -0.009000956803216385 -0.01293115011515694 6.6200398288102926
decision_type=2 2 2 2 2 2 2 2 2 2 2 2 2 2
left_child=1 2 3 4 6 -6 7 8 -1 11 -11 12 -5 -13
right_child=-2 -3 -4 9 5 -7 -8 -9 -10 10 -12 13 -14 -15
leaf_value=0.00033080173178810074 0.0074872477195324378 -0.010863781791548215 0.0068284111952208199 0.0019197703520990636 -0.026741729942773379 -0.0027592359832418604 -0.011921758334919295 -0.0054858990826580616 0.017541309970818725 0.021643864257744339 -0.0017792886945002878 -0.00023834566478260006 0.019545127730369628 0.010529292043280127
leaf_weight=72.886698514223099 74.843543842434883 62.924079582095146 114.64359451830387 524.32749700546265 65.412961542606354 61.09525079280138 62.85976904630661 52.607203543186188 66.979772955179214 40.979428671300411 45.648173503577709 8458.0919023305178 48.52310411632061 66.974150061607361
leaf_count=310 336 302 493 2238 323 287 277 226 277 258 224 35568 199 274
internal_value=4.12218e-05 -1.74961e-05 5.52312e-05 -2.7349e-05 -0.00472819 -0.0153829 0.000629363 0.00480887 0.00870374 0.000169073 0.00953948 7.77734e-05 0.00347553 -0.000151304
internal_weight=9818.8 9743.95 9681.03 9566.39 381.842 126.508 255.333 192.474 139.866 9184.54 86.6276 9097.92 572.851 8525.07
internal_count=41592 41256 40954 40461 1700 610 1090 813 587 38761 482 38279 2437 35842
is_linear=0
shrinkage=0.03


Tree=214
num_leaves=15
num_cat=0
split_feature=3 5 18 18 2 2 13 3 6 13 4 5 13 13
split_gain=6.02594 11.9072 10.2628 16.1386 10.1644 14.6674 17.471 13.2702 11.2167 22.308 17.5864 9.91459 18.9562 26.808
threshold=0.0071817310834617074 0.00092780190000840712 8.8483578187488714 6.5973426670993929 0.0011543216934428739 -0.00091819392215894402 0.019605594676835095 0.011457416537349304 0.0020032847684048703 0.016846741511940214 0.0027333061453626022 0.0020260819162601922 0.022738009892324777 0.014150207785127435
decision_type=2 2 2 2 2 2 2 2 2 2 2 2 2 2
left_child=11 -2 3 4 5 6 -3 8 9 10 -6 -1 13 -13
right_child=1 2 -4 -5 7 -7 -8 -9 -10 -11 -12 12 -14 -15
leaf_value=1.5728322177987494e-05 -0.01466366784443645 -0.017608417853583719 -0.013057651277716494 0.013986844281780771 -0.0034541932454175543 0.0089859868413872564 0.0073268140444463243 0.0017374287133038535 -0.01671249185251417 -0.013743692535457598 0.01366116704936401 0.0012951228194734989 -0.0094733815134158666 0.011794433957068303
leaf_weight=7257.150448679924 59.328049972653389 49.750033631920815 59.531371101737022 63.479936391115189 224.74564953148365 170.75444953888655 47.822606787085533 327.64032274484634 73.115311369299889 143.15395148098469 68.939260601997375 842.89833325147629 100.12138172984123 293.92490321397781
leaf_count=30784 254 203 267 269 915 721 227 1492 326 605 284 3455 428 1225
internal_value=0.000149099 -0.00176121 -0.00111551 -0.000486313 -0.00134082 0.00372206 -0.00548539 -0.00296774 -0.00598574 -0.00412238 0.000628675 0.000439173 0.00291948 0.00402566
internal_weight=9782.36 1288.26 1228.93 1169.4 1105.92 268.327 97.5726 837.594 509.954 436.839 293.685 8494.1 1236.94 1136.82
internal_count=41455 5563 5309 5042 4773 1151 430 3622 2130 1804 1199 35892 5108 4680
is_linear=0
shrinkage=0.03


Tree=215
num_leaves=15
num_cat=0
split_feature=11 17 5 18 18 3 12 6 11 12 18 18 6 3
split_gain=5.60657 10.5822 5.40644 16.4932 14.3077 13.9416 15.3523 12.8509 12.6963 14.0601 11.8745 25.5329 28.3929 24.5145
threshold=22.100191142132946 -0.12940952255126037 -0.0027533913577524323 8.8503841980143338 6.6521976649907169 -0.0077453729496484705 -0.013219935839605955 0.0014528059637793644 35.796118773734023 -0.0088468367640457939 8.8503841980143338 6.5973426670993929 0.0027307240018005366 0.02540090124113448
decision_type=2 2 2 2 2 2 2 2 2 2 2 2 2 2
left_child=1 -1 3 4 -2 6 7 -4 9 -7 11 12 -10 -14
right_child=2 -3 5 -5 -6 8 -8 -9 10 -11 -12 -13 13 -15
leaf_value=-0.0015207152226403362 -0.0015210014848429999 0.016822158522948379 0.013038278961442258 0.01259814762913004 -0.015679297615042675 0.017818891589301247 0.021675607407720149 -0.0055200193540587373 0.00012578818449823521 0.0025371809516136572 -0.01144619606502041 0.014053713713799616 -0.022752540444810135 0.0038951075133973239
leaf_weight=62.073768213391304 1515.7977974414825 49.575391247868538 59.004260778427124 69.612930983304977 65.125773444771767 70.334280416369438 53.797573298215866 72.934766486287117 7201.4814689457417 219.50773265957832 79.190306350588799 114.00413340330124 88.585213229060173 46.50115105509758
leaf_count=274 6478 212 246 301 278 294 219 299 30403 933 348 478 398 219
internal_value=0.000152349 0.00677675 7.43647e-05 -0.00148794 -0.00212332 0.00039677 0.00847568 0.00285017 0.000202756 0.00634221 -3.51903e-05 8.91337e-05 -0.000131635 -0.0136565
internal_weight=9767.53 111.649 9655.88 1650.54 1580.92 8005.34 185.737 131.939 7819.6 289.842 7529.76 7450.57 7336.57 135.086
internal_count=41380 486 40894 7057 6756 33837 764 545 33073 1227 31846 31498 31020 617
is_linear=0
shrinkage=0.03


Tree=216
num_leaves=15
num_cat=0
split_feature=3 7 13 13 7 13 7 16 5 6 6 7 6 2
split_gain=6.18911 16.637 39.6566 29.2821 19.2934 19.0181 18.8785 18.7429 18.0336 16.875 29.016 30.5832 21.3467 31.747
threshold=0.00035441896863037953 1.1968141765272027 0.010079262451360373 0.07002465038906204 1.4334428576997758 0.0091026140445013021 1.1553068399948498 -0.25881904510252113 0.0063089952888965026 0.00080593323977243313 0.00062921953508671168 0.81578161905400381 0.0010228252316418684 -0.00043917867676324102
decision_type=2 2 2 2 2 2 2 2 2 2 2 2 2 2
left_child=-1 3 4 5 7 9 8 -3 -7 10 -2 -12 13 -11
right_child=1 2 -4 -5 -6 6 -8 -9 -10 12 11 -13 -14 -15
leaf_value=-0.00075678066916842735 0.00080263448399160416 -0.021736860787885379 0.0023652777617366853 -0.01815090439489439 0.00084419384905604468 -0.0011655160801790844 0.013388979027669 -0.0069823068431862428 0.0091258602915797963 0.0097894720831993957 0.0025395579737300072 0.02824581435905529 0.0059049574887647272 -0.0089820729696655846
leaf_weight=5112.5146574750543 145.99992913007736 133.53942988812923 615.79200950264931 63.569271430373192 120.42421798408031 1871.7039677500725 92.543054610490799 187.8422591984272 164.89416685700417 117.91190013289452 66.358018666505814 111.84669670462608 741.32375526428223 248.8909634500742
leaf_count=21728 652 550 2684 326 490 7791 385 777 697 491 281 474 3109 1048
internal_value=-3.52205e-05 0.000752567 -0.00255487 0.00171838 -0.00939237 0.00208302 0.000283912 -0.0132096 -0.000324134 0.00475325 0.0107542 0.018808 0.00298133 -0.00292744
internal_weight=9795.15 4682.64 1057.6 3625.04 441.806 3561.47 2129.14 321.382 2036.6 1432.33 324.205 178.205 1108.13 366.803
internal_count=41483 19755 4501 15254 1817 14928 8873 1327 8488 6055 1407 755 4648 1539
is_linear=0
shrinkage=0.03


Tree=217
num_leaves=15
num_cat=0
split_feature=5 12 13 12 12 6 7 7 7 12 6 4 7 12
split_gain=6.08791 14.9576 11.8391 11.2633 13.7072 15.6822 11.2469 12.2113 10.4874 20.3296 17.7443 9.76703 11.7764 25.7817
threshold=-0.00074687329883504894 -0.0046471265882288551 0.0028209295055390275 -0.011755877056656537 -0.013647460255229281 0.0016032988498710192 0.96840368748829742 1.1121230973829346 0.95181688204797255 -0.0047047477528033279 0.00080593323977243313 0.00023745269619690482 0.98445237752738624 -0.021616861201805723
decision_type=2 2 2 2 2 2 2 2 2 2 2 2 2 2
left_child=1 11 8 4 6 -6 -4 -8 9 -2 -10 12 13 -1
right_child=2 -3 3 -5 5 -7 7 -9 10 -11 -12 -13 -14 -15
leaf_value=0.0067531842366905306 0.01056195093493612 -0.010602930762252194 0.0050330407585475103 -0.00025359842352987795 0.021226866587277366 0.0010035149135588417 -0.015816770768696999 0.004213355833549857 0.023480510043190697 -0.012555545522608813 0.0012827255271700819 -0.0060734756733741646 0.0015359691222761407 -0.0034688066649685464
leaf_weight=258.1601015329361 78.906291931867599 141.2413709461689 226.25904290378094 5196.2577711120248 77.432268440723419 61.387363716959953 57.740946754813194 49.339149922132492 64.919795274734497 57.358909264206886 63.322608634829521 281.62058432400227 1658.717074714601 1518.0883337706327
leaf_count=1093 344 625 992 21979 336 261 251 212 287 239 268 1181 7021 6412
internal_value=-0.000162415 -0.00108982 0.000440785 0.000150196 0.00457641 0.0124252 0.00125317 -0.00667948 0.00662025 0.000790111 0.0127079 -0.000722784 -0.000280821 -0.00197722
internal_weight=9790.75 3857.83 5932.92 5668.42 472.159 138.82 333.339 107.08 264.508 136.265 128.242 3716.59 3434.97 1776.25
internal_count=41501 16332 25169 24031 2052 597 1455 463 1138 583 555 15707 14526 7505
is_linear=0
shrinkage=0.03


Tree=218
num_leaves=15
num_cat=0
split_feature=5 12 13 2 6 7 12 6 6 13 3 2 6 6
split_gain=6.52691 17.1837 15.4357 13.6687 10.8878 12.8256 27.9632 27.7574 38.8028 23.2292 39.1259 38.4579 25.9027 25.4539
threshold=-3.0163141021388725e-05 -0.0032892641436735866 0.0028729746760514101 -0.00078739148922862812 0.00054926195565170599 0.9608335451012715 -0.0090092313749809399 0.00099137931948155224 0.00075144251973040135 0.0066642780126536802 -0.0027332470423602202 -0.00094906076862671929 0.00099536972882641379 0.0022044060557587408
decision_type=2 2 2 2 2 2 2 2 2 2 2 2 2 2
left_child=1 4 -2 -3 -1 6 9 8 -8 10 11 -6 -13 -11
right_child=2 3 -4 -5 5 -7 7 -9 -10 13 -12 12 -14 -15
leaf_value=0.012441247394330231 0.014450666406239548 -0.0029119749189310106 0.0005564049536868679 -0.023440890391971086 0.0036663937375016808 0.00090265482456420014 -0.015681026066421903 -0.011609725170856533 0.005880843022264025 -0.014444171940483348 0.012426591485828049 -0.020725286764657822 -0.0028644583310850364 0.0025204460427872039
leaf_weight=55.773786649107933 71.043485626578331 66.814717009663582 4880.8783464208245 50.762669324874878 609.28828997910023 2342.5525089874864 104.36651654541492 455.82178689539433 253.68074291944504 178.37719501554966 257.02694098651409 110.92675952613354 209.3284717053175 141.54853935539722
leaf_count=244 315 310 20654 232 2561 9885 458 1959 1084 769 1084 470 865 605
internal_value=-3.93635e-06 -0.000787662 0.000761495 -0.0120189 -0.000502836 -0.000662929 -0.0022429 -0.00671615 -0.000456378 0.000179431 0.00211537 -0.000756333 -0.00914114 -0.00696929
internal_weight=9788.19 4836.27 4951.92 117.577 4718.69 4662.92 2320.37 813.869 358.047 1506.5 1186.57 929.544 320.255 319.926
internal_count=41495 20526 20969 542 19984 19740 9855 3501 1542 6354 4980 3896 1335 1374
is_linear=0
shrinkage=0.03


Tree=219
num_leaves=15
num_cat=0
split_feature=5 12 12 3 16 13 6 7 12 4 5 13 4 3
split_gain=5.97115 16.6205 11.1458 17.8108 12.0735 10.6198 10.1883 10.5539 20.5758 17.5783 23.9134 22.7319 13.2195 13.0152
threshold=-3.0163141021388725e-05 -0.003001152570571985 -0.058443834880997296 -0.023069011633617183 -1.0000000180025095e-35 0.0028209295055390275 0.00053071458991965268 0.69905431346007463 -0.01731834753256389 -0.0003195419020849965 -0.00077305258541693334 0.0064724152151202094 0.0011469914791004678 -0.0041629045143339862
decision_type=2 2 2 2 2 2 2 2 2 2 2 2 2 2
left_child=1 2 -1 4 -4 -2 -5 8 -8 10 11 13 -9 -10
right_child=5 -3 3 6 -6 -7 7 12 9 -11 -12 -13 -14 -15
leaf_value=0.0082506579349402292 0.012737201564152379 -0.014589219944329237 -0.025409897463580959 0.012914782617629581 -0.002446334515643544 0.00068513856337676208 0.0073581313152342879 0.00025593476299463176 -0.0092506935826883307 -0.014901954796395602 0.012362798174750509 -0.021927702651987489 -0.012646414259370379 0.0060449246756559445
leaf_weight=128.06888198852539 64.710941955447197 73.59705638885498 41.194518707692623 49.128552094101906 40.304908901453018 4879.1125715076923 110.90362773835659 3856.8493666872382 101.12305647134781 161.6003851890564 70.909855410456657 66.515727519989014 70.817914426326752 95.424596756696701
leaf_count=556 288 348 232 215 216 20646 467 16178 436 689 313 312 291 402
internal_value=0.000113829 -0.000632036 -0.000411719 -0.000652974 -0.0143841 0.000847978 -0.000402642 -0.00055257 -0.00422902 -0.00684125 -0.0028754 -0.00704521 1.69806e-05 -0.00183853
internal_weight=9810.26 4866.44 4792.84 4664.77 81.4994 4943.82 4583.27 4534.14 606.477 495.574 333.973 263.063 3927.67 196.548
internal_count=41589 20655 20307 19751 448 20934 19303 19088 2619 2152 1463 1150 16469 838
is_linear=0
shrinkage=0.03


Tree=220
num_leaves=15
num_cat=0
split_feature=13 12 6 4 3 3 13 2 6 3 13 11 16 3
split_gain=4.53123 4.84426 19.3138 19.0032 26.2939 15.5561 13.0426 20.1614 25.9359 9.75867 8.97461 10.242 8.22964 9.97198
threshold=0.00016352802606856012 -0.012639781959943584 0.0010308450851443296 -0.0011253193126481984 -0.0022009422472154968 -0.0065256518750794208 0.0023447896422176266 -0.0023851749052354178 0.0013508669857657753 -0.0020801052717979158 0.0005645705576672323 38.771950929781703 0.25881904510252091 0.018464164681019749
decision_type=2 2 2 2 2 2 2 2 2 2 2 2 2 2
left_child=-1 2 3 -2 5 -5 7 8 9 10 -3 -12 13 -8
right_child=1 6 -4 4 -6 -7 12 -9 -10 -11 11 -13 -14 -15
leaf_value=0.0064485885796791301 0.0031143622613389226 0.0062398771221658395 -0.00027718387513466988 -0.0073819247894288918 0.0047998955352401649 -0.026283101409861467 0.00029583657380158188 0.0062509083913858503 0.011722179570076213 -0.018425820652420596 -0.01111903260019075 0.0045826033704846119 -0.0016318727949984348 0.010263274640117252
leaf_weight=91.046820312738419 92.006322622299194 57.390672475099564 1826.7489783838391 66.919174313545227 55.225725680589676 100.21321380138397 3729.4207552075386 694.89872333407402 89.668138682842255 49.447147712111473 143.42085693776608 49.066445797681808 2673.9734481796622 90.5824970677495
leaf_count=383 398 237 7861 292 236 438 15670 2885 368 202 593 201 11366 482
internal_value=-0.000140329 -0.000203368 -0.00146268 -0.00830621 -0.0130174 -0.0188919 0.000152741 0.003196 -0.00226535 -0.00650556 -0.00401913 -0.0071106 -0.000356029 0.000537438
internal_weight=9810.03 9718.98 2141.11 314.364 222.358 167.132 7577.87 1083.89 388.993 299.325 249.878 192.487 6493.98 3820
internal_count=41612 41229 9225 1364 966 730 32004 4486 1601 1233 1031 794 27518 16152
is_linear=0
shrinkage=0.03


Tree=221
num_leaves=15
num_cat=0
split_feature=2 6 6 3 6 7 13 11 4 10 3 1 13 11
split_gain=6.56722 27.1757 14.0966 34.2035 16.9207 23.634 23.7225 29.0282 22.8897 20.1489 21.2251 17.6013 18.8168 16.543
threshold=0.0028138507887555679 0.00079288753756834014 0.0010266939965058945 0.0029582284360735738 0.0016690292434136448 1.342581377124356 0.022738009892324777 59.967182152036351 0.0027333061453626022 0.84907670338107011 0.015601650784720091 0.00099484603887192735 0.011062426540376371 69.860027901863702
decision_type=2 2 2 2 2 2 2 2 2 8 2 2 2 2
left_child=-1 -2 3 -3 5 6 7 -4 13 -6 11 -11 -13 -9
right_child=1 2 4 -5 9 -7 -8 8 -10 10 -12 12 -14 -15
leaf_value=0.00041084396867383525 0.018042841873745056 -0.02480626670147322 0.010321723618151422 -0.0011366421056777235 0.010800174683944 0.011640606630779208 -0.019984863248224596 -0.0048497001819918567 0.0066595196279985299 -0.014592557487097592 0.0025153828990650082 0.010630218271062001 -0.0088170355505850645 -0.023409679766765983
leaf_weight=7884.8297774046659 59.585233092308044 79.426870793104172 196.5165064483881 169.58357210457325 67.978156074881554 169.93016256392002 51.501923024654388 245.92238286137581 134.72924630343914 265.08118008077145 182.5713921263814 62.512811750173569 144.86105991899967 50.9133340716362
leaf_count=33449 246 331 817 695 294 698 221 1017 553 1133 880 262 619 209
internal_value=3.07894e-05 -0.00156098 -0.00222134 -0.00882404 -0.00116592 0.00170366 -0.00080794 0.000822989 -0.00353 -0.004533 -0.0061523 -0.00949825 -0.00290912 -0.00816848
internal_weight=9765.94 1881.11 1821.53 249.01 1572.52 849.514 679.583 628.081 431.565 723.005 655.026 472.455 207.374 296.836
internal_count=41424 7975 7729 1026 6703 3515 2817 2596 1779 3188 2894 2014 881 1226
is_linear=0
shrinkage=0.03


Tree=222
num_leaves=15
num_cat=0
split_feature=3 5 2 3 1 1 13 13 3 10 6 6 18 13
split_gain=5.05273 15.4048 15.4645 12.3549 18.6117 17.303 11.0642 27.1006 19.3325 19.0945 15.7468 11.6547 10.3043 9.33947
threshold=0.0073164060335487316 0.001618255522045309 0.0010167104445666932 0.011457416537349304 0.00093290994080829249 -0.00067356066739016052 0.017361310193643512 0.013989475055579572 0.0011077957656872586 0.87917256671714894 0.0013109187712180819 0.001127583609637488 8.8376914173910883 0.014615433484965192
decision_type=2 2 2 2 2 2 2 2 2 8 2 2 2 2
left_child=6 -2 -3 4 5 -4 7 -1 10 -8 -9 -10 -5 -6
right_child=1 2 3 12 13 -7 9 8 11 -11 -12 -13 -14 -15
leaf_value=-6.6748697669082003e-05 -0.013301362810089524 0.0056845122861661898 0.0014269108543395726 0.0027802803583035114 0.0088406075340423072 -0.01507864221264605 0.0075070422772864041 -0.01568086284983192 0.019107052515565631 -0.0071051583760814042 0.0063889519835242103 0.0067381467074618248 -0.011756389829534745 -0.004210914642286674
leaf_weight=7651.6310225054622 97.55718144774437 243.54233870655298 76.936358138918877 363.51239605247974 80.472852900624275 216.79228450357914 98.498862713575363 45.722432732582092 121.46051453053951 406.42907294631004 72.682381257414818 162.19535119831562 47.888087168335915 120.92341451346874
leaf_count=32320 410 1059 322 1652 335 902 417 211 500 1736 325 673 215 510
internal_value=-0.000197581 -0.00197955 -0.000997731 -0.00280151 -0.00598434 -0.0107749 6.25864e-05 0.000333091 0.00790513 -0.00423631 -0.00225229 0.0121312 0.00103948 0.00103979
internal_weight=9806.24 1247.62 1150.07 906.525 495.125 293.729 8558.62 8053.69 402.061 504.928 118.405 283.656 411.4 201.396
internal_count=41587 5405 4995 3936 2069 1224 36182 34029 1709 2153 536 1173 1867 845
is_linear=0
shrinkage=0.03


Tree=223
num_leaves=15
num_cat=0
split_feature=5 12 12 12 3 12 3 7 11 12 3 12 12 3
split_gain=6.25999 12.7364 11.038 13.5356 12.0134 14.9775 14.4689 9.72266 11.8449 12.1819 22.2273 9.6852 14.7307 13.5497
threshold=-0.00035245951643519952 -0.0036924809857648007 -0.011509955169434536 -0.040790760127714369 0.0070333555364571207 -0.013090493867678186 0.023088450478749859 0.69905431346007463 52.583765898384108 -0.0098778054454072822 -0.0074659414474645405 -0.017572914943178027 -0.012007518237278412 -0.0042452262213945593
decision_type=2 2 2 2 2 2 2 2 2 2 2 2 2 2
left_child=1 7 3 -2 5 -5 -6 11 -9 10 -10 -1 13 -13
right_child=2 -3 -4 4 6 -7 -8 8 9 -11 -12 12 -14 -15
leaf_value=0.0034323471958143306 -0.0082930540736137048 -0.01103018220668834 0.00039487768777359932 0.0057928974198937317 -0.012159379485692521 0.020819697584453324 0.010426387209829519 0.00047779756466719101 0.0023500502719596182 0.0042664283922142282 -0.021142587205096559 -0.018995984390169154 -0.0019249424735296359 7.2774920268157554e-05
leaf_weight=115.06704589724541 54.978439286351204 103.45347049832344 4949.9417906403542 190.22933951020241 52.193702593445778 86.684488192200661 46.292794540524483 3535.7297392860055 61.013582035899162 61.502979919314384 85.992828905582428 113.04824195802212 262.58319644629955 47.314559891819954
leaf_count=484 230 464 20952 844 229 374 209 14937 256 256 356 499 1139 203
internal_value=0.000110954 -0.000730129 0.00079657 0.00539338 0.00743112 0.0106124 -0.0015469 -0.00047626 6.64503e-05 -0.00684711 -0.0114915 -0.00423945 -0.00633298 -0.0134382
internal_weight=9766.03 4385.71 5380.32 430.379 375.4 276.914 98.4865 4282.25 3744.24 208.509 147.006 538.013 422.946 160.363
internal_count=41432 18594 22838 1886 1656 1218 438 18130 15805 868 612 2325 1841 702
is_linear=0
shrinkage=0.03


Tree=224
num_leaves=15
num_cat=0
split_feature=5 12 13 4 13 13 13 5 3 13 13 6 4 4
split_gain=4.63893 11.5106 15.6824 17.9885 11.8562 10.6733 13.1754 13.1551 8.59963 13.1513 8.87648 10.6174 11.8704 16.6343
threshold=-0.00059938800742048704 -0.011876018186187274 0.00941694238323121 0.00076606275765633846 0.056539713012860544 0.013989475055579572 0.026562477411220312 0.010087682819402978 0.020957234065828948 0.038016351125687138 0.0037608158203888968 0.0012093941054054703 -0.00033332113392592339 0.00064856121259393451
decision_type=2 2 2 2 2 2 2 2 2 2 2 2 2 2
left_child=-1 2 3 -2 8 -4 -7 -8 10 -10 11 12 -3 -14
right_child=1 4 5 -5 -6 6 7 -9 9 -11 -12 -13 13 -15
leaf_value=-0.00091281653106407845 0.022665957861751834 0.015974144732985088 -0.01240079461884799 0.0040903868469202099 -0.012718668553197065 0.016748870035311891 -0.0075821043738300712 0.010108682901502066 0.022490363686525811 -0.0028935733701071029 -0.00037417548020622307 0.016597662532288039 -0.0029357088938298825 0.011413360798707693
leaf_weight=4071.454081684351 74.95963317155838 48.765980422496796 48.005843117833138 123.11182028055191 62.975672394037247 46.38552637398243 101.32595379650593 57.701348096132278 36.4077403023839 34.431696608662605 4655.5918453782797 50.658877283334732 297.38384999334812 94.039869546890259
leaf_count=17259 340 210 203 547 298 193 438 255 249 165 19526 213 1291 399
internal_value=-0.000138744 0.000411232 0.00499787 0.0112766 1.73064e-05 4.05786e-05 0.00303972 -0.00111736 0.000175852 0.0104118 3.09675e-05 0.00385959 0.00232519 0.000552163
internal_weight=9803.2 5731.75 451.49 198.071 5280.26 253.419 205.413 159.027 5217.28 70.8394 5146.44 490.849 440.19 391.424
internal_count=41586 24327 1976 887 22351 1089 886 693 22053 414 21639 2113 1900 1690
is_linear=0
shrinkage=0.03


Tree=225
num_leaves=15
num_cat=0
split_feature=12 7 6 11 5 6 6 12 13 13 6 12 6 13
split_gain=4.38185 17.616 32.0583 29.0811 21.6665 14.9842 12.9715 41.5683 18.2395 13.2239 18.3476 12.9527 19.2104 49.3567
threshold=-0.0049276649770676464 0.78114273256721889 0.0012244638271057505 68.241579086745915 0.0044345278346811243 0.00057971869808519599 0.00064101596035448397 -0.0028558933358846512 0.003923365200665275 0.0025312358552881391 0.00079288753756834014 -0.002127512447394508 0.00069283573236881104 0.014459583779398046
decision_type=2 2 2 2 2 2 2 2 2 2 2 2 2 2
left_child=5 2 3 11 -4 -1 7 -3 -9 -8 -11 -2 -13 -14
right_child=1 6 4 -5 -6 -7 9 8 -10 10 -12 12 13 -15
leaf_value=0.016473687938596417 0.00069456284860966336 0.0084262554561105197 -0.018513826417732183 0.018799993798158918 0.0035966507265640358 0.00037363621807670654 -0.011337843968628082 -0.0057262281621859963 -0.028874028261845756 0.0095439493912389279 0.00046074604768810363 0.008120735368683539 -0.026220103931156237 0.0064579701506960237
leaf_weight=50.491567775607109 324.10151049494743 91.713852539658546 188.04510459303856 58.597045466303825 49.744559839367867 5892.7596423178911 76.02397409081459 59.375667259097099 64.113894179463387 215.62609472870827 2494.8582409396768 46.381863385438919 103.27344651520252 67.681721910834312
leaf_count=222 1406 402 802 243 211 24967 315 269 288 929 10511 204 449 292
internal_value=5.64634e-06 -0.000784055 -0.00462479 -0.000916324 -0.013897 0.000515912 0.00029032 -0.00677139 -0.0180129 0.000840165 0.00118984 -0.00311145 -0.00874172 -0.0133577
internal_weight=9782.79 3839.54 837.825 600.036 237.79 5943.25 3001.71 215.203 123.49 2786.51 2710.48 541.439 217.337 170.955
internal_count=41510 16321 3607 2594 1013 25189 12714 959 557 11755 11440 2351 945 741
is_linear=0
shrinkage=0.03


Tree=226
num_leaves=15
num_cat=0
split_feature=5 6 13 7 13 3 13 6 6 7 4 12 0 3
split_gain=5.61486 15.5854 22.4004 33.9169 32.902 20.3791 19.9518 18.9236 38.8403 33.4196 20.5632 18.8522 18.0171 17.686
threshold=0.00043948838560547992 0.0016690292434136448 0.019605594676835095 1.0298083163194078 0.010079262451360373 0.0021412170165826532 0.021144185280087772 0.0034733181814937033 0.0019645768802103963 1.2079225719136741 0.0011049257878134047 -0.00246922906629865 -0.0010029013738201973 0.0092466447680572567
decision_type=2 2 2 2 2 2 2 2 2 2 2 2 2 2
left_child=-1 6 3 4 -3 -6 12 8 -4 -9 -10 -8 -2 -5
right_child=1 2 7 13 5 -7 11 9 10 -11 -12 -13 -14 -15
leaf_value=-0.00056699600215929147 0.016023161170068863 0.013474423299871148 -0.0053294981357311401 -0.008267603191241155 0.010252033291134678 -0.012500831360992568 0.0030170816749953613 -0.0082006205019073911 0.036552774142320464 0.018420006521641143 0.011089793370518087 -0.015159922870013611 0.0022036366699985351 -0.024688976033323918
leaf_weight=5501.121050350368 85.598452344536781 126.65352866053581 96.910723231732845 308.43004974722862 46.750171571969986 129.79215873777866 92.076301127672195 204.75112928450108 41.562589444220066 51.440396249294281 91.304653435945511 112.52243572473526 2839.3118200302124 72.380410939455032
leaf_count=23401 354 527 419 1294 197 550 386 911 203 223 458 503 11837 327
internal_value=6.77354e-05 0.00087975 -0.00207195 -0.0055642 0.00191945 -0.0064283 0.00198387 0.00284609 0.00906004 -0.00275422 0.0194789 -0.00702964 0.00261874 -0.0115015
internal_weight=9800.61 4299.48 1169.98 684.006 303.196 176.542 3129.51 485.969 229.778 256.192 132.867 204.599 2924.91 380.81
internal_count=41590 18189 5109 2895 1274 747 13080 2214 1080 1134 661 889 12191 1621
is_linear=0
shrinkage=0.03


Tree=227
num_leaves=15
num_cat=0
split_feature=0 16 1 13 16 5 3 2 12 5 13 2 13 3
split_gain=4.41871 13.253 11.8852 10.4144 8.82628 7.80756 12.1497 10.3997 9.14609 16.4928 11.8472 10.0999 9.4781 13.7958
threshold=-0.00023262566514464092 -0.70710678118654735 -0.00073474326072300378 0.014150207785127435 -0.9159756150367534 -8.4187206915720112e-05 0.00082229928805027674 -0.0032874908085690764 -0.0021694956656732596 0.001288610489043829 0.0086325512819961387 0.0018273984893755061 0.0081163154084329409 0.00024321672811578046
decision_type=2 2 2 2 2 2 2 2 2 2 2 2 2 2
left_child=1 2 3 -1 -4 6 -2 -8 11 10 -10 12 13 -7
right_child=5 -3 4 -5 -6 8 7 -9 9 -11 -12 -13 -14 -15
leaf_value=0.0120918249647277 -0.00079841130468839502 8.5637076627074972e-05 -0.0031260198358053271 -0.00256453156904468 0.0055564014360685986 0.00040124055532091965 0.0022172562732139661 -0.011098642612835694 -0.0051492713344817864 4.4100578408374488e-05 -0.02281188882722969 -0.00041685513352721299 0.0011854887344241341 0.0098978224300946393
leaf_weight=234.60657681524754 2638.2721547558904 2543.1287959814072 196.62304932624102 52.73459155857563 222.72122900933027 218.37007969617844 71.508112281560898 193.46003496646881 141.63057842850685 1200.3930875062943 43.846624821424484 993.20479429513216 673.03729781508446 371.37224334478378
leaf_count=983 11217 10824 837 234 948 927 298 814 645 5009 209 4216 2848 1578
internal_value=0.000192809 0.00109672 0.00472477 0.00940287 0.00148985 -0.000256206 -0.00141619 -0.00751533 0.000668789 -0.00124825 -0.00952351 0.00184651 0.00362454 0.00639466
internal_weight=9794.91 3249.81 706.685 287.341 419.344 6545.1 2903.24 264.968 3641.85 1385.87 185.477 2255.98 1262.78 589.742
internal_count=41587 13826 3002 1217 1785 27761 12329 1112 15432 5863 854 9569 5353 2505
is_linear=0
shrinkage=0.03


Tree=228
num_leaves=15
num_cat=0
split_feature=12 5 13 7 13 6 6 12 2 6 13 7 6 11
split_gain=5.82904 19.8738 12.6206 12.3455 14.7166 14.7405 28.0525 16.3841 22.1814 17.4438 12.337 11.4201 25.7861 14.4313
threshold=-0.0051447543389558361 0.00043948838560547992 0.012040672293540335 1.3674832446897234 0.021144185280087772 0.00094953333277577321 0.0011360788025551918 -0.022809788436898789 -0.0057560719090329884 0.0016224706885841005 0.0014873297875179772 0.83036995886086873 0.00099137931948155224 48.62688610424172
decision_type=2 2 2 2 2 2 2 2 2 2 2 2 2 2
left_child=3 2 10 -1 5 -5 -7 -8 9 -9 -2 12 13 -12
right_child=1 -3 -4 4 -6 6 7 8 -10 -11 11 -13 -14 -15
leaf_value=0.0012152117203293401 -0.017564241749960258 0.0003837954972598741 -0.017260184491863961 0.01184321827151451 0.012566165679993083 -0.023926782468782326 -0.016099163252108202 -0.0041586954054090618 -0.0055873723571313351 0.017419994073445324 0.0047745498086575796 -0.00046392821210760525 -0.022921550526517911 -0.014550900904306161
leaf_weight=5113.5069757029414 51.821790769696236 3074.3097330704331 64.271345481276512 44.950534388422966 48.013320371508598 64.96238599717617 74.14491006731987 54.919915854930878 299.58458533138037 82.740951463580132 106.83986575901508 578.81008021533489 72.226442858576775 49.129299208521843
leaf_count=21572 215 12958 302 188 254 272 413 224 1234 346 484 2519 320 220
internal_value=0.00010464 -0.000776034 -0.00463123 0.000713469 -0.00311199 -0.00436001 -0.00566031 -0.00325573 -0.00101445 0.00887489 -0.00364823 -0.0027134 -0.0083655 -0.00142
internal_weight=9780.23 3997.41 923.099 5782.82 669.317 621.303 576.353 511.39 437.245 137.661 858.827 807.006 228.196 155.969
internal_count=41521 17018 4060 24503 2931 2677 2489 2217 1804 570 3758 3543 1024 704
is_linear=0
shrinkage=0.03


Tree=229
num_leaves=15
num_cat=0
split_feature=4 3 3 18 3 10 16 16 12 4 6 7 11 7
split_gain=5.22713 7.16329 5.98205 8.1478 8.30545 28.7939 11.6311 7.49401 6.33397 5.46434 20.1006 18.8934 16.9401 8.4199
threshold=0.010516705161807584 0.028779830102581009 0.020957234065828948 8.8354865853389999 -0.02091232504500384 0.96275439186037348 -1.0000000180025095e-35 1.0000000180025095e-35 -0.043711862297867436 -0.0037223594606218264 0.001905436848521722 1.033334130647239 28.16463602920653 1.1198312090198221
decision_type=2 2 2 2 2 8 2 2 2 2 2 2 2 2
left_child=1 2 3 4 5 -1 -7 -4 -5 10 -6 -12 13 -11
right_child=-2 -3 7 8 9 6 -8 -9 -10 12 11 -13 -14 -15
leaf_value=0.010892668729541212 0.0078095794834584569 -0.0097337283594875253 0.017286713390566078 0.014968015059767184 -0.012627137358348394 -0.027110622466900287 -0.0063957921765186694 -0.0014685028991633226 0.0014559956122133619 0.0046141815057073252 -0.010476246246649404 0.013140890274922355 -7.4350035697518961e-05 0.01823096972990082
leaf_weight=51.305424720048904 75.385507836937904 65.825516849756241 38.384080313146114 54.915083378553391 127.61918094754219 46.199461758136749 52.719990350306034 35.956362098455429 70.240267008543015 133.83995567262173 47.467829585075378 77.865495532751083 8873.5547354072332 58.197630420327187
leaf_count=225 342 319 220 239 525 268 296 202 293 563 204 329 37390 241
internal_value=4.34648e-05 -1.82717e-05 4.98746e-05 -1.66809e-05 -0.000117958 -0.00706886 -0.016416 0.00841453 0.00752691 -4.40951e-06 -0.00433592 0.00417225 0.00011738 0.00888617
internal_weight=9809.48 9734.09 9668.27 9593.93 9468.77 150.225 98.9195 74.3404 125.155 9318.54 252.953 125.333 9065.59 192.038
internal_count=41656 41314 40995 40573 40041 789 564 422 532 39252 1058 533 38194 804
is_linear=0
shrinkage=0.03


Tree=230
num_leaves=15
num_cat=0
split_feature=5 12 11 6 2 2 6 12 17 5 2 4 2 3
split_gain=4.39334 11.8576 34.3063 20.4245 28.4145 26.6073 21.5318 14.7203 14.0506 13.8701 16.4539 15.0081 13.6769 13.394
threshold=-0.0024535748924252583 -0.0080404642929551278 43.752425341510637 0.0010587418969118863 -0.001387522793335094 0.0013129614965099459 0.0023412377096970263 -0.013363129390303595 1.0000000180025095e-35 0.001288610489043829 0.0029914710425231477 -0.00014504938739062775 -0.00062559334261588068 -0.0033312932570849769
decision_type=2 2 2 2 2 2 2 2 2 2 2 2 2 2
left_child=-1 2 -2 5 -5 7 -6 -4 -7 10 -3 -11 -9 -14
right_child=1 9 3 4 6 8 -8 12 -10 11 -12 -13 13 -15
leaf_value=-0.0013387787751680191 0.0095878637728900699 -0.0016335108718282085 -0.011211843805372429 -0.0069476466310319316 0.0066317501666200837 -0.025421339235187426 -0.0035002600090489546 0.01379535869239785 -0.0067355304544908659 0.010139271764600666 -0.016848854354198993 0.00046982910056388535 -0.01251797711113147 0.005563474734391732
leaf_weight=1985.8645969107747 439.07297056913376 2717.9484117031097 78.541631236672401 248.81838599592447 811.73218373209238 68.295724600553513 244.39265608042479 77.103885218501091 78.833664864301682 150.83953757584095 63.542401701211929 2641.9735274612904 58.953686356544495 91.420938953757286
leaf_count=8504 1838 11656 338 1047 3426 287 1052 325 333 628 264 11116 242 391
internal_value=-8.02214e-05 0.000241643 0.00210711 0.000230066 0.00213585 -0.00524332 0.00428497 -0.000178643 -0.0156339 -0.000494141 -0.00199296 0.000998957 0.00369531 -0.00159654
internal_weight=9757.33 7771.47 2197.17 1758.09 1304.94 453.15 1056.12 306.02 147.129 5574.3 2781.49 2792.81 227.479 150.375
internal_count=41447 32943 9279 7441 5525 1916 4478 1296 620 23664 11920 11744 958 633
is_linear=0
shrinkage=0.03


Tree=231
num_leaves=15
num_cat=0
split_feature=5 11 13 13 7 13 11 12 2 6 7 12 6 12
split_gain=6.18491 12.9203 13.4407 21.0036 23.3124 14.6742 19.4294 13.5692 12.5715 15.1832 17.6466 19.934 15.8162 23.6388
threshold=0.0023597882044581468 65.590019353806753 0.015409238798936077 0.030892023276395179 0.91436389153713538 0.013850912703217257 45.959344546843731 -0.011039277615126073 0.0011543216934428739 0.0015879603296843788 1.3360879770288412 -0.0012659135975879863 0.00090738460397678472 -0.00246922906629865
decision_type=2 2 2 2 2 2 2 2 2 2 2 2 2 2
left_child=1 2 5 4 7 -1 -7 -4 -2 10 12 -12 -10 -14
right_child=8 -3 3 -5 -6 6 -8 -9 9 -11 11 -13 13 -15
leaf_value=0.00014797702680476287 0.0074126556749661912 -0.0086173208423506575 -0.0022436852744660641 0.0057689884380339659 0.0019492675590027187 -0.0059411960424662017 0.015701654509002082 -0.018583321804687924 0.010389797532833187 -0.002698875301239646 0.020495615510010824 0.0011024782271857128 0.0080157734206720149 -0.0039237644115869873
leaf_weight=6906.4891503229737 295.45223144441843 156.59782488644123 63.573834776878357 123.37380118668079 123.99150122702122 52.950356274843216 117.81957621872425 166.76955485343933 138.97012805938721 695.63325584679842 98.069150656461716 91.615016773343086 205.38851104676723 530.35912217199802
leaf_count=29297 1282 659 269 525 525 234 491 735 573 3092 407 370 855 2183
internal_value=0.000246738 -0.000143131 3.47544e-05 -0.00482492 -0.00852522 0.000364048 0.0089998 -0.0141318 0.00170813 0.000743198 0.00299359 0.0112382 0.00118417 -0.000578074
internal_weight=9767.05 7711.57 7554.97 477.709 354.335 7077.26 170.77 230.343 2055.49 1760.04 1064.4 189.684 874.718 735.748
internal_count=41497 32735 32076 2054 1529 30022 725 1004 8762 7480 4388 777 3611 3038
is_linear=0
shrinkage=0.03


Tree=232
num_leaves=15
num_cat=0
split_feature=2 7 4 5 3 6 12 3 16 12 5 11 7 3
split_gain=4.52772 12.213 12.3702 8.6682 13.1977 14.1156 10.3563 23.5357 11.9451 9.9775 18.9601 14.6396 14.2985 27.2843
threshold=0.0040567682984019591 0.74853945799012434 0.0021980864770637658 0.0026624815491146374 0.0077475521777555243 0.0014366720511821286 -0.058443834880997296 -0.023069011633617183 -1.0000000180025095e-35 -0.0029498973584741735 0.00059857400373242175 48.510264463850824 0.85804697307913236 0.0040820610255173648
decision_type=2 2 2 2 2 2 2 2 2 2 2 2 2 2
left_child=3 2 -2 4 6 -6 -1 8 -8 -9 -11 -12 -13 -14
right_child=1 -3 -4 -5 5 -7 7 9 -10 10 11 12 13 -15
leaf_value=0.0094496757579933307 -0.0027444516661180437 -0.0027233880902651879 0.01669310762673552 0.0030929420699957748 -0.017112082671651298 7.5676622663426894e-05 -0.028569347668641581 0.00067201902615113501 -0.0047673256134116715 -0.0099814522665212981 0.014451745637613003 -0.0063202377155042802 0.0061177049986058029 -0.0074406532252762501
leaf_weight=104.15571583807468 55.245715022087097 1054.9676054865122 59.976721152663231 882.84690725803375 81.445287242531776 88.694337666034698 35.636069282889366 6191.8862934112549 40.232563555240631 231.76644198596478 53.83344067633152 332.50503508746624 385.39252476394176 201.93554356694221
leaf_count=454 238 4523 258 3745 331 376 211 26089 218 1073 224 1438 1633 826
internal_value=4.23959e-05 -0.00170711 0.00748556 0.000279953 -4.13107e-05 -0.00825527 0.000145253 1.30813e-05 -0.0163939 0.000185741 -0.00230907 -0.000466062 -0.00136859 0.00144663
internal_weight=9800.52 1170.19 115.222 8630.33 7747.48 170.14 7577.34 7473.19 75.8686 7397.32 1205.43 973.667 919.833 587.328
internal_count=41637 5019 496 36618 32873 707 32166 31712 429 31283 5194 4121 3897 2459
is_linear=0
shrinkage=0.03


Tree=233
num_leaves=15
num_cat=0
split_feature=1 10 16 3 3 17 12 13 2 13 6 6 2 6
split_gain=5.92025 12.0144 10.6332 8.31521 8.2457 7.79819 6.46638 13.6565 13.6428 23.1421 27.5956 23.1505 16.3565 26.9754
threshold=0.003796228359556703 1.1842969751518218 -0.5 0.028779830102581009 0.020957234065828948 0.25881904510252057 -0.0013563540221538937 0.018808869317501479 0.0045974854148839181 0.011292693265114397 0.00081807977643977607 0.0010147590030127728 0.0014663346619287478 0.00077970222840648888
decision_type=2 8 2 2 2 2 2 2 2 2 2 2 2 2
left_child=3 -2 -3 4 6 -4 -1 8 9 12 -11 -12 13 -8
right_child=1 2 5 -5 -6 -7 7 -9 -10 10 11 -13 -14 -15
leaf_value=0.00019314159382440209 -0.0031005809794912029 -0.0026503368111943705 0.019664684042422487 -0.010773908159477623 0.010641542323995098 0.0044181374136136615 0.0049339452127818732 -0.011250439809753768 -0.0083861228427749377 -0.012252912202992161 0.021793690990469419 0.0031512541279724135 0.00060917187580165108 -0.023621396461350537
leaf_weight=8403.6668448001146 119.39683338999748 49.02543693780899 75.940258495509624 62.90532524138689 63.091296814382076 51.63804841786623 47.074340268969536 133.05237318575382 173.20263442397118 51.972273260354996 106.97449205815792 135.05629979074001 233.04202671349049 76.325439497828484
leaf_count=35591 524 210 343 298 365 223 211 594 708 215 438 551 962 330
internal_value=5.79405e-05 0.00422152 0.00915107 -7.28371e-05 8.6778e-07 0.013657 -7.31111e-05 -0.0024074 -0.000955102 0.0010433 0.00724836 0.0115021 -0.0040867 -0.0128232
internal_weight=9782.36 296.001 176.604 9486.36 9423.46 127.578 9360.37 956.7 823.648 650.445 294.003 242.031 356.442 123.4
internal_count=41563 1300 776 40263 39965 566 39600 4009 3415 2707 1204 989 1503 541
is_linear=0
shrinkage=0.03


Tree=234
num_leaves=15
num_cat=0
split_feature=13 5 6 6 7 7 12 3 5 6 6 4 2 5
split_gain=5.36632 16.9571 11.6866 10.6306 15.2358 18.1239 19.6088 23.8188 17.768 15.402 23.303 14.0582 11.8353 23.2655
threshold=0.0049621100733021626 0.001288610489043829 0.00057971869808519599 0.0014909687489581935 1.3857641503743212 1.167742117291245 -0.0098778054454072822 -0.0048239848029377691 -0.00024520114815812505 0.0009750627421500162 0.0011312869185389131 -0.0030556162805518978 -0.0006943718814364368 -0.00080447029169222739
decision_type=2 2 2 2 2 2 2 2 2 2 2 2 2 2
left_child=1 3 -2 4 5 11 7 -7 -8 -6 -11 -1 13 -13
right_child=2 -3 -4 -5 9 6 8 -9 -10 10 -12 12 -14 -15
leaf_value=-0.014825196668371227 -0.014530903332388533 0.016474354565497912 -0.00036838740088810903 0.0034942697847485924 0.004676482958659225 0.0074922502180833428 0.016391930510755839 -0.019328737182186456 -0.00077844673254674887 -0.028866364671832772 -0.0044308730911157062 0.00028532703772339091 -0.0026351796511678714 0.013228054910759242
leaf_weight=58.736941248178482 50.915817946195602 60.253486260771751 5839.7112220674753 918.7405062764883 62.640544041991234 71.446761056780815 177.13468055427074 48.23825691640377 77.544571503996849 51.646969690918922 104.40242518484592 1096.1006440520287 991.21190270781517 139.10147275030613
leaf_count=246 237 252 24882 3890 262 298 733 200 329 218 431 4606 4236 602
internal_value=7.38459e-05 0.000943437 -0.000495692 0.000688435 -0.000209009 0.000419223 0.00651943 -0.00345778 0.0111986 -0.00778358 -0.0127811 -0.000584969 -0.000196317 0.00176189
internal_weight=9747.83 3857.2 5890.63 3796.95 2878.21 2659.52 374.364 119.685 254.679 218.69 156.049 2285.15 2226.41 1235.2
internal_count=41422 16303 25119 16051 12161 11250 1560 498 1062 911 649 9690 9444 5208
is_linear=0
shrinkage=0.03


Tree=235
num_leaves=15
num_cat=0
split_feature=5 12 13 12 11 12 12 13 2 3 1 7 13 12
split_gain=6.7274 16.3546 13.2715 19.4173 16.6438 12.4109 14.1353 13.0293 19.5528 14.4148 13.8944 13.4136 23.671 18.0717
threshold=0.00043948838560547992 -0.0028077187419481837 0.012040672293540335 -0.0096282181498785185 42.34649231984428 -0.012781995948304701 -0.065257724317744056 0.0023447896422176266 -0.0017548506942969553 -0.0073142485063515386 0.00067597861448431839 0.88426156810092282 0.0043567995865088091 -0.0077550249785892636
decision_type=2 2 2 2 2 2 2 2 2 2 2 2 2 2
left_child=1 2 5 -4 -5 6 -1 8 9 -7 -10 -9 -13 -14
right_child=-2 -3 3 4 -6 7 -8 11 10 -11 -12 12 13 -15
leaf_value=0.01381535829015519 0.0010968416801034548 -0.010364955349970367 7.9820947793648244e-05 -0.0042842205617986519 -0.023033229890627685 0.011770744753730267 -0.0023584238724978081 -0.0030530075395234788 0.0096054860588980495 -0.0018570981434120725 -0.0060721748991818276 -0.0028881870785446287 0.011055269604454672 0.0015412229334271991
leaf_weight=48.155941843986511 4276.9870365187526 144.89579485356808 245.89053578674793 93.045038744807243 78.438841372728348 79.270893037319183 1628.7085447832942 830.51484987139702 487.66151629388332 495.30928947031498 55.421181187033653 553.22866356372833 293.90821926295757 459.47405312955379
leaf_count=220 18120 686 1043 419 356 324 7006 3582 2034 2042 231 2311 1207 1932
internal_value=0.000204932 -0.000489561 -0.00021828 -0.0053417 -0.0130269 0.000217314 -0.00187804 0.00129733 0.00391889 5.73498e-05 0.00798918 -7.60586e-05 0.00181794 0.00527227
internal_weight=9770.91 5493.92 5349.03 417.374 171.484 4931.65 1676.86 3254.79 1117.66 574.58 543.083 2137.13 1306.61 753.382
internal_count=41513 23393 22707 1818 775 20889 7226 13663 4631 2366 2265 9032 5450 3139
is_linear=0
shrinkage=0.03


Tree=236
num_leaves=15
num_cat=0
split_feature=12 5 3 6 13 13 4 3 7 7 13 3 13 13
split_gain=5.28427 5.47575 15.3809 14.9413 33.6006 24.8673 27.7306 21.4669 18.354 16.6236 15.1876 12.3455 12.2126 29.459
threshold=-0.00016246296028810112 0.0026624815491146374 0.0071817310834617074 0.0016690292434136448 0.020082218424445023 0.042645524040776379 0.0014419301967827371 0.011457416537349304 1.036707783504655 1.2079225719136741 0.022135039076664146 0.0069075864047954969 0.016180816519504652 0.030892023276395179
decision_type=2 2 2 2 2 2 2 2 2 2 2 2 2 2
left_child=1 2 12 10 8 6 -6 -8 11 -7 -3 -5 -1 -14
right_child=-2 3 -4 4 5 9 7 -9 -10 -11 -12 -13 13 -15
leaf_value=0.00026914520520841063 -0.0069851152013988222 0.0051910078149611169 -0.0078142181461739665 0.010303366812635497 0.026467527595290596 -0.0083251419116087862 -0.014141260257408418 0.010804390584358919 -0.015719671108967975 0.011398902175494802 -0.0059878440305565573 -0.01039882665357085 -0.010431084096468337 0.0083073225853649516
leaf_weight=7298.7121572643518 93.615290760993958 926.93976734578609 231.7524778097868 51.958336174488068 66.814754031598568 161.90575927495956 42.773820370435715 99.619918510317802 174.70174001157284 48.366793155670166 122.28669825196266 47.902083992958069 271.47689959406853 102.60954454541206
leaf_count=30966 391 3800 960 216 323 742 174 492 770 213 534 210 1179 434
internal_value=3.28249e-05 0.000102355 -0.000233386 0.00162324 -0.00178859 0.00354874 0.0108241 0.00321886 -0.00990976 -0.00372357 0.00387921 0.000363531 -2.43441e-06 -0.00527441
internal_weight=9741.44 9647.82 7904.55 1743.27 694.043 419.481 209.208 142.394 274.562 210.273 1049.23 99.8604 7672.8 374.086
internal_count=41404 41013 33539 7474 3140 1944 989 666 1196 955 4334 426 32579 1613
is_linear=0
shrinkage=0.03


Tree=237
num_leaves=15
num_cat=0
split_feature=5 7 12 3 12 12 13 7 13 2 13 7 2 3
split_gain=5.77519 19.3795 27.7875 28.4318 20.634 17.6397 18.54 17.1729 17.1158 16.7582 15.1255 23.5062 35.2746 15.3659
threshold=-0.0016179280927899329 1.0298083163194078 -0.0093959029407048016 -0.0042452262213945593 -0.021616861201805723 -0.021133117333319348 0.0066011569791254452 1.2673479376425889 0.0056160567036370743 -0.0037810398772757932 0.0017781098109420637 0.89535630486162476 -0.0011502181664648709 -0.0082201037680657268
decision_type=2 2 2 2 2 2 2 2 2 2 2 2 2 2
left_child=1 4 3 5 -1 7 -7 9 -6 -3 11 -2 -13 -12
right_child=10 2 -4 -5 8 6 -8 -9 -10 -11 13 12 -14 -15
leaf_value=0.0031985654014780479 0.016856459184098022 0.013096712580923316 0.0091523836587036334 -0.013157514459692177 -0.0036891470209325606 0.0022726828431322704 0.020018581213489067 -0.012631600468884252 -0.013383699919908129 -0.010124419664638777 0.014337743790124965 -0.021049926333052419 0.010344914615829773 -1.58869147446167e-05
leaf_weight=328.83918319642544 123.31644859910011 63.764988094568253 320.71873833239079 145.31614185869694 1021.468543574214 477.94689449667931 57.705566719174385 133.12099640071392 193.98761236667633 46.788836933672428 65.809933602809906 48.847510427236557 85.895782351493835 6636.0203039571643
leaf_count=1396 521 282 1320 601 4280 1989 235 684 853 205 270 204 365 28249
internal_value=-5.74852e-05 -0.00121028 0.00157282 -0.00107029 -0.00345377 0.00121145 0.00425179 -0.00545212 -0.00525585 0.00326374 0.000404791 0.00750339 -0.00117784 0.000129297
internal_weight=9749.55 2789.66 1245.36 924.643 1544.3 779.327 535.652 243.675 1215.46 110.554 6959.89 258.06 134.743 6701.83
internal_count=41454 11845 5316 3996 6529 3395 2224 1171 5133 487 29609 1090 569 28519
is_linear=0
shrinkage=0.03


Tree=238
num_leaves=15
num_cat=0
split_feature=13 12 7 7 7 13 12 3 7 3 2 3 16 5
split_gain=5.36124 14.5116 22.5396 19.0615 18.9534 17.1628 15.7699 17.7104 15.3733 30.8981 27.6956 42.074 23.6207 18.9159
threshold=0.0037608158203888968 -0.0098778054454072822 1.171773948025832 1.3203981949677346 1.4334428576997758 0.0028729746760514101 -0.0089253092086307145 -0.0054780912270035445 0.90833432581529083 -0.0040062471177225575 -0.0017146704940576572 -0.0030411874901745124 -0.5 -0.0022216051984100811
decision_type=2 2 2 2 2 2 2 2 2 2 2 2 2 2
left_child=1 8 6 5 -5 -4 -3 -8 10 13 -1 12 -12 -10
right_child=-2 2 3 4 -6 -7 7 -9 9 -11 11 -13 -14 -15
leaf_value=0.0081294574871254403 -0.00025964503100634725 0.0093271232530044417 0.023150095257088475 -0.0068303157713909502 0.013015066505881948 0.0020517533228028139 -0.016176312235608479 0.00081024189117391533 -0.0019651892877134273 -0.013512096287868583 -0.024714409504434817 0.013441566424646631 -0.0041807592254195849 0.014121967180652433
leaf_weight=379.27851256728172 6776.5694486796856 182.34256327152252 121.71515801548958 85.870253250002861 83.588702693581581 48.805160671472549 57.135419875383377 836.93390589952469 622.79718574881554 203.64917467534542 69.285375103354454 92.133278951048851 176.03042690455914 71.524175941944122
leaf_count=1593 28896 758 509 355 345 203 235 3538 2677 851 296 400 743 294
internal_value=0.000209492 0.00125782 0.00347193 0.010182 0.00299641 0.0172053 0.00133764 -0.000308965 -0.000686264 -0.00329821 0.00258625 -0.00365527 -0.0101331 -0.0002722
internal_weight=9807.66 3031.09 1416.39 339.979 169.459 170.52 1076.41 894.069 1614.7 897.971 716.728 337.449 245.316 694.321
internal_count=41693 12797 5943 1412 700 712 4531 3773 6854 3822 3032 1439 1039 2971
is_linear=0
shrinkage=0.03


Tree=239
num_leaves=15
num_cat=0
split_feature=11 4 7 6 11 7 2 2 13 6 13 10 13 10
split_gain=4.56621 3.83038 17.1944 16.9163 15.4627 9.36082 13.9193 7.39514 12.2805 12.6049 7.23372 6.29865 8.78735 8.02003
threshold=20.47989425220511 -0.0031931789412121821 1.6259192584086499 0.0018582342436013065 28.16463602920653 1.2079225719136741 -0.01418962740644991 -0.0064319563185815656 0.0027754051951442986 0.0022044060557587408 0.00028769463850397697 0.84907670338107011 0.042645524040776379 1.1707372900988002
decision_type=2 2 2 2 2 2 2 2 2 2 2 8 2 8
left_child=-1 2 3 -2 -3 6 -5 8 -6 -10 -9 12 -12 -13
right_child=1 4 -4 5 7 -7 -8 10 9 -11 11 13 -14 -15
leaf_value=0.0073064772895828243 -0.013238346315310094 0.0097230087964758922 0.01246153657808507 0.013351335613710599 -0.0063756634062931087 -0.0086945589751722674 -0.003700848742312125 -0.0089414792201825827 0.022439376773253687 0.0021949177026271104 0.014856824945009511 -0.0066820083536417493 -0.0025358421134613002 -0.00014320500958650762
leaf_weight=72.856483116745949 142.2507911324501 142.91645208001137 55.958677783608437 72.947049155831337 47.123551279306412 80.432894818484783 99.812796629965305 83.717818841338158 50.291948229074478 59.842011198401451 56.53726515173912 170.20848216116428 46.329924911260605 8584.9384697750211
leaf_count=326 600 600 250 321 196 374 434 351 211 262 240 744 205 36417
internal_value=-7.45347e-05 -0.000131507 -0.00282367 -0.00503848 5.6807e-07 -0.000363914 0.00356975 -0.000154244 0.00625366 0.0116748 -0.000268312 -0.000184342 0.00712445 -0.000271823
internal_weight=9766.16 9693.31 451.402 395.444 9241.91 253.193 172.76 9098.99 157.258 110.134 8941.73 8858.01 102.867 8755.15
internal_count=41531 41205 1979 1729 39226 1129 755 38626 669 473 37957 37606 445 37161
is_linear=0
shrinkage=0.03


Tree=240
num_leaves=15
num_cat=0
split_feature=12 17 17 1 7 17 10 4 3 6 7 0 10 1
split_gain=4.41694 7.7446 7.32567 4.33577 14.9811 13.6299 10.1403 12.4851 11.7399 14.2726 8.32874 7.89776 7.52081 6.98076
threshold=-0.00040292248559165017 -0.70710678118654757 -0.12940952255126037 0.00055002036778081808 1.7821377522399442 -0.37940952255126015 0.95970610196498674 0.0050059297612921059 0.00070787813086086598 0.00077970222840648888 0.63705561799167698 0.0015325015399109689 1.0515721709658161 0.0021102664481934545
decision_type=2 2 2 2 2 2 10 2 2 2 2 2 10 2
left_child=3 -2 -3 12 5 10 7 8 -7 -10 -5 -12 -1 -11
right_child=1 2 -4 4 -6 6 -8 -9 9 13 11 -13 -14 -15
leaf_value=-0.00014389580517671865 0.0058163365291971124 -0.014722372784839136 -0.0024054299840459942 -0.0069714385585831718 0.017035409033279911 -0.0038117696358536896 0.0097484609105012877 -0.015645195344558178 0.017577092176095484 -0.00096586594177011924 0.0047470103655042062 -0.003241950879300359 -0.0080400817255897802 0.0065603186234783816
leaf_weight=6601.8788148611784 55.176548212766647 65.839028343558311 123.70999327301979 65.94682788848877 50.315284550189972 695.38607937097549 73.047519847750664 52.534035578370094 45.181124895811081 558.8327586427331 997.5461927652359 123.92475708574057 108.37762635946274 136.27523140609264
leaf_count=28094 231 276 517 282 230 2954 316 238 192 2345 4205 532 474 581
internal_value=3.71791e-05 -0.00392574 -0.00679272 0.000139971 0.00113139 0.000828088 -0.00101399 -0.00155463 -0.00101798 0.00160954 0.00324775 0.00386001 -0.000273785 0.000524223
internal_weight=9753.97 244.726 189.549 9509.25 2798.99 2748.67 1561.26 1488.21 1435.68 740.289 1187.42 1121.47 6710.26 695.108
internal_count=41467 1024 793 40443 11875 11645 6626 6310 6072 3118 5019 4737 28568 2926
is_linear=0
shrinkage=0.03


Tree=241
num_leaves=15
num_cat=0
split_feature=2 0 13 10 3 2 13 13 7 4 6 13 7 13
split_gain=5.05905 11.2247 9.60325 14.2741 10.0168 8.9648 8.74631 16.2098 14.9509 12.4172 11.8227 11.594 10.9088 8.95768
threshold=0.004245167670811339 0.00055775856144862923 0.030892023276395179 0.9806316596581931 0.0063936816556685603 0.0014663346619287478 0.016180816519504652 0.013989475055579572 0.99571486173078638 0.00098265692034060791 0.0019906832955534914 0.018808869317501479 0.73213771611681999 0.020539114570887088
decision_type=2 2 2 8 2 2 2 2 2 2 2 2 2 2
left_child=2 -2 6 4 -4 -5 7 -1 9 12 -10 -11 -8 -14
right_child=1 -3 3 5 -6 -7 8 -9 10 11 -12 -13 13 -15
leaf_value=3.2406384256775373e-05 -0.0041144643972109473 0.0022395472446489701 0.0062636099500514367 0.017084948739139228 -0.01250500896159667 0.0011475125069865288 -0.018474096205626369 0.0063561171140426283 0.009191933790129253 0.0099601760962905982 -0.0071019571368132004 -0.0069864871655720452 -0.00088606133265562272 -0.014228580218935975
leaf_weight=7443.3158636316657 719.57191395759583 381.47459819167852 52.091643571853638 98.169937998056412 46.718506291508675 46.959557615220547 91.632816925644875 381.62081257998943 120.12423560023308 65.042665511369705 57.904065206646919 77.341666251420975 121.53216831386089 70.458050653338432
leaf_count=31524 3088 1648 220 433 216 204 404 1612 512 267 269 344 518 306
internal_value=7.21233e-07 -0.00191295 0.000244051 0.00608752 -0.00268243 0.0120138 7.35336e-05 0.000342358 -0.00339857 -0.00644096 0.00387229 0.000785662 -0.010049 -0.00587881
internal_weight=9773.96 1101.05 8672.91 243.94 98.8101 145.129 8428.97 7824.94 604.036 426.007 178.028 142.384 283.623 191.99
internal_count=41565 4736 36829 1073 436 637 35756 33136 2620 1839 781 611 1228 824
is_linear=0
shrinkage=0.03


Tree=242
num_leaves=15
num_cat=0
split_feature=13 3 12 6 6 3 11 13 3 6 13 12 4 3
split_gain=7.99058 4.9967 12.0159 18.5187 16.3557 14.8237 22.5293 12.1088 21.0919 18.8979 23.6329 39.4444 26.8649 20.0185
threshold=0.00016352802606856012 0.00035441896863037953 -0.0049276649770676464 0.00089341729816070834 0.00062921953508671168 -0.001621181823952565 53.676758494094592 0.0049621100733021626 -0.0023272811868643574 0.0010191117850621126 0.0019139820892447592 -0.012781995948304701 -0.0011253193126481984 -0.0059852649792654219
decision_type=2 2 2 2 2 2 2 2 2 2 2 2 2 2
left_child=-1 2 7 4 -4 -6 -7 8 9 10 11 12 -2 -13
right_child=1 -3 3 -5 5 6 -8 -9 -10 -11 -12 13 -14 -15
leaf_value=0.008716195774458103 0.0017924788338302077 0.00060573379589318752 -0.0013077792687500938 0.00036070112100143153 -0.026964689901158391 -0.0010224659104750876 -0.02588955021217932 -0.0024553270794007319 0.0058532851567026983 0.0014060699902193857 -0.011587121384433897 -0.0064770738343321397 -0.022293768096883312 0.01186624294759449
leaf_weight=91.329586818814278 74.579134300351143 4637.5730547606945 138.24048674106598 362.7512359470129 60.330025613307953 99.369184404611588 47.067497506737709 1400.4184203743935 616.75966602563858 1602.5427859202027 261.9003449678421 71.999237850308418 91.675578027963638 195.4617358148098
leaf_count=385 323 19656 626 1617 275 463 217 5987 2576 6725 1117 297 405 806
internal_value=-1.9823e-05 -0.000104198 -0.000759623 -0.00437688 -0.00933149 -0.0146321 -0.00925635 -0.000164604 0.000936861 -0.000386508 -0.0045084 -0.000200325 -0.0115962 0.00691688
internal_weight=9752 9660.67 5023.1 707.758 345.007 206.767 146.437 4315.34 2914.92 2298.16 695.616 433.716 166.255 267.461
internal_count=41475 41090 21434 3198 1581 955 680 18236 12249 9673 2948 1831 728 1103
is_linear=0
shrinkage=0.03


Tree=243
num_leaves=15
num_cat=0
split_feature=4 3 18 10 5 11 13 13 13 3 12 2 3 5
split_gain=6.17701 8.60561 5.46002 6.05553 4.14642 12.3826 11.7361 22.9685 15.7983 20.866 17.8263 11.3886 12.1733 10.4065
threshold=0.010516705161807584 0.028779830102581009 8.8651087826992594 1.1483481886201592 0.0026624815491146374 68.97397830393227 0.01559422245438913 0.030892023276395179 0.013850912703217257 0.0023277616421766294 -0.002293199647026289 0.0016827805818814825 0.0042461675281546271 2.9487771910918784e-05
decision_type=2 2 2 10 2 2 2 2 2 2 2 2 2 2
left_child=1 2 3 4 5 6 8 -8 10 -10 13 -6 -13 -1
right_child=-2 -3 -4 -5 11 -7 7 -9 9 -11 -12 12 -14 -15
leaf_value=-0.00041928520363844322 0.0085492120403766695 -0.011073967114958798 0.0068839247991171418 -0.010021454344833172 0.0067974871690035512 -0.012788406492209537 -0.00861692464807539 0.0070238838784349418 -0.0040435653446704058 0.01543076593602505 -0.0046004919529189078 0.0058698693132381756 -0.0012096813169580165 0.0022818020134011052
leaf_weight=4590.6295496150851 72.718201577663422 62.001618355512619 99.514209285378456 53.162859261035919 280.38402469456196 69.278456136584282 349.49066948890686 109.57826182246208 78.024835899472237 130.31477299332619 732.27670583128929 270.1741304397583 1108.475100427866 1779.8102799504995
leaf_count=19489 329 302 431 226 1220 289 1512 468 346 536 3160 1118 4722 7472
internal_value=-4.35783e-05 -0.000109656 -3.6938e-05 -0.00011047 -5.28998e-05 -0.000341314 -0.000227073 -0.00486924 6.56655e-05 0.00816837 -0.000174239 0.00130871 0.000184193 0.000335839
internal_weight=9785.83 9713.12 9651.11 9551.6 9498.44 7839.4 7770.13 459.069 7311.06 208.34 7102.72 1659.03 1378.65 6370.44
internal_count=41620 41291 40989 40558 40332 33272 32983 1980 31003 882 30121 7060 5840 26961
is_linear=0
shrinkage=0.03


Tree=244
num_leaves=15
num_cat=0
split_feature=11 5 12 6 7 7 0 12 3 6 4 7 7 11
split_gain=4.88888 16.2199 14.2308 12.0485 13.391 22.5446 14.8487 12.739 29.0037 22.6329 24.1814 13.351 13.6648 14.4197
threshold=58.458923242909961 0.0015495296159349083 -0.016795703152161331 0.0016690292434136448 1.0147496740847968 0.79967794602434283 0.0011470698269997472 -0.00090046550847877594 0.0016231057033969933 0.00082909935764949034 0.0018436673935415817 0.8606677556054686 1.3767998770014322 68.97397830393227
decision_type=2 2 2 2 2 2 2 2 2 2 2 2 2 2
left_child=-1 -2 -3 7 5 -5 -6 8 -4 -10 -11 -12 13 -13
right_child=1 2 3 4 6 -7 -8 -9 9 10 11 12 -14 -15
leaf_value=0.00036227555685244573 -0.0062512600342035877 0.014325577889293287 -0.0086023840951940551 -0.011968219977106903 -0.012872936063885029 0.0099352671282830641 0.0017733278036647152 -0.0028658466095121769 0.022337860416616079 -0.001218259092791674 0.021057989018187808 0.0089640208032505681 0.018143539696615526 -0.010025541911319371
leaf_weight=7455.263403557241 459.09948140382767 58.648834869265556 151.90244440734386 64.83555905520916 205.10689944773912 113.2794998884201 88.467936716973782 485.949996560812 65.298928752541542 353.6917886286974 76.78419092297554 87.90657702088356 60.724587604403496 58.039887562394142
leaf_count=31756 1954 252 632 279 949 487 408 2007 271 1459 327 363 253 238
internal_value=-1.26195e-05 -0.00121158 3.06313e-05 -0.000447339 -0.0045604 0.00191783 -0.00847719 0.0010048 0.00320797 0.0057791 0.00401746 0.0105133 0.00643136 0.00137882
internal_weight=9785 2329.74 1870.64 1811.99 471.69 178.115 293.575 1340.3 854.348 702.446 637.147 283.455 206.671 145.946
internal_count=41635 9879 7925 7673 2123 766 1357 5550 3543 2911 2640 1181 854 601
is_linear=0
shrinkage=0.03


Tree=245
num_leaves=15
num_cat=0
split_feature=2 5 13 13 12 12 1 2 6 5 6 6 10 5
split_gain=3.96187 12.1459 10.8143 21.5745 23.6458 17.9264 18.8568 22.0836 12.5198 11.7029 10.7253 10.1633 15.865 16.8477
threshold=0.004245167670811339 0.0055558968244652238 0.016180816519504652 0.012968910177258654 -0.0023822058628328309 -0.0021694956656732596 -0.00067356066739016052 0.0017193549589633627 0.0011515711319084621 0.0032090218859963664 0.0010735388326184637 0.0016585890937022101 0.84907670338107011 0.011391922078844765
decision_type=2 2 2 2 2 2 2 2 2 2 2 2 8 2
left_child=1 2 3 5 -5 -1 -7 10 9 -6 -8 -2 -13 -14
right_child=11 -3 -4 4 8 6 7 -9 -10 -11 -12 12 13 -15
leaf_value=0.0006345027873070028 0.0012609668259896726 0.010047199716183992 -0.003259225112599897 0.0011455774393951971 0.02363328572469162 0.010574005702416664 -0.0071463693426254034 6.1750474597113965e-05 0.0033093215018598333 0.0060123202264670012 -0.01820634376161313 0.0096634264443628843 -0.010037470798959711 0.0022934759322413875
leaf_weight=6385.5637239739299 558.21717600524426 112.59373620152473 734.98444379866123 358.96504531800747 108.04765686392784 71.287043482065201 309.33410149812698 362.49631479382515 77.305752381682396 51.510472312569618 106.67768767476082 61.040563687682152 333.05686868727207 141.05957020074129
leaf_count=27046 2305 543 3149 1533 445 302 1373 1496 317 210 453 268 1457 680
internal_value=0.000130471 0.000344976 0.000215135 0.000541965 0.00601923 8.93752e-05 -0.00399872 -0.0053568 0.0133338 0.0180895 -0.010056 -0.00156971 -0.00451606 -0.00637453
internal_weight=9772.14 8678.77 8566.17 7831.19 595.829 7235.36 849.795 778.508 236.864 159.558 416.012 1093.37 535.157 474.116
internal_count=41577 36867 36324 33175 2505 30670 3624 3322 972 655 1826 4710 2405 2137
is_linear=0
shrinkage=0.03


Tree=246
num_leaves=15
num_cat=0
split_feature=13 6 18 13 18 12 18 12 18 12 0 0 1 16
split_gain=5.26624 30.5582 18.6869 8.95752 6.20882 12.4652 8.89156 25.8149 8.09487 10.7344 5.16921 6.64971 6.76599 13.9662
threshold=0.056539713012860544 0.0074373731739061843 6.5029795099547352 0.04594324507183057 8.8376914173910883 -0.048864932512025554 6.609046739363639 -0.034136153727286504 6.4238344138771462 -0.043711862297867436 -0.0024195371208599599 -0.0016128135497578409 0.003796228359556703 -0.25881904510252113
decision_type=2 2 2 2 2 2 2 2 2 2 2 2 2 2
left_child=3 2 -2 4 6 -6 8 -8 9 -1 -11 -12 -13 -14
right_child=1 -3 -4 -5 5 -7 7 -9 -10 10 11 12 13 -15
leaf_value=-0.011914264356008083 -0.00024442911851693195 0.013945452900206731 -0.023269412731084353 0.010358125522799981 0.018549997566713373 -0.001227455416584422 -0.02127733672918912 0.0057658677324663498 0.010336225452084047 -0.0082790542567938545 0.0065918572064394441 -2.4463833728509522e-05 -0.005807941105725337 0.01420795153034846
leaf_weight=65.207982033491135 57.618192970752716 52.252805784344673 68.704958260059357 75.031264021992683 46.737836822867393 69.140456929802895 62.079738602042198 61.671619087457657 67.122559577226639 63.489222414791584 141.26467723399401 8802.118796095252 48.581609278917313 82.215999439358711
leaf_count=290 271 232 315 326 206 292 267 261 292 275 609 37342 208 371
internal_value=7.35659e-05 -0.00500208 -0.0129348 0.000169156 8.66039e-05 0.00692888 7.42831e-07 -0.00792297 0.000108208 3.13787e-05 0.000119213 0.000179785 7.69318e-05 0.00679803
internal_weight=9763.24 178.576 126.323 9584.66 9509.63 115.878 9393.75 123.751 9270 9202.88 9137.67 9074.18 8932.92 130.798
internal_count=41557 818 586 40739 40413 498 39915 528 39387 39095 38805 38530 37921 579
is_linear=0
shrinkage=0.03


Tree=247
num_leaves=15
num_cat=0
split_feature=5 4 13 7 6 6 7 7 10 5 10 7 6 3
split_gain=8.89549 10.6785 11.7497 11.8404 15.4807 18.1354 15.4667 15.0286 11.1195 19.4693 9.95876 9.77817 26.8355 22.3511
threshold=-0.00035245951643519952 -0.00033332113392592339 0.011531172865840602 1.3674832446897234 0.0015956719393053407 0.002133949392537486 1.1631499692189384 1.5304985148039523 0.90168673552951339 -0.0068847786869279384 0.83234916897157085 1.2018425041812575 0.0019504282061136669 -0.013189449723514267
decision_type=2 2 2 2 2 2 2 2 10 2 10 2 2 2
left_child=1 2 3 6 7 -6 8 -5 9 -1 -4 13 -13 -3
right_child=-2 11 10 4 5 -7 -8 -9 -10 -11 -12 12 -14 -15
leaf_value=-0.015208625661895736 0.00071485290861386186 0.012680364312499021 -0.010828595194826688 -0.017003171468741436 0.0098186057890811904 -0.0087581069855564644 0.0063001296931847308 -0.0017252917068583569 0.014502859018569965 0.00025264923644600809 0.0011461964135711382 0.0086896869134669274 -0.015472594278361488 -0.0063148335749272115
leaf_weight=74.003767758607864 5362.9355938583612 57.933629035949707 163.24445527791977 117.23489202558994 109.63759931921959 80.131326757371426 419.08697857707739 113.71358949691057 44.684500560164452 2058.7352601587772 99.962787255644798 151.40338931232691 54.675350695848465 826.81600953638554
leaf_count=322 22837 246 745 492 495 388 1760 471 200 8694 422 634 241 3482
internal_value=-0.000103799 -0.00110804 -0.000252253 0.000279704 -0.00437692 0.00196492 0.00103701 -0.0095601 1.91744e-05 -0.000297587 -0.00630637 -0.00367646 0.00219202 -0.00504523
internal_weight=9734.2 4371.26 3280.44 3017.23 420.717 189.769 2596.51 230.948 2177.42 2132.74 263.207 1090.83 206.079 884.75
internal_count=41429 18592 13989 12822 1846 883 10976 963 9216 9016 1167 4603 875 3728
is_linear=0
shrinkage=0.03


Tree=248
num_leaves=15
num_cat=0
split_feature=12 3 3 6 13 12 13 13 2 13 3 4 6 13
split_gain=6.26587 14.3132 13.0879 20.6928 19.0877 16.6269 22.0564 37.5083 20.5199 26.7293 14.8307 14.4183 14.7896 14.6982
threshold=-0.0058300143913355132 -0.0033312932570849769 0.00024321672811578046 0.0015256035668799806 0.0067941276408624027 -0.0024246854316664619 0.018808869317501479 0.014770673609645126 0.0045974854148839181 0.0087838276914890007 0.0020158929082898175 0.00029294128775492206 0.0010071076136592856 0.0060636685324507731
decision_type=2 2 2 2 2 2 2 2 2 2 2 2 2 2
left_child=-1 -2 -3 5 -5 8 7 -7 9 10 -4 12 -12 -13
right_child=1 2 3 4 -6 6 -8 -9 -10 -11 11 13 -14 -15
leaf_value=0.00076724765934070929 0.010205955574116672 -0.0043474821862885355 0.0025403071789682785 -0.019050011532744115 -0.0028414014118642453 -0.0020886554427983783 -0.01187262918035329 0.010523544576032129 0.021057787582432312 -0.0022819163767728583 0.016160061755978346 0.0077715934854509783 -0.0019808566416819164 0.030170200063482134
leaf_weight=5360.6252062767744 102.63374997675419 853.10220041871071 271.04403573274612 69.194968432188034 819.88346819579601 1104.4843467026949 145.70749479532242 260.58550831675529 58.187404930591583 462.51809941232204 74.496463462710381 47.782927975058556 85.007340610027313 62.279354080557823
leaf_count=22789 443 3815 1132 283 3582 4606 654 1066 242 1906 309 201 344 259
internal_value=7.8012e-05 -0.000758455 -0.0010239 -0.000202672 -0.00414281 0.00116145 -0.000860279 0.000330829 0.00403558 0.00300825 0.00752597 0.0124833 0.00658708 0.0207582
internal_weight=9777.53 4416.91 4314.27 3461.17 889.078 2572.09 1510.78 1365.07 1061.32 1003.13 540.61 269.566 159.504 110.062
internal_count=41631 18842 18399 14584 3865 10719 6326 5672 4393 4151 2245 1113 653 460
is_linear=0
shrinkage=0.03


Tree=249
num_leaves=15
num_cat=0
split_feature=6 0 3 3 13 16 6 13 5 3 6 3 13 3
split_gain=5.69005 4.19406 7.15958 7.54159 7.31971 6.28968 5.77937 5.36594 13.8103 13.4381 31.1034 15.7984 10.8894 19.4513
threshold=0.00048182880185615088 0.0024229688518285224 0.028779830102581009 0.020957234065828948 0.040063012782960324 -0.37940952255126059 0.0042645476571286966 0.016405110105930269 0.0043291497709595514 0.0087919513752420814 0.0015792732383533836 0.011457416537349304 0.012968910177258654 0.0082210137075776641
decision_type=2 2 2 2 2 2 2 2 2 2 2 2 2 2
left_child=-1 2 3 7 -5 -3 -7 12 -9 10 -10 -11 13 -2
right_child=1 5 -4 4 -6 6 -8 8 9 11 -12 -13 -14 -15
leaf_value=-0.0085773569375181026 -0.00021693770122680251 -0.0042005017202918597 -0.0091713207097211067 0.01872065651157331 -0.00025162819083591537 0.013849721144076068 0.0013893895013353593 -0.0049832554586756988 0.026556344756910346 -0.011612078475866287 -0.0057803625735373728 0.0032804236188814146 0.0032898189599118019 -0.013620454517481574
leaf_weight=71.690665140748024 7425.9534000828862 55.258961625397205 79.131985850632191 35.132625989615917 35.98678070306778 66.174078807234764 66.846670299768448 657.03852914273739 54.192935973405838 89.457767799496651 49.998082891106606 212.52834831178188 797.39798268675804 96.740518182516098
leaf_count=323 31450 241 378 242 168 286 296 2811 227 380 214 912 3361 407
internal_value=-0.000272408 -0.000209414 -0.000297375 -0.000221177 0.00937629 0.00420082 0.00770139 -0.000295903 -0.00230068 0.00204186 0.0112223 -0.00117858 -3.92232e-05 -0.000392879
internal_weight=9793.53 9721.84 9533.56 9454.43 71.1194 188.28 133.021 9383.31 1063.22 406.177 104.191 301.986 8320.09 7522.69
internal_count=41696 41373 40550 40172 410 823 582 39762 4544 1733 441 1292 35218 31857
is_linear=0
shrinkage=0.03


Tree=250
num_leaves=15
num_cat=0
split_feature=11 5 7 13 13 13 7 7 13 7 3 13 5 7
split_gain=6.05023 13.227 19.3098 29.3843 21.7726 15.3397 18.6522 17.5002 16.6405 36.781 23.4883 13.4976 13.4002 13.3336
threshold=57.682759512746436 -0.00035245951643519952 0.67389636863669444 0.0055557362508441574 0.01559422245438913 0.0059994532574538803 0.82473274723164824 1.3054085444847119 0.01018054684021308 1.0014877776653341 0.0045700742597484254 0.0090201196094537046 0.0020260819162601922 1.2495521653503767
decision_type=2 2 2 2 2 2 2 2 2 2 2 2 2 2
left_child=1 -1 3 -3 -5 7 -7 -4 9 11 -10 -8 -12 -14
right_child=-2 2 5 4 -6 6 8 -9 10 -11 12 -13 13 -15
leaf_value=-0.00077734484573550031 -0.0014340987157654647 -0.011894978895418292 0.0064753689888607802 0.017340827911149312 -0.0024748860236088127 -0.0057639487747703742 0.010649850820940342 -0.0088759839842045881 0.01059502208112721 -0.0085067431390353793 -0.0078569354964191443 -0.0054792330844432788 -0.00039153117763363006 0.012496043107124478
leaf_weight=4337.7188949584961 2541.8715450689197 50.700965657830238 609.52782914042473 207.40110716223717 64.915807202458382 448.02240945398808 180.14491963386536 73.279834181070328 305.31900931894779 364.31115102767944 137.29008711874485 61.385325387120247 268.7011591643095 96.767236962914467
leaf_count=18455 10783 218 2642 893 280 1925 758 304 1292 1522 565 267 1139 452
internal_value=-0.000176306 0.000267679 0.0018478 0.00873399 0.0126335 0.000967527 -0.000444026 0.00480673 0.00124744 -0.00250658 0.00406118 0.00653928 6.69993e-05 0.00307023
internal_weight=9747.36 7205.49 2867.77 323.018 272.317 2544.75 1861.94 682.808 1413.92 605.841 808.077 241.53 502.758 365.468
internal_count=41495 30712 12257 1391 1173 10866 7920 2946 5995 2547 3448 1025 2156 1591
is_linear=0
shrinkage=0.03


Tree=251
num_leaves=15
num_cat=0
split_feature=4 10 2 10 2 13 4 7 11 2 13 7 7 4
split_gain=4.81144 6.5204 8.30038 12.522 7.00741 6.37042 5.63626 14.9364 9.03786 7.97963 6.25758 15.107 15.15 9.47689
threshold=0.010516705161807584 1.3363114586443234 -0.011340881643352228 0.84459743474216553 0.014218840424490954 0.0030172582331715607 -0.0037223594606218264 1.0857348028640248 28.16463602920653 -0.0055928439730569815 0.00070716320551322831 0.73877414433598487 1.0823173378295674 -0.0011253193126481984
decision_type=2 10 2 10 2 2 2 2 2 2 2 2 2 2
left_child=1 2 3 5 6 -1 7 -4 9 -8 11 -10 13 -13
right_child=-2 -3 4 -5 -6 -7 8 -9 10 -11 -12 12 -14 -15
leaf_value=0.0055869737379987605 0.0076292007388528444 -0.010734525420348374 -0.013588464178245429 0.014286620172581331 -0.009341014772104141 -0.0092360167148414114 0.014603651069346836 0.0021447009691088112 0.0090338370702370829 0.0020038025155529999 0.00017677495363706595 -0.0075448860203155858 0.0034664926018052222 -0.022998235046382296
leaf_weight=57.17570449411869 73.997739091515541 48.184137552976608 93.89406506717205 89.864324614405632 70.015991799533367 44.702816501259804 68.526646509766579 124.16663024574518 60.963429227471352 128.33136722445488 8662.3598638027906 119.77195380628109 78.088859230279922 51.118142619729042
leaf_count=275 336 213 400 392 337 221 282 538 260 541 36782 499 325 214
internal_value=0.000110141 5.12027e-05 0.000107277 0.00625414 -1.86452e-05 -0.000969737 5.2862e-05 -0.00469172 0.000166696 0.0064926 2.64858e-05 -0.00414804 -0.00742194 -0.01238
internal_weight=9771.16 9697.16 9648.98 191.743 9457.24 101.879 9387.22 218.061 9169.16 196.858 8972.3 309.942 248.979 170.89
internal_count=41615 41279 41066 888 40178 496 39841 938 38903 823 38080 1298 1038 713
is_linear=0
shrinkage=0.03


Tree=252
num_leaves=15
num_cat=0
split_feature=17 0 5 4 12 12 4 5 5 1 12 6 7 0
split_gain=5.37539 7.24768 10.7952 6.90677 9.54313 7.63513 7.46227 6.67081 9.84789 5.77202 5.70701 5.32169 6.6352 5.23376
threshold=-0.9159756150367534 -0.00031636689371428156 -0.0028018848363267064 -0.0014379635143316192 -0.013090493867678186 -0.016795703152161331 0.0031997482238420587 -0.001319901427346226 -0.00046709949911244436 6.9954773234501291e-05 -0.014837006538190587 0.0015328079239265199 1.0430562273848325 -0.00042095907212451317
decision_type=2 2 2 2 2 2 2 2 2 2 2 2 2 2
left_child=1 2 10 -3 5 -5 7 -6 -9 11 -1 12 -4 -2
right_child=13 3 9 4 6 -7 -8 8 -10 -11 -12 -13 -14 -15
leaf_value=-0.003159338673712187 0.0011189114500481387 0.010935611493670654 0.0025762079729406339 0.001522310880752031 0.010695768981048548 -0.014280952140063455 0.014948369263505156 -0.0085833795404800742 0.0033073417418106265 -0.0049749287629834221 -0.016830465689044803 -0.0024828436747524082 0.015842318562621513 -0.00065785369697519025
leaf_weight=63.102106772363186 1923.9470941573381 96.364631608128548 95.664537861943245 59.621399082243443 82.503691390156746 48.552397727966309 48.513722345232964 71.512554123997688 425.23284339904785 85.794835813343525 48.336459025740623 72.613816939294338 51.44010990858078 6622.4809503033757
leaf_count=280 8212 413 410 251 341 212 217 305 1791 364 203 308 213 28201
internal_value=1.11095e-05 0.00184761 -0.00137647 0.00346217 0.00245661 -0.00570126 0.00387598 0.00290039 0.00156797 0.00154852 -0.00928137 0.00411768 0.00736543 -0.000257705
internal_weight=9795.68 1249.25 416.952 832.301 735.937 108.174 627.763 579.249 496.745 305.513 111.439 219.718 147.105 8546.43
internal_count=41721 5308 1778 3530 3117 463 2654 2437 2096 1295 483 931 623 36413
is_linear=0
shrinkage=0.03


Tree=253
num_leaves=15
num_cat=0
split_feature=13 1 17 10 3 13 7 10 7 7 3 12 13 3
split_gain=6.63812 4.09986 14.9167 18.9235 14.4014 13.0502 11.7579 10.1997 10.077 9.08498 17.2952 12.1627 16.2165 32.7241
threshold=0.00016352802606856012 0.00055002036778081808 -0.12940952255126037 0.95573475639466299 -0.013915333757553256 0.002137278112482766 1.7821377522399442 1.1250992753035141 1.6447138589681125 0.65041075074858923 -0.0061837520983698954 -0.013363129390303595 0.0057375229510521217 -0.001621181823952565
decision_type=2 2 2 10 2 2 2 8 2 2 2 2 2 2
left_child=-1 6 4 5 -3 -4 8 -6 9 10 -2 -12 13 -13
right_child=1 2 3 -5 7 -7 -8 -9 -10 -11 11 12 -14 -15
leaf_value=0.008179233615598535 -0.010691958744225936 0.017808024945331232 -0.013122539895925104 0.013680136722570077 -0.0086793734534947285 -0.0013599483103992744 -0.011805502840799518 0.0028597807041669931 0.0082496072314354879 -0.00085564197675958931 0.016727825244110928 0.0099450396653408529 0.0072157297001269596 -0.016842540620153189
leaf_weight=86.836398005485535 71.047530561685562 54.057570993900299 89.034156918525696 69.565322160720825 70.456559017300606 1270.4468566402793 79.416110023856163 1454.1242477893829 118.83201603591442 5852.1313227042556 66.166580319404602 74.439324706792831 301.96463327109814 86.897397011518478
leaf_count=365 305 244 370 300 310 5408 356 6150 515 24891 295 313 1321 370
internal_value=1.60355e-05 -5.90346e-05 0.000859743 -0.00135987 0.0028682 -0.00214844 -0.00047466 0.00231584 -0.000334177 -0.000494763 0.00301323 0.0048856 0.00312972 -0.00451255
internal_weight=9745.42 9658.58 3007.68 1429.05 1578.64 1359.48 6650.89 1524.58 6571.48 6452.65 600.515 529.468 463.301 161.337
internal_count=41513 41148 12782 6078 6704 5778 28366 6460 28010 27495 2604 2299 2004 683
is_linear=0
shrinkage=0.03


Tree=254
num_leaves=15
num_cat=0
split_feature=12 5 11 12 6 13 18 18 18 7 12 3 6 12
split_gain=6.49783 12.4531 25.9249 18.0303 25.2286 13.6591 13.3829 11.8366 18.3602 11.9618 26.4538 22.6243 25.3359 19.8124
threshold=-0.0049276649770676464 -0.0026568812799461212 38.01227463463794 -0.0097138081599037456 0.0010545592659391252 0.0048440456469537327 8.8772044662970639 8.8476119458929663 6.6589579998113253 1.0823173378295674 -0.02065094919989929 -0.018453700494432287 0.001806731039846477 -0.0093959029407048016
decision_type=2 2 2 2 2 2 2 2 2 2 2 2 2 2
left_child=1 7 3 -3 -5 -6 -4 8 9 10 -1 -11 13 -13
right_child=-2 2 6 4 5 -7 -8 -9 -10 11 -12 12 -14 -15
leaf_value=0.0044798587089278936 -0.00088840768623778797 0.021359164989942701 0.0011022672484934713 0.015009402153775818 -0.015881366684198067 0.0037663088974589738 -0.014565188076672113 0.010562170288807123 -0.01749359809931058 -0.013139714223609445 -0.0065412860862335848 -0.0040044038494623391 0.012189756954899449 0.010950908135155075
leaf_weight=271.49132090806961 3828.2206504493952 84.668168440461159 3681.4793207347393 125.16749173402786 49.109334781765938 82.972255393862724 47.736726135015488 70.039039000868797 63.013108253479004 80.59059452265501 692.2798848003149 340.13526396453381 205.18093802034855 101.94908292591572
leaf_count=1150 16359 354 15570 527 201 354 211 308 273 492 2937 1414 855 420
internal_value=7.37219e-05 0.000698533 0.00162135 0.00950291 0.00546599 -0.00366683 0.000894013 -0.00135993 -0.0018473 -0.0012445 -0.00343382 0.00165589 0.00353288 -0.000521772
internal_weight=9724.03 5895.81 4071.13 341.917 257.249 132.082 3729.22 1824.68 1754.64 1691.63 963.771 727.856 647.265 442.084
internal_count=41425 25066 17217 1436 1082 555 15781 7849 7541 7268 4087 3181 2689 1834
is_linear=0
shrinkage=0.03


Tree=255
num_leaves=15
num_cat=0
split_feature=13 11 5 2 10 3 5 7 7 7 5 13 7 13
split_gain=4.61363 11.0117 10.966 9.75718 27.0695 14.49 13.5665 17.9931 11.9084 12.4836 13.7177 12.1223 11.1667 14.9164
threshold=0.0030172582331715607 26.939040032566599 1.0000000180025095e-35 -0.0064319563185815656 0.88618732750756901 -0.015582502083718473 -0.00044047459351281843 0.93680587842601037 1.5064516066681597 1.2736183304819628 -0.00057340118092391579 0.0061286990251179238 0.69565564187565321 0.0057375229510521217
decision_type=2 2 2 2 8 2 2 2 2 2 2 2 2 2
left_child=2 -2 -1 4 -3 -6 7 -5 9 10 -9 -11 13 -8
right_child=1 3 -4 6 5 -7 12 8 -10 11 -12 -13 -14 -15
leaf_value=0.00058414965154838204 -0.013522086873788936 -0.012025905374880295 0.01147020687985326 -0.0062114954329051467 6.2682420346482537e-05 0.016316049008009773 -0.0061710312055805712 0.00053621741756787608 -0.010718574831864572 0.015720007233892927 -0.015347056599918 -0.0011706216819284733 -0.00044154854859505772 0.0055126032043774946
leaf_weight=2388.8686506897211 56.293416120111942 61.962554708123207 84.304222419857979 808.32906073331833 78.608743660151958 130.76950949430466 115.98631277680397 609.26639381051064 83.211619213223457 89.544251352548599 51.20188507437706 65.229831978678703 4521.7406716048717 595.64047773182392
leaf_count=10036 246 279 373 3537 376 542 498 2570 372 377 218 282 19225 2569
internal_value=-0.000154534 -0.00053539 0.000964196 -0.000430294 0.00512956 0.0102722 -0.000649084 -0.00296998 -4.63013e-05 0.00106658 -0.000737727 0.0086773 0.000108685 0.00359636
internal_weight=9740.96 7267.78 2473.17 7211.49 271.341 209.378 6940.15 1706.78 898.454 815.242 660.468 154.774 5233.37 711.627
internal_count=41500 31091 10409 30845 1197 918 29648 7356 3819 3447 2788 659 22292 3067
is_linear=0
shrinkage=0.03


Tree=256
num_leaves=15
num_cat=0
split_feature=4 3 18 4 6 18 7 7 13 2 12 12 10 12
split_gain=4.60547 5.16778 5.7523 7.40254 17.8825 10.5666 10.2793 14.4081 14.3536 7.72873 12.2787 13.2852 11.1787 10.3345
threshold=-0.010481287272525617 -0.02868647751667552 8.9236695572295321 0.0037343331026571396 0.0016412097269955241 6.6559500245727348 0.95612125306751805 1.171773948025832 0.022738009892324777 0.0056097325091559814 -0.00070203607399543777 -0.006806432848684151 0.92930314748297183 -0.029737106884848593
decision_type=2 2 2 2 2 2 2 2 2 2 2 2 10 2
left_child=-1 -2 3 9 -5 6 -6 -8 -9 12 11 -11 13 -3
right_child=1 2 -4 4 5 -7 7 8 -10 10 -12 -13 -14 -15
leaf_value=-0.0072870924345112284 0.0082860920989281488 -0.0065219219486105633 -0.0095278246631763635 0.015326289490318954 0.008184965973191221 0.010815473001854351 -0.020974879601206437 -0.012157170337528935 0.0090592689764299773 -0.010617880005781455 -0.017014164346059235 0.0027803392365635996 0.011680927328978968 0.00017107633967249211
leaf_weight=74.467859074473381 66.983703568577766 210.79747100174427 54.157493621110916 95.009396895766258 53.462318032979965 63.805467218160629 43.990664020180702 52.448710143566132 58.701648585498333 100.36670672148466 56.327382996678352 188.99820175766945 72.472278282046318 8549.2299610376358
leaf_count=337 308 968 246 392 237 269 203 236 311 429 232 812 302 36235
internal_value=4.63716e-05 0.000104361 4.55575e-05 0.000101857 0.0042656 0.000324319 -0.00295684 -0.00685167 -0.000990096 -6.57175e-05 -0.00445299 -0.00190784 0.000106964 8.56704e-06
internal_weight=9741.22 9666.75 9599.77 9545.61 367.418 272.409 208.603 155.141 111.15 9178.19 345.692 289.365 8832.5 8760.03
internal_count=41517 41180 40872 40626 1648 1256 987 750 547 38978 1473 1241 37505 37203
is_linear=0
shrinkage=0.03


Tree=257
num_leaves=15
num_cat=0
split_feature=1 11 7 5 6 7 11 2 6 13 6 7 12 3
split_gain=6.55943 7.50541 13.121 9.21124 19.1905 14.5064 12.8499 15.1404 10.6122 10.5902 14.1694 18.8186 12.7463 13.3735
threshold=0.0045539682379027733 76.701081421091274 1.1805773815024339 0.0051505721863607254 0.0026136472906339056 1.6643964112181318 58.613276720681796 0.0079097039223152994 0.0054623552234690041 0.017361310193643512 0.0016874657842214115 0.99820544588926674 -0.065257724317744056 -0.02091232504500384
decision_type=2 2 2 2 2 2 2 2 2 2 2 2 2 2
left_child=1 3 -3 9 5 6 -5 -8 -6 12 11 -11 -1 -14
right_child=-2 2 -4 4 8 -7 7 -9 -10 10 -12 -13 13 -15
leaf_value=0.013392467255476674 0.0050908382320596574 0.0029797974800260343 -0.018649455248575725 0.025328887628255952 -0.012933070699006278 -0.0072948509106957526 0.0025096695060660731 0.019666945356102122 0.0039360538786733547 -0.011530608628163906 0.00092469887188582889 0.0056302927530165123 -0.011559796260958202 9.2135868115968554e-05
leaf_weight=62.126936212182045 222.52472116798162 47.819694638252258 50.357597917318344 45.036656901240349 71.5328009724617 44.112192578613758 149.94763443619013 65.431869953870773 60.400006219744682 276.54169921576977 293.85710197687149 71.163746520876884 87.626147732138634 8162.8039357513189
leaf_count=283 988 199 221 229 326 209 640 309 279 1214 1246 292 514 34429
internal_value=2.27465e-05 -9.71551e-05 -0.00826523 -1.00172e-05 0.00423556 0.00835982 0.011047 0.00785501 -0.00526678 -0.000217864 -0.0039254 -0.00800623 6.91593e-05 -3.43885e-05
internal_weight=9711.28 9488.76 98.1773 9390.58 436.461 304.528 260.416 215.38 131.933 8954.12 641.563 347.705 8312.56 8250.43
internal_count=41378 40390 420 39970 1992 1387 1178 949 605 37978 2752 1506 35226 34943
is_linear=0
shrinkage=0.03


Tree=258
num_leaves=15
num_cat=0
split_feature=12 6 2 5 13 12 13 5 5 7 2 12 4 12
split_gain=5.05113 10.754 33.9255 41.8617 20.521 32.9343 24.6618 16.2001 15.0575 25.0052 14.1896 13.4798 12.0383 18.057
threshold=-0.0058300143913355132 0.0010587418969118863 -0.0006943718814364368 -0.0016890835740843155 0.0049621100733021626 -0.0075518509057517216 0.0067941276408624027 -3.0163141021388725e-05 -0.00074687329883504894 0.70192974411447462 0.0064562082855792466 -0.0084692207718713424 -0.001265806724297269 -0.012781995948304701
decision_type=2 2 2 2 2 2 2 2 2 2 2 2 2 2
left_child=1 2 3 12 7 6 -6 -4 -3 -10 -11 -9 -1 -14
right_child=-2 8 4 -5 5 -7 -8 11 9 10 -12 -13 13 -15
leaf_value=0.0029736624817509579 -0.00055109621132529737 0.00020718117831594431 -0.0067640383040760673 0.013701825243567597 -0.041144101427638732 0.003703213592485106 -0.010783753766354846 -0.004309859153714248 0.013228326567701558 0.0036330858892950299 -0.0056481336821243098 0.016985244673835585 -0.014718400291837212 0.00061551841808562505
leaf_weight=245.667615249753 4368.1453208550811 2547.9057017937303 341.51979842782021 219.24093768000603 48.603067442774773 48.23865769803524 49.624681800603867 50.843202590942383 222.98848669230938 1068.0951473489404 170.26794890314341 52.980758965015411 120.99678023159504 157.42885765433311
leaf_count=1043 18660 10804 1450 932 203 206 212 219 977 4544 746 225 537 651
internal_value=0.000205511 0.000823885 -0.00150653 0.00275809 -0.00685429 -0.0165201 -0.0263273 -0.00361571 0.00160031 0.00402567 0.00234992 0.00667254 -0.00185462 -0.00610566
internal_weight=9712.55 5344.4 1335.14 743.334 591.81 146.466 98.2277 445.344 4009.26 1461.35 1238.36 103.824 524.093 278.426
internal_count=41409 22749 5678 3163 2515 621 415 1894 17071 6267 5290 444 2231 1188
is_linear=0
shrinkage=0.03


Tree=259
num_leaves=15
num_cat=0
split_feature=12 11 13 13 12 3 6 3 6 3 7 13 3 16
split_gain=4.42713 14.8836 7.23674 9.25645 3.87284 16.4685 16.3867 16.1141 28.9362 21.3858 14.5448 12.4751 20.4803 12.9217
threshold=-0.00040292248559165017 74.613215342528022 0.016846741511940214 0.01166346659223705 -0.012781995948304701 -0.0087855780349925788 0.0011408843797552312 -0.0076028463727241943 0.00094428963009326333 -0.0019436063410978031 0.67006432246788816 0.042645524040776379 0.018464164681019749 0.37940952255126054
decision_type=2 2 2 2 2 2 2 2 2 2 2 2 2 2
left_child=4 2 3 -2 6 -6 7 8 -1 10 -9 12 -7 -13
right_child=1 -3 -4 -5 5 11 -8 9 -10 -11 -12 13 -14 -15
leaf_value=0.020280549683670546 -0.0034026456972779543 -0.01603766765916528 -0.0091628504807096077 0.012493053778917605 0.016455249095881929 0.00028916880669540304 0.00035449660754122435 0.0018091252402594477 -0.0070008682978513689 0.0042979140921610886 -0.017136853336401754 -0.0011985901346504709 0.017662173010715775 -0.020603577753145457
leaf_weight=50.328848391771317 67.364152729511261 65.229553982615471 48.083280444145203 61.353790760040283 55.038069188594818 7102.0533859431744 1674.9367607012391 43.720500200986862 103.70717358589172 74.925462171435356 207.46776042878628 77.592775151133537 59.601036049425602 49.599069625139236
leaf_count=212 280 274 212 251 227 29969 7251 197 443 324 917 351 385 234
internal_value=-3.2836e-05 -0.00402265 0.000540013 0.00424931 6.96486e-05 0.000397819 -0.00104799 -0.00592154 0.0020586 -0.00968044 -0.013851 0.000272088 0.000438642 -0.00896747
internal_weight=9741 242.031 176.801 128.718 9498.97 7343.88 2155.09 480.15 154.036 326.114 251.188 7288.85 7161.65 127.192
internal_count=41527 1017 743 531 40510 31166 9344 2093 655 1438 1114 30939 30354 585
is_linear=0
shrinkage=0.03


Tree=260
num_leaves=15
num_cat=0
split_feature=5 3 13 12 3 7 2 4 2 2 5 13 7 7
split_gain=4.05668 12.1455 12.6108 15.5599 16.516 12.986 12.6225 10.8513 10.7932 11.6325 10.036 23.8419 13.5774 34.0923
threshold=-0.0020205306432082844 -0.0082201037680657268 0.0021816489021468937 -0.012639781959943584 -0.0023272811868643574 0.88998134193936418 -0.00024454640058687091 -0.0019342242757017234 -0.001641573551284081 -0.00037599715545388873 -8.4187206915720112e-05 0.0093338139193289722 1.2389813575041846 1.4334428576997758
decision_type=2 2 2 2 2 2 2 2 2 2 2 2 2 2
left_child=-1 -2 3 -3 8 -6 -7 -4 -5 -10 11 12 -9 -14
right_child=1 2 7 4 5 6 -8 10 9 -11 -12 -13 13 -15
leaf_value=-0.00078365397949731956 0.011394277367103715 -0.0090118761020763164 0.0089854579962396468 0.00080301564498843118 0.0098120158203872047 -0.010247624722113413 0.0079499843824552864 -0.0017937641142659068 0.022479842405518733 0.007523731770499361 0.00066506861959974737 -0.011126743717117197 0.014164625035635236 -0.012144769348814781
leaf_weight=2385.190798997879 91.306915581226349 63.08059087395668 120.57553847879171 59.783542156219482 92.053431823849678 102.93092900514603 49.216148614883423 1269.4180609285831 99.226663708686829 92.617847889661789 4909.391853325069 222.08925080299377 147.87605629861355 61.18305216729641
leaf_count=10205 376 268 519 244 394 434 214 5397 409 380 20905 1017 609 249
internal_value=0.000291475 0.000639036 0.000501228 0.00482303 0.00661228 0.00103464 -0.00433434 0.000141016 0.0119744 0.0154115 -2.29887e-05 -0.0020078 -0.000624819 0.00642282
internal_weight=9765.94 7380.75 7289.44 558.909 495.829 244.201 152.147 6730.53 251.628 191.845 6609.96 1700.57 1478.48 209.059
internal_count=41620 31415 31039 2343 2075 1042 648 28696 1033 789 28177 7272 6255 858
is_linear=0
shrinkage=0.03


Tree=261
num_leaves=15
num_cat=0
split_feature=2 10 3 6 13 12 6 16 4 11 12 5 3 6
split_gain=6.95022 12.793 12.4504 11.551 29.5221 15.4635 17.0632 16.636 10.8563 13.4431 10.198 9.79219 14.5491 11.493
threshold=-0.0042353903000219564 0.86353941145766655 -0.0036172322264473862 0.0016032988498710192 0.002305542786308346 -0.019175061342895202 0.0019906832955534914 0.37940952255126054 -0.0029365358734119158 24.471967610052292 -0.038383489992405588 -0.0026568812799461212 -0.0080510522338975831 0.0014528059637793644
decision_type=2 8 2 2 2 2 2 2 2 2 2 2 2 2
left_child=1 -1 3 4 8 7 -7 -5 9 -3 -9 -2 13 -13
right_child=11 2 -4 5 -6 6 -8 10 -10 -11 -12 12 -14 -15
leaf_value=-0.010529944537347779 -0.0033141927364719434 0.0047275584344686032 0.0085166591056027464 -0.0066479896182075606 -0.017888472005213058 0.0013792692637508825 0.020827705079999773 0.018611876991351063 0.0068804810530170863 -0.015516046594116041 -0.00075135432137840477 0.017801710059950539 -0.00020093774181946503 0.00094135453410626089
leaf_weight=65.23693373799324 905.74082323908806 59.834804967045784 268.31021830439568 145.81354669481516 86.833126299083233 77.355621799826622 84.160051971673965 48.843193471431732 163.93368601799011 54.951923549175262 46.92138597369194 70.793327376246452 7582.120376162231 73.225891470909119
leaf_count=296 3898 247 1120 690 374 320 355 220 683 230 216 292 32278 300
internal_value=-8.00585e-05 0.00216108 0.00297823 0.00102785 -0.00282605 0.00451954 0.011644 -0.000300244 0.00196054 -0.00506343 0.00930327 -0.000366661 -2.03511e-05 0.00935945
internal_weight=9734.07 1102.19 1036.96 768.647 365.554 403.094 161.516 241.578 278.72 114.787 95.7646 8631.88 7726.14 144.019
internal_count=41519 4751 4455 3335 1534 1801 675 1126 1160 477 436 36768 32870 592
is_linear=0
shrinkage=0.03


Tree=262
num_leaves=15
num_cat=0
split_feature=12 6 11 6 13 12 13 11 1 16 11 13 5 13
split_gain=5.82483 15.7785 17.0153 11.2031 18.7951 13.8574 11.3094 5.66541 5.53197 22.1122 13.1859 16.5321 7.88081 11.1614
threshold=-0.053271324259882395 0.006986538758529723 45.463494140600254 0.0074373731739061843 0.056539713012860544 -0.043711862297867436 0.04594324507183057 60.305831440232062 -0.0037843463882061275 -0.5 27.59169638162879 0.0017781098109420637 -0.0026568812799461212 0.0045653451343200544
decision_type=2 2 2 2 2 2 2 2 2 2 2 2 2 2
left_child=1 2 -1 4 5 -2 8 -6 9 -7 11 -10 13 -12
right_child=3 -3 -4 -5 7 6 -8 -9 10 -11 12 -13 -14 -15
leaf_value=0.0001863818694389907 -0.013488873524262672 -0.0054253977715579245 0.02364031405266202 0.013678998771546548 -0.016483960763994811 0.01204961293579245 0.012334785504674676 -0.0027926167637237998 0.011720633307390741 -0.012105733817444522 -0.00068258109125155257 -0.0059872963883123246 0.00037045123615666074 -0.0074610016488823655
leaf_weight=53.16506128013134 65.193441838026047 71.928503349423409 56.513231009244919 51.667476877570152 77.633178815245628 45.723892651498318 66.433823391795158 42.748554915189743 178.20645761489868 118.73029147833586 988.13046527653933 62.995960600674152 7567.4464629143476 278.92279663681984
leaf_count=241 290 313 240 233 363 193 288 201 748 526 4180 283 32115 1253
internal_value=0.00011262 0.00540536 0.0124783 1.07947e-05 -6.64695e-05 8.60446e-05 0.000184016 -0.0117471 9.40052e-05 -0.00532564 0.000193362 0.00708457 3.65541e-06 -0.00218416
internal_weight=9725.44 181.607 109.678 9543.83 9492.17 9371.78 9306.59 120.382 9240.16 164.454 9075.7 241.202 8834.5 1267.05
internal_count=41467 794 481 40673 40440 39876 39586 564 39298 719 38579 1031 37548 5433
is_linear=0
shrinkage=0.03


Tree=263
num_leaves=15
num_cat=0
split_feature=11 5 13 6 6 12 16 12 4 4 5 6 13 6
split_gain=3.46722 8.06433 22.7076 26.753 18.0498 20.5428 19.1564 14.5255 11.9909 11.5093 9.81069 8.86407 15.8582 16.4086
threshold=58.458923242909961 0.0022703776865042884 0.0091781955376987207 0.0010545592659391252 0.00083935722783558774 -0.0014794760193628795 0.12940952255126045 -0.0064216578673572102 0.00096475226898318233 0.0018921562007282457 0.0012585562702439603 0.0015879603296843788 0.019605594676835095 0.0011895603845135138
decision_type=2 2 2 2 2 2 2 2 2 2 2 2 2 2
left_child=-1 2 3 4 5 8 -6 -4 -2 10 -5 12 -3 -14
right_child=1 11 7 9 6 -7 -8 -9 -10 -11 -12 -13 13 -15
leaf_value=0.00042687185684799176 -0.0010992070719164709 0.003431258159921425 -0.0015210152607920235 0.0035023827061474995 -0.022123998586508545 -0.015416690621643383 -0.0021525822303225081 -0.020104123588865763 0.017546263584153586 -0.0038538497354221064 0.01675566608853377 -0.0027102792454072587 -0.02233977078799159 0.00039979824099316323
leaf_weight=7378.209180213511 70.109340652823448 880.44149872660637 60.131673321127892 106.58745893836021 93.695698872208595 49.320569664239883 79.699286133050919 101.81638379395008 53.395053341984749 74.083649307489395 95.476873263716698 546.16904902458191 43.659432366490364 76.074758425354958
leaf_count=31501 302 3602 251 450 393 216 334 435 229 310 403 2456 210 326
internal_value=0.000108232 -0.000899994 -0.00337367 -0.000754565 -0.00629348 0.000580694 -0.0130736 -0.0133069 0.007113 0.00618516 0.0098675 0.000357405 0.00203465 -0.00812267
internal_weight=9708.87 2330.66 784.316 622.368 346.22 172.825 173.395 161.948 123.504 276.148 202.064 1546.34 1000.18 119.734
internal_count=41418 9917 3323 2637 1474 747 727 686 531 1163 853 6594 4138 536
is_linear=0
shrinkage=0.03


Tree=264
num_leaves=15
num_cat=0
split_feature=1 16 11 10 7 7 7 11 17 1 5 6 12 3
split_gain=4.04962 12.2018 9.93222 9.8924 8.94517 12.356 6.34682 10.0661 24.0459 8.9062 8.21634 19.1244 14.1298 10.4877
threshold=0.003796228359556703 -0.70710678118654735 76.701081421091274 0.96476377199300756 1.0259649984549106 1.3000341803227144 1.7821377522399442 23.424472120412222 1.0000000180025095e-35 -0.0009500334471371773 0.0051505721863607254 0.0025416890793619139 -0.0048758672838204445 0.0087919513752420814
decision_type=2 2 2 8 2 2 2 2 2 2 2 2 2 2
left_child=2 -2 6 -3 -5 -6 7 8 -1 -8 -9 12 -12 -14
right_child=1 3 -4 4 5 -7 9 10 -10 -11 11 -13 13 -15
leaf_value=-0.0018123658055311917 -0.0079998953893030984 -0.0038192436248456712 -0.0097729483978540033 0.02169824423036678 -0.0045407372081529476 0.014060258825063321 -0.016531138917473116 -0.00017402454048498061 0.024081022388969937 -0.0001077987662191071 0.023173342352558 -0.0051919141971417306 0.017797836078693244 0.0018809663204445277
leaf_weight=82.48183736205101 63.119677558541298 58.785256668925285 91.610428549349308 44.064936727285385 54.993128895759583 72.831989668309689 47.662273280322552 8698.5342666208744 50.763211756944656 74.062145553529263 48.570429652929306 127.92527350783348 46.119768425822258 167.69570045918226
leaf_count=363 275 265 387 187 236 338 220 36887 217 326 260 588 192 743
internal_value=5.87886e-05 0.00351524 -4.95585e-05 0.00670781 0.0103105 0.00611104 4.78444e-05 0.000138368 0.00826263 -0.00670178 1.74723e-05 0.00426433 0.00887909 0.00544734
internal_weight=9729.22 293.795 9435.43 230.675 171.89 127.825 9343.81 9222.09 133.245 121.724 9088.85 390.311 262.386 213.815
internal_count=41484 1301 40183 1026 761 574 39796 39250 580 546 38670 1783 1195 935
is_linear=0
shrinkage=0.03


Tree=265
num_leaves=15
num_cat=0
split_feature=5 12 13 7 3 7 6 13 3 13 7 3 13 7
split_gain=4.80883 20.9994 20.1271 19.0856 16.1825 11.4152 18.3343 31.7652 21.9015 18.8425 20.1201 19.3545 16.8879 21.067
threshold=0.0013559493775464617 -0.0017669724590259059 0.0049621100733021626 0.89535630486162476 0.0080517703236248645 0.95612125306751805 0.0015956719393053407 0.021144185280087772 0.0090064424585807341 0.010600153455639251 0.99820544588926674 0.0031878074089110799 0.042645524040776379 1.2079225719136741
decision_type=2 2 2 2 2 2 2 2 2 2 2 2 2 2
left_child=1 4 -2 -3 -1 -4 9 8 -8 -7 -11 -12 -9 -14
right_child=2 3 5 -5 -6 6 7 12 -10 10 11 -13 13 -15
leaf_value=-0.0002956998288758136 0.018765408972113824 -0.022731544991635173 0.0023577405447076636 -0.0021449587895796367 -0.015920652639299513 -0.0031242581733728621 -0.0063980270426482145 0.0088606125274517996 -0.022672444946170531 -0.008335868496012545 0.024847694410287235 0.0054341225337614799 -0.016433163406153473 0.0087507904400795818
leaf_weight=6431.4235733225942 52.638024359941483 71.026305973529816 1426.1584317237139 92.129443675279617 58.215328231453896 451.07339972257614 297.45583997666836 162.34870707988739 98.519742891192436 80.852007016539574 50.937994107604027 383.14226301014423 69.170783177018166 49.870269730687141
leaf_count=27424 220 348 6024 416 252 1844 1249 812 442 334 208 1573 325 221
internal_value=-0.000253928 -0.000709704 0.000717083 -0.0112736 -0.000440725 0.000395563 -0.00130806 -0.00508472 -0.0105407 0.00134517 0.00525727 0.00781576 0.00261327 -0.0059125
internal_weight=9774.96 6652.79 3122.17 163.156 6489.64 3069.53 1643.37 677.365 395.976 966.006 514.932 434.08 281.39 119.041
internal_count=41692 28440 13252 764 27676 13032 7008 3049 1691 3959 2115 1781 1358 546
is_linear=0
shrinkage=0.03


Tree=266
num_leaves=15
num_cat=0
split_feature=13 6 3 7 6 7 16 13 6 6 2 3 7 3
split_gain=5.38966 11.3389 17.5021 18.0506 14.0724 18.2939 16.16 12.1524 11.3838 11.3634 15.719 29.3282 18.4389 13.9683
threshold=0.0049621100733021626 0.0015256035668799806 -0.00012665413612311657 0.67389636863669444 0.00089782501028189783 1.0231954290821259 1.0000000180025095e-35 0.0040885720440347892 0.00069283573236881104 0.0020572594946731177 -0.0042353903000219564 -0.01683356349497683 1.0891768527248409 -0.0051985846213444716
decision_type=2 2 2 2 2 2 2 2 2 2 2 2 2 2
left_child=1 2 -1 -4 5 6 -5 -6 -7 13 11 -11 -12 -3
right_child=-2 9 3 4 7 8 -8 -9 -10 10 12 -13 -14 -15
leaf_value=-0.0011730712661639894 -0.00059693356886806812 0.0019342016329245365 -0.010092559545718272 0.014466787641006762 -0.004648881802091896 0.0096644256879325884 -0.0030418965296056706 0.0089317756228817283 0.029961571433592616 -0.0075801902213249077 0.0032675639302363123 0.020892756421305024 -0.017232112747316664 0.011248960125531744
leaf_weight=2399.2455840110779 5876.4752627462149 313.94486344605684 65.504753604531288 86.539448514580727 140.80040226876736 48.955898582935333 100.99874334037304 99.448056071996689 55.094736650586128 63.557685390114784 74.83649255335331 63.115040943026543 80.35069777071476 268.70291885733604
leaf_count=10114 25182 1313 283 383 606 220 446 416 235 335 312 268 335 1112
internal_value=-2.49034e-05 0.000845568 -2.84139e-05 0.00455772 0.0063932 0.0107997 0.00510488 0.001 0.0207741 0.00386807 -0.00107277 0.00671077 -0.00743068 0.00625373
internal_weight=9737.57 3861.1 2996.59 597.342 531.837 291.589 187.538 240.248 104.051 864.508 281.86 126.673 155.187 582.648
internal_count=41560 16378 12703 2589 2306 1284 829 1022 455 3675 1250 603 647 2425
is_linear=0
shrinkage=0.03


Tree=267
num_leaves=15
num_cat=0
split_feature=12 6 6 12 7 13 12 7 12 6 3 3 3 3
split_gain=5.7984 24.6006 25.4685 22.7195 13.8231 20.3316 13.8415 13.056 12.6046 14.7793 31.2412 22.3249 16.9942 17.8346
threshold=-0.017046043510534622 0.0020032847684048703 0.0034733181814937033 -0.020070793975248798 1.2338643112779974 0.017102651000198924 -0.065257724317744056 0.63705561799167698 -0.013647460255229281 0.001905436848521722 -0.0010501558797971764 -0.0070300048365983794 -0.0073142485063515386 -0.011027100577224806
decision_type=2 2 2 2 2 2 2 2 2 2 2 2 2 2
left_child=1 7 3 -3 5 6 -4 -1 9 10 12 -11 13 -2
right_child=8 2 4 -5 -6 -7 -8 -9 -10 11 -12 -13 -14 -15
leaf_value=0.020907012255376452 -0.018292924832016253 -0.020009007870220752 0.024811119178477878 0.0049459711395606542 -0.012116856129040204 -0.0017817812783172508 0.0043528489568242616 0.004652332553112027 -4.4009674820841207e-05 0.018166397694704607 0.010684247501764438 -0.0062108040713577473 -0.014299262069168629 0.0010576565560476668
leaf_weight=46.469263583421707 53.226023808121681 112.15001476556063 51.786717593669891 45.135235503315926 57.213729947805405 224.7865651845932 69.016651317477226 579.10839229077101 7807.570903904736 59.460281208157539 82.748542487621307 73.536875948309898 261.85545027256012 190.6838705688715
leaf_count=197 224 587 240 188 251 964 293 2446 33149 249 386 317 1151 811
internal_value=-0.000121669 0.00184229 -0.00271991 -0.0128756 0.00128967 0.00356613 0.0133843 0.00592255 -0.000395055 -0.00418314 -0.00622156 0.00479541 -0.00901871 -0.00327946
internal_weight=9714.75 1185.67 560.089 157.285 402.804 345.59 120.803 625.578 8529.08 721.511 588.514 132.997 505.765 243.91
internal_count=41453 5166 2523 775 1748 1497 533 2643 36287 3138 2572 566 2186 1035
is_linear=0
shrinkage=0.03


Tree=268
num_leaves=15
num_cat=0
split_feature=3 10 13 13 7 6 7 6 3 7 7 11 13 6
split_gain=5.47195 15.9297 13.7054 26.8443 21.6857 24.6665 21.0914 26.0454 19.2675 11.2756 14.5899 17.6972 12.6928 26.7534
threshold=0.0071817310834617074 0.83671562007480516 0.017656859563668473 0.013989475055579572 0.8606677556054686 0.0054623552234690041 0.854735566193778 0.0013718738211138638 0.0024516406677201137 1.3857641503743212 1.7168468014859977 71.907884751574002 0.01311390740801144 0.0010511432588240709
decision_type=2 8 2 2 2 2 2 2 2 2 2 2 2 2
left_child=1 -1 3 -3 -4 -6 7 8 -5 12 11 -11 13 -2
right_child=9 2 4 6 5 -7 -8 -9 -10 10 -12 -13 -14 -15
leaf_value=0.011934905524421079 0.0062404089983771329 -4.4601862039982598e-05 -0.012745542629531195 -0.008180888404725209 0.0072639258806536811 -0.016413755820263991 0.01376837798874566 -0.018123520444227215 0.0157184972744422 0.018267937971263113 -0.0059295838997861002 -0.0035338012163215766 -0.0016570838645371714 -0.018276235074799346
leaf_weight=101.47239916026592 58.00655697286129 7543.555704370141 185.82683847844601 45.911856338381767 155.65373295545578 50.890827983617783 230.99262808263302 49.060505911707878 82.20174852013588 86.662979453802109 78.854401983320713 52.96273659914732 864.13722440600395 121.77541297674179
leaf_count=437 235 32033 815 213 653 223 976 221 343 432 369 246 3727 511
internal_value=-3.92728e-05 0.000236231 9.11378e-05 0.000361787 -0.0053678 0.00132848 0.00783608 3.44206e-05 0.00715962 -0.00187988 0.00429077 0.010065 -0.00317706 -0.0103843
internal_weight=9707.97 8445.57 8344.09 7951.72 392.371 206.545 408.167 177.174 128.114 1262.4 218.48 139.626 1043.92 179.782
internal_count=41434 35914 35477 33786 1691 876 1753 777 556 5520 1047 678 4473 746
is_linear=0
shrinkage=0.03


Tree=269
num_leaves=15
num_cat=0
split_feature=12 7 5 6 12 4 12 6 1 5 6 2 5 5
split_gain=6.38447 6.33326 5.8287 14.8019 12.3149 11.8274 14.4076 26.9792 12.903 14.3384 11.0445 35.1942 44.0165 21.6778
threshold=-0.00022219962155622938 1.0231954290821259 0.0020260819162601922 0.0016690292434136448 -0.0063448199952246811 0.0037343331026571396 -0.0012211601322059671 0.00094428963009326333 0.00021603730725303086 0.0034484131004086653 0.0010353106901177128 -0.0006943718814364368 -0.0017636764958219307 0.00077512331745699392
decision_type=2 2 2 2 2 2 2 2 2 2 2 2 2 2
left_child=2 -2 4 5 10 6 7 -4 -8 -10 11 12 -1 -12
right_child=1 -3 3 -5 -6 -7 8 -9 9 -11 13 -13 -14 -15
leaf_value=-0.002524112040906809 -0.00055120548812830224 -0.014063022352172357 0.019115583899536708 -0.002010584808154085 -0.0020212469695833368 0.013718732943734806 -0.0091633167320887346 0.0027818317178134769 0.0074752664769539064 -0.0046144567446497605 0.00063534667293213196 -0.008222163554078234 0.014926219070228036 0.0092625357319418341
leaf_weight=443.83368529379368 67.451083406805992 56.399138376116753 101.16450117528439 786.28015353530645 2758.6923972815275 86.588307246565819 144.77707269787788 782.64242409169674 174.40607884526253 174.86511786282063 3203.5044004246593 476.9343459457159 181.77961257100105 283.53312872350216
leaf_count=1897 286 236 419 3559 11863 358 601 3245 716 723 13610 2030 775 1199
internal_value=-0.000116764 -0.00682995 -2.87429e-05 0.00130633 -0.000437909 0.00308753 0.00240052 0.0046904 -0.00169826 0.00143065 0.000514265 -0.00210048 0.0025777 0.00134174
internal_weight=9722.85 123.85 9599 2250.72 7348.28 1464.44 1377.86 883.807 494.048 349.271 4589.59 1102.55 625.613 3487.04
internal_count=41517 522 40995 9621 31374 6062 5704 3664 2040 1439 19511 4702 2672 14809
is_linear=0
shrinkage=0.03


Tree=270
num_leaves=15
num_cat=0
split_feature=3 5 2 2 16 5 4 13 2 1 13 6 2 3
split_gain=7.28945 9.71856 11.345 14.0501 9.50379 15.1194 9.8229 18.1789 11.9354 11.7715 10.6559 24.7575 35.5315 16.8096
threshold=-0.00717886935671004 -0.0016890835740843155 -0.0010452810183187997 -0.00015140927577082794 0.12940952255126045 -0.0040989543797915742 -0.0016009413536683945 0.042645524040776379 -0.0020495002639706601 0.00034784177960442425 0.0068650030284072025 0.0010659078513792517 -6.7460764088256284e-05 0.0012272384928500443
decision_type=2 2 2 2 2 2 2 2 2 2 2 2 2 2
left_child=1 2 -1 -4 5 -2 -6 8 9 -8 11 -10 -13 -12
right_child=4 -3 3 -5 6 -7 7 -9 10 -11 13 12 -14 -15
leaf_value=0.0028151150590584794 -0.010149929212591197 0.010600725007245324 -0.014107026725389183 0.00079805462382522626 0.0030818473627025771 0.00085749030313736409 -0.0094345847613900146 -0.015276764705541814 -0.0022330105097582219 0.0011312137016452691 -0.0082368160608047945 -0.002767133770525163 0.013243497789856328 -0.0008880362533165673
leaf_weight=925.67530005425215 113.19244486093521 108.40573526918888 85.166597463190556 163.45251438766718 386.99087593704462 4489.9205827862024 305.15774127840996 87.72928661108017 764.28957641124725 136.75980885326862 355.91049195826054 219.11474665999413 285.87954756617546 1292.0015598386526
leaf_count=4006 478 447 363 728 1638 19095 1303 407 3297 577 1591 909 1199 5467
internal_value=-1.58064e-05 0.00208942 0.001287 -0.00437964 -0.00033629 0.000582523 -0.0014392 -0.00194829 -0.0015913 -0.00617443 -0.000893266 0.00117169 0.00631305 -0.00248326
internal_weight=9719.65 1282.7 1174.29 248.619 8436.95 4603.11 3833.83 3446.84 3359.11 441.918 2917.2 1269.28 504.994 1647.91
internal_count=41505 5544 5097 1091 35961 19573 16388 14750 14343 1880 12463 5405 2108 7058
is_linear=0
shrinkage=0.03


Tree=271
num_leaves=15
num_cat=0
split_feature=5 12 11 13 6 13 12 11 2 12 17 7 12 7
split_gain=9.12688 15.9584 13.9775 13.2577 15.5382 11.8578 17.1823 16.3313 10.6094 9.85667 9.15596 13.7513 16.4808 15.6837
threshold=0.00046567950573583877 -0.0028558933358846512 47.899929146561725 0.0063293053121815665 0.00072419236118243923 0.012040672293540335 -0.0098778054454072822 43.638947479406077 -0.0021315514624650196 -0.065257724317744056 -0.70710678118654757 0.68457184206816113 -0.0061435265795001795 0.72876147078541709
decision_type=2 2 2 2 2 2 2 2 2 2 2 2 2 2
left_child=1 5 8 4 -3 9 -7 -8 -2 -1 -4 12 -12 -13
right_child=2 3 10 -5 -6 6 7 -9 -10 -11 11 13 -14 -15
leaf_value=0.012947919921918386 -0.0032908044779620563 -0.013628881115422658 0.0028600456867391294 -0.022149002022682232 0.0085683619705543262 -0.00042580532197755266 -0.0054224997802109478 -0.024311231811712616 0.010989352999460562 -0.00046847601614239651 0.015525511345026253 -0.010809346539924913 0.0008901485966763521 -0.00062756101318228589
leaf_weight=47.788574397563934 60.449895456433296 63.950981661677361 998.40867032110691 53.561965346336365 48.033746749162674 245.31725510954857 109.56037469208241 65.588043674826622 194.45773756504059 4867.6769215241075 97.388697996735573 142.12644968926907 229.24175144731998 2469.7335565462708
leaf_count=224 258 297 4250 272 218 1051 501 300 808 20683 429 613 981 10511
internal_value=-0.000230665 -0.00103404 0.000823708 -0.010151 -0.00412451 -0.000747492 -0.00557062 -0.0126904 0.00760364 -0.000332828 0.000381081 -0.000462568 0.00532178 -0.00118946
internal_weight=9693.28 5501.48 4191.81 165.547 111.985 5335.93 420.466 175.148 254.908 4915.47 3936.9 2938.49 326.63 2611.86
internal_count=41396 23546 17850 787 515 22759 1852 801 1066 20907 16784 12534 1410 11124
is_linear=0
shrinkage=0.03


Tree=272
num_leaves=15
num_cat=0
split_feature=12 6 6 3 3 2 12 3 12 18 6 3 6 6
split_gain=4.49154 16.6347 29.1131 10.6826 14.4214 11.2003 19.68 12.7722 15.9018 10.6647 10.4441 10.2923 32.3731 22.7429
threshold=-0.016795703152161331 0.0020032847684048703 0.0027307240018005366 -0.0028027458105726317 -0.0052949813032795992 -0.001934649394300658 -0.022190038227413996 -0.011983725487517636 -0.021616861201805723 8.8483578187488714 0.0014070822155195686 -0.0078886002715775321 0.0020572594946731177 0.00097987704383170702
decision_type=2 2 2 2 2 2 2 2 2 2 2 2 2 2
left_child=1 3 -3 4 5 7 -7 -1 -9 11 -6 12 13 -2
right_child=9 2 -4 -5 10 6 -8 8 -10 -11 -12 -13 -14 -15
leaf_value=0.0010120657377619502 0.01652816480908138 -0.014578688756365655 0.001492267397902595 0.013873135500807598 -0.016841953679914659 -0.015012437896716262 0.006778244726637195 0.023810469503756312 0.0061088858106146783 -0.014112641438082572 0.002297639705626671 -0.00052017011505696821 0.024727280870219349 -0.0027726181372103422
leaf_weight=120.18529791384935 65.744170606136322 129.3736462816596 444.07805674523115 97.407550528645515 48.050754129886627 56.381714046001434 101.34455217421055 77.364096894860268 112.21293285489082 48.479022368788719 51.790768325328827 8019.4728661477566 57.899157881736755 288.96586219966412
leaf_count=522 275 651 1934 427 203 252 417 320 462 225 213 34161 244 1202
internal_value=-0.000117848 0.00156852 -0.00217149 0.00479176 0.00318928 0.00539973 -0.00110162 0.00869595 0.0135058 -0.000364375 -0.00706353 -0.000282003 0.00432719 0.000877322
internal_weight=9718.75 1238.19 573.452 664.738 567.33 467.489 157.726 309.762 189.577 8480.56 99.8415 8432.08 412.609 354.71
internal_count=41508 5401 2585 2816 2389 1973 669 1304 782 36107 416 35882 1721 1477
is_linear=0
shrinkage=0.03


Tree=273
num_leaves=15
num_cat=0
split_feature=5 13 6 13 1 3 16 7 6 7 6 7 5 13
split_gain=3.64134 13.5394 13.0321 16.906 17.1327 12.9695 9.59758 11.5558 9.02629 13.9293 27.5476 8.92531 11.7265 10.9382
threshold=-0.001021013332540843 0.0028729746760514101 0.00073343601475603251 0.0016139006900326438 -0.00043147320759594204 -0.0070300048365983794 0.37940952255126054 0.67389636863669444 0.0010735388326184637 0.9870709402774881 0.00081196612855315327 1.3857641503743212 -0.0082960969527869893 0.0018668716050941339
decision_type=2 2 2 2 2 2 2 2 2 2 2 2 2 2
left_child=2 8 3 4 -1 -3 -4 -8 9 -2 -11 12 -9 -13
right_child=1 5 6 -5 -6 -7 7 11 -10 10 -12 13 -14 -15
leaf_value=-0.014530558554451001 -0.0014589305534536033 0.012958961514694518 -0.0016582007595049848 -0.020636597700591054 0.0089334836763352576 -0.00014343568771229827 -0.0073248778906682454 0.015699622549496625 0.015858285443557146 0.023338264898512852 -0.0038569960384098254 -0.013331409671507232 0.0027729712068038023 0.0025369434878444999
leaf_weight=48.282075241208076 193.16332972049713 66.807735279202461 2075.9120144844055 65.091112285852432 61.259495288133621 5741.1270881295204 114.44757722318172 66.108873046934605 64.519677340984344 72.253968954086304 60.213254570960999 64.020753607153893 898.94072456657887 94.601284392178059
leaf_count=201 822 277 8852 289 259 24556 499 297 282 322 252 271 3775 427
internal_value=-6.03828e-05 0.000375974 -0.0008354 -0.00877545 -0.00148374 1.16882e-05 -0.00041196 0.00167687 0.00577116 0.00368791 0.0111031 0.0026051 0.00368912 -0.00395386
internal_weight=9686.75 6198.09 3488.66 174.633 109.542 5807.93 3314.03 1238.12 390.15 325.631 132.467 1123.67 965.05 158.622
internal_count=41381 26511 14870 749 460 24833 14121 5269 1678 1396 574 4770 4072 698
is_linear=0
shrinkage=0.03


Tree=274
num_leaves=15
num_cat=0
split_feature=13 6 12 13 13 7 12 11 12 6 2 6 2 7
split_gain=5.71937 13.6022 11.7185 10.9853 11.2416 18.575 18.2065 23.8444 16.6572 32.7821 32.1363 45.094 25.8351 18.7289
threshold=0.016405110105930269 0.00099884244039009267 -0.065257724317744056 0.01311390740801144 0.0091026140445013021 0.96577858103405989 -0.0048141406555728952 56.54045546018471 -0.0062812682561648172 0.0019357283584298059 0.00069726900812364112 0.0013048739879681487 0.003106206695014269 0.69207165245215541
decision_type=2 2 2 2 2 2 2 2 2 2 2 2 2 2
left_child=3 -2 -3 4 -1 8 7 -7 -6 10 13 12 -12 -10
right_child=1 2 -4 -5 5 6 -8 -9 9 -11 11 -13 -14 -15
leaf_value=0.00058297419152211066 -0.013517242200601702 -0.015553858966477652 -0.00036809438724331057 0.0037763963574280256 0.00056975600894484143 -0.00026436414617100868 0.0049403912558077306 -0.022209186166907442 0.019051679712441042 -0.032058217505639995 -0.026166098388652598 0.0092486790885406844 -0.0010003946421551432 -0.0024816168297314982
leaf_weight=6166.9910698905587 80.939911127090454 45.591527923941612 1175.2126269340515 773.83518445491791 251.9611636698246 201.21126844733953 429.73574909567833 55.256705611944199 48.362061396241188 47.660171031951904 147.32784953713417 61.226991131901741 48.90019166469574 129.36885870993137
leaf_count=26213 365 195 5199 3275 1088 840 1793 232 213 213 633 254 199 574
internal_value=8.81289e-05 -0.00176007 -0.000959726 0.000376202 2.85418e-05 -0.00237506 0.00117349 -0.0051277 -0.00568307 -0.00893484 -0.00626737 -0.0130022 -0.0199682 0.00352457
internal_weight=9663.58 1301.74 1220.8 8361.84 7588 1421.01 686.204 256.468 734.807 482.846 435.186 257.455 196.228 177.731
internal_count=41286 5759 5394 35527 32252 6039 2865 1072 3174 2086 1873 1086 832 787
is_linear=0
shrinkage=0.03


Tree=275
num_leaves=15
num_cat=0
split_feature=2 16 7 10 2 5 3 11 10 11 3 13 7 13
split_gain=4.53458 14.5801 12.5636 8.13828 19.195 7.35368 15.4659 9.43353 9.20659 8.78046 7.23105 7.4104 9.67725 6.20889
threshold=-0.0064319563185815656 0.12940952255126045 1.60154328980356 1.1801280924308466 -0.0096000382127573083 -0.0046889430299588688 -0.013189449723514267 36.924891961179611 0.73025663757620074 43.057535523762461 -0.010696403526369884 0.062403135866360045 1.0564268073444703 0.0021816489021468937
decision_type=2 2 2 8 2 2 2 2 10 2 2 2 2 2
left_child=1 2 3 -1 -5 7 -7 -2 9 -9 -8 -12 -13 -3
right_child=5 13 -4 4 -6 6 10 8 -10 -11 11 12 -14 -15
leaf_value=0.0033126082370127708 0.00098936961326962121 0.0018789387712538463 0.010883202685222831 -0.021012592923335408 -6.4025107551429227e-05 0.014569853904350545 -0.0095931710793231029 -0.0068923464423043057 0.0017140071803397128 -0.023099117822567922 0.0002075798880125382 -0.015839972254994509 0.0027948578736469404 0.011586275689762334
leaf_weight=74.624175682663918 159.5157688036561 95.141479223966599 54.861930303275585 64.315607704222202 96.899223566055298 64.387356802821159 67.643046975135803 81.510031081736088 51.523094445466995 48.293344080448151 8587.095461435616 56.860804975032806 42.795748367905617 159.44181948900223
leaf_count=330 670 406 240 315 408 268 284 354 224 251 36517 288 199 709
internal_value=0.000135476 0.00278814 -0.00180091 -0.00481826 -0.0085764 -2.30145e-05 0.000144536 -0.0043337 -0.00897619 -0.0131811 3.51366e-05 0.000112302 -0.00794003 0.00800143
internal_weight=9704.91 545.284 290.701 235.839 161.215 9159.62 8818.78 340.842 181.326 129.803 8754.4 8686.75 99.6566 254.583
internal_count=41463 2408 1293 1053 723 39055 37556 1499 829 605 37288 37004 487 1115
is_linear=0
shrinkage=0.03


Tree=276
num_leaves=15
num_cat=0
split_feature=2 6 5 4 12 16 6 6 12 3 5 3 7 2
split_gain=5.2302 22.165 21.6562 18.8257 18.4455 26.5311 16.894 16.5024 26.345 16.9437 15.3384 16.0521 14.8089 28.3949
threshold=-0.00088677430238166593 0.0010774230277334964 -0.0017636764958219307 -0.0013477440168383479 -0.006806432848684151 0.25881904510252091 0.00082453094411203472 0.0010266939965058945 -0.0086926243250892692 0.00018054591588773097 -0.0031345164206035832 -0.0063925842858838918 1.0494744527410511 -0.001641573551284081
decision_type=2 2 2 2 2 2 2 2 2 2 2 2 2 2
left_child=1 2 3 6 -3 -6 -1 8 9 -2 11 -8 -4 -14
right_child=7 4 12 -5 5 -7 10 -9 -10 -11 -12 -13 13 -15
leaf_value=-0.0099652700720497256 -0.0069036028814234611 0.00049747839380405771 0.010719268096845347 -0.0050113378420212308 -0.00061648329747874685 -0.014896831360255439 0.012297960959992027 0.00052273411204093053 -0.0012424291490493527 -0.023409970138489625 0.019844138368643623 -0.007650255648731682 -0.011070200284153843 0.013852015002782842
leaf_weight=48.485886737704277 276.86514700949192 2070.9427656382322 466.78355100750923 311.96978424489498 316.18030425906181 184.12418162822723 78.763355016708374 3948.1182721853256 1660.5450648963451 69.244322404265404 77.776988595724106 64.137422800064087 89.021165654063225 73.085518285632133
leaf_count=208 1178 8842 2026 1337 1348 787 331 16815 7151 305 328 276 370 312
internal_value=-4.92888e-05 0.000823033 0.00416768 -1.05502e-05 -0.000752967 -0.00591039 0.00577974 -0.000603302 -0.00281711 -0.0103215 0.00929757 0.00336269 0.00801642 0.000197818
internal_weight=9736.04 3781.27 1210.02 581.133 2571.25 500.304 269.164 5954.77 2006.65 346.109 220.678 142.901 628.89 162.107
internal_count=41614 16165 5188 2480 10977 2135 1143 25449 8634 1483 935 607 2708 682
is_linear=0
shrinkage=0.03


Tree=277
num_leaves=15
num_cat=0
split_feature=5 11 12 6 5 6 2 7 5 13 7 12 13 3
split_gain=5.54231 12.534 20.0816 25.8019 21.9269 14.6025 38.455 19.0214 18.2334 17.3489 15.2874 13.0344 12.7072 17.4845
threshold=-0.001021013332540843 58.458923242909961 -0.0080404642929551278 0.0022232483270486817 0.0048377430873061131 0.00099884244039009267 -6.7460764088256284e-05 0.90833432581529083 0.00059857400373242175 0.0023959002979589976 0.68090261263285612 -0.0015623088381049863 0.01018054684021308 0.0042461675281546271
decision_type=2 2 2 2 2 2 2 2 2 2 2 2 2 2
left_child=-1 2 3 -2 5 6 -4 10 9 -8 -7 -10 -9 -14
right_child=1 -3 4 -5 -6 7 8 12 11 -11 -12 -13 13 -15
leaf_value=-0.00079933564589661373 0.0084913621809930961 -0.0010522790374361563 0.0088005682273152881 -0.0034358059683818869 0.017382077028053191 0.0024327254955181124 0.0046958426340578605 -0.0015933499830147928 0.0072443252584339125 -0.012508987374240743 -0.0079556446338463361 -0.0051377944734368334 0.012429785169128746 6.103435502466006e-05
leaf_weight=3475.6929973736405 685.55587719380856 2310.7411306574941 519.9692450016737 212.83264879882336 66.094059035181999 167.66875383257866 70.052970618009567 696.96691113710403 196.59919883310795 201.10268464684486 519.77385474741459 122.68119566142559 168.35501126945019 259.66084212064743
leaf_count=14834 2937 9838 2262 934 332 724 299 2889 832 917 2221 540 714 1073
internal_value=0.000159289 0.000696943 0.00173674 0.0056644 0.000553197 0.00016102 0.00286721 -0.00149829 -0.00237009 -0.00806229 -0.00542219 0.00248422 0.000904848 0.00496132
internal_weight=9673.75 6198.05 3887.31 898.389 2988.92 2922.83 1110.41 1812.43 590.436 271.156 687.443 319.28 1124.98 428.016
internal_count=41346 26512 16674 3871 12803 12471 4850 7621 2588 1216 2945 1372 4676 1787
is_linear=0
shrinkage=0.03


Tree=278
num_leaves=15
num_cat=0
split_feature=12 6 6 12 3 7 3 13 6 13 3 3 7 7
split_gain=4.33261 22.3343 27.2146 13.8738 21.5652 22.8102 18.589 24.6713 18.141 22.6321 19.67 15.5639 9.78525 9.29883
threshold=-0.016795703152161331 0.0020431536617839595 0.0027307240018005366 -0.013647460255229281 -0.0076028463727241943 0.9608335451012715 -0.0011661137888137605 0.005934554411346272 0.0011177774017531613 0.0047338385482350595 -0.0045682115404903287 -0.011027100577224806 0.80193153596066236 1.167742117291245
decision_type=2 2 2 2 2 2 2 2 2 2 2 2 2 2
left_child=1 12 13 4 5 -2 8 -8 -6 10 -10 -7 -1 -3
right_child=3 2 -4 -5 6 11 7 -9 9 -11 -12 -13 -14 -15
leaf_value=0.010039113420078065 -0.0074526973961071968 -0.02559796166960996 0.0007894577356083709 0.00027748142322301154 -0.020876697027095176 -0.002644787226562867 0.018886774221886511 -0.008911846374090442 0.011445959918940729 -0.022183311928791326 -0.012654701962283299 0.017714893267381911 0.0026540589299333161 -0.0081623873106898611
leaf_weight=254.71161194145679 111.9681092351675 46.4942467212677 433.30817367136478 7790.3875264599919 127.0045830309391 51.910675197839737 44.324314177036285 73.716526389122009 70.010757848620415 51.301154181361198 50.860581398010254 92.387636855244637 441.03550464659929 70.541513964533806
leaf_count=1074 479 205 1889 33128 586 219 208 337 297 217 213 387 1881 390
internal_value=0.000163242 0.00181332 -0.00269725 -8.00612e-05 -0.00420444 0.00263338 -0.00839693 0.00166729 -0.0123525 -0.00589702 0.0012639 0.0104546 0.00537874 -0.0154026
internal_weight=9709.96 1246.09 550.344 8463.87 673.484 256.266 417.218 118.041 299.177 172.172 120.871 144.298 695.747 117.036
internal_count=41510 5439 2484 36071 2943 1085 1858 545 1313 727 510 606 2955 595
is_linear=0
shrinkage=0.03


Tree=279
num_leaves=15
num_cat=0
split_feature=0 11 6 12 5 6 5 2 13 6 13 7 5 7
split_gain=4.26713 4.95125 10.418 14.6274 16.3278 9.76498 27.1133 15.6756 13.8767 12.9387 12.4695 25.777 22.5299 18.0716
threshold=0.0024229688518285224 58.458923242909961 0.00074192833204243661 -0.00075184702399588843 0.0013559493775464617 0.0010266939965058945 0.0023597882044581468 0.0010489380871758598 0.015968607963015583 0.00082909935764949034 0.010491882954450695 1.033334130647239 0.0024596715890521374 1.342581377124356
decision_type=2 2 2 2 2 2 2 2 2 2 2 2 2 2
left_child=1 -1 3 4 -3 6 7 -4 -8 -9 11 -7 -12 -13
right_child=-2 2 5 -5 -6 10 8 9 -10 -11 12 13 -14 -15
leaf_value=0.0001954828990001563 0.0044253385916151883 0.00029596187090352282 0.0027005703994677178 -0.0074171476618675033 0.023026741225622687 0.0083757949159345476 0.0048909183591782689 -0.0027202549754346381 -0.010960585192038503 -0.019574926520396812 -0.018454588638404931 -0.0091593467178749995 -0.0015212709652248307 0.0072034562750093629
leaf_weight=7270.0240958482027 182.30585918575525 56.143418654799461 52.027063071727753 50.066697284579277 55.749366119503975 321.0704355686903 213.19029571115971 54.970488727092743 62.65219421684742 167.88419324159622 75.302785739302635 192.05084533989429 836.37993010133505 86.688337996602058
leaf_count=31097 803 250 221 214 234 1360 868 237 277 710 314 795 3637 355
internal_value=-9.58055e-05 -0.000183533 -0.00142146 0.00585999 0.0118268 -0.00199845 -0.00541082 -0.0120432 0.00123758 -0.0154786 -0.000749617 0.00260457 -0.00295726 -0.00405542
internal_weight=9676.51 9494.2 2224.18 161.959 111.893 2062.22 550.724 274.882 275.842 222.855 1511.49 599.81 911.683 278.739
internal_count=41372 40569 9472 698 484 8774 2313 1168 1145 947 6461 2510 3951 1150
is_linear=0
shrinkage=0.03


Tree=280
num_leaves=15
num_cat=0
split_feature=13 6 7 12 7 7 3 2 3 12 12 4 5 2
split_gain=3.6884 13.3404 20.5444 11.8187 21.5654 17.218 24.7169 47.1661 18.566 15.5574 16.5357 18.0098 15.5367 25.4444
threshold=0.0037608158203888968 0.00059137365443986218 0.79967794602434283 -0.0098778054454072822 1.0014877776653341 0.91987018379442376 -0.0030411874901745124 -0.0017146704940576572 -0.0040062471177225575 -0.012517621406056721 -0.023580786978084241 -0.0018860990563177025 -0.0017636764958219307 -0.00078739148922862812
decision_type=2 2 2 2 2 2 2 2 2 2 2 2 2 2
left_child=3 2 -2 5 12 6 7 9 -7 10 -1 -12 -5 -14
right_child=1 -3 -4 4 -6 8 -8 -9 -10 -11 11 -13 13 -15
leaf_value=0.019551114673225997 0.0018454416398493633 -9.6431703926977891e-05 -0.024636904816818864 -0.0078573772923738339 0.0069767733572373798 -0.0012442162010513594 0.013058747484821718 -0.010073495450148321 -0.011702630016602383 0.021331274602013072 -0.0099366160606807058 0.0073710661247706147 0.010815659333528826 -0.0025006244357460251
leaf_weight=49.037689596414566 54.503880321979523 6597.0229408442974 48.6026761084795 188.82728512585163 654.63800278306007 676.40149503946304 157.73313906788826 249.08211386203766 195.56221716105938 55.806168153882027 86.776501044631004 136.58172805607319 193.49776031076908 378.87976126372814
leaf_count=214 255 28249 230 780 2748 2915 679 1064 822 229 360 584 819 1616
internal_value=0.000127084 -0.000265404 -0.0108691 0.000996639 0.00299315 -0.000763934 0.00261448 -0.000274467 -0.00361122 0.00717827 0.00414438 0.00061838 -0.000442086 0.00202306
internal_weight=9722.95 6700.13 103.107 3022.82 1415.84 1606.98 735.017 577.284 871.964 328.202 272.396 223.358 761.205 572.378
internal_count=41564 28734 485 12830 5963 6867 3130 2451 3737 1387 1158 944 3215 2435
is_linear=0
shrinkage=0.03


Tree=281
num_leaves=15
num_cat=0
split_feature=12 11 0 11 4 17 11 3 3 18 10 2 7 1
split_gain=4.53632 9.28639 9.56609 7.88236 9.82566 13.7774 9.21337 5.23645 6.02469 6.07839 6.92276 14.8911 6.04066 15.5665
threshold=-0.00040292248559165017 74.613215342528022 0.00041381606287699274 73.789130109118716 0.0037343331026571396 0.1294095225512602 71.907884751574002 0.035709513196006355 0.023088450478749859 8.8503841980143338 0.88112544951637284 -0.0070356048337951718 1.7821377522399442 -0.00085430693428099186
decision_type=2 2 2 2 2 2 2 2 2 2 10 2 2 2
left_child=3 2 -2 6 -5 -6 7 8 9 10 12 -12 -1 -14
right_child=1 -3 -4 4 5 -7 -8 -9 -10 -11 11 -13 13 -15
leaf_value=0.00017942347036086309 0.0073541639576228416 -0.013665807646046182 -0.0065637607320006225 -0.0028086884862582777 0.018819131591710701 -0.0019283184165127397 -0.0095543000737207135 -0.0090717099012218427 0.0090697127664741833 0.0068734120268056477 0.0030901073454570795 -0.014550475282106713 -0.019351443748893908 0.0027827879011935444
leaf_weight=8683.1497622132301 77.207319706678391 63.880256965756416 99.283712297677994 69.947477251291275 76.181241363286972 45.06627794355154 88.378974124789238 54.036287218332291 65.304077044129372 114.36011053621769 82.655806392431259 86.617378413677216 47.964188329875469 65.862705044448376
leaf_count=36978 326 269 418 289 345 196 383 265 359 497 358 376 222 289
internal_value=-1.36945e-06 -0.00405413 -0.000461079 0.00010223 0.00609988 0.0112014 -2.25153e-05 7.11081e-05 0.000127098 6.0803e-05 -2.7602e-05 -0.00600111 8.86794e-05 -0.00671719
internal_weight=9719.9 240.371 176.491 9479.52 191.195 121.248 9288.33 9199.95 9145.91 9080.61 8966.25 169.273 8796.98 113.827
internal_count=41570 1013 744 40557 830 541 39727 39344 39079 38720 38223 734 37489 511
is_linear=0
shrinkage=0.03


Tree=282
num_leaves=15
num_cat=0
split_feature=2 12 12 6 7 16 12 6 1 10 12 3 4 1
split_gain=4.72958 15.0239 20.0164 13.2395 11.4078 7.07477 22.6803 8.49822 13.0393 9.9672 8.89599 7.53726 10.1957 11.758
threshold=-0.0040444616006760628 -0.009238284179227783 -0.011509955169434536 0.0015709852062693113 0.99302626639095881 -0.37940952255126059 -0.01349826266163162 0.001251020112746141 -0.0037843463882061275 0.9679305025028665 -0.02576281200396718 -0.0078886002715775321 -0.0025461580006475022 -0.002332964149803773
decision_type=2 2 2 2 2 2 2 2 2 8 2 2 2 2
left_child=1 2 5 -4 -3 6 11 -7 10 -10 -9 12 13 -1
right_child=-2 4 3 -5 -6 7 -8 8 9 -11 -12 -13 -14 -15
leaf_value=0.0034678308212713416 -0.00011935689290343244 -0.0016882633226544725 -0.016788858467524856 0.0016100784016910505 0.013676221101689352 -0.0035459653618401836 0.01727807675385605 0.0046604826451458331 -0.0035947631580258103 0.011302025912118319 -0.012535444905613129 -0.013193343358940606 0.0091184763443885528 -0.014648815756518194
leaf_weight=58.440970793366432 8553.6781527772546 60.917484149336815 90.396271347999573 56.334911867976189 146.58657196164131 100.43010686337948 46.48420338332653 59.609711244702339 46.447910040616989 271.98088607192039 46.491393715143204 71.827835977077484 52.51715225726366 68.233420617878437
leaf_count=258 36517 259 381 234 612 425 195 280 207 1178 197 308 220 320
internal_value=0.000126114 0.00190767 0.000332257 -0.00979824 0.00919257 0.00215897 -0.00153069 0.00424783 0.00609957 0.00912022 -0.00296695 -0.00512277 -0.00177781 -0.00636675
internal_weight=9730.38 1176.7 969.195 146.731 207.504 822.464 297.504 524.96 424.53 318.429 106.101 251.019 179.192 126.674
internal_count=41591 5074 4203 615 871 3588 1301 2287 1862 1385 477 1106 798 578
is_linear=0
shrinkage=0.03


Tree=283
num_leaves=15
num_cat=0
split_feature=11 6 1 6 5 13 4 5 6 13 3 2 13 5
split_gain=4.71254 9.65765 20.9197 10.3212 30.9439 14.5774 17.0858 16.7915 15.476 13.6588 16.4437 13.4668 13.0528 12.3784
threshold=57.682759512746436 0.00074192833204243661 0.00042058751674704803 0.0010472495751688538 0.001799546156377563 0.0087838276914890007 0.0015335910583711423 0.0029676386299506423 0.0016498075941179385 0.0090201196094537046 0.0078909792860787937 0.001250779448547318 0.0038177498033884487 0.0028058321951246472
decision_type=2 2 2 2 2 2 2 2 2 2 2 2 2 2
left_child=-1 2 -2 4 12 7 11 -5 13 -6 -11 -7 -3 -8
right_child=1 3 -4 5 9 6 8 -9 -10 10 -12 -13 -14 -15
leaf_value=0.00027788079602017945 -0.0049058552299225591 -0.0015104703690399538 0.015160400664383027 0.006250790111409818 -0.0084796547994747153 0.0048532943541438308 -0.0093560916734437994 -0.010987198105313073 -0.0041034854878718545 0.0077980564123956864 -0.0078303043680513565 -0.011863787833694964 -0.017696614750937471 0.0053391806195172194
leaf_weight=7145.6593282744288 90.214465409517288 60.562629997730255 93.441379085183144 397.8565416932106 119.99162554740906 52.364358603954315 56.977012783288956 56.41524513065815 474.93088065832853 214.21066968142986 82.369387850165367 226.30207288265228 175.18504668772221 417.27709168195724
leaf_count=30592 394 257 400 1671 492 219 236 234 2160 894 341 947 755 1733
internal_value=-0.000115434 -0.00123089 0.00535689 -0.0017533 -0.00495039 -0.000509083 -0.00220755 0.00407126 -0.000284148 -2.16495e-05 0.0034342 -0.00871027 -0.0135861 0.00354181
internal_weight=9663.76 2518.1 183.656 2334.44 652.319 1682.12 1227.85 454.272 949.185 416.572 296.58 278.666 235.748 474.254
internal_count=41325 10733 794 9939 2739 7200 5295 1905 4129 1727 1235 1166 1012 1969
is_linear=0
shrinkage=0.03


Tree=284
num_leaves=15
num_cat=0
split_feature=13 7 13 3 11 12 3 12 2 3 11 11 0 12
split_gain=5.43332 16.9363 10.2283 15.7705 9.20825 9.12086 10.4683 17.9022 9.10359 11.1657 22.7437 17.2768 8.5322 8.969
threshold=0.016405110105930269 1.1474351830417728 0.01311390740801144 0.0082210137075776641 62.445473148328766 -0.065257724317744056 -0.018453700494432287 -0.034136153727286504 0.016655456773048364 0.009491859566983037 61.276077841311796 54.178732706332291 -0.00086417707980734882 -0.0023334360529183025
decision_type=2 2 2 2 2 2 2 2 2 2 2 2 2 2
left_child=2 -2 3 5 -5 -1 7 -7 9 11 -11 -3 -4 -14
right_child=1 8 12 4 -6 6 -8 -9 -10 10 -12 -13 13 -15
leaf_value=0.012545728155340283 -0.0040030407077598822 -0.001750671573651175 0.01349169596249016 -0.021292185588649572 -0.0026505839892546996 0.0010260235195805913 -4.3560380258918864e-06 -0.0231627239428247 0.015138418941704371 0.0095888250837899217 -0.011373496182310641 0.021693398718608908 -0.00078516949687115485 0.0059482092898006838
leaf_weight=49.330833479762077 963.38759484887123 60.71487433463335 66.793252438306808 47.525229588150978 47.249823123216629 64.678905636072159 7328.5295197367668 45.74696908146143 51.044180311262608 77.047299720346928 111.63373457640409 50.529767885804176 374.28842626512051 336.85932865738869
leaf_count=233 4196 255 288 201 201 329 30995 309 240 395 531 210 1612 1396
internal_value=-0.000157936 -0.00194945 0.00012409 -0.000212329 -0.0122453 -5.68049e-05 -0.000143727 -0.00922862 0.00367827 0.00164052 -0.00280281 0.0090932 0.00339551 0.00241206
internal_weight=9675.36 1314.36 8361 7583.06 94.7751 7488.29 7438.96 110.426 350.97 299.926 188.681 111.245 777.941 711.148
internal_count=41391 5827 35564 32268 402 31866 31633 638 1631 1391 926 465 3296 3008
is_linear=0
shrinkage=0.03


Tree=285
num_leaves=15
num_cat=0
split_feature=5 13 2 5 7 16 11 3 13 12 13 11 7 7
split_gain=4.87962 15.3032 4.1961 9.37164 7.75765 11.0598 8.07923 7.96249 7.68032 22.2446 11.7146 12.6728 16.1383 16.7363
threshold=0.015244638829850278 0.07002465038906204 0.0057697847257046639 0.0049844236802992778 1.7168468014859977 -1.0000000180025095e-35 71.907884751574002 0.003939260146339941 0.017361310193643512 -0.0011733031915264756 0.013989475055579572 45.463494140600254 1.1805773815024339 1.0259649984549106
decision_type=2 2 2 2 2 2 2 2 2 2 2 2 2 2
left_child=2 -2 3 8 5 6 7 -4 10 -10 -1 -12 13 -13
right_child=1 -3 4 -5 -6 -7 -8 -9 9 -11 11 12 -14 -15
leaf_value=-0.00023291275283402236 0.016484517459267871 -0.0062513939162541525 -0.001217487260722498 0.0059450187207864512 -0.011386357267819695 -0.0052528855427867813 -0.0038204947846699868 0.01365849545837238 -0.0011667343030959381 -0.018147281564267956 -0.0062031750022664891 0.0067967122516058793 0.019768821635003795 -0.0088522145406839618
leaf_weight=7645.2001111358404 57.150066062808037 46.984724536538124 50.866180345416069 229.79543390125036 77.133030541241169 271.76912541687489 77.968190088868141 85.669459164142609 518.3324968740344 78.233771190047264 86.152461126446724 330.37063279747963 65.782785773277283 73.663123682141304
leaf_count=32527 262 235 213 1050 344 1171 337 382 2219 364 385 1389 277 309
internal_value=-9.55486e-05 0.00630177 -0.000166308 -9.2823e-06 -0.00267341 -0.00125038 0.00382234 0.0081789 -0.000166124 -0.00344676 7.32975e-05 0.00426977 0.0062084 0.00391406
internal_weight=9695.07 104.135 9590.94 9027.53 563.406 486.273 214.504 136.536 8797.74 596.566 8201.17 555.969 469.817 404.034
internal_count=41464 497 40967 38520 2447 2103 932 595 37470 2583 34887 2360 1975 1698
is_linear=0
shrinkage=0.03


Tree=286
num_leaves=15
num_cat=0
split_feature=13 4 4 6 16 1 13 5 3 3 17 12 10 1
split_gain=6.55346 4.56254 12.1249 9.58327 8.93226 6.76994 8.51011 5.91107 11.6282 10.5823 9.01818 8.99689 8.35353 12.9514
threshold=0.00016352802606856012 -0.0037223594606218264 -0.0023152584808442396 0.0016782339063190132 -1.0000000180025095e-35 -0.0013473526525415445 0.0072786518092543559 -0.0060262045848300519 -0.013189449723514267 -0.011453919811108019 0.1294095225512602 -0.02576281200396718 1.0937356453792926 0.003796228359556703
decision_type=2 2 2 2 2 2 2 2 2 2 2 2 8 2
left_child=-1 3 4 -2 -3 6 -6 10 11 -10 -4 -9 -11 -14
right_child=1 2 7 -5 5 -7 -8 8 9 12 -12 -13 13 -15
leaf_value=0.0080092498765451103 -0.012095190219327227 -0.00057552726960402763 0.00090053137583416445 -0.00081403131157970247 0.00020733454139247704 0.014629206676684346 0.014307180146487408 0.0009131470010769107 -0.013613306063553942 -0.006320522037106791 -0.017727241019661704 0.018437310365844346 -0.00032357355211556818 0.0079261072631046786
leaf_weight=85.734942302107811 86.526783168315887 173.8338722884655 49.553048968315125 290.48987282067537 123.60011327266693 92.589833647012711 54.011297151446342 53.387227728962898 52.049719303846359 200.29110817611217 41.994548954069614 50.523332796990871 8167.5373009815812 172.93922483175993
leaf_count=361 362 736 244 1338 519 390 230 227 218 893 211 210 34768 769
internal_value=-0.000152822 -0.000227296 -9.48386e-05 -0.00345326 0.00473053 0.00812333 0.00460664 -0.000339665 -0.00025892 -0.000380606 -0.00784068 0.009621 -0.000296794 -0.000150658
internal_weight=9695.06 9609.33 9232.31 377.017 444.035 270.201 177.611 8788.28 8696.73 8592.82 91.5476 103.911 8540.77 8340.48
internal_count=41476 41115 39415 1700 1875 1139 749 37540 37085 36648 455 437 36430 35537
is_linear=0
shrinkage=0.03


Tree=287
num_leaves=15
num_cat=0
split_feature=13 5 6 12 12 3 2 3 16 7 12 13 13 12
split_gain=6.82397 5.99003 12.7069 29.8298 26.1342 25.9792 20.4073 15.8428 13.4382 12.9487 17.628 23.5962 17.3572 12.7311
threshold=0.00016352802606856012 -0.00074687329883504894 0.0016782339063190132 -0.018409546015860086 -0.040790760127714369 -0.009000956803216385 -0.0029847679077737439 -0.0084023934269886174 0.25881904510252091 1.033334130647239 -0.00947379623283434 0.0048440456469537327 0.003613279912399348 -0.017826406939389135
decision_type=2 2 2 2 2 2 2 2 2 2 2 2 2 2
left_child=-1 2 13 4 8 -5 7 -6 -4 12 11 -11 -7 -2
right_child=1 -3 3 5 6 9 -8 -9 -10 10 -12 -13 -14 -15
leaf_value=0.0079826643434074938 0.0029153604458516695 0.00034307750640768023 -0.0025588076781281233 0.019740865542561097 -0.0099130259705849603 0.0067568942711066999 -0.022021684595273591 0.01050232016840685 0.012052274324722135 -0.0084678597449463228 0.017517926321274271 0.013508449161082361 -0.010135099543267041 -0.0031145384007541486
leaf_weight=89.351250022649765 363.08157251775265 5868.9170756563544 139.35222416371107 101.59943561255932 120.17173422127962 100.52759499847889 88.341838426887989 45.680155202746391 92.833747327327728 93.301149889826775 98.428526937961578 79.68167807161808 115.64366567134857 2316.718517780304
leaf_count=376 1508 25146 621 427 588 410 426 191 416 383 406 323 479 9862
internal_value=-0.000178193 -0.000255601 -0.00119091 0.00156161 -0.0039284 0.00609165 -0.0105382 -0.00423194 0.00333611 0.00317849 0.00751869 0.00169386 -0.00228977 -0.00229599
internal_weight=9713.63 9624.28 3755.36 1075.56 486.38 589.182 254.194 165.852 232.186 487.583 271.411 172.983 216.171 2679.8
internal_count=41562 41186 16040 4670 2242 2428 1205 779 1037 2001 1112 706 889 11370
is_linear=0
shrinkage=0.03


Tree=288
num_leaves=15
num_cat=0
split_feature=0 7 11 13 17 11 11 4 17 1 4 11 13 2
split_gain=5.03333 8.99316 9.70786 8.33548 5.34376 8.57452 8.11131 9.62091 14.6297 7.37724 6.76085 7.39029 5.68483 4.9898
threshold=-0.0016128135497578409 1.2673479376425889 32.883997067220683 0.051587985149099021 -0.78656609248549325 79.631738278646864 27.59169638162879 -0.0037223594606218264 0.1294095225512602 0.0041463377488968342 -0.0028125649507554913 29.707382537013206 0.0019517941796953766 -0.0050974155332195173
decision_type=2 2 2 2 2 2 2 2 2 2 2 2 2 2
left_child=1 3 -3 -1 9 6 7 8 -6 10 11 -2 -12 -9
right_child=4 2 -4 -5 5 -7 -8 13 -10 -11 12 -13 -14 -15
leaf_value=0.0087233340350909086 -0.013540094662838252 -0.015090547463293275 0.0031109218768892179 -0.0050336233799384957 -0.013783439526745258 -0.01231053993800247 -0.00081634834211269706 0.016684415518402034 0.0089825099902217237 0.011242677691621884 0.0052807879045098909 0.0023156680281198761 0.0004450473168181994 0.0044819847638601432
leaf_weight=212.97063228487968 58.449427917599678 41.341109447181225 65.998243816196918 47.210323795676231 46.962777383625507 55.107600927352905 7102.9268843457103 59.053489327430725 50.86433182656765 59.796418465673923 254.09246478974819 46.144316673278809 1505.5437536686659 63.614124029874802
leaf_count=911 261 189 297 220 211 241 30374 244 225 273 1067 210 6394 268
internal_value=-0.000226871 0.003207 -0.00404707 0.00620775 -0.000363195 -0.000730357 -0.00063988 0.00500103 -0.00200368 0.00104414 0.000705322 -0.0066327 0.00114853 0.0105298
internal_weight=9670.08 367.52 107.339 260.181 9302.56 7378.53 7323.42 220.495 97.8271 1924.03 1864.23 104.594 1759.64 122.668
internal_count=41385 1617 486 1131 39768 31563 31322 948 436 8205 7932 471 7461 512
is_linear=0
shrinkage=0.03


Tree=289
num_leaves=15
num_cat=0
split_feature=12 2 6 10 7 6 0 10 6 7 6 11 6 12
split_gain=5.49482 3.19441 32.2587 12.3383 14.5095 24.5574 17.1698 15.8005 19.3331 16.6601 15.5961 13.0439 11.3718 11.2439
threshold=-0.00016246296028810112 0.0029284541844729274 0.00079288753756834014 0.84907670338107011 1.3360879770288412 0.0015956719393053407 0.00062986054797642421 1.176073732220966 0.0010774230277334964 0.88712982934780571 0.002133949392537486 62.211966475651387 0.0012093941054054703 -0.003001152570571985
decision_type=2 2 2 8 2 2 2 8 2 2 2 2 2 2
left_child=1 -1 -3 -4 7 13 10 -5 9 -9 -7 -11 -10 -6
right_child=-2 2 3 4 5 6 -8 8 12 11 -12 -13 -14 -15
leaf_value=0.00040779490464449414 -0.0073125230686907228 0.022238606616697656 0.010709013316418669 -0.014248151865914648 -0.0018839576245915943 -0.020415733567362603 0.0077607663532866644 -0.020491835290510813 0.0065395603794868428 0.0083678312994314684 0.00035148423878482345 -0.010312349778615219 -0.0022843972730535239 0.014870786168653675
leaf_weight=7871.107549674809 87.599285513162613 50.082413285970688 66.828388765454292 116.87933959066868 47.969894148409367 68.916725374758244 65.506857827305794 88.238155886530876 158.70839659869671 49.034538865089417 60.029266104102135 97.514514178037643 720.23976147174835 138.1642774194479
leaf_count=33669 368 208 294 525 200 315 307 373 662 203 304 401 3055 566
internal_value=8.23409e-05 0.000151333 -0.00101591 -0.00173561 -0.00226441 0.00284406 -0.00459199 -0.00384634 -0.00273115 -0.0103398 -0.0108901 -0.00403355 -0.000679859 0.0105787
internal_weight=9686.82 9599.22 1728.11 1678.03 1611.2 380.587 194.453 1230.61 1113.74 234.787 128.946 146.549 878.948 186.134
internal_count=41450 41082 7413 7205 6911 1692 926 5219 4694 977 619 604 3717 766
is_linear=0
shrinkage=0.03


Tree=290
num_leaves=15
num_cat=0
split_feature=13 5 16 1 2 3 12 7 5 7 13 7 1 7
split_gain=5.65126 12.4359 12.64 12.6338 11.717 20.0859 24.8691 23.0682 16.9745 17.0982 19.8169 15.2272 13.665 12.6372
threshold=0.0086325512819961387 0.001288610489043829 0.25881904510252091 0.0021102664481934545 0.001502670961968697 0.0034643359503783032 -0.0044356935547832923 0.93680587842601037 0.0060412192172214505 1.5580431726932382 0.022738009892324777 1.2235885980622376 0.0015881283193800585 1.2673479376425889
decision_type=2 2 2 2 2 2 2 2 2 2 2 2 2 2
left_child=-1 -2 4 -4 -3 6 -6 -8 12 10 -10 -12 13 -7
right_child=1 2 3 -5 5 8 7 -9 9 -11 11 -13 -14 -15
leaf_value=0.00072173454559651678 -0.0032391992475110064 0.0064515487623337999 -0.0037227284844786003 0.0044100365909445971 -0.0036772334161751527 -0.008705698615250855 0.0041355352481584635 0.030053427502477224 0.02277500967806359 -0.010121116395402889 -0.0044804386347076352 0.016701031266773421 0.0067117909019692211 0.0032189753202433061
leaf_weight=5948.441714271903 1226.8694700598717 422.34062488377094 837.01916699111462 214.41241329163313 84.453088879585266 393.3825266212225 61.816941678524017 61.327950522303581 61.684570133686066 51.803443849086761 92.06429235637188 43.292211547493935 83.43006956577301 99.143087886273861
leaf_count=25300 5393 1805 3565 941 352 1645 262 253 262 240 421 215 348 417
internal_value=0.000147638 -0.000767058 0.00044477 -0.00205904 0.00225477 0.00052877 0.00882275 0.017317 -0.00157507 0.00494666 0.00896998 0.00243874 -0.00440019 -0.00630201
internal_weight=9681.48 3733.04 2506.17 1051.43 1454.74 1032.4 207.598 123.145 824.8 248.845 197.041 135.357 575.956 492.526
internal_count=41419 16119 10726 4506 6220 4415 867 515 3548 1138 898 636 2410 2062
is_linear=0
shrinkage=0.03


Tree=291
num_leaves=15
num_cat=0
split_feature=12 7 12 6 3 3 3 7 13 6 13 13 6 12
split_gain=7.22194 18.1431 11.8422 15.7542 22.9574 15.5236 17.5366 16.9491 13.2206 35.4218 13.1503 9.49328 13.1219 23.069
threshold=-0.017046043510534622 0.91436389153713538 -0.013647460255229281 0.001905436848521722 -0.0011063869761722548 -0.0078886002715775321 -0.011027100577224806 0.95863675845156471 0.0025776683123686088 0.0011312869185389131 0.0049084365645127867 0.04594324507183057 0.0020431536617839595 -0.053271324259882395
decision_type=2 2 2 2 2 2 2 2 2 2 2 2 2 2
left_child=1 -1 3 4 5 6 -2 -8 9 -7 -5 12 -3 -14
right_child=2 11 -4 10 -6 8 7 -9 -10 -11 -12 -13 13 -15
leaf_value=0.0060836178148219351 -0.016867422681503996 0.0018043029469485047 4.2921439404215214e-05 0.017476713391895264 0.008434465311680921 -0.017758843695475535 -0.0068816285243139133 0.012632322355876585 -0.020334167116999858 0.011200139281802532 -0.002168429392606763 0.0096221068384923971 0.0038481600849885667 -0.014175092580456084
leaf_weight=565.54803648591042 53.153429090976715 294.93127988278866 7830.7188081070781 48.359696730971336 82.059245944023132 102.0337842553854 79.275116503238678 77.148687079548836 125.13195504248142 58.209498047828674 77.453536346554756 62.138931885361671 102.00573617964983 166.04805564880371
leaf_count=2409 225 1274 33322 205 382 474 338 321 546 246 335 269 448 817
internal_value=1.32371e-05 0.00219992 -0.000292312 -0.00401693 -0.00611225 -0.00854822 -0.00231485 0.00278068 -0.013078 -0.0072309 0.00553802 -0.00132184 -0.00255956 -0.00733878
internal_weight=9724.22 1190.67 8533.54 702.825 577.012 494.952 209.577 156.424 285.375 160.243 125.813 625.124 562.985 268.054
internal_count=41611 5217 36394 3072 2532 2150 884 659 1266 720 540 2808 2539 1265
is_linear=0
shrinkage=0.03


Tree=292
num_leaves=15
num_cat=0
split_feature=4 5 12 12 7 13 6 12 6 7 7 12 12 6
split_gain=5.68822 12.8335 13.1183 13.0002 12.93 24.4879 15.4947 9.79011 8.67987 8.27778 14.6123 9.41646 7.57874 13.797
threshold=0.00038829212142665886 0.00041318022305225638 -0.0028077187419481837 -0.0014794760193628795 1.2018425041812575 0.0093338139193289722 0.0021497956833375054 -0.0049830215195002516 0.00076511998608285695 0.92756728102087949 0.65796015563242849 -0.0060187128815694648 -0.0071454354660301358 0.0010774230277334964
decision_type=2 2 2 2 2 2 2 2 2 2 2 2 2 2
left_child=1 2 12 4 6 -6 8 -7 -3 10 -10 -11 -1 -14
right_child=-2 3 -4 -5 5 7 -8 -9 9 11 -12 -13 13 -15
leaf_value=0.00091312875360058724 -0.00094613129419294985 0.016337336198152301 -0.0093645724483467502 -0.0075257432629527617 -0.016305641331966311 0.013282621624056428 -0.0065988262744787838 -0.0029089858625852734 0.01387471886851006 -0.0016930650793031254 7.7911646784611417e-05 0.012607953371688851 0.00085632660488728222 -0.0051851212596748094
leaf_weight=3341.267321690917 3752.3954506665468 84.683973401784897 132.42967036366463 87.824305847287178 71.247535645961761 65.869375981390476 77.49743527173996 65.408593699336052 88.067986249923706 49.857627511024475 296.69786524772644 231.20405807346106 796.01211036741734 591.51900786161423
leaf_count=14271 16017 366 635 397 298 303 344 271 372 207 1249 953 3443 2517
internal_value=-3.08497e-05 0.000543645 -0.000123406 0.0034382 0.00438533 -0.00239068 0.00604447 0.00529264 0.00736408 0.00617729 0.00329124 0.0100771 0.000139242 -0.00172296
internal_weight=9731.98 5979.59 4861.23 1118.36 1030.53 202.526 828.009 131.278 750.512 665.828 384.766 281.062 4728.8 1387.53
internal_count=41643 25626 20866 4760 4363 872 3491 574 3147 2781 1621 1160 20231 5960
is_linear=0
shrinkage=0.03


Tree=293
num_leaves=15
num_cat=0
split_feature=2 12 6 12 13 12 13 16 7 6 10 6 11 7
split_gain=5.3194 11.3276 13.545 13.2096 10.692 9.98594 14.8255 13.9205 9.38171 10.5023 14.9129 8.83976 7.83598 7.71595
threshold=-0.0040444616006760628 -0.009238284179227783 0.0010846184382459414 -0.011509955169434536 0.0042491297748259447 -0.015159584394855872 0.0025312358552881391 -1.0000000180025095e-35 1.4449816426688435 0.0013865073829684017 0.92278550059709941 0.0014823689626344107 26.939040032566599 1.171773948025832
decision_type=2 2 2 2 2 2 2 2 2 2 8 2 2 2
left_child=1 3 -3 5 -4 7 12 13 9 -9 -11 -5 -7 -1
right_child=-2 2 4 11 -6 6 -8 8 -10 10 -12 -13 -14 -15
leaf_value=-0.0013296602684532437 -0.00031116505697893483 0.020229979322041798 0.013226788121973036 -0.013935164459043031 -0.0030529913875230758 0.021937901405364224 -0.0026253752129840693 -0.0042426289411920904 -0.0055818354794396497 -0.0047859615340580634 0.014422570357096641 0.00046787152531389912 0.0073457441586196413 -0.012146125605571228
leaf_weight=160.60423649847507 8554.5035374984145 57.91925548017025 57.34699921309948 84.482683956623077 92.063797898590565 54.433217525482178 84.45006950199604 60.378999650478363 71.002251341938972 46.536977991461754 151.97539781033993 68.681691765785217 88.238078430294991 92.688421435654163
leaf_count=693 36550 241 237 357 393 226 363 255 339 207 658 286 370 446
internal_value=-5.14732e-05 0.00184327 0.00816872 0.000467988 0.00328771 0.00199913 0.00730586 -8.54744e-05 0.00396599 0.00660725 0.00991672 -0.0075538 0.0131394 -0.00535192
internal_weight=9725.31 1170.8 207.33 963.472 149.411 810.308 227.121 583.186 329.894 258.891 198.512 153.164 142.671 253.293
internal_count=41621 5071 871 4200 630 3557 959 2598 1459 1120 865 643 596 1139
is_linear=0
shrinkage=0.03


Tree=294
num_leaves=15
num_cat=0
split_feature=5 7 11 7 4 4 6 11 6 3 12 5 3 3
split_gain=4.42739 15.2117 5.36482 14.7392 5.56049 7.69285 18.9324 12.9044 32.0933 7.0785 15.0315 6.96952 6.33089 8.40482
threshold=0.015244638829850278 1.1514952492251338 76.701081421091274 1.1233657462381841 0.0062582631842186274 0.002821082409008691 0.0017118303114907064 68.97397830393227 0.00087920501583462006 0.0040079273661836621 -0.00090046550847877594 0.0065950986217627747 0.0009322973685166187 0.009491859566983037
decision_type=2 2 2 2 2 2 2 2 2 2 2 2 2 2
left_child=2 -2 4 -4 5 7 9 11 -9 -7 -11 -1 -8 -14
right_child=1 -3 3 -5 -6 6 12 8 -10 10 -12 -13 13 -15
leaf_value=9.1902043274488229e-05 -0.0042616739727675467 0.018845344835578957 0.0063323170629550288 -0.014072057015392573 -0.0089340969573138401 0.0019919760641704011 0.0068774230912692878 0.012374571321428468 -0.013394679270274828 0.024282955740692412 0.0036171879258935389 0.0091099432647023231 -0.015076731798862958 0.00030761423584789921
leaf_weight=8761.8962707445025 55.084983795881271 45.031864188611507 51.38312703371048 78.088504135608673 58.912186682224274 53.937096267938614 45.749800339341164 56.185999095439911 172.61935411393642 69.129888370633125 58.576793879270554 75.815121956169605 51.400971412658691 79.408371724188328
leaf_count=37394 268 213 213 335 265 223 191 235 720 290 243 387 225 392
internal_value=8.35152e-05 0.00629724 1.75052e-05 -0.00600107 0.00010092 0.000159279 0.00445891 -1.1538e-05 -0.00701432 0.0112053 0.0150059 0.000171308 -0.00252955 -0.00587361
internal_weight=9713.22 100.117 9613.1 129.472 9483.63 9424.72 358.203 9066.52 228.805 181.644 127.707 8837.71 176.559 130.809
internal_count=41594 481 41113 548 40565 40300 1564 38736 955 756 533 37781 808 617
is_linear=0
shrinkage=0.03


Tree=295
num_leaves=15
num_cat=0
split_feature=5 13 12 13 3 6 6 7 3 7 7 2 12 7
split_gain=3.9816 14.1179 10.3933 17.7688 21.9375 9.51466 11.7743 23.7772 20.7173 10.1283 17.3656 16.8699 16.0855 14.4438
threshold=2.9487771910918784e-05 0.0028729746760514101 -0.0036924809857648007 0.0053080559381195611 -0.00024124423255211799 0.00057971869808519599 0.00073343601475603251 0.97131445775387548 -0.002881928686761764 1.3857641503743212 1.60154328980356 -0.0057560719090329884 -0.009238284179227783 1.1968141765272027
decision_type=2 2 2 2 2 2 2 2 2 2 2 2 2 2
left_child=2 -2 5 4 -4 -1 7 8 -7 13 12 -12 -11 -8
right_child=1 -3 3 -5 -6 6 9 -9 -10 10 11 -13 -14 -15
leaf_value=0.010402169904779534 0.014449010858857711 0.00048307103514504926 -0.011967081908107741 -0.019197834963075231 0.012015543940485112 -0.023193639323451389 -0.00028218535751445192 0.0068473576612535954 -0.00067791436928380433 -0.013241640326935367 0.0098841312824589807 -0.0076475295835547793 0.0015626006051807425 0.0050711616223866164
leaf_weight=72.257719606161118 64.057095631957054 4733.4575343057513 70.855841517448425 69.683128014206886 62.915849700570107 87.064598113298416 3355.8841911107302 72.556951612234116 62.861483931541443 207.37414046376944 119.20116997510195 81.521513052284718 95.929681852459908 522.46256628632545
leaf_count=323 289 20222 320 346 271 379 14276 309 274 936 527 365 394 2199
internal_value=6.18938e-05 0.00067549 -0.00054129 -0.00714529 -0.00067667 -0.000251084 -0.000422695 -0.00712386 -0.0138864 -7.93975e-05 -0.00407132 0.00275862 -0.00857976 0.000441221
internal_weight=9678.08 4797.51 4880.57 203.455 133.772 4677.11 4604.86 222.483 149.926 4382.37 504.027 200.723 303.304 3878.35
internal_count=41430 20511 20919 937 591 19982 19659 962 653 18697 2222 892 1330 16475
is_linear=0
shrinkage=0.03


Tree=296
num_leaves=15
num_cat=0
split_feature=0 16 1 6 7 6 1 13 0 16 13 7 0 1
split_gain=3.7334 11.0846 11.8341 9.05273 8.53635 9.56254 7.65305 8.68221 7.58368 7.46236 6.20796 5.82694 4.84398 4.64887
threshold=0.00062986054797642421 -0.70710678118654735 9.105537778814067e-05 0.0012291181962615966 1.4774899987932497 0.0013788990612102533 0.0013776787239634383 0.0072038752149379279 0.0010388695948265992 0.60355339059327384 0.013850912703217257 0.9493597196930289 0.0024229688518285224 0.0015454551337046598
decision_type=2 2 2 2 2 2 2 2 2 2 2 2 2 2
left_child=13 2 -2 -4 5 -3 7 8 -7 -9 -6 -5 -8 -1
right_child=1 4 3 11 10 6 12 9 -10 -11 -12 -13 -14 -15
leaf_value=-0.00043316245260138314 0.0059922465654872236 0.0047905099351496228 -0.019011769320181074 -0.011844975230818743 0.0047779227002225791 0.01473495497880292 -0.0064759941364421455 0.0028111517423666434 0.00061668232798621004 -0.0087198741084926756 0.018385526882228078 0.0011989915917618951 0.001770023785089984 0.0022557260674834815
leaf_weight=7560.9053073599935 68.649899147450924 496.70689125359058 50.615219548344612 49.718180641531944 88.374455593526363 71.994671866297722 221.94848677515984 135.07155505567789 64.076039016246796 78.064039841294289 45.54862767457962 75.480407640337944 88.811245210468769 624.65252541005611
leaf_count=32336 296 2099 213 212 389 303 950 581 271 337 223 325 389 2691
internal_value=2.72237e-05 0.00138387 -0.00444958 -0.00854833 0.00249402 0.00165512 -0.000711992 0.00232979 0.00819186 -0.00145406 0.00960844 -0.00408575 -0.00412314 -0.000227468
internal_weight=9720.62 1535.06 244.464 175.814 1290.6 1156.67 659.966 349.206 136.071 213.136 133.923 125.199 310.76 8185.56
internal_count=41615 6588 1046 750 5542 4930 2831 1492 574 918 612 537 1339 35027
is_linear=0
shrinkage=0.03


Tree=297
num_leaves=15
num_cat=0
split_feature=11 4 17 0 13 12 4 3 12 7 3 12 7 12
split_gain=6.46773 12.0808 13.5922 8.49539 5.28174 4.60818 4.44719 7.62503 4.59622 17.5314 14.1714 16.9505 24.3643 23.5203
threshold=28.16463602920653 -0.0029365358734119158 0.1294095225512602 -0.00023262566514464092 0.0012721512509340507 -0.0086926243250892692 0.010516705161807584 0.028779830102581009 -0.029737106884848593 1.2618615349702182 -0.00041728370700950564 -0.058443834880997296 0.8100565269478287 -0.040790760127714369
decision_type=2 2 2 2 2 2 2 2 2 2 2 2 2 2
left_child=1 2 3 4 -1 -3 7 8 9 10 11 -2 -13 -14
right_child=6 5 -4 -5 -6 -7 -8 -9 -10 -11 -12 12 13 -15
leaf_value=0.0049781871627486117 0.013111858865269475 0.016073602489666577 0.0093393936882760174 -0.014618119072399295 -0.0079615653641221945 0.0039637837392841428 0.0075996126597913114 -0.010496890995117518 3.6945013043226153e-05 -0.019351970317365328 -0.012481503729963608 0.009484931526557926 0.00015583063418025126 -0.028022355756414406
leaf_weight=68.342182755470276 87.011609926819801 75.154444679617882 91.380815111100674 52.906420193612576 45.604637607932091 47.26753693819046 64.654703922569752 61.995711341500282 8818.3008109107614 50.833413809537888 71.678004264831543 81.159809440374374 61.218294411897659 45.196730270981789
leaf_count=296 389 314 400 241 204 200 298 310 37589 263 323 342 267 203
internal_value=3.47439e-05 0.0038575 0.000156247 -0.00492415 -0.000248656 0.0115368 -0.000121813 -0.00017725 -0.000105563 -0.00325455 -0.000793798 0.00232535 -0.0027638 -0.0121082
internal_weight=9722.71 380.656 258.234 166.853 113.947 122.422 9342.05 9277.39 9215.4 397.098 346.264 274.586 187.575 106.415
internal_count=41639 1655 1141 741 500 514 39984 39686 39376 1787 1524 1201 812 470
is_linear=0
shrinkage=0.03


Tree=298
num_leaves=15
num_cat=0
split_feature=2 6 12 10 10 7 16 6 5 12 7 7 12 5
split_gain=4.2228 11.4016 16.9126 10.3176 15.0655 13.1104 12.4346 5.99336 5.77766 13.6974 15.4864 20.3608 10.8375 11.3274
threshold=-0.0061424662203024552 0.0012447858615587683 -0.013363129390303595 0.86743905971335222 1.3549699676126676 1.7168468014859977 -0.37940952255126059 0.0021497956833375054 -0.0046889430299588688 -0.017572914943178027 0.97419619357346432 1.1913626489412967 -0.013647460255229281 -0.0037473570985076528
decision_type=2 2 2 8 8 2 2 2 2 2 2 2 2 2
left_child=1 -1 3 -3 -5 6 -6 -8 -2 10 -10 -12 13 -11
right_child=8 2 -4 4 5 -7 7 -9 9 12 11 -13 -14 -15
leaf_value=-0.0081094720404023424 -0.0039941624057593774 -0.010647228448276565 0.015612676480761209 0.01209033638324826 -0.01459506135720175 0.011246263401637879 0.0069750325683176143 -0.0064738562580834644 0.0080181292200707729 0.0051023444750189226 -0.010394325665811645 0.011730032145852557 6.2755783169435395e-05 -0.0058494003313607941
leaf_weight=76.723953828215599 326.73452337086201 52.400464475154877 92.640574932098389 117.70827047526836 69.840302646160126 58.869932718575001 67.517130389809608 50.277076229453087 376.05551587045193 100.02981071174145 109.47821488976479 54.447119280695915 7644.1931131482124 517.17920798063278
leaf_count=319 1452 241 387 517 339 263 291 246 1588 431 460 230 32553 2289
internal_value=6.94713e-05 0.00253373 0.00416268 0.00155417 0.00335818 -0.000875253 -0.00475685 0.00122251 -8.92418e-05 5.65954e-05 0.0046767 -0.002993 -0.000246442 -0.00406373
internal_weight=9714.1 585.978 509.254 416.613 364.213 246.504 187.635 117.794 9128.12 8801.38 539.981 163.925 8261.4 617.209
internal_count=41606 2603 2284 1897 1656 1139 876 537 39003 37551 2278 690 35273 2720
is_linear=0
shrinkage=0.03


Tree=299
num_leaves=15
num_cat=0
split_feature=12 13 5 6 12 12 2 7 7 3 4 11 5 12
split_gain=4.80702 6.60655 4.31891 20.7462 30.3604 18.3804 15.4816 14.4941 15.8379 13.304 11.9362 10.3316 9.83771 20.961
threshold=-0.00022219962155622938 0.016180816519504652 0.001288610489043829 0.00074192833204243661 -0.0013976250644230912 -0.0019867445501634546 0.0029914710425231477 0.8606677556054686 1.1156159585435408 0.0080517703236248645 -0.00014504938739062775 58.458923242909961 2.9487771910918784e-05 -0.0093959029407048016
decision_type=2 2 2 2 2 2 2 2 2 2 2 2 2 2
left_child=2 -2 5 4 -4 6 9 -7 -9 12 -5 -8 -1 -14
right_child=1 -3 3 10 -6 7 11 8 -10 -11 -12 -13 13 -15
leaf_value=-0.00024645678159220311 -0.00039457497765164163 -0.014202690276139206 0.029062639588693324 0.0073467170158871718 0.00023029345382820794 -0.020104969272424077 -0.0034176905337624701 0.0048789179547808221 -0.016729834721854561 -0.014498045712410708 -2.3209526953811438e-05 -0.017274690719607331 0.012768540476856338 0.0012488184987092098
leaf_weight=4743.9973868057132 82.377222493290901 48.299274459481239 55.483937084674835 211.33880906552076 76.836723551154137 69.641453862190247 160.29760693013668 80.577350869774818 46.536983177065849 52.557292461395264 2711.6890518069267 68.25871117413044 160.96576365828514 1118.1918032467365
leaf_count=20333 340 212 234 908 323 342 686 372 210 228 11561 287 721 4734
internal_value=3.57832e-05 -0.00563535 0.000114495 0.00104442 0.0125728 -0.000322737 -3.953e-05 -0.00930527 -0.00316872 0.000249945 0.000514305 -0.00767006 0.000383404 0.0027161
internal_weight=9687.05 130.676 9556.37 3055.35 132.321 6501.02 6304.27 196.756 127.114 6075.71 2923.03 228.556 6023.15 1279.16
internal_count=41491 552 40939 13026 557 27913 26989 924 582 26016 12469 973 25788 5455
is_linear=0
shrinkage=0.03


end of trees

feature_importances:
dist_high_168b=701
dist_low_168b=656
atr_pct=597
ret_72b=554
vol_ratio=420
ema72_dist=409
ret_24b=212
volume_surge=145
rsi_14=140
ema24_dist=120
ret_4b=70
liquidity=64
hour_sin=51
ret_1b=32
hour_cos=28
buy_pressure_24b=1

parameters:
[boosting: gbdt]
[objective: binary]
[metric: binary_logloss]
[tree_learner: serial]
[device_type: cpu]
[data_sample_strategy: bagging]
[data: ]
[valid: ]
[num_iterations: 300]
[learning_rate: 0.03]
[num_leaves: 15]
[num_threads: 2]
[seed: 7]
[deterministic: 1]
[force_col_wise: 0]
[force_row_wise: 1]
[histogram_pool_size: -1]
[max_depth: -1]
[min_data_in_leaf: 200]
[min_sum_hessian_in_leaf: 0.001]
[bagging_fraction: 0.8]
[pos_bagging_fraction: 1]
[neg_bagging_fraction: 1]
[bagging_freq: 1]
[bagging_seed: 17422]
[bagging_by_query: 0]
[feature_fraction: 0.8]
[feature_fraction_bynode: 1]
[feature_fraction_seed: 7040]
[extra_trees: 0]
[extra_seed: 6516]
[early_stopping_round: 0]
[early_stopping_min_delta: 0]
[first_metric_only: 0]
[max_delta_step: 0]
[lambda_l1: 0]
[lambda_l2: 2]
[linear_lambda: 0]
[min_gain_to_split: 0]
[drop_rate: 0.1]
[max_drop: 50]
[skip_drop: 0.5]
[xgboost_dart_mode: 0]
[uniform_drop: 0]
[drop_seed: 15215]
[top_rate: 0.2]
[other_rate: 0.1]
[min_data_per_group: 100]
[max_cat_threshold: 32]
[cat_l2: 10]
[cat_smooth: 10]
[max_cat_to_onehot: 4]
[top_k: 20]
[monotone_constraints: ]
[monotone_constraints_method: basic]
[monotone_penalty: 0]
[feature_contri: ]
[forcedsplits_filename: ]
[refit_decay_rate: 0.9]
[cegb_tradeoff: 1]
[cegb_penalty_split: 0]
[cegb_penalty_feature_lazy: ]
[cegb_penalty_feature_coupled: ]
[path_smooth: 0]
[interaction_constraints: ]
[verbosity: -1]
[saved_feature_importance_type: 0]
[use_quantized_grad: 0]
[num_grad_quant_bins: 4]
[quant_train_renew_leaf: 0]
[stochastic_rounding: 1]
[linear_tree: 0]
[max_bin: 255]
[max_bin_by_feature: ]
[min_data_in_bin: 3]
[bin_construct_sample_cnt: 200000]
[data_random_seed: 61]
[is_enable_sparse: 1]
[enable_bundle: 1]
[use_missing: 1]
[zero_as_missing: 0]
[feature_pre_filter: 1]
[pre_partition: 0]
[two_round: 0]
[header: 0]
[label_column: ]
[weight_column: ]
[group_column: ]
[ignore_column: ]
[categorical_feature: ]
[forcedbins_filename: ]
[precise_float_parser: 0]
[parser_config_file: ]
[objective_seed: 15521]
[num_class: 1]
[is_unbalance: 0]
[scale_pos_weight: 1]
[sigmoid: 1]
[boost_from_average: 1]
[reg_sqrt: 0]
[alpha: 0.9]
[fair_c: 1]
[poisson_max_delta_step: 0.7]
[tweedie_variance_power: 1.5]
[lambdarank_truncation_level: 30]
[lambdarank_norm: 1]
[label_gain: ]
[lambdarank_position_bias_regularization: 0]
[eval_at: ]
[multi_error_top_k: 1]
[auc_mu_weights: ]
[num_machines: 1]
[local_listen_port: 12400]
[time_out: 120]
[machine_list_filename: ]
[machines: ]
[gpu_platform_id: -1]
[gpu_device_id: -1]
[gpu_device_id_list: ]
[gpu_use_dp: 0]
[num_gpu: 1]

end of parameters

pandas_categorical:[]
