tree
version=v4
num_class=1
num_tree_per_iteration=1
label_index=0
max_feature_idx=18
objective=binary sigmoid:1
feature_names=ret_1b ret_4b ret_24b ret_72b ema24_dist ema72_dist atr_pct vol_ratio buy_pressure_6b buy_pressure_24b volume_surge rsi_14 dist_high_168b dist_low_168b rel_strength_24b btc_ret_24b hour_sin hour_cos liquidity
feature_infos=[-0.20754981922188298:0.32466580507748111] [-0.5852380811715725:0.45871493004595232] [-0.86998016646188736:0.63320583356955318] [-0.78926556367138367:0.70138090674688824] [-0.46712211305657403:0.58099580187041577] [-0.44885789790282415:0.83275497036790602] [0.00043250939902043109:0.2542808149326472] [0.081120949095636302:2.6593986680439707] [-0.49512441349562769:0.49999999999999589] [-0.44260778054815131:0.45627333821847049] [0.022776708001404685:6.8253311287106362] [5.742376255571628:97.683224441823143] [-0.68281404822195313:0] [0:2.4951298701298703] [-0.86322066487382854:0.63594250070533498] [-0.031732844159236606:0.028248793955825136] [-1:1] [-1:1] [3.0882516382027982:8.9717604135382256]
tree_sizes=902 922 917 916 921 925 927 916 926 930 926 925 922 926 924 922 917 928 922 929 919 915 922 916 902 921 921 914 919 918 914 919 920 930 925 927 913 928 916 917 926 928 929 920 920 933 913 917 923 927 929 926 930 921 917 923 915 915 908 920 922 922 914 918 927 917 928 928 924 931 919 929 932 925 919 921 927 918 920 922 916 926 928 901 928 920 924 927 927 928 916 925 918 914 912 919 920 927 922 931 926 923 927 910 928 923 924 926 932 927 920 919 927 909 926 929 925 922 928 929 918 931 925 935 916 919 913 918 929 918 919 914 927 904 938 923 920 915 916 919 922 908 920 916 907 931 933 928 918 927 917 911 928 920 921 926 929 929 911 905 921 911 927 917 922 911 931 922 922 908 918 910 930 913 925 908 920 914 909 932 922 914 929 915 920 927 926 917 909 916 936 932 930 931 907 927 932 915 907 911

Tree=0
num_leaves=7
num_cat=0
split_feature=13 18 18 15 17 17
split_gain=311.577 109.572 84.0729 95.5198 82.2537 79.9887
threshold=0.038868990741750105 5.9709424518391101 6.0500145247920036 -0.0054675941433544031 1.0000000180025095e-35 -0.83146961230254512
decision_type=2 2 2 2 2 2
left_child=2 -2 -1 4 -4 -3
right_child=1 5 3 -5 -6 -7
leaf_value=-0.24982579328153104 -0.25494125846089111 -0.26424341564919118 -0.24352532413773731 -0.25640139755704261 -0.25537324543923612 -0.25811975158037875
leaf_weight=8363.9432435631752 8803.0115225315094 2401.9617614150047 1167.8970243930817 5233.152736723423 960.04677468538284 9553.2402344942093
leaf_count=34003 35788 9765 4748 21275 3903 38838
internal_value=-0.255068 -0.257481 -0.251883 -0.254222 -0.248866 -0.259351
internal_weight=36483.3 20758.2 15725 7361.1 2127.94 11955.2
internal_count=148320 84391 63929 29926 8651 48603
is_linear=0
shrinkage=1


Tree=1
num_leaves=7
num_cat=0
split_feature=13 18 17 18 11 6
split_gain=321.229 79.5586 81.3479 72.4743 111.623 68.7001
threshold=0.041371452987464592 5.8459524270737715 -0.70710678118654757 5.926376706166729 38.454388454920426 0.0058263020100826632
decision_type=2 2 2 2 2 2
left_child=3 -2 5 -1 -5 -3
right_child=1 2 -4 4 -6 -7
leaf_value=0.0051534712782595722 3.4306416988374677e-05 0.004582460432114745 -0.0025391762015429921 0.0067722617841837482 -0.0008215863071312664 -0.0094061585828449125
leaf_weight=7922.6307816356421 6869.5228411406279 351.45191189646721 9506.4556824713945 2375.4152892827988 6517.8413727730513 3036.307756409049
leaf_count=32189 27927 1430 38661 9653 26497 12355
internal_value=1.95779e-05 -0.0025735 -0.00396262 0.00306716 0.00120782 -0.00795311
internal_weight=36579.6 19763.7 12894.2 16815.9 8893.26 3387.76
internal_count=148712 80373 52446 68339 36150 13785
is_linear=0
shrinkage=0.03


Tree=2
num_leaves=7
num_cat=0
split_feature=13 15 17 18 17 7
split_gain=298.758 100.761 205.731 132.479 94.0385 93.3482
threshold=0.049316205667703346 -0.0054675941433544031 -0.95642797789208678 6.0710539617288193 1.0000000180025095e-35 0.99925382102916371
decision_type=2 2 2 2 2 2
left_child=1 2 -1 -3 5 -4
right_child=-2 3 4 -5 -6 -7
leaf_value=0.030308121307484677 -0.003003183473318845 0.0036615654200679126 0.015664245740887955 -0.002021496971281718 1.2388543828148691e-05 0.0032572984583202329
leaf_weight=299.4272363781929 16871.594222530723 8738.9638967812061 1007.8038315176964 6389.054692953825 2040.0046763569117 1190.6653391420841
leaf_count=1216 68637 35494 4092 25981 8288 4834
internal_value=-7.45689e-05 0.00243797 0.00635778 0.00126147 0.00465231 0.00895386
internal_weight=36537.5 19665.9 4537.9 15128 4238.47 2198.47
internal_count=148542 79905 18430 61475 17214 8926
is_linear=0
shrinkage=0.03


Tree=3
num_leaves=7
num_cat=0
split_feature=13 18 17 18 11 10
split_gain=267.886 88.1502 69.2456 68.9393 93.5855 68.8337
threshold=0.041028311182884643 5.9709424518391101 -0.81241147629688992 6.0500145247920036 39.175525338522313 0.7051749911381866
decision_type=2 2 2 2 2 2
left_child=3 -2 5 -1 -5 -3
right_child=1 2 -4 4 -6 -7
leaf_value=0.0046499216482411712 4.3398692854271684e-05 0.0022196737653653697 -0.002811082469667746 0.0058691699210187635 -0.0013474429103386197 -0.010899476542605166
leaf_weight=8889.011198759079 8307.8001209944487 439.04284447431564 9122.2278621792793 2292.0607829540968 5480.2683019042015 1980.6048946380615
leaf_count=36076 33783 1789 37127 9305 22285 8073
internal_value=4.11083e-05 -0.00231309 -0.004009 0.00284575 0.000781699 -0.00851915
internal_weight=36511 19849.7 11541.9 16661.3 7772.33 2419.65
internal_count=148438 80772 46989 67666 31590 9862
is_linear=0
shrinkage=0.03


Tree=4
num_leaves=7
num_cat=0
split_feature=13 18 11 17 15 17
split_gain=224.187 95.2378 70.6129 61.0317 57.7359 149.8
threshold=0.037415268275813658 5.9709424518391101 40.043926558275466 -0.83146961230254512 -0.0054675941433544031 -0.93540483100319605
decision_type=2 2 2 2 2 2
left_child=4 -2 -3 -4 5 -1
right_child=1 2 3 -5 -6 -7
leaf_value=0.025828691273467558 0.0004075184461348077 0.0035590870066069449 -0.0087888776974986999 -0.0032405356150063745 0.001789862886319457 0.0042688466116653128
leaf_weight=314.13798400759697 9182.1579141318798 1112.9407031685114 2236.3508412539959 8824.6363065838814 11361.063342243433 3534.9481603354216
leaf_count=1271 37331 4532 9125 35928 46138 14340
internal_value=8.30696e-05 -0.00189927 -0.00363894 -0.00436371 0.00286629 0.00604092
internal_weight=36566.2 21356.1 12173.9 11061 15210.1 3849.09
internal_count=148665 86916 49585 45053 61749 15611
is_linear=0
shrinkage=0.03


Tree=5
num_leaves=7
num_cat=0
split_feature=13 15 17 18 17 10
split_gain=191.085 96.6646 211.37 112.1 88.4331 82.3099
threshold=0.054247742321174582 -0.0054675941433544031 -0.93540483100319605 5.8389127219860741 0.032701564615071219 1.7498699519033261
decision_type=2 2 2 2 2 2
left_child=1 2 -1 -3 -2 -6
right_child=4 3 -4 -5 5 -7
leaf_value=0.025969531457369098 -0.0048119182285568151 0.0033916070676083872 0.0036237976877472955 -0.0015737322178807534 -0.0014195085321392783 0.0081945286469410628
leaf_weight=415.65874533355236 7802.5171756893396 7635.5274504423141 4351.7886526733637 8813.5493102669716 6567.8988439440727 910.81886999309063
leaf_count=1680 31790 30983 17654 35840 26733 3709
internal_value=-2.04598e-05 0.0018217 0.00558212 0.00073127 -0.00257803 -0.000246755
internal_weight=36497.8 21216.5 4767.45 16449.1 15281.2 7478.72
internal_count=148389 86157 19334 66823 62232 30442
is_linear=0
shrinkage=0.03


Tree=6
num_leaves=7
num_cat=0
split_feature=13 7 2 3 17 12
split_gain=234.667 53.358 49.6256 61.3685 67.771 60.4363
threshold=0.037037037037037097 1.6805133475172942 0.012079001670528557 -0.017411931476822084 -0.065403129230142923 -0.0367892976588629
decision_type=2 2 2 2 2 2
left_child=-1 2 -2 -4 5 -5
right_child=1 -3 3 4 -6 -7
leaf_value=0.0028698370278760917 -0.0011261030482718638 0.0050154446574823758 -0.012193885469912336 -0.00087872818609508699 -0.00031299857186869383 -0.0087414856891500654
leaf_weight=15056.088871359825 12260.25925154984 927.00040927529335 769.54503062367439 1341.8355822563171 3563.6073322296143 2555.9043081104755
leaf_count=61091 49905 3777 3133 5469 14504 10419
internal_value=3.6128e-09 -0.00201745 -0.00233607 -0.00413766 -0.00330372 -0.00603649
internal_weight=36474.2 21418.2 20491.2 8230.89 7461.35 3897.74
internal_count=148298 87207 83430 33525 30392 15888
is_linear=0
shrinkage=0.03


Tree=7
num_leaves=7
num_cat=0
split_feature=13 15 17 6 15 10
split_gain=202.999 82.7898 182.168 167.224 84.5992 111.955
threshold=0.05517028409656078 -0.0054675941433544031 -0.91037613702198728 0.0096392722084009674 -0.0089946793022965803 0.81657617133316795
decision_type=2 2 2 2 2 2
left_child=1 2 3 4 -1 -6
right_child=-2 -3 -4 -5 5 -7
leaf_value=0.051926265145500645 -0.0027177723888968863 0.00082981176002329318 0.0033355598947961635 -0.012976325638477964 0.037002506517529947 -0.0024665134199397024
leaf_weight=121.92829401791096 14978.996695116162 16677.540149331093 4336.4077861905098 94.273164227604866 163.92655405402184 105.6126212477684
leaf_count=492 61040 67739 17581 381 661 426
internal_value=-3.68115e-05 0.00183111 0.00529236 0.0226763 0.0312844 0.0216332
internal_weight=36478.7 21499.7 4822.15 485.741 391.467 269.539
internal_count=148320 87280 19541 1960 1579 1087
is_linear=0
shrinkage=0.03


Tree=8
num_leaves=7
num_cat=0
split_feature=13 7 6 15 15 15
split_gain=201.668 68.4501 62.7889 95.5074 95.8485 66.4175
threshold=0.037037037037037097 1.7153789636573349 0.0045096547783286681 0.00084911016079125556 -0.012366645515775153 0.00084911016079125556
decision_type=2 2 2 2 2 2
left_child=2 -2 3 4 -1 -4
right_child=1 -3 5 -5 -6 -7
leaf_value=0.024152640807918027 -0.0022573637655258568 0.0064266177959702549 0.0056065749677635555 0.0039414775417919955 -0.0064477640700784395 0.00069825178287133232
leaf_weight=94.640376642346382 20578.964843899012 848.78990134596825 6890.1435117870569 2171.1241623461246 1994.4190408438444 3877.8457123786211
leaf_count=383 83831 3457 27924 8811 8090 15737
internal_value=-4.4259e-05 -0.00191281 0.00261989 -0.000462908 -0.0050397 0.00383941
internal_weight=36455.9 21427.8 15028.2 4260.18 2089.06 10768
internal_count=148233 87288 60945 17284 8473 43661
is_linear=0
shrinkage=0.03


Tree=9
num_leaves=7
num_cat=0
split_feature=13 7 2 6 15 17
split_gain=187.496 52.8939 56.2415 61.8189 82.7207 180.775
threshold=0.027273419860651352 1.6805133475172942 0.011560822401076034 0.0097464955852065629 -0.0054675941433544031 -0.84874750804349197
decision_type=2 2 2 2 2 2
left_child=-1 2 3 4 5 -2
right_child=1 -3 -4 -5 -6 -7
leaf_value=0.0033542340173595788 0.030070891623509184 0.0053346188664334937 -0.003485709822771636 -0.0036034691354939513 -0.00040373174368054998 0.0025306260755657449
leaf_weight=10745.199034884572 254.22108072042465 1017.3394513428211 9274.1549566090107 4265.6851252168417 9624.9992026239634 1320.5180619359016
leaf_count=43560 1029 4139 37799 17379 39154 5365
internal_value=2.57182e-05 -0.00136302 -0.00163884 -0.000531026 0.000639621 0.00700915
internal_weight=36502.1 25756.9 24739.6 15465.4 11199.7 1574.74
internal_count=148425 104865 100726 62927 45548 6394
is_linear=0
shrinkage=0.03


Tree=10
num_leaves=7
num_cat=0
split_feature=4 6 15 17 17 6
split_gain=124.475 98.6042 131.629 109.931 88.3489 73.9902
threshold=-0.0045926783867330503 0.0097464955852065629 -0.0054675941433544031 0.032701564615071219 -0.95642797789208678 0.0080930382350168032
decision_type=2 2 2 2 2 2
left_child=1 2 3 -1 -4 -2
right_child=5 -3 4 -5 -6 -7
leaf_value=0.016842899723009119 0.000156871224512969 -0.00075187712013002439 -0.011434782681880831 0.002992390014342958 0.0034593398302583912 -0.0032052707930860921
leaf_weight=1265.3886399269104 16416.84672318399 4304.2712812423706 391.18668358027935 871.33172680437565 4059.0508009791374 9185.717895552516
leaf_count=5116 66732 17502 1589 3530 16481 37445
internal_value=9.31925e-05 0.00277921 0.00508615 0.0112029 0.00214556 -0.00104956
internal_weight=36493.8 10891.2 6586.96 2136.72 4450.24 25602.6
internal_count=148395 44218 26716 8646 18070 104177
is_linear=0
shrinkage=0.03


Tree=11
num_leaves=7
num_cat=0
split_feature=13 18 11 6 15 15
split_gain=160.334 81.7136 69.1793 58.5542 94.1998 79.3094
threshold=0.037415268275813658 5.926376706166729 41.421976603249199 0.0045096547783286681 0.00026016349874691263 -0.012366645515775153
decision_type=2 2 2 2 2 2
left_child=3 -2 -3 4 5 -1
right_child=1 2 -4 -5 -6 -7
leaf_value=0.021312228568158762 0.00063972160464091936 0.0029467100355891718 -0.0039513156789351949 0.0035928590402337277 0.0032667544207177469 -0.0071408892038670232
leaf_weight=90.965794935822487 8632.461953625083 1480.3041766136885 11186.897374168038 10892.392431184649 2482.5466444045305 1736.7862061262131
leaf_count=367 35127 6032 45661 44130 10069 7047
internal_value=6.85933e-05 -0.00161111 -0.00314487 0.00242183 -0.00053771 -0.00570305
internal_weight=36502.4 21299.7 12667.2 15202.7 4310.3 1827.75
internal_count=148433 86820 51693 61613 17483 7414
is_linear=0
shrinkage=0.03


Tree=12
num_leaves=7
num_cat=0
split_feature=13 18 11 17 3 6
split_gain=153.159 75.2102 62.6038 65.1224 77.683 53.9407
threshold=0.037415268275813658 5.926376706166729 41.130847259331183 -0.70710678118654757 0.11584685020169762 0.0058263020100826632
decision_type=2 2 2 2 2 2
left_child=-1 -2 -3 5 -5 -4
right_child=1 2 3 4 -6 -7
leaf_value=0.0023778178579301535 0.000596701767271261 0.0029168188884117073 0.0035625537615610538 -0.0033926176768958594 0.006274074709392217 -0.0090935440209919654
leaf_weight=15176.728330284357 8604.4725424051285 1410.2675400227308 341.98455463349819 7476.3845735788345 829.52326555550098 2599.0014159530401
leaf_count=61491 35010 5744 1396 30508 3384 10643
internal_value=7.59037e-05 -0.00156729 -0.00303826 -0.00378536 -0.00242591 -0.00762044
internal_weight=36438.4 21261.6 12657.2 11246.9 8305.91 2940.99
internal_count=148176 86685 51675 45931 33892 12039
is_linear=0
shrinkage=0.03


Tree=13
num_leaves=7
num_cat=0
split_feature=18 11 13 17 6 12
split_gain=165.131 167.904 78.6953 66.6106 100.143 54.6407
threshold=5.9709424518391101 39.175525338522313 0.048091240507227025 -0.83146961230254512 0.0072319292927915104 -0.081621894096152101
decision_type=2 2 2 2 2 2
left_child=2 -2 -1 4 5 -3
right_child=1 3 -4 -5 -6 -7
leaf_value=0.0040084102854551478 0.0043347705048516118 0.024020566990868384 -0.00018400246116533899 -0.0020903209787353802 -0.010963731239218595 -0.001745095729118844
leaf_weight=9662.1657180339098 3350.0165592432022 77.22990120947361 6911.1479042172432 13376.642571777105 2025.8640789240599 1136.6937897056341
leaf_count=39128 13575 313 28141 54508 8297 4631
internal_value=4.68924e-05 -0.00179044 0.00226034 -0.00302571 -0.00688415 -6.90689e-05
internal_weight=36539.8 19966.4 16573.3 16616.4 3239.79 1213.92
internal_count=148593 81324 67269 67749 13241 4944
is_linear=0
shrinkage=0.03


Tree=14
num_leaves=7
num_cat=0
split_feature=13 18 7 17 6 6
split_gain=151.942 134.396 71.0475 54.6348 60.4198 50.8567
threshold=0.029190741507179378 5.926376706166729 1.7153789636573349 -0.83146961230254512 0.0059579972845372553 0.0043663827704886219
decision_type=2 2 2 2 2 2
left_child=5 2 -2 4 -3 -1
right_child=1 3 -4 -5 -6 -7
leaf_value=-0.00030176517874023361 0.0010256028225529906 0.0032957741891030392 0.022083459695229873 -0.0022252974468328504 -0.0087233902672182503 0.0041225103906581267
leaf_weight=3244.4500160515308 10335.981611281633 444.74273562431335 144.24704359471798 11605.911069631577 2415.7897763699293 8368.2667485624552
leaf_count=13155 42010 1813 585 47343 9909 33866
internal_value=5.22172e-05 -0.00126731 0.0013196 -0.00314132 -0.00685371 0.00288658
internal_weight=36559.4 24946.7 10480.2 14466.4 2860.53 11612.7
internal_count=148681 101660 42595 59065 11722 47021
is_linear=0
shrinkage=0.03


Tree=15
num_leaves=7
num_cat=0
split_feature=13 18 7 17 6 2
split_gain=143.081 103.187 57.6051 53.608 65.1464 44.1288
threshold=0.027273419860651352 5.926376706166729 1.8547624241612708 -0.83146961230254512 0.0049415848561609041 0.010796800331923208
decision_type=2 2 2 2 2 2
left_child=-1 2 5 4 -3 -2
right_child=1 3 -4 -5 -6 -7
leaf_value=0.0028709176582278196 0.0022008294703805861 0.0070522291306647951 0.024388230666912109 -0.001979180812611774 -0.0079660269557479298 -0.001790703679408389
leaf_weight=10746.781154572964 6922.5748334527016 286.58947171270847 91.702259302139282 11930.201580569148 2656.1748116910458 3893.1048941910267
leaf_count=43498 28107 1167 371 48673 10901 15838
internal_value=-3.68733e-05 -0.00124914 0.000967063 -0.00287435 -0.00649964 0.000764011
internal_weight=36527.1 25780.3 10907.4 14873 2942.76 10815.7
internal_count=148555 105057 44316 60741 12068 43945
is_linear=0
shrinkage=0.03


Tree=16
num_leaves=7
num_cat=0
split_feature=18 11 12 3 17 7
split_gain=95.1273 149.388 58.4436 52.8862 59.3162 59.2367
threshold=5.9709424518391101 39.175525338522313 -0.24853932870608383 -0.078255755023478465 0.097964660725097283 0.67952965516441943
decision_type=2 2 2 2 2 2
left_child=3 -2 -3 4 -1 -5
right_child=1 2 -4 5 -6 -7
leaf_value=-0.0054964840729943617 0.004313266610789796 -0.01828802308526933 -0.0024259173724216604 -0.0014914820530240918 0.019581417027309166 0.0025138113295383622
leaf_weight=118.88528309762478 3354.1555645018816 209.82585217058659 16299.07497638464 4679.1443834602833 288.48605470359325 11457.273325935006
leaf_count=481 13584 858 66520 18988 1168 46473
internal_value=-5.75314e-05 -0.00145698 -0.00262971 0.00162267 0.0122717 0.00135234
internal_weight=36406.8 19863.1 16508.9 16543.8 407.371 16136.4
internal_count=148072 80962 67378 67110 1649 65461
is_linear=0
shrinkage=0.03


Tree=17
num_leaves=7
num_cat=0
split_feature=13 18 6 15 15 15
split_gain=149.42 48.9546 47.2925 100.415 80.4047 67.7523
threshold=0.037415268275813658 5.9709424518391101 0.0045096547783286681 0.00026016349874691263 -0.010451375152978669 -0.0049986852325121225
decision_type=2 2 2 2 2 2
left_child=2 -2 3 4 -1 -6
right_child=1 -3 -4 -5 5 -7
leaf_value=0.016176559067859139 0.00010854363386468686 -0.0027997237196701963 0.0033919257115934301 0.0036031017767017269 -0.01880090324264877 -0.0042739714681395745
leaf_weight=138.19307552278042 9134.6816136240959 12119.249713763595 10927.358994051814 2482.0713956654072 369.16317294538021 1313.3150022476912
leaf_count=557 37151 49590 44210 10057 1495 5333
internal_value=7.52489e-05 -0.00154989 0.00234307 -0.000320953 -0.00566859 -0.00747996
internal_weight=36484 21253.9 15230.1 4302.74 1820.67 1682.48
internal_count=148393 86741 61652 17442 7385 6828
is_linear=0
shrinkage=0.03


Tree=18
num_leaves=7
num_cat=0
split_feature=18 4 6 10 13 18
split_gain=116.996 116.059 86.0198 76.9713 57.0505 50.0244
threshold=5.8389127219860741 -0.0067870555859276252 0.010363437523262766 0.52402519204777265 0.079244701500485584 6.6983215928136577
decision_type=2 2 2 2 2 2
left_child=4 2 5 -4 -1 -2
right_child=1 -3 3 -5 -6 -7
leaf_value=0.0030564147706512576 0.0036774016953898632 -0.0024919654032790439 -0.013649042667196272 0.00073627751370130374 -0.0024167583915427481 0.012565510666166275
leaf_weight=11996.64689385891 1997.7825113087893 16695.558434277773 380.29456348717213 2690.9108467847109 1998.1891161948442 796.97391466796398
leaf_count=48606 8093 68140 1549 10946 8135 3226
internal_value=0.000120012 -0.00121663 0.00241281 -0.00105272 0.00227472 0.00621918
internal_weight=36556.4 22561.5 5865.96 3071.21 13994.8 2794.76
internal_count=148695 91954 23814 12495 56741 11319
is_linear=0
shrinkage=0.03


Tree=19
num_leaves=7
num_cat=0
split_feature=13 17 3 15 17 18
split_gain=108.774 67.4303 83.0638 66.9128 178.539 88.4456
threshold=0.051075268817204374 0.06540312923014284 0.024830092427204579 -0.0054675941433544031 -0.93540483100319605 6.0784622180136125
decision_type=2 2 2 2 2 2
left_child=3 -2 -3 4 -1 -5
right_child=1 2 -4 5 -6 -7
leaf_value=0.023727676364618026 -0.0037269466605713247 -0.0032101363773513387 0.0029944902630100901 0.002393113271995559 0.0027743027522580872 -0.0021851863628044948
leaf_weight=398.80106525123119 8464.1750332862139 3596.9177113771439 4215.5812713950872 9100.1070593744516 4224.3747630417347 6514.4685561656952
leaf_count=1602 34639 14671 17206 36839 17073 26498
internal_value=-4.65132e-05 -0.00187217 0.000137755 0.00142186 0.00459125 0.000482992
internal_weight=36514.4 16276.7 7812.5 20237.8 4623.18 15614.6
internal_count=148528 66516 31877 82012 18675 63337
is_linear=0
shrinkage=0.03


Tree=20
num_leaves=7
num_cat=0
split_feature=13 18 17 3 16 18
split_gain=104.717 90.3928 57.7897 49.0088 48.827 48.0838
threshold=0.027273419860651352 5.8459524270737715 -0.83146961230254512 0.11584685020169762 0.47114434510950087 6.7117113888618043
decision_type=2 2 2 2 2 2
left_child=-1 -2 -3 -4 -5 -6
right_child=1 2 3 4 5 -7
leaf_value=0.0023680789461101794 0.0011322660243537849 -0.0061871530901146084 -0.0021630037754896618 0.010075017488089038 0.0097696817123865409 -0.013489842859613421
leaf_weight=10784.149823442101 9701.8669665753841 3136.5225259661674 11967.001391202211 599.14540304243565 130.92829318344593 199.28132067620754
leaf_count=43614 39393 12885 48866 2447 535 814
internal_value=-0.000113298 -0.00115322 -0.00253619 -0.00164742 0.00498195 -0.00426413
internal_weight=36518.9 25734.7 16032.9 12896.4 929.355 330.21
internal_count=148554 104940 65547 52662 3796 1349
is_linear=0
shrinkage=0.03


Tree=21
num_leaves=7
num_cat=0
split_feature=13 7 18 17 6 18
split_gain=106.4 42.9714 45.017 58.0832 67.2418 53.9441
threshold=0.041028311182884643 1.7561020575339665 5.8459524270737715 -0.70710678118654757 0.0071992837236896099 6.5485358841604162
decision_type=2 2 2 2 2 2
left_child=-1 2 -2 4 5 -4
right_child=1 -3 3 -5 -6 -7
leaf_value=0.0017426333790153295 0.00016722233446587456 0.0055764579992811352 0.0073228919331007163 -0.0016438224293034193 -0.0086780529738475377 -0.010529534601764064
leaf_weight=16717.846671819687 6841.7731289863586 740.14148165285587 489.67496035993099 9053.3409439772367 2480.4786438494921 218.7569904178381
leaf_count=67665 27824 3019 2007 37022 10224 898
internal_value=-2.00559e-05 -0.00150657 -0.00178183 -0.00287093 -0.0063515 0.00179611
internal_weight=36542 19824.2 19084 12242.3 3188.91 708.432
internal_count=148659 80994 77975 50151 13129 2905
is_linear=0
shrinkage=0.03


Tree=22
num_leaves=7
num_cat=0
split_feature=4 6 15 17 17 17
split_gain=92.3537 60.0507 116.361 124.113 94.9251 77.7073
threshold=-0.0035044701147511899 0.0099179667493430289 -0.0054675941433544031 -0.9733555533461492 -0.95642797789208678 0.06540312923014284
decision_type=2 2 2 2 2 2
left_child=1 2 3 -1 -4 -5
right_child=-2 -3 4 5 -6 -7
leaf_value=0.036371513004420097 -0.0010948274944631714 -0.0007333992063998251 -0.011280848910317753 0.012064211882481328 0.0024892801362992297 0.00073838318548709314
leaf_weight=140.16698680818081 24157.051355659962 4350.76082649827 492.69019976258278 1336.6828774362803 5050.1465107500553 920.29956604540348
leaf_count=563 98428 17709 2003 5390 20474 3718
internal_value=-1.76854e-05 0.00209923 0.00365119 0.00917075 0.00126166 0.00745077
internal_weight=36447.8 12290.7 7939.99 2397.15 5542.84 2256.98
internal_count=148285 49857 32148 9671 22477 9108
is_linear=0
shrinkage=0.03


Tree=23
num_leaves=7
num_cat=0
split_feature=13 15 17 7 16 17
split_gain=102.003 55.2903 143.147 101.63 97.071 65.712
threshold=0.050604933848525276 -0.0054675941433544031 -0.3520614488341256 0.99216171774910755 0.19509032201612822 -0.9733555533461492
decision_type=2 2 2 2 2 2
left_child=1 2 3 -1 -4 -3
right_child=-2 5 4 -5 -6 -7
leaf_value=0.017586727005690111 -0.0016036162967678228 -0.006372426089450157 0.0050153111868836194 0.0033401397974708877 -0.0062284603826884338 0.0012625977709330115
leaf_weight=977.70508395135403 16357.84390963614 1089.3541360348463 1622.1366247832775 836.64208446443081 1200.8417501598597 14414.735711500049
leaf_count=3935 66904 4424 6555 3375 4852 58453
internal_value=0.000156097 0.00158526 0.00445855 0.0110282 0.000231399 0.00072539
internal_weight=36499.3 20141.4 4637.33 1814.35 2822.98 15504.1
internal_count=148498 81594 18717 7310 11407 62877
is_linear=0
shrinkage=0.03


Tree=24
num_leaves=7
num_cat=0
split_feature=13 18 7 16 15 7
split_gain=96.2794 82.2921 50.6033 50.0073 71.6737 49.2675
threshold=0.027273419860651352 5.9185382811259908 1.7153789636573349 -0.5 -0.010719256182954771 0.82664912578555672
decision_type=2 2 2 2 2 2
left_child=-1 2 -2 -3 5 -5
right_child=1 3 -4 4 -6 -7
leaf_value=0.002379486511866636 0.00075586340866948352 -6.489261072598209e-05 0.018354124174899906 0.0044485885404431762 -0.0032167523759386615 -0.023104705794387649
leaf_weight=10740.624859929085 10589.702037081122 5194.0248413681984 147.13269969820976 73.786990106105804 9404.3237195461988 268.01931945979595
leaf_count=43412 43007 21227 594 301 38533 1098
internal_value=-5.25976e-06 -0.0010029 0.0010004 -0.00244252 -0.00370937 -0.0171654
internal_weight=36417.6 25677 10736.8 14940.2 9746.13 341.806
internal_count=148172 104760 43601 61159 39932 1399
is_linear=0
shrinkage=0.03


Tree=25
num_leaves=7
num_cat=0
split_feature=13 18 12 15 11 15
split_gain=103.63 51.4945 54.2163 87.0289 78.9205 64.5792
threshold=0.041371452987464592 5.8389127219860741 -0.033173499551269851 -0.012766019236338797 52.929514512497946 0.00281977643908693
decision_type=2 2 2 2 2 2
left_child=1 -1 5 -4 -5 -3
right_child=-2 2 3 4 -6 -7
leaf_value=0.0035555641686129589 -0.0015709241006054983 0.0033527549724159979 0.024794435923006938 -0.0087346802601916233 0.0016791440722823926 -0.0032931568813260605
leaf_weight=7195.9043392241001 19665.582544788718 5082.9429981559515 93.62347537279129 1548.0271732062101 1133.2490357607603 1773.5613654255867
leaf_count=29052 80405 20561 377 6284 4608 7199
internal_value=-9.21805e-05 0.00163597 0.000201336 -0.00333531 -0.00433528 0.00163321
internal_weight=36492.9 16827.3 9631.4 2774.9 2681.28 6856.5
internal_count=148486 68081 39029 11269 10892 27760
is_linear=0
shrinkage=0.03


Tree=26
num_leaves=7
num_cat=0
split_feature=18 11 17 6 17 6
split_gain=87.6031 124.483 58.1914 69.0954 47.7837 63.0735
threshold=5.9709424518391101 39.175525338522313 -0.84874750804349197 0.0059579972845372553 0.06540312923014284 0.0094808675504943086
decision_type=2 2 2 2 2 2
left_child=-1 4 3 -3 5 -2
right_child=1 2 -4 -5 -6 -7
leaf_value=0.0014885407748573617 0.0128335422601598 0.0016071358233820344 -0.0016833363536936103 -0.0088349492010045098 -0.00022933496666526225 0.0018087986064239643
leaf_weight=16596.789890229702 878.21047627925873 756.16033624112606 13438.458368256688 2311.6440858542919 1478.7299772948027 996.60868668556213
leaf_count=67269 3543 3080 54891 9541 5985 4039
internal_value=-0.000120037 -0.00146434 -0.00253493 -0.00626179 0.00380353 0.00698123
internal_weight=36456.6 19859.8 16506.3 3067.8 3353.55 1874.82
internal_count=148348 81079 67512 12621 13567 7582
is_linear=0
shrinkage=0.03


Tree=27
num_leaves=7
num_cat=0
split_feature=18 11 3 3 10 7
split_gain=70.5976 99.2648 60.6004 57.6747 55.4157 44.6751
threshold=5.9709424518391101 38.454388454920426 -0.078255755023478465 -0.052871911321748837 3.5148052029782035 1.3977703326190833
decision_type=2 2 2 2 2 2
left_child=2 -2 -1 5 -4 -3
right_child=1 3 4 -5 -6 -7
leaf_value=0.012598429708598794 0.0037287454679962076 -0.0097758619543007134 0.00095817246652470101 -0.0016665813738289781 0.025143839866375396 0.012985502058267784
leaf_weight=420.32453432679176 3028.5924628078938 1191.5499773174524 16086.798315897584 15593.476293310523 83.721106171607971 81.310414493083954
leaf_count=1697 12245 4863 65199 63806 338 331
internal_value=-6.53684e-05 -0.0012704 0.00137962 -0.0021684 0.00108649 -0.00830377
internal_weight=36485.8 19894.9 16590.8 16866.3 16170.5 1272.86
internal_count=148479 81245 67234 69000 65537 5194
is_linear=0
shrinkage=0.03


Tree=28
num_leaves=7
num_cat=0
split_feature=18 11 3 17 13 17
split_gain=81.0082 101.237 60.8458 80.022 58.5761 57.1829
threshold=5.9709424518391101 39.175525338522313 -0.046605998232235428 -0.83146961230254512 0.079244701500485584 -0.19509032201612839
decision_type=2 2 2 2 2 2
left_child=4 -2 3 -3 -1 -6
right_child=1 2 -4 -5 5 -7
leaf_value=0.0024011189748497927 0.0035297199616659307 -0.024872518231887256 -0.0016201901499506405 -0.0050912662119081634 -0.0077239723267420578 0.0012143341413417656
leaf_weight=13918.043725475669 3354.7202027291059 214.77335533499718 15039.131300196052 1232.0845501571894 1091.1435385197401 1567.27755433321
leaf_count=56333 13563 884 61564 5028 4451 6382
internal_value=7.38604e-05 -0.00121939 -0.00218609 -0.0080579 0.00162174 -0.00245742
internal_weight=36417.2 19840.7 16486 1446.86 16576.5 2658.42
internal_count=148205 81039 67476 5912 67166 10833
is_linear=0
shrinkage=0.03


Tree=29
num_leaves=7
num_cat=0
split_feature=13 7 18 17 10 10
split_gain=82.4172 46.1045 46.9424 43.4308 61.1406 51.421
threshold=0.037415268275813658 1.7561020575339665 5.8389127219860741 -0.83146961230254512 0.70093835260180193 0.52825256849075253
decision_type=2 2 2 2 2 2
left_child=-1 2 -2 4 5 -4
right_child=1 -3 3 -5 -6 -7
leaf_value=0.0017257489661911616 0.000463740049484519 0.0061161554110463713 -0.0084064575729790609 -0.0016593979153865011 -0.0083499546125880859 0.010753187620632791
leaf_weight=15265.297653004527 7480.2553794384003 753.39554543793201 207.5237422734499 10474.003471508622 2045.4894134998322 314.84834089875221
leaf_count=61719 30400 3074 855 42900 8472 1297
internal_value=4.38646e-05 -0.00116295 -0.00143074 -0.00251724 -0.00601226 0.00313857
internal_weight=36540.8 21275.5 20522.1 13041.9 2567.86 522.372
internal_count=148717 86998 83924 53524 10624 2152
is_linear=0
shrinkage=0.03


Tree=30
num_leaves=7
num_cat=0
split_feature=18 11 3 17 3 7
split_gain=67.832 108.615 61.1825 78.1081 58.713 52.2873
threshold=5.9709424518391101 39.175525338522313 -0.045483039425380116 -0.83146961230254512 -0.078255755023478465 0.68922186290763221
decision_type=2 2 2 2 2 2
left_child=4 -2 3 -3 -1 -6
right_child=1 2 -4 -5 5 -7
leaf_value=0.012618740779852174 0.0037136524444163267 -0.02458382540569537 -0.0016257571114221933 -0.0051416495340213539 -0.0014607037083799528 0.0022444941806909688
leaf_weight=407.52295018732548 3364.15911488235 216.51539874076843 15030.913245812058 1262.2232248336077 4927.1073751300573 11254.194793522358
leaf_count=1643 13596 895 61558 5154 19976 45582
internal_value=-1.5881e-05 -0.001198 -0.00219917 -0.00801771 0.0014003 0.00111624
internal_weight=36462.6 19873.8 16509.7 1478.74 16588.8 16181.3
internal_count=148404 81203 67607 6049 67201 65558
is_linear=0
shrinkage=0.03


Tree=31
num_leaves=7
num_cat=0
split_feature=13 18 15 6 15 17
split_gain=76.4806 42.3256 55.5382 63.4543 71.3956 135.778
threshold=0.039930508396564098 6.0500145247920036 -0.0075614517915951742 0.0088678419947248645 -0.012766019236338797 0.097964660725097283
decision_type=2 2 2 2 2 2
left_child=1 -1 3 4 5 -3
right_child=-2 2 -4 -5 -6 -7
leaf_value=0.003107044782437729 -0.0010895385987863982 0.041280447113148107 -0.0013547883913950221 -0.00055559547708503314 0.0044379381364387975 -0.0015898276489209552
leaf_weight=8674.6188191026449 20146.58055074513 157.67572374641895 5843.6438049077988 918.83619995415211 513.49555639922619 113.68686710298061
leaf_count=34996 82433 633 23736 3704 2071 458
internal_value=0.000144899 0.00167793 3.49802e-05 0.00479786 0.0110507 0.0234398
internal_weight=36368.5 16222 7547.34 1703.69 784.858 271.363
internal_count=148031 65598 30602 6866 3162 1091
is_linear=0
shrinkage=0.03


Tree=32
num_leaves=7
num_cat=0
split_feature=4 6 15 17 17 17
split_gain=57.6513 50.8877 93.88 120.303 85.27 63.4071
threshold=-0.004152732954893378 0.0097464955852065629 -0.0052194822176856439 -0.9733555533461492 -0.95642797789208678 0.097964660725097283
decision_type=2 2 2 2 2 2
left_child=1 2 3 -1 -4 -5
right_child=-2 -3 4 5 -6 -7
leaf_value=0.036191755972607709 -0.00091472278580977562 -0.000875462665506508 -0.011812765875357295 0.01082100233167602 0.0021143783373326463 0.00032196375435449172
leaf_weight=128.83696945011616 24989.720082640648 4402.4485686123371 433.23576790094376 1268.2169101685286 4349.3563956320286 874.07853332161903
leaf_count=517 101904 17926 1764 5100 17614 3527
internal_value=-0.000106866 0.00165519 0.00323445 0.00825394 0.000848364 0.00654158
internal_weight=36445.9 11456.2 7053.72 2271.13 4782.59 2142.3
internal_count=148352 46448 28522 9144 19378 8627
is_linear=0
shrinkage=0.03


Tree=33
num_leaves=7
num_cat=0
split_feature=13 7 9 12 12 15
split_gain=66.7042 49.9528 43.7528 65.9001 34.5651 104.321
threshold=0.027273419860651352 1.6306319398542126 -0.060772476202721575 -0.096716098562149785 -0.058913419998433018 -0.010451375152978669
decision_type=2 2 2 2 2 2
left_child=4 2 3 -2 -1 -6
right_child=1 -3 -4 -5 5 -7
leaf_value=0.0037124517636815983 -0.0099303545226491 0.0051760166763558171 -0.0015984826401656751 0.0040123796734135653 0.013247302728234839 -0.00099728454077040044
leaf_weight=5245.8265580832958 344.86900095641613 1181.3461814522743 21588.413410782814 2535.0913929790258 507.62076459825039 5025.721631705761
leaf_count=21160 1404 4820 88222 10310 2041 20333
internal_value=-1.18664e-05 -0.000844062 -0.00113511 0.00233703 0.00196818 0.000313807
internal_weight=36428.9 25649.7 24468.4 2879.96 10779.2 5533.34
internal_count=148290 104756 99936 11714 43534 22374
is_linear=0
shrinkage=0.03


Tree=34
num_leaves=7
num_cat=0
split_feature=2 6 18 11 7 15
split_gain=62.3629 46.7449 43.8243 65.1895 51.1617 45.4695
threshold=0.011560822401076034 0.0097464955852065629 5.9709424518391101 40.204944799509612 0.39245402751206498 0.010696730991099026
decision_type=2 2 2 2 2 2
left_child=2 -2 -1 -4 -5 -6
right_child=1 -3 3 4 5 -7
leaf_value=0.0021452284398761328 -0.0034505669772407549 0.00068765949758820531 0.0029878493778159442 -0.0166005277319769 -0.00086233924425339198 -0.010996805770352915
leaf_weight=12401.658113673329 6506.4944426268339 3945.2774865031242 3856.8374912589788 198.82327546179295 9218.9013865292072 414.46873632073402
leaf_count=50166 26577 16214 15596 813 37700 1694
internal_value=6.92184e-05 -0.00188866 0.000853617 -0.000316668 -0.00161326 -0.00130056
internal_weight=36542.5 10451.8 26090.7 13689 9832.19 9633.37
internal_count=148760 42791 105969 55803 40207 39394
is_linear=0
shrinkage=0.03


Tree=35
num_leaves=7
num_cat=0
split_feature=13 17 7 12 3 15
split_gain=57.7251 65.0962 84.7113 99.6035 47.4468 40.867
threshold=0.054247742321174582 0.032701564615071219 0.67275708748409435 -0.18322331331313088 0.065492941391166473 -0.0054675941433544031
decision_type=2 2 2 2 2 2
left_child=5 -2 -3 -4 -5 -1
right_child=1 2 3 4 -6 -7
leaf_value=0.0034324325949204996 -0.0033564009181143105 -0.0047411947680105994 -0.029536357140728983 0.0013381339862474978 0.0077541716950655414 0.00028578986830713127
leaf_weight=4794.4269403517246 7719.9472172856331 1975.4718471616507 83.943427085876465 3960.0874363034964 1404.049241989851 16472.478544935584
leaf_count=19331 31729 8073 344 16186 5743 66822
internal_value=-1.25173e-05 -0.00142798 0.000577804 0.0025075 0.00301978 0.000995427
internal_weight=36410.4 15143.5 7423.55 5448.08 5364.14 21266.9
internal_count=148228 62075 30346 22273 21929 86153
is_linear=0
shrinkage=0.03


Tree=36
num_leaves=7
num_cat=0
split_feature=18 11 3 17 7 3
split_gain=61.1377 79.7726 67.05 110.704 50.1939 47.0941
threshold=5.8459524270737715 39.175525338522313 -0.039403544003374084 -0.83146961230254512 1.4439089428347545 -0.09658683151104229
decision_type=2 2 2 2 2 2
left_child=5 -2 3 -3 -5 -1
right_child=1 2 -4 4 -6 -7
leaf_value=0.020491077396425174 0.002975585467328424 -0.023541509446315164 -0.0011983932860990555 -0.0052686964126850986 0.016821243265755466 0.0013419343684368805
leaf_weight=114.55918307602406 3740.7433626800776 306.47749200463295 16581.566026046872 1599.6844245791435 96.330221548676491 14038.377969026566
leaf_count=461 15107 1267 67916 6533 392 56836
internal_value=-4.25954e-05 -0.00102046 -0.00182505 -0.00700765 -0.0039957 0.00149981
internal_weight=36477.7 22324.8 18584.1 2002.49 1696.01 14152.9
internal_count=148512 91215 76108 8192 6925 57297
is_linear=0
shrinkage=0.03


Tree=37
num_leaves=7
num_cat=0
split_feature=13 18 17 5 17 3
split_gain=70.5495 54.066 63.9957 67.6588 53.9683 125.734
threshold=0.054703978170484897 5.8389127219860741 0.097964660725097283 -0.0072560885341382267 -0.84874750804349197 -0.037608372330048427
decision_type=2 2 2 2 2 2
left_child=1 -1 4 -4 5 -3
right_child=-2 2 3 -5 -6 -7
leaf_value=0.002741417137849467 -0.0016373579307810626 -0.019444282708600102 0.00075584286443122859 -0.0058114614061896179 0.0036485767077690367 0.0010145623315765851
leaf_weight=9437.4776674807072 15034.166426360607 321.2375710606575 2750.2141856998205 2898.3934069275856 4341.8275059759617 1651.418009981513
leaf_count=38091 61649 1310 11135 11813 17615 6729
internal_value=-6.24689e-05 0.00104396 -0.000295369 -0.00261481 0.00177966 -0.00233338
internal_weight=36434.7 21400.6 11963.1 5648.61 6314.48 1972.66
internal_count=148342 86693 48602 22948 25654 8039
is_linear=0
shrinkage=0.03


Tree=38
num_leaves=7
num_cat=0
split_feature=18 4 6 10 18 7
split_gain=66.3925 60.6693 53.9127 55.7253 55.587 51.457
threshold=5.8540726060957988 -0.0075937166147143622 0.010363437523262766 0.52402519204777265 6.897442968815569 0.68599506909542551
decision_type=2 2 2 2 2 2
left_child=5 2 4 -4 -2 -1
right_child=1 -3 3 -5 -6 -7
leaf_value=-0.001088451940591674 0.0027219235459827948 -0.0019444362883134874 -0.011865793787567733 0.00054931193043764829 0.013975120676106442 0.0027877912367181425
leaf_weight=4498.4114266633987 1953.6558601111174 16785.420492336154 370.75185087323189 2559.2996861189604 493.68974727392197 9782.3313394486904
leaf_count=18226 7894 68763 1518 10421 1991 39575
internal_value=-2.82463e-05 -0.00105607 0.00171663 -0.00102865 0.00500153 0.0015668
internal_weight=36443.6 22162.8 5377.4 2930.05 2447.35 14280.7
internal_count=148388 90587 21824 11939 9885 57801
is_linear=0
shrinkage=0.03


Tree=39
num_leaves=7
num_cat=0
split_feature=18 11 7 13 17 10
split_gain=55.8948 81.9409 45.7568 40.3325 52.3399 44.2976
threshold=5.9709424518391101 39.175525338522313 0.36205727127629045 0.079244701500485584 -0.19509032201612839 3.0286740584399934
decision_type=2 2 2 2 2 2
left_child=3 -2 -3 5 -5 -1
right_child=1 2 -4 4 -6 -7
leaf_value=0.0017115201452318606 0.0031196416742472689 -0.018270922744710358 -0.0018608375117487501 -0.0072243343431809721 0.0013470928659797231 0.021572487586931505
leaf_weight=13856.00415314734 3366.4563988894224 152.39726653695107 16363.653860703111 1088.066129937768 1555.7001789957285 99.830276921391487
leaf_count=56029 13591 626 67123 4447 6336 402
internal_value=-7.20334e-05 -0.00114493 -0.00201445 0.00121304 -0.00218335 0.00185666
internal_weight=36482.1 19882.5 16516.1 16599.6 2643.77 13955.8
internal_count=148554 81340 67749 67214 10783 56431
is_linear=0
shrinkage=0.03


Tree=40
num_leaves=7
num_cat=0
split_feature=13 3 17 12 16 15
split_gain=59.9441 41.624 129.186 89.3822 56.1548 67.0602
threshold=0.037415268275813658 -0.046605998232235428 -0.84874750804349197 -0.080845562526181566 0.13052619222005182 -0.008304989847015774
decision_type=2 2 2 2 2 2
left_child=1 2 -1 -3 5 -5
right_child=-2 3 -4 4 -6 -7
leaf_value=-0.019367696709687878 -0.0010984996737116433 0.007811131308551298 0.00039606861061313429 0.010907746774235347 -0.0015045318956895969 0.0016311735994213455
leaf_weight=332.15601944923401 21196.980304598808 2080.646657794714 2724.6097494661808 819.7683514803648 4513.013794079423 4793.7063409537077
leaf_count=1348 86795 8394 10993 3295 18254 19400
internal_value=-6.63103e-05 0.00136705 -0.00176277 0.00215094 0.000986652 0.00298929
internal_weight=36460.9 15263.9 3056.77 12207.1 10126.5 5613.47
internal_count=148479 61684 12341 49343 40949 22695
is_linear=0
shrinkage=0.03


Tree=41
num_leaves=7
num_cat=0
split_feature=7 14 6 16 9 7
split_gain=44.4321 49.6973 61.2077 40.7314 39.1864 47.4881
threshold=1.7561020575339665 0.0055047129143754878 0.013737684026187599 1.0000000180025095e-35 0.060491297430791964 0.60391620807248614
decision_type=2 2 2 2 2 2
left_child=1 2 4 -4 -1 -6
right_child=-2 -3 3 -5 5 -7
leaf_value=0.0015020783095767432 0.0061289307518707691 -0.0017765487928699244 -0.001040127427876542 -0.010198403418318614 -0.0099571144024595722 -0.00018010996045319876
leaf_weight=18329.753181666136 998.72762909531593 12774.651505723596 1091.9341405034065 727.33816532790661 587.96668092906475 1846.8088073134422
leaf_count=74399 4062 52283 4467 2985 2386 7485
internal_value=-0.000104856 -0.000281271 0.000564623 -0.00470875 0.00102706 -0.00254736
internal_weight=36357.2 35358.5 22583.8 1819.27 20764.5 2434.78
internal_count=148067 144005 91722 7452 84270 9871
is_linear=0
shrinkage=0.03


Tree=42
num_leaves=7
num_cat=0
split_feature=13 18 17 10 14 12
split_gain=50.4825 45.6402 47.4206 75.147 48.0244 43.9759
threshold=0.026936295265909686 5.8389127219860741 -0.83146961230254512 0.78384103471366362 0.10123385419165089 -0.0084404561289618246
decision_type=2 2 2 2 2 2
left_child=-1 -2 3 -3 5 -4
right_child=1 2 4 -5 -6 -7
leaf_value=0.0017357949337683046 0.00091495316769982455 0.002788255340539815 -0.00070670327439977486 -0.0077180730186099155 0.010537214543001966 -0.0077771210067665514
leaf_weight=10656.987388238311 9646.9444763511419 827.8032068759203 11835.754081502557 2346.495070502162 320.85147675871849 846.52149763703346
leaf_count=43018 39132 3415 48489 9736 1313 3475
internal_value=-1.23024e-06 -0.00071813 -0.00169197 -0.00497817 -0.000889102 -0.00117979
internal_weight=36481.4 25824.4 16177.4 3174.3 13003.1 12682.3
internal_count=148578 105560 66428 13151 53277 51964
is_linear=0
shrinkage=0.03


Tree=43
num_leaves=7
num_cat=0
split_feature=14 6 15 18 9 9
split_gain=57.0426 37.4128 34.1912 45.8659 43.9689 37.8491
threshold=0.0053202561667152768 0.013737684026187599 0.006818635803268692 5.6923500276414103 0.061773309751292978 0.09326076517641109
decision_type=2 2 2 2 2 2
left_child=1 2 4 -4 -1 -5
right_child=-2 -3 3 5 -6 -7
leaf_value=0.0022812698716568546 -0.0015175881316917715 -0.0030641512810248399 0.0034142829355991449 -0.006044557571255515 -0.0024087529083053551 0.011738569295110893
leaf_weight=16289.705712243915 13601.036732792854 1925.4963095337152 941.4368514418602 1580.4594290852547 2020.7041207551956 113.75448507070541
leaf_count=66081 55674 7888 3803 6449 8192 463
internal_value=2.07904e-05 0.000935671 0.00130362 -0.00189006 0.00176348 -0.00483811
internal_weight=36472.6 22871.6 20946.1 2635.65 18310.4 1694.21
internal_count=148550 92876 84988 10715 74273 6912
is_linear=0
shrinkage=0.03


Tree=44
num_leaves=7
num_cat=0
split_feature=18 10 14 3 17 10
split_gain=47.5799 51.909 56.1204 45.1165 49.5665 44.7948
threshold=5.9709424518391101 0.47325833543918189 -0.036089182098460564 -0.078255755023478465 0.47114434510950071 0.66700017309637338
decision_type=2 2 2 2 2 2
left_child=3 -2 -3 4 -1 -4
right_child=1 2 5 -5 -6 -7
leaf_value=-0.0012995742616845319 -0.0054892706132491816 0.0050298118271505047 0.0024638859325393746 0.0010564282322740772 0.019948216192312743 -0.0016280578100450296
leaf_weight=168.05985824763775 1972.509694442153 1580.7825130522251 2937.6114931553602 16153.930869102478 237.00146488845348 13308.542540535331
leaf_count=677 8079 6428 12015 65412 953 54526
internal_value=0.000118515 -0.000873925 -0.000362689 0.00130513 0.0111694 -0.000887945
internal_weight=36358.4 19799.4 17826.9 16559 405.061 16246.2
internal_count=148090 81048 72969 67042 1630 66541
is_linear=0
shrinkage=0.03


Tree=45
num_leaves=7
num_cat=0
split_feature=5 3 17 7 17 6
split_gain=35.2482 83.4017 155.198 38.9789 43.5783 41.565
threshold=-0.007855929989771358 -0.036684793307086953 -0.84874750804349197 0.68599506909542551 0.16280825711809005 0.0078790588425224715
decision_type=2 2 2 2 2 2
left_child=1 2 -1 4 5 -2
right_child=3 -3 -4 -5 -6 -7
leaf_value=-0.015728618196014656 0.0015538089782076085 0.0039925818283090579 0.00056849995370822956 8.8812804260078019e-06 -0.0050833952303819705 -0.0078387848131086513
leaf_weight=595.07252137362957 2452.6532310545444 5432.1243925094604 4411.1799808889627 19757.588009685278 3291.0137843936682 510.57927423715591
leaf_count=2434 9988 21962 17848 80722 13412 2102
internal_value=-5.36095e-05 0.00141891 -0.00137418 -0.000644585 -0.00270827 -6.87759e-05
internal_weight=36450.2 10438.4 5006.25 26011.8 6254.25 2963.23
internal_count=148468 42244 20282 106224 25502 12090
is_linear=0
shrinkage=0.03


Tree=46
num_leaves=7
num_cat=0
split_feature=18 11 12 10 3 3
split_gain=45.0264 57.893 45.2703 44.201 43.9877 38.7624
threshold=5.9709424518391101 37.226671092126232 -0.24853932870608383 3.5148052029782035 -0.078255755023478465 -0.058512174659216536
decision_type=2 2 2 2 2 2
left_child=3 5 -3 4 -1 -2
right_child=1 2 -4 -5 -6 -7
leaf_value=0.010636584656300803 -0.0020703707508634766 -0.0146456371147861 -0.0014440720876075855 0.022553653815930743 0.00075339412378957788 0.0058058084948308586
leaf_weight=413.76062695682049 836.32491318881512 235.06020237505436 17045.21457670629 84.094810545444489 16143.60475692153 1709.5144464969635
leaf_count=1664 3374 975 69931 338 65369 6893
internal_value=-3.72967e-05 -0.00100303 -0.00162532 0.00111323 0.00100163 0.00321884
internal_weight=36467.6 19826.1 17280.3 16641.5 16557.4 2545.84
internal_count=148544 81173 70906 67371 67033 10267
is_linear=0
shrinkage=0.03


Tree=47
num_leaves=7
num_cat=0
split_feature=12 18 15 6 17 17
split_gain=43.9703 59.7452 46.2992 145.768 74.5553 43.1732
threshold=-0.037127877429298232 5.8228596394200931 -0.0093909407961314511 0.0073970963712723719 -0.29012925520284105 -0.95642797789208678
decision_type=2 2 2 2 2 2
left_child=5 2 3 4 -2 -1
right_child=1 -3 -4 -5 -6 -7
leaf_value=-0.0035769473994067117 0.046183338201474564 -0.002715398577710929 0.00049631196763379637 -0.012792878467985968 0.0094949668083144801 0.0013450199841026863
leaf_weight=1745.2727615237236 99.082120776176453 9075.0804120749235 5792.9920156002045 128.32215313613415 100.9306855648756 19556.323678120971
leaf_count=7145 399 37232 23478 520 407 79497
internal_value=6.20028e-05 -0.00117074 0.00111942 0.0120436 0.0279469 0.000941458
internal_weight=36498 15196.4 6121.33 328.335 200.013 21301.6
internal_count=148678 62036 24804 1326 806 86642
is_linear=0
shrinkage=0.03


Tree=48
num_leaves=7
num_cat=0
split_feature=2 6 6 11 7 10
split_gain=38.7583 51.8998 53.5675 72.5732 57.3261 46.0086
threshold=0.0048658921233268879 0.0087448529434073583 0.0046437060311400108 50.609854512112626 1.0619228862127461 2.7249084263180889
decision_type=2 2 2 2 2 2
left_child=1 2 3 -1 -4 -2
right_child=5 -3 4 -5 -6 -7
leaf_value=-0.0033643281723855917 -0.0015105547806272884 -0.0011747042040713015 0.0043900613813294556 0.0045901379606251153 -0.001117117219158586 0.0057117512306940777
leaf_weight=3105.2925750464201 13748.475459396839 7224.4297012388706 7740.0089284032583 1543.8529537171125 2179.2633508741856 840.52272735536098
leaf_count=12582 56299 29440 31369 6269 8810 3440
internal_value=0.000102942 0.000904066 0.00193494 -0.000722032 0.00318015 -0.00109373
internal_weight=36381.8 21792.8 14568.4 4649.15 9919.27 14589
internal_count=148209 88470 59030 18851 40179 59739
is_linear=0
shrinkage=0.03


Tree=49
num_leaves=7
num_cat=0
split_feature=3 17 5 14 6 10
split_gain=42.2808 132.705 71.819 56.533 45.4257 41.3442
threshold=-0.046605998232235428 -0.84874750804349197 -0.012465941485317654 0.024629628319066347 0.0081310926087428143 0.34049251267484831
decision_type=2 2 2 2 2 2
left_child=1 -1 5 4 -3 -2
right_child=2 3 -4 -5 -6 -7
leaf_value=-0.017135826942412186 -0.009817360561774029 0.0049527464591497816 -0.00018548893867604654 -0.01884109540600994 -0.0023486746074799902 0.0047475920522812454
leaf_weight=511.03258204460144 181.90976785123348 1102.643315538764 28050.122402697802 149.1941385269165 2506.0933276116848 3865.4630966037512
leaf_count=2105 738 4452 114475 613 10162 15604
internal_value=-1.94484e-05 -0.00282362 0.000353659 -0.000869255 -0.00011623 0.00408844
internal_weight=36366.5 4268.96 32097.5 3757.93 3608.74 4047.37
internal_count=148149 17332 130817 15227 14614 16342
is_linear=0
shrinkage=0.03


Tree=50
num_leaves=7
num_cat=0
split_feature=13 17 13 3 12 17
split_gain=39.7046 45.8922 46.0509 39.4499 85.7832 62.6013
threshold=0.02757427484375741 0.91037613702198772 0.015896613557823683 -0.046605998232235428 -0.074139789988349511 -0.84874750804349197
decision_type=2 2 2 2 2 2
left_child=1 3 -3 5 -5 -1
right_child=-2 2 -4 4 -6 -7
leaf_value=-0.016249601476505251 -0.00075356067355634895 0.011755039348039634 0.0013601542708633204 0.0077461694005390002 -7.8152952211274409e-05 -0.00097850102886877532
leaf_weight=275.41573487222195 25550.434357225895 716.32093486189842 824.34730893373489 1624.0283569395542 5619.0819479376078 1873.4311442524195
leaf_count=1122 104506 2892 3331 6535 22697 7545
internal_value=-0.000106188 0.00140664 0.00620214 0.000618821 0.00167785 -0.00294907
internal_weight=36483.1 10932.6 1540.67 9391.96 7243.11 2148.85
internal_count=148628 44122 6223 37899 29232 8667
is_linear=0
shrinkage=0.03


Tree=51
num_leaves=7
num_cat=0
split_feature=13 7 17 12 3 5
split_gain=41.7342 36.8442 54.4551 65.8684 59.8769 48.5926
threshold=0.041028311182884643 0.66953773709943454 0.16280825711809005 -0.19356352928414064 0.067386767480332135 0.01715447854376995
decision_type=2 2 2 2 2 2
left_child=-1 -2 5 -4 -5 -3
right_child=1 2 3 4 -6 -7
leaf_value=0.0011485412178792657 -0.0032511585525327913 0.00015311027091209354 -0.024673023410811134 0.00082022833705812717 0.0081540568877110364 -0.0043987815184348897
leaf_weight=16650.442438319325 4569.7700069397688 5088.9851090013981 80.960265338420868 5207.8831618875265 1238.7874263226986 3604.4199416935444
leaf_count=67305 18716 20875 334 21283 5071 14882
internal_value=4.17625e-05 -0.000889417 -0.000180024 0.00189044 0.00223158 -0.00173475
internal_weight=36441.2 19790.8 15221 6527.63 6446.67 8693.41
internal_count=148466 81161 62445 26688 26354 35757
is_linear=0
shrinkage=0.03


Tree=52
num_leaves=7
num_cat=0
split_feature=3 17 12 10 14 13
split_gain=38.3271 112.619 77.3399 66.7307 51.7075 46.6065
threshold=-0.046605998232235428 -0.84874750804349197 -0.061667077783259354 0.41942547863071744 0.024629628319066347 0.028218520277692453
decision_type=2 2 2 2 2 2
left_child=1 -1 3 -2 -3 -5
right_child=2 4 -4 5 -6 -7
leaf_value=-0.015846115581089806 -0.0032188452293875026 -0.00019284552539997266 -0.00057133059665297962 0.0074467109407548703 -0.017911418532513303 0.0022553951914800682
leaf_weight=514.29288066923618 1397.0669919550419 3648.3013728111982 23591.552151679993 2311.1334710717201 152.51081323623657 4766.768917620182
leaf_count=2127 5681 14774 96209 9299 629 19507
internal_value=-4.549e-05 -0.00269919 0.000311757 0.00276954 -0.000912864 0.00395213
internal_weight=36381.6 4315.11 32066.5 8474.97 3800.81 7077.9
internal_count=148226 17530 130696 34487 15403 28806
is_linear=0
shrinkage=0.03


Tree=53
num_leaves=7
num_cat=0
split_feature=2 7 17 7 3 17
split_gain=43.4402 49.9178 63.6236 44.8986 36.891 57.2996
threshold=0.010796800331923208 0.39245402751206498 -0.72947329433276253 1.7561020575339665 0.069286586016155796 0.16280825711809005
decision_type=2 2 2 2 2 2
left_child=1 2 -1 4 -2 -6
right_child=3 -3 -4 -5 5 -7
leaf_value=-0.023173117018082567 -0.0029047596122929033 0.00089640880595763018 -0.0025339459558640434 0.0060473354668283486 -0.0032068521592887823 0.0080291653323355684
leaf_weight=161.9877582937479 8519.4913941025734 24775.254991322756 749.29074175655842 643.63307456672192 878.60198004543781 760.11494033038616
leaf_count=661 34957 100624 3050 2624 3641 3112
internal_value=-2.86822e-05 0.000642571 -0.00624545 -0.00162473 -0.00211193 0.00200838
internal_weight=36488.4 25686.5 911.279 10801.8 10158.2 1638.72
internal_count=148669 104335 3711 44334 41710 6753
is_linear=0
shrinkage=0.03


Tree=54
num_leaves=7
num_cat=0
split_feature=18 11 3 3 10 9
split_gain=38.172 52.0652 40.2707 40.178 35.7869 34.9623
threshold=5.9709424518391101 39.175525338522313 -0.09658683151104229 -0.055726466863686507 3.5148052029782035 0.0040214814820954689
decision_type=2 2 2 2 2 2
left_child=2 -2 -1 -3 5 -4
right_child=1 3 4 -5 -6 -7
leaf_value=0.01558641130534495 0.0024865647082663853 -0.0071784313884018227 0.0020518789049529633 -0.0012188185829637807 0.020444738949723082 -0.00073403912076804598
leaf_weight=167.34581449627876 3353.173779040575 1088.5643488764763 8884.4275081604719 15355.550812155008 81.728104323148727 7454.1979162544012
leaf_count=673 13529 4489 35945 63080 328 30209
internal_value=-3.00033e-05 -0.000919414 0.00103148 -0.00161416 0.00088127 0.000780921
internal_weight=36385 19797.3 16587.7 16444.1 16420.4 16338.6
internal_count=148253 81098 67155 67569 66482 66154
is_linear=0
shrinkage=0.03


Tree=55
num_leaves=7
num_cat=0
split_feature=7 2 6 9 7 12
split_gain=44.903 42.8059 47.6688 55.004 63.8163 65.2468
threshold=1.7561020575339665 0.0048658921233268879 0.0097464955852065629 0.061773309751292978 1.0942248909752699 -0.02517147392788088
decision_type=2 2 2 2 2 2
left_child=1 2 3 4 -1 -6
right_child=-2 -3 -4 -5 5 -7
leaf_value=0.0029601713931720606 0.0061630417033295692 -0.0015838685819404572 -0.0019148634361544823 -0.0033166147990485455 0.00078236817851223405 -0.0096942867935786315
leaf_weight=11639.393682226539 996.6208513379097 13921.810060337186 5316.50287348032 1986.6279906928539 1860.3087964206934 748.82807178795338
leaf_count=47178 4049 57069 21710 8049 7512 3042
internal_value=-0.000110766 -0.000287365 0.000550211 0.00135758 0.00200966 -0.00222958
internal_weight=36470.1 35473.5 21551.7 16235.2 14248.5 2609.14
internal_count=148609 144560 87491 65781 57732 10554
is_linear=0
shrinkage=0.03


Tree=56
num_leaves=7
num_cat=0
split_feature=18 10 11 6 12 11
split_gain=38.5059 54.9899 46.2991 60.6721 42.405 41.328
threshold=5.9709424518391101 0.49541288170853953 41.571597774429769 0.0021964510181303699 -0.29042683524453589 52.605208453330398
decision_type=2 2 2 2 2 2
left_child=-1 4 -3 5 -2 -4
right_child=1 2 3 -5 -6 -7
leaf_value=0.0011070003201752979 -0.023488694812048693 0.0025221807919089049 -0.0015361217392592858 -0.0014530816422258725 -0.0042981014531309506 0.019676001227394092
leaf_weight=16623.389971449971 106.92679972946644 4076.3291844427586 136.36334519088268 13115.100500792265 2192.9362795948982 206.86021648347378
leaf_count=67294 442 16479 556 53955 8996 842
internal_value=4.20945e-05 -0.000850429 -0.0002781 -0.00112651 -0.00520996 0.0112883
internal_weight=36457.9 19834.5 17534.7 13458.3 2299.86 343.224
internal_count=148564 81270 71832 55353 9438 1398
is_linear=0
shrinkage=0.03


Tree=57
num_leaves=7
num_cat=0
split_feature=13 17 13 7 7 9
split_gain=42.6081 35.149 59.526 33.1666 30.1725 31.4213
threshold=0.037037037037037097 0.956427977892087 0.014962763125512814 1.7561020575339665 0.36205727127629045 0.01741570548812366
decision_type=2 2 2 2 2 2
left_child=1 4 -3 -2 5 -1
right_child=3 2 -4 -5 -6 -7
leaf_value=-2.0989679981094765e-05 -0.0011185472102600699 0.015371392595517404 0.0018324438085098517 0.0052655905249209553 0.00092090382383501338 -0.020585026890464271
leaf_weight=149.87506400048733 20530.906618356705 404.59917987883091 1041.7716153562069 757.51665794849396 13404.499519899487 118.75686718523502
leaf_count=608 84213 1632 4213 3085 54139 482
internal_value=-2.60354e-05 0.00119167 0.00563574 -0.000890904 0.000720807 -0.00919689
internal_weight=36407.9 15119.5 1446.37 21288.4 13673.1 268.632
internal_count=148372 61074 5845 87298 55229 1090
is_linear=0
shrinkage=0.03


Tree=58
num_leaves=7
num_cat=0
split_feature=13 7 7 16 3 7
split_gain=37.3041 37.8014 39.4172 75.9944 42.1458 43.6067
threshold=0.057095116314983436 1.7998904358174042 1.0710059844569153 -0.5 -0.034251029880567177 0.64488707920745092
decision_type=2 2 2 2 2 2
left_child=1 2 4 -4 -1 -6
right_child=-2 -3 3 -5 5 -7
leaf_value=-0.0016375646753293946 -0.0013136058156935832 0.011552189196490476 0.0017037296078033196 -0.0051884569731198383 -0.00090296735405443038 0.0031267630496510409
leaf_weight=3498.8281718492508 14275.492506861687 280.7459662258625 2987.6281800866127 2775.890062302351 3259.9880103319883 9333.7965607345104
leaf_count=14169 58693 1131 12087 11265 13224 37822
internal_value=-0.000117964 0.000653123 0.000512078 -0.00161641 0.0012745 0.00208366
internal_weight=36412.4 22136.9 21856.1 5763.52 16092.6 12593.8
internal_count=148391 89698 88567 23352 65215 51046
is_linear=0
shrinkage=0.03


Tree=59
num_leaves=7
num_cat=0
split_feature=13 17 13 10 11 12
split_gain=41.7002 40.5061 47.7588 34.6476 31.8082 69.0484
threshold=0.027273419860651352 0.91037613702198772 0.015896613557823683 0.65910711297226987 53.991736439809678 -0.022519681567024549
decision_type=2 2 2 2 2 2
left_child=1 4 -3 -4 5 -1
right_child=-2 2 3 -5 -6 -7
leaf_value=0.0011439436672862032 -0.00059325669508984041 0.011788272383958166 0.0063321249691665124 -0.0062461698724483013 0.0055646310846163066 -0.0080814009031435468
leaf_weight=7311.6797689795494 25642.444175839424 716.0642125159502 476.92748080193996 332.97407749295235 1142.7485493719578 809.16809891164303
leaf_count=29463 104954 2885 1926 1345 4626 3281
internal_value=6.51174e-05 0.00162963 0.00615528 0.00115817 0.000882962 0.000222959
internal_weight=36432 10789.6 1525.97 809.902 9263.6 8120.85
internal_count=148480 43526 6156 3271 37370 32744
is_linear=0
shrinkage=0.03


Tree=60
num_leaves=7
num_cat=0
split_feature=13 18 17 13 16 15
split_gain=44.1794 43.1568 40.6764 42.4161 31.367 43.1569
threshold=0.027273419860651352 5.7003504842720494 0.956427977892087 0.014962763125512814 -0.77259657388510594 -0.010719256182954771
decision_type=2 2 2 2 2 2
left_child=2 -2 -1 -4 -3 -6
right_child=1 4 3 -5 5 -7
leaf_value=0.0010370168459315698 0.0012052245706139725 0.00087977942005487827 0.014693192933714991 0.0022802450154851429 -0.010776481632033062 -0.0018183471905072546
leaf_weight=9767.593785956502 7815.8736455887556 3973.7058081030846 414.64178264141083 613.43706507980824 500.38433888554573 13320.71309427917
leaf_count=39400 31695 16274 1669 2477 2058 54804
internal_value=2.57403e-05 -0.000652771 0.0016352 0.00730541 -0.00146889 -0.00214418
internal_weight=36406.3 25610.7 10795.7 1028.08 17794.8 13821.1
internal_count=148377 104831 43546 4146 73136 56862
is_linear=0
shrinkage=0.03


Tree=61
num_leaves=7
num_cat=0
split_feature=18 11 12 13 10 10
split_gain=35.9826 49.519 33.4671 30.5441 37.8147 34.9602
threshold=5.9709424518391101 40.204944799509612 -0.24853932870608383 0.079244701500485584 2.3459041020632307 0.48685687524046012
decision_type=2 2 2 2 2 2
left_child=3 -2 -3 4 -1 -5
right_child=1 2 -4 5 -6 -7
leaf_value=0.0012239384302731497 0.0020405868116637523 -0.014338218390156159 -0.0016011231891119864 -0.0080845797853499272 0.012723302080011881 -9.9757406986182671e-05
leaf_weight=13660.748711049557 3844.3308766931295 185.90819418430328 15788.537226095796 653.23530866205692 260.34214985370636 1999.5006354004145
leaf_count=55204 15527 781 64936 2668 1049 8166
internal_value=-0.000152903 -0.0010155 -0.00175113 0.000878584 0.00144079 -0.00207063
internal_weight=36392.6 19818.8 15974.4 16573.8 13921.1 2652.74
internal_count=148331 81244 65717 67087 56253 10834
is_linear=0
shrinkage=0.03


Tree=62
num_leaves=7
num_cat=0
split_feature=18 11 17 2 17 3
split_gain=34.3088 56.5327 46.0625 45.861 63.7865 48.2241
threshold=5.8389127219860741 37.226671092126232 1.0000000180025095e-35 -0.041477715066881242 0.16280825711809005 -0.09658683151104229
decision_type=2 2 2 2 2 2
left_child=3 2 -2 4 -1 -5
right_child=1 -3 -4 5 -6 -7
leaf_value=-0.020363505161283591 0.0068009388619151134 -0.0012118733114684433 -0.00086641449368526078 0.022050126404336415 0.0061798143888072837 0.001368061370986314
leaf_weight=199.93643614649773 1548.9547685682774 19562.968137323856 1292.387541398406 100.23896504938602 135.34462063014507 13605.451406896114
leaf_count=804 6243 80320 5208 402 544 55037
internal_value=9.11742e-05 -0.00063749 0.00331528 0.00125378 -0.00967552 0.00152252
internal_weight=36445.3 22404.3 2841.34 14041 335.281 13705.7
internal_count=148558 91771 11451 56787 1348 55439
is_linear=0
shrinkage=0.03


Tree=63
num_leaves=7
num_cat=0
split_feature=13 17 7 3 6 16
split_gain=35.1192 49.3916 73.154 48.4578 55.3769 42.3719
threshold=0.05517028409656078 0.06540312923014284 0.66953773709943454 0.060375302662823101 0.019099885340149888 0.19509032201612822
decision_type=2 2 2 2 2 2
left_child=-1 -2 5 4 -4 -3
right_child=1 2 3 -5 -6 -7
leaf_value=0.00059101865911159865 -0.0029750662926333908 -0.0093600354041729998 0.0011959453173712173 0.0067130064559773441 -0.017180446196186215 -0.0003783537660280137
leaf_weight=21583.370747372508 7680.7546136826277 881.39955124258995 3519.9507490545511 1575.5767621546984 152.04425190389156 1017.2366389781237
leaf_count=87423 31717 3618 14412 6450 627 4173
internal_value=-0.000181198 -0.00130523 0.000489845 0.00231558 0.000426106 -0.00455336
internal_weight=36410.3 14827 7146.21 5247.57 3672 1898.64
internal_count=148420 60997 29280 21489 15039 7791
is_linear=0
shrinkage=0.03


Tree=64
num_leaves=7
num_cat=0
split_feature=4 3 6 15 6 15
split_gain=33.3358 43.3589 37.6158 52.8021 35.9704 93.8858
threshold=-0.0045926783867330503 -0.035842338973765424 0.005576167759625896 -0.010451375152978669 0.0098044265359247419 -0.0054675941433544031
decision_type=2 2 2 2 2 2
left_child=1 -1 3 -3 5 -4
right_child=-2 2 4 -5 -6 -7
leaf_value=-0.001117489969089019 -0.00048500365626011528 0.017625192121633382 0.012524153681706108 -0.0035005147135683686 0.0010138400706188038 0.0022166313690680532
leaf_weight=3746.4332427978516 25543.809957459569 114.62805163860321 1223.4038170576096 1223.4973387867212 2321.6090813428164 2269.1269389688969
leaf_count=15163 104398 460 4918 4936 9494 9194
internal_value=0.000107677 0.00149661 0.00286583 -0.00166722 0.00390932 0.00583237
internal_weight=36442.5 10898.7 7152.27 1338.13 5814.14 3492.53
internal_count=148563 44165 29002 5396 23606 14112
is_linear=0
shrinkage=0.03


Tree=65
num_leaves=7
num_cat=0
split_feature=7 14 6 7 16 10
split_gain=29.987 35.5372 44.8285 32.9104 48.01 41.9152
threshold=1.7561020575339665 0.0055047129143754878 0.013737684026187599 0.39245402751206498 -0.81241147629689037 0.6754748109807539
decision_type=2 2 2 2 2 2
left_child=1 2 3 4 -1 -5
right_child=-2 -3 -4 5 -6 -7
leaf_value=0.014297575632907221 0.0050177595650712451 -0.0014658108606514372 -0.0039964013240982865 0.0028384719720723115 -0.0081263752107332068 3.4431872719226607e-05
leaf_weight=96.889489769935608 1017.320015668869 12787.074660331011 1823.509901240468 7907.7033521234989 660.12905268371105 12195.229748398066
leaf_count=394 4130 52491 7496 32074 2688 49478
internal_value=-5.54268e-05 -0.000201204 0.000511744 0.000906177 -0.00522626 0.0011376
internal_weight=36487.9 35470.5 22683.5 20860 757.019 20102.9
internal_count=148751 144621 92130 84634 3082 81552
is_linear=0
shrinkage=0.03


Tree=66
num_leaves=7
num_cat=0
split_feature=18 17 6 12 17 6
split_gain=26.5943 38.0737 59.1579 38.2362 37.5585 59.2874
threshold=5.9709424518391101 -0.95642797789208678 0.0036411309662988758 -0.035413153456998296 -0.19509032201612839 0.010363437523262766
decision_type=2 2 2 2 2 2
left_child=-1 2 -2 4 5 -3
right_child=1 3 -4 -5 -6 -7
leaf_value=0.00093050170331150628 0.012154814335261515 0.006667019151594439 -0.0064968581082393692 -0.0020589732634454802 -0.00054187237858587824 -0.00048551022818641419
leaf_weight=16616.418921798468 166.55350333452225 2063.2415742874146 1677.1486271321774 6739.6079570055008 6989.8773812800646 2106.6824405640364
leaf_count=67255 679 8410 6975 27706 28543 8666
internal_value=4.61679e-05 -0.000698134 -0.00480059 -0.000275078 0.000802425 0.003055
internal_weight=36359.5 19743.1 1843.7 17899.4 11159.8 4169.92
internal_count=148234 80979 7654 73325 45619 17076
is_linear=0
shrinkage=0.03


Tree=67
num_leaves=7
num_cat=0
split_feature=3 12 10 4 13 16
split_gain=34.8831 70.4072 59.5562 51.1584 47.8477 50.178
threshold=-0.034251029880567177 -0.061667077783259354 0.44704178657154242 0.0073823223225376608 0.026330047559158024 -0.77259657388510594
decision_type=2 2 2 2 2 2
left_child=3 2 -2 -1 5 -4
right_child=1 -3 4 -5 -6 -7
leaf_value=-0.001312108330762206 -0.0025851818851326865 -0.00040905719268924119 -0.00058323492508688976 -0.011777353542229752 0.0027852605552231603 0.012446448253670011
leaf_weight=5705.9883049875498 1381.3908931314945 23151.070034310222 355.72340354323387 451.91512367129326 4323.5679642707109 1050.6252869516611
leaf_count=23147 5623 94501 1429 1867 17700 4222
internal_value=-2.58639e-05 0.000392983 0.00300343 -0.0020837 0.00435119 0.00915456
internal_weight=36420.3 30262.4 7111.31 6157.9 5729.92 1406.35
internal_count=148489 123475 28974 25014 23351 5651
is_linear=0
shrinkage=0.03


Tree=68
num_leaves=7
num_cat=0
split_feature=7 6 14 3 12 6
split_gain=27.2433 35.7407 31.7393 44.6672 31.4883 28.9734
threshold=1.7561020575339665 0.040274945216189982 0.0082415451877252428 0.069286586016155796 -0.0095923261390887232 0.0087448529434073583
decision_type=2 2 2 2 2 2
left_child=1 2 5 -4 -2 -1
right_child=4 -3 3 -5 -6 -7
leaf_value=0.0011886457608787006 0.006497110469679262 -0.012808755977320917 -0.0022481414586749847 0.0031411029365787531 -0.011957753405114872 -0.001067086853908608
leaf_weight=17098.105938866735 918.97522276639938 197.88010585308075 9206.6023443043232 1627.1685450971127 89.63928060233593 7315.9225064367056
leaf_count=69321 3729 819 37811 6720 364 29868
internal_value=-2.03005e-05 -0.000158768 -8.70287e-05 -0.00143828 0.00483654 0.00051266
internal_weight=36454.3 35445.7 35247.8 10833.8 1008.61 24414
internal_count=148632 144539 143720 44531 4093 99189
is_linear=0
shrinkage=0.03


Tree=69
num_leaves=7
num_cat=0
split_feature=3 17 12 13 16 15
split_gain=26.0306 93.3435 59.6349 53.4705 55.0443 53.0842
threshold=-0.046605998232235428 -0.84874750804349197 -0.061667077783259354 0.031806139502412296 -0.72947329433276231 -0.010451375152978669
decision_type=2 2 2 2 2 2
left_child=1 -1 3 5 -5 -2
right_child=2 -3 -4 4 -6 -7
leaf_value=-0.014528023295442109 -0.0044853881178964832 -0.00063651078162524886 -0.00051569781390576209 0.005823863580877631 -0.0011596411884661558 0.00711379139646468
leaf_weight=489.87898981571198 408.17125394940376 3789.208953127265 23618.86842700839 1359.1572934389114 4001.8137280493975 2668.7260529845953
leaf_count=2037 1637 15374 96395 5555 16412 10739
internal_value=-3.56925e-05 -0.00223288 0.00025772 0.00242224 0.000612386 0.00557317
internal_weight=36335.8 4279.09 32056.7 8437.87 5360.97 3076.9
internal_count=148149 17411 130738 34343 21967 12376
is_linear=0
shrinkage=0.03


Tree=70
num_leaves=7
num_cat=0
split_feature=18 3 7 3 12 3
split_gain=35.8703 45.6224 46.3299 63.374 57.3794 47.28
threshold=5.9709424518391101 -0.075515808538405657 0.66270352587153181 -0.046605998232235428 -0.056929662002578978 -0.011647706808405987
decision_type=2 2 2 2 2 2
left_child=1 -1 -3 -4 -5 -6
right_child=-2 2 3 4 5 -7
leaf_value=0.010152886583169814 -0.00085107351556334694 -0.0019221917942906948 -0.0065777585917665554 0.006267032057080223 -0.0039010281399325039 0.0021198785162413526
leaf_weight=478.22327384352684 19762.761697113514 4239.7922147810459 770.65108503401279 2539.2789527624846 1402.0645695328712 7158.2408218532801
leaf_count=1923 81080 17197 3108 10240 5650 29021
internal_value=1.22785e-05 0.00104083 0.000769113 0.00173055 0.00230848 0.00113305
internal_weight=36351 16588.3 16110 11870.2 11099.6 8560.31
internal_count=148219 67139 65216 48019 44911 34671
is_linear=0
shrinkage=0.03


Tree=71
num_leaves=7
num_cat=0
split_feature=7 10 14 16 3 16
split_gain=30.7035 44.8951 55.1024 40.6173 59.1186 53.8111
threshold=0.6554741958731406 0.68824791841032096 0.005117432125208655 -0.25881904510252113 -0.045483039425380116 0.5277851165098012
decision_type=2 2 2 2 2 2
left_child=-1 2 -2 -3 5 -5
right_child=1 3 -4 4 -6 -7
leaf_value=-0.0016756343986241171 0.0044804878581908136 0.0010632231128250339 -0.0010504626562653019 -0.017273318746461007 -0.00082446139470427812 -0.0029392005358244619
leaf_weight=7719.8354094177485 4585.3870447874069 10900.600389868021 2506.0725865513086 383.76006497442722 9687.1462627351284 608.62933836877346
leaf_count=31491 18574 44401 10232 1582 39645 2462
internal_value=3.45044e-06 0.00045563 0.00252614 -0.000224934 -0.00153971 -0.00850584
internal_weight=36391.4 28671.6 7091.46 21580.1 10679.5 992.389
internal_count=148387 116896 28806 88090 43689 4044
is_linear=0
shrinkage=0.03


Tree=72
num_leaves=7
num_cat=0
split_feature=13 17 3 14 18 17
split_gain=31.9725 76.0845 66.8547 43.5969 40.6194 46.9554
threshold=0.079244701500485584 1.0000000180025095e-35 0.027324104274554232 -0.036089182098460564 6.0218571739064268 0.32143946530316164
decision_type=2 2 2 2 2 2
left_child=4 3 -3 -2 -1 -6
right_child=1 2 -4 -5 5 -7
leaf_value=0.0015768873932447685 0.0061441287175764822 -0.0038291531236263423 0.0037437918724813621 -0.0051307695595859664 0.00070042972579408154 -0.0030830387305523298
leaf_weight=14728.64867721498 331.46509337425232 1592.284170255065 3066.8621644079685 4199.6685230284929 7706.5824906527996 4782.8169351369143
leaf_count=59533 1373 6548 12568 17417 31502 19518
internal_value=-6.82221e-06 -0.00153656 0.00115517 -0.00430363 0.000509776 -0.000748712
internal_weight=36408.3 9190.28 4659.15 4531.13 27218 12489.4
internal_count=148459 37906 19116 18790 110553 51020
is_linear=0
shrinkage=0.03


Tree=73
num_leaves=7
num_cat=0
split_feature=7 3 17 12 10 15
split_gain=28.5598 53.829 77.4395 69.762 41.2247 37.9242
threshold=0.66953773709943454 -0.046605998232235428 -0.84874750804349197 -0.059974842606877736 1.0692633711691648 -0.010451375152978669
decision_type=2 2 2 2 2 2
left_child=-1 2 4 5 -2 -3
right_child=1 3 -4 -5 -6 -7
leaf_value=-0.0014728828607473835 -0.0063264040116901843 -0.002355840171423128 -0.0015114072306086838 7.5057957451454935e-05 -0.026881812932147961 0.0046512074444858692
leaf_weight=8301.2373479157686 179.8993019759655 797.19486817717552 2524.7584268450737 19038.081522613764 172.61049284040928 5372.5464887470007
leaf_count=33868 751 3225 10226 77725 716 21865
internal_value=7.28583e-05 0.000529812 -0.00335626 0.000973607 -0.0164865 0.00374535
internal_weight=36386.3 28085.1 2877.27 25207.8 352.51 6169.74
internal_count=148376 114508 11693 102815 1467 25090
is_linear=0
shrinkage=0.03


Tree=74
num_leaves=7
num_cat=0
split_feature=18 7 2 18 6 17
split_gain=26.6605 37.9364 31.9573 36.7864 47.6469 49.9918
threshold=5.9709424518391101 0.36205727127629045 -0.015828219579846144 6.7251414995448533 0.010499524911865657 0.16280825711809005
decision_type=2 2 2 2 2 2
left_child=-1 -2 3 -3 5 -5
right_child=1 2 -4 4 -6 -7
leaf_value=0.00092362754691206175 -0.013748690629195634 -0.00036901363201094977 -0.0012670369948822213 0.017395913227851011 0.00058585435118482289 0.0017351679176500516
leaf_weight=16616.104398667812 196.70397239923477 3149.0833656191826 14758.398332297802 430.17158438265324 930.35143132507801 319.6007212549448
leaf_count=67244 815 12807 60739 1737 3803 1293
internal_value=3.77593e-05 -0.000706267 -0.000573901 0.00154402 0.00512583 0.0107427
internal_weight=36400.4 19784.3 19587.6 4829.21 1680.12 749.772
internal_count=148438 81194 80379 19640 6833 3030
is_linear=0
shrinkage=0.03


Tree=75
num_leaves=7
num_cat=0
split_feature=7 14 7 15 16 13
split_gain=24.256 23.8211 34.5315 51.0777 66.1681 57.2174
threshold=2.1227994006805 0.0053202561667152768 1.0942248909752699 -0.0054675941433544031 0.41248606129204562 0.075499180758504383
decision_type=2 2 2 2 2 2
left_child=1 2 3 4 5 -1
right_child=-2 -3 -4 -5 -6 -7
leaf_value=0.010731316022962732 0.0087064834413582391 -0.0010611925707376803 -0.0015746878520717189 0.00047059255911099549 -0.0013210786235627594 -0.003384793526487761
leaf_weight=1498.5021687448025 284.70760498940945 13331.179424464703 5342.4411658197641 14640.66798350215 995.93947137892246 311.20693960785866
leaf_count=6040 1156 54751 21677 59537 4021 1281
internal_value=1.49949e-05 -5.39922e-05 0.000535251 0.00118147 0.00488803 0.00830278
internal_weight=36404.6 36119.9 22788.8 17446.3 2805.65 1809.71
internal_count=148463 147307 92556 70879 11342 7321
is_linear=0
shrinkage=0.03


Tree=76
num_leaves=7
num_cat=0
split_feature=7 12 14 3 17 13
split_gain=31.9513 25.6336 23.2691 24.6745 50.8617 44.9778
threshold=1.7561020575339665 -0.0091920284394798584 0.0071596934757505179 0.069286586016155796 0.032701564615071219 0.097409502274908646
decision_type=2 2 2 2 2 2
left_child=2 -2 -1 5 -5 -4
right_child=1 -3 3 4 -6 -7
leaf_value=0.00025769900987520028 0.0065289294372808948 -0.010828772089114772 -0.0010018443554865916 -0.0031482776029945233 0.0071666354148314263 -0.006240754033447149
leaf_weight=23774.711931824684 932.99158714711666 81.607345730066299 8103.6616706848145 871.08260942995548 846.47625140845776 1801.3664739429951
leaf_count=96592 3783 332 33219 3629 3465 7478
internal_value=-0.000129527 0.00511424 -0.000280111 -0.00138009 0.00193771 -0.00195568
internal_weight=36411.9 1014.6 35397.3 11622.6 1717.56 9905.03
internal_count=148498 4115 144383 47791 7094 40697
is_linear=0
shrinkage=0.03


Tree=77
num_leaves=7
num_cat=0
split_feature=7 14 9 7 18 7
split_gain=23.591 25.9454 28.3013 43.1215 33.2964 75.5286
threshold=1.7561020575339665 0.0053202561667152768 0.060491297430791964 0.5341122103982322 5.7003504842720494 1.5142239500540022
decision_type=2 2 2 2 2 2
left_child=1 2 4 -4 5 -1
right_child=-2 -3 3 -5 -6 -7
leaf_value=0.0032640425660248372 0.0046149041290744217 -0.0010858267374442166 -0.011172314159496897 -0.00062768110723294219 0.00014528990431271444 -0.019317196735240544
leaf_weight=6177.9601863920689 1018.0564256459475 12887.587128803134 419.37168066203594 2034.9155732393265 13723.510454148054 134.27935844659805
leaf_count=24908 4127 52964 1707 8250 55943 540
internal_value=0.000117004 -1.26851e-05 0.000602305 -0.00243711 0.000974825 0.00277771
internal_weight=36395.7 35377.6 22490 2454.29 20035.7 6312.24
internal_count=148439 144312 91348 9957 81391 25448
is_linear=0
shrinkage=0.03


Tree=78
num_leaves=7
num_cat=0
split_feature=13 17 13 3 3 14
split_gain=29.7768 34.5059 30.5522 31.931 28.4146 48.5284
threshold=0.026936295265909686 0.956427977892087 0.014962763125512814 -0.017411931476822084 -0.034251029880567177 0.024629628319066347
decision_type=2 2 2 2 2 2
left_child=1 -1 3 -3 5 -2
right_child=4 2 -4 -5 -6 -7
leaf_value=0.00077076601231341037 -0.0022333896945008714 0.0056028802275258196 0.0022776717586924836 0.022612595438372299 -0.00022947862638333309 -0.016449646522988543
leaf_weight=9617.7744459956884 2370.9800275266171 233.16406863927841 597.19512245059013 173.43059872090816 23229.625942289829 235.90851171314716
leaf_count=38792 9740 936 2411 699 95131 986
internal_value=-1.31804e-05 0.00132384 0.00661103 0.0129334 -0.000562899 -0.0035315
internal_weight=36458.1 10621.6 1003.79 406.595 25836.5 2606.89
internal_count=148695 42838 4046 1635 105857 10726
is_linear=0
shrinkage=0.03


Tree=79
num_leaves=7
num_cat=0
split_feature=7 18 9 12 3 6
split_gain=24.9707 24.3088 42.8724 23.8506 53.9562 40.7139
threshold=0.39245402751206498 5.8827829623222234 0.06458263761572848 -0.049513609099816051 -0.031137015559479893 0.0056509805750778732
decision_type=2 2 2 2 2 2
left_child=1 2 -1 4 5 -2
right_child=3 -3 -4 -5 -6 -7
leaf_value=0.0026437251431870273 0.0065198483768388804 -0.011083924028063206 -0.016107560578642679 -0.0005888794323294324 0.0023915876677474373 -0.0019720211785239994
leaf_weight=522.09256933629513 556.62673799693584 346.98532153666019 136.81647372245789 19680.515134215355 9547.754740819335 5624.776062682271
leaf_count=2121 2249 1437 557 80403 38888 22876
internal_value=-2.53745e-05 -0.00468161 -0.00128677 0.000107154 0.000978003 -0.00120548
internal_weight=36415.6 1005.89 658.909 35409.7 15729.2 6181.4
internal_count=148531 4115 2678 144416 64013 25125
is_linear=0
shrinkage=0.03


Tree=80
num_leaves=7
num_cat=0
split_feature=10 17 3 15 13 10
split_gain=24.0326 30.1828 37.3505 48.5617 23.0514 60.3079
threshold=2.7249084263180889 0.47114434510950071 0.13495734892038128 0.0035886157050217808 0.079244701500485584 0.46470165316358569
decision_type=2 2 2 2 2 2
left_child=4 2 3 -2 -1 -6
right_child=1 -3 -4 -5 5 -7
leaf_value=0.00038440339442787639 -1.3859190375944949e-05 0.012258381442979756 -0.0093618571955957908 0.01878545378837853 -0.0079148309116413001 -0.00042320790317575168
leaf_weight=26843.053935319185 455.54030445218086 313.8477618843317 214.78992004692554 167.7473189085722 1112.5243320763111 7312.4547898173332
leaf_count=109049 1856 1272 882 688 4597 30208
internal_value=9.40968e-05 0.00435441 0.00137235 0.00508956 -4.52928e-05 -0.00141413
internal_weight=36420 1151.93 838.078 623.288 35268 8424.98
internal_count=148552 4698 3426 2544 143854 34805
is_linear=0
shrinkage=0.03


Tree=81
num_leaves=7
num_cat=0
split_feature=4 3 18 3 3 6
split_gain=31.0872 47.9306 38.9409 56.288 47.7002 37.2338
threshold=-0.0062238121201375054 -0.01553429296218428 6.5978684599497415 -0.055726466863686507 0.10849225076393944 0.0096938456393606369
decision_type=2 2 2 2 2 2
left_child=1 -1 4 -4 -2 -3
right_child=2 5 3 -5 -6 -7
leaf_value=-0.00031139035640803713 -5.3402582823881795e-06 0.0066180067365507224 -0.015940649888429408 -0.0018981233920229788 0.011563516230908134 0.00062194142065583329
leaf_weight=5184.9150760024786 20454.8209528476 2229.2195440232754 265.81455618143082 6340.4271796792746 323.87133620679379 1601.5457144230604
leaf_count=20965 83418 8999 1107 26095 1332 6557
internal_value=4.11923e-05 0.00156896 -0.000461858 -0.0024678 0.000176076 0.00411284
internal_weight=36400.6 9015.68 27384.9 6606.24 20778.7 3830.77
internal_count=148473 36521 111952 27202 84750 15556
is_linear=0
shrinkage=0.03


Tree=82
num_leaves=7
num_cat=0
split_feature=7 15 7 16 3 16
split_gain=28.2898 22.9204 80.0016 67.7755 60.0497 40.562
threshold=1.7561020575339665 -0.0054675941433544031 1.0255004745777223 -0.097964660725097255 -0.045483039425380116 0.58216583101416164
decision_type=2 2 2 2 2 2
left_child=1 2 4 -4 -1 -6
right_child=-2 -3 3 -5 5 -7
leaf_value=-0.0035464715517730893 0.0048887982697550783 -0.00056322712418544016 0.0012520607181395816 -0.0076496692019121177 0.0086820798508797908 0.00045035335527411158
leaf_weight=658.69731047749519 1012.8201786875725 28613.984060004354 2157.9313282668591 1194.2597635239363 2048.3273796588182 731.06124342978001
leaf_count=2675 4103 116890 8754 4852 8300 2969
internal_value=-4.98248e-05 -0.000191374 0.00137531 -0.00192196 0.00458945 0.00651877
internal_weight=36417.1 35404.3 6790.28 3352.19 3438.09 2779.39
internal_count=148543 144440 27550 13606 13944 11269
is_linear=0
shrinkage=0.03


Tree=83
num_leaves=7
num_cat=0
split_feature=3 17 5 3 16 7
split_gain=27.3186 40.7042 36.9497 33.3907 40.5597 31.6144
threshold=0.069286586016155796 0.16280825711809005 0.015822988745746173 0.14710420039702202 -0.5 2.1227994006805
decision_type=2 2 2 2 2 2
left_child=2 3 5 -2 -5 -1
right_child=1 -3 -4 4 -6 -7
leaf_value=0.00010046048309272286 0.0019314132551911027 0.0066767129823641644 -0.0027541693473016873 0.0043459202690578867 -0.016559194442080205 0.019054094173133324
leaf_weight=28929.851906508207 1146.6494342535734 1317.050058811903 4552.4977280348539 133.76237940788269 217.39484003186226 77.420793756842613
leaf_count=117665 4760 5380 18803 550 903 312
internal_value=-3.89296e-06 0.00283381 -0.000242063 -0.000549719 -0.00861653 0.000152358
internal_weight=36374.6 2814.86 33559.8 1497.81 351.157 29007.3
internal_count=148373 11593 136780 6213 1453 117977
is_linear=0
shrinkage=0.03


Tree=84
num_leaves=7
num_cat=0
split_feature=12 3 17 10 10 14
split_gain=20.4087 50.4447 108.946 51.1183 49.0153 47.7281
threshold=-0.047216739189774308 -0.035842338973765424 -0.88144907265856332 1.0692633711691648 0.4382298876387945 0.023575368780072384
decision_type=2 2 2 2 2 2
left_child=1 2 3 -1 -3 -4
right_child=-2 4 5 -5 -6 -7
leaf_value=-0.0073323177188828617 -0.00071807730115157266 -0.0024121696819479864 0.00042689455630202087 -0.025942835800901041 0.0027603175546098372 -0.013617097930119193
leaf_weight=387.61350612342358 19153.809918418527 1995.5195249319077 4965.7513807117939 202.07002393901348 9452.0211208313704 225.77496968209743
leaf_count=1617 78272 8124 20136 840 38477 942
internal_value=-4.42347e-05 0.000704896 -0.00157903 -0.0137758 0.00185839 -0.000188875
internal_weight=36382.6 17228.8 5781.21 589.684 11447.5 5191.53
internal_count=148408 70136 23535 2457 46601 21078
is_linear=0
shrinkage=0.03


Tree=85
num_leaves=7
num_cat=0
split_feature=4 18 10 7 10 6
split_gain=28.7701 36.8414 37.0236 47.823 27.6759 29.6875
threshold=-0.0062238121201375054 6.6171828320202088 0.4601033960129865 0.46254898493095292 3.9254429459483826 0.0096938456393606369
decision_type=2 2 2 2 2 2
left_child=4 -2 -3 -4 5 -1
right_child=1 2 3 -5 -6 -7
leaf_value=0.0027942867505428492 6.7031400064784105e-05 -0.010166439976925042 0.019431779765945439 -0.0021914936399746207 0.018062477643433269 -0.00069672547194017317
leaf_weight=4950.8452759683132 21005.714397832751 522.75009375810623 91.550518244504929 5804.7361026704311 87.008661225438118 3932.3727780282497
leaf_count=19946 85694 2154 376 23913 351 16038
internal_value=-5.84671e-05 -0.000540867 -0.00252956 -0.00184928 0.00141617 0.0012491
internal_weight=36395 27424.8 6419.04 5896.29 8970.23 8883.22
internal_count=148472 112137 26443 24289 36335 35984
is_linear=0
shrinkage=0.03


Tree=86
num_leaves=7
num_cat=0
split_feature=10 16 15 6 17 15
split_gain=26.4294 29.473 24.9257 93.6595 215.84 135.513
threshold=2.7249084263180889 0.91037613702198772 -0.0054675941433544031 0.0085039752734011476 -0.93540483100319605 -0.010451375152978669
decision_type=2 2 2 2 2 2
left_child=2 -2 3 4 -1 -5
right_child=1 -3 -4 5 -6 -7
leaf_value=0.028514397038427591 0.0058793438928172884 -0.011685073259530726 -0.00054952167605217873 -0.0071622009803182654 0.0026179809537088959 0.004308928360156076
leaf_weight=322.50416174530983 1056.9450812041759 91.730814248323441 28492.903100848198 1949.1000891923904 2703.4777755886316 1763.74404938519
leaf_count=1297 4309 373 116398 7929 10907 7200
internal_value=-1.53286e-05 0.00445881 -0.000161446 0.00147908 0.00539499 -0.00171359
internal_weight=36380.4 1148.68 35231.7 6738.83 3025.98 3712.84
internal_count=148413 4682 143731 27333 12204 15129
is_linear=0
shrinkage=0.03


Tree=87
num_leaves=7
num_cat=0
split_feature=12 3 7 14 13 6
split_gain=21.5232 48.9075 55.6656 49.3684 45.2291 41.1306
threshold=-0.061667077783259354 -0.035842338973765424 0.47009456193195148 0.024629628319066347 0.030193754859526026 0.0080226925427165658
decision_type=2 2 2 2 2 2
left_child=1 3 -3 5 -4 -1
right_child=-2 2 4 -5 -6 -7
leaf_value=0.0035396018576872653 -0.00038404774241310028 -0.0058187838103892853 0.0072042244061879847 -0.015372962287555034 0.0018794442222438089 -0.0022845968769278206
leaf_weight=1585.2270023971796 23765.453020274639 624.89370149374008 2079.3532539755106 206.12323707342148 4635.0917398333549 3490.6266180276871
leaf_count=6411 97055 2552 8354 870 18969 14237
internal_value=0.00014767 0.00114878 0.00273273 -0.00105234 0.0035301 -0.000464978
internal_weight=36386.8 12621.3 7339.34 5281.98 6714.44 5075.85
internal_count=148448 51393 29875 21518 27323 20648
is_linear=0
shrinkage=0.03


Tree=88
num_leaves=7
num_cat=0
split_feature=7 3 14 12 6 9
split_gain=22.7078 21.9976 53.4572 48.2986 55.6194 35.8996
threshold=1.7561020575339665 -0.035842338973765424 0.025814688330108918 -0.061667077783259354 0.0032107279321572251 -0.066921501959814736
decision_type=2 2 2 2 2 2
left_child=1 2 -1 4 -3 -5
right_child=-2 3 -4 5 -6 -7
leaf_value=-0.0013228981468563481 0.0043851859366948586 -0.018451662724835803 -0.016928118609194284 0.002653807814384903 0.0026546236520528302 -0.00097349562645025008
leaf_weight=5580.0226666331291 1005.0415943711996 112.24130983650684 202.84438323974609 2798.3803838193417 6943.2939671725035 19948.201496735215
leaf_count=22702 4068 454 859 11341 28266 81589
internal_value=-5.7296e-05 -0.000183006 -0.00187594 0.000145599 0.00231373 -0.000527055
internal_weight=36590 35585 5782.87 29802.1 7055.54 22746.6
internal_count=149279 145211 23561 121650 28720 92930
is_linear=0
shrinkage=0.03


Tree=89
num_leaves=7
num_cat=0
split_feature=18 9 12 3 6 17
split_gain=21.5539 48.8591 44.1285 48.9513 52.3424 54.4755
threshold=5.7003504842720494 0.0040214814820954689 -0.037127877429298232 0.069286586016155796 0.0032107279321572251 0.25881904510252057
decision_type=2 2 2 2 2 2
left_child=1 -1 -2 4 5 -4
right_child=2 -3 3 -5 -6 -7
leaf_value=0.0027738414865601099 0.00046810208402538195 -0.0011446217379879329 0.0082544513248787883 0.0029939143260202857 -0.004008023829972002 -0.0041449242349265118
leaf_weight=6374.0031438171864 15015.74467754364 5197.6335691064596 694.36718684434891 1436.0838956385851 7080.7543634474277 586.58855420351028
leaf_count=25741 61361 21041 2830 5930 29159 2392
internal_value=-5.5229e-05 0.00101389 -0.000553848 -0.00211983 -0.00299859 0.00257879
internal_weight=36385.2 11571.6 24813.5 9797.79 8361.71 1280.96
internal_count=148454 46782 101672 40311 34381 5222
is_linear=0
shrinkage=0.03


Tree=90
num_leaves=7
num_cat=0
split_feature=18 11 7 17 18 3
split_gain=21.126 37.6152 37.5154 36.8396 50.452 36.3753
threshold=5.9709424518391101 35.834649037181137 0.36205727127629045 1.0000000180025095e-35 6.737721979689776 -0.078255755023478465
decision_type=2 2 2 2 2 2
left_child=5 3 -3 4 -2 -1
right_child=1 2 -4 -5 -6 -7
leaf_value=0.0097678108232926008 0.0015975404441627575 -0.014793500970410151 -0.00087461643292868557 -0.0011642583009594989 0.01448237388561743 0.00066191768269476176
leaf_weight=402.66473826766014 664.37160520255566 174.0395000576973 17522.175031796098 924.22086283564568 463.56331238150597 16266.852010309696
leaf_count=1619 2678 728 72114 3726 1870 65853
internal_value=9.66179e-05 -0.000567205 -0.00101316 0.00327563 0.00690926 0.000883023
internal_weight=36417.9 19748.4 17696.2 2052.16 1127.93 16669.5
internal_count=148588 81116 72842 8274 4548 67472
is_linear=0
shrinkage=0.03


Tree=91
num_leaves=7
num_cat=0
split_feature=3 17 12 7 10 17
split_gain=23.7073 105.282 52.8977 54.5996 52.8003 44.4844
threshold=-0.034251029880567177 -0.84874750804349197 -0.049513609099816051 0.47009456193195148 1.0025146417034334 0.97335555334614943
decision_type=2 2 2 2 2 2
left_child=1 4 3 -2 -1 -5
right_child=2 -3 -4 5 -6 -7
leaf_value=-0.0056838145332782971 -0.0052849178386599801 -0.00015169815676890374 -0.00046926719349194251 0.0033726097837808691 -0.022105427925086869 -0.0045497338017183196
leaf_weight=445.57755465805531 812.67729651927948 5404.7921981066465 19817.026754811406 8902.8726902604103 291.66749329864979 685.39607217907906
leaf_count=1858 3320 21945 81015 36221 1212 2785
internal_value=9.46998e-05 -0.00160412 0.000440082 0.00217243 -0.0122227 0.00280547
internal_weight=36360 6142.04 30218 10400.9 737.245 9588.27
internal_count=148356 25015 123341 42326 3070 39006
is_linear=0
shrinkage=0.03


Tree=92
num_leaves=7
num_cat=0
split_feature=10 18 18 13 16 12
split_gain=20.044 29.0386 32.7215 20.4827 42.5808 45.5941
threshold=2.8636119110215081 7.2099168609863087 5.926376706166729 0.051075268817204374 0.29012925520284133 -0.13411323726537824
decision_type=2 2 2 2 2 2
left_child=3 2 -2 -1 -5 -6
right_child=1 -3 -4 4 5 -7
leaf_value=0.00045984755004906737 0.014630854767328524 0.018182190295843129 -0.00040524685482873834 -0.0023278753483229968 -0.0086372543566513305 0.0015641970193226563
leaf_weight=20039.136945784092 156.4337143599987 114.91781245172024 731.89923709630966 8965.5367238819599 420.46738409996033 5915.461879953742
leaf_count=81161 629 471 2983 36963 1749 24346
internal_value=-5.24376e-05 0.00412477 0.0022695 -0.000171247 -0.000997695 0.000884692
internal_weight=36343.9 1003.25 888.333 35340.6 15301.5 6335.93
internal_count=148302 4083 3612 144219 63058 26095
is_linear=0
shrinkage=0.03


Tree=93
num_leaves=7
num_cat=0
split_feature=7 6 17 13 17 7
split_gain=25.3713 25.7105 21.2258 17.8443 54.296 58.3489
threshold=2.1227994006805 0.024172856427335406 0.06540312923014284 0.077704570271363918 1.0000000180025095e-35 0.59990663012060141
decision_type=2 2 2 2 2 2
left_child=3 2 -2 -1 -5 -6
right_child=1 -3 -4 4 5 -7
leaf_value=0.00034819589367348659 0.027945338181664604 -0.0016325161243781908 0.0064356465800448513 -0.0035070575156125397 -0.0060111265238987563 0.0026707404997024153
leaf_weight=26824.303515538573 75.912925824522972 121.7949505597353 91.221624314785004 4564.7657050639391 849.71785953640938 3826.9964759945869
leaf_count=108992 307 494 367 18978 3507 15700
internal_value=2.76845e-05 0.00885145 0.0164203 -4.34911e-05 -0.00118023 0.00109143
internal_weight=36354.7 288.93 167.135 36065.8 9241.48 4676.71
internal_count=148345 1168 674 147177 38185 19207
is_linear=0
shrinkage=0.03


Tree=94
num_leaves=7
num_cat=0
split_feature=7 6 3 12 16 3
split_gain=25.473 17.9425 43.0281 31.6729 30.0674 42.6429
threshold=2.2894708692676198 0.016597795506734854 0.11584685020169762 -0.012879674969838937 0.44228869021900152 -0.10221068482785055
decision_type=2 2 2 2 2 2
left_child=1 2 -1 -4 5 -3
right_child=-2 4 3 -5 -6 -7
leaf_value=0.00020222007226201663 0.012608613235003618 -0.0145488447425513 0.019403964261157335 -0.00089200050630516988 -0.00747255511368376 0.0015899256513204586
leaf_weight=33643.978763669729 145.79049979150295 162.56332395970821 180.89363247156143 111.04800751805305 726.77198633551598 1406.6434736549854
leaf_count=137169 590 682 744 458 3002 5800
internal_value=0.000179083 0.000128376 0.000302078 0.0117303 -0.00243708 -9.83752e-05
internal_weight=36377.7 36231.9 33935.9 291.942 2295.98 1569.21
internal_count=148445 147855 138371 1202 9484 6482
is_linear=0
shrinkage=0.03


Tree=95
num_leaves=7
num_cat=0
split_feature=4 3 18 7 6 15
split_gain=19.6861 44.3912 36.3013 45.8612 32.5592 65.7139
threshold=-0.0063666978221624251 -0.0072780525048529157 6.7775054155749439 1.6075187197673111 0.0096392722084009674 -0.0082273883734469404
decision_type=2 2 2 2 2 2
left_child=1 2 -1 -4 5 -3
right_child=-2 4 3 -5 -6 -7
leaf_value=-0.0015287456015277792 -0.0005208885328856416 0.018088004853223382 0.0027399195620041793 0.025720117551923157 0.00077456814637952124 0.0036371983515840326
leaf_weight=4798.8764527589083 27526.3741966784 369.39134785532951 1010.5692496150732 82.787799522280693 1407.5994801819324 1199.3714220970869
leaf_count=19398 112591 1484 4096 333 5765 4849
internal_value=-0.000124852 0.00110421 -0.000404498 0.00452374 0.00408922 0.00705858
internal_weight=36395 8868.6 5892.23 1093.36 2976.36 1568.76
internal_count=148516 35925 23827 4429 12098 6333
is_linear=0
shrinkage=0.03


Tree=96
num_leaves=7
num_cat=0
split_feature=10 18 18 13 17 12
split_gain=23.0554 36.6291 27.0888 23.6737 42.1398 41.876
threshold=2.8636119110215081 7.1881227446997222 5.9340795705001321 0.079244701500485584 1.0000000180025095e-35 -0.085901375028634194
decision_type=2 2 2 2 2 2
left_child=3 2 -2 -1 -5 -6
right_child=1 -3 -4 4 5 -7
leaf_value=0.00041301457541166793 0.013661567138440418 0.020480400459956721 7.4915018551638331e-05 -0.0035849847952548648 -0.0053200257042927551 0.0021004002064813308
leaf_weight=26943.96276640892 159.007389113307 113.46857251226902 734.99692083895206 4106.7644737511873 848.63868133723736 3502.1001825928688
leaf_count=109492 639 464 2995 17106 3506 14370
internal_value=0.000105833 0.00457632 0.00251653 -2.16417e-05 -0.00140614 0.000651221
internal_weight=36408.9 1007.47 894.004 35401.5 8457.5 4350.74
internal_count=148572 4098 3634 144474 34982 17876
is_linear=0
shrinkage=0.03


Tree=97
num_leaves=7
num_cat=0
split_feature=15 6 15 16 6 15
split_gain=23.8964 105.205 110.932 213.018 108.562 137.362
threshold=-0.0054675941433544031 0.0087448529434073583 -0.010451375152978669 -0.25881904510252113 0.0045965573651018179 -0.010451375152978669
decision_type=2 2 2 2 2 2
left_child=1 4 3 -3 5 -1
right_child=-2 2 -4 -5 -6 -7
leaf_value=0.015521550619694334 -0.0003262721031538577 -6.3464938181329242e-05 0.00363000692346724 -0.021334069585397405 0.0079793429449168118 -0.016756487107366855
leaf_weight=171.12612424790859 29310.399971202016 1355.7179304212332 1770.6348116695881 614.40663780272007 2735.3739815056324 376.00137826800346
leaf_count=689 119775 5506 7233 2519 11030 1521
internal_value=5.03606e-05 0.00162182 -0.00181736 -0.00671186 0.00553985 -0.00664106
internal_weight=36333.7 7023.26 3740.76 1970.12 3282.5 547.128
internal_count=148273 28498 15258 8025 13240 2210
is_linear=0
shrinkage=0.03


Tree=98
num_leaves=7
num_cat=0
split_feature=12 3 17 10 7 6
split_gain=24.2915 36.5121 76.7076 60.6319 57.4771 38.9934
threshold=-0.049513609099816051 -0.031137015559479893 -0.88144907265856332 1.0692633711691648 0.52325808786134187 0.013056936926550121
decision_type=2 2 2 2 2 2
left_child=1 2 3 -1 -3 -6
right_child=-2 4 -4 -5 5 -7
leaf_value=-0.0043255111169552933 -0.00062011261424260744 -0.0040804551661187596 0.00028402537307476485 -0.02391941097354041 0.0039578503266893056 -0.00094218972456581356
leaf_weight=452.09442663192749 20068.418269455433 1198.9857120662928 5726.9847146123648 206.11397215723991 6891.8239098936319 1854.036250680685
leaf_count=1886 82053 4900 23263 862 27961 7619
internal_value=7.89693e-05 0.00093806 -0.00083213 -0.0105151 0.00207457 0.00291911
internal_weight=36398.5 16330 6385.19 658.208 9944.85 8745.86
internal_count=148544 66491 26011 2748 40480 35580
is_linear=0
shrinkage=0.03


Tree=99
num_leaves=7
num_cat=0
split_feature=7 6 3 15 15 3
split_gain=19.3023 42.6476 83.3367 41.5513 36.5546 35.325
threshold=0.6554741958731406 0.011341195620856887 -0.075515808538405657 -0.0098339643625378042 0.0061080782874975989 -0.046605998232235428
decision_type=2 2 2 2 2 2
left_child=1 2 -1 -4 -5 -2
right_child=5 -3 3 4 -6 -7
leaf_value=0.012869661971466894 -0.0027923687751967544 -0.0080176241538734531 0.014027021036834163 -0.00098434216479912338 -0.0081446952917065153 0.00067489781646742138
leaf_weight=386.84692054986954 2946.5892238914967 779.34508234262466 151.00874614715576 5686.2032815814018 721.42506252229214 25645.565023228526
leaf_count=1571 12013 3244 611 23194 2948 104637
internal_value=-4.21054e-05 -0.00137251 -0.000624777 -0.0014244 -0.00179281 0.000317405
internal_weight=36317 7724.83 6945.48 6558.64 6407.63 28592.2
internal_count=148218 31568 28324 26753 26142 116650
is_linear=0
shrinkage=0.03


Tree=100
num_leaves=7
num_cat=0
split_feature=7 10 17 17 14 7
split_gain=18.8192 33.817 81.8319 47.2724 43.4463 40.3366
threshold=0.66270352587153181 0.66700017309637338 -0.84874750804349197 -0.58216583101416131 0.0055047129143754878 1.1868116854281787
decision_type=2 2 2 2 2 2
left_child=-1 2 -2 -3 5 -4
right_child=1 3 4 -5 -6 -7
leaf_value=-0.0012943669235599225 0.012163099809020804 -0.0021575569114594437 0.003493768844598808 0.00078647978572550503 -0.0024673002491963116 -0.018250810536475877
leaf_weight=7988.8788101971149 672.30501022934914 7390.5671211332083 3613.4679477363825 14607.197895571589 1986.4048013389111 76.485066473484039
leaf_count=32653 2736 30380 14623 59482 8116 309
internal_value=-8.48533e-06 0.000353981 0.00228241 -0.000202732 0.00110828 0.00303341
internal_weight=36335.3 28346.4 6348.66 21997.8 5676.36 3689.95
internal_count=148299 115646 25784 89862 23048 14932
is_linear=0
shrinkage=0.03


Tree=101
num_leaves=7
num_cat=0
split_feature=18 17 6 15 6 15
split_gain=15.179 32.3462 55.7107 37.2704 74.4199 82.4533
threshold=6.0002964520391702 -0.93540483100319605 0.0036411309662988758 0.0033323624374670406 0.010363437523262766 -0.0063805715772629048
decision_type=2 2 2 2 2 2
left_child=-1 2 -2 4 5 -4
right_child=1 -3 3 -5 -6 -7
leaf_value=0.00070167952217584995 0.010857310725204336 -8.7282621096016817e-05 0.024246286113516931 -0.009985324202054292 -0.012371120701828232 -0.0012236757595579944
leaf_weight=17187.224016562104 204.14013615250587 17042.440848067403 143.99387575685978 907.87502299249172 373.79956299066544 527.66917929053307
leaf_count=69605 832 69905 585 3819 1579 2186
internal_value=5.41089e-05 -0.000525591 -0.0039846 -0.00554523 -0.00167776 0.00429245
internal_weight=36387.1 19199.9 2157.48 1953.34 1045.46 671.663
internal_count=148511 78906 9001 8169 4350 2771
is_linear=0
shrinkage=0.03


Tree=102
num_leaves=7
num_cat=0
split_feature=7 7 9 15 12 10
split_gain=27.1861 17.6646 32.9977 34.0299 30.076 29.1156
threshold=2.2894708692676198 0.64488707920745092 0.12382109660418901 0.0010960081238913235 -0.022519681567024549 1.5615258794397835
decision_type=2 2 2 2 2 2
left_child=1 -1 4 -4 -3 -6
right_child=-2 2 3 -5 5 -7
leaf_value=-0.0013734879689540113 0.012943006089709368 0.00066839749950359825 9.5521610228463364e-05 0.011436261094871791 -0.00056329613251949616 -0.0051757948629514577
leaf_weight=7282.1794131100178 143.44028477370739 20786.807269781828 475.93519438803196 474.66649989783764 5523.7702117860317 1583.3486163020134
leaf_count=29775 580 84664 1934 1936 22641 6517
internal_value=-1.3305e-06 -5.34393e-05 0.000279896 0.00577045 9.23828e-05 -0.00159205
internal_weight=36270.1 36126.7 28844.5 950.602 27893.9 7107.12
internal_count=148047 147467 117692 3870 113822 29158
is_linear=0
shrinkage=0.03


Tree=103
num_leaves=7
num_cat=0
split_feature=13 16 3 7 3 10
split_gain=16.7018 19.2889 25.4285 16.951 16.4061 29.5292
threshold=0.38355651526531492 -0.19509032201612828 0.16623490171127001 1.2925434573730252 0.069286586016155796 0.52006894716562568
decision_type=2 2 2 2 2 2
left_child=4 2 -2 -3 -1 -6
right_child=1 3 -4 -5 5 -7
leaf_value=-0.00021426824546556645 -0.011651367514704475 -0.0040109072542935231 0.011224890831894449 -0.019975487420152292 -0.014503695602766074 0.0029502614822672683
leaf_weight=33433.057804331183 74.155152574181557 128.61994072794914 100.76123569905758 112.08242000639439 88.580017030239105 2388.7439967095852
leaf_count=136348 310 538 413 461 364 9838
internal_value=-0.000109037 -0.00607392 0.00150451 -0.0115481 -3.96659e-05 0.00231498
internal_weight=36326 415.619 174.916 240.702 35910.4 2477.32
internal_count=148272 1722 723 999 146550 10202
is_linear=0
shrinkage=0.03


Tree=104
num_leaves=7
num_cat=0
split_feature=12 12 6 6 17 14
split_gain=15.6805 17.7156 40.634 39.264 51.5599 46.1945
threshold=-0.34829750686294958 -0.065057712486883565 0.0032107279321572251 0.0081310926087428143 -0.84874750804349197 0.0080302436272384776
decision_type=2 2 2 2 2 2
left_child=-1 2 -2 5 -5 -4
right_child=1 -3 3 4 -6 -7
leaf_value=-0.01013259827503298 -0.017104865711799682 -0.00052918101383403904 0.0050940671529563185 -0.0064702326376771492 0.00077290197687430128 -0.0028918027495892043
leaf_weight=137.99722708761692 109.8441448956728 24606.681458681822 3189.2455050051212 1021.7394600510597 6501.614794716239 817.86608023941517
leaf_count=584 445 100514 12879 4264 26490 3337
internal_value=-0.000111735 -7.30275e-05 0.00089117 0.00106554 -0.000212239 0.00346349
internal_weight=36385 36247 11640.3 11530.5 7523.35 4007.11
internal_count=148513 147929 47415 46970 30754 16216
is_linear=0
shrinkage=0.03


Tree=105
num_leaves=7
num_cat=0
split_feature=7 14 3 17 13 11
split_gain=16.7618 23.5188 31.2182 47.0203 42.1916 25.3804
threshold=1.7153789636573349 0.0071596934757505179 0.069286586016155796 0.29012925520284116 0.10109874047514646 58.829920049731221
decision_type=2 2 2 2 2 2
left_child=1 5 4 -4 -3 -1
right_child=-2 2 3 -5 -6 -7
leaf_value=0.00020322918172141824 0.0035901532601227996 -0.0009747461258001397 -0.0016529826507629326 0.0084769824031591876 -0.0063110826854162836 0.0041896344338809748
leaf_weight=22190.453449323773 1155.9142828881741 8213.1996406912804 988.88762609660625 704.75465762615204 1590.1892698258162 1534.9797619432211
leaf_count=90187 4680 33730 4121 2877 6642 6259
internal_value=3.85835e-05 -7.81675e-05 -0.00119166 0.0025673 -0.00184145 0.000461472
internal_weight=36378.4 35222.5 11497 1693.64 9803.39 23725.4
internal_count=148496 143816 47370 6998 40372 96446
is_linear=0
shrinkage=0.03


Tree=106
num_leaves=7
num_cat=0
split_feature=7 6 3 13 15 17
split_gain=24.5351 23.1927 18.1633 38.9906 34.8702 33.5091
threshold=2.2894708692676198 0.025927483856086578 0.067386767480332135 0.079244701500485584 -0.010451375152978669 -0.81241147629688992
decision_type=2 2 2 2 2 2
left_child=2 -2 3 -1 5 -5
right_child=1 -3 -4 4 -6 -7
leaf_value=0.00029372025451024488 0.023494760899099614 5.5760288362873051e-05 0.0022900402318745019 -0.026838346773051202 -0.0017550732410252018 -0.0061118935608884583
leaf_weight=27174.762960031629 75.993725463747978 74.101867660880089 2871.5726371407509 90.012126356363297 5791.6847239881754 304.33603471517563
leaf_count=110437 306 300 11830 380 24001 1258
internal_value=5.19332e-05 0.0120759 1.45925e-06 -0.000195659 -0.00234486 -0.0109544
internal_weight=36382.5 150.096 36232.4 33360.8 6186.03 394.348
internal_count=148512 606 147906 136076 25639 1638
is_linear=0
shrinkage=0.03


Tree=107
num_leaves=7
num_cat=0
split_feature=12 3 17 10 10 15
split_gain=18.5248 40.4951 78.3714 46.987 40.5536 38.7581
threshold=-0.061667077783259354 -0.046605998232235428 -0.88144907265856332 1.0692633711691648 0.41942547863071744 -0.010451375152978669
decision_type=2 2 2 2 2 2
left_child=1 2 3 -1 -3 -6
right_child=-2 4 -4 -5 5 -7
leaf_value=-0.0064716581537250318 -0.00061591403792919273 -0.002651768340643396 -0.0002573500651540891 -0.02777711387695736 -0.0032173273903458076 0.0037296327275643379
leaf_weight=263.48337663710117 23769.601004213095 1406.053775459528 3747.8678657561541 143.60347501933575 815.97351439297199 6236.1245081871748
leaf_count=1121 97127 5738 15253 610 3303 25367
internal_value=-0.000122812 0.000806398 -0.00161839 -0.0140864 0.00199765 0.00292514
internal_weight=36382.7 12613.1 4154.95 407.087 8458.15 7052.1
internal_count=148519 51392 16984 1731 34408 28670
is_linear=0
shrinkage=0.03


Tree=108
num_leaves=7
num_cat=0
split_feature=3 4 17 3 13 12
split_gain=18.9707 36.166 35.4144 46.3238 41.7998 40.9075
threshold=-0.01598947725566768 -0.0077542157298723371 -0.84874750804349197 -0.046605998232235428 0.065709214015157183 -0.14607035707982821
decision_type=2 2 2 2 2 2
left_child=2 -2 3 5 -4 -1
right_child=1 -3 4 -5 -6 -7
leaf_value=0.0010910329521083143 0.0035215075717912759 2.8153196185136671e-05 0.00040065326976856589 -0.0014673619771704432 -0.0055922076274451515 -0.018298189659632952
leaf_weight=134.86300668120384 3015.8418980687857 22956.906627506018 7850.7478615045547 886.77617762982845 1206.7288817167282 353.54222005605698
leaf_count=584 12240 93952 31736 3611 5004 1491
internal_value=-3.49822e-09 0.000434026 -0.00108042 -0.00556253 -0.000398835 -0.0129616
internal_weight=36405.4 25972.7 10432.7 1375.18 9057.48 488.405
internal_count=148618 106192 42426 5686 36740 2075
is_linear=0
shrinkage=0.03


Tree=109
num_leaves=7
num_cat=0
split_feature=15 6 17 15 12 15
split_gain=18.3004 93.2786 202.203 110.142 132.214 103.999
threshold=-0.0054675941433544031 0.0083908528378783941 -0.88144907265856332 -0.010451375152978669 -0.14931955347614015 -0.0089946793022965803
decision_type=2 2 2 2 2 2
left_child=1 2 5 4 -3 -1
right_child=-2 3 -4 -5 -6 -7
leaf_value=0.046955989019206473 -0.00039719623077434993 0.016109466544514447 0.0022570179399943272 0.003469608287787695 -0.0089059830436965179 0.014287468088000807
leaf_weight=130.51228006184101 29312.883298441768 209.45793248713017 2584.7357183545828 1958.5700381100178 1898.3097707927227 267.96575483679771
leaf_count=527 119830 863 10425 7992 7729 1080
internal_value=-6.71349e-05 0.00130502 0.00533217 -0.00165061 -0.00640718 0.0251684
internal_weight=36362.4 7049.55 2983.21 4066.34 2107.77 398.478
internal_count=148446 28616 12032 16584 8592 1607
is_linear=0
shrinkage=0.03


Tree=110
num_leaves=7
num_cat=0
split_feature=4 18 18 10 13 12
split_gain=16.3661 38.61 37.0379 36.3242 35.2224 35.6047
threshold=-0.0065008873704969763 6.897442968815569 6.5978684599497415 0.41942547863071744 0.20271386167339914 -0.083333333333333301
decision_type=2 2 2 2 2 2
left_child=1 -1 4 -4 -2 -6
right_child=2 -3 3 -5 5 -7
leaf_value=0.00013996974928667065 -3.3429565561329995e-05 0.0056074277653801775 -0.011701268065439422 -0.0019044850383912082 -0.0058478808493183055 0.014784342821382227
leaf_weight=7357.0224135369062 20575.926204517484 1378.6054783463478 358.2319513708353 6296.7470479607582 102.12056165933609 274.94698977470398
leaf_count=29802 83961 5603 1483 25972 426 1136
internal_value=-0.000127709 0.0010039 -0.000485816 -0.00243519 0.000133509 0.00919518
internal_weight=36343.6 8735.63 27608 6654.98 20953 377.068
internal_count=148383 35405 112978 27455 85523 1562
is_linear=0
shrinkage=0.03


Tree=111
num_leaves=7
num_cat=0
split_feature=18 3 10 10 7 10
split_gain=21.9024 54.8125 34.8347 31.0621 43.206 32.3323
threshold=6.0002964520391702 -0.078255755023478465 0.88283640758074289 0.47325833543918189 0.37769851928869363 0.66700017309637338
decision_type=2 2 2 2 2 2
left_child=1 2 -1 4 -2 -5
right_child=3 -3 -4 5 -6 -7
leaf_value=0.015837271950544674 -0.017924005566112063 0.00048168794176977502 -0.0036112442226414266 0.0025202111510847589 -0.0028483499553878171 -0.00091219635593565778
leaf_weight=337.89205877482891 188.68474116921425 16819.882222905755 108.7562010884285 2985.1002879291773 1679.46537566185 14263.824037820101
leaf_count=1361 793 68137 438 12242 6935 58637
internal_value=-1.66674e-05 0.000757788 0.0111067 -0.000716162 -0.00438854 -0.00031796
internal_weight=36383.6 17266.5 446.648 19117.1 1868.15 17248.9
internal_count=148543 69936 1799 78607 7728 70879
is_linear=0
shrinkage=0.03


Tree=112
num_leaves=7
num_cat=0
split_feature=4 11 15 16 11 13
split_gain=16.7484 21.9853 30.8721 35.4572 26.3207 25.2392
threshold=-0.0045926783867330503 43.758258964663433 -0.00066569132375349216 0.68322629814330837 38.638912849436089 0.017753089057368835
decision_type=2 2 2 2 2 2
left_child=-1 2 3 -2 -4 -3
right_child=1 5 4 -5 -6 -7
leaf_value=0.0010490714961320668 -0.0048920062375112745 0.0029806545899362931 0.013379207189160802 -0.023484177633540403 -0.0030933787346512807 -0.00046987242000856653
leaf_weight=10868.537397041917 293.27823905646801 2084.3690654188395 102.8687841296196 133.7352893948555 519.14210040867329 22297.254061073065
leaf_count=44073 1189 8435 416 543 2108 91448
internal_value=6.34621e-05 -0.000357817 -0.00460614 -0.0107972 -0.000334976 -0.000174669
internal_weight=36299.2 25430.6 1049.02 427.014 622.011 24381.6
internal_count=148212 104139 4256 1732 2524 99883
is_linear=0
shrinkage=0.03


Tree=113
num_leaves=7
num_cat=0
split_feature=7 12 6 18 18 17
split_gain=19.0944 37.0666 24.1486 22.6327 26.4651 39.1963
threshold=1.7153789636573349 -0.014976732619024767 0.0069432337640613481 7.2606350968858111 6.467168829445864 0.35206144883412549
decision_type=2 2 2 2 2 2
left_child=-1 3 -3 4 -2 -6
right_child=1 2 -4 -5 5 -7
leaf_value=-0.00018713153914111819 0.0088418528830498215 -0.021615328955576763 0.00056128372133965976 0.018758897201260231 -0.0082197918283793987 0.012548786841304884
leaf_weight=35253.918414622545 503.67186103761196 74.320453345775604 104.7437339425087 109.10049104690552 257.06822307407856 117.54207123816013
leaf_count=143994 2031 301 427 442 1046 474
internal_value=-6.20897e-05 0.00371094 -0.00878019 0.00598941 0.00436417 -0.00167117
internal_weight=36420.4 1166.45 179.064 987.383 878.282 374.61
internal_count=148715 4721 728 3993 3551 1520
is_linear=0
shrinkage=0.03


Tree=114
num_leaves=7
num_cat=0
split_feature=18 4 17 10 14 3
split_gain=19.573 36.6783 32.4285 68.309 65.2893 50.8179
threshold=5.8389127219860741 -0.0094104352745799074 0.29012925520284116 1.4750096180361452 -0.027774366082352394 -0.063422228408278339
decision_type=2 2 2 2 2 2
left_child=2 -2 4 5 -1 -4
right_child=1 -3 3 -5 -6 -7
leaf_value=-0.012067849406416581 0.0018437802485845383 -0.001190426388582333 0.012341963997690785 0.015678880254372439 0.00019641116234299976 0.00099030404689243461
leaf_weight=410.98249033093452 4487.3334095031023 17811.306418210268 376.73225921392441 330.13167028129101 7227.3118886053562 5656.5167983025312
leaf_count=1656 18233 73356 1514 1331 29266 22868
internal_value=-2.77275e-05 -0.000579718 0.000851313 0.00243275 -0.00046646 0.00170299
internal_weight=36300.3 22298.6 14001.7 6363.38 7638.29 6033.25
internal_count=148224 91589 56635 25713 30922 24382
is_linear=0
shrinkage=0.03


Tree=115
num_leaves=7
num_cat=0
split_feature=12 9 7 3 14 15
split_gain=17.4892 44.1197 34.5119 57.2551 40.9198 40.1648
threshold=-0.023092102541651335 0.1060111346172752 0.72734309859191282 -0.046605998232235428 -0.028504939769270262 0.0026232758677995354
decision_type=2 2 2 2 2 2
left_child=2 -2 5 4 -4 -1
right_child=1 -3 3 -5 -6 -7
leaf_value=0.00030843516813199739 -0.0017205490112093308 0.0059533329722856057 0.0013003793509413042 0.0019119397472040216 -0.0062928037487613234 -0.0039480203554184959
leaf_weight=6448.7300729751587 7929.8092378675938 734.98059107363224 1152.0542591661215 15737.022362157702 1429.9643912315369 2886.9468751400709
leaf_count=26320 32552 3003 4673 64088 5863 11818
internal_value=0.000107543 -0.0010684 0.00047604 0.00123256 -0.00290647 -0.00100839
internal_weight=36319.5 8664.79 27654.7 18319 2582.02 9335.68
internal_count=148317 35555 112762 74624 10536 38138
is_linear=0
shrinkage=0.03


Tree=116
num_leaves=7
num_cat=0
split_feature=10 3 13 15 17 11
split_gain=17.5858 16.9862 38.5769 34.5729 50.2278 37.3155
threshold=5.1202618892596048 0.067386767480332135 0.079244701500485584 -0.0096581682988663414 -0.84874750804349197 52.382159926919897
decision_type=2 2 2 2 2 2
left_child=1 2 -1 4 -4 -5
right_child=-2 -3 3 5 -6 -7
leaf_value=0.00016745515720611708 0.01040611087056491 0.0020840833149543729 -0.028763649953692294 0.00078663309637373854 -0.005064107703712746 -0.0040722672707609528
leaf_weight=27157.081672027707 141.16859425604343 2871.9154106080532 101.1939193457365 2660.880230396986 371.51051534712315 3053.2004014998674
leaf_count=110397 572 11829 429 11003 1537 12696
internal_value=-8.74442e-05 -0.00012892 -0.00031964 -0.00245712 -0.0102374 -0.00181014
internal_weight=36357 36215.8 33343.9 6186.79 472.704 5714.08
internal_count=148463 147891 136062 25665 1966 23699
is_linear=0
shrinkage=0.03


Tree=117
num_leaves=7
num_cat=0
split_feature=4 6 15 17 15 6
split_gain=15.7896 37.6829 44.1215 50.9867 58.3866 55.3455
threshold=-0.0065008873704969763 0.0098044265359247419 -0.0025750833955715531 -0.19509032201612839 -0.010719256182954771 0.0059579972845372553
decision_type=2 2 2 2 2 2
left_child=1 2 3 4 -1 -6
right_child=-2 -3 -4 -5 5 -7
leaf_value=0.022415033521615276 -0.00025193941309668963 -0.0010039797003630266 4.910986761273359e-05 0.001731842224820463 -0.0084701542493103629 0.01030019098599725
leaf_weight=273.9167892485857 27651.126675963402 3847.431964173913 2376.1012952029705 1319.0532623380423 174.79869282245636 709.81261698901653
leaf_count=1102 113190 15711 9590 5297 702 2856
internal_value=9.88044e-05 0.00121323 0.00297046 0.00576986 0.0103565 0.00658044
internal_weight=36352.2 8701.11 4853.68 2477.58 1158.53 884.611
internal_count=148448 35258 19547 9957 4660 3558
is_linear=0
shrinkage=0.03


Tree=118
num_leaves=7
num_cat=0
split_feature=12 3 17 13 16 15
split_gain=19.4062 49.7299 88.6363 35.345 39.3852 34.3628
threshold=-0.062231657245525755 -0.038495492863779589 -0.84874750804349197 0.030837832778047528 -0.72947329433276231 -0.010719256182954771
decision_type=2 2 2 2 2 2
left_child=1 2 -1 -3 -5 -6
right_child=-2 3 -4 4 5 -7
leaf_value=-0.012207470239752258 -0.00045872339760483997 0.0055799984980257535 0.00014839825734636633 0.005622303929087121 -0.015555739225192704 0.00013509250773648807
leaf_weight=590.60943809151649 23899.102093920112 2365.3513634204865 4417.9344082325697 1312.6014379262924 128.05862092971802 3675.1314210891724
leaf_count=2503 97696 9504 17967 5349 529 15061
internal_value=4.21028e-05 0.00100036 -0.0013129 0.002549 0.00114594 -0.000401138
internal_weight=36388.8 12489.7 5008.54 7481.14 5115.79 3803.19
internal_count=148609 50913 20470 30443 20939 15590
is_linear=0
shrinkage=0.03


Tree=119
num_leaves=7
num_cat=0
split_feature=3 13 15 17 10 17
split_gain=13.9149 30.979 34.8188 37.6584 28.7517 28.4722
threshold=0.069286586016155796 0.079244701500485584 -0.0096581682988663414 -0.88144907265856332 0.51179611433050243 0.097964660725097283
decision_type=2 2 2 2 2 2
left_child=1 -1 3 -3 -2 -6
right_child=4 2 -4 -5 5 -7
leaf_value=0.00020336805221767321 -0.015100746641020516 -0.02668585085129889 -0.0014872688970013577 -0.0056531413899972467 -0.00042900286892231837 0.0057083667319765847
leaf_weight=27218.528860166669 84.208983182907104 94.225279718637466 5866.0482352524996 384.77306558191776 1425.665781840682 1298.755066677928
leaf_count=110650 347 403 24336 1594 5922 5288
internal_value=-6.69436e-05 -0.000236728 -0.00212409 -0.00988431 0.00196073 0.00249878
internal_weight=36372.2 33563.6 6345.05 478.998 2808.63 2724.42
internal_count=148540 136983 26333 1997 11557 11210
is_linear=0
shrinkage=0.03


Tree=120
num_leaves=7
num_cat=0
split_feature=8 6 9 14 9 10
split_gain=23.4126 35.4641 23.4116 19.867 18.2516 27.1803
threshold=0.15163216785554243 0.010160601692305047 -0.060772476202721575 0.013694948570586897 0.065918613673709284 1.2321714024369197
decision_type=2 2 2 2 2 2
left_child=4 2 -2 -4 -1 -6
right_child=1 -3 3 -5 5 -7
leaf_value=1.0599393819804136e-06 0.01227096119489505 0.017280151321786782 0.0025520797983320403 -0.0048660311582151578 -0.0041514638610777891 0.0018777071248551815
leaf_weight=30796.357161641121 178.70133499801159 143.03198656439781 1529.9286933392286 410.45635244250298 2273.8998079895973 954.08699744939804
leaf_count=125818 722 588 6205 1680 9275 3910
internal_value=-2.73995e-05 0.00292658 0.00194238 0.000979507 -0.000223956 -0.00236938
internal_weight=36286.5 2262.12 2119.09 1940.39 34024.3 3227.99
internal_count=148198 9195 8607 7885 139003 13185
is_linear=0
shrinkage=0.03


Tree=121
num_leaves=7
num_cat=0
split_feature=8 9 10 2 6 5
split_gain=17.2325 22.6324 29.8436 21.6574 20.8111 24.3183
threshold=0.085395194969527258 0.060491297430791964 0.18232128838416495 -0.032170146624847178 0.0045965573651018179 0.00014202278627117873
decision_type=2 2 2 2 2 2
left_child=1 2 -1 -3 5 -5
right_child=-2 3 -4 4 -6 -7
leaf_value=0.0099344582783215448 0.0013842804782526654 -0.019263006595251153 -0.00022777809789239847 -0.01427583071623514 -0.0010119608698792529 -0.0021919207771609077
leaf_weight=260.55619215965271 5980.721823900938 70.608550831675529 27633.130405336618 262.1121142655611 1814.8207197785378 348.59564645588398
leaf_count=1058 24382 285 112907 1064 7429 1422
internal_value=-8.74469e-05 -0.000377155 -0.000132147 -0.00311276 -0.00262714 -0.00740793
internal_weight=36370.5 30389.8 27893.7 2496.14 2425.53 610.708
internal_count=148547 124165 113965 10200 9915 2486
is_linear=0
shrinkage=0.03


Tree=122
num_leaves=7
num_cat=0
split_feature=3 5 14 14 6 6
split_gain=16.287 34.4679 31.1224 28.0271 37.0307 32.6479
threshold=-0.034251029880567177 -0.0089321942020464378 0.026415908491718158 -0.016518537689217069 0.0098044265359247419 0.0043663827704886219
decision_type=2 2 2 2 2 2
left_child=2 3 -1 -2 5 -5
right_child=1 -3 -4 4 -6 -7
leaf_value=-0.0010076471677851328 0.00027084368918969289 -0.0001239587477996169 -0.013179112810791446 -0.002613282772447603 -0.0030301330377348564 0.0084076718928129627
leaf_weight=5932.4125891625881 2180.1716391146183 25745.787105545402 193.3230801820755 283.08845429122448 422.1173819899559 1628.8701409250498
leaf_count=24177 8804 105382 826 1141 1715 6552
internal_value=1.44845e-05 0.00030008 -0.00139594 0.00271745 0.00500055 0.00677486
internal_weight=36385.8 30260 6125.74 4514.25 2334.08 1911.96
internal_count=148597 123594 25003 18212 9408 7693
is_linear=0
shrinkage=0.03


Tree=123
num_leaves=7
num_cat=0
split_feature=13 17 3 1 17 6
split_gain=14.8738 43.3961 50.2525 30.7124 30.1711 35.4553
threshold=0.057095116314983436 1.0000000180025095e-35 0.027865902019449999 0.0062063002944607879 0.91037613702198772 0.0033355671259541046
decision_type=2 2 2 2 2 2
left_child=-1 -2 4 -4 5 -3
right_child=1 2 3 -5 -6 -7
leaf_value=0.00044131682290190588 -0.0024677035680539675 0.019570908552145477 0.0051390496039488238 -0.00039366041335713633 -0.0065281160405669609 -0.00079420399729815665
leaf_weight=22123.773313775659 7077.5390163511038 77.629290565848351 2493.6669221669436 1414.5175583809614 912.29514418542385 2275.9485159814358
leaf_count=89719 29408 319 10205 5793 3759 9366
internal_value=-4.55602e-05 -0.00080133 0.000842854 0.00313738 -0.00190318 -0.000106444
internal_weight=36375.4 14251.6 7174.06 3908.18 3265.87 2353.58
internal_count=148569 58850 29442 15998 13444 9685
is_linear=0
shrinkage=0.03


Tree=124
num_leaves=7
num_cat=0
split_feature=18 11 17 18 3 17
split_gain=18.2438 33.9738 29.7747 59.5697 29.3882 45.0961
threshold=5.9709424518391101 37.646092663073723 0.06540312923014284 6.737721979689776 -0.073144188964354526 0.097964660725097283
decision_type=2 2 2 2 2 2
left_child=4 2 3 -2 5 -1
right_child=1 -3 -4 -5 -6 -7
leaf_value=-0.0050298282594423869 0.00037333877108865448 -0.0011607341566966807 -0.0011396037480365618 0.012430774400916859 0.0004545768199603411 0.013533122608770801
leaf_weight=172.2974358946085 920.37898856401443 17005.750164449215 1173.5474939346313 613.45514538884163 16088.49347743392 364.44718456268311
leaf_count=697 3717 70170 4735 2479 65159 1464
internal_value=-4.64865e-05 -0.000663764 0.00245639 0.0052056 0.000685433 0.00757778
internal_weight=36338.4 19713.1 2707.38 1533.83 16625.2 536.745
internal_count=148421 81101 10931 6196 67320 2161
is_linear=0
shrinkage=0.03


Tree=125
num_leaves=7
num_cat=0
split_feature=10 10 17 6 3 16
split_gain=15.993 16.2386 47.1703 58.1302 42.4544 50.1628
threshold=5.1202618892596048 0.66700017309637338 -0.72947329433276253 0.0018668985150891895 -0.013342973525607647 1.0000000180025095e-35
decision_type=2 2 2 2 2 2
left_child=1 2 3 -1 5 -5
right_child=-2 -3 -4 4 -6 -7
leaf_value=-0.015687305087946538 0.010052014698589498 -0.00039872981394596977 0.00012965501995255087 -0.01099726039545287 0.0095550696788310255 0.0060745286637889527
leaf_weight=112.73544363677502 143.03716692328453 23443.048891410232 10701.029019296169 232.2249189466238 1263.8303020894527 455.42948128283024
leaf_count=459 579 95866 43600 960 5156 1869
internal_value=0.000109905 7.00769e-05 0.000930956 0.0050808 0.00629538 0.000294113
internal_weight=36351.3 36208.3 12765.2 2064.22 1951.48 687.654
internal_count=148489 147910 52044 8444 7985 2829
is_linear=0
shrinkage=0.03


Tree=126
num_leaves=7
num_cat=0
split_feature=7 6 12 18 17 14
split_gain=21.2902 22.2543 21.4156 32.6068 25.1106 25.7316
threshold=1.6805133475172942 0.040274945216189982 -0.0091920284394798584 7.513796431895261 0.44228869021900119 0.053287539368491711
decision_type=2 2 2 2 2 2
left_child=1 -1 3 4 5 -2
right_child=2 -3 -4 -5 -6 -7
leaf_value=-5.6461500985116307e-05 0.004323974431636823 -0.01049439731955929 -0.0082044230893848404 0.024015322991189397 0.010713322183104678 -0.0076221908764298749
leaf_weight=34854.87000195682 543.84162221848965 182.80920837819576 119.29740074276924 74.325785085558891 323.19547119736671 228.94534757733345
leaf_count=142397 2200 762 487 301 1302 935
internal_value=2.79141e-05 -0.000111517 0.00381048 0.00504714 0.00371939 0.000774272
internal_weight=36327.3 35037.7 1289.61 1170.31 1095.98 772.787
internal_count=148384 143159 5225 4738 4437 3135
is_linear=0
shrinkage=0.03


Tree=127
num_leaves=7
num_cat=0
split_feature=9 7 9 2 12 10
split_gain=16.5075 48.8668 32.4637 30.2344 30.9279 31.9153
threshold=0.11858697762611388 0.61179689594501452 0.060491297430791964 -0.026116983328503426 -0.14931955347614015 0.2449500425640479
decision_type=2 2 2 2 2 2
left_child=2 -2 -1 -4 -5 -6
right_child=1 -3 3 4 5 -7
leaf_value=0.0002268842572758675 -0.0073320384815383863 0.0061361307635318307 -0.014851188085844172 0.016877073014030505 -0.020045077434393942 -0.002096478977439763
leaf_weight=31312.932655453682 307.91232167184353 1114.3905573189259 176.14757031202316 73.085022494196892 89.764186576008797 3195.266129553318
leaf_count=127911 1257 4535 712 300 366 13072
internal_value=4.85777e-05 0.00321422 -8.08066e-05 -0.00280548 -0.00216517 -0.00259883
internal_weight=36269.5 1422.3 34847.2 3534.26 3358.12 3285.03
internal_count=148153 5792 142361 14450 13738 13438
is_linear=0
shrinkage=0.03


Tree=128
num_leaves=7
num_cat=0
split_feature=3 17 14 5 7 14
split_gain=18.6941 73.2652 38.6072 33.012 29.4061 27.0718
threshold=-0.034251029880567177 -0.84874750804349197 0.025814688330108918 -0.012465941485317654 0.8475872760872708 -0.020388765869105149
decision_type=2 2 2 2 2 2
left_child=1 4 -3 5 -1 -2
right_child=3 2 -4 -5 -6 -7
leaf_value=-0.0040823087838349256 0.00034718294521776172 0.00022515175833806502 -0.013417821530045592 1.9370559643435258e-05 -0.016159414975941946 0.0061300795719857791
leaf_weight=349.93716597557068 1391.9327252954245 5193.2447106540203 191.63660559058189 27290.571128696203 378.90701547265053 1527.3196807652712
leaf_count=1477 5621 21075 814 111637 1599 6151
internal_value=3.76336e-05 -0.00147495 -0.000265174 0.000343821 -0.0103879 0.00337485
internal_weight=36323.5 6113.73 5384.88 30209.8 728.844 2919.25
internal_count=148374 24965 21889 123409 3076 11772
is_linear=0
shrinkage=0.03


Tree=129
num_leaves=7
num_cat=0
split_feature=12 5 15 15 13 6
split_gain=13.6123 47.9005 65.61 40.5993 23.7995 23.199
threshold=-0.0084404561289618246 0.013489410073793786 0.010696730991099026 0.0013740596088336334 0.01937279020836891 0.0047709525412677704
decision_type=2 2 2 2 2 2
left_child=5 2 3 -2 -5 -1
right_child=1 -3 -4 4 -6 -7
leaf_value=-0.0015384640416128352 -0.00064519154817193713 -0.0054878774512248808 -0.016973477419305539 0.024090141986283269 0.0081637667681185265 0.00050490219776736813
leaf_weight=6096.167107373476 399.51925046741962 1509.9635737687349 124.86645312607288 117.10393066704273 303.68464151024818 27780.85268522799
leaf_count=24759 1626 6248 508 474 1238 113564
internal_value=-1.92467e-05 -0.00217535 0.00311701 0.006209 0.012689 0.000137129
internal_weight=36332.2 2455.14 945.174 820.308 420.789 33877
internal_count=148417 10094 3846 3338 1712 138323
is_linear=0
shrinkage=0.03


Tree=130
num_leaves=7
num_cat=0
split_feature=13 17 13 7 9 11
split_gain=15.2404 38.6151 43.3653 38.6929 28.0626 31.0655
threshold=0.026936295265909686 0.91037613702198772 0.014962763125512814 0.49695507610352579 0.22177688338550053 53.991736439809678
decision_type=2 2 2 2 2 2
left_child=1 4 -3 -4 5 -1
right_child=-2 2 3 -5 -6 -7
leaf_value=-0.00026058907222494942 -0.00042856122997455767 0.011162207504914128 0.019331575961140775 -0.001361681528830964 -0.013890848738490493 0.005195200834941403
leaf_weight=7927.6066728979349 25706.157223284245 654.9286413192749 89.162553459405899 751.79143038392067 123.64554230868816 1063.5336552262306
leaf_count=31994 105520 2634 361 3034 501 4307
internal_value=-3.37259e-05 0.000922731 0.00538671 0.000872992 0.000189098 0.000385771
internal_weight=36316.8 10610.7 1495.88 840.954 9114.79 8991.14
internal_count=148351 42831 6029 3395 36802 36301
is_linear=0
shrinkage=0.03


Tree=131
num_leaves=7
num_cat=0
split_feature=3 17 3 16 17 6
split_gain=20.1348 27.2302 30.1174 46.7963 24.0284 23.7302
threshold=0.067386767480332135 0.22695468355932433 0.13495734892038128 -0.70710678118654735 -0.63405362205439475 0.015641822837822426
decision_type=2 2 2 2 2 2
left_child=-1 2 4 -4 5 -2
right_child=1 -3 3 -5 -6 -7
leaf_value=-3.3315658390357263e-05 0.0023225501641563461 0.0057360102864114238 0.0076534910308442613 -0.013282352268580652 -0.0017221923465470391 0.014987452051694168
leaf_weight=33410.146288946271 380.57441607117653 1327.0555503964424 138.59811635315418 303.58400078117847 611.97642394900322 203.57188957929611
leaf_count=136385 1598 5403 568 1265 2524 850
internal_value=0.000177024 0.0025453 -4.3069e-05 -0.00671528 0.0024306 0.00677228
internal_weight=36375.5 2965.36 1638.3 442.182 1196.12 584.146
internal_count=148593 12208 6805 1833 4972 2448
is_linear=0
shrinkage=0.03


Tree=132
num_leaves=7
num_cat=0
split_feature=12 18 14 13 15 15
split_gain=17.3106 27.0193 46.8947 46.0512 42.0079 32.6296
threshold=-0.047216739189774308 5.0445638918438611 0.00094243229430390773 0.056605781238079585 -0.0093909407961314511 0.0032275077650760768
decision_type=2 2 2 2 2 2
left_child=-1 2 3 5 -4 -2
right_child=1 -3 4 -5 -6 -7
leaf_value=0.00061257780380539822 -0.00023119549651400877 -0.0011471324553349051 0.018690952496947834 0.020712051804600885 -0.0030551846687888419 0.010424650322101879
leaf_weight=17229.395363435149 648.30252547562122 16509.784263119102 83.266551241278648 170.91001954674721 1282.9710543006659 428.19168192148209
leaf_count=70217 2611 67718 335 694 5202 1724
internal_value=-7.70784e-05 -0.000698428 0.00213464 0.00633548 -0.00170446 0.0040188
internal_weight=36352.8 19123.4 2613.64 1247.4 1366.24 1076.49
internal_count=148501 78284 10566 5029 5537 4335
is_linear=0
shrinkage=0.03


Tree=133
num_leaves=7
num_cat=0
split_feature=7 18 18 16 10 7
split_gain=16.1945 19.8808 28.8184 48.1779 28.0378 22.948
threshold=0.36205727127629045 5.8827829623222234 5.2376758793139357 0.29012925520284133 0.39899573742640321 0.28660188332001224
decision_type=2 2 2 2 2 2
left_child=1 2 5 -4 -3 -1
right_child=-2 4 3 -5 -6 -7
leaf_value=-0.014053171766434235 0.00016961902007279938 -0.019392920242511602 -0.0040877342625010235 0.025218283773018945 0.0031532397469104336 0.0031766779484083741
leaf_weight=172.18302385509014 35604.075302675366 145.88293431699276 127.89283476769924 80.924840405583382 73.971309825778008 114.79772095382214
leaf_count=701 145424 616 522 330 309 467
internal_value=7.96934e-05 -0.00438216 -0.00103765 0.00740097 -0.0118471 -0.00718662
internal_weight=36319.7 715.653 495.798 208.818 219.854 286.981
internal_count=148369 2945 2020 852 925 1168
is_linear=0
shrinkage=0.03


Tree=134
num_leaves=7
num_cat=0
split_feature=9 18 12 15 6 16
split_gain=16.2472 40.1636 39.8557 46.1653 41.6163 54.4928
threshold=-0.00047828527950147243 5.3946579749032377 -0.029475875930080882 0.00084911016079125556 0.010363437523262766 0.81241147629689026
decision_type=2 2 2 2 2 2
left_child=1 -1 4 -4 5 -3
right_child=-2 2 3 -5 -6 -7
leaf_value=0.0033270536885604833 -0.00063874130622999087 0.00084769633115638606 -0.0061613975455326736 0.00065130929635779636 -0.0018168712080635805 0.0074614613102947907
leaf_weight=3904.7098913490772 18068.393814086914 5796.5642945021391 1836.8784370869398 1743.729388281703 3618.6227799654007 1388.2828344404697
leaf_count=15759 73993 23549 7536 7174 14871 5638
internal_value=-7.36175e-07 0.000629581 -0.000103037 -0.00284515 0.000806143 0.00212735
internal_weight=36357.2 18288.8 14384.1 3580.61 10803.5 7184.85
internal_count=148520 74527 58768 14710 44058 29187
is_linear=0
shrinkage=0.03


Tree=135
num_leaves=7
num_cat=0
split_feature=3 4 12 10 15 18
split_gain=17.7065 37.9983 35.8385 41.3406 35.085 29.3511
threshold=-0.034251029880567177 0.008728145852573423 -0.061667077783259354 0.44704178657154242 -0.0020641712883353587 6.0075185093766192
decision_type=2 2 2 2 2 2
left_child=1 -1 3 -2 -3 -5
right_child=2 4 -4 5 -6 -7
leaf_value=-0.00099937066872067266 -0.0026040080040730189 -0.023614499275660526 -0.00039174348516293728 0.005941757927774953 -0.0039660285659908314 0.0015107787344246385
leaf_weight=5761.9084971547127 1389.685475975275 126.80823130905628 23124.750134319067 2140.026694431901 226.90737064182758 3623.3220550715923
leaf_count=23485 5671 534 94591 8628 961 14812
internal_value=-0.0001151 -0.0015872 0.000182325 0.0020378 -0.0111032 0.00315757
internal_weight=36393.4 6115.62 30277.8 7153.03 353.716 5763.35
internal_count=148682 24980 123702 29111 1495 23440
is_linear=0
shrinkage=0.03


Tree=136
num_leaves=7
num_cat=0
split_feature=12 6 9 15 16 12
split_gain=16.367 30.9517 28.5767 26.7538 114.856 68.4179
threshold=-0.061667077783259354 0.0029232465984857497 -0.25930613787808815 -0.010451375152978669 -0.25881904510252113 -0.14001764673499453
decision_type=2 2 2 2 2 2
left_child=1 -1 -2 4 -3 -6
right_child=2 3 -4 -5 5 -7
leaf_value=-0.017342487141019214 0.01331559422017926 0.0023484155652428607 -0.00067762926917636741 0.0013824009629834517 0.010177390114282842 -0.020794318307701985
leaf_weight=82.66411454975605 130.0836024582386 1120.8643931001425 23665.601600125432 10973.637418434024 76.096330687403679 374.97328601777554
leaf_count=336 529 4534 96793 44778 316 1525
internal_value=-0.000136765 0.000736115 -0.00060002 0.000857983 -0.00280008 -0.0155475
internal_weight=36423.9 12628.2 23795.7 12545.6 1571.93 451.07
internal_count=148811 51489 97322 51153 6375 1841
is_linear=0
shrinkage=0.03


Tree=137
num_leaves=7
num_cat=0
split_feature=12 6 15 16 2 8
split_gain=15.3348 30.2651 55.2721 23.5313 30.4969 31.3334
threshold=-0.007681408506069686 0.0057947748329385202 0.010696730991099026 -0.32143946530316164 0.002831369006409346 -0.0056459696422650743
decision_type=2 2 2 2 2 2
left_child=-1 2 3 4 -2 -6
right_child=1 -3 -4 -5 5 -7
leaf_value=0.00018206222591522013 -0.013911435432667355 -0.0060655369478369841 -0.015494141675343949 0.0072690744344210394 -0.0106027545015469 0.012371647416293353
leaf_weight=34139.224470674992 129.69722008705139 1052.1396495699883 155.14942564070225 608.63522212207317 81.309202924370766 147.46368391811848
leaf_count=139410 527 4368 634 2485 332 604
internal_value=2.64203e-05 -0.00241517 0.00101184 0.00368635 -0.00240323 0.00418509
internal_weight=36313.6 2174.39 1122.25 967.105 358.47 228.773
internal_count=148360 8950 4582 3948 1463 936
is_linear=0
shrinkage=0.03


Tree=138
num_leaves=7
num_cat=0
split_feature=18 3 10 17 13 7
split_gain=13.4752 31.4276 40.6429 40.1478 102.01 41.8163
threshold=5.9185382811259908 -0.002379982261504376 0.46470165316358569 -0.84874750804349197 0.043660443076677387 0.63340872817650784
decision_type=2 2 2 2 2 2
left_child=1 2 -1 4 5 -3
right_child=-2 3 -4 -5 -6 -7
leaf_value=0.0028123997831873129 -0.0004337751973905862 0.0011505590158906651 -0.002210949422596946 0.00099119201859063587 0.0005901351368820802 0.021111492174746893
leaf_weight=2040.4928602427244 20732.604294165969 121.49513418972492 4992.0523100346327 7032.9846952557564 991.57414984703064 426.19067965447903
leaf_count=8259 85291 491 20124 28525 4053 1716
internal_value=6.7413e-05 0.000733265 -0.00075304 0.0019525 0.00633779 0.0167038
internal_weight=36337.4 15604.8 7032.55 8572.24 1539.26 547.686
internal_count=148459 63168 28383 34785 6260 2207
is_linear=0
shrinkage=0.03


Tree=139
num_leaves=7
num_cat=0
split_feature=10 6 15 18 6 3
split_gain=15.5253 26.1745 29.5227 28.9984 21.4632 24.3724
threshold=2.7249084263180889 0.017429386640728618 0.0029466724558684381 7.1301859718314207 0.040274945216189982 0.11584685020169762
decision_type=2 2 2 2 2 2
left_child=4 2 -2 -3 5 -1
right_child=1 3 -4 -5 -6 -7
leaf_value=-0.00026140358030681877 0.0025796626606904766 -0.0052108245281788541 0.015966926752455392 0.013397527447535727 -0.010934468495885341 0.0054676494383518095
leaf_weight=34293.155973985791 421.80617292225361 410.13894346356392 227.43281285464764 90.266850724816322 164.87426301836967 679.58767755329609
leaf_count=140092 1715 1670 927 368 690 2797
internal_value=-8.8668e-05 0.00333886 0.00730395 -0.00181414 -0.000200995 -0.000149771
internal_weight=36287.3 1149.64 649.239 500.406 35137.6 34972.7
internal_count=148259 4680 2642 2038 143579 142889
is_linear=0
shrinkage=0.03


Tree=140
num_leaves=7
num_cat=0
split_feature=9 18 17 6 5 15
split_gain=13.4001 41.4599 33.6404 33.819 31.3776 30.4958
threshold=0.00049170667074827101 5.3819504391207831 0.84874750804349197 0.0042227396374177424 -0.022208078301110653 -0.0046422430159855912
decision_type=2 2 2 2 2 2
left_child=1 2 3 -1 -5 -6
right_child=-2 -3 -4 4 5 -7
leaf_value=-0.0027238755084185869 -0.00034087819695293337 8.6455793834893502e-05 0.0089384884773805844 -0.0076711287541892529 0.012722237755930772 0.003391930552294543
leaf_weight=907.9800960123539 17783.928470462561 14708.749409213662 826.95953421294689 181.45740194618702 395.94700166583061 1530.7846189886332
leaf_count=3662 72845 60106 3335 729 1595 6185
internal_value=0.000247525 0.000811547 0.00358519 0.0021125 0.00419609 0.00532053
internal_weight=36335.8 18551.9 3843.13 3016.17 2108.19 1926.73
internal_count=148457 75612 15506 12171 8509 7780
is_linear=0
shrinkage=0.03


Tree=141
num_leaves=7
num_cat=0
split_feature=10 6 15 17 12 6
split_gain=15.7204 24.1767 27.0326 22.9435 19.3812 29.2492
threshold=2.7249084263180889 0.017429386640728618 0.0029466724558684381 0.47114434510950071 -0.1289640761358116 0.022810198786850307
decision_type=2 2 2 2 2 2
left_child=-1 2 -2 4 -3 -6
right_child=1 3 -4 -5 5 -7
leaf_value=-2.8600922486981945e-05 0.0027456488458601916 0.0081004364018075602 0.015535835185301364 0.0093137194208720228 0.0028580269477348204 -0.016556528658051746
leaf_weight=35167.12219786644 413.52461552619934 75.258383303880692 231.23229520022869 129.36766444146633 115.266960054636 173.21808183193207
leaf_count=143700 1681 306 941 521 471 711
internal_value=8.37847e-05 0.00355115 0.00736651 -0.00144716 -0.00530433 -0.00883299
internal_weight=36305 1137.87 644.757 493.111 363.743 288.485
internal_count=148331 4631 2622 2009 1488 1182
is_linear=0
shrinkage=0.03


Tree=142
num_leaves=7
num_cat=0
split_feature=7 5 17 15 7 6
split_gain=14.7248 14.3611 49.999 83.1758 108.633 30.6891
threshold=2.2894708692676198 -0.0096203801439467811 -0.88144907265856332 -0.0052194822176856439 0.84144614224420666 0.0083529166983857348
decision_type=2 2 2 2 2 2
left_child=1 2 3 4 5 -1
right_child=-2 -3 -4 -5 -6 -7
leaf_value=0.033271806532900267 0.0093958102284521401 -0.00047088393492759846 0.0017286238185390949 -0.010545023300172289 -0.0093753252802814564 0.007923850422789383
leaf_weight=107.51300197839737 144.89196416735649 27002.983910739422 8088.8784222006798 773.26029686629772 184.27635030448437 73.366439580917358
leaf_count=436 585 110607 32714 3209 759 301
internal_value=-8.33108e-05 -0.000121736 0.000899899 -0.00498121 0.00679408 0.0231895
internal_weight=36375.2 36230.3 9227.29 1138.42 365.156 180.879
internal_count=148611 148026 37419 4705 1496 737
is_linear=0
shrinkage=0.03


Tree=143
num_leaves=7
num_cat=0
split_feature=7 10 3 7 7 10
split_gain=14.044 17.0667 30.4121 26.4435 16.1068 33.5559
threshold=0.24023028984689193 0.18232128838416495 0.008133945660447511 0.43625040641217167 0.71490073358608874 0.71328578093203332
decision_type=2 2 2 2 2 2
left_child=-1 2 3 -2 -3 -6
right_child=1 4 -4 -5 5 -7
leaf_value=-0.0092866610585630727 0.010655455750836059 -0.0010286575335069583 0.021900834601170999 -0.0080874370511024186 0.0023743029303573485 -0.00019217550379867755
leaf_weight=143.00434370338917 137.46177537739277 9860.1690749526024 86.073211088776588 129.79664911329746 5944.390407577157 20024.918958649039
leaf_count=586 559 40328 351 525 24148 81925
internal_value=3.10356e-05 6.8373e-05 0.00661075 0.00156033 3.49007e-06 0.000395431
internal_weight=36325.8 36182.8 353.332 267.258 35829.5 25969.3
internal_count=148422 147836 1435 1084 146401 106073
is_linear=0
shrinkage=0.03


Tree=144
num_leaves=7
num_cat=0
split_feature=10 9 12 16 5 3
split_gain=15.4713 32.6316 40.8674 32.6617 22.3017 21.492
threshold=0.22929699630687747 0.022918784359130365 -0.10556154523100912 0.5277851165098012 -0.011382386597275194 1.0000000180025095e-35
decision_type=2 2 2 2 2 2
left_child=1 2 4 -4 -1 -3
right_child=-2 5 3 -5 -6 -7
leaf_value=0.0076514263153248082 -2.5571536656424004e-05 -0.011100212789013558 0.023569468299667759 0.0040851798901146465 -0.015355900311306217 0.006313368277117236
leaf_weight=74.43287405371666 35515.41954754293 155.58839876949787 179.30035345256329 136.88650910556316 73.464650198817253 105.47446815669537
leaf_count=303 145130 635 725 555 300 431
internal_value=6.31177e-05 0.00439496 0.00915397 0.0152129 -0.00382933 -0.00407028
internal_weight=36240.6 725.147 464.084 316.187 147.898 261.063
internal_count=148079 2949 1883 1280 603 1066
is_linear=0
shrinkage=0.03


Tree=145
num_leaves=7
num_cat=0
split_feature=7 12 12 9 12 10
split_gain=14.552 34.5191 35.1495 35.6272 33.9435 31.9198
threshold=0.66270352587153181 -0.14931955347614015 -0.13411323726537824 0.11858697762611388 -0.022812679650230424 1.5615258794397835
decision_type=2 2 2 2 2 2
left_child=-1 -2 -3 4 -4 -6
right_child=1 2 3 -5 5 -7
leaf_value=-0.0011456583516053478 0.0058007589974631967 -0.0077453927783422702 0.00070093520093629416 0.0057340335138805045 -0.00065107841887642186 -0.0054769192584374644
leaf_weight=8007.2620306313038 989.75202198326588 502.07974836230278 18726.755110219121 1023.6295306831598 5470.6344512850046 1590.9420997202396
leaf_count=32784 4074 2049 76266 4164 22466 6565
internal_value=-1.66924e-05 0.000302755 0.000103119 0.000250657 3.25748e-05 -0.00173956
internal_weight=36311.1 28303.8 27314 26812 25788.3 7061.58
internal_count=148368 115584 111510 109461 105297 29031
is_linear=0
shrinkage=0.03


Tree=146
num_leaves=7
num_cat=0
split_feature=3 4 10 7 3 10
split_gain=14.4721 31.1655 23.4468 24.6519 35.9694 31.094
threshold=-1.0000000180025095e-35 -0.0063666978221624251 0.18232128838416495 0.6591594256837513 0.052370719722496246 0.79769152802884269
decision_type=2 2 2 2 2 2
left_child=-1 -2 -3 4 -4 -5
right_child=1 2 3 5 -6 -7
leaf_value=-0.00079778468613156948 0.0036261430016267812 0.010661115131073262 -0.0016489248793826405 0.0024472598524254417 -0.013483988131335894 -0.00058568295483289962
leaf_weight=16685.813996389508 2372.7627163827419 180.33058281242847 2567.8568995445967 4405.3273005783558 252.08483745157719 9820.2275604009628
leaf_count=67871 9655 732 10536 17976 1042 40444
internal_value=-0.000148502 0.000404307 -3.98522e-05 -0.000154299 -0.00271571 0.000353762
internal_weight=36284.4 19598.6 17225.8 17045.5 2819.94 14225.6
internal_count=148256 80385 70730 69998 11578 58420
is_linear=0
shrinkage=0.03


Tree=147
num_leaves=7
num_cat=0
split_feature=8 12 3 17 14 6
split_gain=13.3957 20.8355 35.596 51.5917 42.3266 34.1271
threshold=-0.0032249672843144279 -0.0656441717791411 -0.021978906718775389 -0.70710678118654757 0.024629628319066347 0.0070695598046676966
decision_type=2 2 2 2 2 2
left_child=-1 2 3 5 -5 -2
right_child=1 -3 -4 4 -6 -7
leaf_value=-0.00069755852652646385 0.0060478777494707339 -0.00020444281142760503 0.0046899991010250037 0.0025094478917323474 -0.014645982637703284 -0.012525864967684871
leaf_weight=17740.335303276777 111.48243448138237 12968.842891097069 2454.6883483231068 2463.9845540374517 134.6251418441534 420.63694915175438
leaf_count=72363 455 53127 10011 10003 571 1772
internal_value=-0.00010818 0.000455359 0.00198688 -0.000134169 0.0016101 -0.00862647
internal_weight=36294.6 18554.3 5585.42 3130.73 2598.61 532.119
internal_count=148302 75939 22812 12801 10574 2227
is_linear=0
shrinkage=0.03


Tree=148
num_leaves=7
num_cat=0
split_feature=4 18 7 14 7 15
split_gain=15.2446 23.8649 39.3144 27.4954 30.3383 29.6676
threshold=-0.0045926783867330503 6.897442968815569 1.6306319398542126 -0.011877334558478168 1.4979658346546232 -0.016147947619032262
decision_type=2 2 2 2 2 2
left_child=1 3 -3 -1 5 -5
right_child=-2 2 -4 4 -6 -7
leaf_value=-0.00088369567830387584 -0.00037330763179757305 0.0029549496497316653 0.020421937756424407 0.015960547329884795 -0.0081113660080601394 0.0026009097752027143
leaf_weight=5803.6053047031164 25407.004746541381 1535.215260848403 123.57710190117359 155.50498408079147 224.12686961889267 3027.3519855886698
leaf_count=23521 104151 6250 498 629 909 12281
internal_value=2.894e-05 0.000969083 0.00427924 0.000372138 0.00251064 0.00326324
internal_weight=36276.4 10869.4 1658.79 9210.59 3406.98 3182.86
internal_count=148239 44088 6748 37340 13819 12910
is_linear=0
shrinkage=0.03


Tree=149
num_leaves=7
num_cat=0
split_feature=3 17 10 15 16 14
split_gain=17.6074 70.9078 37.3486 25.3717 53.5877 62.2758
threshold=-0.034251029880567177 -0.84874750804349197 1.0692633711691648 -0.0022300839163422732 -0.70710678118654735 -0.048387878276277212
decision_type=2 2 2 2 2 2
left_child=1 2 -1 4 -3 -6
right_child=-2 3 -4 -5 5 -7
leaf_value=-0.0052951399974001225 0.00032400043614567628 0.0037186189481213465 -0.019675766894167095 0.001717424826091422 0.01072815494229795 -0.0074906744496960991
leaf_weight=474.33285321295261 30194.911624521017 854.24651062488556 247.08129745721817 2801.4292688518763 188.1382165402174 1521.2425053119659
leaf_count=2009 123383 3455 1053 11423 762 6175
internal_value=2.72618e-05 -0.00144448 -0.0102612 -0.000255549 -0.00241119 -0.00547528
internal_weight=36281.4 6086.47 721.414 5365.06 2563.63 1709.38
internal_count=148260 24877 3062 21815 10392 6937
is_linear=0
shrinkage=0.03


Tree=150
num_leaves=7
num_cat=0
split_feature=7 17 10 10 10 10
split_gain=13.7022 20.9814 36.0327 23.6578 18.8295 15.2606
threshold=0.39245402751206498 -0.68322629814330815 0.34049251267484831 0.33393553746667032 0.45130864695869949 0.66700017309637338
decision_type=2 2 2 2 2 2
left_child=1 2 -1 -3 -5 -2
right_child=5 3 -4 4 -6 -7
leaf_value=-0.024524431107122938 0.00087034995485248871 0.0026908217788608937 0.0016256659104629701 -0.014193077407019921 0.00043648221344370967 -0.00045130189426494311
leaf_weight=101.26227352023125 11801.529643282294 488.56621465086937 87.266583651304245 178.60283455252647 140.78978344798088 23549.80508159101
leaf_count=420 48083 2002 363 740 579 96347
internal_value=-0.000107953 -0.00357369 -0.01253 -0.00145805 -0.00778171 -1.00633e-05
internal_weight=36347.8 996.488 188.529 807.959 319.393 35351.3
internal_count=148534 4104 783 3321 1319 144430
is_linear=0
shrinkage=0.03


Tree=151
num_leaves=7
num_cat=0
split_feature=13 17 7 3 7 15
split_gain=15.2649 21.4251 21.3755 16.8577 25.6649 15.7385
threshold=0.34256320323733652 -0.77259657388510616 2.2894708692676198 0.1247501039572881 0.81498050030563429 -0.0024302627505976555
decision_type=2 2 2 2 2 2
left_child=2 -2 -1 4 -3 -5
right_child=1 3 -4 5 -6 -7
leaf_value=4.9029399117237714e-05 -0.015993966516767971 0.0015907229702750516 0.012570840811372105 0.012662594783999928 -0.022421787275524099 -0.0023181009251645032
leaf_weight=35719.040234968066 120.32679387927055 85.809228643774986 121.11736649274826 91.758090108633041 72.735433727502823 191.68108437955379
leaf_count=145935 512 363 488 377 302 784
internal_value=1.49654e-05 -0.00488076 9.20444e-05 -0.00179685 -0.00956757 0.00258636
internal_weight=36402.5 562.311 35840.2 441.984 158.545 283.439
internal_count=148761 2338 146423 1826 665 1161
is_linear=0
shrinkage=0.03


Tree=152
num_leaves=7
num_cat=0
split_feature=7 15 17 12 3 17
split_gain=17.0045 29.3964 63.8683 29.0499 43.8591 33.7854
threshold=0.71174312354602232 -0.0074139266526564987 -0.81241147629688992 -0.15307839939260151 -0.055726466863686507 -0.84874750804349197
decision_type=2 2 2 2 2 2
left_child=1 2 -1 -2 5 -5
right_child=3 -3 -4 4 -6 -7
leaf_value=0.022900860846271701 0.0060229640546282598 -0.0014286649149417507 -0.00011732401360059369 -0.016764167692013228 0.00055834154853178083 -0.0030188650201123466
leaf_weight=141.26076325774193 803.9620549082756 9594.2235404849052 446.89598102867603 180.30447794497013 23758.985452786088 1387.861464753747
leaf_count=577 3311 39263 1818 777 97035 5619
internal_value=1.06671e-05 -0.00102919 0.00546995 0.000415911 0.000237464 -0.00461861
internal_weight=36313.5 10182.4 588.157 26131.1 25327.2 1568.17
internal_count=148400 41658 2395 106742 103431 6396
is_linear=0
shrinkage=0.03


Tree=153
num_leaves=7
num_cat=0
split_feature=10 14 17 18 7 10
split_gain=14.0251 14.807 18.6614 16.2376 33.0431 29.2411
threshold=5.1202618892596048 0.10123385419165089 -0.77259657388510616 5.926376706166729 0.36205727127629045 3.0286740584399934
decision_type=2 2 2 2 2 2
left_child=1 3 -3 5 -5 -1
right_child=-2 2 -4 4 -6 -7
leaf_value=0.00042216942627632003 0.0091025452540726814 -0.0059400299657445125 0.0097958135290657465 -0.012780102498584503 -0.00062944328996272076 0.015376133240008734
leaf_weight=15589.537709459662 146.81545479595661 88.696094647049904 271.47320337593555 201.50090047717094 19866.570483237505 116.58350995182991
leaf_count=63121 594 376 1112 853 81748 469
internal_value=-8.83748e-05 -0.00012622 0.00590927 -0.000187311 -0.000752708 0.000535113
internal_weight=36281.2 36134.4 360.169 35774.2 20068.1 15706.1
internal_count=148273 147679 1488 146191 82601 63590
is_linear=0
shrinkage=0.03


Tree=154
num_leaves=7
num_cat=0
split_feature=3 7 5 17 7 10
split_gain=16.1888 27.2074 41.8097 39.7237 32.6195 36.658
threshold=1.0000000180025095e-35 0.66611113538000943 0.00014202278627117873 0.68322629814330826 0.99216171774910755 1.3082217461806287
decision_type=2 2 2 2 2 2
left_child=-1 3 4 -2 5 -3
right_child=1 2 -4 -5 -6 -7
leaf_value=-0.00061255518127426912 0.00067753151443778554 0.0059453279070201103 0.00046511080383518588 -0.0061196391539572667 0.00067977535867968998 0.022911755486779237
leaf_weight=16966.182862997055 2116.6685797870159 1502.6255024373531 13175.464732334018 1217.4031571149826 1168.7805139273405 122.48990203440189
leaf_count=69036 8682 6085 54185 4998 4742 496
internal_value=6.3461e-05 0.000657627 0.00117226 -0.00180657 0.00450433 0.00725073
internal_weight=36269.6 19303.4 15969.4 3334.07 2793.9 1625.12
internal_count=148224 79188 65508 13680 11323 6581
is_linear=0
shrinkage=0.03


Tree=155
num_leaves=7
num_cat=0
split_feature=12 12 3 15 6 7
split_gain=15.1871 17.4041 32.8255 45.1509 254.978 48.1523
threshold=-0.34829750686294958 -0.051521784680540188 0.067386767480332135 -0.012766019236338797 0.0082399224568370007 0.94664965481030083
decision_type=2 2 2 2 2 2
left_child=-1 -2 3 4 5 -3
right_child=1 2 -4 -5 -6 -7
leaf_value=-0.0099343529008561037 0.00074659882399146893 0.036939349059329794 0.0030503470012198529 -0.0012689379016105086 -0.014169266472124346 0.014652426460256662
leaf_weight=137.42528805136681 15469.249830782413 134.38445772230625 2015.5522375702858 17920.730881214142 300.99220168590546 256.4190575927496
leaf_count=586 63044 543 8314 73317 1242 1032
internal_value=-5.22022e-05 -1.40318e-05 -0.000584455 -0.000978354 0.00653109 0.0224652
internal_weight=36234.8 36097.3 20628.1 18612.5 691.796 390.804
internal_count=148078 147492 84448 76134 2817 1575
is_linear=0
shrinkage=0.03


Tree=156
num_leaves=7
num_cat=0
split_feature=3 13 16 6 17 15
split_gain=17.0475 35.7306 48.6922 38.8046 56.1557 55.4573
threshold=-1.0000000180025095e-35 0.038868990741750105 0.29012925520284133 0.0046850243917329554 0.55557023301960229 0.00084911016079125556
decision_type=2 2 2 2 2 2
left_child=-1 2 -2 4 5 -4
right_child=1 -3 3 -5 -6 -7
leaf_value=-0.00064874169275559474 0.0055122199319024377 -3.2492859414159433e-05 -0.011473680201446663 0.003639370260356069 -0.017396755279422992 0.0071493861870264436
leaf_weight=16725.887962728739 2719.4628943949938 15203.590306445956 241.60922072827816 818.28424291312695 249.61777363717556 349.6595574170351
leaf_count=68069 11017 62578 983 3312 1016 1418
internal_value=5.45906e-05 0.000655337 0.00304256 -0.0010071 -0.00552658 -0.000473553
internal_weight=36308.1 19582.2 4378.63 1659.17 840.887 591.269
internal_count=148393 80324 17746 6729 3417 2401
is_linear=0
shrinkage=0.03


Tree=157
num_leaves=7
num_cat=0
split_feature=7 17 16 6 17 17
split_gain=13.8071 28.4577 18.7035 16.1638 64.0631 48.7057
threshold=0.36205727127629045 -0.84874750804349197 -0.9103761370219875 0.0081310926087428143 -0.70710678118654757 -0.72947329433276253
decision_type=2 2 2 2 2 2
left_child=1 -1 -3 5 -5 -2
right_child=3 2 -4 4 -6 -7
leaf_value=-0.019065485521410054 0.0031848884500321364 0.011917352905710735 -0.0037459406414203319 -0.0042054390634393493 0.00037939377677164587 -0.0002402785243965453
leaf_weight=97.517283126711845 4902.6606590300798 76.579782173037529 540.47575335204601 3603.3306744098663 11464.612665072083 15686.131367489696
leaf_count=409 20025 315 2228 15048 46884 63747
internal_value=-5.37022e-05 -0.00417678 -0.00176982 2.91552e-05 -0.00071743 0.000575562
internal_weight=36371.3 714.573 617.056 35656.7 15067.9 20588.8
internal_count=148656 2952 2543 145704 61932 83772
is_linear=0
shrinkage=0.03


Tree=158
num_leaves=7
num_cat=0
split_feature=7 17 18 3 13 18
split_gain=14.2633 24.0191 19.271 15.1707 22.2961 13.6002
threshold=0.39245402751206498 -0.77259657388510616 5.9112142883096688 -0.032667069444926998 0.08008399106464216 5.2376758793139357
decision_type=2 2 2 2 2 2
left_child=1 -1 3 -3 5 -5
right_child=-2 2 -4 4 -6 -7
leaf_value=-0.014184481317894952 4.6175148565819631e-05 0.011437504399068562 -0.0081013026704008801 -0.0012338544008624591 -0.011522440471515454 0.011503796765076445
leaf_weight=159.56125916540623 35279.542810052633 111.32128520309925 269.71844585239887 211.76536938548088 124.7489987462759 114.90302984416485
leaf_count=668 144155 451 1135 860 514 467
internal_value=-5.36776e-05 -0.00359773 -0.00153938 0.00162328 -0.000836722 0.00328925
internal_weight=36271.6 992.018 832.457 562.739 451.417 326.668
internal_count=148250 4095 3427 2292 1841 1327
is_linear=0
shrinkage=0.03


Tree=159
num_leaves=7
num_cat=0
split_feature=13 17 10 2 3 3
split_gain=13.7864 20.4501 16.3846 18.551 15.1264 19.4187
threshold=0.34256320323733652 -0.72947329433276253 4.4387067979462094 0.056218568431543665 0.1247501039572881 0.23250643201940638
decision_type=2 2 2 2 2 2
left_child=2 -2 -1 -4 -3 -6
right_child=1 4 3 -5 5 -7
leaf_value=1.3269790260534565e-05 -0.01479453356768513 -0.0089918705303055763 0.014854837298287026 -0.0016454929886591412 0.014652898066051892 -0.002510401229068978
leaf_weight=35516.387984931469 134.03401716053486 151.26760996878147 139.8455907702446 107.3846737742424 83.469688519835472 192.51821561157703
leaf_count=145132 571 636 565 435 342 786
internal_value=-6.28293e-06 -0.00466308 6.70595e-05 0.00773221 -0.00143062 0.00274854
internal_weight=36324.9 561.29 35763.6 247.23 427.256 275.988
internal_count=148467 2335 146132 1000 1764 1128
is_linear=0
shrinkage=0.03


Tree=160
num_leaves=7
num_cat=0
split_feature=9 8 8 4 16 10
split_gain=13.1302 12.0832 26.129 19.4994 20.0408 29.1982
threshold=-0.25930613787808815 -0.10457318488016666 -0.0080568361610059962 -0.028286497957066167 -0.63405362205439475 1.5021926698830728
decision_type=2 2 2 2 2 2
left_child=-1 3 -3 -2 -5 -6
right_child=1 2 -4 4 5 -7
leaf_value=0.0089263214299818306 0.015026759653697593 -0.0013743542375103343 0.00039740963136426533 -0.002114655687697527 0.0014297730290214537 0.011314266433775436
leaf_weight=144.32489657402039 90.151268020272255 12200.930339172482 19400.039423152804 1262.6581752300262 2905.327619150281 294.51695697009563
leaf_count=586 365 49876 79428 5112 11794 1200
internal_value=-4.22133e-05 -7.85074e-05 -0.000286701 0.0013661 0.00108352 0.00234605
internal_weight=36297.9 36153.6 31601 4552.65 4462.5 3199.84
internal_count=148361 147775 129304 18471 18106 12994
is_linear=0
shrinkage=0.03


Tree=161
num_leaves=7
num_cat=0
split_feature=10 10 9 16 15 7
split_gain=11.4531 9.98858 31.2262 19.7103 15.8832 15.722
threshold=5.1202618892596048 0.18232128838416495 0.030749727607009895 0.47114434510950087 0.00072552779633561226 0.39245402751206498
decision_type=2 2 2 2 2 2
left_child=1 2 3 -1 -4 -3
right_child=-2 5 4 -5 -6 -7
leaf_value=0.016792265156058566 0.0083882731090680757 -0.0042878803407216826 -0.016105027334928638 0.0004712389587016206 0.0033143111021975858 1.3866906698526415e-05
leaf_weight=168.9169923812151 144.19164544343948 779.74819305539131 74.5973199903965 109.29969973862171 73.921694919466972 34956.319139003754
leaf_count=684 583 3235 305 442 303 142847
internal_value=8.25071e-06 -2.56249e-05 0.00452623 0.0104295 -0.00652392 -8.02304e-05
internal_weight=36307 36162.8 426.736 278.217 148.519 35736.1
internal_count=148399 147816 1734 1126 608 146082
is_linear=0
shrinkage=0.03


Tree=162
num_leaves=7
num_cat=0
split_feature=8 12 2 15 15 7
split_gain=13.2165 17.9892 28.8097 26.8163 57.017 17.1778
threshold=0.085395194969527258 -0.0084404561289618246 0.010305528940782462 0.0013740596088336334 0.0070907845254017951 1.7153789636573349
decision_type=2 2 2 2 2 2
left_child=1 5 3 -3 -5 -1
right_child=-2 2 -4 4 -6 -7
leaf_value=-0.00029813135084007204 0.0011954828382107433 -0.0045210405272915425 -0.0061139841268857079 0.016257885618710263 -0.010857639964146964 0.0039003977163466221
leaf_weight=27627.106522575021 5986.8253452181816 301.71057352423668 1141.4198525547981 223.19773091375828 99.490084707736969 903.78682707250118
leaf_count=112947 24418 1232 4735 907 406 3657
internal_value=-9.23034e-05 -0.00034684 -0.00328351 0.0018937 0.00788233 -0.000164868
internal_weight=36283.5 30296.7 1765.82 624.398 322.688 28530.9
internal_count=148302 123884 7280 2545 1313 116604
is_linear=0
shrinkage=0.03


Tree=163
num_leaves=7
num_cat=0
split_feature=6 10 18 15 9 17
split_gain=14.0027 35.7731 49.0492 30.0777 32.8845 29.3458
threshold=0.016597795506734854 0.48685687524046012 6.4569044524999466 -0.0082273883734469404 -0.027068123959951836 0.44228869021900119
decision_type=2 2 2 2 2 2
left_child=-1 -2 3 -3 -5 -4
right_child=1 2 5 4 -6 -7
leaf_value=0.00025738560718355095 -0.013899425406647565 0.019818460311290816 -0.0060567750552031514 -0.014796186815986762 0.0068884364172694503 0.0028611579498850561
leaf_weight=33948.727017715573 209.40028448402882 121.93037444353104 1182.8072590827942 74.854756265878677 346.80570423603058 460.04216894507408
leaf_count=138639 889 500 4918 307 1428 1878
internal_value=0.000100907 -0.00211474 -0.000974419 0.00682137 0.00298722 -0.00355907
internal_weight=36344.6 2395.84 2186.44 543.591 421.66 1642.85
internal_count=148559 9920 9031 2235 1735 6796
is_linear=0
shrinkage=0.03


Tree=164
num_leaves=7
num_cat=0
split_feature=3 10 10 7 12 15
split_gain=15.6078 39.8027 25.5419 42.7884 20.2894 42.6788
threshold=0.069286586016155796 0.52006894716562568 0.89363734289505403 0.82373396032205737 -0.050721245112852913 -0.012766019236338797
decision_type=2 2 2 2 2 2
left_child=4 -2 3 -3 -1 -6
right_child=1 2 -4 -5 5 -7
leaf_value=0.00070289205766620091 -0.016761622606775498 -0.0002412472955806911 0.0017829937244470192 0.021133427438702879 0.0065881510263756686 -0.0010625172160704127
leaf_weight=14970.93109229207 94.155523240566254 165.96774472296238 2374.5319541096687 169.17741128802299 679.26661276817322 17869.596629679203
leaf_count=61025 389 681 9783 692 2770 73131
internal_value=6.12908e-05 0.00221063 0.00288175 0.0106098 -0.000118616 -0.000781667
internal_weight=36323.6 2803.83 2709.68 335.145 33519.8 18548.9
internal_count=148471 11545 11156 1373 136926 75901
is_linear=0
shrinkage=0.03


Tree=165
num_leaves=7
num_cat=0
split_feature=10 12 3 14 16 6
split_gain=12.4816 33.9114 45.2747 31.6821 33.4291 34.4384
threshold=0.71328578093203332 -0.15307839939260151 -0.052871911321748837 -0.036089182098460564 -0.5 0.0081660394465975904
decision_type=2 2 2 2 2 2
left_child=-1 -2 3 -3 -5 -6
right_child=1 2 -4 4 5 -7
leaf_value=0.00064009507187996382 0.0062095089378055258 0.00019414555332383085 -0.00031559927244501556 -0.0029297452363651884 -0.0036890215795548748 -0.019509312537271152
leaf_weight=14335.055262863636 656.16571378707886 548.44501851499081 19769.838988363743 475.07885152101517 194.19233459234238 345.26729314029217
leaf_count=58478 2713 2218 80907 1926 798 1445
internal_value=-4.86034e-05 -0.000497597 -0.00070446 -0.00561639 -0.00875168 -0.0138491
internal_weight=36324 21989 21332.8 1562.98 1014.54 539.46
internal_count=148485 90007 87294 6387 4169 2243
is_linear=0
shrinkage=0.03


Tree=166
num_leaves=7
num_cat=0
split_feature=8 4 8 3 3 10
split_gain=10.3585 23.8717 16.7101 14.9302 19.9658 18.0207
threshold=-0.10457318488016666 -0.026566260544038486 -0.048457655287617911 -0.088196237116999018 -0.00052337754558751104 1.6471278527810775
decision_type=2 2 2 2 2 2
left_child=1 -1 3 -2 5 -5
right_child=2 -3 -4 4 -6 -7
leaf_value=0.014843410545151106 0.0063464789503456564 0.00090256281998440154 4.9596511170928798e-05 -0.0045769347669902295 -0.00028269189525549328 0.0046794351379660561
leaf_weight=111.34127113223076 196.73852370679379 4508.4311893582344 25910.554472416639 2493.4833357930183 2872.9746191352606 203.23980927467346
leaf_count=450 809 18292 106093 10133 11769 821
internal_value=-8.19369e-05 0.00124483 -0.000275499 -0.00173577 -0.00202344 -0.00387637
internal_weight=36296.8 4619.77 31677 5766.44 5569.7 2696.72
internal_count=148367 18742 129625 23532 22723 10954
is_linear=0
shrinkage=0.03


Tree=167
num_leaves=7
num_cat=0
split_feature=10 3 17 3 16 17
split_gain=14.8981 13.0734 21.3188 33.9722 41.2514 37.1485
threshold=5.1202618892596048 0.067386767480332135 0.25881904510252057 0.13495734892038128 -0.68322629814330782 -0.63405362205439475
decision_type=2 2 2 2 2 2
left_child=1 -1 3 5 -5 -3
right_child=-2 2 -4 4 -6 -7
leaf_value=-0.00031142973904015015 0.0095646891156463288 0.0075779583332877525 0.0046814130908341221 0.0048202694892609792 -0.015007729451831061 -0.0030383144979583996
leaf_weight=33258.52880179882 140.82074971497059 568.11612465977669 1277.7325507700443 145.49305565655231 262.98880134522915 616.76067723333836
leaf_count=135868 569 2382 5199 596 1105 2545
internal_value=-0.000105505 -0.000143723 0.00179784 -0.000517499 -0.00795632 0.00205609
internal_weight=36270.4 36129.6 2871.09 1593.36 408.482 1184.88
internal_count=148264 147695 11827 6628 1701 4927
is_linear=0
shrinkage=0.03


Tree=168
num_leaves=7
num_cat=0
split_feature=13 16 3 3 17 13
split_gain=15.3454 36.5922 21.9809 19.2176 17.7447 17.3763
threshold=0.38355651526531492 -1.0000000180025095e-35 0.069286586016155796 0.16623490171127001 0.32143946530316164 0.079244701500485584
decision_type=2 2 2 2 2 2
left_child=2 3 5 -2 -3 -1
right_child=1 4 -4 -5 -6 -7
leaf_value=0.00030594734130479632 -0.0072351908763446946 -0.020944437137074407 0.0029050753444673943 0.011549632529759015 -0.0036295098486917353 -0.0014491530440244585
leaf_weight=27230.222302049398 82.081671357154846 130.09153933823109 2479.4313885271549 115.98495447635651 90.923087954521179 6238.2467603981495
leaf_count=110775 348 550 10196 476 374 25941
internal_value=0.000114047 -0.00557971 0.000180732 0.00377042 -0.0139177 -2.12559e-05
internal_weight=36367 419.081 35947.9 198.067 221.015 33468.5
internal_count=148660 1748 146912 824 924 136716
is_linear=0
shrinkage=0.03


Tree=169
num_leaves=7
num_cat=0
split_feature=8 6 9 10 17 14
split_gain=12.8972 20.22 16.4764 17.3601 27.6727 18.1971
threshold=0.15163216785554243 0.010230258191334973 0.22177688338550053 0.22929699630687747 0.956427977892087 -0.001596691525407534
decision_type=2 2 2 2 2 2
left_child=2 -2 3 4 5 -1
right_child=1 -3 -4 -5 -6 -7
leaf_value=0.0079198400428397899 0.001595314530551985 0.013295282443151759 -0.012549218687772191 -6.3392879132008692e-05 0.01830431423405636 -0.0037777877424345803
leaf_weight=231.01890426874161 2124.2370572090149 139.89597521722317 92.020233497023582 33401.665154457092 113.40408605337143 244.31320497393608
leaf_count=938 8630 574 375 136596 461 996
internal_value=0.00013779 0.00232933 -7.92412e-06 2.67646e-05 0.0051247 0.00191681
internal_weight=36346.6 2264.13 34082.4 33990.4 588.736 475.332
internal_count=148570 9204 139366 138991 2395 1934
is_linear=0
shrinkage=0.03


Tree=170
num_leaves=7
num_cat=0
split_feature=7 6 16 12 14 16
split_gain=12.7813 14.9305 23.1015 16.3759 14.5858 22.0847
threshold=2.2894708692676198 0.040274945216189982 1.0000000180025095e-35 -0.34829750686294958 0.10123385419165089 0.5277851165098012
decision_type=2 2 2 2 2 2
left_child=1 3 -3 -1 -5 -6
right_child=-2 2 -4 4 5 -7
leaf_value=-0.011634097400872387 0.0087122366641271647 0.0035995325642349 -0.014708246445372703 -4.1836863342749447e-05 0.012274402494554177 -0.0063769958327509939
leaf_weight=107.00503621995449 147.5806377530098 103.33438864350319 150.76834139227867 35582.924734696746 194.79887467622757 79.048694625496864
leaf_count=457 595 429 631 145408 804 326
internal_value=-3.91233e-05 -7.52624e-05 -0.00729317 -2.38614e-05 1.14332e-05 0.0068833
internal_weight=36365.5 36217.9 254.103 35963.8 35856.8 273.848
internal_count=148650 148055 1060 146995 146538 1130
is_linear=0
shrinkage=0.03


Tree=171
num_leaves=7
num_cat=0
split_feature=6 10 18 3 12 10
split_gain=12.7219 34.9981 42.7675 34.3239 31.2784 28.6576
threshold=0.016597795506734854 0.50756509647890347 6.4569044524999466 0.11584685020169762 -0.01762146093937372 1.577886006895808
decision_type=2 2 2 2 2 2
left_child=3 -2 5 -1 -5 -3
right_child=1 2 -4 4 -6 -7
leaf_value=3.39401264590416e-05 -0.013079984458017726 0.012357079447031901 -0.0033463846066016101 0.02056547315767214 0.00076379795381481769 -0.0016850621076836931
leaf_weight=33593.888620331883 235.07784084975719 307.31433992087841 1633.2173027098179 138.50041732192039 147.13857769966125 225.90057754516602
leaf_count=137186 1002 1267 6757 566 606 922
internal_value=-2.73193e-05 -0.00213639 -0.000937945 0.000122297 0.0104415 0.00642395
internal_weight=36281 2401.51 2166.43 33879.5 285.639 533.215
internal_count=148306 9948 8946 138358 1172 2189
is_linear=0
shrinkage=0.03


Tree=172
num_leaves=7
num_cat=0
split_feature=3 17 10 14 12 7
split_gain=14.5725 50.0983 40.257 30.3325 22.411 39.4818
threshold=-0.030419955919961935 -0.88144907265856332 0.78384103471366362 0.025814688330108918 -0.044550689581483831 0.58339692602879389
decision_type=2 2 2 2 2 2
left_child=1 2 -1 -3 5 -2
right_child=4 3 -4 -5 -6 -7
leaf_value=-0.00021671118651715086 -0.0024645510689101061 2.7311260098787736e-05 -0.014802184573755657 -0.011355969753200924 -0.00037331661614858631 0.002138410114640481
leaf_weight=288.54689268767834 2037.0060359984636 5900.5971597284079 413.84494423866272 216.47635605931282 18019.319607838988 9452.9309010952711
leaf_count=1220 8337 23958 1768 925 73840 38454
internal_value=-1.99706e-06 -0.00125166 -0.00882801 -0.00037911 0.000286861 0.00132208
internal_weight=36328.7 6819.47 702.392 6117.07 29509.3 11489.9
internal_count=148502 27871 2988 24883 120631 46791
is_linear=0
shrinkage=0.03


Tree=173
num_leaves=7
num_cat=0
split_feature=12 9 18 18 14 17
split_gain=14.6621 27.6802 39.1542 29.0694 29.8005 27.9319
threshold=-0.007681408506069686 0.1098802729233166 5.5626296918443137 5.5933583693012929 0.00094243229430390773 0.77259657388510627
decision_type=2 2 2 2 2 2
left_child=-1 3 -3 4 -2 -5
right_child=1 2 -4 5 -6 -7
leaf_value=7.1693875064549948e-05 0.015685949549948296 -0.0064816417211323567 0.01582474615867574 -0.0040245712184064216 -0.001524044835635749 -0.014890880793798246
leaf_weight=34125.901206836104 110.55644460022449 123.16759170591831 161.92986929416656 1043.2961349487305 461.82389859855175 266.39894153177738
leaf_count=139433 446 500 665 4337 1884 1098
internal_value=-8.03217e-05 -0.00247193 0.00620994 -0.00379226 0.00184315 -0.00625417
internal_weight=36293.1 2167.17 285.097 1882.08 572.38 1309.7
internal_count=148363 8930 1165 7765 2330 5435
is_linear=0
shrinkage=0.03


Tree=174
num_leaves=7
num_cat=0
split_feature=9 7 9 6 15 12
split_gain=15.9233 32.6313 37.6181 30.6162 27.49 25.5185
threshold=0.061773309751292978 0.50344520782923063 0.087881703629488231 0.0065950797604787089 0.0013112242981145885 -0.022812679650230424
decision_type=2 2 2 2 2 2
left_child=5 3 -3 -2 -4 -1
right_child=1 2 4 -5 -6 -7
leaf_value=0.00065684735665636298 -0.012911437134730228 -0.0039121358512629835 -0.0014115178014936999 0.0081134527457843841 0.0049903479367138714 -0.0014091450908821166
leaf_weight=24634.726590394974 368.44505129754543 1989.4716387838125 1258.6133160442114 73.520256027579308 1156.8998998552561 6882.2984081655741
leaf_count=100536 1516 8145 5123 303 4723 28308
internal_value=-4.05771e-05 -0.00164102 -0.000859311 -0.00939318 0.00165622 0.000205641
internal_weight=36364 4846.95 4404.98 441.965 2415.51 31517
internal_count=148654 19810 17991 1819 9846 128844
is_linear=0
shrinkage=0.03


Tree=175
num_leaves=7
num_cat=0
split_feature=13 16 17 4 2 10
split_gain=9.74762 25.6774 22.8277 31.8728 28.5877 19.0471
threshold=0.31254418829671143 -0.72947329433276231 0.25881904510252057 0.0015796279135689153 0.029504803059805604 1.5021926698830728
decision_type=2 2 2 2 2 2
left_child=-1 5 4 -4 -3 -2
right_child=1 2 3 -5 -6 -7
leaf_value=0.00023697936179859768 -0.0027310208976440453 -0.0015930970887562939 -0.016150648764652421 0.0067001555604539942 -0.020927389534482973 0.0177971726989661
leaf_weight=35587.47998714447 83.770687997341156 123.43580664694309 76.044291600584984 183.54037243127823 154.59415635466576 76.24829888343811
leaf_count=145428 350 524 317 752 658 311
internal_value=0.000168051 -0.00333874 -0.00647546 -6.61988e-05 -0.0124163 0.00714951
internal_weight=36285.1 697.634 537.615 259.585 278.03 160.019
internal_count=148340 2912 2251 1069 1182 661
is_linear=0
shrinkage=0.03


Tree=176
num_leaves=7
num_cat=0
split_feature=10 15 8 5 5 17
split_gain=11.4516 27.1908 37.9005 14.8245 13.789 30.1524
threshold=0.18232128838416495 0.0009176796314456227 0.054983434097781732 -0.0025572839650261354 -0.0089321942020464378 -0.95642797789208678
decision_type=2 2 2 2 2 2
left_child=1 2 -1 -3 5 -2
right_child=4 3 -4 -5 -6 -7
leaf_value=0.0062389145016301011 -0.0050351633429400588 0.002262328240181891 -0.019272310218515762 0.019091992499636629 -0.00046199467747974626 0.0013429404361443009
leaf_weight=157.18170474469662 719.15314768254757 75.839383393526077 76.171211212873459 124.96213716268539 26289.266129270196 8902.236929282546
leaf_count=638 2997 308 311 507 107764 36057
internal_value=-4.76809e-05 0.00478418 -0.00218148 0.0128207 -0.000106361 0.00086526
internal_weight=36344.8 434.154 233.353 200.802 35910.7 9621.39
internal_count=148582 1764 949 815 146818 39054
is_linear=0
shrinkage=0.03


Tree=177
num_leaves=7
num_cat=0
split_feature=12 12 10 9 12 10
split_gain=12.4591 11.7827 59.6078 40.7101 33.4378 41.756
threshold=-0.34829750686294958 -0.15307839939260151 0.52402519204777265 -0.036947954774865642 -0.19356352928414064 1.0835479001089487
decision_type=2 2 2 2 2 2
left_child=-1 2 -2 -4 5 -5
right_child=1 -3 3 4 -6 -7
leaf_value=-0.008967309441282054 -0.0042778401379762283 -7.1117277742628989e-05 0.020178250446492376 0.0043092692378315757 0.0098684625463971894 -0.01988526449600185
leaf_weight=136.64112654328346 650.27108570933342 34561.913002371788 183.41077949106693 200.8622235506773 409.65959998965263 92.004452422261238
leaf_count=589 2694 141212 747 840 1677 379
internal_value=8.74682e-06 4.32185e-05 0.00261232 0.00766788 0.00435375 -0.0033748
internal_weight=36234.8 36098.1 1536.21 885.937 702.526 292.867
internal_count=148138 147549 6337 3643 2896 1219
is_linear=0
shrinkage=0.03


Tree=178
num_leaves=7
num_cat=0
split_feature=3 17 7 11 10 3
split_gain=12.7792 29.0599 34.3032 30.0449 25.721 25.272
threshold=0.065492941391166473 0.22695468355932433 0.73656105885848044 45.238397942375656 4.4387067979462094 0.13495734892038128
decision_type=2 2 2 2 2 2
left_child=4 3 -3 -2 -1 -5
right_child=1 2 -4 5 -6 -7
leaf_value=-0.0002072946115651408 0.012401014439535956 -0.0071504247322911694 0.0069217741367120552 0.0002893154797436632 0.013648779772970607 -0.0083984627408279066
leaf_weight=33133.552274823189 141.5641548037529 177.4816220998764 1200.0932244360447 1178.1802044659853 119.0133808106184 402.85278090834618
leaf_count=135374 584 728 4873 4900 480 1681
internal_value=1.49019e-05 0.00185641 0.00510103 -0.000741249 -0.000156885 -0.00193217
internal_weight=36352.7 3100.17 1377.57 1722.6 33252.6 1581.03
internal_count=148620 12766 5601 7165 135854 6581
is_linear=0
shrinkage=0.03


Tree=179
num_leaves=7
num_cat=0
split_feature=18 12 15 13 15 16
split_gain=12.6354 12.0627 35.9733 85.8904 38.5939 49.7264
threshold=8.4870812018182082 -0.038182549218404298 -0.014000206029265881 0.062257644686435472 0.001630422459158787 0.41248606129204562
decision_type=2 2 2 2 2 2
left_child=1 -1 3 -3 5 -4
right_child=-2 2 4 -5 -6 -7
leaf_value=0.00037358663135743988 0.0086553813840701006 0.022222282468676746 -0.00051171807675681128 -0.0096829067962470056 0.00067895517684420136 -0.005374934764286186
leaf_weight=20760.842711165547 147.03136086463928 185.37681201100349 4961.6355526745319 126.16759678721428 7021.5733423829079 3057.3280462771654
leaf_count=84659 599 749 20333 526 28841 12529
internal_value=-6.19225e-05 -9.78918e-05 -0.000735444 0.00932214 -0.000944985 -0.00236676
internal_weight=36260 36112.9 15352.1 311.544 15040.5 8018.96
internal_count=148236 147637 62978 1275 61703 32862
is_linear=0
shrinkage=0.03


Tree=180
num_leaves=7
num_cat=0
split_feature=12 15 16 12 15 3
split_gain=14.5466 33.1483 103.859 63.3405 40.9013 60.307
threshold=-0.061124548145201789 -0.010451375152978669 -0.25881904510252113 -0.14001764673499453 -0.0054675941433544031 -0.037608372330048427
decision_type=2 2 2 2 2 2
left_child=1 2 -1 -4 5 -3
right_child=-2 4 3 -5 -6 -7
leaf_value=0.0016945762108363661 -0.000340268222985667 -0.0009859040837914329 0.0096466713822914961 -0.020334238249193268 0.0006667495844320067 0.0098528392177528526
leaf_weight=1136.6007291674614 23587.409879148006 774.00766219198704 75.020147800445557 374.51585632562637 9243.8213931173086 1142.9329141825438
leaf_count=4594 96540 3149 311 1528 37801 4625
internal_value=0.000101 0.000917467 -0.0031381 -0.0153104 0.00149429 0.00547999
internal_weight=36334.3 12746.9 1586.14 449.536 11160.8 1916.94
internal_count=148548 52008 6433 1839 45575 7774
is_linear=0
shrinkage=0.03


Tree=181
num_leaves=7
num_cat=0
split_feature=7 9 12 6 18 3
split_gain=15.4757 21.6689 21.9846 18.6675 18.4495 18.0868
threshold=1.7561020575339665 0.077446818691200306 -0.009950248756218914 0.040274945216189982 7.2606350968858111 0.1247501039572881
decision_type=2 2 2 2 2 2
left_child=3 2 4 5 -2 -1
right_child=1 -3 -4 -5 -6 -7
leaf_value=-0.00012647584897955392 0.0017573731395610314 0.015609411805021641 -0.013261489549186963 -0.0094161008113125173 0.015248211792933151 0.0049781564647185779
leaf_weight=34481.497660413384 704.95822948217392 118.84637755155563 75.073416098952293 189.90962292253971 102.92834888398647 634.23286303877831
leaf_count=140993 2849 480 307 800 416 2610
internal_value=1.94299e-05 0.00369254 0.00205687 -8.49987e-05 0.00350958 -3.40017e-05
internal_weight=36307.4 1001.81 882.96 35305.6 807.887 35115.7
internal_count=148455 4052 3572 144403 3265 143603
is_linear=0
shrinkage=0.03


Tree=182
num_leaves=7
num_cat=0
split_feature=18 17 7 2 15 15
split_gain=14.386 47.9317 59.0304 56.9871 52.3215 51.6325
threshold=5.7003504842720494 0.22695468355932433 0.80629440055635804 -0.036180006801067581 -0.0098339643625378042 -0.0096581682988663414
decision_type=2 2 2 2 2 2
left_child=1 3 -3 -1 -4 -5
right_child=-2 2 4 5 -6 -7
leaf_value=-0.015759624933629972 -0.0004856916522337747 -9.6272448736558412e-05 -0.0075561966027054379 0.0092361020089138917 0.007465300664891511 -0.0012876469902281874
leaf_weight=225.90223914384842 24701.507323563099 2918.2251177281141 227.42631205916405 453.05316798388958 2348.0804849416018 5382.6378930807114
leaf_count=911 101496 11812 914 1827 9467 21813
internal_value=-7.698e-05 0.000796645 0.00282571 -0.00104266 0.00613402 -0.000467753
internal_weight=36256.8 11555.3 5493.73 6061.59 2575.51 5835.69
internal_count=148240 46744 22193 24551 10381 23640
is_linear=0
shrinkage=0.03


Tree=183
num_leaves=7
num_cat=0
split_feature=6 18 10 17 12 12
split_gain=10.346 33.2514 30.2425 27.0294 63.9198 37.109
threshold=0.016597795506734854 6.4569044524999466 0.48685687524046012 0.41248606129204551 -0.18322331331313088 -0.11675736055066303
decision_type=2 2 2 2 2 2
left_child=-1 2 -2 5 -5 -3
right_child=1 3 -4 4 -6 -7
leaf_value=0.00015690320388627493 -0.0092537358437831049 -0.00025132557146626602 0.0067885493994540979 -0.019583701929408941 0.0068412135751930664 -0.010961171773640191
leaf_weight=33979.91646951437 128.94467796385288 493.96461240947247 550.84818491339684 100.64373882114887 415.62327605485916 707.59831222891808
leaf_count=138794 550 2071 2259 422 1692 2947
internal_value=2.24689e-05 -0.00188132 0.00372739 -0.0041026 0.00163411 -0.00656607
internal_weight=36377.5 2397.62 679.793 1717.83 516.267 1201.56
internal_count=148735 9941 2809 7132 2114 5018
is_linear=0
shrinkage=0.03


Tree=184
num_leaves=7
num_cat=0
split_feature=18 3 17 10 7 7
split_gain=16.5381 35.1981 39.8023 28.4306 29.2327 25.9017
threshold=5.9709424518391101 -0.073144188964354526 0.097964660725097283 0.47325833543918189 0.43625040641217167 0.39245402751206498
decision_type=2 2 2 2 2 2
left_child=1 2 -1 5 -5 -2
right_child=3 -3 -4 4 -6 -7
leaf_value=-0.0038072379384941112 -0.013604675206756411 0.00042570197491259494 0.014034988614783988 0.012898507852329127 -0.00034814915998986442 -0.0027976168824726554
leaf_weight=163.92455026507378 224.26162779331207 16052.353406727314 351.91999831795692 149.22496826946735 17564.635206967592 1712.2968467175961
leaf_count=666 960 65042 1414 617 72299 7093
internal_value=-2.4005e-05 0.000674097 0.0083723 -0.000612616 -0.000235113 -0.00406186
internal_weight=36218.6 16568.2 515.845 19650.4 17713.9 1936.56
internal_count=148091 67122 2080 80969 72916 8053
is_linear=0
shrinkage=0.03


Tree=185
num_leaves=7
num_cat=0
split_feature=8 10 10 10 8 6
split_gain=11.7984 21.9132 18.6724 17.9428 22.328 18.579
threshold=-0.0032249672843144279 0.18232128838416495 4.4387067979462094 0.33393553746667032 -0.10457318488016666 0.0048585504427181249
decision_type=2 2 2 2 2 2
left_child=1 -1 3 -3 5 -5
right_child=-2 2 -4 4 -6 -7
leaf_value=0.0088027571883826407 0.00052364072652497193 -0.0049589472364983036 0.011395987148732212 -0.0018070825564384912 -0.0011798133420679647 0.002613093855531949
leaf_weight=220.25152434408665 18613.820310935378 866.73824128508568 112.54595950245857 1195.2686517238617 12303.39089858532 3001.2393510937691
leaf_count=892 76227 3550 456 4842 50332 12182
internal_value=-3.63804e-06 -0.000558154 -0.000677102 -0.000756646 -0.000535325 0.00135386
internal_weight=36313.3 17699.4 17479.2 17366.6 16499.9 4196.51
internal_count=148481 72254 71362 70906 67356 17024
is_linear=0
shrinkage=0.03


Tree=186
num_leaves=7
num_cat=0
split_feature=10 17 15 5 6 17
split_gain=12.7855 43.6142 98.1423 94.1155 48.5328 29.8531
threshold=0.66700017309637338 -0.84874750804349197 -0.0049986852325121225 -0.0068679915249074122 0.0018668985150891895 -0.95642797789208678
decision_type=2 2 2 2 2 2
left_child=1 2 -1 -4 -5 -2
right_child=5 -3 3 4 -6 -7
leaf_value=0.023872742321603295 -0.0035599734330663472 9.8872401257137839e-05 -0.011223675550453348 -0.015601073261763229 0.0092727838654070305 -7.6077747875384909e-05
leaf_weight=221.82609045505524 2472.1204748153687 11281.425500288606 336.92939426004887 75.130497291684151 855.71875864267349 21024.045028060675
leaf_count=903 10296 46005 1400 308 3502 85886
internal_value=-2.76369e-05 0.000736321 0.00555739 0.00232016 0.00723603 -0.000442903
internal_weight=36267.2 12771 1489.6 1267.78 930.849 23496.2
internal_count=148300 52118 6113 5210 3810 96182
is_linear=0
shrinkage=0.03


Tree=187
num_leaves=7
num_cat=0
split_feature=15 7 17 6 15 6
split_gain=13.2646 65.595 76.5352 185.151 114.84 67.4383
threshold=-0.0054675941433544031 1.0755192293855556 -0.84874750804349197 0.0096392722084009674 -0.0089946793022965803 0.005213850145637665
decision_type=2 2 2 2 2 2
left_child=1 2 3 -1 -5 -4
right_child=-2 -3 5 4 -6 -7
leaf_value=0.022715474542745574 -0.00021808586909664851 -0.001923290764208816 -0.010071929999597065 -0.032127454123843761 0.010886040526424686 0.0034798691307131226
leaf_weight=501.44479393959045 29343.446837842464 3216.2715617865324 374.17564627528191 107.36010007560253 112.66409565508366 2721.5704689025879
leaf_count=2034 120148 13082 1515 457 468 11045
internal_value=6.2402e-05 0.00123232 0.00389075 0.0126761 -0.0102026 0.00183645
internal_weight=36376.9 7033.49 3817.22 721.469 220.024 3095.75
internal_count=148749 28601 15519 2959 925 12560
is_linear=0
shrinkage=0.03


Tree=188
num_leaves=7
num_cat=0
split_feature=7 10 7 18 8 14
split_gain=18.968 30.1535 37.0727 29.6179 20.6844 14.6853
threshold=0.28660188332001224 0.18232128838416495 0.43625040641217167 5.2246919769974394 0.015337263941634373 0.10123385419165089
decision_type=2 2 2 2 2 2
left_child=3 2 -2 -1 -4 -3
right_child=1 5 4 -5 -6 -7
leaf_value=-0.015663603713867144 0.021802763306265908 -0.00013308587621707922 0.010463889088396945 0.0037407741118236312 -0.009654824705726494 0.005533883565252435
leaf_weight=169.61891755461693 124.80807869136333 35307.659046530724 91.933898642659187 119.40555301308632 88.121582701802254 414.40401861071587
leaf_count=695 505 144367 371 500 358 1712
internal_value=-4.82222e-05 1.33972e-05 0.00937737 -0.0076764 0.000619623 -6.70384e-05
internal_weight=36316 36026.9 304.864 289.024 180.055 35722.1
internal_count=148508 147313 1234 1195 729 146079
is_linear=0
shrinkage=0.03


Tree=189
num_leaves=7
num_cat=0
split_feature=12 6 15 12 1 15
split_gain=11.9551 30.2413 45.8 33.1595 27.2773 27.9992
threshold=-0.007681408506069686 0.0049005141628278449 0.010342118002149016 -0.0042662116526251395 0.0018964941633330403 0.001979872295313712
decision_type=2 2 2 2 2 2
left_child=-1 2 3 -2 5 -5
right_child=1 -3 -4 4 -6 -7
leaf_value=6.8363998419096418e-05 -0.0013973744473969236 -0.0053269409506737208 -0.013879229902377195 -0.0087970574657584028 0.018725473098562238 0.013905283114352822
leaf_weight=34202.027416601777 399.76146399974823 1224.5169570147991 139.36558662354946 93.954975962638855 195.50042688846588 97.814203888177872
leaf_count=139790 1631 5091 571 383 800 396
internal_value=-6.81229e-05 -0.00223647 0.00185121 0.00466484 0.0108976 0.00280655
internal_weight=36352.9 2150.91 926.397 787.031 387.27 191.769
internal_count=148662 8872 3781 3210 1579 779
is_linear=0
shrinkage=0.03


Tree=190
num_leaves=7
num_cat=0
split_feature=3 7 5 18 10 17
split_gain=13.3861 29.4005 33.2577 33.6936 33.4953 45.3539
threshold=-1.0000000180025095e-35 0.66270352587153181 -0.0034809479782584303 5.8389127219860741 0.76539643071556929 -0.097964660725097366
decision_type=2 2 2 2 2 2
left_child=-1 -2 -3 -4 5 -5
right_child=1 2 3 4 -6 -7
leaf_value=-0.00069346697236672187 -0.0021093275783796899 0.0049327481060934169 0.0025374048553129958 0.0098105128456381883 -0.0013627138320836097 -0.00022452080302491943
leaf_weight=16674.048599630594 3319.8562295138836 1717.9872900992632 4932.0344880372286 609.94770123064518 7819.2102989703417 1200.3137625306845
leaf_count=67904 13636 6950 20003 2518 32398 4932
internal_value=-6.86901e-05 0.000462852 0.000987588 0.000521519 -0.000511292 0.00316377
internal_weight=36273.4 19599.3 16279.5 14561.5 9629.47 1810.26
internal_count=148341 80437 66801 59851 39848 7450
is_linear=0
shrinkage=0.03


Tree=191
num_leaves=7
num_cat=0
split_feature=7 15 17 6 5 9
split_gain=12.6345 25.0004 52.9957 25.1054 43.9704 40.6997
threshold=0.71174312354602232 -0.0074139266526564987 -0.81241147629688992 0.011013470115755186 -0.025270858967045891 -0.0064752630325343999
decision_type=2 2 2 2 2 2
left_child=1 2 -1 4 -3 -5
right_child=-2 3 -4 5 -6 -7
leaf_value=0.020509344651376177 0.00035711842877276867 0.0092711145452305105 -0.00015974103770384344 -0.011654933243169614 -0.0012122588502070551 0.00088874688059910616
leaf_weight=147.90700300037861 26132.592343553901 374.60031747817993 437.30179989337921 507.33003953099251 8212.6848776489496 428.29856461286545
leaf_count=606 106805 1515 1779 2116 33585 1809
internal_value=8.74282e-06 -0.000891807 0.00511627 -0.00126202 -0.000752894 -0.00592322
internal_weight=36240.7 10108.1 585.209 9522.91 8587.29 935.629
internal_count=148215 41410 2385 39025 35100 3925
is_linear=0
shrinkage=0.03


Tree=192
num_leaves=7
num_cat=0
split_feature=9 12 6 17 3 9
split_gain=10.2837 28.0117 50.0272 36.0618 35.7289 36.16
threshold=0.0040214814820954689 -0.027272113602611833 0.0083908528378783941 -0.91037613702198728 -0.070876399612979965 -0.061883194550032182
decision_type=2 2 2 2 2 2
left_child=1 2 4 -4 5 -1
right_child=-2 -3 3 -5 -6 -7
leaf_value=-0.00029886099545515848 -0.00057562818262838931 -0.0015276865356354324 -0.0073137282582648021 -7.2520652956355763e-05 0.0023425359408205545 0.023471899743010886
leaf_weight=95.161915630102158 16817.754195228219 4904.2268835157156 687.55837066471577 6046.7299010455608 7735.7656105011702 143.70289668440819
leaf_count=384 68956 20102 2904 24703 31361 582
internal_value=-3.13486e-05 0.000435368 0.00109001 -0.000813786 0.00269749 0.014078
internal_weight=36430.9 19613.1 14708.9 6734.29 7974.63 238.865
internal_count=148992 80036 59934 27607 32327 966
is_linear=0
shrinkage=0.03


Tree=193
num_leaves=7
num_cat=0
split_feature=0 14 7 9 13 12
split_gain=12.7942 17.2633 18.4991 14.7813 24.6358 28.2525
threshold=0.010593299855318985 0.10123385419165089 2.2894708692676198 0.0040214814820954689 0.079244701500485584 -0.02608033187163938
decision_type=2 2 2 2 2 2
left_child=1 2 3 4 5 -1
right_child=-2 -3 -4 -5 -6 -7
leaf_value=0.001769661736696136 -0.0028310849484197097 0.0077723309940529129 0.013962122601560654 -0.00072911430466438833 -0.0016188491778777331 -0.0013373023536027043
leaf_weight=11634.790962696075 1447.8928982615471 256.27331545948982 83.042707920074463 15643.372511461377 3863.1398565024137 3403.1577915400267
leaf_count=47179 6006 1058 334 64101 16020 13894
internal_value=-6.9767e-05 4.50005e-05 -1.2634e-05 -4.70348e-05 0.000517502 0.00106646
internal_weight=36331.7 34883.8 34627.5 34544.5 18901.1 15037.9
internal_count=148592 142586 141528 141194 77093 61073
is_linear=0
shrinkage=0.03


Tree=194
num_leaves=7
num_cat=0
split_feature=8 6 18 12 6 13
split_gain=11.9719 20.5462 20.1286 18.2895 20.4752 15.6003
threshold=0.15163216785554243 0.010033988519471302 6.7251414995448533 -0.006504047927932132 0.0044637117934932923 0.051948051948051861
decision_type=2 2 2 2 2 2
left_child=-1 2 3 5 -5 -2
right_child=1 -3 -4 4 -6 -7
leaf_value=-3.8801182151882617e-05 0.0029994858202539291 0.01272567310032471 -0.0092463421831244248 0.017428822808914814 -0.0019415066872273928 -0.003219604551653002
leaf_weight=34056.996075704694 1271.4188039749861 153.6554346382618 145.92033135890961 135.5128553211689 75.824537441134453 505.91145166754723
leaf_count=139363 5140 629 599 551 311 2073
internal_value=0.000102387 0.00220196 0.00143322 0.00222534 0.010526 0.00122761
internal_weight=36345.2 2288.24 2134.59 1988.67 211.337 1777.33
internal_count=148666 9303 8674 8075 862 7213
is_linear=0
shrinkage=0.03


Tree=195
num_leaves=7
num_cat=0
split_feature=3 18 7 13 5 9
split_gain=14.4495 26.5849 40.5489 38.1004 31.56 29.5935
threshold=-1.0000000180025095e-35 5.8389127219860741 0.66270352587153181 0.049316205667703346 -0.004771178660461838 0.096128917149094009
decision_type=2 2 2 2 2 2
left_child=-1 2 -2 -4 -3 -6
right_child=1 4 3 -5 5 -7
leaf_value=-0.00062207874166387352 -0.0019529796651328729 0.004432536612044311 0.0061403835530823084 0.0011196935290881834 -0.0011142102069341706 0.0060252330477453386
leaf_weight=16726.170974433422 1763.3644939810038 1159.8216405957937 2374.9154794812202 3183.2864595800638 10613.055770769715 547.60651914775372
leaf_count=68124 7184 4712 9559 12958 43950 2261
internal_value=2.58914e-05 0.000577677 0.00200913 0.00326638 -0.000273166 -0.000762891
internal_weight=36368.2 19642.1 7321.57 5558.2 12320.5 11160.7
internal_count=148748 80624 29701 22517 50923 46211
is_linear=0
shrinkage=0.03


Tree=196
num_leaves=7
num_cat=0
split_feature=3 13 16 16 10 10
split_gain=12.1869 30.3288 41.5675 41.1709 55.0373 36.5375
threshold=0.0025229532043375973 0.040652871531347674 0.065403129230143103 0.63405362205439497 1.5464370295772367 0.45130864695869949
decision_type=2 2 2 2 2 2
left_child=-1 2 -2 5 -5 -3
right_child=1 3 -4 4 -6 -7
leaf_value=-0.00046587166057626873 0.0057988015781110357 -0.0072099982623059266 -0.00043113837267689511 0.0043861906883708671 -0.0050192095420912193 -0.0004665733869185209
leaf_weight=17995.849226087332 2130.8580260127783 779.04149237275124 1758.212259426713 3091.4772078990936 681.94210855662823 9759.2172479182482
leaf_count=73297 8636 3204 7140 12714 2814 40251
internal_value=8.76978e-05 0.000635026 0.00298353 -3.48616e-06 0.00268466 -0.000966355
internal_weight=36196.6 18200.7 3889.07 14311.7 3773.42 10538.3
internal_count=148056 74759 15776 58983 15528 43455
is_linear=0
shrinkage=0.03


Tree=197
num_leaves=7
num_cat=0
split_feature=9 7 6 17 17 7
split_gain=14.0288 10.8211 13.6039 14.5125 29.7242 15.8248
threshold=-0.25930613787808815 0.24023028984689193 0.001623585784160841 0.25881904510252057 0.81241147629689003 0.93998718495189104
decision_type=2 2 2 2 2 2
left_child=-1 -2 3 5 -5 -3
right_child=1 2 -4 4 -6 -7
leaf_value=0.0093108585063632048 -0.0085436667339999096 0.012581266352702437 -1.9783006584783873e-05 -0.0095936752617043642 0.010279247855353084 -0.0013521559928255597
leaf_weight=145.05524887144566 130.12737195193768 246.275092035532 35420.924359887838 150.41487604379654 119.93353767693043 103.61700081825256
leaf_count=589 538 1005 144888 615 487 420
internal_value=6.36471e-05 2.60509e-05 5.74644e-05 0.00445482 -0.000766789 0.00847079
internal_weight=36316.3 36171.3 36041.2 620.241 270.348 349.892
internal_count=148542 147953 147415 2527 1102 1425
is_linear=0
shrinkage=0.03


Tree=198
num_leaves=7
num_cat=0
split_feature=3 10 18 9 7 18
split_gain=13.52 27.0903 25.8214 29.2927 26.5375 24.0869
threshold=0.069286586016155796 0.52006894716562568 5.926376706166729 0.010061758161485359 0.99216171774910755 6.1133780360513059
decision_type=2 2 2 2 2 2
left_child=-1 -2 4 5 -3 -4
right_child=1 2 3 -5 -6 -7
leaf_value=-0.00018961049901740259 -0.013773081607957365 0.021392291379899987 -0.017578519282076512 0.004562102353166609 0.0031663863817005503 -0.00080499033045033908
leaf_weight=33463.119838893414 93.021861001849174 123.11883620917797 81.234269812703133 1300.7808976024389 171.00716222822666 1040.4756606817245
leaf_count=136796 386 500 335 5361 696 4294
internal_value=-2.17395e-05 0.00197634 0.00252536 0.0015018 0.0108886 -0.00204885
internal_weight=36272.8 2809.64 2716.62 2422.49 294.126 1121.71
internal_count=148368 11572 11186 9990 1196 4629
is_linear=0
shrinkage=0.03


Tree=199
num_leaves=7
num_cat=0
split_feature=7 12 18 18 15 9
split_gain=8.18044 19.5214 32.1877 14.5296 17.3485 13.5879
threshold=1.6805133475172942 -0.0091920284394798584 7.513796431895261 5.9631413188991234 0.0018804851898197585 0.015798006100375631
decision_type=2 2 2 2 2 2
left_child=-1 2 3 4 -2 -5
right_child=1 -3 -4 5 -6 -7
leaf_value=-6.4211368392957496e-05 0.0030910980052617988 -0.0089528129395884688 0.022372352828123016 -0.0037438251625609067 0.019992678855516005 0.0038601995189507911
leaf_weight=34975.214053705335 170.14233994483948 122.22002752125263 74.523422732949257 389.87961472570896 79.187560722231865 457.50252163410187
leaf_count=143104 684 502 301 1583 319 1856
internal_value=2.24938e-05 0.00236349 0.00355761 0.00224072 0.00857544 0.000361018
internal_weight=36268.7 1293.46 1171.24 1096.71 249.33 847.382
internal_count=148349 5245 4743 4442 1003 3439
is_linear=0
shrinkage=0.03


end of trees

feature_importances:
hour_cos=150
vol_ratio=121
ret_72b=119
atr_pct=103
liquidity=103
volume_surge=102
btc_ret_24b=100
dist_high_168b=86
dist_low_168b=84
hour_sin=46
buy_pressure_24b=41
rel_strength_24b=40
rsi_14=31
ema24_dist=21
ema72_dist=19
ret_24b=16
buy_pressure_6b=15
ret_4b=2
ret_1b=1

parameters:
[boosting: gbdt]
[objective: binary]
[metric: binary_logloss]
[tree_learner: serial]
[device_type: cpu]
[data_sample_strategy: bagging]
[data: ]
[valid: ]
[num_iterations: 200]
[learning_rate: 0.03]
[num_leaves: 7]
[num_threads: 2]
[seed: 7]
[deterministic: 1]
[force_col_wise: 0]
[force_row_wise: 1]
[histogram_pool_size: -1]
[max_depth: -1]
[min_data_in_leaf: 300]
[min_sum_hessian_in_leaf: 0.001]
[bagging_fraction: 0.8]
[pos_bagging_fraction: 1]
[neg_bagging_fraction: 1]
[bagging_freq: 1]
[bagging_seed: 17422]
[bagging_by_query: 0]
[feature_fraction: 0.8]
[feature_fraction_bynode: 1]
[feature_fraction_seed: 7040]
[extra_trees: 0]
[extra_seed: 6516]
[early_stopping_round: 0]
[early_stopping_min_delta: 0]
[first_metric_only: 0]
[max_delta_step: 0]
[lambda_l1: 0]
[lambda_l2: 2]
[linear_lambda: 0]
[min_gain_to_split: 0]
[drop_rate: 0.1]
[max_drop: 50]
[skip_drop: 0.5]
[xgboost_dart_mode: 0]
[uniform_drop: 0]
[drop_seed: 15215]
[top_rate: 0.2]
[other_rate: 0.1]
[min_data_per_group: 100]
[max_cat_threshold: 32]
[cat_l2: 10]
[cat_smooth: 10]
[max_cat_to_onehot: 4]
[top_k: 20]
[monotone_constraints: ]
[monotone_constraints_method: basic]
[monotone_penalty: 0]
[feature_contri: ]
[forcedsplits_filename: ]
[refit_decay_rate: 0.9]
[cegb_tradeoff: 1]
[cegb_penalty_split: 0]
[cegb_penalty_feature_lazy: ]
[cegb_penalty_feature_coupled: ]
[path_smooth: 0]
[interaction_constraints: ]
[verbosity: -1]
[saved_feature_importance_type: 0]
[use_quantized_grad: 0]
[num_grad_quant_bins: 4]
[quant_train_renew_leaf: 0]
[stochastic_rounding: 1]
[linear_tree: 0]
[max_bin: 255]
[max_bin_by_feature: ]
[min_data_in_bin: 3]
[bin_construct_sample_cnt: 200000]
[data_random_seed: 61]
[is_enable_sparse: 1]
[enable_bundle: 1]
[use_missing: 1]
[zero_as_missing: 0]
[feature_pre_filter: 1]
[pre_partition: 0]
[two_round: 0]
[header: 0]
[label_column: ]
[weight_column: ]
[group_column: ]
[ignore_column: ]
[categorical_feature: ]
[forcedbins_filename: ]
[precise_float_parser: 0]
[parser_config_file: ]
[objective_seed: 15521]
[num_class: 1]
[is_unbalance: 0]
[scale_pos_weight: 1]
[sigmoid: 1]
[boost_from_average: 1]
[reg_sqrt: 0]
[alpha: 0.9]
[fair_c: 1]
[poisson_max_delta_step: 0.7]
[tweedie_variance_power: 1.5]
[lambdarank_truncation_level: 30]
[lambdarank_norm: 1]
[label_gain: ]
[lambdarank_position_bias_regularization: 0]
[eval_at: ]
[multi_error_top_k: 1]
[auc_mu_weights: ]
[num_machines: 1]
[local_listen_port: 12400]
[time_out: 120]
[machine_list_filename: ]
[machines: ]
[gpu_platform_id: -1]
[gpu_device_id: -1]
[gpu_device_id_list: ]
[gpu_use_dp: 0]
[num_gpu: 1]

end of parameters

pandas_categorical:[]
