ts,style,rank,symbol,score,grade,chance_beats_market,risk_unit,price_at_idea,universe_size,status,outcome,net_ret,hours,baseline_ret,tp_pct,sl_pct,pre_ret,vol_surge,integrity_penalty,failed_checks,cost_rt,pool
2026-10-04 14:00:00+00:00,dex_day,1,robinhood:0x2e8c31162b855a2ffa90f6f8634643ad6f111e18,6.3,Moderate,0.6626,0.20226,0.107334454382352,60,closed,time_limit,0.0970466516039618,24.0,0.0141364595846279,0.4045248486639488,-0.2022624243319744,-0.2505458103723159,0.6458789141366705,0.05,lp,0.0262669146394627,0xc4a21f9d6485fc5893dd4a491b320a83daf4da1d
2026-10-04 14:00:00+00:00,dex_day,2,ethereum:0x9ac9468e7e3e1d194080827226b45d0b892c77fd,3.6,Avoid - watch only,0.48103,0.10402,0.0043306391846388,60,closed,time_limit,0.0442259497844163,24.0,0.0268256196841605,0.2080471132601165,-0.1040235566300582,-0.0558243516225029,0.7518530946078117,0.0,none,0.0135777545399301,0xbc7ce7b6b5437d7d715fbb1cc7b4ec12399c5516
2026-10-04 14:00:00+00:00,dex_day,3,ethereum:0x95ad61b0a150d79219dcf64e1e6cc01f0b64c4ce,1.8,Avoid - watch only,0.57352,0.04,5.67830361227559e-06,60,closed,time_limit,0.0242279206205192,24.0,0.0263510241729929,0.08,-0.04,-0.0107985904867451,0.1431295372732113,0.05,lp,0.0140523500510977,0x811beed0119b4afce20d2583eb608c6f7af1954f
2026-10-04 14:00:00+00:00,dex_day,4,robinhood:0x39dbed3a2bd333467115de45665cc57f813c4571,1.4,Avoid - watch only,0.3754,0.08184,0.388617508051537,60,closed,time_limit,-0.0198596254233575,24.0,0.028279774107728,0.1636817864676372,-0.0818408932338186,-0.0720880077597478,0.4469643815203201,0.05,lp,0.0121236001163626,0x486435a1f76cd58193f854c6e6213cd05fd58d637865d02065ff558b387fa6ea
2026-10-04 14:00:00+00:00,dex_day,5,ethereum:0x62d0a8458ed7719fdaf978fe5929c6d342b0bfce,1.3,Avoid - watch only,0.38098,0.20639,0.0026704822231177,60,closed,time_limit,-0.0718133662836675,24.0,0.0274308200418932,0.4127878349580294,-0.2063939174790147,0.2367560106257968,4.726467623688525,0.15,lp|holders,0.0129725541821974,0x180efc1349a69390ade25667487a826164c9c6e4
2026-10-04 14:00:00+00:00,dex_short,1,robinhood:0x2e8c31162b855a2ffa90f6f8634643ad6f111e18,2.5,Avoid - watch only,0.6451,0.08257,0.107334454382352,60,closed,time_limit,0.0144891641479212,4.0,-0.0374855626676281,0.1651465779172103,-0.082573288958605,-0.2505458103723159,0.6458789141366705,0.05,lp,0.0262669146394627,0xc4a21f9d6485fc5893dd4a491b320a83daf4da1d
2026-10-04 14:00:00+00:00,dex_short,2,ethereum:0x62d0a8458ed7719fdaf978fe5929c6d342b0bfce,1.4,Avoid - watch only,0.47916,0.08426,0.0026704822231177,60,closed,time_limit,-0.0369789914381784,4.0,-0.0241912022103628,0.1685199279458946,-0.0842599639729473,0.2367560106257968,4.726467623688525,0.15,lp|holders,0.0129725541821974,0x180efc1349a69390ade25667487a826164c9c6e4
2026-10-04 14:00:00+00:00,dex_short,3,ethereum:0x9ac9468e7e3e1d194080827226b45d0b892c77fd,1.3,Avoid - watch only,0.47356,0.04247,0.0043306391846388,60,closed,time_limit,-0.0247239375154661,4.0,-0.0247964025680955,0.0849348783243841,-0.042467439162192,-0.0558243516225029,0.7518530946078117,0.0,none,0.0135777545399301,0xbc7ce7b6b5437d7d715fbb1cc7b4ec12399c5516
2026-10-04 14:00:00+00:00,dex_short,4,robinhood:0x39dbed3a2bd333467115de45665cc57f813c4571,0.9,Avoid - watch only,0.49875,0.03341,0.388617508051537,60,closed,time_limit,-0.0210022772576802,4.0,-0.023342248144528,0.0668228095054839,-0.0334114047527419,-0.0720880077597478,0.4469643815203201,0.05,lp,0.0121236001163626,0x486435a1f76cd58193f854c6e6213cd05fd58d637865d02065ff558b387fa6ea
2026-10-04 14:00:00+00:00,dex_short,5,solana:JUPyiwrYJFskUPiHa7hkeR8VUtAeFoSYbKedZNsDvCN,0.2,Avoid - watch only,0.5128,0.02,0.328047794623789,60,closed,safety_exit,-0.0321026703950339,4.0,-0.0233213184231993,0.04,-0.02,0.0007592356682952,0.8403877865982452,0.12,metadata|holders,0.0121026703950339,C1MgLojNLWBKADvu9BHdtgzz1oZX4dZ5zGdGcgvvW8Wz
2026-10-04 16:00:00+00:00,dex_day,1,robinhood:0x2e8c31162b855a2ffa90f6f8634643ad6f111e18,4.8,Avoid - watch only,0.58536,0.19967,0.109151752726465,60,closed,time_limit,0.1419287361682572,24.0,0.0087766180212574,0.3993455194988913,-0.1996727597494456,-0.1379577259133273,0.7022404154700095,0.05,lp,0.0262806109810472,0xc4a21f9d6485fc5893dd4a491b320a83daf4da1d
2026-10-04 16:00:00+00:00,dex_day,2,ethereum:0x9ac9468e7e3e1d194080827226b45d0b892c77fd,3.7,Avoid - watch only,0.48736,0.10258,0.0042451191150437,60,closed,take_profit,0.1923193026201008,18.0,0.0222141841234884,0.205162347498917,-0.1025811737494585,-0.0675755070871559,0.7722487891609151,0.0,none,0.0128430448788162,0xbc7ce7b6b5437d7d715fbb1cc7b4ec12399c5516
2026-10-04 16:00:00+00:00,dex_day,3,ethereum:0xe0f63a424a4439cbe457d80e4f4b51ad25b2c56c,2.3,Avoid - watch only,0.52218,0.04208,0.444975758892149,60,closed,time_limit,-0.0020427153500866,24.0,0.0229393914267157,0.0841624071421573,-0.0420812035710786,0.0174845899976069,0.9231423315212228,0.0,none,0.0121178375755889,0x52c77b0cb827afbad022e6d6caf2c44452edbc39
2026-10-04 16:00:00+00:00,dex_day,4,ethereum:0x6982508145454ce325ddbe47a25d4ec3d2311933,1.6,Avoid - watch only,0.58882,0.04,4.29248296548564e-06,60,closed,time_limit,0.0134594792186405,24.0,0.0229580395830983,0.08,-0.04,-0.002057287921712,0.1956492525975599,0.15,lp|holders,0.0120991894192063,0xa43fe16908251ee70ef74718545e4fe6c5ccec9f
2026-10-04 16:00:00+00:00,dex_day,5,ethereum:0x95ad61b0a150d79219dcf64e1e6cc01f0b64c4ce,1.6,Avoid - watch only,0.53906,0.04,5.71617598278088e-06,60,closed,time_limit,0.0173726605353069,24.0,0.0217521134934792,0.08,-0.04,0.0003354070801488,0.1415541097999692,0.05,lp,0.0133051155088254,0x811beed0119b4afce20d2583eb608c6f7af1954f
2026-10-04 16:00:00+00:00,dex_short,1,ethereum:0x62d0a8458ed7719fdaf978fe5929c6d342b0bfce,1.8,Avoid - watch only,0.52279,0.08133,0.0026308803582836,60,closed,time_limit,-0.028243939765447,4.0,-0.0048905182854328,0.1626622246484799,-0.08133111232424,0.225890130371809,4.774005996423019,0.15,lp|holders,0.0122282806276565,0x180efc1349a69390ade25667487a826164c9c6e4
2026-10-04 16:00:00+00:00,dex_short,2,ethereum:0x9ac9468e7e3e1d194080827226b45d0b892c77fd,1.7,Avoid - watch only,0.51408,0.04188,0.0042451191150437,60,closed,time_limit,-0.0038438191219867,4.0,-0.0055052825365925,0.0837571776339858,-0.0418785888169928,-0.0675755070871559,0.7722487891609151,0.0,none,0.0128430448788162,0xbc7ce7b6b5437d7d715fbb1cc7b4ec12399c5516
2026-10-04 16:00:00+00:00,dex_short,3,robinhood:0x2e8c31162b855a2ffa90f6f8634643ad6f111e18,1.5,Avoid - watch only,0.55578,0.08152,0.109151752726465,60,closed,take_profit,0.1367515146587787,4.0,-0.0189428486388235,0.1630321256398259,-0.0815160628199128,-0.1379577259133273,0.7022404154700095,0.05,lp,0.0262806109810472,0xc4a21f9d6485fc5893dd4a491b320a83daf4da1d
2026-10-04 16:00:00+00:00,dex_short,4,robinhood:0x39dbed3a2bd333467115de45665cc57f813c4571,0.5,Avoid - watch only,0.40353,0.03408,0.396787364914299,60,closed,safety_exit,-0.0461990115698213,2.0,-0.0263940655687315,0.0681571417955813,-0.0340785708977907,-0.0282306434818564,0.4225523037263424,0.05,lp,0.0121204406720306,0x486435a1f76cd58193f854c6e6213cd05fd58d637865d02065ff558b387fa6ea
2026-10-04 16:00:00+00:00,dex_short,5,ethereum:0x6982508145454ce325ddbe47a25d4ec3d2311933,0.2,Avoid - watch only,0.5276,0.02,4.29248296548564e-06,60,closed,time_limit,-0.0121938384143699,4.0,-0.0047614270769826,0.04,-0.0200000000000001,-0.002057287921712,0.1956492525975599,0.15,lp|holders,0.0120991894192063,0xa43fe16908251ee70ef74718545e4fe6c5ccec9f
2026-10-04 19:00:00+00:00,dex_day,1,ethereum:0x4e67db19044549ff420860834c91b45bad298722,7.0,Strong,0.63734,0.3,0.0300890237772624,79,closed,time_limit,-0.029578961068645,24.0,-0.0240664010211561,0.6000000000000001,-0.3,0.0799613084799188,0.5600420719576632,0.05,lp,0.0128667125942297,0xf884f15815c943e08daebb0c8945d5b27cc7bfa4ed2880be1195048a9aad9f74
2026-10-04 19:00:00+00:00,dex_day,2,ethereum:0x75e2fc69ff2ac12af65ba7d321bbf4f878c535d2,3.9,Avoid - watch only,0.47483,0.3,0.0057491037397459,79,closed,time_limit,0.0914904076625224,24.0,-0.0247581756924195,0.6000000000000001,-0.2999999999999999,-0.1619030085370036,0.5439892196483309,0.05,lp,0.0135584872654931,0x870d82eacef699418a83bbfec2500b2150673525690a165f5cefb9f81d3ce87a
2026-10-04 19:00:00+00:00,dex_day,3,ethereum:0x8ed97a637a790be1feff5e888d43629dc05408f6,3.8,Avoid - watch only,0.70778,0.04002,0.0217083303493443,79,closed,safety_exit,-0.0523831437267239,19.0,0.0317867267441882,0.0800482054963289,-0.0400241027481644,0.0053416575618121,0.2716682492109967,0.1,holders,0.0123590409785595,0x69c7bd26512f52bf6f76fab834140d13dda673ca
2026-10-04 19:00:00+00:00,dex_day,4,ethereum:0x9ac9468e7e3e1d194080827226b45d0b892c77fd,3.8,Avoid - watch only,0.49612,0.09684,0.0042857257723053,79,closed,take_profit,0.1806427561105656,15.0,0.0311093440716967,0.1936791797616166,-0.0968395898808083,-0.04686096155715,0.732822994095385,0.0,none,0.013036423651051,0xbc7ce7b6b5437d7d715fbb1cc7b4ec12399c5516
2026-10-04 19:00:00+00:00,dex_day,5,robinhood:0xf8bc08092c06db6148114dcf82af881f1085f92b,3.0,Avoid - watch only,0.53399,0.08928,0.0052203337989917,79,closed,time_limit,-0.0592460259996355,24.0,-0.0339157494080044,0.178561284820603,-0.0892806424103015,0.118813233408713,0.6140556643935315,0.1,holders,0.0128402810534332,0xbf3bb81de6285b8310a028d1c2cd38f9419d54c1
2026-10-04 19:00:00+00:00,dex_short,1,ethereum:0x4e67db19044549ff420860834c91b45bad298722,3.5,Avoid - watch only,0.5027,0.15,0.0300890237772624,79,closed,time_limit,0.1629492342331888,4.0,0.0121770162841878,0.3,-0.15,0.0799613084799188,0.5600420719576632,0.05,lp,0.0128667125942297,0xf884f15815c943e08daebb0c8945d5b27cc7bfa4ed2880be1195048a9aad9f74
2026-10-04 19:00:00+00:00,dex_short,2,ethereum:0x75e2fc69ff2ac12af65ba7d321bbf4f878c535d2,3.5,Avoid - watch only,0.50654,0.15,0.0057491037397459,79,closed,time_limit,0.0961983816899933,4.0,0.0114852416129244,0.3,-0.15,-0.1619030085370036,0.5439892196483309,0.05,lp,0.0135584872654931,0x870d82eacef699418a83bbfec2500b2150673525690a165f5cefb9f81d3ce87a
2026-10-04 19:00:00+00:00,dex_short,3,robinhood:0x5d102d1e69e77591d486aa4f663b3645151bbdf6,2.1,Avoid - watch only,0.40822,0.08927,0.0100000196473289,79,closed,time_limit,0.075005235921851,4.0,0.0118672756694134,0.1785428936515152,-0.0892714468257576,-0.2095217269882248,1.2392886086876735,0.0,none,0.0131764532090041,0x02d356acd227e12a9573f0499f133c6e3b0af1c9
2026-10-04 19:00:00+00:00,dex_short,4,ethereum:0x62d0a8458ed7719fdaf978fe5929c6d342b0bfce,1.9,Avoid - watch only,0.53929,0.07692,0.0025758323057045,79,closed,time_limit,-0.0220227656028797,4.0,0.0126169938008863,0.1538357586310041,-0.076917879315502,0.1948145644560543,4.844195549981225,0.15,lp|holders,0.0124267350775312,0x180efc1349a69390ade25667487a826164c9c6e4
2026-10-04 19:00:00+00:00,dex_short,5,ethereum:0x9ac9468e7e3e1d194080827226b45d0b892c77fd,1.4,Avoid - watch only,0.49778,0.03953,0.0042857257723053,79,closed,time_limit,0.0031887759803816,4.0,0.0120073052273665,0.0790691940361232,-0.0395345970180616,-0.04686096155715,0.732822994095385,0.0,none,0.013036423651051,0xbc7ce7b6b5437d7d715fbb1cc7b4ec12399c5516
2026-10-04 22:00:00+00:00,dex_day,1,robinhood:0x20024e485c0b22b42855589700721b28320a7777,3.5,Avoid - watch only,0.45191,0.3,0.005414640305722,79,closed,time_limit,-0.1155103033946364,24.0,-0.0716712622507822,0.6000000000000001,-0.3,0.1183664413498766,1.1191537470613695,0.05,lp,0.0130514902649034,0x126a9f6ee2e4be592c3520579ba9b48327a3d5e0
2026-10-04 22:00:00+00:00,dex_day,2,ethereum:0x75e2fc69ff2ac12af65ba7d321bbf4f878c535d2,3.4,Avoid - watch only,0.44546,0.3,0.0066599631358471,79,closed,safety_exit,-0.3135228616543808,23.0,-0.148556151524043,0.6000000000000003,-0.3000000000000001,0.0631964949946519,0.5224855355910613,0.05,lp,0.0135228616543807,0x870d82eacef699418a83bbfec2500b2150673525690a165f5cefb9f81d3ce87a
2026-10-04 22:00:00+00:00,dex_day,3,ethereum:0x8ed97a637a790be1feff5e888d43629dc05408f6,3.0,Avoid - watch only,0.63998,0.04396,0.0217656635367135,79,closed,safety_exit,-0.0563572928680159,16.0,0.0159498193329801,0.0879263439142719,-0.0439631719571358,0.0018112427620993,0.4237579014236575,0.1,holders,0.0123941209108801,0x69c7bd26512f52bf6f76fab834140d13dda673ca
2026-10-04 22:00:00+00:00,dex_day,4,robinhood:0x2e8c31162b855a2ffa90f6f8634643ad6f111e18,2.4,Avoid - watch only,0.44524,0.20473,0.125854329773536,79,closed,time_limit,-0.1267797853411051,24.0,-0.0848414834209071,0.4094612228459886,-0.207814302619532,-0.0890386899136035,0.9813784048780216,0.05,lp,0.0262217114350283,0xc4a21f9d6485fc5893dd4a491b320a83daf4da1d
2026-10-04 22:00:00+00:00,dex_day,5,robinhood:0xf8bc08092c06db6148114dcf82af881f1085f92b,2.2,Avoid - watch only,0.47727,0.09133,0.0051101299499238,79,closed,time_limit,-0.0613878040093686,24.0,-0.0466208332981552,0.1826685739663629,-0.0913342869831814,0.1087650913650239,0.5958094298403835,0.1,holders,0.0128446952361257,0xbf3bb81de6285b8310a028d1c2cd38f9419d54c1
2026-10-04 22:00:00+00:00,dex_short,1,ethereum:0x75e2fc69ff2ac12af65ba7d321bbf4f878c535d2,2.7,Avoid - watch only,0.44974,0.15,0.0066599631358471,79,closed,safety_exit,-0.1635228616543807,2.0,-0.1635228616543807,0.3,-0.15,0.0631964949946519,0.5224855355910613,0.05,lp,0.0135228616543807,0x870d82eacef699418a83bbfec2500b2150673525690a165f5cefb9f81d3ce87a
2026-10-04 22:00:00+00:00,dex_short,2,solana:HKZDfZnkHZxd9agRDNPyDv4iT6LmAurJnpRtj9wpump,2.5,Avoid - watch only,0.5641,0.15,0.0056339648661949,79,closed,safety_exit,-0.1620325888235889,2.0,-0.1620325888235889,0.3,-0.15,0.2525912800498311,6.251749561301565,0.2,churn|boosted,0.0120325888235889,867dKvaCcyRrUDP66bqNXbujXfjaxsNB9wTpc4CmBdAD
2026-10-04 22:00:00+00:00,dex_short,3,robinhood:0x20024e485c0b22b42855589700721b28320a7777,1.7,Avoid - watch only,0.37146,0.12976,0.005414640305722,79,closed,time_limit,0.1404272360671824,4.0,-0.0251101267658299,0.2595196635672463,-0.1297598317836231,0.1183664413498766,1.1191537470613695,0.05,lp,0.0130514902649034,0x126a9f6ee2e4be592c3520579ba9b48327a3d5e0
2026-10-04 22:00:00+00:00,dex_short,4,robinhood:0x5d102d1e69e77591d486aa4f663b3645151bbdf6,1.5,Avoid - watch only,0.34895,0.08908,0.0107766601597125,79,closed,time_limit,-0.0391064788493474,4.0,-0.0251776396896449,0.1781661575184128,-0.0890830787592065,-0.0953850549491779,1.2297147045809051,0.0,none,0.0131190031887184,0x02d356acd227e12a9573f0499f133c6e3b0af1c9
2026-10-04 22:00:00+00:00,dex_short,5,ethereum:0x62d0a8458ed7719fdaf978fe5929c6d342b0bfce,1.3,Avoid - watch only,0.48197,0.07303,0.0025444792134722,79,closed,time_limit,-0.042167461435653,4.0,-0.024520888360811,0.146062090892439,-0.0730310454462195,0.1771797593656989,4.877212173074264,0.15,lp|holders,0.0124622518598845,0x180efc1349a69390ade25667487a826164c9c6e4
2026-10-05 01:00:00+00:00,dex_day,1,ethereum:0x75e2fc69ff2ac12af65ba7d321bbf4f878c535d2,5.4,Weak,0.55194,0.3,0.0053584950249592,79,closed,time_limit,-0.1411847158893427,24.0,-0.0705065262254994,0.6000000000000001,-0.3,-0.4414906190574932,0.425051938825823,0.05,lp,0.0131272638373495,0x870d82eacef699418a83bbfec2500b2150673525690a165f5cefb9f81d3ce87a
2026-10-05 01:00:00+00:00,dex_day,2,robinhood:0x20024e485c0b22b42855589700721b28320a7777,4.0,Avoid - watch only,0.47778,0.3,0.0060967134749613,79,closed,time_limit,-0.2210874993414713,24.0,-0.0703659819730012,0.6000000000000001,-0.3,0.2564077954850612,1.3312605493441596,0.05,lp,0.0129867195848513,0x126a9f6ee2e4be592c3520579ba9b48327a3d5e0
2026-10-05 01:00:00+00:00,dex_day,3,ethereum:0xe0f63a424a4439cbe457d80e4f4b51ad25b2c56c,2.6,Avoid - watch only,0.55169,0.04,0.444284697035539,79,closed,time_limit,0.0006847749179624,24.0,-0.06924603453248,0.08,-0.04,0.0013146738152269,0.963844833861288,0.0,none,0.0118667721443301,0x52c77b0cb827afbad022e6d6caf2c44452edbc39
2026-10-05 01:00:00+00:00,dex_day,4,ethereum:0x8ed97a637a790be1feff5e888d43629dc05408f6,2.4,Avoid - watch only,0.60442,0.04205,0.021546848265848,79,closed,safety_exit,-0.0539637160681368,14.0,0.0143318423817181,0.0841059072738956,-0.0420529536369478,-0.0138322268601771,0.508347704610327,0.1,holders,0.011910762431189,0x69c7bd26512f52bf6f76fab834140d13dda673ca
2026-10-05 01:00:00+00:00,dex_day,5,robinhood:0xf8bc08092c06db6148114dcf82af881f1085f92b,2.2,Avoid - watch only,0.4875,0.08595,0.0051377073837712,79,closed,time_limit,-0.0554810725138247,24.0,-0.0324708760291297,0.1719099694070223,-0.0859549847035111,0.1065527014062279,0.5699730081142002,0.1,holders,0.0128417712861404,0xbf3bb81de6285b8310a028d1c2cd38f9419d54c1
2026-10-05 01:00:00+00:00,dex_short,1,ethereum:0x75e2fc69ff2ac12af65ba7d321bbf4f878c535d2,4.3,Avoid - watch only,0.55931,0.15,0.0053584950249592,79,closed,time_limit,0.130208545055403,4.0,-0.02272885348993,0.3,-0.15,-0.4414906190574932,0.425051938825823,0.05,lp,0.0131272638373495,0x870d82eacef699418a83bbfec2500b2150673525690a165f5cefb9f81d3ce87a
2026-10-05 01:00:00+00:00,dex_short,2,robinhood:0x20024e485c0b22b42855589700721b28320a7777,2.0,Avoid - watch only,0.40269,0.12462,0.0060967134749613,79,closed,time_limit,-0.1088785190340596,4.0,-0.0225883092374318,0.2492447009859186,-0.1246223504929593,0.2564077954850612,1.3312605493441596,0.05,lp,0.0129867195848513,0x126a9f6ee2e4be592c3520579ba9b48327a3d5e0
2026-10-05 01:00:00+00:00,dex_short,3,ethereum:0x62d0a8458ed7719fdaf978fe5929c6d342b0bfce,1.4,Avoid - watch only,0.49831,0.06942,0.0024811394757157,79,closed,time_limit,-0.0021559642737905,4.0,-0.0215822658668264,0.1388428444848977,-0.0694214222424488,0.1523406303423602,4.9282639993537645,0.15,lp|holders,0.0119806762142459,0x180efc1349a69390ade25667487a826164c9c6e4
2026-10-05 01:00:00+00:00,dex_short,4,robinhood:0x5d102d1e69e77591d486aa4f663b3645151bbdf6,1.3,Avoid - watch only,0.32936,0.08389,0.0108387772363608,79,closed,time_limit,-0.0902516958196423,4.0,-0.0227197927006431,0.1677894173546996,-0.0838947086773498,-0.1398097411720371,1.1744462593098004,0.0,none,0.0131182030480626,0x02d356acd227e12a9573f0499f133c6e3b0af1c9
2026-10-05 01:00:00+00:00,dex_short,5,ethereum:0x9ac9468e7e3e1d194080827226b45d0b892c77fd,0.9,Avoid - watch only,0.44038,0.03595,0.0042977219169872,79,closed,time_limit,-0.0120640682463791,4.0,-0.0221863315361544,0.0719006194931801,-0.03595030974659,0.065746265698193,0.4426653447320017,0.0,none,0.0125847418835739,0xbc7ce7b6b5437d7d715fbb1cc7b4ec12399c5516
2026-10-05 08:00:00+00:00,dex_day,1,ethereum:0x1abaea1f7c830bd89acc67ec4af516284b1bc33c,4.5,Avoid - watch only,0.68609,0.04,1.12093878685561,77,closed,time_limit,-0.0052833586469437,24.0,-0.0249141085957469,0.08,-0.0400000000000001,-0.0023500449391733,1.2462735866556287,0.15,lp|holders,0.0071401695868779,0xb2b92b56988a4edbe255989792c6ea239b25eaf66b42093145cbf8f630db3a17
2026-10-05 08:00:00+00:00,dex_day,2,ethereum:0x8ed97a637a790be1feff5e888d43629dc05408f6,2.5,Avoid - watch only,0.59394,0.047,0.0213306364505005,77,closed,safety_exit,-0.0590816146832841,16.0,-0.1252024847969719,0.0940015791703954,-0.0470007895851977,-0.0286119269096287,0.6944996767641555,0.1,holders,0.0120808250980864,0x69c7bd26512f52bf6f76fab834140d13dda673ca
2026-10-05 08:00:00+00:00,dex_day,3,robinhood:0x39dbed3a2bd333467115de45665cc57f813c4571,2.2,Avoid - watch only,0.42493,0.09926,0.397155273822787,77,closed,time_limit,-0.0310686169882474,24.0,-0.0299001675574181,0.1985162440515848,-0.0992581220257924,-0.0521316348325573,0.5079687658253572,0.05,lp,0.0121262285485491,0x486435a1f76cd58193f854c6e6213cd05fd58d637865d02065ff558b387fa6ea
2026-10-05 08:00:00+00:00,dex_day,4,robinhood:0x20024e485c0b22b42855589700721b28320a7777,2.2,Avoid - watch only,0.47857,0.3,0.0047896367871459,77,closed,time_limit,-0.2035138255681531,24.0,-0.0308842886332161,0.6000000000000001,-0.3,0.3053632388860769,1.1851870702835112,0.05,lp,0.0131103496243471,0x126a9f6ee2e4be592c3520579ba9b48327a3d5e0
2026-10-05 08:00:00+00:00,dex_day,5,robinhood:0xf8bc08092c06db6148114dcf82af881f1085f92b,1.7,Avoid - watch only,0.4395,0.08736,0.0053258333132423,77,closed,time_limit,-0.047828162771994,24.0,-0.0401058688883219,0.1747186854795626,-0.0873593427397813,0.1260778651948824,0.4869113250138759,0.1,holders,0.0128094287349694,0xbf3bb81de6285b8310a028d1c2cd38f9419d54c1
2026-10-05 08:00:00+00:00,dex_short,1,robinhood:0x20024e485c0b22b42855589700721b28320a7777,2.4,Avoid - watch only,0.58115,0.12337,0.0047896367871459,77,closed,time_limit,0.0288664640208483,4.0,-0.0142094807240232,0.2467484268497211,-0.1233742134248605,0.3053632388860769,1.1851870702835112,0.05,lp,0.0131103496243471,0x126a9f6ee2e4be592c3520579ba9b48327a3d5e0
2026-10-05 08:00:00+00:00,dex_short,2,robinhood:0x5d102d1e69e77591d486aa4f663b3645151bbdf6,1.5,Avoid - watch only,0.36777,0.07563,0.0103327134199083,77,closed,safety_exit,-0.0887827211893441,3.0,-0.0142511454243558,0.1512614137293291,-0.0756307068646645,-0.0847441522710275,0.783444542662182,0.0,none,0.0131520143246797,0x02d356acd227e12a9573f0499f133c6e3b0af1c9
2026-10-05 08:00:00+00:00,dex_short,3,ethereum:0x62d0a8458ed7719fdaf978fe5929c6d342b0bfce,0.7,Avoid - watch only,0.40993,0.06225,0.0025423659557078,77,closed,time_limit,-0.0015581113924634,4.0,-0.0132465509142642,0.1245052103722399,-0.0622526051861199,-0.1607183763062787,3.8549222959589753,0.15,lp|holders,0.0121474198145881,0x180efc1349a69390ade25667487a826164c9c6e4
2026-10-05 08:00:00+00:00,dex_short,4,robinhood:0x39dbed3a2bd333467115de45665cc57f813c4571,0.6,Avoid - watch only,0.38899,0.04052,0.397155273822787,77,closed,time_limit,-0.0076027586477574,4.0,-0.0132253596482252,0.0810439172633665,-0.0405219586316832,-0.0521316348325573,0.5079687658253572,0.05,lp,0.0121262285485491,0x486435a1f76cd58193f854c6e6213cd05fd58d637865d02065ff558b387fa6ea
2026-10-05 08:00:00+00:00,dex_short,5,robinhood:0xf8bc08092c06db6148114dcf82af881f1085f92b,0.6,Avoid - watch only,0.47835,0.03566,0.0053258333132423,77,closed,time_limit,0.0460599264939034,4.0,-0.0139085598346455,0.0713286046591248,-0.0356643023295624,0.1260778651948824,0.4869113250138759,0.1,holders,0.0128094287349694,0xbf3bb81de6285b8310a028d1c2cd38f9419d54c1
2026-10-05 16:00:00+00:00,dex_day,5,robinhood:0xf8bc08092c06db6148114dcf82af881f1085f92b,1.5,Avoid - watch only,0.42841,0.12448,0.0053090957876045,81,closed,time_limit,-0.0335146131232568,24.0,-0.0281914559393736,0.2489588349516924,-0.1244794174758462,0.0827827346822847,0.4454997160432864,0.1,holders,0.0160480346668204,0xbf3bb81de6285b8310a028d1c2cd38f9419d54c1
2026-10-05 16:00:00+00:00,dex_short,3,robinhood:0xf8bc08092c06db6148114dcf82af881f1085f92b,0.8,Avoid - watch only,0.47827,0.05082,0.0053090957876045,81,closed,time_limit,-0.0592522025674154,4.0,-0.020830259106191,0.1016370187649033,-0.0508185093824516,0.0827827346822847,0.4454997160432864,0.1,holders,0.0160480346668204,0xbf3bb81de6285b8310a028d1c2cd38f9419d54c1
2026-10-05 17:00:00+00:00,dex_day,1,robinhood:0x5d102d1e69e77591d486aa4f663b3645151bbdf6,2.6,Avoid - watch only,0.41142,0.17155,0.0097948960161148,81,closed,time_limit,-0.085568518105689,24.0,-0.03040764348328,0.3430923360371558,-0.1715461680185779,0.0152734569759136,0.8416181733685761,0.0,none,0.0163991207055335,0x02d356acd227e12a9573f0499f133c6e3b0af1c9
2026-10-05 17:00:00+00:00,dex_day,2,robinhood:0x20024e485c0b22b42855589700721b28320a7777,2.2,Avoid - watch only,0.39604,0.28156,0.0050438602405492,81,closed,safety_exit,-0.2978301241690467,14.0,-0.0571895062604726,0.5631100680945647,-0.2815550340472823,0.0968485731498161,0.9434030913164824,0.05,lp,0.0162750901217644,0x126a9f6ee2e4be592c3520579ba9b48327a3d5e0
2026-10-05 17:00:00+00:00,dex_day,3,robinhood:0x39dbed3a2bd333467115de45665cc57f813c4571,1.5,Avoid - watch only,0.42734,0.08777,0.373442142250053,81,closed,time_limit,0.105231459282771,24.0,-0.0293583093032333,0.17553377776345,-0.087766888881725,-0.0415923642940614,0.4449654526562469,0.05,lp,0.0153497865254868,0x486435a1f76cd58193f854c6e6213cd05fd58d637865d02065ff558b387fa6ea
2026-10-05 17:00:00+00:00,dex_day,3,robinhood:0xaa07a0e9209e16ac99708c3ec70159c6ef3128a3,3.3,Avoid - watch only,0.45727,0.21995,0.0806491833589394,81,closed,safety_exit,-0.245326378788105,10.0,-0.168026273100155,0.4399000211931203,-0.21995001059656,-0.1455275087304683,0.6024235520183765,0.15,lp|holders,0.0253763681915451,0xea9f200e13055b82f175f44f592c4c13dd8c9d9320a66487d3c5cd90d68550ef
2026-10-05 17:00:00+00:00,dex_day,4,robinhood:0x2e8c31162b855a2ffa90f6f8634643ad6f111e18,1.5,Avoid - watch only,0.40719,0.19571,0.131809848125953,81,closed,safety_exit,-0.2252650401925595,12.0,-0.1631599377425934,0.3914194829585449,-0.1957097414792724,0.1690238085709179,0.690676438909528,0.05,lp,0.0295552987132872,0xc4a21f9d6485fc5893dd4a491b320a83daf4da1d
2026-10-05 17:00:00+00:00,dex_short,1,robinhood:0x20024e485c0b22b42855589700721b28320a7777,1.8,Avoid - watch only,0.42885,0.11494,0.0050438602405492,81,closed,time_limit,-0.0235653212931807,4.0,-0.0267909865380247,0.2298887226425954,-0.1149443613212977,0.0968485731498161,0.9434030913164824,0.05,lp,0.0162750901217644,0x126a9f6ee2e4be592c3520579ba9b48327a3d5e0
2026-10-05 17:00:00+00:00,dex_short,2,robinhood:0x5d102d1e69e77591d486aa4f663b3645151bbdf6,1.2,Avoid - watch only,0.38681,0.07003,0.0097948960161148,81,closed,time_limit,0.0165727856558001,4.0,-0.0269150171217938,0.1400668596584222,-0.0700334298292111,0.0152734569759136,0.8416181733685761,0.0,none,0.0163991207055335,0x02d356acd227e12a9573f0499f133c6e3b0af1c9
2026-10-05 17:00:00+00:00,dex_short,3,robinhood:0xaa07a0e9209e16ac99708c3ec70159c6ef3128a3,0.8,Avoid - watch only,0.46255,0.08979,0.0806491833589394,81,closed,safety_exit,-0.1151705840050993,2.0,-0.1102225499877712,0.1795884316271085,-0.0897942158135542,-0.1455275087304683,0.6024235520183765,0.15,lp|holders,0.0253763681915451,0xea9f200e13055b82f175f44f592c4c13dd8c9d9320a66487d3c5cd90d68550ef
2026-10-05 17:00:00+00:00,dex_short,4,robinhood:0x39dbed3a2bd333467115de45665cc57f813c4571,0.3,Avoid - watch only,0.4123,0.03583,0.373442142250053,81,closed,time_limit,0.0409911928368069,4.0,-0.0258656829417471,0.0716613646905921,-0.035830682345296,-0.0415923642940614,0.4449654526562469,0.05,lp,0.0153497865254868,0x486435a1f76cd58193f854c6e6213cd05fd58d637865d02065ff558b387fa6ea
2026-10-05 17:00:00+00:00,dex_short,5,ethereum:0x62d0a8458ed7719fdaf978fe5929c6d342b0bfce,0.3,Avoid - watch only,0.41006,0.0555,0.002508290325134,81,closed,time_limit,0.0012361391291074,4.0,-0.0290107665415765,0.110998933504937,-0.0554994667524685,-0.038014461931211,1.558861495636385,0.15,lp|holders,0.0184948701253162,0x180efc1349a69390ade25667487a826164c9c6e4
2026-10-05 17:00:00+00:00,dex_short,5,robinhood:0x2e8c31162b855a2ffa90f6f8634643ad6f111e18,0.4,Avoid - watch only,0.34687,0.0799,0.131809848125953,81,closed,safety_exit,-0.1094551672080711,2.0,-0.1144031816182596,0.1597963347720752,-0.0798981673860376,0.1690238085709179,0.690676438909528,0.05,lp,0.0295569998220335,0xc4a21f9d6485fc5893dd4a491b320a83daf4da1d
2026-10-05 20:00:00+00:00,dex_day,1,robinhood:0x20024e485c0b22b42855589700721b28320a7777,4.8,Avoid - watch only,0.39483,0.26953,0.0051974013723471,81,closed,safety_exit,-0.2858120632509588,11.0,-0.1330441103018803,0.5361522861172368,-0.2695253125689785,-0.0215495013930393,0.7649414539484304,0.05,lp,0.0162867506819804,0x126a9f6ee2e4be592c3520579ba9b48327a3d5e0
2026-10-05 20:00:00+00:00,dex_day,2,robinhood:0x5d102d1e69e77591d486aa4f663b3645151bbdf6,4.0,Avoid - watch only,0.40107,0.16266,0.0101449045356018,81,closed,safety_exit,-0.1810304362566749,16.0,-0.0861297165845794,0.3253140504012508,-0.1646545346720416,0.0068675279769472,0.8560997434689684,0.0,none,0.0163759015846333,0x02d356acd227e12a9573f0499f133c6e3b0af1c9
2026-10-05 20:00:00+00:00,dex_day,3,robinhood:0x2e8c31162b855a2ffa90f6f8634643ad6f111e18,3.2,Avoid - watch only,0.40491,0.20392,0.117288132177647,81,closed,time_limit,-0.0921921090595339,24.0,-0.0755217406696704,0.4078485543138728,-0.2039242771569364,-0.0855446317486019,0.5181204197415242,0.05,lp,0.0294928517678339,0xc4a21f9d6485fc5893dd4a491b320a83daf4da1d
2026-10-05 20:00:00+00:00,dex_day,4,robinhood:0xf8bc08092c06db6148114dcf82af881f1085f92b,2.1,Avoid - watch only,0.42327,0.1201,0.0052442388136959,81,closed,time_limit,-0.0645120041505277,24.0,-0.0736414380826968,0.2401992053818502,-0.1200996026909251,0.0752742765848859,0.4242454509639366,0.1,holders,0.0160480071822642,0xbf3bb81de6285b8310a028d1c2cd38f9419d54c1
2026-10-05 20:00:00+00:00,dex_day,5,robinhood:0x39dbed3a2bd333467115de45665cc57f813c4571,1.8,Avoid - watch only,0.42091,0.08901,0.376495748581744,81,closed,time_limit,0.0595905503880818,24.0,-0.0613804980449212,0.1780109340223712,-0.0890054670111855,-0.0525321056004403,0.4432559483183563,0.05,lp,0.0153516091430847,0x486435a1f76cd58193f854c6e6213cd05fd58d637865d02065ff558b387fa6ea
2026-10-05 20:00:00+00:00,dex_short,1,robinhood:0x20024e485c0b22b42855589700721b28320a7777,1.5,Avoid - watch only,0.33753,0.11003,0.0051974013723471,81,closed,safety_exit,-0.1263199987750042,3.0,-0.1193079977809837,0.2200664961860476,-0.1100332480930238,-0.0215495013930393,0.7649414539484304,0.05,lp,0.0162867506819804,0x126a9f6ee2e4be592c3520579ba9b48327a3d5e0
2026-10-05 20:00:00+00:00,dex_short,2,robinhood:0x5d102d1e69e77591d486aa4f663b3645151bbdf6,0.8,Avoid - watch only,0.34547,0.0664,0.0101449045356018,81,closed,time_limit,-0.0415634366003181,4.0,-0.0473209280212013,0.1328089049401857,-0.0664044524700928,0.0068675279769472,0.8560997434689684,0.0,none,0.0163759015846333,0x02d356acd227e12a9573f0499f133c6e3b0af1c9
2026-10-05 20:00:00+00:00,dex_short,3,robinhood:0x2e8c31162b855a2ffa90f6f8634643ad6f111e18,0.6,Avoid - watch only,0.41399,0.08325,0.117288132177647,81,closed,time_limit,-0.0629868703448246,4.0,-0.0604378782044019,0.1665034750667966,-0.0832517375333983,-0.0855446317486019,0.5181204197415242,0.05,lp,0.0294928517678339,0xc4a21f9d6485fc5893dd4a491b320a83daf4da1d
2026-10-05 20:00:00+00:00,dex_short,4,robinhood:0xf8bc08092c06db6148114dcf82af881f1085f92b,0.5,Avoid - watch only,0.47561,0.04903,0.0052442388136959,81,closed,safety_exit,-0.0650784646662236,3.0,-0.1190692542812675,0.0980609149679185,-0.0490304574839594,0.0752742765848859,0.4242454509639366,0.1,holders,0.0160480071822642,0xbf3bb81de6285b8310a028d1c2cd38f9419d54c1
2026-10-05 20:00:00+00:00,dex_short,5,robinhood:0x39dbed3a2bd333467115de45665cc57f813c4571,0.2,Avoid - watch only,0.38954,0.03634,0.376495748581744,81,closed,time_limit,-0.0016185595192789,4.0,-0.0462966355796527,0.0726726594985085,-0.0394378954810294,-0.0525321056004403,0.4432559483183563,0.05,lp,0.0153516091430847,0x486435a1f76cd58193f854c6e6213cd05fd58d637865d02065ff558b387fa6ea
2026-10-05 21:00:00+00:00,dex_day,1,robinhood:0x20024e485c0b22b42855589700721b28320a7777,4.4,Avoid - watch only,0.4031,0.26657,0.0050070893333992,81,closed,safety_exit,-0.2828778290609641,10.0,-0.1695923544775202,0.5331418835076964,-0.2665709417538482,-0.0985223171080509,0.7494883884502449,0.05,lp,0.0163068873071159,0x126a9f6ee2e4be592c3520579ba9b48327a3d5e0
2026-10-05 21:00:00+00:00,dex_day,2,robinhood:0x5d102d1e69e77591d486aa4f663b3645151bbdf6,3.6,Avoid - watch only,0.40397,0.15932,0.0101178524103772,81,closed,safety_exit,-0.1787949290784094,15.0,-0.0914003954721203,0.3186479842874214,-0.162421069583079,0.00962068208303,0.8365805081561534,0.0,none,0.0163738594953304,0x02d356acd227e12a9573f0499f133c6e3b0af1c9
2026-10-05 21:00:00+00:00,dex_day,3,robinhood:0x2e8c31162b855a2ffa90f6f8634643ad6f111e18,2.9,Avoid - watch only,0.41054,0.20104,0.114325737758142,81,closed,time_limit,-0.08483828472084,24.0,-0.0765920630126361,0.4020827742393185,-0.2010413871196592,-0.1025351630887665,0.4160743601376885,0.05,lp,0.029514676845053,0xc4a21f9d6485fc5893dd4a491b320a83daf4da1d
2026-10-05 21:00:00+00:00,dex_day,4,robinhood:0x39dbed3a2bd333467115de45665cc57f813c4571,2.0,Avoid - watch only,0.42815,0.0996,0.394482238279574,81,closed,time_limit,0.0011072698826557,24.0,-0.0624292494531498,0.1992066662040048,-0.0996033331020024,0.0075233989291382,0.5014175405295909,0.05,lp,0.0153518632855667,0x486435a1f76cd58193f854c6e6213cd05fd58d637865d02065ff558b387fa6ea
2026-10-05 21:00:00+00:00,dex_day,5,robinhood:0xf8bc08092c06db6148114dcf82af881f1085f92b,1.8,Avoid - watch only,0.4144,0.11781,0.0052861435321529,81,closed,time_limit,-0.0670698300410561,24.0,-0.0679356981789343,0.2356127647796992,-0.1178063823898496,0.0059108699359358,0.3685771367032288,0.1,holders,0.0160609950917977,0xbf3bb81de6285b8310a028d1c2cd38f9419d54c1
2026-10-05 21:00:00+00:00,dex_short,1,robinhood:0x20024e485c0b22b42855589700721b28320a7777,1.7,Avoid - watch only,0.37405,0.10883,0.0050070893333992,81,closed,time_limit,-0.0520775066438584,4.0,-0.040569019772009,0.217654262516701,-0.1088271312583505,-0.0985223171080509,0.7494883884502449,0.05,lp,0.0163068873071159,0x126a9f6ee2e4be592c3520579ba9b48327a3d5e0
2026-10-05 21:00:00+00:00,dex_short,2,robinhood:0x5d102d1e69e77591d486aa4f663b3645151bbdf6,0.9,Avoid - watch only,0.38018,0.06504,0.0101178524103772,81,closed,time_limit,-0.0552750783816795,4.0,-0.0406359919602235,0.1300874948450956,-0.0650437474225479,0.00962068208303,0.8365805081561534,0.0,none,0.0163738594953304,0x02d356acd227e12a9573f0499f133c6e3b0af1c9
2026-10-05 21:00:00+00:00,dex_short,3,robinhood:0x2e8c31162b855a2ffa90f6f8634643ad6f111e18,0.7,Avoid - watch only,0.45688,0.08207,0.114325737758142,81,closed,time_limit,-0.0106196052794605,4.0,-0.0537768093099461,0.1641496052081692,-0.0820748026040846,-0.1025351630887665,0.4160743601376885,0.05,lp,0.029514676845053,0xc4a21f9d6485fc5893dd4a491b320a83daf4da1d
2026-10-05 21:00:00+00:00,dex_short,4,robinhood:0xf8bc08092c06db6148114dcf82af881f1085f92b,0.4,Avoid - watch only,0.4577,0.04809,0.0052861435321529,81,closed,safety_exit,-0.0672832772536021,2.0,-0.1151081374269663,0.0961885084327764,-0.0512222821618044,0.0059108699359358,0.3685771367032288,0.1,holders,0.0160609950917977,0xbf3bb81de6285b8310a028d1c2cd38f9419d54c1
2026-10-05 21:00:00+00:00,dex_short,5,robinhood:0x39dbed3a2bd333467115de45665cc57f813c4571,0.3,Avoid - watch only,0.43162,0.04066,0.394482238279574,81,closed,safety_exit,-0.0560147537489618,3.0,-0.0949375898389669,0.0813257809267904,-0.0406628904633951,0.0075233989291382,0.5014175405295909,0.05,lp,0.0153518632855667,0x486435a1f76cd58193f854c6e6213cd05fd58d637865d02065ff558b387fa6ea
2026-10-05 22:00:00+00:00,dex_day,1,robinhood:0x20024e485c0b22b42855589700721b28320a7777,3.7,Avoid - watch only,0.40809,0.26261,0.0048598626864733,81,closed,safety_exit,-0.2789474298481419,9.0,-0.1676435258766797,0.5252156008990325,-0.2626078004495162,-0.1080962690093976,0.7598184273102583,0.05,lp,0.0163396293986257,0x126a9f6ee2e4be592c3520579ba9b48327a3d5e0
2026-10-05 22:00:00+00:00,dex_day,2,robinhood:0x5d102d1e69e77591d486aa4f663b3645151bbdf6,2.9,Avoid - watch only,0.39407,0.15604,0.0101175069613092,81,closed,safety_exit,-0.1724144733992013,14.0,-0.0901978543646479,0.3120772763868378,-0.1560386381934189,-0.0631154134547653,0.7355978882952094,0.0,none,0.0163758352057824,0x02d356acd227e12a9573f0499f133c6e3b0af1c9
2026-10-05 22:00:00+00:00,dex_day,3,robinhood:0x2e8c31162b855a2ffa90f6f8634643ad6f111e18,2.5,Avoid - watch only,0.42441,0.19701,0.113198660778769,81,closed,time_limit,-0.0051183816319258,24.0,-0.0802359598343342,0.3940211425778739,-0.1970105712889369,-0.1059807901061171,0.3976522390888432,0.05,lp,0.0295013722703109,0xc4a21f9d6485fc5893dd4a491b320a83daf4da1d
2026-10-05 22:00:00+00:00,dex_day,4,robinhood:0x39dbed3a2bd333467115de45665cc57f813c4571,2.0,Avoid - watch only,0.44222,0.09762,0.392835037666846,81,closed,time_limit,-0.0145260967010598,24.0,-0.0660867033534751,0.1952310659781755,-0.0976155329890878,-0.015209837980051,0.4989069891189999,0.05,lp,0.0153521157894518,0x486435a1f76cd58193f854c6e6213cd05fd58d637865d02065ff558b387fa6ea
2026-10-05 22:00:00+00:00,dex_day,5,robinhood:0xf8bc08092c06db6148114dcf82af881f1085f92b,1.8,Avoid - watch only,0.42962,0.1226,0.0050748703071957,81,closed,time_limit,-0.0427719491904222,24.0,-0.0652311843370038,0.2451940186660439,-0.1225970093330219,-0.0229340743002701,0.3677230981163178,0.1,holders,0.0160633980781716,0xbf3bb81de6285b8310a028d1c2cd38f9419d54c1
2026-10-05 22:00:00+00:00,dex_short,1,robinhood:0x20024e485c0b22b42855589700721b28320a7777,1.9,Avoid - watch only,0.41899,0.10721,0.0048598626864733,81,closed,time_limit,-0.0186232661287086,4.0,-0.0300925798698933,0.2144183711919804,-0.1072091855959902,-0.1080962690093976,0.7598184273102583,0.05,lp,0.0163396293986257,0x126a9f6ee2e4be592c3520579ba9b48327a3d5e0
2026-10-05 22:00:00+00:00,dex_short,2,robinhood:0xf8bc08092c06db6148114dcf82af881f1085f92b,0.9,Avoid - watch only,0.54088,0.05005,0.0050748703071957,81,closed,time_limit,-0.0563981533511405,4.0,-0.0355158690706165,0.1001000389523769,-0.0500500194761885,-0.0229340743002701,0.3677230981163178,0.1,holders,0.0160633980781716,0xbf3bb81de6285b8310a028d1c2cd38f9419d54c1
2026-10-05 22:00:00+00:00,dex_short,3,robinhood:0x2e8c31162b855a2ffa90f6f8634643ad6f111e18,0.8,Avoid - watch only,0.47981,0.08043,0.113198660778769,81,closed,time_limit,-0.0282427319550252,4.0,-0.0432543227415785,0.160858457864035,-0.0804292289320175,-0.1059807901061171,0.3976522390888432,0.05,lp,0.0295013722703109,0xc4a21f9d6485fc5893dd4a491b320a83daf4da1d
2026-10-05 22:00:00+00:00,dex_short,4,robinhood:0x5d102d1e69e77591d486aa4f663b3645151bbdf6,0.7,Avoid - watch only,0.34286,0.0637,0.0101175069613092,81,closed,time_limit,-0.0569197469046106,4.0,-0.03012878567705,0.1274050145775449,-0.0637025072887724,-0.0631154134547653,0.7355978882952094,0.0,none,0.0163758352057824,0x02d356acd227e12a9573f0499f133c6e3b0af1c9
2026-10-05 22:00:00+00:00,dex_short,5,robinhood:0x39dbed3a2bd333467115de45665cc57f813c4571,0.5,Avoid - watch only,0.49265,0.03985,0.392835037666846,81,closed,safety_exit,-0.0552034902549657,2.0,-0.0838314640750396,0.0797027489310278,-0.0398513744655139,-0.015209837980051,0.4989069891189999,0.05,lp,0.0153521157894518,0x486435a1f76cd58193f854c6e6213cd05fd58d637865d02065ff558b387fa6ea
2026-10-05 23:00:00+00:00,dex_day,1,robinhood:0x20024e485c0b22b42855589700721b28320a7777,4.5,Avoid - watch only,0.46547,0.26794,0.0044917298583207,84,closed,time_limit,-0.0404471343213805,24.0,-0.0538397360344185,0.535873267946561,-0.2679366339732805,-0.2456637240232124,0.7273687193650468,0.05,lp,0.0163486606719018,0x126a9f6ee2e4be592c3520579ba9b48327a3d5e0
2026-10-05 23:00:00+00:00,dex_day,2,robinhood:0x812486eaea648819853f8e372dc9f1516c7868bd,3.2,Avoid - watch only,0.52694,0.23446,0.0128533019850425,84,closed,safety_exit,-0.2649226172844605,7.0,-0.1676930360068309,0.4689187070360523,-0.2344593535180261,-0.4479583024222662,2.8454174133738337,0.15,lp|holders,0.0304632637664343,0x6d56f66e52e63e8be558d708a987426314bb4de92bc9b43a44effee1f2abf317
2026-10-05 23:00:00+00:00,dex_day,3,robinhood:0x2e8c31162b855a2ffa90f6f8634643ad6f111e18,3.1,Avoid - watch only,0.42107,0.19418,0.115615956618526,84,closed,time_limit,-0.0010875236000063,24.0,-0.0537860851638029,0.3883655463333364,-0.1941827731666682,-0.1179751627908261,0.8898265050353728,0.05,lp,0.0162950098012862,0x592e3fb7ea947506b36481025abc15baada8e1839a50fded46ecf08b3182fa96
2026-10-05 23:00:00+00:00,dex_day,4,ethereum:0x1abaea1f7c830bd89acc67ec4af516284b1bc33c,2.2,Avoid - watch only,0.57712,0.04,1.12269125796557,84,closed,time_limit,-0.0032201769948541,24.0,-0.0432457863675283,0.08,-0.0399999999999999,-0.0018525229574098,1.894515365652858,0.15,lp|holders,0.0057547110050116,0xb2b92b56988a4edbe255989792c6ea239b25eaf66b42093145cbf8f630db3a17
2026-10-05 23:00:00+00:00,dex_day,5,ethereum:0x62d0a8458ed7719fdaf978fe5929c6d342b0bfce,1.5,Avoid - watch only,0.41186,0.12141,0.0025267259083099,84,closed,time_limit,-0.0235900292964467,24.0,-0.0495444240612036,0.2428194557328871,-0.1214097278664435,-0.0096059810250848,1.4948592158962384,0.15,lp|holders,0.0108421680232888,0x180efc1349a69390ade25667487a826164c9c6e4
2026-10-05 23:00:00+00:00,dex_short,1,robinhood:0x20024e485c0b22b42855589700721b28320a7777,2.5,Avoid - watch only,0.47528,0.10938,0.0044917298583207,84,closed,time_limit,0.0438975827073907,4.0,-0.032241347522303,0.2187693455444672,-0.1121460716048285,-0.2456637240232124,0.7273687193650468,0.05,lp,0.0163486606719018,0x126a9f6ee2e4be592c3520579ba9b48327a3d5e0
2026-10-05 23:00:00+00:00,dex_short,2,robinhood:0x2e8c31162b855a2ffa90f6f8634643ad6f111e18,1.0,Avoid - watch only,0.38684,0.07927,0.115615956618526,84,closed,time_limit,-0.0433303566743678,4.0,-0.0321876966516874,0.1585495703656487,-0.0792747851828243,-0.1179751627908261,0.8898265050353728,0.05,lp,0.0162950098012862,0x592e3fb7ea947506b36481025abc15baada8e1839a50fded46ecf08b3182fa96
2026-10-05 23:00:00+00:00,dex_short,3,robinhood:0x812486eaea648819853f8e372dc9f1516c7868bd,0.9,Avoid - watch only,0.53612,0.09572,0.0128533019850425,84,closed,safety_exit,-0.1261808940234309,2.0,-0.0883220789805327,0.1914352605139933,-0.0957176302569966,-0.4479583024222662,2.8454174133738337,0.15,lp|holders,0.0304632637664343,0x6d56f66e52e63e8be558d708a987426314bb4de92bc9b43a44effee1f2abf317
2026-10-05 23:00:00+00:00,dex_short,4,ethereum:0x62d0a8458ed7719fdaf978fe5929c6d342b0bfce,0.7,Avoid - watch only,0.45479,0.04957,0.0025267259083099,84,closed,time_limit,-0.0485846375362384,4.0,-0.02673485487369,0.0991306276943169,-0.0495653138471583,-0.0096059810250848,1.4948592158962384,0.15,lp|holders,0.0108421680232888,0x180efc1349a69390ade25667487a826164c9c6e4
2026-10-05 23:00:00+00:00,dex_short,5,ethereum:0x56072c95faa701256059aa122697b133aded9279,0.5,Avoid - watch only,0.54122,0.03219,0.0873418577923875,84,closed,time_limit,-0.0081315856807539,4.0,-0.0268614986606274,0.0643821197571381,-0.032191059878569,-0.1119047395364392,1.743601561169786,0.15,lp|holders,0.0109688118102262,0x764510ab1d39cf300e7abe8f5b8977d18f290628
2026-10-06 00:00:00+00:00,dex_day,1,robinhood:0x20024e485c0b22b42855589700721b28320a7777,4.2,Avoid - watch only,0.43838,0.26496,0.0046385497221613,84,closed,time_limit,-0.0743947546192134,24.0,-0.0425269806075012,0.5299102137141292,-0.2649551068570646,-0.2366472790241838,0.7170606251526332,0.05,lp,0.0163403927919466,0x126a9f6ee2e4be592c3520579ba9b48327a3d5e0
2026-10-06 00:00:00+00:00,dex_day,2,robinhood:0x2e8c31162b855a2ffa90f6f8634643ad6f111e18,3.4,Avoid - watch only,0.43118,0.19072,0.113679790284779,84,closed,time_limit,0.1063607705977479,24.0,-0.0424772578229964,0.3814321545557422,-0.1907160772778711,-0.122170037949064,0.8881920278562098,0.05,lp,0.0162906700074418,0x592e3fb7ea947506b36481025abc15baada8e1839a50fded46ecf08b3182fa96
2026-10-06 00:00:00+00:00,dex_day,3,robinhood:0x812486eaea648819853f8e372dc9f1516c7868bd,3.4,Avoid - watch only,0.5279,0.23936,0.0118310130082715,84,closed,safety_exit,-0.2721298557285396,6.0,-0.170239121633886,0.4787150541074334,-0.2415695939369988,-0.5325406860209418,2.902803641650693,0.15,lp|holders,0.0305602617915408,0x6d56f66e52e63e8be558d708a987426314bb4de92bc9b43a44effee1f2abf317
2026-10-06 00:00:00+00:00,dex_day,4,ethereum:0x1abaea1f7c830bd89acc67ec4af516284b1bc33c,2.1,Avoid - watch only,0.58264,0.04,1.12164503167895,84,closed,time_limit,-0.002935849918722,24.0,-0.0324701764621337,0.08,-0.0400000000000001,-0.0021374724156097,1.873326624348756,0.15,lp|holders,0.0062835886465791,0xb2b92b56988a4edbe255989792c6ea239b25eaf66b42093145cbf8f630db3a17
2026-10-06 00:00:00+00:00,dex_day,5,ethereum:0x62d0a8458ed7719fdaf978fe5929c6d342b0bfce,1.5,Avoid - watch only,0.41245,0.11954,0.0024972977567356,84,closed,time_limit,-0.0074748774439419,24.0,-0.0434883700053064,0.2390808171984395,-0.1195404085992197,-0.0162421210024694,1.4399100554363864,0.15,lp|holders,0.0113697041422105,0x180efc1349a69390ade25667487a826164c9c6e4
2026-10-06 00:00:00+00:00,dex_short,1,robinhood:0x20024e485c0b22b42855589700721b28320a7777,1.9,Avoid - watch only,0.41949,0.10817,0.0046385497221613,84,closed,time_limit,0.0104672098139859,4.0,-0.0286110833142006,0.2163349388481337,-0.1081674694240668,-0.2366472790241838,0.7170606251526332,0.05,lp,0.0163403927919466,0x126a9f6ee2e4be592c3520579ba9b48327a3d5e0
2026-10-06 00:00:00+00:00,dex_short,2,robinhood:0x812486eaea648819853f8e372dc9f1516c7868bd,1.4,Avoid - watch only,0.60165,0.09772,0.0118310130082715,84,closed,time_limit,-0.0522300218674749,4.0,-0.0428309523137948,0.1954346024586755,-0.0977173012293377,-0.5325406860209418,2.902803641650693,0.15,lp|holders,0.0305602617915408,0x6d56f66e52e63e8be558d708a987426314bb4de92bc9b43a44effee1f2abf317
2026-10-06 00:00:00+00:00,dex_short,3,robinhood:0x2e8c31162b855a2ffa90f6f8634643ad6f111e18,1.1,Avoid - watch only,0.3951,0.07786,0.113679790284779,84,closed,time_limit,-0.0620545313079984,4.0,-0.0285613605296958,0.1557190250253297,-0.0778595125126648,-0.122170037949064,0.8881920278562098,0.05,lp,0.0162906700074418,0x592e3fb7ea947506b36481025abc15baada8e1839a50fded46ecf08b3182fa96
2026-10-06 00:00:00+00:00,dex_short,4,ethereum:0x62d0a8458ed7719fdaf978fe5929c6d342b0bfce,0.7,Avoid - watch only,0.46725,0.0488,0.0024972977567356,84,closed,time_limit,-0.0217094497340988,4.0,-0.0236403946644645,0.0976043349039663,-0.0488021674519832,-0.0162421210024694,1.4399100554363864,0.15,lp|holders,0.0113697041422105,0x180efc1349a69390ade25667487a826164c9c6e4
2026-10-06 00:00:00+00:00,dex_short,5,ethereum:0x1abaea1f7c830bd89acc67ec4af516284b1bc33c,0.4,Avoid - watch only,0.51601,0.02,1.12164503167895,84,closed,time_limit,-0.0062338902814318,4.0,-0.0185542791688331,0.04,-0.02,-0.0021374724156097,1.873326624348756,0.15,lp|holders,0.0062835886465791,0xb2b92b56988a4edbe255989792c6ea239b25eaf66b42093145cbf8f630db3a17
2026-10-06 01:00:00+00:00,dex_day,1,robinhood:0x812486eaea648819853f8e372dc9f1516c7868bd,3.4,Avoid - watch only,0.50177,0.23604,0.0119667642437202,84,closed,safety_exit,-0.2665679445433134,5.0,-0.1685500520539319,0.4720719215343389,-0.2360359607671694,-0.5053781445766807,2.9486290023073165,0.15,lp|holders,0.0305319837761439,0x6d56f66e52e63e8be558d708a987426314bb4de92bc9b43a44effee1f2abf317
2026-10-06 01:00:00+00:00,dex_day,2,robinhood:0x2e8c31162b855a2ffa90f6f8634643ad6f111e18,3.0,Avoid - watch only,0.38981,0.18812,0.115971835338193,84,closed,time_limit,0.0877323603179496,24.0,-0.0590793322978023,0.3762371735433478,-0.1881185867716739,-0.0776091329932975,0.8990563656256626,0.05,lp,0.0163045636809717,0x592e3fb7ea947506b36481025abc15baada8e1839a50fded46ecf08b3182fa96
2026-10-06 01:00:00+00:00,dex_day,3,ethereum:0x1abaea1f7c830bd89acc67ec4af516284b1bc33c,1.8,Avoid - watch only,0.57182,0.04,1.12145618009416,84,closed,time_limit,-0.0177251051038726,24.0,-0.0489665721036628,0.08,-0.04,-0.001869061661948,1.8390233510304468,0.15,lp|holders,0.0061918034868322,0xb2b92b56988a4edbe255989792c6ea239b25eaf66b42093145cbf8f630db3a17
2026-10-06 01:00:00+00:00,dex_day,4,ethereum:0x62d0a8458ed7719fdaf978fe5929c6d342b0bfce,1.5,Avoid - watch only,0.40719,0.11708,0.0025014881826332,84,closed,time_limit,-0.0414611622077643,24.0,-0.061003026831696,0.2341657283130009,-0.1170828641565006,0.0081679071536013,1.4021974582257342,0.15,lp|holders,0.0113262068223197,0x180efc1349a69390ade25667487a826164c9c6e4
2026-10-06 01:00:00+00:00,dex_day,5,ethereum:0x56072c95faa701256059aa122697b133aded9279,1.0,Avoid - watch only,0.41796,0.07936,0.0881539879219186,84,closed,time_limit,0.0019759450155639,24.0,-0.0542151383791763,0.1587192237888188,-0.0793596118944095,-0.0831059519897041,1.7520208261069077,0.15,lp|holders,0.0114403697623457,0x764510ab1d39cf300e7abe8f5b8977d18f290628
2026-10-06 01:00:00+00:00,dex_short,1,robinhood:0x812486eaea648819853f8e372dc9f1516c7868bd,1.4,Avoid - watch only,0.59851,0.09636,0.0119667642437202,84,closed,time_limit,-0.0777746617353821,4.0,-0.0337769594415412,0.1927225549423847,-0.1022442752475326,-0.5053781445766807,2.9486290023073165,0.15,lp|holders,0.0305319837761439,0x6d56f66e52e63e8be558d708a987426314bb4de92bc9b43a44effee1f2abf317
2026-10-06 01:00:00+00:00,dex_short,2,robinhood:0x2e8c31162b855a2ffa90f6f8634643ad6f111e18,0.9,Avoid - watch only,0.35914,0.0768,0.115971835338193,84,closed,safety_exit,-0.0931036551349854,3.0,-0.0647041095041046,0.1535981829080275,-0.0767990914540137,-0.0776091329932975,0.8990563656256626,0.05,lp,0.0163045636809717,0x592e3fb7ea947506b36481025abc15baada8e1839a50fded46ecf08b3182fa96
2026-10-06 01:00:00+00:00,dex_short,3,ethereum:0x62d0a8458ed7719fdaf978fe5929c6d342b0bfce,0.6,Avoid - watch only,0.46599,0.0478,0.0025014881826332,84,closed,time_limit,-0.0354245071434202,4.0,-0.014571182487717,0.0955977582690081,-0.047798879134504,0.0081679071536013,1.4021974582257342,0.15,lp|holders,0.0113262068223197,0x180efc1349a69390ade25667487a826164c9c6e4
2026-10-06 01:00:00+00:00,dex_short,4,ethereum:0x56072c95faa701256059aa122697b133aded9279,0.4,Avoid - watch only,0.52912,0.0324,0.0881539879219186,84,closed,time_limit,-0.0110684406407778,4.0,-0.014685345427743,0.0647968517755366,-0.0323984258877683,-0.0831059519897041,1.7520208261069077,0.15,lp|holders,0.0114403697623457,0x764510ab1d39cf300e7abe8f5b8977d18f290628
2026-10-06 01:00:00+00:00,dex_short,5,ethereum:0x1abaea1f7c830bd89acc67ec4af516284b1bc33c,0.3,Avoid - watch only,0.50906,0.02,1.12145618009416,84,closed,time_limit,-0.0061507651997043,4.0,-0.0094367791522295,0.04,-0.02,-0.001869061661948,1.8390233510304468,0.15,lp|holders,0.0061918034868322,0xb2b92b56988a4edbe255989792c6ea239b25eaf66b42093145cbf8f630db3a17
2026-10-06 02:00:00+00:00,dex_day,1,robinhood:0x20024e485c0b22b42855589700721b28320a7777,3.8,Avoid - watch only,0.41904,0.25765,0.0048487645255393,84,closed,safety_exit,-0.2739745126309572,5.0,-0.1651488738296621,0.5153025483008837,-0.2576512741504418,-0.2531648729642981,0.6566438929385335,0.05,lp,0.0163232384805155,0x126a9f6ee2e4be592c3520579ba9b48327a3d5e0
2026-10-06 02:00:00+00:00,dex_day,2,robinhood:0x812486eaea648819853f8e372dc9f1516c7868bd,3.0,Avoid - watch only,0.50859,0.23196,0.0120141863833901,84,closed,safety_exit,-0.262506970758023,4.0,-0.1665275691831947,0.4639179160737181,-0.231958958036859,-0.5301828659259531,3.002737652447764,0.15,lp|holders,0.0305480127211639,0x6d56f66e52e63e8be558d708a987426314bb4de92bc9b43a44effee1f2abf317
2026-10-06 02:00:00+00:00,dex_day,3,robinhood:0x2e8c31162b855a2ffa90f6f8634643ad6f111e18,2.8,Avoid - watch only,0.40094,0.18624,0.112570188140042,84,closed,time_limit,0.048713618817841,24.0,-0.0686937247678521,0.3724894926850512,-0.1862447463425256,-0.0415217491950445,0.8807986666350367,0.05,lp,0.0162928414919824,0x592e3fb7ea947506b36481025abc15baada8e1839a50fded46ecf08b3182fa96
2026-10-06 02:00:00+00:00,dex_day,4,ethereum:0x62d0a8458ed7719fdaf978fe5929c6d342b0bfce,1.4,Avoid - watch only,0.40978,0.11472,0.0024940099887757,84,closed,time_limit,-0.0466993650052372,24.0,-0.0565662513538711,0.2294323787241039,-0.1147161893620519,0.0101212005598183,1.374799495354645,0.15,lp|holders,0.0112073349688613,0x180efc1349a69390ade25667487a826164c9c6e4
2026-10-06 02:00:00+00:00,dex_day,5,ethereum:0x1abaea1f7c830bd89acc67ec4af516284b1bc33c,1.3,Avoid - watch only,0.50347,0.04,1.12240950525567,84,closed,time_limit,-0.0042084118629402,24.0,-0.0585232631031855,0.08,-0.0400000000000001,0.0039191522568226,1.475718009382663,0.15,lp|holders,0.0061223798273158,0xb2b92b56988a4edbe255989792c6ea239b25eaf66b42093145cbf8f630db3a17
2026-10-06 02:00:00+00:00,dex_short,1,robinhood:0x2e8c31162b855a2ffa90f6f8634643ad6f111e18,1.3,Avoid - watch only,0.43613,0.07603,0.112570188140042,84,closed,time_limit,-0.0234458931624057,4.0,-0.0184120132491108,0.1520681986044239,-0.0760340993022119,-0.0415217491950445,0.8807986666350367,0.05,lp,0.0162928414919824,0x592e3fb7ea947506b36481025abc15baada8e1839a50fded46ecf08b3182fa96
2026-10-06 02:00:00+00:00,dex_short,2,robinhood:0x20024e485c0b22b42855589700721b28320a7777,1.3,Avoid - watch only,0.3536,0.10519,0.0048487645255393,84,closed,time_limit,-0.0076560047109491,4.0,-0.0184424102376439,0.2103713844155079,-0.105185692207754,-0.2531648729642981,0.6566438929385335,0.05,lp,0.0163232384805155,0x126a9f6ee2e4be592c3520579ba9b48327a3d5e0
2026-10-06 02:00:00+00:00,dex_short,3,robinhood:0x812486eaea648819853f8e372dc9f1516c7868bd,1.1,Avoid - watch only,0.57776,0.0947,0.0120141863833901,84,closed,safety_exit,-0.1252448607974905,4.0,-0.0326671844782923,0.1893936961526532,-0.0946968480763266,-0.5301828659259531,3.002737652447764,0.15,lp|holders,0.0305480127211639,0x6d56f66e52e63e8be558d708a987426314bb4de92bc9b43a44effee1f2abf317
2026-10-06 02:00:00+00:00,dex_short,4,ethereum:0x62d0a8458ed7719fdaf978fe5929c6d342b0bfce,0.7,Avoid - watch only,0.47416,0.04683,0.0024940099887757,84,closed,time_limit,-0.0221035305032864,4.0,-0.0133265067259897,0.093665376391173,-0.0468326881955865,0.0101212005598183,1.374799495354645,0.15,lp|holders,0.0112073349688613,0x180efc1349a69390ade25667487a826164c9c6e4
2026-10-06 02:00:00+00:00,dex_short,5,ethereum:0xe0f63a424a4439cbe457d80e4f4b51ad25b2c56c,0.2,Avoid - watch only,0.49988,0.02,0.449028385990437,84,closed,safety_exit,-0.0310927524538436,1.0,-0.070158057185116,0.04,-0.02,-0.0093903762691558,1.0410390127271736,0.0,none,0.0110927524538436,0x52c77b0cb827afbad022e6d6caf2c44452edbc39
2026-10-06 03:00:00+00:00,dex_day,1,robinhood:0x2e8c31162b855a2ffa90f6f8634643ad6f111e18,2.5,Avoid - watch only,0.39789,0.18242,0.112490239127281,84,closed,time_limit,0.0866340275464368,24.0,-0.0669792614504916,0.3648380443563852,-0.1824190221781926,-0.0086614299478493,0.8802097707270051,0.05,lp,0.0190892486071807,0x592e3fb7ea947506b36481025abc15baada8e1839a50fded46ecf08b3182fa96
2026-10-06 03:00:00+00:00,dex_day,2,ethereum:0xe0f63a424a4439cbe457d80e4f4b51ad25b2c56c,2.4,Avoid - watch only,0.46363,0.06639,0.424084808829127,84,closed,time_limit,-0.0470787199742449,24.0,-0.0582299252513912,0.1327769150294087,-0.0663884575147043,-0.0492431381339204,1.2263519051138438,0.0,none,0.0103399124080803,0x52c77b0cb827afbad022e6d6caf2c44452edbc39
2026-10-06 03:00:00+00:00,dex_day,3,ethereum:0x62d0a8458ed7719fdaf978fe5929c6d342b0bfce,1.6,Avoid - watch only,0.42202,0.11513,0.002431361032748,84,closed,time_limit,-0.0132325818669338,24.0,-0.0483139463566645,0.2302668435542143,-0.1151334217771071,-0.0049782425363344,1.4115075718534928,0.15,lp|holders,0.0104553619084244,0x180efc1349a69390ade25667487a826164c9c6e4
2026-10-06 03:00:00+00:00,dex_day,4,ethereum:0x1abaea1f7c830bd89acc67ec4af516284b1bc33c,1.1,Avoid - watch only,0.47102,0.04,1.122046060732,84,closed,time_limit,-0.0049502548272205,24.0,-0.0532362354683153,0.08,-0.04,0.0043753663695242,1.5633366977880547,0.15,lp|holders,0.0053462226250044,0xb2b92b56988a4edbe255989792c6ea239b25eaf66b42093145cbf8f630db3a17
2026-10-06 03:00:00+00:00,dex_day,5,ethereum:0x56072c95faa701256059aa122697b133aded9279,0.9,Avoid - watch only,0.41335,0.07658,0.0875896663935127,84,closed,time_limit,-0.0197791379916032,24.0,-0.0584623423168897,0.153159662476924,-0.076579831238462,-0.0900896436403839,1.7413258770399933,0.15,lp|holders,0.0105723294735788,0x764510ab1d39cf300e7abe8f5b8977d18f290628
2026-10-06 03:00:00+00:00,dex_short,1,ethereum:0xe0f63a424a4439cbe457d80e4f4b51ad25b2c56c,1.1,Avoid - watch only,0.5975,0.0271,0.424084808829127,84,closed,time_limit,0.009920532062865,4.0,-0.0087681430192,0.0542059485738217,-0.0271029742869108,-0.0492431381339204,1.2263519051138438,0.0,none,0.0103399124080803,0x52c77b0cb827afbad022e6d6caf2c44452edbc39
2026-10-06 03:00:00+00:00,dex_short,2,robinhood:0x2e8c31162b855a2ffa90f6f8634643ad6f111e18,1.1,Avoid - watch only,0.45092,0.07447,0.112490239127281,84,closed,time_limit,-0.0066070874819272,4.0,-0.0175174792183004,0.1489445079046734,-0.0744722539523367,-0.0086614299478493,0.8802097707270051,0.05,lp,0.0190892486071807,0x592e3fb7ea947506b36481025abc15baada8e1839a50fded46ecf08b3182fa96
2026-10-06 03:00:00+00:00,dex_short,3,ethereum:0x62d0a8458ed7719fdaf978fe5929c6d342b0bfce,1.0,Avoid - watch only,0.5347,0.047,0.002431361032748,84,closed,time_limit,0.0006149983564592,4.0,-0.0088835925195441,0.0940060452315176,-0.0470030226157588,-0.0049782425363344,1.4115075718534928,0.15,lp|holders,0.0104553619084244,0x180efc1349a69390ade25667487a826164c9c6e4
2026-10-06 03:00:00+00:00,dex_short,4,ethereum:0x1abaea1f7c830bd89acc67ec4af516284b1bc33c,0.3,Avoid - watch only,0.44049,0.02,1.122046060732,84,closed,time_limit,-0.0034059930423081,4.0,-0.0037744532361241,0.04,-0.0199999999999999,0.0043753663695242,1.5633366977880547,0.15,lp|holders,0.0053462226250044,0xb2b92b56988a4edbe255989792c6ea239b25eaf66b42093145cbf8f630db3a17
2026-10-06 03:00:00+00:00,dex_short,5,ethereum:0x56072c95faa701256059aa122697b133aded9279,0.3,Avoid - watch only,0.4898,0.03126,0.0875896663935127,84,closed,time_limit,0.0016392380375541,4.0,-0.0090005600846985,0.0625271703742265,-0.0324771917811915,-0.0900896436403839,1.7413258770399933,0.15,lp|holders,0.0105723294735788,0x764510ab1d39cf300e7abe8f5b8977d18f290628
2026-10-06 04:00:00+00:00,dex_day,1,robinhood:0x20024e485c0b22b42855589700721b28320a7777,3.6,Avoid - watch only,0.41547,0.24764,0.0047628981197808,84,closed,safety_exit,-0.2667693767466536,3.0,-0.2667693731802146,0.4952845121222682,-0.2476422560611341,-0.1700768350092545,0.5536640266710435,0.05,lp,0.0191271206855195,0x126a9f6ee2e4be592c3520579ba9b48327a3d5e0
2026-10-06 04:00:00+00:00,dex_day,2,robinhood:0x2e8c31162b855a2ffa90f6f8634643ad6f111e18,3.4,Avoid - watch only,0.44687,0.18162,0.10847736412951,84,closed,time_limit,0.1098686941998695,24.0,-0.0747585545991295,0.3632361898369529,-0.1816180949184764,0.001983207997263,0.8961876951521431,0.05,lp,0.0190795415072122,0x592e3fb7ea947506b36481025abc15baada8e1839a50fded46ecf08b3182fa96
2026-10-06 04:00:00+00:00,dex_day,3,robinhood:0x812486eaea648819853f8e372dc9f1516c7868bd,3.1,Avoid - watch only,0.51658,0.22775,0.011574637794927,84,closed,safety_exit,-0.2610665113429056,2.0,-0.261066637118053,0.4555088937701488,-0.2277544468850745,-0.528401792824972,3.013838929894128,0.15,lp|holders,0.0333120644578311,0x6d56f66e52e63e8be558d708a987426314bb4de92bc9b43a44effee1f2abf317
2026-10-06 04:00:00+00:00,dex_day,4,ethereum:0xe0f63a424a4439cbe457d80e4f4b51ad25b2c56c,2.5,Avoid - watch only,0.46978,0.06533,0.420398545554881,84,closed,time_limit,-0.0523290395742271,24.0,-0.0657421487520398,0.1306593138422978,-0.0653296569211489,-0.0524810650759255,1.2092432631014518,0.0,none,0.0100631356601225,0x52c77b0cb827afbad022e6d6caf2c44452edbc39
2026-10-06 04:00:00+00:00,dex_day,5,ethereum:0x1abaea1f7c830bd89acc67ec4af516284b1bc33c,1.6,Avoid - watch only,0.52472,0.04,1.1217007756033,84,closed,time_limit,-0.0041692264803973,24.0,-0.060747679187035,0.08,-0.04,0.0024365522763474,1.5458452321101137,0.15,lp|holders,0.0050686660951177,0xb2b92b56988a4edbe255989792c6ea239b25eaf66b42093145cbf8f630db3a17
2026-10-06 04:00:00+00:00,dex_short,1,robinhood:0x2e8c31162b855a2ffa90f6f8634643ad6f111e18,1.5,Avoid - watch only,0.49881,0.07415,0.10847736412951,84,closed,time_limit,0.047474220797296,4.0,-0.009547245916949,0.1482905535355432,-0.0741452767677716,0.001983207997263,0.8961876951521431,0.05,lp,0.0190795415072122,0x592e3fb7ea947506b36481025abc15baada8e1839a50fded46ecf08b3182fa96
2026-10-06 04:00:00+00:00,dex_short,2,robinhood:0x20024e485c0b22b42855589700721b28320a7777,1.4,Avoid - watch only,0.40193,0.1011,0.0047628981197808,84,closed,safety_exit,-0.1202266483690917,3.0,-0.0124195678301636,0.2021990553671444,-0.1010995276835722,-0.1700768350092545,0.5536640266710435,0.05,lp,0.0191271206855195,0x126a9f6ee2e4be592c3520579ba9b48327a3d5e0
2026-10-06 04:00:00+00:00,dex_short,3,robinhood:0x812486eaea648819853f8e372dc9f1516c7868bd,1.4,Avoid - watch only,0.64232,0.09298,0.011574637794927,84,closed,safety_exit,-0.1262924280442055,2.0,-0.0238981412511659,0.1859607271727488,-0.0929803635863744,-0.528401792824972,3.013838929894128,0.15,lp|holders,0.0333120644578311,0x6d56f66e52e63e8be558d708a987426314bb4de92bc9b43a44effee1f2abf317
2026-10-06 04:00:00+00:00,dex_short,4,ethereum:0xe0f63a424a4439cbe457d80e4f4b51ad25b2c56c,0.9,Avoid - watch only,0.56665,0.02667,0.420398545554881,84,closed,time_limit,0.0240807019950085,4.0,-0.0005308400698593,0.0533414415092994,-0.0266707207546497,-0.0524810650759255,1.2092432631014518,0.0,none,0.0100631356601225,0x52c77b0cb827afbad022e6d6caf2c44452edbc39
2026-10-06 04:00:00+00:00,dex_short,5,ethereum:0x62d0a8458ed7719fdaf978fe5929c6d342b0bfce,0.7,Avoid - watch only,0.46685,0.04654,0.0024714763332637,84,closed,time_limit,-0.0047364922794407,4.0,-0.0006451588185101,0.0930860713671455,-0.0465430356835728,0.0042291454715925,1.3853250484419248,0.15,lp|holders,0.0101774544087733,0x180efc1349a69390ade25667487a826164c9c6e4
2026-10-06 05:00:00+00:00,dex_day,1,robinhood:0x20024e485c0b22b42855589700721b28320a7777,3.2,Avoid - watch only,0.3909,0.24443,0.0049019678056107,84,closed,safety_exit,-0.2635390709521485,2.0,-0.2635390678308654,0.4888604585941623,-0.2444302292970811,-0.1173068990325303,0.556607130341168,0.05,lp,0.0191088416550674,0x126a9f6ee2e4be592c3520579ba9b48327a3d5e0
2026-10-06 05:00:00+00:00,dex_day,2,robinhood:0x2e8c31162b855a2ffa90f6f8634643ad6f111e18,2.4,Avoid - watch only,0.38222,0.18191,0.112289298825197,84,closed,time_limit,0.108514229373341,24.0,-0.0618876216399985,0.3638107965097736,-0.1819053982548868,0.0156837229600097,0.9019971620908,0.05,lp,0.0190595981120928,0x592e3fb7ea947506b36481025abc15baada8e1839a50fded46ecf08b3182fa96
2026-10-06 05:00:00+00:00,dex_day,3,ethereum:0xe0f63a424a4439cbe457d80e4f4b51ad25b2c56c,1.8,Avoid - watch only,0.43397,0.06481,0.423786858943158,84,closed,time_limit,-0.0499140617362481,24.0,-0.0542472595782703,0.1296178269426857,-0.0648089134713428,-0.0546851564214353,1.2294297120982711,0.0,none,0.0114192360503646,0x52c77b0cb827afbad022e6d6caf2c44452edbc39
2026-10-06 05:00:00+00:00,dex_day,4,ethereum:0x62d0a8458ed7719fdaf978fe5929c6d342b0bfce,1.4,Avoid - watch only,0.4105,0.1123,0.0024412065691584,84,closed,time_limit,0.0133064780704951,24.0,-0.0491482992609517,0.2245911455514027,-0.1122955727757013,-0.0260022712868881,1.1945955590299988,0.15,lp|holders,0.0115344840719832,0x180efc1349a69390ade25667487a826164c9c6e4
2026-10-06 05:00:00+00:00,dex_day,5,ethereum:0x1abaea1f7c830bd89acc67ec4af516284b1bc33c,1.2,Avoid - watch only,0.51382,0.04,1.12150220273488,84,closed,time_limit,-0.0054439195145009,24.0,-0.0493008100406756,0.08,-0.04,0.0024670061806194,1.5290297400150614,0.15,lp|holders,0.0064727865127699,0xb2b92b56988a4edbe255989792c6ea239b25eaf66b42093145cbf8f630db3a17
2026-10-06 05:00:00+00:00,dex_short,1,robinhood:0x20024e485c0b22b42855589700721b28320a7777,1.4,Avoid - watch only,0.39812,0.09979,0.0049019678056107,84,closed,safety_exit,-0.1188970649032908,2.0,-0.0858482645743639,0.1995764464964469,-0.0997882232482234,-0.1173068990325303,0.556607130341168,0.05,lp,0.0191088416550674,0x126a9f6ee2e4be592c3520579ba9b48327a3d5e0
2026-10-06 05:00:00+00:00,dex_short,2,robinhood:0x2e8c31162b855a2ffa90f6f8634643ad6f111e18,1.1,Avoid - watch only,0.43898,0.07426,0.112289298825197,84,closed,time_limit,-0.0041454496297691,4.0,-0.0244818641110631,0.1485251357274113,-0.0742625678637056,0.0156837229600097,0.9019971620908,0.05,lp,0.0190595981120928,0x592e3fb7ea947506b36481025abc15baada8e1839a50fded46ecf08b3182fa96
2026-10-06 05:00:00+00:00,dex_short,3,ethereum:0x62d0a8458ed7719fdaf978fe5929c6d342b0bfce,0.6,Avoid - watch only,0.47612,0.04584,0.0024412065691584,84,closed,time_limit,0.0054040566119434,4.0,-0.0169567500709535,0.0916889512246807,-0.0458444756123403,-0.0260022712868881,1.1945955590299988,0.15,lp|holders,0.0115344840719832,0x180efc1349a69390ade25667487a826164c9c6e4
2026-10-06 05:00:00+00:00,dex_short,4,ethereum:0xe0f63a424a4439cbe457d80e4f4b51ad25b2c56c,0.3,Avoid - watch only,0.47187,0.02646,0.423786858943158,84,closed,time_limit,0.0035552702218631,4.0,-0.0168415020493349,0.0529162562629923,-0.0264581281314961,-0.0546851564214353,1.2294297120982711,0.0,none,0.0114192360503646,0x52c77b0cb827afbad022e6d6caf2c44452edbc39
2026-10-06 05:00:00+00:00,dex_short,5,ethereum:0x1abaea1f7c830bd89acc67ec4af516284b1bc33c,0.2,Avoid - watch only,0.46501,0.02,1.12150220273488,84,closed,time_limit,-0.0045624716627539,4.0,-0.0118950525117402,0.04,-0.02,0.0024670061806194,1.5290297400150614,0.15,lp|holders,0.0064727865127699,0xb2b92b56988a4edbe255989792c6ea239b25eaf66b42093145cbf8f630db3a17
2026-10-06 06:00:00+00:00,dex_day,1,robinhood:0x20024e485c0b22b42855589700721b28320a7777,2.9,Avoid - watch only,0.38325,0.23939,0.0048907899011758,84,closed,safety_exit,-0.2585046238139978,1.0,-0.2585046218525565,0.478786782236299,-0.2393933911181495,-0.1113181597568448,0.5557853118837821,0.05,lp,0.0191112326958483,0x126a9f6ee2e4be592c3520579ba9b48327a3d5e0
2026-10-06 06:00:00+00:00,dex_day,2,robinhood:0x2e8c31162b855a2ffa90f6f8634643ad6f111e18,2.5,Avoid - watch only,0.39973,0.17816,0.111764967767727,84,closed,time_limit,0.1022952935068128,24.0,-0.0597834986954815,0.3563286329611537,-0.1781643164805769,-0.0391150382586658,0.8924023154243808,0.05,lp,0.0190967697951521,0x592e3fb7ea947506b36481025abc15baada8e1839a50fded46ecf08b3182fa96
2026-10-06 06:00:00+00:00,dex_day,3,ethereum:0xe0f63a424a4439cbe457d80e4f4b51ad25b2c56c,2.0,Avoid - watch only,0.42696,0.06579,0.430443668921494,84,closed,time_limit,-0.0697112765867202,24.0,-0.0503133841339939,0.1315756591224357,-0.0657878295612178,-0.0366270878405993,1.2660738123439663,0.0,none,0.0096266552336645,0x52c77b0cb827afbad022e6d6caf2c44452edbc39
2026-10-06 06:00:00+00:00,dex_day,4,ethereum:0x62d0a8458ed7719fdaf978fe5929c6d342b0bfce,1.4,Avoid - watch only,0.40557,0.11051,0.0024668347682732,84,closed,time_limit,-0.0107353920614666,24.0,-0.0473751836285636,0.2210219490053684,-0.1105109745026842,-0.0493445909838694,1.0261666342159983,0.15,lp|holders,0.0097415548394236,0x180efc1349a69390ade25667487a826164c9c6e4
2026-10-06 06:00:00+00:00,dex_day,5,ethereum:0x1abaea1f7c830bd89acc67ec4af516284b1bc33c,1.3,Avoid - watch only,0.48208,0.04,1.12175568541849,84,closed,time_limit,-0.0041760124291288,24.0,-0.045397783587841,0.08,-0.04,0.002956888316342,1.487863811911452,0.15,lp|holders,0.0047110546875116,0xb2b92b56988a4edbe255989792c6ea239b25eaf66b42093145cbf8f630db3a17
2026-10-06 06:00:00+00:00,dex_short,1,robinhood:0x2e8c31162b855a2ffa90f6f8634643ad6f111e18,1.2,Avoid - watch only,0.46162,0.07274,0.111764967767727,84,closed,time_limit,-0.0315577845181943,4.0,-0.0236149342163656,0.1454705552497162,-0.0727352776248581,-0.0391150382586658,0.8924023154243808,0.05,lp,0.0190967697951521,0x592e3fb7ea947506b36481025abc15baada8e1839a50fded46ecf08b3182fa96
2026-10-06 06:00:00+00:00,dex_short,2,robinhood:0x20024e485c0b22b42855589700721b28320a7777,0.9,Avoid - watch only,0.33629,0.09773,0.0048907899011758,84,closed,safety_exit,-0.1168431753681798,1.0,-0.1168431745674247,0.195463885344663,-0.0977319426723315,-0.1113181597568448,0.5557853118837821,0.05,lp,0.0191112326958483,0x126a9f6ee2e4be592c3520579ba9b48327a3d5e0
2026-10-06 06:00:00+00:00,dex_short,3,ethereum:0xe0f63a424a4439cbe457d80e4f4b51ad25b2c56c,0.6,Avoid - watch only,0.4864,0.02686,0.430443668921494,84,closed,time_limit,-0.0011911631165037,4.0,-0.014144819654878,0.0537155379033904,-0.0268577689516952,-0.0366270878405993,1.2660738123439663,0.0,none,0.0096266552336645,0x52c77b0cb827afbad022e6d6caf2c44452edbc39
2026-10-06 06:00:00+00:00,dex_short,4,ethereum:0x62d0a8458ed7719fdaf978fe5929c6d342b0bfce,0.6,Avoid - watch only,0.43348,0.04512,0.0024668347682732,84,closed,time_limit,0.0100500185759394,4.0,-0.0127403606464208,0.0902318328364326,-0.0451159164182163,-0.0493445909838694,1.0261666342159983,0.15,lp|holders,0.0097415548394236,0x180efc1349a69390ade25667487a826164c9c6e4
2026-10-06 06:00:00+00:00,dex_short,5,ethereum:0x1abaea1f7c830bd89acc67ec4af516284b1bc33c,0.4,Avoid - watch only,0.46462,0.02,1.12175568541849,84,closed,time_limit,-0.0026751968997902,4.0,-0.0092292191087251,0.04,-0.02,0.002956888316342,1.487863811911452,0.15,lp|holders,0.0047110546875116,0xb2b92b56988a4edbe255989792c6ea239b25eaf66b42093145cbf8f630db3a17
2026-10-06 07:00:00+00:00,dex_day,1,robinhood:0x20024e485c0b22b42855589700721b28320a7777,5.0,Avoid - watch only,0.52562,0.3,0.0039056696471391,84,closed,time_limit,-0.0910540982898374,24.0,-0.0402298880376591,0.6000000000000001,-0.3,-0.300911668519114,0.6772179371273842,0.05,lp,0.0192631570061412,0x126a9f6ee2e4be592c3520579ba9b48327a3d5e0
2026-10-06 07:00:00+00:00,dex_day,2,robinhood:0x2e8c31162b855a2ffa90f6f8634643ad6f111e18,1.7,Avoid - watch only,0.38038,0.17578,0.113894360417086,84,closed,time_limit,0.0860219175675167,24.0,-0.040077905730128,0.3515633492339458,-0.1757816746169729,-0.0648598329833638,0.8739660120945542,0.05,lp,0.0191111746986101,0x592e3fb7ea947506b36481025abc15baada8e1839a50fded46ecf08b3182fa96
2026-10-06 07:00:00+00:00,dex_day,3,ethereum:0x1abaea1f7c830bd89acc67ec4af516284b1bc33c,1.4,Avoid - watch only,0.4814,0.04,1.12422308769218,84,closed,time_limit,-0.0092956979886092,24.0,-0.0263827485650819,0.08,-0.0400000000000001,0.0039084828971862,1.4084199167679994,0.15,lp|holders,0.005416017533564,0xb2b92b56988a4edbe255989792c6ea239b25eaf66b42093145cbf8f630db3a17
2026-10-06 07:00:00+00:00,dex_day,4,ethereum:0x62d0a8458ed7719fdaf978fe5929c6d342b0bfce,1.2,Avoid - watch only,0.40851,0.10828,0.0024582770753145,84,closed,time_limit,0.0154949399236401,24.0,-0.03009888447701,0.2165622093280685,-0.1082811046640341,-0.0379950332417431,0.913176084999238,0.15,lp|holders,0.0106114828574089,0x180efc1349a69390ade25667487a826164c9c6e4
2026-10-06 07:00:00+00:00,dex_day,5,ethereum:0xe0f63a424a4439cbe457d80e4f4b51ad25b2c56c,1.1,Avoid - watch only,0.42348,0.06475,0.432676955549381,84,closed,safety_exit,-0.0752446162311447,19.0,-0.0466219074629595,0.1294956667809885,-0.0647478333904942,-0.0494662719405247,1.2045651726053863,0.1,holders,0.0104967828406506,0x52c77b0cb827afbad022e6d6caf2c44452edbc39
2026-10-06 07:00:00+00:00,dex_short,1,robinhood:0x20024e485c0b22b42855589700721b28320a7777,4.3,Avoid - watch only,0.60113,0.13107,0.0039056696471391,84,closed,time_limit,0.0546201516220681,4.0,-0.0165827380882595,0.2621452097324932,-0.1310726048662466,-0.300911668519114,0.6772179371273842,0.05,lp,0.0192631570061412,0x126a9f6ee2e4be592c3520579ba9b48327a3d5e0
2026-10-06 07:00:00+00:00,dex_short,2,robinhood:0x2e8c31162b855a2ffa90f6f8634643ad6f111e18,0.8,Avoid - watch only,0.39567,0.07176,0.113894360417086,84,closed,time_limit,-0.0261128793179493,4.0,-0.0164307557807284,0.1435251363145084,-0.0744564102516958,-0.0648598329833638,0.8739660120945542,0.05,lp,0.0191111746986101,0x592e3fb7ea947506b36481025abc15baada8e1839a50fded46ecf08b3182fa96
2026-10-06 07:00:00+00:00,dex_short,3,ethereum:0x62d0a8458ed7719fdaf978fe5929c6d342b0bfce,0.6,Avoid - watch only,0.45067,0.04421,0.0024582770753145,84,closed,time_limit,0.0093835808233359,4.0,-0.0068488986369497,0.0884111517372612,-0.0442055758686307,-0.0379950332417431,0.913176084999238,0.15,lp|holders,0.0106114828574089,0x180efc1349a69390ade25667487a826164c9c6e4
2026-10-06 07:00:00+00:00,dex_short,4,ethereum:0x1abaea1f7c830bd89acc67ec4af516284b1bc33c,0.4,Avoid - watch only,0.44439,0.02,1.12422308769218,84,closed,time_limit,-0.0034006945490654,4.0,-0.0027355986156823,0.04,-0.0199999999999999,0.0039084828971862,1.4084199167679994,0.15,lp|holders,0.005416017533564,0xb2b92b56988a4edbe255989792c6ea239b25eaf66b42093145cbf8f630db3a17
2026-10-06 07:00:00+00:00,dex_short,5,ethereum:0xe0f63a424a4439cbe457d80e4f4b51ad25b2c56c,0.3,Avoid - watch only,0.42694,0.02643,0.432676955549381,84,closed,time_limit,-0.0111128516507391,4.0,-0.0078163639227689,0.0528663845858166,-0.0325920936620965,-0.0494662719405247,1.2045651726053863,0.1,holders,0.0104967828406506,0x52c77b0cb827afbad022e6d6caf2c44452edbc39
2026-10-06 08:00:00+00:00,dex_day,1,robinhood:0x20024e485c0b22b42855589700721b28320a7777,2.8,Avoid - watch only,0.48307,0.3,0.003877673294365,84,closed,time_limit,-0.0585912444392152,24.0,-0.0414620632157299,0.6000000000000001,-0.3,-0.2112192738670035,0.6554125249836108,0.05,lp,0.0192443807885469,0x126a9f6ee2e4be592c3520579ba9b48327a3d5e0
2026-10-06 08:00:00+00:00,dex_day,2,ethereum:0x1abaea1f7c830bd89acc67ec4af516284b1bc33c,2.4,Avoid - watch only,0.53551,0.04,1.12302015825804,84,closed,time_limit,-0.0087937539286502,24.0,-0.0280283078857741,0.08,-0.04,0.0018550891974714,1.1940986976342285,0.15,lp|holders,0.0058106254585911,0xb2b92b56988a4edbe255989792c6ea239b25eaf66b42093145cbf8f630db3a17
2026-10-06 08:00:00+00:00,dex_day,3,ethereum:0xe0f63a424a4439cbe457d80e4f4b51ad25b2c56c,2.0,Avoid - watch only,0.42292,0.06367,0.43475256524476,84,closed,safety_exit,-0.0746039517112665,18.0,-0.0519445292158784,0.127346194018886,-0.063673097009443,-0.0491734354325771,1.1754072171853225,0.0,none,0.0109308547018235,0x52c77b0cb827afbad022e6d6caf2c44452edbc39
2026-10-06 08:00:00+00:00,dex_day,4,robinhood:0x2e8c31162b855a2ffa90f6f8634643ad6f111e18,1.2,Avoid - watch only,0.37278,0.17302,0.115696940837205,84,closed,time_limit,0.0651066095512436,24.0,-0.0413253642353511,0.3460466148933885,-0.1730233074466942,0.025179012582031,0.8640811019424278,0.05,lp,0.0191076818081681,0x592e3fb7ea947506b36481025abc15baada8e1839a50fded46ecf08b3182fa96
2026-10-06 08:00:00+00:00,dex_day,5,ethereum:0x8ed97a637a790be1feff5e888d43629dc05408f6,1.1,Avoid - watch only,0.47422,0.04,0.0202873913670777,84,closed,take_profit,0.0690230384004504,6.0,0.1057015863134387,0.08,-0.04,-0.0501447921638704,0.6301977829109022,0.1,holders,0.0109769615995496,0x69c7bd26512f52bf6f76fab834140d13dda673ca
2026-10-06 08:00:00+00:00,dex_short,1,robinhood:0x20024e485c0b22b42855589700721b28320a7777,2.9,Avoid - watch only,0.54532,0.12838,0.003877673294365,84,closed,time_limit,0.0767802386506957,4.0,-0.0161938520389508,0.2567504839838601,-0.12837524199193,-0.2112192738670035,0.6554125249836108,0.05,lp,0.0192443807885469,0x126a9f6ee2e4be592c3520579ba9b48327a3d5e0
2026-10-06 08:00:00+00:00,dex_short,2,ethereum:0x1abaea1f7c830bd89acc67ec4af516284b1bc33c,0.9,Avoid - watch only,0.48872,0.02,1.12302015825804,84,closed,time_limit,-0.0041394784716385,4.0,-0.002760096708995,0.04,-0.0199999999999999,0.0018550891974714,1.1940986976342285,0.15,lp|holders,0.0058106254585911,0xb2b92b56988a4edbe255989792c6ea239b25eaf66b42093145cbf8f630db3a17
2026-10-06 08:00:00+00:00,dex_short,3,robinhood:0x2e8c31162b855a2ffa90f6f8634643ad6f111e18,0.8,Avoid - watch only,0.39206,0.07064,0.115696940837205,84,closed,time_limit,-0.0291488082889766,4.0,-0.016057153058572,0.1412729389510327,-0.0706364694755163,0.025179012582031,0.8640811019424278,0.05,lp,0.0191076818081681,0x592e3fb7ea947506b36481025abc15baada8e1839a50fded46ecf08b3182fa96
2026-10-06 08:00:00+00:00,dex_short,4,ethereum:0xe0f63a424a4439cbe457d80e4f4b51ad25b2c56c,0.7,Avoid - watch only,0.43491,0.02599,0.43475256524476,84,closed,time_limit,-0.0152599536211604,4.0,-0.0078803259522274,0.0519888660052896,-0.0259944330026448,-0.0491734354325771,1.1754072171853225,0.0,none,0.0109308547018235,0x52c77b0cb827afbad022e6d6caf2c44452edbc39
2026-10-06 08:00:00+00:00,dex_short,5,ethereum:0x62d0a8458ed7719fdaf978fe5929c6d342b0bfce,0.6,Avoid - watch only,0.41702,0.04352,0.0024849235423966,84,closed,time_limit,-0.0119185202223817,4.0,-0.0099059854705187,0.0870394463613517,-0.0435197231806758,-0.0228532346705696,0.8684593222052666,0.15,lp|holders,0.0110449499338332,0x180efc1349a69390ade25667487a826164c9c6e4
2026-10-06 09:00:00+00:00,dex_day,1,robinhood:0x20024e485c0b22b42855589700721b28320a7777,2.2,Avoid - watch only,0.46154,0.3,0.0040634858304471,84,closed,time_limit,-0.0928249307432283,24.0,-0.0519717417196124,0.6000000000000001,-0.3,-0.1529122029436358,0.6494688167809395,0.05,lp,0.0192163977378471,0x126a9f6ee2e4be592c3520579ba9b48327a3d5e0
2026-10-06 09:00:00+00:00,dex_day,2,ethereum:0xe0f63a424a4439cbe457d80e4f4b51ad25b2c56c,1.2,Avoid - watch only,0.44665,0.0631,0.43013285792049,84,closed,safety_exit,-0.0822674874827617,17.0,-0.0662313343941679,0.1262000683591333,-0.0631000341795666,-0.0558833692135061,1.1927671893119285,0.0,none,0.0191674533031951,0x52c77b0cb827afbad022e6d6caf2c44452edbc39
2026-10-06 09:00:00+00:00,dex_day,3,robinhood:0x2e8c31162b855a2ffa90f6f8634643ad6f111e18,1.2,Avoid - watch only,0.3839,0.17,0.113963998100852,84,closed,time_limit,0.0737883540869232,24.0,-0.0518595355750717,0.3399971728687698,-0.1699985864343849,0.0287471323201593,0.8647564865407152,0.05,lp,0.0191041915933064,0x592e3fb7ea947506b36481025abc15baada8e1839a50fded46ecf08b3182fa96
2026-10-06 09:00:00+00:00,dex_day,4,ethereum:0x1abaea1f7c830bd89acc67ec4af516284b1bc33c,0.8,Avoid - watch only,0.52198,0.04,1.12364462504709,84,closed,time_limit,-0.0182962391512017,24.0,-0.0468266266727954,0.08,-0.0400000000000001,0.0029243128570529,1.2798052708268044,0.15,lp|holders,0.0140712826910301,0xb2b92b56988a4edbe255989792c6ea239b25eaf66b42093145cbf8f630db3a17
2026-10-06 09:00:00+00:00,dex_day,5,ethereum:0x62d0a8458ed7719fdaf978fe5929c6d342b0bfce,0.6,Avoid - watch only,0.40302,0.10441,0.002482557045948,84,closed,time_limit,-0.0035854752220904,24.0,-0.0490940664560985,0.2088173079451647,-0.1044086539725823,-0.0423863182239543,0.8183584710771924,0.15,lp|holders,0.0192803865729864,0x180efc1349a69390ade25667487a826164c9c6e4
2026-10-06 09:00:00+00:00,dex_short,1,robinhood:0x20024e485c0b22b42855589700721b28320a7777,3.0,Avoid - watch only,0.55602,0.12777,0.0040634858304471,84,closed,time_limit,0.0394654221848641,4.0,-0.0186226432294662,0.2555326524853358,-0.1277663262426679,-0.1529122029436358,0.6494688167809395,0.05,lp,0.0192163977378471,0x126a9f6ee2e4be592c3520579ba9b48327a3d5e0
2026-10-06 09:00:00+00:00,dex_short,2,robinhood:0x2e8c31162b855a2ffa90f6f8634643ad6f111e18,1.0,Avoid - watch only,0.43168,0.0694,0.113963998100852,84,closed,time_limit,0.0179879342653985,4.0,-0.0185104370849255,0.1388032645862218,-0.0750219635219268,0.0287471323201593,0.8647564865407152,0.05,lp,0.0191041915933064,0x592e3fb7ea947506b36481025abc15baada8e1839a50fded46ecf08b3182fa96
2026-10-06 09:00:00+00:00,dex_short,3,ethereum:0xe0f63a424a4439cbe457d80e4f4b51ad25b2c56c,0.2,Avoid - watch only,0.4872,0.02576,0.43013285792049,84,closed,time_limit,-0.0132052841165457,4.0,-0.0185736987948142,0.0515209621640389,-0.0257604810820193,-0.0558833692135061,1.1927671893119285,0.0,none,0.0191674533031951,0x52c77b0cb827afbad022e6d6caf2c44452edbc39
2026-10-06 09:00:00+00:00,dex_short,4,ethereum:0x62d0a8458ed7719fdaf978fe5929c6d342b0bfce,0.2,Avoid - watch only,0.41171,0.04262,0.002482557045948,84,closed,time_limit,-0.0109177199140716,4.0,-0.0055399486048825,0.0852493089878794,-0.0426246544939397,-0.0423863182239543,0.8183584710771924,0.15,lp|holders,0.0192803865729864,0x180efc1349a69390ade25667487a826164c9c6e4
2026-10-06 09:00:00+00:00,dex_short,5,ethereum:0x1abaea1f7c830bd89acc67ec4af516284b1bc33c,0.1,Avoid - watch only,0.46146,0.02,1.12364462504709,84,closed,time_limit,-0.0122544620364175,4.0,-0.0134775281826492,0.04,-0.02,0.0029243128570529,1.2798052708268044,0.15,lp|holders,0.0140712826910301,0xb2b92b56988a4edbe255989792c6ea239b25eaf66b42093145cbf8f630db3a17
2026-10-06 10:00:00+00:00,dex_day,1,robinhood:0x20024e485c0b22b42855589700721b28320a7777,1.6,Avoid - watch only,0.41847,0.3,0.0041745219833426,84,closed,time_limit,-0.1319807844247422,24.0,-0.0557496218829825,0.6000000000000001,-0.3,-0.1104441615948799,0.6446248314257853,0.05,lp,0.0192565619695807,0x126a9f6ee2e4be592c3520579ba9b48327a3d5e0
2026-10-06 10:00:00+00:00,dex_day,2,ethereum:0x1abaea1f7c830bd89acc67ec4af516284b1bc33c,0.8,Avoid - watch only,0.53472,0.04,1.12403942046657,84,closed,time_limit,-0.0163217986920068,24.0,-0.0485867213365687,0.08,-0.04,0.0031140867377478,1.2722877684257936,0.15,lp|holders,0.0120936614231669,0xb2b92b56988a4edbe255989792c6ea239b25eaf66b42093145cbf8f630db3a17
2026-10-06 10:00:00+00:00,dex_day,3,robinhood:0x2e8c31162b855a2ffa90f6f8634643ad6f111e18,0.6,Avoid - watch only,0.40526,0.16911,0.110372262858853,84,closed,time_limit,0.0989679040959249,24.0,-0.0556321107979909,0.3382114690691851,-0.1691057345345925,0.011473599770595,0.8605117594588108,0.05,lp,0.0191390508845891,0x592e3fb7ea947506b36481025abc15baada8e1839a50fded46ecf08b3182fa96
2026-10-06 10:00:00+00:00,dex_day,4,ethereum:0x514910771af9ca656af840dff83e8264ecf986ca,0.4,Avoid - watch only,0.47797,0.04,14.0475692849774,84,closed,safety_exit,-0.057231161044083,14.0,-0.0487814586093963,0.08,-0.0399999999999999,-0.0056767311677918,0.5659593056478891,0.15,lp|holders,0.0172311610440831,0xa6cc3c2531fdaa6ae1a3ca84c2855806728693e8
2026-10-06 10:00:00+00:00,dex_day,5,ethereum:0xe0f63a424a4439cbe457d80e4f4b51ad25b2c56c,0.4,Avoid - watch only,0.4253,0.06263,0.434074673097563,84,closed,safety_exit,-0.0798396946735712,16.0,-0.0487615981516516,0.1252567881744661,-0.0626283940872329,-0.0454669637234524,1.1900406407953548,0.1,holders,0.0172113005863384,0x52c77b0cb827afbad022e6d6caf2c44452edbc39
2026-10-06 10:00:00+00:00,dex_short,1,robinhood:0x20024e485c0b22b42855589700721b28320a7777,2.7,Avoid - watch only,0.54078,0.1259,0.0041745219833426,84,closed,time_limit,0.0147254602646101,4.0,-0.0146445838716509,0.2517951613194575,-0.1258975806597287,-0.1104441615948799,0.6446248314257853,0.05,lp,0.0192565619695807,0x126a9f6ee2e4be592c3520579ba9b48327a3d5e0
2026-10-06 10:00:00+00:00,dex_short,2,robinhood:0x2e8c31162b855a2ffa90f6f8634643ad6f111e18,0.5,Avoid - watch only,0.44539,0.06904,0.110372262858853,84,closed,time_limit,0.0311430682903811,4.0,-0.0145270727866593,0.1380742540627666,-0.0690371270313833,0.011473599770595,0.8605117594588108,0.05,lp,0.0191390508845891,0x592e3fb7ea947506b36481025abc15baada8e1839a50fded46ecf08b3182fa96
2026-10-06 10:00:00+00:00,dex_short,3,ethereum:0xe0f63a424a4439cbe457d80e4f4b51ad25b2c56c,0.1,Avoid - watch only,0.4228,0.02557,0.434074673097563,84,closed,time_limit,-0.0149223888870265,4.0,-0.0125993224884086,0.05113586964122,-0.02556793482061,-0.0454669637234524,1.1900406407953548,0.1,holders,0.0172113005863384,0x52c77b0cb827afbad022e6d6caf2c44452edbc39
2026-10-06 10:00:00+00:00,dex_short,4,ethereum:0x1abaea1f7c830bd89acc67ec4af516284b1bc33c,0.1,Avoid - watch only,0.48645,0.02,1.12403942046657,84,closed,time_limit,-0.0114430308427762,4.0,-0.0074816833252371,0.04,-0.02,0.0031140867377478,1.2722877684257936,0.15,lp|holders,0.0120936614231669,0xb2b92b56988a4edbe255989792c6ea239b25eaf66b42093145cbf8f630db3a17
2026-10-06 10:00:00+00:00,dex_short,5,ethereum:0x56072c95faa701256059aa122697b133aded9279,0.1,Avoid - watch only,0.40693,0.02919,0.0897695760511512,84,closed,time_limit,-0.0378657582768045,4.0,-0.0128138137335061,0.0583848621692479,-0.0361332698250604,-0.0501271038772763,1.7682376541257037,0.15,lp|holders,0.0174257918314359,0x764510ab1d39cf300e7abe8f5b8977d18f290628
2026-10-06 11:00:00+00:00,dex_day,1,robinhood:0x20024e485c0b22b42855589700721b28320a7777,1.9,Avoid - watch only,0.44944,0.3,0.0041942334430785,84,closed,time_limit,-0.1552532392333248,24.0,-0.0626218630415728,0.6000000000000001,-0.3,-0.1504633616305399,0.6310714089660726,0.05,lp,0.0192637071998024,0x126a9f6ee2e4be592c3520579ba9b48327a3d5e0
2026-10-06 11:00:00+00:00,dex_day,2,ethereum:0x1abaea1f7c830bd89acc67ec4af516284b1bc33c,1.5,Avoid - watch only,0.52903,0.04,1.12648876032051,84,closed,time_limit,-0.0154430590440239,24.0,-0.0504305100536777,0.08,-0.04,0.0063315492312359,1.1370928379592191,0.15,lp|holders,0.0070723542119073,0xb2b92b56988a4edbe255989792c6ea239b25eaf66b42093145cbf8f630db3a17
2026-10-06 11:00:00+00:00,dex_day,3,ethereum:0xe0f63a424a4439cbe457d80e4f4b51ad25b2c56c,1.4,Avoid - watch only,0.4487,0.06141,0.432410396772223,84,closed,safety_exit,-0.0736812682860095,15.0,-0.0367849344813368,0.1228161232273035,-0.0614080616136517,-0.0518591314589459,1.1785647494133624,0.0,none,0.012273206672358,0x52c77b0cb827afbad022e6d6caf2c44452edbc39
2026-10-06 11:00:00+00:00,dex_day,4,robinhood:0x2e8c31162b855a2ffa90f6f8634643ad6f111e18,1.1,Avoid - watch only,0.38502,0.16778,0.113096905747637,84,closed,time_limit,0.0088029186703058,24.0,-0.0625076468065446,0.3355640217804883,-0.1677820108902441,0.0050282438428213,0.8513080842267785,0.05,lp,0.0191494909647742,0x592e3fb7ea947506b36481025abc15baada8e1839a50fded46ecf08b3182fa96
2026-10-06 11:00:00+00:00,dex_day,5,ethereum:0x8ed97a637a790be1feff5e888d43629dc05408f6,0.9,Avoid - watch only,0.45721,0.04,0.0200851683447042,84,closed,take_profit,0.0676802834910496,3.0,0.071239544143028,0.08,-0.04,-0.0512515083299072,0.693194205961492,0.1,holders,0.0123197165089504,0x69c7bd26512f52bf6f76fab834140d13dda673ca
2026-10-06 11:00:00+00:00,dex_short,1,robinhood:0x20024e485c0b22b42855589700721b28320a7777,1.5,Avoid - watch only,0.42949,0.12338,0.0041942334430785,84,closed,time_limit,-0.0384077383333948,4.0,-0.0242248111856766,0.2467600986541662,-0.1233800493270831,-0.1504633616305399,0.6310714089660726,0.05,lp,0.0192637071998024,0x126a9f6ee2e4be592c3520579ba9b48327a3d5e0
2026-10-06 11:00:00+00:00,dex_short,2,robinhood:0x2e8c31162b855a2ffa90f6f8634643ad6f111e18,0.8,Avoid - watch only,0.40712,0.0685,0.113096905747637,84,closed,time_limit,0.0136236911451744,4.0,-0.0241105949506484,0.1369934382330628,-0.0684967191165314,0.0050282438428213,0.8513080842267785,0.05,lp,0.0191494909647742,0x592e3fb7ea947506b36481025abc15baada8e1839a50fded46ecf08b3182fa96
2026-10-06 11:00:00+00:00,dex_short,3,ethereum:0xe0f63a424a4439cbe457d80e4f4b51ad25b2c56c,0.6,Avoid - watch only,0.51975,0.02507,0.432410396772223,84,closed,time_limit,-0.0299805381274809,4.0,-0.0172343106582322,0.0501394723489458,-0.0313371702180911,-0.0518591314589459,1.1785647494133624,0.0,none,0.012273206672358,0x52c77b0cb827afbad022e6d6caf2c44452edbc39
2026-10-06 11:00:00+00:00,dex_short,4,ethereum:0x1abaea1f7c830bd89acc67ec4af516284b1bc33c,0.5,Avoid - watch only,0.47984,0.02,1.12648876032051,84,closed,time_limit,-0.0064007030690724,4.0,-0.0120334581977815,0.04,-0.02,0.0063315492312359,1.1370928379592191,0.15,lp|holders,0.0070723542119073,0xb2b92b56988a4edbe255989792c6ea239b25eaf66b42093145cbf8f630db3a17
2026-10-06 11:00:00+00:00,dex_short,5,ethereum:0x6982508145454ce325ddbe47a25d4ec3d2311933,0.2,Avoid - watch only,0.45823,0.02,4.34472564872839e-06,84,closed,time_limit,-0.020857445200892,4.0,-0.0172153076988556,0.04,-0.0248980697223448,-0.0344286958108313,0.7207200729499414,0.15,lp|holders,0.0122542037129814,0xa43fe16908251ee70ef74718545e4fe6c5ccec9f
2026-10-06 12:00:00+00:00,dex_day,1,ethereum:0x1abaea1f7c830bd89acc67ec4af516284b1bc33c,1.9,Avoid - watch only,0.54864,0.04,1.1248968900118,84,closed,time_limit,-0.0129992499888593,24.0,-0.0816150556965255,0.08,-0.04,0.0035642670970422,1.1676972680223363,0.15,lp|holders,0.0059885659960472,0xb2b92b56988a4edbe255989792c6ea239b25eaf66b42093145cbf8f630db3a17
2026-10-06 12:00:00+00:00,dex_day,2,robinhood:0x20024e485c0b22b42855589700721b28320a7777,1.7,Avoid - watch only,0.43997,0.29657,0.0042500253967661,84,closed,time_limit,-0.2062295792132487,24.0,-0.0948752810549554,0.5931493738506004,-0.2965746869253002,-0.1606493139050178,0.6301380262703216,0.05,lp,0.0192487913544771,0x126a9f6ee2e4be592c3520579ba9b48327a3d5e0
2026-10-06 12:00:00+00:00,dex_day,3,ethereum:0xe0f63a424a4439cbe457d80e4f4b51ad25b2c56c,1.4,Avoid - watch only,0.43972,0.06017,0.43287047838438,84,closed,safety_exit,-0.0713457221865881,14.0,-0.0669790736009259,0.1203481313920937,-0.0601740656960468,-0.042854425387215,1.1620510040213834,0.0,none,0.0111716564905414,0x52c77b0cb827afbad022e6d6caf2c44452edbc39
2026-10-06 12:00:00+00:00,dex_day,4,ethereum:0x514910771af9ca656af840dff83e8264ecf986ca,1.2,Avoid - watch only,0.51066,0.04,13.9810781404779,84,closed,safety_exit,-0.0511916428115383,12.0,-0.0669990599219227,0.08,-0.0400000000000001,-0.0195833959586408,0.5805699250558812,0.15,lp|holders,0.0111916428115382,0xa6cc3c2531fdaa6ae1a3ca84c2855806728693e8
2026-10-06 12:00:00+00:00,dex_day,5,robinhood:0x2e8c31162b855a2ffa90f6f8634643ad6f111e18,1.1,Avoid - watch only,0.38373,0.16494,0.114535213220816,84,closed,time_limit,0.008039639112677,24.0,-0.0947605096978919,0.3298780751050771,-0.1649390375525385,-0.0147895706162084,0.8375107780693292,0.05,lp,0.0191340199974136,0x592e3fb7ea947506b36481025abc15baada8e1839a50fded46ecf08b3182fa96
2026-10-06 12:00:00+00:00,dex_short,1,robinhood:0x20024e485c0b22b42855589700721b28320a7777,1.2,Avoid - watch only,0.39415,0.12108,0.0042500253967661,84,closed,time_limit,-0.0296558522647376,4.0,-0.0381332209066852,0.2421522178642183,-0.1210761089321091,-0.1606493139050178,0.6301380262703216,0.05,lp,0.0192487913544771,0x126a9f6ee2e4be592c3520579ba9b48327a3d5e0
2026-10-06 12:00:00+00:00,dex_short,2,ethereum:0x1abaea1f7c830bd89acc67ec4af516284b1bc33c,0.8,Avoid - watch only,0.49756,0.02,1.1248968900118,84,closed,time_limit,-0.0067595068006136,4.0,-0.0248729955482553,0.04,-0.0200000000000001,0.0035642670970422,1.1676972680223363,0.15,lp|holders,0.0059885659960472,0xb2b92b56988a4edbe255989792c6ea239b25eaf66b42093145cbf8f630db3a17
2026-10-06 12:00:00+00:00,dex_short,3,robinhood:0x2e8c31162b855a2ffa90f6f8634643ad6f111e18,0.8,Avoid - watch only,0.40723,0.06734,0.114535213220816,84,closed,time_limit,-0.0509356965120998,4.0,-0.0380184495496217,0.1346721602231575,-0.0673360801115787,-0.0147895706162084,0.8375107780693292,0.05,lp,0.0191340199974136,0x592e3fb7ea947506b36481025abc15baada8e1839a50fded46ecf08b3182fa96
2026-10-06 12:00:00+00:00,dex_short,4,ethereum:0xe0f63a424a4439cbe457d80e4f4b51ad25b2c56c,0.6,Avoid - watch only,0.48815,0.02457,0.43287047838438,84,closed,safety_exit,-0.0357376159412127,4.0,-0.0300560860427495,0.0491319189013426,-0.0245659594506713,-0.042854425387215,1.1620510040213834,0.0,none,0.0111716564905414,0x52c77b0cb827afbad022e6d6caf2c44452edbc39
2026-10-06 12:00:00+00:00,dex_short,5,ethereum:0x514910771af9ca656af840dff83e8264ecf986ca,0.4,Avoid - watch only,0.54334,0.02,13.9810781404779,84,closed,time_limit,-0.012998363517045,4.0,-0.027658295930339,0.04,-0.0235440808108923,-0.0195833959586408,0.5805699250558812,0.15,lp|holders,0.0111916428115382,0xa6cc3c2531fdaa6ae1a3ca84c2855806728693e8
2026-10-06 13:00:00+00:00,dex_day,1,robinhood:0x20024e485c0b22b42855589700721b28320a7777,1.4,Avoid - watch only,0.41786,0.29095,0.0043019385742079,80,closed,time_limit,-0.1939545875527313,24.0,-0.1017713296611091,0.5818960244369364,-0.2909480122184682,-0.1301757790659854,0.6426391194431772,0.05,lp,0.0192389976808327,0x126a9f6ee2e4be592c3520579ba9b48327a3d5e0
2026-10-06 13:00:00+00:00,dex_day,2,robinhood:0x2e8c31162b855a2ffa90f6f8634643ad6f111e18,1.2,Avoid - watch only,0.39988,0.16469,0.11819116506177,80,closed,time_limit,-0.03945621871605,24.0,-0.101683674456848,0.3293809944889081,-0.164690497244454,-0.0314685137743668,0.8305779562891898,0.05,lp,0.0191513424765716,0x592e3fb7ea947506b36481025abc15baada8e1839a50fded46ecf08b3182fa96
2026-10-06 13:00:00+00:00,dex_day,3,ethereum:0xe0f63a424a4439cbe457d80e4f4b51ad25b2c56c,0.7,Avoid - watch only,0.45001,0.05894,0.432697382792149,80,closed,safety_exit,-0.0787836079786581,13.0,-0.0987843334524168,0.1178700029198807,-0.0589350014599404,-0.0424271784108924,1.164027059607322,0.0,none,0.0198486065187177,0x52c77b0cb827afbad022e6d6caf2c44452edbc39
2026-10-06 13:00:00+00:00,dex_day,4,ethereum:0x8ed97a637a790be1feff5e888d43629dc05408f6,0.5,Avoid - watch only,0.43688,0.05274,0.0211186412303322,80,closed,take_profit,0.0855959706108507,8.0,-0.0844391061455235,0.1054888357074408,-0.0612654443244334,0.0069049556334235,0.880120539227746,0.1,holders,0.0198928650965901,0x69c7bd26512f52bf6f76fab834140d13dda673ca
2026-10-06 13:00:00+00:00,dex_day,5,ethereum:0x1abaea1f7c830bd89acc67ec4af516284b1bc33c,0.5,Avoid - watch only,0.53342,0.04,1.12568608581032,80,closed,time_limit,-0.0210705098051082,24.0,-0.0972372144369115,0.08,-0.0400000000000001,0.0057814319265747,1.1642347874215528,0.15,lp|holders,0.0147048824566351,0xb2b92b56988a4edbe255989792c6ea239b25eaf66b42093145cbf8f630db3a17
2026-10-06 13:00:00+00:00,dex_short,1,robinhood:0x20024e485c0b22b42855589700721b28320a7777,1.1,Avoid - watch only,0.38868,0.11878,0.0043019385742079,80,closed,time_limit,-0.0360682363162215,4.0,-0.0482123532405857,0.2375580572040976,-0.1187790286020488,-0.1301757790659854,0.6426391194431772,0.05,lp,0.0192389976808327,0x126a9f6ee2e4be592c3520579ba9b48327a3d5e0
2026-10-06 13:00:00+00:00,dex_short,2,robinhood:0x2e8c31162b855a2ffa90f6f8634643ad6f111e18,0.7,Avoid - watch only,0.38123,0.06723,0.11819116506177,80,closed,safety_exit,-0.0863859564322634,4.0,-0.0481246980363246,0.1344692279113839,-0.0672346139556919,-0.0314685137743668,0.8305779562891898,0.05,lp,0.0191513424765716,0x592e3fb7ea947506b36481025abc15baada8e1839a50fded46ecf08b3182fa96
2026-10-06 13:00:00+00:00,dex_short,3,robinhood:0x812486eaea648819853f8e372dc9f1516c7868bd,0.4,Avoid - watch only,0.49437,0.11168,0.0103140009765769,80,closed,safety_exit,-0.145138788713549,1.0,-0.1392671181618519,0.2233695660996186,-0.1116847830498092,-0.6361379379666121,3.5319550521193657,0.15,lp|holders,0.0334540056637398,0x6d56f66e52e63e8be558d708a987426314bb4de92bc9b43a44effee1f2abf317
2026-10-06 13:00:00+00:00,dex_short,4,ethereum:0xe0f63a424a4439cbe457d80e4f4b51ad25b2c56c,0.1,Avoid - watch only,0.47778,0.02406,0.432697382792149,80,closed,safety_exit,-0.0439087201132235,3.0,-0.0654050378297095,0.0481202271890117,-0.0240601135945058,-0.0424271784108924,1.164027059607322,0.0,none,0.0198486065187177,0x52c77b0cb827afbad022e6d6caf2c44452edbc39
2026-10-06 13:00:00+00:00,dex_short,5,ethereum:0x1abaea1f7c830bd89acc67ec4af516284b1bc33c,0.1,Avoid - watch only,0.48958,0.02,1.12568608581032,80,closed,time_limit,-0.0158252396760121,4.0,-0.0436782380163881,0.04,-0.02,0.0057814319265747,1.1642347874215528,0.15,lp|holders,0.0147048824566351,0xb2b92b56988a4edbe255989792c6ea239b25eaf66b42093145cbf8f630db3a17
2026-10-06 14:00:00+00:00,dex_day,1,robinhood:0x2e8c31162b855a2ffa90f6f8634643ad6f111e18,1.4,Avoid - watch only,0.41542,0.16241,0.115922014133533,80,closed,time_limit,-0.0652437949515015,24.0,-0.0859447525352885,0.3248214301970862,-0.1624107150985431,-0.0469308397449266,0.8499639822810471,0.05,lp,0.0191465015795068,0x592e3fb7ea947506b36481025abc15baada8e1839a50fded46ecf08b3182fa96
2026-10-06 14:00:00+00:00,dex_day,2,robinhood:0x20024e485c0b22b42855589700721b28320a7777,1.2,Avoid - watch only,0.38983,0.28505,0.0043163806821977,80,closed,time_limit,-0.1884212230355578,24.0,-0.0860351594902103,0.5700975232214556,-0.2850487616107278,-0.1204930778534629,0.6484484878538297,0.05,lp,0.0192369085344286,0x126a9f6ee2e4be592c3520579ba9b48327a3d5e0
2026-10-06 14:00:00+00:00,dex_day,3,robinhood:0x812486eaea648819853f8e372dc9f1516c7868bd,1.1,Avoid - watch only,0.5446,0.29666,0.0089318234860898,80,closed,time_limit,-0.0864213049328248,24.0,-0.100529317590655,0.5933225254632137,-0.2966612627316068,-0.7689816764400241,3.5870319432159885,0.15,lp|holders,0.0337310666348733,0x6d56f66e52e63e8be558d708a987426314bb4de92bc9b43a44effee1f2abf317
2026-10-06 14:00:00+00:00,dex_day,4,ethereum:0xe0f63a424a4439cbe457d80e4f4b51ad25b2c56c,0.5,Avoid - watch only,0.43463,0.05805,0.435068231695191,80,closed,safety_exit,-0.0804481397064786,3.0,-0.0804481387589685,0.1160998407304201,-0.05804992036521,-0.034842120253283,1.1326664369963255,0.0,none,0.0223982193412686,0x52c77b0cb827afbad022e6d6caf2c44452edbc39
2026-10-06 14:00:00+00:00,dex_day,5,ethereum:0x1abaea1f7c830bd89acc67ec4af516284b1bc33c,0.4,Avoid - watch only,0.54066,0.04,1.12477075488709,80,closed,time_limit,-0.0229767335228539,24.0,-0.0840647959949879,0.08,-0.0399999999999999,0.0040039706321296,1.122850963813631,0.15,lp|holders,0.0172665450392062,0xb2b92b56988a4edbe255989792c6ea239b25eaf66b42093145cbf8f630db3a17
2026-10-06 14:00:00+00:00,dex_short,1,robinhood:0x20024e485c0b22b42855589700721b28320a7777,1.1,Avoid - watch only,0.39362,0.11637,0.0043163806821977,80,closed,time_limit,-0.033707743189519,4.0,-0.0101223273619314,0.2327413392528416,-0.1163706696264208,-0.1204930778534629,0.6484484878538297,0.05,lp,0.0192369085344286,0x126a9f6ee2e4be592c3520579ba9b48327a3d5e0
2026-10-06 14:00:00+00:00,dex_short,2,robinhood:0x2e8c31162b855a2ffa90f6f8634643ad6f111e18,0.7,Avoid - watch only,0.39549,0.0663,0.115922014133533,80,closed,safety_exit,-0.0854503983715004,3.0,0.0063470112158907,0.1326077935839875,-0.0663038967919937,-0.0469308397449266,0.8499639822810471,0.05,lp,0.0191465015795068,0x592e3fb7ea947506b36481025abc15baada8e1839a50fded46ecf08b3182fa96
2026-10-06 14:00:00+00:00,dex_short,3,robinhood:0x812486eaea648819853f8e372dc9f1516c7868bd,0.6,Avoid - watch only,0.56277,0.12111,0.0089318234860898,80,closed,take_profit,0.2084918400791856,1.0,0.0755309964392572,0.2422229067140588,-0.1211114533570293,-0.7689816764400241,3.5870319432159885,0.15,lp|holders,0.0337310666348733,0x6d56f66e52e63e8be558d708a987426314bb4de92bc9b43a44effee1f2abf317
2026-10-06 14:00:00+00:00,dex_short,4,ethereum:0xf280b16ef293d8e534e370794ef26bf312694126,0.3,Avoid - watch only,0.45225,0.06734,1.4371685226117e-05,80,closed,time_limit,0.0553714470545528,4.0,-0.0135914369508714,0.134685456279517,-0.0673427281397585,0.1917015038984164,1.8980199072485653,0.0,none,0.0227060181233686,0x76a411f14a704099ba476ce8dffc288a53295218
2026-10-06 14:00:00+00:00,dex_short,5,solana:JUPyiwrYJFskUPiHa7hkeR8VUtAeFoSYbKedZNsDvCN,0.1,Avoid - watch only,0.42894,0.02,0.3462661919523039,80,closed,take_profit,0.0280998888967617,3.0,0.0135934016921592,0.04,-0.02,0.0369207883824378,1.0242954661364594,0.12,metadata|holders,0.0119001111032383,C1MgLojNLWBKADvu9BHdtgzz1oZX4dZ5zGdGcgvvW8Wz
2026-10-06 14:00:00+00:00,dex_short,5,ethereum:0xd34a99bc0f67ae1bbd63c660e6d0b0dd03e263b7,0.2,Avoid - watch only,0.46639,0.12322,11.8334135362907,80,closed,time_limit,-0.1194922187161291,4.0,-0.0104676269227578,0.2464319062967068,-0.1232159531483535,0.1393699876545397,4.813730108410637,0.25,lp|holders|churn,0.019582208095255,0x894d4e6d3d2abc64fc0de0e4e2ea63a93bc9c520
2026-10-06 15:00:00+00:00,dex_day,1,robinhood:0x20024e485c0b22b42855589700721b28320a7777,1.4,Avoid - watch only,0.41642,0.28248,0.0041139389074626,80,closed,time_limit,-0.1623776042417895,24.0,-0.0830943363287146,0.5649521435047855,-0.2824760717523927,-0.0966960864017343,0.6446595449129517,0.05,lp,0.0192486192362628,0x126a9f6ee2e4be592c3520579ba9b48327a3d5e0
2026-10-06 15:00:00+00:00,dex_day,2,robinhood:0x2e8c31162b855a2ffa90f6f8634643ad6f111e18,1.2,Avoid - watch only,0.39944,0.15927,0.116803451235776,80,closed,time_limit,-0.0075023825593021,24.0,-0.0829835605774816,0.3185434797822686,-0.1592717398911343,-0.0514826111857846,0.8580729735956276,0.05,lp,0.0191378434850298,0x592e3fb7ea947506b36481025abc15baada8e1839a50fded46ecf08b3182fa96
2026-10-06 15:00:00+00:00,dex_day,3,ethereum:0xe0f63a424a4439cbe457d80e4f4b51ad25b2c56c,0.7,Avoid - watch only,0.46071,0.0613,0.424753562551936,80,closed,safety_exit,-0.0827540132968005,20.0,-0.082973244398222,0.122602892219966,-0.061301446109983,-0.0636450697994011,1.2115666959938531,0.0,none,0.0214525671868175,0x52c77b0cb827afbad022e6d6caf2c44452edbc39
2026-10-06 15:00:00+00:00,dex_day,4,ethereum:0x1abaea1f7c830bd89acc67ec4af516284b1bc33c,0.4,Avoid - watch only,0.53545,0.04,1.12724536778377,80,closed,time_limit,-0.023633192041142,24.0,-0.0801628548365299,0.08,-0.0399999999999999,0.0059450139022469,1.1546025864622005,0.15,lp|holders,0.0163171377440781,0xb2b92b56988a4edbe255989792c6ea239b25eaf66b42093145cbf8f630db3a17
2026-10-06 15:00:00+00:00,dex_day,5,ethereum:0xf280b16ef293d8e534e370794ef26bf312694126,0.4,Avoid - watch only,0.39403,0.16192,1.43126500833888e-05,80,closed,time_limit,-0.0970630396255667,24.0,-0.0856098359019283,0.3238327296001093,-0.1619163648000546,0.1929036291481498,1.898528234855064,0.0,none,0.0217641188094765,0x76a411f14a704099ba476ce8dffc288a53295218
2026-10-06 15:00:00+00:00,dex_short,1,robinhood:0x20024e485c0b22b42855589700721b28320a7777,1.5,Avoid - watch only,0.44346,0.11532,0.0041139389074626,80,closed,time_limit,-0.0241422708165744,4.0,-0.0367076982413192,0.2306407467797238,-0.1153203733898619,-0.0966960864017343,0.6446595449129517,0.05,lp,0.0192486192362628,0x126a9f6ee2e4be592c3520579ba9b48327a3d5e0
2026-10-06 15:00:00+00:00,dex_short,2,robinhood:0x2e8c31162b855a2ffa90f6f8634643ad6f111e18,0.6,Avoid - watch only,0.37941,0.06502,0.116803451235776,80,closed,safety_exit,-0.0841602590147904,2.0,-0.0616967002569038,0.1300448310595212,-0.0650224155297606,-0.0514826111857846,0.8580729735956276,0.05,lp,0.0191378434850298,0x592e3fb7ea947506b36481025abc15baada8e1839a50fded46ecf08b3182fa96
2026-10-06 15:00:00+00:00,dex_short,3,ethereum:0xd34a99bc0f67ae1bbd63c660e6d0b0dd03e263b7,0.4,Avoid - watch only,0.51,0.12263,11.2538963601811,80,closed,safety_exit,-0.1457227509011489,4.0,-0.0405561188477086,0.2452514221169934,-0.1226257110584967,-0.0203405587376384,4.8348554671345765,0.25,lp|holders|churn,0.0230970398426522,0x894d4e6d3d2abc64fc0de0e4e2ea63a93bc9c520
2026-10-06 15:00:00+00:00,dex_short,4,ethereum:0xf280b16ef293d8e534e370794ef26bf312694126,0.3,Avoid - watch only,0.45716,0.0661,1.43126500833888e-05,80,closed,time_limit,0.0609235728177254,4.0,-0.0392231978145329,0.1322041582554911,-0.0661020791277455,0.1929036291481498,1.898528234855064,0.0,none,0.0217641188094765,0x76a411f14a704099ba476ce8dffc288a53295218
2026-10-06 15:00:00+00:00,dex_short,5,robinhood:0x812486eaea648819853f8e372dc9f1516c7868bd,0.2,Avoid - watch only,0.49405,0.14439,0.0107652469553745,80,closed,safety_exit,-0.1777804971544518,1.0,-0.0847653995267557,0.2887758530212883,-0.1443879265106441,-0.4970472450428413,3.608623510800192,0.15,lp|holders,0.0333925706438077,0x6d56f66e52e63e8be558d708a987426314bb4de92bc9b43a44effee1f2abf317
2026-10-06 16:00:00+00:00,dex_day,1,ethereum:0x1abaea1f7c830bd89acc67ec4af516284b1bc33c,1.6,Avoid - watch only,0.54828,0.04,1.12402966109836,80,closed,time_limit,-0.0108381728329749,24.0,-0.0625148037074989,0.08,-0.0400000000000001,0.0039601986859007,1.1147538413109748,0.15,lp|holders,0.0070004176793834,0xb2b92b56988a4edbe255989792c6ea239b25eaf66b42093145cbf8f630db3a17
2026-10-06 16:00:00+00:00,dex_day,2,robinhood:0x2e8c31162b855a2ffa90f6f8634643ad6f111e18,1.5,Avoid - watch only,0.42874,0.16394,0.110892801420427,80,closed,time_limit,0.0019178990416238,24.0,-0.0746240965520345,0.3278831708526617,-0.1639415854263308,-0.12826441236282,0.8013150636045412,0.05,lp,0.019109710523919,0x592e3fb7ea947506b36481025abc15baada8e1839a50fded46ecf08b3182fa96
2026-10-06 16:00:00+00:00,dex_day,3,ethereum:0xe0f63a424a4439cbe457d80e4f4b51ad25b2c56c,1.4,Avoid - watch only,0.45496,0.06228,0.41699067657993,80,closed,safety_exit,-0.074448603400973,22.0,-0.0676848655927945,0.1245562476725883,-0.0622781238362941,-0.0749806495837717,1.1927685120315124,0.0,none,0.012170479564679,0x52c77b0cb827afbad022e6d6caf2c44452edbc39
2026-10-06 16:00:00+00:00,dex_day,4,robinhood:0x20024e485c0b22b42855589700721b28320a7777,1.2,Avoid - watch only,0.38499,0.278,0.0042057951235918,80,closed,time_limit,-0.217805744521167,24.0,-0.0747677763654363,0.5560017619051392,-0.2780008809525696,-0.088444765342853,0.6699024819530253,0.05,lp,0.0192533903373208,0x126a9f6ee2e4be592c3520579ba9b48327a3d5e0
2026-10-06 16:00:00+00:00,dex_day,5,ethereum:0x514910771af9ca656af840dff83e8264ecf986ca,1.0,Avoid - watch only,0.51511,0.04,13.9606830519793,80,closed,safety_exit,-0.0521900249005277,9.0,-0.0591384958676633,0.08,-0.04,-0.007019703220942,0.6285028584133632,0.15,lp|holders,0.0121900249005277,0xa6cc3c2531fdaa6ae1a3ca84c2855806728693e8
2026-10-06 16:00:00+00:00,dex_short,1,robinhood:0x20024e485c0b22b42855589700721b28320a7777,1.4,Avoid - watch only,0.43268,0.11349,0.0042057951235918,80,closed,time_limit,-0.0519754278624596,4.0,-0.0225266967797627,0.2269867687926687,-0.1134933843963343,-0.088444765342853,0.6699024819530253,0.05,lp,0.0192533903373208,0x126a9f6ee2e4be592c3520579ba9b48327a3d5e0
2026-10-06 16:00:00+00:00,dex_short,2,robinhood:0x2e8c31162b855a2ffa90f6f8634643ad6f111e18,0.9,Avoid - watch only,0.43533,0.06693,0.110892801420427,80,closed,time_limit,-0.0249542005869467,4.0,-0.0223830169663609,0.1338577439724697,-0.0669288719862349,-0.12826441236282,0.8013150636045412,0.05,lp,0.019109710523919,0x592e3fb7ea947506b36481025abc15baada8e1839a50fded46ecf08b3182fa96
2026-10-06 16:00:00+00:00,dex_short,3,ethereum:0x1abaea1f7c830bd89acc67ec4af516284b1bc33c,0.7,Avoid - watch only,0.54682,0.02,1.12402966109836,80,closed,time_limit,-0.0040447444578659,4.0,-0.0102737241218253,0.04,-0.02,0.0039601986859007,1.1147538413109748,0.15,lp|holders,0.0070004176793834,0xb2b92b56988a4edbe255989792c6ea239b25eaf66b42093145cbf8f630db3a17
2026-10-06 16:00:00+00:00,dex_short,4,ethereum:0xf280b16ef293d8e534e370794ef26bf312694126,0.7,Avoid - watch only,0.45715,0.06485,1.45449893860379e-05,80,closed,time_limit,0.0490649147557357,4.0,-0.01574816243981,0.1297062066379364,-0.0648531033189682,0.2179359521198289,1.9631893535214773,0.0,none,0.0124748559973681,0x76a411f14a704099ba476ce8dffc288a53295218
2026-10-06 16:00:00+00:00,dex_short,5,robinhood:0x812486eaea648819853f8e372dc9f1516c7868bd,0.7,Avoid - watch only,0.54552,0.15,0.0092281651101499,80,closed,safety_exit,-0.1836836466392161,4.0,-0.0369569530816581,0.3,-0.1499999999999999,-0.5798860576427893,3.543974448442143,0.15,lp|holders,0.0336836466392162,0x6d56f66e52e63e8be558d708a987426314bb4de92bc9b43a44effee1f2abf317
2026-10-06 17:00:00+00:00,dex_day,1,robinhood:0x2e8c31162b855a2ffa90f6f8634643ad6f111e18,2.1,Avoid - watch only,0.46496,0.16219,0.108051330053662,80,closed,time_limit,0.0194212568697114,24.0,-0.0798480531040223,0.32438453034213,-0.162192265171065,-0.2036422905025721,0.7869592590454975,0.05,lp,0.0191340991005115,0x592e3fb7ea947506b36481025abc15baada8e1839a50fded46ecf08b3182fa96
2026-10-06 17:00:00+00:00,dex_day,2,robinhood:0x20024e485c0b22b42855589700721b28320a7777,1.7,Avoid - watch only,0.41411,0.27246,0.0042295402233478,80,closed,time_limit,-0.219813186860625,24.0,-0.0799734192666763,0.5449131306931783,-0.2724565653465891,-0.1760784167530316,0.6330259484355909,0.05,lp,0.0192594652631655,0x126a9f6ee2e4be592c3520579ba9b48327a3d5e0
2026-10-06 17:00:00+00:00,dex_day,3,ethereum:0x1abaea1f7c830bd89acc67ec4af516284b1bc33c,1.5,Avoid - watch only,0.54766,0.04,1.12442491527733,80,closed,time_limit,-0.0112173187910947,24.0,-0.0678240687311479,0.08,-0.0400000000000001,0.0040417090851027,1.1091234753332495,0.15,lp|holders,0.0071101147276371,0xb2b92b56988a4edbe255989792c6ea239b25eaf66b42093145cbf8f630db3a17
2026-10-06 17:00:00+00:00,dex_day,4,ethereum:0xe0f63a424a4439cbe457d80e4f4b51ad25b2c56c,1.1,Avoid - watch only,0.42317,0.06126,0.418476172089986,80,closed,safety_exit,-0.073544902344647,20.0,-0.0843599680575149,0.1225142575849385,-0.0612571287924692,-0.0773011083693473,1.2763175154366428,0.0,none,0.0122877735521778,0x52c77b0cb827afbad022e6d6caf2c44452edbc39
2026-10-06 17:00:00+00:00,dex_day,5,ethereum:0x514910771af9ca656af840dff83e8264ecf986ca,0.8,Avoid - watch only,0.49978,0.04,13.9655093336519,80,closed,safety_exit,-0.0523074834130734,8.0,-0.0590529874360682,0.08,-0.04,-0.0088251901775935,0.6516536300044367,0.15,lp|holders,0.0123074834130734,0xa6cc3c2531fdaa6ae1a3ca84c2855806728693e8
2026-10-06 17:00:00+00:00,dex_short,1,robinhood:0x20024e485c0b22b42855589700721b28320a7777,1.4,Avoid - watch only,0.42401,0.11123,0.0042295402233478,80,closed,time_limit,-0.0600171995353459,4.0,-0.0313607171398965,0.2224598540568017,-0.1112299270284008,-0.1760784167530316,0.6330259484355909,0.05,lp,0.0192594652631655,0x126a9f6ee2e4be592c3520579ba9b48327a3d5e0
2026-10-06 17:00:00+00:00,dex_short,2,robinhood:0x2e8c31162b855a2ffa90f6f8634643ad6f111e18,1.1,Avoid - watch only,0.46562,0.06621,0.108051330053662,80,closed,time_limit,-0.0240128182762606,4.0,-0.0312353509772425,0.1324294299650976,-0.0662147149825488,-0.2036422905025721,0.7869592590454975,0.05,lp,0.0191340991005115,0x592e3fb7ea947506b36481025abc15baada8e1839a50fded46ecf08b3182fa96
2026-10-06 17:00:00+00:00,dex_short,3,robinhood:0x812486eaea648819853f8e372dc9f1516c7868bd,0.7,Avoid - watch only,0.53901,0.14944,0.0090559534589261,80,closed,safety_exit,-0.1830407824831765,3.0,-0.0986809873414971,0.298874394858851,-0.1494371974294255,-0.5373524173214221,3.13487398472968,0.15,lp|holders,0.033603585053751,0x6d56f66e52e63e8be558d708a987426314bb4de92bc9b43a44effee1f2abf317
2026-10-06 17:00:00+00:00,dex_short,4,ethereum:0xf280b16ef293d8e534e370794ef26bf312694126,0.6,Avoid - watch only,0.4478,0.06549,1.52410056039297e-05,80,closed,time_limit,-0.0298650024910828,4.0,-0.0246891059303509,0.130971726097143,-0.0654858630485715,0.2503775894609887,2.035547812862705,0.0,none,0.0125878540536199,0x76a411f14a704099ba476ce8dffc288a53295218
2026-10-06 17:00:00+00:00,dex_short,5,ethereum:0x1abaea1f7c830bd89acc67ec4af516284b1bc33c,0.5,Avoid - watch only,0.52385,0.02,1.12442491527733,80,closed,time_limit,-0.0060046414932741,4.0,-0.0192113666043681,0.04,-0.02,0.0040417090851027,1.1091234753332495,0.15,lp|holders,0.0071101147276371,0xb2b92b56988a4edbe255989792c6ea239b25eaf66b42093145cbf8f630db3a17
2026-10-06 18:00:00+00:00,dex_day,1,robinhood:0x2e8c31162b855a2ffa90f6f8634643ad6f111e18,2.1,Avoid - watch only,0.46813,0.16074,0.105007938969357,80,closed,time_limit,0.0547170618178915,24.0,-0.084823305416221,0.3214729761131829,-0.1607364880565914,-0.2258665280791598,0.8130923134591324,0.05,lp,0.0191220265357293,0x592e3fb7ea947506b36481025abc15baada8e1839a50fded46ecf08b3182fa96
2026-10-06 18:00:00+00:00,dex_day,2,robinhood:0x20024e485c0b22b42855589700721b28320a7777,1.5,Avoid - watch only,0.40074,0.26702,0.0042539190510372,80,closed,time_limit,-0.2145877537863893,24.0,-0.0849692598074633,0.5340385191925092,-0.2670192595962546,-0.1883772353292903,0.6256679335601155,0.05,lp,0.0192679809269716,0x126a9f6ee2e4be592c3520579ba9b48327a3d5e0
2026-10-06 18:00:00+00:00,dex_day,3,ethereum:0x1abaea1f7c830bd89acc67ec4af516284b1bc33c,1.0,Avoid - watch only,0.49158,0.04,1.12567522027847,80,closed,time_limit,-0.0142712619127543,24.0,-0.0732570648340703,0.08,-0.04,0.0050356709772477,1.0868566016315162,0.15,lp|holders,0.0075557859535786,0xb2b92b56988a4edbe255989792c6ea239b25eaf66b42093145cbf8f630db3a17
2026-10-06 18:00:00+00:00,dex_day,4,ethereum:0xe0f63a424a4439cbe457d80e4f4b51ad25b2c56c,0.6,Avoid - watch only,0.42213,0.06104,0.422469544185625,80,closed,safety_exit,-0.0737777777091949,17.0,-0.0654792336892058,0.1220834358638403,-0.0610417179319201,-0.0785994183554817,1.273455137470214,0.1,holders,0.0127360597772748,0x52c77b0cb827afbad022e6d6caf2c44452edbc39
2026-10-06 18:00:00+00:00,dex_day,5,robinhood:0x812486eaea648819853f8e372dc9f1516c7868bd,0.6,Avoid - watch only,0.45608,0.3,0.0095422924443982,80,closed,time_limit,-0.1057509010586284,24.0,-0.0993030559811386,0.6000000000000001,-0.3,-0.328290727148107,2.7402064500901933,0.15,lp|holders,0.0336017771006469,0x6d56f66e52e63e8be558d708a987426314bb4de92bc9b43a44effee1f2abf317
2026-10-06 18:00:00+00:00,dex_short,1,robinhood:0x2e8c31162b855a2ffa90f6f8634643ad6f111e18,1.2,Avoid - watch only,0.49298,0.06562,0.105007938969357,80,closed,time_limit,0.0776524599766234,4.0,-0.0277977090812533,0.1312407929285373,-0.0656203964642686,-0.2258665280791598,0.8130923134591324,0.05,lp,0.0191220265357293,0x592e3fb7ea947506b36481025abc15baada8e1839a50fded46ecf08b3182fa96
2026-10-06 18:00:00+00:00,dex_short,2,robinhood:0x20024e485c0b22b42855589700721b28320a7777,1.2,Avoid - watch only,0.41171,0.10901,0.0042539190510372,80,closed,time_limit,-0.011097106843734,4.0,-0.0279436634724956,0.2180203125021949,-0.1090101562510974,-0.1883772353292903,0.6256679335601155,0.05,lp,0.0192679809269716,0x126a9f6ee2e4be592c3520579ba9b48327a3d5e0
2026-10-06 18:00:00+00:00,dex_short,3,robinhood:0x812486eaea648819853f8e372dc9f1516c7868bd,0.5,Avoid - watch only,0.48146,0.14894,0.0095422924443982,80,closed,safety_exit,-0.1825374670376604,2.0,-0.0533844319693663,0.2978713798740275,-0.1489356899370136,-0.328290727148107,2.7402064500901933,0.15,lp|holders,0.0336017771006469,0x6d56f66e52e63e8be558d708a987426314bb4de92bc9b43a44effee1f2abf317
2026-10-06 18:00:00+00:00,dex_short,4,ethereum:0x1abaea1f7c830bd89acc67ec4af516284b1bc33c,0.4,Avoid - watch only,0.50605,0.02,1.12567522027847,80,closed,time_limit,-0.0073820061807132,4.0,-0.0162314684991026,0.04,-0.0199999999999999,0.0050356709772477,1.0868566016315162,0.15,lp|holders,0.0075557859535786,0xb2b92b56988a4edbe255989792c6ea239b25eaf66b42093145cbf8f630db3a17
2026-10-06 18:00:00+00:00,dex_short,5,ethereum:0xf280b16ef293d8e534e370794ef26bf312694126,0.3,Avoid - watch only,0.44951,0.06421,1.54937899789072e-05,80,closed,time_limit,-0.0568389369424317,4.0,-0.0217115486244661,0.1284282108582757,-0.0642141054291378,0.2789684319416921,2.069354398232868,0.0,none,0.0130358660789421,0x76a411f14a704099ba476ce8dffc288a53295218
2026-10-06 19:00:00+00:00,dex_day,1,robinhood:0x20024e485c0b22b42855589700721b28320a7777,1.9,Avoid - watch only,0.44394,0.26369,0.0040938067238268,83,closed,time_limit,-0.2048525938488048,24.0,-0.0853546046405738,0.5273728325876141,-0.263686416293807,-0.198449331965187,0.6315396657124235,0.05,lp,0.0192763725716919,0x126a9f6ee2e4be592c3520579ba9b48327a3d5e0
2026-10-06 19:00:00+00:00,dex_day,2,robinhood:0x2e8c31162b855a2ffa90f6f8634643ad6f111e18,1.5,Avoid - watch only,0.41915,0.16047,0.107908588075165,83,closed,time_limit,0.0221244957111309,24.0,-0.0851963685216062,0.3209346325238211,-0.1604673162619105,-0.1140281403959546,0.7793366384244579,0.05,lp,0.0191181364527243,0x592e3fb7ea947506b36481025abc15baada8e1839a50fded46ecf08b3182fa96
2026-10-06 19:00:00+00:00,dex_day,3,ethereum:0xe0f63a424a4439cbe457d80e4f4b51ad25b2c56c,1.2,Avoid - watch only,0.44251,0.06028,0.418498214637878,83,closed,safety_exit,-0.0732069552274912,18.0,-0.0823097721805407,0.1205674852683704,-0.0602837426341852,-0.0890488979991718,1.2834181363095816,0.0,none,0.012923212593306,0x52c77b0cb827afbad022e6d6caf2c44452edbc39
2026-10-06 19:00:00+00:00,dex_day,4,ethereum:0x1abaea1f7c830bd89acc67ec4af516284b1bc33c,1.2,Avoid - watch only,0.52907,0.04,1.12471026058942,83,closed,time_limit,-0.0116335030736414,24.0,-0.0738211711704594,0.08,-0.0400000000000001,0.0022683422277537,1.1389825706110477,0.15,lp|holders,0.0077429391015775,0xb2b92b56988a4edbe255989792c6ea239b25eaf66b42093145cbf8f630db3a17
2026-10-06 19:00:00+00:00,dex_day,5,robinhood:0x8e62f281f282686fca6dcb39288069a93fc23f1c,1.1,Avoid - watch only,0.39704,0.17199,0.0009425088126297,83,closed,safety_exit,-0.1917449712020149,19.0,-0.0891426433553961,0.3439777748677073,-0.1719888874338536,-0.0040500462074506,1.1154865568540302,0.0,none,0.0197560837681614,0x451c0da3b774045a822a129eedcc5c667dcbfdd8
2026-10-06 19:00:00+00:00,dex_short,1,robinhood:0x20024e485c0b22b42855589700721b28320a7777,1.6,Avoid - watch only,0.45927,0.10765,0.0040938067238268,83,closed,time_limit,0.0514840028941528,4.0,-0.0224102735849527,0.2152990573409785,-0.1076495286704892,-0.198449331965187,0.6315396657124235,0.05,lp,0.0192763725716919,0x126a9f6ee2e4be592c3520579ba9b48327a3d5e0
2026-10-06 19:00:00+00:00,dex_short,2,robinhood:0x2e8c31162b855a2ffa90f6f8634643ad6f111e18,1.1,Avoid - watch only,0.47324,0.06551,0.107908588075165,83,closed,time_limit,0.0686005222483944,4.0,-0.0222520374659851,0.131021015078498,-0.065510507539249,-0.1140281403959546,0.7793366384244579,0.05,lp,0.0191181364527243,0x592e3fb7ea947506b36481025abc15baada8e1839a50fded46ecf08b3182fa96
2026-10-06 19:00:00+00:00,dex_short,3,robinhood:0x8e62f281f282686fca6dcb39288069a93fc23f1c,0.8,Avoid - watch only,0.45126,0.07021,0.0009425088126297,83,closed,time_limit,-0.024925773232783,4.0,-0.0228899847814222,0.140428338547305,-0.0702141692736524,-0.0040500462074506,1.1154865568540302,0.0,none,0.0197560837681614,0x451c0da3b774045a822a129eedcc5c667dcbfdd8
2026-10-06 19:00:00+00:00,dex_short,4,ethereum:0xe0f63a424a4439cbe457d80e4f4b51ad25b2c56c,0.5,Avoid - watch only,0.54803,0.02461,0.418498214637878,83,closed,time_limit,-0.0141725872940139,4.0,-0.0160571136065668,0.0492214697463393,-0.0288908558987009,-0.0890488979991718,1.2834181363095816,0.0,none,0.012923212593306,0x52c77b0cb827afbad022e6d6caf2c44452edbc39
2026-10-06 19:00:00+00:00,dex_short,5,ethereum:0x1abaea1f7c830bd89acc67ec4af516284b1bc33c,0.5,Avoid - watch only,0.52549,0.02,1.12471026058942,83,closed,time_limit,-0.0070080862409509,4.0,-0.0108768401148383,0.04,-0.02,0.0022683422277537,1.1389825706110477,0.15,lp|holders,0.0077429391015775,0xb2b92b56988a4edbe255989792c6ea239b25eaf66b42093145cbf8f630db3a17
2026-10-06 20:00:00+00:00,dex_day,1,robinhood:0x20024e485c0b22b42855589700721b28320a7777,2.0,Avoid - watch only,0.45011,0.25825,0.0040681729377346,83,closed,time_limit,-0.2312483073193587,24.0,-0.0952552743395263,0.5165016873525063,-0.2582508436762532,-0.244964775573707,0.6205630629415767,0.05,lp,0.0192890810999277,0x126a9f6ee2e4be592c3520579ba9b48327a3d5e0
2026-10-06 20:00:00+00:00,dex_day,2,robinhood:0x2e8c31162b855a2ffa90f6f8634643ad6f111e18,1.4,Avoid - watch only,0.41491,0.159,0.110244689544464,83,closed,time_limit,-0.0098571012788464,24.0,-0.0950898445035123,0.3180007667597908,-0.1590003833798955,-0.0647510848387806,0.774426445072414,0.05,lp,0.0191236512639137,0x592e3fb7ea947506b36481025abc15baada8e1839a50fded46ecf08b3182fa96
2026-10-06 20:00:00+00:00,dex_day,3,ethereum:0xe0f63a424a4439cbe457d80e4f4b51ad25b2c56c,1.3,Avoid - watch only,0.43529,0.05905,0.417391774954346,83,closed,safety_exit,-0.0699472176963572,17.0,-0.0792868014948231,0.1180915628005492,-0.0590457814002746,-0.0930089602559374,1.292846361439248,0.0,none,0.0109014362960826,0x52c77b0cb827afbad022e6d6caf2c44452edbc39
2026-10-06 20:00:00+00:00,dex_day,4,ethereum:0x1abaea1f7c830bd89acc67ec4af516284b1bc33c,1.3,Avoid - watch only,0.49896,0.04,1.12735192546786,83,closed,time_limit,-0.0121780254777176,24.0,-0.0816770219581461,0.08,-0.04,0.004257161737984,1.148612501915577,0.15,lp|holders,0.0057108287185475,0xb2b92b56988a4edbe255989792c6ea239b25eaf66b42093145cbf8f630db3a17
2026-10-06 20:00:00+00:00,dex_day,5,ethereum:0x6982508145454ce325ddbe47a25d4ec3d2311933,0.7,Avoid - watch only,0.44936,0.04,4.25479445571186e-06,83,closed,safety_exit,-0.0508818959422532,6.0,-0.060007696839656,0.08,-0.04,-0.0432585069386917,0.617627027496038,0.15,lp|holders,0.0108818959422532,0xa43fe16908251ee70ef74718545e4fe6c5ccec9f
2026-10-06 20:00:00+00:00,dex_short,1,robinhood:0x20024e485c0b22b42855589700721b28320a7777,1.7,Avoid - watch only,0.47553,0.10543,0.0040681729377346,83,closed,time_limit,0.054721720582013,4.0,-0.0167787964603116,0.2108609308833613,-0.1054304654416806,-0.244964775573707,0.6205630629415767,0.05,lp,0.0192890810999277,0x126a9f6ee2e4be592c3520579ba9b48327a3d5e0
2026-10-06 20:00:00+00:00,dex_short,2,ethereum:0xd34a99bc0f67ae1bbd63c660e6d0b0dd03e263b7,1.0,Avoid - watch only,0.56927,0.11321,10.0231317817137,83,closed,safety_exit,-0.1260610527621006,3.0,-0.1003949563766793,0.2264171680847113,-0.1132085840423556,-0.2573760816429753,4.532519206366082,0.25,lp|holders|churn,0.0128524687197452,0x894d4e6d3d2abc64fc0de0e4e2ea63a93bc9c520
2026-10-06 20:00:00+00:00,dex_short,3,robinhood:0x2e8c31162b855a2ffa90f6f8634643ad6f111e18,0.8,Avoid - watch only,0.42464,0.06491,0.110244689544464,83,closed,take_profit,0.1106996181319685,4.0,-0.0166133666242976,0.1298232693958823,-0.0649116346979411,-0.0647510848387806,0.774426445072414,0.05,lp,0.0191236512639137,0x592e3fb7ea947506b36481025abc15baada8e1839a50fded46ecf08b3182fa96
2026-10-06 20:00:00+00:00,dex_short,4,ethereum:0xe0f63a424a4439cbe457d80e4f4b51ad25b2c56c,0.7,Avoid - watch only,0.52363,0.02411,0.417391774954346,83,closed,time_limit,-0.0028807361392068,4.0,-0.0083911516564665,0.0482106786315301,-0.0263165989091088,-0.0930089602559374,1.292846361439248,0.0,none,0.0109014362960826,0x52c77b0cb827afbad022e6d6caf2c44452edbc39
2026-10-06 20:00:00+00:00,dex_short,5,ethereum:0x1abaea1f7c830bd89acc67ec4af516284b1bc33c,0.6,Avoid - watch only,0.4796,0.02,1.12735192546786,83,closed,time_limit,-0.0074422483696381,4.0,-0.0032005440789314,0.04,-0.0199999999999999,0.004257161737984,1.148612501915577,0.15,lp|holders,0.0057108287185475,0xb2b92b56988a4edbe255989792c6ea239b25eaf66b42093145cbf8f630db3a17
2026-10-06 21:00:00+00:00,dex_day,1,robinhood:0x20024e485c0b22b42855589700721b28320a7777,1.6,Avoid - watch only,0.43023,0.25294,0.0040571537468311,83,closed,safety_exit,-0.2721541443070179,24.0,-0.0921625240013315,0.505876923930995,-0.2529384619654975,-0.2103730947037823,0.6230537330698194,0.05,lp,0.0192156823415204,0x126a9f6ee2e4be592c3520579ba9b48327a3d5e0
2026-10-06 21:00:00+00:00,dex_day,2,robinhood:0x2e8c31162b855a2ffa90f6f8634643ad6f111e18,1.5,Avoid - watch only,0.42679,0.15731,0.107524177957764,83,closed,time_limit,-0.0151004747286436,24.0,-0.0920688055122762,0.3146234453631102,-0.1573117226815551,-0.0569128523317123,0.7545359855251571,0.05,lp,0.0191219638524651,0x592e3fb7ea947506b36481025abc15baada8e1839a50fded46ecf08b3182fa96
2026-10-06 21:00:00+00:00,dex_day,3,robinhood:0x5d102d1e69e77591d486aa4f663b3645151bbdf6,1.5,Avoid - watch only,0.39005,0.17513,0.0101184650909606,83,closed,time_limit,-0.1328218495528419,24.0,-0.092191421151089,0.3502600724328308,-0.1777742500040875,6.055257667814118e-05,0.7863590857695832,0.0,none,0.0192445794912779,0x02d356acd227e12a9573f0499f133c6e3b0af1c9
2026-10-06 21:00:00+00:00,dex_day,4,ethereum:0xe0f63a424a4439cbe457d80e4f4b51ad25b2c56c,1.3,Avoid - watch only,0.43266,0.05783,0.416516853719471,83,closed,safety_exit,-0.0683654572049279,16.0,-0.0780635327093791,0.1156571806575517,-0.0578285903287758,-0.090852671030805,1.2953595996875398,0.0,none,0.0105368668761521,0x52c77b0cb827afbad022e6d6caf2c44452edbc39
2026-10-06 21:00:00+00:00,dex_day,5,ethereum:0x1abaea1f7c830bd89acc67ec4af516284b1bc33c,1.3,Avoid - watch only,0.49065,0.04,1.12566793692522,83,closed,time_limit,-0.0103892162092351,24.0,-0.0782996175709278,0.08,-0.0400000000000001,0.0038427970486508,1.1498505366232818,0.15,lp|holders,0.0053527759111167,0xb2b92b56988a4edbe255989792c6ea239b25eaf66b42093145cbf8f630db3a17
2026-10-06 21:00:00+00:00,dex_short,1,robinhood:0x20024e485c0b22b42855589700721b28320a7777,1.4,Avoid - watch only,0.44793,0.10326,0.0040571537468311,83,closed,time_limit,0.0448804238399875,4.0,-0.0230232966184552,0.2065233893799465,-0.1032616946899732,-0.2103730947037823,0.6230537330698194,0.05,lp,0.0192156823415204,0x126a9f6ee2e4be592c3520579ba9b48327a3d5e0
2026-10-06 21:00:00+00:00,dex_short,2,robinhood:0x2e8c31162b855a2ffa90f6f8634643ad6f111e18,1.3,Avoid - watch only,0.50302,0.06422,0.107524177957764,83,closed,take_profit,0.1093225198568752,3.0,0.0322197899208896,0.1284444837093403,-0.0642222418546701,-0.0569128523317123,0.7545359855251571,0.05,lp,0.0191219638524651,0x592e3fb7ea947506b36481025abc15baada8e1839a50fded46ecf08b3182fa96
2026-10-06 21:00:00+00:00,dex_short,3,ethereum:0xf280b16ef293d8e534e370794ef26bf312694126,1.1,Avoid - watch only,0.51317,0.06251,1.49776844877744e-05,83,closed,time_limit,-0.0484828167243534,4.0,-0.0146527945384863,0.1250297084949045,-0.0625148542474522,0.2384764174253817,2.1356676382274062,0.0,none,0.0108451802615515,0x76a411f14a704099ba476ce8dffc288a53295218
2026-10-06 21:00:00+00:00,dex_short,4,ethereum:0x1abaea1f7c830bd89acc67ec4af516284b1bc33c,1.0,Avoid - watch only,0.521,0.02,1.12566793692522,83,closed,time_limit,-0.0205844873634427,4.0,-0.0091603901880515,0.04,-0.02,0.0038427970486508,1.1498505366232818,0.15,lp|holders,0.0053527759111167,0xb2b92b56988a4edbe255989792c6ea239b25eaf66b42093145cbf8f630db3a17
2026-10-06 21:00:00+00:00,dex_short,5,ethereum:0xe0f63a424a4439cbe457d80e4f4b51ad25b2c56c,0.8,Avoid - watch only,0.52441,0.02361,0.416516853719471,83,closed,time_limit,-0.0206648519037475,4.0,-0.0143444811530869,0.0472168462833155,-0.0236084231416577,-0.090852671030805,1.2953595996875398,0.0,none,0.0105368668761521,0x52c77b0cb827afbad022e6d6caf2c44452edbc39
2026-10-06 22:00:00+00:00,dex_day,1,robinhood:0x5d102d1e69e77591d486aa4f663b3645151bbdf6,1.5,Avoid - watch only,0.39136,0.1729,0.0099141706643306,83,closed,time_limit,-0.1251379214859276,24.0,-0.0852704825016401,0.3457926080072613,-0.1728963040036306,-0.0203021718862324,0.8060178693062797,0.0,none,0.0192491957233673,0x02d356acd227e12a9573f0499f133c6e3b0af1c9
2026-10-06 22:00:00+00:00,dex_day,2,ethereum:0xe0f63a424a4439cbe457d80e4f4b51ad25b2c56c,1.2,Avoid - watch only,0.43674,0.0567,0.416887680305591,83,closed,safety_exit,-0.068870000756075,15.0,-0.0794224112481711,0.1134034297042889,-0.0567017148521444,-0.0839891349408853,1.29798736148183,0.0,none,0.0121682859039307,0x52c77b0cb827afbad022e6d6caf2c44452edbc39
2026-10-06 22:00:00+00:00,dex_day,3,ethereum:0x1abaea1f7c830bd89acc67ec4af516284b1bc33c,1.2,Avoid - watch only,0.49918,0.04,1.12587083986257,83,closed,time_limit,-0.0110314385258784,24.0,-0.0730093331968153,0.08,-0.0399999999999999,0.0034028654551822,1.1503877632172912,0.15,lp|holders,0.0069880464185425,0xb2b92b56988a4edbe255989792c6ea239b25eaf66b42093145cbf8f630db3a17
2026-10-06 22:00:00+00:00,dex_day,4,robinhood:0x20024e485c0b22b42855589700721b28320a7777,1.2,Avoid - watch only,0.38856,0.25476,0.0042886772879635,83,closed,safety_exit,-0.273990178406246,22.0,-0.0967967334185749,0.5095249753622464,-0.2547624876811232,-0.1250318227870606,0.644677857169176,0.05,lp,0.0192276907251228,0x126a9f6ee2e4be592c3520579ba9b48327a3d5e0
2026-10-06 22:00:00+00:00,dex_day,5,robinhood:0x8e62f281f282686fca6dcb39288069a93fc23f1c,1.1,Avoid - watch only,0.41225,0.16171,0.0009464575671483,83,closed,safety_exit,-0.1814645373848344,16.0,-0.0870110311452933,0.3234152631675633,-0.1617076315837816,-0.0107185559657159,1.128407293848851,0.0,none,0.0197569058010529,0x451c0da3b774045a822a129eedcc5c667dcbfdd8
2026-10-06 22:00:00+00:00,dex_short,1,ethereum:0xd34a99bc0f67ae1bbd63c660e6d0b0dd03e263b7,1.0,Avoid - watch only,0.59541,0.11029,9.43258520414416,83,closed,time_limit,-0.0400378942183211,4.0,-0.036577441005989,0.2205889087627759,-0.1102944543813878,-0.3553633322570717,3.729194919232584,0.25,lp|holders|churn,0.0142081987815052,0x894d4e6d3d2abc64fc0de0e4e2ea63a93bc9c520
2026-10-06 22:00:00+00:00,dex_short,2,robinhood:0x20024e485c0b22b42855589700721b28320a7777,1.0,Avoid - watch only,0.38894,0.10401,0.0042886772879635,83,closed,time_limit,-0.1118207307842649,4.0,-0.0415969329496066,0.2080127001402791,-0.1040063500701395,-0.1250318227870606,0.644677857169176,0.05,lp,0.0192276907251228,0x126a9f6ee2e4be592c3520579ba9b48327a3d5e0
2026-10-06 22:00:00+00:00,dex_short,3,robinhood:0x5d102d1e69e77591d486aa4f663b3645151bbdf6,1.0,Avoid - watch only,0.39219,0.07058,0.0099141706643306,83,closed,safety_exit,-0.0898338162603698,4.0,-0.0416184379478511,0.141169241074005,-0.0705846205370025,-0.0203021718862324,0.8060178693062797,0.0,none,0.0192491957233673,0x02d356acd227e12a9573f0499f133c6e3b0af1c9
2026-10-06 22:00:00+00:00,dex_short,4,ethereum:0xf280b16ef293d8e534e370794ef26bf312694126,0.9,Avoid - watch only,0.50771,0.06162,1.48151143985171e-05,83,closed,safety_exit,-0.0740936730280698,4.0,-0.034846171992375,0.1232334865203572,-0.0616167432601786,0.2299951749243494,2.167836812100849,0.0,none,0.0124769297678912,0x76a411f14a704099ba476ce8dffc288a53295218
2026-10-06 22:00:00+00:00,dex_short,5,robinhood:0x8e62f281f282686fca6dcb39288069a93fc23f1c,0.7,Avoid - watch only,0.42832,0.06602,0.0009464575671483,83,closed,time_limit,-0.0728068930576384,4.0,-0.0421261480255367,0.1320337282980781,-0.066016864149039,-0.0107185559657159,1.128407293848851,0.0,none,0.0197569058010529,0x451c0da3b774045a822a129eedcc5c667dcbfdd8
2026-10-06 23:00:00+00:00,dex_day,1,ethereum:0x1abaea1f7c830bd89acc67ec4af516284b1bc33c,1.7,Avoid - watch only,0.53075,0.04,1.12553675714179,83,closed,time_limit,-0.0098552274867447,24.0,-0.076315353367728,0.08,-0.0400000000000001,0.0025313274957035,1.14120397649592,0.15,lp|holders,0.0058376889588222,0xb2b92b56988a4edbe255989792c6ea239b25eaf66b42093145cbf8f630db3a17
2026-10-06 23:00:00+00:00,dex_day,2,robinhood:0x5d102d1e69e77591d486aa4f663b3645151bbdf6,1.6,Avoid - watch only,0.39547,0.16933,0.0099288017609509,83,closed,time_limit,-0.1290429789921443,24.0,-0.0897263301340738,0.3386637696250563,-0.1693318848125281,-0.0077057345577138,0.8059570164856978,0.0,none,0.019248665725168,0x02d356acd227e12a9573f0499f133c6e3b0af1c9
2026-10-06 23:00:00+00:00,dex_day,3,robinhood:0x20024e485c0b22b42855589700721b28320a7777,1.3,Avoid - watch only,0.39113,0.25067,0.0043834860246894,83,closed,safety_exit,-0.2699049852759023,6.0,-0.1182653916574476,0.5013413653571166,-0.2506706826785583,-0.0243935927919638,0.6671966104229126,0.05,lp,0.019234302597344,0x126a9f6ee2e4be592c3520579ba9b48327a3d5e0
2026-10-06 23:00:00+00:00,dex_day,4,ethereum:0x6982508145454ce325ddbe47a25d4ec3d2311933,0.8,Avoid - watch only,0.46894,0.04,4.25755826243634e-06,83,closed,safety_exit,-0.050993443859002,3.0,-0.056825477911252,0.08,-0.04,-0.0347804308465811,0.5779729502419757,0.15,lp|holders,0.010993443859002,0xa43fe16908251ee70ef74718545e4fe6c5ccec9f
2026-10-06 23:00:00+00:00,dex_day,5,ethereum:0x7fc66500c84a76ad7e9c93437bfc5ac33e2ddae9,0.8,Avoid - watch only,0.46207,0.04,179.90336044726,83,closed,safety_exit,-0.051041049813079,3.0,-0.0568730838653289,0.08,-0.0400000000000001,-0.0227090953019848,0.586590682379521,0.15,lp|holders,0.0110410498130789,0x5ab53ee1d50eef2c1dd3d5402789cd27bb52c1bb
2026-10-06 23:00:00+00:00,dex_short,1,ethereum:0xd34a99bc0f67ae1bbd63c660e6d0b0dd03e263b7,1.1,Avoid - watch only,0.59152,0.10901,9.04775736660708,83,closed,time_limit,-0.0020489871213231,4.0,-0.0322160638860736,0.2180255336513474,-0.1090127668256737,-0.2815441677640393,3.4206329894244147,0.25,lp|holders|churn,0.0130613323348039,0x894d4e6d3d2abc64fc0de0e4e2ea63a93bc9c520
2026-10-06 23:00:00+00:00,dex_short,2,robinhood:0x20024e485c0b22b42855589700721b28320a7777,1.0,Avoid - watch only,0.38556,0.10234,0.0043834860246894,83,closed,safety_exit,-0.1215701802702748,3.0,-0.0567707986141059,0.2046717553458619,-0.1023358776729308,-0.0243935927919638,0.6671966104229126,0.05,lp,0.019234302597344,0x126a9f6ee2e4be592c3520579ba9b48327a3d5e0
2026-10-06 23:00:00+00:00,dex_short,3,ethereum:0x1abaea1f7c830bd89acc67ec4af516284b1bc33c,0.8,Avoid - watch only,0.50223,0.02,1.12553675714179,83,closed,time_limit,-0.0085443107397457,4.0,-0.0249924205100919,0.04,-0.0199999999999999,0.0025313274957035,1.14120397649592,0.15,lp|holders,0.0058376889588222,0xb2b92b56988a4edbe255989792c6ea239b25eaf66b42093145cbf8f630db3a17
2026-10-06 23:00:00+00:00,dex_short,4,ethereum:0xf280b16ef293d8e534e370794ef26bf312694126,0.8,Avoid - watch only,0.46548,0.06223,1.43440337307511e-05,83,closed,time_limit,-0.0610901378465443,4.0,-0.0304801068607755,0.1244648998227795,-0.0622324499113897,0.1798110970604991,2.1828048563224143,0.0,none,0.0113253753095058,0x76a411f14a704099ba476ce8dffc288a53295218
2026-10-06 23:00:00+00:00,dex_short,5,robinhood:0x5d102d1e69e77591d486aa4f663b3645151bbdf6,0.8,Avoid - watch only,0.36226,0.06913,0.0099288017609509,83,closed,safety_exit,-0.0883781182209065,3.0,-0.0567851617419299,0.1382589049914768,-0.0691294524957385,-0.0077057345577138,0.8059570164856978,0.0,none,0.019248665725168,0x02d356acd227e12a9573f0499f133c6e3b0af1c9
2026-10-07 00:00:00+00:00,dex_day,1,ethereum:0x1abaea1f7c830bd89acc67ec4af516284b1bc33c,1.8,Avoid - watch only,0.51573,0.04,1.12540000619041,83,closed,time_limit,-0.0100405695754925,24.0,-0.0736043126835187,0.08,-0.0400000000000001,0.0033421475256763,1.1530952562766426,0.15,lp|holders,0.0043176322812571,0xb2b92b56988a4edbe255989792c6ea239b25eaf66b42093145cbf8f630db3a17
2026-10-07 00:00:00+00:00,dex_day,2,ethereum:0xe0f63a424a4439cbe457d80e4f4b51ad25b2c56c,1.4,Avoid - watch only,0.42872,0.05514,0.420739549229201,83,closed,safety_exit,-0.0646221208326782,11.0,-0.0888281969172896,0.1102740497620369,-0.0551370248810184,-0.070308338157644,1.2874204913511482,0.0,none,0.00948509595166,0x52c77b0cb827afbad022e6d6caf2c44452edbc39
2026-10-07 00:00:00+00:00,dex_day,3,robinhood:0x20024e485c0b22b42855589700721b28320a7777,1.4,Avoid - watch only,0.40526,0.24551,0.0043692616782371,83,closed,safety_exit,-0.2647389456205241,5.0,-0.1177110765393178,0.4910122824960319,-0.2455061412480159,-0.0598077150171425,0.6663587854617545,0.05,lp,0.0192328043725082,0x126a9f6ee2e4be592c3520579ba9b48327a3d5e0
2026-10-07 00:00:00+00:00,dex_day,4,ethereum:0x7fc66500c84a76ad7e9c93437bfc5ac33e2ddae9,1.0,Avoid - watch only,0.4618,0.04,179.707695897268,83,closed,safety_exit,-0.0495131763938681,2.0,-0.0556765445381249,0.08,-0.04,-0.0229812061730934,0.5189016971919603,0.15,lp|holders,0.0095131763938681,0x5ab53ee1d50eef2c1dd3d5402789cd27bb52c1bb
2026-10-07 00:00:00+00:00,dex_day,5,ethereum:0x6982508145454ce325ddbe47a25d4ec3d2311933,0.9,Avoid - watch only,0.44947,0.04,4.28192229709661e-06,83,closed,safety_exit,-0.0494655768058854,2.0,-0.0556289449501423,0.08,-0.0399999999999999,-0.0183210582007298,0.538037757075415,0.15,lp|holders,0.0094655768058855,0xa43fe16908251ee70ef74718545e4fe6c5ccec9f
2026-10-07 00:00:00+00:00,dex_short,1,ethereum:0x1abaea1f7c830bd89acc67ec4af516284b1bc33c,1.1,Avoid - watch only,0.50338,0.02,1.12540000619041,83,closed,time_limit,-0.0067081853813738,4.0,-0.0409769574960749,0.04,-0.02,0.0033421475256763,1.1530952562766426,0.15,lp|holders,0.0043176322812571,0xb2b92b56988a4edbe255989792c6ea239b25eaf66b42093145cbf8f630db3a17
2026-10-07 00:00:00+00:00,dex_short,2,ethereum:0x31c8eacbffdd875c74b94b077895bd78cf1e64a3,1.0,Avoid - watch only,0.46736,0.0811,0.318719791260653,83,closed,time_limit,-0.0252525972163067,4.0,-0.0462859468597895,0.1621955081853396,-0.0810977540926697,-0.1171808245171235,3.560490976763384,0.15,lp|holders,0.0096266216449717,0x8c1c499b1796d7f3c2521ac37186b52de024e58c
2026-10-07 00:00:00+00:00,dex_short,3,robinhood:0x20024e485c0b22b42855589700721b28320a7777,1.0,Avoid - watch only,0.39265,0.10023,0.0043692616782371,83,closed,safety_exit,-0.1194602668353902,2.0,-0.0577894817265203,0.2004549249257643,-0.1002274624628821,-0.0598077150171425,0.6663587854617545,0.05,lp,0.0192328043725082,0x126a9f6ee2e4be592c3520579ba9b48327a3d5e0
2026-10-07 00:00:00+00:00,dex_short,4,ethereum:0xf280b16ef293d8e534e370794ef26bf312694126,0.9,Avoid - watch only,0.4657,0.06113,1.42354846703749e-05,83,closed,time_limit,-0.0372484515663334,4.0,-0.0464584850928965,0.1222602794217502,-0.0611301397108751,0.1494420278480515,2.103798046358172,0.0,none,0.0097991598780787,0x76a411f14a704099ba476ce8dffc288a53295218
2026-10-07 00:00:00+00:00,dex_short,5,ethereum:0xd34a99bc0f67ae1bbd63c660e6d0b0dd03e263b7,0.8,Avoid - watch only,0.44761,0.11377,9.91776793029239,83,closed,time_limit,-0.0496067844282875,4.0,-0.0480456975480136,0.2275336153391183,-0.1171420201422744,-0.1590581176852095,3.3681447616963767,0.15,lp|holders,0.0113863723331958,0x894d4e6d3d2abc64fc0de0e4e2ea63a93bc9c520
2026-10-07 01:00:00+00:00,dex_day,1,robinhood:0x5d102d1e69e77591d486aa4f663b3645151bbdf6,1.9,Avoid - watch only,0.4186,0.16368,0.0096719243604054,83,closed,time_limit,-0.0824126574606081,24.0,-0.0779502061125085,0.3273582355775484,-0.1636791177887743,-0.005396050740936,0.7905979192642276,0.0,none,0.0192657459415774,0x02d356acd227e12a9573f0499f133c6e3b0af1c9
2026-10-07 01:00:00+00:00,dex_day,2,robinhood:0x20024e485c0b22b42855589700721b28320a7777,1.7,Avoid - watch only,0.42673,0.24065,0.0043172015041827,83,closed,safety_exit,-0.2598983308722562,4.0,-0.2598967033898562,0.4813013663104688,-0.2406506831552344,-0.1118213165745478,0.6777455540743776,0.05,lp,0.0192476477170218,0x126a9f6ee2e4be592c3520579ba9b48327a3d5e0
2026-10-07 01:00:00+00:00,dex_day,3,robinhood:0x2e8c31162b855a2ffa90f6f8634643ad6f111e18,0.8,Avoid - watch only,0.43828,0.1789,0.128037188357288,83,closed,time_limit,-0.1491791864303084,24.0,-0.0779068193000887,0.3577942276377224,-0.1788971138188612,0.0989733929468075,0.845284302019218,0.05,lp,0.0192223591291576,0x592e3fb7ea947506b36481025abc15baada8e1839a50fded46ecf08b3182fa96
2026-10-07 01:00:00+00:00,dex_day,4,robinhood:0x020bfc650a365f8bb26819deaabf3e21291018b4,0.6,Avoid - watch only,0.48991,0.08004,0.132876981796625,83,closed,safety_exit,-0.0984674096230274,13.0,-0.1073373455977169,0.1600709884801432,-0.0800354942400716,-0.1719253311820034,1.0695872900127132,0.15,lp|holders,0.0184319153829558,0xd42a491087a15e5afd51feb3606066cc152d2b09
2026-10-07 01:00:00+00:00,dex_day,5,solana:JUPyiwrYJFskUPiHa7hkeR8VUtAeFoSYbKedZNsDvCN,0.5,Avoid - watch only,0.42204,0.05061,0.3420337132646441,83,closed,safety_exit,-0.0625609145836228,9.0,-0.128561735396603,0.1012169137298855,-0.0506084568649427,-0.0177279537112262,1.1763427587729227,0.12,metadata|holders,0.0119524577186801,C1MgLojNLWBKADvu9BHdtgzz1oZX4dZ5zGdGcgvvW8Wz
2026-10-07 01:00:00+00:00,dex_short,1,robinhood:0x5d102d1e69e77591d486aa4f663b3645151bbdf6,1.3,Avoid - watch only,0.45207,0.06682,0.0096719243604054,83,closed,safety_exit,-0.0860874659634776,1.0,-0.0598216433510818,0.1336434400438007,-0.0668217200219002,-0.005396050740936,0.7905979192642276,0.0,none,0.0192657459415774,0x02d356acd227e12a9573f0499f133c6e3b0af1c9
2026-10-07 01:00:00+00:00,dex_short,2,robinhood:0x20024e485c0b22b42855589700721b28320a7777,1.1,Avoid - watch only,0.41059,0.09825,0.0043172015041827,83,closed,safety_exit,-0.1174928777141068,1.0,-0.0598035451265262,0.1964904599941703,-0.0982452299970851,-0.1118213165745478,0.6777455540743776,0.05,lp,0.0192476477170218,0x126a9f6ee2e4be592c3520579ba9b48327a3d5e0
2026-10-07 01:00:00+00:00,dex_short,3,robinhood:0x2e8c31162b855a2ffa90f6f8634643ad6f111e18,0.3,Avoid - watch only,0.38397,0.07303,0.128037188357288,83,closed,safety_exit,-0.0922568000146267,1.0,-0.059778256538662,0.1460688817709385,-0.0730344408854692,0.0989733929468075,0.845284302019218,0.05,lp,0.0192223591291576,0x592e3fb7ea947506b36481025abc15baada8e1839a50fded46ecf08b3182fa96
2026-10-07 01:00:00+00:00,dex_short,4,solana:JUPyiwrYJFskUPiHa7hkeR8VUtAeFoSYbKedZNsDvCN,0.2,Avoid - watch only,0.51211,0.02066,0.3420337132646441,83,closed,safety_exit,-0.0326132737168069,1.0,-0.0525083551281845,0.0413216319962541,-0.020660815998127,-0.0177279537112262,1.1763427587729227,0.12,metadata|holders,0.0119524577186801,C1MgLojNLWBKADvu9BHdtgzz1oZX4dZ5zGdGcgvvW8Wz
2026-10-07 01:00:00+00:00,dex_short,5,ethereum:0x31c8eacbffdd875c74b94b077895bd78cf1e64a3,0.1,Avoid - watch only,0.49863,0.07961,0.314250423042062,83,closed,time_limit,-0.0142222928658546,4.0,-0.0600223405519784,0.1592263573232542,-0.0796131786616271,-0.1501085917730056,3.4371973193472125,0.25,lp|holders|wash,0.0365174713198395,0x8c1c499b1796d7f3c2521ac37186b52de024e58c
2026-10-07 02:00:00+00:00,dex_day,1,robinhood:0x20024e485c0b22b42855589700721b28320a7777,2.6,Avoid - watch only,0.4834,0.25583,0.0038915756200383,83,closed,time_limit,-0.1974977899331311,24.0,-0.0406093645434551,0.5116660113031337,-0.2558330056515668,-0.2199098161622599,0.716910640763645,0.05,lp,0.0193300972228298,0x126a9f6ee2e4be592c3520579ba9b48327a3d5e0
2026-10-07 02:00:00+00:00,dex_day,2,robinhood:0x5d102d1e69e77591d486aa4f663b3645151bbdf6,2.2,Avoid - watch only,0.42993,0.17137,0.009090127776244,83,closed,time_limit,-0.02938417243738,24.0,-0.0405970015988919,0.3427496603246875,-0.1713748301623437,-0.0656895911602859,0.861710190925415,0.0,none,0.0193177342782665,0x02d356acd227e12a9573f0499f133c6e3b0af1c9
2026-10-07 02:00:00+00:00,dex_day,3,ethereum:0xe0f63a424a4439cbe457d80e4f4b51ad25b2c56c,1.5,Avoid - watch only,0.44263,0.05665,0.407708061506454,83,closed,safety_exit,-0.0662954336415773,12.0,-0.0747722943184304,0.1133080200961984,-0.0566540100480993,-0.0965347234495634,1.212534809481917,0.0,none,0.009641423593478,0x52c77b0cb827afbad022e6d6caf2c44452edbc39
2026-10-07 02:00:00+00:00,dex_day,4,ethereum:0xf280b16ef293d8e534e370794ef26bf312694126,1.0,Avoid - watch only,0.44116,0.15562,1.36219906073885e-05,83,closed,time_limit,-0.0121217443555477,24.0,-0.0312464712828857,0.3112379690244493,-0.1556189845122246,0.1224922792247031,2.142270366857576,0.0,none,0.0099672039622603,0x76a411f14a704099ba476ce8dffc288a53295218
2026-10-07 02:00:00+00:00,dex_day,5,ethereum:0x6982508145454ce325ddbe47a25d4ec3d2311933,0.9,Avoid - watch only,0.46955,0.04,4.12799988384768e-06,83,closed,time_limit,-0.0190753471275832,24.0,-0.0309006392737242,0.08,-0.04,-0.0380913425631153,0.466797489084605,0.15,lp|holders,0.0096213719530989,0xa43fe16908251ee70ef74718545e4fe6c5ccec9f
2026-10-07 02:00:00+00:00,dex_short,1,robinhood:0x20024e485c0b22b42855589700721b28320a7777,2.7,Avoid - watch only,0.55421,0.10444,0.0038915756200383,83,closed,safety_exit,-0.1303261347975874,1.0,-0.1237734843115934,0.2088867744029681,-0.1109960375747576,-0.2199098161622599,0.716910640763645,0.05,lp,0.0193300972228298,0x126a9f6ee2e4be592c3520579ba9b48327a3d5e0
2026-10-07 02:00:00+00:00,dex_short,2,robinhood:0x5d102d1e69e77591d486aa4f663b3645151bbdf6,2.2,Avoid - watch only,0.53808,0.06996,0.009090127776244,83,closed,time_limit,-0.0214433271204105,4.0,-0.0124488375029798,0.1399269628846233,-0.0699634814423116,-0.0656895911602859,0.861710190925415,0.0,none,0.0193177342782665,0x02d356acd227e12a9573f0499f133c6e3b0af1c9
2026-10-07 02:00:00+00:00,dex_short,3,ethereum:0xe0f63a424a4439cbe457d80e4f4b51ad25b2c56c,0.9,Avoid - watch only,0.54701,0.02313,0.407708061506454,83,closed,time_limit,-0.0173122001642731,4.0,-0.0027725268181913,0.0462578055001181,-0.023128902750059,-0.0965347234495634,1.212534809481917,0.0,none,0.009641423593478,0x52c77b0cb827afbad022e6d6caf2c44452edbc39
2026-10-07 02:00:00+00:00,dex_short,4,ethereum:0xf280b16ef293d8e534e370794ef26bf312694126,0.9,Avoid - watch only,0.47456,0.06353,1.36219906073885e-05,83,closed,time_limit,0.0277240415700201,4.0,-0.0030983071869736,0.1270623687816763,-0.0635311843908381,0.1224922792247031,2.142270366857576,0.0,none,0.0099672039622603,0x76a411f14a704099ba476ce8dffc288a53295218
2026-10-07 02:00:00+00:00,dex_short,5,ethereum:0x6982508145454ce325ddbe47a25d4ec3d2311933,0.7,Avoid - watch only,0.6194,0.02,4.12799988384768e-06,83,closed,time_limit,-0.0052063829977133,4.0,-0.0027524751778122,0.04,-0.0199999999999999,-0.0380913425631153,0.466797489084605,0.15,lp|holders,0.0096213719530989,0xa43fe16908251ee70ef74718545e4fe6c5ccec9f
2026-10-07 03:00:00+00:00,dex_day,1,robinhood:0x20024e485c0b22b42855589700721b28320a7777,3.5,Avoid - watch only,0.49378,0.26297,0.0035642527345907,83,closed,safety_exit,-0.2826425050839022,24.0,-0.0621839317283108,0.5259390627510814,-0.2629695313755408,-0.2897846626117886,0.775249494200469,0.05,lp,0.0196729737083614,0x126a9f6ee2e4be592c3520579ba9b48327a3d5e0
2026-10-07 03:00:00+00:00,dex_day,2,ethereum:0xf280b16ef293d8e534e370794ef26bf312694126,3.2,Avoid - watch only,0.43177,0.15241,1.3630206298317e-05,83,closed,time_limit,-0.0202362882661336,24.0,-0.0524050813972724,0.3048258208925354,-0.1524129104462677,0.1268419942909933,2.147082841616848,0.0,none,0.009894123377323,0x76a411f14a704099ba476ce8dffc288a53295218
2026-10-07 03:00:00+00:00,dex_day,3,robinhood:0x5d102d1e69e77591d486aa4f663b3645151bbdf6,2.4,Avoid - watch only,0.42184,0.1681,0.0089793187382489,83,closed,time_limit,-0.0434314611618237,24.0,-0.0621259065063144,0.3362041315578055,-0.1681020657789027,-0.0715751076322845,0.8829800450697098,0.0,none,0.019614948486365,0x02d356acd227e12a9573f0499f133c6e3b0af1c9
2026-10-07 03:00:00+00:00,dex_day,4,ethereum:0xe0f63a424a4439cbe457d80e4f4b51ad25b2c56c,2.1,Avoid - watch only,0.43451,0.05565,0.40850443864582,83,closed,safety_exit,-0.0652181985024868,11.0,-0.1194292554521622,0.1113008584805517,-0.0556504292402757,-0.0374306760948051,0.983057157339992,0.0,none,0.0095677692622111,0x52c77b0cb827afbad022e6d6caf2c44452edbc39
2026-10-07 03:00:00+00:00,dex_day,5,ethereum:0x8ed97a637a790be1feff5e888d43629dc05408f6,1.6,Avoid - watch only,0.43046,0.07815,0.0218003966373173,83,closed,time_limit,-0.0531313882814367,24.0,-0.0521221981574278,0.156291432174348,-0.078145716087174,0.0644681911443227,1.9276783977492704,0.1,holders,0.0096112401374784,0x69c7bd26512f52bf6f76fab834140d13dda673ca
2026-10-07 03:00:00+00:00,dex_short,1,robinhood:0x20024e485c0b22b42855589700721b28320a7777,3.6,Avoid - watch only,0.60247,0.10736,0.0035642527345907,83,closed,time_limit,-0.0025515132561224,4.0,-0.0114699738808737,0.2147137232562952,-0.1073568616281476,-0.2897846626117886,0.775249494200469,0.05,lp,0.0196729737083614,0x126a9f6ee2e4be592c3520579ba9b48327a3d5e0
2026-10-07 03:00:00+00:00,dex_short,2,ethereum:0xf280b16ef293d8e534e370794ef26bf312694126,2.2,Avoid - watch only,0.42762,0.06222,1.3630206298317e-05,83,closed,time_limit,0.0196583101870931,4.0,-0.0016911235498353,0.1244446202686213,-0.0622223101343106,0.1268419942909933,2.147082841616848,0.0,none,0.009894123377323,0x76a411f14a704099ba476ce8dffc288a53295218
2026-10-07 03:00:00+00:00,dex_short,3,robinhood:0x5d102d1e69e77591d486aa4f663b3645151bbdf6,1.9,Avoid - watch only,0.52196,0.06863,0.0089793187382489,83,closed,time_limit,-0.0097473130076761,4.0,-0.0114119486588773,0.1372547619553619,-0.073463946347783,-0.0715751076322845,0.8829800450697098,0.0,none,0.019614948486365,0x02d356acd227e12a9573f0499f133c6e3b0af1c9
2026-10-07 03:00:00+00:00,dex_short,4,ethereum:0x31c8eacbffdd875c74b94b077895bd78cf1e64a3,1.4,Avoid - watch only,0.46073,0.07702,0.316862529388834,83,closed,time_limit,0.0357130195478352,4.0,-0.0015055478665724,0.1540304416133135,-0.0770152208066566,-0.155470435400603,2.9585912503022818,0.15,lp|holders,0.0097085476940601,0x8c1c499b1796d7f3c2521ac37186b52de024e58c
2026-10-07 03:00:00+00:00,dex_short,5,ethereum:0xe0f63a424a4439cbe457d80e4f4b51ad25b2c56c,1.0,Avoid - watch only,0.52665,0.02272,0.40850443864582,83,closed,time_limit,-0.0103776206832081,4.0,-0.0013647694347234,0.0454383852018456,-0.0237560176285718,-0.0374306760948051,0.983057157339992,0.0,none,0.0095677692622111,0x52c77b0cb827afbad022e6d6caf2c44452edbc39
2026-10-07 04:00:00+00:00,dex_day,1,robinhood:0x20024e485c0b22b42855589700721b28320a7777,3.5,Avoid - watch only,0.49312,0.25767,0.0035015198580745,83,closed,safety_exit,-0.2773540959951117,23.0,-0.1056443027989709,0.5153364487479171,-0.2576682243739585,-0.3076592122612496,0.7672511277682303,0.05,lp,0.0196858716211532,0x126a9f6ee2e4be592c3520579ba9b48327a3d5e0
2026-10-07 04:00:00+00:00,dex_day,2,ethereum:0xf280b16ef293d8e534e370794ef26bf312694126,3.1,Avoid - watch only,0.43377,0.14991,1.38447306993341e-05,83,closed,time_limit,-0.0727910088430716,24.0,-0.0553838695854788,0.299813851896124,-0.149906925948062,0.1531029990561965,2.0961019055134016,0.0,none,0.0115548634041591,0x76a411f14a704099ba476ce8dffc288a53295218
2026-10-07 04:00:00+00:00,dex_day,3,robinhood:0x5d102d1e69e77591d486aa4f663b3645151bbdf6,2.4,Avoid - watch only,0.42145,0.16481,0.0090216050915514,83,closed,time_limit,-0.0322446946747228,24.0,-0.0634446087692598,0.3296250732803076,-0.1648125366401538,-0.0654786689779376,0.911063415601811,0.0,none,0.0196156025879402,0x02d356acd227e12a9573f0499f133c6e3b0af1c9
2026-10-07 04:00:00+00:00,dex_day,4,ethereum:0x8ed97a637a790be1feff5e888d43629dc05408f6,1.4,Avoid - watch only,0.42971,0.0774,0.0215558192971761,83,closed,time_limit,-0.0480238836539494,24.0,-0.0551036056458077,0.1548093405895969,-0.0803041156304029,0.0469123042480212,2.017303029750535,0.1,holders,0.011274599464488,0x69c7bd26512f52bf6f76fab834140d13dda673ca
2026-10-07 04:00:00+00:00,dex_day,5,ethereum:0xe0f63a424a4439cbe457d80e4f4b51ad25b2c56c,1.2,Avoid - watch only,0.44983,0.05581,0.402630021022829,83,closed,safety_exit,-0.0670389092661499,11.0,-0.119691670279837,0.1116154077138698,-0.0558077038569349,-0.0431851010355758,0.9596422650690596,0.1,holders,0.011231205409215,0x52c77b0cb827afbad022e6d6caf2c44452edbc39
2026-10-07 04:00:00+00:00,dex_short,1,robinhood:0x20024e485c0b22b42855589700721b28320a7777,3.0,Avoid - watch only,0.56247,0.10519,0.0035015198580745,83,closed,time_limit,0.0441661591990505,4.0,-0.0077292840475628,0.2103852242150552,-0.1051926121075276,-0.3076592122612496,0.7672511277682303,0.05,lp,0.0196858716211532,0x126a9f6ee2e4be592c3520579ba9b48327a3d5e0
2026-10-07 04:00:00+00:00,dex_short,2,ethereum:0xf280b16ef293d8e534e370794ef26bf312694126,1.9,Avoid - watch only,0.43042,0.0612,1.38447306993341e-05,83,closed,time_limit,0.0021930229418247,4.0,0.0004017241694312,0.1223984924939785,-0.0611992462469892,0.1531029990561965,2.0961019055134016,0.0,none,0.0115548634041591,0x76a411f14a704099ba476ce8dffc288a53295218
2026-10-07 04:00:00+00:00,dex_short,3,robinhood:0x5d102d1e69e77591d486aa4f663b3645151bbdf6,1.8,Avoid - watch only,0.50867,0.06728,0.0090216050915514,83,closed,time_limit,-0.0153524227548374,4.0,-0.0076590150143498,0.134568872660711,-0.0672844363303555,-0.0654786689779376,0.911063415601811,0.0,none,0.0196156025879402,0x02d356acd227e12a9573f0499f133c6e3b0af1c9
2026-10-07 04:00:00+00:00,dex_short,4,ethereum:0xe0f63a424a4439cbe457d80e4f4b51ad25b2c56c,1.2,Avoid - watch only,0.70312,0.02278,0.402630021022829,83,closed,time_limit,-0.001276939978047,4.0,0.0007253821643753,0.0455667993886144,-0.0227833996943072,-0.0431851010355758,0.9596422650690596,0.1,holders,0.011231205409215,0x52c77b0cb827afbad022e6d6caf2c44452edbc39
2026-10-07 04:00:00+00:00,dex_short,5,ethereum:0xd34a99bc0f67ae1bbd63c660e6d0b0dd03e263b7,1.2,Avoid - watch only,0.51735,0.10974,9.53870675293313,83,closed,time_limit,0.0270395737030061,4.0,-0.0012759334260208,0.2194778891775652,-0.111567194641547,-0.1633610219609576,3.080381663928725,0.25,lp|holders|churn,0.0132325209996112,0x894d4e6d3d2abc64fc0de0e4e2ea63a93bc9c520
2026-10-07 05:00:00+00:00,dex_day,1,ethereum:0xf280b16ef293d8e534e370794ef26bf312694126,3.3,Avoid - watch only,0.43423,0.14949,1.42785076385985e-05,83,closed,time_limit,-0.0912582705022332,24.0,-0.0530425668111721,0.2989853333227652,-0.1494926666613826,0.1807382454103248,2.127083267796653,0.0,none,0.0099619745767974,0x76a411f14a704099ba476ce8dffc288a53295218
2026-10-07 05:00:00+00:00,dex_day,1,robinhood:0x20024e485c0b22b42855589700721b28320a7777,3.4,Avoid - watch only,0.48994,0.2524,0.0034500297919074,83,closed,safety_exit,-0.2720907550025377,22.0,-0.1201531010460933,0.5047973642795696,-0.2523986821397848,-0.3512538511400098,0.8164592249670506,0.05,lp,0.019692072862753,0x126a9f6ee2e4be592c3520579ba9b48327a3d5e0
2026-10-07 05:00:00+00:00,dex_day,2,ethereum:0xe0f63a424a4439cbe457d80e4f4b51ad25b2c56c,2.1,Avoid - watch only,0.43339,0.05652,0.407473257680173,83,closed,safety_exit,-0.0661640991968758,9.0,-0.1170997191750113,0.1130412812844159,-0.0565206406422079,-0.0392553324658416,0.9422455162762808,0.0,none,0.009643458554668,0x52c77b0cb827afbad022e6d6caf2c44452edbc39
2026-10-07 05:00:00+00:00,dex_day,3,robinhood:0x5d102d1e69e77591d486aa4f663b3645151bbdf6,2.1,Avoid - watch only,0.40107,0.16141,0.0089949742444879,83,closed,time_limit,-0.0172885309001233,24.0,-0.0626921843917567,0.3228281414962604,-0.1614140707481302,-0.0690658531219821,0.8530702581822242,0.0,none,0.019611592157382,0x02d356acd227e12a9573f0499f133c6e3b0af1c9
2026-10-07 05:00:00+00:00,dex_day,4,ethereum:0xd34a99bc0f67ae1bbd63c660e6d0b0dd03e263b7,1.8,Avoid - watch only,0.43185,0.26454,9.76142825318866,83,closed,time_limit,-0.0358965231420523,24.0,-0.0546674450171737,0.5290713637067324,-0.2645356818533662,-0.2039888424570444,2.9699849364827324,0.15,lp|holders,0.011586852782799,0x894d4e6d3d2abc64fc0de0e4e2ea63a93bc9c520
2026-10-07 05:00:00+00:00,dex_day,5,ethereum:0x8ed97a637a790be1feff5e888d43629dc05408f6,1.5,Avoid - watch only,0.43032,0.07615,0.0217164119206852,83,closed,time_limit,-0.0522055881044098,24.0,-0.0527672686532962,0.1523031970990773,-0.0761515985495386,0.0671298445916366,2.0157681526565523,0.1,holders,0.0096866764189215,0x69c7bd26512f52bf6f76fab834140d13dda673ca
2026-10-07 05:00:00+00:00,dex_short,1,ethereum:0xf280b16ef293d8e534e370794ef26bf312694126,2.1,Avoid - watch only,0.42875,0.06103,1.42785076385985e-05,83,closed,time_limit,-0.0234534296787402,4.0,-0.0144603894383286,0.1220602512027873,-0.0610301256013936,0.1807382454103248,2.127083267796653,0.0,none,0.0099619745767974,0x76a411f14a704099ba476ce8dffc288a53295218
2026-10-07 05:00:00+00:00,dex_short,1,robinhood:0x20024e485c0b22b42855589700721b28320a7777,2.6,Avoid - watch only,0.53838,0.10304,0.0034500297919074,83,closed,time_limit,0.0714227367570781,4.0,-0.0241904877242842,0.2060826609977981,-0.103041330498899,-0.3512538511400098,0.8164592249670506,0.05,lp,0.019692072862753,0x126a9f6ee2e4be592c3520579ba9b48327a3d5e0
2026-10-07 05:00:00+00:00,dex_short,2,ethereum:0xd34a99bc0f67ae1bbd63c660e6d0b0dd03e263b7,1.9,Avoid - watch only,0.49348,0.108,9.76142825318866,83,closed,time_limit,-0.069933687976654,4.0,-0.0160852676443302,0.2159924797666581,-0.1079962398833291,-0.2039888424570444,2.9699849364827324,0.15,lp|holders,0.011586852782799,0x894d4e6d3d2abc64fc0de0e4e2ea63a93bc9c520
2026-10-07 05:00:00+00:00,dex_short,3,robinhood:0x5d102d1e69e77591d486aa4f663b3645151bbdf6,1.5,Avoid - watch only,0.48459,0.0659,0.0089949742444879,83,closed,time_limit,-0.0138619413087891,4.0,-0.0241100070189132,0.1317940368794743,-0.0658970184397371,-0.0690658531219821,0.8530702581822242,0.0,none,0.019611592157382,0x02d356acd227e12a9573f0499f133c6e3b0af1c9
2026-10-07 05:00:00+00:00,dex_short,4,ethereum:0xe0f63a424a4439cbe457d80e4f4b51ad25b2c56c,0.9,Avoid - watch only,0.5129,0.02307,0.407473257680173,83,closed,time_limit,-0.0246373570273464,4.0,-0.0141418734161992,0.0461489098362075,-0.0230744549181037,-0.0392553324658416,0.9422455162762808,0.0,none,0.009643458554668,0x52c77b0cb827afbad022e6d6caf2c44452edbc39
2026-10-07 05:00:00+00:00,dex_short,5,ethereum:0x31c8eacbffdd875c74b94b077895bd78cf1e64a3,0.9,Avoid - watch only,0.3894,0.07462,0.321256692303025,83,closed,time_limit,-0.02584553283277,4.0,-0.0142814693185739,0.1492306229375433,-0.0746153114687716,-0.262799941802352,2.5791085869075228,0.15,lp|holders,0.0097830544570427,0x8c1c499b1796d7f3c2521ac37186b52de024e58c
2026-10-07 06:00:00+00:00,dex_day,1,ethereum:0xf280b16ef293d8e534e370794ef26bf312694126,3.2,Avoid - watch only,0.43476,0.14699,1.413542040001e-05,83,closed,time_limit,-0.0633446716611678,24.0,-0.0677809647996481,0.2939850100207584,-0.1469925050103792,0.1776477274702337,2.2882421362807848,0.0,none,0.0098643773795797,0x76a411f14a704099ba476ce8dffc288a53295218
2026-10-07 06:00:00+00:00,dex_day,2,robinhood:0x20024e485c0b22b42855589700721b28320a7777,3.2,Avoid - watch only,0.47846,0.25152,0.0035808170855245,83,closed,safety_exit,-0.2711774876805789,21.0,-0.1393735071917122,0.5030414326381845,-0.2515207163190922,-0.3117628138736315,0.8666422522374888,0.05,lp,0.0196567713614867,0x126a9f6ee2e4be592c3520579ba9b48327a3d5e0
2026-10-07 06:00:00+00:00,dex_day,3,ethereum:0xd34a99bc0f67ae1bbd63c660e6d0b0dd03e263b7,2.6,Avoid - watch only,0.49191,0.26067,10.0287711099312,83,closed,time_limit,-0.0803437443053832,24.0,-0.0692428814310599,0.521338317292809,-0.2606691586464045,-0.1671266999564524,2.94701173754332,0.15,lp|holders,0.0113262940109915,0x894d4e6d3d2abc64fc0de0e4e2ea63a93bc9c520
2026-10-07 06:00:00+00:00,dex_day,4,ethereum:0xe0f63a424a4439cbe457d80e4f4b51ad25b2c56c,2.4,Avoid - watch only,0.45405,0.05557,0.404580624060526,83,closed,safety_exit,-0.0651141850760729,8.0,-0.1151226679448595,0.1100383293017359,-0.0555702682438198,-0.061965430486392,0.8760917822367518,0.0,none,0.0095439168322531,0x52c77b0cb827afbad022e6d6caf2c44452edbc39
2026-10-07 06:00:00+00:00,dex_day,5,robinhood:0x5d102d1e69e77591d486aa4f663b3645151bbdf6,2.0,Avoid - watch only,0.39874,0.15846,0.0090708058657086,83,closed,time_limit,-0.0264010677115973,24.0,-0.0775280645073967,0.3169287880347351,-0.1584643940173675,-0.0510954138164834,0.8496196696714825,0.0,none,0.0196114770873283,0x02d356acd227e12a9573f0499f133c6e3b0af1c9
2026-10-07 06:00:00+00:00,dex_short,1,robinhood:0x20024e485c0b22b42855589700721b28320a7777,2.3,Avoid - watch only,0.51697,0.10268,0.0035808170855245,83,closed,time_limit,0.0147306743479423,4.0,-0.0328648181084975,0.2053658049070312,-0.1026829024535156,-0.3117628138736315,0.8666422522374888,0.05,lp,0.0196567713614867,0x126a9f6ee2e4be592c3520579ba9b48327a3d5e0
2026-10-07 06:00:00+00:00,dex_short,2,ethereum:0xe0f63a424a4439cbe457d80e4f4b51ad25b2c56c,2.0,Avoid - watch only,0.64013,0.02269,0.404580624060526,83,closed,time_limit,-0.0164430261925282,4.0,-0.0227519635792639,0.0453729340223154,-0.0226864670111577,-0.061965430486392,0.8760917822367518,0.0,none,0.0095439168322531,0x52c77b0cb827afbad022e6d6caf2c44452edbc39
2026-10-07 06:00:00+00:00,dex_short,3,ethereum:0xf280b16ef293d8e534e370794ef26bf312694126,1.9,Avoid - watch only,0.40788,0.06001,1.413542040001e-05,83,closed,time_limit,-0.0397100459055898,4.0,-0.0230724241265905,0.1200188777629762,-0.0600094388814881,0.1776477274702337,2.2882421362807848,0.0,none,0.0098643773795797,0x76a411f14a704099ba476ce8dffc288a53295218
2026-10-07 06:00:00+00:00,dex_short,4,ethereum:0x31c8eacbffdd875c74b94b077895bd78cf1e64a3,1.4,Avoid - watch only,0.4627,0.07312,0.319375021079375,83,closed,time_limit,-0.0073158385948765,4.0,-0.0228903158729407,0.1462301140181996,-0.0731150570090998,-0.2593329819734421,2.2018918557499867,0.15,lp|holders,0.0096822691259299,0x8c1c499b1796d7f3c2521ac37186b52de024e58c
2026-10-07 06:00:00+00:00,dex_short,5,robinhood:0x5d102d1e69e77591d486aa4f663b3645151bbdf6,1.4,Avoid - watch only,0.47802,0.06469,0.0090708058657086,83,closed,time_limit,-0.0300259049428946,4.0,-0.0328195238343391,0.1293856359139646,-0.0657390175180507,-0.0510954138164834,0.8496196696714825,0.0,none,0.0196114770873283,0x02d356acd227e12a9573f0499f133c6e3b0af1c9
2026-10-07 07:00:00+00:00,dex_day,1,ethereum:0xf280b16ef293d8e534e370794ef26bf312694126,3.3,Avoid - watch only,0.43509,0.14429,1.40330120644173e-05,83,closed,time_limit,-0.0577922331930518,24.0,-0.0657431088870187,0.2885886315081418,-0.1442943157540708,0.1847051148188683,2.28174507656173,0.0,none,0.0093050915523984,0x76a411f14a704099ba476ce8dffc288a53295218
2026-10-07 07:00:00+00:00,dex_day,2,robinhood:0x20024e485c0b22b42855589700721b28320a7777,2.7,Avoid - watch only,0.44584,0.24716,0.0036252779468278,83,closed,safety_exit,-0.2668125579306232,20.0,-0.1262650845386463,0.4943212285173861,-0.247160614258693,-0.074498292778272,0.6842032581815344,0.05,lp,0.0196519436719302,0x126a9f6ee2e4be592c3520579ba9b48327a3d5e0
2026-10-07 07:00:00+00:00,dex_day,3,robinhood:0x5d102d1e69e77591d486aa4f663b3645151bbdf6,2.1,Avoid - watch only,0.40692,0.15521,0.0090679233824049,83,closed,time_limit,-0.0280437355420941,24.0,-0.0760507147851152,0.310418433279563,-0.1552092166397815,-0.0545732042445701,0.8508369300414569,0.0,none,0.0196126974504949,0x02d356acd227e12a9573f0499f133c6e3b0af1c9
2026-10-07 07:00:00+00:00,dex_day,4,ethereum:0x31c8eacbffdd875c74b94b077895bd78cf1e64a3,1.6,Avoid - watch only,0.41538,0.17905,0.331254922073906,83,closed,time_limit,-0.088500518089788,24.0,-0.0675190437498809,0.3557534396418771,-0.1790511037223754,-0.1595698190951748,2.020828411038332,0.15,lp|holders,0.0091223967395868,0x8c1c499b1796d7f3c2521ac37186b52de024e58c
2026-10-07 07:00:00+00:00,dex_day,5,ethereum:0x8ed97a637a790be1feff5e888d43629dc05408f6,1.5,Avoid - watch only,0.42573,0.0734,0.021850330011636,83,closed,time_limit,-0.0575385108741811,24.0,-0.0654646968274898,0.146803538849908,-0.0734017694249541,0.0661351467694517,2.0702236387205746,0.1,holders,0.0090266794928695,0x69c7bd26512f52bf6f76fab834140d13dda673ca
2026-10-07 07:00:00+00:00,dex_short,1,ethereum:0xf280b16ef293d8e534e370794ef26bf312694126,2.5,Avoid - watch only,0.45271,0.05891,1.40330120644173e-05,83,closed,time_limit,-0.03355137080892,4.0,-0.0349778556431974,0.1178158154605044,-0.0589079077302522,0.1847051148188683,2.28174507656173,0.0,none,0.0093050915523984,0x76a411f14a704099ba476ce8dffc288a53295218
2026-10-07 07:00:00+00:00,dex_short,2,robinhood:0x20024e485c0b22b42855589700721b28320a7777,1.8,Avoid - watch only,0.47367,0.1009,0.0036252779468278,83,closed,time_limit,-0.0200426301058212,4.0,-0.0453247077627292,0.2018057964822195,-0.1080643276732641,-0.074498292778272,0.6842032581815344,0.05,lp,0.0196519436719302,0x126a9f6ee2e4be592c3520579ba9b48327a3d5e0
2026-10-07 07:00:00+00:00,dex_short,3,robinhood:0x5d102d1e69e77591d486aa4f663b3645151bbdf6,1.3,Avoid - watch only,0.46868,0.06336,0.0090679233824049,83,closed,time_limit,-0.0251342505907664,4.0,-0.0452854615412939,0.1267277947148524,-0.0654420375404095,-0.0545732042445701,0.8508369300414569,0.0,none,0.0196126974504949,0x02d356acd227e12a9573f0499f133c6e3b0af1c9
2026-10-07 07:00:00+00:00,dex_short,4,ethereum:0x31c8eacbffdd875c74b94b077895bd78cf1e64a3,0.8,Avoid - watch only,0.36784,0.0731,0.331254922073906,83,closed,time_limit,-0.0104817411710079,4.0,-0.0347951608303858,0.1461946140006551,-0.0730973070003275,-0.1595698190951748,2.020828411038332,0.15,lp|holders,0.0091223967395868,0x8c1c499b1796d7f3c2521ac37186b52de024e58c
2026-10-07 07:00:00+00:00,dex_short,5,ethereum:0x8ed97a637a790be1feff5e888d43629dc05408f6,0.7,Avoid - watch only,0.4403,0.02997,0.021850330011636,83,closed,safety_exit,-0.0389928263776294,4.0,-0.0346994435836685,0.0599322937695203,-0.02996614688476,0.0661351467694517,2.0702236387205746,0.1,holders,0.0090266794928695,0x69c7bd26512f52bf6f76fab834140d13dda673ca
2026-10-07 08:00:00+00:00,dex_day,1,ethereum:0xf280b16ef293d8e534e370794ef26bf312694126,3.3,Avoid - watch only,0.43894,0.14133,1.40350664834793e-05,83,closed,time_limit,-0.0634871377566051,24.0,-0.0590069210958996,0.2826698150196265,-0.1413349075098132,0.1832221121757022,2.3414444032685067,0.0,none,0.0102384220816701,0x76a411f14a704099ba476ce8dffc288a53295218
2026-10-07 08:00:00+00:00,dex_day,2,robinhood:0x20024e485c0b22b42855589700721b28320a7777,2.9,Avoid - watch only,0.45462,0.24442,0.0037250990119698,83,closed,safety_exit,-0.2640633786775477,19.0,-0.1031451067813213,0.4888499415937302,-0.2444249707968651,-0.0401418754897573,0.6710005805835055,0.05,lp,0.0196384078806826,0x126a9f6ee2e4be592c3520579ba9b48327a3d5e0
2026-10-07 08:00:00+00:00,dex_day,3,ethereum:0xe0f63a424a4439cbe457d80e4f4b51ad25b2c56c,2.3,Avoid - watch only,0.45642,0.0544,0.406637907122647,83,closed,safety_exit,-0.0643208799211281,6.0,-0.1121202253955492,0.1088048425429268,-0.0544024212714634,-0.0668539273542807,0.8797333444006544,0.0,none,0.0099184586496647,0x52c77b0cb827afbad022e6d6caf2c44452edbc39
2026-10-07 08:00:00+00:00,dex_day,4,robinhood:0x5d102d1e69e77591d486aa4f663b3645151bbdf6,2.2,Avoid - watch only,0.40732,0.15201,0.0090600658164399,83,closed,time_limit,-0.0267356121916704,24.0,-0.0683860793568961,0.3040293432227592,-0.1520146716113796,-0.0509029370363913,0.8208589544169101,0.0,none,0.0196175803426666,0x02d356acd227e12a9573f0499f133c6e3b0af1c9
2026-10-07 08:00:00+00:00,dex_day,5,ethereum:0x31c8eacbffdd875c74b94b077895bd78cf1e64a3,1.9,Avoid - watch only,0.44219,0.17645,0.325127825160389,83,closed,time_limit,-0.0772429354539501,24.0,-0.0588282006183467,0.3528944350420286,-0.1764472175210143,-0.2418670248569611,1.7683212363993,0.15,lp|holders,0.0100597016041172,0x8c1c499b1796d7f3c2521ac37186b52de024e58c
2026-10-07 08:00:00+00:00,dex_short,1,ethereum:0xf280b16ef293d8e534e370794ef26bf312694126,2.0,Avoid - watch only,0.4337,0.0577,1.40350664834793e-05,83,closed,time_limit,-0.0553228842339533,4.0,-0.0335541900021454,0.1153994687474988,-0.0576997343737494,0.1832221121757022,2.3414444032685067,0.0,none,0.0102384220816701,0x76a411f14a704099ba476ce8dffc288a53295218
2026-10-07 08:00:00+00:00,dex_short,2,robinhood:0x20024e485c0b22b42855589700721b28320a7777,1.9,Avoid - watch only,0.48036,0.09979,0.0037250990119698,83,closed,time_limit,-0.0920517078880149,4.0,-0.0429541758011579,0.1995721529489997,-0.0997860764744998,-0.0401418754897573,0.6710005805835055,0.05,lp,0.0196384078806826,0x126a9f6ee2e4be592c3520579ba9b48327a3d5e0
2026-10-07 08:00:00+00:00,dex_short,3,robinhood:0x5d102d1e69e77591d486aa4f663b3645151bbdf6,1.2,Avoid - watch only,0.46391,0.06206,0.0090600658164399,83,closed,time_limit,0.0101129874406613,4.0,-0.0429333482631419,0.1241194596215424,-0.0646315190533585,-0.0509029370363913,0.8208589544169101,0.0,none,0.0196175803426666,0x02d356acd227e12a9573f0499f133c6e3b0af1c9
2026-10-07 08:00:00+00:00,dex_short,4,ethereum:0x31c8eacbffdd875c74b94b077895bd78cf1e64a3,0.9,Avoid - watch only,0.3959,0.07203,0.325127825160389,83,closed,time_limit,-0.0002753540532124,4.0,-0.0333754695245925,0.1440685498201188,-0.0720342749100594,-0.2418670248569611,1.7683212363993,0.15,lp|holders,0.0100597016041172,0x8c1c499b1796d7f3c2521ac37186b52de024e58c
2026-10-07 08:00:00+00:00,dex_short,5,ethereum:0xe0f63a424a4439cbe457d80e4f4b51ad25b2c56c,0.8,Avoid - watch only,0.52462,0.02221,0.406637907122647,83,closed,safety_exit,-0.0321281541308346,3.0,-0.0585810033046029,0.0444193909623398,-0.0222096954811699,-0.0668539273542807,0.8797333444006544,0.0,none,0.0099184586496647,0x52c77b0cb827afbad022e6d6caf2c44452edbc39
2026-10-07 09:00:00+00:00,dex_day,1,ethereum:0xf280b16ef293d8e534e370794ef26bf312694126,3.4,Avoid - watch only,0.43983,0.13843,1.40858697938696e-05,83,closed,time_limit,-0.0647298432758316,24.0,-0.0445626185137675,0.2768541691697779,-0.1384270845848889,0.1839056064090769,2.354404077391286,0.0,none,0.0101602297878783,0x76a411f14a704099ba476ce8dffc288a53295218
2026-10-07 09:00:00+00:00,dex_day,2,robinhood:0x20024e485c0b22b42855589700721b28320a7777,2.6,Avoid - watch only,0.43523,0.23993,0.0037643785995798,83,closed,safety_exit,-0.2595888887641084,18.0,-0.1050608388962609,0.479861144188239,-0.2399305720941195,-0.0764583831356429,0.6736216261963796,0.05,lp,0.0196583166699889,0x126a9f6ee2e4be592c3520579ba9b48327a3d5e0
2026-10-07 09:00:00+00:00,dex_day,3,ethereum:0xe0f63a424a4439cbe457d80e4f4b51ad25b2c56c,2.3,Avoid - watch only,0.45829,0.05438,0.401363645024185,83,closed,safety_exit,-0.0642145704695123,6.0,-0.1103844925405082,0.1087551527065697,-0.0543775763532848,-0.0692262710562335,0.888616572895541,0.0,none,0.0098369941162275,0x52c77b0cb827afbad022e6d6caf2c44452edbc39
2026-10-07 09:00:00+00:00,dex_day,4,robinhood:0x5d102d1e69e77591d486aa4f663b3645151bbdf6,2.2,Avoid - watch only,0.40606,0.14888,0.0090466922057858,83,closed,time_limit,-0.0202148243995345,24.0,-0.0540219566256607,0.2977632879011438,-0.1488816439505719,-0.0606334730834143,0.8167227906066001,0.0,none,0.0196195678997715,0x02d356acd227e12a9573f0499f133c6e3b0af1c9
2026-10-07 09:00:00+00:00,dex_day,5,ethereum:0x31c8eacbffdd875c74b94b077895bd78cf1e64a3,1.9,Avoid - watch only,0.44216,0.17507,0.31609651362985,83,closed,time_limit,-0.0670520932955357,24.0,-0.0443782501285774,0.3501490472203648,-0.1750745236101824,-0.2454405508120449,1.6179025951103303,0.15,lp|holders,0.0099758614026882,0x8c1c499b1796d7f3c2521ac37186b52de024e58c
2026-10-07 09:00:00+00:00,dex_short,1,ethereum:0xf280b16ef293d8e534e370794ef26bf312694126,1.9,Avoid - watch only,0.42802,0.05651,1.40858697938696e-05,83,closed,time_limit,-0.0521328287152664,4.0,-0.0329684050448027,0.113025241271355,-0.0565126206356775,0.1839056064090769,2.354404077391286,0.0,none,0.0101602297878783,0x76a411f14a704099ba476ce8dffc288a53295218
2026-10-07 09:00:00+00:00,dex_short,2,ethereum:0xe0f63a424a4439cbe457d80e4f4b51ad25b2c56c,1.6,Avoid - watch only,0.63364,0.0222,0.401363645024185,83,closed,safety_exit,-0.0320365467020241,4.0,-0.0326451693731519,0.0443991051715935,-0.0221995525857966,-0.0692262710562335,0.888616572895541,0.0,none,0.0098369941162275,0x52c77b0cb827afbad022e6d6caf2c44452edbc39
2026-10-07 09:00:00+00:00,dex_short,3,robinhood:0x20024e485c0b22b42855589700721b28320a7777,1.6,Avoid - watch only,0.45752,0.09795,0.0037643785995798,83,closed,time_limit,-0.0765218215738668,4.0,-0.0424664919269133,0.1959024917748819,-0.0979512458874409,-0.0764583831356429,0.6736216261963796,0.05,lp,0.0196583166699889,0x126a9f6ee2e4be592c3520579ba9b48327a3d5e0
2026-10-07 09:00:00+00:00,dex_short,4,ethereum:0x31c8eacbffdd875c74b94b077895bd78cf1e64a3,1.2,Avoid - watch only,0.43708,0.07147,0.31609651362985,83,closed,time_limit,0.0226898202395339,4.0,-0.0327840366596126,0.1429477499352645,-0.0714738749676322,-0.2454405508120449,1.6179025951103303,0.15,lp|holders,0.0099758614026882,0x8c1c499b1796d7f3c2521ac37186b52de024e58c
2026-10-07 09:00:00+00:00,dex_short,5,robinhood:0x5d102d1e69e77591d486aa4f663b3645151bbdf6,1.2,Avoid - watch only,0.46914,0.06078,0.0090466922057858,83,closed,time_limit,0.0106903146843206,4.0,-0.0424277431566959,0.1215613532485411,-0.0632487756596705,-0.0606334730834143,0.8167227906066001,0.0,none,0.0196195678997715,0x02d356acd227e12a9573f0499f133c6e3b0af1c9
2026-10-07 10:00:00+00:00,dex_day,1,ethereum:0xf280b16ef293d8e534e370794ef26bf312694126,3.2,Avoid - watch only,0.42896,0.13853,1.37135393282755e-05,83,closed,time_limit,-0.0373419225296157,24.0,-0.0467642662833144,0.2770649491543031,-0.1385324745771515,0.1603553344447874,2.425141609758028,0.0,none,0.0104039229395745,0x76a411f14a704099ba476ce8dffc288a53295218
2026-10-07 10:00:00+00:00,dex_day,2,robinhood:0x20024e485c0b22b42855589700721b28320a7777,2.9,Avoid - watch only,0.44941,0.23522,0.0037039522386483,83,closed,safety_exit,-0.2551771030699352,17.0,-0.1040859293925858,0.4704451075601032,-0.2352225537800516,-0.1195994345725957,0.6908569660133096,0.05,lp,0.0199545492898836,0x126a9f6ee2e4be592c3520579ba9b48327a3d5e0
2026-10-07 10:00:00+00:00,dex_day,3,ethereum:0xe0f63a424a4439cbe457d80e4f4b51ad25b2c56c,2.0,Avoid - watch only,0.44602,0.05336,0.401789378090084,83,closed,safety_exit,-0.0634413192667832,5.0,-0.1235802530113287,0.1067298399850951,-0.0533649199925476,-0.0772885609108673,0.8798214007904505,0.0,none,0.0100763992742356,0x52c77b0cb827afbad022e6d6caf2c44452edbc39
2026-10-07 10:00:00+00:00,dex_day,4,robinhood:0x5d102d1e69e77591d486aa4f663b3645151bbdf6,1.8,Avoid - watch only,0.41675,0.14592,0.0089763386124283,83,closed,time_limit,-0.0131234679725051,24.0,-0.0562879203426332,0.2918329855906043,-0.1459164927953021,-0.0789793768102011,0.8069829136879154,0.05,lp,0.0199275769988933,0x02d356acd227e12a9573f0499f133c6e3b0af1c9
2026-10-07 10:00:00+00:00,dex_day,5,ethereum:0x8ed97a637a790be1feff5e888d43629dc05408f6,1.5,Avoid - watch only,0.43724,0.07389,0.0214211855051718,83,closed,time_limit,-0.0471897123845537,24.0,-0.0464809924893528,0.1477858626429506,-0.0738929313214753,0.0669873727092178,2.243799205115764,0.1,holders,0.0101206491456129,0x69c7bd26512f52bf6f76fab834140d13dda673ca
2026-10-07 10:00:00+00:00,dex_short,1,ethereum:0xf280b16ef293d8e534e370794ef26bf312694126,2.4,Avoid - watch only,0.47142,0.05656,1.37135393282755e-05,83,closed,time_limit,-0.0433844315884293,4.0,-0.0286601468465152,0.1131112918397014,-0.0565556459198507,0.1603553344447874,2.425141609758028,0.0,none,0.0104039229395745,0x76a411f14a704099ba476ce8dffc288a53295218
2026-10-07 10:00:00+00:00,dex_short,2,robinhood:0x20024e485c0b22b42855589700721b28320a7777,1.4,Avoid - watch only,0.43456,0.09603,0.0037039522386483,83,closed,time_limit,-0.0517679895563783,4.0,-0.0467093672964526,0.1920584109185004,-0.0960292054592502,-0.1195994345725957,0.6908569660133096,0.05,lp,0.0199545492898836,0x126a9f6ee2e4be592c3520579ba9b48327a3d5e0
2026-10-07 10:00:00+00:00,dex_short,3,robinhood:0x5d102d1e69e77591d486aa4f663b3645151bbdf6,0.8,Avoid - watch only,0.46714,0.05957,0.0089763386124283,83,closed,time_limit,-0.0211741832509075,4.0,-0.0466823950054623,0.1191403174683294,-0.0595701587341648,-0.0789793768102011,0.8069829136879154,0.05,lp,0.0199275769988933,0x02d356acd227e12a9573f0499f133c6e3b0af1c9
2026-10-07 10:00:00+00:00,dex_short,4,ethereum:0x8ed97a637a790be1feff5e888d43629dc05408f6,0.6,Avoid - watch only,0.46174,0.03017,0.0214211855051718,83,closed,time_limit,-0.0204996582018773,4.0,-0.0283768730525536,0.0603333257787117,-0.0301666628893558,0.0669873727092178,2.243799205115764,0.1,holders,0.0101206491456129,0x69c7bd26512f52bf6f76fab834140d13dda673ca
2026-10-07 10:00:00+00:00,dex_short,5,ethereum:0xe0f63a424a4439cbe457d80e4f4b51ad25b2c56c,0.5,Avoid - watch only,0.48146,0.02179,0.401789378090084,83,closed,safety_exit,-0.031862536631934,3.0,-0.0368312172808046,0.0435722747153968,-0.0217861373576984,-0.0772885609108673,0.8798214007904505,0.0,none,0.0100763992742356,0x52c77b0cb827afbad022e6d6caf2c44452edbc39
2026-10-07 11:00:00+00:00,dex_day,1,robinhood:0x20024e485c0b22b42855589700721b28320a7777,3.0,Avoid - watch only,0.44707,0.23091,0.0036238615999149,83,closed,safety_exit,-0.2509129201050905,16.0,-0.081656649696928,0.4618185503407634,-0.2309092751703817,-0.146170394549534,0.693633507652449,0.05,lp,0.0200036449347088,0x126a9f6ee2e4be592c3520579ba9b48327a3d5e0
2026-10-07 11:00:00+00:00,dex_day,2,ethereum:0xf280b16ef293d8e534e370794ef26bf312694126,2.9,Avoid - watch only,0.42018,0.1357,1.36927637350933e-05,83,closed,time_limit,-0.044388503660401,24.0,-0.0427743238256174,0.2714001180189893,-0.1357000590094946,0.0687153696456963,1.91742898167242,0.0,none,0.0132175015041886,0x76a411f14a704099ba476ce8dffc288a53295218
2026-10-07 11:00:00+00:00,dex_day,3,robinhood:0x5d102d1e69e77591d486aa4f663b3645151bbdf6,2.3,Avoid - watch only,0.41442,0.14307,0.009017854361577,83,closed,time_limit,-0.0243412835108993,24.0,-0.0494551232594223,0.2861444424528081,-0.143072221226404,-0.0745882722756068,0.8153005784230803,0.0,none,0.0198983009379935,0x02d356acd227e12a9573f0499f133c6e3b0af1c9
2026-10-07 11:00:00+00:00,dex_day,4,ethereum:0x8ed97a637a790be1feff5e888d43629dc05408f6,1.2,Avoid - watch only,0.43735,0.07277,0.0212480231726333,83,closed,time_limit,-0.0461242621661661,24.0,-0.0424879490915131,0.1455431070227741,-0.0727715535113872,0.0562822144834593,2.2838841940400347,0.1,holders,0.0129311267700843,0x69c7bd26512f52bf6f76fab834140d13dda673ca
2026-10-07 11:00:00+00:00,dex_day,5,ethereum:0xe0f63a424a4439cbe457d80e4f4b51ad25b2c56c,0.9,Avoid - watch only,0.44714,0.05278,0.397883617807115,83,closed,safety_exit,-0.0656648755159771,4.0,-0.0755254564050923,0.1055556013854857,-0.0527778006927428,-0.083215584863063,0.9142900476692032,0.1,holders,0.0128870748232343,0x52c77b0cb827afbad022e6d6caf2c44452edbc39
2026-10-07 11:00:00+00:00,dex_short,1,ethereum:0xf280b16ef293d8e534e370794ef26bf312694126,1.5,Avoid - watch only,0.43385,0.0554,1.36927637350933e-05,83,closed,time_limit,-0.0466541959407248,4.0,-0.0147302403124022,0.110798634212943,-0.0553993171064715,0.0687153696456963,1.91742898167242,0.0,none,0.0132175015041886,0x76a411f14a704099ba476ce8dffc288a53295218
2026-10-07 11:00:00+00:00,dex_short,2,robinhood:0x20024e485c0b22b42855589700721b28320a7777,1.3,Avoid - watch only,0.4221,0.09427,0.0036238615999149,83,closed,time_limit,-0.0472526416001576,4.0,-0.0215163837429224,0.188536633681116,-0.0942683168405581,-0.146170394549534,0.693633507652449,0.05,lp,0.0200036449347088,0x126a9f6ee2e4be592c3520579ba9b48327a3d5e0
2026-10-07 11:00:00+00:00,dex_short,3,robinhood:0x5d102d1e69e77591d486aa4f663b3645151bbdf6,0.9,Avoid - watch only,0.43969,0.05841,0.009017854361577,83,closed,time_limit,-0.0497009975396893,4.0,-0.0214110397462071,0.1168179794570942,-0.0602531755105897,-0.0745882722756068,0.8153005784230803,0.0,none,0.0198983009379935,0x02d356acd227e12a9573f0499f133c6e3b0af1c9
2026-10-07 11:00:00+00:00,dex_short,4,ethereum:0x8ed97a637a790be1feff5e888d43629dc05408f6,0.3,Avoid - watch only,0.46539,0.02971,0.0212480231726333,83,closed,time_limit,-0.0182412566700658,4.0,-0.0144438655782979,0.0594177246308464,-0.0297088623154232,0.0562822144834593,2.2838841940400347,0.1,holders,0.0129311267700843,0x69c7bd26512f52bf6f76fab834140d13dda673ca
2026-10-07 11:00:00+00:00,dex_short,5,ethereum:0x6982508145454ce325ddbe47a25d4ec3d2311933,0.2,Avoid - watch only,0.604,0.02,4.06833076261863e-06,83,closed,time_limit,-0.0223164355990861,4.0,-0.0143792761956008,0.04,-0.0200000000000001,-0.0657298315965402,0.503609937724918,0.15,lp|holders,0.0128665373873872,0xa43fe16908251ee70ef74718545e4fe6c5ccec9f
2026-10-07 12:00:00+00:00,dex_day,1,robinhood:0x20024e485c0b22b42855589700721b28320a7777,4.0,Avoid - watch only,0.49574,0.22972,0.003455352299659,83,closed,safety_exit,-0.2497061676541022,15.0,-0.0804887268177737,0.4594310817729599,-0.2297155408864799,-0.2070005385435154,0.6948162738472901,0.05,lp,0.0199906267676223,0x126a9f6ee2e4be592c3520579ba9b48327a3d5e0
2026-10-07 12:00:00+00:00,dex_day,2,ethereum:0xf280b16ef293d8e534e370794ef26bf312694126,3.2,Avoid - watch only,0.43252,0.13471,1.34023030598001e-05,83,closed,time_limit,-0.0248818819584736,24.0,-0.0358945999418293,0.2694135782675513,-0.1347067891337756,-0.0778804901929284,1.2368432993206917,0.0,none,0.0129972481298699,0x76a411f14a704099ba476ce8dffc288a53295218
2026-10-07 12:00:00+00:00,dex_day,3,ethereum:0xd34a99bc0f67ae1bbd63c660e6d0b0dd03e263b7,3.2,Avoid - watch only,0.50029,0.24714,8.29475014219969,83,closed,time_limit,0.0833826402720476,24.0,-0.0374657713264634,0.4942760840658484,-0.2471380420329242,-0.3907634030587874,2.149526897848069,0.15,lp|holders,0.014568419514504,0x894d4e6d3d2abc64fc0de0e4e2ea63a93bc9c520
2026-10-07 12:00:00+00:00,dex_day,3,robinhood:0x020bfc650a365f8bb26819deaabf3e21291018b4,0.8,Avoid - watch only,0.47894,0.07245,0.12501831143562,83,closed,time_limit,-0.069816405434579,24.0,-0.0419916780945696,0.1448937956856029,-0.0724468978428014,-0.200534741958583,1.4701795157578963,0.15,lp|holders,0.0190943262826102,0xd42a491087a15e5afd51feb3606066cc152d2b09
2026-10-07 12:00:00+00:00,dex_day,4,solana:JUPyiwrYJFskUPiHa7hkeR8VUtAeFoSYbKedZNsDvCN,0.8,Avoid - watch only,0.44733,0.05433,0.3178065794889227,83,closed,take_profit,0.0958631319938518,10.0,-0.0031332953635125,0.1086613047715532,-0.0588615236317811,-0.0807570271393862,1.2514369152833866,0.12,metadata|holders,0.0127981727777014,C1MgLojNLWBKADvu9BHdtgzz1oZX4dZ5zGdGcgvvW8Wz
2026-10-07 12:00:00+00:00,dex_day,4,robinhood:0x5d102d1e69e77591d486aa4f663b3645151bbdf6,2.7,Avoid - watch only,0.43284,0.14451,0.009329426717317,83,closed,time_limit,-0.0900001598274722,24.0,-0.0428060163250984,0.2890173391902757,-0.1445086695951378,0.0569242305488524,0.6247514379955786,0.0,none,0.019908664513139,0x02d356acd227e12a9573f0499f133c6e3b0af1c9
2026-10-07 12:00:00+00:00,dex_day,5,bsc:0x99991c6aabba5a096f24f250b73580f5179b9999,0.7,Avoid - watch only,0.49061,0.27882,0.0664152760569758,83,closed,time_limit,0.076283894062357,24.0,-0.0649971838244719,0.5576465647234139,-0.2788232823617069,-0.3323867631420993,2.434296216164947,0.35,lp|holders|wash|churn,0.0433979396799725,0x3bca91b9b847cff6f4b666fa1d966981678975e13fd69d647bd11bed99f5fa14
2026-10-07 12:00:00+00:00,dex_day,5,ethereum:0xe0f63a424a4439cbe457d80e4f4b51ad25b2c56c,1.4,Avoid - watch only,0.44272,0.0519,0.394972315931408,83,closed,safety_exit,-0.064565885855471,24.0,-0.0355633935656387,0.1037996882035834,-0.0518998441017917,-0.0916228809269069,0.9533212871458986,0.0,none,0.0126660417536793,0x52c77b0cb827afbad022e6d6caf2c44452edbc39
2026-10-07 12:00:00+00:00,dex_short,1,ethereum:0xd34a99bc0f67ae1bbd63c660e6d0b0dd03e263b7,3.0,Avoid - watch only,0.60267,0.10089,8.29475014219969,83,closed,time_limit,0.1140430793080746,4.0,-0.0065342271003158,0.2017873663370553,-0.1008936831685276,-0.3907634030587874,2.149526897848069,0.15,lp|holders,0.014568419514504,0x894d4e6d3d2abc64fc0de0e4e2ea63a93bc9c520
2026-10-07 12:00:00+00:00,dex_short,2,robinhood:0x20024e485c0b22b42855589700721b28320a7777,1.8,Avoid - watch only,0.48475,0.09378,0.003455352299659,83,closed,time_limit,-0.0444823982954142,4.0,-0.0119564343534341,0.1875619537197741,-0.093780976859887,-0.2070005385435154,0.6948162738472901,0.05,lp,0.0199906267676223,0x126a9f6ee2e4be592c3520579ba9b48327a3d5e0
2026-10-07 12:00:00+00:00,dex_short,3,bsc:0x99991c6aabba5a096f24f250b73580f5179b9999,0.3,Avoid - watch only,0.57869,0.11383,0.0664152760569758,83,closed,time_limit,0.0617437167023148,4.0,-0.0353637472657843,0.2276582567313796,-0.1138291283656898,-0.3323867631420993,2.434296216164947,0.35,lp|holders|wash|churn,0.0433979396799725,0x3bca91b9b847cff6f4b666fa1d966981678975e13fd69d647bd11bed99f5fa14
2026-10-07 12:00:00+00:00,dex_short,3,ethereum:0xf280b16ef293d8e534e370794ef26bf312694126,1.7,Avoid - watch only,0.46192,0.05499,1.34023030598001e-05,83,closed,time_limit,-0.0303264777388118,4.0,-0.0049630557156817,0.10998763275548,-0.05499381637774,-0.0778804901929284,1.2368432993206917,0.0,none,0.0129972481298699,0x76a411f14a704099ba476ce8dffc288a53295218
2026-10-07 12:00:00+00:00,dex_short,4,robinhood:0x020bfc650a365f8bb26819deaabf3e21291018b4,0.1,Avoid - watch only,0.53712,0.02958,0.12501831143562,83,closed,safety_exit,-0.048670648476344,2.0,-0.011060133868422,0.0591526443874677,-0.0295763221937338,-0.200534741958583,1.4701795157578963,0.15,lp|holders,0.0190943262826102,0xd42a491087a15e5afd51feb3606066cc152d2b09
2026-10-07 12:00:00+00:00,dex_short,4,robinhood:0x5d102d1e69e77591d486aa4f663b3645151bbdf6,1.0,Avoid - watch only,0.46137,0.059,0.009329426717317,83,closed,safety_exit,-0.0827605745540797,3.0,-0.0118744720989508,0.1179908346388445,-0.0628519100409407,0.0569242305488524,0.6247514379955786,0.0,none,0.019908664513139,0x02d356acd227e12a9573f0499f133c6e3b0af1c9
2026-10-07 12:00:00+00:00,dex_short,5,solana:JUPyiwrYJFskUPiHa7hkeR8VUtAeFoSYbKedZNsDvCN,0.1,Avoid - watch only,0.50163,0.02218,0.3178065794889227,83,closed,safety_exit,-0.034978568733981,3.0,-0.0047639803635132,0.0443607919125594,-0.0221803959562796,-0.0807570271393862,1.2514369152833866,0.12,metadata|holders,0.0127981727777014,C1MgLojNLWBKADvu9BHdtgzz1oZX4dZ5zGdGcgvvW8Wz
2026-10-07 12:00:00+00:00,dex_short,5,ethereum:0xe0f63a424a4439cbe457d80e4f4b51ad25b2c56c,0.4,Avoid - watch only,0.58979,0.02119,0.394972315931408,83,closed,safety_exit,-0.0338540643835766,2.0,-0.0046318493394911,0.0423760452597949,-0.0211880226298974,-0.0916228809269069,0.9533212871458986,0.0,none,0.0126660417536793,0x52c77b0cb827afbad022e6d6caf2c44452edbc39
2026-10-07 13:00:00+00:00,dex_day,2,ethereum:0xf280b16ef293d8e534e370794ef26bf312694126,2.8,Avoid - watch only,0.42349,0.1321,1.34946492304681e-05,83,closed,safety_exit,-0.1467370756457038,24.0,-0.0567334672962249,0.2641929619061134,-0.1320964809530567,-0.1146149115534473,1.077394493906997,0.0,none,0.0146405946926471,0x76a411f14a704099ba476ce8dffc288a53295218
2026-10-07 13:00:00+00:00,dex_day,4,ethereum:0x8ed97a637a790be1feff5e888d43629dc05408f6,1.0,Avoid - watch only,0.42923,0.07019,0.0214391972895717,83,closed,time_limit,-0.0603531673171313,24.0,-0.0564443317807538,0.1403808358009357,-0.0701904179004678,0.0150647745662428,2.213084030199981,0.1,holders,0.014351459177176,0x69c7bd26512f52bf6f76fab834140d13dda673ca
2026-10-07 13:00:00+00:00,dex_day,5,ethereum:0xe0f63a424a4439cbe457d80e4f4b51ad25b2c56c,0.7,Avoid - watch only,0.43599,0.05086,0.394570717702278,83,closed,safety_exit,-0.0651665555891259,23.0,-0.0564007102224328,0.1017174359405423,-0.050858717970271,-0.0922402153731114,0.9977638624134708,0.1,holders,0.014307837618855,0x52c77b0cb827afbad022e6d6caf2c44452edbc39
2026-10-07 13:00:00+00:00,dex_short,2,ethereum:0xf280b16ef293d8e534e370794ef26bf312694126,1.0,Avoid - watch only,0.39928,0.05393,1.34946492304681e-05,83,closed,time_limit,-0.046192789923203,4.0,-0.0230616530514653,0.1078563250507551,-0.0539281625253775,-0.1146149115534473,1.077394493906997,0.0,none,0.0146405946926471,0x76a411f14a704099ba476ce8dffc288a53295218
2026-10-07 13:00:00+00:00,dex_short,4,ethereum:0x8ed97a637a790be1feff5e888d43629dc05408f6,0.2,Avoid - watch only,0.42595,0.02866,0.0214391972895717,83,closed,time_limit,-0.0330502331407467,4.0,-0.0227725175359942,0.0573102362296202,-0.0286551181148101,0.0150647745662428,2.213084030199981,0.1,holders,0.014351459177176,0x69c7bd26512f52bf6f76fab834140d13dda673ca
2026-10-07 13:00:00+00:00,dex_short,5,ethereum:0xe0f63a424a4439cbe457d80e4f4b51ad25b2c56c,0.1,Avoid - watch only,0.47044,0.02076,0.394570717702278,83,closed,safety_exit,-0.0350708222854019,1.0,-0.0227288959776732,0.041525969333094,-0.0207629846665469,-0.0922402153731114,0.9977638624134708,0.1,holders,0.014307837618855,0x52c77b0cb827afbad022e6d6caf2c44452edbc39
2026-10-07 14:00:00+00:00,dex_day,1,robinhood:0x20024e485c0b22b42855589700721b28320a7777,2.9,Avoid - watch only,0.43825,0.22352,0.0035861167753541,83,closed,safety_exit,-0.2435021625668135,13.0,-0.0849058577100372,0.4470383923742851,-0.2235191961871425,-0.1853473071645783,0.6851685902089344,0.05,lp,0.019982966379671,0x126a9f6ee2e4be592c3520579ba9b48327a3d5e0
2026-10-07 14:00:00+00:00,dex_day,3,robinhood:0x5d102d1e69e77591d486aa4f663b3645151bbdf6,2.8,Avoid - watch only,0.44246,0.14359,0.0089651486525939,83,closed,time_limit,-0.0799217657500823,24.0,-0.054425808229685,0.2871819030192215,-0.1435909515096107,-0.0027181373016524,0.6288866648888299,0.0,none,0.0199245000419325,0x02d356acd227e12a9573f0499f133c6e3b0af1c9
2026-10-07 14:00:00+00:00,dex_short,1,robinhood:0x20024e485c0b22b42855589700721b28320a7777,1.2,Avoid - watch only,0.42088,0.09125,0.0035861167753541,83,closed,time_limit,-0.0678931283365085,4.0,-0.0203831874391626,0.1825026594585155,-0.0983241970541177,-0.1853473071645783,0.6851685902089344,0.05,lp,0.019982966379671,0x126a9f6ee2e4be592c3520579ba9b48327a3d5e0
2026-10-07 14:00:00+00:00,dex_short,3,robinhood:0x5d102d1e69e77591d486aa4f663b3645151bbdf6,1.0,Avoid - watch only,0.45745,0.05862,0.0089651486525939,83,closed,time_limit,-0.0368727716178541,4.0,-0.0203247211014241,0.1172415209597561,-0.0586207604798779,-0.0027181373016524,0.6288866648888299,0.0,none,0.0199245000419325,0x02d356acd227e12a9573f0499f133c6e3b0af1c9
2026-10-07 18:00:00+00:00,dex_day,1,ethereum:0xe0f63a424a4439cbe457d80e4f4b51ad25b2c56c,1.1,Avoid - watch only,0.43268,0.05093,0.386030621736686,80,closed,safety_exit,-0.0650496821643958,21.0,-0.0701162707481821,0.1018583501846233,-0.0509291750923116,-0.0902006621888887,1.112731191798186,0.0,none,0.0141205070720842,0x52c77b0cb827afbad022e6d6caf2c44452edbc39
2026-10-07 18:00:00+00:00,dex_day,1,robinhood:0x20024e485c0b22b42855589700721b28320a7777,3.6,Avoid - watch only,0.45002,0.21051,0.0034230445482262,80,closed,safety_exit,-0.2305399042826567,9.0,-0.0697312640699167,0.4210235362233545,-0.2105117681116772,-0.217310313847383,0.6753153758692126,0.05,lp,0.0200281361709795,0x126a9f6ee2e4be592c3520579ba9b48327a3d5e0
2026-10-07 18:00:00+00:00,dex_day,2,robinhood:0xf8bc08092c06db6148114dcf82af881f1085f92b,1.1,Avoid - watch only,0.46147,0.08385,0.0048550236345659,80,closed,time_limit,-0.0508819735605238,24.0,-0.0614530842669588,0.1677050955326682,-0.083852547766334,-0.0555437207236337,0.9190191052344048,0.1,holders,0.0195470995218273,0xbf3bb81de6285b8310a028d1c2cd38f9419d54c1
2026-10-07 18:00:00+00:00,dex_day,3,ethereum:0x8ed97a637a790be1feff5e888d43629dc05408f6,1.0,Avoid - watch only,0.44529,0.06546,0.0208245352371594,80,closed,safety_exit,-0.0796209050266181,22.0,-0.0657166847611331,0.1309116557360254,-0.0654558278680127,-0.0833193897076594,1.925889647830368,0.1,holders,0.0141650771586054,0x69c7bd26512f52bf6f76fab834140d13dda673ca
2026-10-07 18:00:00+00:00,dex_day,4,solana:JUPyiwrYJFskUPiHa7hkeR8VUtAeFoSYbKedZNsDvCN,0.7,Avoid - watch only,0.42544,0.05269,0.3213723257000372,80,closed,take_profit,0.0926452532039756,4.0,0.0926452532680867,0.1053896602437081,-0.052694830121854,-0.0923407891845975,1.1281859734762885,0.12,metadata|holders,0.0127444070397325,C1MgLojNLWBKADvu9BHdtgzz1oZX4dZ5zGdGcgvvW8Wz
2026-10-07 18:00:00+00:00,dex_day,5,bsc:0x99991c6aabba5a096f24f250b73580f5179b9999,0.5,Avoid - watch only,0.44188,0.2653,0.0734899389318093,80,closed,time_limit,-0.0478535363622457,24.0,-0.094945091110538,0.5305954174509981,-0.265297708725499,-0.1581361362298183,1.4615111861444043,0.35,lp|holders|wash|churn,0.0433934835080104,0x3bca91b9b847cff6f4b666fa1d966981678975e13fd69d647bd11bed99f5fa14
2026-10-07 18:00:00+00:00,dex_short,1,ethereum:0x8ed97a637a790be1feff5e888d43629dc05408f6,0.2,Avoid - watch only,0.52975,0.02672,0.0208245352371594,80,closed,time_limit,-0.0030925385282331,4.0,-0.0152599654859246,0.0534444596560261,-0.0267222298280129,-0.0833193897076594,1.925889647830368,0.1,holders,0.0141650771586054,0x69c7bd26512f52bf6f76fab834140d13dda673ca
2026-10-07 18:00:00+00:00,dex_short,1,robinhood:0x20024e485c0b22b42855589700721b28320a7777,1.2,Avoid - watch only,0.4168,0.08594,0.0034230445482262,80,closed,safety_exit,-0.1059692056250967,2.0,-0.0801149999572448,0.171882138908235,-0.0859410694541173,-0.217310313847383,0.6753153758692126,0.05,lp,0.0200281361709795,0x126a9f6ee2e4be592c3520579ba9b48327a3d5e0
2026-10-07 18:00:00+00:00,dex_short,2,robinhood:0xf8bc08092c06db6148114dcf82af881f1085f92b,0.2,Avoid - watch only,0.49239,0.03423,0.0048550236345659,80,closed,safety_exit,-0.0611469780032904,1.0,-0.053779758394033,0.0684653185532906,-0.0415998784814631,-0.0555437207236337,0.9190191052344048,0.1,holders,0.0195470995218273,0xbf3bb81de6285b8310a028d1c2cd38f9419d54c1
2026-10-07 18:00:00+00:00,dex_short,3,ethereum:0xe0f63a424a4439cbe457d80e4f4b51ad25b2c56c,0.1,Avoid - watch only,0.4564,0.02079,0.386030621736686,80,closed,time_limit,-0.008266238127126,4.0,-0.0152153953994034,0.0415834973323421,-0.0259896858327137,-0.0902006621888887,1.112731191798186,0.0,none,0.0141205070720842,0x52c77b0cb827afbad022e6d6caf2c44452edbc39
2026-10-07 18:00:00+00:00,dex_short,4,bsc:0x99991c6aabba5a096f24f250b73580f5179b9999,0.1,Avoid - watch only,0.40904,0.10831,0.0734899389318093,80,closed,time_limit,-0.0463991555373048,4.0,-0.0444883718353296,0.2166146721023298,-0.1083073360511649,-0.1581361362298183,1.4615111861444043,0.35,lp|holders|wash|churn,0.0433934835080104,0x3bca91b9b847cff6f4b666fa1d966981678975e13fd69d647bd11bed99f5fa14
2026-10-07 18:00:00+00:00,dex_short,4,ethereum:0x6982508145454ce325ddbe47a25d4ec3d2311933,0.1,Avoid - watch only,0.49017,0.02,4.02930113324172e-06,80,closed,time_limit,0.003535443712904,4.0,-0.0121726689106565,0.04,-0.02,-0.0657104377599342,0.5735121317676543,0.15,lp|holders,0.0110777805833373,0xa43fe16908251ee70ef74718545e4fe6c5ccec9f
2026-10-07 18:00:00+00:00,dex_short,5,solana:JUPyiwrYJFskUPiHa7hkeR8VUtAeFoSYbKedZNsDvCN,0.1,Avoid - watch only,0.3915,0.02151,0.3213723257000372,80,closed,take_profit,0.0302807415873286,3.0,-0.0384606000750383,0.0430251486270611,-0.0215125743135304,-0.0923407891845975,1.1281859734762885,0.12,metadata|holders,0.0127444070397325,C1MgLojNLWBKADvu9BHdtgzz1oZX4dZ5zGdGcgvvW8Wz
2026-10-07 18:00:00+00:00,dex_short,5,ethereum:0x514910771af9ca656af840dff83e8264ecf986ca,0.1,Avoid - watch only,0.41491,0.02,13.3498677639222,80,closed,time_limit,-0.0166504350847581,4.0,-0.0122132031536366,0.04,-0.02,-0.0447385458890883,0.9418157486393328,0.15,lp|holders,0.0111183148263174,0xa6cc3c2531fdaa6ae1a3ca84c2855806728693e8
2026-10-07 19:00:00+00:00,dex_day,1,ethereum:0xd34a99bc0f67ae1bbd63c660e6d0b0dd03e263b7,2.9,Avoid - watch only,0.44878,0.23877,8.87986438293854,80,closed,time_limit,-0.0819359781954373,24.0,-0.0602435922149331,0.4775487239681932,-0.2387743619840966,-0.1656288032873747,1.338923822368515,0.15,lp|holders,0.0130354379507839,0x894d4e6d3d2abc64fc0de0e4e2ea63a93bc9c520
2026-10-07 19:00:00+00:00,dex_day,2,robinhood:0xf8bc08092c06db6148114dcf82af881f1085f92b,1.0,Avoid - watch only,0.43613,0.0889,0.0050187060972045,80,closed,time_limit,-0.0759274933194199,24.0,-0.0676747975362041,0.1778046117401635,-0.0889023058700816,-0.0159859865594533,1.1384281644159118,0.1,holders,0.0204666432720549,0xbf3bb81de6285b8310a028d1c2cd38f9419d54c1
2026-10-07 19:00:00+00:00,dex_day,3,ethereum:0x514910771af9ca656af840dff83e8264ecf986ca,0.7,Avoid - watch only,0.50229,0.04,13.357531734445,80,closed,safety_exit,-0.0511244680287691,19.0,-0.0668098431123577,0.08,-0.04,-0.0445102702633257,0.9304959004246124,0.15,lp|holders,0.0111244680287691,0xa6cc3c2531fdaa6ae1a3ca84c2855806728693e8
2026-10-07 19:00:00+00:00,dex_day,4,bsc:0x99991c6aabba5a096f24f250b73580f5179b9999,0.6,Avoid - watch only,0.4482,0.25983,0.0733538684658229,80,closed,time_limit,-0.0482427904740396,24.0,-0.0906039557914019,0.5196569994332503,-0.2598284997166251,-0.1856527066151052,1.4342487406356057,0.35,lp|holders|wash|churn,0.0433958015272527,0x3bca91b9b847cff6f4b666fa1d966981678975e13fd69d647bd11bed99f5fa14
2026-10-07 19:00:00+00:00,dex_day,5,ethereum:0x1abaea1f7c830bd89acc67ec4af516284b1bc33c,0.5,Avoid - watch only,0.35395,0.04,1.12033450337056,80,closed,time_limit,-0.0059244474258971,24.0,-0.0475758485764603,0.08,-0.04,-0.0038981519033564,1.251876823526621,0.15,lp|holders,0.0059614812511476,0xb2b92b56988a4edbe255989792c6ea239b25eaf66b42093145cbf8f630db3a17
2026-10-07 19:00:00+00:00,dex_short,1,ethereum:0xd34a99bc0f67ae1bbd63c660e6d0b0dd03e263b7,1.6,Avoid - watch only,0.46358,0.09748,8.87986438293854,80,closed,time_limit,0.0869559021345779,4.0,-0.0016796219574546,0.194958450173214,-0.1017880841373202,-0.1656288032873747,1.338923822368515,0.15,lp|holders,0.0130354379507839,0x894d4e6d3d2abc64fc0de0e4e2ea63a93bc9c520
2026-10-07 19:00:00+00:00,dex_short,2,ethereum:0x1abaea1f7c830bd89acc67ec4af516284b1bc33c,0.2,Avoid - watch only,0.39416,0.02,1.12033450337056,80,closed,time_limit,-0.0053541925505203,4.0,0.0053943347421816,0.04,-0.0199999999999999,-0.0038981519033564,1.251876823526621,0.15,lp|holders,0.0059614812511476,0xb2b92b56988a4edbe255989792c6ea239b25eaf66b42093145cbf8f630db3a17
2026-10-07 19:00:00+00:00,dex_short,3,ethereum:0x514910771af9ca656af840dff83e8264ecf986ca,0.1,Avoid - watch only,0.50263,0.02,13.357531734445,80,closed,time_limit,-0.0151832410990434,4.0,-0.0048035861354298,0.04,-0.02,-0.0445102702633257,0.9304959004246124,0.15,lp|holders,0.0111244680287691,0xa6cc3c2531fdaa6ae1a3ca84c2855806728693e8
2026-10-07 19:00:00+00:00,dex_short,4,bsc:0x99991c6aabba5a096f24f250b73580f5179b9999,0.1,Avoid - watch only,0.45756,0.10607,0.0733538684658229,80,closed,time_limit,-0.0727091066123068,4.0,-0.0320399855339234,0.212149081646205,-0.1060745408231025,-0.1856527066151052,1.4342487406356057,0.35,lp|holders|wash|churn,0.0433958015272527,0x3bca91b9b847cff6f4b666fa1d966981678975e13fd69d647bd11bed99f5fa14
2026-10-07 19:00:00+00:00,dex_short,5,robinhood:0xf8bc08092c06db6148114dcf82af881f1085f92b,0.1,Avoid - watch only,0.38385,0.03629,0.0050187060972045,80,closed,take_profit,0.0521217855074577,2.0,-0.0264383348409533,0.0725884287795126,-0.0362942143897562,-0.0159859865594533,1.1384281644159118,0.1,holders,0.0204666432720549,0xbf3bb81de6285b8310a028d1c2cd38f9419d54c1
2026-10-07 20:00:00+00:00,dex_day,1,robinhood:0x20024e485c0b22b42855589700721b28320a7777,4.1,Avoid - watch only,0.48103,0.20515,0.0032058861497256,80,closed,safety_exit,-0.2251955289458366,7.0,-0.0633549584295597,0.4102928106453543,-0.205146405322677,-0.2382054470865435,0.7259718466747868,0.05,lp,0.0200491236231596,0x126a9f6ee2e4be592c3520579ba9b48327a3d5e0
2026-10-07 20:00:00+00:00,dex_day,2,ethereum:0xe0f63a424a4439cbe457d80e4f4b51ad25b2c56c,1.5,Avoid - watch only,0.43405,0.04902,0.384458594692549,80,closed,safety_exit,-0.0592364653874852,19.0,-0.058581217955702,0.0980403030563326,-0.0490201515281663,-0.0821891919789998,1.0747995542801192,0.0,none,0.0102163138593189,0x52c77b0cb827afbad022e6d6caf2c44452edbc39
2026-10-07 20:00:00+00:00,dex_day,3,ethereum:0x8ed97a637a790be1feff5e888d43629dc05408f6,1.2,Avoid - watch only,0.429,0.06326,0.0209985064255409,80,closed,safety_exit,-0.0735163006214853,19.0,-0.0586253183799817,0.1265117726757734,-0.0632558863378867,-0.0936354242584696,1.9422147214312533,0.1,holders,0.0102604142835986,0x69c7bd26512f52bf6f76fab834140d13dda673ca
2026-10-07 20:00:00+00:00,dex_day,4,robinhood:0xf8bc08092c06db6148114dcf82af881f1085f92b,1.1,Avoid - watch only,0.44583,0.08712,0.0050026160391629,80,closed,time_limit,-0.0673940136030896,24.0,-0.0678707774019026,0.1742392535027594,-0.0871196267513797,-0.019654688729223,1.396208008300216,0.1,holders,0.0195058733055195,0xbf3bb81de6285b8310a028d1c2cd38f9419d54c1
2026-10-07 20:00:00+00:00,dex_day,5,ethereum:0x514910771af9ca656af840dff83e8264ecf986ca,0.8,Avoid - watch only,0.50215,0.04,13.3388858782174,80,closed,safety_exit,-0.0502361104397618,18.0,-0.0586010145361448,0.08,-0.0400000000000001,-0.0458622683438525,0.9567760054994786,0.15,lp|holders,0.0102361104397617,0xa6cc3c2531fdaa6ae1a3ca84c2855806728693e8
2026-10-07 20:00:00+00:00,dex_short,1,robinhood:0x20024e485c0b22b42855589700721b28320a7777,1.7,Avoid - watch only,0.48849,0.08375,0.0032058861497256,80,closed,time_limit,-0.0484013729460496,4.0,-0.0044550038447586,0.1675013385355792,-0.0837506692677895,-0.2382054470865435,0.7259718466747868,0.05,lp,0.0200491236231596,0x126a9f6ee2e4be592c3520579ba9b48327a3d5e0
2026-10-07 20:00:00+00:00,dex_short,2,ethereum:0xe0f63a424a4439cbe457d80e4f4b51ad25b2c56c,0.4,Avoid - watch only,0.53513,0.02001,0.384458594692549,80,closed,time_limit,0.008417912537589,4.0,0.005377805919082,0.038343284585014,-0.0243476201644979,-0.0821891919789998,1.0747995542801192,0.0,none,0.0102163138593189,0x52c77b0cb827afbad022e6d6caf2c44452edbc39
2026-10-07 20:00:00+00:00,dex_short,3,ethereum:0x8ed97a637a790be1feff5e888d43629dc05408f6,0.3,Avoid - watch only,0.46199,0.02582,0.0209985064255409,80,closed,time_limit,-0.0101672931794555,4.0,0.0053337054948023,0.0516482149184374,-0.0291596597367999,-0.0936354242584696,1.9422147214312533,0.1,holders,0.0102604142835986,0x69c7bd26512f52bf6f76fab834140d13dda673ca
2026-10-07 20:00:00+00:00,dex_short,4,ethereum:0x6982508145454ce325ddbe47a25d4ec3d2311933,0.1,Avoid - watch only,0.44699,0.02,4.05832749019271e-06,80,closed,time_limit,0.0016663630834971,4.0,0.0053988724753904,0.04,-0.02,-0.0472755138165723,0.5456588710163497,0.15,lp|holders,0.0101952473030105,0xa43fe16908251ee70ef74718545e4fe6c5ccec9f
2026-10-07 20:00:00+00:00,dex_short,5,ethereum:0x514910771af9ca656af840dff83e8264ecf986ca,0.1,Avoid - watch only,0.51666,0.02,13.3388858782174,80,closed,time_limit,-0.0153983638058054,4.0,0.0053580093386392,0.04,-0.02,-0.0458622683438525,0.9567760054994786,0.15,lp|holders,0.0102361104397617,0xa6cc3c2531fdaa6ae1a3ca84c2855806728693e8
2026-10-07 21:00:00+00:00,dex_day,1,robinhood:0x20024e485c0b22b42855589700721b28320a7777,4.2,Avoid - watch only,0.49016,0.20536,0.0030427183654277,80,closed,safety_exit,-0.2254502347088591,8.0,-0.0633661889069669,0.4107228825667501,-0.205361441283375,-0.2877303651722496,0.7350084535167546,0.05,lp,0.0200887934254841,0x126a9f6ee2e4be592c3520579ba9b48327a3d5e0
2026-10-07 21:00:00+00:00,dex_day,2,robinhood:0xf8bc08092c06db6148114dcf82af881f1085f92b,1.1,Avoid - watch only,0.43996,0.08912,0.005134151706095,80,closed,safety_exit,-0.1086485818269301,19.0,-0.0719952660658705,0.1782327120159001,-0.08911635600795,0.002975951537202,1.5744529692031628,0.1,holders,0.0195322258189801,0xbf3bb81de6285b8310a028d1c2cd38f9419d54c1
2026-10-07 21:00:00+00:00,dex_day,3,ethereum:0x8ed97a637a790be1feff5e888d43629dc05408f6,1.0,Avoid - watch only,0.43363,0.06198,0.0210196929823986,80,closed,safety_exit,-0.0743064923213597,18.0,-0.0647911406188402,0.1239567838988198,-0.0619783919494099,-0.1130108429053007,1.7977680734748114,0.1,holders,0.0123281003719498,0x69c7bd26512f52bf6f76fab834140d13dda673ca
2026-10-07 21:00:00+00:00,dex_day,4,ethereum:0xe0f63a424a4439cbe457d80e4f4b51ad25b2c56c,0.7,Avoid - watch only,0.4343,0.04802,0.382925090501543,80,closed,safety_exit,-0.0603062235469008,18.0,-0.0647470766985083,0.0960443741905658,-0.0480221870952829,-0.0840875420076544,1.065447329298162,0.1,holders,0.0122840364516179,0x52c77b0cb827afbad022e6d6caf2c44452edbc39
2026-10-07 21:00:00+00:00,dex_day,5,solana:JUPyiwrYJFskUPiHa7hkeR8VUtAeFoSYbKedZNsDvCN,0.7,Avoid - watch only,0.42254,0.05841,0.3388484133174864,80,closed,take_profit,0.1042001330393071,5.0,0.1061887798470932,0.1168180010314083,-0.0584090005157041,-0.0421939626709741,1.2261738636418031,0.12,metadata|holders,0.0126178679921012,C1MgLojNLWBKADvu9BHdtgzz1oZX4dZ5zGdGcgvvW8Wz
2026-10-07 21:00:00+00:00,dex_short,1,robinhood:0x20024e485c0b22b42855589700721b28320a7777,1.8,Avoid - watch only,0.50486,0.08384,0.0030427183654277,80,closed,time_limit,0.0111271363193572,4.0,0.0006005763172141,0.1676769146622656,-0.0838384573311328,-0.2877303651722496,0.7350084535167546,0.05,lp,0.0200887934254841,0x126a9f6ee2e4be592c3520579ba9b48327a3d5e0
2026-10-07 21:00:00+00:00,dex_short,2,ethereum:0x8ed97a637a790be1feff5e888d43629dc05408f6,0.2,Avoid - watch only,0.45627,0.0253,0.0210196929823986,80,closed,time_limit,-0.0057449100288474,4.0,0.0083612693707484,0.0506051451180917,-0.0301382070488828,-0.1130108429053007,1.7977680734748114,0.1,holders,0.0123281003719498,0x69c7bd26512f52bf6f76fab834140d13dda673ca
2026-10-07 21:00:00+00:00,dex_short,3,ethereum:0x6982508145454ce325ddbe47a25d4ec3d2311933,0.1,Avoid - watch only,0.50431,0.02,4.05135933487587e-06,80,closed,time_limit,0.0044095074600314,4.0,0.0084263971548719,0.04,-0.0199999999999999,-0.0481573755344122,0.5487744877614147,0.15,lp|holders,0.0122629725878263,0xa43fe16908251ee70ef74718545e4fe6c5ccec9f
2026-10-07 21:00:00+00:00,dex_short,4,ethereum:0x514910771af9ca656af840dff83e8264ecf986ca,0.1,Avoid - watch only,0.62086,0.02,13.2781316958204,80,closed,time_limit,-0.0142237602687414,4.0,0.008385484883622,0.04,-0.02,-0.0516918435898041,0.9655622908732296,0.15,lp|holders,0.0123038848590762,0xa6cc3c2531fdaa6ae1a3ca84c2855806728693e8
2026-10-07 21:00:00+00:00,dex_short,5,ethereum:0xe0f63a424a4439cbe457d80e4f4b51ad25b2c56c,0.1,Avoid - watch only,0.54119,0.02,0.382925090501543,80,closed,time_limit,0.0076463897116665,4.0,0.0084053332910803,0.04,-0.02,-0.0840875420076544,1.065447329298162,0.1,holders,0.0122840364516179,0x52c77b0cb827afbad022e6d6caf2c44452edbc39
2026-10-07 22:00:00+00:00,dex_day,1,robinhood:0x20024e485c0b22b42855589700721b28320a7777,3.5,Avoid - watch only,0.46447,0.21008,0.0032028795940276,80,closed,safety_exit,-0.2301501107923644,5.0,-0.2301501076973094,0.4201506517019862,-0.2100753258509931,-0.2919280826179191,0.702585137773635,0.05,lp,0.0200747849413713,0x126a9f6ee2e4be592c3520579ba9b48327a3d5e0
2026-10-07 22:00:00+00:00,dex_day,2,ethereum:0xe0f63a424a4439cbe457d80e4f4b51ad25b2c56c,1.6,Avoid - watch only,0.42114,0.04984,0.388290548817322,80,closed,safety_exit,-0.0590577660209977,14.0,-0.0786361928309367,0.0996709170357743,-0.049835458517887,-0.0710629371892721,1.0884791097639288,0.0,none,0.0092223075031108,0x52c77b0cb827afbad022e6d6caf2c44452edbc39
2026-10-07 22:00:00+00:00,dex_day,3,ethereum:0x8ed97a637a790be1feff5e888d43629dc05408f6,1.3,Avoid - watch only,0.43097,0.06075,0.0210551157080324,80,closed,safety_exit,-0.0700147210471435,17.0,-0.0786803303229854,0.1214965521039685,-0.0607482760519842,-0.0872217466612457,1.6864604624187365,0.1,holders,0.0092664449951595,0x69c7bd26512f52bf6f76fab834140d13dda673ca
2026-10-07 22:00:00+00:00,dex_day,4,robinhood:0xf8bc08092c06db6148114dcf82af881f1085f92b,1.3,Avoid - watch only,0.44648,0.10098,0.0054115131682135,80,closed,safety_exit,-0.1204959079401785,17.0,-0.0889287811513968,0.2019620242332152,-0.1009810121166076,0.0567080158186055,1.7478978945269337,0.1,holders,0.0195148958235709,0xbf3bb81de6285b8310a028d1c2cd38f9419d54c1
2026-10-07 22:00:00+00:00,dex_day,5,ethereum:0x514910771af9ca656af840dff83e8264ecf986ca,1.0,Avoid - watch only,0.5036,0.04,13.2760146900179,80,closed,safety_exit,-0.0492423594488681,16.0,-0.0786562447766939,0.08,-0.0400000000000001,-0.0532152860239496,0.9659102948997628,0.15,lp|holders,0.009242359448868,0xa6cc3c2531fdaa6ae1a3ca84c2855806728693e8
2026-10-07 22:00:00+00:00,dex_short,1,robinhood:0x20024e485c0b22b42855589700721b28320a7777,1.3,Avoid - watch only,0.43778,0.08576,0.0032028795940276,80,closed,time_limit,-0.0215287962716142,4.0,-0.0081292480390715,0.1715257852946137,-0.0857628926473068,-0.2919280826179191,0.702585137773635,0.05,lp,0.0200747849413713,0x126a9f6ee2e4be592c3520579ba9b48327a3d5e0
2026-10-07 22:00:00+00:00,dex_short,2,ethereum:0xe0f63a424a4439cbe457d80e4f4b51ad25b2c56c,0.4,Avoid - watch only,0.45489,0.02035,0.388290548817322,80,closed,time_limit,0.0015529491113617,4.0,0.0027232293991889,0.0406904814888204,-0.0203452407444102,-0.0710629371892721,1.0884791097639288,0.0,none,0.0092223075031108,0x52c77b0cb827afbad022e6d6caf2c44452edbc39
2026-10-07 22:00:00+00:00,dex_short,3,ethereum:0x514910771af9ca656af840dff83e8264ecf986ca,0.3,Avoid - watch only,0.58052,0.02,13.2760146900179,80,closed,time_limit,-0.0140933899267135,4.0,0.0027031774534317,0.04,-0.02,-0.0532152860239496,0.9659102948997628,0.15,lp|holders,0.009242359448868,0xa6cc3c2531fdaa6ae1a3ca84c2855806728693e8
2026-10-07 22:00:00+00:00,dex_short,4,ethereum:0x8ed97a637a790be1feff5e888d43629dc05408f6,0.3,Avoid - watch only,0.45897,0.0248,0.0210551157080324,80,closed,time_limit,-0.0094960339579147,4.0,0.0026790919071402,0.0496007596936989,-0.0310004748085619,-0.0872217466612457,1.6864604624187365,0.1,holders,0.0092664449951595,0x69c7bd26512f52bf6f76fab834140d13dda673ca
2026-10-07 22:00:00+00:00,dex_short,5,solana:JUPyiwrYJFskUPiHa7hkeR8VUtAeFoSYbKedZNsDvCN,0.2,Avoid - watch only,0.39352,0.03114,0.3570103169093198,80,closed,time_limit,0.0295034534032244,4.0,-0.0006335439967701,0.0622744314530627,-0.0311372157265313,0.0101273926227833,1.3213287336379465,0.12,metadata|holders,0.0125790808990699,C1MgLojNLWBKADvu9BHdtgzz1oZX4dZ5zGdGcgvvW8Wz
2026-10-07 23:00:00+00:00,dex_day,1,robinhood:0x20024e485c0b22b42855589700721b28320a7777,3.8,Avoid - watch only,0.48667,0.20827,0.0030738555176354,80,closed,safety_exit,-0.2283554950548563,6.0,-0.2283554945116107,0.4165410939346219,-0.2082705469673109,-0.3549116612869101,0.6893623342699793,0.05,lp,0.0200849480875454,0x126a9f6ee2e4be592c3520579ba9b48327a3d5e0
2026-10-07 23:00:00+00:00,dex_day,2,ethereum:0xe0f63a424a4439cbe457d80e4f4b51ad25b2c56c,1.6,Avoid - watch only,0.41043,0.05231,0.394945439110967,80,closed,safety_exit,-0.0616851570638465,13.0,-0.0837338583552805,0.1046233811774921,-0.052311690588746,-0.0566748414747544,1.2324107441369043,0.0,none,0.0093734664751005,0x52c77b0cb827afbad022e6d6caf2c44452edbc39
2026-10-07 23:00:00+00:00,dex_day,3,robinhood:0xf8bc08092c06db6148114dcf82af881f1085f92b,1.4,Avoid - watch only,0.44941,0.10176,0.0052960717925852,80,closed,safety_exit,-0.1212692455039598,17.0,-0.0938729932549742,0.2035132882583312,-0.1017566441291656,0.0300427757842021,1.8856757702173248,0.1,holders,0.0195126013747942,0xbf3bb81de6285b8310a028d1c2cd38f9419d54c1
2026-10-07 23:00:00+00:00,dex_day,4,ethereum:0x8ed97a637a790be1feff5e888d43629dc05408f6,1.3,Avoid - watch only,0.44108,0.05951,0.0210099975449526,80,closed,safety_exit,-0.0689307020505297,16.0,-0.0837781510520082,0.1190258857574031,-0.0595129428787015,-0.0836929402030408,1.6885446868623446,0.1,holders,0.0094177591718282,0x69c7bd26512f52bf6f76fab834140d13dda673ca
2026-10-07 23:00:00+00:00,dex_short,1,robinhood:0x20024e485c0b22b42855589700721b28320a7777,1.8,Avoid - watch only,0.50371,0.08503,0.0030738555176354,80,closed,safety_exit,-0.1051110428409238,4.0,-0.0179138378731059,0.1700521895067568,-0.0850260947533784,-0.3549116612869101,0.6893623342699793,0.05,lp,0.0200849480875454,0x126a9f6ee2e4be592c3520579ba9b48327a3d5e0
2026-10-07 23:00:00+00:00,dex_short,2,ethereum:0xe0f63a424a4439cbe457d80e4f4b51ad25b2c56c,0.4,Avoid - watch only,0.44296,0.02136,0.394945439110967,80,closed,time_limit,-0.0223945516489494,4.0,-0.007202356260661,0.0427123165082603,-0.0213561582541301,-0.0566748414747544,1.2324107441369043,0.0,none,0.0093734664751005,0x52c77b0cb827afbad022e6d6caf2c44452edbc39
2026-10-07 23:00:00+00:00,dex_short,3,ethereum:0x8ed97a637a790be1feff5e888d43629dc05408f6,0.4,Avoid - watch only,0.49793,0.0243,0.0210099975449526,80,closed,time_limit,-0.0169549994094617,4.0,-0.0072466489573887,0.0485921143814069,-0.0296906470563266,-0.0836929402030408,1.6885446868623446,0.1,holders,0.0094177591718282,0x69c7bd26512f52bf6f76fab834140d13dda673ca
2026-10-07 23:00:00+00:00,dex_short,5,ethereum:0x6982508145454ce325ddbe47a25d4ec3d2311933,0.2,Avoid - watch only,0.50048,0.02,4.07055037628244e-06,80,closed,time_limit,-0.0066649462822368,4.0,-0.0071815157423876,0.04,-0.02,-0.044917600220323,0.5626558432398063,0.15,lp|holders,0.0093526259568271,0xa43fe16908251ee70ef74718545e4fe6c5ccec9f
2026-10-08 03:00:00+00:00,dex_day,1,robinhood:0x20024e485c0b22b42855589700721b28320a7777,4.2,Avoid - watch only,0.49596,0.23646,0.0027714147135279,82,closed,safety_exit,-0.2562464113419179,3.0,-0.256246411952976,0.4729258241177665,-0.2364629120588832,-0.2515965035511378,0.8499086220955615,0.05,lp,0.0197834992830347,0x126a9f6ee2e4be592c3520579ba9b48327a3d5e0
2026-10-08 03:00:00+00:00,dex_day,2,ethereum:0xe0f63a424a4439cbe457d80e4f4b51ad25b2c56c,1.6,Avoid - watch only,0.44075,0.04927,0.38980282090928,82,closed,safety_exit,-0.059700709826119,9.0,-0.0770817787924914,0.098530499033417,-0.0492652495167086,-0.0468617560998894,1.1658214604673336,0.0,none,0.0104354603094104,0x52c77b0cb827afbad022e6d6caf2c44452edbc39
2026-10-08 03:00:00+00:00,dex_day,3,ethereum:0x1abaea1f7c830bd89acc67ec4af516284b1bc33c,1.3,Avoid - watch only,0.47189,0.04,1.12118888430106,82,closed,time_limit,-0.0061245300551503,24.0,-0.0720906384028577,0.08,-0.04,-0.0011601218765008,1.0335939934924891,0.15,lp|holders,0.0054443199197767,0xb2b92b56988a4edbe255989792c6ea239b25eaf66b42093145cbf8f630db3a17
2026-10-08 03:00:00+00:00,dex_day,4,ethereum:0x6982508145454ce325ddbe47a25d4ec3d2311933,0.8,Avoid - watch only,0.49912,0.04,4.08149071179317e-06,82,closed,safety_exit,-0.0504144455302279,12.0,-0.0930692127649441,0.08,-0.0400000000000001,-0.0107059568236831,0.4117438812610191,0.15,lp|holders,0.0104144455302278,0xa43fe16908251ee70ef74718545e4fe6c5ccec9f
2026-10-08 03:00:00+00:00,dex_day,5,ethereum:0x8ed97a637a790be1feff5e888d43629dc05408f6,0.6,Avoid - watch only,0.4487,0.05616,0.0208516401460642,82,closed,safety_exit,-0.066639470256831,12.0,-0.0931346538805473,0.112319167222,-0.056159583611,-0.044495554771109,1.37233515791419,0.1,holders,0.010479886645831,0x69c7bd26512f52bf6f76fab834140d13dda673ca
2026-10-08 03:00:00+00:00,dex_short,1,robinhood:0x20024e485c0b22b42855589700721b28320a7777,3.2,Avoid - watch only,0.58259,0.09654,0.0027714147135279,82,closed,safety_exit,-0.1204233321331996,1.0,-0.0781075160862511,0.1930711592122918,-0.100639832850165,-0.2515965035511378,0.8499086220955615,0.05,lp,0.0197834992830347,0x126a9f6ee2e4be592c3520579ba9b48327a3d5e0
2026-10-08 03:00:00+00:00,dex_short,2,ethereum:0x1abaea1f7c830bd89acc67ec4af516284b1bc33c,0.7,Avoid - watch only,0.51652,0.02,1.12118888430106,82,closed,time_limit,-0.0078653765701395,4.0,-0.0175492084041344,0.04,-0.02,-0.0011601218765008,1.0335939934924891,0.15,lp|holders,0.0054443199197767,0xb2b92b56988a4edbe255989792c6ea239b25eaf66b42093145cbf8f630db3a17
2026-10-08 03:00:00+00:00,dex_short,3,ethereum:0xe0f63a424a4439cbe457d80e4f4b51ad25b2c56c,0.5,Avoid - watch only,0.53993,0.02011,0.38980282090928,82,closed,safety_exit,-0.0305479142038824,1.0,-0.0687594771126268,0.0402249077889438,-0.020112453894472,-0.0468617560998894,1.1658214604673336,0.0,none,0.0104354603094104,0x52c77b0cb827afbad022e6d6caf2c44452edbc39
2026-10-08 03:00:00+00:00,dex_short,4,ethereum:0x8ed97a637a790be1feff5e888d43629dc05408f6,0.2,Avoid - watch only,0.53173,0.02293,0.0208516401460642,82,closed,time_limit,-0.0134201666021908,4.0,-0.0225847751301887,0.0458541080047063,-0.0229270540023532,-0.044495554771109,1.37233515791419,0.1,holders,0.010479886645831,0x69c7bd26512f52bf6f76fab834140d13dda673ca
2026-10-08 03:00:00+00:00,dex_short,5,ethereum:0xfaba6f8e4a5e8ab82f62fe7c39859fa577269be3,0.2,Avoid - watch only,0.53694,0.02,0.466225102277242,82,closed,time_limit,-0.0020133917595907,4.0,-0.0228297343469833,0.04,-0.02,-0.0092393528424917,0.970479004383653,0.15,lp|holders,0.0107248458626256,0x7b1e5d984a43ee732de195628d20d05cfabc3cc7
2026-10-08 04:00:00+00:00,dex_day,1,robinhood:0x20024e485c0b22b42855589700721b28320a7777,3.6,Avoid - watch only,0.50746,0.23813,0.0025868520124477,82,closed,time_limit,-0.1870596348532977,24.0,-0.0818350012842591,0.4762512416359614,-0.2381256208179808,-0.3027554221455748,0.9245365023851408,0.05,lp,0.0198716010982943,0x126a9f6ee2e4be592c3520579ba9b48327a3d5e0
2026-10-08 04:00:00+00:00,dex_day,2,ethereum:0xe0f63a424a4439cbe457d80e4f4b51ad25b2c56c,2.1,Avoid - watch only,0.44654,0.04938,0.3849795064746,82,closed,safety_exit,-0.0586553302522392,11.0,-0.0712355184147063,0.0987664240469956,-0.0493832120234977,-0.0448279753566729,1.244165068238399,0.0,none,0.0092721182287415,0x52c77b0cb827afbad022e6d6caf2c44452edbc39
2026-10-08 04:00:00+00:00,dex_day,3,ethereum:0x1abaea1f7c830bd89acc67ec4af516284b1bc33c,1.7,Avoid - watch only,0.46431,0.04,1.12056979478779,82,closed,time_limit,-0.0013718581914916,24.0,-0.0662350232307429,0.08,-0.04,-0.0019078171973081,1.0256306988363193,0.15,lp|holders,0.0042716230447781,0xb2b92b56988a4edbe255989792c6ea239b25eaf66b42093145cbf8f630db3a17
2026-10-08 04:00:00+00:00,dex_day,4,ethereum:0x8ed97a637a790be1feff5e888d43629dc05408f6,1.4,Avoid - watch only,0.44915,0.0551,0.0207636583678875,82,closed,safety_exit,-0.0644117481635771,11.0,-0.071279803224286,0.1101906902505116,-0.0550953451252559,-0.0374415523559399,1.2428036233904418,0.1,holders,0.0093164030383212,0x69c7bd26512f52bf6f76fab834140d13dda673ca
2026-10-08 04:00:00+00:00,dex_day,5,ethereum:0x6982508145454ce325ddbe47a25d4ec3d2311933,1.0,Avoid - watch only,0.47682,0.04,4.03231466245482e-06,82,closed,safety_exit,-0.0492510881556219,11.0,-0.0712144883415867,0.08,-0.04,-0.0197129658523849,0.4903828563474831,0.15,lp|holders,0.0092510881556219,0xa43fe16908251ee70ef74718545e4fe6c5ccec9f
2026-10-08 04:00:00+00:00,dex_short,1,robinhood:0x20024e485c0b22b42855589700721b28320a7777,3.0,Avoid - watch only,0.58211,0.09721,0.0025868520124477,82,closed,safety_exit,-0.117085978712881,1.0,-0.1170859787874522,0.1944287552291734,-0.0972143776145867,-0.3027554221455748,0.9245365023851408,0.05,lp,0.0198716010982943,0x126a9f6ee2e4be592c3520579ba9b48327a3d5e0
2026-10-08 04:00:00+00:00,dex_short,2,ethereum:0x1abaea1f7c830bd89acc67ec4af516284b1bc33c,1.4,Avoid - watch only,0.5338,0.02,1.12056979478779,82,closed,time_limit,-0.0053991927200693,4.0,-0.0151290341599069,0.04,-0.0200000000000001,-0.0019078171973081,1.0256306988363193,0.15,lp|holders,0.0042716230447781,0xb2b92b56988a4edbe255989792c6ea239b25eaf66b42093145cbf8f630db3a17
2026-10-08 04:00:00+00:00,dex_short,3,ethereum:0xe0f63a424a4439cbe457d80e4f4b51ad25b2c56c,0.9,Avoid - watch only,0.53639,0.02016,0.3849795064746,82,closed,time_limit,-0.0249529267154791,4.0,-0.0191453467839986,0.0403212237724148,-0.0252007648577593,-0.0448279753566729,1.244165068238399,0.0,none,0.0092721182287415,0x52c77b0cb827afbad022e6d6caf2c44452edbc39
2026-10-08 04:00:00+00:00,dex_short,4,ethereum:0x8ed97a637a790be1feff5e888d43629dc05408f6,0.7,Avoid - watch only,0.54959,0.02249,0.0207636583678875,82,closed,time_limit,-0.0131981107867231,4.0,-0.02017381415345,0.0449851609198044,-0.0224925804599022,-0.0374415523559399,1.2428036233904418,0.1,holders,0.0093164030383212,0x69c7bd26512f52bf6f76fab834140d13dda673ca
2026-10-08 04:00:00+00:00,dex_short,5,ethereum:0x6982508145454ce325ddbe47a25d4ec3d2311933,0.5,Avoid - watch only,0.5745,0.02,4.03231466245482e-06,82,closed,time_limit,-0.0042592939920741,4.0,-0.019124316710879,0.04,-0.0199999999999999,-0.0197129658523849,0.4903828563474831,0.15,lp|holders,0.0092510881556219,0xa43fe16908251ee70ef74718545e4fe6c5ccec9f
2026-10-08 05:00:00+00:00,dex_day,1,robinhood:0x20024e485c0b22b42855589700721b28320a7777,4.4,Avoid - watch only,0.54279,0.2465,0.0023497240146668,82,closed,time_limit,0.0543407725947107,24.0,-0.0690876012879541,0.4929994934673531,-0.2464997467336765,-0.3840849856493769,1.0114334060218704,0.05,lp,0.0197716167925041,0x126a9f6ee2e4be592c3520579ba9b48327a3d5e0
2026-10-08 05:00:00+00:00,dex_day,2,ethereum:0xe0f63a424a4439cbe457d80e4f4b51ad25b2c56c,2.0,Avoid - watch only,0.44304,0.04836,0.384189149108684,82,closed,safety_exit,-0.0578723512275005,10.0,-0.0588233568823559,0.0967299576811893,-0.0483649788405946,-0.0588402980867991,1.274827045458215,0.0,none,0.0095073723869059,0x52c77b0cb827afbad022e6d6caf2c44452edbc39
2026-10-08 05:00:00+00:00,dex_day,3,ethereum:0x8ed97a637a790be1feff5e888d43629dc05408f6,1.3,Avoid - watch only,0.43806,0.05401,0.0207930537201039,82,closed,safety_exit,-0.0635664244922528,10.0,-0.0588677969713359,0.108029224032734,-0.0540146120163669,-0.0434493092299512,1.2270903751791913,0.1,holders,0.0095518124758859,0x69c7bd26512f52bf6f76fab834140d13dda673ca
2026-10-08 05:00:00+00:00,dex_day,4,ethereum:0x6982508145454ce325ddbe47a25d4ec3d2311933,0.9,Avoid - watch only,0.46931,0.04,4.02156219739418e-06,82,closed,safety_exit,-0.0494862156344417,10.0,-0.0588022001298917,0.08,-0.04,-0.0258410626833978,0.4982638565630819,0.15,lp|holders,0.0094862156344417,0xa43fe16908251ee70ef74718545e4fe6c5ccec9f
2026-10-08 05:00:00+00:00,dex_day,5,ethereum:0xfaba6f8e4a5e8ab82f62fe7c39859fa577269be3,0.7,Avoid - watch only,0.45008,0.04,0.464945186262151,82,closed,safety_exit,-0.0498039566635118,10.0,-0.0724144857459724,0.08,-0.04,-0.0165404638365267,1.028402525493402,0.15,lp|holders,0.0098039566635118,0x7b1e5d984a43ee732de195628d20d05cfabc3cc7
2026-10-08 05:00:00+00:00,dex_short,1,robinhood:0x20024e485c0b22b42855589700721b28320a7777,3.5,Avoid - watch only,0.60668,0.10063,0.0023497240146668,82,closed,safety_exit,-0.1204047169963025,1.0,-0.0887534315675478,0.2012662004075973,-0.1006331002037985,-0.3840849856493769,1.0114334060218704,0.05,lp,0.0197716167925041,0x126a9f6ee2e4be592c3520579ba9b48327a3d5e0
2026-10-08 05:00:00+00:00,dex_short,2,ethereum:0xe0f63a424a4439cbe457d80e4f4b51ad25b2c56c,0.8,Avoid - watch only,0.53027,0.02,0.384189149108684,82,closed,time_limit,-0.0070006939563171,4.0,-0.0103701279460072,0.0390715118481119,-0.0236633602739103,-0.0588402980867991,1.274827045458215,0.0,none,0.0095073723869059,0x52c77b0cb827afbad022e6d6caf2c44452edbc39
2026-10-08 05:00:00+00:00,dex_short,3,ethereum:0x8ed97a637a790be1feff5e888d43629dc05408f6,0.5,Avoid - watch only,0.51495,0.02205,0.0207930537201039,82,closed,time_limit,-0.0196752036801071,4.0,-0.0104145680349872,0.0441027460315013,-0.0220513730157506,-0.0434493092299512,1.2270903751791913,0.1,holders,0.0095518124758859,0x69c7bd26512f52bf6f76fab834140d13dda673ca
2026-10-08 05:00:00+00:00,dex_short,4,ethereum:0x6982508145454ce325ddbe47a25d4ec3d2311933,0.4,Avoid - watch only,0.56146,0.02,4.02156219739418e-06,82,closed,time_limit,0.0031421630095805,4.0,-0.010348971193543,0.04,-0.0199999999999999,-0.0258410626833978,0.4982638565630819,0.15,lp|holders,0.0094862156344417,0xa43fe16908251ee70ef74718545e4fe6c5ccec9f
2026-10-08 05:00:00+00:00,dex_short,5,ethereum:0xfaba6f8e4a5e8ab82f62fe7c39859fa577269be3,0.2,Avoid - watch only,0.48763,0.02,0.464945186262151,82,closed,take_profit,0.0301960433364882,4.0,-0.0106667122226131,0.04,-0.0199999999999999,-0.0165404638365267,1.028402525493402,0.15,lp|holders,0.0098039566635118,0x7b1e5d984a43ee732de195628d20d05cfabc3cc7
2026-10-08 06:00:00+00:00,dex_day,1,robinhood:0x20024e485c0b22b42855589700721b28320a7777,3.6,Avoid - watch only,0.49995,0.2626,0.0025645661570884,82,closed,time_limit,0.0159096118044945,24.0,-0.0728486454964206,0.525190710419509,-0.2625953552097546,-0.3338016857703483,1.0657491325892658,0.05,lp,0.0197537611519061,0x126a9f6ee2e4be592c3520579ba9b48327a3d5e0
2026-10-08 06:00:00+00:00,dex_day,2,ethereum:0xe0f63a424a4439cbe457d80e4f4b51ad25b2c56c,1.9,Avoid - watch only,0.44304,0.04738,0.383714031062528,82,closed,safety_exit,-0.0568711818939348,9.0,-0.0625900709034843,0.0947519906699303,-0.0473759953349651,-0.052953470084919,1.2864538839973183,0.0,none,0.0094951865589698,0x52c77b0cb827afbad022e6d6caf2c44452edbc39
2026-10-08 06:00:00+00:00,dex_day,3,ethereum:0x8ed97a637a790be1feff5e888d43629dc05408f6,1.3,Avoid - watch only,0.44706,0.0529,0.0207657500445634,82,closed,safety_exit,-0.0624414418496983,9.0,-0.0626345228995765,0.1058036065892726,-0.0529018032946363,-0.0434207556555925,1.2273366026690025,0.1,holders,0.009539638555062,0x69c7bd26512f52bf6f76fab834140d13dda673ca
2026-10-08 06:00:00+00:00,dex_day,4,ethereum:0x6982508145454ce325ddbe47a25d4ec3d2311933,0.8,Avoid - watch only,0.44865,0.04,4.03976521083441e-06,82,closed,safety_exit,-0.0494741661936206,9.0,-0.062569050538135,0.08,-0.0400000000000001,-0.0260116973702704,0.4900659099383926,0.15,lp|holders,0.0094741661936205,0xa43fe16908251ee70ef74718545e4fe6c5ccec9f
2026-10-08 06:00:00+00:00,dex_day,5,ethereum:0xfaba6f8e4a5e8ab82f62fe7c39859fa577269be3,0.7,Avoid - watch only,0.45008,0.04,0.46720563072596,82,closed,safety_exit,-0.0497565809247284,9.0,-0.0628514652692429,0.08,-0.04,-0.0186950740658314,1.022156867630419,0.15,lp|holders,0.0097565809247284,0x7b1e5d984a43ee732de195628d20d05cfabc3cc7
2026-10-08 06:00:00+00:00,dex_short,1,robinhood:0x20024e485c0b22b42855589700721b28320a7777,3.4,Avoid - watch only,0.59274,0.1072,0.0025645661570884,82,closed,time_limit,-0.0003488325523577,4.0,-0.0231527367215664,0.2144082096962662,-0.1072041048481331,-0.3338016857703483,1.0657491325892658,0.05,lp,0.0197537611519061,0x126a9f6ee2e4be592c3520579ba9b48327a3d5e0
2026-10-08 06:00:00+00:00,dex_short,2,ethereum:0xe0f63a424a4439cbe457d80e4f4b51ad25b2c56c,0.8,Avoid - watch only,0.52639,0.02,0.383714031062528,82,closed,time_limit,-0.0223840139028807,4.0,-0.0076872603958373,0.04,-0.0224544517662577,-0.052953470084919,1.2864538839973183,0.0,none,0.0094951865589698,0x52c77b0cb827afbad022e6d6caf2c44452edbc39
2026-10-08 06:00:00+00:00,dex_short,3,ethereum:0x8ed97a637a790be1feff5e888d43629dc05408f6,0.5,Avoid - watch only,0.53345,0.0216,0.0207657500445634,82,closed,time_limit,-0.0162154301464277,4.0,-0.0077317123919295,0.0431941415149816,-0.0215970707574908,-0.0434207556555925,1.2273366026690025,0.1,holders,0.009539638555062,0x69c7bd26512f52bf6f76fab834140d13dda673ca
2026-10-08 06:00:00+00:00,dex_short,4,ethereum:0x6982508145454ce325ddbe47a25d4ec3d2311933,0.2,Avoid - watch only,0.48222,0.02,4.03976521083441e-06,82,closed,time_limit,-0.0123350021276036,4.0,-0.007666240030488,0.04,-0.0199999999999999,-0.0260116973702704,0.4900659099383926,0.15,lp|holders,0.0094741661936205,0xa43fe16908251ee70ef74718545e4fe6c5ccec9f
2026-10-08 06:00:00+00:00,dex_short,5,robinhood:0x39dbed3a2bd333467115de45665cc57f813c4571,0.2,Avoid - watch only,0.49088,0.06029,0.415288402814164,82,closed,safety_exit,-0.0786493582019989,4.0,-0.0217586009864852,0.120579465570348,-0.060289732785174,0.0109190044112263,1.7080698251674624,0.05,lp,0.0183596254168249,0x486435a1f76cd58193f854c6e6213cd05fd58d637865d02065ff558b387fa6ea
2026-10-08 07:00:00+00:00,dex_day,1,robinhood:0x20024e485c0b22b42855589700721b28320a7777,3.6,Avoid - watch only,0.49914,0.25765,0.0025704261190749,82,closed,time_limit,-0.0064781577583978,24.0,-0.0684909321241253,0.5153098161298475,-0.2576549080649237,-0.3438592701037253,1.0760982869896634,0.05,lp,0.0197922689241043,0x126a9f6ee2e4be592c3520579ba9b48327a3d5e0
2026-10-08 07:00:00+00:00,dex_day,2,ethereum:0x1abaea1f7c830bd89acc67ec4af516284b1bc33c,1.7,Avoid - watch only,0.46431,0.04,1.11847442249641,82,closed,time_limit,-0.0004136622666505,24.0,-0.0530300251261325,0.08,-0.0400000000000001,-0.0012393484310267,0.997973717218108,0.15,lp|holders,0.0043313619261115,0xb2b92b56988a4edbe255989792c6ea239b25eaf66b42093145cbf8f630db3a17
2026-10-08 07:00:00+00:00,dex_day,3,ethereum:0x8ed97a637a790be1feff5e888d43629dc05408f6,1.3,Avoid - watch only,0.448,0.05185,0.0207903304864855,82,closed,safety_exit,-0.0610957949360045,8.0,-0.05793969171078,0.1037095328504909,-0.0518547664252455,-0.0497280267754871,1.2246495931908934,0.1,holders,0.009241028510759,0x69c7bd26512f52bf6f76fab834140d13dda673ca
2026-10-08 07:00:00+00:00,dex_day,4,ethereum:0xe0f63a424a4439cbe457d80e4f4b51ad25b2c56c,1.0,Avoid - watch only,0.43081,0.04654,0.384305212945196,82,closed,safety_exit,-0.0557329742062527,8.0,-0.0578952129210967,0.093072848970354,-0.046536424485177,-0.0602555381718241,1.3102701527962897,0.0,none,0.0091965497210757,0x52c77b0cb827afbad022e6d6caf2c44452edbc39
2026-10-08 07:00:00+00:00,dex_day,5,robinhood:0x39dbed3a2bd333467115de45665cc57f813c4571,1.0,Avoid - watch only,0.41689,0.1477,0.403415396104212,82,closed,safety_exit,-0.1660599880797287,10.0,-0.0885284793013519,0.2954008569510666,-0.1477004284755334,-0.0033262581465999,1.761634837129063,0.05,lp,0.0183595596041953,0x486435a1f76cd58193f854c6e6213cd05fd58d637865d02065ff558b387fa6ea
2026-10-08 07:00:00+00:00,dex_short,1,robinhood:0x20024e485c0b22b42855589700721b28320a7777,3.0,Avoid - watch only,0.56908,0.10519,0.0025704261190749,82,closed,time_limit,0.0710631549532417,4.0,-0.0189550436319873,0.2103743514942577,-0.1051871757471288,-0.3438592701037253,1.0760982869896634,0.05,lp,0.0197922689241043,0x126a9f6ee2e4be592c3520579ba9b48327a3d5e0
2026-10-08 07:00:00+00:00,dex_short,2,ethereum:0x1abaea1f7c830bd89acc67ec4af516284b1bc33c,1.4,Avoid - watch only,0.5325,0.02,1.11847442249641,82,closed,time_limit,-0.0052565332168599,4.0,-0.0020129397923115,0.04,-0.0199999999999999,-0.0012393484310267,0.997973717218108,0.15,lp|holders,0.0043313619261115,0xb2b92b56988a4edbe255989792c6ea239b25eaf66b42093145cbf8f630db3a17
2026-10-08 07:00:00+00:00,dex_short,3,robinhood:0x39dbed3a2bd333467115de45665cc57f813c4571,0.6,Avoid - watch only,0.48985,0.0603,0.403415396104212,82,closed,safety_exit,-0.0786580070301115,4.0,-0.0175223343120783,0.120596894851833,-0.0602984474259163,-0.0033262581465999,1.761634837129063,0.05,lp,0.0183595596041953,0x486435a1f76cd58193f854c6e6213cd05fd58d637865d02065ff558b387fa6ea
2026-10-08 07:00:00+00:00,dex_short,4,ethereum:0x8ed97a637a790be1feff5e888d43629dc05408f6,0.5,Avoid - watch only,0.50032,0.02117,0.0207903304864855,82,closed,time_limit,-0.021150210237401,4.0,-0.006922606376959,0.0423392394910187,-0.0211696197455093,-0.0497280267754871,1.2246495931908934,0.1,holders,0.009241028510759,0x69c7bd26512f52bf6f76fab834140d13dda673ca
2026-10-08 07:00:00+00:00,dex_short,5,ethereum:0x6982508145454ce325ddbe47a25d4ec3d2311933,0.4,Avoid - watch only,0.5252,0.02,4.03671951254706e-06,82,closed,time_limit,-0.013225194343269,4.0,-0.0083381906081274,0.04,-0.0200000000000001,-0.0305725663927951,0.5229757784638634,0.15,lp|holders,0.0091754159002444,0xa43fe16908251ee70ef74718545e4fe6c5ccec9f
2026-10-08 08:00:00+00:00,dex_day,3,ethereum:0x62d0a8458ed7719fdaf978fe5929c6d342b0bfce,1.1,Avoid - watch only,0.42709,0.07209,0.0024560784163152,82,closed,time_limit,0.084964751458966,24.0,-0.0485331283069132,0.1441825529447291,-0.0720912764723645,-0.017755594783952,0.8573539071822702,0.15,lp|holders,0.0093311119281609,0x180efc1349a69390ade25667487a826164c9c6e4
2026-10-08 08:00:00+00:00,dex_short,4,ethereum:0x62d0a8458ed7719fdaf978fe5929c6d342b0bfce,0.4,Avoid - watch only,0.43699,0.02943,0.0024560784163152,82,closed,time_limit,0.0206922647427883,4.0,-0.004593622457504,0.058862280754401,-0.0294311403772005,-0.017755594783952,0.8573539071822702,0.15,lp|holders,0.0093311119281609,0x180efc1349a69390ade25667487a826164c9c6e4
2026-10-08 09:00:00+00:00,dex_short,4,ethereum:0x6982508145454ce325ddbe47a25d4ec3d2311933,0.1,Avoid - watch only,0.44177,0.02,4.07234800756336e-06,82,closed,safety_exit,-0.0323082060606454,4.0,-0.0151718781244779,0.04,-0.022662690100317,-0.0086358792987066,0.528464730699561,0.15,lp|holders,0.0096455159603284,0xa43fe16908251ee70ef74718545e4fe6c5ccec9f
2026-10-08 09:00:00+00:00,dex_short,5,ethereum:0xe0f63a424a4439cbe457d80e4f4b51ad25b2c56c,0.1,Avoid - watch only,0.43302,0.02026,0.385152187762021,82,closed,safety_exit,-0.0349920000210373,3.0,-0.0151931582561138,0.0405203262865168,-0.025325203929073,-0.0412293127490008,1.6053469466654031,0.0,none,0.0096667960919643,0x52c77b0cb827afbad022e6d6caf2c44452edbc39
2026-10-08 14:00:00+00:00,dex_day,4,solana:JUPyiwrYJFskUPiHa7hkeR8VUtAeFoSYbKedZNsDvCN,0.5,Avoid - watch only,0.50205,0.07818,0.3582392206508383,83,closed,safety_exit,-0.0940489784802656,3.0,-0.0757251036632904,0.1563598570398838,-0.0781799285199419,0.1324384099738083,2.404439856016076,0.22,metadata|holders|wash,0.0158690499603237,C8Gr6AUuq9hEdSYJzoEpNcdjpojPZwqG5MtQbeouNNwg
2026-10-08 14:00:00+00:00,dex_day,5,robinhood:0x020bfc650a365f8bb26819deaabf3e21291018b4,0.4,Avoid - watch only,0.29944,0.0936,0.118923377517855,83,closed,safety_exit,-0.1098426706316723,1.0,-0.0693607756796463,0.1871997781157528,-0.0935998890578764,-0.0069739723144337,1.245964841627187,0.15,lp|holders,0.0162427815737959,0xd42a491087a15e5afd51feb3606066cc152d2b09
2026-10-08 14:00:00+00:00,dex_short,3,robinhood:0x020bfc650a365f8bb26819deaabf3e21291018b4,0.2,Avoid - watch only,0.45348,0.03821,0.118923377517855,83,closed,safety_exit,-0.0544547762692812,1.0,-0.0516640872275542,0.0764239893909706,-0.0382119946954853,-0.0069739723144337,1.245964841627187,0.15,lp|holders,0.0162427815737959,0xd42a491087a15e5afd51feb3606066cc152d2b09
2026-10-08 14:00:00+00:00,dex_short,4,solana:JUPyiwrYJFskUPiHa7hkeR8VUtAeFoSYbKedZNsDvCN,0.1,Avoid - watch only,0.47989,0.03192,0.3582392206508383,83,closed,safety_exit,-0.0477858721271771,1.0,-0.051290355614082,0.0638336443337066,-0.0319168221668534,0.1324384099738083,2.404439856016076,0.22,metadata|holders|wash,0.0158690499603237,C8Gr6AUuq9hEdSYJzoEpNcdjpojPZwqG5MtQbeouNNwg
2026-10-08 14:00:00+00:00,dex_short,5,bsc:0x99991c6aabba5a096f24f250b73580f5179b9999,0.1,Avoid - watch only,0.44146,0.07912,0.073112385668407,83,closed,time_limit,-0.0440447531914644,4.0,-0.0735823239422588,0.1582398373673887,-0.0791199186836943,-0.0029950607743272,0.5356882766313458,0.25,lp|holders|wash,0.0447256809310911,0x3bca91b9b847cff6f4b666fa1d966981678975e13fd69d647bd11bed99f5fa14
2026-10-08 15:00:00+00:00,dex_short,1,robinhood:0x20024e485c0b22b42855589700721b28320a7777,4.5,Avoid - watch only,0.5879,0.11801,0.0023641401992133,83,closed,time_limit,0.0795692446632178,4.0,-0.008703473948558,0.2360192569629955,-0.1226810959254136,-0.3994986581927362,1.2355516032262712,0.05,lp,0.0174859438307056,0x126a9f6ee2e4be592c3520579ba9b48327a3d5e0
2026-10-08 15:00:00+00:00,dex_short,2,robinhood:0x39dbed3a2bd333467115de45665cc57f813c4571,1.3,Avoid - watch only,0.56281,0.06801,0.357691672863475,83,closed,safety_exit,-0.0839957915285663,3.0,-0.0316649486685699,0.1360191863889277,-0.0680095931944638,-0.1342295116115223,1.9613136806752376,0.05,lp,0.0159861983341026,0x486435a1f76cd58193f854c6e6213cd05fd58d637865d02065ff558b387fa6ea
2026-10-08 15:00:00+00:00,dex_short,4,robinhood:0xf8bc08092c06db6148114dcf82af881f1085f92b,0.2,Avoid - watch only,0.5265,0.03683,0.0048172289054533,83,closed,safety_exit,-0.0535647008213559,2.0,-0.0491066080715993,0.0736637944712548,-0.0368318972356274,-0.0468571352716606,2.360637125150961,0.1,holders,0.0167328035857285,0xbf3bb81de6285b8310a028d1c2cd38f9419d54c1
2026-10-08 16:00:00+00:00,dex_day,4,robinhood:0x020bfc650a365f8bb26819deaabf3e21291018b4,0.7,Avoid - watch only,0.39106,0.1362,0.108949850647546,83,closed,time_limit,0.0046571244707234,24.0,0.0351147098921472,0.2723924460689493,-0.1361962230344746,-0.1273349305714215,1.462086914409801,0.15,lp|holders,0.0162782540726924,0xd42a491087a15e5afd51feb3606066cc152d2b09
2026-10-08 16:00:00+00:00,dex_day,5,bsc:0x99991c6aabba5a096f24f250b73580f5179b9999,0.7,Avoid - watch only,0.44487,0.1866,0.0730313824923915,83,closed,time_limit,-0.0269432479813427,24.0,0.0066649744754756,0.3731934847187474,-0.1865967423593737,-0.0050113677707019,0.5339997566394207,0.25,lp|holders|wash,0.044727989489364,0x3bca91b9b847cff6f4b666fa1d966981678975e13fd69d647bd11bed99f5fa14
2026-10-08 16:00:00+00:00,dex_short,3,robinhood:0x020bfc650a365f8bb26819deaabf3e21291018b4,0.4,Avoid - watch only,0.52538,0.0556,0.108949850647546,83,closed,time_limit,0.0105789425775162,4.0,0.0166639121299359,0.1112037504429186,-0.0556018752214593,-0.1273349305714215,1.462086914409801,0.15,lp|holders,0.0162782540726924,0xd42a491087a15e5afd51feb3606066cc152d2b09
2026-10-08 16:00:00+00:00,dex_short,5,solana:JUPyiwrYJFskUPiHa7hkeR8VUtAeFoSYbKedZNsDvCN,0.1,Avoid - watch only,0.51726,0.03362,0.3411129418604438,83,closed,safety_exit,-0.0495052844692525,2.0,0.0199543218097514,0.0672400855629296,-0.0336200427814649,0.0701954400149018,2.604318834036992,0.22,metadata|holders|wash,0.0158852416877876,C8Gr6AUuq9hEdSYJzoEpNcdjpojPZwqG5MtQbeouNNwg
2026-10-08 17:00:00+00:00,dex_day,5,ethereum:0xe0f63a424a4439cbe457d80e4f4b51ad25b2c56c,0.6,Avoid - watch only,0.46825,0.07654,0.346825085534072,83,closed,time_limit,0.0431967326201408,24.0,0.0398734811700856,0.1510124747328367,-0.0765428551465668,-0.1068109495728708,1.5685037086483071,0.0,none,0.027039247480739,0x52c77b0cb827afbad022e6d6caf2c44452edbc39
2026-10-08 18:00:00+00:00,dex_day,2,robinhood:0x39dbed3a2bd333467115de45665cc57f813c4571,1.7,Avoid - watch only,0.41862,0.16677,0.349845710408797,83,closed,time_limit,-0.0385544182457978,24.0,0.0102821880402022,0.3335326366952889,-0.1667663183476445,-0.1239073843594475,1.95139156274592,0.05,lp,0.0159861573838335,0x486435a1f76cd58193f854c6e6213cd05fd58d637865d02065ff558b387fa6ea
2026-10-08 18:00:00+00:00,dex_day,3,solana:JUPyiwrYJFskUPiHa7hkeR8VUtAeFoSYbKedZNsDvCN,1.0,Avoid - watch only,0.468,0.09873,0.3460585329119452,83,closed,time_limit,0.0597074701055978,24.0,0.0103845350268861,0.1974675707730269,-0.0987337853865134,0.0780676874174577,2.7964600699585023,0.12,metadata|holders,0.0158838103971496,C8Gr6AUuq9hEdSYJzoEpNcdjpojPZwqG5MtQbeouNNwg
2026-10-08 18:00:00+00:00,dex_day,5,ethereum:0x8ed97a637a790be1feff5e888d43629dc05408f6,0.9,Avoid - watch only,0.43039,0.08046,0.0202619859036638,83,closed,time_limit,0.0315934434275086,24.0,0.0042766516175344,0.1609237824744074,-0.0804618912372037,-0.0273853553323557,1.0107212821583924,0.1,holders,0.0219916938065013,0x69c7bd26512f52bf6f76fab834140d13dda673ca
2026-10-08 18:00:00+00:00,dex_short,5,ethereum:0xe0f63a424a4439cbe457d80e4f4b51ad25b2c56c,0.1,Avoid - watch only,0.47961,0.03498,0.360035092787256,83,closed,time_limit,0.0003217554927829,4.0,-0.0057545774095662,0.0699685031946357,-0.0349842515973177,-0.0697151905784638,1.5882137938479657,0.0,none,0.021947041491192,0x52c77b0cb827afbad022e6d6caf2c44452edbc39
2026-10-08 19:00:00+00:00,dex_day,5,ethereum:0x6982508145454ce325ddbe47a25d4ec3d2311933,1.1,Avoid - watch only,0.42006,0.07889,3.77727402443834e-06,83,closed,time_limit,0.0182256188959685,24.0,-0.0039307805149117,0.1577845887861451,-0.0788922943930725,-0.0649004134040129,1.0546776385267973,0.15,lp|holders,0.0122198175418367,0xa43fe16908251ee70ef74718545e4fe6c5ccec9f
2026-10-08 19:00:00+00:00,dex_short,2,robinhood:0x39dbed3a2bd333467115de45665cc57f813c4571,0.9,Avoid - watch only,0.5017,0.06668,0.348138109810572,83,closed,time_limit,-0.0081133856232077,4.0,-0.00433191407973,0.1333566102998276,-0.0666783051499138,-0.1168069200875748,1.946917036735272,0.05,lp,0.0159824842169457,0x486435a1f76cd58193f854c6e6213cd05fd58d637865d02065ff558b387fa6ea
2026-10-08 19:00:00+00:00,dex_short,4,ethereum:0x6982508145454ce325ddbe47a25d4ec3d2311933,0.3,Avoid - watch only,0.46875,0.03221,3.77727402443834e-06,83,closed,time_limit,-0.0007893584174843,4.0,-0.000569247404621,0.0644152886334874,-0.0375892242839502,-0.0649004134040129,1.0546776385267973,0.15,lp|holders,0.0122198175418367,0xa43fe16908251ee70ef74718545e4fe6c5ccec9f
2026-10-08 20:00:00+00:00,dex_day,5,ethereum:0xfaba6f8e4a5e8ab82f62fe7c39859fa577269be3,1.1,Avoid - watch only,0.42267,0.13737,0.487659397154869,83,closed,time_limit,-0.0329017814173927,24.0,-0.0035804765900095,0.2747383720745937,-0.1373691860372968,0.0353374609328092,2.0227777764144137,0.15,lp|holders,0.0107842060376987,0x7b1e5d984a43ee732de195628d20d05cfabc3cc7
2026-10-08 20:00:00+00:00,dex_short,3,ethereum:0xfaba6f8e4a5e8ab82f62fe7c39859fa577269be3,0.4,Avoid - watch only,0.41744,0.05608,0.487659397154869,83,closed,time_limit,-0.0496003262780487,4.0,-0.0248609039282343,0.1121614707242775,-0.0560807353621387,0.0353374609328092,2.0227777764144137,0.15,lp|holders,0.0107842060376987,0x7b1e5d984a43ee732de195628d20d05cfabc3cc7
2026-10-08 20:00:00+00:00,dex_short,5,ethereum:0x8ed97a637a790be1feff5e888d43629dc05408f6,0.3,Avoid - watch only,0.3994,0.03354,0.0209750108258444,83,closed,time_limit,-0.0018982111342976,4.0,-0.0247309895759721,0.0670843525765949,-0.0335421762882975,-0.0011195441168228,0.9657726673854656,0.1,holders,0.0106542916854365,0x69c7bd26512f52bf6f76fab834140d13dda673ca
2026-10-09 12:00:00+00:00,dex_short,1,robinhood:0x39dbed3a2bd333467115de45665cc57f813c4571,0.8,Avoid - watch only,0.4512,0.0514,0.345997264988237,90,closed,time_limit,-0.0231728943635307,4.0,-0.020805482356607,0.1028044904478471,-0.0514022452239235,-0.0743649834213104,0.8732199798526352,0.05,lp,0.015589982045281,0x486435a1f76cd58193f854c6e6213cd05fd58d637865d02065ff558b387fa6ea
2026-10-09 12:00:00+00:00,dex_short,2,ethereum:0xe0f63a424a4439cbe457d80e4f4b51ad25b2c56c,0.4,Avoid - watch only,0.49653,0.02736,0.370470663671961,90,closed,time_limit,-0.0056143219440598,4.0,-0.0174419087133598,0.0547195901785155,-0.0273597950892579,0.0054191197641225,0.9340657902106774,0.0,none,0.0122264084020338,0x52c77b0cb827afbad022e6d6caf2c44452edbc39
2026-10-09 12:00:00+00:00,dex_short,3,robinhood:0x020bfc650a365f8bb26819deaabf3e21291018b4,0.3,Avoid - watch only,0.42155,0.04749,0.112551881589993,90,closed,time_limit,-0.0276454021549052,4.0,-0.0211229860651122,0.0949840018167096,-0.0474920009083548,-0.0529922663159938,1.1681360281759985,0.15,lp|holders,0.0159074857537862,0xd42a491087a15e5afd51feb3606066cc152d2b09
2026-10-09 12:00:00+00:00,dex_short,4,ethereum:0x6982508145454ce325ddbe47a25d4ec3d2311933,0.2,Avoid - watch only,0.52162,0.02584,3.92393282512169e-06,90,closed,time_limit,-0.0181842087873984,4.0,-0.0174200660689607,0.051687797174964,-0.0258438985874821,-0.0168185055898746,1.371200674712566,0.15,lp|holders,0.0122045657576347,0xa43fe16908251ee70ef74718545e4fe6c5ccec9f
2026-10-09 12:00:00+00:00,dex_short,5,ethereum:0x8ed97a637a790be1feff5e888d43629dc05408f6,0.2,Avoid - watch only,0.4988,0.02626,0.0214628788486572,90,closed,time_limit,-0.0118342480456775,4.0,-0.0174848316411122,0.0525250119294322,-0.0262625059647161,0.0509788856282051,1.096892135779202,0.1,holders,0.0122693313297862,0x69c7bd26512f52bf6f76fab834140d13dda673ca
2026-10-09 12:00:00+00:00,dex_day,1,robinhood:0x39dbed3a2bd333467115de45665cc57f813c4571,3.4,Avoid - watch only,0.46613,0.12591,0.345997264988237,90,closed,time_limit,0.0611645008061369,24.0,-0.0013701483209097,0.2518185448640528,-0.1259092724320265,-0.0743649834213104,0.8732199798526352,0.05,lp,0.015589982045281,0x486435a1f76cd58193f854c6e6213cd05fd58d637865d02065ff558b387fa6ea
2026-10-09 12:00:00+00:00,dex_day,2,ethereum:0xe0f63a424a4439cbe457d80e4f4b51ad25b2c56c,1.3,Avoid - watch only,0.40148,0.06702,0.370470663671961,90,closed,time_limit,-0.0097060503339176,24.0,0.0019934253223374,0.1340350748715733,-0.0670175374357866,0.0054191197641225,0.9340657902106774,0.0,none,0.0122264084020338,0x52c77b0cb827afbad022e6d6caf2c44452edbc39
2026-10-09 12:00:00+00:00,dex_day,3,ethereum:0x514910771af9ca656af840dff83e8264ecf986ca,1.0,Avoid - watch only,0.48532,0.05088,12.789408903818,90,closed,time_limit,0.0087224603077201,24.0,0.0107858889262392,0.1017552310850764,-0.0559580756809581,-0.0100709597722072,1.200905574420502,0.15,lp|holders,0.012247192614233,0xa6cc3c2531fdaa6ae1a3ca84c2855806728693e8
2026-10-09 12:00:00+00:00,dex_day,4,ethereum:0x62d0a8458ed7719fdaf978fe5929c6d342b0bfce,0.9,Avoid - watch only,0.43184,0.0748,0.0026377863876224,90,closed,time_limit,-0.0125384463388931,24.0,0.0018812782284378,0.1495903901710771,-0.0780053439485224,0.0417926398689596,0.7283081024454104,0.15,lp|holders,0.0123385554959334,0x180efc1349a69390ade25667487a826164c9c6e4
2026-10-09 12:00:00+00:00,dex_day,5,robinhood:0x020bfc650a365f8bb26819deaabf3e21291018b4,0.9,Avoid - watch only,0.34735,0.11633,0.112551881589993,90,closed,time_limit,-0.0036615112888374,24.0,-0.0016876520294149,0.2326623381785288,-0.1163311690892644,-0.0529922663159938,1.1681360281759985,0.15,lp|holders,0.0159074857537862,0xd42a491087a15e5afd51feb3606066cc152d2b09
2026-10-09 13:00:00+00:00,dex_short,1,robinhood:0x39dbed3a2bd333467115de45665cc57f813c4571,0.9,Avoid - watch only,0.46118,0.05064,0.340289021826417,90,closed,time_limit,0.0014341522897851,4.0,-0.0009149316420225,0.1012830299298788,-0.0506415149649395,-0.1295949885711061,0.8465311522900545,0.05,lp,0.0155919907232134,0x486435a1f76cd58193f854c6e6213cd05fd58d637865d02065ff558b387fa6ea
2026-10-09 13:00:00+00:00,dex_short,2,ethereum:0xfaba6f8e4a5e8ab82f62fe7c39859fa577269be3,0.5,Avoid - watch only,0.44384,0.04285,0.484218525452037,90,closed,time_limit,-0.0211117327105094,4.0,0.0025065091544012,0.0857088196446878,-0.0428544098223439,-0.0153660216033832,1.3676454782013017,0.15,lp|holders,0.0121705499267896,0x7b1e5d984a43ee732de195628d20d05cfabc3cc7
2026-10-09 13:00:00+00:00,dex_short,3,ethereum:0xe0f63a424a4439cbe457d80e4f4b51ad25b2c56c,0.4,Avoid - watch only,0.4746,0.02681,0.370964981582004,90,closed,time_limit,-0.0113868741492568,4.0,0.0026979356118284,0.0536202163055841,-0.026810108152792,-0.0038825653663002,0.9047279110902378,0.0,none,0.0119791234693624,0x52c77b0cb827afbad022e6d6caf2c44452edbc39
2026-10-09 13:00:00+00:00,dex_short,4,ethereum:0x6982508145454ce325ddbe47a25d4ec3d2311933,0.3,Avoid - watch only,0.54524,0.02576,3.87539174986187e-06,90,closed,time_limit,-0.0003103306300195,4.0,0.0027194360229288,0.0515197901589887,-0.0257598950794943,-0.0336389551752667,1.3415236800741903,0.15,lp|holders,0.011957623058262,0xa43fe16908251ee70ef74718545e4fe6c5ccec9f
2026-10-09 13:00:00+00:00,dex_short,5,robinhood:0x020bfc650a365f8bb26819deaabf3e21291018b4,0.3,Avoid - watch only,0.41713,0.04663,0.111352345700922,90,closed,time_limit,-0.0113202797216092,4.0,-0.0012380912688128,0.0932665757864128,-0.0466332878932064,-0.0655275696460084,1.1577415329951235,0.15,lp|holders,0.0159151503500037,0xd42a491087a15e5afd51feb3606066cc152d2b09
2026-10-09 13:00:00+00:00,dex_day,1,robinhood:0x39dbed3a2bd333467115de45665cc57f813c4571,4.1,Avoid - watch only,0.50338,0.12405,0.340289021826417,90,closed,time_limit,0.0794925092274329,24.0,-0.0051375886928584,0.2480917429312397,-0.1240458714656198,-0.1295949885711061,0.8465311522900545,0.05,lp,0.0155919907232134,0x486435a1f76cd58193f854c6e6213cd05fd58d637865d02065ff558b387fa6ea
2026-10-09 13:00:00+00:00,dex_day,2,ethereum:0xe0f63a424a4439cbe457d80e4f4b51ad25b2c56c,1.8,Avoid - watch only,0.40561,0.06567,0.370964981582004,90,closed,time_limit,-0.0103696585095599,24.0,-0.0015247214390074,0.1313421698463432,-0.0656710849231716,-0.0038825653663002,0.9047279110902378,0.0,none,0.0119791234693624,0x52c77b0cb827afbad022e6d6caf2c44452edbc39
2026-10-09 13:00:00+00:00,dex_day,3,robinhood:0x020bfc650a365f8bb26819deaabf3e21291018b4,1.1,Avoid - watch only,0.3753,0.11423,0.111352345700922,90,closed,time_limit,0.0050872938199139,24.0,-0.0054607483196487,0.2284555207333283,-0.1142277603666641,-0.0655275696460084,1.1577415329951235,0.15,lp|holders,0.0159151503500037,0xd42a491087a15e5afd51feb3606066cc152d2b09
2026-10-09 13:00:00+00:00,dex_day,4,ethereum:0x514910771af9ca656af840dff83e8264ecf986ca,0.9,Avoid - watch only,0.4768,0.04983,12.7847301415541,90,closed,time_limit,0.010553025620843292,24.0,0.03019547206360742,0.0996591333775491,-0.0556125894890605,-0.0104319291779342,1.2133428328052096,0.15,lp|holders,0.0119998961843761,0xa6cc3c2531fdaa6ae1a3ca84c2855806728693e8
2026-10-09 13:00:00+00:00,dex_day,5,ethereum:0x62d0a8458ed7719fdaf978fe5929c6d342b0bfce,0.8,Avoid - watch only,0.42666,0.07334,0.0026305845682551,90,closed,time_limit,-0.0075431333291866,24.0,-0.0016372328657616,0.1466849649964756,-0.0754811753471189,0.0474893222690573,0.7297430255163939,0.15,lp|holders,0.0120916348961166,0x180efc1349a69390ade25667487a826164c9c6e4
2026-10-09 14:00:00+00:00,dex_short,1,ethereum:0xd34a99bc0f67ae1bbd63c660e6d0b0dd03e263b7,0.8,Avoid - watch only,0.39864,0.08839,9.24267241091938,90,closed,time_limit,-0.0576026146094291,4.0,-0.0092678663113148,0.1767898975274946,-0.0883949487637473,0.0815146702225546,0.7055576508117459,0.15,lp|holders,0.0135422428167053,0x894d4e6d3d2abc64fc0de0e4e2ea63a93bc9c520
2026-10-09 14:00:00+00:00,dex_short,2,robinhood:0x39dbed3a2bd333467115de45665cc57f813c4571,0.6,Avoid - watch only,0.39521,0.05029,0.34623628345729,90,closed,time_limit,-0.0279717833057791,4.0,-0.0113186281823854,0.1005769411708064,-0.0502884705854032,-0.1198722686894678,0.8104287598112796,0.05,lp,0.0155930046877759,0x486435a1f76cd58193f854c6e6213cd05fd58d637865d02065ff558b387fa6ea
2026-10-09 14:00:00+00:00,dex_short,3,ethereum:0xfaba6f8e4a5e8ab82f62fe7c39859fa577269be3,0.6,Avoid - watch only,0.47793,0.04207,0.480964074951846,90,closed,time_limit,-0.0282194027350146,4.0,-0.0074313999599631,0.0841418038613905,-0.0420709019306952,-0.0157783457699473,1.3380683000010132,0.15,lp|holders,0.0117057764653536,0x7b1e5d984a43ee732de195628d20d05cfabc3cc7
2026-10-09 14:00:00+00:00,dex_short,4,ethereum:0xe0f63a424a4439cbe457d80e4f4b51ad25b2c56c,0.4,Avoid - watch only,0.4392,0.02648,0.373859346798525,90,closed,time_limit,-0.0288948454957511,4.0,-0.0072209279026008,0.052958195304015,-0.0264790976520075,-0.0073005258774273,0.9159299130341052,0.0,none,0.0114953044079913,0x52c77b0cb827afbad022e6d6caf2c44452edbc39
2026-10-09 14:00:00+00:00,dex_short,5,robinhood:0x020bfc650a365f8bb26819deaabf3e21291018b4,0.3,Avoid - watch only,0.42133,0.04568,0.111250448435612,90,closed,time_limit,-0.0135510284959378,4.0,-0.0116424109513961,0.0913541968235904,-0.0456770984117952,-0.066695447402941,1.1660707593743225,0.15,lp|holders,0.0159167874567866,0xd42a491087a15e5afd51feb3606066cc152d2b09
2026-10-09 14:00:00+00:00,dex_day,1,robinhood:0x39dbed3a2bd333467115de45665cc57f813c4571,3.2,Avoid - watch only,0.45666,0.12318,0.34623628345729,90,closed,time_limit,0.0509629092718353,24.0,-0.0032374479857781,0.2463621857583973,-0.1231810928791986,-0.1198722686894678,0.8104287598112796,0.05,lp,0.0155930046877759,0x486435a1f76cd58193f854c6e6213cd05fd58d637865d02065ff558b387fa6ea
2026-10-09 14:00:00+00:00,dex_day,2,ethereum:0xe0f63a424a4439cbe457d80e4f4b51ad25b2c56c,1.6,Avoid - watch only,0.38393,0.06486,0.373859346798525,90,closed,time_limit,-0.0148245921588865,24.0,0.0008602522940064,0.1297205561934931,-0.0666275887224207,-0.0073005258774273,0.9159299130341052,0.0,none,0.0114953044079913,0x52c77b0cb827afbad022e6d6caf2c44452edbc39
2026-10-09 14:00:00+00:00,dex_day,3,ethereum:0xd34a99bc0f67ae1bbd63c660e6d0b0dd03e263b7,1.5,Avoid - watch only,0.37417,0.21652,9.24267241091938,90,closed,time_limit,-0.1209214052487077,24.0,-0.0011866861147075,0.4330450406212871,-0.2165225203106435,0.0815146702225546,0.7055576508117459,0.15,lp|holders,0.0135422428167053,0x894d4e6d3d2abc64fc0de0e4e2ea63a93bc9c520
2026-10-09 14:00:00+00:00,dex_day,4,robinhood:0x020bfc650a365f8bb26819deaabf3e21291018b4,1.0,Avoid - watch only,0.36824,0.11189,0.111250448435612,90,closed,time_limit,0.021613909931175,24.0,-0.0035612307547888,0.2237711680795804,-0.1118855840397902,-0.066695447402941,1.1660707593743225,0.15,lp|holders,0.0159167874567866,0xd42a491087a15e5afd51feb3606066cc152d2b09
2026-10-09 14:00:00+00:00,dex_day,5,ethereum:0x514910771af9ca656af840dff83e8264ecf986ca,0.8,Avoid - watch only,0.45726,0.04907,12.8430476805898,90,open,,,,,0.0981423536025405,-0.0490711768012702,-0.0128757097796641,1.1927581556742397,0.15,lp|holders,0.0115161896228855,0xa6cc3c2531fdaa6ae1a3ca84c2855806728693e8
2026-10-09 15:00:00+00:00,dex_short,1,robinhood:0x39dbed3a2bd333467115de45665cc57f813c4571,0.7,Avoid - watch only,0.42955,0.04929,0.346983469809826,90,closed,time_limit,-0.0488898312967336,4.0,-0.0287587808787605,0.0985764817577228,-0.0492882408788615,-0.0303942249515047,0.525830069161499,0.05,lp,0.0155930796932375,0x486435a1f76cd58193f854c6e6213cd05fd58d637865d02065ff558b387fa6ea
2026-10-09 15:00:00+00:00,dex_short,2,ethereum:0xfaba6f8e4a5e8ab82f62fe7c39859fa577269be3,0.2,Avoid - watch only,0.46856,0.04126,0.47839427206896,90,closed,time_limit,-0.0354719386413943,4.0,-0.0293017122791401,0.0825272061355644,-0.0412636030677822,0.0764447948881957,1.1355011597957,0.15,lp|holders,0.0161360110936171,0x7b1e5d984a43ee732de195628d20d05cfabc3cc7
2026-10-09 15:00:00+00:00,dex_short,3,robinhood:0x020bfc650a365f8bb26819deaabf3e21291018b4,0.2,Avoid - watch only,0.4409,0.04474,0.111069292625044,90,closed,time_limit,-0.0272678749643997,4.0,-0.0290815841992628,0.0894737960617848,-0.0447368980308924,0.0384331007147853,0.9123742674720124,0.15,lp|holders,0.0159158830137398,0xd42a491087a15e5afd51feb3606066cc152d2b09
2026-10-09 15:00:00+00:00,dex_short,4,ethereum:0xe0f63a424a4439cbe457d80e4f4b51ad25b2c56c,0.1,Avoid - watch only,0.43576,0.02593,0.373885653449751,90,closed,time_limit,-0.0362614436716707,4.0,-0.0290944752044955,0.051867710195131,-0.0259338550975655,0.0554007623796488,0.7760215944508367,0.0,none,0.0159287740189725,0x52c77b0cb827afbad022e6d6caf2c44452edbc39
2026-10-09 15:00:00+00:00,dex_short,5,ethereum:0x62d0a8458ed7719fdaf978fe5929c6d342b0bfce,0.1,Avoid - watch only,0.43912,0.02908,0.0026203182208369,90,closed,time_limit,-0.0073898758153601,4.0,-0.0292054418771157,0.0581589909487405,-0.0290794954743703,0.062171948658408,0.7294689553178603,0.15,lp|holders,0.0160397406915927,0x180efc1349a69390ade25667487a826164c9c6e4
2026-10-09 15:00:00+00:00,dex_day,1,robinhood:0x39dbed3a2bd333467115de45665cc57f813c4571,3.2,Avoid - watch only,0.45843,0.12073,0.346983469809826,90,closed,time_limit,0.0447371702526729,24.0,-0.0392602461003626,0.241462080945195,-0.1207310404725976,-0.0303942249515047,0.525830069161499,0.05,lp,0.0155930796932375,0x486435a1f76cd58193f854c6e6213cd05fd58d637865d02065ff558b387fa6ea
2026-10-09 15:00:00+00:00,dex_day,2,ethereum:0xe0f63a424a4439cbe457d80e4f4b51ad25b2c56c,1.4,Avoid - watch only,0.4625,0.06352,0.373885653449751,90,closed,time_limit,-0.0192817172504262,24.0,-0.0395959404260976,0.1270494241046238,-0.066693260946698,0.0554007623796488,0.7760215944508367,0.0,none,0.0159287740189725,0x52c77b0cb827afbad022e6d6caf2c44452edbc39
2026-10-09 15:00:00+00:00,dex_day,3,robinhood:0x020bfc650a365f8bb26819deaabf3e21291018b4,1.4,Avoid - watch only,0.46188,0.10958,0.111069292625044,90,closed,time_limit,-0.0007523018626409,24.0,-0.0395830494208649,0.2191651457012158,-0.1095825728506079,0.0384331007147853,0.9123742674720124,0.15,lp|holders,0.0159158830137398,0xd42a491087a15e5afd51feb3606066cc152d2b09
2026-10-09 15:00:00+00:00,dex_day,4,ethereum:0xfaba6f8e4a5e8ab82f62fe7c39859fa577269be3,1.2,Avoid - watch only,0.45576,0.10107,0.47839427206896,90,closed,time_limit,0.0231693964036709,24.0,-0.0398031775007422,0.2021495449296182,-0.1010747724648091,0.0764447948881957,1.1355011597957,0.15,lp|holders,0.0161360110936171,0x7b1e5d984a43ee732de195628d20d05cfabc3cc7
2026-10-09 15:00:00+00:00,dex_day,5,robinhood:0xf8bc08092c06db6148114dcf82af881f1085f92b,1.0,Avoid - watch only,0.45849,0.06162,0.0048288787203403,90,closed,time_limit,-0.0254815829741969,24.0,-0.0400026084823667,0.123233392085907,-0.0616166960429535,0.0024154448619153,1.0677057818754414,0.1,holders,0.0163354420752416,0xbf3bb81de6285b8310a028d1c2cd38f9419d54c1
2026-10-09 16:00:00+00:00,dex_short,1,robinhood:0x39dbed3a2bd333467115de45665cc57f813c4571,0.9,Avoid - watch only,0.4743,0.04838,0.343373598065477,90,closed,time_limit,-0.019726697630761,4.0,-0.0244189231868961,0.0967581747768333,-0.0483790873884166,-0.0142715731226457,0.4426195037069665,0.05,lp,0.015593647513587,0x486435a1f76cd58193f854c6e6213cd05fd58d637865d02065ff558b387fa6ea
2026-10-09 16:00:00+00:00,dex_short,2,robinhood:0x020bfc650a365f8bb26819deaabf3e21291018b4,0.2,Avoid - watch only,0.45151,0.04384,0.111230757013101,90,closed,time_limit,-0.006656361045583,4.0,-0.0247403310726642,0.0876876541183806,-0.0438438270591904,0.0207192448615773,0.8074702902571591,0.15,lp|holders,0.0159150553993551,0xd42a491087a15e5afd51feb3606066cc152d2b09
2026-10-09 16:00:00+00:00,dex_short,3,ethereum:0xfaba6f8e4a5e8ab82f62fe7c39859fa577269be3,0.1,Avoid - watch only,0.43057,0.04043,0.479994140324683,90,closed,time_limit,-0.0266824460432081,4.0,-0.0290064201716856,0.0808698425966956,-0.0404349212983478,0.0669068228546618,1.092458603981926,0.15,lp|holders,0.0201811444983765,0x7b1e5d984a43ee732de195628d20d05cfabc3cc7
2026-10-09 16:00:00+00:00,dex_short,4,robinhood:0x0e0d2c89a5a019fe1cf762e5e33187631dacc21b,0.1,Avoid - watch only,0.43625,0.0899,0.027083682730998,90,closed,time_limit,-0.0666360778161432,4.0,-0.03840675039757,0.1797989150717689,-0.0898994575358844,0.0283186167522471,2.901700016706888,0.15,lp|wash,0.0295814747242609,0x714442e9a611f8561a7df108d6d925132937cfb8
2026-10-09 16:00:00+00:00,dex_short,5,ethereum:0x6982508145454ce325ddbe47a25d4ec3d2311933,0.0,Avoid - watch only,0.44962,0.02444,3.90046910755469e-06,90,closed,time_limit,-0.0116630980848013,4.0,-0.0287856807925454,0.0488781814342591,-0.0244390907171295,0.0485375664500455,0.8704333156668479,0.15,lp|holders,0.0199604051192363,0xa43fe16908251ee70ef74718545e4fe6c5ccec9f
2026-10-09 16:00:00+00:00,dex_day,1,robinhood:0x39dbed3a2bd333467115de45665cc57f813c4571,3.4,Avoid - watch only,0.47508,0.1185,0.343373598065477,90,closed,time_limit,0.0628424988810062,24.0,-0.041581612028566,0.2370081566462751,-0.1185040783231375,-0.0142715731226457,0.4426195037069665,0.05,lp,0.015593647513587,0x486435a1f76cd58193f854c6e6213cd05fd58d637865d02065ff558b387fa6ea
2026-10-09 16:00:00+00:00,dex_day,2,robinhood:0x020bfc650a365f8bb26819deaabf3e21291018b4,1.6,Avoid - watch only,0.48782,0.1074,0.111230757013101,90,closed,time_limit,-0.0078136926529174,24.0,-0.0419030199143341,0.2147900093316923,-0.1073950046658461,0.0207192448615773,0.8074702902571591,0.15,lp|holders,0.0159150553993551,0xd42a491087a15e5afd51feb3606066cc152d2b09
2026-10-09 16:00:00+00:00,dex_day,3,ethereum:0xe0f63a424a4439cbe457d80e4f4b51ad25b2c56c,1.1,Avoid - watch only,0.48327,0.06225,0.372920247730303,90,closed,time_limit,-0.0234364426565118,24.0,-0.045969906873436,0.1245024665317691,-0.0642771420328948,0.0593548671907385,0.784278177279048,0.0,none,0.019981942358457,0x52c77b0cb827afbad022e6d6caf2c44452edbc39
2026-10-09 16:00:00+00:00,dex_day,4,ethereum:0xfaba6f8e4a5e8ab82f62fe7c39859fa577269be3,0.9,Avoid - watch only,0.45033,0.09904,0.479994140324683,90,closed,time_limit,0.0057187706396431,24.0,-0.0461691090133555,0.1980898499410961,-0.099044924970548,0.0669068228546618,1.092458603981926,0.15,lp|holders,0.0201811444983765,0x7b1e5d984a43ee732de195628d20d05cfabc3cc7
2026-10-09 16:00:00+00:00,dex_day,5,ethereum:0x6982508145454ce325ddbe47a25d4ec3d2311933,0.5,Avoid - watch only,0.49961,0.05986,3.90046910755469e-06,90,closed,time_limit,0.0102044229676788,24.0,-0.0459483696342153,0.1197266040691131,-0.0598633020345565,0.0485375664500455,0.8704333156668479,0.15,lp|holders,0.0199604051192363,0xa43fe16908251ee70ef74718545e4fe6c5ccec9f
2026-10-09 17:00:00+00:00,dex_short,1,robinhood:0x39dbed3a2bd333467115de45665cc57f813c4571,0.4,Avoid - watch only,0.42784,0.04757,0.346082831377787,90,closed,time_limit,-0.019106971531498,4.0,-0.0249192378554368,0.0951412116726717,-0.0475706058363358,0.0289276239658131,0.3897874713001917,0.05,lp,0.0155940047537418,0x486435a1f76cd58193f854c6e6213cd05fd58d637865d02065ff558b387fa6ea
2026-10-09 17:00:00+00:00,dex_short,2,ethereum:0xfaba6f8e4a5e8ab82f62fe7c39859fa577269be3,0.3,Avoid - watch only,0.45123,0.0396,0.479889039108707,90,closed,time_limit,-0.0128782798504217,4.0,-0.0225215303566619,0.07920272201445,-0.039601361007225,0.0818532010741963,1.0505519416369142,0.15,lp|holders,0.0131962972549669,0x7b1e5d984a43ee732de195628d20d05cfabc3cc7
2026-10-09 17:00:00+00:00,dex_short,3,ethereum:0xe0f63a424a4439cbe457d80e4f4b51ad25b2c56c,0.2,Avoid - watch only,0.48842,0.02495,0.371184685340129,90,closed,time_limit,-0.0188903301726402,4.0,-0.0223224253012867,0.0498911508963391,-0.0249455754481695,0.0678791663083246,0.5927723770266442,0.0,none,0.0129971921995917,0x52c77b0cb827afbad022e6d6caf2c44452edbc39
2026-10-09 17:00:00+00:00,dex_short,4,robinhood:0x020bfc650a365f8bb26819deaabf3e21291018b4,0.2,Avoid - watch only,0.42272,0.04306,0.111863995323586,90,closed,time_limit,-0.0046998763536998,4.0,-0.0252389053582264,0.0861221144641584,-0.0430610572320792,0.0474019143641153,0.7596309291279962,0.15,lp|holders,0.0159136722565314,0xd42a491087a15e5afd51feb3606066cc152d2b09
2026-10-09 17:00:00+00:00,dex_short,5,ethereum:0x8ed97a637a790be1feff5e888d43629dc05408f6,0.1,Avoid - watch only,0.42701,0.02387,0.0215660099457661,90,closed,safety_exit,-0.0369082704931559,2.0,-0.041530805657245,0.0477359953140417,-0.0238679976570207,0.1037627636088132,0.7983113829525591,0.1,holders,0.0130402728361352,0x69c7bd26512f52bf6f76fab834140d13dda673ca
2026-10-09 17:00:00+00:00,dex_day,1,robinhood:0x39dbed3a2bd333467115de45665cc57f813c4571,2.7,Avoid - watch only,0.47535,0.11652,0.346082831377787,90,closed,time_limit,0.0413697013183424,24.0,-0.0509724891865781,0.2330474221081728,-0.1165237110540865,0.0289276239658131,0.3897874713001917,0.05,lp,0.0155940047537418,0x486435a1f76cd58193f854c6e6213cd05fd58d637865d02065ff558b387fa6ea
2026-10-09 17:00:00+00:00,dex_day,2,ethereum:0xe0f63a424a4439cbe457d80e4f4b51ad25b2c56c,1.7,Avoid - watch only,0.46431,0.0611,0.371184685340129,90,closed,time_limit,-0.0136434509256574,24.0,-0.048375676632428,0.1222078623762306,-0.0611039311881154,0.0678791663083246,0.5927723770266442,0.0,none,0.0129971921995917,0x52c77b0cb827afbad022e6d6caf2c44452edbc39
2026-10-09 17:00:00+00:00,dex_day,3,ethereum:0xfaba6f8e4a5e8ab82f62fe7c39859fa577269be3,1.5,Avoid - watch only,0.47571,0.097,0.479889039108707,90,closed,time_limit,0.013814128675188,24.0,-0.0485747816878032,0.1940062551749026,-0.0970031275874513,0.0818532010741963,1.0505519416369142,0.15,lp|holders,0.0131962972549669,0x7b1e5d984a43ee732de195628d20d05cfabc3cc7
2026-10-09 17:00:00+00:00,dex_day,4,robinhood:0x020bfc650a365f8bb26819deaabf3e21291018b4,1.3,Avoid - watch only,0.45485,0.10548,0.111863995323586,90,closed,time_limit,-0.022060626027581,24.0,-0.0512921566893677,0.2109552360067548,-0.1087391460353219,0.0474019143641153,0.7596309291279962,0.15,lp|holders,0.0159136722565314,0xd42a491087a15e5afd51feb3606066cc152d2b09
2026-10-09 17:00:00+00:00,dex_day,5,ethereum:0x6982508145454ce325ddbe47a25d4ec3d2311933,1.0,Avoid - watch only,0.51174,0.0589,3.92052957084651e-06,90,closed,time_limit,0.0136011950439193,24.0,-0.0483538758820632,0.117794712504434,-0.058897356252217,0.0708003812005255,0.759141844621164,0.15,lp|holders,0.0129753914492269,0xa43fe16908251ee70ef74718545e4fe6c5ccec9f
2026-10-09 18:00:00+00:00,dex_short,1,robinhood:0x39dbed3a2bd333467115de45665cc57f813c4571,1.0,Avoid - watch only,0.52001,0.04675,0.341950301154852,90,closed,time_limit,-0.0124978967101891,4.0,-0.0166267092064271,0.0935022750785807,-0.0467511375392902,-0.0228268216448408,0.3712792103224238,0.05,lp,0.0155969705294081,0x486435a1f76cd58193f854c6e6213cd05fd58d637865d02065ff558b387fa6ea
2026-10-09 18:00:00+00:00,dex_short,2,ethereum:0xfaba6f8e4a5e8ab82f62fe7c39859fa577269be3,0.7,Avoid - watch only,0.51185,0.03922,0.473021613968958,90,closed,time_limit,0.0110151263726862,4.0,-0.0118218100676721,0.0784346363227705,-0.0392173181613852,-0.0325084627618837,0.9646206810705252,0.15,lp|holders,0.0107920713906531,0x7b1e5d984a43ee732de195628d20d05cfabc3cc7
2026-10-09 18:00:00+00:00,dex_short,3,ethereum:0x1abaea1f7c830bd89acc67ec4af516284b1bc33c,0.5,Avoid - watch only,0.50621,0.02,1.1184952374406,90,closed,time_limit,-0.0052461579083245,4.0,-0.0068203570446061,0.04,-0.0199999999999999,-0.0022710264407834,1.2967277004249478,0.15,lp|holders,0.0057906183675871,0xb2b92b56988a4edbe255989792c6ea239b25eaf66b42093145cbf8f630db3a17
2026-10-09 18:00:00+00:00,dex_short,4,ethereum:0xe0f63a424a4439cbe457d80e4f4b51ad25b2c56c,0.3,Avoid - watch only,0.52894,0.02474,0.367354365732861,90,closed,time_limit,0.0029574569982449,4.0,-0.011613094643483,0.0494748326992005,-0.0247374163496001,0.0201254497277487,0.5423681429007601,0.1,holders,0.010583355966464,0x52c77b0cb827afbad022e6d6caf2c44452edbc39
2026-10-09 18:00:00+00:00,dex_short,5,ethereum:0x8ed97a637a790be1feff5e888d43629dc05408f6,0.2,Avoid - watch only,0.4964,0.02378,0.0213477271989452,90,closed,time_limit,-0.002502259549164,4.0,-0.0116566923032353,0.0475548510378884,-0.0237774255189442,0.0521987646978616,0.6480628780876881,0.1,holders,0.0106269536262163,0x69c7bd26512f52bf6f76fab834140d13dda673ca
2026-10-09 18:00:00+00:00,dex_day,1,robinhood:0x39dbed3a2bd333467115de45665cc57f813c4571,3.5,Avoid - watch only,0.48256,0.11452,0.341950301154852,90,closed,time_limit,0.044690065152027,24.0,0.0237380563359567,0.2290328637318746,-0.1145164318659373,-0.0228268216448408,0.3712792103224238,0.05,lp,0.0155969705294081,0x486435a1f76cd58193f854c6e6213cd05fd58d637865d02065ff558b387fa6ea
2026-10-09 18:00:00+00:00,dex_day,2,ethereum:0xfaba6f8e4a5e8ab82f62fe7c39859fa577269be3,2.6,Avoid - watch only,0.50175,0.09606,0.473021613968958,90,closed,time_limit,0.0476732198024378,24.0,0.0285429554747117,0.1921248371515556,-0.0960624185757778,-0.0325084627618837,0.9646206810705252,0.15,lp|holders,0.0107920713906531,0x7b1e5d984a43ee732de195628d20d05cfabc3cc7
2026-10-09 18:00:00+00:00,dex_day,3,ethereum:0x1abaea1f7c830bd89acc67ec4af516284b1bc33c,1.9,Avoid - watch only,0.53012,0.04,1.1184952374406,90,closed,time_limit,-0.0055453584242657365,24.0,0.02968991795578525,0.08,-0.0400000000000001,-0.0022710264407834,1.2967277004249478,0.15,lp|holders,0.0057906183675871,0xb2b92b56988a4edbe255989792c6ea239b25eaf66b42093145cbf8f630db3a17
2026-10-09 18:00:00+00:00,dex_day,4,ethereum:0xe0f63a424a4439cbe457d80e4f4b51ad25b2c56c,1.1,Avoid - watch only,0.44838,0.06059,0.367354365732861,90,closed,time_limit,0.0002134357710029,24.0,0.0287516708989008,0.1211880952226054,-0.0605940476113027,0.0201254497277487,0.5423681429007601,0.1,holders,0.010583355966464,0x52c77b0cb827afbad022e6d6caf2c44452edbc39
2026-10-09 18:00:00+00:00,dex_day,5,ethereum:0x6982508145454ce325ddbe47a25d4ec3d2311933,1.0,Avoid - watch only,0.48711,0.0579,3.8989075524775e-06,90,closed,time_limit,0.022952496547887,24.0,0.0287735941735603,0.1158077877705097,-0.0579038938852548,0.0333303661706434,0.7184335642414714,0.15,lp|holders,0.0105614326918045,0xa43fe16908251ee70ef74718545e4fe6c5ccec9f
2026-10-09 19:00:00+00:00,dex_short,1,robinhood:0x39dbed3a2bd333467115de45665cc57f813c4571,1.0,Avoid - watch only,0.52088,0.04626,0.335430047405049,90,closed,time_limit,0.0139363319800624,4.0,-0.0058883382624199,0.0925260604867765,-0.0462630302433882,-0.0371858361616657,0.3849829707951104,0.05,lp,0.0155955336723701,0x486435a1f76cd58193f854c6e6213cd05fd58d637865d02065ff558b387fa6ea
2026-10-09 19:00:00+00:00,dex_short,2,ethereum:0xfaba6f8e4a5e8ab82f62fe7c39859fa577269be3,0.9,Avoid - watch only,0.51296,0.03853,0.469144075084963,90,closed,time_limit,0.0238780416238793,4.0,0.0003092066614843,0.0770669030777795,-0.0385334515388897,-0.0425783466904023,0.9565261838376024,0.15,lp|holders,0.0093979887484658,0x7b1e5d984a43ee732de195628d20d05cfabc3cc7
2026-10-09 19:00:00+00:00,dex_short,3,ethereum:0xe0f63a424a4439cbe457d80e4f4b51ad25b2c56c,0.7,Avoid - watch only,0.51312,0.02424,0.366283559970274,90,closed,time_limit,0.0079973713448589,4.0,0.0005178675165498,0.0484772918329425,-0.0242386459164712,-0.0005187135396864,0.5351661737444746,0.0,none,0.0091893278934003,0x52c77b0cb827afbad022e6d6caf2c44452edbc39
2026-10-09 19:00:00+00:00,dex_short,4,ethereum:0x7fc66500c84a76ad7e9c93437bfc5ac33e2ddae9,0.3,Avoid - watch only,0.53901,0.02221,166.518708158914,90,closed,time_limit,-0.0070358195601364,4.0,0.0004884061390463,0.0444239903577623,-0.0222119951788811,0.0022528358610118,1.0026125444857414,0.15,lp|holders,0.0092187892709038,0x5ab53ee1d50eef2c1dd3d5402789cd27bb52c1bb
2026-10-09 19:00:00+00:00,dex_short,5,ethereum:0x6982508145454ce325ddbe47a25d4ec3d2311933,0.2,Avoid - watch only,0.48027,0.02316,3.89227478065755e-06,90,closed,time_limit,0.0034786846957116,4.0,0.0005399648601881,0.0463121064980598,-0.0231560532490299,0.0299911713175387,0.7246713512948915,0.15,lp|holders,0.009167230549762,0xa43fe16908251ee70ef74718545e4fe6c5ccec9f
2026-10-09 19:00:00+00:00,dex_day,1,robinhood:0x39dbed3a2bd333467115de45665cc57f813c4571,3.3,Avoid - watch only,0.4752,0.11332,0.335430047405049,90,closed,time_limit,0.07597352994785789,24.0,0.0313544526088069,0.226641636102495,-0.1133208180512476,-0.0371858361616657,0.3849829707951104,0.05,lp,0.0155955336723701,0x486435a1f76cd58193f854c6e6213cd05fd58d637865d02065ff558b387fa6ea
2026-10-09 19:00:00+00:00,dex_day,2,ethereum:0xfaba6f8e4a5e8ab82f62fe7c39859fa577269be3,2.9,Avoid - watch only,0.5059,0.09439,0.469144075084963,90,closed,time_limit,0.0505311035588137,24.0,0.037551997532711205,0.1887745885970861,-0.094387294298543,-0.0425783466904023,0.9565261838376024,0.15,lp|holders,0.0093979887484658,0x7b1e5d984a43ee732de195628d20d05cfabc3cc7
2026-10-09 19:00:00+00:00,dex_day,3,ethereum:0xe0f63a424a4439cbe457d80e4f4b51ad25b2c56c,2.7,Avoid - watch only,0.45824,0.05937,0.366283559970274,90,closed,time_limit,0.01552123969208876,24.0,0.0377606583877767,0.1187446291026992,-0.0593723145513495,-0.0005187135396864,0.5351661737444746,0.0,none,0.0091893278934003,0x52c77b0cb827afbad022e6d6caf2c44452edbc39
2026-10-09 19:00:00+00:00,dex_day,4,ethereum:0x7fc66500c84a76ad7e9c93437bfc5ac33e2ddae9,2.0,Avoid - watch only,0.5348,0.05441,166.518708158914,90,closed,time_limit,0.0121729116322199,24.0,0.03773119701027321,0.1088161087148378,-0.0544080543574189,0.0022528358610118,1.0026125444857414,0.15,lp|holders,0.0092187892709038,0x5ab53ee1d50eef2c1dd3d5402789cd27bb52c1bb
2026-10-09 19:00:00+00:00,dex_day,5,ethereum:0x6982508145454ce325ddbe47a25d4ec3d2311933,1.1,Avoid - watch only,0.48098,0.05672,3.89227478065755e-06,90,closed,time_limit,0.02764673030360885,24.0,0.037782755731415,0.1134410298336794,-0.0567205149168397,0.0299911713175387,0.7246713512948915,0.15,lp|holders,0.009167230549762,0xa43fe16908251ee70ef74718545e4fe6c5ccec9f
2026-10-09 20:00:00+00:00,dex_short,1,ethereum:0x1abaea1f7c830bd89acc67ec4af516284b1bc33c,0.8,Avoid - watch only,0.5474,0.02,1.11889443136265,90,closed,time_limit,-0.0030332093464857,4.0,0.0058685090675394,0.04,-0.02,-0.0005348210679114,1.204056622637839,0.15,lp|holders,0.0045153954769146,0xb2b92b56988a4edbe255989792c6ea239b25eaf66b42093145cbf8f630db3a17
2026-10-09 20:00:00+00:00,dex_short,2,ethereum:0xe0f63a424a4439cbe457d80e4f4b51ad25b2c56c,0.7,Avoid - watch only,0.52472,0.02374,0.36566006509322,90,closed,time_limit,0.0061575344016235,4.0,0.0010095606040085,0.047479781608315,-0.0237398908041575,-0.006613742562804,0.5407999079620524,0.0,none,0.0093743439404455,0x52c77b0cb827afbad022e6d6caf2c44452edbc39
2026-10-09 20:00:00+00:00,dex_short,3,robinhood:0x39dbed3a2bd333467115de45665cc57f813c4571,0.7,Avoid - watch only,0.46899,0.0462,0.341954417775758,90,closed,time_limit,0.0161890359920495,4.0,-0.005211410251894,0.0924097999853166,-0.0462048999926583,-0.0314830818365354,0.3917108053506359,0.05,lp,0.0155953147963481,0x486435a1f76cd58193f854c6e6213cd05fd58d637865d02065ff558b387fa6ea
2026-10-09 20:00:00+00:00,dex_short,4,ethereum:0xfaba6f8e4a5e8ab82f62fe7c39859fa577269be3,0.5,Avoid - watch only,0.44783,0.03836,0.47687355367868,90,closed,time_limit,0.0008066620799432,4.0,0.0008164342955737,0.0767125735142155,-0.0383562867571077,-0.0223658363989862,0.9446718119380386,0.15,lp|holders,0.0095674702488803,0x7b1e5d984a43ee732de195628d20d05cfabc3cc7
2026-10-09 20:00:00+00:00,dex_short,5,ethereum:0x7fc66500c84a76ad7e9c93437bfc5ac33e2ddae9,0.2,Avoid - watch only,0.52324,0.02176,166.574426369259,90,closed,time_limit,0.0021957616190649,4.0,0.0009800718303244,0.0435158874437027,-0.0217579437218513,0.0032287992672257,0.9996194037752484,0.15,lp|holders,0.0094038327141296,0x5ab53ee1d50eef2c1dd3d5402789cd27bb52c1bb
2026-10-09 20:00:00+00:00,dex_day,1,robinhood:0x39dbed3a2bd333467115de45665cc57f813c4571,3.1,Avoid - watch only,0.45876,0.11318,0.341954417775758,90,open,,,,,0.2263568571966778,-0.113178428598339,-0.0314830818365354,0.3917108053506359,0.05,lp,0.0155953147963481,0x486435a1f76cd58193f854c6e6213cd05fd58d637865d02065ff558b387fa6ea
2026-10-09 20:00:00+00:00,dex_day,2,ethereum:0xe0f63a424a4439cbe457d80e4f4b51ad25b2c56c,2.9,Avoid - watch only,0.47513,0.05815,0.36566006509322,90,open,,,,,0.116301238039153,-0.0581506190195765,-0.006613742562804,0.5407999079620524,0.0,none,0.0093743439404455,0x52c77b0cb827afbad022e6d6caf2c44452edbc39
2026-10-09 20:00:00+00:00,dex_day,3,ethereum:0x1abaea1f7c830bd89acc67ec4af516284b1bc33c,2.9,Avoid - watch only,0.5788,0.04,1.11889443136265,90,open,,,,,0.08,-0.0399999999999999,-0.0005348210679114,1.204056622637839,0.15,lp|holders,0.0045153954769146,0xb2b92b56988a4edbe255989792c6ea239b25eaf66b42093145cbf8f630db3a17
2026-10-09 20:00:00+00:00,dex_day,4,ethereum:0xfaba6f8e4a5e8ab82f62fe7c39859fa577269be3,2.3,Avoid - watch only,0.46844,0.09395,0.47687355367868,90,open,,,,,0.1879066619655716,-0.0939533309827858,-0.0223658363989862,0.9446718119380386,0.15,lp|holders,0.0095674702488803,0x7b1e5d984a43ee732de195628d20d05cfabc3cc7
2026-10-09 20:00:00+00:00,dex_day,5,ethereum:0x7fc66500c84a76ad7e9c93437bfc5ac33e2ddae9,1.8,Avoid - watch only,0.52531,0.0533,166.574426369259,90,open,,,,,0.1065917199414572,-0.0532958599707287,0.0032287992672257,0.9996194037752484,0.15,lp|holders,0.0094038327141296,0x5ab53ee1d50eef2c1dd3d5402789cd27bb52c1bb
2026-10-09 21:00:00+00:00,dex_short,1,robinhood:0x39dbed3a2bd333467115de45665cc57f813c4571,0.7,Avoid - watch only,0.4678,0.04546,0.344867053888805,90,closed,time_limit,0.0083843326139086,4.0,-0.0018722448929399,0.090925803077023,-0.0454629015385115,-0.0046228880747587,0.3847161309353128,0.05,lp,0.0155982918297898,0x486435a1f76cd58193f854c6e6213cd05fd58d637865d02065ff558b387fa6ea
2026-10-09 21:00:00+00:00,dex_short,2,ethereum:0xfaba6f8e4a5e8ab82f62fe7c39859fa577269be3,0.5,Avoid - watch only,0.43902,0.03766,0.480041652175394,90,closed,time_limit,0.02317539435489,4.0,0.0044074348378504,0.0753227213538443,-0.0409011687551323,-0.0006080521918307,0.9284854804680648,0.15,lp|holders,0.0093186120989994,0x7b1e5d984a43ee732de195628d20d05cfabc3cc7
2026-10-09 21:00:00+00:00,dex_short,3,ethereum:0xe0f63a424a4439cbe457d80e4f4b51ad25b2c56c,0.4,Avoid - watch only,0.46043,0.02361,0.368997242775937,90,closed,time_limit,0.0066285288156647,4.0,0.0045887974566248,0.0472178131130254,-0.0236089065565127,0.009664514462546,0.5561714335004969,0.0,none,0.009137249480225,0x52c77b0cb827afbad022e6d6caf2c44452edbc39
2026-10-09 21:00:00+00:00,dex_short,4,ethereum:0x8ed97a637a790be1feff5e888d43629dc05408f6,0.2,Avoid - watch only,0.42472,0.0244,0.021517138248645,90,closed,time_limit,-0.0160465286386826,4.0,0.0045457289995138,0.0487911356842438,-0.0297803835581452,0.0212095876685594,0.4781335429731105,0.1,holders,0.009180317937336,0x69c7bd26512f52bf6f76fab834140d13dda673ca
2026-10-09 21:00:00+00:00,dex_short,5,ethereum:0x62d0a8458ed7719fdaf978fe5929c6d342b0bfce,0.2,Avoid - watch only,0.45801,0.0291,0.0026735600292589,90,closed,time_limit,-0.0213967049269224,4.0,0.0044779897296768,0.0582048324327681,-0.029102416216384,0.0213031131095675,0.7346328479700261,0.15,lp|holders,0.009248057207173,0x180efc1349a69390ade25667487a826164c9c6e4
2026-10-09 21:00:00+00:00,dex_day,1,robinhood:0x39dbed3a2bd333467115de45665cc57f813c4571,2.9,Avoid - watch only,0.45184,0.11136,0.344867053888805,90,open,,,,,0.222721821991491,-0.1113609109957454,-0.0046228880747587,0.3847161309353128,0.05,lp,0.0155982918297898,0x486435a1f76cd58193f854c6e6213cd05fd58d637865d02065ff558b387fa6ea
2026-10-09 21:00:00+00:00,dex_day,2,ethereum:0xfaba6f8e4a5e8ab82f62fe7c39859fa577269be3,2.2,Avoid - watch only,0.46443,0.09225,0.480041652175394,90,open,,,,,0.1845022333547563,-0.0922511166773781,-0.0006080521918307,0.9284854804680648,0.15,lp|holders,0.0093186120989994,0x7b1e5d984a43ee732de195628d20d05cfabc3cc7
2026-10-09 21:00:00+00:00,dex_day,3,ethereum:0xe0f63a424a4439cbe457d80e4f4b51ad25b2c56c,2.1,Avoid - watch only,0.46349,0.05783,0.368997242775937,90,open,,,,,0.1156595488970086,-0.0578297744485043,0.009664514462546,0.5561714335004969,0.0,none,0.009137249480225,0x52c77b0cb827afbad022e6d6caf2c44452edbc39
2026-10-09 21:00:00+00:00,dex_day,4,ethereum:0x7fc66500c84a76ad7e9c93437bfc5ac33e2ddae9,1.5,Avoid - watch only,0.50002,0.05244,167.315786188655,90,open,,,,,0.1048715363219492,-0.0524357681609745,0.0002501459113171,1.0188799964049449,0.15,lp|holders,0.0091667263780536,0x5ab53ee1d50eef2c1dd3d5402789cd27bb52c1bb
2026-10-09 21:00:00+00:00,dex_day,5,ethereum:0x6982508145454ce325ddbe47a25d4ec3d2311933,1.1,Avoid - watch only,0.48808,0.05545,3.94006699505201e-06,90,open,,,,,0.1109067007660078,-0.0554533503830039,0.0319132653166036,0.723625507391655,0.15,lp|holders,0.0091153417857482,0xa43fe16908251ee70ef74718545e4fe6c5ccec9f
2026-10-09 22:00:00+00:00,dex_short,1,robinhood:0x39dbed3a2bd333467115de45665cc57f813c4571,0.8,Avoid - watch only,0.48802,0.04455,0.343010030380635,90,closed,time_limit,-0.0052912579059243,4.0,-0.0096698976248707,0.0890921839425968,-0.0445460919712984,-0.0168401438498502,0.3797466518597224,0.05,lp,0.0155981796094758,0x486435a1f76cd58193f854c6e6213cd05fd58d637865d02065ff558b387fa6ea
2026-10-09 22:00:00+00:00,dex_short,2,ethereum:0x1abaea1f7c830bd89acc67ec4af516284b1bc33c,0.7,Avoid - watch only,0.51754,0.02,1.11910421387126,90,closed,time_limit,-0.0046107040915403,4.0,0.0016432092479135,0.04,-0.02,-0.0015606269566088,1.2593322134423086,0.15,lp|holders,0.0042850727366915,0xb2b92b56988a4edbe255989792c6ea239b25eaf66b42093145cbf8f630db3a17
2026-10-09 22:00:00+00:00,dex_short,3,ethereum:0xe0f63a424a4439cbe457d80e4f4b51ad25b2c56c,0.3,Avoid - watch only,0.42522,0.02345,0.372328642491019,90,closed,time_limit,-0.008809679358305,4.0,-0.0031053924575056,0.0468949294789771,-0.0293093309243606,0.0115509372078705,0.5630115381158959,0.0,none,0.0090336744421107,0x52c77b0cb827afbad022e6d6caf2c44452edbc39
2026-10-09 22:00:00+00:00,dex_short,4,ethereum:0xfaba6f8e4a5e8ab82f62fe7c39859fa577269be3,0.3,Avoid - watch only,0.42215,0.03698,0.483336889851113,90,closed,time_limit,-0.0003825355523307,4.0,-0.0032834088381468,0.0739618925788383,-0.0369809462894191,0.0067759914466326,0.9424515249544996,0.15,lp|holders,0.0092116908227519,0x7b1e5d984a43ee732de195628d20d05cfabc3cc7
2026-10-09 22:00:00+00:00,dex_short,5,ethereum:0x7fc66500c84a76ad7e9c93437bfc5ac33e2ddae9,0.2,Avoid - watch only,0.51701,0.021,166.757929086367,90,closed,time_limit,0.0089080353473113,4.0,-0.0031349422245325,0.0419942142013074,-0.0209971071006537,-0.0051978433993618,1.038780427600728,0.15,lp|holders,0.0090632242091376,0x5ab53ee1d50eef2c1dd3d5402789cd27bb52c1bb
2026-10-09 22:00:00+00:00,dex_day,1,robinhood:0x39dbed3a2bd333467115de45665cc57f813c4571,3.2,Avoid - watch only,0.47279,0.10912,0.343010030380635,90,open,,,,,0.2182303907295431,-0.1091151953647715,-0.0168401438498502,0.3797466518597224,0.05,lp,0.0155981796094758,0x486435a1f76cd58193f854c6e6213cd05fd58d637865d02065ff558b387fa6ea
2026-10-09 22:00:00+00:00,dex_day,2,ethereum:0x1abaea1f7c830bd89acc67ec4af516284b1bc33c,2.7,Avoid - watch only,0.55764,0.04,1.11910421387126,90,open,,,,,0.08,-0.0399999999999999,-0.0015606269566088,1.2593322134423086,0.15,lp|holders,0.0042850727366915,0xb2b92b56988a4edbe255989792c6ea239b25eaf66b42093145cbf8f630db3a17
2026-10-09 22:00:00+00:00,dex_day,3,ethereum:0xe0f63a424a4439cbe457d80e4f4b51ad25b2c56c,2.0,Avoid - watch only,0.45546,0.05743,0.372328642491019,90,open,,,,,0.1148686487472951,-0.0574343243736474,0.0115509372078705,0.5630115381158959,0.0,none,0.0090336744421107,0x52c77b0cb827afbad022e6d6caf2c44452edbc39
2026-10-09 22:00:00+00:00,dex_day,4,ethereum:0x7fc66500c84a76ad7e9c93437bfc5ac33e2ddae9,1.8,Avoid - watch only,0.52776,0.05143,166.757929086367,90,open,,,,,0.1028643969423421,-0.051432198471171,-0.0051978433993618,1.038780427600728,0.15,lp|holders,0.0090632242091376,0x5ab53ee1d50eef2c1dd3d5402789cd27bb52c1bb
2026-10-09 22:00:00+00:00,dex_day,5,ethereum:0xfaba6f8e4a5e8ab82f62fe7c39859fa577269be3,1.6,Avoid - watch only,0.45705,0.09058,0.483336889851113,90,open,,,,,0.1811688972286957,-0.0905844486143478,0.0067759914466326,0.9424515249544996,0.15,lp|holders,0.0092116908227519,0x7b1e5d984a43ee732de195628d20d05cfabc3cc7
2026-10-09 23:00:00+00:00,dex_short,1,ethereum:0x1abaea1f7c830bd89acc67ec4af516284b1bc33c,0.7,Avoid - watch only,0.52856,0.02,1.119932871225,90,closed,time_limit,-0.0050566813828395,4.0,-0.0122681739438183,0.04,-0.0200000000000001,-0.0008165469346432,1.2661002340448542,0.15,lp|holders,0.0048598643959081,0xb2b92b56988a4edbe255989792c6ea239b25eaf66b42093145cbf8f630db3a17
2026-10-09 23:00:00+00:00,dex_short,2,robinhood:0x39dbed3a2bd333467115de45665cc57f813c4571,0.6,Avoid - watch only,0.45259,0.04377,0.345335922500804,90,closed,time_limit,-0.0206120745655041,4.0,-0.0230070733193367,0.0875451091887102,-0.0437725545943551,-0.0159199353129335,0.3762388030247798,0.05,lp,0.0155987637714265,0x486435a1f76cd58193f854c6e6213cd05fd58d637865d02065ff558b387fa6ea
2026-10-09 23:00:00+00:00,dex_short,3,ethereum:0xe0f63a424a4439cbe457d80e4f4b51ad25b2c56c,0.3,Avoid - watch only,0.4412,0.02297,0.372578765351402,90,closed,time_limit,-0.0064869823382412,4.0,-0.0170155600581514,0.0459351704115034,-0.0229675852057517,0.0178869813168376,0.5664131741472163,0.0,none,0.0096072505102412,0x52c77b0cb827afbad022e6d6caf2c44452edbc39
2026-10-09 23:00:00+00:00,dex_short,4,ethereum:0xfaba6f8e4a5e8ab82f62fe7c39859fa577269be3,0.3,Avoid - watch only,0.42584,0.03623,0.484755327576496,90,closed,time_limit,-0.0022231312033174,4.0,-0.0171963098426342,0.072463952566016,-0.036231976283008,0.0315281538804983,0.907224863384178,0.15,lp|holders,0.009788000294724,0x7b1e5d984a43ee732de195628d20d05cfabc3cc7
2026-10-09 23:00:00+00:00,dex_short,5,ethereum:0x62d0a8458ed7719fdaf978fe5929c6d342b0bfce,0.2,Avoid - watch only,0.44723,0.02813,0.002677089663217,90,closed,time_limit,-0.03696335981939,4.0,-0.0171263268168226,0.0562558815367175,-0.0281279407683587,0.0212146366994394,0.7378357983685001,0.15,lp|holders,0.0097180172689124,0x180efc1349a69390ade25667487a826164c9c6e4
2026-10-09 23:00:00+00:00,dex_day,1,robinhood:0x39dbed3a2bd333467115de45665cc57f813c4571,2.9,Avoid - watch only,0.45543,0.10722,0.345335922500804,90,open,,,,,0.2144408469885794,-0.1072204234942897,-0.0159199353129335,0.3762388030247798,0.05,lp,0.0155987637714265,0x486435a1f76cd58193f854c6e6213cd05fd58d637865d02065ff558b387fa6ea
2026-10-09 23:00:00+00:00,dex_day,2,ethereum:0x1abaea1f7c830bd89acc67ec4af516284b1bc33c,2.8,Avoid - watch only,0.57801,0.04,1.119932871225,90,open,,,,,0.08,-0.0399999999999999,-0.0008165469346432,1.2661002340448542,0.15,lp|holders,0.0048598643959081,0xb2b92b56988a4edbe255989792c6ea239b25eaf66b42093145cbf8f630db3a17
2026-10-09 23:00:00+00:00,dex_day,3,ethereum:0xe0f63a424a4439cbe457d80e4f4b51ad25b2c56c,2.1,Avoid - watch only,0.47316,0.05626,0.372578765351402,90,open,,,,,0.1125177287559746,-0.0562588643779873,0.0178869813168376,0.5664131741472163,0.0,none,0.0096072505102412,0x52c77b0cb827afbad022e6d6caf2c44452edbc39
2026-10-09 23:00:00+00:00,dex_day,4,ethereum:0xfaba6f8e4a5e8ab82f62fe7c39859fa577269be3,1.5,Avoid - watch only,0.45574,0.08875,0.484755327576496,90,open,,,,,0.1774997085319827,-0.0887498542659913,0.0315281538804983,0.907224863384178,0.15,lp|holders,0.009788000294724,0x7b1e5d984a43ee732de195628d20d05cfabc3cc7
2026-10-09 23:00:00+00:00,dex_day,5,ethereum:0x7fc66500c84a76ad7e9c93437bfc5ac33e2ddae9,1.3,Avoid - watch only,0.53569,0.05039,166.882213455101,90,open,,,,,0.1007763221452222,-0.0503881610726111,0.0058379306594744,1.005209633941131,0.15,lp|holders,0.0096366954408256,0x5ab53ee1d50eef2c1dd3d5402789cd27bb52c1bb
2026-10-10 00:00:00+00:00,dex_short,1,ethereum:0xd34a99bc0f67ae1bbd63c660e6d0b0dd03e263b7,1.2,Avoid - watch only,0.47304,0.07656,8.6152221736294,90,closed,safety_exit,-0.0878338427738902,1.0,-0.0878338829369143,0.1531162959572503,-0.0765581479786251,0.0490088308132321,0.4436418234576423,0.15,lp|holders,0.0112756947952651,0x894d4e6d3d2abc64fc0de0e4e2ea63a93bc9c520
2026-10-10 00:00:00+00:00,dex_short,2,ethereum:0x1abaea1f7c830bd89acc67ec4af516284b1bc33c,0.8,Avoid - watch only,0.52327,0.02,1.12055284117023,90,closed,time_limit,-0.005892691421408,4.0,-0.0155458488333028,0.04,-0.02,-0.0003698696516605,1.2535598441247624,0.15,lp|holders,0.0042611485368257,0xb2b92b56988a4edbe255989792c6ea239b25eaf66b42093145cbf8f630db3a17
2026-10-10 00:00:00+00:00,dex_short,3,robinhood:0x39dbed3a2bd333467115de45665cc57f813c4571,0.6,Avoid - watch only,0.44483,0.04387,0.352823216943985,90,closed,time_limit,-0.031516105365777,4.0,-0.0274873410738364,0.0877301199716671,-0.0438650599858335,-0.0069652607458332,0.3657935023527293,0.05,lp,0.015599312415642,0x486435a1f76cd58193f854c6e6213cd05fd58d637865d02065ff558b387fa6ea
2026-10-10 00:00:00+00:00,dex_short,4,ethereum:0xfaba6f8e4a5e8ab82f62fe7c39859fa577269be3,0.4,Avoid - watch only,0.46802,0.03558,0.481820703028659,90,closed,time_limit,0.0118010479752363,4.0,-0.0210821617119566,0.0711670147173901,-0.035583507358695,0.0275444001247876,0.8699200901240246,0.15,lp|holders,0.0091941330537622,0x7b1e5d984a43ee732de195628d20d05cfabc3cc7
2026-10-10 00:00:00+00:00,dex_short,5,ethereum:0xe0f63a424a4439cbe457d80e4f4b51ad25b2c56c,0.3,Avoid - watch only,0.46699,0.02253,0.371339452738801,90,closed,time_limit,-0.0010826309675626,4.0,-0.0209076966071606,0.0450529527284599,-0.0278355852958231,0.0074531106326537,0.5682290356754721,0.0,none,0.0090196679489662,0x52c77b0cb827afbad022e6d6caf2c44452edbc39
2026-10-10 00:00:00+00:00,dex_day,1,ethereum:0x1abaea1f7c830bd89acc67ec4af516284b1bc33c,3.3,Avoid - watch only,0.59436,0.04,1.12055284117023,90,open,,,,,0.08,-0.04,-0.0003698696516605,1.2535598441247624,0.15,lp|holders,0.0042611485368257,0xb2b92b56988a4edbe255989792c6ea239b25eaf66b42093145cbf8f630db3a17
2026-10-10 00:00:00+00:00,dex_day,2,robinhood:0x39dbed3a2bd333467115de45665cc57f813c4571,2.8,Avoid - watch only,0.44973,0.10745,0.352823216943985,90,open,,,,,0.2148940290037364,-0.1074470145018682,-0.0069652607458332,0.3657935023527293,0.05,lp,0.015599312415642,0x486435a1f76cd58193f854c6e6213cd05fd58d637865d02065ff558b387fa6ea
2026-10-10 00:00:00+00:00,dex_day,3,ethereum:0xe0f63a424a4439cbe457d80e4f4b51ad25b2c56c,2.5,Avoid - watch only,0.49485,0.05518,0.371339452738801,90,open,,,,,0.1103567455904583,-0.0551783727952291,0.0074531106326537,0.5682290356754721,0.0,none,0.0090196679489662,0x52c77b0cb827afbad022e6d6caf2c44452edbc39
2026-10-10 00:00:00+00:00,dex_day,4,ethereum:0xfaba6f8e4a5e8ab82f62fe7c39859fa577269be3,1.7,Avoid - watch only,0.47237,0.08716,0.481820703028659,90,open,,,,,0.174322872574747,-0.0871614362873735,0.0275444001247876,0.8699200901240246,0.15,lp|holders,0.0091941330537622,0x7b1e5d984a43ee732de195628d20d05cfabc3cc7
2026-10-10 00:00:00+00:00,dex_day,5,ethereum:0x8ed97a637a790be1feff5e888d43629dc05408f6,1.1,Avoid - watch only,0.43892,0.05666,0.0214474537308851,90,open,,,,,0.1133248775595519,-0.0566624387797759,0.0135561942672737,0.4634443223718828,0.1,holders,0.0090630138674032,0x69c7bd26512f52bf6f76fab834140d13dda673ca
2026-10-10 01:00:00+00:00,dex_short,1,ethereum:0x1abaea1f7c830bd89acc67ec4af516284b1bc33c,0.9,Avoid - watch only,0.53456,0.02,1.11866347685169,90,closed,time_limit,-0.0035335427584466,4.0,-0.0125261265841806,0.04,-0.02,-0.0021713655842832,1.2161307115583782,0.15,lp|holders,0.0042684941457756,0xb2b92b56988a4edbe255989792c6ea239b25eaf66b42093145cbf8f630db3a17
2026-10-10 01:00:00+00:00,dex_short,2,robinhood:0x2e8c31162b855a2ffa90f6f8634643ad6f111e18,0.8,Avoid - watch only,0.39985,0.07204,0.103979574497621,90,closed,safety_exit,-0.08877435459621,3.0,-0.0672902013415978,0.1440701624620239,-0.0720350812310119,0.1539922010011811,0.7096741756108369,0.05,lp,0.0167392733651982,0x592e3fb7ea947506b36481025abc15baada8e1839a50fded46ecf08b3182fa96
2026-10-10 01:00:00+00:00,dex_short,3,robinhood:0x39dbed3a2bd333467115de45665cc57f813c4571,0.6,Avoid - watch only,0.45212,0.04297,0.353137870925225,90,closed,time_limit,-0.0268136318062763,4.0,-0.0251275186805161,0.0859321299297879,-0.0429660649648938,0.0025952772150588,0.3585381568914785,0.05,lp,0.0155988316871338,0x486435a1f76cd58193f854c6e6213cd05fd58d637865d02065ff558b387fa6ea
2026-10-10 01:00:00+00:00,dex_short,4,ethereum:0x62d0a8458ed7719fdaf978fe5929c6d342b0bfce,0.4,Avoid - watch only,0.48162,0.02749,0.0026410798903058,90,closed,time_limit,-0.0268637999558385,4.0,-0.0186663036616801,0.0549802612242098,-0.027490130612105,0.0044498372357262,0.7284755370579473,0.15,lp|holders,0.0091376166682978,0x180efc1349a69390ade25667487a826164c9c6e4
2026-10-10 01:00:00+00:00,dex_short,5,ethereum:0x8ed97a637a790be1feff5e888d43629dc05408f6,0.3,Avoid - watch only,0.50538,0.02271,0.0213693970437398,90,closed,time_limit,-0.0026281046413386,4.0,-0.018597776557977,0.0454254765165202,-0.0227127382582601,0.002542738626964,0.4881238825130762,0.1,holders,0.0090690895645947,0x69c7bd26512f52bf6f76fab834140d13dda673ca
2026-10-10 01:00:00+00:00,dex_day,1,ethereum:0x1abaea1f7c830bd89acc67ec4af516284b1bc33c,3.3,Avoid - watch only,0.59093,0.04,1.11866347685169,90,open,,,,,0.08,-0.0399999999999999,-0.0021713655842832,1.2161307115583782,0.15,lp|holders,0.0042684941457756,0xb2b92b56988a4edbe255989792c6ea239b25eaf66b42093145cbf8f630db3a17
2026-10-10 01:00:00+00:00,dex_day,2,robinhood:0x39dbed3a2bd333467115de45665cc57f813c4571,3.1,Avoid - watch only,0.47564,0.10524,0.353137870925225,90,open,,,,,0.210489870838527,-0.1052449354192635,0.0025952772150588,0.3585381568914785,0.05,lp,0.0155988316871338,0x486435a1f76cd58193f854c6e6213cd05fd58d637865d02065ff558b387fa6ea
2026-10-10 01:00:00+00:00,dex_day,3,robinhood:0x2e8c31162b855a2ffa90f6f8634643ad6f111e18,1.7,Avoid - watch only,0.34233,0.17645,0.103979574497621,90,open,,,,,0.3528983851918337,-0.1764491925959168,0.1539922010011811,0.7096741756108369,0.05,lp,0.0167392733651982,0x592e3fb7ea947506b36481025abc15baada8e1839a50fded46ecf08b3182fa96
2026-10-10 01:00:00+00:00,dex_day,4,ethereum:0x8ed97a637a790be1feff5e888d43629dc05408f6,1.6,Avoid - watch only,0.455,0.05563,0.0213693970437398,90,open,,,,,0.1112692387882547,-0.0556346193941273,0.002542738626964,0.4881238825130762,0.1,holders,0.0090690895645947,0x69c7bd26512f52bf6f76fab834140d13dda673ca
2026-10-10 01:00:00+00:00,dex_day,5,ethereum:0xe0f63a424a4439cbe457d80e4f4b51ad25b2c56c,1.2,Avoid - watch only,0.45873,0.05488,0.374814771497337,90,open,,,,,0.1097547795571145,-0.0548773897785573,0.0194793968735018,0.5622891821557876,0.1,holders,0.0090255577908504,0x52c77b0cb827afbad022e6d6caf2c44452edbc39
2026-10-10 02:00:00+00:00,dex_short,1,ethereum:0x1abaea1f7c830bd89acc67ec4af516284b1bc33c,0.8,Avoid - watch only,0.51698,0.02,1.11873979844988,90,closed,time_limit,-0.0038663053910817,4.0,-0.0142328841188748,0.04,-0.0200000000000001,-0.0032451641655458,1.2153085026195056,0.15,lp|holders,0.004205274577043,0xb2b92b56988a4edbe255989792c6ea239b25eaf66b42093145cbf8f630db3a17
2026-10-10 02:00:00+00:00,dex_short,2,robinhood:0x2e8c31162b855a2ffa90f6f8634643ad6f111e18,0.8,Avoid - watch only,0.40126,0.07056,0.104602294253956,90,closed,safety_exit,-0.087184267922321,2.0,-0.0768294525858797,0.1411262955282572,-0.0705631477641286,0.1422811925847211,0.7007651759819536,0.05,lp,0.0166211201581924,0x592e3fb7ea947506b36481025abc15baada8e1839a50fded46ecf08b3182fa96
2026-10-10 02:00:00+00:00,dex_short,3,robinhood:0x39dbed3a2bd333467115de45665cc57f813c4571,0.7,Avoid - watch only,0.48909,0.0427,0.346545407907301,90,closed,time_limit,-0.0159727403393171,4.0,-0.0282593272711068,0.0853937463140963,-0.0426968731570481,-0.0418490315484774,0.3549364389252893,0.05,lp,0.0155989962688904,0x486435a1f76cd58193f854c6e6213cd05fd58d637865d02065ff558b387fa6ea
2026-10-10 02:00:00+00:00,dex_short,4,ethereum:0xe0f63a424a4439cbe457d80e4f4b51ad25b2c56c,0.4,Avoid - watch only,0.49043,0.02209,0.372412042276497,90,closed,time_limit,-0.0074526765131493,4.0,-0.0216221915058441,0.0441806302401308,-0.0220903151200654,0.0130403052467514,0.5393019023054582,0.0,none,0.0089618605036277,0x52c77b0cb827afbad022e6d6caf2c44452edbc39
2026-10-10 02:00:00+00:00,dex_short,5,ethereum:0x62d0a8458ed7719fdaf978fe5929c6d342b0bfce,0.4,Avoid - watch only,0.48395,0.02714,0.0026199138682655,90,closed,time_limit,-0.0259925937612026,4.0,-0.0217345331048433,0.0542720294365064,-0.0271360147182532,0.0029041376057428,0.709833252996329,0.15,lp|holders,0.0090742021026269,0x180efc1349a69390ade25667487a826164c9c6e4
2026-10-10 02:00:00+00:00,dex_day,1,robinhood:0x39dbed3a2bd333467115de45665cc57f813c4571,2.7,Avoid - watch only,0.4518,0.10459,0.346545407907301,90,open,,,,,0.2091711056942076,-0.1045855528471038,-0.0418490315484774,0.3549364389252893,0.05,lp,0.0155989962688904,0x486435a1f76cd58193f854c6e6213cd05fd58d637865d02065ff558b387fa6ea
2026-10-10 02:00:00+00:00,dex_day,2,ethereum:0x1abaea1f7c830bd89acc67ec4af516284b1bc33c,2.5,Avoid - watch only,0.54004,0.04,1.11873979844988,90,open,,,,,0.08,-0.04,-0.0032451641655458,1.2153085026195056,0.15,lp|holders,0.004205274577043,0xb2b92b56988a4edbe255989792c6ea239b25eaf66b42093145cbf8f630db3a17
2026-10-10 02:00:00+00:00,dex_day,3,ethereum:0xe0f63a424a4439cbe457d80e4f4b51ad25b2c56c,2.1,Avoid - watch only,0.46586,0.05411,0.372412042276497,90,open,,,,,0.1082200006028968,-0.0541100003014485,0.0130403052467514,0.5393019023054582,0.0,none,0.0089618605036277,0x52c77b0cb827afbad022e6d6caf2c44452edbc39
2026-10-10 02:00:00+00:00,dex_day,4,robinhood:0x2e8c31162b855a2ffa90f6f8634643ad6f111e18,2.0,Avoid - watch only,0.37279,0.17284,0.104602294253956,90,open,,,,,0.3456874133334537,-0.1728437066667268,0.1422811925847211,0.7007651759819536,0.05,lp,0.0166211201581924,0x592e3fb7ea947506b36481025abc15baada8e1839a50fded46ecf08b3182fa96
2026-10-10 02:00:00+00:00,dex_day,5,ethereum:0x62d0a8458ed7719fdaf978fe5929c6d342b0bfce,1.3,Avoid - watch only,0.43236,0.06647,0.0026199138682655,90,open,,,,,0.1329387794247492,-0.0664693897123746,0.0029041376057428,0.709833252996329,0.15,lp|holders,0.0090742021026269,0x180efc1349a69390ade25667487a826164c9c6e4
2026-10-10 03:00:00+00:00,dex_short,1,ethereum:0x1abaea1f7c830bd89acc67ec4af516284b1bc33c,0.9,Avoid - watch only,0.52333,0.02,1.11971244941172,90,closed,time_limit,-0.0033567626991527,4.0,0.0015615517220534,0.04,-0.0200000000000001,-0.0006372738206062,1.2154471805305878,0.15,lp|holders,0.0037816468041653,0xb2b92b56988a4edbe255989792c6ea239b25eaf66b42093145cbf8f630db3a17
2026-10-10 03:00:00+00:00,dex_short,2,robinhood:0x2e8c31162b855a2ffa90f6f8634643ad6f111e18,0.9,Avoid - watch only,0.40562,0.07148,0.10019540627577,90,closed,safety_exit,-0.0909058207167494,4.0,-0.014356994572595,0.1429689016382751,-0.0714844508191375,0.1004008932073481,0.7085412335794822,0.05,lp,0.019421369897612,0x592e3fb7ea947506b36481025abc15baada8e1839a50fded46ecf08b3182fa96
2026-10-10 03:00:00+00:00,dex_short,3,robinhood:0x39dbed3a2bd333467115de45665cc57f813c4571,0.5,Avoid - watch only,0.50617,0.04191,0.343604646192948,90,closed,time_limit,0.0067137586885541,4.0,-0.013355189168778,0.0838211961300081,-0.041910598065004,-0.0468170394751166,0.362940402487393,0.05,lp,0.018419564493795,0x486435a1f76cd58193f854c6e6213cd05fd58d637865d02065ff558b387fa6ea
2026-10-10 03:00:00+00:00,dex_short,4,ethereum:0xfaba6f8e4a5e8ab82f62fe7c39859fa577269be3,0.5,Avoid - watch only,0.43678,0.0358,0.488422438170974,90,closed,time_limit,0.0079295994935158,4.0,-0.0036657663427435,0.0715910766998706,-0.0433127918233468,0.0200650859508912,0.8365767900429778,0.15,lp|holders,0.0087301416677605,0x7b1e5d984a43ee732de195628d20d05cfabc3cc7
2026-10-10 03:00:00+00:00,dex_short,5,ethereum:0xe0f63a424a4439cbe457d80e4f4b51ad25b2c56c,0.4,Avoid - watch only,0.41927,0.02169,0.373741311014491,90,closed,time_limit,-0.0120084693021431,4.0,-0.0034758279631433,0.0433794236854678,-0.0216897118427339,0.0126592372657095,0.5404208258864435,0.0,none,0.0085402032881603,0x52c77b0cb827afbad022e6d6caf2c44452edbc39
2026-10-10 03:00:00+00:00,dex_day,1,ethereum:0x1abaea1f7c830bd89acc67ec4af516284b1bc33c,3.7,Avoid - watch only,0.60748,0.04,1.11971244941172,90,open,,,,,0.08,-0.0399999999999999,-0.0006372738206062,1.2154471805305878,0.15,lp|holders,0.0037816468041653,0xb2b92b56988a4edbe255989792c6ea239b25eaf66b42093145cbf8f630db3a17
2026-10-10 03:00:00+00:00,dex_day,2,ethereum:0xe0f63a424a4439cbe457d80e4f4b51ad25b2c56c,2.6,Avoid - watch only,0.45655,0.05313,0.373741311014491,90,open,,,,,0.106257453365399,-0.0531287266826996,0.0126592372657095,0.5404208258864435,0.0,none,0.0085402032881603,0x52c77b0cb827afbad022e6d6caf2c44452edbc39
2026-10-10 03:00:00+00:00,dex_day,3,robinhood:0x39dbed3a2bd333467115de45665cc57f813c4571,2.3,Avoid - watch only,0.44749,0.10266,0.343604646192948,90,open,,,,,0.205319160148272,-0.102659580074136,-0.0468170394751166,0.362940402487393,0.05,lp,0.018419564493795,0x486435a1f76cd58193f854c6e6213cd05fd58d637865d02065ff558b387fa6ea
2026-10-10 03:00:00+00:00,dex_day,4,robinhood:0x2e8c31162b855a2ffa90f6f8634643ad6f111e18,2.1,Avoid - watch only,0.34856,0.1751,0.10019540627577,90,open,,,,,0.350200858099932,-0.175100429049966,0.1004008932073481,0.7085412335794822,0.05,lp,0.019421369897612,0x592e3fb7ea947506b36481025abc15baada8e1839a50fded46ecf08b3182fa96
2026-10-10 03:00:00+00:00,dex_day,5,ethereum:0xfaba6f8e4a5e8ab82f62fe7c39859fa577269be3,1.5,Avoid - watch only,0.40666,0.08768,0.488422438170974,90,open,,,,,0.1753616080511366,-0.0876808040255683,0.0200650859508912,0.8365767900429778,0.15,lp|holders,0.0087301416677605,0x7b1e5d984a43ee732de195628d20d05cfabc3cc7
2026-10-10 04:00:00+00:00,dex_short,2,ethereum:0xfaba6f8e4a5e8ab82f62fe7c39859fa577269be3,0.5,Avoid - watch only,0.41688,0.03515,0.491936615912265,90,closed,time_limit,0.006329059389184,4.0,-0.0014508440385151,0.0703033380834137,-0.0351516690417068,0.0336257023383708,0.8344055806514158,0.15,lp|holders,0.0087492663206465,0x7b1e5d984a43ee732de195628d20d05cfabc3cc7
2026-10-10 04:00:00+00:00,dex_short,3,ethereum:0xe0f63a424a4439cbe457d80e4f4b51ad25b2c56c,0.4,Avoid - watch only,0.42969,0.02125,0.374286787707843,90,closed,time_limit,-0.0071203323506918,4.0,-0.0012715857871689,0.0425040558931957,-0.0212520279465977,0.0079449683254961,0.5279488839594549,0.0,none,0.0085700080693003,0x52c77b0cb827afbad022e6d6caf2c44452edbc39
2026-10-10 04:00:00+00:00,dex_short,4,robinhood:0x39dbed3a2bd333467115de45665cc57f813c4571,0.4,Avoid - watch only,0.4617,0.04134,0.347207402851887,90,closed,time_limit,-0.0081958527174716,4.0,-0.0111207120922255,0.0826723537539404,-0.0413361768769701,-0.0364747904487809,0.3559737558026815,0.05,lp,0.0184191343743569,0x486435a1f76cd58193f854c6e6213cd05fd58d637865d02065ff558b387fa6ea
2026-10-10 04:00:00+00:00,dex_short,5,ethereum:0x62d0a8458ed7719fdaf978fe5929c6d342b0bfce,0.3,Avoid - watch only,0.45932,0.02614,0.0026074435409485,90,closed,time_limit,-0.0048911400294473,4.0,-0.0013848583120483,0.052289713565089,-0.0261448567825445,-0.0177872005659631,0.6867631015512602,0.15,lp|holders,0.0086832805941797,0x180efc1349a69390ade25667487a826164c9c6e4
2026-10-10 04:00:00+00:00,dex_day,2,ethereum:0xe0f63a424a4439cbe457d80e4f4b51ad25b2c56c,2.6,Avoid - watch only,0.46149,0.05206,0.374286787707843,90,open,,,,,0.1041132489370659,-0.0520566244685331,0.0079449683254961,0.5279488839594549,0.0,none,0.0085700080693003,0x52c77b0cb827afbad022e6d6caf2c44452edbc39
2026-10-10 04:00:00+00:00,dex_day,3,robinhood:0x39dbed3a2bd333467115de45665cc57f813c4571,2.4,Avoid - watch only,0.45718,0.10125,0.347207402851887,90,open,,,,,0.2025050825320191,-0.1012525412660095,-0.0364747904487809,0.3559737558026815,0.05,lp,0.0184191343743569,0x486435a1f76cd58193f854c6e6213cd05fd58d637865d02065ff558b387fa6ea
2026-10-10 04:00:00+00:00,dex_day,4,ethereum:0x6982508145454ce325ddbe47a25d4ec3d2311933,1.4,Avoid - watch only,0.48219,0.05028,4.01408743923465e-06,90,open,,,,,0.1005688493666128,-0.0502844246833064,0.0251610422172667,0.7292385566880174,0.15,lp|holders,0.0085481412952734,0xa43fe16908251ee70ef74718545e4fe6c5ccec9f
2026-10-10 04:00:00+00:00,dex_day,5,ethereum:0x8ed97a637a790be1feff5e888d43629dc05408f6,1.4,Avoid - watch only,0.4398,0.0528,0.0214812319757195,90,open,,,,,0.1055947812953261,-0.052797390647663,-0.0003804838082093,0.4390488658655496,0.1,holders,0.0086135429040398,0x69c7bd26512f52bf6f76fab834140d13dda673ca
2026-10-10 05:00:00+00:00,dex_short,1,robinhood:0x2e8c31162b855a2ffa90f6f8634643ad6f111e18,1.4,Avoid - watch only,0.47567,0.07124,0.0948031837492324,90,closed,time_limit,-0.0021960325009426,4.0,-0.0119813247393928,0.1424834341919163,-0.0712417170959581,0.0765653897871079,0.6995517168757008,0.05,lp,0.0194262042217476,0x592e3fb7ea947506b36481025abc15baada8e1839a50fded46ecf08b3182fa96
2026-10-10 05:00:00+00:00,dex_short,2,ethereum:0x1abaea1f7c830bd89acc67ec4af516284b1bc33c,0.9,Avoid - watch only,0.51102,0.02,1.11872461115542,90,closed,time_limit,-0.0036286708900442,4.0,0.0036235362143985,0.04,-0.02,-0.004543573521316,1.2106182481682466,0.15,lp|holders,0.0038213432679562,0xb2b92b56988a4edbe255989792c6ea239b25eaf66b42093145cbf8f630db3a17
2026-10-10 05:00:00+00:00,dex_short,3,ethereum:0xfaba6f8e4a5e8ab82f62fe7c39859fa577269be3,0.5,Avoid - watch only,0.42807,0.03452,0.49558136402172,90,closed,time_limit,-0.0125947072804308,4.0,-0.0013047199579123,0.0690426233221659,-0.0345213116610829,0.0308732046665128,0.8348348355180112,0.15,lp|holders,0.0087495994402671,0x7b1e5d984a43ee732de195628d20d05cfabc3cc7
2026-10-10 05:00:00+00:00,dex_short,4,ethereum:0x62d0a8458ed7719fdaf978fe5929c6d342b0bfce,0.4,Avoid - watch only,0.49635,0.02568,0.0025942636240932,90,closed,time_limit,-0.0134933627677362,4.0,-0.0012466718078939,0.0513651018023684,-0.0256825509011842,-0.0153341043916128,0.6501891502955902,0.15,lp|holders,0.0086915512902487,0x180efc1349a69390ade25667487a826164c9c6e4
2026-10-10 05:00:00+00:00,dex_short,5,robinhood:0x39dbed3a2bd333467115de45665cc57f813c4571,0.3,Avoid - watch only,0.45433,0.04058,0.349177500288299,90,closed,time_limit,0.0003052187641848,4.0,-0.0109738520000829,0.0811580121808375,-0.0432134746952819,-0.042877976248935,0.3472853327325956,0.05,lp,0.0184187314824377,0x486435a1f76cd58193f854c6e6213cd05fd58d637865d02065ff558b387fa6ea
2026-10-10 05:00:00+00:00,dex_day,1,ethereum:0x1abaea1f7c830bd89acc67ec4af516284b1bc33c,3.3,Avoid - watch only,0.58365,0.04,1.11872461115542,90,open,,,,,0.08,-0.0399999999999999,-0.004543573521316,1.2106182481682466,0.15,lp|holders,0.0038213432679562,0xb2b92b56988a4edbe255989792c6ea239b25eaf66b42093145cbf8f630db3a17
2026-10-10 05:00:00+00:00,dex_day,2,robinhood:0x2e8c31162b855a2ffa90f6f8634643ad6f111e18,2.3,Avoid - watch only,0.3634,0.17451,0.0948031837492324,90,open,,,,,0.3490117105696211,-0.1745058552848104,0.0765653897871079,0.6995517168757008,0.05,lp,0.0194262042217476,0x592e3fb7ea947506b36481025abc15baada8e1839a50fded46ecf08b3182fa96
2026-10-10 05:00:00+00:00,dex_day,3,robinhood:0x39dbed3a2bd333467115de45665cc57f813c4571,2.2,Avoid - watch only,0.45201,0.0994,0.349177500288299,90,open,,,,,0.1987957183816333,-0.0993978591908167,-0.042877976248935,0.3472853327325956,0.05,lp,0.0184187314824377,0x486435a1f76cd58193f854c6e6213cd05fd58d637865d02065ff558b387fa6ea
2026-10-10 05:00:00+00:00,dex_day,4,ethereum:0xe0f63a424a4439cbe457d80e4f4b51ad25b2c56c,1.5,Avoid - watch only,0.45174,0.05136,0.376642287803734,90,open,,,,,0.1027213174126417,-0.0513606587063207,0.0147812144430863,0.5251881921438434,0.1,holders,0.0085779412918198,0x52c77b0cb827afbad022e6d6caf2c44452edbc39
2026-10-10 05:00:00+00:00,dex_day,5,ethereum:0x8ed97a637a790be1feff5e888d43629dc05408f6,1.4,Avoid - watch only,0.44801,0.05171,0.0215070370079176,90,open,,,,,0.1034287304995522,-0.051714365249776,-0.0061559925779781,0.4428075721545546,0.1,holders,0.0086214572973192,0x69c7bd26512f52bf6f76fab834140d13dda673ca
2026-10-10 06:00:00+00:00,dex_short,1,robinhood:0x2e8c31162b855a2ffa90f6f8634643ad6f111e18,1.5,Avoid - watch only,0.49523,0.06987,0.093817808579815,90,closed,time_limit,-0.029612708739004,4.0,-0.0005326992783697,0.1397310173897494,-0.0698655086948747,0.0710684722166887,0.7070107923138932,0.05,lp,0.0194250316898479,0x592e3fb7ea947506b36481025abc15baada8e1839a50fded46ecf08b3182fa96
2026-10-10 06:00:00+00:00,dex_short,2,ethereum:0x1abaea1f7c830bd89acc67ec4af516284b1bc33c,1.1,Avoid - watch only,0.54674,0.02,1.12033193937824,90,closed,time_limit,-0.0046088542277176,4.0,0.0150575007179044,0.04,-0.02,-0.0027491151494421,1.1383582072540417,0.15,lp|holders,0.0038348316935737,0xb2b92b56988a4edbe255989792c6ea239b25eaf66b42093145cbf8f630db3a17
2026-10-10 06:00:00+00:00,dex_short,3,ethereum:0xe0f63a424a4439cbe457d80e4f4b51ad25b2c56c,0.6,Avoid - watch only,0.49756,0.02092,0.372974080568562,90,closed,time_limit,-0.0166779025100191,4.0,0.0103043375584452,0.0418387243209799,-0.0209193621604899,0.0029874607924765,0.5343928994862099,0.0,none,0.0085879948530329,0x52c77b0cb827afbad022e6d6caf2c44452edbc39
2026-10-10 06:00:00+00:00,dex_short,4,robinhood:0x39dbed3a2bd333467115de45665cc57f813c4571,0.4,Avoid - watch only,0.4997,0.03984,0.346415888615962,90,closed,time_limit,0.0099613583594398,4.0,0.0004732284574475,0.0796777856647441,-0.0398388928323719,-0.0452031909065953,0.3413624563022351,0.05,lp,0.0184191039540306,0x486435a1f76cd58193f854c6e6213cd05fd58d637865d02065ff558b387fa6ea
2026-10-10 06:00:00+00:00,dex_short,5,ethereum:0x62d0a8458ed7719fdaf978fe5929c6d342b0bfce,0.4,Avoid - watch only,0.52191,0.0253,0.0025755891393304,90,closed,time_limit,0.0064711404119974,4.0,0.0101905295740608,0.050609277951765,-0.0253046389758824,-0.0337160140504142,0.6363333550532526,0.15,lp|holders,0.0087018028374173,0x180efc1349a69390ade25667487a826164c9c6e4
2026-10-10 06:00:00+00:00,dex_day,1,ethereum:0x1abaea1f7c830bd89acc67ec4af516284b1bc33c,4.1,Avoid - watch only,0.62644,0.04,1.12033193937824,90,open,,,,,0.08,-0.0399999999999999,-0.0027491151494421,1.1383582072540417,0.15,lp|holders,0.0038348316935737,0xb2b92b56988a4edbe255989792c6ea239b25eaf66b42093145cbf8f630db3a17
2026-10-10 06:00:00+00:00,dex_day,2,ethereum:0xe0f63a424a4439cbe457d80e4f4b51ad25b2c56c,2.8,Avoid - watch only,0.48222,0.05124,0.372974080568562,90,open,,,,,0.1024835260753733,-0.0512417630376866,0.0029874607924765,0.5343928994862099,0.0,none,0.0085879948530329,0x52c77b0cb827afbad022e6d6caf2c44452edbc39
2026-10-10 06:00:00+00:00,dex_day,3,robinhood:0x39dbed3a2bd333467115de45665cc57f813c4571,2.2,Avoid - watch only,0.45572,0.09758,0.346415888615962,90,open,,,,,0.1951699187134674,-0.0975849593567337,-0.0452031909065953,0.3413624563022351,0.05,lp,0.0184191039540306,0x486435a1f76cd58193f854c6e6213cd05fd58d637865d02065ff558b387fa6ea
2026-10-10 06:00:00+00:00,dex_day,4,robinhood:0x2e8c31162b855a2ffa90f6f8634643ad6f111e18,2.2,Avoid - watch only,0.36069,0.17113,0.093817808579815,90,open,,,,,0.342269693844849,-0.1711348469224245,0.0710684722166887,0.7070107923138932,0.05,lp,0.0194250316898479,0x592e3fb7ea947506b36481025abc15baada8e1839a50fded46ecf08b3182fa96
2026-10-10 06:00:00+00:00,dex_day,5,ethereum:0xfaba6f8e4a5e8ab82f62fe7c39859fa577269be3,1.6,Avoid - watch only,0.42188,0.08344,0.501396995490999,90,open,,,,,0.166882091854815,-0.0834410459274075,0.0391129106982259,0.8553938794787569,0.15,lp|holders,0.0087634351644244,0x7b1e5d984a43ee732de195628d20d05cfabc3cc7
2026-10-10 07:00:00+00:00,dex_short,1,robinhood:0x5d102d1e69e77591d486aa4f663b3645151bbdf6,0.7,Avoid - watch only,0.45179,0.05002,0.0080749035984022,90,closed,time_limit,-0.0191732216965023,4.0,-0.0053135627445519,0.100035211239557,-0.0500176056197785,-0.0685451535287109,0.9376619831530516,0.0,none,0.0195966635477147,0x02d356acd227e12a9573f0499f133c6e3b0af1c9
2026-10-10 07:00:00+00:00,dex_short,2,robinhood:0x20024e485c0b22b42855589700721b28320a7777,0.7,Avoid - watch only,0.31749,0.14593,0.0025405384478175,90,closed,time_limit,0.1096678750118239,4.0,-0.0054661987580112,0.2918591999141089,-0.1459295999570544,-0.0249219016822044,0.8161578832795391,0.05,lp,0.019749299561174,0x126a9f6ee2e4be592c3520579ba9b48327a3d5e0
2026-10-10 07:00:00+00:00,dex_short,3,ethereum:0xe0f63a424a4439cbe457d80e4f4b51ad25b2c56c,0.5,Avoid - watch only,0.49505,0.02049,0.372445076727478,90,closed,time_limit,-0.0184873177015857,4.0,0.0057031077035799,0.0409872120075507,-0.0204936060037754,0.0045250579660662,0.5193538757622284,0.0,none,0.0085799930995828,0x52c77b0cb827afbad022e6d6caf2c44452edbc39
2026-10-10 07:00:00+00:00,dex_short,4,ethereum:0x1abaea1f7c830bd89acc67ec4af516284b1bc33c,0.5,Avoid - watch only,0.55418,0.02,1.11945997180078,90,closed,time_limit,-0.003028084690546,4.0,0.0104713495227976,0.04,-0.0200000000000001,-0.0022394134349631,1.1108900736132303,0.3,liq_jump|lp|holders,0.0038117512803651,0xb2b92b56988a4edbe255989792c6ea239b25eaf66b42093145cbf8f630db3a17
2026-10-10 07:00:00+00:00,dex_short,5,ethereum:0xfaba6f8e4a5e8ab82f62fe7c39859fa577269be3,0.5,Avoid - watch only,0.44733,0.03367,0.496559429568262,90,closed,time_limit,0.0034019012679168,4.0,0.0055261519675956,0.0673423396265067,-0.0336711698132533,0.0155990534148872,0.8222767566624639,0.15,lp|holders,0.0087569488355671,0x7b1e5d984a43ee732de195628d20d05cfabc3cc7
2026-10-10 07:00:00+00:00,dex_day,1,ethereum:0xe0f63a424a4439cbe457d80e4f4b51ad25b2c56c,3.1,Avoid - watch only,0.50103,0.0502,0.372445076727478,90,open,,,,,0.1003977553977752,-0.0501988776988876,0.0045250579660662,0.5193538757622284,0.0,none,0.0085799930995828,0x52c77b0cb827afbad022e6d6caf2c44452edbc39
2026-10-10 07:00:00+00:00,dex_day,2,robinhood:0x5d102d1e69e77591d486aa4f663b3645151bbdf6,2.9,Avoid - watch only,0.42088,0.12252,0.0080749035984022,90,open,,,,,0.2450352238484432,-0.1225176119242216,-0.0685451535287109,0.9376619831530516,0.0,none,0.0195966635477147,0x02d356acd227e12a9573f0499f133c6e3b0af1c9
2026-10-10 07:00:00+00:00,dex_day,3,ethereum:0x1abaea1f7c830bd89acc67ec4af516284b1bc33c,2.0,Avoid - watch only,0.61049,0.04,1.11945997180078,90,open,,,,,0.08,-0.0399999999999999,-0.0022394134349631,1.1108900736132303,0.3,liq_jump|lp|holders,0.0038117512803651,0xb2b92b56988a4edbe255989792c6ea239b25eaf66b42093145cbf8f630db3a17
2026-10-10 07:00:00+00:00,dex_day,4,robinhood:0x39dbed3a2bd333467115de45665cc57f813c4571,1.9,Avoid - watch only,0.4451,0.0907,0.351784622867117,90,open,,,,,0.1814043911837199,-0.0907021955918599,-0.0227586380909652,0.6351495164925549,0.05,lp,0.0185944361227903,0x4be9657ec9002e528f4f17a5c43edc525a07f888f7b180c2afbf75e096c4f38a
2026-10-10 07:00:00+00:00,dex_day,5,ethereum:0x8ed97a637a790be1feff5e888d43629dc05408f6,1.5,Avoid - watch only,0.46503,0.05003,0.0213771189231179,90,open,,,,,0.1000664906222166,-0.0500332453111083,-0.0131365742810034,0.4216010237969886,0.1,holders,0.0086234317132293,0x69c7bd26512f52bf6f76fab834140d13dda673ca
2026-10-10 08:00:00+00:00,dex_short,1,robinhood:0x20024e485c0b22b42855589700721b28320a7777,1.8,Avoid - watch only,0.34521,0.14559,0.0027275232917118,90,closed,time_limit,0.1299805660541575,4.0,-0.0136192189514997,0.2911875716507686,-0.1455937858253843,0.0102637955045246,0.8215872430519813,0.05,lp,0.0197496061157485,0x126a9f6ee2e4be592c3520579ba9b48327a3d5e0
2026-10-10 08:00:00+00:00,dex_short,2,ethereum:0x1abaea1f7c830bd89acc67ec4af516284b1bc33c,1.1,Avoid - watch only,0.5479,0.02,1.12047487071487,90,closed,time_limit,-0.0058327933514822,4.0,0.0023653135764251,0.04,-0.02,-0.0021230923046937,1.0848423709559574,0.15,lp|holders,0.0037650735878236,0xb2b92b56988a4edbe255989792c6ea239b25eaf66b42093145cbf8f630db3a17
2026-10-10 08:00:00+00:00,dex_short,3,robinhood:0x5d102d1e69e77591d486aa4f663b3645151bbdf6,0.6,Avoid - watch only,0.42492,0.04902,0.0080956382465009,90,closed,time_limit,-0.0121266083162816,4.0,-0.0134657411081878,0.0980402741068675,-0.0490201370534337,-0.0685922631847981,0.9414204766020664,0.0,none,0.0195961282724366,0x02d356acd227e12a9573f0499f133c6e3b0af1c9
2026-10-10 08:00:00+00:00,dex_short,4,ethereum:0xfaba6f8e4a5e8ab82f62fe7c39859fa577269be3,0.4,Avoid - watch only,0.40832,0.03302,0.499354196435582,90,closed,time_limit,-0.0082011351511855,4.0,-0.0025863282106252,0.0660472017124742,-0.0330236008562371,0.0167915061306747,0.8000796705005337,0.15,lp|holders,0.008716715374874,0x7b1e5d984a43ee732de195628d20d05cfabc3cc7
2026-10-10 08:00:00+00:00,dex_short,5,ethereum:0xe0f63a424a4439cbe457d80e4f4b51ad25b2c56c,0.3,Avoid - watch only,0.42692,0.02025,0.374829382175779,90,closed,time_limit,-0.0176737281535779,4.0,-0.0024058508658205,0.0404928640815924,-0.0202464320407962,0.0150902862007059,0.5018144476198946,0.0,none,0.0085362380300693,0x52c77b0cb827afbad022e6d6caf2c44452edbc39
2026-10-10 08:00:00+00:00,dex_day,1,ethereum:0x1abaea1f7c830bd89acc67ec4af516284b1bc33c,3.0,Avoid - watch only,0.56584,0.04,1.12047487071487,90,open,,,,,0.08,-0.04,-0.0021230923046937,1.0848423709559574,0.15,lp|holders,0.0037650735878236,0xb2b92b56988a4edbe255989792c6ea239b25eaf66b42093145cbf8f630db3a17
2026-10-10 08:00:00+00:00,dex_day,2,robinhood:0x20024e485c0b22b42855589700721b28320a7777,2.7,Avoid - watch only,0.31794,0.3,0.0027275232917118,90,open,,,,,0.5999999999999999,-0.3,0.0102637955045246,0.8215872430519813,0.05,lp,0.0197496061157485,0x126a9f6ee2e4be592c3520579ba9b48327a3d5e0
2026-10-10 08:00:00+00:00,dex_day,3,robinhood:0x5d102d1e69e77591d486aa4f663b3645151bbdf6,2.6,Avoid - watch only,0.40814,0.12007,0.0080956382465009,90,open,,,,,0.240148645804423,-0.1200743229022115,-0.0685922631847981,0.9414204766020664,0.0,none,0.0195961282724366,0x02d356acd227e12a9573f0499f133c6e3b0af1c9
2026-10-10 08:00:00+00:00,dex_day,4,ethereum:0xe0f63a424a4439cbe457d80e4f4b51ad25b2c56c,2.2,Avoid - watch only,0.44306,0.04959,0.374829382175779,90,open,,,,,0.0991868552237742,-0.0495934276118871,0.0150902862007059,0.5018144476198946,0.0,none,0.0085362380300693,0x52c77b0cb827afbad022e6d6caf2c44452edbc39
2026-10-10 08:00:00+00:00,dex_day,5,robinhood:0x39dbed3a2bd333467115de45665cc57f813c4571,2.0,Avoid - watch only,0.45708,0.08885,0.350994606428867,90,open,,,,,0.177693186073935,-0.0888465930369674,-0.0085874176738292,0.6462228151017102,0.05,lp,0.0185910292302514,0x4be9657ec9002e528f4f17a5c43edc525a07f888f7b180c2afbf75e096c4f38a
2026-10-10 09:00:00+00:00,dex_short,1,robinhood:0x20024e485c0b22b42855589700721b28320a7777,1.6,Avoid - watch only,0.32345,0.1433,0.0028391258321042,90,closed,time_limit,0.175412081914056,4.0,-0.0018855154125022,0.2866086001754719,-0.1433043000877361,-0.0257946205931309,0.8323527253072084,0.05,lp,0.0192282845481241,0x126a9f6ee2e4be592c3520579ba9b48327a3d5e0
2026-10-10 09:00:00+00:00,dex_short,2,ethereum:0x1abaea1f7c830bd89acc67ec4af516284b1bc33c,1.2,Avoid - watch only,0.56327,0.02,1.11894015848648,90,closed,time_limit,-0.0018977666527612,4.0,0.0135270345393086,0.04,-0.02,-0.0030805506323042,0.8632142039090018,0.15,lp|holders,0.0038157345963132,0xb2b92b56988a4edbe255989792c6ea239b25eaf66b42093145cbf8f630db3a17
2026-10-10 09:00:00+00:00,dex_short,3,ethereum:0xfaba6f8e4a5e8ab82f62fe7c39859fa577269be3,0.6,Avoid - watch only,0.47812,0.03275,0.493675800233481,90,closed,time_limit,-0.0021094882715579,4.0,0.0085790614869477,0.0654949088254595,-0.0327474544127297,0.0082122989625951,0.7933947572673026,0.15,lp|holders,0.0087637076486741,0x7b1e5d984a43ee732de195628d20d05cfabc3cc7
2026-10-10 09:00:00+00:00,dex_short,4,robinhood:0x5d102d1e69e77591d486aa4f663b3645151bbdf6,0.5,Avoid - watch only,0.41566,0.04814,0.008153323707271,90,closed,time_limit,-0.0285504801450554,4.0,-0.0017278684201161,0.0962826896345627,-0.0481413448172813,-0.0611066450670021,0.9525539612818794,0.0,none,0.019070637555738,0x02d356acd227e12a9573f0499f133c6e3b0af1c9
2026-10-10 09:00:00+00:00,dex_short,5,ethereum:0x62d0a8458ed7719fdaf978fe5929c6d342b0bfce,0.3,Avoid - watch only,0.46765,0.02568,0.0025818064592474,90,closed,time_limit,0.0148344342781552,4.0,0.0086497516093593,0.0513691733202152,-0.0256845866601076,-0.0624913286089201,0.5817615801650141,0.15,lp|holders,0.0086930175262625,0x180efc1349a69390ade25667487a826164c9c6e4
2026-10-10 09:00:00+00:00,dex_day,1,robinhood:0x20024e485c0b22b42855589700721b28320a7777,3.3,Avoid - watch only,0.35704,0.3,0.0028391258321042,90,open,,,,,0.6000000000000001,-0.3000000000000001,-0.0257946205931309,0.8323527253072084,0.05,lp,0.0192282845481241,0x126a9f6ee2e4be592c3520579ba9b48327a3d5e0
2026-10-10 09:00:00+00:00,dex_day,2,ethereum:0x1abaea1f7c830bd89acc67ec4af516284b1bc33c,3.0,Avoid - watch only,0.56249,0.04,1.11894015848648,90,open,,,,,0.08,-0.04,-0.0030805506323042,0.8632142039090018,0.15,lp|holders,0.0038157345963132,0xb2b92b56988a4edbe255989792c6ea239b25eaf66b42093145cbf8f630db3a17
2026-10-10 09:00:00+00:00,dex_day,3,robinhood:0x5d102d1e69e77591d486aa4f663b3645151bbdf6,2.0,Avoid - watch only,0.36952,0.11792,0.008153323707271,90,open,,,,,0.2358434606674377,-0.1179217303337188,-0.0611066450670021,0.9525539612818794,0.0,none,0.019070637555738,0x02d356acd227e12a9573f0499f133c6e3b0af1c9
2026-10-10 09:00:00+00:00,dex_day,4,robinhood:0x39dbed3a2bd333467115de45665cc57f813c4571,1.8,Avoid - watch only,0.44301,0.08726,0.353128224478331,90,open,,,,,0.1745268558307375,-0.0872634279153687,0.0038526705118744,0.6744182726453158,0.05,lp,0.0180687126453901,0x4be9657ec9002e528f4f17a5c43edc525a07f888f7b180c2afbf75e096c4f38a
2026-10-10 09:00:00+00:00,dex_day,5,ethereum:0xfaba6f8e4a5e8ab82f62fe7c39859fa577269be3,1.5,Avoid - watch only,0.41676,0.08021,0.493675800233481,90,open,,,,,0.1604291073724824,-0.0802145536862412,0.0082122989625951,0.7933947572673026,0.15,lp|holders,0.0087637076486741,0x7b1e5d984a43ee732de195628d20d05cfabc3cc7
2026-10-10 10:00:00+00:00,dex_short,1,robinhood:0x20024e485c0b22b42855589700721b28320a7777,1.8,Avoid - watch only,0.34889,0.14464,0.0026167028615033,90,closed,take_profit,0.2700058103168135,3.0,0.1145708989847395,0.2892809564050718,-0.144640478202536,-0.0614472494095332,0.8511485584587666,0.05,lp,0.0192751460882583,0x126a9f6ee2e4be592c3520579ba9b48327a3d5e0
2026-10-10 10:00:00+00:00,dex_short,2,ethereum:0x1abaea1f7c830bd89acc67ec4af516284b1bc33c,0.6,Avoid - watch only,0.58968,0.02,1.11946477721144,90,closed,time_limit,-0.0045655663927877,4.0,0.0204045013462149,0.04,-0.02,-0.0027071095750376,0.5163279810782807,0.3,liq_jump|lp|holders,0.0038267585463091,0xb2b92b56988a4edbe255989792c6ea239b25eaf66b42093145cbf8f630db3a17
2026-10-10 10:00:00+00:00,dex_short,3,ethereum:0xe0f63a424a4439cbe457d80e4f4b51ad25b2c56c,0.4,Avoid - watch only,0.52927,0.02,0.369956754698313,90,closed,time_limit,-0.0014157654229888,4.0,0.0156311229920487,0.04,-0.02,0.0164329113138886,0.4968452568714101,0.0,none,0.0086001369004753,0x52c77b0cb827afbad022e6d6caf2c44452edbc39
2026-10-10 10:00:00+00:00,dex_short,4,ethereum:0xfaba6f8e4a5e8ab82f62fe7c39859fa577269be3,0.4,Avoid - watch only,0.48645,0.03214,0.491622664387917,90,closed,time_limit,0.0032884924474589,4.0,0.0154392028830021,0.0642710372604034,-0.0321355186302017,0.0202953967655201,0.7821609772265874,0.15,lp|holders,0.0087920570095219,0x7b1e5d984a43ee732de195628d20d05cfabc3cc7
2026-10-10 10:00:00+00:00,dex_short,5,robinhood:0x5d102d1e69e77591d486aa4f663b3645151bbdf6,0.4,Avoid - watch only,0.41853,0.04715,0.0081450151580071,90,closed,time_limit,-0.0060845164970338,4.0,0.0051598404305938,0.0942978824114999,-0.0471489412057499,-0.0676455725784821,0.9509207879377328,0.05,lp,0.0190714194619302,0x02d356acd227e12a9573f0499f133c6e3b0af1c9
2026-10-10 10:00:00+00:00,dex_day,1,robinhood:0x20024e485c0b22b42855589700721b28320a7777,3.2,Avoid - watch only,0.35161,0.3,0.0026167028615033,90,open,,,,,0.6000000000000001,-0.3,-0.0614472494095332,0.8511485584587666,0.05,lp,0.0192751460882583,0x126a9f6ee2e4be592c3520579ba9b48327a3d5e0
2026-10-10 10:00:00+00:00,dex_day,2,ethereum:0xe0f63a424a4439cbe457d80e4f4b51ad25b2c56c,2.4,Avoid - watch only,0.50902,0.0484,0.369956754698313,90,open,,,,,0.0968076109969795,-0.0484038054984897,0.0164329113138886,0.4968452568714101,0.0,none,0.0086001369004753,0x52c77b0cb827afbad022e6d6caf2c44452edbc39
2026-10-10 10:00:00+00:00,dex_day,3,robinhood:0x5d102d1e69e77591d486aa4f663b3645151bbdf6,1.6,Avoid - watch only,0.37811,0.11549,0.0081450151580071,90,open,,,,,0.2309816957331436,-0.1154908478665718,-0.0676455725784821,0.9509207879377328,0.05,lp,0.0190714194619302,0x02d356acd227e12a9573f0499f133c6e3b0af1c9
2026-10-10 10:00:00+00:00,dex_day,4,ethereum:0x1abaea1f7c830bd89acc67ec4af516284b1bc33c,1.4,Avoid - watch only,0.56001,0.04,1.11946477721144,90,open,,,,,0.08,-0.0400000000000001,-0.0027071095750376,0.5163279810782807,0.3,liq_jump|lp|holders,0.0038267585463091,0xb2b92b56988a4edbe255989792c6ea239b25eaf66b42093145cbf8f630db3a17
2026-10-10 10:00:00+00:00,dex_day,5,ethereum:0x62d0a8458ed7719fdaf978fe5929c6d342b0bfce,1.4,Avoid - watch only,0.44276,0.06294,0.0026146684071753,90,open,,,,,0.1258740700574097,-0.0629370350287049,-0.0093175597723895,0.4249479944703338,0.15,lp|holders,0.0087128741636071,0x180efc1349a69390ade25667487a826164c9c6e4
2026-10-10 10:00:00+00:00,dex_short,1,ethereum:0xa606d433971e9ee140e234daa7c94c476e10ead1,2.2,Avoid - watch only,0.41284,0.15,0.0085549690713804,90,closed,safety_exit,-0.1595302313903994,2.0,0.0069820401295196,0.3,-0.15,-0.6807674341103445,0.6441016747184587,0.15,external_call|wash,0.0095302313903994,0xc2da8a7f8233112dc5b216de23c4308063eaa631
2026-10-10 11:00:00+00:00,dex_short,2,robinhood:0x20024e485c0b22b42855589700721b28320a7777,1.5,Avoid - watch only,0.36983,0.14615,0.0028693277556281,90,closed,time_limit,0.1179830864330923,4.0,-0.0114473172753226,0.2922917344987714,-0.1461458672493857,0.0963962045795607,0.8580730013311133,0.05,lp,0.0191980226155162,0x126a9f6ee2e4be592c3520579ba9b48327a3d5e0
2026-10-10 11:00:00+00:00,dex_short,3,ethereum:0xe0f63a424a4439cbe457d80e4f4b51ad25b2c56c,0.7,Avoid - watch only,0.5451,0.02,0.368755142455921,90,closed,time_limit,0.0019591981945551,4.0,-0.0008035596726732,0.04,-0.02,-0.0083421315666341,0.4294209195880161,0.0,none,0.0085542650128668,0x52c77b0cb827afbad022e6d6caf2c44452edbc39
2026-10-10 11:00:00+00:00,dex_short,4,ethereum:0xfaba6f8e4a5e8ab82f62fe7c39859fa577269be3,0.3,Avoid - watch only,0.42006,0.03262,0.502597021239854,90,closed,time_limit,-0.0194749271508318,4.0,-0.0009814853146369,0.0652330429859675,-0.0326165214929837,0.0223361194340562,0.7608675854103769,0.15,lp|holders,0.0087321906548305,0x7b1e5d984a43ee732de195628d20d05cfabc3cc7
2026-10-10 11:00:00+00:00,dex_short,5,ethereum:0x6982508145454ce325ddbe47a25d4ec3d2311933,0.1,Avoid - watch only,0.44311,0.02,4.03330464794488e-06,90,closed,time_limit,-0.0097207059857973,4.0,-0.0007815124965565,0.04,-0.0199999999999999,0.0277110778527127,0.6281040300530635,0.15,lp|holders,0.0085322178367501,0xa43fe16908251ee70ef74718545e4fe6c5ccec9f
2026-10-10 11:00:00+00:00,dex_day,1,ethereum:0xe0f63a424a4439cbe457d80e4f4b51ad25b2c56c,3.4,Avoid - watch only,0.52972,0.04748,0.368755142455921,90,open,,,,,0.0949626542102817,-0.0474813271051408,-0.0083421315666341,0.4294209195880161,0.0,none,0.0085542650128668,0x52c77b0cb827afbad022e6d6caf2c44452edbc39
2026-10-10 11:00:00+00:00,dex_day,2,robinhood:0x20024e485c0b22b42855589700721b28320a7777,2.5,Avoid - watch only,0.35585,0.3,0.0028693277556281,90,open,,,,,0.6000000000000001,-0.3,0.0963962045795607,0.8580730013311133,0.05,lp,0.0191980226155162,0x126a9f6ee2e4be592c3520579ba9b48327a3d5e0
2026-10-10 10:00:00+00:00,dex_day,3,ethereum:0xa606d433971e9ee140e234daa7c94c476e10ead1,2.1,Avoid - watch only,0.33069,0.3,0.0085549690713804,90,closed,safety_exit,-0.3102874930370797,2.0,-0.185971284974163,0.6000000000000001,-0.3007572616466804,-0.6807674341103445,0.6441016747184587,0.15,external_call|wash,0.0095302313903994,0xc2da8a7f8233112dc5b216de23c4308063eaa631
2026-10-10 11:00:00+00:00,dex_day,4,robinhood:0x39dbed3a2bd333467115de45665cc57f813c4571,1.2,Avoid - watch only,0.43901,0.08449,0.358949346527073,90,open,,,,,0.1689821307828196,-0.0844910653914098,0.0145447529313162,0.6611911372396226,0.05,lp,0.0180717794388837,0x4be9657ec9002e528f4f17a5c43edc525a07f888f7b180c2afbf75e096c4f38a
2026-10-10 11:00:00+00:00,dex_day,5,ethereum:0xfaba6f8e4a5e8ab82f62fe7c39859fa577269be3,0.9,Avoid - watch only,0.40005,0.07989,0.502597021239854,90,open,,,,,0.1597876696846614,-0.0798938348423307,0.0223361194340562,0.7608675854103769,0.15,lp|holders,0.0087321906548305,0x7b1e5d984a43ee732de195628d20d05cfabc3cc7
2026-10-10 12:00:00+00:00,dex_short,1,robinhood:0x20024e485c0b22b42855589700721b28320a7777,1.5,Avoid - watch only,0.36628,0.14692,0.0031359158237773,90,closed,time_limit,-0.0042786796239183,4.0,-0.0262798757224565,0.2938397353630642,-0.1469198676815321,0.1743092028164561,0.9444939872809704,0.05,lp,0.0191356076998353,0x126a9f6ee2e4be592c3520579ba9b48327a3d5e0
2026-10-10 12:00:00+00:00,dex_short,2,ethereum:0xfaba6f8e4a5e8ab82f62fe7c39859fa577269be3,0.4,Avoid - watch only,0.47176,0.03208,0.49961165358388,90,closed,time_limit,-0.0230901825663661,4.0,-0.0158518682242736,0.0641689543248205,-0.0320844771624102,0.0339778084945099,0.7433700268532524,0.15,lp|holders,0.0087076002016524,0x7b1e5d984a43ee732de195628d20d05cfabc3cc7
2026-10-10 12:00:00+00:00,dex_short,3,ethereum:0x62d0a8458ed7719fdaf978fe5929c6d342b0bfce,0.3,Avoid - watch only,0.45775,0.02476,0.0026372591182778,90,closed,time_limit,-0.0067596212221228,4.0,-0.0157843405649043,0.0495168536440426,-0.0247584268220212,-0.0001999108237971,0.4103193455272448,0.15,lp|holders,0.0086400725422831,0x180efc1349a69390ade25667487a826164c9c6e4
2026-10-10 12:00:00+00:00,dex_short,4,ethereum:0xe0f63a424a4439cbe457d80e4f4b51ad25b2c56c,0.2,Avoid - watch only,0.47946,0.02,0.371404382398147,90,closed,time_limit,-0.0079155153906387,4.0,-0.0156726254690034,0.04,-0.0231374430880247,0.0025171872922632,0.3953162265254194,0.1,holders,0.0085283574463822,0x52c77b0cb827afbad022e6d6caf2c44452edbc39
2026-10-10 12:00:00+00:00,dex_short,5,ethereum:0x812ba41e071c7b7fa4ebcfb62df5f45f6fa853ee,0.2,Avoid - watch only,0.47828,0.02071,8.51677087657888e-05,90,closed,time_limit,0.0017059475648059,4.0,-0.0157500404824778,0.0414241706068754,-0.0207120853034377,0.0384692438706313,0.9419515647994522,0.1,holders,0.0086057724598566,0xc555d55279023e732ccd32d812114caf5838fd46
2026-10-10 12:00:00+00:00,dex_day,1,robinhood:0x20024e485c0b22b42855589700721b28320a7777,2.6,Avoid - watch only,0.35602,0.3,0.0031359158237773,90,open,,,,,0.6000000000000001,-0.3,0.1743092028164561,0.9444939872809704,0.05,lp,0.0191356076998353,0x126a9f6ee2e4be592c3520579ba9b48327a3d5e0
2026-10-10 12:00:00+00:00,dex_day,2,ethereum:0xe0f63a424a4439cbe457d80e4f4b51ad25b2c56c,2.1,Avoid - watch only,0.52028,0.04712,0.371404382398147,90,open,,,,,0.0942479205783948,-0.0471239602891974,0.0025171872922632,0.3953162265254194,0.1,holders,0.0085283574463822,0x52c77b0cb827afbad022e6d6caf2c44452edbc39
2026-10-10 12:00:00+00:00,dex_day,3,ethereum:0x812ba41e071c7b7fa4ebcfb62df5f45f6fa853ee,1.2,Avoid - watch only,0.46526,0.05073,8.51677087657888e-05,90,open,,,,,0.101468081004842,-0.050734040502421,0.0384692438706313,0.9419515647994522,0.1,holders,0.0086057724598566,0xc555d55279023e732ccd32d812114caf5838fd46
2026-10-10 12:00:00+00:00,dex_day,4,ethereum:0x62d0a8458ed7719fdaf978fe5929c6d342b0bfce,1.2,Avoid - watch only,0.42968,0.06065,0.0026372591182778,90,open,,,,,0.1212910250959786,-0.0606455125479893,-0.0001999108237971,0.4103193455272448,0.15,lp|holders,0.0086400725422831,0x180efc1349a69390ade25667487a826164c9c6e4
2026-10-10 12:00:00+00:00,dex_day,5,robinhood:0x39dbed3a2bd333467115de45665cc57f813c4571,1.2,Avoid - watch only,0.41894,0.09024,0.372492852760942,90,open,,,,,0.1804747378293925,-0.0902373689146961,0.073951408260266,0.6869003661506726,0.05,lp,0.0180668840545295,0x4be9657ec9002e528f4f17a5c43edc525a07f888f7b180c2afbf75e096c4f38a
2026-10-10 12:00:00+00:00,dex_short,1,ethereum:0xa606d433971e9ee140e234daa7c94c476e10ead1,2.4,Avoid - watch only,0.33336,0.15,0.0084625738820708,90,closed,safety_exit,-0.1597311608855316,1.0,-0.0239607750306934,0.3,-0.15,-0.0216499824496674,0.5992600090572642,0.05,external_call,0.0097311608855316,0xc2da8a7f8233112dc5b216de23c4308063eaa631
2026-10-10 13:00:00+00:00,dex_short,2,ethereum:0xe0f63a424a4439cbe457d80e4f4b51ad25b2c56c,0.5,Avoid - watch only,0.51384,0.02,0.371562036721174,90,closed,time_limit,-0.0104165999265547,4.0,-0.0160440752061476,0.04,-0.0235519273191356,0.0016081711591058,0.3862954485753149,0.0,none,0.0087554164311289,0x52c77b0cb827afbad022e6d6caf2c44452edbc39
2026-10-10 13:00:00+00:00,dex_short,3,ethereum:0x1abaea1f7c830bd89acc67ec4af516284b1bc33c,0.4,Avoid - watch only,0.53634,0.02,1.12108624984121,90,closed,time_limit,-0.0054938897963128,4.0,-0.0111345341709037,0.04,-0.0199999999999999,4.425408435072831e-05,0.3706693904291325,0.3,liq_jump|lp|holders,0.003845875395885,0xb2b92b56988a4edbe255989792c6ea239b25eaf66b42093145cbf8f630db3a17
2026-10-10 13:00:00+00:00,dex_short,4,robinhood:0x5d102d1e69e77591d486aa4f663b3645151bbdf6,0.4,Avoid - watch only,0.43637,0.04472,0.0080760314819464,90,closed,time_limit,-0.0322882183817,4.0,-0.0263604780730036,0.089442772320732,-0.044721386160366,-0.0840748953915415,0.9652895434697149,0.05,lp,0.0190718192979849,0x02d356acd227e12a9573f0499f133c6e3b0af1c9
2026-10-10 13:00:00+00:00,dex_short,5,ethereum:0xfaba6f8e4a5e8ab82f62fe7c39859fa577269be3,0.3,Avoid - watch only,0.46725,0.03153,0.496960827309408,90,closed,time_limit,-0.0172032410303312,4.0,-0.0162220712206449,0.0630641854448341,-0.031532092722417,0.0259749010098424,0.7214692629832122,0.15,lp|holders,0.0089334124456262,0x7b1e5d984a43ee732de195628d20d05cfabc3cc7
2026-10-10 13:00:00+00:00,dex_day,1,ethereum:0xe0f63a424a4439cbe457d80e4f4b51ad25b2c56c,3.1,Avoid - watch only,0.52058,0.04616,0.371562036721174,90,open,,,,,0.0923157310972797,-0.0461578655486398,0.0016081711591058,0.3862954485753149,0.0,none,0.0087554164311289,0x52c77b0cb827afbad022e6d6caf2c44452edbc39
2026-10-10 12:00:00+00:00,dex_day,2,ethereum:0xa606d433971e9ee140e234daa7c94c476e10ead1,2.5,Avoid - watch only,0.2746,0.3,0.0084625738820708,90,closed,safety_exit,-0.3097311608855316,1.0,-0.3097311608855316,0.6000000000000001,-0.3,-0.0216499824496674,0.5992600090572642,0.05,external_call,0.0097311608855316,0xc2da8a7f8233112dc5b216de23c4308063eaa631
2026-10-10 13:00:00+00:00,dex_day,3,robinhood:0x5d102d1e69e77591d486aa4f663b3645151bbdf6,1.7,Avoid - watch only,0.38698,0.10954,0.0080760314819464,90,open,,,,,0.219089153365724,-0.109544576682862,-0.0840748953915415,0.9652895434697149,0.05,lp,0.0190718192979849,0x02d356acd227e12a9573f0499f133c6e3b0af1c9
2026-10-10 13:00:00+00:00,dex_day,4,ethereum:0x1abaea1f7c830bd89acc67ec4af516284b1bc33c,1.2,Avoid - watch only,0.53758,0.04,1.12108624984121,90,open,,,,,0.08,-0.0400000000000001,4.425408435072831e-05,0.3706693904291325,0.3,liq_jump|lp|holders,0.003845875395885,0xb2b92b56988a4edbe255989792c6ea239b25eaf66b42093145cbf8f630db3a17
2026-10-10 13:00:00+00:00,dex_day,5,robinhood:0x39dbed3a2bd333467115de45665cc57f813c4571,1.2,Avoid - watch only,0.4169,0.08839,0.37262081509762,90,open,,,,,0.1767760683086299,-0.0883880341543149,0.0908315291957972,0.7026112545640374,0.05,lp,0.0181123351030009,0x4be9657ec9002e528f4f17a5c43edc525a07f888f7b180c2afbf75e096c4f38a
2026-10-10 14:00:00+00:00,dex_short,2,robinhood:0x20024e485c0b22b42855589700721b28320a7777,1.5,Avoid - watch only,0.36628,0.1436,0.0033866627168623,86,closed,time_limit,-0.0301144530485729,4.0,-0.0309073003072472,0.2872011058999248,-0.1436005529499624,0.2469909950627684,1.0998912304530102,0.05,lp,0.0190443420637022,0x126a9f6ee2e4be592c3520579ba9b48327a3d5e0
2026-10-10 14:00:00+00:00,dex_short,3,ethereum:0x1abaea1f7c830bd89acc67ec4af516284b1bc33c,0.5,Avoid - watch only,0.56562,0.02,1.11863770785018,86,closed,time_limit,-0.004239136333061,4.0,-0.0162108588797992,0.04,-0.02,-0.0016824130280656,0.3502793426038156,0.3,liq_jump|lp|holders,0.0043479006362542,0xb2b92b56988a4edbe255989792c6ea239b25eaf66b42093145cbf8f630db3a17
2026-10-10 14:00:00+00:00,dex_short,4,ethereum:0xfaba6f8e4a5e8ab82f62fe7c39859fa577269be3,0.3,Avoid - watch only,0.44949,0.03088,0.497561736299228,86,closed,time_limit,-0.0031854875707171,4.0,-0.0213094257968094,0.0617640491912683,-0.0308820245956341,0.0339270628968604,0.698878152618838,0.15,lp|holders,0.0094464675532644,0x7b1e5d984a43ee732de195628d20d05cfabc3cc7
2026-10-10 14:00:00+00:00,dex_short,5,robinhood:0x5d102d1e69e77591d486aa4f663b3645151bbdf6,0.3,Avoid - watch only,0.37908,0.04476,0.0082507936795118,86,closed,time_limit,-0.0424536133508275,4.0,-0.0309216214705004,0.0886225433443916,-0.0447550567527785,-0.0673069574080971,0.9733353949365294,0.0,none,0.0190586632269554,0x02d356acd227e12a9573f0499f133c6e3b0af1c9
2026-10-10 14:00:00+00:00,dex_day,2,robinhood:0x20024e485c0b22b42855589700721b28320a7777,2.1,Avoid - watch only,0.32813,0.3,0.0033866627168623,86,open,,,,,0.6000000000000003,-0.3,0.2469909950627684,1.0998912304530102,0.05,lp,0.0190443420637022,0x126a9f6ee2e4be592c3520579ba9b48327a3d5e0
2026-10-10 14:00:00+00:00,dex_day,3,robinhood:0x5d102d1e69e77591d486aa4f663b3645151bbdf6,1.8,Avoid - watch only,0.36326,0.10963,0.0082507936795118,86,open,,,,,0.2192541049072203,-0.1096270524536101,-0.0673069574080971,0.9733353949365294,0.0,none,0.0190586632269554,0x02d356acd227e12a9573f0499f133c6e3b0af1c9
2026-10-10 14:00:00+00:00,dex_day,4,ethereum:0xe0f63a424a4439cbe457d80e4f4b51ad25b2c56c,1.7,Avoid - watch only,0.50913,0.04531,0.372614661454671,86,open,,,,,0.0906173146271736,-0.0453086573135868,-0.0033348421609386,0.3693684166788985,0.1,holders,0.0092651678533823,0x52c77b0cb827afbad022e6d6caf2c44452edbc39
2026-10-10 14:00:00+00:00,dex_day,5,robinhood:0x39dbed3a2bd333467115de45665cc57f813c4571,1.2,Avoid - watch only,0.4091,0.09172,0.369280355748769,86,open,,,,,0.1834369209174691,-0.0952989455991594,0.0644346850839303,0.4801468563243356,0.05,lp,0.0179001531780127,0x486435a1f76cd58193f854c6e6213cd05fd58d637865d02065ff558b387fa6ea
2026-10-10 15:00:00+00:00,dex_short,2,robinhood:0x20024e485c0b22b42855589700721b28320a7777,2.0,Avoid - watch only,0.42592,0.14199,0.0032629453193692,86,closed,time_limit,0.0236601942539767,4.0,-0.0195355371401003,0.2839764751600562,-0.1419882375800281,0.2004339009565292,1.1566493345693745,0.05,lp,0.0191093683675747,0x126a9f6ee2e4be592c3520579ba9b48327a3d5e0
2026-10-10 15:00:00+00:00,dex_short,3,robinhood:0x5d102d1e69e77591d486aa4f663b3645151bbdf6,0.7,Avoid - watch only,0.48256,0.04593,0.0079670306238628,86,closed,time_limit,-0.011184341849862,4.0,-0.0195078150332527,0.0918663236572758,-0.0459331618286379,-0.1015898788831624,1.0189584908186682,0.0,none,0.0190816462607271,0x02d356acd227e12a9573f0499f133c6e3b0af1c9
2026-10-10 15:00:00+00:00,dex_short,4,ethereum:0xe0f63a424a4439cbe457d80e4f4b51ad25b2c56c,0.4,Avoid - watch only,0.45181,0.02,0.372632036078679,86,closed,time_limit,-0.0015064489221672,4.0,-0.0091853450343341,0.04,-0.025,-0.0033585769421434,0.3162217763975645,0.0,none,0.0087591762618085,0x52c77b0cb827afbad022e6d6caf2c44452edbc39
2026-10-10 15:00:00+00:00,dex_short,5,ethereum:0xfaba6f8e4a5e8ab82f62fe7c39859fa577269be3,0.3,Avoid - watch only,0.46468,0.03025,0.497197753876999,86,closed,time_limit,-0.0088221097222198,4.0,-0.0093723735628806,0.0605059044947384,-0.0302529522473692,0.0385526126173582,0.6347144635968018,0.15,lp|holders,0.008946204790355,0x7b1e5d984a43ee732de195628d20d05cfabc3cc7
2026-10-10 15:00:00+00:00,dex_day,1,ethereum:0xe0f63a424a4439cbe457d80e4f4b51ad25b2c56c,3.0,Avoid - watch only,0.51878,0.04437,0.372632036078679,86,open,,,,,0.088749594650251,-0.0443747973251256,-0.0033585769421434,0.3162217763975645,0.0,none,0.0087591762618085,0x52c77b0cb827afbad022e6d6caf2c44452edbc39
2026-10-10 15:00:00+00:00,dex_day,2,robinhood:0x5d102d1e69e77591d486aa4f663b3645151bbdf6,2.6,Avoid - watch only,0.41662,0.11251,0.0079670306238628,86,open,,,,,0.2250256175056968,-0.1125128087528484,-0.1015898788831624,1.0189584908186682,0.0,none,0.0190816462607271,0x02d356acd227e12a9573f0499f133c6e3b0af1c9
2026-10-10 15:00:00+00:00,dex_day,4,robinhood:0x20024e485c0b22b42855589700721b28320a7777,2.1,Avoid - watch only,0.33111,0.3,0.0032629453193692,86,open,,,,,0.6000000000000001,-0.3,0.2004339009565292,1.1566493345693745,0.05,lp,0.0191093683675747,0x126a9f6ee2e4be592c3520579ba9b48327a3d5e0
2026-10-10 15:00:00+00:00,dex_day,5,ethereum:0x7fc66500c84a76ad7e9c93437bfc5ac33e2ddae9,1.1,Avoid - watch only,0.52736,0.04363,171.455843505167,86,open,,,,,0.0872602856183335,-0.0436301428091668,0.0132069480185039,0.9969036316107764,0.15,lp|holders,0.0087880478478174,0x5ab53ee1d50eef2c1dd3d5402789cd27bb52c1bb
2026-10-10 16:00:00+00:00,dex_short,2,robinhood:0x20024e485c0b22b42855589700721b28320a7777,1.8,Avoid - watch only,0.40507,0.13975,0.0031825058996233,86,open,,,,,0.2794922307560812,-0.1397461153780406,0.124846406807114,1.155023598963946,0.05,lp,0.0191258318857087,0x126a9f6ee2e4be592c3520579ba9b48327a3d5e0
2026-10-10 16:00:00+00:00,dex_short,3,ethereum:0x1abaea1f7c830bd89acc67ec4af516284b1bc33c,1.0,Avoid - watch only,0.53895,0.02,1.11847408098343,86,open,,,,,0.04,-0.02,-0.0008033804451807,0.2822523736980346,0.15,lp|holders,0.0038801110923434,0xb2b92b56988a4edbe255989792c6ea239b25eaf66b42093145cbf8f630db3a17
2026-10-10 16:00:00+00:00,dex_short,4,robinhood:0x5d102d1e69e77591d486aa4f663b3645151bbdf6,0.5,Avoid - watch only,0.4635,0.04516,0.0080289001568314,86,open,,,,,0.0903124243837025,-0.0451562121918512,-0.1111124215201702,1.0256612340032216,0.05,lp,0.0190785692861152,0x02d356acd227e12a9573f0499f133c6e3b0af1c9
2026-10-10 16:00:00+00:00,dex_short,5,ethereum:0xfaba6f8e4a5e8ab82f62fe7c39859fa577269be3,0.4,Avoid - watch only,0.52105,0.02993,0.492425947825839,86,open,,,,,0.0598563520543509,-0.0299281760271754,0.0255701933919824,0.5760008736502898,0.15,lp|holders,0.0089605254781292,0x7b1e5d984a43ee732de195628d20d05cfabc3cc7
2026-10-10 16:00:00+00:00,dex_day,1,ethereum:0x1abaea1f7c830bd89acc67ec4af516284b1bc33c,2.9,Avoid - watch only,0.55894,0.04,1.11847408098343,86,open,,,,,0.08,-0.0399999999999999,-0.0008033804451807,0.2822523736980346,0.15,lp|holders,0.0038801110923434,0xb2b92b56988a4edbe255989792c6ea239b25eaf66b42093145cbf8f630db3a17
2026-10-10 16:00:00+00:00,dex_day,3,robinhood:0x20024e485c0b22b42855589700721b28320a7777,2.2,Avoid - watch only,0.33719,0.3,0.0031825058996233,86,open,,,,,0.6000000000000001,-0.3,0.124846406807114,1.155023598963946,0.05,lp,0.0191258318857087,0x126a9f6ee2e4be592c3520579ba9b48327a3d5e0
2026-10-10 16:00:00+00:00,dex_day,4,ethereum:0xe0f63a424a4439cbe457d80e4f4b51ad25b2c56c,1.9,Avoid - watch only,0.52583,0.04353,0.371631994623368,86,open,,,,,0.0870619068498153,-0.0435309534249077,-0.0034604808614203,0.2552138492982865,0.1,holders,0.0087712375419138,0x52c77b0cb827afbad022e6d6caf2c44452edbc39
2026-10-10 16:00:00+00:00,dex_day,5,robinhood:0x5d102d1e69e77591d486aa4f663b3645151bbdf6,1.6,Avoid - watch only,0.38013,0.11061,0.0080289001568314,86,open,,,,,0.2212193571737608,-0.1106096785868804,-0.1111124215201702,1.0256612340032216,0.05,lp,0.0190785692861152,0x02d356acd227e12a9573f0499f133c6e3b0af1c9
2026-10-10 17:00:00+00:00,dex_short,1,robinhood:0x20024e485c0b22b42855589700721b28320a7777,1.9,Avoid - watch only,0.42461,0.13887,0.0034031800212365,86,open,,,,,0.2777448347439142,-0.1388724173719571,0.2298510797226782,1.132870042921001,0.05,lp,0.0190733957169347,0x126a9f6ee2e4be592c3520579ba9b48327a3d5e0
2026-10-10 17:00:00+00:00,dex_short,2,ethereum:0x1abaea1f7c830bd89acc67ec4af516284b1bc33c,0.9,Avoid - watch only,0.51072,0.02,1.11923868355735,86,open,,,,,0.04,-0.0200000000000001,-7.293478992539959e-05,0.2943411517670182,0.15,lp|holders,0.0038650003879914,0xb2b92b56988a4edbe255989792c6ea239b25eaf66b42093145cbf8f630db3a17
2026-10-10 17:00:00+00:00,dex_short,3,ethereum:0xe0f63a424a4439cbe457d80e4f4b51ad25b2c56c,0.5,Avoid - watch only,0.49801,0.02,0.370944803998246,86,open,,,,,0.04,-0.02,-0.0006464676412499,0.2491204776062588,0.0,none,0.0087293980427041,0x52c77b0cb827afbad022e6d6caf2c44452edbc39
2026-10-10 17:00:00+00:00,dex_short,4,robinhood:0x5d102d1e69e77591d486aa4f663b3645151bbdf6,0.5,Avoid - watch only,0.4847,0.04429,0.0079692954268683,86,open,,,,,0.0885713416882612,-0.0442856708441306,-0.0214950582969661,0.7696059917895248,0.05,lp,0.0190780596896503,0x02d356acd227e12a9573f0499f133c6e3b0af1c9
2026-10-10 17:00:00+00:00,dex_short,5,ethereum:0xfaba6f8e4a5e8ab82f62fe7c39859fa577269be3,0.3,Avoid - watch only,0.47885,0.02931,0.492851046454246,86,open,,,,,0.0586228737019494,-0.0293114368509747,0.026652082725617,0.5598021882963187,0.15,lp|holders,0.0089175041208717,0x7b1e5d984a43ee732de195628d20d05cfabc3cc7
2026-10-10 17:00:00+00:00,dex_day,1,ethereum:0xe0f63a424a4439cbe457d80e4f4b51ad25b2c56c,3.0,Avoid - watch only,0.53095,0.04266,0.370944803998246,86,open,,,,,0.0853242501143489,-0.0426621250571744,-0.0006464676412499,0.2491204776062588,0.0,none,0.0087293980427041,0x52c77b0cb827afbad022e6d6caf2c44452edbc39
2026-10-10 17:00:00+00:00,dex_day,2,ethereum:0x1abaea1f7c830bd89acc67ec4af516284b1bc33c,2.8,Avoid - watch only,0.55475,0.04,1.11923868355735,86,open,,,,,0.08,-0.04,-7.293478992539959e-05,0.2943411517670182,0.15,lp|holders,0.0038650003879914,0xb2b92b56988a4edbe255989792c6ea239b25eaf66b42093145cbf8f630db3a17
2026-10-10 17:00:00+00:00,dex_day,3,robinhood:0x20024e485c0b22b42855589700721b28320a7777,1.9,Avoid - watch only,0.31645,0.3,0.0034031800212365,86,open,,,,,0.6000000000000001,-0.3,0.2298510797226782,1.132870042921001,0.05,lp,0.0190733957169347,0x126a9f6ee2e4be592c3520579ba9b48327a3d5e0
2026-10-10 17:00:00+00:00,dex_day,4,ethereum:0x62d0a8458ed7719fdaf978fe5929c6d342b0bfce,1.5,Avoid - watch only,0.48381,0.05499,0.0026425647711812,86,open,,,,,0.1099733192057563,-0.0567875470140963,-0.0226552524368379,0.359529262794704,0.15,lp|holders,0.008841367396464,0x180efc1349a69390ade25667487a826164c9c6e4
2026-10-10 17:00:00+00:00,dex_day,5,robinhood:0x5d102d1e69e77591d486aa4f663b3645151bbdf6,1.4,Avoid - watch only,0.37236,0.10848,0.0079692954268683,86,open,,,,,0.2169545929699399,-0.1084772964849699,-0.0214950582969661,0.7696059917895248,0.05,lp,0.0190780596896503,0x02d356acd227e12a9573f0499f133c6e3b0af1c9
2026-10-10 18:00:00+00:00,dex_short,1,robinhood:0x20024e485c0b22b42855589700721b28320a7777,1.2,Avoid - watch only,0.48192,0.13642,0.0033491719847183,86,open,,,,,0.272848412551419,-0.1364242062757095,0.4831682720068242,0.993777512830932,0.05,lp,0.0190857800917929,0x126a9f6ee2e4be592c3520579ba9b48327a3d5e0
2026-10-10 18:00:00+00:00,dex_short,2,ethereum:0x1abaea1f7c830bd89acc67ec4af516284b1bc33c,0.9,Avoid - watch only,0.51423,0.02,1.118759375701,86,open,,,,,0.04,-0.0200000000000001,-0.0004872244434201,0.3139165741780506,0.15,lp|holders,0.0039643986275092,0xb2b92b56988a4edbe255989792c6ea239b25eaf66b42093145cbf8f630db3a17
2026-10-10 18:00:00+00:00,dex_short,3,robinhood:0x5d102d1e69e77591d486aa4f663b3645151bbdf6,0.5,Avoid - watch only,0.44561,0.04368,0.0080577667728972,86,open,,,,,0.087359831957779,-0.0436799159788895,-0.0123104454262996,0.7800126111774139,0.0,none,0.0190703996185725,0x02d356acd227e12a9573f0499f133c6e3b0af1c9
2026-10-10 18:00:00+00:00,dex_short,4,ethereum:0xe0f63a424a4439cbe457d80e4f4b51ad25b2c56c,0.3,Avoid - watch only,0.48534,0.02,0.371320614313528,86,open,,,,,0.04,-0.0229170677515252,0.0107389225433539,0.2456471003601933,0.0,none,0.0086377182008629,0x52c77b0cb827afbad022e6d6caf2c44452edbc39
2026-10-10 18:00:00+00:00,dex_short,5,ethereum:0x7fc66500c84a76ad7e9c93437bfc5ac33e2ddae9,0.2,Avoid - watch only,0.49829,0.02,170.566769102334,86,open,,,,,0.04,-0.0249999999999999,0.0124810581172427,0.9146251396449308,0.15,lp|holders,0.0086666322095436,0x5ab53ee1d50eef2c1dd3d5402789cd27bb52c1bb
2026-10-10 18:00:00+00:00,dex_day,1,ethereum:0x1abaea1f7c830bd89acc67ec4af516284b1bc33c,2.7,Avoid - watch only,0.5433,0.04,1.118759375701,86,open,,,,,0.08,-0.04,-0.0004872244434201,0.3139165741780506,0.15,lp|holders,0.0039643986275092,0xb2b92b56988a4edbe255989792c6ea239b25eaf66b42093145cbf8f630db3a17
2026-10-10 18:00:00+00:00,dex_day,2,ethereum:0xe0f63a424a4439cbe457d80e4f4b51ad25b2c56c,2.4,Avoid - watch only,0.53936,0.0418,0.371320614313528,86,open,,,,,0.0836053158671557,-0.0418026579335779,0.0107389225433539,0.2456471003601933,0.0,none,0.0086377182008629,0x52c77b0cb827afbad022e6d6caf2c44452edbc39
2026-10-10 18:00:00+00:00,dex_day,3,robinhood:0x5d102d1e69e77591d486aa4f663b3645151bbdf6,1.7,Avoid - watch only,0.3654,0.10699,0.0080577667728972,86,open,,,,,0.2139870123118421,-0.106993506155921,-0.0123104454262996,0.7800126111774139,0.0,none,0.0190703996185725,0x02d356acd227e12a9573f0499f133c6e3b0af1c9
2026-10-10 18:00:00+00:00,dex_day,4,ethereum:0x62d0a8458ed7719fdaf978fe5929c6d342b0bfce,1.4,Avoid - watch only,0.46772,0.05501,0.002674124658618,86,open,,,,,0.1100183788482958,-0.0550091894241479,-0.0099173582984333,0.3549001700715187,0.15,lp|holders,0.0087485035321074,0x180efc1349a69390ade25667487a826164c9c6e4
2026-10-10 18:00:00+00:00,dex_day,5,robinhood:0x39dbed3a2bd333467115de45665cc57f813c4571,1.2,Avoid - watch only,0.42963,0.08617,0.362565471161852,86,open,,,,,0.1723423310456733,-0.0861711655228366,0.0585396598461323,0.5408849370696683,0.05,lp,0.0179008768643466,0x486435a1f76cd58193f854c6e6213cd05fd58d637865d02065ff558b387fa6ea
2026-10-10 19:00:00+00:00,dex_short,1,robinhood:0x20024e485c0b22b42855589700721b28320a7777,0.5,Avoid - watch only,0.4734,0.13363,0.0034025000635366,86,open,,,,,0.2672692425051615,-0.1336346212525807,0.5153962925061144,0.97384727500278,0.2,liq_jump|lp,0.0190721350050864,0x126a9f6ee2e4be592c3520579ba9b48327a3d5e0
2026-10-10 19:00:00+00:00,dex_short,2,robinhood:0x5d102d1e69e77591d486aa4f663b3645151bbdf6,0.5,Avoid - watch only,0.45513,0.04279,0.0080299486899501,86,open,,,,,0.0855747323155109,-0.0427873661577554,-0.008172171337673,0.7607364905087565,0.0,none,0.0190742279096164,0x02d356acd227e12a9573f0499f133c6e3b0af1c9
2026-10-10 19:00:00+00:00,dex_short,3,ethereum:0xe0f63a424a4439cbe457d80e4f4b51ad25b2c56c,0.1,Avoid - watch only,0.4398,0.02,0.375334634634373,86,open,,,,,0.04,-0.0199999999999999,0.024410199628257,0.2324271232107314,0.15,liq_jump,0.0086515593045977,0x52c77b0cb827afbad022e6d6caf2c44452edbc39
2026-10-10 19:00:00+00:00,dex_short,4,ethereum:0x8ed97a637a790be1feff5e888d43629dc05408f6,0.1,Avoid - watch only,0.43944,0.02,0.0222999249850642,86,open,,,,,0.04,-0.02,0.059282519740877,0.611860651027622,0.25,liq_jump|holders,0.0086935106018347,0x69c7bd26512f52bf6f76fab834140d13dda673ca
2026-10-10 19:00:00+00:00,dex_short,5,ethereum:0x812ba41e071c7b7fa4ebcfb62df5f45f6fa853ee,0.1,Avoid - watch only,0.44828,0.02,8.55956267958818e-05,86,open,,,,,0.04,-0.02,0.0452102286891662,0.9213491770235788,0.1,holders,0.0087285459233247,0xc555d55279023e732ccd32d812114caf5838fd46
2026-10-10 19:00:00+00:00,dex_day,1,robinhood:0x5d102d1e69e77591d486aa4f663b3645151bbdf6,1.8,Avoid - watch only,0.37768,0.10481,0.0080299486899501,86,open,,,,,0.20961442904826,-0.10480721452413,-0.008172171337673,0.7607364905087565,0.0,none,0.0190742279096164,0x02d356acd227e12a9573f0499f133c6e3b0af1c9
2026-10-10 19:00:00+00:00,dex_day,2,ethereum:0x62d0a8458ed7719fdaf978fe5929c6d342b0bfce,1.5,Avoid - watch only,0.53329,0.05396,0.002684812083213,86,open,,,,,0.1079210485611741,-0.053960524280587,0.0157023000159117,0.3104883105872525,0.15,lp|holders,0.0087621472237127,0x180efc1349a69390ade25667487a826164c9c6e4
2026-10-10 19:00:00+00:00,dex_day,3,ethereum:0x812ba41e071c7b7fa4ebcfb62df5f45f6fa853ee,1.1,Avoid - watch only,0.47678,0.04617,8.55956267958818e-05,86,open,,,,,0.0923307954370697,-0.0527729951532165,0.0452102286891662,0.9213491770235788,0.1,holders,0.0087285459233247,0xc555d55279023e732ccd32d812114caf5838fd46
2026-10-10 19:00:00+00:00,dex_day,4,robinhood:0x39dbed3a2bd333467115de45665cc57f813c4571,1.1,Avoid - watch only,0.41779,0.0849,0.366145062756018,86,open,,,,,0.1698041186869714,-0.0875520082103368,0.0876161690512447,0.5237705551747184,0.05,lp,0.0179007149708047,0x486435a1f76cd58193f854c6e6213cd05fd58d637865d02065ff558b387fa6ea
2026-10-10 19:00:00+00:00,dex_day,5,ethereum:0xe0f63a424a4439cbe457d80e4f4b51ad25b2c56c,0.9,Avoid - watch only,0.50843,0.04234,0.375334634634373,86,open,,,,,0.0846767470486531,-0.0423383735243265,0.024410199628257,0.2324271232107314,0.15,liq_jump,0.0086515593045977,0x52c77b0cb827afbad022e6d6caf2c44452edbc39
