ts,style,rank,symbol,score,grade,chance_beats_market,risk_unit,price_at_idea,universe_size,status,outcome,net_ret,hours,baseline_ret,tp_pct,sl_pct,pre_ret,vol_surge,integrity_penalty,failed_checks,cost_rt,pool,first_hour_runup,first_hour_runup_base
2026-10-04 12:00:00+00:00,dex_day,1,robinhood:0x2e8c31162b855a2ffa90f6f8634643ad6f111e18,5.3,Weak,0.61642,0.18953,0.114593078830967,60,closed,time_limit,-0.0101670188783667,24.0,-0.004727793327212,0.3790528030334856,-0.1895264015167428,-0.1563255668736864,0.5509541394168647,0.05,lp,0.0262718251644099,0xc4a21f9d6485fc5893dd4a491b320a83daf4da1d,0.0526895527042279,0.0064125179368873
2026-10-04 12:00:00+00:00,dex_day,2,ethereum:0x6982508145454ce325ddbe47a25d4ec3d2311933,1.4,Avoid - watch only,0.5662,0.04,4.28970302791744e-06,60,closed,time_limit,0.0291211246124633,24.0,0.0098982856654847,0.08,-0.0400000000000001,0.0084333387639325,0.2593594884879988,0.15,lp|holders,0.0116457461717131,0xa43fe16908251ee70ef74718545e4fe6c5ccec9f,0.0002520832707726,0.0064125179368873
2026-10-04 12:00:00+00:00,dex_day,3,ethereum:0x56072c95faa701256059aa122697b133aded9279,1.2,Avoid - watch only,0.47861,0.05861,0.0919709120953152,60,closed,time_limit,0.0699309762345527,24.0,0.0096753992180984,0.1172160112768363,-0.0586080056384181,0.0426269615274037,0.7920135979934425,0.15,lp|holders,0.0118686326190994,0x764510ab1d39cf300e7abe8f5b8977d18f290628,0.00683943286763,0.0064125179368873
2026-10-04 12:00:00+00:00,dex_day,4,robinhood:0x39dbed3a2bd333467115de45665cc57f813c4571,1.1,Avoid - watch only,0.34612,0.07474,0.408658955755193,60,closed,safety_exit,-0.0868529636843318,2.0,-0.0868529631832132,0.1494746276239811,-0.0747373138119905,-0.0265059171955248,0.3424211436515419,0.05,lp,0.0121156498723414,0x486435a1f76cd58193f854c6e6213cd05fd58d637865d02065ff558b387fa6ea,0.0104690152393989,0.0064125179368873
2026-10-04 12:00:00+00:00,dex_day,5,ethereum:0xe0f63a424a4439cbe457d80e4f4b51ad25b2c56c,1.0,Avoid - watch only,0.44866,0.04485,0.442729018215592,60,closed,time_limit,0.0088788488976549,24.0,0.0098796173635143,0.089703696864142,-0.044851848432071,0.0156619297481863,0.9442747064684682,0.1,holders,0.0116644144736835,0x52c77b0cb827afbad022e6d6caf2c44452edbc39,0.001614881610739,0.0064125179368873
2026-10-04 12:00:00+00:00,dex_short,1,robinhood:0x2e8c31162b855a2ffa90f6f8634643ad6f111e18,2.3,Avoid - watch only,0.64578,0.07737,0.114593078830967,60,closed,safety_exit,-0.1036456545813878,2.0,-0.0802144301654615,0.1547476588339558,-0.0773738294169779,-0.1563255668736864,0.5509541394168647,0.05,lp,0.0262718251644099,0xc4a21f9d6485fc5893dd4a491b320a83daf4da1d,0.0526895527042279,0.0064125179368873
2026-10-04 12:00:00+00:00,dex_short,2,robinhood:0x39dbed3a2bd333467115de45665cc57f813c4571,0.7,Avoid - watch only,0.48399,0.03051,0.408658955755193,60,closed,safety_exit,-0.0426270304699477,2.0,-0.066058254873393,0.0610227611952127,-0.0305113805976063,-0.0265059171955248,0.3424211436515419,0.05,lp,0.0121156498723414,0x486435a1f76cd58193f854c6e6213cd05fd58d637865d02065ff558b387fa6ea,0.0104690152393989,0.0064125179368873
2026-10-04 12:00:00+00:00,dex_short,3,ethereum:0x62d0a8458ed7719fdaf978fe5929c6d342b0bfce,0.7,Avoid - watch only,0.47443,0.08678,0.0027545162571757,60,closed,time_limit,-0.0566561668931052,4.0,-0.030164388368077,0.1735650628284721,-0.086782531414236,0.2657375456658721,4.640850488148901,0.15,lp|holders,0.011771371397705,0x180efc1349a69390ade25667487a826164c9c6e4,0.0061446976613321,0.0064125179368873
2026-10-04 12:00:00+00:00,dex_short,4,ethereum:0x6982508145454ce325ddbe47a25d4ec3d2311933,0.2,Avoid - watch only,0.51624,0.02,4.28970302791744e-06,60,closed,time_limit,-0.010997697215851,4.0,-0.0300387631420851,0.04,-0.02,0.0084333387639325,0.2593594884879988,0.15,lp|holders,0.0116457461717131,0xa43fe16908251ee70ef74718545e4fe6c5ccec9f,0.0002520832707726,0.0064125179368873
2026-10-04 12:00:00+00:00,dex_short,5,ethereum:0xe0f63a424a4439cbe457d80e4f4b51ad25b2c56c,0.2,Avoid - watch only,0.48006,0.02,0.442729018215592,60,closed,time_limit,-0.0065896608792333,4.0,-0.0300574314440555,0.04,-0.02,0.0156619297481863,0.9442747064684682,0.1,holders,0.0116644144736835,0x52c77b0cb827afbad022e6d6caf2c44452edbc39,0.001614881610739,0.0064125179368873
2026-10-04 14:00:00+00:00,dex_day,1,robinhood:0x2e8c31162b855a2ffa90f6f8634643ad6f111e18,6.3,Moderate,0.6626,0.20226,0.107334454382352,60,closed,time_limit,0.0970466516039618,24.0,0.0141364595846279,0.4045248486639488,-0.2022624243319744,-0.2505458103723159,0.6458789141366705,0.05,lp,0.0262669146394627,0xc4a21f9d6485fc5893dd4a491b320a83daf4da1d,0.0873702386755497,0.0095403591946727
2026-10-04 14:00:00+00:00,dex_day,2,robinhood:0x39dbed3a2bd333467115de45665cc57f813c4571,1.4,Avoid - watch only,0.3754,0.08184,0.388617508051537,60,closed,time_limit,-0.0198596254233575,24.0,0.028279774107728,0.1636817864676372,-0.0818408932338186,-0.0720880077597478,0.4469643815203201,0.05,lp,0.0121236001163626,0x486435a1f76cd58193f854c6e6213cd05fd58d637865d02065ff558b387fa6ea,0.0157041734178731,0.0095403591946727
2026-10-04 14:00:00+00:00,dex_day,3,ethereum:0x62d0a8458ed7719fdaf978fe5929c6d342b0bfce,1.3,Avoid - watch only,0.38098,0.20639,0.0026704822231177,60,closed,time_limit,-0.0718133662836675,24.0,0.0274308200418932,0.4127878349580294,-0.2063939174790147,0.2367560106257968,4.726467623688525,0.15,lp|holders,0.0129725541821974,0x180efc1349a69390ade25667487a826164c9c6e4,0.0,0.0095403591946727
2026-10-04 14:00:00+00:00,dex_day,4,ethereum:0x6982508145454ce325ddbe47a25d4ec3d2311933,1.1,Avoid - watch only,0.55339,0.04,4.29859170688559e-06,60,closed,time_limit,0.0147992409749285,24.0,0.0275602773381435,0.08,-0.0399999999999999,0.0018036027821235,0.2676255241768405,0.15,lp|holders,0.0128430968859471,0xa43fe16908251ee70ef74718545e4fe6c5ccec9f,0.0043173973605545,0.0095403591946727
2026-10-04 14:00:00+00:00,dex_day,5,solana:JUPyiwrYJFskUPiHa7hkeR8VUtAeFoSYbKedZNsDvCN,1.0,Avoid - watch only,0.50185,0.04,0.328047794623789,60,closed,time_limit,0.0051725687064979,24.0,0.0283007038290567,0.08,-0.04,0.0007592356682952,0.8403877865982452,0.12,metadata|holders,0.0121026703950339,C1MgLojNLWBKADvu9BHdtgzz1oZX4dZ5zGdGcgvvW8Wz,0.0117969532407566,0.0095403591946727
2026-10-04 14:00:00+00:00,dex_short,1,robinhood:0x2e8c31162b855a2ffa90f6f8634643ad6f111e18,2.5,Avoid - watch only,0.6451,0.08257,0.107334454382352,60,closed,time_limit,0.0144891641479212,4.0,-0.0374855626676281,0.1651465779172103,-0.082573288958605,-0.2505458103723159,0.6458789141366705,0.05,lp,0.0262669146394627,0xc4a21f9d6485fc5893dd4a491b320a83daf4da1d,0.0873702386755497,0.0095403591946727
2026-10-04 14:00:00+00:00,dex_short,2,ethereum:0x62d0a8458ed7719fdaf978fe5929c6d342b0bfce,1.4,Avoid - watch only,0.47916,0.08426,0.0026704822231177,60,closed,time_limit,-0.0369789914381784,4.0,-0.0241912022103628,0.1685199279458946,-0.0842599639729473,0.2367560106257968,4.726467623688525,0.15,lp|holders,0.0129725541821974,0x180efc1349a69390ade25667487a826164c9c6e4,0.0,0.0095403591946727
2026-10-04 14:00:00+00:00,dex_short,3,robinhood:0x39dbed3a2bd333467115de45665cc57f813c4571,0.9,Avoid - watch only,0.49875,0.03341,0.388617508051537,60,closed,time_limit,-0.0210022772576802,4.0,-0.023342248144528,0.0668228095054839,-0.0334114047527419,-0.0720880077597478,0.4469643815203201,0.05,lp,0.0121236001163626,0x486435a1f76cd58193f854c6e6213cd05fd58d637865d02065ff558b387fa6ea,0.0157041734178731,0.0095403591946727
2026-10-04 14:00:00+00:00,dex_short,4,solana:JUPyiwrYJFskUPiHa7hkeR8VUtAeFoSYbKedZNsDvCN,0.2,Avoid - watch only,0.5128,0.02,0.328047794623789,60,closed,safety_exit,-0.0321026703950339,4.0,-0.0233213184231993,0.04,-0.02,0.0007592356682952,0.8403877865982452,0.12,metadata|holders,0.0121026703950339,C1MgLojNLWBKADvu9BHdtgzz1oZX4dZ5zGdGcgvvW8Wz,0.0117969532407566,0.0095403591946727
2026-10-04 14:00:00+00:00,dex_short,5,ethereum:0x6982508145454ce325ddbe47a25d4ec3d2311933,0.1,Avoid - watch only,0.48134,0.02,4.29859170688559e-06,60,closed,time_limit,-0.0133318469105202,4.0,-0.0240617449141125,0.04,-0.02,0.0018036027821235,0.2676255241768405,0.15,lp|holders,0.0128430968859471,0xa43fe16908251ee70ef74718545e4fe6c5ccec9f,0.0043173973605545,0.0095403591946727
2026-10-04 16:00:00+00:00,dex_day,1,robinhood:0x2e8c31162b855a2ffa90f6f8634643ad6f111e18,4.8,Avoid - watch only,0.58536,0.19967,0.109151752726465,60,closed,time_limit,0.1419287361682572,24.0,0.0087766180212574,0.3993455194988913,-0.1996727597494456,-0.1379577259133273,0.7022404154700095,0.05,lp,0.0262806109810472,0xc4a21f9d6485fc5893dd4a491b320a83daf4da1d,0.0230863000083003,0.009269728164464
2026-10-04 16:00:00+00:00,dex_day,2,ethereum:0xe0f63a424a4439cbe457d80e4f4b51ad25b2c56c,2.3,Avoid - watch only,0.52218,0.04208,0.444975758892149,60,closed,time_limit,-0.0020427153500866,24.0,0.0229393914267157,0.0841624071421573,-0.0420812035710786,0.0174845899976069,0.9231423315212228,0.0,none,0.0121178375755889,0x52c77b0cb827afbad022e6d6caf2c44452edbc39,0.0042996880539658,0.009269728164464
2026-10-04 16:00:00+00:00,dex_day,3,ethereum:0x6982508145454ce325ddbe47a25d4ec3d2311933,1.6,Avoid - watch only,0.58882,0.04,4.29248296548564e-06,60,closed,time_limit,0.0134594792186405,24.0,0.0229580395830983,0.08,-0.04,-0.002057287921712,0.1956492525975599,0.15,lp|holders,0.0120991894192063,0xa43fe16908251ee70ef74718545e4fe6c5ccec9f,0.007500732820254,0.009269728164464
2026-10-04 16:00:00+00:00,dex_day,4,ethereum:0x62d0a8458ed7719fdaf978fe5929c6d342b0bfce,1.1,Avoid - watch only,0.3461,0.19922,0.0026308803582836,60,closed,time_limit,-0.0651997799758426,24.0,0.0228289483746481,0.3984394508147446,-0.1992197254073723,0.225890130371809,4.774005996423019,0.15,lp|holders,0.0122282806276565,0x180efc1349a69390ade25667487a826164c9c6e4,0.0277908093980023,0.009269728164464
2026-10-04 16:00:00+00:00,dex_day,5,ethereum:0x56072c95faa701256059aa122697b133aded9279,1.1,Avoid - watch only,0.47505,0.05475,0.0923031270503544,60,closed,time_limit,-0.0497232853747598,24.0,0.0227374428059959,0.1095050693214321,-0.0547525346607159,0.0446571649081928,0.7488144551660197,0.15,lp|holders,0.0123197861963087,0x764510ab1d39cf300e7abe8f5b8977d18f290628,0.0228917931399257,0.009269728164464
2026-10-04 16:00:00+00:00,dex_short,1,ethereum:0x62d0a8458ed7719fdaf978fe5929c6d342b0bfce,1.8,Avoid - watch only,0.52279,0.08133,0.0026308803582836,60,closed,time_limit,-0.028243939765447,4.0,-0.0048905182854328,0.1626622246484799,-0.08133111232424,0.225890130371809,4.774005996423019,0.15,lp|holders,0.0122282806276565,0x180efc1349a69390ade25667487a826164c9c6e4,0.0277908093980023,0.009269728164464
2026-10-04 16:00:00+00:00,dex_short,2,robinhood:0x2e8c31162b855a2ffa90f6f8634643ad6f111e18,1.5,Avoid - watch only,0.55578,0.08152,0.109151752726465,60,closed,take_profit,0.1367515146587787,4.0,-0.0189428486388235,0.1630321256398259,-0.0815160628199128,-0.1379577259133273,0.7022404154700095,0.05,lp,0.0262806109810472,0xc4a21f9d6485fc5893dd4a491b320a83daf4da1d,0.0230863000083003,0.009269728164464
2026-10-04 16:00:00+00:00,dex_short,3,robinhood:0x39dbed3a2bd333467115de45665cc57f813c4571,0.5,Avoid - watch only,0.40353,0.03408,0.396787364914299,60,closed,safety_exit,-0.0461990115698213,2.0,-0.0263940655687315,0.0681571417955813,-0.0340785708977907,-0.0282306434818564,0.4225523037263424,0.05,lp,0.0121204406720306,0x486435a1f76cd58193f854c6e6213cd05fd58d637865d02065ff558b387fa6ea,0.0,0.009269728164464
2026-10-04 16:00:00+00:00,dex_short,4,ethereum:0x6982508145454ce325ddbe47a25d4ec3d2311933,0.2,Avoid - watch only,0.5276,0.02,4.29248296548564e-06,60,closed,time_limit,-0.0121938384143699,4.0,-0.0047614270769826,0.04,-0.0200000000000001,-0.002057287921712,0.1956492525975599,0.15,lp|holders,0.0120991894192063,0xa43fe16908251ee70ef74718545e4fe6c5ccec9f,0.007500732820254,0.009269728164464
2026-10-04 16:00:00+00:00,dex_short,5,ethereum:0xe0f63a424a4439cbe457d80e4f4b51ad25b2c56c,0.2,Avoid - watch only,0.44829,0.02,0.444975758892149,60,closed,safety_exit,-0.0321178375755889,1.0,-0.0263914624722898,0.04,-0.02,0.0174845899976069,0.9231423315212228,0.0,none,0.0121178375755889,0x52c77b0cb827afbad022e6d6caf2c44452edbc39,0.0042996880539658,0.009269728164464
2026-10-04 19:00:00+00:00,dex_day,1,robinhood:0x2e8c31162b855a2ffa90f6f8634643ad6f111e18,2.2,Avoid - watch only,0.43662,0.19564,0.11662405681224,79,closed,time_limit,0.0021277347093193,24.0,-0.0375531527435474,0.3912735312558792,-0.1956367656279396,-0.0792571813586731,0.7777149629340466,0.05,lp,0.026353464316621,0xc4a21f9d6485fc5893dd4a491b320a83daf4da1d,0.0990390119016402,0.006672470824377
2026-10-04 19:00:00+00:00,dex_day,2,ethereum:0x514910771af9ca656af840dff83e8264ecf986ca,2.1,Avoid - watch only,0.63751,0.04,14.2030661964265,79,closed,time_limit,-0.040408153138922,24.0,-0.0337801651261213,0.08,-0.04,0.020380884115537,0.3202003581124324,0.15,lp|holders,0.012336479435971,0xa6cc3c2531fdaa6ae1a3ca84c2855806728693e8,0.0068906294654618,0.006672470824377
2026-10-04 19:00:00+00:00,dex_day,3,robinhood:0x39dbed3a2bd333467115de45665cc57f813c4571,0.7,Avoid - watch only,0.26416,0.08486,0.394730272042629,79,closed,time_limit,-0.0852930935717537,24.0,-0.023323476930715,0.1697265869447821,-0.084863293472391,-0.0296389230484492,0.4269130741092555,0.05,lp,0.0121237885037886,0x486435a1f76cd58193f854c6e6213cd05fd58d637865d02065ff558b387fa6ea,0.0052499175424178,0.006672470824377
2026-10-04 19:00:00+00:00,dex_day,4,ethereum:0x62d0a8458ed7719fdaf978fe5929c6d342b0bfce,0.4,Avoid - watch only,0.22195,0.18841,0.0025758323057045,79,closed,time_limit,-0.0219070074332659,24.0,-0.0236264235044576,0.3768191128399136,-0.1884095564199568,0.1948145644560543,4.844195549981225,0.15,lp|holders,0.0124267350775312,0x180efc1349a69390ade25667487a826164c9c6e4,0.0104396862804678,0.006672470824377
2026-10-04 19:00:00+00:00,dex_short,1,ethereum:0x62d0a8458ed7719fdaf978fe5929c6d342b0bfce,1.9,Avoid - watch only,0.53929,0.07692,0.0025758323057045,79,closed,time_limit,-0.0220227656028797,4.0,0.0126169938008863,0.1538357586310041,-0.076917879315502,0.1948145644560543,4.844195549981225,0.15,lp|holders,0.0124267350775312,0x180efc1349a69390ade25667487a826164c9c6e4,0.0104396862804678,0.006672470824377
2026-10-04 19:00:00+00:00,dex_short,2,robinhood:0x39dbed3a2bd333467115de45665cc57f813c4571,0.5,Avoid - watch only,0.39223,0.03465,0.394730272042629,79,closed,time_limit,-0.0035082257138798,4.0,0.0129199403746289,0.0692905889664734,-0.0346452944832367,-0.0296389230484492,0.4269130741092555,0.05,lp,0.0121237885037886,0x486435a1f76cd58193f854c6e6213cd05fd58d637865d02065ff558b387fa6ea,0.0052499175424178,0.006672470824377
2026-10-04 19:00:00+00:00,dex_short,3,robinhood:0x2e8c31162b855a2ffa90f6f8634643ad6f111e18,0.5,Avoid - watch only,0.38215,0.07987,0.11662405681224,79,closed,time_limit,0.0895358795814513,4.0,-0.0013097354382034,0.1597367502389715,-0.0798683751194857,-0.0792571813586731,0.7777149629340466,0.05,lp,0.026353464316621,0xc4a21f9d6485fc5893dd4a491b320a83daf4da1d,0.0990390119016402,0.006672470824377
2026-10-04 19:00:00+00:00,dex_short,4,ethereum:0x514910771af9ca656af840dff83e8264ecf986ca,0.1,Avoid - watch only,0.5027,0.02,14.2030661964265,79,closed,time_limit,-0.0153993605525953,4.0,0.0127072494424465,0.04,-0.02,0.020380884115537,0.3202003581124324,0.15,lp|holders,0.012336479435971,0xa6cc3c2531fdaa6ae1a3ca84c2855806728693e8,0.0068906294654618,0.006672470824377
2026-10-04 22:00:00+00:00,dex_day,1,robinhood:0x2e8c31162b855a2ffa90f6f8634643ad6f111e18,2.4,Avoid - watch only,0.44524,0.20473,0.125854329773536,79,closed,time_limit,-0.1267797853411051,24.0,-0.0848414834209071,0.4094612228459886,-0.207814302619532,-0.0890386899136035,0.9813784048780216,0.05,lp,0.0262217114350283,0xc4a21f9d6485fc5893dd4a491b320a83daf4da1d,0.0392221503827672,0.0070843773869457
2026-10-04 22:00:00+00:00,dex_day,2,ethereum:0x514910771af9ca656af840dff83e8264ecf986ca,2.1,Avoid - watch only,0.64039,0.04,14.2184415030334,79,closed,time_limit,-0.0435440710532393,24.0,-0.0546703263348801,0.08,-0.04,0.0267749272845065,0.3687149712926136,0.15,lp|holders,0.0123717866652674,0xa6cc3c2531fdaa6ae1a3ca84c2855806728693e8,0.0069967983262071,0.0070843773869457
2026-10-04 22:00:00+00:00,dex_day,3,ethereum:0x6982508145454ce325ddbe47a25d4ec3d2311933,1.2,Avoid - watch only,0.55553,0.04,4.42395801605703e-06,79,closed,time_limit,-0.0159408796463429,24.0,-0.0709514732377891,0.08,-0.0399999999999999,0.0282244011786243,0.29078406408912,0.15,lp|holders,0.0123317012519103,0xa43fe16908251ee70ef74718545e4fe6c5ccec9f,0.0004204474922044,0.0070843773869457
2026-10-04 22:00:00+00:00,dex_day,4,ethereum:0x56072c95faa701256059aa122697b133aded9279,1.2,Avoid - watch only,0.49233,0.05429,0.0962160023257332,79,closed,safety_exit,-0.0668196723561322,17.0,0.0158160662646193,0.1085835967537827,-0.0542917983768913,0.0637321370345214,0.9488081877456256,0.15,lp|holders,0.0125278739792409,0x764510ab1d39cf300e7abe8f5b8977d18f290628,0.0152540431510619,0.0070843773869457
2026-10-04 22:00:00+00:00,dex_day,5,robinhood:0x39dbed3a2bd333467115de45665cc57f813c4571,1.0,Avoid - watch only,0.32581,0.08349,0.398855665260966,79,closed,safety_exit,-0.0956108486553551,20.0,-0.1059148547816797,0.1669752023411603,-0.0834876011705801,-0.0282247372721736,0.4113859417374018,0.05,lp,0.0121232474847751,0x486435a1f76cd58193f854c6e6213cd05fd58d637865d02065ff558b387fa6ea,0.0057589063233265,0.0070843773869457
2026-10-04 22:00:00+00:00,dex_short,1,ethereum:0x62d0a8458ed7719fdaf978fe5929c6d342b0bfce,1.3,Avoid - watch only,0.48197,0.07303,0.0025444792134722,79,closed,time_limit,-0.042167461435653,4.0,-0.024520888360811,0.146062090892439,-0.0730310454462195,0.1771797593656989,4.877212173074264,0.15,lp|holders,0.0124622518598845,0x180efc1349a69390ade25667487a826164c9c6e4,0.0062101508747627,0.0070843773869457
2026-10-04 22:00:00+00:00,dex_short,2,robinhood:0x2e8c31162b855a2ffa90f6f8634643ad6f111e18,0.5,Avoid - watch only,0.35657,0.08358,0.125854329773536,79,closed,time_limit,-0.0956845973837107,4.0,-0.0382803479359548,0.1671618442381177,-0.0835809221190588,-0.0890386899136035,0.9813784048780216,0.05,lp,0.0262217114350283,0xc4a21f9d6485fc5893dd4a491b320a83daf4da1d,0.0392221503827672,0.0070843773869457
2026-10-04 22:00:00+00:00,dex_short,3,robinhood:0x39dbed3a2bd333467115de45665cc57f813c4571,0.4,Avoid - watch only,0.37423,0.03408,0.398855665260966,79,closed,time_limit,-0.0269941083965392,4.0,-0.0241818839857016,0.0681673409056364,-0.0340836704528182,-0.0282247372721736,0.4113859417374018,0.05,lp,0.0121232474847751,0x486435a1f76cd58193f854c6e6213cd05fd58d637865d02065ff558b387fa6ea,0.0057589063233265,0.0070843773869457
2026-10-04 22:00:00+00:00,dex_short,4,ethereum:0x514910771af9ca656af840dff83e8264ecf986ca,0.2,Avoid - watch only,0.55567,0.02,14.2184415030334,79,closed,time_limit,-0.0160439232770656,4.0,-0.0244304231661939,0.04,-0.02,0.0267749272845065,0.3687149712926136,0.15,lp|holders,0.0123717866652674,0xa6cc3c2531fdaa6ae1a3ca84c2855806728693e8,0.0069967983262071,0.0070843773869457
2026-10-04 22:00:00+00:00,dex_short,5,ethereum:0x6982508145454ce325ddbe47a25d4ec3d2311933,0.1,Avoid - watch only,0.41556,0.02,4.42395801605703e-06,79,closed,time_limit,-0.0041999962825235,4.0,-0.0243903377528368,0.04,-0.02,0.0282244011786243,0.29078406408912,0.15,lp|holders,0.0123317012519103,0xa43fe16908251ee70ef74718545e4fe6c5ccec9f,0.0004204474922044,0.0070843773869457
2026-10-05 01:00:00+00:00,dex_day,1,robinhood:0x2e8c31162b855a2ffa90f6f8634643ad6f111e18,1.9,Avoid - watch only,0.41315,0.19696,0.125419459720557,79,closed,time_limit,-0.1009120909496149,24.0,-0.0836173886238733,0.3939212724719074,-0.1969606362359537,-0.0692757874339005,1.0612007043798657,0.05,lp,0.0262381262357234,0xc4a21f9d6485fc5893dd4a491b320a83daf4da1d,0.0005203911959628,0.008281450523369
2026-10-05 01:00:00+00:00,dex_day,2,ethereum:0x514910771af9ca656af840dff83e8264ecf986ca,1.7,Avoid - watch only,0.59804,0.04,14.1595638931753,79,closed,time_limit,-0.0354908032772683,24.0,-0.0356234519269276,0.08,-0.04,0.0119408421344173,0.3286060980779117,0.15,lp|holders,0.0118886452721211,0xa6cc3c2531fdaa6ae1a3ca84c2855806728693e8,0.0030329978967289,0.008281450523369
2026-10-05 01:00:00+00:00,dex_day,3,ethereum:0x56072c95faa701256059aa122697b133aded9279,1.2,Avoid - watch only,0.48291,0.05534,0.0957931424037992,79,closed,safety_exit,-0.0673880053383363,15.0,0.0141928893252493,0.1106765797013573,-0.0553382898506786,0.0484379722979646,1.0697019134057144,0.15,lp|holders,0.0120497154876578,0x764510ab1d39cf300e7abe8f5b8977d18f290628,0.0040560693160158,0.008281450523369
2026-10-05 01:00:00+00:00,dex_day,4,robinhood:0x39dbed3a2bd333467115de45665cc57f813c4571,0.8,Avoid - watch only,0.29059,0.08488,0.389808732801171,79,closed,time_limit,-0.0254586662111033,24.0,-0.0695027222308175,0.1697616480745731,-0.0848808240372865,-0.0571899090953746,0.4282571842611979,0.05,lp,0.0121234598426676,0x486435a1f76cd58193f854c6e6213cd05fd58d637865d02065ff558b387fa6ea,0.0203227185811039,0.008281450523369
2026-10-05 01:00:00+00:00,dex_day,5,ethereum:0x62d0a8458ed7719fdaf978fe5929c6d342b0bfce,0.4,Avoid - watch only,0.20198,0.17005,0.0024811394757157,79,closed,time_limit,-0.003779320701332,24.0,-0.0693599386023958,0.3400941234245969,-0.1700470617122984,0.1523406303423602,4.9282639993537645,0.15,lp|holders,0.0119806762142459,0x180efc1349a69390ade25667487a826164c9c6e4,0.0095738002190937,0.008281450523369
2026-10-05 01:00:00+00:00,dex_short,1,ethereum:0x62d0a8458ed7719fdaf978fe5929c6d342b0bfce,1.4,Avoid - watch only,0.49831,0.06942,0.0024811394757157,79,closed,time_limit,-0.0021559642737905,4.0,-0.0215822658668264,0.1388428444848977,-0.0694214222424488,0.1523406303423602,4.9282639993537645,0.15,lp|holders,0.0119806762142459,0x180efc1349a69390ade25667487a826164c9c6e4,0.0095738002190937,0.008281450523369
2026-10-05 01:00:00+00:00,dex_short,2,robinhood:0x39dbed3a2bd333467115de45665cc57f813c4571,0.6,Avoid - watch only,0.42064,0.03465,0.389808732801171,79,closed,time_limit,-0.0296429347846525,4.0,-0.0217250494952481,0.0693049026127725,-0.0346524513063862,-0.0571899090953746,0.4282571842611979,0.05,lp,0.0121234598426676,0x486435a1f76cd58193f854c6e6213cd05fd58d637865d02065ff558b387fa6ea,0.0203227185811039,0.008281450523369
2026-10-05 01:00:00+00:00,dex_short,3,robinhood:0x2e8c31162b855a2ffa90f6f8634643ad6f111e18,0.5,Avoid - watch only,0.38479,0.08041,0.125419459720557,79,closed,safety_exit,-0.1066469692677263,2.0,-0.0358397158883039,0.1608176860640058,-0.0804088430320029,-0.0692757874339005,1.0612007043798657,0.05,lp,0.0262381262357234,0xc4a21f9d6485fc5893dd4a491b320a83daf4da1d,0.0005203911959628,0.008281450523369
2026-10-05 01:00:00+00:00,dex_short,4,ethereum:0x56072c95faa701256059aa122697b133aded9279,0.2,Avoid - watch only,0.48911,0.02259,0.0957931424037992,79,closed,time_limit,-0.0173398928760248,4.0,-0.0216513051402383,0.0451835244574665,-0.0225917622287332,0.0484379722979646,1.0697019134057144,0.15,lp|holders,0.0120497154876578,0x764510ab1d39cf300e7abe8f5b8977d18f290628,0.0040560693160158,0.008281450523369
2026-10-05 01:00:00+00:00,dex_short,5,ethereum:0x514910771af9ca656af840dff83e8264ecf986ca,0.1,Avoid - watch only,0.51005,0.02,14.1595638931753,79,closed,time_limit,-0.0141502658798175,4.0,-0.0214902349247016,0.04,-0.02,0.0119408421344173,0.3286060980779117,0.15,lp|holders,0.0118886452721211,0xa6cc3c2531fdaa6ae1a3ca84c2855806728693e8,0.0030329978967289,0.008281450523369
2026-10-05 08:00:00+00:00,dex_day,1,ethereum:0x1abaea1f7c830bd89acc67ec4af516284b1bc33c,4.5,Avoid - watch only,0.68609,0.04,1.12093878685561,77,closed,time_limit,-0.0052833586469437,24.0,-0.0249141085957469,0.08,-0.0400000000000001,-0.0023500449391733,1.2462735866556287,0.15,lp|holders,0.0071401695868779,0xb2b92b56988a4edbe255989792c6ea239b25eaf66b42093145cbf8f630db3a17,0.0012338779506326,0.0073830793725051
2026-10-05 08:00:00+00:00,dex_day,2,robinhood:0x39dbed3a2bd333467115de45665cc57f813c4571,2.2,Avoid - watch only,0.42493,0.09926,0.397155273822787,77,closed,time_limit,-0.0310686169882474,24.0,-0.0299001675574181,0.1985162440515848,-0.0992581220257924,-0.0521316348325573,0.5079687658253572,0.05,lp,0.0121262285485491,0x486435a1f76cd58193f854c6e6213cd05fd58d637865d02065ff558b387fa6ea,0.021841939957639,0.0073830793725051
2026-10-05 08:00:00+00:00,dex_day,3,ethereum:0x62d0a8458ed7719fdaf978fe5929c6d342b0bfce,0.8,Avoid - watch only,0.32687,0.15249,0.0025423659557078,77,closed,time_limit,-0.0347414972652778,24.0,-0.0299213588234571,0.3049742357298632,-0.1524871178649315,-0.1607183763062787,3.8549222959589753,0.15,lp|holders,0.0121474198145881,0x180efc1349a69390ade25667487a826164c9c6e4,0.0310680867149073,0.0073830793725051
2026-10-05 08:00:00+00:00,dex_short,1,ethereum:0x62d0a8458ed7719fdaf978fe5929c6d342b0bfce,0.7,Avoid - watch only,0.40993,0.06225,0.0025423659557078,77,closed,time_limit,-0.0015581113924634,4.0,-0.0132465509142642,0.1245052103722399,-0.0622526051861199,-0.1607183763062787,3.8549222959589753,0.15,lp|holders,0.0121474198145881,0x180efc1349a69390ade25667487a826164c9c6e4,0.0310680867149073,0.0073830793725051
2026-10-05 08:00:00+00:00,dex_short,2,robinhood:0x39dbed3a2bd333467115de45665cc57f813c4571,0.6,Avoid - watch only,0.38899,0.04052,0.397155273822787,77,closed,time_limit,-0.0076027586477574,4.0,-0.0132253596482252,0.0810439172633665,-0.0405219586316832,-0.0521316348325573,0.5079687658253572,0.05,lp,0.0121262285485491,0x486435a1f76cd58193f854c6e6213cd05fd58d637865d02065ff558b387fa6ea,0.021841939957639,0.0073830793725051
2026-10-05 08:00:00+00:00,dex_short,3,ethereum:0x1abaea1f7c830bd89acc67ec4af516284b1bc33c,0.5,Avoid - watch only,0.49824,0.02,1.12093878685561,77,closed,time_limit,-0.0071795945346968,4.0,-0.008239300686554,0.04,-0.0199999999999999,-0.0023500449391733,1.2462735866556287,0.15,lp|holders,0.0071401695868779,0xb2b92b56988a4edbe255989792c6ea239b25eaf66b42093145cbf8f630db3a17,0.0012338779506326,0.0073830793725051
2026-10-05 17:00:00+00:00,dex_day,1,robinhood:0x2e8c31162b855a2ffa90f6f8634643ad6f111e18,2.8,Avoid - watch only,0.40719,0.19571,0.131809848125953,81,closed,safety_exit,-0.2252650401925595,12.0,-0.1631599377425934,0.3914194829585449,-0.1957097414792724,0.1690238085709179,0.690676438909528,0.05,lp,0.0295552987132872,0xc4a21f9d6485fc5893dd4a491b320a83daf4da1d,0.0213305548537112,0.0079587630823653
2026-10-05 17:00:00+00:00,dex_day,2,robinhood:0x39dbed3a2bd333467115de45665cc57f813c4571,2.1,Avoid - watch only,0.42734,0.08777,0.373442142250053,81,closed,time_limit,0.105231459282771,24.0,-0.0293583093032333,0.17553377776345,-0.087766888881725,-0.0415923642940614,0.4449654526562469,0.05,lp,0.0153497865254868,0x486435a1f76cd58193f854c6e6213cd05fd58d637865d02065ff558b387fa6ea,0.0024133704680109,0.0079587630823653
2026-10-05 17:00:00+00:00,dex_day,3,ethereum:0x1abaea1f7c830bd89acc67ec4af516284b1bc33c,1.0,Avoid - watch only,0.57154,0.04,1.11988948849356,81,closed,time_limit,-0.0095286853888204,24.0,-0.0275870959727923,0.08,-0.0399999999999999,-0.0055369482422129,1.7761615134648197,0.15,lp|holders,0.0135785731950458,0xb2b92b56988a4edbe255989792c6ea239b25eaf66b42093145cbf8f630db3a17,0.0017980939995325,0.0079587630823653
2026-10-05 17:00:00+00:00,dex_day,4,ethereum:0x56072c95faa701256059aa122697b133aded9279,0.9,Avoid - watch only,0.41812,0.08616,0.0892287994969291,81,closed,time_limit,-0.042815916521336,24.0,-0.0326185208760913,0.1723232942392623,-0.086161647119631,-0.0565078756634309,1.8194086967603385,0.15,lp|holders,0.0186099980983448,0x764510ab1d39cf300e7abe8f5b8977d18f290628,0.0062271515437111,0.0079587630823653
2026-10-05 17:00:00+00:00,dex_day,5,ethereum:0x6982508145454ce325ddbe47a25d4ec3d2311933,0.3,Avoid - watch only,0.46549,0.04214,4.38080050739021e-06,81,closed,time_limit,-0.0431074542664894,24.0,-0.0323728292697999,0.0842820644216775,-0.0421410322108386,0.0128933843849328,1.0098397500273777,0.15,lp|holders,0.0183643064920534,0xa43fe16908251ee70ef74718545e4fe6c5ccec9f,0.0071861293809551,0.0079587630823653
2026-10-05 17:00:00+00:00,dex_day,5,bsc:0xce24439f2d9c6a2289f741120fe202248b666666,0.0,Avoid - watch only,0.43651,0.04,0.999556084955767,81,closed,time_limit,-0.03828462580307,24.0,-0.0492014305441736,0.08,-0.04,-0.0020750449699893,0.7126386734132886,0.15,lp|holders,0.0351929077664271,0x1e923c7179135a0c9ff76d0d8b1b75decf58f8a1ef5088320d8e743bdc043d6e,0.0034732872638123,0.0079587630823653
2026-10-05 17:00:00+00:00,dex_short,1,robinhood:0x2e8c31162b855a2ffa90f6f8634643ad6f111e18,0.4,Avoid - watch only,0.34687,0.0799,0.131809848125953,81,closed,safety_exit,-0.1094534660993248,2.0,-0.1144014805095133,0.1597963347720752,-0.0798981673860376,0.1690238085709179,0.690676438909528,0.05,lp,0.0295552987132872,0xc4a21f9d6485fc5893dd4a491b320a83daf4da1d,0.0213305548537112,0.0079587630823653
2026-10-05 17:00:00+00:00,dex_short,2,robinhood:0x39dbed3a2bd333467115de45665cc57f813c4571,0.3,Avoid - watch only,0.4123,0.03583,0.373442142250053,81,closed,time_limit,0.0409911928368069,4.0,-0.0258656829417471,0.0716613646905921,-0.035830682345296,-0.0415923642940614,0.4449654526562469,0.05,lp,0.0153497865254868,0x486435a1f76cd58193f854c6e6213cd05fd58d637865d02065ff558b387fa6ea,0.0024133704680109,0.0079587630823653
2026-10-05 17:00:00+00:00,dex_short,3,ethereum:0x1abaea1f7c830bd89acc67ec4af516284b1bc33c,0.1,Avoid - watch only,0.5651,0.02,1.11988948849356,81,closed,time_limit,-0.0122739482261165,4.0,-0.0240944696113061,0.04,-0.02,-0.0055369482422129,1.7761615134648197,0.15,lp|holders,0.0135785731950458,0xb2b92b56988a4edbe255989792c6ea239b25eaf66b42093145cbf8f630db3a17,0.0017980939995325,0.0079587630823653
2026-10-05 17:00:00+00:00,dex_short,4,ethereum:0x56072c95faa701256059aa122697b133aded9279,0.1,Avoid - watch only,0.46989,0.03518,0.0892287994969291,81,closed,time_limit,-0.0218103056726178,4.0,-0.0291258945146051,0.0703506902802801,-0.03517534514014,-0.0565078756634309,1.8194086967603385,0.15,lp|holders,0.0186099980983448,0x764510ab1d39cf300e7abe8f5b8977d18f290628,0.0062271515437111,0.0079587630823653
2026-10-05 17:00:00+00:00,dex_short,5,ethereum:0x6982508145454ce325ddbe47a25d4ec3d2311933,0.0,Avoid - watch only,0.53985,0.02,4.38080050739021e-06,81,closed,time_limit,-0.0086433561551389,4.0,-0.0288802029083137,0.04,-0.025,0.0128933843849328,1.0098397500273777,0.15,lp|holders,0.0183643064920534,0xa43fe16908251ee70ef74718545e4fe6c5ccec9f,0.0071861293809551,0.0079587630823653
2026-10-05 17:00:00+00:00,dex_short,5,bsc:0xce24439f2d9c6a2289f741120fe202248b666666,0.0,Avoid - watch only,0.51159,0.02,0.999556084955767,81,closed,time_limit,-0.0333131968844147,4.0,-0.0457088041826874,0.04,-0.02,-0.0020750449699893,0.7126386734132886,0.15,lp|holders,0.0351929077664271,0x1e923c7179135a0c9ff76d0d8b1b75decf58f8a1ef5088320d8e743bdc043d6e,0.0034732872638123,0.0079587630823653
2026-10-05 20:00:00+00:00,dex_day,1,robinhood:0x2e8c31162b855a2ffa90f6f8634643ad6f111e18,3.2,Avoid - watch only,0.40491,0.20392,0.117288132177647,81,closed,time_limit,-0.0921921090595339,24.0,-0.0755217406696704,0.4078485543138728,-0.2039242771569364,-0.0855446317486019,0.5181204197415242,0.05,lp,0.0294928517678339,0xc4a21f9d6485fc5893dd4a491b320a83daf4da1d,0.0185897442044313,0.0053736980913174
2026-10-05 20:00:00+00:00,dex_day,2,robinhood:0x39dbed3a2bd333467115de45665cc57f813c4571,2.0,Avoid - watch only,0.42091,0.08901,0.376495748581744,81,closed,time_limit,0.0595905503880818,24.0,-0.0613804980449212,0.1780109340223712,-0.0890054670111855,-0.0525321056004403,0.4432559483183563,0.05,lp,0.0153516091430847,0x486435a1f76cd58193f854c6e6213cd05fd58d637865d02065ff558b387fa6ea,0.0486976464695012,0.0053736980913174
2026-10-05 20:00:00+00:00,dex_day,3,ethereum:0x56072c95faa701256059aa122697b133aded9279,0.5,Avoid - watch only,0.40894,0.08181,0.0899961992489768,81,closed,time_limit,-0.0310157282280898,24.0,-0.07052544815071,0.163628960953744,-0.081814480476872,-0.0726227525608855,1.7799498203160695,0.15,lp|holders,0.0244965592488735,0x764510ab1d39cf300e7abe8f5b8977d18f290628,0.0,0.0053736980913174
2026-10-05 20:00:00+00:00,dex_day,4,ethereum:0x1abaea1f7c830bd89acc67ec4af516284b1bc33c,0.4,Avoid - watch only,0.56923,0.04,1.12256280724388,81,closed,time_limit,-0.0150350104084773,24.0,-0.0653301356340863,0.08,-0.04,-0.0019049415788358,1.9089285656220432,0.15,lp|holders,0.0193012467322498,0xb2b92b56988a4edbe255989792c6ea239b25eaf66b42093145cbf8f630db3a17,0.0,0.0053736980913174
2026-10-05 20:00:00+00:00,dex_day,5,ethereum:0x6982508145454ce325ddbe47a25d4ec3d2311933,0.1,Avoid - watch only,0.42729,0.04075,4.44288953645379e-06,81,closed,safety_exit,-0.0649940914598037,7.0,-0.0646207036333604,0.0814935517748365,-0.0407467758874182,0.0345342693962305,1.0655380907861844,0.15,lp|holders,0.0242473155723857,0xa43fe16908251ee70ef74718545e4fe6c5ccec9f,0.0016140977493452,0.0053736980913174
2026-10-05 20:00:00+00:00,dex_short,1,robinhood:0x2e8c31162b855a2ffa90f6f8634643ad6f111e18,0.7,Avoid - watch only,0.41399,0.08325,0.117288132177647,81,closed,time_limit,-0.0629868703448246,4.0,-0.0604378782044019,0.1665034750667966,-0.0832517375333983,-0.0855446317486019,0.5181204197415242,0.05,lp,0.0294928517678339,0xc4a21f9d6485fc5893dd4a491b320a83daf4da1d,0.0185897442044313,0.0053736980913174
2026-10-05 20:00:00+00:00,dex_short,2,robinhood:0x39dbed3a2bd333467115de45665cc57f813c4571,0.3,Avoid - watch only,0.38954,0.03634,0.376495748581744,81,closed,time_limit,-0.0016185595192789,4.0,-0.0462966355796527,0.0726726594985085,-0.0394378954810294,-0.0525321056004403,0.4432559483183563,0.05,lp,0.0153516091430847,0x486435a1f76cd58193f854c6e6213cd05fd58d637865d02065ff558b387fa6ea,0.0486976464695012,0.0053736980913174
2026-10-05 20:00:00+00:00,dex_short,3,ethereum:0x6982508145454ce325ddbe47a25d4ec3d2311933,0.0,Avoid - watch only,0.39983,0.02,4.44288953645379e-06,81,closed,time_limit,-0.0426575966809784,4.0,-0.0551923420089537,0.04,-0.02,0.0345342693962305,1.0655380907861844,0.15,lp|holders,0.0242473155723857,0xa43fe16908251ee70ef74718545e4fe6c5ccec9f,0.0016140977493452,0.0053736980913174
2026-10-05 20:00:00+00:00,dex_short,4,ethereum:0x7fc66500c84a76ad7e9c93437bfc5ac33e2ddae9,0.0,Avoid - watch only,0.4062,0.02,183.995899387064,81,closed,time_limit,-0.0248940288940628,4.0,-0.0552385896692328,0.04,-0.02,0.0271190594154884,0.4357680063432708,0.15,lp|holders,0.0242935632326648,0x5ab53ee1d50eef2c1dd3d5402789cd27bb52c1bb,0.0046176003506182,0.0053736980913174
2026-10-05 20:00:00+00:00,dex_short,5,ethereum:0x1abaea1f7c830bd89acc67ec4af516284b1bc33c,0.0,Avoid - watch only,0.51076,0.02,1.12256280724388,81,closed,time_limit,-0.0201188184164421,4.0,-0.0502462731688178,0.04,-0.0199999999999999,-0.0019049415788358,1.9089285656220432,0.15,lp|holders,0.0193012467322498,0xb2b92b56988a4edbe255989792c6ea239b25eaf66b42093145cbf8f630db3a17,0.0,0.0053736980913174
2026-10-05 21:00:00+00:00,dex_day,1,robinhood:0x2e8c31162b855a2ffa90f6f8634643ad6f111e18,2.9,Avoid - watch only,0.41054,0.20104,0.114325737758142,81,closed,time_limit,-0.08483828472084,24.0,-0.0765920630126361,0.4020827742393185,-0.2010413871196592,-0.1025351630887665,0.4160743601376885,0.05,lp,0.029514676845053,0xc4a21f9d6485fc5893dd4a491b320a83daf4da1d,0.0037471785929541,0.0013177518684144
2026-10-05 21:00:00+00:00,dex_day,2,robinhood:0x39dbed3a2bd333467115de45665cc57f813c4571,2.3,Avoid - watch only,0.42815,0.0996,0.394482238279574,81,closed,time_limit,0.0011072698826557,24.0,-0.0624292494531498,0.1992066662040048,-0.0996033331020024,0.0075233989291382,0.5014175405295909,0.05,lp,0.0153518632855667,0x486435a1f76cd58193f854c6e6213cd05fd58d637865d02065ff558b387fa6ea,0.0,0.0013177518684144
2026-10-05 21:00:00+00:00,dex_day,3,ethereum:0x1abaea1f7c830bd89acc67ec4af516284b1bc33c,2.2,Avoid - watch only,0.57003,0.04,1.12135052428269,81,closed,time_limit,-0.0022852496389747,24.0,-0.0532128258667014,0.08,-0.0399999999999999,-0.0025012662654573,1.882344162059461,0.15,lp|holders,0.0061354396991183,0xb2b92b56988a4edbe255989792c6ea239b25eaf66b42093145cbf8f630db3a17,0.0006203588406978,0.0013177518684144
2026-10-05 21:00:00+00:00,dex_day,4,ethereum:0x56072c95faa701256059aa122697b133aded9279,1.3,Avoid - watch only,0.41774,0.08078,0.0889432398940558,81,closed,time_limit,-0.000510938850666,24.0,-0.0584365771258226,0.1615645115975812,-0.0807822557987905,-0.0842240866967571,1.7673863671493633,0.15,lp|holders,0.0113591909582395,0x764510ab1d39cf300e7abe8f5b8977d18f290628,0.000528705452899,0.0013177518684144
2026-10-05 21:00:00+00:00,dex_day,5,ethereum:0x6982508145454ce325ddbe47a25d4ec3d2311933,0.5,Avoid - watch only,0.45034,0.0402,4.42338605155848e-06,81,closed,safety_exit,-0.0513013943389286,22.0,-0.0578662576347147,0.0803989486603016,-0.0401994743301508,0.0170797002619611,1.0311841279557463,0.15,lp|holders,0.0111019200087778,0xa43fe16908251ee70ef74718545e4fe6c5ccec9f,0.0070467454176754,0.0013177518684144
2026-10-05 21:00:00+00:00,dex_short,1,robinhood:0x2e8c31162b855a2ffa90f6f8634643ad6f111e18,0.9,Avoid - watch only,0.45688,0.08207,0.114325737758142,81,closed,time_limit,-0.0106196052794605,4.0,-0.0537768093099461,0.1641496052081692,-0.0820748026040846,-0.1025351630887665,0.4160743601376885,0.05,lp,0.029514676845053,0xc4a21f9d6485fc5893dd4a491b320a83daf4da1d,0.0037471785929541,0.0013177518684144
2026-10-05 21:00:00+00:00,dex_short,2,robinhood:0x39dbed3a2bd333467115de45665cc57f813c4571,0.5,Avoid - watch only,0.43162,0.04066,0.394482238279574,81,closed,safety_exit,-0.0560147537489618,3.0,-0.0949375898389669,0.0813257809267904,-0.0406628904633951,0.0075233989291382,0.5014175405295909,0.05,lp,0.0153518632855667,0x486435a1f76cd58193f854c6e6213cd05fd58d637865d02065ff558b387fa6ea,0.0,0.0013177518684144
2026-10-05 21:00:00+00:00,dex_short,3,ethereum:0x56072c95faa701256059aa122697b133aded9279,0.5,Avoid - watch only,0.51258,0.03298,0.0889432398940558,81,closed,time_limit,-0.0202328498566258,4.0,-0.0356213234231326,0.0659584356593414,-0.0329792178296707,-0.0842240866967571,1.7673863671493633,0.15,lp|holders,0.0113591909582395,0x764510ab1d39cf300e7abe8f5b8977d18f290628,0.000528705452899,0.0013177518684144
2026-10-05 21:00:00+00:00,dex_short,4,ethereum:0x1abaea1f7c830bd89acc67ec4af516284b1bc33c,0.4,Avoid - watch only,0.4927,0.02,1.12135052428269,81,closed,time_limit,-0.0060412177683462,4.0,-0.0303975721640114,0.04,-0.02,-0.0025012662654573,1.882344162059461,0.15,lp|holders,0.0061354396991183,0xb2b92b56988a4edbe255989792c6ea239b25eaf66b42093145cbf8f630db3a17,0.0006203588406978,0.0013177518684144
2026-10-05 21:00:00+00:00,dex_short,5,ethereum:0x6982508145454ce325ddbe47a25d4ec3d2311933,0.1,Avoid - watch only,0.4807,0.02,4.42338605155848e-06,81,closed,safety_exit,-0.0334746821079874,4.0,-0.0353640524736709,0.04,-0.0223727620992097,0.0170797002619611,1.0311841279557463,0.15,lp|holders,0.0111019200087778,0xa43fe16908251ee70ef74718545e4fe6c5ccec9f,0.0070467454176754,0.0013177518684144
2026-10-05 22:00:00+00:00,dex_day,1,robinhood:0x2e8c31162b855a2ffa90f6f8634643ad6f111e18,3.3,Avoid - watch only,0.42441,0.19701,0.113198660778769,81,closed,time_limit,-0.0051183816319258,24.0,-0.0802359598343342,0.3940211425778739,-0.1970105712889369,-0.1059807901061171,0.3976522390888432,0.05,lp,0.0295013722703109,0xc4a21f9d6485fc5893dd4a491b320a83daf4da1d,0.0500885447068375,0.0062905693664478
2026-10-05 22:00:00+00:00,dex_day,2,robinhood:0x39dbed3a2bd333467115de45665cc57f813c4571,2.5,Avoid - watch only,0.44222,0.09762,0.392835037666846,81,closed,time_limit,-0.0145260967010598,24.0,-0.0660867033534751,0.1952310659781755,-0.0976155329890878,-0.015209837980051,0.4989069891189999,0.05,lp,0.0153521157894518,0x486435a1f76cd58193f854c6e6213cd05fd58d637865d02065ff558b387fa6ea,0.0,0.0062905693664478
2026-10-05 22:00:00+00:00,dex_day,3,ethereum:0x1abaea1f7c830bd89acc67ec4af516284b1bc33c,1.4,Avoid - watch only,0.57203,0.04,1.12204616399395,81,closed,time_limit,-0.0067617967045824,24.0,-0.0609050460432747,0.08,-0.04,-0.0010191144544469,1.883077311543761,0.15,lp|holders,0.0101704584792514,0xb2b92b56988a4edbe255989792c6ea239b25eaf66b42093145cbf8f630db3a17,0.0005749264088419,0.0062905693664478
2026-10-05 22:00:00+00:00,dex_day,4,ethereum:0x56072c95faa701256059aa122697b133aded9279,1.0,Avoid - watch only,0.41691,0.07912,0.0888065813135494,81,closed,time_limit,-0.0110036338324587,24.0,-0.0661167510959839,0.1582333203079731,-0.0791166601539865,-0.080134927037168,1.7431459432939935,0.15,lp|holders,0.0153821635319606,0x764510ab1d39cf300e7abe8f5b8977d18f290628,0.0010771840086833,0.0062905693664478
2026-10-05 22:00:00+00:00,dex_day,5,ethereum:0x6982508145454ce325ddbe47a25d4ec3d2311933,0.3,Avoid - watch only,0.452,0.04,4.4079911623676e-06,81,closed,time_limit,-0.0440968886316479,24.0,-0.0658587857245328,0.08,-0.04,-0.0036157071925728,0.9712507736483648,0.15,lp|holders,0.0151241981605095,0xa43fe16908251ee70ef74718545e4fe6c5ccec9f,0.0064473515563323,0.0062905693664478
2026-10-05 22:00:00+00:00,dex_short,1,robinhood:0x2e8c31162b855a2ffa90f6f8634643ad6f111e18,1.0,Avoid - watch only,0.47981,0.08043,0.113198660778769,81,closed,time_limit,-0.0282427319550252,4.0,-0.0432543227415785,0.160858457864035,-0.0804292289320175,-0.1059807901061171,0.3976522390888432,0.05,lp,0.0295013722703109,0xc4a21f9d6485fc5893dd4a491b320a83daf4da1d,0.0500885447068375,0.0062905693664478
2026-10-05 22:00:00+00:00,dex_short,2,robinhood:0x39dbed3a2bd333467115de45665cc57f813c4571,0.6,Avoid - watch only,0.49265,0.03985,0.392835037666846,81,closed,safety_exit,-0.0552034902549657,2.0,-0.0838314640750396,0.0797027489310278,-0.0398513744655139,-0.015209837980051,0.4989069891189999,0.05,lp,0.0153521157894518,0x486435a1f76cd58193f854c6e6213cd05fd58d637865d02065ff558b387fa6ea,0.0,0.0062905693664478
2026-10-05 22:00:00+00:00,dex_short,3,ethereum:0x56072c95faa701256059aa122697b133aded9279,0.2,Avoid - watch only,0.51998,0.0323,0.0888065813135494,81,closed,time_limit,-0.0201592711011006,4.0,-0.0291351140032282,0.0645984825101508,-0.0322992412550754,-0.080134927037168,1.7431459432939935,0.15,lp|holders,0.0153821635319606,0x764510ab1d39cf300e7abe8f5b8977d18f290628,0.0010771840086833,0.0062905693664478
2026-10-05 22:00:00+00:00,dex_short,4,ethereum:0x1abaea1f7c830bd89acc67ec4af516284b1bc33c,0.1,Avoid - watch only,0.48823,0.02,1.12204616399395,81,closed,time_limit,-0.009846638236039,4.0,-0.023923408950519,0.04,-0.02,-0.0010191144544469,1.883077311543761,0.15,lp|holders,0.0101704584792514,0xb2b92b56988a4edbe255989792c6ea239b25eaf66b42093145cbf8f630db3a17,0.0005749264088419,0.0062905693664478
2026-10-05 22:00:00+00:00,dex_short,5,ethereum:0x6982508145454ce325ddbe47a25d4ec3d2311933,0.0,Avoid - watch only,0.52825,0.02,4.4079911623676e-06,81,closed,safety_exit,-0.0351241981605095,3.0,-0.0674437636044399,0.04,-0.02,-0.0036157071925728,0.9712507736483648,0.15,lp|holders,0.0151241981605095,0xa43fe16908251ee70ef74718545e4fe6c5ccec9f,0.0064473515563323,0.0062905693664478
2026-10-05 23:00:00+00:00,dex_day,1,ethereum:0x1abaea1f7c830bd89acc67ec4af516284b1bc33c,2.5,Avoid - watch only,0.57712,0.04,1.12269125796557,84,closed,time_limit,-0.0032201769948541,24.0,-0.0432457863675283,0.08,-0.0399999999999999,-0.0018525229574098,1.894515365652858,0.15,lp|holders,0.0057547110050116,0xb2b92b56988a4edbe255989792c6ea239b25eaf66b42093145cbf8f630db3a17,0.0,0.005138388677931
2026-10-05 23:00:00+00:00,dex_day,2,ethereum:0x56072c95faa701256059aa122697b133aded9279,1.4,Avoid - watch only,0.42997,0.07885,0.0873418577923875,84,closed,time_limit,0.0109397508862989,24.0,-0.0484598871727429,0.1577033419637483,-0.0788516709818742,-0.1119047395364392,1.743601561169786,0.15,lp|holders,0.0109688118102262,0x764510ab1d39cf300e7abe8f5b8977d18f290628,0.0207947288960712,0.005138388677931
2026-10-05 23:00:00+00:00,dex_day,3,ethereum:0x6982508145454ce325ddbe47a25d4ec3d2311933,0.6,Avoid - watch only,0.45828,0.04,4.4082432274384e-06,84,closed,time_limit,-0.0448924590381035,24.0,-0.0482009910998908,0.08,-0.0399999999999999,0.0056374540492853,0.9743565749965294,0.15,lp|holders,0.0107099157373741,0xa43fe16908251ee70ef74718545e4fe6c5ccec9f,2.017463448611423e-05,0.005138388677931
2026-10-05 23:00:00+00:00,dex_day,4,ethereum:0xfaba6f8e4a5e8ab82f62fe7c39859fa577269be3,0.5,Avoid - watch only,0.4396,0.04212,0.499758503499567,84,closed,time_limit,-0.0310761023354228,24.0,-0.0485243783425911,0.0842412921323856,-0.0421206460661928,0.0016604589416576,1.036866970176714,0.15,lp|holders,0.0110333029800744,0x7b1e5d984a43ee732de195628d20d05cfabc3cc7,0.0027921719362242,0.005138388677931
2026-10-05 23:00:00+00:00,dex_day,5,ethereum:0x7fc66500c84a76ad7e9c93437bfc5ac33e2ddae9,0.4,Avoid - watch only,0.40211,0.04,184.035544505476,84,closed,time_limit,-0.0332098391395633,24.0,-0.0482477298777749,0.08,-0.04,0.0294893903802355,0.4511536720594521,0.15,lp|holders,0.0107566545152582,0x5ab53ee1d50eef2c1dd3d5402789cd27bb52c1bb,0.017717333281604,0.005138388677931
2026-10-05 23:00:00+00:00,dex_short,1,ethereum:0x56072c95faa701256059aa122697b133aded9279,0.6,Avoid - watch only,0.54122,0.03219,0.0873418577923875,84,closed,time_limit,-0.0081315856807539,4.0,-0.0268614986606274,0.0643821197571381,-0.032191059878569,-0.1119047395364392,1.743601561169786,0.15,lp|holders,0.0109688118102262,0x764510ab1d39cf300e7abe8f5b8977d18f290628,0.0207947288960712,0.005138388677931
2026-10-05 23:00:00+00:00,dex_short,2,ethereum:0x1abaea1f7c830bd89acc67ec4af516284b1bc33c,0.4,Avoid - watch only,0.49303,0.02,1.12269125796557,84,closed,time_limit,-0.006329399040562,4.0,-0.0216473978554128,0.04,-0.02,-0.0018525229574098,1.894515365652858,0.15,lp|holders,0.0057547110050116,0xb2b92b56988a4edbe255989792c6ea239b25eaf66b42093145cbf8f630db3a17,0.0,0.005138388677931
2026-10-05 23:00:00+00:00,dex_short,3,ethereum:0x6982508145454ce325ddbe47a25d4ec3d2311933,0.1,Avoid - watch only,0.48699,0.02,4.4082432274384e-06,84,closed,safety_exit,-0.0307099157373741,2.0,-0.0685687309514725,0.04,-0.02,0.0056374540492853,0.9743565749965294,0.15,lp|holders,0.0107099157373741,0xa43fe16908251ee70ef74718545e4fe6c5ccec9f,2.017463448611423e-05,0.005138388677931
2026-10-05 23:00:00+00:00,dex_short,4,ethereum:0x7fc66500c84a76ad7e9c93437bfc5ac33e2ddae9,0.1,Avoid - watch only,0.47839,0.02,184.035544505476,84,closed,time_limit,-0.023446160793707,4.0,-0.0266493413656594,0.04,-0.0199999999999999,0.0294893903802355,0.4511536720594521,0.15,lp|holders,0.0107566545152582,0x5ab53ee1d50eef2c1dd3d5402789cd27bb52c1bb,0.017717333281604,0.005138388677931
2026-10-05 23:00:00+00:00,dex_short,5,ethereum:0xfaba6f8e4a5e8ab82f62fe7c39859fa577269be3,0.1,Avoid - watch only,0.41861,0.02,0.499758503499567,84,closed,safety_exit,-0.0310333029800744,4.0,-0.0269259898304756,0.04,-0.02,0.0016604589416576,1.036866970176714,0.15,lp|holders,0.0110333029800744,0x7b1e5d984a43ee732de195628d20d05cfabc3cc7,0.0027921719362242,0.005138388677931
2026-10-06 00:00:00+00:00,dex_day,1,ethereum:0x1abaea1f7c830bd89acc67ec4af516284b1bc33c,2.4,Avoid - watch only,0.58264,0.04,1.12164503167895,84,closed,time_limit,-0.002935849918722,24.0,-0.0324701764621337,0.08,-0.0400000000000001,-0.0021374724156097,1.873326624348756,0.15,lp|holders,0.0062835886465791,0xb2b92b56988a4edbe255989792c6ea239b25eaf66b42093145cbf8f630db3a17,0.0014728675296113,0.0076707860644342
2026-10-06 00:00:00+00:00,dex_day,2,ethereum:0x56072c95faa701256059aa122697b133aded9279,1.2,Avoid - watch only,0.41,0.08042,0.0891581080464594,84,closed,time_limit,-0.0066880476488545,24.0,-0.0376773878139505,0.1608361989215259,-0.0804180994607629,-0.0854798038385329,1.7176954161588,0.15,lp|holders,0.0114907999983959,0x764510ab1d39cf300e7abe8f5b8977d18f290628,0.0046789132814517,0.0076707860644342
2026-10-06 00:00:00+00:00,dex_day,3,ethereum:0x6982508145454ce325ddbe47a25d4ec3d2311933,0.6,Avoid - watch only,0.46819,0.04,4.36109469115325e-06,84,closed,time_limit,-0.0293915903826573,24.0,-0.0374239303169986,0.08,-0.04,-0.0074989122611395,1.0024020926629496,0.15,lp|holders,0.011237342501444,0xa43fe16908251ee70ef74718545e4fe6c5ccec9f,0.0079270701926397,0.0076707860644342
2026-10-06 00:00:00+00:00,dex_day,4,ethereum:0xfaba6f8e4a5e8ab82f62fe7c39859fa577269be3,0.5,Avoid - watch only,0.45647,0.04125,0.499868670730328,84,closed,time_limit,-0.0256405342084925,24.0,-0.0377547353809745,0.0825044440439395,-0.0412522220219697,-0.000244762868287,0.9288807137028832,0.15,lp|holders,0.0115681475654199,0x7b1e5d984a43ee732de195628d20d05cfabc3cc7,0.0040269430702088,0.0076707860644342
2026-10-06 00:00:00+00:00,dex_day,5,ethereum:0x7fc66500c84a76ad7e9c93437bfc5ac33e2ddae9,0.4,Avoid - watch only,0.40337,0.04,183.885416167644,84,closed,time_limit,-0.0340033629135872,24.0,-0.0374708011769704,0.08,-0.0400000000000001,0.0173715334206381,0.4788607863827403,0.15,lp|holders,0.0112842133614158,0x5ab53ee1d50eef2c1dd3d5402789cd27bb52c1bb,0.0099312383465532,0.0076707860644342
2026-10-06 00:00:00+00:00,dex_short,1,ethereum:0x1abaea1f7c830bd89acc67ec4af516284b1bc33c,0.4,Avoid - watch only,0.51601,0.02,1.12164503167895,84,closed,time_limit,-0.0062338902814318,4.0,-0.0185542791688331,0.04,-0.02,-0.0021374724156097,1.873326624348756,0.15,lp|holders,0.0062835886465791,0xb2b92b56988a4edbe255989792c6ea239b25eaf66b42093145cbf8f630db3a17,0.0014728675296113,0.0076707860644342
2026-10-06 00:00:00+00:00,dex_short,2,ethereum:0x56072c95faa701256059aa122697b133aded9279,0.3,Avoid - watch only,0.44397,0.03283,0.0891581080464594,84,closed,time_limit,-0.0294306886569454,4.0,-0.0237614905206499,0.0656611032544187,-0.0328305516272093,-0.0854798038385329,1.7176954161588,0.15,lp|holders,0.0114907999983959,0x764510ab1d39cf300e7abe8f5b8977d18f290628,0.0046789132814517,0.0076707860644342
2026-10-06 00:00:00+00:00,dex_short,3,ethereum:0x6982508145454ce325ddbe47a25d4ec3d2311933,0.1,Avoid - watch only,0.55525,0.02,4.36109469115325e-06,84,closed,safety_exit,-0.0312373425014439,2.0,-0.0312373425014439,0.04,-0.0199999999999999,-0.0074989122611395,1.0024020926629496,0.15,lp|holders,0.011237342501444,0xa43fe16908251ee70ef74718545e4fe6c5ccec9f,0.0079270701926397,0.0076707860644342
2026-10-06 00:00:00+00:00,dex_short,4,ethereum:0x7fc66500c84a76ad7e9c93437bfc5ac33e2ddae9,0.1,Avoid - watch only,0.43771,0.02,183.885416167644,84,closed,time_limit,-0.0146274266571973,4.0,-0.0235549038836698,0.04,-0.02,0.0173715334206381,0.4788607863827403,0.15,lp|holders,0.0112842133614158,0x5ab53ee1d50eef2c1dd3d5402789cd27bb52c1bb,0.0099312383465532,0.0076707860644342
2026-10-06 00:00:00+00:00,dex_short,5,ethereum:0xfaba6f8e4a5e8ab82f62fe7c39859fa577269be3,0.1,Avoid - watch only,0.447,0.02,0.499868670730328,84,closed,safety_exit,-0.0315681475654199,3.0,-0.051067906433864,0.04,-0.02,-0.000244762868287,0.9288807137028832,0.15,lp|holders,0.0115681475654199,0x7b1e5d984a43ee732de195628d20d05cfabc3cc7,0.0040269430702088,0.0076707860644342
2026-10-06 01:00:00+00:00,dex_day,1,ethereum:0x1abaea1f7c830bd89acc67ec4af516284b1bc33c,2.3,Avoid - watch only,0.57182,0.04,1.12145618009416,84,closed,time_limit,-0.0177251051038726,24.0,-0.0489665721036628,0.08,-0.04,-0.001869061661948,1.8390233510304468,0.15,lp|holders,0.0061918034868322,0xb2b92b56988a4edbe255989792c6ea239b25eaf66b42093145cbf8f630db3a17,0.0015249201683265,0.0023976672177569
2026-10-06 01:00:00+00:00,dex_day,2,ethereum:0x56072c95faa701256059aa122697b133aded9279,1.4,Avoid - watch only,0.41796,0.07936,0.0881539879219186,84,closed,time_limit,0.0019759450155639,24.0,-0.0542151383791763,0.1587192237888188,-0.0793596118944095,-0.0831059519897041,1.7520208261069077,0.15,lp|holders,0.0114403697623457,0x764510ab1d39cf300e7abe8f5b8977d18f290628,0.0025904080488186,0.0023976672177569
2026-10-06 01:00:00+00:00,dex_day,3,ethereum:0xe0f63a424a4439cbe457d80e4f4b51ad25b2c56c,0.9,Avoid - watch only,0.41796,0.04,0.449861157319437,84,closed,safety_exit,-0.0512121086732504,2.0,-0.0512121086732504,0.08,-0.0400000000000001,0.01247342938146,0.9851941067156816,0.0,none,0.0112121086732503,0x52c77b0cb827afbad022e6d6caf2c44452edbc39,0.0013077935081851,0.0023976672177569
2026-10-06 01:00:00+00:00,dex_day,4,ethereum:0x6982508145454ce325ddbe47a25d4ec3d2311933,0.6,Avoid - watch only,0.47175,0.04035,4.308062389315e-06,84,closed,time_limit,-0.0330722634198359,24.0,-0.0539684566896375,0.080694166364855,-0.0403470831824275,-0.01935688557373,1.0602879363993367,0.15,lp|holders,0.0111936880728069,0xa43fe16908251ee70ef74718545e4fe6c5ccec9f,0.0037782243507384,0.0023976672177569
2026-10-06 01:00:00+00:00,dex_day,5,ethereum:0xfaba6f8e4a5e8ab82f62fe7c39859fa577269be3,0.6,Avoid - watch only,0.46083,0.04089,0.49681967978999,84,closed,time_limit,-0.0424076577295495,24.0,-0.0542850923658729,0.0817830193256956,-0.0408915096628478,0.0012298892350842,1.005942757969246,0.15,lp|holders,0.0115103237490423,0x7b1e5d984a43ee732de195628d20d05cfabc3cc7,0.0,0.0023976672177569
2026-10-06 01:00:00+00:00,dex_short,1,ethereum:0x56072c95faa701256059aa122697b133aded9279,0.5,Avoid - watch only,0.52912,0.0324,0.0881539879219186,84,closed,time_limit,-0.0110684406407778,4.0,-0.014685345427743,0.0647968517755366,-0.0323984258877683,-0.0831059519897041,1.7520208261069077,0.15,lp|holders,0.0114403697623457,0x764510ab1d39cf300e7abe8f5b8977d18f290628,0.0025904080488186,0.0023976672177569
2026-10-06 01:00:00+00:00,dex_short,2,ethereum:0x1abaea1f7c830bd89acc67ec4af516284b1bc33c,0.4,Avoid - watch only,0.50906,0.02,1.12145618009416,84,closed,time_limit,-0.0061507651997043,4.0,-0.0094367791522295,0.04,-0.02,-0.001869061661948,1.8390233510304468,0.15,lp|holders,0.0061918034868322,0xb2b92b56988a4edbe255989792c6ea239b25eaf66b42093145cbf8f630db3a17,0.0015249201683265,0.0023976672177569
2026-10-06 01:00:00+00:00,dex_short,3,ethereum:0xe0f63a424a4439cbe457d80e4f4b51ad25b2c56c,0.2,Avoid - watch only,0.49445,0.02,0.449861157319437,84,closed,safety_exit,-0.0312121086732503,2.0,-0.0701186257219567,0.04,-0.02,0.01247342938146,0.9851941067156816,0.0,none,0.0112121086732503,0x52c77b0cb827afbad022e6d6caf2c44452edbc39,0.0013077935081851,0.0023976672177569
2026-10-06 01:00:00+00:00,dex_short,4,ethereum:0x6982508145454ce325ddbe47a25d4ec3d2311933,0.1,Avoid - watch only,0.56676,0.02,4.308062389315e-06,84,closed,time_limit,-0.0067660836176487,4.0,-0.0144386637382042,0.04,-0.0199999999999999,-0.01935688557373,1.0602879363993367,0.15,lp|holders,0.0111936880728069,0xa43fe16908251ee70ef74718545e4fe6c5ccec9f,0.0037782243507384,0.0023976672177569
2026-10-06 01:00:00+00:00,dex_short,5,ethereum:0xfaba6f8e4a5e8ab82f62fe7c39859fa577269be3,0.1,Avoid - watch only,0.54361,0.02,0.49681967978999,84,closed,time_limit,-0.0221271497049114,4.0,-0.0147552994144396,0.04,-0.02,0.0012298892350842,1.005942757969246,0.15,lp|holders,0.0115103237490423,0x7b1e5d984a43ee732de195628d20d05cfabc3cc7,0.0,0.0023976672177569
2026-10-06 02:00:00+00:00,dex_day,1,ethereum:0x56072c95faa701256059aa122697b133aded9279,1.4,Avoid - watch only,0.40917,0.07784,0.088382342721767,84,closed,time_limit,-0.0271189567333772,24.0,-0.0637203714044394,0.1556827227848154,-0.0778413613924076,-0.0767479105815018,1.7482117344082808,0.15,lp|holders,0.0113194881285697,0x764510ab1d39cf300e7abe8f5b8977d18f290628,0.0,0.0031196109038315
2026-10-06 02:00:00+00:00,dex_day,2,ethereum:0xe0f63a424a4439cbe457d80e4f4b51ad25b2c56c,0.9,Avoid - watch only,0.41782,0.04,0.449028385990437,84,closed,safety_exit,-0.0510927524538436,1.0,-0.0510927524538436,0.08,-0.04,-0.0093903762691558,1.0410390127271736,0.0,none,0.0110927524538436,0x52c77b0cb827afbad022e6d6caf2c44452edbc39,5.587283458408088e-05,0.0031196109038315
2026-10-06 02:00:00+00:00,dex_day,3,ethereum:0xfaba6f8e4a5e8ab82f62fe7c39859fa577269be3,0.6,Avoid - watch only,0.46357,0.04067,0.493279861848941,84,closed,safety_exit,-0.0520683000345653,24.0,-0.0638025668433689,0.0813332329341323,-0.0406666164670661,-0.02198330733412,0.9878618627890844,0.15,lp|holders,0.0114016835674992,0x7b1e5d984a43ee732de195628d20d05cfabc3cc7,0.0032329240529533,0.0031196109038315
2026-10-06 02:00:00+00:00,dex_day,4,ethereum:0x6982508145454ce325ddbe47a25d4ec3d2311933,0.5,Avoid - watch only,0.45806,0.04,4.28827409272938e-06,84,closed,safety_exit,-0.0510743142026342,24.0,-0.0634751974785039,0.08,-0.04,-0.0392492523347378,1.0936933511794829,0.15,lp|holders,0.0110743142026342,0xa43fe16908251ee70ef74718545e4fe6c5ccec9f,0.0011391637165596,0.0031196109038315
2026-10-06 02:00:00+00:00,dex_day,5,ethereum:0x7fc66500c84a76ad7e9c93437bfc5ac33e2ddae9,0.4,Avoid - watch only,0.42187,0.04,182.457214245447,84,closed,safety_exit,-0.051121374334224,24.0,-0.0635222576100937,0.08,-0.04,0.0090614981428096,0.4832801082202456,0.15,lp|holders,0.011121374334224,0x5ab53ee1d50eef2c1dd3d5402789cd27bb52c1bb,0.0037370065796891,0.0031196109038315
2026-10-06 02:00:00+00:00,dex_short,1,ethereum:0x56072c95faa701256059aa122697b133aded9279,0.3,Avoid - watch only,0.44984,0.03178,0.088382342721767,84,closed,time_limit,-0.0184676094680485,4.0,-0.0134386598856981,0.0635572054316604,-0.0317786027158302,-0.0767479105815018,1.7482117344082808,0.15,lp|holders,0.0113194881285697,0x764510ab1d39cf300e7abe8f5b8977d18f290628,0.0,0.0031196109038315
2026-10-06 02:00:00+00:00,dex_short,2,ethereum:0xe0f63a424a4439cbe457d80e4f4b51ad25b2c56c,0.2,Avoid - watch only,0.49988,0.02,0.449028385990437,84,closed,safety_exit,-0.0310927524538436,1.0,-0.070158057185116,0.04,-0.02,-0.0093903762691558,1.0410390127271736,0.0,none,0.0110927524538436,0x52c77b0cb827afbad022e6d6caf2c44452edbc39,5.587283458408088e-05,0.0031196109038315
2026-10-06 02:00:00+00:00,dex_short,3,ethereum:0x6982508145454ce325ddbe47a25d4ec3d2311933,0.1,Avoid - watch only,0.53175,0.02,4.28827409272938e-06,84,closed,time_limit,-0.0092352606574675,4.0,-0.0131934859597626,0.04,-0.0199999999999999,-0.0392492523347378,1.0936933511794829,0.15,lp|holders,0.0110743142026342,0xa43fe16908251ee70ef74718545e4fe6c5ccec9f,0.0011391637165596,0.0031196109038315
2026-10-06 02:00:00+00:00,dex_short,4,ethereum:0x7fc66500c84a76ad7e9c93437bfc5ac33e2ddae9,0.1,Avoid - watch only,0.48819,0.02,182.457214245447,84,closed,time_limit,-0.0151288214959152,4.0,-0.0132405460913524,0.04,-0.02,0.0090614981428096,0.4832801082202456,0.15,lp|holders,0.011121374334224,0x5ab53ee1d50eef2c1dd3d5402789cd27bb52c1bb,0.0037370065796891,0.0031196109038315
2026-10-06 02:00:00+00:00,dex_short,5,ethereum:0xfaba6f8e4a5e8ab82f62fe7c39859fa577269be3,0.1,Avoid - watch only,0.53419,0.02,0.493279861848941,84,closed,time_limit,-0.0188068332928687,4.0,-0.0135208553246276,0.04,-0.0242285366147545,-0.02198330733412,0.9878618627890844,0.15,lp|holders,0.0114016835674992,0x7b1e5d984a43ee732de195628d20d05cfabc3cc7,0.0032329240529533,0.0031196109038315
2026-10-06 03:00:00+00:00,dex_day,1,ethereum:0xe0f63a424a4439cbe457d80e4f4b51ad25b2c56c,3.3,Avoid - watch only,0.46363,0.06639,0.424084808829127,84,closed,time_limit,-0.0470787199742449,24.0,-0.0582299252513912,0.1327769150294087,-0.0663884575147043,-0.0492431381339204,1.2263519051138438,0.0,none,0.0103399124080803,0x52c77b0cb827afbad022e6d6caf2c44452edbc39,0.0077208489634752,0.0056793173313409
2026-10-06 03:00:00+00:00,dex_day,2,ethereum:0x56072c95faa701256059aa122697b133aded9279,1.4,Avoid - watch only,0.41335,0.07658,0.0875896663935127,84,closed,time_limit,-0.0197791379916032,24.0,-0.0584623423168897,0.153159662476924,-0.076579831238462,-0.0900896436403839,1.7413258770399933,0.15,lp|holders,0.0105723294735788,0x764510ab1d39cf300e7abe8f5b8977d18f290628,0.0050890693521035,0.0056793173313409
2026-10-06 03:00:00+00:00,dex_day,3,ethereum:0x6982508145454ce325ddbe47a25d4ec3d2311933,0.6,Avoid - watch only,0.4514,0.04,4.29250283650582e-06,84,closed,safety_exit,-0.0503205206224492,23.0,-0.0634156219132423,0.08,-0.04,-0.0312432789480698,1.0923685369471223,0.15,lp|holders,0.0103205206224492,0xa43fe16908251ee70ef74718545e4fe6c5ccec9f,0.0050852516303656,0.0056793173313409
2026-10-06 03:00:00+00:00,dex_day,4,ethereum:0xfaba6f8e4a5e8ab82f62fe7c39859fa577269be3,0.6,Avoid - watch only,0.45879,0.04135,0.487600370096969,84,closed,safety_exit,-0.0520073400990885,23.0,-0.0637522926080175,0.0827002975637285,-0.0413501487818642,-0.0249690898256904,0.9660363476785524,0.15,lp|holders,0.0106571913172244,0x7b1e5d984a43ee732de195628d20d05cfabc3cc7,0.0092601403042538,0.0056793173313409
2026-10-06 03:00:00+00:00,dex_day,5,bsc:0xce24439f2d9c6a2289f741120fe202248b666666,0.0,Avoid - watch only,0.4381,0.04,0.994400076630718,84,closed,time_limit,-0.0270989541760185,24.0,-0.0829843726294745,0.08,-0.04,-0.0057583358805203,0.7803875447244818,0.15,lp|holders,0.0350943597861636,0x1e923c7179135a0c9ff76d0d8b1b75decf58f8a1ef5088320d8e743bdc043d6e,0.0070262428072163,0.0056793173313409
2026-10-06 03:00:00+00:00,dex_short,1,ethereum:0xe0f63a424a4439cbe457d80e4f4b51ad25b2c56c,1.1,Avoid - watch only,0.5975,0.0271,0.424084808829127,84,closed,time_limit,0.009920532062865,4.0,-0.0087681430192,0.0542059485738217,-0.0271029742869108,-0.0492431381339204,1.2263519051138438,0.0,none,0.0103399124080803,0x52c77b0cb827afbad022e6d6caf2c44452edbc39,0.0077208489634752,0.0056793173313409
2026-10-06 03:00:00+00:00,dex_short,2,ethereum:0x56072c95faa701256059aa122697b133aded9279,0.4,Avoid - watch only,0.4898,0.03126,0.0875896663935127,84,closed,time_limit,0.0016392380375541,4.0,-0.0090005600846985,0.0625271703742265,-0.0324771917811915,-0.0900896436403839,1.7413258770399933,0.15,lp|holders,0.0105723294735788,0x764510ab1d39cf300e7abe8f5b8977d18f290628,0.0050890693521035,0.0056793173313409
2026-10-06 03:00:00+00:00,dex_short,3,ethereum:0x6982508145454ce325ddbe47a25d4ec3d2311933,0.1,Avoid - watch only,0.54715,0.02,4.29250283650582e-06,84,closed,time_limit,-0.0055748912829187,4.0,-0.0087487512335689,0.04,-0.02,-0.0312432789480698,1.0923685369471223,0.15,lp|holders,0.0103205206224492,0xa43fe16908251ee70ef74718545e4fe6c5ccec9f,0.0050852516303656,0.0056793173313409
2026-10-06 03:00:00+00:00,dex_short,4,ethereum:0xfaba6f8e4a5e8ab82f62fe7c39859fa577269be3,0.1,Avoid - watch only,0.57284,0.02,0.487600370096969,84,closed,time_limit,-0.0077553296658507,4.0,-0.0090854219283441,0.04,-0.02,-0.0249690898256904,0.9660363476785524,0.15,lp|holders,0.0106571913172244,0x7b1e5d984a43ee732de195628d20d05cfabc3cc7,0.0092601403042538,0.0056793173313409
2026-10-06 03:00:00+00:00,dex_short,5,bsc:0xce24439f2d9c6a2289f741120fe202248b666666,0.0,Avoid - watch only,0.51887,0.02,0.994400076630718,84,closed,time_limit,-0.0308173518261055,4.0,-0.0335225903972833,0.04,-0.02,-0.0057583358805203,0.7803875447244818,0.15,lp|holders,0.0350943597861636,0x1e923c7179135a0c9ff76d0d8b1b75decf58f8a1ef5088320d8e743bdc043d6e,0.0070262428072163,0.0056793173313409
2026-10-06 04:00:00+00:00,dex_day,1,ethereum:0xe0f63a424a4439cbe457d80e4f4b51ad25b2c56c,3.7,Avoid - watch only,0.46978,0.06533,0.420398545554881,84,closed,time_limit,-0.0523290395742271,24.0,-0.0657421487520398,0.1306593138422978,-0.0653296569211489,-0.0524810650759255,1.2092432631014518,0.0,none,0.0100631356601225,0x52c77b0cb827afbad022e6d6caf2c44452edbc39,0.0089251589739365,0.0057837029639985
2026-10-06 04:00:00+00:00,dex_day,2,ethereum:0x56072c95faa701256059aa122697b133aded9279,1.6,Avoid - watch only,0.40905,0.07502,0.087558621515099,84,closed,time_limit,-0.0163855498484444,24.0,-0.0659746137948885,0.1500324952691611,-0.0750162476345805,-0.0989221487119573,1.7270297430789934,0.15,lp|holders,0.0102956007029712,0x764510ab1d39cf300e7abe8f5b8977d18f290628,0.007995768001161,0.0057837029639985
2026-10-06 04:00:00+00:00,dex_day,3,ethereum:0x6982508145454ce325ddbe47a25d4ec3d2311933,0.6,Avoid - watch only,0.44826,0.04,4.31433129355351e-06,84,closed,safety_exit,-0.0500436681845625,22.0,-0.0785601643555607,0.08,-0.0400000000000001,-0.0179569756041715,1.0639427691803922,0.15,lp|holders,0.0100436681845624,0xa43fe16908251ee70ef74718545e4fe6c5ccec9f,0.0047377056327226,0.0057837029639985
2026-10-06 04:00:00+00:00,dex_day,4,ethereum:0xfaba6f8e4a5e8ab82f62fe7c39859fa577269be3,0.5,Avoid - watch only,0.4379,0.04065,0.489040519374861,84,closed,safety_exit,-0.0510344994712432,22.0,-0.0788963768714371,0.0813092375416091,-0.0406546187708045,-0.0094355643447906,0.9537664563468744,0.15,lp|holders,0.0103798807004388,0x7b1e5d984a43ee732de195628d20d05cfabc3cc7,0.0058236981006454,0.0057837029639985
2026-10-06 04:00:00+00:00,dex_day,5,bsc:0xce24439f2d9c6a2289f741120fe202248b666666,0.0,Avoid - watch only,0.43128,0.04,0.997744892113477,84,closed,time_limit,-0.0343350309870197,24.0,-0.0907747991648489,0.08,-0.04,0.0021112862878625,0.7819765562191812,0.15,lp|holders,0.0350957860729316,0x1e923c7179135a0c9ff76d0d8b1b75decf58f8a1ef5088320d8e743bdc043d6e,0.0049994742831172,0.0057837029639985
2026-10-06 04:00:00+00:00,dex_short,1,ethereum:0xe0f63a424a4439cbe457d80e4f4b51ad25b2c56c,0.9,Avoid - watch only,0.56665,0.02667,0.420398545554881,84,closed,time_limit,0.0240807019950085,4.0,-0.0005308400698593,0.0533414415092994,-0.0266707207546497,-0.0524810650759255,1.2092432631014518,0.0,none,0.0100631356601225,0x52c77b0cb827afbad022e6d6caf2c44452edbc39,0.0089251589739365,0.0057837029639985
2026-10-06 04:00:00+00:00,dex_short,2,ethereum:0x56072c95faa701256059aa122697b133aded9279,0.3,Avoid - watch only,0.46899,0.03063,0.087558621515099,84,closed,time_limit,-0.0041838649439994,4.0,-0.000763305112708,0.0612505097076627,-0.0321341458603685,-0.0989221487119573,1.7270297430789934,0.15,lp|holders,0.0102956007029712,0x764510ab1d39cf300e7abe8f5b8977d18f290628,0.007995768001161,0.0057837029639985
2026-10-06 04:00:00+00:00,dex_short,3,ethereum:0x6982508145454ce325ddbe47a25d4ec3d2311933,0.1,Avoid - watch only,0.48699,0.02,4.31433129355351e-06,84,closed,time_limit,-0.0074342801380507,4.0,-0.0005113725942992,0.04,-0.02,-0.0179569756041715,1.0639427691803922,0.15,lp|holders,0.0100436681845624,0xa43fe16908251ee70ef74718545e4fe6c5ccec9f,0.0047377056327226,0.0057837029639985
2026-10-06 04:00:00+00:00,dex_short,4,ethereum:0xfaba6f8e4a5e8ab82f62fe7c39859fa577269be3,0.1,Avoid - watch only,0.48759,0.02,0.489040519374861,84,closed,time_limit,-0.0036879580352874,4.0,-0.0008475851101756,0.04,-0.02,-0.0094355643447906,0.9537664563468744,0.15,lp|holders,0.0103798807004388,0x7b1e5d984a43ee732de195628d20d05cfabc3cc7,0.0058236981006454,0.0057837029639985
2026-10-06 04:00:00+00:00,dex_short,5,bsc:0xce24439f2d9c6a2289f741120fe202248b666666,0.0,Avoid - watch only,0.44206,0.02,0.997744892113477,84,closed,time_limit,-0.0345739311739102,4.0,-0.0255634904826684,0.04,-0.02,0.0021112862878625,0.7819765562191812,0.15,lp|holders,0.0350957860729316,0x1e923c7179135a0c9ff76d0d8b1b75decf58f8a1ef5088320d8e743bdc043d6e,0.0049994742831172,0.0057837029639985
2026-10-06 05:00:00+00:00,dex_day,1,ethereum:0xe0f63a424a4439cbe457d80e4f4b51ad25b2c56c,2.8,Avoid - watch only,0.43397,0.06481,0.423786858943158,84,closed,time_limit,-0.0499140617362481,24.0,-0.0542472595782703,0.1296178269426857,-0.0648089134713428,-0.0546851564214353,1.2294297120982711,0.0,none,0.0114192360503646,0x52c77b0cb827afbad022e6d6caf2c44452edbc39,0.021701202198489,0.0015305048343218
2026-10-06 05:00:00+00:00,dex_day,2,ethereum:0x56072c95faa701256059aa122697b133aded9279,1.4,Avoid - watch only,0.40692,0.074,0.0881867749572091,84,closed,time_limit,-0.0069309117691561,24.0,-0.0544746729849238,0.1479925545184979,-0.0739962772592489,-0.0774298720929631,1.7017904945855755,0.15,lp|holders,0.0116466494570181,0x764510ab1d39cf300e7abe8f5b8977d18f290628,0.0,0.0015305048343218
2026-10-06 05:00:00+00:00,dex_day,3,ethereum:0x6982508145454ce325ddbe47a25d4ec3d2311933,0.5,Avoid - watch only,0.44506,0.04,4.32713678554303e-06,84,closed,safety_exit,-0.0513998350994997,21.0,-0.090879031044489,0.08,-0.04,-0.0120476013819974,1.0674949758747911,0.15,lp|holders,0.0113998350994997,0xa43fe16908251ee70ef74718545e4fe6c5ccec9f,0.0,0.0015305048343218
2026-10-06 05:00:00+00:00,dex_day,4,ethereum:0x7fc66500c84a76ad7e9c93437bfc5ac33e2ddae9,0.4,Avoid - watch only,0.42521,0.04,181.252754574323,84,closed,safety_exit,-0.0514470718064706,21.0,-0.0909262677514599,0.08,-0.04,0.0034594538258136,0.5130977337856204,0.15,lp|holders,0.0114470718064706,0x5ab53ee1d50eef2c1dd3d5402789cd27bb52c1bb,0.0026111163213904,0.0015305048343218
2026-10-06 05:00:00+00:00,dex_day,5,ethereum:0xfaba6f8e4a5e8ab82f62fe7c39859fa577269be3,0.4,Avoid - watch only,0.43148,0.0402,0.491545031718209,84,closed,safety_exit,-0.0519387298664792,21.0,-0.0912180352476677,0.0803997811276016,-0.0401998905638008,-0.0182246055654915,0.937593911265329,0.15,lp|holders,0.0117388393026784,0x7b1e5d984a43ee732de195628d20d05cfabc3cc7,0.0,0.0015305048343218
2026-10-06 05:00:00+00:00,dex_short,1,ethereum:0xe0f63a424a4439cbe457d80e4f4b51ad25b2c56c,0.4,Avoid - watch only,0.47187,0.02646,0.423786858943158,84,closed,time_limit,0.0035552702218631,4.0,-0.0168415020493349,0.0529162562629923,-0.0264581281314961,-0.0546851564214353,1.2294297120982711,0.0,none,0.0114192360503646,0x52c77b0cb827afbad022e6d6caf2c44452edbc39,0.021701202198489,0.0015305048343218
2026-10-06 05:00:00+00:00,dex_short,2,ethereum:0x56072c95faa701256059aa122697b133aded9279,0.2,Avoid - watch only,0.42344,0.03021,0.0881867749572091,84,closed,time_limit,-0.0155120659089146,4.0,-0.0170689154559884,0.0604177073835567,-0.0302088536917782,-0.0774298720929631,1.7017904945855755,0.15,lp|holders,0.0116466494570181,0x764510ab1d39cf300e7abe8f5b8977d18f290628,0.0,0.0015305048343218
2026-10-06 05:00:00+00:00,dex_short,3,ethereum:0x7fc66500c84a76ad7e9c93437bfc5ac33e2ddae9,0.1,Avoid - watch only,0.55172,0.02,181.252754574323,84,closed,time_limit,-0.0168254725244375,4.0,-0.0168693378054409,0.04,-0.025,0.0034594538258136,0.5130977337856204,0.15,lp|holders,0.0114470718064706,0x5ab53ee1d50eef2c1dd3d5402789cd27bb52c1bb,0.0026111163213904,0.0015305048343218
2026-10-06 05:00:00+00:00,dex_short,4,ethereum:0x6982508145454ce325ddbe47a25d4ec3d2311933,0.0,Avoid - watch only,0.43102,0.02,4.32713678554303e-06,84,closed,time_limit,-0.0148498755270445,4.0,-0.01682210109847,0.04,-0.0200000000000001,-0.0120476013819974,1.0674949758747911,0.15,lp|holders,0.0113998350994997,0xa43fe16908251ee70ef74718545e4fe6c5ccec9f,0.0,0.0015305048343218
2026-10-06 05:00:00+00:00,dex_short,5,bsc:0xce24439f2d9c6a2289f741120fe202248b666666,0.0,Avoid - watch only,0.48968,0.02,0.997980403922582,84,closed,time_limit,-0.0312587190116906,4.0,-0.0405181232749459,0.04,-0.02,-0.002952013153564,0.7812474342022862,0.15,lp|holders,0.0350958572759756,0x1e923c7179135a0c9ff76d0d8b1b75decf58f8a1ef5088320d8e743bdc043d6e,0.0032987628530563,0.0015305048343218
2026-10-06 06:00:00+00:00,dex_day,1,ethereum:0xe0f63a424a4439cbe457d80e4f4b51ad25b2c56c,3.0,Avoid - watch only,0.42696,0.06579,0.430443668921494,84,closed,time_limit,-0.0697112765867202,24.0,-0.0503133841339939,0.1315756591224357,-0.0657878295612178,-0.0366270878405993,1.2660738123439663,0.0,none,0.0096266552336645,0x52c77b0cb827afbad022e6d6caf2c44452edbc39,0.0111887072788876,0.0090951186099298
2026-10-06 06:00:00+00:00,dex_day,2,ethereum:0x56072c95faa701256059aa122697b133aded9279,1.6,Avoid - watch only,0.41454,0.07255,0.0877505750117244,84,closed,time_limit,-0.0184120815044389,24.0,-0.0505451049483549,0.1451007145352276,-0.0725503572676138,-0.0848765693685602,1.7037245546922326,0.15,lp|holders,0.0098583760480255,0x764510ab1d39cf300e7abe8f5b8977d18f290628,0.010355470674795,0.0090951186099298
2026-10-06 06:00:00+00:00,dex_day,3,ethereum:0x6982508145454ce325ddbe47a25d4ec3d2311933,0.8,Avoid - watch only,0.47148,0.04,4.29616045840226e-06,84,closed,safety_exit,-0.0496075470401509,20.0,-0.0764376764032655,0.08,-0.0399999999999999,-0.0341958895795198,0.983275642836473,0.15,lp|holders,0.009607547040151,0xa43fe16908251ee70ef74718545e4fe6c5ccec9f,0.0096720980001183,0.0090951186099298
2026-10-06 06:00:00+00:00,dex_day,4,ethereum:0xfaba6f8e4a5e8ab82f62fe7c39859fa577269be3,0.6,Avoid - watch only,0.45116,0.04,0.48962705061544,84,closed,safety_exit,-0.0499483431576446,20.0,-0.0767784725207591,0.08,-0.04,-0.02456691254704,0.952124967882217,0.15,lp|holders,0.0099483431576446,0x7b1e5d984a43ee732de195628d20d05cfabc3cc7,0.0043768196805618,0.0090951186099298
2026-10-06 06:00:00+00:00,dex_day,5,bsc:0x99991c6aabba5a096f24f250b73580f5179b9999,0.2,Avoid - watch only,0.40081,0.0812,0.0786089056927374,84,closed,safety_exit,-0.116653634633442,5.0,-0.1957490666989432,0.1624050334979103,-0.0812025167489551,0.2102657082165508,1.12201479285081,0.25,lp|holders|wash,0.035451117884487,0x3bca91b9b847cff6f4b666fa1d966981678975e13fd69d647bd11bed99f5fa14,0.0091275581968708,0.0090951186099298
2026-10-06 06:00:00+00:00,dex_short,1,ethereum:0xe0f63a424a4439cbe457d80e4f4b51ad25b2c56c,0.7,Avoid - watch only,0.4864,0.02686,0.430443668921494,84,closed,time_limit,-0.0011911631165037,4.0,-0.014144819654878,0.0537155379033904,-0.0268577689516952,-0.0366270878405993,1.2660738123439663,0.0,none,0.0096266552336645,0x52c77b0cb827afbad022e6d6caf2c44452edbc39,0.0111887072788876,0.0090951186099298
2026-10-06 06:00:00+00:00,dex_short,2,ethereum:0x56072c95faa701256059aa122697b133aded9279,0.4,Avoid - watch only,0.47856,0.02962,0.0877505750117244,84,closed,time_limit,0.0131500320354205,4.0,-0.014376540469239,0.0592371186540916,-0.0342513426416045,-0.0848765693685602,1.7037245546922326,0.15,lp|holders,0.0098583760480255,0x764510ab1d39cf300e7abe8f5b8977d18f290628,0.010355470674795,0.0090951186099298
2026-10-06 06:00:00+00:00,dex_short,3,ethereum:0x6982508145454ce325ddbe47a25d4ec3d2311933,0.2,Avoid - watch only,0.5493,0.02,4.29616045840226e-06,84,closed,time_limit,-0.0003238756833733,4.0,-0.0141257114613645,0.04,-0.0200000000000001,-0.0341958895795198,0.983275642836473,0.15,lp|holders,0.009607547040151,0xa43fe16908251ee70ef74718545e4fe6c5ccec9f,0.0096720980001183,0.0090951186099298
2026-10-06 06:00:00+00:00,dex_short,4,ethereum:0xfaba6f8e4a5e8ab82f62fe7c39859fa577269be3,0.1,Avoid - watch only,0.52721,0.02,0.48962705061544,84,closed,time_limit,0.0086315792464119,4.0,-0.0144665075788581,0.04,-0.02,-0.02456691254704,0.952124967882217,0.15,lp|holders,0.0099483431576446,0x7b1e5d984a43ee732de195628d20d05cfabc3cc7,0.0043768196805618,0.0090951186099298
2026-10-06 06:00:00+00:00,dex_short,5,bsc:0xce24439f2d9c6a2289f741120fe202248b666666,0.0,Avoid - watch only,0.48383,0.02,0.998340688234025,84,closed,time_limit,-0.0311884631439416,4.0,-0.0396143107689379,0.04,-0.02,-0.0004183865410641,0.7827113763226176,0.15,lp|holders,0.0350961463477244,0x1e923c7179135a0c9ff76d0d8b1b75decf58f8a1ef5088320d8e743bdc043d6e,0.0039287592066723,0.0090951186099298
2026-10-06 07:00:00+00:00,dex_day,1,ethereum:0xe0f63a424a4439cbe457d80e4f4b51ad25b2c56c,1.7,Avoid - watch only,0.42348,0.06475,0.432676955549381,84,closed,safety_exit,-0.0752446162311447,19.0,-0.0466219074629595,0.1294956667809885,-0.0647478333904942,-0.0494662719405247,1.2045651726053863,0.1,holders,0.0104967828406506,0x52c77b0cb827afbad022e6d6caf2c44452edbc39,0.0049542925690211,0.0047563810203854
2026-10-06 07:00:00+00:00,dex_day,2,ethereum:0x56072c95faa701256059aa122697b133aded9279,1.4,Avoid - watch only,0.40328,0.07201,0.0886592735179547,84,closed,time_limit,-0.0328511432653587,24.0,-0.0316881970303517,0.1440169335238978,-0.0720084667619489,-0.0733255991834127,1.746114222614365,0.15,lp|holders,0.0107214659988338,0x764510ab1d39cf300e7abe8f5b8977d18f290628,0.0010584561316486,0.0047563810203854
2026-10-06 07:00:00+00:00,dex_day,3,ethereum:0x6982508145454ce325ddbe47a25d4ec3d2311933,0.6,Avoid - watch only,0.44728,0.04,4.31287346390676e-06,84,closed,safety_exit,-0.0504777426265849,19.0,-0.0466028672488938,0.08,-0.04,-0.0438679936305757,0.9191122375206064,0.15,lp|holders,0.0104777426265849,0xa43fe16908251ee70ef74718545e4fe6c5ccec9f,0.009060244310904,0.0047563810203854
2026-10-06 07:00:00+00:00,dex_day,4,ethereum:0xfaba6f8e4a5e8ab82f62fe7c39859fa577269be3,0.6,Avoid - watch only,0.46312,0.04,0.489015318912149,84,closed,safety_exit,-0.0508085591204142,19.0,-0.0469336837427231,0.08,-0.04,-0.0395997676849677,0.9358187759006698,0.15,lp|holders,0.0108085591204142,0x7b1e5d984a43ee732de195628d20d05cfabc3cc7,0.0127504992371501,0.0047563810203854
2026-10-06 07:00:00+00:00,dex_day,5,bsc:0xce24439f2d9c6a2289f741120fe202248b666666,0.0,Avoid - watch only,0.4381,0.04,0.99865313367395,84,closed,time_limit,-0.0347893236534932,24.0,-0.0560619241098526,0.08,-0.04,0.0017463191941813,0.8883168163235202,0.15,lp|holders,0.0350951930783347,0x1e923c7179135a0c9ff76d0d8b1b75decf58f8a1ef5088320d8e743bdc043d6e,0.0045584694717497,0.0047563810203854
2026-10-06 07:00:00+00:00,dex_short,1,ethereum:0xe0f63a424a4439cbe457d80e4f4b51ad25b2c56c,0.2,Avoid - watch only,0.42694,0.02643,0.432676955549381,84,closed,time_limit,-0.0111128516507391,4.0,-0.0078163639227689,0.0528663845858166,-0.0325920936620965,-0.0494662719405247,1.2045651726053863,0.1,holders,0.0104967828406506,0x52c77b0cb827afbad022e6d6caf2c44452edbc39,0.0049542925690211,0.0047563810203854
2026-10-06 07:00:00+00:00,dex_short,2,ethereum:0x56072c95faa701256059aa122697b133aded9279,0.2,Avoid - watch only,0.40633,0.0294,0.0886592735179547,84,closed,time_limit,0.0017723602624572,4.0,-0.0080410470809521,0.0587946669089791,-0.0293973334544896,-0.0733255991834127,1.746114222614365,0.15,lp|holders,0.0107214659988338,0x764510ab1d39cf300e7abe8f5b8977d18f290628,0.0010584561316486,0.0047563810203854
2026-10-06 07:00:00+00:00,dex_short,3,ethereum:0x6982508145454ce325ddbe47a25d4ec3d2311933,0.1,Avoid - watch only,0.44023,0.02,4.31287346390676e-06,84,closed,time_limit,-0.0030923683307257,4.0,-0.0077973237087032,0.04,-0.02,-0.0438679936305757,0.9191122375206064,0.15,lp|holders,0.0104777426265849,0xa43fe16908251ee70ef74718545e4fe6c5ccec9f,0.009060244310904,0.0047563810203854
2026-10-06 07:00:00+00:00,dex_short,4,ethereum:0xfaba6f8e4a5e8ab82f62fe7c39859fa577269be3,0.1,Avoid - watch only,0.50857,0.02,0.489015318912149,84,closed,time_limit,0.0096933244679732,4.0,-0.0081281402025325,0.04,-0.02,-0.0395997676849677,0.9358187759006698,0.15,lp|holders,0.0108085591204142,0x7b1e5d984a43ee732de195628d20d05cfabc3cc7,0.0127504992371501,0.0047563810203854
2026-10-06 07:00:00+00:00,dex_short,5,bsc:0xce24439f2d9c6a2289f741120fe202248b666666,0.0,Avoid - watch only,0.46721,0.02,0.99865313367395,84,closed,time_limit,-0.0374152021313213,4.0,-0.032414774160453,0.04,-0.02,0.0017463191941813,0.8883168163235202,0.15,lp|holders,0.0350951930783347,0x1e923c7179135a0c9ff76d0d8b1b75decf58f8a1ef5088320d8e743bdc043d6e,0.0045584694717497,0.0047563810203854
2026-10-06 08:00:00+00:00,dex_day,1,ethereum:0xe0f63a424a4439cbe457d80e4f4b51ad25b2c56c,2.6,Avoid - watch only,0.42292,0.06367,0.43475256524476,84,closed,safety_exit,-0.0746039517112665,18.0,-0.0519445292158784,0.127346194018886,-0.063673097009443,-0.0491734354325771,1.1754072171853225,0.0,none,0.0109308547018235,0x52c77b0cb827afbad022e6d6caf2c44452edbc39,0.00047614268263,0.0055711541192828
2026-10-06 08:00:00+00:00,dex_day,2,ethereum:0x56072c95faa701256059aa122697b133aded9279,1.4,Avoid - watch only,0.41176,0.07071,0.0880937566732191,84,closed,time_limit,-0.0368927697134153,24.0,-0.0333752674057281,0.1414233179648705,-0.0707116589824352,-0.0640692288919413,1.7369589437873598,0.15,lp|holders,0.0111575849785451,0x764510ab1d39cf300e7abe8f5b8977d18f290628,0.0,0.0055711541192828
2026-10-06 08:00:00+00:00,dex_day,3,ethereum:0x6982508145454ce325ddbe47a25d4ec3d2311933,0.6,Avoid - watch only,0.44728,0.04,4.3255890580596e-06,84,closed,safety_exit,-0.0509118567843602,18.0,-0.051925531298415,0.08,-0.0400000000000001,-0.0439097724338601,0.8304529723996993,0.15,lp|holders,0.0109118567843601,0xa43fe16908251ee70ef74718545e4fe6c5ccec9f,0.0067549368415587,0.0055711541192828
2026-10-06 08:00:00+00:00,dex_day,4,ethereum:0x7fc66500c84a76ad7e9c93437bfc5ac33e2ddae9,0.5,Avoid - watch only,0.42644,0.04,179.885716716393,84,closed,safety_exit,-0.0509592545678933,18.0,-0.0519729290819482,0.08,-0.04,0.0131103294984535,0.7161410422642314,0.15,lp|holders,0.0109592545678933,0x5ab53ee1d50eef2c1dd3d5402789cd27bb52c1bb,0.0021802059649478,0.0055711541192828
2026-10-06 08:00:00+00:00,dex_day,5,ethereum:0xfaba6f8e4a5e8ab82f62fe7c39859fa577269be3,0.5,Avoid - watch only,0.44831,0.04,0.492313140710643,84,closed,safety_exit,-0.0512429600953447,18.0,-0.0522566346093996,0.08,-0.04,-0.0244902181682231,0.9169625016704904,0.15,lp|holders,0.0112429600953447,0x7b1e5d984a43ee732de195628d20d05cfabc3cc7,0.0096827096960281,0.0055711541192828
2026-10-06 08:00:00+00:00,dex_short,1,ethereum:0xe0f63a424a4439cbe457d80e4f4b51ad25b2c56c,0.4,Avoid - watch only,0.43491,0.02599,0.43475256524476,84,closed,time_limit,-0.0152599536211604,4.0,-0.0078803259522274,0.0519888660052896,-0.0259944330026448,-0.0491734354325771,1.1754072171853225,0.0,none,0.0109308547018235,0x52c77b0cb827afbad022e6d6caf2c44452edbc39,0.00047614268263,0.0055711541192828
2026-10-06 08:00:00+00:00,dex_short,2,ethereum:0x56072c95faa701256059aa122697b133aded9279,0.2,Avoid - watch only,0.45772,0.02887,0.0880937566732191,84,closed,time_limit,0.0081479976090858,4.0,-0.008107056228949,0.0577358277908857,-0.0288679138954427,-0.0640692288919413,1.7369589437873598,0.15,lp|holders,0.0111575849785451,0x764510ab1d39cf300e7abe8f5b8977d18f290628,0.0,0.0055711541192828
2026-10-06 08:00:00+00:00,dex_short,3,ethereum:0x6982508145454ce325ddbe47a25d4ec3d2311933,0.1,Avoid - watch only,0.46572,0.02,4.3255890580596e-06,84,closed,time_limit,-0.0076192786252181,4.0,-0.007861328034764,0.0382400962551445,-0.02,-0.0439097724338601,0.8304529723996993,0.15,lp|holders,0.0109118567843601,0xa43fe16908251ee70ef74718545e4fe6c5ccec9f,0.0067549368415587,0.0055711541192828
2026-10-06 08:00:00+00:00,dex_short,4,ethereum:0x7fc66500c84a76ad7e9c93437bfc5ac33e2ddae9,0.1,Avoid - watch only,0.5306,0.02,179.885716716393,84,closed,time_limit,0.0182037479965505,4.0,-0.0079087258182972,0.04,-0.02,0.0131103294984535,0.7161410422642314,0.15,lp|holders,0.0109592545678933,0x5ab53ee1d50eef2c1dd3d5402789cd27bb52c1bb,0.0021802059649478,0.0055711541192828
2026-10-06 08:00:00+00:00,dex_short,5,bsc:0xce24439f2d9c6a2289f741120fe202248b666666,0.0,Avoid - watch only,0.49652,0.02,0.9982655701734,84,closed,time_limit,-0.033602831660914,4.0,-0.0320439207365328,0.04,-0.02,0.0010075859773377,0.7860661939533934,0.15,lp|holders,0.0350944494861289,0x1e923c7179135a0c9ff76d0d8b1b75decf58f8a1ef5088320d8e743bdc043d6e,0.0055711541192828,0.0055711541192828
2026-10-06 09:00:00+00:00,dex_day,1,ethereum:0xe0f63a424a4439cbe457d80e4f4b51ad25b2c56c,1.6,Avoid - watch only,0.44665,0.0631,0.43013285792049,84,closed,safety_exit,-0.0822674874827617,17.0,-0.0662313343941679,0.1262000683591333,-0.0631000341795666,-0.0558833692135061,1.1927671893119285,0.0,none,0.0191674533031951,0x52c77b0cb827afbad022e6d6caf2c44452edbc39,0.0094868375919476,0.0071583056385243
2026-10-06 09:00:00+00:00,dex_day,2,ethereum:0x56072c95faa701256059aa122697b133aded9279,0.7,Avoid - watch only,0.41916,0.06927,0.0878458963464498,84,closed,time_limit,-0.0638976161954815,24.0,-0.0521518244038409,0.1385367941130051,-0.0692683970565025,-0.0611396943562079,1.7411613637446004,0.15,lp|holders,0.0193964804220756,0x764510ab1d39cf300e7abe8f5b8977d18f290628,0.0218983445409302,0.0071583056385243
2026-10-06 09:00:00+00:00,dex_day,3,ethereum:0x6982508145454ce325ddbe47a25d4ec3d2311933,0.2,Avoid - watch only,0.46483,0.04,4.31220798869739e-06,84,closed,safety_exit,-0.0591485185506475,17.0,-0.0662123996416203,0.08,-0.04,-0.0445829627767011,0.7658565133586512,0.15,lp|holders,0.0191485185506475,0xa43fe16908251ee70ef74718545e4fe6c5ccec9f,0.0117010810257442,0.0071583056385243
2026-10-06 09:00:00+00:00,dex_day,4,ethereum:0x7fc66500c84a76ad7e9c93437bfc5ac33e2ddae9,0.1,Avoid - watch only,0.42469,0.04,180.277904628987,84,closed,safety_exit,-0.0591955429262959,17.0,-0.0662594240172687,0.08,-0.04,0.0054415190970944,0.7186829878487413,0.15,lp|holders,0.0191955429262959,0x5ab53ee1d50eef2c1dd3d5402789cd27bb52c1bb,0.0053362763748936,0.0071583056385243
2026-10-06 09:00:00+00:00,dex_day,5,ethereum:0xfaba6f8e4a5e8ab82f62fe7c39859fa577269be3,0.1,Avoid - watch only,0.42875,0.04,0.497048906439438,84,closed,safety_exit,-0.0594568310120419,17.0,-0.0665207121030147,0.08,-0.04,-0.0177438916893604,0.9286937762019432,0.15,lp|holders,0.0194568310120419,0x7b1e5d984a43ee732de195628d20d05cfabc3cc7,0.0102125836960964,0.0071583056385243
2026-10-06 09:00:00+00:00,dex_short,1,ethereum:0xe0f63a424a4439cbe457d80e4f4b51ad25b2c56c,0.1,Avoid - watch only,0.4872,0.02576,0.43013285792049,84,closed,time_limit,-0.0132052841165457,4.0,-0.0185736987948142,0.0515209621640389,-0.0257604810820193,-0.0558833692135061,1.1927671893119285,0.0,none,0.0191674533031951,0x52c77b0cb827afbad022e6d6caf2c44452edbc39,0.0094868375919476,0.0071583056385243
2026-10-06 09:00:00+00:00,dex_short,2,ethereum:0x6982508145454ce325ddbe47a25d4ec3d2311933,0.0,Avoid - watch only,0.51656,0.02,4.31220798869739e-06,84,closed,time_limit,-0.0127835771587594,4.0,-0.0185547640422666,0.04,-0.0199999999999999,-0.0445829627767011,0.7658565133586512,0.15,lp|holders,0.0191485185506475,0xa43fe16908251ee70ef74718545e4fe6c5ccec9f,0.0117010810257442,0.0071583056385243
2026-10-06 09:00:00+00:00,dex_short,3,ethereum:0x7fc66500c84a76ad7e9c93437bfc5ac33e2ddae9,0.0,Avoid - watch only,0.46012,0.02,180.277904628987,84,closed,time_limit,-0.0039369421535936,4.0,-0.018601788417915,0.04,-0.02,0.0054415190970944,0.7186829878487413,0.15,lp|holders,0.0191955429262959,0x5ab53ee1d50eef2c1dd3d5402789cd27bb52c1bb,0.0053362763748936,0.0071583056385243
2026-10-06 09:00:00+00:00,dex_short,4,bsc:0xce24439f2d9c6a2289f741120fe202248b666666,0.0,Avoid - watch only,0.37517,0.02,1.00180979271748,84,closed,time_limit,-0.0421509479670713,4.0,-0.0345016739005986,0.04,-0.02,0.0030667985484546,0.7490235332981863,0.15,lp|holders,0.0350954284089795,0x1e923c7179135a0c9ff76d0d8b1b75decf58f8a1ef5088320d8e743bdc043d6e,0.0019844068061636,0.0071583056385243
2026-10-06 09:00:00+00:00,dex_short,5,ethereum:0x56072c95faa701256059aa122697b133aded9279,0.0,Avoid - watch only,0.46798,0.02828,0.0878458963464498,84,closed,time_limit,0.0021711919020428,4.0,-0.0188027259136947,0.0565574093629785,-0.0282787046814894,-0.0611396943562079,1.7411613637446004,0.15,lp|holders,0.0193964804220756,0x764510ab1d39cf300e7abe8f5b8977d18f290628,0.0218983445409302,0.0071583056385243
2026-10-06 10:00:00+00:00,dex_day,1,ethereum:0xe0f63a424a4439cbe457d80e4f4b51ad25b2c56c,0.6,Avoid - watch only,0.4253,0.06263,0.434074673097563,84,closed,safety_exit,-0.0798396946735712,16.0,-0.0487615981516516,0.1252567881744661,-0.0626283940872329,-0.0454669637234524,1.1900406407953548,0.1,holders,0.0172113005863384,0x52c77b0cb827afbad022e6d6caf2c44452edbc39,0.0023294442378252,0.0085887333467862
2026-10-06 10:00:00+00:00,dex_day,2,ethereum:0x56072c95faa701256059aa122697b133aded9279,0.6,Avoid - watch only,0.41473,0.07151,0.0897695760511512,84,closed,time_limit,-0.083082595450918,24.0,-0.0539188517448377,0.1430131210173824,-0.0715065605086912,-0.0501271038772763,1.7682376541257037,0.15,lp|holders,0.0174257918314359,0x764510ab1d39cf300e7abe8f5b8977d18f290628,0.0061283230405693,0.0085887333467862
2026-10-06 10:00:00+00:00,dex_day,3,ethereum:0x6982508145454ce325ddbe47a25d4ec3d2311933,0.2,Avoid - watch only,0.44909,0.04,4.33604460019405e-06,84,closed,safety_exit,-0.0571923800333024,16.0,-0.0487426775986156,0.08,-0.04,-0.0427969911633923,0.7150925798751874,0.15,lp|holders,0.0171923800333024,0xa43fe16908251ee70ef74718545e4fe6c5ccec9f,0.0082348206886206,0.0085887333467862
2026-10-06 10:00:00+00:00,dex_day,4,ethereum:0xfaba6f8e4a5e8ab82f62fe7c39859fa577269be3,0.2,Avoid - watch only,0.43272,0.04,0.498724283222802,84,closed,safety_exit,-0.0574858238104904,16.0,-0.0490361213758036,0.08,-0.04,-0.0090955378233525,0.9385442094392612,0.15,lp|holders,0.0174858238104904,0x7b1e5d984a43ee732de195628d20d05cfabc3cc7,0.0113139704748428,0.0085887333467862
2026-10-06 10:00:00+00:00,dex_day,5,bsc:0x99991c6aabba5a096f24f250b73580f5179b9999,0.1,Avoid - watch only,0.42247,0.08621,0.0735831550862247,84,closed,take_profit,0.1372241840569119,2.0,-0.0110692218271196,0.1724156200096893,-0.0862078100048446,0.1142301652692414,1.2052653280567538,0.25,lp|holders|wash,0.0351914359527774,0x3bca91b9b847cff6f4b666fa1d966981678975e13fd69d647bd11bed99f5fa14,0.0395553166440221,0.0085887333467862
2026-10-06 10:00:00+00:00,dex_short,1,ethereum:0x6982508145454ce325ddbe47a25d4ec3d2311933,0.0,Avoid - watch only,0.44074,0.02,4.33604460019405e-06,84,closed,time_limit,-0.0184699518670542,4.0,-0.0125804019353726,0.04,-0.0229458510615196,-0.0427969911633923,0.7150925798751874,0.15,lp|holders,0.0171923800333024,0xa43fe16908251ee70ef74718545e4fe6c5ccec9f,0.0082348206886206,0.0085887333467862
2026-10-06 10:00:00+00:00,dex_short,2,ethereum:0xe0f63a424a4439cbe457d80e4f4b51ad25b2c56c,0.0,Avoid - watch only,0.4228,0.02557,0.434074673097563,84,closed,time_limit,-0.0149223888870265,4.0,-0.0125993224884086,0.05113586964122,-0.02556793482061,-0.0454669637234524,1.1900406407953548,0.1,holders,0.0172113005863384,0x52c77b0cb827afbad022e6d6caf2c44452edbc39,0.0023294442378252,0.0085887333467862
2026-10-06 10:00:00+00:00,dex_short,3,bsc:0xce24439f2d9c6a2289f741120fe202248b666666,0.0,Avoid - watch only,0.45888,0.02,1.00224188737309,84,closed,time_limit,-0.0385393194205927,4.0,-0.0302183772607895,0.04,-0.02,-0.0005432863596086,0.7387987302084364,0.15,lp|holders,0.0348303553587193,0x1e923c7179135a0c9ff76d0d8b1b75decf58f8a1ef5088320d8e743bdc043d6e,0.0001628929408827,0.0085887333467862
2026-10-06 10:00:00+00:00,dex_short,4,ethereum:0x56072c95faa701256059aa122697b133aded9279,0.0,Avoid - watch only,0.40693,0.02919,0.0897695760511512,84,closed,time_limit,-0.0378657582768045,4.0,-0.0128138137335061,0.0583848621692479,-0.0361332698250604,-0.0501271038772763,1.7682376541257037,0.15,lp|holders,0.0174257918314359,0x764510ab1d39cf300e7abe8f5b8977d18f290628,0.0061283230405693,0.0085887333467862
2026-10-06 10:00:00+00:00,dex_short,5,ethereum:0xfaba6f8e4a5e8ab82f62fe7c39859fa577269be3,0.0,Avoid - watch only,0.41336,0.02,0.498724283222802,84,closed,time_limit,-0.0159413853552129,4.0,-0.0128738457125606,0.04,-0.02,-0.0090955378233525,0.9385442094392612,0.15,lp|holders,0.0174858238104904,0x7b1e5d984a43ee732de195628d20d05cfabc3cc7,0.0113139704748428,0.0085887333467862
2026-10-06 11:00:00+00:00,dex_day,1,ethereum:0xe0f63a424a4439cbe457d80e4f4b51ad25b2c56c,1.8,Avoid - watch only,0.4487,0.06141,0.432410396772223,84,closed,safety_exit,-0.0736812682860095,15.0,-0.0367849344813368,0.1228161232273035,-0.0614080616136517,-0.0518591314589459,1.1785647494133624,0.0,none,0.012273206672358,0x52c77b0cb827afbad022e6d6caf2c44452edbc39,0.0052991679495324,0.0065669787062943
2026-10-06 11:00:00+00:00,dex_day,2,ethereum:0x6982508145454ce325ddbe47a25d4ec3d2311933,0.5,Avoid - watch only,0.44997,0.04,4.34472564872839e-06,84,closed,safety_exit,-0.0522542037129813,15.0,-0.0367659315219602,0.08,-0.0399999999999999,-0.0344286958108313,0.7207200729499414,0.15,lp|holders,0.0122542037129814,0xa43fe16908251ee70ef74718545e4fe6c5ccec9f,0.0065669787062943,0.0065669787062943
2026-10-06 11:00:00+00:00,dex_day,3,ethereum:0xfaba6f8e4a5e8ab82f62fe7c39859fa577269be3,0.5,Avoid - watch only,0.44522,0.04,0.499041054053424,84,closed,safety_exit,-0.0525477773716221,15.0,-0.0370595051806009,0.08,-0.04,-0.0081562760150826,0.9490885401566944,0.15,lp|holders,0.0125477773716221,0x7b1e5d984a43ee732de195628d20d05cfabc3cc7,0.0061733551344156,0.0065669787062943
2026-10-06 11:00:00+00:00,dex_day,4,bsc:0x99991c6aabba5a096f24f250b73580f5179b9999,0.1,Avoid - watch only,0.42031,0.08534,0.0727568774300453,84,closed,take_profit,0.1354993562608643,1.0,-0.0106538634888314,0.1706893199835564,-0.0853446599917782,0.1098261048573592,1.2481125823165935,0.25,lp|holders|wash,0.0351899637226921,0x3bca91b9b847cff6f4b666fa1d966981678975e13fd69d647bd11bed99f5fa14,0.2990409540623058,0.0065669787062943
2026-10-06 11:00:00+00:00,dex_day,5,bsc:0xce24439f2d9c6a2289f741120fe202248b666666,0.0,Avoid - watch only,0.43423,0.04,0.996336249363033,84,closed,time_limit,-0.0346906299637081,24.0,-0.0781877909119974,0.08,-0.04,-0.0048919416700959,0.6844557562256809,0.15,lp|holders,0.034829635070227,0x1e923c7179135a0c9ff76d0d8b1b75decf58f8a1ef5088320d8e743bdc043d6e,0.0067423664842183,0.0065669787062943
2026-10-06 11:00:00+00:00,dex_short,1,ethereum:0xe0f63a424a4439cbe457d80e4f4b51ad25b2c56c,0.3,Avoid - watch only,0.51975,0.02507,0.432410396772223,84,closed,time_limit,-0.0299805381274809,4.0,-0.0172343106582322,0.0501394723489458,-0.0313371702180911,-0.0518591314589459,1.1785647494133624,0.0,none,0.012273206672358,0x52c77b0cb827afbad022e6d6caf2c44452edbc39,0.0052991679495324,0.0065669787062943
2026-10-06 11:00:00+00:00,dex_short,2,ethereum:0x6982508145454ce325ddbe47a25d4ec3d2311933,0.0,Avoid - watch only,0.45823,0.02,4.34472564872839e-06,84,closed,time_limit,-0.020857445200892,4.0,-0.0172153076988556,0.04,-0.0248980697223448,-0.0344286958108313,0.7207200729499414,0.15,lp|holders,0.0122542037129814,0xa43fe16908251ee70ef74718545e4fe6c5ccec9f,0.0065669787062943,0.0065669787062943
2026-10-06 11:00:00+00:00,dex_short,3,bsc:0xce24439f2d9c6a2289f741120fe202248b666666,0.0,Avoid - watch only,0.56923,0.02,0.996336249363033,84,closed,time_limit,-0.0342117866532147,4.0,-0.0397907390561012,0.04,-0.02,-0.0048919416700959,0.6844557562256809,0.15,lp|holders,0.034829635070227,0x1e923c7179135a0c9ff76d0d8b1b75decf58f8a1ef5088320d8e743bdc043d6e,0.0067423664842183,0.0065669787062943
2026-10-06 11:00:00+00:00,dex_short,4,ethereum:0xfaba6f8e4a5e8ab82f62fe7c39859fa577269be3,0.0,Avoid - watch only,0.45992,0.02,0.499041054053424,84,closed,time_limit,-0.0022724067165976,4.0,-0.0175088813574963,0.04,-0.02,-0.0081562760150826,0.9490885401566944,0.15,lp|holders,0.0125477773716221,0x7b1e5d984a43ee732de195628d20d05cfabc3cc7,0.0061733551344156,0.0065669787062943
2026-10-06 11:00:00+00:00,dex_short,5,bsc:0x99991c6aabba5a096f24f250b73580f5179b9999,0.0,Avoid - watch only,0.50245,0.03484,0.0727568774300453,84,closed,take_profit,0.0344936593610342,1.0,-0.0251731427475685,0.0696836230837263,-0.0348418115418631,0.1098261048573592,1.2481125823165935,0.25,lp|holders|wash,0.0351899637226921,0x3bca91b9b847cff6f4b666fa1d966981678975e13fd69d647bd11bed99f5fa14,0.2990409540623058,0.0065669787062943
2026-10-06 12:00:00+00:00,dex_day,1,ethereum:0xe0f63a424a4439cbe457d80e4f4b51ad25b2c56c,1.8,Avoid - watch only,0.43972,0.06017,0.43287047838438,84,closed,safety_exit,-0.0713457221865881,14.0,-0.0669790736009259,0.1203481313920937,-0.0601740656960468,-0.042854425387215,1.1620510040213834,0.0,none,0.0111716564905414,0x52c77b0cb827afbad022e6d6caf2c44452edbc39,0.00411845747427,0.0074399662062161
2026-10-06 12:00:00+00:00,dex_day,2,ethereum:0x6982508145454ce325ddbe47a25d4ec3d2311933,0.7,Avoid - watch only,0.47165,0.04,4.33983139811759e-06,84,closed,safety_exit,-0.0511526383545613,14.0,-0.0669600554649459,0.08,-0.0399999999999999,-0.0283398244638171,0.6992670498186117,0.15,lp|holders,0.0111526383545614,0xa43fe16908251ee70ef74718545e4fe6c5ccec9f,0.0062742440849223,0.0074399662062161
2026-10-06 12:00:00+00:00,dex_day,3,ethereum:0xfaba6f8e4a5e8ab82f62fe7c39859fa577269be3,0.6,Avoid - watch only,0.45967,0.04,0.496612549841821,84,closed,safety_exit,-0.0514580950193511,14.0,-0.0672655121297356,0.08,-0.04,-0.0057708889695519,0.9915082099868326,0.15,lp|holders,0.0114580950193511,0x7b1e5d984a43ee732de195628d20d05cfabc3cc7,0.0074399662062161,0.0074399662062161
2026-10-06 12:00:00+00:00,dex_day,4,bsc:0x99991c6aabba5a096f24f250b73580f5179b9999,0.3,Avoid - watch only,0.40828,0.24978,0.092602288416091,84,closed,safety_exit,-0.2849545817391052,24.0,-0.110802219570453,0.499557703738261,-0.2497788518691305,0.3348786667890349,1.605452464794787,0.25,lp|holders|wash,0.0351757298699747,0x3bca91b9b847cff6f4b666fa1d966981678975e13fd69d647bd11bed99f5fa14,0.0829195893846588,0.0074399662062161
2026-10-06 12:00:00+00:00,dex_day,5,bsc:0xce24439f2d9c6a2289f741120fe202248b666666,0.0,Avoid - watch only,0.42559,0.04,0.999754600892169,84,closed,time_limit,-0.0349729750053193,24.0,-0.1104557187388561,0.08,-0.04,0.0023168497403303,0.7053911944332634,0.15,lp|holders,0.0348292290383777,0x1e923c7179135a0c9ff76d0d8b1b75decf58f8a1ef5088320d8e743bdc043d6e,0.0024179745093482,0.0074399662062161
2026-10-06 12:00:00+00:00,dex_short,1,ethereum:0xe0f63a424a4439cbe457d80e4f4b51ad25b2c56c,0.3,Avoid - watch only,0.48815,0.02457,0.43287047838438,84,closed,safety_exit,-0.0357376159412127,4.0,-0.0300560860427495,0.0491319189013426,-0.0245659594506713,-0.042854425387215,1.1620510040213834,0.0,none,0.0111716564905414,0x52c77b0cb827afbad022e6d6caf2c44452edbc39,0.00411845747427,0.0074399662062161
2026-10-06 12:00:00+00:00,dex_short,2,ethereum:0x6982508145454ce325ddbe47a25d4ec3d2311933,0.1,Avoid - watch only,0.50184,0.02,4.33983139811759e-06,84,closed,time_limit,-0.0223859109852391,4.0,-0.0300370679067695,0.04,-0.023798397228173,-0.0283398244638171,0.6992670498186117,0.15,lp|holders,0.0111526383545614,0xa43fe16908251ee70ef74718545e4fe6c5ccec9f,0.0062742440849223,0.0074399662062161
2026-10-06 12:00:00+00:00,dex_short,3,ethereum:0xfaba6f8e4a5e8ab82f62fe7c39859fa577269be3,0.1,Avoid - watch only,0.49254,0.02,0.496612549841821,84,closed,time_limit,-0.0122645174802646,4.0,-0.0303425245715592,0.04,-0.02,-0.0057708889695519,0.9915082099868326,0.15,lp|holders,0.0114580950193511,0x7b1e5d984a43ee732de195628d20d05cfabc3cc7,0.0074399662062161,0.0074399662062161
2026-10-06 12:00:00+00:00,dex_short,4,bsc:0xce24439f2d9c6a2289f741120fe202248b666666,0.0,Avoid - watch only,0.46442,0.02,0.999754600892169,84,closed,time_limit,-0.0363595796796598,4.0,-0.0537136585905858,0.04,-0.02,0.0023168497403303,0.7053911944332634,0.15,lp|holders,0.0348292290383777,0x1e923c7179135a0c9ff76d0d8b1b75decf58f8a1ef5088320d8e743bdc043d6e,0.0024179745093482,0.0074399662062161
2026-10-06 12:00:00+00:00,dex_short,5,bsc:0x99991c6aabba5a096f24f250b73580f5179b9999,0.0,Avoid - watch only,0.3912,0.10197,0.092602288416091,84,closed,safety_exit,-0.1371475191395736,2.0,-0.0931678003968968,0.2039435785391978,-0.1019717892695989,0.3348786667890349,1.605452464794787,0.25,lp|holders|wash,0.0351757298699747,0x3bca91b9b847cff6f4b666fa1d966981678975e13fd69d647bd11bed99f5fa14,0.0829195893846588,0.0074399662062161
2026-10-06 13:00:00+00:00,dex_day,1,ethereum:0xe0f63a424a4439cbe457d80e4f4b51ad25b2c56c,0.9,Avoid - watch only,0.45001,0.05894,0.432697382792149,80,closed,safety_exit,-0.0787836079786581,13.0,-0.0987843334524168,0.1178700029198807,-0.0589350014599404,-0.0424271784108924,1.164027059607322,0.0,none,0.0198486065187177,0x52c77b0cb827afbad022e6d6caf2c44452edbc39,0.008302133348053,0.0086226366755685
2026-10-06 13:00:00+00:00,dex_day,2,ethereum:0x6982508145454ce325ddbe47a25d4ec3d2311933,0.2,Avoid - watch only,0.46499,0.04,4.33965493981508e-06,80,closed,safety_exit,-0.0598297874092259,13.0,-0.0987655143429251,0.08,-0.0399999999999999,-0.0380842689465534,0.6412534799702129,0.15,lp|holders,0.019829787409226,0xa43fe16908251ee70ef74718545e4fe6c5ccec9f,0.0053920318322444,0.0086226366755685
2026-10-06 13:00:00+00:00,dex_day,3,bsc:0x99991c6aabba5a096f24f250b73580f5179b9999,0.2,Avoid - watch only,0.41891,0.24481,0.0944942872720344,80,closed,safety_exit,-0.279984478087703,23.0,-0.147262184900769,0.4896110725723859,-0.2448055362861929,0.3634003491904383,1.985987413756464,0.35,lp|holders|wash|churn,0.0351789418015101,0x3bca91b9b847cff6f4b666fa1d966981678975e13fd69d647bd11bed99f5fa14,0.0187068427910428,0.0086226366755685
2026-10-06 13:00:00+00:00,dex_day,4,solana:JUPyiwrYJFskUPiHa7hkeR8VUtAeFoSYbKedZNsDvCN,0.2,Avoid - watch only,0.41679,0.04,0.3400783086368531,80,closed,safety_exit,-0.0519327944954203,13.0,-0.0908685214291195,0.08,-0.0399999999999999,0.0260804291865497,1.0563434556999316,0.12,metadata|holders,0.0119327944954204,C1MgLojNLWBKADvu9BHdtgzz1oZX4dZ5zGdGcgvvW8Wz,0.0202214918118397,0.0086226366755685
2026-10-06 13:00:00+00:00,dex_day,5,ethereum:0xfaba6f8e4a5e8ab82f62fe7c39859fa577269be3,0.1,Avoid - watch only,0.41602,0.04,0.500307330430227,80,closed,safety_exit,-0.0601304014832506,13.0,-0.0990661284169497,0.08,-0.04,0.0017379659932414,0.9886082933320648,0.15,lp|holders,0.0201304014832506,0x7b1e5d984a43ee732de195628d20d05cfabc3cc7,0.003290276751013,0.0086226366755685
2026-10-06 13:00:00+00:00,dex_short,1,ethereum:0x6982508145454ce325ddbe47a25d4ec3d2311933,0.0,Avoid - watch only,0.48607,0.02,4.33965493981508e-06,80,closed,time_limit,-0.0353262330211933,4.0,-0.048803142968979,0.04,-0.0237587030865598,-0.0380842689465534,0.6412534799702129,0.15,lp|holders,0.019829787409226,0xa43fe16908251ee70ef74718545e4fe6c5ccec9f,0.0053920318322444,0.0086226366755685
2026-10-06 13:00:00+00:00,dex_short,2,ethereum:0xe0f63a424a4439cbe457d80e4f4b51ad25b2c56c,0.0,Avoid - watch only,0.47778,0.02406,0.432697382792149,80,closed,safety_exit,-0.0439087201132235,3.0,-0.0654050378297095,0.0481202271890117,-0.0240601135945058,-0.0424271784108924,1.164027059607322,0.0,none,0.0198486065187177,0x52c77b0cb827afbad022e6d6caf2c44452edbc39,0.008302133348053,0.0086226366755685
2026-10-06 13:00:00+00:00,dex_short,3,bsc:0xce24439f2d9c6a2289f741120fe202248b666666,0.0,Avoid - watch only,0.56881,0.02,0.994741504131474,80,closed,time_limit,-0.0330964722985369,4.0,-0.0638031779202283,0.04,-0.02,-0.0034634877758861,0.7017494070593012,0.15,lp|holders,0.0348298223604753,0x1e923c7179135a0c9ff76d0d8b1b75decf58f8a1ef5088320d8e743bdc043d6e,0.0089431400030839,0.0086226366755685
2026-10-06 13:00:00+00:00,dex_short,4,ethereum:0xfaba6f8e4a5e8ab82f62fe7c39859fa577269be3,0.0,Avoid - watch only,0.42193,0.02,0.500307330430227,80,closed,time_limit,-0.0320703594321379,4.0,-0.0491037570430036,0.04,-0.02,0.0017379659932414,0.9886082933320648,0.15,lp|holders,0.0201304014832506,0x7b1e5d984a43ee732de195628d20d05cfabc3cc7,0.003290276751013,0.0086226366755685
2026-10-06 13:00:00+00:00,dex_short,5,bsc:0x99991c6aabba5a096f24f250b73580f5179b9999,0.0,Avoid - watch only,0.42092,0.09994,0.0944942872720344,80,closed,safety_exit,-0.1383522399287048,1.0,-0.1409920542996222,0.1998828833698549,-0.1031732981271948,0.3634003491904383,1.985987413756464,0.35,lp|holders|wash|churn,0.0351789418015101,0x3bca91b9b847cff6f4b666fa1d966981678975e13fd69d647bd11bed99f5fa14,0.0187068427910428,0.0086226366755685
2026-10-06 14:00:00+00:00,dex_day,1,ethereum:0xf280b16ef293d8e534e370794ef26bf312694126,2.3,Avoid - watch only,0.40428,0.16496,1.4371685226117e-05,80,closed,time_limit,-0.0999708192091991,24.0,-0.0787900106134423,0.3299106436587489,-0.1649553218293744,0.1917015038984164,1.8980199072485653,0.0,none,0.0227060181233686,0x76a411f14a704099ba476ce8dffc288a53295218,0.0091348779113409,0.0054648303759639
2026-10-06 14:00:00+00:00,dex_day,2,ethereum:0xe0f63a424a4439cbe457d80e4f4b51ad25b2c56c,0.6,Avoid - watch only,0.43463,0.05805,0.435068231695191,80,closed,safety_exit,-0.0804481397064786,3.0,-0.0804481387589685,0.1160998407304201,-0.05804992036521,-0.034842120253283,1.1326664369963255,0.0,none,0.0223982193412686,0x52c77b0cb827afbad022e6d6caf2c44452edbc39,0.0006087044930818,0.0054648303759639
2026-10-06 14:00:00+00:00,dex_day,3,solana:JUPyiwrYJFskUPiHa7hkeR8VUtAeFoSYbKedZNsDvCN,0.2,Avoid - watch only,0.4095,0.04109,0.3462661919523039,80,closed,safety_exit,-0.0554292922618705,12.0,-0.0396009613377425,0.0821724779706127,-0.0435291811586322,0.0369207883824378,1.0242954661364594,0.12,metadata|holders,0.0119001111032383,C1MgLojNLWBKADvu9BHdtgzz1oZX4dZ5zGdGcgvvW8Wz,0.029240123480291,0.0054648303759639
2026-10-06 14:00:00+00:00,dex_day,3,bsc:0x99991c6aabba5a096f24f250b73580f5179b9999,0.6,Avoid - watch only,0.40975,0.29202,0.0805970626960175,80,closed,time_limit,-0.1253207860954248,24.0,-0.0912603924844862,0.5840381820369813,-0.2920190910184908,0.1867302688067411,2.3783228266859595,0.35,lp|holders|wash|churn,0.0351763999944125,0x3bca91b9b847cff6f4b666fa1d966981678975e13fd69d647bd11bed99f5fa14,0.1360391768456206,0.0054648303759639
2026-10-06 14:00:00+00:00,dex_day,4,ethereum:0x6982508145454ce325ddbe47a25d4ec3d2311933,0.1,Avoid - watch only,0.47671,0.04,4.33050499174295e-06,80,closed,safety_exit,-0.0623795070015752,12.0,-0.0500803572360794,0.08,-0.04,-0.0198704836729657,0.5771765202437207,0.15,lp|holders,0.0223795070015752,0xa43fe16908251ee70ef74718545e4fe6c5ccec9f,0.0096729046774406,0.0054648303759639
2026-10-06 14:00:00+00:00,dex_day,5,bsc:0xce24439f2d9c6a2289f741120fe202248b666666,0.0,Avoid - watch only,0.42459,0.04,0.998524608231519,80,closed,time_limit,-0.0353184595379863,24.0,-0.0909122430109656,0.08,-0.04,-0.0013466356150849,0.7110821549687252,0.15,lp|holders,0.0348282505208919,0x1e923c7179135a0c9ff76d0d8b1b75decf58f8a1ef5088320d8e743bdc043d6e,0.0054648303759639,0.0054648303759639
2026-10-06 14:00:00+00:00,dex_short,1,ethereum:0xf280b16ef293d8e534e370794ef26bf312694126,0.5,Avoid - watch only,0.45225,0.06734,1.4371685226117e-05,80,closed,time_limit,0.0553714470545528,4.0,-0.0135914369508714,0.134685456279517,-0.0673427281397585,0.1917015038984164,1.8980199072485653,0.0,none,0.0227060181233686,0x76a411f14a704099ba476ce8dffc288a53295218,0.0091348779113409,0.0054648303759639
2026-10-06 14:00:00+00:00,dex_short,2,bsc:0x99991c6aabba5a096f24f250b73580f5179b9999,0.2,Avoid - watch only,0.47338,0.11922,0.0805970626960175,80,closed,time_limit,0.0328606617314245,4.0,-0.0260618188219153,0.2382585253312383,-0.11921629469111,0.1867302688067411,2.3783228266859595,0.35,lp|holders|wash|churn,0.0351763999944125,0x3bca91b9b847cff6f4b666fa1d966981678975e13fd69d647bd11bed99f5fa14,0.1360391768456206,0.0054648303759639
2026-10-06 14:00:00+00:00,dex_short,2,ethereum:0x6982508145454ce325ddbe47a25d4ec3d2311933,0.0,Avoid - watch only,0.50284,0.02,4.33050499174295e-06,80,closed,time_limit,-0.0287399719327849,4.0,-0.013264925829078,0.04,-0.02,-0.0198704836729657,0.5771765202437207,0.15,lp|holders,0.0223795070015752,0xa43fe16908251ee70ef74718545e4fe6c5ccec9f,0.0096729046774406,0.0054648303759639
2026-10-06 14:00:00+00:00,dex_short,3,ethereum:0xe0f63a424a4439cbe457d80e4f4b51ad25b2c56c,0.0,Avoid - watch only,0.44402,0.0237,0.435068231695191,80,closed,safety_exit,-0.046097000091929,1.0,0.0868638437328619,0.0473975615013209,-0.0236987807506604,-0.034842120253283,1.1326664369963255,0.0,none,0.0223982193412686,0x52c77b0cb827afbad022e6d6caf2c44452edbc39,0.0006087044930818,0.0054648303759639
2026-10-06 14:00:00+00:00,dex_short,4,bsc:0xce24439f2d9c6a2289f741120fe202248b666666,0.0,Avoid - watch only,0.46101,0.02,0.998524608231519,80,closed,time_limit,-0.0323260431818097,4.0,-0.0257136693483947,0.04,-0.02,-0.0013466356150849,0.7110821549687252,0.15,lp|holders,0.0348282505208919,0x1e923c7179135a0c9ff76d0d8b1b75decf58f8a1ef5088320d8e743bdc043d6e,0.0054648303759639,0.0054648303759639
2026-10-06 14:00:00+00:00,dex_short,5,ethereum:0xfaba6f8e4a5e8ab82f62fe7c39859fa577269be3,0.0,Avoid - watch only,0.45563,0.02,0.499494532184392,80,closed,time_limit,-0.0249551289078671,4.0,-0.0135424566900825,0.04,-0.02,0.0230944912677338,0.9847300106751324,0.15,lp|holders,0.0226570378625797,0x7b1e5d984a43ee732de195628d20d05cfabc3cc7,0.0267914255974315,0.0054648303759639
2026-10-06 15:00:00+00:00,dex_day,1,ethereum:0xf280b16ef293d8e534e370794ef26bf312694126,2.0,Avoid - watch only,0.39403,0.16192,1.43126500833888e-05,80,closed,time_limit,-0.0970630396255667,24.0,-0.0856098359019283,0.3238327296001093,-0.1619163648000546,0.1929036291481498,1.898528234855064,0.0,none,0.0217641188094765,0x76a411f14a704099ba476ce8dffc288a53295218,0.0201050636817614,0.0046271910737663
2026-10-06 15:00:00+00:00,dex_day,2,ethereum:0xe0f63a424a4439cbe457d80e4f4b51ad25b2c56c,1.0,Avoid - watch only,0.46071,0.0613,0.424753562551936,80,closed,safety_exit,-0.0827540132968005,20.0,-0.082973244398222,0.122602892219966,-0.061301446109983,-0.0636450697994011,1.2115666959938531,0.0,none,0.0214525671868175,0x52c77b0cb827afbad022e6d6caf2c44452edbc39,0.0024187191339197,0.0046271910737663
2026-10-06 15:00:00+00:00,dex_day,3,ethereum:0x6982508145454ce325ddbe47a25d4ec3d2311933,0.2,Avoid - watch only,0.47829,0.04,4.30734692477366e-06,80,closed,safety_exit,-0.061433444562821,11.0,-0.0776519586470025,0.08,-0.04,-0.0244894686336856,0.580206202761804,0.15,lp|holders,0.021433444562821,0xa43fe16908251ee70ef74718545e4fe6c5ccec9f,0.0038551968002999,0.0046271910737663
2026-10-06 15:00:00+00:00,dex_day,4,solana:JUPyiwrYJFskUPiHa7hkeR8VUtAeFoSYbKedZNsDvCN,0.2,Avoid - watch only,0.41066,0.04053,0.3481933566127049,80,closed,safety_exit,-0.0560167519665996,11.0,-0.0680656072319049,0.0810500006208867,-0.0441696588188763,0.0302921494920058,1.0606459604300462,0.12,metadata|holders,0.0118470931477234,C1MgLojNLWBKADvu9BHdtgzz1oZX4dZ5zGdGcgvvW8Wz,0.0334700763442599,0.0046271910737663
2026-10-06 15:00:00+00:00,dex_day,5,bsc:0xce24439f2d9c6a2289f741120fe202248b666666,0.0,Avoid - watch only,0.42954,0.04,0.996951834137514,80,closed,time_limit,-0.0354893347926654,24.0,-0.0986771941071559,0.08,-0.04,-0.0003056660429395,0.7490075196416169,0.15,lp|holders,0.0348314770147041,0x1e923c7179135a0c9ff76d0d8b1b75decf58f8a1ef5088320d8e743bdc043d6e,0.0046271910737663,0.0046271910737663
2026-10-06 15:00:00+00:00,dex_short,1,ethereum:0xf280b16ef293d8e534e370794ef26bf312694126,0.5,Avoid - watch only,0.45716,0.0661,1.43126500833888e-05,80,closed,time_limit,0.0609235728177254,4.0,-0.0392231978145329,0.1322041582554911,-0.0661020791277455,0.1929036291481498,1.898528234855064,0.0,none,0.0217641188094765,0x76a411f14a704099ba476ce8dffc288a53295218,0.0201050636817614,0.0046271910737663
2026-10-06 15:00:00+00:00,dex_short,2,ethereum:0x6982508145454ce325ddbe47a25d4ec3d2311933,0.0,Avoid - watch only,0.53782,0.02,4.30734692477366e-06,80,closed,time_limit,-0.0355963595149143,4.0,-0.0388925235678774,0.04,-0.02,-0.0244894686336856,0.580206202761804,0.15,lp|holders,0.021433444562821,0xa43fe16908251ee70ef74718545e4fe6c5ccec9f,0.0038551968002999,0.0046271910737663
2026-10-06 15:00:00+00:00,dex_short,3,ethereum:0xe0f63a424a4439cbe457d80e4f4b51ad25b2c56c,0.0,Avoid - watch only,0.53451,0.02503,0.424753562551936,80,closed,safety_exit,-0.0464787777641807,2.0,-0.0640114239586915,0.0500524211547264,-0.0250262105773632,-0.0636450697994011,1.2115666959938531,0.0,none,0.0214525671868175,0x52c77b0cb827afbad022e6d6caf2c44452edbc39,0.0024187191339197,0.0046271910737663
2026-10-06 15:00:00+00:00,dex_short,4,bsc:0xce24439f2d9c6a2289f741120fe202248b666666,0.0,Avoid - watch only,0.51597,0.02,0.996951834137514,80,closed,time_limit,-0.032960103033701,4.0,-0.0522905560197605,0.04,-0.02,-0.0003056660429395,0.7490075196416169,0.15,lp|holders,0.0348314770147041,0x1e923c7179135a0c9ff76d0d8b1b75decf58f8a1ef5088320d8e743bdc043d6e,0.0046271910737663,0.0046271910737663
2026-10-06 15:00:00+00:00,dex_short,5,ethereum:0xfaba6f8e4a5e8ab82f62fe7c39859fa577269be3,0.0,Avoid - watch only,0.43551,0.02,0.504168885855897,80,closed,safety_exit,-0.0417072380862623,2.0,-0.0642660948581363,0.04,-0.02,0.027818476847272,1.0775088548358382,0.15,lp|holders,0.0217072380862623,0x7b1e5d984a43ee732de195628d20d05cfabc3cc7,0.0025870929984754,0.0046271910737663
2026-10-06 16:00:00+00:00,dex_day,1,ethereum:0xf280b16ef293d8e534e370794ef26bf312694126,3.0,Avoid - watch only,0.4071,0.15886,1.45449893860379e-05,80,closed,time_limit,-0.1070048605754077,24.0,-0.0679892420254836,0.3177140227349404,-0.1588570113674702,0.2179359521198289,1.9631893535214773,0.0,none,0.0124748559973681,0x76a411f14a704099ba476ce8dffc288a53295218,0.0478526452937753,0.0051148991142195
2026-10-06 16:00:00+00:00,dex_day,2,ethereum:0xe0f63a424a4439cbe457d80e4f4b51ad25b2c56c,2.2,Avoid - watch only,0.45496,0.06228,0.41699067657993,80,closed,safety_exit,-0.074448603400973,22.0,-0.0676848655927945,0.1245562476725883,-0.0622781238362941,-0.0749806495837717,1.1927685120315124,0.0,none,0.012170479564679,0x52c77b0cb827afbad022e6d6caf2c44452edbc39,0.0035624190023617,0.0051148991142195
2026-10-06 16:00:00+00:00,dex_day,3,ethereum:0x6982508145454ce325ddbe47a25d4ec3d2311933,0.7,Avoid - watch only,0.47768,0.04,4.29108088885136e-06,80,closed,safety_exit,-0.0521507776298632,10.0,-0.0590992485969987,0.08,-0.0400000000000001,-0.0255641953793954,0.6087523235450208,0.15,lp|holders,0.0121507776298631,0xa43fe16908251ee70ef74718545e4fe6c5ccec9f,0.0014164891124313,0.0051148991142195
2026-10-06 16:00:00+00:00,dex_day,4,bsc:0x99991c6aabba5a096f24f250b73580f5179b9999,0.7,Avoid - watch only,0.40573,0.3,0.0836120844321426,80,closed,time_limit,-0.1573395944328605,24.0,-0.0906970421330152,0.6000000000000001,-0.3,0.1912172426969247,2.5908607393212653,0.35,lp|holders|wash|churn,0.0351826561048997,0x3bca91b9b847cff6f4b666fa1d966981678975e13fd69d647bd11bed99f5fa14,0.0426608476410805,0.0051148991142195
2026-10-06 16:00:00+00:00,dex_day,5,ethereum:0xfaba6f8e4a5e8ab82f62fe7c39859fa577269be3,0.2,Avoid - watch only,0.45987,0.04,0.496212070327257,80,closed,safety_exit,-0.0524502128488097,10.0,-0.0593986838159453,0.08,-0.04,0.0210421073559318,1.1267345763028882,0.15,lp|holders,0.0124502128488097,0x7b1e5d984a43ee732de195628d20d05cfabc3cc7,0.0021643146948333,0.0051148991142195
2026-10-06 16:00:00+00:00,dex_short,1,ethereum:0xf280b16ef293d8e534e370794ef26bf312694126,1.1,Avoid - watch only,0.45715,0.06485,1.45449893860379e-05,80,closed,time_limit,0.0490649147557357,4.0,-0.01574816243981,0.1297062066379364,-0.0648531033189682,0.2179359521198289,1.9631893535214773,0.0,none,0.0124748559973681,0x76a411f14a704099ba476ce8dffc288a53295218,0.0478526452937753,0.0051148991142195
2026-10-06 16:00:00+00:00,dex_short,2,ethereum:0xe0f63a424a4439cbe457d80e4f4b51ad25b2c56c,0.3,Avoid - watch only,0.51775,0.02542,0.41699067657993,80,closed,time_limit,-0.0112085914531611,4.0,-0.0154437860071209,0.0508498751789276,-0.0254249375894638,-0.0749806495837717,1.1927685120315124,0.0,none,0.012170479564679,0x52c77b0cb827afbad022e6d6caf2c44452edbc39,0.0035624190023617,0.0051148991142195
2026-10-06 16:00:00+00:00,dex_short,3,bsc:0x99991c6aabba5a096f24f250b73580f5179b9999,0.2,Avoid - watch only,0.49394,0.12516,0.0836120844321426,80,closed,time_limit,0.0252294416289345,4.0,-0.0384559625473416,0.2503280204863189,-0.1251640102431594,0.1912172426969247,2.5908607393212653,0.35,lp|holders|wash|churn,0.0351826561048997,0x3bca91b9b847cff6f4b666fa1d966981678975e13fd69d647bd11bed99f5fa14,0.0426608476410805,0.0051148991142195
2026-10-06 16:00:00+00:00,dex_short,4,ethereum:0x6982508145454ce325ddbe47a25d4ec3d2311933,0.1,Avoid - watch only,0.53419,0.02,4.29108088885136e-06,80,closed,time_limit,-0.0206070230559923,4.0,-0.015424084072305,0.04,-0.02,-0.0255641953793954,0.6087523235450208,0.15,lp|holders,0.0121507776298631,0xa43fe16908251ee70ef74718545e4fe6c5ccec9f,0.0014164891124313,0.0051148991142195
2026-10-06 16:00:00+00:00,dex_short,5,bsc:0xce24439f2d9c6a2289f741120fe202248b666666,0.0,Avoid - watch only,0.50672,0.02,0.998224625797569,80,closed,time_limit,-0.0377000846763062,4.0,-0.0381051245235263,0.04,-0.02,-0.0023788045600728,0.802462474900646,0.15,lp|holders,0.0348318180810844,0x1e923c7179135a0c9ff76d0d8b1b75decf58f8a1ef5088320d8e743bdc043d6e,0.0036871207499817,0.0051148991142195
2026-10-06 17:00:00+00:00,dex_day,1,ethereum:0xf280b16ef293d8e534e370794ef26bf312694126,3.4,Avoid - watch only,0.41263,0.16041,1.52410056039297e-05,80,closed,time_limit,-0.1551074644387207,24.0,-0.0733018080571307,0.32081389966956,-0.16040694983478,0.2503775894609887,2.035547812862705,0.0,none,0.0125878540536199,0x76a411f14a704099ba476ce8dffc288a53295218,0.0196048148513152,0.0106127053132015
2026-10-06 17:00:00+00:00,dex_day,2,ethereum:0xe0f63a424a4439cbe457d80e4f4b51ad25b2c56c,1.8,Avoid - watch only,0.42317,0.06126,0.418476172089986,80,closed,safety_exit,-0.073544902344647,20.0,-0.0843599680575149,0.1225142575849385,-0.0612571287924692,-0.0773011083693473,1.2763175154366428,0.0,none,0.0122877735521778,0x52c77b0cb827afbad022e6d6caf2c44452edbc39,0.0100414954620722,0.0106127053132015
2026-10-06 17:00:00+00:00,dex_day,3,bsc:0x99991c6aabba5a096f24f250b73580f5179b9999,0.8,Avoid - watch only,0.39531,0.3,0.0861865356944896,80,closed,time_limit,-0.1859681628399188,24.0,-0.0958956026234655,0.6000000000000001,-0.3,0.1807359985288972,2.61162535131304,0.35,lp|holders|wash|churn,0.0351816486199547,0x3bca91b9b847cff6f4b666fa1d966981678975e13fd69d647bd11bed99f5fa14,0.0182632077253039,0.0106127053132015
2026-10-06 17:00:00+00:00,dex_day,4,ethereum:0x6982508145454ce325ddbe47a25d4ec3d2311933,0.7,Avoid - watch only,0.47674,0.04,4.27240571306553e-06,80,closed,safety_exit,-0.0522682829128971,9.0,-0.0590137869358918,0.08,-0.0400000000000001,-0.0250544044979701,0.6079578660446684,0.15,lp|holders,0.012268282912897,0xa43fe16908251ee70ef74718545e4fe6c5ccec9f,0.0093339552219695,0.0106127053132015
2026-10-06 17:00:00+00:00,dex_day,5,ethereum:0xfaba6f8e4a5e8ab82f62fe7c39859fa577269be3,0.2,Avoid - watch only,0.46281,0.04,0.49433368194337,80,closed,safety_exit,-0.0525607724851717,9.0,-0.0593062765081665,0.08,-0.04,0.0078708575104482,1.1477701403090177,0.15,lp|holders,0.0125607724851717,0x7b1e5d984a43ee732de195628d20d05cfabc3cc7,0.0102497000763248,0.0106127053132015
2026-10-06 17:00:00+00:00,dex_short,1,ethereum:0xf280b16ef293d8e534e370794ef26bf312694126,1.1,Avoid - watch only,0.4478,0.06549,1.52410056039297e-05,80,closed,time_limit,-0.0298650024910828,4.0,-0.0246891059303509,0.130971726097143,-0.0654858630485715,0.2503775894609887,2.035547812862705,0.0,none,0.0125878540536199,0x76a411f14a704099ba476ce8dffc288a53295218,0.0196048148513152,0.0106127053132015
2026-10-06 17:00:00+00:00,dex_short,2,ethereum:0xe0f63a424a4439cbe457d80e4f4b51ad25b2c56c,0.2,Avoid - watch only,0.45768,0.02501,0.418476172089986,80,closed,time_limit,-0.0169698044566606,4.0,-0.0243890254289088,0.0500162362165004,-0.0288397043129121,-0.0773011083693473,1.2763175154366428,0.0,none,0.0122877735521778,0x52c77b0cb827afbad022e6d6caf2c44452edbc39,0.0100414954620722,0.0106127053132015
2026-10-06 17:00:00+00:00,dex_short,3,bsc:0x99991c6aabba5a096f24f250b73580f5179b9999,0.2,Avoid - watch only,0.49345,0.123,0.0861865356944896,80,closed,time_limit,-0.0107428875332368,4.0,-0.0472829004966857,0.2459918520909221,-0.122995926045461,0.1807359985288972,2.61162535131304,0.35,lp|holders|wash|churn,0.0351816486199547,0x3bca91b9b847cff6f4b666fa1d966981678975e13fd69d647bd11bed99f5fa14,0.0182632077253039,0.0106127053132015
2026-10-06 17:00:00+00:00,dex_short,4,ethereum:0x6982508145454ce325ddbe47a25d4ec3d2311933,0.1,Avoid - watch only,0.54501,0.02,4.27240571306553e-06,80,closed,time_limit,-0.017223195488152,4.0,-0.024369534789628,0.04,-0.0199999999999999,-0.0250544044979701,0.6079578660446684,0.15,lp|holders,0.012268282912897,0xa43fe16908251ee70ef74718545e4fe6c5ccec9f,0.0093339552219695,0.0106127053132015
2026-10-06 17:00:00+00:00,dex_short,5,bsc:0xce24439f2d9c6a2289f741120fe202248b666666,0.0,Avoid - watch only,0.53103,0.02,0.996465739379273,80,closed,time_limit,-0.0330606251316221,4.0,-0.0469308232214885,0.04,-0.02,-0.003096507270707,0.8447997863256937,0.15,lp|holders,0.0348295713447575,0x1e923c7179135a0c9ff76d0d8b1b75decf58f8a1ef5088320d8e743bdc043d6e,0.0065219278567725,0.0106127053132015
2026-10-06 18:00:00+00:00,dex_day,1,ethereum:0xf280b16ef293d8e534e370794ef26bf312694126,2.2,Avoid - watch only,0.42306,0.15729,1.54937899789072e-05,80,closed,safety_exit,-0.170327658669613,20.0,-0.0787371449594338,0.3145835851813419,-0.1572917925906709,0.2789684319416921,2.069354398232868,0.0,none,0.0130358660789421,0x76a411f14a704099ba476ce8dffc288a53295218,0.0031906903180694,0.0018390953755821
2026-10-06 18:00:00+00:00,dex_day,2,ethereum:0xe0f63a424a4439cbe457d80e4f4b51ad25b2c56c,1.1,Avoid - watch only,0.42213,0.06104,0.422469544185625,80,closed,safety_exit,-0.0737777777091949,17.0,-0.0654792336892058,0.1220834358638403,-0.0610417179319201,-0.0785994183554817,1.273455137470214,0.1,holders,0.0127360597772748,0x52c77b0cb827afbad022e6d6caf2c44452edbc39,0.0,0.0018390953755821
2026-10-06 18:00:00+00:00,dex_day,3,bsc:0x99991c6aabba5a096f24f250b73580f5179b9999,1.1,Avoid - watch only,0.39782,0.29515,0.0860806500255876,80,closed,time_limit,-0.181447848216415,24.0,-0.1008826770871114,0.5903076124283047,-0.2951538062141523,0.1685116317595056,2.611020455300422,0.35,lp|holders|wash|churn,0.0351813982066197,0x3bca91b9b847cff6f4b666fa1d966981678975e13fd69d647bd11bed99f5fa14,0.0301294352399472,0.0018390953755821
2026-10-06 18:00:00+00:00,dex_day,4,ethereum:0x6982508145454ce325ddbe47a25d4ec3d2311933,0.5,Avoid - watch only,0.44709,0.04,4.30296096660854e-06,80,closed,safety_exit,-0.0527165450405812,8.0,-0.0593270309077431,0.08,-0.0400000000000001,-0.0250885215108489,0.6218619157891981,0.15,lp|holders,0.0127165450405811,0xa43fe16908251ee70ef74718545e4fe6c5ccec9f,0.0,0.0018390953755821
2026-10-06 18:00:00+00:00,dex_day,5,solana:JUPyiwrYJFskUPiHa7hkeR8VUtAeFoSYbKedZNsDvCN,0.2,Avoid - watch only,0.40741,0.04869,0.3524614072587737,80,closed,safety_exit,-0.0605588618475299,8.0,-0.0584760962246326,0.0973865029801184,-0.0486932514900593,0.0081039397216093,1.141873421793001,0.12,metadata|holders,0.0118656103574706,C1MgLojNLWBKADvu9BHdtgzz1oZX4dZ5zGdGcgvvW8Wz,0.0036628110552117,0.0018390953755821
2026-10-06 18:00:00+00:00,dex_short,1,ethereum:0xf280b16ef293d8e534e370794ef26bf312694126,0.5,Avoid - watch only,0.44951,0.06421,1.54937899789072e-05,80,closed,time_limit,-0.0568389369424317,4.0,-0.0217115486244661,0.1284282108582757,-0.0642141054291378,0.2789684319416921,2.069354398232868,0.0,none,0.0130358660789421,0x76a411f14a704099ba476ce8dffc288a53295218,0.0031906903180694,0.0018390953755821
2026-10-06 18:00:00+00:00,dex_short,2,bsc:0x99991c6aabba5a096f24f250b73580f5179b9999,0.2,Avoid - watch only,0.45857,0.1205,0.0860806500255876,80,closed,time_limit,-0.0195950543810202,4.0,-0.0438570807521437,0.2409920736216599,-0.1204960368108299,0.1685116317595056,2.611020455300422,0.35,lp|holders|wash|churn,0.0351813982066197,0x3bca91b9b847cff6f4b666fa1d966981678975e13fd69d647bd11bed99f5fa14,0.0301294352399472,0.0018390953755821
2026-10-06 18:00:00+00:00,dex_short,3,ethereum:0xe0f63a424a4439cbe457d80e4f4b51ad25b2c56c,0.1,Avoid - watch only,0.45496,0.02492,0.422469544185625,80,closed,time_limit,-0.0259485243368063,4.0,-0.0214117423227988,0.0498403539853673,-0.0249201769926836,-0.0785994183554817,1.273455137470214,0.1,holders,0.0127360597772748,0x52c77b0cb827afbad022e6d6caf2c44452edbc39,0.0,0.0018390953755821
2026-10-06 18:00:00+00:00,dex_short,4,ethereum:0x6982508145454ce325ddbe47a25d4ec3d2311933,0.0,Avoid - watch only,0.4728,0.02,4.30296096660854e-06,80,closed,time_limit,-0.0179876055878969,4.0,-0.0213922275861051,0.04,-0.02,-0.0250885215108489,0.6218619157891981,0.15,lp|holders,0.0127165450405811,0xa43fe16908251ee70ef74718545e4fe6c5ccec9f,0.0,0.0018390953755821
2026-10-06 18:00:00+00:00,dex_short,5,bsc:0xce24439f2d9c6a2289f741120fe202248b666666,0.0,Avoid - watch only,0.44177,0.02,1.00102312383449,80,closed,time_limit,-0.0402367149604198,4.0,-0.0435065054635561,0.04,-0.02,-0.0019888206084274,0.843903272498149,0.15,lp|holders,0.0348308229180321,0x1e923c7179135a0c9ff76d0d8b1b75decf58f8a1ef5088320d8e743bdc043d6e,0.0005487014730549,0.0018390953755821
2026-10-06 19:00:00+00:00,dex_day,1,ethereum:0xf280b16ef293d8e534e370794ef26bf312694126,2.3,Avoid - watch only,0.41182,0.15428,1.54961300798521e-05,83,closed,safety_exit,-0.1675049672330443,19.0,-0.080079363619182,0.3085656165611712,-0.1542828082805856,0.2843441406727489,2.075530570684966,0.0,none,0.0132221589524587,0x76a411f14a704099ba476ce8dffc288a53295218,0.0062637389717321,0.0089412802262704
2026-10-06 19:00:00+00:00,dex_day,2,ethereum:0xe0f63a424a4439cbe457d80e4f4b51ad25b2c56c,2.1,Avoid - watch only,0.44251,0.06028,0.418498214637878,83,closed,safety_exit,-0.0732069552274912,18.0,-0.0823097721805407,0.1205674852683704,-0.0602837426341852,-0.0890488979991718,1.2834181363095816,0.0,none,0.012923212593306,0x52c77b0cb827afbad022e6d6caf2c44452edbc39,0.0093070139263251,0.0089412802262704
2026-10-06 19:00:00+00:00,dex_day,3,robinhood:0x020bfc650a365f8bb26819deaabf3e21291018b4,1.5,Avoid - watch only,0.49078,0.06271,0.136967286073067,83,closed,safety_exit,-0.0811296424507014,16.0,-0.0691072146380686,0.1254181849747155,-0.0627090924873577,-0.1384630077847144,0.6931814225082069,0.15,lp|holders,0.0184205499633436,0xd42a491087a15e5afd51feb3606066cc152d2b09,0.0253027680229291,0.0089412802262704
2026-10-06 19:00:00+00:00,dex_day,4,bsc:0x99991c6aabba5a096f24f250b73580f5179b9999,1.3,Avoid - watch only,0.39099,0.28972,0.0883183543580424,83,closed,time_limit,-0.2046166480907479,24.0,-0.1012568737453175,0.5794338376156674,-0.2897169188078335,0.1853732323922541,2.5983288396735107,0.35,lp|holders|wash|churn,0.0351786416764356,0x3bca91b9b847cff6f4b666fa1d966981678975e13fd69d647bd11bed99f5fa14,0.0106373616586352,0.0089412802262704
2026-10-06 19:00:00+00:00,dex_day,5,ethereum:0x6982508145454ce325ddbe47a25d4ec3d2311933,0.6,Avoid - watch only,0.47241,0.04,4.24634233660893e-06,83,closed,safety_exit,-0.0529037668091631,16.0,-0.0635904314838881,0.08,-0.04,-0.0379616057078298,0.6366578494266187,0.15,lp|holders,0.0129037668091631,0xa43fe16908251ee70ef74718545e4fe6c5ccec9f,0.0085755465262158,0.0089412802262704
2026-10-06 19:00:00+00:00,dex_short,1,ethereum:0xf280b16ef293d8e534e370794ef26bf312694126,0.5,Avoid - watch only,0.45312,0.06299,1.54961300798521e-05,83,closed,safety_exit,-0.0762078516809715,4.0,-0.0163560599657195,0.1259713854570259,-0.0629856927285129,0.2843441406727489,2.075530570684966,0.0,none,0.0132221589524587,0x76a411f14a704099ba476ce8dffc288a53295218,0.0062637389717321,0.0089412802262704
2026-10-06 19:00:00+00:00,dex_short,2,ethereum:0xe0f63a424a4439cbe457d80e4f4b51ad25b2c56c,0.2,Avoid - watch only,0.54803,0.02461,0.418498214637878,83,closed,time_limit,-0.0141725872940139,4.0,-0.0160571136065668,0.0492214697463393,-0.0288908558987009,-0.0890488979991718,1.2834181363095816,0.0,none,0.012923212593306,0x52c77b0cb827afbad022e6d6caf2c44452edbc39,0.0093070139263251,0.0089412802262704
2026-10-06 19:00:00+00:00,dex_short,3,bsc:0x99991c6aabba5a096f24f250b73580f5179b9999,0.2,Avoid - watch only,0.4572,0.11828,0.0883183543580424,83,closed,time_limit,-0.0396282880540577,4.0,-0.0383125426896964,0.2365528736435118,-0.1182764368217559,0.1853732323922541,2.5983288396735107,0.35,lp|holders|wash|churn,0.0351786416764356,0x3bca91b9b847cff6f4b666fa1d966981678975e13fd69d647bd11bed99f5fa14,0.0106373616586352,0.0089412802262704
2026-10-06 19:00:00+00:00,dex_short,4,ethereum:0x6982508145454ce325ddbe47a25d4ec3d2311933,0.1,Avoid - watch only,0.57071,0.02,4.24634233660893e-06,83,closed,time_limit,-0.0102624522522291,4.0,-0.0160376678224239,0.04,-0.02,-0.0379616057078298,0.6366578494266187,0.15,lp|holders,0.0129037668091631,0xa43fe16908251ee70ef74718545e4fe6c5ccec9f,0.0085755465262158,0.0089412802262704
2026-10-06 19:00:00+00:00,dex_short,5,robinhood:0x020bfc650a365f8bb26819deaabf3e21291018b4,0.1,Avoid - watch only,0.58573,0.0256,0.136967286073067,83,closed,time_limit,-0.0166883738015086,4.0,-0.0215544509766044,0.0512017596090081,-0.025600879804504,-0.1384630077847144,0.6931814225082069,0.15,lp|holders,0.0184205499633436,0xd42a491087a15e5afd51feb3606066cc152d2b09,0.0253027680229291,0.0089412802262704
2026-10-06 20:00:00+00:00,dex_day,1,ethereum:0xf280b16ef293d8e534e370794ef26bf312694126,2.9,Avoid - watch only,0.4288,0.15157,1.5440084698461e-05,83,closed,safety_exit,-0.1627669443310043,18.0,-0.0739289362153265,0.3031311685928721,-0.151565584296436,0.2676494653808863,2.0776653660391555,0.0,none,0.0112013600345684,0x76a411f14a704099ba476ce8dffc288a53295218,0.0053317945449939,0.0056923878567494
2026-10-06 20:00:00+00:00,dex_day,2,ethereum:0xe0f63a424a4439cbe457d80e4f4b51ad25b2c56c,2.3,Avoid - watch only,0.43529,0.05905,0.417391774954346,83,closed,safety_exit,-0.0699472176963572,17.0,-0.0792868014948231,0.1180915628005492,-0.0590457814002746,-0.0930089602559374,1.292846361439248,0.0,none,0.0109014362960826,0x52c77b0cb827afbad022e6d6caf2c44452edbc39,0.0051031876355349,0.0056923878567494
2026-10-06 20:00:00+00:00,dex_day,3,robinhood:0x020bfc650a365f8bb26819deaabf3e21291018b4,1.2,Avoid - watch only,0.46371,0.06176,0.13720368483613,83,closed,safety_exit,-0.0801786907762245,6.0,-0.0675402180874178,0.1235285471724192,-0.0617642735862095,-0.1480372543456405,0.8287793144182535,0.15,lp|holders,0.018414417190015,0xd42a491087a15e5afd51feb3606066cc152d2b09,0.006360522611833,0.0056923878567494
2026-10-06 20:00:00+00:00,dex_day,4,ethereum:0x6982508145454ce325ddbe47a25d4ec3d2311933,0.7,Avoid - watch only,0.44936,0.04,4.25479445571186e-06,83,closed,safety_exit,-0.0508818959422532,6.0,-0.060007696839656,0.08,-0.04,-0.0432585069386917,0.617627027496038,0.15,lp|holders,0.0108818959422532,0xa43fe16908251ee70ef74718545e4fe6c5ccec9f,0.0052473213364532,0.0056923878567494
2026-10-06 20:00:00+00:00,dex_day,5,ethereum:0x8ed97a637a790be1feff5e888d43629dc05408f6,0.6,Avoid - watch only,0.44298,0.0622,0.0230597053416259,83,closed,safety_exit,-0.0731408753551453,6.0,-0.0600674237910428,0.1243985049230111,-0.0621992524615055,0.1207299788823546,1.485810915270278,0.1,holders,0.01094162289364,0x69c7bd26512f52bf6f76fab834140d13dda673ca,0.0294738786347594,0.0056923878567494
2026-10-06 20:00:00+00:00,dex_short,1,ethereum:0xf280b16ef293d8e534e370794ef26bf312694126,0.7,Avoid - watch only,0.47536,0.06188,1.5440084698461e-05,83,closed,safety_exit,-0.0730777507167449,3.0,-0.0987438476915025,0.123752781364353,-0.0618763906821765,0.2676494653808863,2.0776653660391555,0.0,none,0.0112013600345684,0x76a411f14a704099ba476ce8dffc288a53295218,0.0053317945449939,0.0056923878567494
2026-10-06 20:00:00+00:00,dex_short,2,ethereum:0xe0f63a424a4439cbe457d80e4f4b51ad25b2c56c,0.3,Avoid - watch only,0.52363,0.02411,0.417391774954346,83,closed,time_limit,-0.0028807361392068,4.0,-0.0083911516564665,0.0482106786315301,-0.0263165989091088,-0.0930089602559374,1.292846361439248,0.0,none,0.0109014362960826,0x52c77b0cb827afbad022e6d6caf2c44452edbc39,0.0051031876355349,0.0056923878567494
2026-10-06 20:00:00+00:00,dex_short,3,ethereum:0x6982508145454ce325ddbe47a25d4ec3d2311933,0.1,Avoid - watch only,0.49028,0.02,4.25479445571186e-06,83,closed,time_limit,-0.0045060670585965,4.0,-0.0083716113026371,0.04,-0.0200000000000001,-0.0432585069386917,0.617627027496038,0.15,lp|holders,0.0108818959422532,0xa43fe16908251ee70ef74718545e4fe6c5ccec9f,0.0052473213364532,0.0056923878567494
2026-10-06 20:00:00+00:00,dex_short,4,ethereum:0x8ed97a637a790be1feff5e888d43629dc05408f6,0.0,Avoid - watch only,0.43647,0.02539,0.0230597053416259,83,closed,time_limit,-0.0279891712658336,4.0,-0.0084313382540239,0.0507854769710798,-0.02539273848554,0.1207299788823546,1.485810915270278,0.1,holders,0.01094162289364,0x69c7bd26512f52bf6f76fab834140d13dda673ca,0.0294738786347594,0.0056923878567494
2026-10-06 20:00:00+00:00,dex_short,5,bsc:0xce24439f2d9c6a2289f741120fe202248b666666,0.0,Avoid - watch only,0.54914,0.02,0.995361451448866,83,closed,time_limit,-0.0286145034641232,4.0,-0.0323209134386063,0.04,-0.02,-0.0077795467112626,0.721076118381327,0.15,lp|holders,0.0348311980782224,0x1e923c7179135a0c9ff76d0d8b1b75decf58f8a1ef5088320d8e743bdc043d6e,0.0056923878567494,0.0056923878567494
2026-10-06 21:00:00+00:00,dex_day,1,ethereum:0xf280b16ef293d8e534e370794ef26bf312694126,5.0,Weak,0.41182,0.15313,1.49776844877744e-05,83,closed,time_limit,-0.1073539484899835,24.0,-0.0837920219213626,0.3062589885014395,-0.1531294942507197,0.2384764174253817,2.1356676382274062,0.0,none,0.0108451802615515,0x76a411f14a704099ba476ce8dffc288a53295218,0.0006374626477205,0.0057711288665907
2026-10-06 21:00:00+00:00,dex_day,2,ethereum:0xe0f63a424a4439cbe457d80e4f4b51ad25b2c56c,2.3,Avoid - watch only,0.43266,0.05783,0.416516853719471,83,closed,safety_exit,-0.0683654572049279,16.0,-0.0780635327093791,0.1156571806575517,-0.0578285903287758,-0.090852671030805,1.2953595996875398,0.0,none,0.0105368668761521,0x52c77b0cb827afbad022e6d6caf2c44452edbc39,0.0069287288571129,0.0057711288665907
2026-10-06 21:00:00+00:00,dex_day,3,robinhood:0x020bfc650a365f8bb26819deaabf3e21291018b4,1.3,Avoid - watch only,0.48275,0.0605,0.136427892968831,83,closed,safety_exit,-0.0789112770615555,14.0,-0.0683878060954721,0.1209965662144658,-0.060498283107233,-0.1654922005532331,0.8281619420066488,0.15,lp|holders,0.0184129939543225,0xd42a491087a15e5afd51feb3606066cc152d2b09,0.0068096122561185,0.0057711288665907
2026-10-06 21:00:00+00:00,dex_day,4,solana:9BB6NFEcjBCtnNLFko2FqVQBq8HHM13kCyYcdQbgpump,1.2,Avoid - watch only,0.44689,0.0516,0.1699798621727959,83,closed,safety_exit,-0.0620970522764066,5.0,-0.0563544868268109,0.1031912520227777,-0.051595626011389,-0.080652243921478,1.1054974185830038,0.1,holders,0.0105014262650176,Bzc9NZfMqkXR6fz1DBph7BDf9BroyEf6pnzESP7v5iiw,0.009635605100609,0.0057711288665907
2026-10-06 21:00:00+00:00,dex_day,5,ethereum:0x6982508145454ce325ddbe47a25d4ec3d2311933,0.8,Avoid - watch only,0.46244,0.04,4.25123631627127e-06,83,closed,safety_exit,-0.0505173571363208,5.0,-0.0563704176981141,0.08,-0.04,-0.0396956392372498,0.6119103739648457,0.15,lp|holders,0.0105173571363208,0xa43fe16908251ee70ef74718545e4fe6c5ccec9f,0.006831773251084,0.0057711288665907
2026-10-06 21:00:00+00:00,dex_short,1,ethereum:0xf280b16ef293d8e534e370794ef26bf312694126,2.1,Avoid - watch only,0.51317,0.06251,1.49776844877744e-05,83,closed,time_limit,-0.0484828167243534,4.0,-0.0146527945384863,0.1250297084949045,-0.0625148542474522,0.2384764174253817,2.1356676382274062,0.0,none,0.0108451802615515,0x76a411f14a704099ba476ce8dffc288a53295218,0.0006374626477205,0.0057711288665907
2026-10-06 21:00:00+00:00,dex_short,2,ethereum:0xe0f63a424a4439cbe457d80e4f4b51ad25b2c56c,0.3,Avoid - watch only,0.52441,0.02361,0.416516853719471,83,closed,time_limit,-0.0206648519037475,4.0,-0.0143444811530869,0.0472168462833155,-0.0236084231416577,-0.090852671030805,1.2953595996875398,0.0,none,0.0105368668761521,0x52c77b0cb827afbad022e6d6caf2c44452edbc39,0.0069287288571129,0.0057711288665907
2026-10-06 21:00:00+00:00,dex_short,3,ethereum:0x6982508145454ce325ddbe47a25d4ec3d2311933,0.1,Avoid - watch only,0.51707,0.02,4.25123631627127e-06,83,closed,time_limit,-0.0193214300591425,4.0,-0.0143249714132556,0.04,-0.0199999999999999,-0.0396956392372498,0.6119103739648457,0.15,lp|holders,0.0105173571363208,0xa43fe16908251ee70ef74718545e4fe6c5ccec9f,0.006831773251084,0.0057711288665907
2026-10-06 21:00:00+00:00,dex_short,4,solana:9BB6NFEcjBCtnNLFko2FqVQBq8HHM13kCyYcdQbgpump,0.1,Avoid - watch only,0.51423,0.02106,0.1699798621727959,83,closed,safety_exit,-0.0315652523795798,4.0,-0.0143090405419524,0.0421276522291247,-0.0210638261145623,-0.080652243921478,1.1054974185830038,0.1,holders,0.0105014262650176,Bzc9NZfMqkXR6fz1DBph7BDf9BroyEf6pnzESP7v5iiw,0.009635605100609,0.0057711288665907
2026-10-06 21:00:00+00:00,dex_short,5,ethereum:0xfaba6f8e4a5e8ab82f62fe7c39859fa577269be3,0.1,Avoid - watch only,0.55902,0.02,0.490062480495102,83,closed,time_limit,-0.0283731320201998,4.0,-0.0146458306043634,0.04,-0.02,-0.0122291715877191,0.7784762600390431,0.15,lp|holders,0.0108382163274286,0x7b1e5d984a43ee732de195628d20d05cfabc3cc7,0.0113135975228355,0.0057711288665907
2026-10-06 22:00:00+00:00,dex_day,1,ethereum:0xf280b16ef293d8e534e370794ef26bf312694126,4.3,Avoid - watch only,0.38851,0.15093,1.48151143985171e-05,83,closed,time_limit,-0.0811796855159791,24.0,-0.078498216546164,0.3018591611990242,-0.1509295805995121,0.2299951749243494,2.167836812100849,0.0,none,0.0124769297678912,0x76a411f14a704099ba476ce8dffc288a53295218,0.0,0.006772169777204
2026-10-06 22:00:00+00:00,dex_day,2,ethereum:0xe0f63a424a4439cbe457d80e4f4b51ad25b2c56c,1.9,Avoid - watch only,0.43674,0.0567,0.416887680305591,83,closed,safety_exit,-0.068870000756075,15.0,-0.0794224112481711,0.1134034297042889,-0.0567017148521444,-0.0839891349408853,1.29798736148183,0.0,none,0.0121682859039307,0x52c77b0cb827afbad022e6d6caf2c44452edbc39,0.0069553647138687,0.006772169777204
2026-10-06 22:00:00+00:00,dex_day,3,robinhood:0x020bfc650a365f8bb26819deaabf3e21291018b4,1.2,Avoid - watch only,0.48424,0.05927,0.13557291613396,83,closed,safety_exit,-0.0776972696751295,13.0,-0.0715192889290612,0.1185407863562206,-0.0592703931781103,-0.1566213408725993,0.8302388013069837,0.15,lp|holders,0.0184268764970192,0xd42a491087a15e5afd51feb3606066cc152d2b09,0.0128927084765433,0.006772169777204
2026-10-06 22:00:00+00:00,dex_day,4,ethereum:0x8ed97a637a790be1feff5e888d43629dc05408f6,0.8,Avoid - watch only,0.43012,0.06776,0.0229740496709931,83,closed,safety_exit,-0.0799715482468921,6.0,-0.0632425127836646,0.1355242498706079,-0.0677621249353039,0.111713816063482,1.7343447910534395,0.1,holders,0.0122094233115883,0x69c7bd26512f52bf6f76fab834140d13dda673ca,0.0018954016957393,0.006772169777204
2026-10-06 22:00:00+00:00,dex_day,5,ethereum:0x6982508145454ce325ddbe47a25d4ec3d2311933,0.6,Avoid - watch only,0.4487,0.04,4.28027979882081e-06,83,closed,safety_exit,-0.0521487944594889,4.0,-0.055331714052224,0.08,-0.0399999999999999,-0.0294006859278592,0.5952194989342978,0.15,lp|holders,0.012148794459489,0xa43fe16908251ee70ef74718545e4fe6c5ccec9f,0.0011369961602794,0.006772169777204
2026-10-06 22:00:00+00:00,dex_short,1,ethereum:0xf280b16ef293d8e534e370794ef26bf312694126,1.7,Avoid - watch only,0.50771,0.06162,1.48151143985171e-05,83,closed,safety_exit,-0.0740936730280698,4.0,-0.034846171992375,0.1232334865203572,-0.0616167432601786,0.2299951749243494,2.167836812100849,0.0,none,0.0124769297678912,0x76a411f14a704099ba476ce8dffc288a53295218,0.0,0.006772169777204
2026-10-06 22:00:00+00:00,dex_short,2,ethereum:0xe0f63a424a4439cbe457d80e4f4b51ad25b2c56c,0.1,Avoid - watch only,0.51829,0.02315,0.416887680305591,83,closed,safety_exit,-0.0373075207045302,4.0,-0.0345375281284145,0.0462967563095149,-0.0251392348005995,-0.0839891349408853,1.29798736148183,0.0,none,0.0121682859039307,0x52c77b0cb827afbad022e6d6caf2c44452edbc39,0.0069553647138687,0.006772169777204
2026-10-06 22:00:00+00:00,dex_short,3,ethereum:0x8ed97a637a790be1feff5e888d43629dc05408f6,0.1,Avoid - watch only,0.45373,0.02766,0.0229740496709931,83,closed,safety_exit,-0.0398731949746247,4.0,-0.0345786655360721,0.0553275433260731,-0.0276637716630365,0.111713816063482,1.7343447910534395,0.1,holders,0.0122094233115883,0x69c7bd26512f52bf6f76fab834140d13dda673ca,0.0018954016957393,0.006772169777204
2026-10-06 22:00:00+00:00,dex_short,4,ethereum:0x6982508145454ce325ddbe47a25d4ec3d2311933,0.0,Avoid - watch only,0.46312,0.02,4.28027979882081e-06,83,closed,safety_exit,-0.032148794459489,4.0,-0.0345180366839728,0.04,-0.02,-0.0294006859278592,0.5952194989342978,0.15,lp|holders,0.012148794459489,0xa43fe16908251ee70ef74718545e4fe6c5ccec9f,0.0011369961602794,0.006772169777204
2026-10-06 22:00:00+00:00,dex_short,5,bsc:0xce24439f2d9c6a2289f741120fe202248b666666,0.0,Avoid - watch only,0.52429,0.02,0.995611700895107,83,closed,time_limit,-0.0297648780617524,4.0,-0.0572006735784363,0.04,-0.02,-0.0063977999554268,0.7004812756927801,0.15,lp|holders,0.0348314313539525,0x1e923c7179135a0c9ff76d0d8b1b75decf58f8a1ef5088320d8e743bdc043d6e,0.0052396289883123,0.006772169777204
2026-10-06 23:00:00+00:00,dex_day,1,ethereum:0xf280b16ef293d8e534e370794ef26bf312694126,4.7,Avoid - watch only,0.39517,0.15244,1.43440337307511e-05,83,closed,time_limit,-0.0538236245008355,24.0,-0.0818030397184116,0.304875495452434,-0.152437747726217,0.1798110970604991,2.1828048563224143,0.0,none,0.0113253753095058,0x76a411f14a704099ba476ce8dffc288a53295218,0.0050784999825976,0.0056462250853116
2026-10-06 23:00:00+00:00,dex_day,2,ethereum:0xe0f63a424a4439cbe457d80e4f4b51ad25b2c56c,1.1,Avoid - watch only,0.42657,0.0557,0.417975353556218,83,closed,safety_exit,-0.0667113551718728,12.0,-0.0974703799611007,0.1113968098691038,-0.0556984049345519,-0.0813108459393614,1.277643828100032,0.1,holders,0.0110129502373209,0x52c77b0cb827afbad022e6d6caf2c44452edbc39,0.0066132982470488,0.0056462250853116
2026-10-06 23:00:00+00:00,dex_day,3,robinhood:0x020bfc650a365f8bb26819deaabf3e21291018b4,1.0,Avoid - watch only,0.44586,0.06032,0.137204537540954,83,closed,safety_exit,-0.0787457657974803,3.0,-0.0642536011183788,0.1206483974627028,-0.0603241987313515,-0.1477192230305639,0.898407983587669,0.15,lp|holders,0.0184215670661288,0xd42a491087a15e5afd51feb3606066cc152d2b09,0.0417977727429765,0.0056462250853116
2026-10-06 23:00:00+00:00,dex_day,4,ethereum:0x8ed97a637a790be1feff5e888d43629dc05408f6,0.8,Avoid - watch only,0.42777,0.06692,0.0228440648177935,83,closed,safety_exit,-0.0779742783959985,12.0,-0.0975115306184759,0.1338403550026048,-0.0669201775013024,0.1160939932849465,1.7264517958394867,0.1,holders,0.0110541008946961,0x69c7bd26512f52bf6f76fab834140d13dda673ca,0.0063361930909886,0.0056462250853116
2026-10-06 23:00:00+00:00,dex_day,5,ethereum:0x6982508145454ce325ddbe47a25d4ec3d2311933,0.7,Avoid - watch only,0.46894,0.04,4.25755826243634e-06,83,closed,safety_exit,-0.050993443859002,3.0,-0.056825477911252,0.08,-0.04,-0.0347804308465811,0.5779729502419757,0.15,lp|holders,0.010993443859002,0xa43fe16908251ee70ef74718545e4fe6c5ccec9f,0.0058968278410953,0.0056462250853116
2026-10-06 23:00:00+00:00,dex_short,1,ethereum:0xf280b16ef293d8e534e370794ef26bf312694126,1.5,Avoid - watch only,0.46548,0.06223,1.43440337307511e-05,83,closed,time_limit,-0.0610901378465443,4.0,-0.0304801068607755,0.1244648998227795,-0.0622324499113897,0.1798110970604991,2.1828048563224143,0.0,none,0.0113253753095058,0x76a411f14a704099ba476ce8dffc288a53295218,0.0050784999825976,0.0056462250853116
2026-10-06 23:00:00+00:00,dex_short,2,ethereum:0x6982508145454ce325ddbe47a25d4ec3d2311933,0.1,Avoid - watch only,0.54151,0.02,4.25755826243634e-06,83,closed,safety_exit,-0.0309934438590021,3.0,-0.0485299398757639,0.04,-0.0200000000000001,-0.0347804308465811,0.5779729502419757,0.15,lp|holders,0.010993443859002,0xa43fe16908251ee70ef74718545e4fe6c5ccec9f,0.0058968278410953,0.0056462250853116
2026-10-06 23:00:00+00:00,dex_short,3,ethereum:0xe0f63a424a4439cbe457d80e4f4b51ad25b2c56c,0.1,Avoid - watch only,0.48231,0.02274,0.417975353556218,83,closed,safety_exit,-0.0386890092032012,3.0,-0.0485494462540828,0.0454775571921897,-0.0276760589658803,-0.0813108459393614,1.277643828100032,0.1,holders,0.0110129502373209,0x52c77b0cb827afbad022e6d6caf2c44452edbc39,0.0066132982470488,0.0056462250853116
2026-10-06 23:00:00+00:00,dex_short,4,ethereum:0x8ed97a637a790be1feff5e888d43629dc05408f6,0.1,Avoid - watch only,0.46104,0.02732,0.0228440648177935,83,closed,safety_exit,-0.0383741489571412,3.0,-0.048590596911458,0.05464009612489,-0.0273200480624451,0.1160939932849465,1.7264517958394867,0.1,holders,0.0110541008946961,0x69c7bd26512f52bf6f76fab834140d13dda673ca,0.0063361930909886,0.0056462250853116
2026-10-06 23:00:00+00:00,dex_short,5,bsc:0xce24439f2d9c6a2289f741120fe202248b666666,0.0,Avoid - watch only,0.44935,0.02,0.999763229794121,83,closed,time_limit,-0.0322421929656711,4.0,-0.0539850160879339,0.04,-0.02,0.0030701339228654,0.7213605856305441,0.15,lp|holders,0.0348302845366642,0x1e923c7179135a0c9ff76d0d8b1b75decf58f8a1ef5088320d8e743bdc043d6e,0.0017865028196895,0.0056462250853116
2026-10-07 00:00:00+00:00,dex_day,1,ethereum:0xf280b16ef293d8e534e370794ef26bf312694126,4.5,Avoid - watch only,0.38511,0.14974,1.42354846703749e-05,83,closed,time_limit,-0.0491866324042202,24.0,-0.0790858402803403,0.2994753003933827,-0.1497376501966913,0.1494420278480515,2.103798046358172,0.0,none,0.0097991598780787,0x76a411f14a704099ba476ce8dffc288a53295218,0.0125373443705447,0.0014522774422681
2026-10-07 00:00:00+00:00,dex_day,2,ethereum:0xe0f63a424a4439cbe457d80e4f4b51ad25b2c56c,2.1,Avoid - watch only,0.42872,0.05514,0.420739549229201,83,closed,safety_exit,-0.0646221208326782,11.0,-0.0888281969172896,0.1102740497620369,-0.0551370248810184,-0.070308338157644,1.2874204913511482,0.0,none,0.00948509595166,0x52c77b0cb827afbad022e6d6caf2c44452edbc39,0.0,0.0014522774422681
2026-10-07 00:00:00+00:00,dex_day,3,bsc:0x99991c6aabba5a096f24f250b73580f5179b9999,1.5,Avoid - watch only,0.38915,0.26192,0.087416599306362,83,closed,safety_exit,-0.2971003574285447,12.0,-0.1373455796937644,0.5238399806276073,-0.2619199903138036,0.176575824452442,2.6103793802356607,0.35,lp|holders|wash|churn,0.0351803671147411,0x3bca91b9b847cff6f4b666fa1d966981678975e13fd69d647bd11bed99f5fa14,0.0213916451921609,0.0014522774422681
2026-10-07 00:00:00+00:00,dex_day,4,robinhood:0x020bfc650a365f8bb26819deaabf3e21291018b4,1.0,Avoid - watch only,0.42191,0.06421,0.140194161959281,83,closed,safety_exit,-0.0826204790611412,2.0,-0.0645769427461705,0.128413808918455,-0.0642069044592275,-0.1272643385054226,0.9782624142068056,0.15,lp|holders,0.0184135746019137,0xd42a491087a15e5afd51feb3606066cc152d2b09,0.0,0.0014522774422681
2026-10-07 00:00:00+00:00,dex_day,5,ethereum:0x6982508145454ce325ddbe47a25d4ec3d2311933,0.8,Avoid - watch only,0.44947,0.04,4.28192229709661e-06,83,closed,safety_exit,-0.0494655768058854,2.0,-0.0556289449501423,0.08,-0.0399999999999999,-0.0183210582007298,0.538037757075415,0.15,lp|holders,0.0094655768058855,0xa43fe16908251ee70ef74718545e4fe6c5ccec9f,0.0,0.0014522774422681
2026-10-07 00:00:00+00:00,dex_short,1,ethereum:0xf280b16ef293d8e534e370794ef26bf312694126,1.6,Avoid - watch only,0.4657,0.06113,1.42354846703749e-05,83,closed,time_limit,-0.0372484515663334,4.0,-0.0464584850928965,0.1222602794217502,-0.0611301397108751,0.1494420278480515,2.103798046358172,0.0,none,0.0097991598780787,0x76a411f14a704099ba476ce8dffc288a53295218,0.0125373443705447,0.0014522774422681
2026-10-07 00:00:00+00:00,dex_short,2,bsc:0x99991c6aabba5a096f24f250b73580f5179b9999,0.2,Avoid - watch only,0.46563,0.10693,0.087416599306362,83,closed,time_limit,-0.0476476618981974,4.0,-0.0718396923295589,0.2138567765678438,-0.1069283882839219,0.176575824452442,2.6103793802356607,0.35,lp|holders|wash|churn,0.0351803671147411,0x3bca91b9b847cff6f4b666fa1d966981678975e13fd69d647bd11bed99f5fa14,0.0213916451921609,0.0014522774422681
2026-10-07 00:00:00+00:00,dex_short,3,ethereum:0x6982508145454ce325ddbe47a25d4ec3d2311933,0.1,Avoid - watch only,0.44392,0.02,4.28192229709661e-06,83,closed,safety_exit,-0.0294655768058855,2.0,-0.0480222541598976,0.04,-0.02,-0.0183210582007298,0.538037757075415,0.15,lp|holders,0.0094655768058855,0xa43fe16908251ee70ef74718545e4fe6c5ccec9f,0.0,0.0014522774422681
2026-10-07 00:00:00+00:00,dex_short,4,ethereum:0xe0f63a424a4439cbe457d80e4f4b51ad25b2c56c,0.1,Avoid - watch only,0.43688,0.02251,0.420739549229201,83,closed,safety_exit,-0.0319946921005992,2.0,-0.0480417733056721,0.0450191922978784,-0.0225095961489392,-0.070308338157644,1.2874204913511482,0.0,none,0.00948509595166,0x52c77b0cb827afbad022e6d6caf2c44452edbc39,0.0,0.0014522774422681
2026-10-07 00:00:00+00:00,dex_short,5,ethereum:0x8ed97a637a790be1feff5e888d43629dc05408f6,0.1,Avoid - watch only,0.49894,0.02709,0.022666593899366,83,closed,safety_exit,-0.0366141490391845,2.0,-0.0480835681803341,0.054174516425725,-0.0270872582128625,0.1061569013093408,1.7540747525323548,0.1,holders,0.009526890826322,0x69c7bd26512f52bf6f76fab834140d13dda673ca,0.0030468828102501,0.0014522774422681
2026-10-07 01:00:00+00:00,dex_day,1,ethereum:0xf280b16ef293d8e534e370794ef26bf312694126,2.5,Avoid - watch only,0.41248,0.1469,1.4413959843969e-05,83,closed,time_limit,-0.0887461094729745,24.0,-0.0953726636431364,0.2938041398699949,-0.1469020699349974,0.1695540899979857,2.119306859013635,0.0,none,0.0366882034722053,0x76a411f14a704099ba476ce8dffc288a53295218,0.0,0.0
2026-10-07 01:00:00+00:00,dex_day,2,robinhood:0x020bfc650a365f8bb26819deaabf3e21291018b4,1.9,Avoid - watch only,0.48991,0.08004,0.132876981796625,83,closed,safety_exit,-0.0984674096230274,13.0,-0.1073373455977169,0.1600709884801432,-0.0800354942400716,-0.1719253311820034,1.0695872900127132,0.15,lp|holders,0.0184319153829558,0xd42a491087a15e5afd51feb3606066cc152d2b09,0.0196482716124299,0.0
2026-10-07 01:00:00+00:00,dex_day,3,bsc:0x99991c6aabba5a096f24f250b73580f5179b9999,1.5,Avoid - watch only,0.39215,0.25717,0.0862296208067373,83,closed,time_limit,-0.2023334773218937,24.0,-0.0938696936009572,0.5143436965147956,-0.2571718482573978,0.1656108294286924,2.6146061790967314,0.35,lp|holders|wash|churn,0.0351852334300261,0x3bca91b9b847cff6f4b666fa1d966981678975e13fd69d647bd11bed99f5fa14,0.037366918263924,0.0
2026-10-07 01:00:00+00:00,dex_day,4,solana:JUPyiwrYJFskUPiHa7hkeR8VUtAeFoSYbKedZNsDvCN,0.7,Avoid - watch only,0.42204,0.05061,0.3420337132646441,83,closed,safety_exit,-0.0625609145836228,9.0,-0.128561735396603,0.1012169137298855,-0.0506084568649427,-0.0177279537112262,1.1763427587729227,0.12,metadata|holders,0.0119524577186801,C1MgLojNLWBKADvu9BHdtgzz1oZX4dZ5zGdGcgvvW8Wz,0.0048582289826224,0.0
2026-10-07 01:00:00+00:00,dex_day,5,ethereum:0xe0f63a424a4439cbe457d80e4f4b51ad25b2c56c,0.2,Avoid - watch only,0.44389,0.05712,0.412298377261259,83,closed,safety_exit,-0.0934971400386971,13.0,-0.1252848969095292,0.114235346687858,-0.057117673343929,-0.0871916919814527,1.219689083510965,0.0,none,0.0363794666947681,0x52c77b0cb827afbad022e6d6caf2c44452edbc39,0.0,0.0
2026-10-07 01:00:00+00:00,dex_short,1,bsc:0x99991c6aabba5a096f24f250b73580f5179b9999,0.2,Avoid - watch only,0.44874,0.10499,0.0862296208067373,83,closed,time_limit,-0.0294849586226794,4.0,-0.058690102662165,0.2099799348130293,-0.1049899674065147,0.1656108294286924,2.6146061790967314,0.35,lp|holders|wash|churn,0.0351852334300261,0x3bca91b9b847cff6f4b666fa1d966981678975e13fd69d647bd11bed99f5fa14,0.037366918263924,0.0
2026-10-07 01:00:00+00:00,dex_short,2,robinhood:0x020bfc650a365f8bb26819deaabf3e21291018b4,0.1,Avoid - watch only,0.48682,0.03267,0.132876981796625,83,closed,safety_exit,-0.0511062690828954,1.0,-0.0589878127924602,0.0653487073998793,-0.0326743536999396,-0.1719253311820034,1.0695872900127132,0.15,lp|holders,0.0184319153829558,0xd42a491087a15e5afd51feb3606066cc152d2b09,0.0196482716124299,0.0
2026-10-07 01:00:00+00:00,dex_short,3,ethereum:0xf280b16ef293d8e534e370794ef26bf312694126,0.1,Avoid - watch only,0.44671,0.05997,1.4413959843969e-05,83,closed,time_limit,-0.046085496571171,4.0,-0.0601930727043442,0.119945037833131,-0.0599725189165655,0.1695540899979857,2.119306859013635,0.0,none,0.0366882034722053,0x76a411f14a704099ba476ce8dffc288a53295218,0.0,0.0
2026-10-07 01:00:00+00:00,dex_short,4,ethereum:0x6982508145454ce325ddbe47a25d4ec3d2311933,0.0,Avoid - watch only,0.56424,0.02,4.21380812173067e-06,83,closed,safety_exit,-0.0563599295118112,1.0,-0.0769158269213156,0.04,-0.02,-0.0221214605671669,0.3991917878994654,0.15,lp|holders,0.0363599295118112,0xa43fe16908251ee70ef74718545e4fe6c5ccec9f,0.0,0.0
2026-10-07 01:00:00+00:00,dex_short,5,ethereum:0xe0f63a424a4439cbe457d80e4f4b51ad25b2c56c,0.0,Avoid - watch only,0.57421,0.02332,0.412298377261259,83,closed,safety_exit,-0.0596976591927004,1.0,-0.0769353641042725,0.0466363849958646,-0.0233181924979323,-0.0871916919814527,1.219689083510965,0.0,none,0.0363794666947681,0x52c77b0cb827afbad022e6d6caf2c44452edbc39,0.0,0.0
2026-10-07 02:00:00+00:00,dex_day,1,ethereum:0xf280b16ef293d8e534e370794ef26bf312694126,6.1,Moderate,0.44116,0.15562,1.36219906073885e-05,83,closed,time_limit,-0.0121217443555477,24.0,-0.0312464712828857,0.3112379690244493,-0.1556189845122246,0.1224922792247031,2.142270366857576,0.0,none,0.0099672039622603,0x76a411f14a704099ba476ce8dffc288a53295218,0.0090524928320838,0.007717441083447
2026-10-07 02:00:00+00:00,dex_day,2,ethereum:0xe0f63a424a4439cbe457d80e4f4b51ad25b2c56c,2.5,Avoid - watch only,0.44263,0.05665,0.407708061506454,83,closed,safety_exit,-0.0662954336415773,12.0,-0.0747722943184304,0.1133080200961984,-0.0566540100480993,-0.0965347234495634,1.212534809481917,0.0,none,0.009641423593478,0x52c77b0cb827afbad022e6d6caf2c44452edbc39,0.0028798303903254,0.007717441083447
2026-10-07 02:00:00+00:00,dex_day,3,bsc:0x99991c6aabba5a096f24f250b73580f5179b9999,1.6,Avoid - watch only,0.3905,0.25209,0.0856667921907434,83,closed,time_limit,-0.1990337355755697,24.0,-0.056456911012307,0.5041824210922321,-0.2520912105461159,0.118520055307568,2.628836550063094,0.35,lp|holders|wash|churn,0.0351776436916816,0x3bca91b9b847cff6f4b666fa1d966981678975e13fd69d647bd11bed99f5fa14,0.0377230313358549,0.007717441083447
2026-10-07 02:00:00+00:00,dex_day,4,robinhood:0x020bfc650a365f8bb26819deaabf3e21291018b4,1.5,Avoid - watch only,0.45092,0.07889,0.133406673857172,83,closed,safety_exit,-0.09735141846642,11.0,-0.1346753649702162,0.1577813059228636,-0.0788906529614318,-0.1603239234699922,1.1662595150136037,0.15,lp|holders,0.0184607655049882,0xd42a491087a15e5afd51feb3606066cc152d2b09,0.0084950354819828,0.007717441083447
2026-10-07 02:00:00+00:00,dex_day,5,ethereum:0x6982508145454ce325ddbe47a25d4ec3d2311933,0.9,Avoid - watch only,0.46955,0.04,4.12799988384768e-06,83,closed,time_limit,-0.0190753471275832,24.0,-0.0309006392737242,0.08,-0.04,-0.0380913425631153,0.466797489084605,0.15,lp|holders,0.0096213719530989,0xa43fe16908251ee70ef74718545e4fe6c5ccec9f,0.0013092968472716,0.007717441083447
2026-10-07 02:00:00+00:00,dex_short,1,ethereum:0xf280b16ef293d8e534e370794ef26bf312694126,1.9,Avoid - watch only,0.47456,0.06353,1.36219906073885e-05,83,closed,time_limit,0.0277240415700201,4.0,-0.0030983071869736,0.1270623687816763,-0.0635311843908381,0.1224922792247031,2.142270366857576,0.0,none,0.0099672039622603,0x76a411f14a704099ba476ce8dffc288a53295218,0.0090524928320838,0.007717441083447
2026-10-07 02:00:00+00:00,dex_short,2,ethereum:0xe0f63a424a4439cbe457d80e4f4b51ad25b2c56c,0.3,Avoid - watch only,0.54701,0.02313,0.407708061506454,83,closed,time_limit,-0.0173122001642731,4.0,-0.0027725268181913,0.0462578055001181,-0.023128902750059,-0.0965347234495634,1.212534809481917,0.0,none,0.009641423593478,0x52c77b0cb827afbad022e6d6caf2c44452edbc39,0.0028798303903254,0.007717441083447
2026-10-07 02:00:00+00:00,dex_short,3,ethereum:0x6982508145454ce325ddbe47a25d4ec3d2311933,0.2,Avoid - watch only,0.6194,0.02,4.12799988384768e-06,83,closed,time_limit,-0.0052063829977133,4.0,-0.0027524751778122,0.04,-0.0199999999999999,-0.0380913425631153,0.466797489084605,0.15,lp|holders,0.0096213719530989,0xa43fe16908251ee70ef74718545e4fe6c5ccec9f,0.0013092968472716,0.007717441083447
2026-10-07 02:00:00+00:00,dex_short,4,bsc:0x99991c6aabba5a096f24f250b73580f5179b9999,0.2,Avoid - watch only,0.42646,0.10292,0.0856667921907434,83,closed,time_limit,-0.0297865826608017,4.0,-0.0283087469163949,0.2058316114928351,-0.1029158057464175,0.118520055307568,2.628836550063094,0.35,lp|holders|wash|churn,0.0351776436916816,0x3bca91b9b847cff6f4b666fa1d966981678975e13fd69d647bd11bed99f5fa14,0.0377230313358549,0.007717441083447
2026-10-07 02:00:00+00:00,dex_short,5,bsc:0xce24439f2d9c6a2289f741120fe202248b666666,0.0,Avoid - watch only,0.42295,0.02,1.00065602063603,83,closed,time_limit,-0.0319981173134116,4.0,-0.0279617852522397,0.04,-0.02,0.0050156871709495,0.9082058340798456,0.15,lp|holders,0.0348306820275264,0x1e923c7179135a0c9ff76d0d8b1b75decf58f8a1ef5088320d8e743bdc043d6e,0.0028596456444254,0.007717441083447
2026-10-07 03:00:00+00:00,dex_day,1,ethereum:0xf280b16ef293d8e534e370794ef26bf312694126,8.6,Strong,0.43177,0.15241,1.3630206298317e-05,83,closed,time_limit,-0.0202362882661336,24.0,-0.0524050813972724,0.3048258208925354,-0.1524129104462677,0.1268419942909933,2.147082841616848,0.0,none,0.009894123377323,0x76a411f14a704099ba476ce8dffc288a53295218,0.0182445098921506,0.0039238878739065
2026-10-07 03:00:00+00:00,dex_day,2,bsc:0x99991c6aabba5a096f24f250b73580f5179b9999,4.3,Avoid - watch only,0.40352,0.24789,0.0879684850589053,83,closed,safety_exit,-0.2920584717897744,9.0,-0.2920584752289387,0.4957835709469216,-0.2478917854734608,0.1235682726954792,2.543758867549311,0.35,lp|holders|wash|churn,0.0441666863163136,0x3bca91b9b847cff6f4b666fa1d966981678975e13fd69d647bd11bed99f5fa14,0.0141679673994832,0.0039238878739065
2026-10-07 03:00:00+00:00,dex_day,3,robinhood:0x020bfc650a365f8bb26819deaabf3e21291018b4,2.3,Avoid - watch only,0.45307,0.07727,0.132835165020209,83,closed,safety_exit,-0.0960102072347552,10.0,-0.1773869131733023,0.1545303538922855,-0.0772651769461427,-0.1622786230898172,1.1873989600905177,0.15,lp|holders,0.0187450302886126,0xd42a491087a15e5afd51feb3606066cc152d2b09,0.0282449556391501,0.0039238878739065
2026-10-07 03:00:00+00:00,dex_day,4,ethereum:0x6982508145454ce325ddbe47a25d4ec3d2311933,0.9,Avoid - watch only,0.46437,0.04,4.1254217172493e-06,83,closed,time_limit,-0.0201965443877867,24.0,-0.052058650370999,0.08,-0.0399999999999999,-0.0397017255486247,0.442155735668967,0.15,lp|holders,0.0095476923510496,0xa43fe16908251ee70ef74718545e4fe6c5ccec9f,0.0,0.0039238878739065
2026-10-07 03:00:00+00:00,dex_day,5,bsc:0xce24439f2d9c6a2289f741120fe202248b666666,0.0,Avoid - watch only,0.41731,0.04,1.00235070858214,83,closed,time_limit,-0.0443042490426017,24.0,-0.0863318359275971,0.08,-0.04,0.007963611712346,0.9791127181162188,0.15,lp|holders,0.0438208779076477,0x1e923c7179135a0c9ff76d0d8b1b75decf58f8a1ef5088320d8e743bdc043d6e,0.0006399205520464,0.0039238878739065
2026-10-07 03:00:00+00:00,dex_short,1,ethereum:0xf280b16ef293d8e534e370794ef26bf312694126,4.0,Avoid - watch only,0.42762,0.06222,1.3630206298317e-05,83,closed,time_limit,0.0196583101870931,4.0,-0.0016911235498353,0.1244446202686213,-0.0622223101343106,0.1268419942909933,2.147082841616848,0.0,none,0.009894123377323,0x76a411f14a704099ba476ce8dffc288a53295218,0.0182445098921506,0.0039238878739065
2026-10-07 03:00:00+00:00,dex_short,2,bsc:0x99991c6aabba5a096f24f250b73580f5179b9999,0.3,Avoid - watch only,0.38245,0.1012,0.0879684850589053,83,closed,time_limit,-0.0574298176174383,4.0,-0.0359636864888259,0.20240279527915,-0.101201397639575,0.1235682726954792,2.543758867549311,0.35,lp|holders|wash|churn,0.0441666863163136,0x3bca91b9b847cff6f4b666fa1d966981678975e13fd69d647bd11bed99f5fa14,0.0141679673994832,0.0039238878739065
2026-10-07 03:00:00+00:00,dex_short,3,ethereum:0x6982508145454ce325ddbe47a25d4ec3d2311933,0.1,Avoid - watch only,0.58847,0.02,4.1254217172493e-06,83,closed,time_limit,-0.0006718560328111,4.0,-0.0013446925235619,0.04,-0.02,-0.0397017255486247,0.442155735668967,0.15,lp|holders,0.0095476923510496,0xa43fe16908251ee70ef74718545e4fe6c5ccec9f,0.0,0.0039238878739065
2026-10-07 03:00:00+00:00,dex_short,4,robinhood:0x020bfc650a365f8bb26819deaabf3e21291018b4,0.1,Avoid - watch only,0.44758,0.03154,0.132835165020209,83,closed,time_limit,0.0003902014025235,4.0,-0.0105420304611249,0.0630867528013012,-0.0363984344607488,-0.1622786230898172,1.1873989600905177,0.15,lp|holders,0.0187450302886126,0xd42a491087a15e5afd51feb3606066cc152d2b09,0.0282449556391501,0.0039238878739065
2026-10-07 03:00:00+00:00,dex_short,5,bsc:0xce24439f2d9c6a2289f741120fe202248b666666,0.0,Avoid - watch only,0.43349,0.02,1.00235070858214,83,closed,time_limit,-0.0472050401769348,4.0,-0.03561787808016,0.04,-0.02,0.007963611712346,0.9791127181162188,0.15,lp|holders,0.0438208779076477,0x1e923c7179135a0c9ff76d0d8b1b75decf58f8a1ef5088320d8e743bdc043d6e,0.0006399205520464,0.0039238878739065
2026-10-07 04:00:00+00:00,dex_day,1,ethereum:0xf280b16ef293d8e534e370794ef26bf312694126,8.5,Strong,0.43377,0.14991,1.38447306993341e-05,83,closed,time_limit,-0.0727910088430716,24.0,-0.0553838695854788,0.299813851896124,-0.149906925948062,0.1531029990561965,2.0961019055134016,0.0,none,0.0115548634041591,0x76a411f14a704099ba476ce8dffc288a53295218,0.0313315548481751,0.0130943167327393
2026-10-07 04:00:00+00:00,dex_day,2,ethereum:0x8ed97a637a790be1feff5e888d43629dc05408f6,3.7,Avoid - watch only,0.42971,0.0774,0.0215558192971761,83,closed,time_limit,-0.0480238836539494,24.0,-0.0551036056458077,0.1548093405895969,-0.0803041156304029,0.0469123042480212,2.017303029750535,0.1,holders,0.011274599464488,0x69c7bd26512f52bf6f76fab834140d13dda673ca,0.0128204567133991,0.0130943167327393
2026-10-07 04:00:00+00:00,dex_day,3,robinhood:0x020bfc650a365f8bb26819deaabf3e21291018b4,2.1,Avoid - watch only,0.4481,0.07652,0.133749576434183,83,closed,safety_exit,-0.0952691220146317,9.0,-0.1747683067076324,0.1530389783929853,-0.0765194891964926,-0.1602828573405765,1.2743204438912832,0.15,lp|holders,0.0187496328181391,0xd42a491087a15e5afd51feb3606066cc152d2b09,0.0405996554064838,0.0130943167327393
2026-10-07 04:00:00+00:00,dex_day,4,ethereum:0x6982508145454ce325ddbe47a25d4ec3d2311933,0.7,Avoid - watch only,0.46437,0.04,4.11259219821827e-06,83,closed,time_limit,-0.0307309630830118,24.0,-0.055040033444235,0.08,-0.04,-0.0478888051408237,0.4320152004724793,0.15,lp|holders,0.0112110272629153,0xa43fe16908251ee70ef74718545e4fe6c5ccec9f,0.0035459246784661,0.0130943167327393
2026-10-07 04:00:00+00:00,dex_day,5,bsc:0xce24439f2d9c6a2289f741120fe202248b666666,0.0,Avoid - watch only,0.44247,0.04,0.998503931614595,83,closed,time_limit,-0.044666817804979,24.0,-0.0876506657409049,0.08,-0.04,0.0007604658584397,1.036552880912614,0.15,lp|holders,0.0438216595595852,0x1e923c7179135a0c9ff76d0d8b1b75decf58f8a1ef5088320d8e743bdc043d6e,0.0055813861885183,0.0130943167327393
2026-10-07 04:00:00+00:00,dex_short,1,ethereum:0xf280b16ef293d8e534e370794ef26bf312694126,3.5,Avoid - watch only,0.43042,0.0612,1.38447306993341e-05,83,closed,time_limit,0.0021930229418247,4.0,0.0004017241694312,0.1223984924939785,-0.0611992462469892,0.1531029990561965,2.0961019055134016,0.0,none,0.0115548634041591,0x76a411f14a704099ba476ce8dffc288a53295218,0.0313315548481751,0.0130943167327393
2026-10-07 04:00:00+00:00,dex_short,2,ethereum:0x8ed97a637a790be1feff5e888d43629dc05408f6,0.5,Avoid - watch only,0.50742,0.0316,0.0215558192971761,83,closed,time_limit,0.0159613095222473,4.0,0.0006819881091023,0.0632006486435408,-0.0316003243217704,0.0469123042480212,2.017303029750535,0.1,holders,0.011274599464488,0x69c7bd26512f52bf6f76fab834140d13dda673ca,0.0128204567133991,0.0130943167327393
2026-10-07 04:00:00+00:00,dex_short,3,ethereum:0x6982508145454ce325ddbe47a25d4ec3d2311933,0.1,Avoid - watch only,0.61425,0.02,4.11259219821827e-06,83,closed,time_limit,-0.0101494469702154,4.0,0.000745560310675,0.04,-0.02,-0.0478888051408237,0.4320152004724793,0.15,lp|holders,0.0112110272629153,0xa43fe16908251ee70ef74718545e4fe6c5ccec9f,0.0035459246784661,0.0130943167327393
2026-10-07 04:00:00+00:00,dex_short,4,robinhood:0x020bfc650a365f8bb26819deaabf3e21291018b4,0.1,Avoid - watch only,0.46961,0.03124,0.133749576434183,83,closed,time_limit,-0.0105118790028948,4.0,-0.0067930452445487,0.0624779013032723,-0.0312389506516361,-0.1602828573405765,1.2743204438912832,0.15,lp|holders,0.0187496328181391,0xd42a491087a15e5afd51feb3606066cc152d2b09,0.0405996554064838,0.0130943167327393
2026-10-07 04:00:00+00:00,dex_short,5,bsc:0xce24439f2d9c6a2289f741120fe202248b666666,0.0,Avoid - watch only,0.55551,0.02,0.998503931614595,83,closed,time_limit,-0.0439047517796288,4.0,-0.0318650719859948,0.04,-0.02,0.0007604658584397,1.036552880912614,0.15,lp|holders,0.0438216595595852,0x1e923c7179135a0c9ff76d0d8b1b75decf58f8a1ef5088320d8e743bdc043d6e,0.0055813861885183,0.0130943167327393
2026-10-07 05:00:00+00:00,dex_day,1,ethereum:0xf280b16ef293d8e534e370794ef26bf312694126,8.6,Strong,0.43423,0.14949,1.42785076385985e-05,83,closed,time_limit,-0.0912582705022332,24.0,-0.0530425668111721,0.2989853333227652,-0.1494926666613826,0.1807382454103248,2.127083267796653,0.0,none,0.0099619745767974,0x76a411f14a704099ba476ce8dffc288a53295218,0.0027725123086943,0.0054818123844284
2026-10-07 05:00:00+00:00,dex_day,2,bsc:0x99991c6aabba5a096f24f250b73580f5179b9999,4.0,Avoid - watch only,0.40313,0.23885,0.086721153341869,83,closed,safety_exit,-0.2830161023919213,7.0,-0.2018651964040845,0.4776982059668326,-0.2388491029834163,0.0952755708069337,2.4320825265469166,0.35,lp|holders|wash|churn,0.044166999408505,0x3bca91b9b847cff6f4b666fa1d966981678975e13fd69d647bd11bed99f5fa14,0.0106870705044801,0.0054818123844284
2026-10-07 05:00:00+00:00,dex_day,3,ethereum:0x8ed97a637a790be1feff5e888d43629dc05408f6,3.9,Avoid - watch only,0.43032,0.07615,0.0217164119206852,83,closed,time_limit,-0.0522055881044098,24.0,-0.0527672686532962,0.1523031970990773,-0.0761515985495386,0.0671298445916366,2.0157681526565523,0.1,holders,0.0096866764189215,0x69c7bd26512f52bf6f76fab834140d13dda673ca,0.0057741292214603,0.0054818123844284
2026-10-07 05:00:00+00:00,dex_day,4,ethereum:0xe0f63a424a4439cbe457d80e4f4b51ad25b2c56c,3.4,Avoid - watch only,0.43339,0.05652,0.407473257680173,83,closed,safety_exit,-0.0661640991968758,9.0,-0.1170997191750113,0.1130412812844159,-0.0565206406422079,-0.0392553324658416,0.9422455162762808,0.0,none,0.009643458554668,0x52c77b0cb827afbad022e6d6caf2c44452edbc39,0.0,0.0054818123844284
2026-10-07 05:00:00+00:00,dex_day,5,robinhood:0x020bfc650a365f8bb26819deaabf3e21291018b4,1.8,Avoid - watch only,0.42218,0.07655,0.135318290838758,83,closed,safety_exit,-0.0952866011217207,7.0,-0.1764375082983368,0.1530945796379268,-0.0765472898189634,-0.1499483020239718,1.3462714040472517,0.15,lp|holders,0.0187393113027573,0xd42a491087a15e5afd51feb3606066cc152d2b09,0.0109794892323342,0.0054818123844284
2026-10-07 05:00:00+00:00,dex_short,1,ethereum:0xf280b16ef293d8e534e370794ef26bf312694126,3.8,Avoid - watch only,0.42875,0.06103,1.42785076385985e-05,83,closed,time_limit,-0.0234534296787402,4.0,-0.0144603894383286,0.1220602512027873,-0.0610301256013936,0.1807382454103248,2.127083267796653,0.0,none,0.0099619745767974,0x76a411f14a704099ba476ce8dffc288a53295218,0.0027725123086943,0.0054818123844284
2026-10-07 05:00:00+00:00,dex_short,2,ethereum:0x8ed97a637a790be1feff5e888d43629dc05408f6,0.5,Avoid - watch only,0.46513,0.03109,0.0217164119206852,83,closed,time_limit,-0.0069632226533956,4.0,-0.0141850912804527,0.0621775198478791,-0.0310887599239394,0.0671298445916366,2.0157681526565523,0.1,holders,0.0096866764189215,0x69c7bd26512f52bf6f76fab834140d13dda673ca,0.0057741292214603,0.0054818123844284
2026-10-07 05:00:00+00:00,dex_short,3,ethereum:0xe0f63a424a4439cbe457d80e4f4b51ad25b2c56c,0.4,Avoid - watch only,0.5129,0.02307,0.407473257680173,83,closed,time_limit,-0.0246373570273464,4.0,-0.0141418734161992,0.0461489098362075,-0.0230744549181037,-0.0392553324658416,0.9422455162762808,0.0,none,0.009643458554668,0x52c77b0cb827afbad022e6d6caf2c44452edbc39,0.0,0.0054818123844284
2026-10-07 05:00:00+00:00,dex_short,4,bsc:0x99991c6aabba5a096f24f250b73580f5179b9999,0.3,Avoid - watch only,0.4038,0.09751,0.086721153341869,83,closed,time_limit,-0.0503366008906152,4.0,-0.0486654142700362,0.1950194759436136,-0.0975097379718068,0.0952755708069337,2.4320825265469166,0.35,lp|holders|wash|churn,0.044166999408505,0x3bca91b9b847cff6f4b666fa1d966981678975e13fd69d647bd11bed99f5fa14,0.0106870705044801,0.0054818123844284
2026-10-07 05:00:00+00:00,dex_short,5,ethereum:0x6982508145454ce325ddbe47a25d4ec3d2311933,0.1,Avoid - watch only,0.52241,0.02,4.12683799933388e-06,83,closed,time_limit,-0.0142684129011308,4.0,-0.0141217718584579,0.04,-0.02,-0.0473945766965275,0.417010014305503,0.15,lp|holders,0.0096233569969267,0xa43fe16908251ee70ef74718545e4fe6c5ccec9f,0.0046977754910535,0.0054818123844284
2026-10-07 06:00:00+00:00,dex_day,1,ethereum:0xf280b16ef293d8e534e370794ef26bf312694126,8.5,Strong,0.43476,0.14699,1.413542040001e-05,83,closed,time_limit,-0.0633446716611678,24.0,-0.0677809647996481,0.2939850100207584,-0.1469925050103792,0.1776477274702337,2.2882421362807848,0.0,none,0.0098643773795797,0x76a411f14a704099ba476ce8dffc288a53295218,0.0,0.0062781960331287
2026-10-07 06:00:00+00:00,dex_day,2,bsc:0x99991c6aabba5a096f24f250b73580f5179b9999,3.8,Avoid - watch only,0.40076,0.23416,0.0861286270957634,83,closed,safety_exit,-0.2783249587859337,6.0,-0.1988345339634533,0.4683145106378186,-0.2341572553189094,0.0913568457709015,2.4023441214403465,0.35,lp|holders|wash|churn,0.0441677034670243,0x3bca91b9b847cff6f4b666fa1d966981678975e13fd69d647bd11bed99f5fa14,0.0131654895122679,0.0062781960331287
2026-10-07 06:00:00+00:00,dex_day,3,ethereum:0xe0f63a424a4439cbe457d80e4f4b51ad25b2c56c,3.7,Avoid - watch only,0.45405,0.05557,0.404580624060526,83,closed,safety_exit,-0.0651141850760729,8.0,-0.1151226679448595,0.1100383293017359,-0.0555702682438198,-0.061965430486392,0.8760917822367518,0.0,none,0.0095439168322531,0x52c77b0cb827afbad022e6d6caf2c44452edbc39,0.0091834561993537,0.0062781960331287
2026-10-07 06:00:00+00:00,dex_day,4,ethereum:0x8ed97a637a790be1feff5e888d43629dc05408f6,3.7,Avoid - watch only,0.42902,0.0746,0.0216872765113243,83,closed,time_limit,-0.0520787281431331,24.0,-0.0675037437754894,0.1491995524085729,-0.0745997762042866,0.062617945606092,2.056435020022524,0.1,holders,0.009587156355421,0x69c7bd26512f52bf6f76fab834140d13dda673ca,0.0078129793257684,0.0062781960331287
2026-10-07 06:00:00+00:00,dex_day,5,robinhood:0x020bfc650a365f8bb26819deaabf3e21291018b4,1.6,Avoid - watch only,0.41577,0.07518,0.135601153003818,83,closed,safety_exit,-0.0939156096902077,6.0,-0.1734060353256974,0.1503528097218787,-0.0751764048609393,-0.1232381063238594,1.3447969120179035,0.15,lp|holders,0.0187392048292684,0xd42a491087a15e5afd51feb3606066cc152d2b09,0.0077409476033765,0.0062781960331287
2026-10-07 06:00:00+00:00,dex_short,1,ethereum:0xf280b16ef293d8e534e370794ef26bf312694126,3.4,Avoid - watch only,0.40788,0.06001,1.413542040001e-05,83,closed,time_limit,-0.0397100459055898,4.0,-0.0230724241265905,0.1200188777629762,-0.0600094388814881,0.1776477274702337,2.2882421362807848,0.0,none,0.0098643773795797,0x76a411f14a704099ba476ce8dffc288a53295218,0.0,0.0062781960331287
2026-10-07 06:00:00+00:00,dex_short,2,ethereum:0xe0f63a424a4439cbe457d80e4f4b51ad25b2c56c,0.8,Avoid - watch only,0.64013,0.02269,0.404580624060526,83,closed,time_limit,-0.0164430261925282,4.0,-0.0227519635792639,0.0453729340223154,-0.0226864670111577,-0.061965430486392,0.8760917822367518,0.0,none,0.0095439168322531,0x52c77b0cb827afbad022e6d6caf2c44452edbc39,0.0091834561993537,0.0062781960331287
2026-10-07 06:00:00+00:00,dex_short,3,ethereum:0x8ed97a637a790be1feff5e888d43629dc05408f6,0.5,Avoid - watch only,0.49117,0.03046,0.0216872765113243,83,closed,time_limit,-0.021856608723659,4.0,-0.0227952031024318,0.0609104622087735,-0.0304552311043866,0.062617945606092,2.056435020022524,0.1,holders,0.009587156355421,0x69c7bd26512f52bf6f76fab834140d13dda673ca,0.0078129793257684,0.0062781960331287
2026-10-07 06:00:00+00:00,dex_short,4,bsc:0x99991c6aabba5a096f24f250b73580f5179b9999,0.2,Avoid - watch only,0.40727,0.09559,0.0861286270957634,83,closed,time_limit,-0.0492086001229255,4.0,-0.0573757502140351,0.19118859836731,-0.0955942991836549,0.0913568457709015,2.4023441214403465,0.35,lp|holders|wash|churn,0.0441677034670243,0x3bca91b9b847cff6f4b666fa1d966981678975e13fd69d647bd11bed99f5fa14,0.0131654895122679,0.0062781960331287
2026-10-07 06:00:00+00:00,dex_short,5,ethereum:0x6982508145454ce325ddbe47a25d4ec3d2311933,0.1,Avoid - watch only,0.51513,0.02,4.1462249577427e-06,83,closed,time_limit,-0.0187557127651092,4.0,-0.0227317708652645,0.04,-0.02,-0.0355234356369162,0.4435850913399798,0.15,lp|holders,0.0095237241182537,0xa43fe16908251ee70ef74718545e4fe6c5ccec9f,0.0038139096584908,0.0062781960331287
2026-10-07 07:00:00+00:00,dex_day,1,ethereum:0xf280b16ef293d8e534e370794ef26bf312694126,8.5,Strong,0.43509,0.14429,1.40330120644173e-05,83,closed,time_limit,-0.0577922331930518,24.0,-0.0657431088870187,0.2885886315081418,-0.1442943157540708,0.1847051148188683,2.28174507656173,0.0,none,0.0093050915523984,0x76a411f14a704099ba476ce8dffc288a53295218,0.0085829861090482,0.0038423206019739
2026-10-07 07:00:00+00:00,dex_day,2,bsc:0x99991c6aabba5a096f24f250b73580f5179b9999,3.8,Avoid - watch only,0.40369,0.22937,0.086801747491208,83,closed,safety_exit,-0.2735359454477138,5.0,-0.1956740472799485,0.458738737807695,-0.2293693689038475,0.1125066604612095,2.3664113870654364,0.35,lp|holders|wash|churn,0.0441665765438663,0x3bca91b9b847cff6f4b666fa1d966981678975e13fd69d647bd11bed99f5fa14,0.030033697476393,0.0038423206019739
2026-10-07 07:00:00+00:00,dex_day,3,robinhood:0x020bfc650a365f8bb26819deaabf3e21291018b4,1.7,Avoid - watch only,0.43186,0.07365,0.135376996679601,83,closed,safety_exit,-0.0923918198750653,5.0,-0.1702537185113236,0.147291144199648,-0.0736455720998239,-0.112907680929386,1.3174223497053723,0.15,lp|holders,0.0187462477752414,0xd42a491087a15e5afd51feb3606066cc152d2b09,0.0131648991369632,0.0038423206019739
2026-10-07 07:00:00+00:00,dex_day,4,solana:JUPyiwrYJFskUPiHa7hkeR8VUtAeFoSYbKedZNsDvCN,1.6,Avoid - watch only,0.43982,0.05624,0.3332198118002444,83,closed,safety_exit,-0.068971208733617,6.0,-0.1373104904404452,0.112474210027748,-0.056237105013874,-0.0530440935890594,1.268431006843887,0.12,metadata|holders,0.012734103719743,C1MgLojNLWBKADvu9BHdtgzz1oZX4dZ5zGdGcgvvW8Wz,0.0,0.0038423206019739
2026-10-07 07:00:00+00:00,dex_day,5,ethereum:0x6982508145454ce325ddbe47a25d4ec3d2311933,0.8,Avoid - watch only,0.44908,0.04,4.16203828515531e-06,83,closed,time_limit,-0.039073923030158,24.0,-0.065401988456065,0.079038608563019,-0.041815637731169,-0.0355994522650942,0.4643335337767792,0.15,lp|holders,0.0089639711214447,0xa43fe16908251ee70ef74718545e4fe6c5ccec9f,0.0,0.0038423206019739
2026-10-07 07:00:00+00:00,dex_short,1,ethereum:0xf280b16ef293d8e534e370794ef26bf312694126,4.1,Avoid - watch only,0.45271,0.05891,1.40330120644173e-05,83,closed,time_limit,-0.03355137080892,4.0,-0.0349778556431974,0.1178158154605044,-0.0589079077302522,0.1847051148188683,2.28174507656173,0.0,none,0.0093050915523984,0x76a411f14a704099ba476ce8dffc288a53295218,0.0085829861090482,0.0038423206019739
2026-10-07 07:00:00+00:00,dex_short,2,bsc:0x99991c6aabba5a096f24f250b73580f5179b9999,0.3,Avoid - watch only,0.46014,0.09364,0.086801747491208,83,closed,safety_exit,-0.1378062292836372,4.0,-0.0698393406346653,0.1872793054795418,-0.0936396527397709,0.1125066604612095,2.3664113870654364,0.35,lp|holders|wash|churn,0.0441665765438663,0x3bca91b9b847cff6f4b666fa1d966981678975e13fd69d647bd11bed99f5fa14,0.030033697476393,0.0038423206019739
2026-10-07 07:00:00+00:00,dex_short,3,ethereum:0x6982508145454ce325ddbe47a25d4ec3d2311933,0.1,Avoid - watch only,0.49096,0.02,4.16203828515531e-06,83,closed,time_limit,-0.0314787862472223,4.0,-0.0346367352122437,0.04,-0.0241985515296162,-0.0355994522650942,0.4643335337767792,0.15,lp|holders,0.0089639711214447,0xa43fe16908251ee70ef74718545e4fe6c5ccec9f,0.0,0.0038423206019739
2026-10-07 07:00:00+00:00,dex_short,4,solana:JUPyiwrYJFskUPiHa7hkeR8VUtAeFoSYbKedZNsDvCN,0.1,Avoid - watch only,0.49286,0.02296,0.3332198118002444,83,closed,safety_exit,-0.0409280711676994,3.0,-0.0532521808746456,0.0459174039651015,-0.0281939674479566,-0.0530440935890594,1.268431006843887,0.12,metadata|holders,0.012734103719743,C1MgLojNLWBKADvu9BHdtgzz1oZX4dZ5zGdGcgvvW8Wz,0.0,0.0038423206019739
2026-10-07 07:00:00+00:00,dex_short,5,bsc:0xce24439f2d9c6a2289f741120fe202248b666666,0.0,Avoid - watch only,0.57148,0.02,0.998958591133563,83,closed,time_limit,-0.0429494392661797,4.0,-0.0694941636000408,0.04,-0.02,0.0003058226563253,1.2763320997514058,0.15,lp|holders,0.0438213995092418,0x1e923c7179135a0c9ff76d0d8b1b75decf58f8a1ef5088320d8e743bdc043d6e,0.0022539317494516,0.0038423206019739
2026-10-07 08:00:00+00:00,dex_day,1,ethereum:0xf280b16ef293d8e534e370794ef26bf312694126,8.5,Strong,0.43894,0.14133,1.40350664834793e-05,83,closed,time_limit,-0.0634871377566051,24.0,-0.0590069210958996,0.2826698150196265,-0.1413349075098132,0.1832221121757022,2.3414444032685067,0.0,none,0.0102384220816701,0x76a411f14a704099ba476ce8dffc288a53295218,0.0120209029219842,0.0041654942634643
2026-10-07 08:00:00+00:00,dex_day,2,robinhood:0x020bfc650a365f8bb26819deaabf3e21291018b4,1.8,Avoid - watch only,0.45026,0.07213,0.134851372517741,83,closed,safety_exit,-0.0908704828198302,4.0,-0.1672330634603012,0.1442583966445891,-0.0721291983222945,-0.1226857515943475,1.3289613371266935,0.15,lp|holders,0.0187412844975359,0xd42a491087a15e5afd51feb3606066cc152d2b09,0.0103449313309174,0.0041654942634643
2026-10-07 08:00:00+00:00,dex_day,3,solana:JUPyiwrYJFskUPiHa7hkeR8VUtAeFoSYbKedZNsDvCN,1.8,Avoid - watch only,0.44631,0.05742,0.3273940723617512,83,closed,safety_exit,-0.0701782231538702,7.0,-0.1149588939472334,0.1148421919050424,-0.0574210959525212,-0.064107344790026,1.2648304650555682,0.12,metadata|holders,0.012757127201349,C1MgLojNLWBKADvu9BHdtgzz1oZX4dZ5zGdGcgvvW8Wz,0.0052173757019091,0.0041654942634643
2026-10-07 08:00:00+00:00,dex_day,4,ethereum:0x6982508145454ce325ddbe47a25d4ec3d2311933,0.8,Avoid - watch only,0.46657,0.04,4.11695804504781e-06,83,closed,time_limit,-0.025568821785443,24.0,-0.0586667948702274,0.08,-0.0399999999999999,-0.0494337774303321,0.4711455846447261,0.15,lp|holders,0.0098982958559979,0xa43fe16908251ee70ef74718545e4fe6c5ccec9f,0.0048092560946999,0.0041654942634643
2026-10-07 08:00:00+00:00,dex_day,5,bsc:0xce24439f2d9c6a2289f741120fe202248b666666,0.0,Avoid - watch only,0.40264,0.04,0.999600594356938,83,closed,time_limit,-0.0355307472769716,24.0,-0.083581963881462,0.08,-0.04,0.0009311146900021,2.023320703533524,0.15,lp|holders,0.0348134648672325,0x882e23dba77bfe0e514cf5bcdad7a58aceb01522,0.0010058180860612,0.0041654942634643
2026-10-07 08:00:00+00:00,dex_short,1,ethereum:0xf280b16ef293d8e534e370794ef26bf312694126,3.5,Avoid - watch only,0.4337,0.0577,1.40350664834793e-05,83,closed,time_limit,-0.0553228842339533,4.0,-0.0335541900021454,0.1153994687474988,-0.0576997343737494,0.1832221121757022,2.3414444032685067,0.0,none,0.0102384220816701,0x76a411f14a704099ba476ce8dffc288a53295218,0.0120209029219842,0.0041654942634643
2026-10-07 08:00:00+00:00,dex_short,2,ethereum:0x6982508145454ce325ddbe47a25d4ec3d2311933,0.1,Avoid - watch only,0.54669,0.02,4.11695804504781e-06,83,closed,time_limit,-0.0222949725762479,4.0,-0.0332140637764732,0.04,-0.0200000000000001,-0.0494337774303321,0.4711455846447261,0.15,lp|holders,0.0098982958559979,0xa43fe16908251ee70ef74718545e4fe6c5ccec9f,0.0048092560946999,0.0041654942634643
2026-10-07 08:00:00+00:00,dex_short,3,solana:JUPyiwrYJFskUPiHa7hkeR8VUtAeFoSYbKedZNsDvCN,0.1,Avoid - watch only,0.50544,0.02344,0.3273940723617512,83,closed,safety_exit,-0.036199191460527,3.0,-0.0614196718562872,0.0468841285183565,-0.0234420642591781,-0.064107344790026,1.2648304650555682,0.12,metadata|holders,0.012757127201349,C1MgLojNLWBKADvu9BHdtgzz1oZX4dZ5zGdGcgvvW8Wz,0.0052173757019091,0.0041654942634643
2026-10-07 08:00:00+00:00,dex_short,4,bsc:0xce24439f2d9c6a2289f741120fe202248b666666,0.0,Avoid - watch only,0.44679,0.02,0.999600594356938,83,closed,time_limit,-0.0356539781125658,4.0,-0.0581292327877078,0.04,-0.02,0.0009311146900021,2.023320703533524,0.15,lp|holders,0.0348134648672325,0x882e23dba77bfe0e514cf5bcdad7a58aceb01522,0.0010058180860612,0.0041654942634643
2026-10-07 08:00:00+00:00,dex_short,5,robinhood:0x020bfc650a365f8bb26819deaabf3e21291018b4,0.0,Avoid - watch only,0.42576,0.02945,0.134851372517741,83,closed,safety_exit,-0.0481879064051415,2.0,-0.0725217087673937,0.0588932438152114,-0.0294466219076056,-0.1226857515943475,1.3289613371266935,0.15,lp|holders,0.0187412844975359,0xd42a491087a15e5afd51feb3606066cc152d2b09,0.0103449313309174,0.0041654942634643
2026-10-07 09:00:00+00:00,dex_day,1,ethereum:0xf280b16ef293d8e534e370794ef26bf312694126,8.5,Strong,0.43983,0.13843,1.40858697938696e-05,83,closed,time_limit,-0.0647298432758316,24.0,-0.0445626185137675,0.2768541691697779,-0.1384270845848889,0.1839056064090769,2.354404077391286,0.0,none,0.0101602297878783,0x76a411f14a704099ba476ce8dffc288a53295218,0.0033404047104834,0.0034263393921346
2026-10-07 09:00:00+00:00,dex_day,2,ethereum:0xe0f63a424a4439cbe457d80e4f4b51ad25b2c56c,3.6,Avoid - watch only,0.45829,0.05438,0.401363645024185,83,closed,safety_exit,-0.0642145704695123,6.0,-0.1103844925405082,0.1087551527065697,-0.0543775763532848,-0.0692262710562335,0.888616572895541,0.0,none,0.0098369941162275,0x52c77b0cb827afbad022e6d6caf2c44452edbc39,0.0081157095442381,0.0034263393921346
2026-10-07 09:00:00+00:00,dex_day,3,bsc:0x99991c6aabba5a096f24f250b73580f5179b9999,3.5,Avoid - watch only,0.3955,0.22025,0.0861861183856807,83,closed,safety_exit,-0.2644189566169146,3.0,-0.2644189575181966,0.4404981397656002,-0.2202490698828001,0.1250086058664701,2.3713804971913843,0.35,lp|holders|wash|churn,0.0441698867341145,0x3bca91b9b847cff6f4b666fa1d966981678975e13fd69d647bd11bed99f5fa14,0.0125583082956457,0.0034263393921346
2026-10-07 09:00:00+00:00,dex_day,4,robinhood:0x020bfc650a365f8bb26819deaabf3e21291018b4,1.9,Avoid - watch only,0.45635,0.07132,0.133063058942449,83,closed,safety_exit,-0.0900706502476168,4.0,-0.1617857699001667,0.1426405682380143,-0.0713202841190071,-0.1264410910347899,1.3658294873004064,0.15,lp|holders,0.0187503661286098,0xd42a491087a15e5afd51feb3606066cc152d2b09,0.0029841025687584,0.0034263393921346
2026-10-07 09:00:00+00:00,dex_day,5,solana:JUPyiwrYJFskUPiHa7hkeR8VUtAeFoSYbKedZNsDvCN,1.6,Avoid - watch only,0.4411,0.05624,0.3265504268028909,83,closed,safety_exit,-0.0690172966724221,6.0,-0.1133217239722307,0.1124861422489442,-0.0562430711244722,-0.062656047350154,1.2406747591835947,0.12,metadata|holders,0.0127742255479499,C1MgLojNLWBKADvu9BHdtgzz1oZX4dZ5zGdGcgvvW8Wz,0.0035122740737858,0.0034263393921346
2026-10-07 09:00:00+00:00,dex_short,1,ethereum:0xf280b16ef293d8e534e370794ef26bf312694126,3.3,Avoid - watch only,0.42802,0.05651,1.40858697938696e-05,83,closed,time_limit,-0.0521328287152664,4.0,-0.0329684050448027,0.113025241271355,-0.0565126206356775,0.1839056064090769,2.354404077391286,0.0,none,0.0101602297878783,0x76a411f14a704099ba476ce8dffc288a53295218,0.0033404047104834,0.0034263393921346
2026-10-07 09:00:00+00:00,dex_short,2,ethereum:0xe0f63a424a4439cbe457d80e4f4b51ad25b2c56c,0.6,Avoid - watch only,0.63364,0.0222,0.401363645024185,83,closed,safety_exit,-0.0320365467020241,4.0,-0.0326451693731519,0.0443991051715935,-0.0221995525857966,-0.0692262710562335,0.888616572895541,0.0,none,0.0098369941162275,0x52c77b0cb827afbad022e6d6caf2c44452edbc39,0.0081157095442381,0.0034263393921346
2026-10-07 09:00:00+00:00,dex_short,3,bsc:0x99991c6aabba5a096f24f250b73580f5179b9999,0.2,Avoid - watch only,0.44549,0.08992,0.0861861183856807,83,closed,safety_exit,-0.1340861929900234,2.0,-0.0987259710548914,0.1798326125118181,-0.089916306255909,0.1250086058664701,2.3713804971913843,0.35,lp|holders|wash|churn,0.0441698867341145,0x3bca91b9b847cff6f4b666fa1d966981678975e13fd69d647bd11bed99f5fa14,0.0125583082956457,0.0034263393921346
2026-10-07 09:00:00+00:00,dex_short,4,ethereum:0x6982508145454ce325ddbe47a25d4ec3d2311933,0.1,Avoid - watch only,0.51735,0.02,4.10766860611938e-06,83,closed,safety_exit,-0.0298166852637766,4.0,-0.032624860520701,0.04,-0.02,-0.0485944488569209,0.4807653270824744,0.15,lp|holders,0.0098166852637766,0xa43fe16908251ee70ef74718545e4fe6c5ccec9f,0.004473024325954,0.0034263393921346
2026-10-07 09:00:00+00:00,dex_short,5,solana:JUPyiwrYJFskUPiHa7hkeR8VUtAeFoSYbKedZNsDvCN,0.1,Avoid - watch only,0.48176,0.02296,0.3265504268028909,83,closed,safety_exit,-0.0357353631849531,3.0,-0.0650024001292295,0.0459222752740062,-0.0229611376370032,-0.062656047350154,1.2406747591835947,0.12,metadata|holders,0.0127742255479499,C1MgLojNLWBKADvu9BHdtgzz1oZX4dZ5zGdGcgvvW8Wz,0.0035122740737858,0.0034263393921346
2026-10-07 10:00:00+00:00,dex_day,1,ethereum:0xf280b16ef293d8e534e370794ef26bf312694126,8.3,Strong,0.42896,0.13853,1.37135393282755e-05,83,closed,time_limit,-0.0373419225296157,24.0,-0.0467642662833144,0.2770649491543031,-0.1385324745771515,0.1603553344447874,2.425141609758028,0.0,none,0.0104039229395745,0x76a411f14a704099ba476ce8dffc288a53295218,0.0047085409143694,0.0046667806543362
2026-10-07 10:00:00+00:00,dex_day,2,bsc:0x99991c6aabba5a096f24f250b73580f5179b9999,3.4,Avoid - watch only,0.39675,0.21588,0.085694461587459,83,closed,safety_exit,-0.2592661352586506,2.0,-0.2592661358457123,0.4317524835621789,-0.2158762417810894,0.1523720695027388,2.3708524364990566,0.35,lp|holders|wash|churn,0.0433898934775612,0x3bca91b9b847cff6f4b666fa1d966981678975e13fd69d647bd11bed99f5fa14,0.0059194215293749,0.0046667806543362
2026-10-07 10:00:00+00:00,dex_day,3,ethereum:0xe0f63a424a4439cbe457d80e4f4b51ad25b2c56c,3.2,Avoid - watch only,0.44602,0.05336,0.401789378090084,83,closed,safety_exit,-0.0634413192667832,5.0,-0.1235802530113287,0.1067298399850951,-0.0533649199925476,-0.0772885609108673,0.8798214007904505,0.0,none,0.0100763992742356,0x52c77b0cb827afbad022e6d6caf2c44452edbc39,0.0002109575878359,0.0046667806543362
2026-10-07 10:00:00+00:00,dex_day,4,robinhood:0x020bfc650a365f8bb26819deaabf3e21291018b4,1.9,Avoid - watch only,0.46065,0.07127,0.130663802581918,83,closed,safety_exit,-0.0903287509433827,4.0,-0.1325622005043117,0.1425408083523283,-0.0712704041761641,-0.1570549971529964,1.3919854861105818,0.15,lp|holders,0.0190583467672186,0xd42a491087a15e5afd51feb3606066cc152d2b09,0.0071485608923511,0.0046667806543362
2026-10-07 10:00:00+00:00,dex_day,5,solana:JUPyiwrYJFskUPiHa7hkeR8VUtAeFoSYbKedZNsDvCN,1.6,Avoid - watch only,0.44561,0.05606,0.3225180724847612,83,closed,take_profit,0.0993345580816348,13.0,-0.077083698107703,0.1121259315214597,-0.0560629657607298,-0.0783090254738958,1.2276787254970007,0.12,metadata|holders,0.0127913734398249,C1MgLojNLWBKADvu9BHdtgzz1oZX4dZ5zGdGcgvvW8Wz,0.0016901701835627,0.0046667806543362
2026-10-07 10:00:00+00:00,dex_short,1,ethereum:0xf280b16ef293d8e534e370794ef26bf312694126,3.9,Avoid - watch only,0.47142,0.05656,1.37135393282755e-05,83,closed,time_limit,-0.0433844315884293,4.0,-0.0286601468465152,0.1131112918397014,-0.0565556459198507,0.1603553344447874,2.425141609758028,0.0,none,0.0104039229395745,0x76a411f14a704099ba476ce8dffc288a53295218,0.0047085409143694,0.0046667806543362
2026-10-07 10:00:00+00:00,dex_short,2,bsc:0x99991c6aabba5a096f24f250b73580f5179b9999,0.3,Avoid - watch only,0.45796,0.08813,0.085694461587459,83,closed,safety_exit,-0.1315210001364546,1.0,-0.1315210002538804,0.1762622133177867,-0.0881311066588934,0.1523720695027388,2.3708524364990566,0.35,lp|holders|wash|churn,0.0433898934775612,0x3bca91b9b847cff6f4b666fa1d966981678975e13fd69d647bd11bed99f5fa14,0.0059194215293749,0.0046667806543362
2026-10-07 10:00:00+00:00,dex_short,3,ethereum:0xe0f63a424a4439cbe457d80e4f4b51ad25b2c56c,0.2,Avoid - watch only,0.48146,0.02179,0.401789378090084,83,closed,safety_exit,-0.031862536631934,3.0,-0.0368312172808046,0.0435722747153968,-0.0217861373576984,-0.0772885609108673,0.8798214007904505,0.0,none,0.0100763992742356,0x52c77b0cb827afbad022e6d6caf2c44452edbc39,0.0002109575878359,0.0046667806543362
2026-10-07 10:00:00+00:00,dex_short,4,ethereum:0x6982508145454ce325ddbe47a25d4ec3d2311933,0.1,Avoid - watch only,0.47928,0.02,4.10794705600551e-06,83,closed,safety_exit,-0.0300557918406881,3.0,-0.0368106098472572,0.04,-0.0199999999999999,-0.0540391461458256,0.5030529542697025,0.15,lp|holders,0.0100557918406882,0xa43fe16908251ee70ef74718545e4fe6c5ccec9f,0.0017354211760782,0.0046667806543362
2026-10-07 10:00:00+00:00,dex_short,5,solana:JUPyiwrYJFskUPiHa7hkeR8VUtAeFoSYbKedZNsDvCN,0.1,Avoid - watch only,0.51137,0.02289,0.3225180724847612,83,closed,safety_exit,-0.0356789833699769,3.0,-0.0395461914463939,0.045775219860304,-0.022887609930152,-0.0783090254738958,1.2276787254970007,0.12,metadata|holders,0.0127913734398249,C1MgLojNLWBKADvu9BHdtgzz1oZX4dZ5zGdGcgvvW8Wz,0.0016901701835627,0.0046667806543362
2026-10-07 11:00:00+00:00,dex_day,1,ethereum:0xf280b16ef293d8e534e370794ef26bf312694126,7.9,Strong,0.42018,0.1357,1.36927637350933e-05,83,closed,time_limit,-0.044388503660401,24.0,-0.0427743238256174,0.2714001180189893,-0.1357000590094946,0.0687153696456963,1.91742898167242,0.0,none,0.0132175015041886,0x76a411f14a704099ba476ce8dffc288a53295218,0.0084434688734014,0.0073229291001749
2026-10-07 11:00:00+00:00,dex_day,2,bsc:0x99991c6aabba5a096f24f250b73580f5179b9999,4.3,Avoid - watch only,0.42837,0.22735,0.0788925458301632,83,closed,time_limit,-0.0628916341094235,24.0,-0.0729520072226405,0.4547046593865129,-0.2273523296932564,0.0809633105140354,2.4563967426978537,0.35,lp|holders|wash|churn,0.0433951849012117,0x3bca91b9b847cff6f4b666fa1d966981678975e13fd69d647bd11bed99f5fa14,0.0708731682777188,0.0073229291001749
2026-10-07 11:00:00+00:00,dex_day,3,ethereum:0x8ed97a637a790be1feff5e888d43629dc05408f6,3.1,Avoid - watch only,0.43735,0.07277,0.0212480231726333,83,closed,time_limit,-0.0461242621661661,24.0,-0.0424879490915131,0.1455431070227741,-0.0727715535113872,0.0562822144834593,2.2838841940400347,0.1,holders,0.0129311267700843,0x69c7bd26512f52bf6f76fab834140d13dda673ca,0.0065357824915148,0.0073229291001749
2026-10-07 11:00:00+00:00,dex_day,4,robinhood:0x020bfc650a365f8bb26819deaabf3e21291018b4,2.1,Avoid - watch only,0.46923,0.0725,0.127522655318647,83,closed,safety_exit,-0.091570585122876,4.0,-0.0817099975018852,0.1449979384056976,-0.0724989692028488,-0.1759069440685403,1.4186120844590702,0.15,lp|holders,0.0190716159200272,0xd42a491087a15e5afd51feb3606066cc152d2b09,0.0117159275709459,0.0073229291001749
2026-10-07 11:00:00+00:00,dex_day,5,ethereum:0xe0f63a424a4439cbe457d80e4f4b51ad25b2c56c,1.5,Avoid - watch only,0.44714,0.05278,0.397883617807115,83,closed,safety_exit,-0.0656648755159771,4.0,-0.0755254564050923,0.1055556013854857,-0.0527778006927428,-0.083215584863063,0.9142900476692032,0.1,holders,0.0128870748232343,0x52c77b0cb827afbad022e6d6caf2c44452edbc39,0.0011519556302346,0.0073229291001749
2026-10-07 11:00:00+00:00,dex_short,1,ethereum:0xf280b16ef293d8e534e370794ef26bf312694126,2.5,Avoid - watch only,0.43385,0.0554,1.36927637350933e-05,83,closed,time_limit,-0.0466541959407248,4.0,-0.0147302403124022,0.110798634212943,-0.0553993171064715,0.0687153696456963,1.91742898167242,0.0,none,0.0132175015041886,0x76a411f14a704099ba476ce8dffc288a53295218,0.0084434688734014,0.0073229291001749
2026-10-07 11:00:00+00:00,dex_short,2,bsc:0x99991c6aabba5a096f24f250b73580f5179b9999,0.5,Avoid - watch only,0.51521,0.09282,0.0788925458301632,83,closed,safety_exit,-0.13621138483146,1.0,-0.1362113849535269,0.1856323998604969,-0.0928161999302484,0.0809633105140354,2.4563967426978537,0.35,lp|holders|wash|churn,0.0433951849012117,0x3bca91b9b847cff6f4b666fa1d966981678975e13fd69d647bd11bed99f5fa14,0.0708731682777188,0.0073229291001749
2026-10-07 11:00:00+00:00,dex_short,3,ethereum:0x8ed97a637a790be1feff5e888d43629dc05408f6,0.2,Avoid - watch only,0.46539,0.02971,0.0212480231726333,83,closed,time_limit,-0.0182412566700658,4.0,-0.0144438655782979,0.0594177246308464,-0.0297088623154232,0.0562822144834593,2.2838841940400347,0.1,holders,0.0129311267700843,0x69c7bd26512f52bf6f76fab834140d13dda673ca,0.0065357824915148,0.0073229291001749
2026-10-07 11:00:00+00:00,dex_short,4,ethereum:0x6982508145454ce325ddbe47a25d4ec3d2311933,0.1,Avoid - watch only,0.604,0.02,4.06833076261863e-06,83,closed,time_limit,-0.0223164355990861,4.0,-0.0143792761956008,0.04,-0.0200000000000001,-0.0657298315965402,0.503609937724918,0.15,lp|holders,0.0128665373873872,0xa43fe16908251ee70ef74718545e4fe6c5ccec9f,0.0033187405961627,0.0073229291001749
2026-10-07 11:00:00+00:00,dex_short,5,ethereum:0xe0f63a424a4439cbe457d80e4f4b51ad25b2c56c,0.1,Avoid - watch only,0.5332,0.02155,0.397883617807115,83,closed,safety_exit,-0.034433521730489,3.0,-0.0143998136314479,0.0430928938145094,-0.0215464469072547,-0.083215584863063,0.9142900476692032,0.1,holders,0.0128870748232343,0x52c77b0cb827afbad022e6d6caf2c44452edbc39,0.0011519556302346,0.0073229291001749
2026-10-07 12:00:00+00:00,dex_day,1,ethereum:0xf280b16ef293d8e534e370794ef26bf312694126,7.8,Strong,0.43252,0.13471,1.34023030598001e-05,83,closed,time_limit,-0.0248818819584736,24.0,-0.0358945999418293,0.2694135782675513,-0.1347067891337756,-0.0778804901929284,1.2368432993206917,0.0,none,0.0129972481298699,0x76a411f14a704099ba476ce8dffc288a53295218,0.0068903210333297,0.0060316638986073
2026-10-07 12:00:00+00:00,dex_day,2,bsc:0x99991c6aabba5a096f24f250b73580f5179b9999,6.5,Moderate,0.49061,0.27882,0.0664152760569758,83,closed,time_limit,0.0762857337439177,24.0,-0.0649953441429112,0.5576465647234139,-0.2788232823617069,-0.3323867631420993,2.434296216164947,0.35,lp|holders|wash|churn,0.0433960999984118,0x3bca91b9b847cff6f4b666fa1d966981678975e13fd69d647bd11bed99f5fa14,0.1861397247645548,0.0060316638986073
2026-10-07 12:00:00+00:00,dex_day,3,ethereum:0x8ed97a637a790be1feff5e888d43629dc05408f6,2.8,Avoid - watch only,0.42822,0.07161,0.0213868956304643,83,closed,time_limit,-0.0590350548223431,24.0,-0.0356073568371764,0.1432282612725059,-0.0716141306362529,0.0443319482109623,2.312561924117805,0.1,holders,0.012710005025217,0x69c7bd26512f52bf6f76fab834140d13dda673ca,0.003012291004653,0.0060316638986073
2026-10-07 12:00:00+00:00,dex_day,4,ethereum:0xe0f63a424a4439cbe457d80e4f4b51ad25b2c56c,2.3,Avoid - watch only,0.44272,0.0519,0.394972315931408,83,closed,safety_exit,-0.064565885855471,24.0,-0.0355633935656387,0.1037996882035834,-0.0518998441017917,-0.0916228809269069,0.9533212871458986,0.0,none,0.0126660417536793,0x52c77b0cb827afbad022e6d6caf2c44452edbc39,0.0062412339859461,0.0060316638986073
2026-10-07 12:00:00+00:00,dex_day,5,robinhood:0x020bfc650a365f8bb26819deaabf3e21291018b4,2.1,Avoid - watch only,0.47894,0.07245,0.12501831143562,83,closed,time_limit,-0.0698059298800935,24.0,-0.0419812025400841,0.1448937956856029,-0.0724468978428014,-0.200534741958583,1.4701795157578963,0.15,lp|holders,0.0190838507281247,0xd42a491087a15e5afd51feb3606066cc152d2b09,0.0094730075470574,0.0060316638986073
2026-10-07 12:00:00+00:00,dex_day,5,solana:JUPyiwrYJFskUPiHa7hkeR8VUtAeFoSYbKedZNsDvCN,1.2,Avoid - watch only,0.44733,0.05433,0.3178065794889227,83,closed,take_profit,0.0958631319938518,10.0,-0.0031332953635125,0.1086613047715532,-0.0588615236317811,-0.0807570271393862,1.2514369152833866,0.12,metadata|holders,0.0127981727777014,C1MgLojNLWBKADvu9BHdtgzz1oZX4dZ5zGdGcgvvW8Wz,0.0060316638986073,0.0060316638986073
2026-10-07 12:00:00+00:00,dex_short,1,ethereum:0xf280b16ef293d8e534e370794ef26bf312694126,2.8,Avoid - watch only,0.46192,0.05499,1.34023030598001e-05,83,closed,time_limit,-0.0303264777388118,4.0,-0.0049630557156817,0.10998763275548,-0.05499381637774,-0.0778804901929284,1.2368432993206917,0.0,none,0.0129972481298699,0x76a411f14a704099ba476ce8dffc288a53295218,0.0068903210333297,0.0060316638986073
2026-10-07 12:00:00+00:00,dex_short,2,bsc:0x99991c6aabba5a096f24f250b73580f5179b9999,1.4,Avoid - watch only,0.57869,0.11383,0.0664152760569758,83,closed,time_limit,0.0617455563838755,4.0,-0.0353619075842236,0.2276582567313796,-0.1138291283656898,-0.3323867631420993,2.434296216164947,0.35,lp|holders|wash|churn,0.0433960999984118,0x3bca91b9b847cff6f4b666fa1d966981678975e13fd69d647bd11bed99f5fa14,0.1861397247645548,0.0060316638986073
2026-10-07 12:00:00+00:00,dex_short,3,ethereum:0xe0f63a424a4439cbe457d80e4f4b51ad25b2c56c,0.2,Avoid - watch only,0.58979,0.02119,0.394972315931408,83,closed,safety_exit,-0.0338540643835766,2.0,-0.0046318493394911,0.0423760452597949,-0.0211880226298974,-0.0916228809269069,0.9533212871458986,0.0,none,0.0126660417536793,0x52c77b0cb827afbad022e6d6caf2c44452edbc39,0.0062412339859461,0.0060316638986073
2026-10-07 12:00:00+00:00,dex_short,4,ethereum:0x8ed97a637a790be1feff5e888d43629dc05408f6,0.2,Avoid - watch only,0.43788,0.02924,0.0213868956304643,83,closed,time_limit,-0.0197925842998141,4.0,-0.0046758126110288,0.058472692810612,-0.029236346405306,0.0443319482109623,2.312561924117805,0.1,holders,0.012710005025217,0x69c7bd26512f52bf6f76fab834140d13dda673ca,0.003012291004653,0.0060316638986073
2026-10-07 12:00:00+00:00,dex_short,4,solana:JUPyiwrYJFskUPiHa7hkeR8VUtAeFoSYbKedZNsDvCN,0.1,Avoid - watch only,0.50163,0.02218,0.3178065794889227,83,closed,safety_exit,-0.034978568733981,3.0,-0.0047639803635132,0.0443607919125594,-0.0221803959562796,-0.0807570271393862,1.2514369152833866,0.12,metadata|holders,0.0127981727777014,C1MgLojNLWBKADvu9BHdtgzz1oZX4dZ5zGdGcgvvW8Wz,0.0060316638986073,0.0060316638986073
2026-10-07 12:00:00+00:00,dex_short,5,robinhood:0x020bfc650a365f8bb26819deaabf3e21291018b4,0.1,Avoid - watch only,0.53712,0.02958,0.12501831143562,83,closed,safety_exit,-0.0486601729218585,2.0,-0.0110496583139365,0.0591526443874677,-0.0295763221937338,-0.200534741958583,1.4701795157578963,0.15,lp|holders,0.0190838507281247,0xd42a491087a15e5afd51feb3606066cc152d2b09,0.0094730075470574,0.0060316638986073
2026-10-07 12:00:00+00:00,dex_short,5,ethereum:0x6982508145454ce325ddbe47a25d4ec3d2311933,0.0,Avoid - watch only,0.49213,0.02,4.06592144709252e-06,83,closed,time_limit,-0.0289277967260074,4.0,-0.0128840621159889,0.04,-0.02,-0.0651951034340108,0.5185101341827028,0.15,lp|holders,0.0209182545301771,0xa43fe16908251ee70ef74718545e4fe6c5ccec9f,0.0012654641776661,0.0060316638986073
2026-10-07 13:00:00+00:00,dex_day,1,bsc:0x99991c6aabba5a096f24f250b73580f5179b9999,2.1,Avoid - watch only,0.46648,0.29425,0.0736977976126524,83,closed,time_limit,-0.0453324003393569,24.0,-0.0854886073558074,0.5884942282029644,-0.2942471141014822,-0.2485664649148722,2.2838889028110207,0.35,lp|holders|wash|churn,0.0433957347522296,0x3bca91b9b847cff6f4b666fa1d966981678975e13fd69d647bd11bed99f5fa14,0.0235153194096857,0.003225154582411
2026-10-07 13:00:00+00:00,dex_day,2,ethereum:0x8ed97a637a790be1feff5e888d43629dc05408f6,1.8,Avoid - watch only,0.42923,0.07019,0.0214391972895717,83,closed,time_limit,-0.0603531673171313,24.0,-0.0564443317807538,0.1403808358009357,-0.0701904179004678,0.0150647745662428,2.213084030199981,0.1,holders,0.014351459177176,0x69c7bd26512f52bf6f76fab834140d13dda673ca,0.0,0.003225154582411
2026-10-07 13:00:00+00:00,dex_day,3,robinhood:0x020bfc650a365f8bb26819deaabf3e21291018b4,1.3,Avoid - watch only,0.45659,0.0714,0.12531498870106,83,closed,safety_exit,-0.0904965379210119,24.0,-0.0611923070352738,0.1427942069786318,-0.0713971034893159,-0.1940619373468941,1.488794329577849,0.15,lp|holders,0.019099434431696,0xd42a491087a15e5afd51feb3606066cc152d2b09,0.0036943192800293,0.003225154582411
2026-10-07 13:00:00+00:00,dex_day,4,solana:JUPyiwrYJFskUPiHa7hkeR8VUtAeFoSYbKedZNsDvCN,1.0,Avoid - watch only,0.43094,0.05332,0.3181028878305058,83,closed,take_profit,0.0938373292756671,9.0,-0.0033340901523784,0.1066483617955964,-0.0533241808977982,-0.0668010335238329,1.303244144705413,0.12,metadata|holders,0.0128110325199293,C1MgLojNLWBKADvu9BHdtgzz1oZX4dZ5zGdGcgvvW8Wz,0.0029551642034297,0.003225154582411
2026-10-07 13:00:00+00:00,dex_day,5,ethereum:0xe0f63a424a4439cbe457d80e4f4b51ad25b2c56c,0.9,Avoid - watch only,0.43599,0.05086,0.394570717702278,83,closed,safety_exit,-0.0651665555891259,23.0,-0.0564007102224328,0.1017174359405423,-0.050858717970271,-0.0922402153731114,0.9977638624134708,0.1,holders,0.014307837618855,0x52c77b0cb827afbad022e6d6caf2c44452edbc39,0.0034951449613922,0.003225154582411
2026-10-07 13:00:00+00:00,dex_short,1,bsc:0x99991c6aabba5a096f24f250b73580f5179b9999,0.3,Avoid - watch only,0.49659,0.12013,0.0736977976126524,83,closed,time_limit,-0.0502755768188038,4.0,-0.0518167931110478,0.2402517626117108,-0.1201258813058555,-0.2485664649148722,2.2838889028110207,0.35,lp|holders|wash|churn,0.0433957347522296,0x3bca91b9b847cff6f4b666fa1d966981678975e13fd69d647bd11bed99f5fa14,0.0235153194096857,0.003225154582411
2026-10-07 13:00:00+00:00,dex_short,2,ethereum:0x8ed97a637a790be1feff5e888d43629dc05408f6,0.1,Avoid - watch only,0.42595,0.02866,0.0214391972895717,83,closed,time_limit,-0.0330502331407467,4.0,-0.0227725175359942,0.0573102362296202,-0.0286551181148101,0.0150647745662428,2.213084030199981,0.1,holders,0.014351459177176,0x69c7bd26512f52bf6f76fab834140d13dda673ca,0.0,0.003225154582411
2026-10-07 13:00:00+00:00,dex_short,3,solana:JUPyiwrYJFskUPiHa7hkeR8VUtAeFoSYbKedZNsDvCN,0.1,Avoid - watch only,0.47163,0.02177,0.3181028878305058,83,closed,safety_exit,-0.0345805382118412,2.0,-0.0212320908787475,0.0435390113838238,-0.0217695056919119,-0.0668010335238329,1.303244144705413,0.12,metadata|holders,0.0128110325199293,C1MgLojNLWBKADvu9BHdtgzz1oZX4dZ5zGdGcgvvW8Wz,0.0029551642034297,0.003225154582411
2026-10-07 13:00:00+00:00,dex_short,4,ethereum:0x6982508145454ce325ddbe47a25d4ec3d2311933,0.0,Avoid - watch only,0.47342,0.02,4.06654598857478e-06,83,closed,time_limit,-0.0220290315527866,4.0,-0.0227079726174576,0.04,-0.02,-0.0650008503062533,0.5644018605062536,0.15,lp|holders,0.0142869142586394,0xa43fe16908251ee70ef74718545e4fe6c5ccec9f,0.0,0.003225154582411
2026-10-07 13:00:00+00:00,dex_short,5,ethereum:0xe0f63a424a4439cbe457d80e4f4b51ad25b2c56c,0.0,Avoid - watch only,0.47044,0.02076,0.394570717702278,83,closed,safety_exit,-0.0350708222854019,1.0,-0.0227288959776732,0.041525969333094,-0.0207629846665469,-0.0922402153731114,0.9977638624134708,0.1,holders,0.014307837618855,0x52c77b0cb827afbad022e6d6caf2c44452edbc39,0.0034951449613922,0.003225154582411
2026-10-07 18:00:00+00:00,dex_day,1,ethereum:0x8ed97a637a790be1feff5e888d43629dc05408f6,1.8,Avoid - watch only,0.44529,0.06546,0.0208245352371594,80,closed,safety_exit,-0.0796209050266181,22.0,-0.0657166847611331,0.1309116557360254,-0.0654558278680127,-0.0833193897076594,1.925889647830368,0.1,holders,0.0141650771586054,0x69c7bd26512f52bf6f76fab834140d13dda673ca,0.0119407800906012,0.0030671653962817
2026-10-07 18:00:00+00:00,dex_day,1,bsc:0x99991c6aabba5a096f24f250b73580f5179b9999,2.5,Avoid - watch only,0.44188,0.2653,0.0734899389318093,80,closed,time_limit,-0.0478562525260254,24.0,-0.0949478072743177,0.5305954174509981,-0.265297708725499,-0.1581361362298183,1.4615111861444043,0.35,lp|holders|wash|churn,0.0433961996717901,0x3bca91b9b847cff6f4b666fa1d966981678975e13fd69d647bd11bed99f5fa14,0.0074562814373806,0.0030671653962817
2026-10-07 18:00:00+00:00,dex_day,2,ethereum:0xe0f63a424a4439cbe457d80e4f4b51ad25b2c56c,1.5,Avoid - watch only,0.43268,0.05093,0.386030621736686,80,closed,safety_exit,-0.0650496821643958,21.0,-0.0701162707481821,0.1018583501846233,-0.0509291750923116,-0.0902006621888887,1.112731191798186,0.0,none,0.0141205070720842,0x52c77b0cb827afbad022e6d6caf2c44452edbc39,0.0021104101926108,0.0030671653962817
2026-10-07 18:00:00+00:00,dex_day,3,solana:JUPyiwrYJFskUPiHa7hkeR8VUtAeFoSYbKedZNsDvCN,1.0,Avoid - watch only,0.42544,0.05269,0.3213723257000372,80,closed,take_profit,0.0926452532039756,4.0,0.0926452532680867,0.1053896602437081,-0.052694830121854,-0.0923407891845975,1.1281859734762885,0.12,metadata|holders,0.0127444070397325,C1MgLojNLWBKADvu9BHdtgzz1oZX4dZ5zGdGcgvvW8Wz,0.0209758035637439,0.0030671653962817
2026-10-07 18:00:00+00:00,dex_day,4,ethereum:0x6982508145454ce325ddbe47a25d4ec3d2311933,0.4,Avoid - watch only,0.45802,0.04,4.02930113324172e-06,80,closed,safety_exit,-0.0540996406560179,21.0,-0.0656512482585456,0.08,-0.04,-0.0657104377599342,0.5735121317676543,0.15,lp|holders,0.0140996406560179,0xa43fe16908251ee70ef74718545e4fe6c5ccec9f,0.0003101085427994,0.0030671653962817
2026-10-07 18:00:00+00:00,dex_day,5,bsc:0x3d4f0513e8a29669b960f9dbca61861548a9a760,0.0,Avoid - watch only,0.46,0.04,0.0070641430410571,80,closed,safety_exit,-0.0731640705121944,21.0,-0.0891598341882923,0.08,-0.04,-0.0324452949238143,2.0770764514119966,0.25,lp|holders|wash,0.0331640705121944,0x7f51bbf34156ba802deb0e38b7671dc4fa32041d,0.0004077861366775,0.0030671653962817
2026-10-07 18:00:00+00:00,dex_short,1,ethereum:0x8ed97a637a790be1feff5e888d43629dc05408f6,0.2,Avoid - watch only,0.52975,0.02672,0.0208245352371594,80,closed,time_limit,-0.0030925385282331,4.0,-0.0152599654859246,0.0534444596560261,-0.0267222298280129,-0.0833193897076594,1.925889647830368,0.1,holders,0.0141650771586054,0x69c7bd26512f52bf6f76fab834140d13dda673ca,0.0119407800906012,0.0030671653962817
2026-10-07 18:00:00+00:00,dex_short,2,ethereum:0xe0f63a424a4439cbe457d80e4f4b51ad25b2c56c,0.1,Avoid - watch only,0.4564,0.02079,0.386030621736686,80,closed,time_limit,-0.008266238127126,4.0,-0.0152153953994034,0.0415834973323421,-0.0259896858327137,-0.0902006621888887,1.112731191798186,0.0,none,0.0141205070720842,0x52c77b0cb827afbad022e6d6caf2c44452edbc39,0.0021104101926108,0.0030671653962817
2026-10-07 18:00:00+00:00,dex_short,2,bsc:0x99991c6aabba5a096f24f250b73580f5179b9999,0.2,Avoid - watch only,0.40904,0.10831,0.0734899389318093,80,closed,time_limit,-0.0464018717010845,4.0,-0.0444910879991093,0.2166146721023298,-0.1083073360511649,-0.1581361362298183,1.4615111861444043,0.35,lp|holders|wash|churn,0.0433961996717901,0x3bca91b9b847cff6f4b666fa1d966981678975e13fd69d647bd11bed99f5fa14,0.0074562814373806,0.0030671653962817
2026-10-07 18:00:00+00:00,dex_short,3,ethereum:0x6982508145454ce325ddbe47a25d4ec3d2311933,0.0,Avoid - watch only,0.49017,0.02,4.02930113324172e-06,80,closed,time_limit,0.0005135836402234,4.0,-0.0151945289833371,0.04,-0.02,-0.0657104377599342,0.5735121317676543,0.15,lp|holders,0.0140996406560179,0xa43fe16908251ee70ef74718545e4fe6c5ccec9f,0.0003101085427994,0.0030671653962817
2026-10-07 18:00:00+00:00,dex_short,4,bsc:0x3d4f0513e8a29669b960f9dbca61861548a9a760,0.0,Avoid - watch only,0.45736,0.02,0.0070641430410571,80,closed,time_limit,-0.0335489447235415,4.0,-0.0342589588395136,0.04,-0.02,-0.0324452949238143,2.0770764514119966,0.25,lp|holders|wash,0.0331640705121944,0x7f51bbf34156ba802deb0e38b7671dc4fa32041d,0.0004077861366775,0.0030671653962817
2026-10-07 18:00:00+00:00,dex_short,5,bsc:0xce24439f2d9c6a2289f741120fe202248b666666,0.0,Avoid - watch only,0.47129,0.02,0.998982439308076,80,closed,time_limit,-0.0341388735669136,4.0,-0.0351193398568764,0.04,-0.02,0.0005259024995377,2.3059560744552505,0.15,lp|holders,0.0340244515295572,0x882e23dba77bfe0e514cf5bcdad7a58aceb01522,0.0009810062484609,0.0030671653962817
2026-10-07 19:00:00+00:00,dex_day,1,ethereum:0x1abaea1f7c830bd89acc67ec4af516284b1bc33c,0.5,Avoid - watch only,0.35395,0.04,1.12033450337056,80,closed,time_limit,-0.0059244474258971,24.0,-0.0475758485764603,0.08,-0.04,-0.0038981519033564,1.251876823526621,0.15,lp|holders,0.0059614812511476,0xb2b92b56988a4edbe255989792c6ea239b25eaf66b42093145cbf8f630db3a17,0.0020224674653801,0.0089132522357253
2026-10-07 19:00:00+00:00,dex_day,2,bsc:0x3d4f0513e8a29669b960f9dbca61861548a9a760,0.0,Avoid - watch only,0.47417,0.04,0.0070552100787746,80,closed,safety_exit,-0.0732621845341229,20.0,-0.0804703387982721,0.08,-0.04,-0.027082144104825,2.095393793932324,0.15,lp|wash,0.0332621845341229,0x7f51bbf34156ba802deb0e38b7671dc4fa32041d,0.0017607596254578,0.0089132522357253
2026-10-07 19:00:00+00:00,dex_day,3,bsc:0xce24439f2d9c6a2289f741120fe202248b666666,0.0,Avoid - watch only,0.4118,0.04,0.999387158469646,80,closed,time_limit,-0.0329309626817038,24.0,-0.0812666964189589,0.08,-0.04,-0.0003696517070776,2.303482450523036,0.15,lp|holders,0.0340585421548097,0x882e23dba77bfe0e514cf5bcdad7a58aceb01522,0.0009658036896751,0.0089132522357253
2026-10-07 19:00:00+00:00,dex_short,1,ethereum:0x1abaea1f7c830bd89acc67ec4af516284b1bc33c,0.1,Avoid - watch only,0.39416,0.02,1.12033450337056,80,closed,time_limit,-0.0053541925505203,4.0,0.0053943347421816,0.04,-0.0199999999999999,-0.0038981519033564,1.251876823526621,0.15,lp|holders,0.0059614812511476,0xb2b92b56988a4edbe255989792c6ea239b25eaf66b42093145cbf8f630db3a17,0.0020224674653801,0.0089132522357253
2026-10-07 19:00:00+00:00,dex_short,2,bsc:0x3d4f0513e8a29669b960f9dbca61861548a9a760,0.0,Avoid - watch only,0.51762,0.02,0.0070552100787746,80,closed,time_limit,-0.0315614384123385,4.0,-0.0219063685407936,0.04,-0.02,-0.027082144104825,2.095393793932324,0.15,lp|wash,0.0332621845341229,0x7f51bbf34156ba802deb0e38b7671dc4fa32041d,0.0017607596254578,0.0089132522357253
2026-10-07 19:00:00+00:00,dex_short,3,bsc:0xce24439f2d9c6a2289f741120fe202248b666666,0.0,Avoid - watch only,0.46894,0.02,0.999387158469646,80,closed,time_limit,-0.0341287570410349,4.0,-0.0227027261614804,0.04,-0.02,-0.0003696517070776,2.303482450523036,0.15,lp|holders,0.0340585421548097,0x882e23dba77bfe0e514cf5bcdad7a58aceb01522,0.0009658036896751,0.0089132522357253
2026-10-07 20:00:00+00:00,dex_day,1,bsc:0x99991c6aabba5a096f24f250b73580f5179b9999,2.4,Avoid - watch only,0.44954,0.25449,0.0729240449993065,80,closed,time_limit,-0.0376892597578947,24.0,-0.0917622077062702,0.5089793592281255,-0.2544896796140627,-0.195427244274573,1.4184902446217973,0.35,lp|holders|wash|churn,0.0433973036098871,0x3bca91b9b847cff6f4b666fa1d966981678975e13fd69d647bd11bed99f5fa14,0.0045491281323581,0.0050063905004729
2026-10-07 20:00:00+00:00,dex_day,2,ethereum:0xe0f63a424a4439cbe457d80e4f4b51ad25b2c56c,2.0,Avoid - watch only,0.43405,0.04902,0.384458594692549,80,closed,safety_exit,-0.0592364653874852,19.0,-0.058581217955702,0.0980403030563326,-0.0490201515281663,-0.0821891919789998,1.0747995542801192,0.0,none,0.0102163138593189,0x52c77b0cb827afbad022e6d6caf2c44452edbc39,0.0064474602772406,0.0050063905004729
2026-10-07 20:00:00+00:00,dex_day,3,ethereum:0x8ed97a637a790be1feff5e888d43629dc05408f6,1.9,Avoid - watch only,0.429,0.06326,0.0209985064255409,80,closed,safety_exit,-0.0735163006214853,19.0,-0.0586253183799817,0.1265117726757734,-0.0632558863378867,-0.0936354242584696,1.9422147214312533,0.1,holders,0.0102604142835986,0x69c7bd26512f52bf6f76fab834140d13dda673ca,0.0039604829419459,0.0050063905004729
2026-10-07 20:00:00+00:00,dex_day,4,solana:JUPyiwrYJFskUPiHa7hkeR8VUtAeFoSYbKedZNsDvCN,1.1,Avoid - watch only,0.426,0.05602,0.3320290067100446,80,closed,take_profit,0.0994021114031526,4.0,-0.0559463847735389,0.1120426613702914,-0.0560213306851455,-0.0608110757558242,1.1673074446657712,0.12,metadata|holders,0.0126405499671388,C1MgLojNLWBKADvu9BHdtgzz1oZX4dZ5zGdGcgvvW8Wz,0.0207816436555161,0.0050063905004729
2026-10-07 20:00:00+00:00,dex_day,5,bsc:0x3d4f0513e8a29669b960f9dbca61861548a9a760,0.0,Avoid - watch only,0.47491,0.04,0.0070506824348417,80,closed,safety_exit,-0.0731626357653085,19.0,-0.0815275398616916,0.08,-0.04,-0.0298186254887458,2.1330720388418296,0.25,lp|holders|wash,0.0331626357653085,0x7f51bbf34156ba802deb0e38b7671dc4fa32041d,0.0004541968878635,0.0050063905004729
2026-10-07 20:00:00+00:00,dex_short,1,ethereum:0xe0f63a424a4439cbe457d80e4f4b51ad25b2c56c,0.3,Avoid - watch only,0.53513,0.02001,0.384458594692549,80,closed,time_limit,0.008417912537589,4.0,0.005377805919082,0.038343284585014,-0.0243476201644979,-0.0821891919789998,1.0747995542801192,0.0,none,0.0102163138593189,0x52c77b0cb827afbad022e6d6caf2c44452edbc39,0.0064474602772406,0.0050063905004729
2026-10-07 20:00:00+00:00,dex_short,2,bsc:0x99991c6aabba5a096f24f250b73580f5179b9999,0.3,Avoid - watch only,0.48098,0.10389,0.0729240449993065,80,closed,time_limit,-0.0532683986018633,4.0,-0.0278031838314861,0.2077899532862748,-0.1038949766431375,-0.195427244274573,1.4184902446217973,0.35,lp|holders|wash|churn,0.0433973036098871,0x3bca91b9b847cff6f4b666fa1d966981678975e13fd69d647bd11bed99f5fa14,0.0045491281323581,0.0050063905004729
2026-10-07 20:00:00+00:00,dex_short,3,ethereum:0x8ed97a637a790be1feff5e888d43629dc05408f6,0.2,Avoid - watch only,0.46199,0.02582,0.0209985064255409,80,closed,time_limit,-0.0101672931794555,4.0,0.0053337054948023,0.0516482149184374,-0.0291596597367999,-0.0936354242584696,1.9422147214312533,0.1,holders,0.0102604142835986,0x69c7bd26512f52bf6f76fab834140d13dda673ca,0.0039604829419459,0.0050063905004729
2026-10-07 20:00:00+00:00,dex_short,4,bsc:0x3d4f0513e8a29669b960f9dbca61861548a9a760,0.0,Avoid - watch only,0.50714,0.02,0.0070506824348417,80,closed,time_limit,-0.0290166770860326,4.0,-0.0175685159869075,0.04,-0.02,-0.0298186254887458,2.1330720388418296,0.25,lp|holders|wash,0.0331626357653085,0x7f51bbf34156ba802deb0e38b7671dc4fa32041d,0.0004541968878635,0.0050063905004729
2026-10-07 20:00:00+00:00,dex_short,5,bsc:0xce24439f2d9c6a2289f741120fe202248b666666,0.0,Avoid - watch only,0.45412,0.02,0.998857811046043,80,closed,time_limit,-0.034076894856914,4.0,-0.0184291816656168,0.04,-0.02,0.0003875154693059,2.3126560128106552,0.15,lp|holders,0.0340233014440178,0x882e23dba77bfe0e514cf5bcdad7a58aceb01522,0.0011452530059099,0.0050063905004729
2026-10-07 21:00:00+00:00,dex_day,1,solana:JUPyiwrYJFskUPiHa7hkeR8VUtAeFoSYbKedZNsDvCN,1.1,Avoid - watch only,0.42254,0.05841,0.3388484133174864,80,closed,take_profit,0.1042001330393071,5.0,0.1061887798470932,0.1168180010314083,-0.0584090005157041,-0.0421939626709741,1.2261738636418031,0.12,metadata|holders,0.0126178679921012,C1MgLojNLWBKADvu9BHdtgzz1oZX4dZ5zGdGcgvvW8Wz,0.054543383849807,0.0125965461610357
2026-10-07 21:00:00+00:00,dex_day,2,ethereum:0xe0f63a424a4439cbe457d80e4f4b51ad25b2c56c,0.9,Avoid - watch only,0.4343,0.04802,0.382925090501543,80,closed,safety_exit,-0.0603062235469008,18.0,-0.0647470766985083,0.0960443741905658,-0.0480221870952829,-0.0840875420076544,1.065447329298162,0.1,holders,0.0122840364516179,0x52c77b0cb827afbad022e6d6caf2c44452edbc39,0.0140117700533843,0.0125965461610357
2026-10-07 21:00:00+00:00,dex_day,3,bsc:0x3d4f0513e8a29669b960f9dbca61861548a9a760,0.0,Avoid - watch only,0.47466,0.04,0.0070383726373475,80,closed,safety_exit,-0.0731628554072118,18.0,-0.0856258956541022,0.08,-0.04,-0.0344745848774756,2.18643765521162,0.25,lp|holders|wash,0.0331628554072118,0x7f51bbf34156ba802deb0e38b7671dc4fa32041d,0.0032751316839196,0.0125965461610357
2026-10-07 21:00:00+00:00,dex_day,4,bsc:0xce24439f2d9c6a2289f741120fe202248b666666,0.0,Avoid - watch only,0.4118,0.04,0.999158323213248,80,closed,time_limit,-0.0313645792751396,24.0,-0.086485677398025,0.08,-0.04,9.697063237494856e-05,2.315840825266524,0.15,lp|holders,0.0340226371511346,0x882e23dba77bfe0e514cf5bcdad7a58aceb01522,0.0007634583604736,0.0125965461610357
2026-10-07 21:00:00+00:00,dex_short,1,ethereum:0xe0f63a424a4439cbe457d80e4f4b51ad25b2c56c,0.1,Avoid - watch only,0.54119,0.02,0.382925090501543,80,closed,time_limit,0.0076463897116665,4.0,0.0084053332910803,0.04,-0.02,-0.0840875420076544,1.065447329298162,0.1,holders,0.0122840364516179,0x52c77b0cb827afbad022e6d6caf2c44452edbc39,0.0140117700533843,0.0125965461610357
2026-10-07 21:00:00+00:00,dex_short,2,solana:JUPyiwrYJFskUPiHa7hkeR8VUtAeFoSYbKedZNsDvCN,0.1,Avoid - watch only,0.41144,0.02385,0.3388484133174864,80,closed,take_profit,0.035072881224377,1.0,0.0350728812874028,0.0476907492164782,-0.0238453746082391,-0.0421939626709741,1.2261738636418031,0.12,metadata|holders,0.0126178679921012,C1MgLojNLWBKADvu9BHdtgzz1oZX4dZ5zGdGcgvvW8Wz,0.054543383849807,0.0125965461610357
2026-10-07 21:00:00+00:00,dex_short,3,bsc:0x3d4f0513e8a29669b960f9dbca61861548a9a760,0.0,Avoid - watch only,0.51098,0.02,0.0070383726373475,80,closed,time_limit,-0.0294941888753298,4.0,-0.0124734856645135,0.04,-0.02,-0.0344745848774756,2.18643765521162,0.25,lp|holders|wash,0.0331628554072118,0x7f51bbf34156ba802deb0e38b7671dc4fa32041d,0.0032751316839196,0.0125965461610357
2026-10-07 21:00:00+00:00,dex_short,4,bsc:0xce24439f2d9c6a2289f741120fe202248b666666,0.0,Avoid - watch only,0.45588,0.02,0.999158323213248,80,closed,time_limit,-0.0336554428517304,4.0,-0.0133332674084363,0.04,-0.02,9.697063237494856e-05,2.315840825266524,0.15,lp|holders,0.0340226371511346,0x882e23dba77bfe0e514cf5bcdad7a58aceb01522,0.0007634583604736,0.0125965461610357
2026-10-07 22:00:00+00:00,dex_day,1,ethereum:0xe0f63a424a4439cbe457d80e4f4b51ad25b2c56c,2.0,Avoid - watch only,0.42114,0.04984,0.388290548817322,80,closed,safety_exit,-0.0590577660209977,14.0,-0.0786361928309367,0.0996709170357743,-0.049835458517887,-0.0710629371892721,1.0884791097639288,0.0,none,0.0092223075031108,0x52c77b0cb827afbad022e6d6caf2c44452edbc39,0.0231244083936725,0.0043036400315972
2026-10-07 22:00:00+00:00,dex_day,2,bsc:0x99991c6aabba5a096f24f250b73580f5179b9999,2.0,Avoid - watch only,0.43142,0.2451,0.0732690522779274,80,closed,time_limit,-0.0402228730351353,24.0,-0.1128093042484145,0.4901957527410654,-0.2450978763705327,-0.1766124587104682,1.403597063855438,0.35,lp|holders|wash|churn,0.0433954189205886,0x3bca91b9b847cff6f4b666fa1d966981678975e13fd69d647bd11bed99f5fa14,0.0043011923387077,0.0043036400315972
2026-10-07 22:00:00+00:00,dex_day,3,solana:JUPyiwrYJFskUPiHa7hkeR8VUtAeFoSYbKedZNsDvCN,1.6,Avoid - watch only,0.39115,0.07627,0.3570103169093198,80,closed,safety_exit,-0.0888493714400353,19.0,-0.093703106143866,0.1525405810819311,-0.0762702905409655,0.0101273926227833,1.3213287336379465,0.12,metadata|holders,0.0125790808990699,C1MgLojNLWBKADvu9BHdtgzz1oZX4dZ5zGdGcgvvW8Wz,0.0094885258366916,0.0043036400315972
2026-10-07 22:00:00+00:00,dex_day,4,bsc:0x3d4f0513e8a29669b960f9dbca61861548a9a760,0.0,Avoid - watch only,0.46074,0.04,0.0070614242345753,80,closed,safety_exit,-0.0731622996199823,17.0,-0.1025761849478082,0.08,-0.04,-0.0330863695700527,2.199116688290565,0.15,lp|wash,0.0331622996199823,0x7f51bbf34156ba802deb0e38b7671dc4fa32041d,0.0027560108500519,0.0043036400315972
2026-10-07 22:00:00+00:00,dex_day,5,bsc:0xce24439f2d9c6a2289f741120fe202248b666666,0.0,Avoid - watch only,0.41205,0.04,0.998868133702087,80,closed,time_limit,-0.0279374330157132,24.0,-0.1034389219494874,0.08,-0.04,-0.0006312607154469,2.3212465599506813,0.15,lp|holders,0.0340250366216615,0x882e23dba77bfe0e514cf5bcdad7a58aceb01522,0.0013335058065235,0.0043036400315972
2026-10-07 22:00:00+00:00,dex_short,1,ethereum:0xe0f63a424a4439cbe457d80e4f4b51ad25b2c56c,0.2,Avoid - watch only,0.45489,0.02035,0.388290548817322,80,closed,time_limit,0.0015529491113617,4.0,0.0027232293991889,0.0406904814888204,-0.0203452407444102,-0.0710629371892721,1.0884791097639288,0.0,none,0.0092223075031108,0x52c77b0cb827afbad022e6d6caf2c44452edbc39,0.0231244083936725,0.0043036400315972
2026-10-07 22:00:00+00:00,dex_short,2,bsc:0x99991c6aabba5a096f24f250b73580f5179b9999,0.2,Avoid - watch only,0.42821,0.10006,0.0732690522779274,80,closed,time_limit,-0.0657689287289344,4.0,-0.0314498820182888,0.2001215780491865,-0.1000607890245933,-0.1766124587104682,1.403597063855438,0.35,lp|holders|wash|churn,0.0433954189205886,0x3bca91b9b847cff6f4b666fa1d966981678975e13fd69d647bd11bed99f5fa14,0.0043011923387077,0.0043036400315972
2026-10-07 22:00:00+00:00,dex_short,3,solana:JUPyiwrYJFskUPiHa7hkeR8VUtAeFoSYbKedZNsDvCN,0.2,Avoid - watch only,0.39352,0.03114,0.3570103169093198,80,closed,time_limit,0.0295034534032244,4.0,-0.0006335439967701,0.0622744314530627,-0.0311372157265313,0.0101273926227833,1.3213287336379465,0.12,metadata|holders,0.0125790808990699,C1MgLojNLWBKADvu9BHdtgzz1oZX4dZ5zGdGcgvvW8Wz,0.0094885258366916,0.0043036400315972
2026-10-07 22:00:00+00:00,dex_short,4,bsc:0x3d4f0513e8a29669b960f9dbca61861548a9a760,0.0,Avoid - watch only,0.46145,0.02,0.0070614242345753,80,closed,time_limit,-0.0314039675741997,4.0,-0.0212167627176825,0.04,-0.02,-0.0330863695700527,2.199116688290565,0.15,lp|wash,0.0331622996199823,0x7f51bbf34156ba802deb0e38b7671dc4fa32041d,0.0027560108500519,0.0043036400315972
2026-10-07 22:00:00+00:00,dex_short,5,bsc:0xce24439f2d9c6a2289f741120fe202248b666666,0.0,Avoid - watch only,0.44851,0.02,0.998868133702087,80,closed,time_limit,-0.0345514920979895,4.0,-0.0220794997193617,0.04,-0.02,-0.0006312607154469,2.3212465599506813,0.15,lp|holders,0.0340250366216615,0x882e23dba77bfe0e514cf5bcdad7a58aceb01522,0.0013335058065235,0.0043036400315972
2026-10-07 23:00:00+00:00,dex_day,1,bsc:0x99991c6aabba5a096f24f250b73580f5179b9999,2.3,Avoid - watch only,0.45767,0.24141,0.0712036241403153,80,closed,time_limit,-0.0144268465526124,24.0,-0.1177572047431233,0.4828250765212825,-0.2414125382606412,-0.2109446561449779,1.405738523519121,0.35,lp|holders|wash|churn,0.0433968128629433,0x3bca91b9b847cff6f4b666fa1d966981678975e13fd69d647bd11bed99f5fa14,0.0274831605377374,0.0058591909278064
2026-10-07 23:00:00+00:00,dex_day,2,ethereum:0xe0f63a424a4439cbe457d80e4f4b51ad25b2c56c,2.1,Avoid - watch only,0.41043,0.05231,0.394945439110967,80,closed,safety_exit,-0.0616851570638465,13.0,-0.0837338583552805,0.1046233811774921,-0.052311690588746,-0.0566748414747544,1.2324107441369043,0.0,none,0.0093734664751005,0x52c77b0cb827afbad022e6d6caf2c44452edbc39,0.0,0.0058591909278064
2026-10-07 23:00:00+00:00,dex_day,3,solana:JUPyiwrYJFskUPiHa7hkeR8VUtAeFoSYbKedZNsDvCN,1.5,Avoid - watch only,0.39115,0.07471,0.3584862979811002,80,closed,safety_exit,-0.0872808447470472,18.0,-0.0869326942842748,0.1494170846859046,-0.0747085423429523,0.0214004581842719,1.3762080812731636,0.12,metadata|holders,0.0125723024040948,C1MgLojNLWBKADvu9BHdtgzz1oZX4dZ5zGdGcgvvW8Wz,0.0348220002110275,0.0058591909278064
2026-10-07 23:00:00+00:00,dex_day,4,bsc:0x3d4f0513e8a29669b960f9dbca61861548a9a760,0.0,Avoid - watch only,0.47417,0.04,0.0070672091999545,80,closed,safety_exit,-0.0731625862402286,16.0,-0.1075229781204086,0.08,-0.04,-0.0335157961516898,2.2380053355456084,0.25,lp|holders|wash,0.0331625862402286,0x7f51bbf34156ba802deb0e38b7671dc4fa32041d,0.0021155895901945,0.0058591909278064
2026-10-07 23:00:00+00:00,dex_day,5,bsc:0xce24439f2d9c6a2289f741120fe202248b666666,0.0,Avoid - watch only,0.4118,0.04,0.999316986614019,80,closed,time_limit,-0.0407503169582548,24.0,-0.1083859112154148,0.08,-0.04,0.0004234725343163,2.337689266986006,0.15,lp|holders,0.0340255193352348,0x882e23dba77bfe0e514cf5bcdad7a58aceb01522,0.0008942943706171,0.0058591909278064
2026-10-07 23:00:00+00:00,dex_short,1,bsc:0x99991c6aabba5a096f24f250b73580f5179b9999,0.3,Avoid - watch only,0.50075,0.09856,0.0712036241403153,80,closed,time_limit,-0.0377172836467115,4.0,-0.0412257026485038,0.1971125120828973,-0.1027457608199405,-0.2109446561449779,1.405738523519121,0.35,lp|holders|wash|churn,0.0433968128629433,0x3bca91b9b847cff6f4b666fa1d966981678975e13fd69d647bd11bed99f5fa14,0.0274831605377374,0.0058591909278064
2026-10-07 23:00:00+00:00,dex_short,2,ethereum:0xe0f63a424a4439cbe457d80e4f4b51ad25b2c56c,0.2,Avoid - watch only,0.44296,0.02136,0.394945439110967,80,closed,time_limit,-0.0223945516489494,4.0,-0.007202356260661,0.0427123165082603,-0.0213561582541301,-0.0566748414747544,1.2324107441369043,0.0,none,0.0093734664751005,0x52c77b0cb827afbad022e6d6caf2c44452edbc39,0.0,0.0058591909278064
2026-10-07 23:00:00+00:00,dex_short,3,solana:JUPyiwrYJFskUPiHa7hkeR8VUtAeFoSYbKedZNsDvCN,0.2,Avoid - watch only,0.40063,0.0305,0.3584862979811002,80,closed,time_limit,0.029290429783452,4.0,-0.0104011921896553,0.0609992693891148,-0.0304996346945574,0.0214004581842719,1.3762080812731636,0.12,metadata|holders,0.0125723024040948,C1MgLojNLWBKADvu9BHdtgzz1oZX4dZ5zGdGcgvvW8Wz,0.0348220002110275,0.0058591909278064
2026-10-07 23:00:00+00:00,dex_short,4,bsc:0x3d4f0513e8a29669b960f9dbca61861548a9a760,0.0,Avoid - watch only,0.50345,0.02,0.0070672091999545,80,closed,time_limit,-0.0370419400261058,4.0,-0.0309914760257891,0.04,-0.02,-0.0335157961516898,2.2380053355456084,0.25,lp|holders|wash,0.0331625862402286,0x7f51bbf34156ba802deb0e38b7671dc4fa32041d,0.0021155895901945,0.0058591909278064
2026-10-07 23:00:00+00:00,dex_short,5,bsc:0xce24439f2d9c6a2289f741120fe202248b666666,0.0,Avoid - watch only,0.44889,0.02,0.999316986614019,80,closed,time_limit,-0.0343771912636924,4.0,-0.0318544091207953,0.04,-0.02,0.0004234725343163,2.337689266986006,0.15,lp|holders,0.0340255193352348,0x882e23dba77bfe0e514cf5bcdad7a58aceb01522,0.0008942943706171,0.0058591909278064
2026-10-08 03:00:00+00:00,dex_day,1,ethereum:0xe0f63a424a4439cbe457d80e4f4b51ad25b2c56c,2.0,Avoid - watch only,0.44075,0.04927,0.38980282090928,82,closed,safety_exit,-0.059700709826119,9.0,-0.0770817787924914,0.098530499033417,-0.0492652495167086,-0.0468617560998894,1.1658214604673336,0.0,none,0.0104354603094104,0x52c77b0cb827afbad022e6d6caf2c44452edbc39,0.0,0.0043648735082444
2026-10-08 03:00:00+00:00,dex_day,2,robinhood:0x39dbed3a2bd333467115de45665cc57f813c4571,1.4,Avoid - watch only,0.39739,0.1498,0.424205123519038,82,closed,safety_exit,-0.1681624801924578,12.0,-0.1010204312540137,0.2995936323463208,-0.1497968161731604,0.0266573727523865,1.4447440983146351,0.05,lp,0.0183656640192974,0x486435a1f76cd58193f854c6e6213cd05fd58d637865d02065ff558b387fa6ea,0.0073666344302976,0.0043648735082444
2026-10-08 03:00:00+00:00,dex_day,3,bsc:0x99991c6aabba5a096f24f250b73580f5179b9999,1.0,Avoid - watch only,0.44077,0.22271,0.0716080272039218,82,closed,time_limit,-0.0219193615839767,24.0,-0.1118346934467902,0.4454253560016727,-0.2227126780008363,-0.2057714465365916,1.3424605819205155,0.35,lp|holders|wash|churn,0.0451883749637092,0x3bca91b9b847cff6f4b666fa1d966981678975e13fd69d647bd11bed99f5fa14,0.0149357118222064,0.0043648735082444
2026-10-08 03:00:00+00:00,dex_day,4,ethereum:0xfaba6f8e4a5e8ab82f62fe7c39859fa577269be3,0.6,Avoid - watch only,0.45823,0.04069,0.466225102277242,82,closed,safety_exit,-0.0514192338013619,12.0,-0.0933796130973419,0.0813887758774729,-0.0406943879387364,-0.0092393528424917,0.970479004383653,0.15,lp|holders,0.0107248458626256,0x7b1e5d984a43ee732de195628d20d05cfabc3cc7,0.0048868958735819,0.0043648735082444
2026-10-08 03:00:00+00:00,dex_day,5,solana:JUPyiwrYJFskUPiHa7hkeR8VUtAeFoSYbKedZNsDvCN,0.4,Avoid - watch only,0.43265,0.07834,0.3726564974011533,82,closed,safety_exit,-0.0944177495438364,13.0,-0.0827191556845496,0.1566898246847359,-0.0783449123423679,0.1272694310946935,1.3207853055449363,0.12,metadata|holders,0.0160728372014686,C8Gr6AUuq9hEdSYJzoEpNcdjpojPZwqG5MtQbeouNNwg,0.0139437195625049,0.0043648735082444
2026-10-08 03:00:00+00:00,dex_short,1,ethereum:0xe0f63a424a4439cbe457d80e4f4b51ad25b2c56c,0.2,Avoid - watch only,0.53993,0.02011,0.38980282090928,82,closed,safety_exit,-0.0305479142038824,1.0,-0.0687594771126268,0.0402249077889438,-0.020112453894472,-0.0468617560998894,1.1658214604673336,0.0,none,0.0104354603094104,0x52c77b0cb827afbad022e6d6caf2c44452edbc39,0.0,0.0043648735082444
2026-10-08 03:00:00+00:00,dex_short,2,robinhood:0x39dbed3a2bd333467115de45665cc57f813c4571,0.2,Avoid - watch only,0.42866,0.06115,0.424205123519038,82,closed,time_limit,-0.067374330492636,4.0,-0.0304705525036551,0.1223085882392447,-0.0611542941196223,0.0266573727523865,1.4447440983146351,0.05,lp,0.0183656640192974,0x486435a1f76cd58193f854c6e6213cd05fd58d637865d02065ff558b387fa6ea,0.0073666344302976,0.0043648735082444
2026-10-08 03:00:00+00:00,dex_short,3,ethereum:0xfaba6f8e4a5e8ab82f62fe7c39859fa577269be3,0.1,Avoid - watch only,0.53694,0.02,0.466225102277242,82,closed,time_limit,-0.0020133917595907,4.0,-0.0228297343469833,0.04,-0.02,-0.0092393528424917,0.970479004383653,0.15,lp|holders,0.0107248458626256,0x7b1e5d984a43ee732de195628d20d05cfabc3cc7,0.0048868958735819,0.0043648735082444
2026-10-08 03:00:00+00:00,dex_short,4,bsc:0x99991c6aabba5a096f24f250b73580f5179b9999,0.1,Avoid - watch only,0.48849,0.09092,0.0716080272039218,82,closed,time_limit,-0.0486619061558096,4.0,-0.0572932634480669,0.1818441401169406,-0.0950036953894634,-0.2057714465365916,1.3424605819205155,0.35,lp|holders|wash|churn,0.0451883749637092,0x3bca91b9b847cff6f4b666fa1d966981678975e13fd69d647bd11bed99f5fa14,0.0149357118222064,0.0043648735082444
2026-10-08 03:00:00+00:00,dex_short,5,bsc:0x3d4f0513e8a29669b960f9dbca61861548a9a760,0.0,Avoid - watch only,0.54381,0.02,0.007039792995189,82,closed,time_limit,-0.0361938174944123,4.0,-0.0470813241287048,0.04,-0.02,0.002768129290871,2.246563283366941,0.25,lp|holders|wash,0.0349764356443471,0x7f51bbf34156ba802deb0e38b7671dc4fa32041d,4.829511552895127e-07,0.0043648735082444
2026-10-08 04:00:00+00:00,dex_day,1,ethereum:0xe0f63a424a4439cbe457d80e4f4b51ad25b2c56c,2.4,Avoid - watch only,0.44654,0.04938,0.3849795064746,82,closed,safety_exit,-0.0586553302522392,11.0,-0.0712355184147063,0.0987664240469956,-0.0493832120234977,-0.0448279753566729,1.244165068238399,0.0,none,0.0092721182287415,0x52c77b0cb827afbad022e6d6caf2c44452edbc39,0.0066627865967774,0.0113656510807547
2026-10-08 04:00:00+00:00,dex_day,2,robinhood:0x39dbed3a2bd333467115de45665cc57f813c4571,1.5,Avoid - watch only,0.40896,0.14807,0.416753424163487,82,closed,safety_exit,-0.1664294059662771,11.0,-0.0803227080543067,0.2961401961958703,-0.1480700980979352,0.0310714460697676,1.4717932775602989,0.05,lp,0.0183593078683419,0x486435a1f76cd58193f854c6e6213cd05fd58d637865d02065ff558b387fa6ea,0.0404949666252667,0.0113656510807547
2026-10-08 04:00:00+00:00,dex_day,3,bsc:0x99991c6aabba5a096f24f250b73580f5179b9999,0.9,Avoid - watch only,0.42615,0.21821,0.0718737422339315,82,closed,time_limit,-0.0297684376523591,24.0,-0.1071519923446572,0.4364230492502401,-0.21821152462512,-0.1832285248830096,1.3239987398758009,0.35,lp|holders|wash|churn,0.0451885921586924,0x3bca91b9b847cff6f4b666fa1d966981678975e13fd69d647bd11bed99f5fa14,0.0063402572501654,0.0113656510807547
2026-10-08 04:00:00+00:00,dex_day,4,ethereum:0xfaba6f8e4a5e8ab82f62fe7c39859fa577269be3,0.7,Avoid - watch only,0.44607,0.04003,0.464045339233592,82,closed,safety_exit,-0.0495856659348373,11.0,-0.0715231305617758,0.0800518711180526,-0.0400259355590263,-0.0005465742533692,1.012239845756001,0.15,lp|holders,0.009559730375811,0x7b1e5d984a43ee732de195628d20d05cfabc3cc7,0.0141320695292876,0.0113656510807547
2026-10-08 04:00:00+00:00,dex_day,5,solana:JUPyiwrYJFskUPiHa7hkeR8VUtAeFoSYbKedZNsDvCN,0.3,Avoid - watch only,0.41864,0.07707,0.3713478275789862,82,closed,safety_exit,-0.0931415100849657,12.0,-0.0780349646529352,0.1541398912359906,-0.0770699456179953,0.1309058649367293,1.4983773397375268,0.12,metadata|holders,0.0160715644669704,C8Gr6AUuq9hEdSYJzoEpNcdjpojPZwqG5MtQbeouNNwg,0.0304740856112994,0.0113656510807547
2026-10-08 04:00:00+00:00,dex_short,1,ethereum:0xe0f63a424a4439cbe457d80e4f4b51ad25b2c56c,0.3,Avoid - watch only,0.53639,0.02016,0.3849795064746,82,closed,time_limit,-0.0249529267154791,4.0,-0.0191453467839986,0.0403212237724148,-0.0252007648577593,-0.0448279753566729,1.244165068238399,0.0,none,0.0092721182287415,0x52c77b0cb827afbad022e6d6caf2c44452edbc39,0.0066627865967774,0.0113656510807547
2026-10-08 04:00:00+00:00,dex_short,2,robinhood:0x39dbed3a2bd333467115de45665cc57f813c4571,0.2,Avoid - watch only,0.43985,0.06045,0.416753424163487,82,closed,time_limit,-0.0584457947004893,4.0,-0.0292167189834707,0.120898728834597,-0.0604493644172985,0.0310714460697676,1.4717932775602989,0.05,lp,0.0183593078683419,0x486435a1f76cd58193f854c6e6213cd05fd58d637865d02065ff558b387fa6ea,0.0404949666252667,0.0113656510807547
2026-10-08 04:00:00+00:00,dex_short,3,ethereum:0xfaba6f8e4a5e8ab82f62fe7c39859fa577269be3,0.1,Avoid - watch only,0.54954,0.02,0.464045339233592,82,closed,time_limit,0.0099594540023722,4.0,-0.0204171414909398,0.04,-0.02,-0.0005465742533692,1.012239845756001,0.15,lp|holders,0.009559730375811,0x7b1e5d984a43ee732de195628d20d05cfabc3cc7,0.0141320695292876,0.0113656510807547
2026-10-08 04:00:00+00:00,dex_short,4,bsc:0x99991c6aabba5a096f24f250b73580f5179b9999,0.1,Avoid - watch only,0.46872,0.08908,0.0718737422339315,82,closed,time_limit,-0.0516699413683705,4.0,-0.0560460032738212,0.1781689637754369,-0.0890844818877184,-0.1832285248830096,1.3239987398758009,0.35,lp|holders|wash|churn,0.0451885921586924,0x3bca91b9b847cff6f4b666fa1d966981678975e13fd69d647bd11bed99f5fa14,0.0063402572501654,0.0113656510807547
2026-10-08 04:00:00+00:00,dex_short,5,bsc:0x3d4f0513e8a29669b960f9dbca61861548a9a760,0.0,Avoid - watch only,0.54038,0.02,0.0070121451269827,82,closed,time_limit,-0.0359517652524376,4.0,-0.0458326202750422,0.04,-0.0200000000000001,-0.0004538823529305,2.212780948219372,0.25,lp|holders|wash,0.0349752091599134,0x7f51bbf34156ba802deb0e38b7671dc4fa32041d,0.0059304760766172,0.0113656510807547
2026-10-08 05:00:00+00:00,dex_day,1,ethereum:0xe0f63a424a4439cbe457d80e4f4b51ad25b2c56c,2.2,Avoid - watch only,0.44304,0.04836,0.384189149108684,82,closed,safety_exit,-0.0578723512275005,10.0,-0.0588233568823559,0.0967299576811893,-0.0483649788405946,-0.0588402980867991,1.274827045458215,0.0,none,0.0095073723869059,0x52c77b0cb827afbad022e6d6caf2c44452edbc39,0.0040383413973439,0.0050021088442451
2026-10-08 05:00:00+00:00,dex_day,2,robinhood:0x39dbed3a2bd333467115de45665cc57f813c4571,1.4,Avoid - watch only,0.3975,0.14706,0.428099433064673,82,closed,safety_exit,-0.1654234982763742,10.0,-0.0676755832641962,0.294127799015256,-0.147063899507628,0.0490527036844214,1.6511551009354226,0.05,lp,0.0183595987687462,0x486435a1f76cd58193f854c6e6213cd05fd58d637865d02065ff558b387fa6ea,0.0042657035470428,0.0050021088442451
2026-10-08 05:00:00+00:00,dex_day,3,bsc:0x99991c6aabba5a096f24f250b73580f5179b9999,0.9,Avoid - watch only,0.4352,0.21372,0.0717925814515886,82,closed,time_limit,-0.0320658860798152,24.0,-0.0945051415986832,0.4274318321984076,-0.2137159160992038,-0.1889166888945417,1.3147068852881962,0.35,lp|holders|wash|churn,0.0451891571032332,0x3bca91b9b847cff6f4b666fa1d966981678975e13fd69d647bd11bed99f5fa14,0.0227808569057217,0.0050021088442451
2026-10-08 05:00:00+00:00,dex_day,4,ethereum:0xfaba6f8e4a5e8ab82f62fe7c39859fa577269be3,0.7,Avoid - watch only,0.45008,0.04,0.464945186262151,82,closed,safety_exit,-0.0498039566635118,10.0,-0.0591199411589618,0.08,-0.04,-0.0165404638365267,1.028402525493402,0.15,lp|holders,0.0098039566635118,0x7b1e5d984a43ee732de195628d20d05cfabc3cc7,0.0067685759722946,0.0050021088442451
2026-10-08 05:00:00+00:00,dex_day,5,solana:JUPyiwrYJFskUPiHa7hkeR8VUtAeFoSYbKedZNsDvCN,0.3,Avoid - watch only,0.41654,0.07559,0.3711622380780131,82,closed,safety_exit,-0.0916615894417398,11.0,-0.0653917231501127,0.1511717015741542,-0.0755858507870771,0.1196080196484383,1.583968652499444,0.12,metadata|holders,0.0160757386546627,C8Gr6AUuq9hEdSYJzoEpNcdjpojPZwqG5MtQbeouNNwg,0.0274141502492111,0.0050021088442451
2026-10-08 05:00:00+00:00,dex_short,1,ethereum:0xe0f63a424a4439cbe457d80e4f4b51ad25b2c56c,0.3,Avoid - watch only,0.53027,0.02,0.384189149108684,82,closed,time_limit,-0.0070006939563171,4.0,-0.0103701279460072,0.0390715118481119,-0.0236633602739103,-0.0588402980867991,1.274827045458215,0.0,none,0.0095073723869059,0x52c77b0cb827afbad022e6d6caf2c44452edbc39,0.0040383413973439,0.0050021088442451
2026-10-08 05:00:00+00:00,dex_short,2,robinhood:0x39dbed3a2bd333467115de45665cc57f813c4571,0.2,Avoid - watch only,0.42174,0.06004,0.428099433064673,82,closed,safety_exit,-0.0783981843316845,3.0,-0.0192223543278475,0.1200771711258767,-0.0600385855629383,0.0490527036844214,1.6511551009354226,0.05,lp,0.0183595987687462,0x486435a1f76cd58193f854c6e6213cd05fd58d637865d02065ff558b387fa6ea,0.0042657035470428,0.0050021088442451
2026-10-08 05:00:00+00:00,dex_short,3,ethereum:0xfaba6f8e4a5e8ab82f62fe7c39859fa577269be3,0.1,Avoid - watch only,0.48763,0.02,0.464945186262151,82,closed,take_profit,0.0301960433364882,4.0,-0.0106667122226131,0.04,-0.0199999999999999,-0.0165404638365267,1.028402525493402,0.15,lp|holders,0.0098039566635118,0x7b1e5d984a43ee732de195628d20d05cfabc3cc7,0.0067685759722946,0.0050021088442451
2026-10-08 05:00:00+00:00,dex_short,4,bsc:0x99991c6aabba5a096f24f250b73580f5179b9999,0.1,Avoid - watch only,0.49721,0.08725,0.0717925814515886,82,closed,time_limit,-0.0334002425656118,4.0,-0.0460519126623345,0.1744983147848366,-0.0872491573924183,-0.1889166888945417,1.3147068852881962,0.35,lp|holders|wash|churn,0.0451891571032332,0x3bca91b9b847cff6f4b666fa1d966981678975e13fd69d647bd11bed99f5fa14,0.0227808569057217,0.0050021088442451
2026-10-08 05:00:00+00:00,dex_short,5,bsc:0x3d4f0513e8a29669b960f9dbca61861548a9a760,0.0,Avoid - watch only,0.49777,0.02,0.0070221717621714,82,closed,time_limit,-0.0335573083432303,4.0,-0.0358389479004822,0.04,-0.02,-0.0029513223275134,2.2417779367358937,0.25,lp|holders|wash,0.0349761923413809,0x7f51bbf34156ba802deb0e38b7671dc4fa32041d,0.0027774049448625,0.0050021088442451
2026-10-08 06:00:00+00:00,dex_day,1,ethereum:0xe0f63a424a4439cbe457d80e4f4b51ad25b2c56c,2.1,Avoid - watch only,0.44304,0.04738,0.383714031062528,82,closed,safety_exit,-0.0568711818939348,9.0,-0.0625900709034843,0.0947519906699303,-0.0473759953349651,-0.052953470084919,1.2864538839973183,0.0,none,0.0094951865589698,0x52c77b0cb827afbad022e6d6caf2c44452edbc39,0.0110771081156981,0.0047668951639046
2026-10-08 06:00:00+00:00,dex_day,2,robinhood:0x39dbed3a2bd333467115de45665cc57f813c4571,1.5,Avoid - watch only,0.41249,0.14768,0.415288402814164,82,closed,safety_exit,-0.1660387074692474,9.0,-0.0714545097613394,0.295358164104845,-0.1476790820524225,0.0109190044112263,1.7080698251674624,0.05,lp,0.0183596254168249,0x486435a1f76cd58193f854c6e6213cd05fd58d637865d02065ff558b387fa6ea,0.0034516442102319,0.0047668951639046
2026-10-08 06:00:00+00:00,dex_day,3,bsc:0x99991c6aabba5a096f24f250b73580f5179b9999,0.8,Avoid - watch only,0.42938,0.20939,0.0720409250197213,82,closed,time_limit,-0.0361881444099181,24.0,-0.0982805935724061,0.4187761416826503,-0.2093880708413251,-0.1786074821785854,1.3386780382746235,0.35,lp|holders|wash|churn,0.0451857092278916,0x3bca91b9b847cff6f4b666fa1d966981678975e13fd69d647bd11bed99f5fa14,0.0267587633015329,0.0047668951639046
2026-10-08 06:00:00+00:00,dex_day,4,ethereum:0xfaba6f8e4a5e8ab82f62fe7c39859fa577269be3,0.7,Avoid - watch only,0.45008,0.04,0.46720563072596,82,closed,safety_exit,-0.0497565809247284,9.0,-0.0628514652692429,0.08,-0.04,-0.0186950740658314,1.022156867630419,0.15,lp|holders,0.0097565809247284,0x7b1e5d984a43ee732de195628d20d05cfabc3cc7,0.0164937270882721,0.0047668951639046
2026-10-08 06:00:00+00:00,dex_day,5,solana:JUPyiwrYJFskUPiHa7hkeR8VUtAeFoSYbKedZNsDvCN,0.3,Avoid - watch only,0.41987,0.07459,0.3759251496160342,82,closed,safety_exit,-0.0906638720363796,9.0,-0.0691672901768131,0.1491829324081623,-0.0745914662040811,0.1175949376154911,1.630334858722547,0.12,metadata|holders,0.0160724058322986,C8Gr6AUuq9hEdSYJzoEpNcdjpojPZwqG5MtQbeouNNwg,0.0310340055349755,0.0047668951639046
2026-10-08 06:00:00+00:00,dex_short,1,ethereum:0xe0f63a424a4439cbe457d80e4f4b51ad25b2c56c,0.3,Avoid - watch only,0.52639,0.02,0.383714031062528,82,closed,time_limit,-0.0223840139028807,4.0,-0.0076872603958373,0.04,-0.0224544517662577,-0.052953470084919,1.2864538839973183,0.0,none,0.0094951865589698,0x52c77b0cb827afbad022e6d6caf2c44452edbc39,0.0110771081156981,0.0047668951639046
2026-10-08 06:00:00+00:00,dex_short,2,robinhood:0x39dbed3a2bd333467115de45665cc57f813c4571,0.3,Avoid - watch only,0.49088,0.06029,0.415288402814164,82,closed,safety_exit,-0.0786493582019989,4.0,-0.0165516992536923,0.120579465570348,-0.060289732785174,0.0109190044112263,1.7080698251674624,0.05,lp,0.0183596254168249,0x486435a1f76cd58193f854c6e6213cd05fd58d637865d02065ff558b387fa6ea,0.0034516442102319,0.0047668951639046
2026-10-08 06:00:00+00:00,dex_short,3,ethereum:0xfaba6f8e4a5e8ab82f62fe7c39859fa577269be3,0.1,Avoid - watch only,0.47201,0.02,0.46720563072596,82,closed,take_profit,0.0302434190752716,3.0,-0.0079486547615959,0.04,-0.02,-0.0186950740658314,1.022156867630419,0.15,lp|holders,0.0097565809247284,0x7b1e5d984a43ee732de195628d20d05cfabc3cc7,0.0164937270882721,0.0047668951639046
2026-10-08 06:00:00+00:00,dex_short,4,bsc:0x3d4f0513e8a29669b960f9dbca61861548a9a760,0.0,Avoid - watch only,0.49403,0.02,0.0070342204148412,82,closed,time_limit,-0.0391440984800218,4.0,-0.0331677612937892,0.04,-0.02,-0.0003304611222469,2.229575632760361,0.15,lp|wash,0.0349756874569217,0x7f51bbf34156ba802deb0e38b7671dc4fa32041d,0.0031420150306902,0.0047668951639046
2026-10-08 06:00:00+00:00,dex_short,5,bsc:0xce24439f2d9c6a2289f741120fe202248b666666,0.0,Avoid - watch only,0.49226,0.02,0.998673892705718,82,closed,time_limit,-0.0393400205646114,4.0,-0.0392309604533212,0.04,-0.02,-0.0008866958443974,3.045664256320803,0.15,lp|holders,0.0358319848836609,0x882e23dba77bfe0e514cf5bcdad7a58aceb01522,0.0014412645158894,0.0047668951639046
2026-10-08 07:00:00+00:00,dex_day,1,robinhood:0x39dbed3a2bd333467115de45665cc57f813c4571,3.5,Avoid - watch only,0.41689,0.1477,0.403415396104212,82,closed,safety_exit,-0.1660599880797287,10.0,-0.0670582228042163,0.2954008569510666,-0.1477004284755334,-0.0033262581465999,1.761634837129063,0.05,lp,0.0183595596041953,0x486435a1f76cd58193f854c6e6213cd05fd58d637865d02065ff558b387fa6ea,0.0198707572064533,0.0039828293680559
2026-10-08 07:00:00+00:00,dex_day,2,ethereum:0xe0f63a424a4439cbe457d80e4f4b51ad25b2c56c,1.1,Avoid - watch only,0.43081,0.04654,0.384305212945196,82,closed,safety_exit,-0.0557329742062527,8.0,-0.0578952129210967,0.093072848970354,-0.046536424485177,-0.0602555381718241,1.3102701527962897,0.0,none,0.0091965497210757,0x52c77b0cb827afbad022e6d6caf2c44452edbc39,0.0040705070773163,0.0039828293680559
2026-10-08 07:00:00+00:00,dex_day,3,bsc:0x99991c6aabba5a096f24f250b73580f5179b9999,0.9,Avoid - watch only,0.44438,0.2052,0.0713592944878242,82,closed,time_limit,-0.0211666396574796,24.0,-0.0938858674067237,0.4103915477157307,-0.2051957738578653,-0.1958991522896158,1.3563445364495583,0.35,lp|holders|wash|churn,0.0451872042067027,0x3bca91b9b847cff6f4b666fa1d966981678975e13fd69d647bd11bed99f5fa14,0.0298741116262961,0.0039828293680559
2026-10-08 07:00:00+00:00,dex_day,4,ethereum:0xfaba6f8e4a5e8ab82f62fe7c39859fa577269be3,0.6,Avoid - watch only,0.43926,0.04,0.470286600857413,82,closed,safety_exit,-0.0494515483596731,8.0,-0.0581502115596941,0.08,-0.04,-0.01083834506982,1.0612138862077969,0.15,lp|holders,0.0094515483596731,0x7b1e5d984a43ee732de195628d20d05cfabc3cc7,0.0131986096782481,0.0039828293680559
2026-10-08 07:00:00+00:00,dex_day,5,solana:JUPyiwrYJFskUPiHa7hkeR8VUtAeFoSYbKedZNsDvCN,0.3,Avoid - watch only,0.41904,0.07319,0.3790618162218442,82,closed,safety_exit,-0.0892640392794467,8.0,-0.0647750067363965,0.1463753914861429,-0.0731876957430713,0.1265917820729553,1.7741019324258067,0.12,metadata|holders,0.0160763435363755,C8Gr6AUuq9hEdSYJzoEpNcdjpojPZwqG5MtQbeouNNwg,0.0035994432493839,0.0039828293680559
2026-10-08 07:00:00+00:00,dex_short,1,robinhood:0x39dbed3a2bd333467115de45665cc57f813c4571,0.9,Avoid - watch only,0.48985,0.0603,0.403415396104212,82,closed,safety_exit,-0.0786580070301115,4.0,-0.0160411374703953,0.120596894851833,-0.0602984474259163,-0.0033262581465999,1.761634837129063,0.05,lp,0.0183595596041953,0x486435a1f76cd58193f854c6e6213cd05fd58d637865d02065ff558b387fa6ea,0.0198707572064533,0.0027970123329679
2026-10-08 07:00:00+00:00,dex_short,2,ethereum:0xe0f63a424a4439cbe457d80e4f4b51ad25b2c56c,0.1,Avoid - watch only,0.48447,0.02,0.384305212945196,82,closed,time_limit,-0.0291043275166841,4.0,-0.0083593244289587,0.0387577023497938,-0.0239582232430213,-0.0602555381718241,1.3102701527962897,0.0,none,0.0091965497210757,0x52c77b0cb827afbad022e6d6caf2c44452edbc39,0.0040705070773163,0.0039828293680559
2026-10-08 07:00:00+00:00,dex_short,3,ethereum:0xfaba6f8e4a5e8ab82f62fe7c39859fa577269be3,0.1,Avoid - watch only,0.44142,0.02,0.470286600857413,82,closed,take_profit,0.0305484516403269,2.0,0.0305484516403269,0.04,-0.025,-0.01083834506982,1.0612138862077969,0.15,lp|holders,0.0094515483596731,0x7b1e5d984a43ee732de195628d20d05cfabc3cc7,0.0131986096782481,0.0027970123329679
2026-10-08 07:00:00+00:00,dex_short,4,bsc:0x99991c6aabba5a096f24f250b73580f5179b9999,0.1,Avoid - watch only,0.50604,0.08377,0.0713592944878242,82,closed,time_limit,0.0388260539495648,4.0,-0.0428687820729027,0.1675416477757658,-0.0837708238878829,-0.1958991522896158,1.3563445364495583,0.35,lp|holders|wash|churn,0.0451872042067027,0x3bca91b9b847cff6f4b666fa1d966981678975e13fd69d647bd11bed99f5fa14,0.0298741116262961,0.0027970123329679
2026-10-08 07:00:00+00:00,dex_short,5,bsc:0x3d4f0513e8a29669b960f9dbca61861548a9a760,0.0,Avoid - watch only,0.50085,0.02,0.0070312228789685,82,closed,time_limit,-0.0437068178203803,4.0,-0.0326585205843969,0.04,-0.02,-0.0085768821439407,2.1708762738026146,0.15,lp|wash,0.0349769427181969,0x7f51bbf34156ba802deb0e38b7671dc4fa32041d,0.0,0.0027970123329679
2026-10-08 08:00:00+00:00,dex_short,5,solana:JUPyiwrYJFskUPiHa7hkeR8VUtAeFoSYbKedZNsDvCN,0.0,Avoid - watch only,0.45845,0.03011,0.3738622599396209,82,closed,safety_exit,-0.0461881529555302,4.0,-0.0113364675852103,0.060228391799326,-0.030114195899663,0.1324538074837352,1.7935343546527818,0.22,metadata|holders|wash,0.0160739570558672,C8Gr6AUuq9hEdSYJzoEpNcdjpojPZwqG5MtQbeouNNwg,0.0322664787712294,0.008478401081747
2026-10-08 09:00:00+00:00,dex_short,2,ethereum:0xe0f63a424a4439cbe457d80e4f4b51ad25b2c56c,0.1,Avoid - watch only,0.43302,0.02026,0.385152187762021,82,closed,safety_exit,-0.0349920000210373,3.0,-0.0151931582561138,0.0405203262865168,-0.025325203929073,-0.0412293127490008,1.6053469466654031,0.0,none,0.0096667960919643,0x52c77b0cb827afbad022e6d6caf2c44452edbc39,0.0,0.0057899578736781
2026-10-08 14:00:00+00:00,dex_day,4,robinhood:0x020bfc650a365f8bb26819deaabf3e21291018b4,1.0,Avoid - watch only,0.29944,0.0936,0.118923377517855,83,closed,safety_exit,-0.1098426706316723,1.0,-0.0693607756796463,0.1871997781157528,-0.0935998890578764,-0.0069739723144337,1.245964841627187,0.15,lp|holders,0.0162427815737959,0xd42a491087a15e5afd51feb3606066cc152d2b09,0.0,0.0004349587617704
2026-10-08 14:00:00+00:00,dex_short,2,robinhood:0x020bfc650a365f8bb26819deaabf3e21291018b4,0.3,Avoid - watch only,0.45348,0.03821,0.118923377517855,83,closed,safety_exit,-0.0544547762692812,1.0,-0.0516640872275542,0.0764239893909706,-0.0382119946954853,-0.0069739723144337,1.245964841627187,0.15,lp|holders,0.0162427815737959,0xd42a491087a15e5afd51feb3606066cc152d2b09,0.0,0.0004349587617704
2026-10-08 15:00:00+00:00,dex_day,3,bsc:0x99991c6aabba5a096f24f250b73580f5179b9999,2.4,Avoid - watch only,0.41652,0.19018,0.073921597663323,83,closed,time_limit,-0.0479957679982201,24.0,-0.0068153626146889,0.3803602302967759,-0.1901801151483879,0.010035608016913,0.5553108182643154,0.25,lp|holders|wash,0.0447262887964723,0x3bca91b9b847cff6f4b666fa1d966981678975e13fd69d647bd11bed99f5fa14,0.0084719538531325,0.0057255461345742
2026-10-08 15:00:00+00:00,dex_short,1,robinhood:0x39dbed3a2bd333467115de45665cc57f813c4571,2.5,Avoid - watch only,0.56281,0.06801,0.357691672863475,83,closed,safety_exit,-0.0839957915285663,3.0,-0.0316649486685699,0.1360191863889277,-0.0680095931944638,-0.1342295116115223,1.9613136806752376,0.05,lp,0.0159861983341026,0x486435a1f76cd58193f854c6e6213cd05fd58d637865d02065ff558b387fa6ea,0.0068727383723532,0.0057255461345742
2026-10-08 15:00:00+00:00,dex_short,3,bsc:0x99991c6aabba5a096f24f250b73580f5179b9999,0.2,Avoid - watch only,0.46487,0.07764,0.073921597663323,83,closed,time_limit,-0.0572162053613587,4.0,-0.0359438189143247,0.1552814137791001,-0.07764070688955,0.010035608016913,0.5553108182643154,0.25,lp|holders|wash,0.0447262887964723,0x3bca91b9b847cff6f4b666fa1d966981678975e13fd69d647bd11bed99f5fa14,0.0084719538531325,0.0057255461345742
2026-10-08 15:00:00+00:00,dex_short,4,solana:JUPyiwrYJFskUPiHa7hkeR8VUtAeFoSYbKedZNsDvCN,0.1,Avoid - watch only,0.50618,0.03295,0.3493294022838289,83,closed,safety_exit,-0.0488303862296846,2.0,-0.0482561514547908,0.065896078521529,-0.0329480392607646,0.0939943588435046,2.5537630275547265,0.12,metadata|holders,0.01588234696892,C8Gr6AUuq9hEdSYJzoEpNcdjpojPZwqG5MtQbeouNNwg,0.0074163299135736,0.0057255461345742
2026-10-08 15:00:00+00:00,dex_short,5,bsc:0xce24439f2d9c6a2289f741120fe202248b666666,0.0,Avoid - watch only,0.4296,0.02,1.00029847510426,83,closed,time_limit,-0.0360391890419463,4.0,-0.0256793181644342,0.04,-0.02,0.0023287054977171,4.176235609027218,0.15,lp|holders,0.0344617880465818,0xa0909f81785f87f3e79309f0e73a7d82208094e4,0.0029213641458019,0.0057255461345742
2026-10-08 16:00:00+00:00,dex_day,1,robinhood:0x39dbed3a2bd333467115de45665cc57f813c4571,4.4,Avoid - watch only,0.42276,0.16461,0.348309215216507,83,closed,time_limit,-0.0301610469340257,24.0,0.0354021339972585,0.3292169046994941,-0.164608452349747,-0.1341678042296458,1.919192831475214,0.05,lp,0.0159908299675811,0x486435a1f76cd58193f854c6e6213cd05fd58d637865d02065ff558b387fa6ea,0.0092984374459796,0.0087200300531478
2026-10-08 16:00:00+00:00,dex_day,2,robinhood:0x020bfc650a365f8bb26819deaabf3e21291018b4,1.9,Avoid - watch only,0.39106,0.1362,0.108949850647546,83,closed,time_limit,0.0046571244707234,24.0,0.0351147098921472,0.2723924460689493,-0.1361962230344746,-0.1273349305714215,1.462086914409801,0.15,lp|holders,0.0162782540726924,0xd42a491087a15e5afd51feb3606066cc152d2b09,0.009710224037887,0.0087200300531478
2026-10-08 16:00:00+00:00,dex_day,4,ethereum:0xe0f63a424a4439cbe457d80e4f4b51ad25b2c56c,0.4,Avoid - watch only,0.47325,0.07769,0.351429708887048,83,closed,time_limit,0.0250054826108559,24.0,0.015246704705852,0.155373441154603,-0.0776867205773014,-0.0885993907909129,1.4134676671745052,0.1,holders,0.0361462592589876,0x52c77b0cb827afbad022e6d6caf2c44452edbc39,0.005661132734505,0.0087200300531478
2026-10-08 16:00:00+00:00,dex_day,5,bsc:0xce24439f2d9c6a2289f741120fe202248b666666,0.0,Avoid - watch only,0.50179,0.04,0.995200142920707,83,closed,time_limit,-0.0325470996063616,24.0,0.0169310072121905,0.08,-0.04,-0.0079265657998932,4.296973711425873,0.15,lp|holders,0.0344619567526491,0xa0909f81785f87f3e79309f0e73a7d82208094e4,0.0081416226603159,0.0087200300531478
2026-10-08 16:00:00+00:00,dex_short,2,robinhood:0x020bfc650a365f8bb26819deaabf3e21291018b4,0.7,Avoid - watch only,0.52538,0.0556,0.108949850647546,83,closed,time_limit,0.0105789425775162,4.0,0.0166639121299359,0.1112037504429186,-0.0556018752214593,-0.1273349305714215,1.462086914409801,0.15,lp|holders,0.0162782540726924,0xd42a491087a15e5afd51feb3606066cc152d2b09,0.009710224037887,0.0087200300531478
2026-10-08 16:00:00+00:00,dex_short,5,ethereum:0xe0f63a424a4439cbe457d80e4f4b51ad25b2c56c,0.0,Avoid - watch only,0.57295,0.03172,0.351429708887048,83,closed,time_limit,0.0112508510514317,4.0,-0.0032040930563592,0.0634309417348544,-0.0317154708674271,-0.0885993907909129,1.4134676671745052,0.1,holders,0.0361462592589876,0x52c77b0cb827afbad022e6d6caf2c44452edbc39,0.005661132734505,0.0087200300531478
2026-10-08 17:00:00+00:00,dex_day,5,ethereum:0xfaba6f8e4a5e8ab82f62fe7c39859fa577269be3,0.6,Avoid - watch only,0.38453,0.10379,0.442173220806254,83,closed,time_limit,0.0580002926777693,24.0,0.0396165435507619,0.2075792617940777,-0.1037896308970388,-0.0460962813788565,2.323956270759892,0.15,lp|holders,0.0272961851000627,0x7b1e5d984a43ee732de195628d20d05cfabc3cc7,0.1051132717905034,0.0352718025377398
2026-10-08 17:00:00+00:00,dex_short,4,ethereum:0xfaba6f8e4a5e8ab82f62fe7c39859fa577269be3,0.1,Avoid - watch only,0.55717,0.04237,0.442173220806254,83,closed,take_profit,0.0574476936631202,1.0,0.0574476937646973,0.0847438787631829,-0.0423719393815914,-0.0460962813788565,2.323956270759892,0.15,lp|holders,0.0272961851000627,0x7b1e5d984a43ee732de195628d20d05cfabc3cc7,0.1051132717905034,0.0352718025377398
2026-10-08 18:00:00+00:00,dex_day,2,solana:JUPyiwrYJFskUPiHa7hkeR8VUtAeFoSYbKedZNsDvCN,2.2,Avoid - watch only,0.468,0.09873,0.3460585329119452,83,closed,time_limit,0.0597074701055978,24.0,0.0103845350268861,0.1974675707730269,-0.0987337853865134,0.0780676874174577,2.7964600699585023,0.12,metadata|holders,0.0158838103971496,C8Gr6AUuq9hEdSYJzoEpNcdjpojPZwqG5MtQbeouNNwg,0.0,0.0071529219641279
2026-10-08 18:00:00+00:00,dex_day,5,ethereum:0x6982508145454ce325ddbe47a25d4ec3d2311933,1.5,Avoid - watch only,0.45508,0.08042,3.77109734848988e-06,83,closed,time_limit,0.0119670722523973,24.0,0.0043433718933135,0.1608351993295027,-0.0804175996647513,-0.0662269118751002,1.04065602666903,0.15,lp|holders,0.0219249735307222,0xa43fe16908251ee70ef74718545e4fe6c5ccec9f,0.0065851100252276,0.0071529219641279
2026-10-08 18:00:00+00:00,dex_short,3,solana:JUPyiwrYJFskUPiHa7hkeR8VUtAeFoSYbKedZNsDvCN,0.2,Avoid - watch only,0.46565,0.04031,0.3460585329119452,83,closed,time_limit,-0.0422713678361233,4.0,0.0003086536844761,0.08061579819014,-0.04030789909507,0.0780676874174577,2.7964600699585023,0.12,metadata|holders,0.0158838103971496,C8Gr6AUuq9hEdSYJzoEpNcdjpojPZwqG5MtQbeouNNwg,0.0,0.0071529219641279
2026-10-08 18:00:00+00:00,dex_short,4,ethereum:0x6982508145454ce325ddbe47a25d4ec3d2311933,0.1,Avoid - watch only,0.45924,0.03283,3.77109734848988e-06,83,closed,time_limit,8.413819574537573e-05,4.0,-0.0057325094490964,0.0656606951726841,-0.0360128927969669,-0.0662269118751002,1.04065602666903,0.15,lp|holders,0.0219249735307222,0xa43fe16908251ee70ef74718545e4fe6c5ccec9f,0.0065851100252276,0.0071529219641279
2026-10-08 19:00:00+00:00,dex_short,1,robinhood:0x39dbed3a2bd333467115de45665cc57f813c4571,1.6,Avoid - watch only,0.5017,0.06668,0.348138109810572,83,closed,time_limit,-0.0081133856232077,4.0,-0.00433191407973,0.1333566102998276,-0.0666783051499138,-0.1168069200875748,1.946917036735272,0.05,lp,0.0159824842169457,0x486435a1f76cd58193f854c6e6213cd05fd58d637865d02065ff558b387fa6ea,0.013653631318069,0.0122685382616866
2026-10-08 19:00:00+00:00,dex_short,4,ethereum:0xfaba6f8e4a5e8ab82f62fe7c39859fa577269be3,0.4,Avoid - watch only,0.37675,0.05722,0.489550813879838,83,closed,time_limit,-0.0529319868207512,4.0,-0.0007534282564896,0.1144443991443195,-0.0572221995721597,0.0426372977039067,2.004063992652948,0.15,lp|holders,0.0124039983937053,0x7b1e5d984a43ee732de195628d20d05cfabc3cc7,0.0171427765604101,0.0122685382616866
2026-10-09 12:00:00+00:00,dex_short,1,robinhood:0x39dbed3a2bd333467115de45665cc57f813c4571,1.3,Avoid - watch only,0.4512,0.0514,0.345997264988237,90,closed,time_limit,-0.0231728943635307,4.0,-0.020805482356607,0.1028044904478471,-0.0514022452239235,-0.0743649834213104,0.8732199798526352,0.05,lp,0.015589982045281,0x486435a1f76cd58193f854c6e6213cd05fd58d637865d02065ff558b387fa6ea,0.0019068160775213,0.0029869960286041
2026-10-09 12:00:00+00:00,dex_short,2,robinhood:0x020bfc650a365f8bb26819deaabf3e21291018b4,0.5,Avoid - watch only,0.42155,0.04749,0.112551881589993,90,closed,time_limit,-0.0276454021549052,4.0,-0.0211229860651122,0.0949840018167096,-0.0474920009083548,-0.0529922663159938,1.1681360281759985,0.15,lp|holders,0.0159074857537862,0xd42a491087a15e5afd51feb3606066cc152d2b09,0.0130212681767489,0.0029869960286041
2026-10-09 12:00:00+00:00,dex_short,3,ethereum:0xe0f63a424a4439cbe457d80e4f4b51ad25b2c56c,0.4,Avoid - watch only,0.49653,0.02736,0.370470663671961,90,closed,time_limit,-0.0056143219440598,4.0,-0.0174419087133598,0.0547195901785155,-0.0273597950892579,0.0054191197641225,0.9340657902106774,0.0,none,0.0122264084020338,0x52c77b0cb827afbad022e6d6caf2c44452edbc39,0.0090693925606888,0.0029869960286041
2026-10-09 12:00:00+00:00,dex_short,4,ethereum:0xfaba6f8e4a5e8ab82f62fe7c39859fa577269be3,0.3,Avoid - watch only,0.47598,0.04375,0.482921104366433,90,closed,time_limit,-0.0184805756359997,4.0,-0.0176351189601798,0.0874938883516822,-0.0437469441758411,0.0003751317499652,1.4024085646892095,0.15,lp|holders,0.0124196186488538,0x7b1e5d984a43ee732de195628d20d05cfabc3cc7,0.0072470979145,0.0029869960286041
2026-10-09 12:00:00+00:00,dex_short,5,ethereum:0x6982508145454ce325ddbe47a25d4ec3d2311933,0.2,Avoid - watch only,0.52162,0.02584,3.92393282512169e-06,90,closed,time_limit,-0.0181842087873984,4.0,-0.0174200660689607,0.051687797174964,-0.0258438985874821,-0.0168185055898746,1.371200674712566,0.15,lp|holders,0.0122045657576347,0xa43fe16908251ee70ef74718545e4fe6c5ccec9f,0.0,0.0029869960286041
2026-10-09 12:00:00+00:00,dex_day,1,robinhood:0x39dbed3a2bd333467115de45665cc57f813c4571,6.1,Moderate,0.46613,0.12591,0.345997264988237,90,open,,,,,0.2518185448640528,-0.1259092724320265,-0.0743649834213104,0.8732199798526352,0.05,lp,0.015589982045281,0x486435a1f76cd58193f854c6e6213cd05fd58d637865d02065ff558b387fa6ea,0.0019068160775213,0.0029869960286041
2026-10-09 12:00:00+00:00,dex_day,2,ethereum:0xe0f63a424a4439cbe457d80e4f4b51ad25b2c56c,2.3,Avoid - watch only,0.40148,0.06702,0.370470663671961,90,open,,,,,0.1340350748715733,-0.0670175374357866,0.0054191197641225,0.9340657902106774,0.0,none,0.0122264084020338,0x52c77b0cb827afbad022e6d6caf2c44452edbc39,0.0090693925606888,0.0029869960286041
2026-10-09 12:00:00+00:00,dex_day,3,robinhood:0x020bfc650a365f8bb26819deaabf3e21291018b4,2.2,Avoid - watch only,0.34735,0.11633,0.112551881589993,90,open,,,,,0.2326623381785288,-0.1163311690892644,-0.0529922663159938,1.1681360281759985,0.15,lp|holders,0.0159074857537862,0xd42a491087a15e5afd51feb3606066cc152d2b09,0.0130212681767489,0.0029869960286041
2026-10-09 12:00:00+00:00,dex_day,4,ethereum:0x6982508145454ce325ddbe47a25d4ec3d2311933,1.0,Avoid - watch only,0.37028,0.0633,3.92393282512169e-06,90,open,,,,,0.1266087290071316,-0.0633043645035658,-0.0168185055898746,1.371200674712566,0.15,lp|holders,0.0122045657576347,0xa43fe16908251ee70ef74718545e4fe6c5ccec9f,0.0,0.0029869960286041
2026-10-09 12:00:00+00:00,dex_day,5,ethereum:0xfaba6f8e4a5e8ab82f62fe7c39859fa577269be3,0.8,Avoid - watch only,0.34087,0.10716,0.482921104366433,90,open,,,,,0.2143153820736625,-0.1071576910368312,0.0003751317499652,1.4024085646892095,0.15,lp|holders,0.0124196186488538,0x7b1e5d984a43ee732de195628d20d05cfabc3cc7,0.0072470979145,0.0029869960286041
2026-10-09 13:00:00+00:00,dex_short,1,robinhood:0x39dbed3a2bd333467115de45665cc57f813c4571,1.3,Avoid - watch only,0.46118,0.05064,0.340289021826417,90,closed,time_limit,0.0014341522897851,4.0,-0.0009149316420225,0.1012830299298788,-0.0506415149649395,-0.1295949885711061,0.8465311522900545,0.05,lp,0.0155919907232134,0x486435a1f76cd58193f854c6e6213cd05fd58d637865d02065ff558b387fa6ea,0.0183528381411925,0.0069821978967148
2026-10-09 13:00:00+00:00,dex_short,2,ethereum:0xfaba6f8e4a5e8ab82f62fe7c39859fa577269be3,0.6,Avoid - watch only,0.44384,0.04285,0.484218525452037,90,closed,time_limit,-0.0211117327105094,4.0,0.0025065091544012,0.0857088196446878,-0.0428544098223439,-0.0153660216033832,1.3676454782013017,0.15,lp|holders,0.0121705499267896,0x7b1e5d984a43ee732de195628d20d05cfabc3cc7,0.0,0.0069821978967148
2026-10-09 13:00:00+00:00,dex_short,3,ethereum:0xe0f63a424a4439cbe457d80e4f4b51ad25b2c56c,0.4,Avoid - watch only,0.4746,0.02681,0.370964981582004,90,closed,time_limit,-0.0113868741492568,4.0,0.0026979356118284,0.0536202163055841,-0.026810108152792,-0.0038825653663002,0.9047279110902378,0.0,none,0.0119791234693624,0x52c77b0cb827afbad022e6d6caf2c44452edbc39,0.0157258490284437,0.0069821978967148
2026-10-09 13:00:00+00:00,dex_short,4,robinhood:0x020bfc650a365f8bb26819deaabf3e21291018b4,0.4,Avoid - watch only,0.41713,0.04663,0.111352345700922,90,closed,time_limit,-0.0113202797216092,4.0,-0.0012380912688128,0.0932665757864128,-0.0466332878932064,-0.0655275696460084,1.1577415329951235,0.15,lp|holders,0.0159151503500037,0xd42a491087a15e5afd51feb3606066cc152d2b09,0.0114582273189276,0.0069821978967148
2026-10-09 13:00:00+00:00,dex_short,5,robinhood:0x0e0d2c89a5a019fe1cf762e5e33187631dacc21b,0.4,Avoid - watch only,0.56408,0.07096,0.0238179446501788,90,closed,take_profit,0.1123215744736539,2.0,0.1123215748430444,0.1419183343124903,-0.0709591671562451,-0.1270512305673681,2.6764090370460187,0.15,lp|wash,0.0295967598388364,0x714442e9a611f8561a7df108d6d925132937cfb8,0.0104784032485323,0.0069821978967148
2026-10-09 13:00:00+00:00,dex_day,1,robinhood:0x39dbed3a2bd333467115de45665cc57f813c4571,6.7,Strong,0.50338,0.12405,0.340289021826417,90,open,,,,,0.2480917429312397,-0.1240458714656198,-0.1295949885711061,0.8465311522900545,0.05,lp,0.0155919907232134,0x486435a1f76cd58193f854c6e6213cd05fd58d637865d02065ff558b387fa6ea,0.0183528381411925,0.0069821978967148
2026-10-09 13:00:00+00:00,dex_day,2,ethereum:0xe0f63a424a4439cbe457d80e4f4b51ad25b2c56c,2.9,Avoid - watch only,0.40561,0.06567,0.370964981582004,90,open,,,,,0.1313421698463432,-0.0656710849231716,-0.0038825653663002,0.9047279110902378,0.0,none,0.0119791234693624,0x52c77b0cb827afbad022e6d6caf2c44452edbc39,0.0157258490284437,0.0069821978967148
2026-10-09 13:00:00+00:00,dex_day,3,robinhood:0x020bfc650a365f8bb26819deaabf3e21291018b4,2.5,Avoid - watch only,0.3753,0.11423,0.111352345700922,90,open,,,,,0.2284555207333283,-0.1142277603666641,-0.0655275696460084,1.1577415329951235,0.15,lp|holders,0.0159151503500037,0xd42a491087a15e5afd51feb3606066cc152d2b09,0.0114582273189276,0.0069821978967148
2026-10-09 13:00:00+00:00,dex_day,4,ethereum:0xfaba6f8e4a5e8ab82f62fe7c39859fa577269be3,1.9,Avoid - watch only,0.32463,0.10497,0.484218525452037,90,open,,,,,0.2099428745857159,-0.1049714372928579,-0.0153660216033832,1.3676454782013017,0.15,lp|holders,0.0121705499267896,0x7b1e5d984a43ee732de195628d20d05cfabc3cc7,0.0,0.0069821978967148
2026-10-09 13:00:00+00:00,dex_day,5,robinhood:0x0e0d2c89a5a019fe1cf762e5e33187631dacc21b,1.7,Avoid - watch only,0.40354,0.17381,0.0238179446501788,90,open,,,,,0.347627504211319,-0.1738137521056595,-0.1270512305673681,2.6764090370460187,0.15,lp|wash,0.0295967598388364,0x714442e9a611f8561a7df108d6d925132937cfb8,0.0104784032485323,0.0069821978967148
2026-10-09 14:00:00+00:00,dex_short,1,robinhood:0x39dbed3a2bd333467115de45665cc57f813c4571,0.9,Avoid - watch only,0.39521,0.05029,0.34623628345729,90,closed,time_limit,-0.0279717833057791,4.0,-0.0113186281823854,0.1005769411708064,-0.0502884705854032,-0.1198722686894678,0.8104287598112796,0.05,lp,0.0155930046877759,0x486435a1f76cd58193f854c6e6213cd05fd58d637865d02065ff558b387fa6ea,0.0021580244134873,0.0038969428491196
2026-10-09 14:00:00+00:00,dex_short,2,ethereum:0xfaba6f8e4a5e8ab82f62fe7c39859fa577269be3,0.8,Avoid - watch only,0.47793,0.04207,0.480964074951846,90,closed,time_limit,-0.0282194027350146,4.0,-0.0074313999599631,0.0841418038613905,-0.0420709019306952,-0.0157783457699473,1.3380683000010132,0.15,lp|holders,0.0117057764653536,0x7b1e5d984a43ee732de195628d20d05cfabc3cc7,0.0015501706994636,0.0038969428491196
2026-10-09 14:00:00+00:00,dex_short,3,ethereum:0xe0f63a424a4439cbe457d80e4f4b51ad25b2c56c,0.4,Avoid - watch only,0.4392,0.02648,0.373859346798525,90,closed,time_limit,-0.0288948454957511,4.0,-0.0072209279026008,0.052958195304015,-0.0264790976520075,-0.0073005258774273,0.9159299130341052,0.0,none,0.0114953044079913,0x52c77b0cb827afbad022e6d6caf2c44452edbc39,0.0093539358651706,0.0038969428491196
2026-10-09 14:00:00+00:00,dex_short,4,robinhood:0x020bfc650a365f8bb26819deaabf3e21291018b4,0.4,Avoid - watch only,0.42133,0.04568,0.111250448435612,90,closed,time_limit,-0.0135510284959378,4.0,-0.0116424109513961,0.0913541968235904,-0.0456770984117952,-0.066695447402941,1.1660707593743225,0.15,lp|holders,0.0159167874567866,0xd42a491087a15e5afd51feb3606066cc152d2b09,0.0005970324476349,0.0038969428491196
2026-10-09 14:00:00+00:00,dex_short,5,robinhood:0x0e0d2c89a5a019fe1cf762e5e33187631dacc21b,0.3,Avoid - watch only,0.54439,0.0696,0.0234461233982101,90,closed,take_profit,0.1096237716834021,1.0,0.1096237718551303,0.1391992018763246,-0.0695996009381622,-0.1437864095758212,2.7386473223957863,0.15,lp|wash,0.0295754301929225,0x714442e9a611f8561a7df108d6d925132937cfb8,0.2525205967013544,0.0038969428491196
2026-10-09 14:00:00+00:00,dex_day,1,robinhood:0x39dbed3a2bd333467115de45665cc57f813c4571,5.8,Moderate,0.45666,0.12318,0.34623628345729,90,open,,,,,0.2463621857583973,-0.1231810928791986,-0.1198722686894678,0.8104287598112796,0.05,lp,0.0155930046877759,0x486435a1f76cd58193f854c6e6213cd05fd58d637865d02065ff558b387fa6ea,0.0021580244134873,0.0038969428491196
2026-10-09 14:00:00+00:00,dex_day,2,ethereum:0xe0f63a424a4439cbe457d80e4f4b51ad25b2c56c,2.6,Avoid - watch only,0.38393,0.06486,0.373859346798525,90,open,,,,,0.1297205561934931,-0.0666275887224207,-0.0073005258774273,0.9159299130341052,0.0,none,0.0114953044079913,0x52c77b0cb827afbad022e6d6caf2c44452edbc39,0.0093539358651706,0.0038969428491196
2026-10-09 14:00:00+00:00,dex_day,3,robinhood:0x020bfc650a365f8bb26819deaabf3e21291018b4,2.3,Avoid - watch only,0.36824,0.11189,0.111250448435612,90,open,,,,,0.2237711680795804,-0.1118855840397902,-0.066695447402941,1.1660707593743225,0.15,lp|holders,0.0159167874567866,0xd42a491087a15e5afd51feb3606066cc152d2b09,0.0005970324476349,0.0038969428491196
2026-10-09 14:00:00+00:00,dex_day,4,ethereum:0xfaba6f8e4a5e8ab82f62fe7c39859fa577269be3,1.9,Avoid - watch only,0.32993,0.10305,0.480964074951846,90,open,,,,,0.2061044854977505,-0.1030522427488752,-0.0157783457699473,1.3380683000010132,0.15,lp|holders,0.0117057764653536,0x7b1e5d984a43ee732de195628d20d05cfabc3cc7,0.0015501706994636,0.0038969428491196
2026-10-09 14:00:00+00:00,dex_day,5,robinhood:0x0e0d2c89a5a019fe1cf762e5e33187631dacc21b,1.4,Avoid - watch only,0.38872,0.17048,0.0234461233982101,90,open,,,,,0.3409670171996619,-0.170483508599831,-0.1437864095758212,2.7386473223957863,0.15,lp|wash,0.0295754301929225,0x714442e9a611f8561a7df108d6d925132937cfb8,0.2525205967013544,0.0038969428491196
2026-10-09 15:00:00+00:00,dex_short,1,robinhood:0x39dbed3a2bd333467115de45665cc57f813c4571,1.0,Avoid - watch only,0.42955,0.04929,0.346983469809826,90,closed,time_limit,-0.0488898312967336,4.0,-0.0287587808787605,0.0985764817577228,-0.0492882408788615,-0.0303942249515047,0.525830069161499,0.05,lp,0.0155930796932375,0x486435a1f76cd58193f854c6e6213cd05fd58d637865d02065ff558b387fa6ea,0.0079175316659112,0.0079175316659112
2026-10-09 15:00:00+00:00,dex_short,2,ethereum:0xfaba6f8e4a5e8ab82f62fe7c39859fa577269be3,0.3,Avoid - watch only,0.46856,0.04126,0.47839427206896,90,closed,time_limit,-0.0354719386413943,4.0,-0.0293017122791401,0.0825272061355644,-0.0412636030677822,0.0764447948881957,1.1355011597957,0.15,lp|holders,0.0161360110936171,0x7b1e5d984a43ee732de195628d20d05cfabc3cc7,0.0073662706180039,0.0079175316659112
2026-10-09 15:00:00+00:00,dex_short,3,robinhood:0x020bfc650a365f8bb26819deaabf3e21291018b4,0.3,Avoid - watch only,0.4409,0.04474,0.111069292625044,90,closed,time_limit,-0.0272678749643997,4.0,-0.0290815841992628,0.0894737960617848,-0.0447368980308924,0.0384331007147853,0.9123742674720124,0.15,lp|holders,0.0159158830137398,0xd42a491087a15e5afd51feb3606066cc152d2b09,0.0121496453863587,0.0079175316659112
2026-10-09 15:00:00+00:00,dex_short,4,robinhood:0x0e0d2c89a5a019fe1cf762e5e33187631dacc21b,0.1,Avoid - watch only,0.38181,0.09179,0.0271610082961172,90,closed,time_limit,-0.0689720862125856,4.0,-0.0427450728213875,0.1835732335537532,-0.0917866167768766,0.019838206689299,2.8597334351723744,0.15,lp|wash,0.0295793716358645,0x714442e9a611f8561a7df108d6d925132937cfb8,0.0228922510491109,0.0079175316659112
2026-10-09 15:00:00+00:00,dex_short,5,ethereum:0x6982508145454ce325ddbe47a25d4ec3d2311933,0.0,Avoid - watch only,0.49067,0.02492,3.89041173761405e-06,90,closed,time_limit,-0.0154283183944313,4.0,-0.029072900266409,0.0498335232865161,-0.024916761643258,0.034246261377806,0.9623887940042912,0.15,lp|holders,0.015907199080886,0xa43fe16908251ee70ef74718545e4fe6c5ccec9f,0.0057131191831898,0.0079175316659112
2026-10-09 15:00:00+00:00,dex_day,1,robinhood:0x39dbed3a2bd333467115de45665cc57f813c4571,5.8,Moderate,0.45843,0.12073,0.346983469809826,90,open,,,,,0.241462080945195,-0.1207310404725976,-0.0303942249515047,0.525830069161499,0.05,lp,0.0155930796932375,0x486435a1f76cd58193f854c6e6213cd05fd58d637865d02065ff558b387fa6ea,0.0079175316659112,0.0079175316659112
2026-10-09 15:00:00+00:00,dex_day,2,robinhood:0x020bfc650a365f8bb26819deaabf3e21291018b4,3.1,Avoid - watch only,0.46188,0.10958,0.111069292625044,90,open,,,,,0.2191651457012158,-0.1095825728506079,0.0384331007147853,0.9123742674720124,0.15,lp|holders,0.0159158830137398,0xd42a491087a15e5afd51feb3606066cc152d2b09,0.0121496453863587,0.0079175316659112
2026-10-09 15:00:00+00:00,dex_day,3,ethereum:0xfaba6f8e4a5e8ab82f62fe7c39859fa577269be3,2.6,Avoid - watch only,0.45576,0.10107,0.47839427206896,90,open,,,,,0.2021495449296182,-0.1010747724648091,0.0764447948881957,1.1355011597957,0.15,lp|holders,0.0161360110936171,0x7b1e5d984a43ee732de195628d20d05cfabc3cc7,0.0073662706180039,0.0079175316659112
2026-10-09 15:00:00+00:00,dex_day,4,ethereum:0x6982508145454ce325ddbe47a25d4ec3d2311933,1.4,Avoid - watch only,0.51291,0.06103,3.89041173761405e-06,90,open,,,,,0.1220667041370682,-0.0655772527096905,0.034246261377806,0.9623887940042912,0.15,lp|holders,0.015907199080886,0xa43fe16908251ee70ef74718545e4fe6c5ccec9f,0.0057131191831898,0.0079175316659112
2026-10-09 15:00:00+00:00,dex_day,5,robinhood:0x0e0d2c89a5a019fe1cf762e5e33187631dacc21b,0.5,Avoid - watch only,0.31154,0.22483,0.0271610082961172,90,open,,,,,0.4496607526394591,-0.2248303763197295,0.019838206689299,2.8597334351723744,0.15,lp|wash,0.0295793716358645,0x714442e9a611f8561a7df108d6d925132937cfb8,0.0228922510491109,0.0079175316659112
2026-10-09 16:00:00+00:00,dex_short,1,robinhood:0x39dbed3a2bd333467115de45665cc57f813c4571,1.2,Avoid - watch only,0.4743,0.04838,0.343373598065477,90,closed,time_limit,-0.019726697630761,4.0,-0.0244189231868961,0.0967581747768333,-0.0483790873884166,-0.0142715731226457,0.4426195037069665,0.05,lp,0.015593647513587,0x486435a1f76cd58193f854c6e6213cd05fd58d637865d02065ff558b387fa6ea,0.0112700593488177,0.0058477919534024
2026-10-09 16:00:00+00:00,dex_short,2,robinhood:0x020bfc650a365f8bb26819deaabf3e21291018b4,0.3,Avoid - watch only,0.45151,0.04384,0.111230757013101,90,closed,time_limit,-0.006656361045583,4.0,-0.0247403310726642,0.0876876541183806,-0.0438438270591904,0.0207192448615773,0.8074702902571591,0.15,lp|holders,0.0159150553993551,0xd42a491087a15e5afd51feb3606066cc152d2b09,0.0057920727690823,0.0058477919534024
2026-10-09 16:00:00+00:00,dex_short,3,robinhood:0x0e0d2c89a5a019fe1cf762e5e33187631dacc21b,0.3,Avoid - watch only,0.43625,0.0899,0.027083682730998,90,closed,time_limit,-0.0666360778161432,4.0,-0.03840675039757,0.1797989150717689,-0.0898994575358844,0.0283186167522471,2.901700016706888,0.15,lp|wash,0.0295814747242609,0x714442e9a611f8561a7df108d6d925132937cfb8,0.0190847997844549,0.0058477919534024
2026-10-09 16:00:00+00:00,dex_short,4,ethereum:0xfaba6f8e4a5e8ab82f62fe7c39859fa577269be3,0.1,Avoid - watch only,0.43057,0.04043,0.479994140324683,90,closed,time_limit,-0.0266824460432081,4.0,-0.0290064201716856,0.0808698425966956,-0.0404349212983478,0.0669068228546618,1.092458603981926,0.15,lp|holders,0.0201811444983765,0x7b1e5d984a43ee732de195628d20d05cfabc3cc7,0.0002147101056217,0.0058477919534024
2026-10-09 16:00:00+00:00,dex_short,5,ethereum:0x6982508145454ce325ddbe47a25d4ec3d2311933,0.0,Avoid - watch only,0.44962,0.02444,3.90046910755469e-06,90,closed,time_limit,-0.0116630980848013,4.0,-0.0287856807925454,0.0488781814342591,-0.0244390907171295,0.0485375664500455,0.8704333156668479,0.15,lp|holders,0.0199604051192363,0xa43fe16908251ee70ef74718545e4fe6c5ccec9f,0.0051430899049977,0.0058477919534024
2026-10-09 16:00:00+00:00,dex_day,1,robinhood:0x39dbed3a2bd333467115de45665cc57f813c4571,6.1,Moderate,0.47508,0.1185,0.343373598065477,90,open,,,,,0.2370081566462751,-0.1185040783231375,-0.0142715731226457,0.4426195037069665,0.05,lp,0.015593647513587,0x486435a1f76cd58193f854c6e6213cd05fd58d637865d02065ff558b387fa6ea,0.0112700593488177,0.0058477919534024
2026-10-09 16:00:00+00:00,dex_day,2,robinhood:0x020bfc650a365f8bb26819deaabf3e21291018b4,3.5,Avoid - watch only,0.48782,0.1074,0.111230757013101,90,open,,,,,0.2147900093316923,-0.1073950046658461,0.0207192448615773,0.8074702902571591,0.15,lp|holders,0.0159150553993551,0xd42a491087a15e5afd51feb3606066cc152d2b09,0.0057920727690823,0.0058477919534024
2026-10-09 16:00:00+00:00,dex_day,3,ethereum:0xfaba6f8e4a5e8ab82f62fe7c39859fa577269be3,2.1,Avoid - watch only,0.45033,0.09904,0.479994140324683,90,open,,,,,0.1980898499410961,-0.099044924970548,0.0669068228546618,1.092458603981926,0.15,lp|holders,0.0201811444983765,0x7b1e5d984a43ee732de195628d20d05cfabc3cc7,0.0002147101056217,0.0058477919534024
2026-10-09 16:00:00+00:00,dex_day,4,ethereum:0xe0f63a424a4439cbe457d80e4f4b51ad25b2c56c,1.9,Avoid - watch only,0.48327,0.06225,0.372920247730303,90,open,,,,,0.1245024665317691,-0.0642771420328948,0.0593548671907385,0.784278177279048,0.0,none,0.019981942358457,0x52c77b0cb827afbad022e6d6caf2c44452edbc39,0.0,0.0058477919534024
2026-10-09 16:00:00+00:00,dex_day,5,robinhood:0x0e0d2c89a5a019fe1cf762e5e33187631dacc21b,1.1,Avoid - watch only,0.30589,0.22021,0.027083682730998,90,open,,,,,0.440415598231842,-0.220207799115921,0.0283186167522471,2.901700016706888,0.15,lp|wash,0.0295814747242609,0x714442e9a611f8561a7df108d6d925132937cfb8,0.0190847997844549,0.0058477919534024
2026-10-09 17:00:00+00:00,dex_short,1,robinhood:0x39dbed3a2bd333467115de45665cc57f813c4571,0.7,Avoid - watch only,0.42784,0.04757,0.346082831377787,90,closed,time_limit,-0.019106971531498,4.0,-0.0249192378554368,0.0951412116726717,-0.0475706058363358,0.0289276239658131,0.3897874713001917,0.05,lp,0.0155940047537418,0x486435a1f76cd58193f854c6e6213cd05fd58d637865d02065ff558b387fa6ea,0.0036300574291436,0.0013557417713823
2026-10-09 17:00:00+00:00,dex_short,2,ethereum:0xfaba6f8e4a5e8ab82f62fe7c39859fa577269be3,0.3,Avoid - watch only,0.45123,0.0396,0.479889039108707,90,closed,time_limit,-0.0128782798504217,4.0,-0.0225215303566619,0.07920272201445,-0.039601361007225,0.0818532010741963,1.0505519416369142,0.15,lp|holders,0.0131962972549669,0x7b1e5d984a43ee732de195628d20d05cfabc3cc7,0.0048871703784001,0.0013557417713823
2026-10-09 17:00:00+00:00,dex_short,3,robinhood:0x0e0d2c89a5a019fe1cf762e5e33187631dacc21b,0.3,Avoid - watch only,0.42525,0.0884,0.026539329872784,90,closed,time_limit,-0.0866916935642645,4.0,-0.0389000123941151,0.1768055291119479,-0.0884027645559739,0.0219548166223693,2.941439803661212,0.15,lp|wash,0.0295747792924201,0x714442e9a611f8561a7df108d6d925132937cfb8,0.0205328330076832,0.0013557417713823
2026-10-09 17:00:00+00:00,dex_short,4,ethereum:0xe0f63a424a4439cbe457d80e4f4b51ad25b2c56c,0.2,Avoid - watch only,0.48842,0.02495,0.371184685340129,90,closed,time_limit,-0.0188903301726402,4.0,-0.0223224253012867,0.0498911508963391,-0.0249455754481695,0.0678791663083246,0.5927723770266442,0.0,none,0.0129971921995917,0x52c77b0cb827afbad022e6d6caf2c44452edbc39,0.0,0.0013557417713823
2026-10-09 17:00:00+00:00,dex_short,5,robinhood:0x020bfc650a365f8bb26819deaabf3e21291018b4,0.2,Avoid - watch only,0.42272,0.04306,0.111863995323586,90,closed,time_limit,-0.0046998763536998,4.0,-0.0252389053582264,0.0861221144641584,-0.0430610572320792,0.0474019143641153,0.7596309291279962,0.15,lp|holders,0.0159136722565314,0xd42a491087a15e5afd51feb3606066cc152d2b09,0.0108743756202003,0.0013557417713823
2026-10-09 17:00:00+00:00,dex_day,1,robinhood:0x39dbed3a2bd333467115de45665cc57f813c4571,5.3,Weak,0.47535,0.11652,0.346082831377787,90,open,,,,,0.2330474221081728,-0.1165237110540865,0.0289276239658131,0.3897874713001917,0.05,lp,0.0155940047537418,0x486435a1f76cd58193f854c6e6213cd05fd58d637865d02065ff558b387fa6ea,0.0036300574291436,0.0013557417713823
2026-10-09 17:00:00+00:00,dex_day,2,ethereum:0xfaba6f8e4a5e8ab82f62fe7c39859fa577269be3,3.3,Avoid - watch only,0.47571,0.097,0.479889039108707,90,open,,,,,0.1940062551749026,-0.0970031275874513,0.0818532010741963,1.0505519416369142,0.15,lp|holders,0.0131962972549669,0x7b1e5d984a43ee732de195628d20d05cfabc3cc7,0.0048871703784001,0.0013557417713823
2026-10-09 17:00:00+00:00,dex_day,3,robinhood:0x020bfc650a365f8bb26819deaabf3e21291018b4,3.0,Avoid - watch only,0.45485,0.10548,0.111863995323586,90,open,,,,,0.2109552360067548,-0.1087391460353219,0.0474019143641153,0.7596309291279962,0.15,lp|holders,0.0159136722565314,0xd42a491087a15e5afd51feb3606066cc152d2b09,0.0108743756202003,0.0013557417713823
2026-10-09 17:00:00+00:00,dex_day,4,ethereum:0xe0f63a424a4439cbe457d80e4f4b51ad25b2c56c,2.7,Avoid - watch only,0.46431,0.0611,0.371184685340129,90,open,,,,,0.1222078623762306,-0.0611039311881154,0.0678791663083246,0.5927723770266442,0.0,none,0.0129971921995917,0x52c77b0cb827afbad022e6d6caf2c44452edbc39,0.0,0.0013557417713823
2026-10-09 17:00:00+00:00,dex_day,5,ethereum:0x6982508145454ce325ddbe47a25d4ec3d2311933,1.7,Avoid - watch only,0.51174,0.0589,3.92052957084651e-06,90,open,,,,,0.117794712504434,-0.058897356252217,0.0708003812005255,0.759141844621164,0.15,lp|holders,0.0129753914492269,0xa43fe16908251ee70ef74718545e4fe6c5ccec9f,0.0008303425549083,0.0013557417713823
2026-10-09 18:00:00+00:00,dex_short,1,robinhood:0x39dbed3a2bd333467115de45665cc57f813c4571,1.5,Avoid - watch only,0.52001,0.04675,0.341950301154852,90,closed,time_limit,-0.0124978967101891,4.0,-0.0166267092064271,0.0935022750785807,-0.0467511375392902,-0.0228268216448408,0.3712792103224238,0.05,lp,0.0155969705294081,0x486435a1f76cd58193f854c6e6213cd05fd58d637865d02065ff558b387fa6ea,0.0090585313838407,0.0037697177636661
2026-10-09 18:00:00+00:00,dex_short,2,ethereum:0xfaba6f8e4a5e8ab82f62fe7c39859fa577269be3,0.9,Avoid - watch only,0.51185,0.03922,0.473021613968958,90,closed,time_limit,0.0110151263726862,4.0,-0.0118218100676721,0.0784346363227705,-0.0392173181613852,-0.0325084627618837,0.9646206810705252,0.15,lp|holders,0.0107920713906531,0x7b1e5d984a43ee732de195628d20d05cfabc3cc7,0.0082611518913604,0.0037697177636661
2026-10-09 18:00:00+00:00,dex_short,3,ethereum:0x1abaea1f7c830bd89acc67ec4af516284b1bc33c,0.3,Avoid - watch only,0.50621,0.02,1.1184952374406,90,closed,time_limit,-0.0052461579083245,4.0,-0.0068203570446061,0.04,-0.0199999999999999,-0.0022710264407834,1.2967277004249478,0.15,lp|holders,0.0057906183675871,0xb2b92b56988a4edbe255989792c6ea239b25eaf66b42093145cbf8f630db3a17,0.0021054314108734,0.0037697177636661
2026-10-09 18:00:00+00:00,dex_short,4,robinhood:0x0e0d2c89a5a019fe1cf762e5e33187631dacc21b,0.3,Avoid - watch only,0.42327,0.0867,0.026203064729588,90,closed,time_limit,-0.0776959245033991,4.0,-0.0306058851861085,0.1734032141554631,-0.0867016070777315,0.009305432013837,3.005775697383053,0.15,lp|wash,0.0295761465090895,0x714442e9a611f8561a7df108d6d925132937cfb8,0.0215664307927612,0.0037697177636661
2026-10-09 18:00:00+00:00,dex_short,5,ethereum:0xe0f63a424a4439cbe457d80e4f4b51ad25b2c56c,0.2,Avoid - watch only,0.52894,0.02474,0.367354365732861,90,closed,time_limit,0.0029574569982449,4.0,-0.011613094643483,0.0494748326992005,-0.0247374163496001,0.0201254497277487,0.5423681429007601,0.1,holders,0.010583355966464,0x52c77b0cb827afbad022e6d6caf2c44452edbc39,0.0077733743455157,0.0037697177636661
2026-10-09 18:00:00+00:00,dex_day,1,robinhood:0x39dbed3a2bd333467115de45665cc57f813c4571,6.3,Moderate,0.48256,0.11452,0.341950301154852,90,open,,,,,0.2290328637318746,-0.1145164318659373,-0.0228268216448408,0.3712792103224238,0.05,lp,0.0155969705294081,0x486435a1f76cd58193f854c6e6213cd05fd58d637865d02065ff558b387fa6ea,0.0090585313838407,0.0037697177636661
2026-10-09 18:00:00+00:00,dex_day,2,ethereum:0xfaba6f8e4a5e8ab82f62fe7c39859fa577269be3,5.0,Avoid - watch only,0.50175,0.09606,0.473021613968958,90,open,,,,,0.1921248371515556,-0.0960624185757778,-0.0325084627618837,0.9646206810705252,0.15,lp|holders,0.0107920713906531,0x7b1e5d984a43ee732de195628d20d05cfabc3cc7,0.0082611518913604,0.0037697177636661
2026-10-09 18:00:00+00:00,dex_day,3,ethereum:0x1abaea1f7c830bd89acc67ec4af516284b1bc33c,2.3,Avoid - watch only,0.53012,0.04,1.1184952374406,90,open,,,,,0.08,-0.0400000000000001,-0.0022710264407834,1.2967277004249478,0.15,lp|holders,0.0057906183675871,0xb2b92b56988a4edbe255989792c6ea239b25eaf66b42093145cbf8f630db3a17,0.0021054314108734,0.0037697177636661
2026-10-09 18:00:00+00:00,dex_day,4,ethereum:0xe0f63a424a4439cbe457d80e4f4b51ad25b2c56c,1.8,Avoid - watch only,0.44838,0.06059,0.367354365732861,90,open,,,,,0.1211880952226054,-0.0605940476113027,0.0201254497277487,0.5423681429007601,0.1,holders,0.010583355966464,0x52c77b0cb827afbad022e6d6caf2c44452edbc39,0.0077733743455157,0.0037697177636661
2026-10-09 18:00:00+00:00,dex_day,5,ethereum:0x6982508145454ce325ddbe47a25d4ec3d2311933,1.7,Avoid - watch only,0.48711,0.0579,3.8989075524775e-06,90,open,,,,,0.1158077877705097,-0.0579038938852548,0.0333303661706434,0.7184335642414714,0.15,lp|holders,0.0105614326918045,0xa43fe16908251ee70ef74718545e4fe6c5ccec9f,0.0069257328046112,0.0037697177636661
2026-10-09 18:00:00+00:00,dex_short,5,ethereum:0x6982508145454ce325ddbe47a25d4ec3d2311933,0.1,Avoid - watch only,0.49273,0.02364,3.8989075524775e-06,90,closed,time_limit,0.0002427198083029,4.0,-0.0122763095593546,0.0472783313797124,-0.0236391656898562,0.0333303661706434,0.7184335642414714,0.15,lp|holders,0.0112465708823356,0xa43fe16908251ee70ef74718545e4fe6c5ccec9f,0.0069257328046112,0.0037697177636661
2026-10-09 18:00:00+00:00,dex_day,5,robinhood:0x0e0d2c89a5a019fe1cf762e5e33187631dacc21b,1.1,Avoid - watch only,0.28276,0.21237,0.026203064729588,90,open,,,,,0.4247493944394418,-0.2123746972197209,0.009305432013837,3.005775697383053,0.15,lp|wash,0.0295785073349256,0x714442e9a611f8561a7df108d6d925132937cfb8,0.0215664307927612,0.0037697177636661
2026-10-09 19:00:00+00:00,dex_short,1,robinhood:0x39dbed3a2bd333467115de45665cc57f813c4571,1.4,Avoid - watch only,0.52088,0.04626,0.335430047405049,90,closed,time_limit,0.0139363319800624,4.0,-0.0058883382624199,0.0925260604867765,-0.0462630302433882,-0.0371858361616657,0.3849829707951104,0.05,lp,0.0155955336723701,0x486435a1f76cd58193f854c6e6213cd05fd58d637865d02065ff558b387fa6ea,0.0196777060021864,0.0104200548384709
2026-10-09 19:00:00+00:00,dex_short,2,ethereum:0xfaba6f8e4a5e8ab82f62fe7c39859fa577269be3,1.0,Avoid - watch only,0.51296,0.03853,0.469144075084963,90,closed,time_limit,0.0238780416238793,4.0,0.0003092066614843,0.0770669030777795,-0.0385334515388897,-0.0425783466904023,0.9565261838376024,0.15,lp|holders,0.0093979887484658,0x7b1e5d984a43ee732de195628d20d05cfabc3cc7,0.0164757033163367,0.0104200548384709
2026-10-09 19:00:00+00:00,dex_short,3,robinhood:0x0e0d2c89a5a019fe1cf762e5e33187631dacc21b,0.5,Avoid - watch only,0.46234,0.08492,0.0260910624486923,90,closed,time_limit,-0.085943849736551,4.0,-0.0198737750361829,0.1698397509955596,-0.0849198754977798,-0.0198573800492889,3.059215845711025,0.15,lp|wash,0.0295809704461331,0x714442e9a611f8561a7df108d6d925132937cfb8,0.0218879016744917,0.0104200548384709
2026-10-09 19:00:00+00:00,dex_short,4,bsc:0xce24439f2d9c6a2289f741120fe202248b666666,0.0,Avoid - watch only,0.44375,0.02,1.00058443522911,90,closed,time_limit,-0.0384544663804959,4.0,-0.0260017952061051,0.04,-0.02,0.001864480346083,2.324519944019728,0.15,lp|holders,0.0357089906160553,0xa0909f81785f87f3e79309f0e73a7d82208094e4,0.0032692461424916,0.0104200548384709
2026-10-09 19:00:00+00:00,dex_short,5,bsc:0x3d4f0513e8a29669b960f9dbca61861548a9a760,0.0,Avoid - watch only,0.52899,0.02,0.0067230529383012,90,closed,time_limit,-0.0287706943394482,4.0,-0.0260590197539322,0.0391112585475506,-0.02,0.0085692351765338,1.227546228021582,0.25,lp|holders|wash,0.0357662151638824,0x7f51bbf34156ba802deb0e38b7671dc4fa32041d,0.0043229703398695,0.0104200548384709
2026-10-09 19:00:00+00:00,dex_day,1,robinhood:0x39dbed3a2bd333467115de45665cc57f813c4571,6.2,Moderate,0.4752,0.11332,0.335430047405049,90,open,,,,,0.226641636102495,-0.1133208180512476,-0.0371858361616657,0.3849829707951104,0.05,lp,0.0155955336723701,0x486435a1f76cd58193f854c6e6213cd05fd58d637865d02065ff558b387fa6ea,0.0196777060021864,0.0104200548384709
2026-10-09 19:00:00+00:00,dex_day,2,ethereum:0xfaba6f8e4a5e8ab82f62fe7c39859fa577269be3,5.3,Weak,0.5059,0.09439,0.469144075084963,90,open,,,,,0.1887745885970861,-0.094387294298543,-0.0425783466904023,0.9565261838376024,0.15,lp|holders,0.0093979887484658,0x7b1e5d984a43ee732de195628d20d05cfabc3cc7,0.0164757033163367,0.0104200548384709
2026-10-09 19:00:00+00:00,dex_day,3,robinhood:0x0e0d2c89a5a019fe1cf762e5e33187631dacc21b,1.4,Avoid - watch only,0.28768,0.20801,0.0260910624486923,90,open,,,,,0.4160207279804724,-0.2080103639902362,-0.0198573800492889,3.059215845711025,0.15,lp|wash,0.0295809704461331,0x714442e9a611f8561a7df108d6d925132937cfb8,0.0218879016744917,0.0104200548384709
2026-10-09 19:00:00+00:00,dex_day,4,solana:JUPyiwrYJFskUPiHa7hkeR8VUtAeFoSYbKedZNsDvCN,0.4,Avoid - watch only,0.33567,0.08485,0.3676887216362972,90,open,,,,,0.1696947458597497,-0.0848473729298749,0.0898129964814966,1.6749528250044656,0.12,metadata|holders,0.0161116293828071,C8Gr6AUuq9hEdSYJzoEpNcdjpojPZwqG5MtQbeouNNwg,0.0108423183382737,0.0104200548384709
2026-10-09 19:00:00+00:00,dex_day,5,bsc:0xce24439f2d9c6a2289f741120fe202248b666666,0.0,Avoid - watch only,0.49179,0.04,1.00058443522911,90,open,,,,,0.08,-0.04,0.001864480346083,2.324519944019728,0.15,lp|holders,0.0357089906160553,0xa0909f81785f87f3e79309f0e73a7d82208094e4,0.0032692461424916,0.0104200548384709
2026-10-09 20:00:00+00:00,dex_short,1,robinhood:0x39dbed3a2bd333467115de45665cc57f813c4571,1.0,Avoid - watch only,0.46899,0.0462,0.341954417775758,90,closed,time_limit,0.0161890359920495,4.0,-0.005211410251894,0.0924097999853166,-0.0462048999926583,-0.0314830818365354,0.3917108053506359,0.05,lp,0.0155953147963481,0x486435a1f76cd58193f854c6e6213cd05fd58d637865d02065ff558b387fa6ea,0.0090051830295003,0.0077110879268829
2026-10-09 20:00:00+00:00,dex_short,2,ethereum:0xfaba6f8e4a5e8ab82f62fe7c39859fa577269be3,0.7,Avoid - watch only,0.44783,0.03836,0.47687355367868,90,closed,time_limit,0.0008066620799432,4.0,0.0008164342955737,0.0767125735142155,-0.0383562867571077,-0.0223658363989862,0.9446718119380386,0.15,lp|holders,0.0095674702488803,0x7b1e5d984a43ee732de195628d20d05cfabc3cc7,0.0066434770229442,0.0077110879268829
2026-10-09 20:00:00+00:00,dex_short,3,robinhood:0x0e0d2c89a5a019fe1cf762e5e33187631dacc21b,0.5,Avoid - watch only,0.47394,0.08317,0.0260801076171344,90,closed,safety_exit,-0.1127669567841685,4.0,-0.019212357186712,0.1663413901060049,-0.0831706950530024,-0.0036404883172558,3.121171256893646,0.15,lp|wash,0.0295962617311661,0x714442e9a611f8561a7df108d6d925132937cfb8,0.0204034125328262,0.0077110879268829
2026-10-09 20:00:00+00:00,dex_short,4,bsc:0xce24439f2d9c6a2289f741120fe202248b666666,0.0,Avoid - watch only,0.52059,0.02,0.998843416816124,90,closed,time_limit,-0.0360842857482076,4.0,-0.0253250149712352,0.04,-0.02,-0.0046592907262323,2.306411284693868,0.15,lp|holders,0.0357089195156893,0xa0909f81785f87f3e79309f0e73a7d82208094e4,0.0055766301801751,0.0077110879268829
2026-10-09 20:00:00+00:00,dex_short,5,bsc:0x3d4f0513e8a29669b960f9dbca61861548a9a760,0.0,Avoid - watch only,0.47573,0.02,0.0067521164967468,90,closed,time_limit,-0.0320313331911268,4.0,-0.0253806814357198,0.04,-0.02,0.0082200532488521,1.1725975984671344,0.15,lp|wash,0.0357645859801739,0x7f51bbf34156ba802deb0e38b7671dc4fa32041d,0.0028349461858578,0.0077110879268829
2026-10-09 20:00:00+00:00,dex_day,1,robinhood:0x39dbed3a2bd333467115de45665cc57f813c4571,5.9,Moderate,0.45876,0.11318,0.341954417775758,90,open,,,,,0.2263568571966778,-0.113178428598339,-0.0314830818365354,0.3917108053506359,0.05,lp,0.0155953147963481,0x486435a1f76cd58193f854c6e6213cd05fd58d637865d02065ff558b387fa6ea,0.0090051830295003,0.0077110879268829
2026-10-09 20:00:00+00:00,dex_day,2,ethereum:0xfaba6f8e4a5e8ab82f62fe7c39859fa577269be3,4.5,Avoid - watch only,0.46844,0.09395,0.47687355367868,90,open,,,,,0.1879066619655716,-0.0939533309827858,-0.0223658363989862,0.9446718119380386,0.15,lp|holders,0.0095674702488803,0x7b1e5d984a43ee732de195628d20d05cfabc3cc7,0.0066434770229442,0.0077110879268829
2026-10-09 20:00:00+00:00,dex_day,3,robinhood:0x0e0d2c89a5a019fe1cf762e5e33187631dacc21b,1.4,Avoid - watch only,0.29024,0.20373,0.0260801076171344,90,open,,,,,0.4074515288649538,-0.203725764432477,-0.0036404883172558,3.121171256893646,0.15,lp|wash,0.0295962617311661,0x714442e9a611f8561a7df108d6d925132937cfb8,0.0204034125328262,0.0077110879268829
2026-10-09 20:00:00+00:00,dex_day,4,solana:JUPyiwrYJFskUPiHa7hkeR8VUtAeFoSYbKedZNsDvCN,0.4,Avoid - watch only,0.33121,0.08314,0.3691848396773343,90,open,,,,,0.1662828525732353,-0.0831414262866176,0.0745775483791948,1.6208290028344476,0.12,metadata|holders,0.016112094493946,C8Gr6AUuq9hEdSYJzoEpNcdjpojPZwqG5MtQbeouNNwg,0.0055595381112887,0.0077110879268829
2026-10-09 20:00:00+00:00,dex_day,5,bsc:0xce24439f2d9c6a2289f741120fe202248b666666,0.0,Avoid - watch only,0.49957,0.04,0.998843416816124,90,open,,,,,0.08,-0.04,-0.0046592907262323,2.306411284693868,0.15,lp|holders,0.0357089195156893,0xa0909f81785f87f3e79309f0e73a7d82208094e4,0.0055766301801751,0.0077110879268829
2026-10-09 21:00:00+00:00,dex_short,1,robinhood:0x39dbed3a2bd333467115de45665cc57f813c4571,1.0,Avoid - watch only,0.4678,0.04546,0.344867053888805,90,closed,time_limit,0.0083843326139086,4.0,-0.0018722448929399,0.090925803077023,-0.0454629015385115,-0.0046228880747587,0.3847161309353128,0.05,lp,0.0155982918297898,0x486435a1f76cd58193f854c6e6213cd05fd58d637865d02065ff558b387fa6ea,0.0,0.0060788933685564
2026-10-09 21:00:00+00:00,dex_short,2,ethereum:0xfaba6f8e4a5e8ab82f62fe7c39859fa577269be3,0.6,Avoid - watch only,0.43902,0.03766,0.480041652175394,90,closed,time_limit,0.02317539435489,4.0,0.0044074348378504,0.0753227213538443,-0.0409011687551323,-0.0006080521918307,0.9284854804680648,0.15,lp|holders,0.0093186120989994,0x7b1e5d984a43ee732de195628d20d05cfabc3cc7,0.0068644828230759,0.0060788933685564
2026-10-09 21:00:00+00:00,dex_short,3,robinhood:0x0e0d2c89a5a019fe1cf762e5e33187631dacc21b,0.6,Avoid - watch only,0.51025,0.08298,0.025023485243608,90,closed,time_limit,-0.0914497532662116,4.0,-0.0158610450568467,0.165958392522062,-0.082979196261031,-0.042685682233031,3.1828507171105795,0.15,lp|wash,0.0295870919936966,0x714442e9a611f8561a7df108d6d925132937cfb8,0.0204360947019373,0.0060788933685564
2026-10-09 21:00:00+00:00,dex_short,4,ethereum:0xe0f63a424a4439cbe457d80e4f4b51ad25b2c56c,0.3,Avoid - watch only,0.46043,0.02361,0.368997242775937,90,closed,time_limit,0.0066285288156647,4.0,0.0045887974566248,0.0472178131130254,-0.0236089065565127,0.009664514462546,0.5561714335004969,0.0,none,0.009137249480225,0x52c77b0cb827afbad022e6d6caf2c44452edbc39,0.0090282509701702,0.0060788933685564
2026-10-09 21:00:00+00:00,dex_short,5,ethereum:0x6982508145454ce325ddbe47a25d4ec3d2311933,0.1,Avoid - watch only,0.41897,0.02264,3.94006699505201e-06,90,closed,time_limit,0.0129752420369186,4.0,0.0046107051511016,0.0452774709887098,-0.0226387354943549,0.0319132653166036,0.723625507391655,0.15,lp|holders,0.0091153417857482,0xa43fe16908251ee70ef74718545e4fe6c5ccec9f,0.0069787358652178,0.0060788933685564
2026-10-09 21:00:00+00:00,dex_day,1,robinhood:0x39dbed3a2bd333467115de45665cc57f813c4571,5.7,Moderate,0.45184,0.11136,0.344867053888805,90,open,,,,,0.222721821991491,-0.1113609109957454,-0.0046228880747587,0.3847161309353128,0.05,lp,0.0155982918297898,0x486435a1f76cd58193f854c6e6213cd05fd58d637865d02065ff558b387fa6ea,0.0,0.0060788933685564
2026-10-09 21:00:00+00:00,dex_day,2,ethereum:0xfaba6f8e4a5e8ab82f62fe7c39859fa577269be3,4.3,Avoid - watch only,0.46443,0.09225,0.480041652175394,90,open,,,,,0.1845022333547563,-0.0922511166773781,-0.0006080521918307,0.9284854804680648,0.15,lp|holders,0.0093186120989994,0x7b1e5d984a43ee732de195628d20d05cfabc3cc7,0.0068644828230759,0.0060788933685564
2026-10-09 21:00:00+00:00,dex_day,3,ethereum:0xe0f63a424a4439cbe457d80e4f4b51ad25b2c56c,3.3,Avoid - watch only,0.46349,0.05783,0.368997242775937,90,open,,,,,0.1156595488970086,-0.0578297744485043,0.009664514462546,0.5561714335004969,0.0,none,0.009137249480225,0x52c77b0cb827afbad022e6d6caf2c44452edbc39,0.0090282509701702,0.0060788933685564
2026-10-09 21:00:00+00:00,dex_day,4,ethereum:0x6982508145454ce325ddbe47a25d4ec3d2311933,1.8,Avoid - watch only,0.48808,0.05545,3.94006699505201e-06,90,open,,,,,0.1109067007660078,-0.0554533503830039,0.0319132653166036,0.723625507391655,0.15,lp|holders,0.0091153417857482,0xa43fe16908251ee70ef74718545e4fe6c5ccec9f,0.0069787358652178,0.0060788933685564
2026-10-09 21:00:00+00:00,dex_day,5,robinhood:0x0e0d2c89a5a019fe1cf762e5e33187631dacc21b,1.4,Avoid - watch only,0.29624,0.20326,0.025023485243608,90,open,,,,,0.4065133802115754,-0.2032566901057877,-0.042685682233031,3.1828507171105795,0.15,lp|wash,0.0295870919936966,0x714442e9a611f8561a7df108d6d925132937cfb8,0.0204360947019373,0.0060788933685564
2026-10-09 22:00:00+00:00,dex_short,1,robinhood:0x39dbed3a2bd333467115de45665cc57f813c4571,1.0,Avoid - watch only,0.48802,0.04455,0.343010030380635,90,closed,time_limit,-0.0052912579059243,4.0,-0.0096698976248707,0.0890921839425968,-0.0445460919712984,-0.0168401438498502,0.3797466518597224,0.05,lp,0.0155981796094758,0x486435a1f76cd58193f854c6e6213cd05fd58d637865d02065ff558b387fa6ea,0.0067808282970267,0.0052636121841536
2026-10-09 22:00:00+00:00,dex_short,2,ethereum:0x1abaea1f7c830bd89acc67ec4af516284b1bc33c,0.5,Avoid - watch only,0.51754,0.02,1.11910421387126,90,closed,time_limit,-0.0046107040915403,4.0,0.0016432092479135,0.04,-0.02,-0.0015606269566088,1.2593322134423086,0.15,lp|holders,0.0042850727366915,0xb2b92b56988a4edbe255989792c6ea239b25eaf66b42093145cbf8f630db3a17,0.0007404648677655,0.0052636121841536
2026-10-09 22:00:00+00:00,dex_short,3,robinhood:0x0e0d2c89a5a019fe1cf762e5e33187631dacc21b,0.5,Avoid - watch only,0.49608,0.08127,0.0249421790720297,90,closed,time_limit,-0.0885686656779979,4.0,-0.0236645021776806,0.1625362415273459,-0.0812681207636729,-0.0406566493081559,3.228676007758068,0.15,lp|wash,0.0295927841622857,0x714442e9a611f8561a7df108d6d925132937cfb8,0.0204824182229208,0.0052636121841536
2026-10-09 22:00:00+00:00,dex_short,4,ethereum:0xfaba6f8e4a5e8ab82f62fe7c39859fa577269be3,0.4,Avoid - watch only,0.42215,0.03698,0.483336889851113,90,closed,time_limit,-0.0003825355523307,4.0,-0.0032834088381468,0.0739618925788383,-0.0369809462894191,0.0067759914466326,0.9424515249544996,0.15,lp|holders,0.0092116908227519,0x7b1e5d984a43ee732de195628d20d05cfabc3cc7,0.0029346771478997,0.0052636121841536
2026-10-09 22:00:00+00:00,dex_short,5,ethereum:0xe0f63a424a4439cbe457d80e4f4b51ad25b2c56c,0.2,Avoid - watch only,0.42522,0.02345,0.372328642491019,90,closed,time_limit,-0.008809679358305,4.0,-0.0031053924575056,0.0468949294789771,-0.0293093309243606,0.0115509372078705,0.5630115381158959,0.0,none,0.0090336744421107,0x52c77b0cb827afbad022e6d6caf2c44452edbc39,0.0010096077836505,0.0052636121841536
2026-10-09 22:00:00+00:00,dex_day,1,robinhood:0x39dbed3a2bd333467115de45665cc57f813c4571,6.0,Moderate,0.47279,0.10912,0.343010030380635,90,open,,,,,0.2182303907295431,-0.1091151953647715,-0.0168401438498502,0.3797466518597224,0.05,lp,0.0155981796094758,0x486435a1f76cd58193f854c6e6213cd05fd58d637865d02065ff558b387fa6ea,0.0067808282970267,0.0052636121841536
2026-10-09 22:00:00+00:00,dex_day,2,ethereum:0xfaba6f8e4a5e8ab82f62fe7c39859fa577269be3,3.4,Avoid - watch only,0.45705,0.09058,0.483336889851113,90,open,,,,,0.1811688972286957,-0.0905844486143478,0.0067759914466326,0.9424515249544996,0.15,lp|holders,0.0092116908227519,0x7b1e5d984a43ee732de195628d20d05cfabc3cc7,0.0029346771478997,0.0052636121841536
2026-10-09 22:00:00+00:00,dex_day,3,ethereum:0x1abaea1f7c830bd89acc67ec4af516284b1bc33c,3.2,Avoid - watch only,0.55764,0.04,1.11910421387126,90,open,,,,,0.08,-0.0399999999999999,-0.0015606269566088,1.2593322134423086,0.15,lp|holders,0.0042850727366915,0xb2b92b56988a4edbe255989792c6ea239b25eaf66b42093145cbf8f630db3a17,0.0007404648677655,0.0052636121841536
2026-10-09 22:00:00+00:00,dex_day,4,ethereum:0xe0f63a424a4439cbe457d80e4f4b51ad25b2c56c,3.1,Avoid - watch only,0.45546,0.05743,0.372328642491019,90,open,,,,,0.1148686487472951,-0.0574343243736474,0.0115509372078705,0.5630115381158959,0.0,none,0.0090336744421107,0x52c77b0cb827afbad022e6d6caf2c44452edbc39,0.0010096077836505,0.0052636121841536
2026-10-09 22:00:00+00:00,dex_day,5,robinhood:0x0e0d2c89a5a019fe1cf762e5e33187631dacc21b,1.3,Avoid - watch only,0.28985,0.19907,0.0249421790720297,90,open,,,,,0.3981308564517629,-0.2005510046890478,-0.0406566493081559,3.228676007758068,0.15,lp|wash,0.0295927841622857,0x714442e9a611f8561a7df108d6d925132937cfb8,0.0204824182229208,0.0052636121841536
2026-10-09 23:00:00+00:00,dex_short,1,robinhood:0x39dbed3a2bd333467115de45665cc57f813c4571,0.8,Avoid - watch only,0.45259,0.04377,0.345335922500804,90,open,,,,,0.0875451091887102,-0.0437725545943551,-0.0159199353129335,0.3762388030247798,0.05,lp,0.0155987637714265,0x486435a1f76cd58193f854c6e6213cd05fd58d637865d02065ff558b387fa6ea,0.0218001510044858,0.0097052347839891
2026-10-09 23:00:00+00:00,dex_short,2,robinhood:0x0e0d2c89a5a019fe1cf762e5e33187631dacc21b,0.5,Avoid - watch only,0.5179,0.07968,0.0246204950453379,90,open,,,,,0.1593693684220389,-0.0796846842110194,-0.0754534721263322,3.273547074377248,0.15,lp|wash,0.0296062620624368,0x714442e9a611f8561a7df108d6d925132937cfb8,0.0202844495287581,0.0097052347839891
2026-10-09 23:00:00+00:00,dex_short,3,ethereum:0xfaba6f8e4a5e8ab82f62fe7c39859fa577269be3,0.3,Avoid - watch only,0.42584,0.03623,0.484755327576496,90,open,,,,,0.072463952566016,-0.036231976283008,0.0315281538804983,0.907224863384178,0.15,lp|holders,0.009788000294724,0x7b1e5d984a43ee732de195628d20d05cfabc3cc7,0.0012189865036311,0.0097052347839891
2026-10-09 23:00:00+00:00,dex_short,4,bsc:0xce24439f2d9c6a2289f741120fe202248b666666,0.0,Avoid - watch only,0.51958,0.02,0.997837354911912,90,open,,,,,0.04,-0.02,0.0011194187087378,2.605937139151422,0.15,lp|holders,0.0357089503390828,0xa0909f81785f87f3e79309f0e73a7d82208094e4,0.0064488842988705,0.0097052347839891
2026-10-09 23:00:00+00:00,dex_short,5,bsc:0x3d4f0513e8a29669b960f9dbca61861548a9a760,0.0,Avoid - watch only,0.50332,0.02,0.0067700841951348,90,open,,,,,0.04,-0.02,0.0074579168750199,1.1233884562865128,0.15,lp|wash,0.0357623689826479,0x7f51bbf34156ba802deb0e38b7671dc4fa32041d,0.0018437994098492,0.0097052347839891
2026-10-09 23:00:00+00:00,dex_day,1,robinhood:0x39dbed3a2bd333467115de45665cc57f813c4571,5.5,Weak,0.45543,0.10722,0.345335922500804,90,open,,,,,0.2144408469885794,-0.1072204234942897,-0.0159199353129335,0.3762388030247798,0.05,lp,0.0155987637714265,0x486435a1f76cd58193f854c6e6213cd05fd58d637865d02065ff558b387fa6ea,0.0218001510044858,0.0097052347839891
2026-10-09 23:00:00+00:00,dex_day,2,ethereum:0xfaba6f8e4a5e8ab82f62fe7c39859fa577269be3,3.1,Avoid - watch only,0.45574,0.08875,0.484755327576496,90,open,,,,,0.1774997085319827,-0.0887498542659913,0.0315281538804983,0.907224863384178,0.15,lp|holders,0.009788000294724,0x7b1e5d984a43ee732de195628d20d05cfabc3cc7,0.0012189865036311,0.0097052347839891
2026-10-09 23:00:00+00:00,dex_day,3,robinhood:0x0e0d2c89a5a019fe1cf762e5e33187631dacc21b,1.2,Avoid - watch only,0.28665,0.19519,0.0246204950453379,90,open,,,,,0.3903736332636176,-0.1951868166318088,-0.0754534721263322,3.273547074377248,0.15,lp|wash,0.0296062620624368,0x714442e9a611f8561a7df108d6d925132937cfb8,0.0202844495287581,0.0097052347839891
2026-10-09 23:00:00+00:00,dex_day,4,solana:JUPyiwrYJFskUPiHa7hkeR8VUtAeFoSYbKedZNsDvCN,0.4,Avoid - watch only,0.37225,0.07924,0.3743052854879058,90,open,,,,,0.1584898717668714,-0.0792449358834357,0.1077885655129272,1.5458383019863209,0.12,metadata|holders,0.0161094094636035,C8Gr6AUuq9hEdSYJzoEpNcdjpojPZwqG5MtQbeouNNwg,0.0221493731533004,0.0097052347839891
2026-10-09 23:00:00+00:00,dex_day,5,bsc:0xce24439f2d9c6a2289f741120fe202248b666666,0.0,Avoid - watch only,0.53126,0.04,0.997837354911912,90,open,,,,,0.08,-0.04,0.0011194187087378,2.605937139151422,0.15,lp|holders,0.0357089503390828,0xa0909f81785f87f3e79309f0e73a7d82208094e4,0.0064488842988705,0.0097052347839891
2026-10-10 00:00:00+00:00,dex_short,1,robinhood:0x39dbed3a2bd333467115de45665cc57f813c4571,0.8,Avoid - watch only,0.44483,0.04387,0.352823216943985,90,open,,,,,0.0877301199716671,-0.0438650599858335,-0.0069652607458332,0.3657935023527293,0.05,lp,0.015599312415642,0x486435a1f76cd58193f854c6e6213cd05fd58d637865d02065ff558b387fa6ea,0.0015485612004262,0.008034928024432
2026-10-10 00:00:00+00:00,dex_short,2,robinhood:0x0e0d2c89a5a019fe1cf762e5e33187631dacc21b,0.6,Avoid - watch only,0.53905,0.07994,0.0234891346148667,90,open,,,,,0.1598722643447676,-0.0799361321723837,-0.1040115120161839,3.2807554886139214,0.15,lp|wash,0.0296008884627985,0x714442e9a611f8561a7df108d6d925132937cfb8,0.0232653875210762,0.008034928024432
2026-10-10 00:00:00+00:00,dex_short,3,ethereum:0xfaba6f8e4a5e8ab82f62fe7c39859fa577269be3,0.5,Avoid - watch only,0.46802,0.03558,0.481820703028659,90,open,,,,,0.0711670147173901,-0.035583507358695,0.0275444001247876,0.8699200901240246,0.15,lp|holders,0.0091941330537622,0x7b1e5d984a43ee732de195628d20d05cfabc3cc7,0.0286816768225006,0.008034928024432
2026-10-10 00:00:00+00:00,dex_short,4,ethereum:0xe0f63a424a4439cbe457d80e4f4b51ad25b2c56c,0.3,Avoid - watch only,0.46699,0.02253,0.371339452738801,90,open,,,,,0.0450529527284599,-0.0278355852958231,0.0074531106326537,0.5682290356754721,0.0,none,0.0090196679489662,0x52c77b0cb827afbad022e6d6caf2c44452edbc39,0.0093588729473905,0.008034928024432
2026-10-10 00:00:00+00:00,dex_short,5,robinhood:0x020bfc650a365f8bb26819deaabf3e21291018b4,0.2,Avoid - watch only,0.40359,0.04041,0.116554997011187,90,open,,,,,0.0808165902390942,-0.0404082951195471,0.0291037694151681,0.8763206451999,0.15,lp|holders,0.0158946508349505,0xd42a491087a15e5afd51feb3606066cc152d2b09,0.0160013400601604,0.008034928024432
2026-10-10 00:00:00+00:00,dex_day,1,robinhood:0x39dbed3a2bd333467115de45665cc57f813c4571,5.5,Weak,0.44973,0.10745,0.352823216943985,90,open,,,,,0.2148940290037364,-0.1074470145018682,-0.0069652607458332,0.3657935023527293,0.05,lp,0.015599312415642,0x486435a1f76cd58193f854c6e6213cd05fd58d637865d02065ff558b387fa6ea,0.0015485612004262,0.008034928024432
2026-10-10 00:00:00+00:00,dex_day,2,ethereum:0xe0f63a424a4439cbe457d80e4f4b51ad25b2c56c,3.7,Avoid - watch only,0.49485,0.05518,0.371339452738801,90,open,,,,,0.1103567455904583,-0.0551783727952291,0.0074531106326537,0.5682290356754721,0.0,none,0.0090196679489662,0x52c77b0cb827afbad022e6d6caf2c44452edbc39,0.0093588729473905,0.008034928024432
2026-10-10 00:00:00+00:00,dex_day,3,ethereum:0xfaba6f8e4a5e8ab82f62fe7c39859fa577269be3,3.5,Avoid - watch only,0.47237,0.08716,0.481820703028659,90,open,,,,,0.174322872574747,-0.0871614362873735,0.0275444001247876,0.8699200901240246,0.15,lp|holders,0.0091941330537622,0x7b1e5d984a43ee732de195628d20d05cfabc3cc7,0.0286816768225006,0.008034928024432
2026-10-10 00:00:00+00:00,dex_day,4,robinhood:0x020bfc650a365f8bb26819deaabf3e21291018b4,2.4,Avoid - watch only,0.42339,0.09898,0.116554997011187,90,open,,,,,0.1979594088373724,-0.0989797044186862,0.0291037694151681,0.8763206451999,0.15,lp|holders,0.0158946508349505,0xd42a491087a15e5afd51feb3606066cc152d2b09,0.0160013400601604,0.008034928024432
2026-10-10 00:00:00+00:00,dex_day,5,robinhood:0x0e0d2c89a5a019fe1cf762e5e33187631dacc21b,2.0,Avoid - watch only,0.35709,0.1958,0.0234891346148667,90,open,,,,,0.3916054716680293,-0.1958027358340146,-0.1040115120161839,3.2807554886139214,0.15,lp|wash,0.0296008884627985,0x714442e9a611f8561a7df108d6d925132937cfb8,0.0232653875210762,0.008034928024432
2026-10-10 01:00:00+00:00,dex_short,1,robinhood:0x39dbed3a2bd333467115de45665cc57f813c4571,0.8,Avoid - watch only,0.45212,0.04297,0.353137870925225,90,open,,,,,0.0859321299297879,-0.0429660649648938,0.0025952772150588,0.3585381568914785,0.05,lp,0.0155988316871338,0x486435a1f76cd58193f854c6e6213cd05fd58d637865d02065ff558b387fa6ea,0.0,0.0054271683440481056
2026-10-10 01:00:00+00:00,dex_short,2,robinhood:0x0e0d2c89a5a019fe1cf762e5e33187631dacc21b,0.5,Avoid - watch only,0.5294,0.07831,0.0234754658521249,90,open,,,,,0.1566259217591263,-0.0783129608795631,-0.1167142530762737,3.179771974058112,0.15,lp|wash,0.0296009952925038,0x714442e9a611f8561a7df108d6d925132937cfb8,0.02229019722644754,0.0054271683440481056
2026-10-10 01:00:00+00:00,dex_short,3,ethereum:0xfaba6f8e4a5e8ab82f62fe7c39859fa577269be3,0.4,Avoid - watch only,0.41667,0.0366,0.495640128719317,90,open,,,,,0.0732088994089463,-0.0366044497044731,0.0446928174467046,0.8772240614855522,0.15,lp|holders,0.009210305705606,0x7b1e5d984a43ee732de195628d20d05cfabc3cc7,0.0,0.0054271683440481056
2026-10-10 01:00:00+00:00,dex_short,4,robinhood:0x020bfc650a365f8bb26819deaabf3e21291018b4,0.2,Avoid - watch only,0.40452,0.03975,0.117642478542741,90,open,,,,,0.0794904507589313,-0.0397452253794656,0.0316059787781171,0.9474083106740768,0.15,lp|holders,0.0158916480749354,0xd42a491087a15e5afd51feb3606066cc152d2b09,0.005861381060944693,0.0054271683440481056
2026-10-10 01:00:00+00:00,dex_short,5,bsc:0xce24439f2d9c6a2289f741120fe202248b666666,0.0,Avoid - watch only,0.49063,0.02,0.999351187353644,90,open,,,,,0.04,-0.02,-0.0047120860056919,2.846597658894708,0.15,lp|holders,0.0357087485589922,0xa0909f81785f87f3e79309f0e73a7d82208094e4,0.005030175637232848,0.0054271683440481056
2026-10-10 01:00:00+00:00,dex_day,1,robinhood:0x39dbed3a2bd333467115de45665cc57f813c4571,5.9,Moderate,0.47564,0.10524,0.353137870925225,90,open,,,,,0.210489870838527,-0.1052449354192635,0.0025952772150588,0.3585381568914785,0.05,lp,0.0155988316871338,0x486435a1f76cd58193f854c6e6213cd05fd58d637865d02065ff558b387fa6ea,0.0,0.0054271683440481056
2026-10-10 01:00:00+00:00,dex_day,2,ethereum:0xfaba6f8e4a5e8ab82f62fe7c39859fa577269be3,2.7,Avoid - watch only,0.41493,0.08966,0.495640128719317,90,open,,,,,0.1793244481826594,-0.0896622240913297,0.0446928174467046,0.8772240614855522,0.15,lp|holders,0.009210305705606,0x7b1e5d984a43ee732de195628d20d05cfabc3cc7,0.0,0.0054271683440481056
2026-10-10 01:00:00+00:00,dex_day,3,robinhood:0x020bfc650a365f8bb26819deaabf3e21291018b4,1.8,Avoid - watch only,0.38089,0.09736,0.117642478542741,90,open,,,,,0.1947110437832138,-0.0973555218916069,0.0316059787781171,0.9474083106740768,0.15,lp|holders,0.0158916480749354,0xd42a491087a15e5afd51feb3606066cc152d2b09,0.005861381060944693,0.0054271683440481056
2026-10-10 01:00:00+00:00,dex_day,4,robinhood:0x0e0d2c89a5a019fe1cf762e5e33187631dacc21b,1.8,Avoid - watch only,0.33946,0.19183,0.0234754658521249,90,open,,,,,0.3836535888029408,-0.1918267944014704,-0.1167142530762737,3.179771974058112,0.15,lp|wash,0.0296009952925038,0x714442e9a611f8561a7df108d6d925132937cfb8,0.02229019722644754,0.0054271683440481056
2026-10-10 01:00:00+00:00,dex_day,5,solana:JUPyiwrYJFskUPiHa7hkeR8VUtAeFoSYbKedZNsDvCN,0.4,Avoid - watch only,0.38004,0.07682,0.3800029498803588,90,open,,,,,0.1536405263513902,-0.0768202631756951,0.1052072654891653,1.504480864809126,0.12,metadata|holders,0.0161064875252587,C8Gr6AUuq9hEdSYJzoEpNcdjpojPZwqG5MtQbeouNNwg,0.011710615714396022,0.0054271683440481056
2026-10-10 02:00:00+00:00,dex_short,1,robinhood:0x39dbed3a2bd333467115de45665cc57f813c4571,0.9,Avoid - watch only,0.48909,0.0427,0.346545407907301,90,open,,,,,0.0853937463140963,-0.0426968731570481,-0.0418490315484774,0.3549364389252893,0.05,lp,0.0155989962688904,0x486435a1f76cd58193f854c6e6213cd05fd58d637865d02065ff558b387fa6ea,,
2026-10-10 02:00:00+00:00,dex_short,2,robinhood:0x0e0d2c89a5a019fe1cf762e5e33187631dacc21b,0.6,Avoid - watch only,0.55631,0.07673,0.023471192074334,90,open,,,,,0.1534517309459044,-0.0767258654729522,-0.1558940802708059,2.943831777332452,0.15,lp|wash,0.0296028298279243,0x714442e9a611f8561a7df108d6d925132937cfb8,,
2026-10-10 02:00:00+00:00,dex_short,3,ethereum:0xfaba6f8e4a5e8ab82f62fe7c39859fa577269be3,0.5,Avoid - watch only,0.46693,0.03655,0.487604346299531,90,open,,,,,0.0730940418166516,-0.0417076830205592,0.0285429248410733,0.8532625565334991,0.15,lp|holders,0.0091498172536228,0x7b1e5d984a43ee732de195628d20d05cfabc3cc7,,
2026-10-10 02:00:00+00:00,dex_short,4,robinhood:0x020bfc650a365f8bb26819deaabf3e21291018b4,0.2,Avoid - watch only,0.43856,0.03916,0.116443831548796,90,open,,,,,0.0783216874366812,-0.0391608437183406,0.0137923517375972,0.95636558480504,0.15,lp|holders,0.0159023891983829,0xd42a491087a15e5afd51feb3606066cc152d2b09,,
2026-10-10 02:00:00+00:00,dex_short,5,bsc:0xce24439f2d9c6a2289f741120fe202248b666666,0.0,Avoid - watch only,0.40688,0.02,1.00365370060033,90,open,,,,,0.04,-0.02,0.0056866943275573,2.9039345681928324,0.15,lp|holders,0.0357089877885168,0xa0909f81785f87f3e79309f0e73a7d82208094e4,,
2026-10-10 02:00:00+00:00,dex_day,1,robinhood:0x39dbed3a2bd333467115de45665cc57f813c4571,5.3,Weak,0.4518,0.10459,0.346545407907301,90,open,,,,,0.2091711056942076,-0.1045855528471038,-0.0418490315484774,0.3549364389252893,0.05,lp,0.0155989962688904,0x486435a1f76cd58193f854c6e6213cd05fd58d637865d02065ff558b387fa6ea,,
2026-10-10 02:00:00+00:00,dex_day,2,ethereum:0xfaba6f8e4a5e8ab82f62fe7c39859fa577269be3,2.6,Avoid - watch only,0.41118,0.08952,0.487604346299531,90,open,,,,,0.1790431056884527,-0.0895215528442263,0.0285429248410733,0.8532625565334991,0.15,lp|holders,0.0091498172536228,0x7b1e5d984a43ee732de195628d20d05cfabc3cc7,,
2026-10-10 02:00:00+00:00,dex_day,3,robinhood:0x020bfc650a365f8bb26819deaabf3e21291018b4,2.0,Avoid - watch only,0.40348,0.09592,0.116443831548796,90,open,,,,,0.1918481700136205,-0.0959240850068102,0.0137923517375972,0.95636558480504,0.15,lp|holders,0.0159023891983829,0xd42a491087a15e5afd51feb3606066cc152d2b09,,
2026-10-10 02:00:00+00:00,dex_day,4,robinhood:0x0e0d2c89a5a019fe1cf762e5e33187631dacc21b,1.6,Avoid - watch only,0.33621,0.18794,0.023471192074334,90,open,,,,,0.3758784409643172,-0.1879392204821586,-0.1558940802708059,2.943831777332452,0.15,lp|wash,0.0296028298279243,0x714442e9a611f8561a7df108d6d925132937cfb8,,
2026-10-10 02:00:00+00:00,dex_day,5,bsc:0x99991c6aabba5a096f24f250b73580f5179b9999,1.2,Avoid - watch only,0.48304,0.12212,0.0929915582191419,90,open,,,,,0.2442309317214057,-0.1221154658607029,0.2431855299907188,0.595554265647538,0.15,lp|wash,0.0459406032446877,0x3bca91b9b847cff6f4b666fa1d966981678975e13fd69d647bd11bed99f5fa14,,
